ISO-10303-21;
HEADER;
/* Generated by software containing ST-Developer
 * from STEP Tools, Inc. (www.steptools.com) 
 */
/* OPTION: using custom renumber hook */

FILE_DESCRIPTION(
/* description */ ('STEP AP242 Edition 2',
'CAx-IF Rec.Pracs.---Representation and Presentation of Product Manufa
cturing Information (PMI)---4.0---2014-10-13',
'CAx-IF Rec.Pracs.---3D Tessellated Geometry---0.4---2014-09-14','2;1',
'CAx-IF Rec.Pracs.---User Defined Attributes---1.5---2016-08-15'),
/* implementation_level */ '2;1');

FILE_NAME(
/* name */ 'Part Studio 1 - Cover_HDMI',
/* time_stamp */ '2026-09-22T19:33:31Z',
/* author */ (''),
/* organization */ (''),
/* preprocessor_version */ 'ST-DEVELOPER v20',
/* originating_system */ 'ONSHAPE BY PTC INC, 1.221',
/* authorisation */ '  ');

FILE_SCHEMA (('AP242_MANAGED_MODEL_BASED_3D_ENGINEERING_MIM_LF { 1 0 10303 442 3 1 4 }'));
ENDSEC;

DATA;
#10=SHAPE_REPRESENTATION_RELATIONSHIP('','',#7245,#11);
#11=ADVANCED_BREP_SHAPE_REPRESENTATION('',(#7243),#11585);
#12=B_SPLINE_CURVE_WITH_KNOTS('',3,(#11174,#11175,#11176,#11177),
 .UNSPECIFIED.,.F.,.F.,(4,4),(0.,0.000603806651172927),.UNSPECIFIED.);
#13=B_SPLINE_CURVE_WITH_KNOTS('',3,(#11181,#11182,#11183,#11184),
 .UNSPECIFIED.,.F.,.F.,(4,4),(0.,0.000603806651172927),.UNSPECIFIED.);
#14=B_SPLINE_CURVE_WITH_KNOTS('',3,(#11190,#11191,#11192,#11193),
 .UNSPECIFIED.,.F.,.F.,(4,4),(0.,0.000603806651172927),.UNSPECIFIED.);
#15=B_SPLINE_CURVE_WITH_KNOTS('',3,(#11197,#11198,#11199,#11200),
 .UNSPECIFIED.,.F.,.F.,(4,4),(0.,0.000603806651172927),.UNSPECIFIED.);
#16=B_SPLINE_CURVE_WITH_KNOTS('',3,(#11202,#11203,#11204,#11205),
 .UNSPECIFIED.,.F.,.F.,(4,4),(0.,0.000603806651172925),.UNSPECIFIED.);
#17=B_SPLINE_CURVE_WITH_KNOTS('',3,(#11212,#11213,#11214,#11215),
 .UNSPECIFIED.,.F.,.F.,(4,4),(0.,0.000603806651172927),.UNSPECIFIED.);
#18=B_SPLINE_CURVE_WITH_KNOTS('',3,(#11234,#11235,#11236,#11237),
 .UNSPECIFIED.,.F.,.F.,(4,4),(0.,0.000603806651172925),.UNSPECIFIED.);
#19=B_SPLINE_CURVE_WITH_KNOTS('',3,(#11245,#11246,#11247,#11248),
 .UNSPECIFIED.,.F.,.F.,(4,4),(0.,0.000603806651172927),.UNSPECIFIED.);
#20=B_SPLINE_CURVE_WITH_KNOTS('',3,(#11381,#11382,#11383,#11384),
 .UNSPECIFIED.,.F.,.F.,(4,4),(0.,0.000597025192029062),.UNSPECIFIED.);
#21=B_SPLINE_CURVE_WITH_KNOTS('',3,(#11386,#11387,#11388,#11389),
 .UNSPECIFIED.,.F.,.F.,(4,4),(0.,0.000597025192029062),.UNSPECIFIED.);
#22=B_SPLINE_CURVE_WITH_KNOTS('',3,(#11395,#11396,#11397,#11398),
 .UNSPECIFIED.,.F.,.F.,(4,4),(0.,0.000597025192029059),.UNSPECIFIED.);
#23=B_SPLINE_CURVE_WITH_KNOTS('',3,(#11400,#11401,#11402,#11403),
 .UNSPECIFIED.,.F.,.F.,(4,4),(0.,0.000597025192029059),.UNSPECIFIED.);
#24=B_SPLINE_CURVE_WITH_KNOTS('',3,(#11418,#11419,#11420,#11421),
 .UNSPECIFIED.,.F.,.F.,(4,4),(0.,0.000597025192029062),.UNSPECIFIED.);
#25=B_SPLINE_CURVE_WITH_KNOTS('',3,(#11423,#11424,#11425,#11426),
 .UNSPECIFIED.,.F.,.F.,(4,4),(0.,0.000597025192029062),.UNSPECIFIED.);
#26=B_SPLINE_CURVE_WITH_KNOTS('',3,(#11432,#11433,#11434,#11435),
 .UNSPECIFIED.,.F.,.F.,(4,4),(0.,0.000597025192029059),.UNSPECIFIED.);
#27=B_SPLINE_CURVE_WITH_KNOTS('',3,(#11437,#11438,#11439,#11440),
 .UNSPECIFIED.,.F.,.F.,(4,4),(0.,0.000597025192029059),.UNSPECIFIED.);
#28=CONICAL_SURFACE('',#7396,0.00235,0.785398163397449);
#29=CONICAL_SURFACE('',#7397,0.00235,0.785398163397449);
#30=CONICAL_SURFACE('',#7398,0.00135,0.785398163397449);
#31=CONICAL_SURFACE('',#7399,0.00135,0.785398163397449);
#32=CONICAL_SURFACE('',#7504,0.0025,0.785398163397445);
#33=CONICAL_SURFACE('',#7509,0.0021,0.785398163397445);
#34=CONICAL_SURFACE('',#7513,0.0025,0.785398163397446);
#35=CONICAL_SURFACE('',#7525,0.0021,0.785398163397445);
#36=CONICAL_SURFACE('',#7566,0.0029,0.78539816339745);
#37=CONICAL_SURFACE('',#7567,0.0029,0.785398163397449);
#38=CONICAL_SURFACE('',#7568,0.0025,0.785398163397449);
#39=CONICAL_SURFACE('',#7569,0.0025,0.78539816339745);
#40=CONICAL_SURFACE('',#7570,0.00175,0.78539816339745);
#41=CONICAL_SURFACE('',#7571,0.00175,0.78539816339745);
#42=CONICAL_SURFACE('',#7572,0.00135,0.78539816339745);
#43=CONICAL_SURFACE('',#7573,0.00135,0.78539816339745);
#44=CONICAL_SURFACE('',#7593,0.0029,0.785398163397443);
#45=CONICAL_SURFACE('',#7597,0.0029,0.785398163397445);
#46=CONICAL_SURFACE('',#7606,0.0025,0.785398163397446);
#47=CONICAL_SURFACE('',#7610,0.0025,0.785398163397445);
#48=CONICAL_SURFACE('',#7665,0.00125,0.785398163397446);
#49=CONICAL_SURFACE('',#7666,0.00125,0.785398163397445);
#50=CONICAL_SURFACE('',#7667,0.00125,0.785398163397446);
#51=CONICAL_SURFACE('',#7668,0.00125,0.785398163397448);
#52=CONICAL_SURFACE('',#7669,0.00125,0.785398163397451);
#53=CONICAL_SURFACE('',#7670,0.00125,0.785398163397452);
#54=CONICAL_SURFACE('',#7671,0.00125,0.785398163397451);
#55=CONICAL_SURFACE('',#7672,0.00125,0.785398163397455);
#56=CYLINDRICAL_SURFACE('',#7328,0.00135);
#57=CYLINDRICAL_SURFACE('',#7331,0.00135);
#58=CYLINDRICAL_SURFACE('',#7334,0.00135);
#59=CYLINDRICAL_SURFACE('',#7337,0.00135);
#60=CYLINDRICAL_SURFACE('',#7357,0.0025);
#61=CYLINDRICAL_SURFACE('',#7363,0.0025);
#62=CYLINDRICAL_SURFACE('',#7368,0.0025);
#63=CYLINDRICAL_SURFACE('',#7373,0.0025);
#64=CYLINDRICAL_SURFACE('',#7376,0.0025);
#65=CYLINDRICAL_SURFACE('',#7381,0.0025);
#66=CYLINDRICAL_SURFACE('',#7386,0.0025);
#67=CYLINDRICAL_SURFACE('',#7391,0.0025);
#68=CYLINDRICAL_SURFACE('',#7651,0.00125);
#69=CYLINDRICAL_SURFACE('',#7654,0.00125);
#70=CYLINDRICAL_SURFACE('',#7657,0.00125);
#71=CYLINDRICAL_SURFACE('',#7660,0.00125);
#72=CIRCLE('',#7250,0.00175);
#73=CIRCLE('',#7251,0.00175);
#74=CIRCLE('',#7252,0.0021);
#75=CIRCLE('',#7253,0.0021);
#76=CIRCLE('',#7298,0.0029);
#77=CIRCLE('',#7299,0.0029);
#78=CIRCLE('',#7300,0.0029);
#79=CIRCLE('',#7301,0.0029);
#80=CIRCLE('',#7302,0.00155);
#81=CIRCLE('',#7303,0.00155);
#82=CIRCLE('',#7304,0.00155);
#83=CIRCLE('',#7305,0.00155);
#84=CIRCLE('',#7320,0.00155);
#85=CIRCLE('',#7321,0.00155);
#86=CIRCLE('',#7322,0.00155);
#87=CIRCLE('',#7323,0.00155);
#88=CIRCLE('',#7324,0.0029);
#89=CIRCLE('',#7325,0.0029);
#90=CIRCLE('',#7326,0.0029);
#91=CIRCLE('',#7327,0.0029);
#92=CIRCLE('',#7329,0.00135);
#93=CIRCLE('',#7330,0.00135);
#94=CIRCLE('',#7332,0.00135);
#95=CIRCLE('',#7333,0.00135);
#96=CIRCLE('',#7335,0.00135);
#97=CIRCLE('',#7336,0.00135);
#98=CIRCLE('',#7338,0.00135);
#99=CIRCLE('',#7339,0.00135);
#100=CIRCLE('',#7345,0.00175);
#101=CIRCLE('',#7346,0.00175);
#102=CIRCLE('',#7347,0.0021);
#103=CIRCLE('',#7348,0.0021);
#104=CIRCLE('',#7358,0.0025);
#105=CIRCLE('',#7359,0.0025);
#106=CIRCLE('',#7364,0.0025);
#107=CIRCLE('',#7365,0.0025);
#108=CIRCLE('',#7369,0.0025);
#109=CIRCLE('',#7370,0.0025);
#110=CIRCLE('',#7374,0.0025);
#111=CIRCLE('',#7375,0.0025);
#112=CIRCLE('',#7377,0.0025);
#113=CIRCLE('',#7378,0.0025);
#114=CIRCLE('',#7380,0.00235);
#115=CIRCLE('',#7382,0.0025);
#116=CIRCLE('',#7383,0.0025);
#117=CIRCLE('',#7385,0.00235);
#118=CIRCLE('',#7387,0.0025);
#119=CIRCLE('',#7388,0.0025);
#120=CIRCLE('',#7390,0.00235);
#121=CIRCLE('',#7392,0.0025);
#122=CIRCLE('',#7393,0.0025);
#123=CIRCLE('',#7395,0.00235);
#124=CIRCLE('',#7652,0.00125);
#125=CIRCLE('',#7653,0.00125);
#126=CIRCLE('',#7655,0.00125);
#127=CIRCLE('',#7656,0.00125);
#128=CIRCLE('',#7658,0.00125);
#129=CIRCLE('',#7659,0.00125);
#130=CIRCLE('',#7661,0.00125);
#131=CIRCLE('',#7662,0.00125);
#132=ORIENTED_EDGE('',*,*,#2112,.T.);
#133=ORIENTED_EDGE('',*,*,#2113,.T.);
#134=ORIENTED_EDGE('',*,*,#2114,.F.);
#135=ORIENTED_EDGE('',*,*,#2115,.T.);
#136=ORIENTED_EDGE('',*,*,#2116,.F.);
#137=ORIENTED_EDGE('',*,*,#2117,.T.);
#138=ORIENTED_EDGE('',*,*,#2118,.T.);
#139=ORIENTED_EDGE('',*,*,#2119,.T.);
#140=ORIENTED_EDGE('',*,*,#2120,.T.);
#141=ORIENTED_EDGE('',*,*,#2121,.T.);
#142=ORIENTED_EDGE('',*,*,#2122,.T.);
#143=ORIENTED_EDGE('',*,*,#2123,.T.);
#144=ORIENTED_EDGE('',*,*,#2124,.T.);
#145=ORIENTED_EDGE('',*,*,#2125,.T.);
#146=ORIENTED_EDGE('',*,*,#2126,.T.);
#147=ORIENTED_EDGE('',*,*,#2127,.T.);
#148=ORIENTED_EDGE('',*,*,#2128,.T.);
#149=ORIENTED_EDGE('',*,*,#2129,.T.);
#150=ORIENTED_EDGE('',*,*,#2130,.T.);
#151=ORIENTED_EDGE('',*,*,#2131,.T.);
#152=ORIENTED_EDGE('',*,*,#2132,.T.);
#153=ORIENTED_EDGE('',*,*,#2133,.T.);
#154=ORIENTED_EDGE('',*,*,#2134,.T.);
#155=ORIENTED_EDGE('',*,*,#2135,.T.);
#156=ORIENTED_EDGE('',*,*,#2136,.T.);
#157=ORIENTED_EDGE('',*,*,#2137,.T.);
#158=ORIENTED_EDGE('',*,*,#2138,.T.);
#159=ORIENTED_EDGE('',*,*,#2139,.T.);
#160=ORIENTED_EDGE('',*,*,#2140,.T.);
#161=ORIENTED_EDGE('',*,*,#2141,.T.);
#162=ORIENTED_EDGE('',*,*,#2142,.T.);
#163=ORIENTED_EDGE('',*,*,#2143,.T.);
#164=ORIENTED_EDGE('',*,*,#2144,.T.);
#165=ORIENTED_EDGE('',*,*,#2145,.T.);
#166=ORIENTED_EDGE('',*,*,#2146,.T.);
#167=ORIENTED_EDGE('',*,*,#2147,.T.);
#168=ORIENTED_EDGE('',*,*,#2148,.T.);
#169=ORIENTED_EDGE('',*,*,#2149,.T.);
#170=ORIENTED_EDGE('',*,*,#2150,.T.);
#171=ORIENTED_EDGE('',*,*,#2151,.T.);
#172=ORIENTED_EDGE('',*,*,#2152,.T.);
#173=ORIENTED_EDGE('',*,*,#2153,.T.);
#174=ORIENTED_EDGE('',*,*,#2154,.T.);
#175=ORIENTED_EDGE('',*,*,#2155,.T.);
#176=ORIENTED_EDGE('',*,*,#2118,.F.);
#177=ORIENTED_EDGE('',*,*,#2156,.T.);
#178=ORIENTED_EDGE('',*,*,#2157,.T.);
#179=ORIENTED_EDGE('',*,*,#2132,.F.);
#180=ORIENTED_EDGE('',*,*,#2158,.F.);
#181=ORIENTED_EDGE('',*,*,#2159,.F.);
#182=ORIENTED_EDGE('',*,*,#2160,.F.);
#183=ORIENTED_EDGE('',*,*,#2161,.F.);
#184=ORIENTED_EDGE('',*,*,#2162,.T.);
#185=ORIENTED_EDGE('',*,*,#2163,.T.);
#186=ORIENTED_EDGE('',*,*,#2164,.T.);
#187=ORIENTED_EDGE('',*,*,#2165,.F.);
#188=ORIENTED_EDGE('',*,*,#2166,.F.);
#189=ORIENTED_EDGE('',*,*,#2167,.F.);
#190=ORIENTED_EDGE('',*,*,#2168,.T.);
#191=ORIENTED_EDGE('',*,*,#2169,.F.);
#192=ORIENTED_EDGE('',*,*,#2170,.T.);
#193=ORIENTED_EDGE('',*,*,#2171,.T.);
#194=ORIENTED_EDGE('',*,*,#2172,.T.);
#195=ORIENTED_EDGE('',*,*,#2173,.F.);
#196=ORIENTED_EDGE('',*,*,#2174,.F.);
#197=ORIENTED_EDGE('',*,*,#2175,.F.);
#198=ORIENTED_EDGE('',*,*,#2176,.F.);
#199=ORIENTED_EDGE('',*,*,#2177,.T.);
#200=ORIENTED_EDGE('',*,*,#2178,.T.);
#201=ORIENTED_EDGE('',*,*,#2167,.T.);
#202=ORIENTED_EDGE('',*,*,#2179,.F.);
#203=ORIENTED_EDGE('',*,*,#2180,.F.);
#204=ORIENTED_EDGE('',*,*,#2181,.F.);
#205=ORIENTED_EDGE('',*,*,#2182,.T.);
#206=ORIENTED_EDGE('',*,*,#2183,.F.);
#207=ORIENTED_EDGE('',*,*,#2184,.T.);
#208=ORIENTED_EDGE('',*,*,#2185,.T.);
#209=ORIENTED_EDGE('',*,*,#2176,.T.);
#210=ORIENTED_EDGE('',*,*,#2186,.F.);
#211=ORIENTED_EDGE('',*,*,#2187,.F.);
#212=ORIENTED_EDGE('',*,*,#2188,.F.);
#213=ORIENTED_EDGE('',*,*,#2189,.F.);
#214=ORIENTED_EDGE('',*,*,#2190,.T.);
#215=ORIENTED_EDGE('',*,*,#2191,.F.);
#216=ORIENTED_EDGE('',*,*,#2192,.T.);
#217=ORIENTED_EDGE('',*,*,#2193,.T.);
#218=ORIENTED_EDGE('',*,*,#2194,.T.);
#219=ORIENTED_EDGE('',*,*,#2195,.F.);
#220=ORIENTED_EDGE('',*,*,#2196,.F.);
#221=ORIENTED_EDGE('',*,*,#2197,.F.);
#222=ORIENTED_EDGE('',*,*,#2198,.F.);
#223=ORIENTED_EDGE('',*,*,#2199,.T.);
#224=ORIENTED_EDGE('',*,*,#2200,.T.);
#225=ORIENTED_EDGE('',*,*,#2189,.T.);
#226=ORIENTED_EDGE('',*,*,#2201,.F.);
#227=ORIENTED_EDGE('',*,*,#2202,.F.);
#228=ORIENTED_EDGE('',*,*,#2203,.F.);
#229=ORIENTED_EDGE('',*,*,#2204,.T.);
#230=ORIENTED_EDGE('',*,*,#2205,.F.);
#231=ORIENTED_EDGE('',*,*,#2206,.T.);
#232=ORIENTED_EDGE('',*,*,#2207,.T.);
#233=ORIENTED_EDGE('',*,*,#2198,.T.);
#234=ORIENTED_EDGE('',*,*,#2208,.F.);
#235=ORIENTED_EDGE('',*,*,#2209,.F.);
#236=ORIENTED_EDGE('',*,*,#2210,.F.);
#237=ORIENTED_EDGE('',*,*,#2211,.F.);
#238=ORIENTED_EDGE('',*,*,#2212,.F.);
#239=ORIENTED_EDGE('',*,*,#2213,.T.);
#240=ORIENTED_EDGE('',*,*,#2214,.T.);
#241=ORIENTED_EDGE('',*,*,#2215,.T.);
#242=ORIENTED_EDGE('',*,*,#2216,.F.);
#243=ORIENTED_EDGE('',*,*,#2217,.F.);
#244=ORIENTED_EDGE('',*,*,#2218,.F.);
#245=ORIENTED_EDGE('',*,*,#2219,.F.);
#246=ORIENTED_EDGE('',*,*,#2220,.F.);
#247=ORIENTED_EDGE('',*,*,#2221,.T.);
#248=ORIENTED_EDGE('',*,*,#2222,.F.);
#249=ORIENTED_EDGE('',*,*,#2223,.T.);
#250=ORIENTED_EDGE('',*,*,#2224,.T.);
#251=ORIENTED_EDGE('',*,*,#2225,.T.);
#252=ORIENTED_EDGE('',*,*,#2226,.F.);
#253=ORIENTED_EDGE('',*,*,#2227,.F.);
#254=ORIENTED_EDGE('',*,*,#2228,.T.);
#255=ORIENTED_EDGE('',*,*,#2229,.F.);
#256=ORIENTED_EDGE('',*,*,#2230,.T.);
#257=ORIENTED_EDGE('',*,*,#2231,.T.);
#258=ORIENTED_EDGE('',*,*,#2232,.F.);
#259=ORIENTED_EDGE('',*,*,#2233,.F.);
#260=ORIENTED_EDGE('',*,*,#2234,.F.);
#261=ORIENTED_EDGE('',*,*,#2235,.F.);
#262=ORIENTED_EDGE('',*,*,#2236,.T.);
#263=ORIENTED_EDGE('',*,*,#2237,.F.);
#264=ORIENTED_EDGE('',*,*,#2238,.T.);
#265=ORIENTED_EDGE('',*,*,#2229,.T.);
#266=ORIENTED_EDGE('',*,*,#2239,.T.);
#267=ORIENTED_EDGE('',*,*,#2240,.F.);
#268=ORIENTED_EDGE('',*,*,#2241,.F.);
#269=ORIENTED_EDGE('',*,*,#2242,.T.);
#270=ORIENTED_EDGE('',*,*,#2243,.T.);
#271=ORIENTED_EDGE('',*,*,#2235,.T.);
#272=ORIENTED_EDGE('',*,*,#2244,.F.);
#273=ORIENTED_EDGE('',*,*,#2231,.F.);
#274=ORIENTED_EDGE('',*,*,#2245,.T.);
#275=ORIENTED_EDGE('',*,*,#2246,.T.);
#276=ORIENTED_EDGE('',*,*,#2241,.T.);
#277=ORIENTED_EDGE('',*,*,#2247,.F.);
#278=ORIENTED_EDGE('',*,*,#2248,.F.);
#279=ORIENTED_EDGE('',*,*,#2164,.F.);
#280=ORIENTED_EDGE('',*,*,#2249,.T.);
#281=ORIENTED_EDGE('',*,*,#2250,.F.);
#282=ORIENTED_EDGE('',*,*,#2251,.T.);
#283=ORIENTED_EDGE('',*,*,#2252,.T.);
#284=ORIENTED_EDGE('',*,*,#2253,.T.);
#285=ORIENTED_EDGE('',*,*,#2254,.T.);
#286=ORIENTED_EDGE('',*,*,#2255,.F.);
#287=ORIENTED_EDGE('',*,*,#2256,.F.);
#288=ORIENTED_EDGE('',*,*,#2257,.F.);
#289=ORIENTED_EDGE('',*,*,#2258,.T.);
#290=ORIENTED_EDGE('',*,*,#2259,.F.);
#291=ORIENTED_EDGE('',*,*,#2260,.T.);
#292=ORIENTED_EDGE('',*,*,#2261,.T.);
#293=ORIENTED_EDGE('',*,*,#2161,.T.);
#294=ORIENTED_EDGE('',*,*,#2262,.F.);
#295=ORIENTED_EDGE('',*,*,#2263,.F.);
#296=ORIENTED_EDGE('',*,*,#2264,.F.);
#297=ORIENTED_EDGE('',*,*,#2265,.F.);
#298=ORIENTED_EDGE('',*,*,#2266,.T.);
#299=ORIENTED_EDGE('',*,*,#2267,.F.);
#300=ORIENTED_EDGE('',*,*,#2268,.T.);
#301=ORIENTED_EDGE('',*,*,#2269,.T.);
#302=ORIENTED_EDGE('',*,*,#2270,.T.);
#303=ORIENTED_EDGE('',*,*,#2271,.F.);
#304=ORIENTED_EDGE('',*,*,#2272,.F.);
#305=ORIENTED_EDGE('',*,*,#2273,.T.);
#306=ORIENTED_EDGE('',*,*,#2274,.T.);
#307=ORIENTED_EDGE('',*,*,#2265,.T.);
#308=ORIENTED_EDGE('',*,*,#2275,.F.);
#309=ORIENTED_EDGE('',*,*,#2276,.T.);
#310=ORIENTED_EDGE('',*,*,#2277,.F.);
#311=ORIENTED_EDGE('',*,*,#2278,.T.);
#312=ORIENTED_EDGE('',*,*,#2279,.T.);
#313=ORIENTED_EDGE('',*,*,#2272,.T.);
#314=ORIENTED_EDGE('',*,*,#2280,.F.);
#315=ORIENTED_EDGE('',*,*,#2281,.F.);
#316=ORIENTED_EDGE('',*,*,#2282,.F.);
#317=ORIENTED_EDGE('',*,*,#2283,.F.);
#318=ORIENTED_EDGE('',*,*,#2284,.T.);
#319=ORIENTED_EDGE('',*,*,#2285,.F.);
#320=ORIENTED_EDGE('',*,*,#2286,.T.);
#321=ORIENTED_EDGE('',*,*,#2287,.T.);
#322=ORIENTED_EDGE('',*,*,#2288,.T.);
#323=ORIENTED_EDGE('',*,*,#2289,.F.);
#324=ORIENTED_EDGE('',*,*,#2290,.F.);
#325=ORIENTED_EDGE('',*,*,#2291,.T.);
#326=ORIENTED_EDGE('',*,*,#2292,.T.);
#327=ORIENTED_EDGE('',*,*,#2283,.T.);
#328=ORIENTED_EDGE('',*,*,#2293,.F.);
#329=ORIENTED_EDGE('',*,*,#2294,.T.);
#330=ORIENTED_EDGE('',*,*,#2295,.F.);
#331=ORIENTED_EDGE('',*,*,#2296,.T.);
#332=ORIENTED_EDGE('',*,*,#2297,.T.);
#333=ORIENTED_EDGE('',*,*,#2290,.T.);
#334=ORIENTED_EDGE('',*,*,#2298,.F.);
#335=ORIENTED_EDGE('',*,*,#2299,.F.);
#336=ORIENTED_EDGE('',*,*,#2300,.F.);
#337=ORIENTED_EDGE('',*,*,#2301,.F.);
#338=ORIENTED_EDGE('',*,*,#2302,.T.);
#339=ORIENTED_EDGE('',*,*,#2303,.F.);
#340=ORIENTED_EDGE('',*,*,#2304,.T.);
#341=ORIENTED_EDGE('',*,*,#2305,.T.);
#342=ORIENTED_EDGE('',*,*,#2306,.F.);
#343=ORIENTED_EDGE('',*,*,#2307,.T.);
#344=ORIENTED_EDGE('',*,*,#2308,.F.);
#345=ORIENTED_EDGE('',*,*,#2309,.T.);
#346=ORIENTED_EDGE('',*,*,#2301,.T.);
#347=ORIENTED_EDGE('',*,*,#2310,.F.);
#348=ORIENTED_EDGE('',*,*,#2311,.F.);
#349=ORIENTED_EDGE('',*,*,#2312,.F.);
#350=ORIENTED_EDGE('',*,*,#2313,.T.);
#351=ORIENTED_EDGE('',*,*,#2314,.F.);
#352=ORIENTED_EDGE('',*,*,#2211,.T.);
#353=ORIENTED_EDGE('',*,*,#2315,.F.);
#354=ORIENTED_EDGE('',*,*,#2225,.F.);
#355=ORIENTED_EDGE('',*,*,#2316,.T.);
#356=ORIENTED_EDGE('',*,*,#2317,.T.);
#357=ORIENTED_EDGE('',*,*,#2312,.T.);
#358=ORIENTED_EDGE('',*,*,#2318,.F.);
#359=ORIENTED_EDGE('',*,*,#2319,.T.);
#360=ORIENTED_EDGE('',*,*,#2320,.F.);
#361=ORIENTED_EDGE('',*,*,#2321,.F.);
#362=ORIENTED_EDGE('',*,*,#2322,.T.);
#363=ORIENTED_EDGE('',*,*,#2323,.T.);
#364=ORIENTED_EDGE('',*,*,#2324,.F.);
#365=ORIENTED_EDGE('',*,*,#2258,.F.);
#366=ORIENTED_EDGE('',*,*,#2325,.F.);
#367=ORIENTED_EDGE('',*,*,#2288,.F.);
#368=ORIENTED_EDGE('',*,*,#2326,.T.);
#369=ORIENTED_EDGE('',*,*,#2327,.T.);
#370=ORIENTED_EDGE('',*,*,#2328,.T.);
#371=ORIENTED_EDGE('',*,*,#2329,.F.);
#372=ORIENTED_EDGE('',*,*,#2330,.F.);
#373=ORIENTED_EDGE('',*,*,#2331,.T.);
#374=ORIENTED_EDGE('',*,*,#2332,.F.);
#375=ORIENTED_EDGE('',*,*,#2333,.T.);
#376=ORIENTED_EDGE('',*,*,#2334,.T.);
#377=ORIENTED_EDGE('',*,*,#2335,.T.);
#378=ORIENTED_EDGE('',*,*,#2336,.F.);
#379=ORIENTED_EDGE('',*,*,#2294,.F.);
#380=ORIENTED_EDGE('',*,*,#2337,.F.);
#381=ORIENTED_EDGE('',*,*,#2338,.T.);
#382=ORIENTED_EDGE('',*,*,#2339,.T.);
#383=ORIENTED_EDGE('',*,*,#2340,.T.);
#384=ORIENTED_EDGE('',*,*,#2341,.F.);
#385=ORIENTED_EDGE('',*,*,#2228,.F.);
#386=ORIENTED_EDGE('',*,*,#2342,.F.);
#387=ORIENTED_EDGE('',*,*,#2239,.F.);
#388=ORIENTED_EDGE('',*,*,#2341,.T.);
#389=ORIENTED_EDGE('',*,*,#2343,.T.);
#390=ORIENTED_EDGE('',*,*,#2344,.F.);
#391=ORIENTED_EDGE('',*,*,#2345,.T.);
#392=ORIENTED_EDGE('',*,*,#2346,.F.);
#393=ORIENTED_EDGE('',*,*,#2270,.F.);
#394=ORIENTED_EDGE('',*,*,#2347,.T.);
#395=ORIENTED_EDGE('',*,*,#2348,.T.);
#396=ORIENTED_EDGE('',*,*,#2349,.F.);
#397=ORIENTED_EDGE('',*,*,#2350,.T.);
#398=ORIENTED_EDGE('',*,*,#2351,.F.);
#399=ORIENTED_EDGE('',*,*,#2352,.T.);
#400=ORIENTED_EDGE('',*,*,#2353,.T.);
#401=ORIENTED_EDGE('',*,*,#2354,.T.);
#402=ORIENTED_EDGE('',*,*,#2355,.F.);
#403=ORIENTED_EDGE('',*,*,#2276,.F.);
#404=ORIENTED_EDGE('',*,*,#2356,.F.);
#405=ORIENTED_EDGE('',*,*,#2305,.F.);
#406=ORIENTED_EDGE('',*,*,#2357,.T.);
#407=ORIENTED_EDGE('',*,*,#2358,.T.);
#408=ORIENTED_EDGE('',*,*,#2359,.F.);
#409=ORIENTED_EDGE('',*,*,#2360,.T.);
#410=ORIENTED_EDGE('',*,*,#2361,.F.);
#411=ORIENTED_EDGE('',*,*,#2362,.T.);
#412=ORIENTED_EDGE('',*,*,#2359,.T.);
#413=ORIENTED_EDGE('',*,*,#2363,.T.);
#414=ORIENTED_EDGE('',*,*,#2364,.F.);
#415=ORIENTED_EDGE('',*,*,#2307,.F.);
#416=ORIENTED_EDGE('',*,*,#2365,.F.);
#417=ORIENTED_EDGE('',*,*,#2217,.T.);
#418=ORIENTED_EDGE('',*,*,#2366,.T.);
#419=ORIENTED_EDGE('',*,*,#2219,.T.);
#420=ORIENTED_EDGE('',*,*,#2367,.F.);
#421=ORIENTED_EDGE('',*,*,#2196,.T.);
#422=ORIENTED_EDGE('',*,*,#2368,.T.);
#423=ORIENTED_EDGE('',*,*,#2202,.T.);
#424=ORIENTED_EDGE('',*,*,#2369,.F.);
#425=ORIENTED_EDGE('',*,*,#2174,.T.);
#426=ORIENTED_EDGE('',*,*,#2370,.T.);
#427=ORIENTED_EDGE('',*,*,#2180,.T.);
#428=ORIENTED_EDGE('',*,*,#2371,.F.);
#429=ORIENTED_EDGE('',*,*,#2256,.T.);
#430=ORIENTED_EDGE('',*,*,#2372,.T.);
#431=ORIENTED_EDGE('',*,*,#2373,.F.);
#432=ORIENTED_EDGE('',*,*,#2374,.F.);
#433=ORIENTED_EDGE('',*,*,#2375,.T.);
#434=ORIENTED_EDGE('',*,*,#2373,.T.);
#435=ORIENTED_EDGE('',*,*,#2376,.T.);
#436=ORIENTED_EDGE('',*,*,#2254,.F.);
#437=ORIENTED_EDGE('',*,*,#2377,.F.);
#438=ORIENTED_EDGE('',*,*,#2378,.T.);
#439=ORIENTED_EDGE('',*,*,#2379,.F.);
#440=ORIENTED_EDGE('',*,*,#2380,.T.);
#441=ORIENTED_EDGE('',*,*,#2381,.F.);
#442=ORIENTED_EDGE('',*,*,#2221,.F.);
#443=ORIENTED_EDGE('',*,*,#2382,.F.);
#444=ORIENTED_EDGE('',*,*,#2383,.T.);
#445=ORIENTED_EDGE('',*,*,#2384,.F.);
#446=ORIENTED_EDGE('',*,*,#2385,.T.);
#447=ORIENTED_EDGE('',*,*,#2386,.T.);
#448=ORIENTED_EDGE('',*,*,#2387,.T.);
#449=ORIENTED_EDGE('',*,*,#2388,.F.);
#450=ORIENTED_EDGE('',*,*,#2389,.T.);
#451=ORIENTED_EDGE('',*,*,#2390,.T.);
#452=ORIENTED_EDGE('',*,*,#2391,.T.);
#453=ORIENTED_EDGE('',*,*,#2392,.F.);
#454=ORIENTED_EDGE('',*,*,#2384,.T.);
#455=ORIENTED_EDGE('',*,*,#2393,.F.);
#456=ORIENTED_EDGE('',*,*,#2394,.T.);
#457=ORIENTED_EDGE('',*,*,#2395,.T.);
#458=ORIENTED_EDGE('',*,*,#2396,.T.);
#459=ORIENTED_EDGE('',*,*,#2397,.T.);
#460=ORIENTED_EDGE('',*,*,#2398,.T.);
#461=ORIENTED_EDGE('',*,*,#2399,.T.);
#462=ORIENTED_EDGE('',*,*,#2400,.T.);
#463=ORIENTED_EDGE('',*,*,#2401,.T.);
#464=ORIENTED_EDGE('',*,*,#2402,.T.);
#465=ORIENTED_EDGE('',*,*,#2403,.T.);
#466=ORIENTED_EDGE('',*,*,#2404,.T.);
#467=ORIENTED_EDGE('',*,*,#2405,.T.);
#468=ORIENTED_EDGE('',*,*,#2406,.T.);
#469=ORIENTED_EDGE('',*,*,#2407,.T.);
#470=ORIENTED_EDGE('',*,*,#2408,.T.);
#471=ORIENTED_EDGE('',*,*,#2409,.F.);
#472=ORIENTED_EDGE('',*,*,#2410,.T.);
#473=ORIENTED_EDGE('',*,*,#2411,.T.);
#474=ORIENTED_EDGE('',*,*,#2412,.T.);
#475=ORIENTED_EDGE('',*,*,#2413,.T.);
#476=ORIENTED_EDGE('',*,*,#2414,.T.);
#477=ORIENTED_EDGE('',*,*,#2415,.T.);
#478=ORIENTED_EDGE('',*,*,#2416,.T.);
#479=ORIENTED_EDGE('',*,*,#2417,.T.);
#480=ORIENTED_EDGE('',*,*,#2418,.T.);
#481=ORIENTED_EDGE('',*,*,#2419,.T.);
#482=ORIENTED_EDGE('',*,*,#2420,.T.);
#483=ORIENTED_EDGE('',*,*,#2421,.T.);
#484=ORIENTED_EDGE('',*,*,#2422,.T.);
#485=ORIENTED_EDGE('',*,*,#2423,.T.);
#486=ORIENTED_EDGE('',*,*,#2424,.T.);
#487=ORIENTED_EDGE('',*,*,#2425,.T.);
#488=ORIENTED_EDGE('',*,*,#2426,.T.);
#489=ORIENTED_EDGE('',*,*,#2427,.T.);
#490=ORIENTED_EDGE('',*,*,#2428,.F.);
#491=ORIENTED_EDGE('',*,*,#2429,.F.);
#492=ORIENTED_EDGE('',*,*,#2430,.T.);
#493=ORIENTED_EDGE('',*,*,#2431,.T.);
#494=ORIENTED_EDGE('',*,*,#2387,.F.);
#495=ORIENTED_EDGE('',*,*,#2432,.F.);
#496=ORIENTED_EDGE('',*,*,#2433,.F.);
#497=ORIENTED_EDGE('',*,*,#2434,.F.);
#498=ORIENTED_EDGE('',*,*,#2435,.F.);
#499=ORIENTED_EDGE('',*,*,#2436,.F.);
#500=ORIENTED_EDGE('',*,*,#2380,.F.);
#501=ORIENTED_EDGE('',*,*,#2437,.T.);
#502=ORIENTED_EDGE('',*,*,#2438,.T.);
#503=ORIENTED_EDGE('',*,*,#2439,.F.);
#504=ORIENTED_EDGE('',*,*,#2440,.F.);
#505=ORIENTED_EDGE('',*,*,#2441,.F.);
#506=ORIENTED_EDGE('',*,*,#2442,.T.);
#507=ORIENTED_EDGE('',*,*,#2443,.F.);
#508=ORIENTED_EDGE('',*,*,#2444,.F.);
#509=ORIENTED_EDGE('',*,*,#2445,.F.);
#510=ORIENTED_EDGE('',*,*,#2446,.T.);
#511=ORIENTED_EDGE('',*,*,#2447,.F.);
#512=ORIENTED_EDGE('',*,*,#2448,.F.);
#513=ORIENTED_EDGE('',*,*,#2323,.F.);
#514=ORIENTED_EDGE('',*,*,#2449,.T.);
#515=ORIENTED_EDGE('',*,*,#2450,.T.);
#516=ORIENTED_EDGE('',*,*,#2327,.F.);
#517=ORIENTED_EDGE('',*,*,#2451,.F.);
#518=ORIENTED_EDGE('',*,*,#2335,.F.);
#519=ORIENTED_EDGE('',*,*,#2452,.F.);
#520=ORIENTED_EDGE('',*,*,#2453,.T.);
#521=ORIENTED_EDGE('',*,*,#2454,.T.);
#522=ORIENTED_EDGE('',*,*,#2455,.T.);
#523=ORIENTED_EDGE('',*,*,#2456,.T.);
#524=ORIENTED_EDGE('',*,*,#2457,.T.);
#525=ORIENTED_EDGE('',*,*,#2458,.T.);
#526=ORIENTED_EDGE('',*,*,#2459,.T.);
#527=ORIENTED_EDGE('',*,*,#2460,.T.);
#528=ORIENTED_EDGE('',*,*,#2461,.T.);
#529=ORIENTED_EDGE('',*,*,#2462,.F.);
#530=ORIENTED_EDGE('',*,*,#2463,.F.);
#531=ORIENTED_EDGE('',*,*,#2464,.F.);
#532=ORIENTED_EDGE('',*,*,#2465,.F.);
#533=ORIENTED_EDGE('',*,*,#2466,.F.);
#534=ORIENTED_EDGE('',*,*,#2363,.F.);
#535=ORIENTED_EDGE('',*,*,#2358,.F.);
#536=ORIENTED_EDGE('',*,*,#2467,.F.);
#537=ORIENTED_EDGE('',*,*,#2348,.F.);
#538=ORIENTED_EDGE('',*,*,#2468,.F.);
#539=ORIENTED_EDGE('',*,*,#2354,.F.);
#540=ORIENTED_EDGE('',*,*,#2469,.F.);
#541=ORIENTED_EDGE('',*,*,#2470,.F.);
#542=ORIENTED_EDGE('',*,*,#2471,.F.);
#543=ORIENTED_EDGE('',*,*,#2472,.F.);
#544=ORIENTED_EDGE('',*,*,#2473,.F.);
#545=ORIENTED_EDGE('',*,*,#2474,.F.);
#546=ORIENTED_EDGE('',*,*,#2475,.F.);
#547=ORIENTED_EDGE('',*,*,#2476,.F.);
#548=ORIENTED_EDGE('',*,*,#2477,.F.);
#549=ORIENTED_EDGE('',*,*,#2478,.F.);
#550=ORIENTED_EDGE('',*,*,#2479,.F.);
#551=ORIENTED_EDGE('',*,*,#2480,.F.);
#552=ORIENTED_EDGE('',*,*,#2481,.F.);
#553=ORIENTED_EDGE('',*,*,#2482,.F.);
#554=ORIENTED_EDGE('',*,*,#2483,.F.);
#555=ORIENTED_EDGE('',*,*,#2484,.F.);
#556=ORIENTED_EDGE('',*,*,#2485,.F.);
#557=ORIENTED_EDGE('',*,*,#2340,.F.);
#558=ORIENTED_EDGE('',*,*,#2486,.F.);
#559=ORIENTED_EDGE('',*,*,#2487,.F.);
#560=ORIENTED_EDGE('',*,*,#2343,.F.);
#561=ORIENTED_EDGE('',*,*,#2488,.T.);
#562=ORIENTED_EDGE('',*,*,#2489,.T.);
#563=ORIENTED_EDGE('',*,*,#2490,.T.);
#564=ORIENTED_EDGE('',*,*,#2389,.F.);
#565=ORIENTED_EDGE('',*,*,#2491,.T.);
#566=ORIENTED_EDGE('',*,*,#2492,.T.);
#567=ORIENTED_EDGE('',*,*,#2493,.F.);
#568=ORIENTED_EDGE('',*,*,#2494,.F.);
#569=ORIENTED_EDGE('',*,*,#2495,.T.);
#570=ORIENTED_EDGE('',*,*,#2496,.T.);
#571=ORIENTED_EDGE('',*,*,#2443,.T.);
#572=ORIENTED_EDGE('',*,*,#2497,.T.);
#573=ORIENTED_EDGE('',*,*,#2498,.F.);
#574=ORIENTED_EDGE('',*,*,#2499,.T.);
#575=ORIENTED_EDGE('',*,*,#2500,.F.);
#576=ORIENTED_EDGE('',*,*,#2172,.F.);
#577=ORIENTED_EDGE('',*,*,#2501,.T.);
#578=ORIENTED_EDGE('',*,*,#2502,.F.);
#579=ORIENTED_EDGE('',*,*,#2503,.T.);
#580=ORIENTED_EDGE('',*,*,#2445,.T.);
#581=ORIENTED_EDGE('',*,*,#2504,.F.);
#582=ORIENTED_EDGE('',*,*,#2182,.F.);
#583=ORIENTED_EDGE('',*,*,#2505,.F.);
#584=ORIENTED_EDGE('',*,*,#2506,.T.);
#585=ORIENTED_EDGE('',*,*,#2507,.F.);
#586=ORIENTED_EDGE('',*,*,#2508,.T.);
#587=ORIENTED_EDGE('',*,*,#2441,.T.);
#588=ORIENTED_EDGE('',*,*,#2509,.F.);
#589=ORIENTED_EDGE('',*,*,#2204,.F.);
#590=ORIENTED_EDGE('',*,*,#2510,.F.);
#591=ORIENTED_EDGE('',*,*,#2511,.T.);
#592=ORIENTED_EDGE('',*,*,#2439,.T.);
#593=ORIENTED_EDGE('',*,*,#2512,.T.);
#594=ORIENTED_EDGE('',*,*,#2390,.F.);
#595=ORIENTED_EDGE('',*,*,#2513,.T.);
#596=ORIENTED_EDGE('',*,*,#2514,.F.);
#597=ORIENTED_EDGE('',*,*,#2194,.F.);
#598=ORIENTED_EDGE('',*,*,#2515,.T.);
#599=ORIENTED_EDGE('',*,*,#2516,.F.);
#600=ORIENTED_EDGE('',*,*,#2517,.T.);
#601=ORIENTED_EDGE('',*,*,#2518,.F.);
#602=ORIENTED_EDGE('',*,*,#2215,.F.);
#603=ORIENTED_EDGE('',*,*,#2519,.T.);
#604=ORIENTED_EDGE('',*,*,#2434,.T.);
#605=ORIENTED_EDGE('',*,*,#2520,.F.);
#606=ORIENTED_EDGE('',*,*,#2521,.T.);
#607=ORIENTED_EDGE('',*,*,#2522,.T.);
#608=ORIENTED_EDGE('',*,*,#2523,.F.);
#609=ORIENTED_EDGE('',*,*,#2498,.T.);
#610=ORIENTED_EDGE('',*,*,#2524,.T.);
#611=ORIENTED_EDGE('',*,*,#2507,.T.);
#612=ORIENTED_EDGE('',*,*,#2525,.F.);
#613=ORIENTED_EDGE('',*,*,#2526,.T.);
#614=ORIENTED_EDGE('',*,*,#2527,.T.);
#615=ORIENTED_EDGE('',*,*,#2502,.T.);
#616=ORIENTED_EDGE('',*,*,#2528,.F.);
#617=ORIENTED_EDGE('',*,*,#2529,.T.);
#618=ORIENTED_EDGE('',*,*,#2530,.T.);
#619=ORIENTED_EDGE('',*,*,#2531,.T.);
#620=ORIENTED_EDGE('',*,*,#2532,.T.);
#621=ORIENTED_EDGE('',*,*,#2533,.T.);
#622=ORIENTED_EDGE('',*,*,#2534,.T.);
#623=ORIENTED_EDGE('',*,*,#2535,.T.);
#624=ORIENTED_EDGE('',*,*,#2536,.T.);
#625=ORIENTED_EDGE('',*,*,#2537,.T.);
#626=ORIENTED_EDGE('',*,*,#2538,.T.);
#627=ORIENTED_EDGE('',*,*,#2539,.T.);
#628=ORIENTED_EDGE('',*,*,#2540,.T.);
#629=ORIENTED_EDGE('',*,*,#2541,.T.);
#630=ORIENTED_EDGE('',*,*,#2542,.T.);
#631=ORIENTED_EDGE('',*,*,#2543,.T.);
#632=ORIENTED_EDGE('',*,*,#2544,.T.);
#633=ORIENTED_EDGE('',*,*,#2545,.T.);
#634=ORIENTED_EDGE('',*,*,#2546,.T.);
#635=ORIENTED_EDGE('',*,*,#2547,.T.);
#636=ORIENTED_EDGE('',*,*,#2548,.T.);
#637=ORIENTED_EDGE('',*,*,#2549,.T.);
#638=ORIENTED_EDGE('',*,*,#2550,.T.);
#639=ORIENTED_EDGE('',*,*,#2551,.T.);
#640=ORIENTED_EDGE('',*,*,#2552,.T.);
#641=ORIENTED_EDGE('',*,*,#2553,.T.);
#642=ORIENTED_EDGE('',*,*,#2212,.T.);
#643=ORIENTED_EDGE('',*,*,#2314,.T.);
#644=ORIENTED_EDGE('',*,*,#2554,.T.);
#645=ORIENTED_EDGE('',*,*,#2555,.T.);
#646=ORIENTED_EDGE('',*,*,#2556,.T.);
#647=ORIENTED_EDGE('',*,*,#2557,.T.);
#648=ORIENTED_EDGE('',*,*,#2191,.T.);
#649=ORIENTED_EDGE('',*,*,#2558,.T.);
#650=ORIENTED_EDGE('',*,*,#2559,.T.);
#651=ORIENTED_EDGE('',*,*,#2560,.T.);
#652=ORIENTED_EDGE('',*,*,#2561,.T.);
#653=ORIENTED_EDGE('',*,*,#2562,.T.);
#654=ORIENTED_EDGE('',*,*,#2563,.T.);
#655=ORIENTED_EDGE('',*,*,#2564,.T.);
#656=ORIENTED_EDGE('',*,*,#2565,.T.);
#657=ORIENTED_EDGE('',*,*,#2303,.T.);
#658=ORIENTED_EDGE('',*,*,#2566,.T.);
#659=ORIENTED_EDGE('',*,*,#2567,.T.);
#660=ORIENTED_EDGE('',*,*,#2285,.T.);
#661=ORIENTED_EDGE('',*,*,#2568,.T.);
#662=ORIENTED_EDGE('',*,*,#2569,.T.);
#663=ORIENTED_EDGE('',*,*,#2570,.T.);
#664=ORIENTED_EDGE('',*,*,#2267,.T.);
#665=ORIENTED_EDGE('',*,*,#2571,.T.);
#666=ORIENTED_EDGE('',*,*,#2572,.T.);
#667=ORIENTED_EDGE('',*,*,#2573,.T.);
#668=ORIENTED_EDGE('',*,*,#2169,.T.);
#669=ORIENTED_EDGE('',*,*,#2574,.T.);
#670=ORIENTED_EDGE('',*,*,#2575,.T.);
#671=ORIENTED_EDGE('',*,*,#2576,.T.);
#672=ORIENTED_EDGE('',*,*,#2250,.T.);
#673=ORIENTED_EDGE('',*,*,#2577,.T.);
#674=ORIENTED_EDGE('',*,*,#2578,.T.);
#675=ORIENTED_EDGE('',*,*,#2579,.T.);
#676=ORIENTED_EDGE('',*,*,#2580,.T.);
#677=ORIENTED_EDGE('',*,*,#2581,.T.);
#678=ORIENTED_EDGE('',*,*,#2582,.T.);
#679=ORIENTED_EDGE('',*,*,#2583,.T.);
#680=ORIENTED_EDGE('',*,*,#2584,.T.);
#681=ORIENTED_EDGE('',*,*,#2585,.T.);
#682=ORIENTED_EDGE('',*,*,#2586,.T.);
#683=ORIENTED_EDGE('',*,*,#2587,.T.);
#684=ORIENTED_EDGE('',*,*,#2588,.T.);
#685=ORIENTED_EDGE('',*,*,#2589,.T.);
#686=ORIENTED_EDGE('',*,*,#2590,.T.);
#687=ORIENTED_EDGE('',*,*,#2591,.T.);
#688=ORIENTED_EDGE('',*,*,#2592,.T.);
#689=ORIENTED_EDGE('',*,*,#2593,.T.);
#690=ORIENTED_EDGE('',*,*,#2594,.T.);
#691=ORIENTED_EDGE('',*,*,#2595,.T.);
#692=ORIENTED_EDGE('',*,*,#2237,.T.);
#693=ORIENTED_EDGE('',*,*,#2596,.T.);
#694=ORIENTED_EDGE('',*,*,#2597,.T.);
#695=ORIENTED_EDGE('',*,*,#2598,.T.);
#696=ORIENTED_EDGE('',*,*,#2599,.T.);
#697=ORIENTED_EDGE('',*,*,#2600,.T.);
#698=ORIENTED_EDGE('',*,*,#2601,.T.);
#699=ORIENTED_EDGE('',*,*,#2602,.T.);
#700=ORIENTED_EDGE('',*,*,#2603,.T.);
#701=ORIENTED_EDGE('',*,*,#2604,.T.);
#702=ORIENTED_EDGE('',*,*,#2605,.T.);
#703=ORIENTED_EDGE('',*,*,#2606,.T.);
#704=ORIENTED_EDGE('',*,*,#2607,.T.);
#705=ORIENTED_EDGE('',*,*,#2608,.T.);
#706=ORIENTED_EDGE('',*,*,#2609,.T.);
#707=ORIENTED_EDGE('',*,*,#2610,.T.);
#708=ORIENTED_EDGE('',*,*,#2611,.T.);
#709=ORIENTED_EDGE('',*,*,#2612,.F.);
#710=ORIENTED_EDGE('',*,*,#2613,.T.);
#711=ORIENTED_EDGE('',*,*,#2614,.T.);
#712=ORIENTED_EDGE('',*,*,#2615,.T.);
#713=ORIENTED_EDGE('',*,*,#2616,.T.);
#714=ORIENTED_EDGE('',*,*,#2617,.T.);
#715=ORIENTED_EDGE('',*,*,#2618,.F.);
#716=ORIENTED_EDGE('',*,*,#2619,.T.);
#717=ORIENTED_EDGE('',*,*,#2620,.T.);
#718=ORIENTED_EDGE('',*,*,#2621,.T.);
#719=ORIENTED_EDGE('',*,*,#2622,.F.);
#720=ORIENTED_EDGE('',*,*,#2623,.T.);
#721=ORIENTED_EDGE('',*,*,#2624,.T.);
#722=ORIENTED_EDGE('',*,*,#2625,.T.);
#723=ORIENTED_EDGE('',*,*,#2626,.T.);
#724=ORIENTED_EDGE('',*,*,#2627,.T.);
#725=ORIENTED_EDGE('',*,*,#2628,.T.);
#726=ORIENTED_EDGE('',*,*,#2629,.T.);
#727=ORIENTED_EDGE('',*,*,#2630,.T.);
#728=ORIENTED_EDGE('',*,*,#2631,.T.);
#729=ORIENTED_EDGE('',*,*,#2632,.T.);
#730=ORIENTED_EDGE('',*,*,#2633,.T.);
#731=ORIENTED_EDGE('',*,*,#2634,.T.);
#732=ORIENTED_EDGE('',*,*,#2635,.T.);
#733=ORIENTED_EDGE('',*,*,#2636,.T.);
#734=ORIENTED_EDGE('',*,*,#2637,.T.);
#735=ORIENTED_EDGE('',*,*,#2638,.T.);
#736=ORIENTED_EDGE('',*,*,#2639,.T.);
#737=ORIENTED_EDGE('',*,*,#2640,.T.);
#738=ORIENTED_EDGE('',*,*,#2641,.T.);
#739=ORIENTED_EDGE('',*,*,#2642,.T.);
#740=ORIENTED_EDGE('',*,*,#2643,.T.);
#741=ORIENTED_EDGE('',*,*,#2644,.T.);
#742=ORIENTED_EDGE('',*,*,#2645,.T.);
#743=ORIENTED_EDGE('',*,*,#2646,.T.);
#744=ORIENTED_EDGE('',*,*,#2647,.T.);
#745=ORIENTED_EDGE('',*,*,#2648,.T.);
#746=ORIENTED_EDGE('',*,*,#2649,.T.);
#747=ORIENTED_EDGE('',*,*,#2650,.T.);
#748=ORIENTED_EDGE('',*,*,#2651,.T.);
#749=ORIENTED_EDGE('',*,*,#2652,.T.);
#750=ORIENTED_EDGE('',*,*,#2653,.T.);
#751=ORIENTED_EDGE('',*,*,#2654,.T.);
#752=ORIENTED_EDGE('',*,*,#2655,.T.);
#753=ORIENTED_EDGE('',*,*,#2656,.T.);
#754=ORIENTED_EDGE('',*,*,#2657,.T.);
#755=ORIENTED_EDGE('',*,*,#2658,.T.);
#756=ORIENTED_EDGE('',*,*,#2659,.T.);
#757=ORIENTED_EDGE('',*,*,#2660,.T.);
#758=ORIENTED_EDGE('',*,*,#2661,.T.);
#759=ORIENTED_EDGE('',*,*,#2662,.T.);
#760=ORIENTED_EDGE('',*,*,#2663,.T.);
#761=ORIENTED_EDGE('',*,*,#2664,.T.);
#762=ORIENTED_EDGE('',*,*,#2665,.T.);
#763=ORIENTED_EDGE('',*,*,#2539,.F.);
#764=ORIENTED_EDGE('',*,*,#2666,.T.);
#765=ORIENTED_EDGE('',*,*,#2667,.F.);
#766=ORIENTED_EDGE('',*,*,#2668,.T.);
#767=ORIENTED_EDGE('',*,*,#2624,.F.);
#768=ORIENTED_EDGE('',*,*,#2669,.T.);
#769=ORIENTED_EDGE('',*,*,#2670,.T.);
#770=ORIENTED_EDGE('',*,*,#2671,.T.);
#771=ORIENTED_EDGE('',*,*,#2535,.F.);
#772=ORIENTED_EDGE('',*,*,#2672,.T.);
#773=ORIENTED_EDGE('',*,*,#2673,.T.);
#774=ORIENTED_EDGE('',*,*,#2674,.T.);
#775=ORIENTED_EDGE('',*,*,#2616,.F.);
#776=ORIENTED_EDGE('',*,*,#2675,.T.);
#777=ORIENTED_EDGE('',*,*,#2676,.T.);
#778=ORIENTED_EDGE('',*,*,#2677,.T.);
#779=ORIENTED_EDGE('',*,*,#2678,.T.);
#780=ORIENTED_EDGE('',*,*,#2679,.T.);
#781=ORIENTED_EDGE('',*,*,#2614,.F.);
#782=ORIENTED_EDGE('',*,*,#2680,.T.);
#783=ORIENTED_EDGE('',*,*,#2681,.T.);
#784=ORIENTED_EDGE('',*,*,#2682,.T.);
#785=ORIENTED_EDGE('',*,*,#2678,.F.);
#786=ORIENTED_EDGE('',*,*,#2683,.T.);
#787=ORIENTED_EDGE('',*,*,#2612,.T.);
#788=ORIENTED_EDGE('',*,*,#2684,.T.);
#789=ORIENTED_EDGE('',*,*,#2681,.F.);
#790=ORIENTED_EDGE('',*,*,#2685,.T.);
#791=ORIENTED_EDGE('',*,*,#2686,.T.);
#792=ORIENTED_EDGE('',*,*,#2687,.T.);
#793=ORIENTED_EDGE('',*,*,#2610,.F.);
#794=ORIENTED_EDGE('',*,*,#2688,.T.);
#795=ORIENTED_EDGE('',*,*,#2667,.T.);
#796=ORIENTED_EDGE('',*,*,#2689,.T.);
#797=ORIENTED_EDGE('',*,*,#2690,.F.);
#798=ORIENTED_EDGE('',*,*,#2691,.T.);
#799=ORIENTED_EDGE('',*,*,#2690,.T.);
#800=ORIENTED_EDGE('',*,*,#2692,.T.);
#801=ORIENTED_EDGE('',*,*,#2686,.F.);
#802=ORIENTED_EDGE('',*,*,#2693,.T.);
#803=ORIENTED_EDGE('',*,*,#2694,.T.);
#804=ORIENTED_EDGE('',*,*,#2695,.T.);
#805=ORIENTED_EDGE('',*,*,#2622,.T.);
#806=ORIENTED_EDGE('',*,*,#2696,.T.);
#807=ORIENTED_EDGE('',*,*,#2620,.F.);
#808=ORIENTED_EDGE('',*,*,#2697,.T.);
#809=ORIENTED_EDGE('',*,*,#2698,.F.);
#810=ORIENTED_EDGE('',*,*,#2699,.T.);
#811=ORIENTED_EDGE('',*,*,#2698,.T.);
#812=ORIENTED_EDGE('',*,*,#2700,.T.);
#813=ORIENTED_EDGE('',*,*,#2694,.F.);
#814=ORIENTED_EDGE('',*,*,#2701,.T.);
#815=ORIENTED_EDGE('',*,*,#2702,.T.);
#816=ORIENTED_EDGE('',*,*,#2703,.T.);
#817=ORIENTED_EDGE('',*,*,#2618,.T.);
#818=ORIENTED_EDGE('',*,*,#2704,.T.);
#819=ORIENTED_EDGE('',*,*,#2673,.F.);
#820=ORIENTED_EDGE('',*,*,#2705,.T.);
#821=ORIENTED_EDGE('',*,*,#2706,.F.);
#822=ORIENTED_EDGE('',*,*,#2707,.T.);
#823=ORIENTED_EDGE('',*,*,#2706,.T.);
#824=ORIENTED_EDGE('',*,*,#2708,.T.);
#825=ORIENTED_EDGE('',*,*,#2702,.F.);
#826=ORIENTED_EDGE('',*,*,#2709,.T.);
#827=ORIENTED_EDGE('',*,*,#2710,.T.);
#828=ORIENTED_EDGE('',*,*,#2711,.T.);
#829=ORIENTED_EDGE('',*,*,#2712,.T.);
#830=ORIENTED_EDGE('',*,*,#2711,.F.);
#831=ORIENTED_EDGE('',*,*,#2713,.T.);
#832=ORIENTED_EDGE('',*,*,#2714,.T.);
#833=ORIENTED_EDGE('',*,*,#2715,.T.);
#834=ORIENTED_EDGE('',*,*,#2714,.F.);
#835=ORIENTED_EDGE('',*,*,#2716,.T.);
#836=ORIENTED_EDGE('',*,*,#2717,.F.);
#837=ORIENTED_EDGE('',*,*,#2718,.T.);
#838=ORIENTED_EDGE('',*,*,#2717,.T.);
#839=ORIENTED_EDGE('',*,*,#2719,.T.);
#840=ORIENTED_EDGE('',*,*,#2720,.F.);
#841=ORIENTED_EDGE('',*,*,#2721,.T.);
#842=ORIENTED_EDGE('',*,*,#2720,.T.);
#843=ORIENTED_EDGE('',*,*,#2609,.F.);
#844=ORIENTED_EDGE('',*,*,#2712,.F.);
#845=ORIENTED_EDGE('',*,*,#2607,.F.);
#846=ORIENTED_EDGE('',*,*,#2715,.F.);
#847=ORIENTED_EDGE('',*,*,#2718,.F.);
#848=ORIENTED_EDGE('',*,*,#2605,.F.);
#849=ORIENTED_EDGE('',*,*,#2721,.F.);
#850=ORIENTED_EDGE('',*,*,#2603,.F.);
#851=ORIENTED_EDGE('',*,*,#2722,.T.);
#852=ORIENTED_EDGE('',*,*,#2723,.T.);
#853=ORIENTED_EDGE('',*,*,#2724,.T.);
#854=ORIENTED_EDGE('',*,*,#2725,.T.);
#855=ORIENTED_EDGE('',*,*,#2726,.T.);
#856=ORIENTED_EDGE('',*,*,#2727,.T.);
#857=ORIENTED_EDGE('',*,*,#2728,.T.);
#858=ORIENTED_EDGE('',*,*,#2729,.T.);
#859=ORIENTED_EDGE('',*,*,#2730,.T.);
#860=ORIENTED_EDGE('',*,*,#2731,.T.);
#861=ORIENTED_EDGE('',*,*,#2732,.F.);
#862=ORIENTED_EDGE('',*,*,#2733,.T.);
#863=ORIENTED_EDGE('',*,*,#2734,.T.);
#864=ORIENTED_EDGE('',*,*,#2735,.T.);
#865=ORIENTED_EDGE('',*,*,#2736,.T.);
#866=ORIENTED_EDGE('',*,*,#2737,.F.);
#867=ORIENTED_EDGE('',*,*,#2738,.T.);
#868=ORIENTED_EDGE('',*,*,#2739,.T.);
#869=ORIENTED_EDGE('',*,*,#2740,.T.);
#870=ORIENTED_EDGE('',*,*,#2741,.F.);
#871=ORIENTED_EDGE('',*,*,#2742,.T.);
#872=ORIENTED_EDGE('',*,*,#2743,.T.);
#873=ORIENTED_EDGE('',*,*,#2744,.T.);
#874=ORIENTED_EDGE('',*,*,#2745,.T.);
#875=ORIENTED_EDGE('',*,*,#2746,.F.);
#876=ORIENTED_EDGE('',*,*,#2747,.T.);
#877=ORIENTED_EDGE('',*,*,#2520,.T.);
#878=ORIENTED_EDGE('',*,*,#2748,.T.);
#879=ORIENTED_EDGE('',*,*,#2749,.T.);
#880=ORIENTED_EDGE('',*,*,#2750,.T.);
#881=ORIENTED_EDGE('',*,*,#2751,.T.);
#882=ORIENTED_EDGE('',*,*,#2522,.F.);
#883=ORIENTED_EDGE('',*,*,#2752,.T.);
#884=ORIENTED_EDGE('',*,*,#2753,.T.);
#885=ORIENTED_EDGE('',*,*,#2754,.T.);
#886=ORIENTED_EDGE('',*,*,#2755,.T.);
#887=ORIENTED_EDGE('',*,*,#2756,.T.);
#888=ORIENTED_EDGE('',*,*,#2757,.F.);
#889=ORIENTED_EDGE('',*,*,#2757,.T.);
#890=ORIENTED_EDGE('',*,*,#2758,.T.);
#891=ORIENTED_EDGE('',*,*,#2748,.F.);
#892=ORIENTED_EDGE('',*,*,#2523,.T.);
#893=ORIENTED_EDGE('',*,*,#2759,.T.);
#894=ORIENTED_EDGE('',*,*,#2760,.T.);
#895=ORIENTED_EDGE('',*,*,#2321,.T.);
#896=ORIENTED_EDGE('',*,*,#2761,.F.);
#897=ORIENTED_EDGE('',*,*,#2762,.T.);
#898=ORIENTED_EDGE('',*,*,#2763,.T.);
#899=ORIENTED_EDGE('',*,*,#2764,.T.);
#900=ORIENTED_EDGE('',*,*,#2765,.T.);
#901=ORIENTED_EDGE('',*,*,#2766,.T.);
#902=ORIENTED_EDGE('',*,*,#2329,.T.);
#903=ORIENTED_EDGE('',*,*,#2767,.T.);
#904=ORIENTED_EDGE('',*,*,#2759,.F.);
#905=ORIENTED_EDGE('',*,*,#2320,.T.);
#906=ORIENTED_EDGE('',*,*,#2393,.T.);
#907=ORIENTED_EDGE('',*,*,#2383,.F.);
#908=ORIENTED_EDGE('',*,*,#2768,.F.);
#909=ORIENTED_EDGE('',*,*,#2517,.F.);
#910=ORIENTED_EDGE('',*,*,#2769,.F.);
#911=ORIENTED_EDGE('',*,*,#2770,.F.);
#912=ORIENTED_EDGE('',*,*,#2385,.F.);
#913=ORIENTED_EDGE('',*,*,#2490,.F.);
#914=ORIENTED_EDGE('',*,*,#2771,.T.);
#915=ORIENTED_EDGE('',*,*,#2761,.T.);
#916=ORIENTED_EDGE('',*,*,#2319,.F.);
#917=ORIENTED_EDGE('',*,*,#2772,.F.);
#918=ORIENTED_EDGE('',*,*,#2374,.T.);
#919=ORIENTED_EDGE('',*,*,#2773,.F.);
#920=ORIENTED_EDGE('',*,*,#2774,.F.);
#921=ORIENTED_EDGE('',*,*,#2528,.T.);
#922=ORIENTED_EDGE('',*,*,#2506,.F.);
#923=ORIENTED_EDGE('',*,*,#2775,.F.);
#924=ORIENTED_EDGE('',*,*,#2499,.F.);
#925=ORIENTED_EDGE('',*,*,#2525,.T.);
#926=ORIENTED_EDGE('',*,*,#2511,.F.);
#927=ORIENTED_EDGE('',*,*,#2776,.F.);
#928=ORIENTED_EDGE('',*,*,#2513,.F.);
#929=ORIENTED_EDGE('',*,*,#2777,.T.);
#930=ORIENTED_EDGE('',*,*,#2778,.T.);
#931=ORIENTED_EDGE('',*,*,#2779,.T.);
#932=ORIENTED_EDGE('',*,*,#2780,.T.);
#933=ORIENTED_EDGE('',*,*,#2781,.T.);
#934=ORIENTED_EDGE('',*,*,#2782,.T.);
#935=ORIENTED_EDGE('',*,*,#2783,.T.);
#936=ORIENTED_EDGE('',*,*,#2784,.T.);
#937=ORIENTED_EDGE('',*,*,#2785,.F.);
#938=ORIENTED_EDGE('',*,*,#2786,.T.);
#939=ORIENTED_EDGE('',*,*,#2344,.T.);
#940=ORIENTED_EDGE('',*,*,#2487,.T.);
#941=ORIENTED_EDGE('',*,*,#2787,.F.);
#942=ORIENTED_EDGE('',*,*,#2788,.T.);
#943=ORIENTED_EDGE('',*,*,#2789,.T.);
#944=ORIENTED_EDGE('',*,*,#2790,.T.);
#945=ORIENTED_EDGE('',*,*,#2789,.F.);
#946=ORIENTED_EDGE('',*,*,#2791,.T.);
#947=ORIENTED_EDGE('',*,*,#2593,.F.);
#948=ORIENTED_EDGE('',*,*,#2792,.T.);
#949=ORIENTED_EDGE('',*,*,#2793,.T.);
#950=ORIENTED_EDGE('',*,*,#2792,.F.);
#951=ORIENTED_EDGE('',*,*,#2592,.F.);
#952=ORIENTED_EDGE('',*,*,#2794,.T.);
#953=ORIENTED_EDGE('',*,*,#2795,.T.);
#954=ORIENTED_EDGE('',*,*,#2796,.T.);
#955=ORIENTED_EDGE('',*,*,#2795,.F.);
#956=ORIENTED_EDGE('',*,*,#2797,.T.);
#957=ORIENTED_EDGE('',*,*,#2798,.T.);
#958=ORIENTED_EDGE('',*,*,#2787,.T.);
#959=ORIENTED_EDGE('',*,*,#2799,.T.);
#960=ORIENTED_EDGE('',*,*,#2482,.T.);
#961=ORIENTED_EDGE('',*,*,#2800,.F.);
#962=ORIENTED_EDGE('',*,*,#2801,.F.);
#963=ORIENTED_EDGE('',*,*,#2802,.T.);
#964=ORIENTED_EDGE('',*,*,#2803,.T.);
#965=ORIENTED_EDGE('',*,*,#2804,.T.);
#966=ORIENTED_EDGE('',*,*,#2803,.F.);
#967=ORIENTED_EDGE('',*,*,#2805,.T.);
#968=ORIENTED_EDGE('',*,*,#2589,.F.);
#969=ORIENTED_EDGE('',*,*,#2806,.T.);
#970=ORIENTED_EDGE('',*,*,#2807,.T.);
#971=ORIENTED_EDGE('',*,*,#2806,.F.);
#972=ORIENTED_EDGE('',*,*,#2588,.F.);
#973=ORIENTED_EDGE('',*,*,#2808,.T.);
#974=ORIENTED_EDGE('',*,*,#2809,.T.);
#975=ORIENTED_EDGE('',*,*,#2810,.T.);
#976=ORIENTED_EDGE('',*,*,#2809,.F.);
#977=ORIENTED_EDGE('',*,*,#2811,.T.);
#978=ORIENTED_EDGE('',*,*,#2812,.T.);
#979=ORIENTED_EDGE('',*,*,#2801,.T.);
#980=ORIENTED_EDGE('',*,*,#2813,.T.);
#981=ORIENTED_EDGE('',*,*,#2478,.T.);
#982=ORIENTED_EDGE('',*,*,#2814,.F.);
#983=ORIENTED_EDGE('',*,*,#2815,.F.);
#984=ORIENTED_EDGE('',*,*,#2816,.T.);
#985=ORIENTED_EDGE('',*,*,#2817,.T.);
#986=ORIENTED_EDGE('',*,*,#2818,.T.);
#987=ORIENTED_EDGE('',*,*,#2817,.F.);
#988=ORIENTED_EDGE('',*,*,#2819,.T.);
#989=ORIENTED_EDGE('',*,*,#2585,.F.);
#990=ORIENTED_EDGE('',*,*,#2820,.T.);
#991=ORIENTED_EDGE('',*,*,#2821,.T.);
#992=ORIENTED_EDGE('',*,*,#2820,.F.);
#993=ORIENTED_EDGE('',*,*,#2584,.F.);
#994=ORIENTED_EDGE('',*,*,#2822,.T.);
#995=ORIENTED_EDGE('',*,*,#2823,.T.);
#996=ORIENTED_EDGE('',*,*,#2824,.T.);
#997=ORIENTED_EDGE('',*,*,#2823,.F.);
#998=ORIENTED_EDGE('',*,*,#2825,.T.);
#999=ORIENTED_EDGE('',*,*,#2826,.T.);
#1000=ORIENTED_EDGE('',*,*,#2815,.T.);
#1001=ORIENTED_EDGE('',*,*,#2827,.T.);
#1002=ORIENTED_EDGE('',*,*,#2474,.T.);
#1003=ORIENTED_EDGE('',*,*,#2828,.F.);
#1004=ORIENTED_EDGE('',*,*,#2829,.F.);
#1005=ORIENTED_EDGE('',*,*,#2830,.T.);
#1006=ORIENTED_EDGE('',*,*,#2831,.T.);
#1007=ORIENTED_EDGE('',*,*,#2832,.T.);
#1008=ORIENTED_EDGE('',*,*,#2831,.F.);
#1009=ORIENTED_EDGE('',*,*,#2833,.T.);
#1010=ORIENTED_EDGE('',*,*,#2581,.F.);
#1011=ORIENTED_EDGE('',*,*,#2834,.T.);
#1012=ORIENTED_EDGE('',*,*,#2835,.T.);
#1013=ORIENTED_EDGE('',*,*,#2834,.F.);
#1014=ORIENTED_EDGE('',*,*,#2580,.F.);
#1015=ORIENTED_EDGE('',*,*,#2836,.T.);
#1016=ORIENTED_EDGE('',*,*,#2837,.T.);
#1017=ORIENTED_EDGE('',*,*,#2838,.T.);
#1018=ORIENTED_EDGE('',*,*,#2837,.F.);
#1019=ORIENTED_EDGE('',*,*,#2839,.T.);
#1020=ORIENTED_EDGE('',*,*,#2840,.T.);
#1021=ORIENTED_EDGE('',*,*,#2829,.T.);
#1022=ORIENTED_EDGE('',*,*,#2841,.T.);
#1023=ORIENTED_EDGE('',*,*,#2470,.T.);
#1024=ORIENTED_EDGE('',*,*,#2842,.F.);
#1025=ORIENTED_EDGE('',*,*,#2252,.F.);
#1026=ORIENTED_EDGE('',*,*,#2843,.T.);
#1027=ORIENTED_EDGE('',*,*,#2259,.T.);
#1028=ORIENTED_EDGE('',*,*,#2844,.T.);
#1029=ORIENTED_EDGE('',*,*,#2171,.F.);
#1030=ORIENTED_EDGE('',*,*,#2845,.T.);
#1031=ORIENTED_EDGE('',*,*,#2183,.T.);
#1032=ORIENTED_EDGE('',*,*,#2846,.T.);
#1033=ORIENTED_EDGE('',*,*,#2269,.F.);
#1034=ORIENTED_EDGE('',*,*,#2847,.T.);
#1035=ORIENTED_EDGE('',*,*,#2277,.T.);
#1036=ORIENTED_EDGE('',*,*,#2848,.T.);
#1037=ORIENTED_EDGE('',*,*,#2353,.F.);
#1038=ORIENTED_EDGE('',*,*,#2849,.T.);
#1039=ORIENTED_EDGE('',*,*,#2349,.T.);
#1040=ORIENTED_EDGE('',*,*,#2469,.T.);
#1041=ORIENTED_EDGE('',*,*,#2334,.F.);
#1042=ORIENTED_EDGE('',*,*,#2850,.T.);
#1043=ORIENTED_EDGE('',*,*,#2330,.T.);
#1044=ORIENTED_EDGE('',*,*,#2766,.F.);
#1045=ORIENTED_EDGE('',*,*,#2851,.T.);
#1046=ORIENTED_EDGE('',*,*,#2452,.T.);
#1047=ORIENTED_EDGE('',*,*,#2287,.F.);
#1048=ORIENTED_EDGE('',*,*,#2852,.T.);
#1049=ORIENTED_EDGE('',*,*,#2295,.T.);
#1050=ORIENTED_EDGE('',*,*,#2853,.T.);
#1051=ORIENTED_EDGE('',*,*,#2304,.F.);
#1052=ORIENTED_EDGE('',*,*,#2565,.F.);
#1053=ORIENTED_EDGE('',*,*,#2854,.T.);
#1054=ORIENTED_EDGE('',*,*,#2855,.T.);
#1055=ORIENTED_EDGE('',*,*,#2856,.T.);
#1056=ORIENTED_EDGE('',*,*,#2855,.F.);
#1057=ORIENTED_EDGE('',*,*,#2857,.T.);
#1058=ORIENTED_EDGE('',*,*,#2858,.T.);
#1059=ORIENTED_EDGE('',*,*,#2308,.T.);
#1060=ORIENTED_EDGE('',*,*,#2364,.T.);
#1061=ORIENTED_EDGE('',*,*,#2466,.T.);
#1062=ORIENTED_EDGE('',*,*,#2859,.F.);
#1063=ORIENTED_EDGE('',*,*,#2860,.F.);
#1064=ORIENTED_EDGE('',*,*,#2861,.T.);
#1065=ORIENTED_EDGE('',*,*,#2862,.T.);
#1066=ORIENTED_EDGE('',*,*,#2863,.T.);
#1067=ORIENTED_EDGE('',*,*,#2862,.F.);
#1068=ORIENTED_EDGE('',*,*,#2864,.T.);
#1069=ORIENTED_EDGE('',*,*,#2562,.F.);
#1070=ORIENTED_EDGE('',*,*,#2865,.T.);
#1071=ORIENTED_EDGE('',*,*,#2866,.T.);
#1072=ORIENTED_EDGE('',*,*,#2865,.F.);
#1073=ORIENTED_EDGE('',*,*,#2561,.F.);
#1074=ORIENTED_EDGE('',*,*,#2867,.T.);
#1075=ORIENTED_EDGE('',*,*,#2868,.T.);
#1076=ORIENTED_EDGE('',*,*,#2869,.T.);
#1077=ORIENTED_EDGE('',*,*,#2868,.F.);
#1078=ORIENTED_EDGE('',*,*,#2870,.T.);
#1079=ORIENTED_EDGE('',*,*,#2871,.T.);
#1080=ORIENTED_EDGE('',*,*,#2860,.T.);
#1081=ORIENTED_EDGE('',*,*,#2872,.T.);
#1082=ORIENTED_EDGE('',*,*,#2462,.T.);
#1083=ORIENTED_EDGE('',*,*,#2873,.F.);
#1084=ORIENTED_EDGE('',*,*,#2193,.F.);
#1085=ORIENTED_EDGE('',*,*,#2874,.T.);
#1086=ORIENTED_EDGE('',*,*,#2205,.T.);
#1087=ORIENTED_EDGE('',*,*,#2875,.T.);
#1088=ORIENTED_EDGE('',*,*,#2386,.F.);
#1089=ORIENTED_EDGE('',*,*,#2770,.T.);
#1090=ORIENTED_EDGE('',*,*,#2876,.T.);
#1091=ORIENTED_EDGE('',*,*,#2432,.T.);
#1092=ORIENTED_EDGE('',*,*,#2214,.F.);
#1093=ORIENTED_EDGE('',*,*,#2877,.T.);
#1094=ORIENTED_EDGE('',*,*,#2878,.T.);
#1095=ORIENTED_EDGE('',*,*,#2879,.T.);
#1096=ORIENTED_EDGE('',*,*,#2880,.T.);
#1097=ORIENTED_EDGE('',*,*,#2435,.T.);
#1098=ORIENTED_EDGE('',*,*,#2519,.F.);
#1099=ORIENTED_EDGE('',*,*,#2879,.F.);
#1100=ORIENTED_EDGE('',*,*,#2881,.T.);
#1101=ORIENTED_EDGE('',*,*,#2222,.T.);
#1102=ORIENTED_EDGE('',*,*,#2882,.T.);
#1103=ORIENTED_EDGE('',*,*,#2447,.T.);
#1104=ORIENTED_EDGE('',*,*,#2883,.T.);
#1105=ORIENTED_EDGE('',*,*,#2526,.F.);
#1106=ORIENTED_EDGE('',*,*,#2774,.T.);
#1107=ORIENTED_EDGE('',*,*,#2884,.F.);
#1108=ORIENTED_EDGE('',*,*,#2377,.T.);
#1109=ORIENTED_EDGE('',*,*,#2253,.F.);
#1110=ORIENTED_EDGE('',*,*,#2885,.T.);
#1111=ORIENTED_EDGE('',*,*,#2448,.T.);
#1112=ORIENTED_EDGE('',*,*,#2885,.F.);
#1113=ORIENTED_EDGE('',*,*,#2844,.F.);
#1114=ORIENTED_EDGE('',*,*,#2324,.T.);
#1115=ORIENTED_EDGE('',*,*,#2444,.T.);
#1116=ORIENTED_EDGE('',*,*,#2501,.F.);
#1117=ORIENTED_EDGE('',*,*,#2846,.F.);
#1118=ORIENTED_EDGE('',*,*,#2504,.T.);
#1119=ORIENTED_EDGE('',*,*,#2440,.T.);
#1120=ORIENTED_EDGE('',*,*,#2515,.F.);
#1121=ORIENTED_EDGE('',*,*,#2875,.F.);
#1122=ORIENTED_EDGE('',*,*,#2509,.T.);
#1123=ORIENTED_EDGE('',*,*,#2876,.F.);
#1124=ORIENTED_EDGE('',*,*,#2769,.T.);
#1125=ORIENTED_EDGE('',*,*,#2516,.T.);
#1126=ORIENTED_EDGE('',*,*,#2433,.T.);
#1127=ORIENTED_EDGE('',*,*,#2436,.T.);
#1128=ORIENTED_EDGE('',*,*,#2880,.F.);
#1129=ORIENTED_EDGE('',*,*,#2882,.F.);
#1130=ORIENTED_EDGE('',*,*,#2381,.T.);
#1131=ORIENTED_EDGE('',*,*,#2451,.T.);
#1132=ORIENTED_EDGE('',*,*,#2326,.F.);
#1133=ORIENTED_EDGE('',*,*,#2853,.F.);
#1134=ORIENTED_EDGE('',*,*,#2336,.T.);
#1135=ORIENTED_EDGE('',*,*,#2493,.T.);
#1136=ORIENTED_EDGE('',*,*,#2886,.T.);
#1137=ORIENTED_EDGE('',*,*,#2429,.T.);
#1138=ORIENTED_EDGE('',*,*,#2887,.F.);
#1139=ORIENTED_EDGE('',*,*,#2428,.T.);
#1140=ORIENTED_EDGE('',*,*,#2888,.T.);
#1141=ORIENTED_EDGE('',*,*,#2494,.T.);
#1142=ORIENTED_EDGE('',*,*,#2887,.T.);
#1143=ORIENTED_EDGE('',*,*,#2339,.F.);
#1144=ORIENTED_EDGE('',*,*,#2889,.T.);
#1145=ORIENTED_EDGE('',*,*,#2785,.T.);
#1146=ORIENTED_EDGE('',*,*,#2486,.T.);
#1147=ORIENTED_EDGE('',*,*,#2483,.T.);
#1148=ORIENTED_EDGE('',*,*,#2799,.F.);
#1149=ORIENTED_EDGE('',*,*,#2790,.F.);
#1150=ORIENTED_EDGE('',*,*,#2890,.T.);
#1151=ORIENTED_EDGE('',*,*,#2484,.T.);
#1152=ORIENTED_EDGE('',*,*,#2890,.F.);
#1153=ORIENTED_EDGE('',*,*,#2793,.F.);
#1154=ORIENTED_EDGE('',*,*,#2891,.T.);
#1155=ORIENTED_EDGE('',*,*,#2485,.T.);
#1156=ORIENTED_EDGE('',*,*,#2891,.F.);
#1157=ORIENTED_EDGE('',*,*,#2796,.F.);
#1158=ORIENTED_EDGE('',*,*,#2800,.T.);
#1159=ORIENTED_EDGE('',*,*,#2479,.T.);
#1160=ORIENTED_EDGE('',*,*,#2813,.F.);
#1161=ORIENTED_EDGE('',*,*,#2804,.F.);
#1162=ORIENTED_EDGE('',*,*,#2892,.T.);
#1163=ORIENTED_EDGE('',*,*,#2480,.T.);
#1164=ORIENTED_EDGE('',*,*,#2892,.F.);
#1165=ORIENTED_EDGE('',*,*,#2807,.F.);
#1166=ORIENTED_EDGE('',*,*,#2893,.T.);
#1167=ORIENTED_EDGE('',*,*,#2481,.T.);
#1168=ORIENTED_EDGE('',*,*,#2893,.F.);
#1169=ORIENTED_EDGE('',*,*,#2810,.F.);
#1170=ORIENTED_EDGE('',*,*,#2814,.T.);
#1171=ORIENTED_EDGE('',*,*,#2475,.T.);
#1172=ORIENTED_EDGE('',*,*,#2827,.F.);
#1173=ORIENTED_EDGE('',*,*,#2818,.F.);
#1174=ORIENTED_EDGE('',*,*,#2894,.T.);
#1175=ORIENTED_EDGE('',*,*,#2476,.T.);
#1176=ORIENTED_EDGE('',*,*,#2894,.F.);
#1177=ORIENTED_EDGE('',*,*,#2821,.F.);
#1178=ORIENTED_EDGE('',*,*,#2895,.T.);
#1179=ORIENTED_EDGE('',*,*,#2477,.T.);
#1180=ORIENTED_EDGE('',*,*,#2895,.F.);
#1181=ORIENTED_EDGE('',*,*,#2824,.F.);
#1182=ORIENTED_EDGE('',*,*,#2828,.T.);
#1183=ORIENTED_EDGE('',*,*,#2471,.T.);
#1184=ORIENTED_EDGE('',*,*,#2841,.F.);
#1185=ORIENTED_EDGE('',*,*,#2832,.F.);
#1186=ORIENTED_EDGE('',*,*,#2896,.T.);
#1187=ORIENTED_EDGE('',*,*,#2472,.T.);
#1188=ORIENTED_EDGE('',*,*,#2896,.F.);
#1189=ORIENTED_EDGE('',*,*,#2835,.F.);
#1190=ORIENTED_EDGE('',*,*,#2897,.T.);
#1191=ORIENTED_EDGE('',*,*,#2473,.T.);
#1192=ORIENTED_EDGE('',*,*,#2897,.F.);
#1193=ORIENTED_EDGE('',*,*,#2838,.F.);
#1194=ORIENTED_EDGE('',*,*,#2842,.T.);
#1195=ORIENTED_EDGE('',*,*,#2468,.T.);
#1196=ORIENTED_EDGE('',*,*,#2347,.F.);
#1197=ORIENTED_EDGE('',*,*,#2848,.F.);
#1198=ORIENTED_EDGE('',*,*,#2355,.T.);
#1199=ORIENTED_EDGE('',*,*,#2467,.T.);
#1200=ORIENTED_EDGE('',*,*,#2357,.F.);
#1201=ORIENTED_EDGE('',*,*,#2856,.F.);
#1202=ORIENTED_EDGE('',*,*,#2859,.T.);
#1203=ORIENTED_EDGE('',*,*,#2463,.T.);
#1204=ORIENTED_EDGE('',*,*,#2872,.F.);
#1205=ORIENTED_EDGE('',*,*,#2863,.F.);
#1206=ORIENTED_EDGE('',*,*,#2898,.T.);
#1207=ORIENTED_EDGE('',*,*,#2464,.T.);
#1208=ORIENTED_EDGE('',*,*,#2898,.F.);
#1209=ORIENTED_EDGE('',*,*,#2866,.F.);
#1210=ORIENTED_EDGE('',*,*,#2899,.T.);
#1211=ORIENTED_EDGE('',*,*,#2465,.T.);
#1212=ORIENTED_EDGE('',*,*,#2899,.F.);
#1213=ORIENTED_EDGE('',*,*,#2869,.F.);
#1214=ORIENTED_EDGE('',*,*,#2873,.T.);
#1215=ORIENTED_EDGE('',*,*,#2753,.F.);
#1216=ORIENTED_EDGE('',*,*,#2900,.T.);
#1217=ORIENTED_EDGE('',*,*,#2746,.T.);
#1218=ORIENTED_EDGE('',*,*,#2901,.T.);
#1219=ORIENTED_EDGE('',*,*,#2633,.F.);
#1220=ORIENTED_EDGE('',*,*,#2902,.T.);
#1221=ORIENTED_EDGE('',*,*,#2382,.T.);
#1222=ORIENTED_EDGE('',*,*,#2220,.T.);
#1223=ORIENTED_EDGE('',*,*,#2366,.F.);
#1224=ORIENTED_EDGE('',*,*,#2216,.T.);
#1225=ORIENTED_EDGE('',*,*,#2518,.T.);
#1226=ORIENTED_EDGE('',*,*,#2768,.T.);
#1227=ORIENTED_EDGE('',*,*,#2510,.T.);
#1228=ORIENTED_EDGE('',*,*,#2203,.T.);
#1229=ORIENTED_EDGE('',*,*,#2368,.F.);
#1230=ORIENTED_EDGE('',*,*,#2195,.T.);
#1231=ORIENTED_EDGE('',*,*,#2514,.T.);
#1232=ORIENTED_EDGE('',*,*,#2776,.T.);
#1233=ORIENTED_EDGE('',*,*,#2370,.F.);
#1234=ORIENTED_EDGE('',*,*,#2173,.T.);
#1235=ORIENTED_EDGE('',*,*,#2500,.T.);
#1236=ORIENTED_EDGE('',*,*,#2775,.T.);
#1237=ORIENTED_EDGE('',*,*,#2505,.T.);
#1238=ORIENTED_EDGE('',*,*,#2181,.T.);
#1239=ORIENTED_EDGE('',*,*,#2372,.F.);
#1240=ORIENTED_EDGE('',*,*,#2255,.T.);
#1241=ORIENTED_EDGE('',*,*,#2376,.F.);
#1242=ORIENTED_EDGE('',*,*,#2378,.F.);
#1243=ORIENTED_EDGE('',*,*,#2884,.T.);
#1244=ORIENTED_EDGE('',*,*,#2773,.T.);
#1245=ORIENTED_EDGE('',*,*,#2431,.F.);
#1246=ORIENTED_EDGE('',*,*,#2903,.T.);
#1247=ORIENTED_EDGE('',*,*,#2491,.F.);
#1248=ORIENTED_EDGE('',*,*,#2388,.T.);
#1249=ORIENTED_EDGE('',*,*,#2392,.T.);
#1250=ORIENTED_EDGE('',*,*,#2904,.T.);
#1251=ORIENTED_EDGE('',*,*,#2437,.F.);
#1252=ORIENTED_EDGE('',*,*,#2379,.T.);
#1253=ORIENTED_EDGE('',*,*,#2743,.F.);
#1254=ORIENTED_EDGE('',*,*,#2905,.T.);
#1255=ORIENTED_EDGE('',*,*,#2737,.T.);
#1256=ORIENTED_EDGE('',*,*,#2906,.T.);
#1257=ORIENTED_EDGE('',*,*,#2741,.T.);
#1258=ORIENTED_EDGE('',*,*,#2907,.T.);
#1259=ORIENTED_EDGE('',*,*,#2409,.T.);
#1260=ORIENTED_EDGE('',*,*,#2908,.T.);
#1261=ORIENTED_EDGE('',*,*,#2732,.T.);
#1262=ORIENTED_EDGE('',*,*,#2909,.T.);
#1263=ORIENTED_EDGE('',*,*,#2742,.F.);
#1264=ORIENTED_EDGE('',*,*,#2909,.F.);
#1265=ORIENTED_EDGE('',*,*,#2738,.F.);
#1266=ORIENTED_EDGE('',*,*,#2905,.F.);
#1267=ORIENTED_EDGE('',*,*,#2888,.F.);
#1268=ORIENTED_EDGE('',*,*,#2427,.F.);
#1269=ORIENTED_EDGE('',*,*,#2910,.T.);
#1270=ORIENTED_EDGE('',*,*,#2911,.F.);
#1271=ORIENTED_EDGE('',*,*,#2495,.F.);
#1272=ORIENTED_EDGE('',*,*,#2911,.T.);
#1273=ORIENTED_EDGE('',*,*,#2912,.T.);
#1274=ORIENTED_EDGE('',*,*,#2529,.F.);
#1275=ORIENTED_EDGE('',*,*,#2913,.F.);
#1276=ORIENTED_EDGE('',*,*,#2496,.F.);
#1277=ORIENTED_EDGE('',*,*,#2630,.F.);
#1278=ORIENTED_EDGE('',*,*,#2914,.T.);
#1279=ORIENTED_EDGE('',*,*,#2915,.T.);
#1280=ORIENTED_EDGE('',*,*,#2488,.F.);
#1281=ORIENTED_EDGE('',*,*,#2916,.F.);
#1282=ORIENTED_EDGE('',*,*,#2916,.T.);
#1283=ORIENTED_EDGE('',*,*,#2913,.T.);
#1284=ORIENTED_EDGE('',*,*,#2917,.F.);
#1285=ORIENTED_EDGE('',*,*,#2917,.T.);
#1286=ORIENTED_EDGE('',*,*,#2532,.F.);
#1287=ORIENTED_EDGE('',*,*,#2918,.F.);
#1288=ORIENTED_EDGE('',*,*,#2631,.F.);
#1289=ORIENTED_EDGE('',*,*,#2902,.F.);
#1290=ORIENTED_EDGE('',*,*,#2632,.F.);
#1291=ORIENTED_EDGE('',*,*,#2919,.F.);
#1292=ORIENTED_EDGE('',*,*,#2754,.F.);
#1293=ORIENTED_EDGE('',*,*,#2919,.T.);
#1294=ORIENTED_EDGE('',*,*,#2918,.T.);
#1295=ORIENTED_EDGE('',*,*,#2920,.F.);
#1296=ORIENTED_EDGE('',*,*,#2920,.T.);
#1297=ORIENTED_EDGE('',*,*,#2531,.F.);
#1298=ORIENTED_EDGE('',*,*,#2921,.T.);
#1299=ORIENTED_EDGE('',*,*,#2922,.F.);
#1300=ORIENTED_EDGE('',*,*,#2755,.F.);
#1301=ORIENTED_EDGE('',*,*,#2922,.T.);
#1302=ORIENTED_EDGE('',*,*,#2923,.T.);
#1303=ORIENTED_EDGE('',*,*,#2425,.F.);
#1304=ORIENTED_EDGE('',*,*,#2924,.F.);
#1305=ORIENTED_EDGE('',*,*,#2756,.F.);
#1306=ORIENTED_EDGE('',*,*,#2924,.T.);
#1307=ORIENTED_EDGE('',*,*,#2424,.F.);
#1308=ORIENTED_EDGE('',*,*,#2925,.F.);
#1309=ORIENTED_EDGE('',*,*,#2758,.F.);
#1310=ORIENTED_EDGE('',*,*,#2925,.T.);
#1311=ORIENTED_EDGE('',*,*,#2423,.F.);
#1312=ORIENTED_EDGE('',*,*,#2926,.T.);
#1313=ORIENTED_EDGE('',*,*,#2927,.F.);
#1314=ORIENTED_EDGE('',*,*,#2749,.F.);
#1315=ORIENTED_EDGE('',*,*,#2927,.T.);
#1316=ORIENTED_EDGE('',*,*,#2928,.T.);
#1317=ORIENTED_EDGE('',*,*,#2533,.F.);
#1318=ORIENTED_EDGE('',*,*,#2929,.F.);
#1319=ORIENTED_EDGE('',*,*,#2750,.F.);
#1320=ORIENTED_EDGE('',*,*,#2901,.F.);
#1321=ORIENTED_EDGE('',*,*,#2751,.F.);
#1322=ORIENTED_EDGE('',*,*,#2930,.F.);
#1323=ORIENTED_EDGE('',*,*,#2634,.F.);
#1324=ORIENTED_EDGE('',*,*,#2930,.T.);
#1325=ORIENTED_EDGE('',*,*,#2929,.T.);
#1326=ORIENTED_EDGE('',*,*,#2931,.F.);
#1327=ORIENTED_EDGE('',*,*,#2931,.T.);
#1328=ORIENTED_EDGE('',*,*,#2536,.F.);
#1329=ORIENTED_EDGE('',*,*,#2932,.F.);
#1330=ORIENTED_EDGE('',*,*,#2635,.F.);
#1331=ORIENTED_EDGE('',*,*,#2731,.F.);
#1332=ORIENTED_EDGE('',*,*,#2730,.F.);
#1333=ORIENTED_EDGE('',*,*,#2933,.F.);
#1334=ORIENTED_EDGE('',*,*,#2934,.F.);
#1335=ORIENTED_EDGE('',*,*,#2140,.F.);
#1336=ORIENTED_EDGE('',*,*,#2139,.F.);
#1337=ORIENTED_EDGE('',*,*,#2935,.F.);
#1338=ORIENTED_EDGE('',*,*,#2676,.F.);
#1339=ORIENTED_EDGE('',*,*,#2936,.T.);
#1340=ORIENTED_EDGE('',*,*,#2727,.F.);
#1341=ORIENTED_EDGE('',*,*,#2937,.F.);
#1342=ORIENTED_EDGE('',*,*,#2932,.T.);
#1343=ORIENTED_EDGE('',*,*,#2674,.F.);
#1344=ORIENTED_EDGE('',*,*,#2938,.F.);
#1345=ORIENTED_EDGE('',*,*,#2636,.F.);
#1346=ORIENTED_EDGE('',*,*,#2937,.T.);
#1347=ORIENTED_EDGE('',*,*,#2935,.T.);
#1348=ORIENTED_EDGE('',*,*,#2939,.F.);
#1349=ORIENTED_EDGE('',*,*,#2938,.T.);
#1350=ORIENTED_EDGE('',*,*,#2707,.F.);
#1351=ORIENTED_EDGE('',*,*,#2940,.F.);
#1352=ORIENTED_EDGE('',*,*,#2637,.F.);
#1353=ORIENTED_EDGE('',*,*,#2939,.T.);
#1354=ORIENTED_EDGE('',*,*,#2155,.F.);
#1355=ORIENTED_EDGE('',*,*,#2941,.F.);
#1356=ORIENTED_EDGE('',*,*,#2677,.F.);
#1357=ORIENTED_EDGE('',*,*,#2940,.T.);
#1358=ORIENTED_EDGE('',*,*,#2709,.F.);
#1359=ORIENTED_EDGE('',*,*,#2942,.F.);
#1360=ORIENTED_EDGE('',*,*,#2638,.F.);
#1361=ORIENTED_EDGE('',*,*,#2941,.T.);
#1362=ORIENTED_EDGE('',*,*,#2154,.F.);
#1363=ORIENTED_EDGE('',*,*,#2943,.F.);
#1364=ORIENTED_EDGE('',*,*,#2617,.F.);
#1365=ORIENTED_EDGE('',*,*,#2942,.T.);
#1366=ORIENTED_EDGE('',*,*,#2704,.F.);
#1367=ORIENTED_EDGE('',*,*,#2944,.F.);
#1368=ORIENTED_EDGE('',*,*,#2639,.F.);
#1369=ORIENTED_EDGE('',*,*,#2943,.T.);
#1370=ORIENTED_EDGE('',*,*,#2153,.F.);
#1371=ORIENTED_EDGE('',*,*,#2945,.F.);
#1372=ORIENTED_EDGE('',*,*,#2680,.F.);
#1373=ORIENTED_EDGE('',*,*,#2944,.T.);
#1374=ORIENTED_EDGE('',*,*,#2621,.F.);
#1375=ORIENTED_EDGE('',*,*,#2946,.F.);
#1376=ORIENTED_EDGE('',*,*,#2640,.F.);
#1377=ORIENTED_EDGE('',*,*,#2945,.T.);
#1378=ORIENTED_EDGE('',*,*,#2152,.F.);
#1379=ORIENTED_EDGE('',*,*,#2947,.F.);
#1380=ORIENTED_EDGE('',*,*,#2683,.F.);
#1381=ORIENTED_EDGE('',*,*,#2946,.T.);
#1382=ORIENTED_EDGE('',*,*,#2699,.F.);
#1383=ORIENTED_EDGE('',*,*,#2948,.F.);
#1384=ORIENTED_EDGE('',*,*,#2641,.F.);
#1385=ORIENTED_EDGE('',*,*,#2600,.F.);
#1386=ORIENTED_EDGE('',*,*,#2949,.T.);
#1387=ORIENTED_EDGE('',*,*,#2781,.F.);
#1388=ORIENTED_EDGE('',*,*,#2950,.F.);
#1389=ORIENTED_EDGE('',*,*,#2947,.T.);
#1390=ORIENTED_EDGE('',*,*,#2151,.F.);
#1391=ORIENTED_EDGE('',*,*,#2951,.F.);
#1392=ORIENTED_EDGE('',*,*,#2685,.F.);
#1393=ORIENTED_EDGE('',*,*,#2948,.T.);
#1394=ORIENTED_EDGE('',*,*,#2701,.F.);
#1395=ORIENTED_EDGE('',*,*,#2952,.F.);
#1396=ORIENTED_EDGE('',*,*,#2642,.F.);
#1397=ORIENTED_EDGE('',*,*,#2953,.F.);
#1398=ORIENTED_EDGE('',*,*,#2950,.T.);
#1399=ORIENTED_EDGE('',*,*,#2954,.F.);
#1400=ORIENTED_EDGE('',*,*,#2951,.T.);
#1401=ORIENTED_EDGE('',*,*,#2150,.F.);
#1402=ORIENTED_EDGE('',*,*,#2955,.F.);
#1403=ORIENTED_EDGE('',*,*,#2613,.F.);
#1404=ORIENTED_EDGE('',*,*,#2952,.T.);
#1405=ORIENTED_EDGE('',*,*,#2696,.F.);
#1406=ORIENTED_EDGE('',*,*,#2956,.F.);
#1407=ORIENTED_EDGE('',*,*,#2643,.F.);
#1408=ORIENTED_EDGE('',*,*,#2783,.F.);
#1409=ORIENTED_EDGE('',*,*,#2957,.T.);
#1410=ORIENTED_EDGE('',*,*,#2648,.F.);
#1411=ORIENTED_EDGE('',*,*,#2958,.F.);
#1412=ORIENTED_EDGE('',*,*,#2954,.T.);
#1413=ORIENTED_EDGE('',*,*,#2784,.F.);
#1414=ORIENTED_EDGE('',*,*,#2959,.F.);
#1415=ORIENTED_EDGE('',*,*,#2655,.F.);
#1416=ORIENTED_EDGE('',*,*,#2953,.T.);
#1417=ORIENTED_EDGE('',*,*,#2654,.F.);
#1418=ORIENTED_EDGE('',*,*,#2960,.F.);
#1419=ORIENTED_EDGE('',*,*,#2601,.F.);
#1420=ORIENTED_EDGE('',*,*,#2779,.F.);
#1421=ORIENTED_EDGE('',*,*,#2961,.T.);
#1422=ORIENTED_EDGE('',*,*,#2598,.F.);
#1423=ORIENTED_EDGE('',*,*,#2962,.F.);
#1424=ORIENTED_EDGE('',*,*,#2955,.T.);
#1425=ORIENTED_EDGE('',*,*,#2149,.F.);
#1426=ORIENTED_EDGE('',*,*,#2963,.F.);
#1427=ORIENTED_EDGE('',*,*,#2688,.F.);
#1428=ORIENTED_EDGE('',*,*,#2956,.T.);
#1429=ORIENTED_EDGE('',*,*,#2625,.F.);
#1430=ORIENTED_EDGE('',*,*,#2964,.F.);
#1431=ORIENTED_EDGE('',*,*,#2644,.F.);
#1432=ORIENTED_EDGE('',*,*,#2959,.T.);
#1433=ORIENTED_EDGE('',*,*,#2958,.T.);
#1434=ORIENTED_EDGE('',*,*,#2965,.F.);
#1435=ORIENTED_EDGE('',*,*,#2962,.T.);
#1436=ORIENTED_EDGE('',*,*,#2960,.T.);
#1437=ORIENTED_EDGE('',*,*,#2966,.F.);
#1438=ORIENTED_EDGE('',*,*,#2963,.T.);
#1439=ORIENTED_EDGE('',*,*,#2148,.F.);
#1440=ORIENTED_EDGE('',*,*,#2967,.F.);
#1441=ORIENTED_EDGE('',*,*,#2693,.F.);
#1442=ORIENTED_EDGE('',*,*,#2670,.F.);
#1443=ORIENTED_EDGE('',*,*,#2968,.T.);
#1444=ORIENTED_EDGE('',*,*,#2739,.F.);
#1445=ORIENTED_EDGE('',*,*,#2969,.F.);
#1446=ORIENTED_EDGE('',*,*,#2964,.T.);
#1447=ORIENTED_EDGE('',*,*,#2671,.F.);
#1448=ORIENTED_EDGE('',*,*,#2970,.F.);
#1449=ORIENTED_EDGE('',*,*,#2645,.F.);
#1450=ORIENTED_EDGE('',*,*,#2971,.T.);
#1451=ORIENTED_EDGE('',*,*,#2972,.T.);
#1452=ORIENTED_EDGE('',*,*,#2628,.F.);
#1453=ORIENTED_EDGE('',*,*,#2973,.F.);
#1454=ORIENTED_EDGE('',*,*,#2650,.F.);
#1455=ORIENTED_EDGE('',*,*,#2965,.T.);
#1456=ORIENTED_EDGE('',*,*,#2651,.F.);
#1457=ORIENTED_EDGE('',*,*,#2974,.F.);
#1458=ORIENTED_EDGE('',*,*,#2656,.F.);
#1459=ORIENTED_EDGE('',*,*,#2966,.T.);
#1460=ORIENTED_EDGE('',*,*,#2653,.F.);
#1461=ORIENTED_EDGE('',*,*,#2975,.F.);
#1462=ORIENTED_EDGE('',*,*,#2780,.F.);
#1463=ORIENTED_EDGE('',*,*,#2664,.F.);
#1464=ORIENTED_EDGE('',*,*,#2976,.T.);
#1465=ORIENTED_EDGE('',*,*,#2777,.F.);
#1466=ORIENTED_EDGE('',*,*,#2977,.F.);
#1467=ORIENTED_EDGE('',*,*,#2967,.T.);
#1468=ORIENTED_EDGE('',*,*,#2147,.F.);
#1469=ORIENTED_EDGE('',*,*,#2978,.F.);
#1470=ORIENTED_EDGE('',*,*,#2691,.F.);
#1471=ORIENTED_EDGE('',*,*,#2970,.T.);
#1472=ORIENTED_EDGE('',*,*,#2969,.T.);
#1473=ORIENTED_EDGE('',*,*,#2979,.F.);
#1474=ORIENTED_EDGE('',*,*,#2974,.T.);
#1475=ORIENTED_EDGE('',*,*,#2973,.T.);
#1476=ORIENTED_EDGE('',*,*,#2980,.F.);
#1477=ORIENTED_EDGE('',*,*,#2977,.T.);
#1478=ORIENTED_EDGE('',*,*,#2975,.T.);
#1479=ORIENTED_EDGE('',*,*,#2981,.F.);
#1480=ORIENTED_EDGE('',*,*,#2978,.T.);
#1481=ORIENTED_EDGE('',*,*,#2146,.F.);
#1482=ORIENTED_EDGE('',*,*,#2982,.F.);
#1483=ORIENTED_EDGE('',*,*,#2668,.F.);
#1484=ORIENTED_EDGE('',*,*,#2979,.T.);
#1485=ORIENTED_EDGE('',*,*,#2745,.F.);
#1486=ORIENTED_EDGE('',*,*,#2983,.F.);
#1487=ORIENTED_EDGE('',*,*,#2646,.F.);
#1488=ORIENTED_EDGE('',*,*,#2980,.T.);
#1489=ORIENTED_EDGE('',*,*,#2647,.F.);
#1490=ORIENTED_EDGE('',*,*,#2984,.F.);
#1491=ORIENTED_EDGE('',*,*,#2657,.F.);
#1492=ORIENTED_EDGE('',*,*,#2981,.T.);
#1493=ORIENTED_EDGE('',*,*,#2652,.F.);
#1494=ORIENTED_EDGE('',*,*,#2985,.F.);
#1495=ORIENTED_EDGE('',*,*,#2665,.F.);
#1496=ORIENTED_EDGE('',*,*,#2142,.F.);
#1497=ORIENTED_EDGE('',*,*,#2986,.T.);
#1498=ORIENTED_EDGE('',*,*,#2987,.T.);
#1499=ORIENTED_EDGE('',*,*,#2662,.F.);
#1500=ORIENTED_EDGE('',*,*,#2988,.F.);
#1501=ORIENTED_EDGE('',*,*,#2982,.T.);
#1502=ORIENTED_EDGE('',*,*,#2145,.F.);
#1503=ORIENTED_EDGE('',*,*,#2989,.F.);
#1504=ORIENTED_EDGE('',*,*,#2540,.F.);
#1505=ORIENTED_EDGE('',*,*,#2734,.F.);
#1506=ORIENTED_EDGE('',*,*,#2990,.T.);
#1507=ORIENTED_EDGE('',*,*,#2537,.F.);
#1508=ORIENTED_EDGE('',*,*,#2991,.F.);
#1509=ORIENTED_EDGE('',*,*,#2984,.T.);
#1510=ORIENTED_EDGE('',*,*,#2983,.T.);
#1511=ORIENTED_EDGE('',*,*,#2992,.F.);
#1512=ORIENTED_EDGE('',*,*,#2988,.T.);
#1513=ORIENTED_EDGE('',*,*,#2985,.T.);
#1514=ORIENTED_EDGE('',*,*,#2993,.F.);
#1515=ORIENTED_EDGE('',*,*,#2991,.T.);
#1516=ORIENTED_EDGE('',*,*,#2989,.T.);
#1517=ORIENTED_EDGE('',*,*,#2994,.F.);
#1518=ORIENTED_EDGE('',*,*,#2992,.T.);
#1519=ORIENTED_EDGE('',*,*,#2744,.F.);
#1520=ORIENTED_EDGE('',*,*,#2995,.F.);
#1521=ORIENTED_EDGE('',*,*,#2658,.F.);
#1522=ORIENTED_EDGE('',*,*,#2993,.T.);
#1523=ORIENTED_EDGE('',*,*,#2661,.F.);
#1524=ORIENTED_EDGE('',*,*,#2996,.F.);
#1525=ORIENTED_EDGE('',*,*,#2143,.F.);
#1526=ORIENTED_EDGE('',*,*,#2994,.T.);
#1527=ORIENTED_EDGE('',*,*,#2144,.F.);
#1528=ORIENTED_EDGE('',*,*,#2997,.F.);
#1529=ORIENTED_EDGE('',*,*,#2735,.F.);
#1530=ORIENTED_EDGE('',*,*,#2995,.T.);
#1531=ORIENTED_EDGE('',*,*,#2906,.F.);
#1532=ORIENTED_EDGE('',*,*,#2998,.F.);
#1533=ORIENTED_EDGE('',*,*,#2659,.F.);
#1534=ORIENTED_EDGE('',*,*,#2997,.T.);
#1535=ORIENTED_EDGE('',*,*,#2996,.T.);
#1536=ORIENTED_EDGE('',*,*,#2999,.F.);
#1537=ORIENTED_EDGE('',*,*,#2998,.T.);
#1538=ORIENTED_EDGE('',*,*,#2736,.F.);
#1539=ORIENTED_EDGE('',*,*,#2999,.T.);
#1540=ORIENTED_EDGE('',*,*,#2660,.F.);
#1541=ORIENTED_EDGE('',*,*,#2512,.F.);
#1542=ORIENTED_EDGE('',*,*,#2438,.F.);
#1543=ORIENTED_EDGE('',*,*,#2904,.F.);
#1544=ORIENTED_EDGE('',*,*,#2391,.F.);
#1545=ORIENTED_EDGE('',*,*,#2886,.F.);
#1546=ORIENTED_EDGE('',*,*,#2492,.F.);
#1547=ORIENTED_EDGE('',*,*,#2903,.F.);
#1548=ORIENTED_EDGE('',*,*,#2430,.F.);
#1549=ORIENTED_EDGE('',*,*,#2851,.F.);
#1550=ORIENTED_EDGE('',*,*,#2765,.F.);
#1551=ORIENTED_EDGE('',*,*,#3000,.F.);
#1552=ORIENTED_EDGE('',*,*,#3001,.T.);
#1553=ORIENTED_EDGE('',*,*,#2453,.F.);
#1554=ORIENTED_EDGE('',*,*,#3002,.T.);
#1555=ORIENTED_EDGE('',*,*,#2158,.T.);
#1556=ORIENTED_EDGE('',*,*,#2136,.F.);
#1557=ORIENTED_EDGE('',*,*,#3003,.F.);
#1558=ORIENTED_EDGE('',*,*,#2763,.F.);
#1559=ORIENTED_EDGE('',*,*,#3000,.T.);
#1560=ORIENTED_EDGE('',*,*,#2764,.F.);
#1561=ORIENTED_EDGE('',*,*,#3004,.F.);
#1562=ORIENTED_EDGE('',*,*,#2543,.F.);
#1563=ORIENTED_EDGE('',*,*,#3005,.T.);
#1564=ORIENTED_EDGE('',*,*,#3004,.T.);
#1565=ORIENTED_EDGE('',*,*,#3003,.T.);
#1566=ORIENTED_EDGE('',*,*,#3006,.F.);
#1567=ORIENTED_EDGE('',*,*,#3006,.T.);
#1568=ORIENTED_EDGE('',*,*,#2135,.F.);
#1569=ORIENTED_EDGE('',*,*,#3007,.F.);
#1570=ORIENTED_EDGE('',*,*,#2544,.F.);
#1571=ORIENTED_EDGE('',*,*,#2724,.F.);
#1572=ORIENTED_EDGE('',*,*,#3008,.T.);
#1573=ORIENTED_EDGE('',*,*,#2541,.F.);
#1574=ORIENTED_EDGE('',*,*,#3009,.F.);
#1575=ORIENTED_EDGE('',*,*,#3009,.T.);
#1576=ORIENTED_EDGE('',*,*,#3007,.T.);
#1577=ORIENTED_EDGE('',*,*,#3010,.F.);
#1578=ORIENTED_EDGE('',*,*,#2134,.F.);
#1579=ORIENTED_EDGE('',*,*,#2133,.F.);
#1580=ORIENTED_EDGE('',*,*,#2157,.F.);
#1581=ORIENTED_EDGE('',*,*,#3011,.F.);
#1582=ORIENTED_EDGE('',*,*,#2726,.F.);
#1583=ORIENTED_EDGE('',*,*,#2725,.F.);
#1584=ORIENTED_EDGE('',*,*,#3010,.T.);
#1585=ORIENTED_EDGE('',*,*,#2497,.F.);
#1586=ORIENTED_EDGE('',*,*,#2442,.F.);
#1587=ORIENTED_EDGE('',*,*,#2508,.F.);
#1588=ORIENTED_EDGE('',*,*,#2524,.F.);
#1589=ORIENTED_EDGE('',*,*,#2883,.F.);
#1590=ORIENTED_EDGE('',*,*,#2446,.F.);
#1591=ORIENTED_EDGE('',*,*,#2503,.F.);
#1592=ORIENTED_EDGE('',*,*,#2527,.F.);
#1593=ORIENTED_EDGE('',*,*,#2328,.F.);
#1594=ORIENTED_EDGE('',*,*,#2450,.F.);
#1595=ORIENTED_EDGE('',*,*,#3012,.F.);
#1596=ORIENTED_EDGE('',*,*,#2767,.F.);
#1597=ORIENTED_EDGE('',*,*,#3012,.T.);
#1598=ORIENTED_EDGE('',*,*,#2449,.F.);
#1599=ORIENTED_EDGE('',*,*,#2322,.F.);
#1600=ORIENTED_EDGE('',*,*,#2760,.F.);
#1601=ORIENTED_EDGE('',*,*,#2710,.F.);
#1602=ORIENTED_EDGE('',*,*,#2549,.F.);
#1603=ORIENTED_EDGE('',*,*,#2713,.F.);
#1604=ORIENTED_EDGE('',*,*,#2550,.F.);
#1605=ORIENTED_EDGE('',*,*,#2551,.F.);
#1606=ORIENTED_EDGE('',*,*,#2716,.F.);
#1607=ORIENTED_EDGE('',*,*,#2552,.F.);
#1608=ORIENTED_EDGE('',*,*,#2719,.F.);
#1609=ORIENTED_EDGE('',*,*,#2608,.F.);
#1610=ORIENTED_EDGE('',*,*,#2626,.F.);
#1611=ORIENTED_EDGE('',*,*,#2606,.F.);
#1612=ORIENTED_EDGE('',*,*,#2627,.F.);
#1613=ORIENTED_EDGE('',*,*,#2138,.F.);
#1614=ORIENTED_EDGE('',*,*,#2604,.F.);
#1615=ORIENTED_EDGE('',*,*,#2137,.F.);
#1616=ORIENTED_EDGE('',*,*,#2602,.F.);
#1617=ORIENTED_EDGE('',*,*,#2123,.F.);
#1618=ORIENTED_EDGE('',*,*,#3013,.T.);
#1619=ORIENTED_EDGE('',*,*,#2971,.F.);
#1620=ORIENTED_EDGE('',*,*,#2649,.F.);
#1621=ORIENTED_EDGE('',*,*,#3014,.F.);
#1622=ORIENTED_EDGE('',*,*,#3014,.T.);
#1623=ORIENTED_EDGE('',*,*,#2957,.F.);
#1624=ORIENTED_EDGE('',*,*,#3015,.F.);
#1625=ORIENTED_EDGE('',*,*,#2124,.F.);
#1626=ORIENTED_EDGE('',*,*,#3015,.T.);
#1627=ORIENTED_EDGE('',*,*,#2782,.F.);
#1628=ORIENTED_EDGE('',*,*,#3016,.F.);
#1629=ORIENTED_EDGE('',*,*,#2125,.F.);
#1630=ORIENTED_EDGE('',*,*,#3016,.T.);
#1631=ORIENTED_EDGE('',*,*,#2949,.F.);
#1632=ORIENTED_EDGE('',*,*,#3017,.F.);
#1633=ORIENTED_EDGE('',*,*,#2126,.F.);
#1634=ORIENTED_EDGE('',*,*,#3017,.T.);
#1635=ORIENTED_EDGE('',*,*,#2599,.F.);
#1636=ORIENTED_EDGE('',*,*,#3018,.F.);
#1637=ORIENTED_EDGE('',*,*,#2127,.F.);
#1638=ORIENTED_EDGE('',*,*,#3018,.T.);
#1639=ORIENTED_EDGE('',*,*,#2961,.F.);
#1640=ORIENTED_EDGE('',*,*,#3019,.F.);
#1641=ORIENTED_EDGE('',*,*,#2128,.F.);
#1642=ORIENTED_EDGE('',*,*,#3019,.T.);
#1643=ORIENTED_EDGE('',*,*,#2778,.F.);
#1644=ORIENTED_EDGE('',*,*,#3020,.F.);
#1645=ORIENTED_EDGE('',*,*,#2129,.F.);
#1646=ORIENTED_EDGE('',*,*,#3020,.T.);
#1647=ORIENTED_EDGE('',*,*,#2976,.F.);
#1648=ORIENTED_EDGE('',*,*,#3021,.F.);
#1649=ORIENTED_EDGE('',*,*,#2130,.F.);
#1650=ORIENTED_EDGE('',*,*,#2987,.F.);
#1651=ORIENTED_EDGE('',*,*,#3022,.T.);
#1652=ORIENTED_EDGE('',*,*,#2131,.F.);
#1653=ORIENTED_EDGE('',*,*,#3021,.T.);
#1654=ORIENTED_EDGE('',*,*,#2663,.F.);
#1655=ORIENTED_EDGE('',*,*,#2915,.F.);
#1656=ORIENTED_EDGE('',*,*,#3023,.T.);
#1657=ORIENTED_EDGE('',*,*,#2121,.F.);
#1658=ORIENTED_EDGE('',*,*,#3024,.F.);
#1659=ORIENTED_EDGE('',*,*,#2489,.F.);
#1660=ORIENTED_EDGE('',*,*,#3024,.T.);
#1661=ORIENTED_EDGE('',*,*,#2120,.F.);
#1662=ORIENTED_EDGE('',*,*,#3025,.F.);
#1663=ORIENTED_EDGE('',*,*,#2771,.F.);
#1664=ORIENTED_EDGE('',*,*,#2119,.F.);
#1665=ORIENTED_EDGE('',*,*,#2159,.T.);
#1666=ORIENTED_EDGE('',*,*,#3002,.F.);
#1667=ORIENTED_EDGE('',*,*,#2762,.F.);
#1668=ORIENTED_EDGE('',*,*,#3025,.T.);
#1669=ORIENTED_EDGE('',*,*,#2910,.F.);
#1670=ORIENTED_EDGE('',*,*,#2426,.F.);
#1671=ORIENTED_EDGE('',*,*,#2923,.F.);
#1672=ORIENTED_EDGE('',*,*,#2921,.F.);
#1673=ORIENTED_EDGE('',*,*,#2530,.F.);
#1674=ORIENTED_EDGE('',*,*,#2912,.F.);
#1675=ORIENTED_EDGE('',*,*,#2747,.F.);
#1676=ORIENTED_EDGE('',*,*,#2900,.F.);
#1677=ORIENTED_EDGE('',*,*,#2752,.F.);
#1678=ORIENTED_EDGE('',*,*,#2521,.F.);
#1679=ORIENTED_EDGE('',*,*,#2907,.F.);
#1680=ORIENTED_EDGE('',*,*,#2740,.F.);
#1681=ORIENTED_EDGE('',*,*,#3026,.F.);
#1682=ORIENTED_EDGE('',*,*,#2410,.F.);
#1683=ORIENTED_EDGE('',*,*,#3026,.T.);
#1684=ORIENTED_EDGE('',*,*,#2968,.F.);
#1685=ORIENTED_EDGE('',*,*,#3027,.F.);
#1686=ORIENTED_EDGE('',*,*,#2411,.F.);
#1687=ORIENTED_EDGE('',*,*,#3027,.T.);
#1688=ORIENTED_EDGE('',*,*,#2669,.F.);
#1689=ORIENTED_EDGE('',*,*,#3028,.F.);
#1690=ORIENTED_EDGE('',*,*,#2412,.F.);
#1691=ORIENTED_EDGE('',*,*,#3028,.T.);
#1692=ORIENTED_EDGE('',*,*,#2623,.F.);
#1693=ORIENTED_EDGE('',*,*,#3029,.F.);
#1694=ORIENTED_EDGE('',*,*,#2413,.F.);
#1695=ORIENTED_EDGE('',*,*,#3029,.T.);
#1696=ORIENTED_EDGE('',*,*,#2695,.F.);
#1697=ORIENTED_EDGE('',*,*,#3030,.F.);
#1698=ORIENTED_EDGE('',*,*,#2414,.F.);
#1699=ORIENTED_EDGE('',*,*,#3030,.T.);
#1700=ORIENTED_EDGE('',*,*,#2700,.F.);
#1701=ORIENTED_EDGE('',*,*,#3031,.F.);
#1702=ORIENTED_EDGE('',*,*,#2415,.F.);
#1703=ORIENTED_EDGE('',*,*,#3031,.T.);
#1704=ORIENTED_EDGE('',*,*,#2697,.F.);
#1705=ORIENTED_EDGE('',*,*,#3032,.F.);
#1706=ORIENTED_EDGE('',*,*,#2416,.F.);
#1707=ORIENTED_EDGE('',*,*,#3032,.T.);
#1708=ORIENTED_EDGE('',*,*,#2619,.F.);
#1709=ORIENTED_EDGE('',*,*,#3033,.F.);
#1710=ORIENTED_EDGE('',*,*,#2417,.F.);
#1711=ORIENTED_EDGE('',*,*,#3033,.T.);
#1712=ORIENTED_EDGE('',*,*,#2703,.F.);
#1713=ORIENTED_EDGE('',*,*,#3034,.F.);
#1714=ORIENTED_EDGE('',*,*,#2418,.F.);
#1715=ORIENTED_EDGE('',*,*,#3034,.T.);
#1716=ORIENTED_EDGE('',*,*,#2708,.F.);
#1717=ORIENTED_EDGE('',*,*,#3035,.F.);
#1718=ORIENTED_EDGE('',*,*,#2419,.F.);
#1719=ORIENTED_EDGE('',*,*,#3035,.T.);
#1720=ORIENTED_EDGE('',*,*,#2705,.F.);
#1721=ORIENTED_EDGE('',*,*,#3036,.F.);
#1722=ORIENTED_EDGE('',*,*,#2420,.F.);
#1723=ORIENTED_EDGE('',*,*,#3036,.T.);
#1724=ORIENTED_EDGE('',*,*,#2672,.F.);
#1725=ORIENTED_EDGE('',*,*,#3037,.F.);
#1726=ORIENTED_EDGE('',*,*,#2421,.F.);
#1727=ORIENTED_EDGE('',*,*,#2926,.F.);
#1728=ORIENTED_EDGE('',*,*,#2422,.F.);
#1729=ORIENTED_EDGE('',*,*,#3037,.T.);
#1730=ORIENTED_EDGE('',*,*,#2534,.F.);
#1731=ORIENTED_EDGE('',*,*,#2928,.F.);
#1732=ORIENTED_EDGE('',*,*,#2908,.F.);
#1733=ORIENTED_EDGE('',*,*,#2408,.F.);
#1734=ORIENTED_EDGE('',*,*,#3038,.F.);
#1735=ORIENTED_EDGE('',*,*,#2733,.F.);
#1736=ORIENTED_EDGE('',*,*,#3038,.T.);
#1737=ORIENTED_EDGE('',*,*,#2407,.F.);
#1738=ORIENTED_EDGE('',*,*,#3039,.F.);
#1739=ORIENTED_EDGE('',*,*,#2990,.F.);
#1740=ORIENTED_EDGE('',*,*,#3039,.T.);
#1741=ORIENTED_EDGE('',*,*,#2406,.F.);
#1742=ORIENTED_EDGE('',*,*,#3040,.F.);
#1743=ORIENTED_EDGE('',*,*,#2538,.F.);
#1744=ORIENTED_EDGE('',*,*,#3040,.T.);
#1745=ORIENTED_EDGE('',*,*,#2405,.F.);
#1746=ORIENTED_EDGE('',*,*,#3041,.F.);
#1747=ORIENTED_EDGE('',*,*,#2666,.F.);
#1748=ORIENTED_EDGE('',*,*,#3041,.T.);
#1749=ORIENTED_EDGE('',*,*,#2404,.F.);
#1750=ORIENTED_EDGE('',*,*,#3042,.F.);
#1751=ORIENTED_EDGE('',*,*,#2689,.F.);
#1752=ORIENTED_EDGE('',*,*,#3042,.T.);
#1753=ORIENTED_EDGE('',*,*,#2403,.F.);
#1754=ORIENTED_EDGE('',*,*,#3043,.F.);
#1755=ORIENTED_EDGE('',*,*,#2692,.F.);
#1756=ORIENTED_EDGE('',*,*,#3043,.T.);
#1757=ORIENTED_EDGE('',*,*,#2402,.F.);
#1758=ORIENTED_EDGE('',*,*,#3044,.F.);
#1759=ORIENTED_EDGE('',*,*,#2687,.F.);
#1760=ORIENTED_EDGE('',*,*,#3044,.T.);
#1761=ORIENTED_EDGE('',*,*,#2401,.F.);
#1762=ORIENTED_EDGE('',*,*,#3045,.F.);
#1763=ORIENTED_EDGE('',*,*,#2611,.F.);
#1764=ORIENTED_EDGE('',*,*,#3045,.T.);
#1765=ORIENTED_EDGE('',*,*,#2400,.F.);
#1766=ORIENTED_EDGE('',*,*,#3046,.F.);
#1767=ORIENTED_EDGE('',*,*,#2684,.F.);
#1768=ORIENTED_EDGE('',*,*,#3046,.T.);
#1769=ORIENTED_EDGE('',*,*,#2399,.F.);
#1770=ORIENTED_EDGE('',*,*,#3047,.F.);
#1771=ORIENTED_EDGE('',*,*,#2682,.F.);
#1772=ORIENTED_EDGE('',*,*,#3047,.T.);
#1773=ORIENTED_EDGE('',*,*,#2398,.F.);
#1774=ORIENTED_EDGE('',*,*,#3048,.F.);
#1775=ORIENTED_EDGE('',*,*,#2679,.F.);
#1776=ORIENTED_EDGE('',*,*,#3048,.T.);
#1777=ORIENTED_EDGE('',*,*,#2397,.F.);
#1778=ORIENTED_EDGE('',*,*,#3049,.F.);
#1779=ORIENTED_EDGE('',*,*,#2615,.F.);
#1780=ORIENTED_EDGE('',*,*,#3049,.T.);
#1781=ORIENTED_EDGE('',*,*,#2396,.F.);
#1782=ORIENTED_EDGE('',*,*,#3050,.F.);
#1783=ORIENTED_EDGE('',*,*,#2675,.F.);
#1784=ORIENTED_EDGE('',*,*,#2395,.F.);
#1785=ORIENTED_EDGE('',*,*,#3051,.T.);
#1786=ORIENTED_EDGE('',*,*,#2936,.F.);
#1787=ORIENTED_EDGE('',*,*,#3050,.T.);
#1788=ORIENTED_EDGE('',*,*,#3008,.F.);
#1789=ORIENTED_EDGE('',*,*,#3052,.T.);
#1790=ORIENTED_EDGE('',*,*,#2455,.F.);
#1791=ORIENTED_EDGE('',*,*,#3053,.F.);
#1792=ORIENTED_EDGE('',*,*,#3053,.T.);
#1793=ORIENTED_EDGE('',*,*,#2454,.F.);
#1794=ORIENTED_EDGE('',*,*,#3001,.F.);
#1795=ORIENTED_EDGE('',*,*,#3005,.F.);
#1796=ORIENTED_EDGE('',*,*,#2542,.F.);
#1797=ORIENTED_EDGE('',*,*,#2816,.F.);
#1798=ORIENTED_EDGE('',*,*,#2826,.F.);
#1799=ORIENTED_EDGE('',*,*,#3054,.F.);
#1800=ORIENTED_EDGE('',*,*,#2586,.F.);
#1801=ORIENTED_EDGE('',*,*,#2819,.F.);
#1802=ORIENTED_EDGE('',*,*,#3054,.T.);
#1803=ORIENTED_EDGE('',*,*,#2825,.F.);
#1804=ORIENTED_EDGE('',*,*,#2822,.F.);
#1805=ORIENTED_EDGE('',*,*,#2583,.F.);
#1806=ORIENTED_EDGE('',*,*,#2830,.F.);
#1807=ORIENTED_EDGE('',*,*,#2840,.F.);
#1808=ORIENTED_EDGE('',*,*,#3055,.F.);
#1809=ORIENTED_EDGE('',*,*,#2582,.F.);
#1810=ORIENTED_EDGE('',*,*,#2833,.F.);
#1811=ORIENTED_EDGE('',*,*,#3055,.T.);
#1812=ORIENTED_EDGE('',*,*,#2839,.F.);
#1813=ORIENTED_EDGE('',*,*,#2836,.F.);
#1814=ORIENTED_EDGE('',*,*,#2579,.F.);
#1815=ORIENTED_EDGE('',*,*,#2788,.F.);
#1816=ORIENTED_EDGE('',*,*,#2798,.F.);
#1817=ORIENTED_EDGE('',*,*,#3056,.F.);
#1818=ORIENTED_EDGE('',*,*,#2594,.F.);
#1819=ORIENTED_EDGE('',*,*,#2791,.F.);
#1820=ORIENTED_EDGE('',*,*,#3056,.T.);
#1821=ORIENTED_EDGE('',*,*,#2797,.F.);
#1822=ORIENTED_EDGE('',*,*,#2794,.F.);
#1823=ORIENTED_EDGE('',*,*,#2591,.F.);
#1824=ORIENTED_EDGE('',*,*,#2802,.F.);
#1825=ORIENTED_EDGE('',*,*,#2812,.F.);
#1826=ORIENTED_EDGE('',*,*,#3057,.F.);
#1827=ORIENTED_EDGE('',*,*,#2590,.F.);
#1828=ORIENTED_EDGE('',*,*,#2805,.F.);
#1829=ORIENTED_EDGE('',*,*,#3057,.T.);
#1830=ORIENTED_EDGE('',*,*,#2811,.F.);
#1831=ORIENTED_EDGE('',*,*,#2808,.F.);
#1832=ORIENTED_EDGE('',*,*,#2587,.F.);
#1833=ORIENTED_EDGE('',*,*,#2861,.F.);
#1834=ORIENTED_EDGE('',*,*,#2871,.F.);
#1835=ORIENTED_EDGE('',*,*,#3058,.F.);
#1836=ORIENTED_EDGE('',*,*,#2563,.F.);
#1837=ORIENTED_EDGE('',*,*,#2864,.F.);
#1838=ORIENTED_EDGE('',*,*,#3058,.T.);
#1839=ORIENTED_EDGE('',*,*,#2870,.F.);
#1840=ORIENTED_EDGE('',*,*,#2867,.F.);
#1841=ORIENTED_EDGE('',*,*,#2560,.F.);
#1842=ORIENTED_EDGE('',*,*,#2309,.F.);
#1843=ORIENTED_EDGE('',*,*,#2858,.F.);
#1844=ORIENTED_EDGE('',*,*,#3059,.F.);
#1845=ORIENTED_EDGE('',*,*,#2566,.F.);
#1846=ORIENTED_EDGE('',*,*,#2302,.F.);
#1847=ORIENTED_EDGE('',*,*,#3059,.T.);
#1848=ORIENTED_EDGE('',*,*,#2857,.F.);
#1849=ORIENTED_EDGE('',*,*,#2854,.F.);
#1850=ORIENTED_EDGE('',*,*,#2564,.F.);
#1851=ORIENTED_EDGE('',*,*,#2317,.F.);
#1852=ORIENTED_EDGE('',*,*,#3060,.F.);
#1853=ORIENTED_EDGE('',*,*,#2554,.F.);
#1854=ORIENTED_EDGE('',*,*,#2313,.F.);
#1855=ORIENTED_EDGE('',*,*,#2224,.F.);
#1856=ORIENTED_EDGE('',*,*,#3061,.F.);
#1857=ORIENTED_EDGE('',*,*,#2555,.F.);
#1858=ORIENTED_EDGE('',*,*,#3060,.T.);
#1859=ORIENTED_EDGE('',*,*,#2316,.F.);
#1860=ORIENTED_EDGE('',*,*,#2881,.F.);
#1861=ORIENTED_EDGE('',*,*,#2878,.F.);
#1862=ORIENTED_EDGE('',*,*,#3062,.F.);
#1863=ORIENTED_EDGE('',*,*,#2556,.F.);
#1864=ORIENTED_EDGE('',*,*,#3061,.T.);
#1865=ORIENTED_EDGE('',*,*,#2223,.F.);
#1866=ORIENTED_EDGE('',*,*,#3062,.T.);
#1867=ORIENTED_EDGE('',*,*,#2877,.F.);
#1868=ORIENTED_EDGE('',*,*,#2213,.F.);
#1869=ORIENTED_EDGE('',*,*,#2553,.F.);
#1870=ORIENTED_EDGE('',*,*,#2200,.F.);
#1871=ORIENTED_EDGE('',*,*,#3063,.F.);
#1872=ORIENTED_EDGE('',*,*,#2558,.F.);
#1873=ORIENTED_EDGE('',*,*,#2190,.F.);
#1874=ORIENTED_EDGE('',*,*,#2207,.F.);
#1875=ORIENTED_EDGE('',*,*,#3064,.F.);
#1876=ORIENTED_EDGE('',*,*,#2559,.F.);
#1877=ORIENTED_EDGE('',*,*,#3063,.T.);
#1878=ORIENTED_EDGE('',*,*,#2199,.F.);
#1879=ORIENTED_EDGE('',*,*,#2206,.F.);
#1880=ORIENTED_EDGE('',*,*,#2874,.F.);
#1881=ORIENTED_EDGE('',*,*,#2192,.F.);
#1882=ORIENTED_EDGE('',*,*,#2557,.F.);
#1883=ORIENTED_EDGE('',*,*,#3064,.T.);
#1884=ORIENTED_EDGE('',*,*,#2178,.F.);
#1885=ORIENTED_EDGE('',*,*,#3065,.F.);
#1886=ORIENTED_EDGE('',*,*,#2574,.F.);
#1887=ORIENTED_EDGE('',*,*,#2168,.F.);
#1888=ORIENTED_EDGE('',*,*,#2185,.F.);
#1889=ORIENTED_EDGE('',*,*,#3066,.F.);
#1890=ORIENTED_EDGE('',*,*,#2575,.F.);
#1891=ORIENTED_EDGE('',*,*,#3065,.T.);
#1892=ORIENTED_EDGE('',*,*,#2177,.F.);
#1893=ORIENTED_EDGE('',*,*,#2184,.F.);
#1894=ORIENTED_EDGE('',*,*,#2845,.F.);
#1895=ORIENTED_EDGE('',*,*,#2170,.F.);
#1896=ORIENTED_EDGE('',*,*,#2573,.F.);
#1897=ORIENTED_EDGE('',*,*,#3066,.T.);
#1898=ORIENTED_EDGE('',*,*,#2163,.F.);
#1899=ORIENTED_EDGE('',*,*,#3067,.F.);
#1900=ORIENTED_EDGE('',*,*,#2577,.F.);
#1901=ORIENTED_EDGE('',*,*,#2249,.F.);
#1902=ORIENTED_EDGE('',*,*,#2261,.F.);
#1903=ORIENTED_EDGE('',*,*,#3068,.F.);
#1904=ORIENTED_EDGE('',*,*,#2578,.F.);
#1905=ORIENTED_EDGE('',*,*,#3067,.T.);
#1906=ORIENTED_EDGE('',*,*,#2162,.F.);
#1907=ORIENTED_EDGE('',*,*,#2260,.F.);
#1908=ORIENTED_EDGE('',*,*,#2843,.F.);
#1909=ORIENTED_EDGE('',*,*,#2251,.F.);
#1910=ORIENTED_EDGE('',*,*,#2576,.F.);
#1911=ORIENTED_EDGE('',*,*,#3068,.T.);
#1912=ORIENTED_EDGE('',*,*,#2292,.F.);
#1913=ORIENTED_EDGE('',*,*,#3069,.F.);
#1914=ORIENTED_EDGE('',*,*,#2568,.F.);
#1915=ORIENTED_EDGE('',*,*,#2284,.F.);
#1916=ORIENTED_EDGE('',*,*,#2297,.F.);
#1917=ORIENTED_EDGE('',*,*,#3070,.F.);
#1918=ORIENTED_EDGE('',*,*,#2569,.F.);
#1919=ORIENTED_EDGE('',*,*,#3069,.T.);
#1920=ORIENTED_EDGE('',*,*,#2291,.F.);
#1921=ORIENTED_EDGE('',*,*,#2296,.F.);
#1922=ORIENTED_EDGE('',*,*,#2852,.F.);
#1923=ORIENTED_EDGE('',*,*,#2286,.F.);
#1924=ORIENTED_EDGE('',*,*,#2567,.F.);
#1925=ORIENTED_EDGE('',*,*,#3070,.T.);
#1926=ORIENTED_EDGE('',*,*,#2274,.F.);
#1927=ORIENTED_EDGE('',*,*,#3071,.F.);
#1928=ORIENTED_EDGE('',*,*,#2571,.F.);
#1929=ORIENTED_EDGE('',*,*,#2266,.F.);
#1930=ORIENTED_EDGE('',*,*,#2279,.F.);
#1931=ORIENTED_EDGE('',*,*,#3072,.F.);
#1932=ORIENTED_EDGE('',*,*,#2572,.F.);
#1933=ORIENTED_EDGE('',*,*,#3071,.T.);
#1934=ORIENTED_EDGE('',*,*,#2273,.F.);
#1935=ORIENTED_EDGE('',*,*,#2278,.F.);
#1936=ORIENTED_EDGE('',*,*,#2847,.F.);
#1937=ORIENTED_EDGE('',*,*,#2268,.F.);
#1938=ORIENTED_EDGE('',*,*,#2570,.F.);
#1939=ORIENTED_EDGE('',*,*,#3072,.T.);
#1940=ORIENTED_EDGE('',*,*,#2243,.F.);
#1941=ORIENTED_EDGE('',*,*,#3073,.F.);
#1942=ORIENTED_EDGE('',*,*,#2596,.F.);
#1943=ORIENTED_EDGE('',*,*,#2236,.F.);
#1944=ORIENTED_EDGE('',*,*,#2246,.F.);
#1945=ORIENTED_EDGE('',*,*,#3074,.F.);
#1946=ORIENTED_EDGE('',*,*,#2597,.F.);
#1947=ORIENTED_EDGE('',*,*,#3073,.T.);
#1948=ORIENTED_EDGE('',*,*,#2242,.F.);
#1949=ORIENTED_EDGE('',*,*,#2245,.F.);
#1950=ORIENTED_EDGE('',*,*,#2230,.F.);
#1951=ORIENTED_EDGE('',*,*,#2238,.F.);
#1952=ORIENTED_EDGE('',*,*,#2595,.F.);
#1953=ORIENTED_EDGE('',*,*,#3074,.T.);
#1954=ORIENTED_EDGE('',*,*,#3075,.T.);
#1955=ORIENTED_EDGE('',*,*,#3076,.T.);
#1956=ORIENTED_EDGE('',*,*,#3077,.T.);
#1957=ORIENTED_EDGE('',*,*,#3078,.T.);
#1958=ORIENTED_EDGE('',*,*,#3079,.T.);
#1959=ORIENTED_EDGE('',*,*,#3080,.T.);
#1960=ORIENTED_EDGE('',*,*,#3081,.T.);
#1961=ORIENTED_EDGE('',*,*,#3082,.T.);
#1962=ORIENTED_EDGE('',*,*,#2934,.T.);
#1963=ORIENTED_EDGE('',*,*,#3083,.T.);
#1964=ORIENTED_EDGE('',*,*,#2112,.F.);
#1965=ORIENTED_EDGE('',*,*,#3022,.F.);
#1966=ORIENTED_EDGE('',*,*,#2986,.F.);
#1967=ORIENTED_EDGE('',*,*,#2141,.F.);
#1968=ORIENTED_EDGE('',*,*,#3013,.F.);
#1969=ORIENTED_EDGE('',*,*,#2122,.F.);
#1970=ORIENTED_EDGE('',*,*,#3023,.F.);
#1971=ORIENTED_EDGE('',*,*,#2914,.F.);
#1972=ORIENTED_EDGE('',*,*,#2629,.F.);
#1973=ORIENTED_EDGE('',*,*,#2972,.F.);
#1974=ORIENTED_EDGE('',*,*,#2545,.F.);
#1975=ORIENTED_EDGE('',*,*,#3075,.F.);
#1976=ORIENTED_EDGE('',*,*,#2546,.F.);
#1977=ORIENTED_EDGE('',*,*,#3077,.F.);
#1978=ORIENTED_EDGE('',*,*,#2547,.F.);
#1979=ORIENTED_EDGE('',*,*,#3079,.F.);
#1980=ORIENTED_EDGE('',*,*,#2548,.F.);
#1981=ORIENTED_EDGE('',*,*,#3081,.F.);
#1982=ORIENTED_EDGE('',*,*,#2458,.F.);
#1983=ORIENTED_EDGE('',*,*,#3076,.F.);
#1984=ORIENTED_EDGE('',*,*,#2459,.F.);
#1985=ORIENTED_EDGE('',*,*,#3078,.F.);
#1986=ORIENTED_EDGE('',*,*,#2460,.F.);
#1987=ORIENTED_EDGE('',*,*,#3080,.F.);
#1988=ORIENTED_EDGE('',*,*,#2461,.F.);
#1989=ORIENTED_EDGE('',*,*,#3082,.F.);
#1990=ORIENTED_EDGE('',*,*,#2318,.T.);
#1991=ORIENTED_EDGE('',*,*,#2257,.T.);
#1992=ORIENTED_EDGE('',*,*,#3084,.F.);
#1993=ORIENTED_EDGE('',*,*,#2247,.T.);
#1994=ORIENTED_EDGE('',*,*,#2371,.T.);
#1995=ORIENTED_EDGE('',*,*,#2375,.F.);
#1996=ORIENTED_EDGE('',*,*,#2772,.T.);
#1997=ORIENTED_EDGE('',*,*,#2160,.T.);
#1998=ORIENTED_EDGE('',*,*,#2248,.T.);
#1999=ORIENTED_EDGE('',*,*,#3084,.T.);
#2000=ORIENTED_EDGE('',*,*,#2262,.T.);
#2001=ORIENTED_EDGE('',*,*,#3085,.F.);
#2002=ORIENTED_EDGE('',*,*,#2165,.T.);
#2003=ORIENTED_EDGE('',*,*,#2369,.T.);
#2004=ORIENTED_EDGE('',*,*,#2179,.T.);
#2005=ORIENTED_EDGE('',*,*,#2175,.T.);
#2006=ORIENTED_EDGE('',*,*,#2166,.T.);
#2007=ORIENTED_EDGE('',*,*,#3085,.T.);
#2008=ORIENTED_EDGE('',*,*,#2186,.T.);
#2009=ORIENTED_EDGE('',*,*,#3086,.F.);
#2010=ORIENTED_EDGE('',*,*,#2187,.T.);
#2011=ORIENTED_EDGE('',*,*,#2367,.T.);
#2012=ORIENTED_EDGE('',*,*,#2201,.T.);
#2013=ORIENTED_EDGE('',*,*,#2197,.T.);
#2014=ORIENTED_EDGE('',*,*,#2188,.T.);
#2015=ORIENTED_EDGE('',*,*,#3086,.T.);
#2016=ORIENTED_EDGE('',*,*,#2208,.T.);
#2017=ORIENTED_EDGE('',*,*,#3087,.F.);
#2018=ORIENTED_EDGE('',*,*,#2209,.T.);
#2019=ORIENTED_EDGE('',*,*,#2365,.T.);
#2020=ORIENTED_EDGE('',*,*,#2218,.T.);
#2021=ORIENTED_EDGE('',*,*,#2311,.T.);
#2022=ORIENTED_EDGE('',*,*,#2210,.T.);
#2023=ORIENTED_EDGE('',*,*,#3087,.T.);
#2024=ORIENTED_EDGE('',*,*,#2226,.T.);
#2025=ORIENTED_EDGE('',*,*,#2315,.T.);
#2026=ORIENTED_EDGE('',*,*,#2360,.F.);
#2027=ORIENTED_EDGE('',*,*,#2362,.F.);
#2028=ORIENTED_EDGE('',*,*,#3088,.F.);
#2029=ORIENTED_EDGE('',*,*,#3089,.F.);
#2030=ORIENTED_EDGE('',*,*,#2299,.T.);
#2031=ORIENTED_EDGE('',*,*,#2356,.T.);
#2032=ORIENTED_EDGE('',*,*,#3088,.T.);
#2033=ORIENTED_EDGE('',*,*,#2361,.T.);
#2034=ORIENTED_EDGE('',*,*,#2306,.T.);
#2035=ORIENTED_EDGE('',*,*,#2310,.T.);
#2036=ORIENTED_EDGE('',*,*,#2300,.T.);
#2037=ORIENTED_EDGE('',*,*,#3089,.T.);
#2038=ORIENTED_EDGE('',*,*,#2350,.F.);
#2039=ORIENTED_EDGE('',*,*,#2849,.F.);
#2040=ORIENTED_EDGE('',*,*,#2352,.F.);
#2041=ORIENTED_EDGE('',*,*,#3090,.F.);
#2042=ORIENTED_EDGE('',*,*,#3091,.F.);
#2043=ORIENTED_EDGE('',*,*,#2263,.T.);
#2044=ORIENTED_EDGE('',*,*,#2346,.T.);
#2045=ORIENTED_EDGE('',*,*,#3090,.T.);
#2046=ORIENTED_EDGE('',*,*,#2351,.T.);
#2047=ORIENTED_EDGE('',*,*,#2275,.T.);
#2048=ORIENTED_EDGE('',*,*,#2271,.T.);
#2049=ORIENTED_EDGE('',*,*,#2264,.T.);
#2050=ORIENTED_EDGE('',*,*,#3091,.T.);
#2051=ORIENTED_EDGE('',*,*,#2280,.T.);
#2052=ORIENTED_EDGE('',*,*,#2345,.F.);
#2053=ORIENTED_EDGE('',*,*,#2786,.F.);
#2054=ORIENTED_EDGE('',*,*,#2889,.F.);
#2055=ORIENTED_EDGE('',*,*,#2338,.F.);
#2056=ORIENTED_EDGE('',*,*,#3092,.F.);
#2057=ORIENTED_EDGE('',*,*,#2337,.T.);
#2058=ORIENTED_EDGE('',*,*,#2227,.T.);
#2059=ORIENTED_EDGE('',*,*,#3093,.F.);
#2060=ORIENTED_EDGE('',*,*,#2233,.T.);
#2061=ORIENTED_EDGE('',*,*,#2342,.T.);
#2062=ORIENTED_EDGE('',*,*,#3092,.T.);
#2063=ORIENTED_EDGE('',*,*,#3093,.T.);
#2064=ORIENTED_EDGE('',*,*,#2232,.T.);
#2065=ORIENTED_EDGE('',*,*,#2244,.T.);
#2066=ORIENTED_EDGE('',*,*,#2240,.T.);
#2067=ORIENTED_EDGE('',*,*,#2234,.T.);
#2068=ORIENTED_EDGE('',*,*,#2289,.T.);
#2069=ORIENTED_EDGE('',*,*,#2282,.T.);
#2070=ORIENTED_EDGE('',*,*,#3094,.T.);
#2071=ORIENTED_EDGE('',*,*,#2298,.T.);
#2072=ORIENTED_EDGE('',*,*,#3094,.F.);
#2073=ORIENTED_EDGE('',*,*,#2281,.T.);
#2074=ORIENTED_EDGE('',*,*,#2325,.T.);
#2075=ORIENTED_EDGE('',*,*,#3095,.T.);
#2076=ORIENTED_EDGE('',*,*,#2332,.T.);
#2077=ORIENTED_EDGE('',*,*,#2293,.T.);
#2078=ORIENTED_EDGE('',*,*,#2331,.F.);
#2079=ORIENTED_EDGE('',*,*,#2850,.F.);
#2080=ORIENTED_EDGE('',*,*,#2333,.F.);
#2081=ORIENTED_EDGE('',*,*,#3095,.F.);
#2082=ORIENTED_EDGE('',*,*,#2156,.F.);
#2083=ORIENTED_EDGE('',*,*,#2117,.F.);
#2084=ORIENTED_EDGE('',*,*,#3096,.F.);
#2085=ORIENTED_EDGE('',*,*,#2722,.F.);
#2086=ORIENTED_EDGE('',*,*,#3011,.T.);
#2087=ORIENTED_EDGE('',*,*,#3052,.F.);
#2088=ORIENTED_EDGE('',*,*,#2723,.F.);
#2089=ORIENTED_EDGE('',*,*,#3097,.F.);
#2090=ORIENTED_EDGE('',*,*,#2456,.F.);
#2091=ORIENTED_EDGE('',*,*,#3096,.T.);
#2092=ORIENTED_EDGE('',*,*,#2116,.T.);
#2093=ORIENTED_EDGE('',*,*,#3098,.F.);
#2094=ORIENTED_EDGE('',*,*,#3097,.T.);
#2095=ORIENTED_EDGE('',*,*,#2933,.T.);
#2096=ORIENTED_EDGE('',*,*,#2729,.F.);
#2097=ORIENTED_EDGE('',*,*,#3099,.F.);
#2098=ORIENTED_EDGE('',*,*,#2113,.F.);
#2099=ORIENTED_EDGE('',*,*,#3083,.F.);
#2100=ORIENTED_EDGE('',*,*,#3098,.T.);
#2101=ORIENTED_EDGE('',*,*,#2115,.F.);
#2102=ORIENTED_EDGE('',*,*,#3100,.F.);
#2103=ORIENTED_EDGE('',*,*,#2457,.F.);
#2104=ORIENTED_EDGE('',*,*,#2114,.T.);
#2105=ORIENTED_EDGE('',*,*,#3099,.T.);
#2106=ORIENTED_EDGE('',*,*,#3101,.F.);
#2107=ORIENTED_EDGE('',*,*,#3100,.T.);
#2108=ORIENTED_EDGE('',*,*,#3051,.F.);
#2109=ORIENTED_EDGE('',*,*,#2394,.F.);
#2110=ORIENTED_EDGE('',*,*,#3101,.T.);
#2111=ORIENTED_EDGE('',*,*,#2728,.F.);
#2112=EDGE_CURVE('',#3102,#3103,#3732,.T.);
#2113=EDGE_CURVE('',#3103,#3104,#3733,.T.);
#2114=EDGE_CURVE('',#3105,#3104,#3734,.T.);
#2115=EDGE_CURVE('',#3105,#3106,#3735,.T.);
#2116=EDGE_CURVE('',#3107,#3106,#3736,.T.);
#2117=EDGE_CURVE('',#3107,#3108,#3737,.T.);
#2118=EDGE_CURVE('',#3108,#3109,#3738,.T.);
#2119=EDGE_CURVE('',#3109,#3110,#3739,.T.);
#2120=EDGE_CURVE('',#3110,#3111,#3740,.T.);
#2121=EDGE_CURVE('',#3111,#3112,#3741,.T.);
#2122=EDGE_CURVE('',#3112,#3113,#3742,.T.);
#2123=EDGE_CURVE('',#3113,#3114,#3743,.T.);
#2124=EDGE_CURVE('',#3114,#3115,#3744,.T.);
#2125=EDGE_CURVE('',#3115,#3116,#3745,.T.);
#2126=EDGE_CURVE('',#3116,#3117,#3746,.T.);
#2127=EDGE_CURVE('',#3117,#3118,#3747,.T.);
#2128=EDGE_CURVE('',#3118,#3119,#3748,.T.);
#2129=EDGE_CURVE('',#3119,#3120,#3749,.T.);
#2130=EDGE_CURVE('',#3120,#3121,#3750,.T.);
#2131=EDGE_CURVE('',#3121,#3102,#3751,.T.);
#2132=EDGE_CURVE('',#3122,#3123,#3752,.T.);
#2133=EDGE_CURVE('',#3123,#3124,#3753,.T.);
#2134=EDGE_CURVE('',#3124,#3125,#3754,.T.);
#2135=EDGE_CURVE('',#3125,#3126,#3755,.T.);
#2136=EDGE_CURVE('',#3126,#3122,#3756,.T.);
#2137=EDGE_CURVE('',#3127,#3127,#72,.T.);
#2138=EDGE_CURVE('',#3128,#3128,#73,.T.);
#2139=EDGE_CURVE('',#3129,#3130,#3757,.T.);
#2140=EDGE_CURVE('',#3130,#3131,#3758,.T.);
#2141=EDGE_CURVE('',#3131,#3132,#3759,.T.);
#2142=EDGE_CURVE('',#3132,#3133,#3760,.T.);
#2143=EDGE_CURVE('',#3133,#3134,#3761,.T.);
#2144=EDGE_CURVE('',#3134,#3135,#3762,.T.);
#2145=EDGE_CURVE('',#3135,#3136,#3763,.T.);
#2146=EDGE_CURVE('',#3136,#3137,#3764,.T.);
#2147=EDGE_CURVE('',#3137,#3138,#3765,.T.);
#2148=EDGE_CURVE('',#3138,#3139,#74,.F.);
#2149=EDGE_CURVE('',#3139,#3140,#3766,.T.);
#2150=EDGE_CURVE('',#3140,#3141,#3767,.T.);
#2151=EDGE_CURVE('',#3141,#3142,#3768,.T.);
#2152=EDGE_CURVE('',#3142,#3143,#75,.F.);
#2153=EDGE_CURVE('',#3143,#3144,#3769,.T.);
#2154=EDGE_CURVE('',#3144,#3145,#3770,.T.);
#2155=EDGE_CURVE('',#3145,#3129,#3771,.T.);
#2156=EDGE_CURVE('',#3108,#3146,#3772,.F.);
#2157=EDGE_CURVE('',#3146,#3123,#3773,.T.);
#2158=EDGE_CURVE('',#3147,#3122,#3774,.F.);
#2159=EDGE_CURVE('',#3109,#3147,#3775,.T.);
#2160=EDGE_CURVE('',#3148,#3149,#3776,.T.);
#2161=EDGE_CURVE('',#3150,#3148,#3777,.T.);
#2162=EDGE_CURVE('',#3150,#3151,#3778,.T.);
#2163=EDGE_CURVE('',#3151,#3152,#3779,.T.);
#2164=EDGE_CURVE('',#3152,#3149,#3780,.T.);
#2165=EDGE_CURVE('',#3153,#3154,#3781,.T.);
#2166=EDGE_CURVE('',#3155,#3153,#3782,.T.);
#2167=EDGE_CURVE('',#3156,#3155,#3783,.T.);
#2168=EDGE_CURVE('',#3156,#3157,#3784,.T.);
#2169=EDGE_CURVE('',#3158,#3157,#3785,.F.);
#2170=EDGE_CURVE('',#3158,#3159,#3786,.T.);
#2171=EDGE_CURVE('',#3159,#3160,#3787,.T.);
#2172=EDGE_CURVE('',#3160,#3161,#3788,.F.);
#2173=EDGE_CURVE('',#3162,#3161,#3789,.T.);
#2174=EDGE_CURVE('',#3154,#3162,#3790,.T.);
#2175=EDGE_CURVE('',#3163,#3155,#3791,.T.);
#2176=EDGE_CURVE('',#3164,#3163,#3792,.T.);
#2177=EDGE_CURVE('',#3164,#3165,#3793,.T.);
#2178=EDGE_CURVE('',#3165,#3156,#3794,.T.);
#2179=EDGE_CURVE('',#3166,#3167,#3795,.T.);
#2180=EDGE_CURVE('',#3168,#3166,#3796,.T.);
#2181=EDGE_CURVE('',#3169,#3168,#3797,.T.);
#2182=EDGE_CURVE('',#3169,#3170,#3798,.T.);
#2183=EDGE_CURVE('',#3171,#3170,#3799,.T.);
#2184=EDGE_CURVE('',#3171,#3172,#3800,.T.);
#2185=EDGE_CURVE('',#3172,#3164,#3801,.T.);
#2186=EDGE_CURVE('',#3167,#3163,#3802,.T.);
#2187=EDGE_CURVE('',#3173,#3174,#3803,.T.);
#2188=EDGE_CURVE('',#3175,#3173,#3804,.T.);
#2189=EDGE_CURVE('',#3176,#3175,#3805,.T.);
#2190=EDGE_CURVE('',#3176,#3177,#3806,.T.);
#2191=EDGE_CURVE('',#3178,#3177,#3807,.F.);
#2192=EDGE_CURVE('',#3178,#3179,#3808,.T.);
#2193=EDGE_CURVE('',#3179,#3180,#3809,.T.);
#2194=EDGE_CURVE('',#3180,#3181,#3810,.F.);
#2195=EDGE_CURVE('',#3182,#3181,#3811,.T.);
#2196=EDGE_CURVE('',#3174,#3182,#3812,.T.);
#2197=EDGE_CURVE('',#3183,#3175,#3813,.T.);
#2198=EDGE_CURVE('',#3184,#3183,#3814,.T.);
#2199=EDGE_CURVE('',#3184,#3185,#3815,.T.);
#2200=EDGE_CURVE('',#3185,#3176,#3816,.T.);
#2201=EDGE_CURVE('',#3186,#3187,#3817,.T.);
#2202=EDGE_CURVE('',#3188,#3186,#3818,.T.);
#2203=EDGE_CURVE('',#3189,#3188,#3819,.T.);
#2204=EDGE_CURVE('',#3189,#3190,#3820,.T.);
#2205=EDGE_CURVE('',#3191,#3190,#3821,.T.);
#2206=EDGE_CURVE('',#3191,#3192,#3822,.T.);
#2207=EDGE_CURVE('',#3192,#3184,#3823,.T.);
#2208=EDGE_CURVE('',#3187,#3183,#3824,.T.);
#2209=EDGE_CURVE('',#3193,#3194,#3825,.T.);
#2210=EDGE_CURVE('',#3195,#3193,#3826,.T.);
#2211=EDGE_CURVE('',#3196,#3195,#3827,.T.);
#2212=EDGE_CURVE('',#3197,#3196,#3828,.F.);
#2213=EDGE_CURVE('',#3197,#3198,#3829,.T.);
#2214=EDGE_CURVE('',#3198,#3199,#3830,.T.);
#2215=EDGE_CURVE('',#3199,#3200,#3831,.F.);
#2216=EDGE_CURVE('',#3201,#3200,#3832,.T.);
#2217=EDGE_CURVE('',#3194,#3201,#3833,.T.);
#2218=EDGE_CURVE('',#3202,#3203,#3834,.T.);
#2219=EDGE_CURVE('',#3204,#3202,#3835,.T.);
#2220=EDGE_CURVE('',#3205,#3204,#3836,.T.);
#2221=EDGE_CURVE('',#3205,#3206,#3837,.T.);
#2222=EDGE_CURVE('',#3207,#3206,#3838,.T.);
#2223=EDGE_CURVE('',#3207,#3208,#3839,.T.);
#2224=EDGE_CURVE('',#3208,#3209,#3840,.T.);
#2225=EDGE_CURVE('',#3209,#3210,#3841,.T.);
#2226=EDGE_CURVE('',#3203,#3210,#3842,.T.);
#2227=EDGE_CURVE('',#3211,#3212,#3843,.T.);
#2228=EDGE_CURVE('',#3211,#3213,#3844,.T.);
#2229=EDGE_CURVE('',#3214,#3213,#3845,.T.);
#2230=EDGE_CURVE('',#3214,#3215,#3846,.T.);
#2231=EDGE_CURVE('',#3215,#3216,#3847,.T.);
#2232=EDGE_CURVE('',#3212,#3216,#3848,.T.);
#2233=EDGE_CURVE('',#3217,#3218,#3849,.T.);
#2234=EDGE_CURVE('',#3219,#3217,#3850,.T.);
#2235=EDGE_CURVE('',#3220,#3219,#3851,.T.);
#2236=EDGE_CURVE('',#3220,#3221,#3852,.T.);
#2237=EDGE_CURVE('',#3222,#3221,#3853,.F.);
#2238=EDGE_CURVE('',#3222,#3214,#3854,.T.);
#2239=EDGE_CURVE('',#3213,#3218,#3855,.F.);
#2240=EDGE_CURVE('',#3223,#3219,#3856,.T.);
#2241=EDGE_CURVE('',#3224,#3223,#3857,.T.);
#2242=EDGE_CURVE('',#3224,#3225,#3858,.T.);
#2243=EDGE_CURVE('',#3225,#3220,#3859,.T.);
#2244=EDGE_CURVE('',#3216,#3223,#3860,.T.);
#2245=EDGE_CURVE('',#3215,#3226,#3861,.T.);
#2246=EDGE_CURVE('',#3226,#3224,#3862,.T.);
#2247=EDGE_CURVE('',#3227,#3228,#3863,.T.);
#2248=EDGE_CURVE('',#3149,#3227,#3864,.T.);
#2249=EDGE_CURVE('',#3152,#3229,#3865,.T.);
#2250=EDGE_CURVE('',#3230,#3229,#3866,.F.);
#2251=EDGE_CURVE('',#3230,#3231,#3867,.T.);
#2252=EDGE_CURVE('',#3231,#3232,#3868,.T.);
#2253=EDGE_CURVE('',#3232,#3233,#3869,.F.);
#2254=EDGE_CURVE('',#3233,#3234,#3870,.T.);
#2255=EDGE_CURVE('',#3235,#3234,#3871,.T.);
#2256=EDGE_CURVE('',#3228,#3235,#3872,.T.);
#2257=EDGE_CURVE('',#3236,#3237,#3873,.T.);
#2258=EDGE_CURVE('',#3236,#3238,#3874,.T.);
#2259=EDGE_CURVE('',#3239,#3238,#3875,.T.);
#2260=EDGE_CURVE('',#3239,#3240,#3876,.T.);
#2261=EDGE_CURVE('',#3240,#3150,#3877,.T.);
#2262=EDGE_CURVE('',#3237,#3148,#3878,.T.);
#2263=EDGE_CURVE('',#3241,#3242,#3879,.T.);
#2264=EDGE_CURVE('',#3243,#3241,#3880,.T.);
#2265=EDGE_CURVE('',#3244,#3243,#3881,.T.);
#2266=EDGE_CURVE('',#3244,#3245,#3882,.T.);
#2267=EDGE_CURVE('',#3246,#3245,#3883,.F.);
#2268=EDGE_CURVE('',#3246,#3247,#3884,.T.);
#2269=EDGE_CURVE('',#3247,#3248,#3885,.T.);
#2270=EDGE_CURVE('',#3248,#3242,#3886,.F.);
#2271=EDGE_CURVE('',#3249,#3243,#3887,.T.);
#2272=EDGE_CURVE('',#3250,#3249,#3888,.T.);
#2273=EDGE_CURVE('',#3250,#3251,#3889,.T.);
#2274=EDGE_CURVE('',#3251,#3244,#3890,.T.);
#2275=EDGE_CURVE('',#3252,#3253,#3891,.T.);
#2276=EDGE_CURVE('',#3252,#3254,#3892,.T.);
#2277=EDGE_CURVE('',#3255,#3254,#3893,.T.);
#2278=EDGE_CURVE('',#3255,#3256,#3894,.T.);
#2279=EDGE_CURVE('',#3256,#3250,#3895,.T.);
#2280=EDGE_CURVE('',#3253,#3249,#3896,.T.);
#2281=EDGE_CURVE('',#3257,#3258,#3897,.T.);
#2282=EDGE_CURVE('',#3259,#3257,#3898,.T.);
#2283=EDGE_CURVE('',#3260,#3259,#3899,.T.);
#2284=EDGE_CURVE('',#3260,#3261,#3900,.T.);
#2285=EDGE_CURVE('',#3262,#3261,#3901,.F.);
#2286=EDGE_CURVE('',#3262,#3263,#3902,.T.);
#2287=EDGE_CURVE('',#3263,#3264,#3903,.T.);
#2288=EDGE_CURVE('',#3264,#3258,#3904,.F.);
#2289=EDGE_CURVE('',#3265,#3259,#3905,.T.);
#2290=EDGE_CURVE('',#3266,#3265,#3906,.T.);
#2291=EDGE_CURVE('',#3266,#3267,#3907,.T.);
#2292=EDGE_CURVE('',#3267,#3260,#3908,.T.);
#2293=EDGE_CURVE('',#3268,#3269,#3909,.T.);
#2294=EDGE_CURVE('',#3268,#3270,#3910,.T.);
#2295=EDGE_CURVE('',#3271,#3270,#3911,.T.);
#2296=EDGE_CURVE('',#3271,#3272,#3912,.T.);
#2297=EDGE_CURVE('',#3272,#3266,#3913,.T.);
#2298=EDGE_CURVE('',#3269,#3265,#3914,.T.);
#2299=EDGE_CURVE('',#3273,#3274,#3915,.T.);
#2300=EDGE_CURVE('',#3275,#3273,#3916,.T.);
#2301=EDGE_CURVE('',#3276,#3275,#3917,.T.);
#2302=EDGE_CURVE('',#3276,#3277,#3918,.T.);
#2303=EDGE_CURVE('',#3278,#3277,#3919,.F.);
#2304=EDGE_CURVE('',#3278,#3279,#3920,.T.);
#2305=EDGE_CURVE('',#3279,#3274,#3921,.F.);
#2306=EDGE_CURVE('',#3280,#3281,#3922,.T.);
#2307=EDGE_CURVE('',#3280,#3282,#3923,.T.);
#2308=EDGE_CURVE('',#3283,#3282,#3924,.T.);
#2309=EDGE_CURVE('',#3283,#3276,#3925,.T.);
#2310=EDGE_CURVE('',#3281,#3275,#3926,.T.);
#2311=EDGE_CURVE('',#3284,#3195,#3927,.T.);
#2312=EDGE_CURVE('',#3285,#3284,#3928,.T.);
#2313=EDGE_CURVE('',#3285,#3286,#3929,.T.);
#2314=EDGE_CURVE('',#3196,#3286,#3930,.F.);
#2315=EDGE_CURVE('',#3210,#3284,#3931,.T.);
#2316=EDGE_CURVE('',#3209,#3287,#3932,.T.);
#2317=EDGE_CURVE('',#3287,#3285,#3933,.T.);
#2318=EDGE_CURVE('',#3288,#3236,#3934,.T.);
#2319=EDGE_CURVE('',#3288,#3289,#3935,.T.);
#2320=EDGE_CURVE('',#3290,#3289,#3936,.T.);
#2321=EDGE_CURVE('',#3291,#3290,#3937,.T.);
#2322=EDGE_CURVE('',#3291,#3292,#3938,.T.);
#2323=EDGE_CURVE('',#3292,#3293,#3939,.T.);
#2324=EDGE_CURVE('',#3238,#3293,#3940,.T.);
#2325=EDGE_CURVE('',#3258,#3294,#3941,.T.);
#2326=EDGE_CURVE('',#3264,#3295,#3942,.T.);
#2327=EDGE_CURVE('',#3295,#3296,#3943,.T.);
#2328=EDGE_CURVE('',#3296,#3297,#3944,.T.);
#2329=EDGE_CURVE('',#3298,#3297,#3945,.T.);
#2330=EDGE_CURVE('',#3299,#3298,#3946,.T.);
#2331=EDGE_CURVE('',#3299,#3294,#3947,.T.);
#2332=EDGE_CURVE('',#3300,#3268,#3948,.T.);
#2333=EDGE_CURVE('',#3300,#3301,#3949,.T.);
#2334=EDGE_CURVE('',#3301,#3302,#3950,.T.);
#2335=EDGE_CURVE('',#3302,#3303,#3951,.T.);
#2336=EDGE_CURVE('',#3270,#3303,#3952,.T.);
#2337=EDGE_CURVE('',#3304,#3211,#3953,.T.);
#2338=EDGE_CURVE('',#3304,#3305,#3954,.T.);
#2339=EDGE_CURVE('',#3305,#3306,#3955,.T.);
#2340=EDGE_CURVE('',#3306,#3307,#3956,.T.);
#2341=EDGE_CURVE('',#3213,#3307,#3957,.T.);
#2342=EDGE_CURVE('',#3218,#3308,#3958,.T.);
#2343=EDGE_CURVE('',#3307,#3309,#3959,.T.);
#2344=EDGE_CURVE('',#3310,#3309,#3960,.T.);
#2345=EDGE_CURVE('',#3310,#3308,#3961,.T.);
#2346=EDGE_CURVE('',#3242,#3311,#3962,.T.);
#2347=EDGE_CURVE('',#3248,#3312,#3963,.T.);
#2348=EDGE_CURVE('',#3312,#3313,#3964,.T.);
#2349=EDGE_CURVE('',#3314,#3313,#3965,.T.);
#2350=EDGE_CURVE('',#3314,#3311,#3966,.T.);
#2351=EDGE_CURVE('',#3315,#3252,#3967,.T.);
#2352=EDGE_CURVE('',#3315,#3316,#3968,.T.);
#2353=EDGE_CURVE('',#3316,#3317,#3969,.T.);
#2354=EDGE_CURVE('',#3317,#3318,#3970,.T.);
#2355=EDGE_CURVE('',#3254,#3318,#3971,.T.);
#2356=EDGE_CURVE('',#3274,#3319,#3972,.T.);
#2357=EDGE_CURVE('',#3279,#3320,#3973,.T.);
#2358=EDGE_CURVE('',#3320,#3321,#3974,.T.);
#2359=EDGE_CURVE('',#3322,#3321,#3975,.T.);
#2360=EDGE_CURVE('',#3322,#3319,#3976,.T.);
#2361=EDGE_CURVE('',#3323,#3280,#3977,.T.);
#2362=EDGE_CURVE('',#3323,#3322,#3978,.T.);
#2363=EDGE_CURVE('',#3321,#3324,#3979,.T.);
#2364=EDGE_CURVE('',#3282,#3324,#3980,.T.);
#2365=EDGE_CURVE('',#3194,#3202,#3981,.T.);
#2366=EDGE_CURVE('',#3201,#3204,#3982,.T.);
#2367=EDGE_CURVE('',#3174,#3186,#3983,.T.);
#2368=EDGE_CURVE('',#3182,#3188,#3984,.T.);
#2369=EDGE_CURVE('',#3154,#3166,#3985,.T.);
#2370=EDGE_CURVE('',#3162,#3168,#3986,.T.);
#2371=EDGE_CURVE('',#3228,#3325,#3987,.T.);
#2372=EDGE_CURVE('',#3235,#3326,#3988,.T.);
#2373=EDGE_CURVE('',#3325,#3326,#3989,.T.);
#2374=EDGE_CURVE('',#3327,#3328,#3990,.T.);
#2375=EDGE_CURVE('',#3327,#3325,#3991,.T.);
#2376=EDGE_CURVE('',#3326,#3234,#3992,.T.);
#2377=EDGE_CURVE('',#3329,#3233,#3993,.T.);
#2378=EDGE_CURVE('',#3329,#3328,#3994,.T.);
#2379=EDGE_CURVE('',#3330,#3331,#3995,.T.);
#2380=EDGE_CURVE('',#3330,#3332,#3996,.T.);
#2381=EDGE_CURVE('',#3206,#3332,#3997,.T.);
#2382=EDGE_CURVE('',#3333,#3205,#3998,.T.);
#2383=EDGE_CURVE('',#3333,#3334,#3999,.T.);
#2384=EDGE_CURVE('',#3331,#3334,#4000,.T.);
#2385=EDGE_CURVE('',#3335,#3336,#4001,.T.);
#2386=EDGE_CURVE('',#3336,#3337,#4002,.T.);
#2387=EDGE_CURVE('',#3337,#3338,#4003,.T.);
#2388=EDGE_CURVE('',#3339,#3338,#4004,.T.);
#2389=EDGE_CURVE('',#3339,#3335,#4005,.T.);
#2390=EDGE_CURVE('',#3340,#3341,#4006,.T.);
#2391=EDGE_CURVE('',#3341,#3342,#4007,.T.);
#2392=EDGE_CURVE('',#3331,#3342,#4008,.T.);
#2393=EDGE_CURVE('',#3340,#3334,#4009,.T.);
#2394=EDGE_CURVE('',#3343,#3344,#4010,.T.);
#2395=EDGE_CURVE('',#3344,#3345,#4011,.T.);
#2396=EDGE_CURVE('',#3345,#3346,#4012,.T.);
#2397=EDGE_CURVE('',#3346,#3347,#4013,.T.);
#2398=EDGE_CURVE('',#3347,#3348,#4014,.T.);
#2399=EDGE_CURVE('',#3348,#3349,#76,.F.);
#2400=EDGE_CURVE('',#3349,#3350,#4015,.T.);
#2401=EDGE_CURVE('',#3350,#3351,#4016,.T.);
#2402=EDGE_CURVE('',#3351,#3352,#4017,.T.);
#2403=EDGE_CURVE('',#3352,#3353,#77,.F.);
#2404=EDGE_CURVE('',#3353,#3354,#4018,.T.);
#2405=EDGE_CURVE('',#3354,#3355,#4019,.T.);
#2406=EDGE_CURVE('',#3355,#3356,#4020,.T.);
#2407=EDGE_CURVE('',#3356,#3357,#4021,.T.);
#2408=EDGE_CURVE('',#3357,#3358,#4022,.T.);
#2409=EDGE_CURVE('',#3359,#3358,#4023,.T.);
#2410=EDGE_CURVE('',#3359,#3360,#4024,.T.);
#2411=EDGE_CURVE('',#3360,#3361,#4025,.T.);
#2412=EDGE_CURVE('',#3361,#3362,#4026,.T.);
#2413=EDGE_CURVE('',#3362,#3363,#4027,.T.);
#2414=EDGE_CURVE('',#3363,#3364,#4028,.T.);
#2415=EDGE_CURVE('',#3364,#3365,#78,.F.);
#2416=EDGE_CURVE('',#3365,#3366,#4029,.T.);
#2417=EDGE_CURVE('',#3366,#3367,#4030,.T.);
#2418=EDGE_CURVE('',#3367,#3368,#4031,.T.);
#2419=EDGE_CURVE('',#3368,#3369,#79,.F.);
#2420=EDGE_CURVE('',#3369,#3370,#4032,.T.);
#2421=EDGE_CURVE('',#3370,#3371,#4033,.T.);
#2422=EDGE_CURVE('',#3371,#3372,#4034,.T.);
#2423=EDGE_CURVE('',#3372,#3373,#4035,.T.);
#2424=EDGE_CURVE('',#3373,#3374,#4036,.T.);
#2425=EDGE_CURVE('',#3374,#3375,#4037,.T.);
#2426=EDGE_CURVE('',#3375,#3376,#4038,.T.);
#2427=EDGE_CURVE('',#3376,#3377,#4039,.T.);
#2428=EDGE_CURVE('',#3378,#3377,#4040,.T.);
#2429=EDGE_CURVE('',#3379,#3378,#4041,.T.);
#2430=EDGE_CURVE('',#3379,#3380,#4042,.T.);
#2431=EDGE_CURVE('',#3380,#3338,#4043,.T.);
#2432=EDGE_CURVE('',#3381,#3337,#4044,.T.);
#2433=EDGE_CURVE('',#3382,#3381,#4045,.T.);
#2434=EDGE_CURVE('',#3383,#3382,#4046,.T.);
#2435=EDGE_CURVE('',#3384,#3383,#4047,.T.);
#2436=EDGE_CURVE('',#3332,#3384,#4048,.T.);
#2437=EDGE_CURVE('',#3330,#3385,#4049,.T.);
#2438=EDGE_CURVE('',#3385,#3386,#4050,.T.);
#2439=EDGE_CURVE('',#3387,#3386,#4051,.T.);
#2440=EDGE_CURVE('',#3388,#3387,#4052,.T.);
#2441=EDGE_CURVE('',#3389,#3388,#4053,.T.);
#2442=EDGE_CURVE('',#3389,#3390,#4054,.T.);
#2443=EDGE_CURVE('',#3391,#3390,#4055,.T.);
#2444=EDGE_CURVE('',#3392,#3391,#4056,.T.);
#2445=EDGE_CURVE('',#3393,#3392,#4057,.T.);
#2446=EDGE_CURVE('',#3393,#3394,#4058,.T.);
#2447=EDGE_CURVE('',#3395,#3394,#4059,.T.);
#2448=EDGE_CURVE('',#3293,#3395,#4060,.T.);
#2449=EDGE_CURVE('',#3292,#3396,#4061,.T.);
#2450=EDGE_CURVE('',#3396,#3296,#4062,.T.);
#2451=EDGE_CURVE('',#3303,#3295,#4063,.T.);
#2452=EDGE_CURVE('',#3397,#3302,#4064,.T.);
#2453=EDGE_CURVE('',#3397,#3398,#4065,.T.);
#2454=EDGE_CURVE('',#3398,#3399,#4066,.T.);
#2455=EDGE_CURVE('',#3399,#3400,#4067,.T.);
#2456=EDGE_CURVE('',#3400,#3401,#4068,.T.);
#2457=EDGE_CURVE('',#3401,#3343,#4069,.T.);
#2458=EDGE_CURVE('',#3402,#3402,#80,.F.);
#2459=EDGE_CURVE('',#3403,#3403,#81,.F.);
#2460=EDGE_CURVE('',#3404,#3404,#82,.F.);
#2461=EDGE_CURVE('',#3405,#3405,#83,.F.);
#2462=EDGE_CURVE('',#3406,#3407,#4070,.T.);
#2463=EDGE_CURVE('',#3408,#3406,#4071,.T.);
#2464=EDGE_CURVE('',#3409,#3408,#4072,.T.);
#2465=EDGE_CURVE('',#3407,#3409,#4073,.T.);
#2466=EDGE_CURVE('',#3324,#3410,#4074,.T.);
#2467=EDGE_CURVE('',#3410,#3320,#4075,.T.);
#2468=EDGE_CURVE('',#3318,#3312,#4076,.T.);
#2469=EDGE_CURVE('',#3313,#3317,#4077,.T.);
#2470=EDGE_CURVE('',#3411,#3412,#4078,.T.);
#2471=EDGE_CURVE('',#3413,#3411,#4079,.T.);
#2472=EDGE_CURVE('',#3414,#3413,#4080,.T.);
#2473=EDGE_CURVE('',#3412,#3414,#4081,.T.);
#2474=EDGE_CURVE('',#3415,#3416,#4082,.T.);
#2475=EDGE_CURVE('',#3417,#3415,#4083,.T.);
#2476=EDGE_CURVE('',#3418,#3417,#4084,.T.);
#2477=EDGE_CURVE('',#3416,#3418,#4085,.T.);
#2478=EDGE_CURVE('',#3419,#3420,#4086,.T.);
#2479=EDGE_CURVE('',#3421,#3419,#4087,.T.);
#2480=EDGE_CURVE('',#3422,#3421,#4088,.T.);
#2481=EDGE_CURVE('',#3420,#3422,#4089,.T.);
#2482=EDGE_CURVE('',#3423,#3424,#4090,.T.);
#2483=EDGE_CURVE('',#3425,#3423,#4091,.T.);
#2484=EDGE_CURVE('',#3426,#3425,#4092,.T.);
#2485=EDGE_CURVE('',#3424,#3426,#4093,.T.);
#2486=EDGE_CURVE('',#3427,#3306,#4094,.T.);
#2487=EDGE_CURVE('',#3309,#3427,#4095,.T.);
#2488=EDGE_CURVE('',#3428,#3429,#4096,.T.);
#2489=EDGE_CURVE('',#3429,#3430,#4097,.T.);
#2490=EDGE_CURVE('',#3430,#3335,#4098,.T.);
#2491=EDGE_CURVE('',#3339,#3431,#4099,.T.);
#2492=EDGE_CURVE('',#3431,#3432,#4100,.T.);
#2493=EDGE_CURVE('',#3433,#3432,#4101,.T.);
#2494=EDGE_CURVE('',#3434,#3433,#4102,.T.);
#2495=EDGE_CURVE('',#3434,#3435,#4103,.T.);
#2496=EDGE_CURVE('',#3435,#3428,#4104,.T.);
#2497=EDGE_CURVE('',#3390,#3436,#4105,.T.);
#2498=EDGE_CURVE('',#3437,#3436,#4106,.T.);
#2499=EDGE_CURVE('',#3437,#3438,#4107,.T.);
#2500=EDGE_CURVE('',#3161,#3438,#4108,.T.);
#2501=EDGE_CURVE('',#3160,#3391,#4109,.T.);
#2502=EDGE_CURVE('',#3439,#3440,#4110,.T.);
#2503=EDGE_CURVE('',#3439,#3393,#4111,.T.);
#2504=EDGE_CURVE('',#3170,#3392,#4112,.T.);
#2505=EDGE_CURVE('',#3441,#3169,#4113,.T.);
#2506=EDGE_CURVE('',#3441,#3440,#4114,.T.);
#2507=EDGE_CURVE('',#3442,#3443,#4115,.T.);
#2508=EDGE_CURVE('',#3442,#3389,#4116,.T.);
#2509=EDGE_CURVE('',#3190,#3388,#4117,.T.);
#2510=EDGE_CURVE('',#3444,#3189,#4118,.T.);
#2511=EDGE_CURVE('',#3444,#3443,#4119,.T.);
#2512=EDGE_CURVE('',#3386,#3341,#4120,.T.);
#2513=EDGE_CURVE('',#3340,#3445,#4121,.T.);
#2514=EDGE_CURVE('',#3181,#3445,#4122,.T.);
#2515=EDGE_CURVE('',#3180,#3387,#4123,.T.);
#2516=EDGE_CURVE('',#3446,#3382,#4124,.T.);
#2517=EDGE_CURVE('',#3446,#3447,#4125,.T.);
#2518=EDGE_CURVE('',#3200,#3447,#4126,.T.);
#2519=EDGE_CURVE('',#3199,#3383,#4127,.T.);
#2520=EDGE_CURVE('',#3448,#3449,#4128,.T.);
#2521=EDGE_CURVE('',#3448,#3450,#4129,.T.);
#2522=EDGE_CURVE('',#3450,#3451,#4130,.T.);
#2523=EDGE_CURVE('',#3449,#3451,#4131,.T.);
#2524=EDGE_CURVE('',#3436,#3442,#4132,.T.);
#2525=EDGE_CURVE('',#3437,#3443,#4133,.T.);
#2526=EDGE_CURVE('',#3452,#3453,#4134,.T.);
#2527=EDGE_CURVE('',#3453,#3439,#4135,.T.);
#2528=EDGE_CURVE('',#3452,#3440,#4136,.T.);
#2529=EDGE_CURVE('',#3454,#3455,#4137,.T.);
#2530=EDGE_CURVE('',#3455,#3456,#4138,.T.);
#2531=EDGE_CURVE('',#3456,#3457,#4139,.T.);
#2532=EDGE_CURVE('',#3457,#3454,#4140,.T.);
#2533=EDGE_CURVE('',#3458,#3459,#4141,.T.);
#2534=EDGE_CURVE('',#3459,#3460,#4142,.T.);
#2535=EDGE_CURVE('',#3460,#3461,#4143,.T.);
#2536=EDGE_CURVE('',#3461,#3458,#4144,.T.);
#2537=EDGE_CURVE('',#3462,#3463,#4145,.T.);
#2538=EDGE_CURVE('',#3463,#3464,#4146,.T.);
#2539=EDGE_CURVE('',#3464,#3465,#4147,.T.);
#2540=EDGE_CURVE('',#3465,#3462,#4148,.T.);
#2541=EDGE_CURVE('',#3466,#3467,#4149,.T.);
#2542=EDGE_CURVE('',#3467,#3468,#4150,.T.);
#2543=EDGE_CURVE('',#3468,#3469,#4151,.T.);
#2544=EDGE_CURVE('',#3469,#3466,#4152,.T.);
#2545=EDGE_CURVE('',#3470,#3470,#84,.F.);
#2546=EDGE_CURVE('',#3471,#3471,#85,.F.);
#2547=EDGE_CURVE('',#3472,#3472,#86,.F.);
#2548=EDGE_CURVE('',#3473,#3473,#87,.F.);
#2549=EDGE_CURVE('',#3474,#3474,#88,.F.);
#2550=EDGE_CURVE('',#3475,#3475,#89,.F.);
#2551=EDGE_CURVE('',#3476,#3476,#90,.F.);
#2552=EDGE_CURVE('',#3477,#3477,#91,.F.);
#2553=EDGE_CURVE('',#3478,#3197,#4153,.T.);
#2554=EDGE_CURVE('',#3286,#3479,#4154,.T.);
#2555=EDGE_CURVE('',#3479,#3480,#4155,.T.);
#2556=EDGE_CURVE('',#3480,#3478,#4156,.T.);
#2557=EDGE_CURVE('',#3481,#3178,#4157,.T.);
#2558=EDGE_CURVE('',#3177,#3482,#4158,.T.);
#2559=EDGE_CURVE('',#3482,#3481,#4159,.T.);
#2560=EDGE_CURVE('',#3483,#3484,#4160,.T.);
#2561=EDGE_CURVE('',#3484,#3485,#4161,.F.);
#2562=EDGE_CURVE('',#3485,#3486,#4162,.F.);
#2563=EDGE_CURVE('',#3486,#3483,#4163,.T.);
#2564=EDGE_CURVE('',#3487,#3488,#4164,.T.);
#2565=EDGE_CURVE('',#3488,#3278,#4165,.F.);
#2566=EDGE_CURVE('',#3277,#3487,#4166,.T.);
#2567=EDGE_CURVE('',#3489,#3262,#4167,.T.);
#2568=EDGE_CURVE('',#3261,#3490,#4168,.T.);
#2569=EDGE_CURVE('',#3490,#3489,#4169,.T.);
#2570=EDGE_CURVE('',#3491,#3246,#4170,.T.);
#2571=EDGE_CURVE('',#3245,#3492,#4171,.T.);
#2572=EDGE_CURVE('',#3492,#3491,#4172,.T.);
#2573=EDGE_CURVE('',#3493,#3158,#4173,.T.);
#2574=EDGE_CURVE('',#3157,#3494,#4174,.T.);
#2575=EDGE_CURVE('',#3494,#3493,#4175,.T.);
#2576=EDGE_CURVE('',#3495,#3230,#4176,.T.);
#2577=EDGE_CURVE('',#3229,#3496,#4177,.T.);
#2578=EDGE_CURVE('',#3496,#3495,#4178,.T.);
#2579=EDGE_CURVE('',#3497,#3498,#4179,.T.);
#2580=EDGE_CURVE('',#3498,#3499,#4180,.F.);
#2581=EDGE_CURVE('',#3499,#3500,#4181,.F.);
#2582=EDGE_CURVE('',#3500,#3497,#4182,.T.);
#2583=EDGE_CURVE('',#3501,#3502,#4183,.T.);
#2584=EDGE_CURVE('',#3502,#3503,#4184,.F.);
#2585=EDGE_CURVE('',#3503,#3504,#4185,.F.);
#2586=EDGE_CURVE('',#3504,#3501,#4186,.T.);
#2587=EDGE_CURVE('',#3505,#3506,#4187,.T.);
#2588=EDGE_CURVE('',#3506,#3507,#4188,.F.);
#2589=EDGE_CURVE('',#3507,#3508,#4189,.F.);
#2590=EDGE_CURVE('',#3508,#3505,#4190,.T.);
#2591=EDGE_CURVE('',#3509,#3510,#4191,.T.);
#2592=EDGE_CURVE('',#3510,#3511,#4192,.F.);
#2593=EDGE_CURVE('',#3511,#3512,#4193,.F.);
#2594=EDGE_CURVE('',#3512,#3509,#4194,.T.);
#2595=EDGE_CURVE('',#3513,#3222,#4195,.T.);
#2596=EDGE_CURVE('',#3221,#3514,#4196,.T.);
#2597=EDGE_CURVE('',#3514,#3513,#4197,.T.);
#2598=EDGE_CURVE('',#3515,#3516,#4198,.T.);
#2599=EDGE_CURVE('',#3516,#3517,#4199,.T.);
#2600=EDGE_CURVE('',#3517,#3518,#4200,.T.);
#2601=EDGE_CURVE('',#3518,#3515,#4201,.T.);
#2602=EDGE_CURVE('',#3519,#3519,#92,.F.);
#2603=EDGE_CURVE('',#3520,#3520,#93,.T.);
#2604=EDGE_CURVE('',#3521,#3521,#94,.F.);
#2605=EDGE_CURVE('',#3522,#3522,#95,.T.);
#2606=EDGE_CURVE('',#3523,#3523,#96,.F.);
#2607=EDGE_CURVE('',#3524,#3524,#97,.T.);
#2608=EDGE_CURVE('',#3525,#3525,#98,.F.);
#2609=EDGE_CURVE('',#3526,#3526,#99,.T.);
#2610=EDGE_CURVE('',#3527,#3528,#4202,.T.);
#2611=EDGE_CURVE('',#3528,#3529,#4203,.T.);
#2612=EDGE_CURVE('',#3530,#3529,#4204,.T.);
#2613=EDGE_CURVE('',#3530,#3527,#4205,.T.);
#2614=EDGE_CURVE('',#3531,#3532,#4206,.T.);
#2615=EDGE_CURVE('',#3532,#3533,#4207,.T.);
#2616=EDGE_CURVE('',#3533,#3534,#4208,.T.);
#2617=EDGE_CURVE('',#3534,#3531,#4209,.T.);
#2618=EDGE_CURVE('',#3535,#3536,#4210,.T.);
#2619=EDGE_CURVE('',#3535,#3537,#4211,.T.);
#2620=EDGE_CURVE('',#3537,#3538,#4212,.T.);
#2621=EDGE_CURVE('',#3538,#3536,#4213,.T.);
#2622=EDGE_CURVE('',#3539,#3540,#4214,.T.);
#2623=EDGE_CURVE('',#3539,#3541,#4215,.T.);
#2624=EDGE_CURVE('',#3541,#3542,#4216,.T.);
#2625=EDGE_CURVE('',#3542,#3540,#4217,.T.);
#2626=EDGE_CURVE('',#3543,#3543,#100,.T.);
#2627=EDGE_CURVE('',#3544,#3544,#101,.T.);
#2628=EDGE_CURVE('',#3545,#3546,#4218,.T.);
#2629=EDGE_CURVE('',#3546,#3547,#4219,.T.);
#2630=EDGE_CURVE('',#3547,#3548,#4220,.T.);
#2631=EDGE_CURVE('',#3548,#3549,#4221,.T.);
#2632=EDGE_CURVE('',#3549,#3550,#4222,.T.);
#2633=EDGE_CURVE('',#3550,#3551,#4223,.T.);
#2634=EDGE_CURVE('',#3551,#3552,#4224,.T.);
#2635=EDGE_CURVE('',#3552,#3553,#4225,.T.);
#2636=EDGE_CURVE('',#3553,#3554,#4226,.T.);
#2637=EDGE_CURVE('',#3554,#3555,#4227,.T.);
#2638=EDGE_CURVE('',#3555,#3556,#102,.F.);
#2639=EDGE_CURVE('',#3556,#3557,#4228,.T.);
#2640=EDGE_CURVE('',#3557,#3558,#4229,.T.);
#2641=EDGE_CURVE('',#3558,#3559,#4230,.T.);
#2642=EDGE_CURVE('',#3559,#3560,#103,.F.);
#2643=EDGE_CURVE('',#3560,#3561,#4231,.T.);
#2644=EDGE_CURVE('',#3561,#3562,#4232,.T.);
#2645=EDGE_CURVE('',#3562,#3563,#4233,.T.);
#2646=EDGE_CURVE('',#3563,#3564,#4234,.T.);
#2647=EDGE_CURVE('',#3564,#3545,#4235,.T.);
#2648=EDGE_CURVE('',#3565,#3566,#4236,.T.);
#2649=EDGE_CURVE('',#3566,#3567,#4237,.T.);
#2650=EDGE_CURVE('',#3567,#3568,#4238,.T.);
#2651=EDGE_CURVE('',#3568,#3565,#4239,.T.);
#2652=EDGE_CURVE('',#3569,#3570,#4240,.T.);
#2653=EDGE_CURVE('',#3570,#3571,#4241,.T.);
#2654=EDGE_CURVE('',#3571,#3572,#4242,.T.);
#2655=EDGE_CURVE('',#3572,#3573,#4243,.T.);
#2656=EDGE_CURVE('',#3573,#3574,#4244,.T.);
#2657=EDGE_CURVE('',#3574,#3575,#4245,.T.);
#2658=EDGE_CURVE('',#3575,#3576,#4246,.T.);
#2659=EDGE_CURVE('',#3576,#3577,#4247,.T.);
#2660=EDGE_CURVE('',#3577,#3578,#4248,.T.);
#2661=EDGE_CURVE('',#3578,#3569,#4249,.T.);
#2662=EDGE_CURVE('',#3579,#3580,#4250,.T.);
#2663=EDGE_CURVE('',#3580,#3581,#4251,.T.);
#2664=EDGE_CURVE('',#3581,#3582,#4252,.T.);
#2665=EDGE_CURVE('',#3582,#3579,#4253,.T.);
#2666=EDGE_CURVE('',#3464,#3583,#4254,.T.);
#2667=EDGE_CURVE('',#3584,#3583,#4255,.T.);
#2668=EDGE_CURVE('',#3584,#3465,#4256,.T.);
#2669=EDGE_CURVE('',#3541,#3585,#4257,.T.);
#2670=EDGE_CURVE('',#3585,#3586,#4258,.T.);
#2671=EDGE_CURVE('',#3586,#3542,#4259,.T.);
#2672=EDGE_CURVE('',#3460,#3587,#4260,.T.);
#2673=EDGE_CURVE('',#3587,#3588,#4261,.T.);
#2674=EDGE_CURVE('',#3588,#3461,#4262,.T.);
#2675=EDGE_CURVE('',#3533,#3589,#4263,.T.);
#2676=EDGE_CURVE('',#3589,#3590,#4264,.T.);
#2677=EDGE_CURVE('',#3590,#3534,#4265,.T.);
#2678=EDGE_CURVE('',#3591,#3592,#4266,.T.);
#2679=EDGE_CURVE('',#3592,#3532,#4267,.T.);
#2680=EDGE_CURVE('',#3531,#3591,#4268,.T.);
#2681=EDGE_CURVE('',#3593,#3594,#4269,.T.);
#2682=EDGE_CURVE('',#3594,#3592,#104,.T.);
#2683=EDGE_CURVE('',#3591,#3593,#105,.T.);
#2684=EDGE_CURVE('',#3529,#3594,#4270,.T.);
#2685=EDGE_CURVE('',#3593,#3530,#4271,.T.);
#2686=EDGE_CURVE('',#3595,#3596,#4272,.T.);
#2687=EDGE_CURVE('',#3596,#3528,#4273,.T.);
#2688=EDGE_CURVE('',#3527,#3595,#4274,.T.);
#2689=EDGE_CURVE('',#3583,#3597,#4275,.T.);
#2690=EDGE_CURVE('',#3598,#3597,#4276,.T.);
#2691=EDGE_CURVE('',#3598,#3584,#4277,.T.);
#2692=EDGE_CURVE('',#3597,#3596,#106,.T.);
#2693=EDGE_CURVE('',#3595,#3598,#107,.T.);
#2694=EDGE_CURVE('',#3599,#3600,#4278,.T.);
#2695=EDGE_CURVE('',#3600,#3539,#4279,.T.);
#2696=EDGE_CURVE('',#3540,#3599,#4280,.T.);
#2697=EDGE_CURVE('',#3537,#3601,#4281,.T.);
#2698=EDGE_CURVE('',#3602,#3601,#4282,.T.);
#2699=EDGE_CURVE('',#3602,#3538,#4283,.T.);
#2700=EDGE_CURVE('',#3601,#3600,#108,.T.);
#2701=EDGE_CURVE('',#3599,#3602,#109,.T.);
#2702=EDGE_CURVE('',#3603,#3604,#4284,.T.);
#2703=EDGE_CURVE('',#3604,#3535,#4285,.T.);
#2704=EDGE_CURVE('',#3536,#3603,#4286,.T.);
#2705=EDGE_CURVE('',#3587,#3605,#4287,.T.);
#2706=EDGE_CURVE('',#3606,#3605,#4288,.T.);
#2707=EDGE_CURVE('',#3606,#3588,#4289,.T.);
#2708=EDGE_CURVE('',#3605,#3604,#110,.T.);
#2709=EDGE_CURVE('',#3603,#3606,#111,.T.);
#2710=EDGE_CURVE('',#3607,#3607,#112,.T.);
#2711=EDGE_CURVE('',#3608,#3608,#113,.T.);
#2712=EDGE_CURVE('',#3609,#3609,#114,.F.);
#2713=EDGE_CURVE('',#3610,#3610,#115,.T.);
#2714=EDGE_CURVE('',#3611,#3611,#116,.T.);
#2715=EDGE_CURVE('',#3612,#3612,#117,.F.);
#2716=EDGE_CURVE('',#3613,#3613,#118,.T.);
#2717=EDGE_CURVE('',#3614,#3614,#119,.T.);
#2718=EDGE_CURVE('',#3615,#3615,#120,.F.);
#2719=EDGE_CURVE('',#3616,#3616,#121,.T.);
#2720=EDGE_CURVE('',#3617,#3617,#122,.T.);
#2721=EDGE_CURVE('',#3618,#3618,#123,.F.);
#2722=EDGE_CURVE('',#3619,#3620,#4290,.T.);
#2723=EDGE_CURVE('',#3620,#3621,#4291,.T.);
#2724=EDGE_CURVE('',#3621,#3622,#4292,.T.);
#2725=EDGE_CURVE('',#3622,#3623,#4293,.T.);
#2726=EDGE_CURVE('',#3623,#3619,#4294,.T.);
#2727=EDGE_CURVE('',#3624,#3625,#4295,.T.);
#2728=EDGE_CURVE('',#3625,#3626,#4296,.T.);
#2729=EDGE_CURVE('',#3626,#3627,#4297,.T.);
#2730=EDGE_CURVE('',#3627,#3628,#4298,.T.);
#2731=EDGE_CURVE('',#3628,#3624,#4299,.T.);
#2732=EDGE_CURVE('',#3629,#3630,#4300,.T.);
#2733=EDGE_CURVE('',#3629,#3631,#4301,.T.);
#2734=EDGE_CURVE('',#3631,#3632,#4302,.T.);
#2735=EDGE_CURVE('',#3632,#3633,#4303,.T.);
#2736=EDGE_CURVE('',#3633,#3634,#4304,.T.);
#2737=EDGE_CURVE('',#3635,#3634,#4305,.T.);
#2738=EDGE_CURVE('',#3635,#3630,#4306,.T.);
#2739=EDGE_CURVE('',#3636,#3637,#4307,.T.);
#2740=EDGE_CURVE('',#3637,#3638,#4308,.T.);
#2741=EDGE_CURVE('',#3639,#3638,#4309,.T.);
#2742=EDGE_CURVE('',#3639,#3640,#4310,.T.);
#2743=EDGE_CURVE('',#3640,#3641,#4311,.T.);
#2744=EDGE_CURVE('',#3641,#3642,#4312,.T.);
#2745=EDGE_CURVE('',#3642,#3636,#4313,.T.);
#2746=EDGE_CURVE('',#3643,#3644,#4314,.T.);
#2747=EDGE_CURVE('',#3643,#3448,#4315,.T.);
#2748=EDGE_CURVE('',#3449,#3645,#4316,.T.);
#2749=EDGE_CURVE('',#3645,#3646,#4317,.T.);
#2750=EDGE_CURVE('',#3646,#3647,#4318,.T.);
#2751=EDGE_CURVE('',#3647,#3644,#4319,.T.);
#2752=EDGE_CURVE('',#3450,#3648,#4320,.T.);
#2753=EDGE_CURVE('',#3648,#3649,#4321,.T.);
#2754=EDGE_CURVE('',#3649,#3650,#4322,.T.);
#2755=EDGE_CURVE('',#3650,#3651,#4323,.T.);
#2756=EDGE_CURVE('',#3651,#3652,#4324,.T.);
#2757=EDGE_CURVE('',#3451,#3652,#4325,.T.);
#2758=EDGE_CURVE('',#3652,#3645,#4326,.T.);
#2759=EDGE_CURVE('',#3290,#3653,#4327,.T.);
#2760=EDGE_CURVE('',#3653,#3291,#4328,.T.);
#2761=EDGE_CURVE('',#3654,#3289,#4329,.T.);
#2762=EDGE_CURVE('',#3654,#3655,#4330,.T.);
#2763=EDGE_CURVE('',#3655,#3656,#4331,.T.);
#2764=EDGE_CURVE('',#3656,#3657,#4332,.T.);
#2765=EDGE_CURVE('',#3657,#3658,#4333,.T.);
#2766=EDGE_CURVE('',#3658,#3298,#4334,.T.);
#2767=EDGE_CURVE('',#3297,#3653,#4335,.T.);
#2768=EDGE_CURVE('',#3447,#3333,#4336,.T.);
#2769=EDGE_CURVE('',#3659,#3446,#4337,.T.);
#2770=EDGE_CURVE('',#3336,#3659,#4338,.T.);
#2771=EDGE_CURVE('',#3430,#3654,#4339,.T.);
#2772=EDGE_CURVE('',#3327,#3288,#4340,.T.);
#2773=EDGE_CURVE('',#3660,#3328,#4341,.T.);
#2774=EDGE_CURVE('',#3452,#3660,#4342,.T.);
#2775=EDGE_CURVE('',#3438,#3441,#4343,.T.);
#2776=EDGE_CURVE('',#3445,#3444,#4344,.T.);
#2777=EDGE_CURVE('',#3661,#3662,#4345,.T.);
#2778=EDGE_CURVE('',#3662,#3663,#4346,.T.);
#2779=EDGE_CURVE('',#3663,#3664,#4347,.T.);
#2780=EDGE_CURVE('',#3664,#3661,#4348,.T.);
#2781=EDGE_CURVE('',#3665,#3666,#4349,.F.);
#2782=EDGE_CURVE('',#3666,#3667,#4350,.F.);
#2783=EDGE_CURVE('',#3667,#3668,#4351,.F.);
#2784=EDGE_CURVE('',#3668,#3665,#4352,.F.);
#2785=EDGE_CURVE('',#3669,#3427,#4353,.T.);
#2786=EDGE_CURVE('',#3669,#3310,#4354,.T.);
#2787=EDGE_CURVE('',#3670,#3671,#4355,.T.);
#2788=EDGE_CURVE('',#3670,#3672,#4356,.T.);
#2789=EDGE_CURVE('',#3672,#3673,#4357,.T.);
#2790=EDGE_CURVE('',#3673,#3671,#4358,.T.);
#2791=EDGE_CURVE('',#3672,#3512,#4359,.T.);
#2792=EDGE_CURVE('',#3511,#3674,#4360,.T.);
#2793=EDGE_CURVE('',#3674,#3673,#4361,.F.);
#2794=EDGE_CURVE('',#3510,#3675,#4362,.T.);
#2795=EDGE_CURVE('',#3675,#3676,#4363,.T.);
#2796=EDGE_CURVE('',#3676,#3674,#4364,.F.);
#2797=EDGE_CURVE('',#3675,#3677,#4365,.T.);
#2798=EDGE_CURVE('',#3677,#3670,#4366,.T.);
#2799=EDGE_CURVE('',#3671,#3423,#4367,.T.);
#2800=EDGE_CURVE('',#3676,#3424,#4368,.T.);
#2801=EDGE_CURVE('',#3678,#3679,#4369,.T.);
#2802=EDGE_CURVE('',#3678,#3680,#4370,.T.);
#2803=EDGE_CURVE('',#3680,#3681,#4371,.T.);
#2804=EDGE_CURVE('',#3681,#3679,#4372,.T.);
#2805=EDGE_CURVE('',#3680,#3508,#4373,.T.);
#2806=EDGE_CURVE('',#3507,#3682,#4374,.T.);
#2807=EDGE_CURVE('',#3682,#3681,#4375,.F.);
#2808=EDGE_CURVE('',#3506,#3683,#4376,.T.);
#2809=EDGE_CURVE('',#3683,#3684,#4377,.T.);
#2810=EDGE_CURVE('',#3684,#3682,#4378,.F.);
#2811=EDGE_CURVE('',#3683,#3685,#4379,.T.);
#2812=EDGE_CURVE('',#3685,#3678,#4380,.T.);
#2813=EDGE_CURVE('',#3679,#3419,#4381,.T.);
#2814=EDGE_CURVE('',#3684,#3420,#4382,.T.);
#2815=EDGE_CURVE('',#3686,#3687,#4383,.T.);
#2816=EDGE_CURVE('',#3686,#3688,#4384,.T.);
#2817=EDGE_CURVE('',#3688,#3689,#4385,.T.);
#2818=EDGE_CURVE('',#3689,#3687,#4386,.T.);
#2819=EDGE_CURVE('',#3688,#3504,#4387,.T.);
#2820=EDGE_CURVE('',#3503,#3690,#4388,.T.);
#2821=EDGE_CURVE('',#3690,#3689,#4389,.F.);
#2822=EDGE_CURVE('',#3502,#3691,#4390,.T.);
#2823=EDGE_CURVE('',#3691,#3692,#4391,.T.);
#2824=EDGE_CURVE('',#3692,#3690,#4392,.F.);
#2825=EDGE_CURVE('',#3691,#3693,#4393,.T.);
#2826=EDGE_CURVE('',#3693,#3686,#4394,.T.);
#2827=EDGE_CURVE('',#3687,#3415,#4395,.T.);
#2828=EDGE_CURVE('',#3692,#3416,#4396,.T.);
#2829=EDGE_CURVE('',#3694,#3695,#4397,.T.);
#2830=EDGE_CURVE('',#3694,#3696,#4398,.T.);
#2831=EDGE_CURVE('',#3696,#3697,#4399,.T.);
#2832=EDGE_CURVE('',#3697,#3695,#4400,.T.);
#2833=EDGE_CURVE('',#3696,#3500,#4401,.T.);
#2834=EDGE_CURVE('',#3499,#3698,#4402,.T.);
#2835=EDGE_CURVE('',#3698,#3697,#4403,.F.);
#2836=EDGE_CURVE('',#3498,#3699,#4404,.T.);
#2837=EDGE_CURVE('',#3699,#3700,#4405,.T.);
#2838=EDGE_CURVE('',#3700,#3698,#4406,.F.);
#2839=EDGE_CURVE('',#3699,#3701,#4407,.T.);
#2840=EDGE_CURVE('',#3701,#3694,#4408,.T.);
#2841=EDGE_CURVE('',#3695,#3411,#4409,.T.);
#2842=EDGE_CURVE('',#3700,#3412,#4410,.T.);
#2843=EDGE_CURVE('',#3231,#3239,#4411,.T.);
#2844=EDGE_CURVE('',#3238,#3232,#4412,.T.);
#2845=EDGE_CURVE('',#3159,#3171,#4413,.T.);
#2846=EDGE_CURVE('',#3170,#3160,#4414,.T.);
#2847=EDGE_CURVE('',#3247,#3255,#4415,.T.);
#2848=EDGE_CURVE('',#3254,#3248,#4416,.T.);
#2849=EDGE_CURVE('',#3316,#3314,#4417,.T.);
#2850=EDGE_CURVE('',#3301,#3299,#4418,.T.);
#2851=EDGE_CURVE('',#3658,#3397,#4419,.T.);
#2852=EDGE_CURVE('',#3263,#3271,#4420,.T.);
#2853=EDGE_CURVE('',#3270,#3264,#4421,.T.);
#2854=EDGE_CURVE('',#3488,#3702,#4422,.T.);
#2855=EDGE_CURVE('',#3702,#3703,#4423,.T.);
#2856=EDGE_CURVE('',#3703,#3279,#4424,.F.);
#2857=EDGE_CURVE('',#3702,#3704,#4425,.T.);
#2858=EDGE_CURVE('',#3704,#3283,#4426,.T.);
#2859=EDGE_CURVE('',#3703,#3410,#4427,.T.);
#2860=EDGE_CURVE('',#3705,#3706,#4428,.T.);
#2861=EDGE_CURVE('',#3705,#3707,#4429,.T.);
#2862=EDGE_CURVE('',#3707,#3708,#4430,.T.);
#2863=EDGE_CURVE('',#3708,#3706,#4431,.T.);
#2864=EDGE_CURVE('',#3707,#3486,#4432,.T.);
#2865=EDGE_CURVE('',#3485,#3709,#4433,.T.);
#2866=EDGE_CURVE('',#3709,#3708,#4434,.F.);
#2867=EDGE_CURVE('',#3484,#3710,#4435,.T.);
#2868=EDGE_CURVE('',#3710,#3711,#4436,.T.);
#2869=EDGE_CURVE('',#3711,#3709,#4437,.F.);
#2870=EDGE_CURVE('',#3710,#3712,#4438,.T.);
#2871=EDGE_CURVE('',#3712,#3705,#4439,.T.);
#2872=EDGE_CURVE('',#3706,#3406,#4440,.T.);
#2873=EDGE_CURVE('',#3711,#3407,#4441,.T.);
#2874=EDGE_CURVE('',#3179,#3191,#4442,.T.);
#2875=EDGE_CURVE('',#3190,#3180,#4443,.T.);
#2876=EDGE_CURVE('',#3659,#3381,#4444,.T.);
#2877=EDGE_CURVE('',#3198,#3713,#4445,.T.);
#2878=EDGE_CURVE('',#3713,#3714,#4446,.T.);
#2879=EDGE_CURVE('',#3714,#3715,#4447,.T.);
#2880=EDGE_CURVE('',#3715,#3384,#4448,.T.);
#2881=EDGE_CURVE('',#3714,#3207,#4449,.T.);
#2882=EDGE_CURVE('',#3206,#3715,#4450,.T.);
#2883=EDGE_CURVE('',#3394,#3453,#4451,.T.);
#2884=EDGE_CURVE('',#3329,#3660,#4452,.T.);
#2885=EDGE_CURVE('',#3232,#3395,#4453,.T.);
#2886=EDGE_CURVE('',#3432,#3379,#4454,.F.);
#2887=EDGE_CURVE('',#3433,#3378,#4455,.T.);
#2888=EDGE_CURVE('',#3377,#3434,#4456,.F.);
#2889=EDGE_CURVE('',#3305,#3669,#4457,.T.);
#2890=EDGE_CURVE('',#3673,#3425,#4458,.T.);
#2891=EDGE_CURVE('',#3674,#3426,#4459,.T.);
#2892=EDGE_CURVE('',#3681,#3421,#4460,.T.);
#2893=EDGE_CURVE('',#3682,#3422,#4461,.T.);
#2894=EDGE_CURVE('',#3689,#3417,#4462,.T.);
#2895=EDGE_CURVE('',#3690,#3418,#4463,.T.);
#2896=EDGE_CURVE('',#3697,#3413,#4464,.T.);
#2897=EDGE_CURVE('',#3698,#3414,#4465,.T.);
#2898=EDGE_CURVE('',#3708,#3408,#4466,.T.);
#2899=EDGE_CURVE('',#3709,#3409,#4467,.T.);
#2900=EDGE_CURVE('',#3648,#3643,#4468,.T.);
#2901=EDGE_CURVE('',#3644,#3551,#4469,.T.);
#2902=EDGE_CURVE('',#3550,#3649,#4470,.F.);
#2903=EDGE_CURVE('',#3380,#3431,#4471,.F.);
#2904=EDGE_CURVE('',#3342,#3385,#4472,.T.);
#2905=EDGE_CURVE('',#3640,#3635,#4473,.T.);
#2906=EDGE_CURVE('',#3634,#3641,#4474,.T.);
#2907=EDGE_CURVE('',#3638,#3359,#4475,.T.);
#2908=EDGE_CURVE('',#3358,#3629,#4476,.F.);
#2909=EDGE_CURVE('',#3630,#3639,#4477,.T.);
#2910=EDGE_CURVE('',#3376,#3716,#4478,.T.);
#2911=EDGE_CURVE('',#3435,#3716,#4479,.T.);
#2912=EDGE_CURVE('',#3716,#3455,#4480,.T.);
#2913=EDGE_CURVE('',#3428,#3454,#4481,.F.);
#2914=EDGE_CURVE('',#3547,#3717,#4482,.T.);
#2915=EDGE_CURVE('',#3717,#3429,#4483,.F.);
#2916=EDGE_CURVE('',#3548,#3428,#4484,.T.);
#2917=EDGE_CURVE('',#3548,#3454,#4485,.F.);
#2918=EDGE_CURVE('',#3549,#3457,#4486,.T.);
#2919=EDGE_CURVE('',#3650,#3549,#4487,.F.);
#2920=EDGE_CURVE('',#3650,#3457,#4488,.F.);
#2921=EDGE_CURVE('',#3456,#3718,#4489,.F.);
#2922=EDGE_CURVE('',#3651,#3718,#4490,.T.);
#2923=EDGE_CURVE('',#3718,#3375,#4491,.F.);
#2924=EDGE_CURVE('',#3652,#3374,#4492,.F.);
#2925=EDGE_CURVE('',#3645,#3373,#4493,.T.);
#2926=EDGE_CURVE('',#3372,#3719,#4494,.T.);
#2927=EDGE_CURVE('',#3646,#3719,#4495,.T.);
#2928=EDGE_CURVE('',#3719,#3459,#4496,.T.);
#2929=EDGE_CURVE('',#3647,#3458,#4497,.F.);
#2930=EDGE_CURVE('',#3552,#3647,#4498,.T.);
#2931=EDGE_CURVE('',#3552,#3458,#4499,.F.);
#2932=EDGE_CURVE('',#3553,#3461,#4500,.F.);
#2933=EDGE_CURVE('',#3720,#3627,#4501,.T.);
#2934=EDGE_CURVE('',#3131,#3720,#4502,.F.);
#2935=EDGE_CURVE('',#3624,#3129,#4503,.F.);
#2936=EDGE_CURVE('',#3589,#3625,#4504,.T.);
#2937=EDGE_CURVE('',#3590,#3624,#4505,.T.);
#2938=EDGE_CURVE('',#3554,#3588,#4506,.F.);
#2939=EDGE_CURVE('',#3590,#3129,#4507,.F.);
#2940=EDGE_CURVE('',#3555,#3606,#12,.T.);
#2941=EDGE_CURVE('',#3534,#3145,#4508,.T.);
#2942=EDGE_CURVE('',#3556,#3603,#13,.T.);
#2943=EDGE_CURVE('',#3531,#3144,#4509,.F.);
#2944=EDGE_CURVE('',#3557,#3536,#4510,.T.);
#2945=EDGE_CURVE('',#3591,#3143,#14,.T.);
#2946=EDGE_CURVE('',#3558,#3538,#4511,.F.);
#2947=EDGE_CURVE('',#3593,#3142,#15,.T.);
#2948=EDGE_CURVE('',#3559,#3602,#16,.T.);
#2949=EDGE_CURVE('',#3517,#3666,#4512,.T.);
#2950=EDGE_CURVE('',#3518,#3665,#4513,.T.);
#2951=EDGE_CURVE('',#3530,#3141,#4514,.T.);
#2952=EDGE_CURVE('',#3560,#3599,#17,.T.);
#2953=EDGE_CURVE('',#3518,#3572,#4515,.F.);
#2954=EDGE_CURVE('',#3572,#3665,#4516,.T.);
#2955=EDGE_CURVE('',#3527,#3140,#4517,.F.);
#2956=EDGE_CURVE('',#3561,#3540,#4518,.T.);
#2957=EDGE_CURVE('',#3667,#3566,#4519,.T.);
#2958=EDGE_CURVE('',#3668,#3565,#4520,.T.);
#2959=EDGE_CURVE('',#3573,#3668,#4521,.F.);
#2960=EDGE_CURVE('',#3515,#3571,#4522,.T.);
#2961=EDGE_CURVE('',#3663,#3516,#4523,.F.);
#2962=EDGE_CURVE('',#3664,#3515,#4524,.F.);
#2963=EDGE_CURVE('',#3595,#3139,#18,.T.);
#2964=EDGE_CURVE('',#3562,#3542,#4525,.T.);
#2965=EDGE_CURVE('',#3573,#3565,#4526,.F.);
#2966=EDGE_CURVE('',#3664,#3571,#4527,.F.);
#2967=EDGE_CURVE('',#3598,#3138,#19,.T.);
#2968=EDGE_CURVE('',#3585,#3637,#4528,.F.);
#2969=EDGE_CURVE('',#3586,#3636,#4529,.F.);
#2970=EDGE_CURVE('',#3563,#3586,#4530,.F.);
#2971=EDGE_CURVE('',#3567,#3721,#4531,.F.);
#2972=EDGE_CURVE('',#3721,#3546,#4532,.T.);
#2973=EDGE_CURVE('',#3568,#3545,#4533,.T.);
#2974=EDGE_CURVE('',#3574,#3568,#4534,.T.);
#2975=EDGE_CURVE('',#3661,#3570,#4535,.T.);
#2976=EDGE_CURVE('',#3581,#3662,#4536,.T.);
#2977=EDGE_CURVE('',#3582,#3661,#4537,.T.);
#2978=EDGE_CURVE('',#3584,#3137,#4538,.T.);
#2979=EDGE_CURVE('',#3563,#3636,#4539,.T.);
#2980=EDGE_CURVE('',#3574,#3545,#4540,.T.);
#2981=EDGE_CURVE('',#3582,#3570,#4541,.T.);
#2982=EDGE_CURVE('',#3465,#3136,#4542,.F.);
#2983=EDGE_CURVE('',#3564,#3642,#4543,.F.);
#2984=EDGE_CURVE('',#3575,#3564,#4544,.F.);
#2985=EDGE_CURVE('',#3579,#3569,#4545,.F.);
#2986=EDGE_CURVE('',#3132,#3722,#4546,.F.);
#2987=EDGE_CURVE('',#3722,#3580,#4547,.F.);
#2988=EDGE_CURVE('',#3133,#3579,#4548,.F.);
#2989=EDGE_CURVE('',#3462,#3135,#4549,.F.);
#2990=EDGE_CURVE('',#3631,#3463,#4550,.T.);
#2991=EDGE_CURVE('',#3632,#3462,#4551,.T.);
#2992=EDGE_CURVE('',#3575,#3642,#4552,.T.);
#2993=EDGE_CURVE('',#3133,#3569,#4553,.T.);
#2994=EDGE_CURVE('',#3632,#3135,#4554,.F.);
#2995=EDGE_CURVE('',#3576,#3641,#4555,.T.);
#2996=EDGE_CURVE('',#3134,#3578,#4556,.F.);
#2997=EDGE_CURVE('',#3633,#3134,#4557,.T.);
#2998=EDGE_CURVE('',#3577,#3634,#4558,.F.);
#2999=EDGE_CURVE('',#3633,#3578,#4559,.F.);
#3000=EDGE_CURVE('',#3723,#3657,#4560,.T.);
#3001=EDGE_CURVE('',#3723,#3398,#4561,.F.);
#3002=EDGE_CURVE('',#3655,#3147,#4562,.F.);
#3003=EDGE_CURVE('',#3656,#3126,#4563,.F.);
#3004=EDGE_CURVE('',#3469,#3656,#4564,.T.);
#3005=EDGE_CURVE('',#3468,#3723,#4565,.F.);
#3006=EDGE_CURVE('',#3469,#3126,#4566,.F.);
#3007=EDGE_CURVE('',#3466,#3125,#4567,.T.);
#3008=EDGE_CURVE('',#3621,#3467,#4568,.F.);
#3009=EDGE_CURVE('',#3622,#3466,#4569,.F.);
#3010=EDGE_CURVE('',#3622,#3125,#4570,.F.);
#3011=EDGE_CURVE('',#3619,#3146,#4571,.F.);
#3012=EDGE_CURVE('',#3653,#3396,#4572,.F.);
#3013=EDGE_CURVE('',#3113,#3721,#4573,.F.);
#3014=EDGE_CURVE('',#3114,#3566,#4574,.F.);
#3015=EDGE_CURVE('',#3115,#3667,#4575,.T.);
#3016=EDGE_CURVE('',#3116,#3666,#4576,.T.);
#3017=EDGE_CURVE('',#3117,#3517,#4577,.F.);
#3018=EDGE_CURVE('',#3118,#3516,#4578,.T.);
#3019=EDGE_CURVE('',#3119,#3663,#4579,.T.);
#3020=EDGE_CURVE('',#3120,#3662,#4580,.F.);
#3021=EDGE_CURVE('',#3121,#3581,#4581,.T.);
#3022=EDGE_CURVE('',#3722,#3102,#4582,.T.);
#3023=EDGE_CURVE('',#3717,#3112,#4583,.F.);
#3024=EDGE_CURVE('',#3430,#3111,#4584,.F.);
#3025=EDGE_CURVE('',#3654,#3110,#4585,.T.);
#3026=EDGE_CURVE('',#3360,#3637,#4586,.F.);
#3027=EDGE_CURVE('',#3361,#3585,#4587,.F.);
#3028=EDGE_CURVE('',#3362,#3541,#4588,.F.);
#3029=EDGE_CURVE('',#3363,#3539,#4589,.F.);
#3030=EDGE_CURVE('',#3364,#3600,#20,.F.);
#3031=EDGE_CURVE('',#3365,#3601,#21,.F.);
#3032=EDGE_CURVE('',#3366,#3537,#4590,.T.);
#3033=EDGE_CURVE('',#3367,#3535,#4591,.F.);
#3034=EDGE_CURVE('',#3368,#3604,#22,.F.);
#3035=EDGE_CURVE('',#3369,#3605,#23,.F.);
#3036=EDGE_CURVE('',#3370,#3587,#4592,.T.);
#3037=EDGE_CURVE('',#3371,#3460,#4593,.T.);
#3038=EDGE_CURVE('',#3631,#3357,#4594,.F.);
#3039=EDGE_CURVE('',#3463,#3356,#4595,.T.);
#3040=EDGE_CURVE('',#3464,#3355,#4596,.T.);
#3041=EDGE_CURVE('',#3583,#3354,#4597,.F.);
#3042=EDGE_CURVE('',#3597,#3353,#24,.F.);
#3043=EDGE_CURVE('',#3596,#3352,#25,.F.);
#3044=EDGE_CURVE('',#3528,#3351,#4598,.T.);
#3045=EDGE_CURVE('',#3529,#3350,#4599,.F.);
#3046=EDGE_CURVE('',#3594,#3349,#26,.F.);
#3047=EDGE_CURVE('',#3592,#3348,#27,.F.);
#3048=EDGE_CURVE('',#3532,#3347,#4600,.T.);
#3049=EDGE_CURVE('',#3533,#3346,#4601,.F.);
#3050=EDGE_CURVE('',#3589,#3345,#4602,.F.);
#3051=EDGE_CURVE('',#3344,#3625,#4603,.F.);
#3052=EDGE_CURVE('',#3621,#3400,#4604,.F.);
#3053=EDGE_CURVE('',#3467,#3399,#4605,.T.);
#3054=EDGE_CURVE('',#3501,#3693,#4606,.F.);
#3055=EDGE_CURVE('',#3497,#3701,#4607,.F.);
#3056=EDGE_CURVE('',#3509,#3677,#4608,.F.);
#3057=EDGE_CURVE('',#3505,#3685,#4609,.F.);
#3058=EDGE_CURVE('',#3483,#3712,#4610,.F.);
#3059=EDGE_CURVE('',#3487,#3704,#4611,.F.);
#3060=EDGE_CURVE('',#3479,#3287,#4612,.F.);
#3061=EDGE_CURVE('',#3480,#3208,#4613,.F.);
#3062=EDGE_CURVE('',#3478,#3713,#4614,.F.);
#3063=EDGE_CURVE('',#3482,#3185,#4615,.F.);
#3064=EDGE_CURVE('',#3481,#3192,#4616,.F.);
#3065=EDGE_CURVE('',#3494,#3165,#4617,.F.);
#3066=EDGE_CURVE('',#3493,#3172,#4618,.F.);
#3067=EDGE_CURVE('',#3496,#3151,#4619,.F.);
#3068=EDGE_CURVE('',#3495,#3240,#4620,.F.);
#3069=EDGE_CURVE('',#3490,#3267,#4621,.F.);
#3070=EDGE_CURVE('',#3489,#3272,#4622,.F.);
#3071=EDGE_CURVE('',#3492,#3251,#4623,.F.);
#3072=EDGE_CURVE('',#3491,#3256,#4624,.F.);
#3073=EDGE_CURVE('',#3514,#3225,#4625,.F.);
#3074=EDGE_CURVE('',#3513,#3226,#4626,.F.);
#3075=EDGE_CURVE('',#3724,#3724,#124,.T.);
#3076=EDGE_CURVE('',#3725,#3725,#125,.T.);
#3077=EDGE_CURVE('',#3726,#3726,#126,.T.);
#3078=EDGE_CURVE('',#3727,#3727,#127,.T.);
#3079=EDGE_CURVE('',#3728,#3728,#128,.T.);
#3080=EDGE_CURVE('',#3729,#3729,#129,.T.);
#3081=EDGE_CURVE('',#3730,#3730,#130,.T.);
#3082=EDGE_CURVE('',#3731,#3731,#131,.T.);
#3083=EDGE_CURVE('',#3720,#3103,#4627,.T.);
#3084=EDGE_CURVE('',#3227,#3237,#4628,.T.);
#3085=EDGE_CURVE('',#3153,#3167,#4629,.T.);
#3086=EDGE_CURVE('',#3173,#3187,#4630,.T.);
#3087=EDGE_CURVE('',#3193,#3203,#4631,.T.);
#3088=EDGE_CURVE('',#3319,#3323,#4632,.T.);
#3089=EDGE_CURVE('',#3273,#3281,#4633,.T.);
#3090=EDGE_CURVE('',#3311,#3315,#4634,.T.);
#3091=EDGE_CURVE('',#3241,#3253,#4635,.T.);
#3092=EDGE_CURVE('',#3308,#3304,#4636,.T.);
#3093=EDGE_CURVE('',#3217,#3212,#4637,.T.);
#3094=EDGE_CURVE('',#3257,#3269,#4638,.T.);
#3095=EDGE_CURVE('',#3294,#3300,#4639,.T.);
#3096=EDGE_CURVE('',#3620,#3107,#4640,.T.);
#3097=EDGE_CURVE('',#3401,#3620,#4641,.F.);
#3098=EDGE_CURVE('',#3401,#3106,#4642,.F.);
#3099=EDGE_CURVE('',#3104,#3626,#4643,.T.);
#3100=EDGE_CURVE('',#3343,#3105,#4644,.T.);
#3101=EDGE_CURVE('',#3343,#3626,#4645,.F.);
#3102=VERTEX_POINT('',#9525);
#3103=VERTEX_POINT('',#9526);
#3104=VERTEX_POINT('',#9528);
#3105=VERTEX_POINT('',#9530);
#3106=VERTEX_POINT('',#9532);
#3107=VERTEX_POINT('',#9534);
#3108=VERTEX_POINT('',#9536);
#3109=VERTEX_POINT('',#9538);
#3110=VERTEX_POINT('',#9540);
#3111=VERTEX_POINT('',#9542);
#3112=VERTEX_POINT('',#9544);
#3113=VERTEX_POINT('',#9546);
#3114=VERTEX_POINT('',#9548);
#3115=VERTEX_POINT('',#9550);
#3116=VERTEX_POINT('',#9552);
#3117=VERTEX_POINT('',#9554);
#3118=VERTEX_POINT('',#9556);
#3119=VERTEX_POINT('',#9558);
#3120=VERTEX_POINT('',#9560);
#3121=VERTEX_POINT('',#9562);
#3122=VERTEX_POINT('',#9566);
#3123=VERTEX_POINT('',#9567);
#3124=VERTEX_POINT('',#9569);
#3125=VERTEX_POINT('',#9571);
#3126=VERTEX_POINT('',#9573);
#3127=VERTEX_POINT('',#9577);
#3128=VERTEX_POINT('',#9579);
#3129=VERTEX_POINT('',#9581);
#3130=VERTEX_POINT('',#9582);
#3131=VERTEX_POINT('',#9584);
#3132=VERTEX_POINT('',#9586);
#3133=VERTEX_POINT('',#9588);
#3134=VERTEX_POINT('',#9590);
#3135=VERTEX_POINT('',#9592);
#3136=VERTEX_POINT('',#9594);
#3137=VERTEX_POINT('',#9596);
#3138=VERTEX_POINT('',#9598);
#3139=VERTEX_POINT('',#9600);
#3140=VERTEX_POINT('',#9602);
#3141=VERTEX_POINT('',#9604);
#3142=VERTEX_POINT('',#9606);
#3143=VERTEX_POINT('',#9608);
#3144=VERTEX_POINT('',#9610);
#3145=VERTEX_POINT('',#9612);
#3146=VERTEX_POINT('',#9616);
#3147=VERTEX_POINT('',#9619);
#3148=VERTEX_POINT('',#9623);
#3149=VERTEX_POINT('',#9624);
#3150=VERTEX_POINT('',#9626);
#3151=VERTEX_POINT('',#9628);
#3152=VERTEX_POINT('',#9630);
#3153=VERTEX_POINT('',#9634);
#3154=VERTEX_POINT('',#9635);
#3155=VERTEX_POINT('',#9637);
#3156=VERTEX_POINT('',#9639);
#3157=VERTEX_POINT('',#9641);
#3158=VERTEX_POINT('',#9643);
#3159=VERTEX_POINT('',#9645);
#3160=VERTEX_POINT('',#9647);
#3161=VERTEX_POINT('',#9649);
#3162=VERTEX_POINT('',#9651);
#3163=VERTEX_POINT('',#9655);
#3164=VERTEX_POINT('',#9657);
#3165=VERTEX_POINT('',#9659);
#3166=VERTEX_POINT('',#9663);
#3167=VERTEX_POINT('',#9664);
#3168=VERTEX_POINT('',#9666);
#3169=VERTEX_POINT('',#9668);
#3170=VERTEX_POINT('',#9670);
#3171=VERTEX_POINT('',#9672);
#3172=VERTEX_POINT('',#9674);
#3173=VERTEX_POINT('',#9679);
#3174=VERTEX_POINT('',#9680);
#3175=VERTEX_POINT('',#9682);
#3176=VERTEX_POINT('',#9684);
#3177=VERTEX_POINT('',#9686);
#3178=VERTEX_POINT('',#9688);
#3179=VERTEX_POINT('',#9690);
#3180=VERTEX_POINT('',#9692);
#3181=VERTEX_POINT('',#9694);
#3182=VERTEX_POINT('',#9696);
#3183=VERTEX_POINT('',#9700);
#3184=VERTEX_POINT('',#9702);
#3185=VERTEX_POINT('',#9704);
#3186=VERTEX_POINT('',#9708);
#3187=VERTEX_POINT('',#9709);
#3188=VERTEX_POINT('',#9711);
#3189=VERTEX_POINT('',#9713);
#3190=VERTEX_POINT('',#9715);
#3191=VERTEX_POINT('',#9717);
#3192=VERTEX_POINT('',#9719);
#3193=VERTEX_POINT('',#9724);
#3194=VERTEX_POINT('',#9725);
#3195=VERTEX_POINT('',#9727);
#3196=VERTEX_POINT('',#9729);
#3197=VERTEX_POINT('',#9731);
#3198=VERTEX_POINT('',#9733);
#3199=VERTEX_POINT('',#9735);
#3200=VERTEX_POINT('',#9737);
#3201=VERTEX_POINT('',#9739);
#3202=VERTEX_POINT('',#9743);
#3203=VERTEX_POINT('',#9744);
#3204=VERTEX_POINT('',#9746);
#3205=VERTEX_POINT('',#9748);
#3206=VERTEX_POINT('',#9750);
#3207=VERTEX_POINT('',#9752);
#3208=VERTEX_POINT('',#9754);
#3209=VERTEX_POINT('',#9756);
#3210=VERTEX_POINT('',#9758);
#3211=VERTEX_POINT('',#9762);
#3212=VERTEX_POINT('',#9763);
#3213=VERTEX_POINT('',#9765);
#3214=VERTEX_POINT('',#9767);
#3215=VERTEX_POINT('',#9769);
#3216=VERTEX_POINT('',#9771);
#3217=VERTEX_POINT('',#9775);
#3218=VERTEX_POINT('',#9776);
#3219=VERTEX_POINT('',#9778);
#3220=VERTEX_POINT('',#9780);
#3221=VERTEX_POINT('',#9782);
#3222=VERTEX_POINT('',#9784);
#3223=VERTEX_POINT('',#9789);
#3224=VERTEX_POINT('',#9791);
#3225=VERTEX_POINT('',#9793);
#3226=VERTEX_POINT('',#9798);
#3227=VERTEX_POINT('',#9802);
#3228=VERTEX_POINT('',#9803);
#3229=VERTEX_POINT('',#9806);
#3230=VERTEX_POINT('',#9808);
#3231=VERTEX_POINT('',#9810);
#3232=VERTEX_POINT('',#9812);
#3233=VERTEX_POINT('',#9814);
#3234=VERTEX_POINT('',#9816);
#3235=VERTEX_POINT('',#9818);
#3236=VERTEX_POINT('',#9822);
#3237=VERTEX_POINT('',#9823);
#3238=VERTEX_POINT('',#9825);
#3239=VERTEX_POINT('',#9827);
#3240=VERTEX_POINT('',#9829);
#3241=VERTEX_POINT('',#9834);
#3242=VERTEX_POINT('',#9835);
#3243=VERTEX_POINT('',#9837);
#3244=VERTEX_POINT('',#9839);
#3245=VERTEX_POINT('',#9841);
#3246=VERTEX_POINT('',#9843);
#3247=VERTEX_POINT('',#9845);
#3248=VERTEX_POINT('',#9847);
#3249=VERTEX_POINT('',#9851);
#3250=VERTEX_POINT('',#9853);
#3251=VERTEX_POINT('',#9855);
#3252=VERTEX_POINT('',#9859);
#3253=VERTEX_POINT('',#9860);
#3254=VERTEX_POINT('',#9862);
#3255=VERTEX_POINT('',#9864);
#3256=VERTEX_POINT('',#9866);
#3257=VERTEX_POINT('',#9871);
#3258=VERTEX_POINT('',#9872);
#3259=VERTEX_POINT('',#9874);
#3260=VERTEX_POINT('',#9876);
#3261=VERTEX_POINT('',#9878);
#3262=VERTEX_POINT('',#9880);
#3263=VERTEX_POINT('',#9882);
#3264=VERTEX_POINT('',#9884);
#3265=VERTEX_POINT('',#9888);
#3266=VERTEX_POINT('',#9890);
#3267=VERTEX_POINT('',#9892);
#3268=VERTEX_POINT('',#9896);
#3269=VERTEX_POINT('',#9897);
#3270=VERTEX_POINT('',#9899);
#3271=VERTEX_POINT('',#9901);
#3272=VERTEX_POINT('',#9903);
#3273=VERTEX_POINT('',#9908);
#3274=VERTEX_POINT('',#9909);
#3275=VERTEX_POINT('',#9911);
#3276=VERTEX_POINT('',#9913);
#3277=VERTEX_POINT('',#9915);
#3278=VERTEX_POINT('',#9917);
#3279=VERTEX_POINT('',#9919);
#3280=VERTEX_POINT('',#9923);
#3281=VERTEX_POINT('',#9924);
#3282=VERTEX_POINT('',#9926);
#3283=VERTEX_POINT('',#9928);
#3284=VERTEX_POINT('',#9933);
#3285=VERTEX_POINT('',#9935);
#3286=VERTEX_POINT('',#9937);
#3287=VERTEX_POINT('',#9942);
#3288=VERTEX_POINT('',#9946);
#3289=VERTEX_POINT('',#9948);
#3290=VERTEX_POINT('',#9950);
#3291=VERTEX_POINT('',#9952);
#3292=VERTEX_POINT('',#9954);
#3293=VERTEX_POINT('',#9956);
#3294=VERTEX_POINT('',#9960);
#3295=VERTEX_POINT('',#9962);
#3296=VERTEX_POINT('',#9964);
#3297=VERTEX_POINT('',#9966);
#3298=VERTEX_POINT('',#9968);
#3299=VERTEX_POINT('',#9970);
#3300=VERTEX_POINT('',#9974);
#3301=VERTEX_POINT('',#9976);
#3302=VERTEX_POINT('',#9978);
#3303=VERTEX_POINT('',#9980);
#3304=VERTEX_POINT('',#9984);
#3305=VERTEX_POINT('',#9986);
#3306=VERTEX_POINT('',#9988);
#3307=VERTEX_POINT('',#9990);
#3308=VERTEX_POINT('',#9994);
#3309=VERTEX_POINT('',#9996);
#3310=VERTEX_POINT('',#9998);
#3311=VERTEX_POINT('',#10002);
#3312=VERTEX_POINT('',#10004);
#3313=VERTEX_POINT('',#10006);
#3314=VERTEX_POINT('',#10008);
#3315=VERTEX_POINT('',#10012);
#3316=VERTEX_POINT('',#10014);
#3317=VERTEX_POINT('',#10016);
#3318=VERTEX_POINT('',#10018);
#3319=VERTEX_POINT('',#10022);
#3320=VERTEX_POINT('',#10024);
#3321=VERTEX_POINT('',#10026);
#3322=VERTEX_POINT('',#10028);
#3323=VERTEX_POINT('',#10032);
#3324=VERTEX_POINT('',#10035);
#3325=VERTEX_POINT('',#10048);
#3326=VERTEX_POINT('',#10050);
#3327=VERTEX_POINT('',#10054);
#3328=VERTEX_POINT('',#10055);
#3329=VERTEX_POINT('',#10059);
#3330=VERTEX_POINT('',#10063);
#3331=VERTEX_POINT('',#10064);
#3332=VERTEX_POINT('',#10066);
#3333=VERTEX_POINT('',#10069);
#3334=VERTEX_POINT('',#10071);
#3335=VERTEX_POINT('',#10075);
#3336=VERTEX_POINT('',#10076);
#3337=VERTEX_POINT('',#10078);
#3338=VERTEX_POINT('',#10080);
#3339=VERTEX_POINT('',#10082);
#3340=VERTEX_POINT('',#10086);
#3341=VERTEX_POINT('',#10087);
#3342=VERTEX_POINT('',#10089);
#3343=VERTEX_POINT('',#10094);
#3344=VERTEX_POINT('',#10095);
#3345=VERTEX_POINT('',#10097);
#3346=VERTEX_POINT('',#10099);
#3347=VERTEX_POINT('',#10101);
#3348=VERTEX_POINT('',#10103);
#3349=VERTEX_POINT('',#10105);
#3350=VERTEX_POINT('',#10107);
#3351=VERTEX_POINT('',#10109);
#3352=VERTEX_POINT('',#10111);
#3353=VERTEX_POINT('',#10113);
#3354=VERTEX_POINT('',#10115);
#3355=VERTEX_POINT('',#10117);
#3356=VERTEX_POINT('',#10119);
#3357=VERTEX_POINT('',#10121);
#3358=VERTEX_POINT('',#10123);
#3359=VERTEX_POINT('',#10125);
#3360=VERTEX_POINT('',#10127);
#3361=VERTEX_POINT('',#10129);
#3362=VERTEX_POINT('',#10131);
#3363=VERTEX_POINT('',#10133);
#3364=VERTEX_POINT('',#10135);
#3365=VERTEX_POINT('',#10137);
#3366=VERTEX_POINT('',#10139);
#3367=VERTEX_POINT('',#10141);
#3368=VERTEX_POINT('',#10143);
#3369=VERTEX_POINT('',#10145);
#3370=VERTEX_POINT('',#10147);
#3371=VERTEX_POINT('',#10149);
#3372=VERTEX_POINT('',#10151);
#3373=VERTEX_POINT('',#10153);
#3374=VERTEX_POINT('',#10155);
#3375=VERTEX_POINT('',#10157);
#3376=VERTEX_POINT('',#10159);
#3377=VERTEX_POINT('',#10161);
#3378=VERTEX_POINT('',#10163);
#3379=VERTEX_POINT('',#10165);
#3380=VERTEX_POINT('',#10167);
#3381=VERTEX_POINT('',#10170);
#3382=VERTEX_POINT('',#10172);
#3383=VERTEX_POINT('',#10174);
#3384=VERTEX_POINT('',#10176);
#3385=VERTEX_POINT('',#10179);
#3386=VERTEX_POINT('',#10181);
#3387=VERTEX_POINT('',#10183);
#3388=VERTEX_POINT('',#10185);
#3389=VERTEX_POINT('',#10187);
#3390=VERTEX_POINT('',#10189);
#3391=VERTEX_POINT('',#10191);
#3392=VERTEX_POINT('',#10193);
#3393=VERTEX_POINT('',#10195);
#3394=VERTEX_POINT('',#10197);
#3395=VERTEX_POINT('',#10199);
#3396=VERTEX_POINT('',#10202);
#3397=VERTEX_POINT('',#10206);
#3398=VERTEX_POINT('',#10208);
#3399=VERTEX_POINT('',#10210);
#3400=VERTEX_POINT('',#10212);
#3401=VERTEX_POINT('',#10214);
#3402=VERTEX_POINT('',#10217);
#3403=VERTEX_POINT('',#10219);
#3404=VERTEX_POINT('',#10221);
#3405=VERTEX_POINT('',#10223);
#3406=VERTEX_POINT('',#10225);
#3407=VERTEX_POINT('',#10226);
#3408=VERTEX_POINT('',#10228);
#3409=VERTEX_POINT('',#10230);
#3410=VERTEX_POINT('',#10233);
#3411=VERTEX_POINT('',#10238);
#3412=VERTEX_POINT('',#10239);
#3413=VERTEX_POINT('',#10241);
#3414=VERTEX_POINT('',#10243);
#3415=VERTEX_POINT('',#10246);
#3416=VERTEX_POINT('',#10247);
#3417=VERTEX_POINT('',#10249);
#3418=VERTEX_POINT('',#10251);
#3419=VERTEX_POINT('',#10254);
#3420=VERTEX_POINT('',#10255);
#3421=VERTEX_POINT('',#10257);
#3422=VERTEX_POINT('',#10259);
#3423=VERTEX_POINT('',#10262);
#3424=VERTEX_POINT('',#10263);
#3425=VERTEX_POINT('',#10265);
#3426=VERTEX_POINT('',#10267);
#3427=VERTEX_POINT('',#10270);
#3428=VERTEX_POINT('',#10274);
#3429=VERTEX_POINT('',#10275);
#3430=VERTEX_POINT('',#10277);
#3431=VERTEX_POINT('',#10280);
#3432=VERTEX_POINT('',#10282);
#3433=VERTEX_POINT('',#10284);
#3434=VERTEX_POINT('',#10286);
#3435=VERTEX_POINT('',#10288);
#3436=VERTEX_POINT('',#10292);
#3437=VERTEX_POINT('',#10294);
#3438=VERTEX_POINT('',#10296);
#3439=VERTEX_POINT('',#10301);
#3440=VERTEX_POINT('',#10302);
#3441=VERTEX_POINT('',#10306);
#3442=VERTEX_POINT('',#10310);
#3443=VERTEX_POINT('',#10311);
#3444=VERTEX_POINT('',#10315);
#3445=VERTEX_POINT('',#10320);
#3446=VERTEX_POINT('',#10325);
#3447=VERTEX_POINT('',#10327);
#3448=VERTEX_POINT('',#10332);
#3449=VERTEX_POINT('',#10333);
#3450=VERTEX_POINT('',#10335);
#3451=VERTEX_POINT('',#10337);
#3452=VERTEX_POINT('',#10344);
#3453=VERTEX_POINT('',#10345);
#3454=VERTEX_POINT('',#10350);
#3455=VERTEX_POINT('',#10351);
#3456=VERTEX_POINT('',#10353);
#3457=VERTEX_POINT('',#10355);
#3458=VERTEX_POINT('',#10359);
#3459=VERTEX_POINT('',#10360);
#3460=VERTEX_POINT('',#10362);
#3461=VERTEX_POINT('',#10364);
#3462=VERTEX_POINT('',#10368);
#3463=VERTEX_POINT('',#10369);
#3464=VERTEX_POINT('',#10371);
#3465=VERTEX_POINT('',#10373);
#3466=VERTEX_POINT('',#10377);
#3467=VERTEX_POINT('',#10378);
#3468=VERTEX_POINT('',#10380);
#3469=VERTEX_POINT('',#10382);
#3470=VERTEX_POINT('',#10386);
#3471=VERTEX_POINT('',#10388);
#3472=VERTEX_POINT('',#10390);
#3473=VERTEX_POINT('',#10392);
#3474=VERTEX_POINT('',#10394);
#3475=VERTEX_POINT('',#10396);
#3476=VERTEX_POINT('',#10398);
#3477=VERTEX_POINT('',#10400);
#3478=VERTEX_POINT('',#10402);
#3479=VERTEX_POINT('',#10404);
#3480=VERTEX_POINT('',#10406);
#3481=VERTEX_POINT('',#10409);
#3482=VERTEX_POINT('',#10411);
#3483=VERTEX_POINT('',#10414);
#3484=VERTEX_POINT('',#10415);
#3485=VERTEX_POINT('',#10417);
#3486=VERTEX_POINT('',#10419);
#3487=VERTEX_POINT('',#10422);
#3488=VERTEX_POINT('',#10423);
#3489=VERTEX_POINT('',#10427);
#3490=VERTEX_POINT('',#10429);
#3491=VERTEX_POINT('',#10432);
#3492=VERTEX_POINT('',#10434);
#3493=VERTEX_POINT('',#10437);
#3494=VERTEX_POINT('',#10439);
#3495=VERTEX_POINT('',#10442);
#3496=VERTEX_POINT('',#10444);
#3497=VERTEX_POINT('',#10447);
#3498=VERTEX_POINT('',#10448);
#3499=VERTEX_POINT('',#10450);
#3500=VERTEX_POINT('',#10452);
#3501=VERTEX_POINT('',#10455);
#3502=VERTEX_POINT('',#10456);
#3503=VERTEX_POINT('',#10458);
#3504=VERTEX_POINT('',#10460);
#3505=VERTEX_POINT('',#10463);
#3506=VERTEX_POINT('',#10464);
#3507=VERTEX_POINT('',#10466);
#3508=VERTEX_POINT('',#10468);
#3509=VERTEX_POINT('',#10471);
#3510=VERTEX_POINT('',#10472);
#3511=VERTEX_POINT('',#10474);
#3512=VERTEX_POINT('',#10476);
#3513=VERTEX_POINT('',#10479);
#3514=VERTEX_POINT('',#10481);
#3515=VERTEX_POINT('',#10484);
#3516=VERTEX_POINT('',#10485);
#3517=VERTEX_POINT('',#10487);
#3518=VERTEX_POINT('',#10489);
#3519=VERTEX_POINT('',#10493);
#3520=VERTEX_POINT('',#10495);
#3521=VERTEX_POINT('',#10498);
#3522=VERTEX_POINT('',#10500);
#3523=VERTEX_POINT('',#10503);
#3524=VERTEX_POINT('',#10505);
#3525=VERTEX_POINT('',#10508);
#3526=VERTEX_POINT('',#10510);
#3527=VERTEX_POINT('',#10513);
#3528=VERTEX_POINT('',#10514);
#3529=VERTEX_POINT('',#10516);
#3530=VERTEX_POINT('',#10518);
#3531=VERTEX_POINT('',#10522);
#3532=VERTEX_POINT('',#10523);
#3533=VERTEX_POINT('',#10525);
#3534=VERTEX_POINT('',#10527);
#3535=VERTEX_POINT('',#10531);
#3536=VERTEX_POINT('',#10532);
#3537=VERTEX_POINT('',#10534);
#3538=VERTEX_POINT('',#10536);
#3539=VERTEX_POINT('',#10540);
#3540=VERTEX_POINT('',#10541);
#3541=VERTEX_POINT('',#10543);
#3542=VERTEX_POINT('',#10545);
#3543=VERTEX_POINT('',#10549);
#3544=VERTEX_POINT('',#10551);
#3545=VERTEX_POINT('',#10553);
#3546=VERTEX_POINT('',#10554);
#3547=VERTEX_POINT('',#10556);
#3548=VERTEX_POINT('',#10558);
#3549=VERTEX_POINT('',#10560);
#3550=VERTEX_POINT('',#10562);
#3551=VERTEX_POINT('',#10564);
#3552=VERTEX_POINT('',#10566);
#3553=VERTEX_POINT('',#10568);
#3554=VERTEX_POINT('',#10570);
#3555=VERTEX_POINT('',#10572);
#3556=VERTEX_POINT('',#10574);
#3557=VERTEX_POINT('',#10576);
#3558=VERTEX_POINT('',#10578);
#3559=VERTEX_POINT('',#10580);
#3560=VERTEX_POINT('',#10582);
#3561=VERTEX_POINT('',#10584);
#3562=VERTEX_POINT('',#10586);
#3563=VERTEX_POINT('',#10588);
#3564=VERTEX_POINT('',#10590);
#3565=VERTEX_POINT('',#10594);
#3566=VERTEX_POINT('',#10595);
#3567=VERTEX_POINT('',#10597);
#3568=VERTEX_POINT('',#10599);
#3569=VERTEX_POINT('',#10603);
#3570=VERTEX_POINT('',#10604);
#3571=VERTEX_POINT('',#10606);
#3572=VERTEX_POINT('',#10608);
#3573=VERTEX_POINT('',#10610);
#3574=VERTEX_POINT('',#10612);
#3575=VERTEX_POINT('',#10614);
#3576=VERTEX_POINT('',#10616);
#3577=VERTEX_POINT('',#10618);
#3578=VERTEX_POINT('',#10620);
#3579=VERTEX_POINT('',#10624);
#3580=VERTEX_POINT('',#10625);
#3581=VERTEX_POINT('',#10627);
#3582=VERTEX_POINT('',#10629);
#3583=VERTEX_POINT('',#10633);
#3584=VERTEX_POINT('',#10635);
#3585=VERTEX_POINT('',#10639);
#3586=VERTEX_POINT('',#10641);
#3587=VERTEX_POINT('',#10645);
#3588=VERTEX_POINT('',#10647);
#3589=VERTEX_POINT('',#10651);
#3590=VERTEX_POINT('',#10653);
#3591=VERTEX_POINT('',#10657);
#3592=VERTEX_POINT('',#10658);
#3593=VERTEX_POINT('',#10663);
#3594=VERTEX_POINT('',#10664);
#3595=VERTEX_POINT('',#10672);
#3596=VERTEX_POINT('',#10673);
#3597=VERTEX_POINT('',#10678);
#3598=VERTEX_POINT('',#10680);
#3599=VERTEX_POINT('',#10687);
#3600=VERTEX_POINT('',#10688);
#3601=VERTEX_POINT('',#10693);
#3602=VERTEX_POINT('',#10695);
#3603=VERTEX_POINT('',#10702);
#3604=VERTEX_POINT('',#10703);
#3605=VERTEX_POINT('',#10708);
#3606=VERTEX_POINT('',#10710);
#3607=VERTEX_POINT('',#10717);
#3608=VERTEX_POINT('',#10719);
#3609=VERTEX_POINT('',#10722);
#3610=VERTEX_POINT('',#10725);
#3611=VERTEX_POINT('',#10727);
#3612=VERTEX_POINT('',#10730);
#3613=VERTEX_POINT('',#10733);
#3614=VERTEX_POINT('',#10735);
#3615=VERTEX_POINT('',#10738);
#3616=VERTEX_POINT('',#10741);
#3617=VERTEX_POINT('',#10743);
#3618=VERTEX_POINT('',#10746);
#3619=VERTEX_POINT('',#10753);
#3620=VERTEX_POINT('',#10754);
#3621=VERTEX_POINT('',#10756);
#3622=VERTEX_POINT('',#10758);
#3623=VERTEX_POINT('',#10760);
#3624=VERTEX_POINT('',#10764);
#3625=VERTEX_POINT('',#10765);
#3626=VERTEX_POINT('',#10767);
#3627=VERTEX_POINT('',#10769);
#3628=VERTEX_POINT('',#10771);
#3629=VERTEX_POINT('',#10775);
#3630=VERTEX_POINT('',#10776);
#3631=VERTEX_POINT('',#10778);
#3632=VERTEX_POINT('',#10780);
#3633=VERTEX_POINT('',#10782);
#3634=VERTEX_POINT('',#10784);
#3635=VERTEX_POINT('',#10786);
#3636=VERTEX_POINT('',#10790);
#3637=VERTEX_POINT('',#10791);
#3638=VERTEX_POINT('',#10793);
#3639=VERTEX_POINT('',#10795);
#3640=VERTEX_POINT('',#10797);
#3641=VERTEX_POINT('',#10799);
#3642=VERTEX_POINT('',#10801);
#3643=VERTEX_POINT('',#10805);
#3644=VERTEX_POINT('',#10806);
#3645=VERTEX_POINT('',#10809);
#3646=VERTEX_POINT('',#10811);
#3647=VERTEX_POINT('',#10813);
#3648=VERTEX_POINT('',#10817);
#3649=VERTEX_POINT('',#10819);
#3650=VERTEX_POINT('',#10821);
#3651=VERTEX_POINT('',#10823);
#3652=VERTEX_POINT('',#10825);
#3653=VERTEX_POINT('',#10831);
#3654=VERTEX_POINT('',#10835);
#3655=VERTEX_POINT('',#10837);
#3656=VERTEX_POINT('',#10839);
#3657=VERTEX_POINT('',#10841);
#3658=VERTEX_POINT('',#10843);
#3659=VERTEX_POINT('',#10849);
#3660=VERTEX_POINT('',#10854);
#3661=VERTEX_POINT('',#10860);
#3662=VERTEX_POINT('',#10861);
#3663=VERTEX_POINT('',#10863);
#3664=VERTEX_POINT('',#10865);
#3665=VERTEX_POINT('',#10869);
#3666=VERTEX_POINT('',#10870);
#3667=VERTEX_POINT('',#10872);
#3668=VERTEX_POINT('',#10874);
#3669=VERTEX_POINT('',#10878);
#3670=VERTEX_POINT('',#10882);
#3671=VERTEX_POINT('',#10883);
#3672=VERTEX_POINT('',#10885);
#3673=VERTEX_POINT('',#10887);
#3674=VERTEX_POINT('',#10892);
#3675=VERTEX_POINT('',#10896);
#3676=VERTEX_POINT('',#10898);
#3677=VERTEX_POINT('',#10902);
#3678=VERTEX_POINT('',#10908);
#3679=VERTEX_POINT('',#10909);
#3680=VERTEX_POINT('',#10911);
#3681=VERTEX_POINT('',#10913);
#3682=VERTEX_POINT('',#10918);
#3683=VERTEX_POINT('',#10922);
#3684=VERTEX_POINT('',#10924);
#3685=VERTEX_POINT('',#10928);
#3686=VERTEX_POINT('',#10934);
#3687=VERTEX_POINT('',#10935);
#3688=VERTEX_POINT('',#10937);
#3689=VERTEX_POINT('',#10939);
#3690=VERTEX_POINT('',#10944);
#3691=VERTEX_POINT('',#10948);
#3692=VERTEX_POINT('',#10950);
#3693=VERTEX_POINT('',#10954);
#3694=VERTEX_POINT('',#10960);
#3695=VERTEX_POINT('',#10961);
#3696=VERTEX_POINT('',#10963);
#3697=VERTEX_POINT('',#10965);
#3698=VERTEX_POINT('',#10970);
#3699=VERTEX_POINT('',#10974);
#3700=VERTEX_POINT('',#10976);
#3701=VERTEX_POINT('',#10980);
#3702=VERTEX_POINT('',#11003);
#3703=VERTEX_POINT('',#11005);
#3704=VERTEX_POINT('',#11009);
#3705=VERTEX_POINT('',#11014);
#3706=VERTEX_POINT('',#11015);
#3707=VERTEX_POINT('',#11017);
#3708=VERTEX_POINT('',#11019);
#3709=VERTEX_POINT('',#11024);
#3710=VERTEX_POINT('',#11028);
#3711=VERTEX_POINT('',#11030);
#3712=VERTEX_POINT('',#11034);
#3713=VERTEX_POINT('',#11045);
#3714=VERTEX_POINT('',#11047);
#3715=VERTEX_POINT('',#11049);
#3716=VERTEX_POINT('',#11121);
#3717=VERTEX_POINT('',#11128);
#3718=VERTEX_POINT('',#11141);
#3719=VERTEX_POINT('',#11150);
#3720=VERTEX_POINT('',#11163);
#3721=VERTEX_POINT('',#11256);
#3722=VERTEX_POINT('',#11284);
#3723=VERTEX_POINT('',#11313);
#3724=VERTEX_POINT('',#11510);
#3725=VERTEX_POINT('',#11512);
#3726=VERTEX_POINT('',#11515);
#3727=VERTEX_POINT('',#11517);
#3728=VERTEX_POINT('',#11520);
#3729=VERTEX_POINT('',#11522);
#3730=VERTEX_POINT('',#11525);
#3731=VERTEX_POINT('',#11527);
#3732=LINE('',#9524,#4646);
#3733=LINE('',#9527,#4647);
#3734=LINE('',#9529,#4648);
#3735=LINE('',#9531,#4649);
#3736=LINE('',#9533,#4650);
#3737=LINE('',#9535,#4651);
#3738=LINE('',#9537,#4652);
#3739=LINE('',#9539,#4653);
#3740=LINE('',#9541,#4654);
#3741=LINE('',#9543,#4655);
#3742=LINE('',#9545,#4656);
#3743=LINE('',#9547,#4657);
#3744=LINE('',#9549,#4658);
#3745=LINE('',#9551,#4659);
#3746=LINE('',#9553,#4660);
#3747=LINE('',#9555,#4661);
#3748=LINE('',#9557,#4662);
#3749=LINE('',#9559,#4663);
#3750=LINE('',#9561,#4664);
#3751=LINE('',#9563,#4665);
#3752=LINE('',#9565,#4666);
#3753=LINE('',#9568,#4667);
#3754=LINE('',#9570,#4668);
#3755=LINE('',#9572,#4669);
#3756=LINE('',#9574,#4670);
#3757=LINE('',#9580,#4671);
#3758=LINE('',#9583,#4672);
#3759=LINE('',#9585,#4673);
#3760=LINE('',#9587,#4674);
#3761=LINE('',#9589,#4675);
#3762=LINE('',#9591,#4676);
#3763=LINE('',#9593,#4677);
#3764=LINE('',#9595,#4678);
#3765=LINE('',#9597,#4679);
#3766=LINE('',#9601,#4680);
#3767=LINE('',#9603,#4681);
#3768=LINE('',#9605,#4682);
#3769=LINE('',#9609,#4683);
#3770=LINE('',#9611,#4684);
#3771=LINE('',#9613,#4685);
#3772=LINE('',#9615,#4686);
#3773=LINE('',#9617,#4687);
#3774=LINE('',#9618,#4688);
#3775=LINE('',#9620,#4689);
#3776=LINE('',#9622,#4690);
#3777=LINE('',#9625,#4691);
#3778=LINE('',#9627,#4692);
#3779=LINE('',#9629,#4693);
#3780=LINE('',#9631,#4694);
#3781=LINE('',#9633,#4695);
#3782=LINE('',#9636,#4696);
#3783=LINE('',#9638,#4697);
#3784=LINE('',#9640,#4698);
#3785=LINE('',#9642,#4699);
#3786=LINE('',#9644,#4700);
#3787=LINE('',#9646,#4701);
#3788=LINE('',#9648,#4702);
#3789=LINE('',#9650,#4703);
#3790=LINE('',#9652,#4704);
#3791=LINE('',#9654,#4705);
#3792=LINE('',#9656,#4706);
#3793=LINE('',#9658,#4707);
#3794=LINE('',#9660,#4708);
#3795=LINE('',#9662,#4709);
#3796=LINE('',#9665,#4710);
#3797=LINE('',#9667,#4711);
#3798=LINE('',#9669,#4712);
#3799=LINE('',#9671,#4713);
#3800=LINE('',#9673,#4714);
#3801=LINE('',#9675,#4715);
#3802=LINE('',#9676,#4716);
#3803=LINE('',#9678,#4717);
#3804=LINE('',#9681,#4718);
#3805=LINE('',#9683,#4719);
#3806=LINE('',#9685,#4720);
#3807=LINE('',#9687,#4721);
#3808=LINE('',#9689,#4722);
#3809=LINE('',#9691,#4723);
#3810=LINE('',#9693,#4724);
#3811=LINE('',#9695,#4725);
#3812=LINE('',#9697,#4726);
#3813=LINE('',#9699,#4727);
#3814=LINE('',#9701,#4728);
#3815=LINE('',#9703,#4729);
#3816=LINE('',#9705,#4730);
#3817=LINE('',#9707,#4731);
#3818=LINE('',#9710,#4732);
#3819=LINE('',#9712,#4733);
#3820=LINE('',#9714,#4734);
#3821=LINE('',#9716,#4735);
#3822=LINE('',#9718,#4736);
#3823=LINE('',#9720,#4737);
#3824=LINE('',#9721,#4738);
#3825=LINE('',#9723,#4739);
#3826=LINE('',#9726,#4740);
#3827=LINE('',#9728,#4741);
#3828=LINE('',#9730,#4742);
#3829=LINE('',#9732,#4743);
#3830=LINE('',#9734,#4744);
#3831=LINE('',#9736,#4745);
#3832=LINE('',#9738,#4746);
#3833=LINE('',#9740,#4747);
#3834=LINE('',#9742,#4748);
#3835=LINE('',#9745,#4749);
#3836=LINE('',#9747,#4750);
#3837=LINE('',#9749,#4751);
#3838=LINE('',#9751,#4752);
#3839=LINE('',#9753,#4753);
#3840=LINE('',#9755,#4754);
#3841=LINE('',#9757,#4755);
#3842=LINE('',#9759,#4756);
#3843=LINE('',#9761,#4757);
#3844=LINE('',#9764,#4758);
#3845=LINE('',#9766,#4759);
#3846=LINE('',#9768,#4760);
#3847=LINE('',#9770,#4761);
#3848=LINE('',#9772,#4762);
#3849=LINE('',#9774,#4763);
#3850=LINE('',#9777,#4764);
#3851=LINE('',#9779,#4765);
#3852=LINE('',#9781,#4766);
#3853=LINE('',#9783,#4767);
#3854=LINE('',#9785,#4768);
#3855=LINE('',#9786,#4769);
#3856=LINE('',#9788,#4770);
#3857=LINE('',#9790,#4771);
#3858=LINE('',#9792,#4772);
#3859=LINE('',#9794,#4773);
#3860=LINE('',#9796,#4774);
#3861=LINE('',#9797,#4775);
#3862=LINE('',#9799,#4776);
#3863=LINE('',#9801,#4777);
#3864=LINE('',#9804,#4778);
#3865=LINE('',#9805,#4779);
#3866=LINE('',#9807,#4780);
#3867=LINE('',#9809,#4781);
#3868=LINE('',#9811,#4782);
#3869=LINE('',#9813,#4783);
#3870=LINE('',#9815,#4784);
#3871=LINE('',#9817,#4785);
#3872=LINE('',#9819,#4786);
#3873=LINE('',#9821,#4787);
#3874=LINE('',#9824,#4788);
#3875=LINE('',#9826,#4789);
#3876=LINE('',#9828,#4790);
#3877=LINE('',#9830,#4791);
#3878=LINE('',#9831,#4792);
#3879=LINE('',#9833,#4793);
#3880=LINE('',#9836,#4794);
#3881=LINE('',#9838,#4795);
#3882=LINE('',#9840,#4796);
#3883=LINE('',#9842,#4797);
#3884=LINE('',#9844,#4798);
#3885=LINE('',#9846,#4799);
#3886=LINE('',#9848,#4800);
#3887=LINE('',#9850,#4801);
#3888=LINE('',#9852,#4802);
#3889=LINE('',#9854,#4803);
#3890=LINE('',#9856,#4804);
#3891=LINE('',#9858,#4805);
#3892=LINE('',#9861,#4806);
#3893=LINE('',#9863,#4807);
#3894=LINE('',#9865,#4808);
#3895=LINE('',#9867,#4809);
#3896=LINE('',#9868,#4810);
#3897=LINE('',#9870,#4811);
#3898=LINE('',#9873,#4812);
#3899=LINE('',#9875,#4813);
#3900=LINE('',#9877,#4814);
#3901=LINE('',#9879,#4815);
#3902=LINE('',#9881,#4816);
#3903=LINE('',#9883,#4817);
#3904=LINE('',#9885,#4818);
#3905=LINE('',#9887,#4819);
#3906=LINE('',#9889,#4820);
#3907=LINE('',#9891,#4821);
#3908=LINE('',#9893,#4822);
#3909=LINE('',#9895,#4823);
#3910=LINE('',#9898,#4824);
#3911=LINE('',#9900,#4825);
#3912=LINE('',#9902,#4826);
#3913=LINE('',#9904,#4827);
#3914=LINE('',#9905,#4828);
#3915=LINE('',#9907,#4829);
#3916=LINE('',#9910,#4830);
#3917=LINE('',#9912,#4831);
#3918=LINE('',#9914,#4832);
#3919=LINE('',#9916,#4833);
#3920=LINE('',#9918,#4834);
#3921=LINE('',#9920,#4835);
#3922=LINE('',#9922,#4836);
#3923=LINE('',#9925,#4837);
#3924=LINE('',#9927,#4838);
#3925=LINE('',#9929,#4839);
#3926=LINE('',#9930,#4840);
#3927=LINE('',#9932,#4841);
#3928=LINE('',#9934,#4842);
#3929=LINE('',#9936,#4843);
#3930=LINE('',#9938,#4844);
#3931=LINE('',#9940,#4845);
#3932=LINE('',#9941,#4846);
#3933=LINE('',#9943,#4847);
#3934=LINE('',#9945,#4848);
#3935=LINE('',#9947,#4849);
#3936=LINE('',#9949,#4850);
#3937=LINE('',#9951,#4851);
#3938=LINE('',#9953,#4852);
#3939=LINE('',#9955,#4853);
#3940=LINE('',#9957,#4854);
#3941=LINE('',#9959,#4855);
#3942=LINE('',#9961,#4856);
#3943=LINE('',#9963,#4857);
#3944=LINE('',#9965,#4858);
#3945=LINE('',#9967,#4859);
#3946=LINE('',#9969,#4860);
#3947=LINE('',#9971,#4861);
#3948=LINE('',#9973,#4862);
#3949=LINE('',#9975,#4863);
#3950=LINE('',#9977,#4864);
#3951=LINE('',#9979,#4865);
#3952=LINE('',#9981,#4866);
#3953=LINE('',#9983,#4867);
#3954=LINE('',#9985,#4868);
#3955=LINE('',#9987,#4869);
#3956=LINE('',#9989,#4870);
#3957=LINE('',#9991,#4871);
#3958=LINE('',#9993,#4872);
#3959=LINE('',#9995,#4873);
#3960=LINE('',#9997,#4874);
#3961=LINE('',#9999,#4875);
#3962=LINE('',#10001,#4876);
#3963=LINE('',#10003,#4877);
#3964=LINE('',#10005,#4878);
#3965=LINE('',#10007,#4879);
#3966=LINE('',#10009,#4880);
#3967=LINE('',#10011,#4881);
#3968=LINE('',#10013,#4882);
#3969=LINE('',#10015,#4883);
#3970=LINE('',#10017,#4884);
#3971=LINE('',#10019,#4885);
#3972=LINE('',#10021,#4886);
#3973=LINE('',#10023,#4887);
#3974=LINE('',#10025,#4888);
#3975=LINE('',#10027,#4889);
#3976=LINE('',#10029,#4890);
#3977=LINE('',#10031,#4891);
#3978=LINE('',#10033,#4892);
#3979=LINE('',#10034,#4893);
#3980=LINE('',#10036,#4894);
#3981=LINE('',#10038,#4895);
#3982=LINE('',#10039,#4896);
#3983=LINE('',#10041,#4897);
#3984=LINE('',#10042,#4898);
#3985=LINE('',#10044,#4899);
#3986=LINE('',#10045,#4900);
#3987=LINE('',#10047,#4901);
#3988=LINE('',#10049,#4902);
#3989=LINE('',#10051,#4903);
#3990=LINE('',#10053,#4904);
#3991=LINE('',#10056,#4905);
#3992=LINE('',#10057,#4906);
#3993=LINE('',#10058,#4907);
#3994=LINE('',#10060,#4908);
#3995=LINE('',#10062,#4909);
#3996=LINE('',#10065,#4910);
#3997=LINE('',#10067,#4911);
#3998=LINE('',#10068,#4912);
#3999=LINE('',#10070,#4913);
#4000=LINE('',#10072,#4914);
#4001=LINE('',#10074,#4915);
#4002=LINE('',#10077,#4916);
#4003=LINE('',#10079,#4917);
#4004=LINE('',#10081,#4918);
#4005=LINE('',#10083,#4919);
#4006=LINE('',#10085,#4920);
#4007=LINE('',#10088,#4921);
#4008=LINE('',#10090,#4922);
#4009=LINE('',#10091,#4923);
#4010=LINE('',#10093,#4924);
#4011=LINE('',#10096,#4925);
#4012=LINE('',#10098,#4926);
#4013=LINE('',#10100,#4927);
#4014=LINE('',#10102,#4928);
#4015=LINE('',#10106,#4929);
#4016=LINE('',#10108,#4930);
#4017=LINE('',#10110,#4931);
#4018=LINE('',#10114,#4932);
#4019=LINE('',#10116,#4933);
#4020=LINE('',#10118,#4934);
#4021=LINE('',#10120,#4935);
#4022=LINE('',#10122,#4936);
#4023=LINE('',#10124,#4937);
#4024=LINE('',#10126,#4938);
#4025=LINE('',#10128,#4939);
#4026=LINE('',#10130,#4940);
#4027=LINE('',#10132,#4941);
#4028=LINE('',#10134,#4942);
#4029=LINE('',#10138,#4943);
#4030=LINE('',#10140,#4944);
#4031=LINE('',#10142,#4945);
#4032=LINE('',#10146,#4946);
#4033=LINE('',#10148,#4947);
#4034=LINE('',#10150,#4948);
#4035=LINE('',#10152,#4949);
#4036=LINE('',#10154,#4950);
#4037=LINE('',#10156,#4951);
#4038=LINE('',#10158,#4952);
#4039=LINE('',#10160,#4953);
#4040=LINE('',#10162,#4954);
#4041=LINE('',#10164,#4955);
#4042=LINE('',#10166,#4956);
#4043=LINE('',#10168,#4957);
#4044=LINE('',#10169,#4958);
#4045=LINE('',#10171,#4959);
#4046=LINE('',#10173,#4960);
#4047=LINE('',#10175,#4961);
#4048=LINE('',#10177,#4962);
#4049=LINE('',#10178,#4963);
#4050=LINE('',#10180,#4964);
#4051=LINE('',#10182,#4965);
#4052=LINE('',#10184,#4966);
#4053=LINE('',#10186,#4967);
#4054=LINE('',#10188,#4968);
#4055=LINE('',#10190,#4969);
#4056=LINE('',#10192,#4970);
#4057=LINE('',#10194,#4971);
#4058=LINE('',#10196,#4972);
#4059=LINE('',#10198,#4973);
#4060=LINE('',#10200,#4974);
#4061=LINE('',#10201,#4975);
#4062=LINE('',#10203,#4976);
#4063=LINE('',#10204,#4977);
#4064=LINE('',#10205,#4978);
#4065=LINE('',#10207,#4979);
#4066=LINE('',#10209,#4980);
#4067=LINE('',#10211,#4981);
#4068=LINE('',#10213,#4982);
#4069=LINE('',#10215,#4983);
#4070=LINE('',#10224,#4984);
#4071=LINE('',#10227,#4985);
#4072=LINE('',#10229,#4986);
#4073=LINE('',#10231,#4987);
#4074=LINE('',#10232,#4988);
#4075=LINE('',#10234,#4989);
#4076=LINE('',#10235,#4990);
#4077=LINE('',#10236,#4991);
#4078=LINE('',#10237,#4992);
#4079=LINE('',#10240,#4993);
#4080=LINE('',#10242,#4994);
#4081=LINE('',#10244,#4995);
#4082=LINE('',#10245,#4996);
#4083=LINE('',#10248,#4997);
#4084=LINE('',#10250,#4998);
#4085=LINE('',#10252,#4999);
#4086=LINE('',#10253,#5000);
#4087=LINE('',#10256,#5001);
#4088=LINE('',#10258,#5002);
#4089=LINE('',#10260,#5003);
#4090=LINE('',#10261,#5004);
#4091=LINE('',#10264,#5005);
#4092=LINE('',#10266,#5006);
#4093=LINE('',#10268,#5007);
#4094=LINE('',#10269,#5008);
#4095=LINE('',#10271,#5009);
#4096=LINE('',#10273,#5010);
#4097=LINE('',#10276,#5011);
#4098=LINE('',#10278,#5012);
#4099=LINE('',#10279,#5013);
#4100=LINE('',#10281,#5014);
#4101=LINE('',#10283,#5015);
#4102=LINE('',#10285,#5016);
#4103=LINE('',#10287,#5017);
#4104=LINE('',#10289,#5018);
#4105=LINE('',#10291,#5019);
#4106=LINE('',#10293,#5020);
#4107=LINE('',#10295,#5021);
#4108=LINE('',#10297,#5022);
#4109=LINE('',#10298,#5023);
#4110=LINE('',#10300,#5024);
#4111=LINE('',#10303,#5025);
#4112=LINE('',#10304,#5026);
#4113=LINE('',#10305,#5027);
#4114=LINE('',#10307,#5028);
#4115=LINE('',#10309,#5029);
#4116=LINE('',#10312,#5030);
#4117=LINE('',#10313,#5031);
#4118=LINE('',#10314,#5032);
#4119=LINE('',#10316,#5033);
#4120=LINE('',#10318,#5034);
#4121=LINE('',#10319,#5035);
#4122=LINE('',#10321,#5036);
#4123=LINE('',#10322,#5037);
#4124=LINE('',#10324,#5038);
#4125=LINE('',#10326,#5039);
#4126=LINE('',#10328,#5040);
#4127=LINE('',#10329,#5041);
#4128=LINE('',#10331,#5042);
#4129=LINE('',#10334,#5043);
#4130=LINE('',#10336,#5044);
#4131=LINE('',#10338,#5045);
#4132=LINE('',#10340,#5046);
#4133=LINE('',#10341,#5047);
#4134=LINE('',#10343,#5048);
#4135=LINE('',#10346,#5049);
#4136=LINE('',#10347,#5050);
#4137=LINE('',#10349,#5051);
#4138=LINE('',#10352,#5052);
#4139=LINE('',#10354,#5053);
#4140=LINE('',#10356,#5054);
#4141=LINE('',#10358,#5055);
#4142=LINE('',#10361,#5056);
#4143=LINE('',#10363,#5057);
#4144=LINE('',#10365,#5058);
#4145=LINE('',#10367,#5059);
#4146=LINE('',#10370,#5060);
#4147=LINE('',#10372,#5061);
#4148=LINE('',#10374,#5062);
#4149=LINE('',#10376,#5063);
#4150=LINE('',#10379,#5064);
#4151=LINE('',#10381,#5065);
#4152=LINE('',#10383,#5066);
#4153=LINE('',#10401,#5067);
#4154=LINE('',#10403,#5068);
#4155=LINE('',#10405,#5069);
#4156=LINE('',#10407,#5070);
#4157=LINE('',#10408,#5071);
#4158=LINE('',#10410,#5072);
#4159=LINE('',#10412,#5073);
#4160=LINE('',#10413,#5074);
#4161=LINE('',#10416,#5075);
#4162=LINE('',#10418,#5076);
#4163=LINE('',#10420,#5077);
#4164=LINE('',#10421,#5078);
#4165=LINE('',#10424,#5079);
#4166=LINE('',#10425,#5080);
#4167=LINE('',#10426,#5081);
#4168=LINE('',#10428,#5082);
#4169=LINE('',#10430,#5083);
#4170=LINE('',#10431,#5084);
#4171=LINE('',#10433,#5085);
#4172=LINE('',#10435,#5086);
#4173=LINE('',#10436,#5087);
#4174=LINE('',#10438,#5088);
#4175=LINE('',#10440,#5089);
#4176=LINE('',#10441,#5090);
#4177=LINE('',#10443,#5091);
#4178=LINE('',#10445,#5092);
#4179=LINE('',#10446,#5093);
#4180=LINE('',#10449,#5094);
#4181=LINE('',#10451,#5095);
#4182=LINE('',#10453,#5096);
#4183=LINE('',#10454,#5097);
#4184=LINE('',#10457,#5098);
#4185=LINE('',#10459,#5099);
#4186=LINE('',#10461,#5100);
#4187=LINE('',#10462,#5101);
#4188=LINE('',#10465,#5102);
#4189=LINE('',#10467,#5103);
#4190=LINE('',#10469,#5104);
#4191=LINE('',#10470,#5105);
#4192=LINE('',#10473,#5106);
#4193=LINE('',#10475,#5107);
#4194=LINE('',#10477,#5108);
#4195=LINE('',#10478,#5109);
#4196=LINE('',#10480,#5110);
#4197=LINE('',#10482,#5111);
#4198=LINE('',#10483,#5112);
#4199=LINE('',#10486,#5113);
#4200=LINE('',#10488,#5114);
#4201=LINE('',#10490,#5115);
#4202=LINE('',#10512,#5116);
#4203=LINE('',#10515,#5117);
#4204=LINE('',#10517,#5118);
#4205=LINE('',#10519,#5119);
#4206=LINE('',#10521,#5120);
#4207=LINE('',#10524,#5121);
#4208=LINE('',#10526,#5122);
#4209=LINE('',#10528,#5123);
#4210=LINE('',#10530,#5124);
#4211=LINE('',#10533,#5125);
#4212=LINE('',#10535,#5126);
#4213=LINE('',#10537,#5127);
#4214=LINE('',#10539,#5128);
#4215=LINE('',#10542,#5129);
#4216=LINE('',#10544,#5130);
#4217=LINE('',#10546,#5131);
#4218=LINE('',#10552,#5132);
#4219=LINE('',#10555,#5133);
#4220=LINE('',#10557,#5134);
#4221=LINE('',#10559,#5135);
#4222=LINE('',#10561,#5136);
#4223=LINE('',#10563,#5137);
#4224=LINE('',#10565,#5138);
#4225=LINE('',#10567,#5139);
#4226=LINE('',#10569,#5140);
#4227=LINE('',#10571,#5141);
#4228=LINE('',#10575,#5142);
#4229=LINE('',#10577,#5143);
#4230=LINE('',#10579,#5144);
#4231=LINE('',#10583,#5145);
#4232=LINE('',#10585,#5146);
#4233=LINE('',#10587,#5147);
#4234=LINE('',#10589,#5148);
#4235=LINE('',#10591,#5149);
#4236=LINE('',#10593,#5150);
#4237=LINE('',#10596,#5151);
#4238=LINE('',#10598,#5152);
#4239=LINE('',#10600,#5153);
#4240=LINE('',#10602,#5154);
#4241=LINE('',#10605,#5155);
#4242=LINE('',#10607,#5156);
#4243=LINE('',#10609,#5157);
#4244=LINE('',#10611,#5158);
#4245=LINE('',#10613,#5159);
#4246=LINE('',#10615,#5160);
#4247=LINE('',#10617,#5161);
#4248=LINE('',#10619,#5162);
#4249=LINE('',#10621,#5163);
#4250=LINE('',#10623,#5164);
#4251=LINE('',#10626,#5165);
#4252=LINE('',#10628,#5166);
#4253=LINE('',#10630,#5167);
#4254=LINE('',#10632,#5168);
#4255=LINE('',#10634,#5169);
#4256=LINE('',#10636,#5170);
#4257=LINE('',#10638,#5171);
#4258=LINE('',#10640,#5172);
#4259=LINE('',#10642,#5173);
#4260=LINE('',#10644,#5174);
#4261=LINE('',#10646,#5175);
#4262=LINE('',#10648,#5176);
#4263=LINE('',#10650,#5177);
#4264=LINE('',#10652,#5178);
#4265=LINE('',#10654,#5179);
#4266=LINE('',#10656,#5180);
#4267=LINE('',#10659,#5181);
#4268=LINE('',#10660,#5182);
#4269=LINE('',#10662,#5183);
#4270=LINE('',#10668,#5184);
#4271=LINE('',#10669,#5185);
#4272=LINE('',#10671,#5186);
#4273=LINE('',#10674,#5187);
#4274=LINE('',#10675,#5188);
#4275=LINE('',#10677,#5189);
#4276=LINE('',#10679,#5190);
#4277=LINE('',#10681,#5191);
#4278=LINE('',#10686,#5192);
#4279=LINE('',#10689,#5193);
#4280=LINE('',#10690,#5194);
#4281=LINE('',#10692,#5195);
#4282=LINE('',#10694,#5196);
#4283=LINE('',#10696,#5197);
#4284=LINE('',#10701,#5198);
#4285=LINE('',#10704,#5199);
#4286=LINE('',#10705,#5200);
#4287=LINE('',#10707,#5201);
#4288=LINE('',#10709,#5202);
#4289=LINE('',#10711,#5203);
#4290=LINE('',#10752,#5204);
#4291=LINE('',#10755,#5205);
#4292=LINE('',#10757,#5206);
#4293=LINE('',#10759,#5207);
#4294=LINE('',#10761,#5208);
#4295=LINE('',#10763,#5209);
#4296=LINE('',#10766,#5210);
#4297=LINE('',#10768,#5211);
#4298=LINE('',#10770,#5212);
#4299=LINE('',#10772,#5213);
#4300=LINE('',#10774,#5214);
#4301=LINE('',#10777,#5215);
#4302=LINE('',#10779,#5216);
#4303=LINE('',#10781,#5217);
#4304=LINE('',#10783,#5218);
#4305=LINE('',#10785,#5219);
#4306=LINE('',#10787,#5220);
#4307=LINE('',#10789,#5221);
#4308=LINE('',#10792,#5222);
#4309=LINE('',#10794,#5223);
#4310=LINE('',#10796,#5224);
#4311=LINE('',#10798,#5225);
#4312=LINE('',#10800,#5226);
#4313=LINE('',#10802,#5227);
#4314=LINE('',#10804,#5228);
#4315=LINE('',#10807,#5229);
#4316=LINE('',#10808,#5230);
#4317=LINE('',#10810,#5231);
#4318=LINE('',#10812,#5232);
#4319=LINE('',#10814,#5233);
#4320=LINE('',#10816,#5234);
#4321=LINE('',#10818,#5235);
#4322=LINE('',#10820,#5236);
#4323=LINE('',#10822,#5237);
#4324=LINE('',#10824,#5238);
#4325=LINE('',#10826,#5239);
#4326=LINE('',#10828,#5240);
#4327=LINE('',#10830,#5241);
#4328=LINE('',#10832,#5242);
#4329=LINE('',#10834,#5243);
#4330=LINE('',#10836,#5244);
#4331=LINE('',#10838,#5245);
#4332=LINE('',#10840,#5246);
#4333=LINE('',#10842,#5247);
#4334=LINE('',#10844,#5248);
#4335=LINE('',#10845,#5249);
#4336=LINE('',#10847,#5250);
#4337=LINE('',#10848,#5251);
#4338=LINE('',#10850,#5252);
#4339=LINE('',#10851,#5253);
#4340=LINE('',#10852,#5254);
#4341=LINE('',#10853,#5255);
#4342=LINE('',#10855,#5256);
#4343=LINE('',#10856,#5257);
#4344=LINE('',#10857,#5258);
#4345=LINE('',#10859,#5259);
#4346=LINE('',#10862,#5260);
#4347=LINE('',#10864,#5261);
#4348=LINE('',#10866,#5262);
#4349=LINE('',#10868,#5263);
#4350=LINE('',#10871,#5264);
#4351=LINE('',#10873,#5265);
#4352=LINE('',#10875,#5266);
#4353=LINE('',#10877,#5267);
#4354=LINE('',#10879,#5268);
#4355=LINE('',#10881,#5269);
#4356=LINE('',#10884,#5270);
#4357=LINE('',#10886,#5271);
#4358=LINE('',#10888,#5272);
#4359=LINE('',#10890,#5273);
#4360=LINE('',#10891,#5274);
#4361=LINE('',#10893,#5275);
#4362=LINE('',#10895,#5276);
#4363=LINE('',#10897,#5277);
#4364=LINE('',#10899,#5278);
#4365=LINE('',#10901,#5279);
#4366=LINE('',#10903,#5280);
#4367=LINE('',#10904,#5281);
#4368=LINE('',#10905,#5282);
#4369=LINE('',#10907,#5283);
#4370=LINE('',#10910,#5284);
#4371=LINE('',#10912,#5285);
#4372=LINE('',#10914,#5286);
#4373=LINE('',#10916,#5287);
#4374=LINE('',#10917,#5288);
#4375=LINE('',#10919,#5289);
#4376=LINE('',#10921,#5290);
#4377=LINE('',#10923,#5291);
#4378=LINE('',#10925,#5292);
#4379=LINE('',#10927,#5293);
#4380=LINE('',#10929,#5294);
#4381=LINE('',#10930,#5295);
#4382=LINE('',#10931,#5296);
#4383=LINE('',#10933,#5297);
#4384=LINE('',#10936,#5298);
#4385=LINE('',#10938,#5299);
#4386=LINE('',#10940,#5300);
#4387=LINE('',#10942,#5301);
#4388=LINE('',#10943,#5302);
#4389=LINE('',#10945,#5303);
#4390=LINE('',#10947,#5304);
#4391=LINE('',#10949,#5305);
#4392=LINE('',#10951,#5306);
#4393=LINE('',#10953,#5307);
#4394=LINE('',#10955,#5308);
#4395=LINE('',#10956,#5309);
#4396=LINE('',#10957,#5310);
#4397=LINE('',#10959,#5311);
#4398=LINE('',#10962,#5312);
#4399=LINE('',#10964,#5313);
#4400=LINE('',#10966,#5314);
#4401=LINE('',#10968,#5315);
#4402=LINE('',#10969,#5316);
#4403=LINE('',#10971,#5317);
#4404=LINE('',#10973,#5318);
#4405=LINE('',#10975,#5319);
#4406=LINE('',#10977,#5320);
#4407=LINE('',#10979,#5321);
#4408=LINE('',#10981,#5322);
#4409=LINE('',#10982,#5323);
#4410=LINE('',#10983,#5324);
#4411=LINE('',#10985,#5325);
#4412=LINE('',#10986,#5326);
#4413=LINE('',#10988,#5327);
#4414=LINE('',#10989,#5328);
#4415=LINE('',#10991,#5329);
#4416=LINE('',#10992,#5330);
#4417=LINE('',#10994,#5331);
#4418=LINE('',#10996,#5332);
#4419=LINE('',#10997,#5333);
#4420=LINE('',#10999,#5334);
#4421=LINE('',#11000,#5335);
#4422=LINE('',#11002,#5336);
#4423=LINE('',#11004,#5337);
#4424=LINE('',#11006,#5338);
#4425=LINE('',#11008,#5339);
#4426=LINE('',#11010,#5340);
#4427=LINE('',#11011,#5341);
#4428=LINE('',#11013,#5342);
#4429=LINE('',#11016,#5343);
#4430=LINE('',#11018,#5344);
#4431=LINE('',#11020,#5345);
#4432=LINE('',#11022,#5346);
#4433=LINE('',#11023,#5347);
#4434=LINE('',#11025,#5348);
#4435=LINE('',#11027,#5349);
#4436=LINE('',#11029,#5350);
#4437=LINE('',#11031,#5351);
#4438=LINE('',#11033,#5352);
#4439=LINE('',#11035,#5353);
#4440=LINE('',#11036,#5354);
#4441=LINE('',#11037,#5355);
#4442=LINE('',#11039,#5356);
#4443=LINE('',#11040,#5357);
#4444=LINE('',#11042,#5358);
#4445=LINE('',#11044,#5359);
#4446=LINE('',#11046,#5360);
#4447=LINE('',#11048,#5361);
#4448=LINE('',#11050,#5362);
#4449=LINE('',#11052,#5363);
#4450=LINE('',#11053,#5364);
#4451=LINE('',#11055,#5365);
#4452=LINE('',#11056,#5366);
#4453=LINE('',#11057,#5367);
#4454=LINE('',#11065,#5368);
#4455=LINE('',#11066,#5369);
#4456=LINE('',#11068,#5370);
#4457=LINE('',#11070,#5371);
#4458=LINE('',#11072,#5372);
#4459=LINE('',#11074,#5373);
#4460=LINE('',#11077,#5374);
#4461=LINE('',#11079,#5375);
#4462=LINE('',#11082,#5376);
#4463=LINE('',#11084,#5377);
#4464=LINE('',#11087,#5378);
#4465=LINE('',#11089,#5379);
#4466=LINE('',#11094,#5380);
#4467=LINE('',#11096,#5381);
#4468=LINE('',#11099,#5382);
#4469=LINE('',#11100,#5383);
#4470=LINE('',#11101,#5384);
#4471=LINE('',#11108,#5385);
#4472=LINE('',#11110,#5386);
#4473=LINE('',#11112,#5387);
#4474=LINE('',#11113,#5388);
#4475=LINE('',#11115,#5389);
#4476=LINE('',#11116,#5390);
#4477=LINE('',#11117,#5391);
#4478=LINE('',#11120,#5392);
#4479=LINE('',#11122,#5393);
#4480=LINE('',#11124,#5394);
#4481=LINE('',#11125,#5395);
#4482=LINE('',#11127,#5396);
#4483=LINE('',#11129,#5397);
#4484=LINE('',#11130,#5398);
#4485=LINE('',#11132,#5399);
#4486=LINE('',#11134,#5400);
#4487=LINE('',#11136,#5401);
#4488=LINE('',#11138,#5402);
#4489=LINE('',#11140,#5403);
#4490=LINE('',#11142,#5404);
#4491=LINE('',#11144,#5405);
#4492=LINE('',#11145,#5406);
#4493=LINE('',#11147,#5407);
#4494=LINE('',#11149,#5408);
#4495=LINE('',#11151,#5409);
#4496=LINE('',#11153,#5410);
#4497=LINE('',#11154,#5411);
#4498=LINE('',#11156,#5412);
#4499=LINE('',#11158,#5413);
#4500=LINE('',#11160,#5414);
#4501=LINE('',#11162,#5415);
#4502=LINE('',#11164,#5416);
#4503=LINE('',#11165,#5417);
#4504=LINE('',#11167,#5418);
#4505=LINE('',#11168,#5419);
#4506=LINE('',#11170,#5420);
#4507=LINE('',#11172,#5421);
#4508=LINE('',#11179,#5422);
#4509=LINE('',#11186,#5423);
#4510=LINE('',#11188,#5424);
#4511=LINE('',#11195,#5425);
#4512=LINE('',#11207,#5426);
#4513=LINE('',#11208,#5427);
#4514=LINE('',#11210,#5428);
#4515=LINE('',#11217,#5429);
#4516=LINE('',#11218,#5430);
#4517=LINE('',#11220,#5431);
#4518=LINE('',#11222,#5432);
#4519=LINE('',#11224,#5433);
#4520=LINE('',#11225,#5434);
#4521=LINE('',#11227,#5435);
#4522=LINE('',#11229,#5436);
#4523=LINE('',#11231,#5437);
#4524=LINE('',#11232,#5438);
#4525=LINE('',#11239,#5439);
#4526=LINE('',#11241,#5440);
#4527=LINE('',#11243,#5441);
#4528=LINE('',#11250,#5442);
#4529=LINE('',#11251,#5443);
#4530=LINE('',#11253,#5444);
#4531=LINE('',#11255,#5445);
#4532=LINE('',#11257,#5446);
#4533=LINE('',#11258,#5447);
#4534=LINE('',#11260,#5448);
#4535=LINE('',#11262,#5449);
#4536=LINE('',#11264,#5450);
#4537=LINE('',#11265,#5451);
#4538=LINE('',#11267,#5452);
#4539=LINE('',#11269,#5453);
#4540=LINE('',#11271,#5454);
#4541=LINE('',#11273,#5455);
#4542=LINE('',#11275,#5456);
#4543=LINE('',#11277,#5457);
#4544=LINE('',#11279,#5458);
#4545=LINE('',#11281,#5459);
#4546=LINE('',#11283,#5460);
#4547=LINE('',#11285,#5461);
#4548=LINE('',#11286,#5462);
#4549=LINE('',#11288,#5463);
#4550=LINE('',#11290,#5464);
#4551=LINE('',#11291,#5465);
#4552=LINE('',#11293,#5466);
#4553=LINE('',#11295,#5467);
#4554=LINE('',#11297,#5468);
#4555=LINE('',#11299,#5469);
#4556=LINE('',#11301,#5470);
#4557=LINE('',#11303,#5471);
#4558=LINE('',#11305,#5472);
#4559=LINE('',#11307,#5473);
#4560=LINE('',#11312,#5474);
#4561=LINE('',#11314,#5475);
#4562=LINE('',#11316,#5476);
#4563=LINE('',#11317,#5477);
#4564=LINE('',#11319,#5478);
#4565=LINE('',#11320,#5479);
#4566=LINE('',#11322,#5480);
#4567=LINE('',#11324,#5481);
#4568=LINE('',#11326,#5482);
#4569=LINE('',#11327,#5483);
#4570=LINE('',#11329,#5484);
#4571=LINE('',#11331,#5485);
#4572=LINE('',#11335,#5486);
#4573=LINE('',#11346,#5487);
#4574=LINE('',#11347,#5488);
#4575=LINE('',#11349,#5489);
#4576=LINE('',#11351,#5490);
#4577=LINE('',#11353,#5491);
#4578=LINE('',#11355,#5492);
#4579=LINE('',#11357,#5493);
#4580=LINE('',#11359,#5494);
#4581=LINE('',#11361,#5495);
#4582=LINE('',#11363,#5496);
#4583=LINE('',#11365,#5497);
#4584=LINE('',#11366,#5498);
#4585=LINE('',#11368,#5499);
#4586=LINE('',#11373,#5500);
#4587=LINE('',#11375,#5501);
#4588=LINE('',#11377,#5502);
#4589=LINE('',#11379,#5503);
#4590=LINE('',#11391,#5504);
#4591=LINE('',#11393,#5505);
#4592=LINE('',#11405,#5506);
#4593=LINE('',#11407,#5507);
#4594=LINE('',#11410,#5508);
#4595=LINE('',#11412,#5509);
#4596=LINE('',#11414,#5510);
#4597=LINE('',#11416,#5511);
#4598=LINE('',#11428,#5512);
#4599=LINE('',#11430,#5513);
#4600=LINE('',#11442,#5514);
#4601=LINE('',#11444,#5515);
#4602=LINE('',#11446,#5516);
#4603=LINE('',#11448,#5517);
#4604=LINE('',#11450,#5518);
#4605=LINE('',#11451,#5519);
#4606=LINE('',#11454,#5520);
#4607=LINE('',#11457,#5521);
#4608=LINE('',#11460,#5522);
#4609=LINE('',#11463,#5523);
#4610=LINE('',#11466,#5524);
#4611=LINE('',#11469,#5525);
#4612=LINE('',#11472,#5526);
#4613=LINE('',#11474,#5527);
#4614=LINE('',#11476,#5528);
#4615=LINE('',#11479,#5529);
#4616=LINE('',#11481,#5530);
#4617=LINE('',#11484,#5531);
#4618=LINE('',#11486,#5532);
#4619=LINE('',#11489,#5533);
#4620=LINE('',#11491,#5534);
#4621=LINE('',#11494,#5535);
#4622=LINE('',#11496,#5536);
#4623=LINE('',#11499,#5537);
#4624=LINE('',#11501,#5538);
#4625=LINE('',#11504,#5539);
#4626=LINE('',#11506,#5540);
#4627=LINE('',#11529,#5541);
#4628=LINE('',#11540,#5542);
#4629=LINE('',#11543,#5543);
#4630=LINE('',#11546,#5544);
#4631=LINE('',#11549,#5545);
#4632=LINE('',#11552,#5546);
#4633=LINE('',#11554,#5547);
#4634=LINE('',#11557,#5548);
#4635=LINE('',#11559,#5549);
#4636=LINE('',#11562,#5550);
#4637=LINE('',#11564,#5551);
#4638=LINE('',#11567,#5552);
#4639=LINE('',#11569,#5553);
#4640=LINE('',#11572,#5554);
#4641=LINE('',#11574,#5555);
#4642=LINE('',#11576,#5556);
#4643=LINE('',#11578,#5557);
#4644=LINE('',#11580,#5558);
#4645=LINE('',#11582,#5559);
#4646=VECTOR('',#7704,1.);
#4647=VECTOR('',#7705,1.);
#4648=VECTOR('',#7706,1.);
#4649=VECTOR('',#7707,1.);
#4650=VECTOR('',#7708,1.);
#4651=VECTOR('',#7709,1.);
#4652=VECTOR('',#7710,1.);
#4653=VECTOR('',#7711,1.);
#4654=VECTOR('',#7712,1.);
#4655=VECTOR('',#7713,1.);
#4656=VECTOR('',#7714,1.);
#4657=VECTOR('',#7715,1.);
#4658=VECTOR('',#7716,1.);
#4659=VECTOR('',#7717,1.);
#4660=VECTOR('',#7718,1.);
#4661=VECTOR('',#7719,1.);
#4662=VECTOR('',#7720,1.);
#4663=VECTOR('',#7721,1.);
#4664=VECTOR('',#7722,1.);
#4665=VECTOR('',#7723,1.);
#4666=VECTOR('',#7726,1.);
#4667=VECTOR('',#7727,1.);
#4668=VECTOR('',#7728,1.);
#4669=VECTOR('',#7729,1.);
#4670=VECTOR('',#7730,1.);
#4671=VECTOR('',#7737,1.);
#4672=VECTOR('',#7738,1.);
#4673=VECTOR('',#7739,1.);
#4674=VECTOR('',#7740,1.);
#4675=VECTOR('',#7741,1.);
#4676=VECTOR('',#7742,1.);
#4677=VECTOR('',#7743,1.);
#4678=VECTOR('',#7744,1.);
#4679=VECTOR('',#7745,1.);
#4680=VECTOR('',#7748,1.);
#4681=VECTOR('',#7749,1.);
#4682=VECTOR('',#7750,1.);
#4683=VECTOR('',#7753,1.);
#4684=VECTOR('',#7754,1.);
#4685=VECTOR('',#7755,1.);
#4686=VECTOR('',#7758,1.);
#4687=VECTOR('',#7759,1.);
#4688=VECTOR('',#7760,1.);
#4689=VECTOR('',#7761,1.);
#4690=VECTOR('',#7764,1.);
#4691=VECTOR('',#7765,1.);
#4692=VECTOR('',#7766,1.);
#4693=VECTOR('',#7767,1.);
#4694=VECTOR('',#7768,1.);
#4695=VECTOR('',#7771,1.);
#4696=VECTOR('',#7772,1.);
#4697=VECTOR('',#7773,1.);
#4698=VECTOR('',#7774,1.);
#4699=VECTOR('',#7775,1.);
#4700=VECTOR('',#7776,1.);
#4701=VECTOR('',#7777,1.);
#4702=VECTOR('',#7778,1.);
#4703=VECTOR('',#7779,1.);
#4704=VECTOR('',#7780,1.);
#4705=VECTOR('',#7783,1.);
#4706=VECTOR('',#7784,1.);
#4707=VECTOR('',#7785,1.);
#4708=VECTOR('',#7786,1.);
#4709=VECTOR('',#7789,1.);
#4710=VECTOR('',#7790,1.);
#4711=VECTOR('',#7791,1.);
#4712=VECTOR('',#7792,1.);
#4713=VECTOR('',#7793,1.);
#4714=VECTOR('',#7794,1.);
#4715=VECTOR('',#7795,1.);
#4716=VECTOR('',#7796,1.);
#4717=VECTOR('',#7799,1.);
#4718=VECTOR('',#7800,1.);
#4719=VECTOR('',#7801,1.);
#4720=VECTOR('',#7802,1.);
#4721=VECTOR('',#7803,1.);
#4722=VECTOR('',#7804,1.);
#4723=VECTOR('',#7805,1.);
#4724=VECTOR('',#7806,1.);
#4725=VECTOR('',#7807,1.);
#4726=VECTOR('',#7808,1.);
#4727=VECTOR('',#7811,1.);
#4728=VECTOR('',#7812,1.);
#4729=VECTOR('',#7813,1.);
#4730=VECTOR('',#7814,1.);
#4731=VECTOR('',#7817,1.);
#4732=VECTOR('',#7818,1.);
#4733=VECTOR('',#7819,1.);
#4734=VECTOR('',#7820,1.);
#4735=VECTOR('',#7821,1.);
#4736=VECTOR('',#7822,1.);
#4737=VECTOR('',#7823,1.);
#4738=VECTOR('',#7824,1.);
#4739=VECTOR('',#7827,1.);
#4740=VECTOR('',#7828,1.);
#4741=VECTOR('',#7829,1.);
#4742=VECTOR('',#7830,1.);
#4743=VECTOR('',#7831,1.);
#4744=VECTOR('',#7832,1.);
#4745=VECTOR('',#7833,1.);
#4746=VECTOR('',#7834,1.);
#4747=VECTOR('',#7835,1.);
#4748=VECTOR('',#7838,1.);
#4749=VECTOR('',#7839,1.);
#4750=VECTOR('',#7840,1.);
#4751=VECTOR('',#7841,1.);
#4752=VECTOR('',#7842,1.);
#4753=VECTOR('',#7843,1.);
#4754=VECTOR('',#7844,1.);
#4755=VECTOR('',#7845,1.);
#4756=VECTOR('',#7846,1.);
#4757=VECTOR('',#7849,1.);
#4758=VECTOR('',#7850,1.);
#4759=VECTOR('',#7851,1.);
#4760=VECTOR('',#7852,1.);
#4761=VECTOR('',#7853,1.);
#4762=VECTOR('',#7854,1.);
#4763=VECTOR('',#7857,1.);
#4764=VECTOR('',#7858,1.);
#4765=VECTOR('',#7859,1.);
#4766=VECTOR('',#7860,1.);
#4767=VECTOR('',#7861,1.);
#4768=VECTOR('',#7862,1.);
#4769=VECTOR('',#7863,1.);
#4770=VECTOR('',#7866,1.);
#4771=VECTOR('',#7867,1.);
#4772=VECTOR('',#7868,1.);
#4773=VECTOR('',#7869,1.);
#4774=VECTOR('',#7872,1.);
#4775=VECTOR('',#7873,1.);
#4776=VECTOR('',#7874,1.);
#4777=VECTOR('',#7877,1.);
#4778=VECTOR('',#7878,1.);
#4779=VECTOR('',#7879,1.);
#4780=VECTOR('',#7880,1.);
#4781=VECTOR('',#7881,1.);
#4782=VECTOR('',#7882,1.);
#4783=VECTOR('',#7883,1.);
#4784=VECTOR('',#7884,1.);
#4785=VECTOR('',#7885,1.);
#4786=VECTOR('',#7886,1.);
#4787=VECTOR('',#7889,1.);
#4788=VECTOR('',#7890,1.);
#4789=VECTOR('',#7891,1.);
#4790=VECTOR('',#7892,1.);
#4791=VECTOR('',#7893,1.);
#4792=VECTOR('',#7894,1.);
#4793=VECTOR('',#7897,1.);
#4794=VECTOR('',#7898,1.);
#4795=VECTOR('',#7899,1.);
#4796=VECTOR('',#7900,1.);
#4797=VECTOR('',#7901,1.);
#4798=VECTOR('',#7902,1.);
#4799=VECTOR('',#7903,1.);
#4800=VECTOR('',#7904,1.);
#4801=VECTOR('',#7907,1.);
#4802=VECTOR('',#7908,1.);
#4803=VECTOR('',#7909,1.);
#4804=VECTOR('',#7910,1.);
#4805=VECTOR('',#7913,1.);
#4806=VECTOR('',#7914,1.);
#4807=VECTOR('',#7915,1.);
#4808=VECTOR('',#7916,1.);
#4809=VECTOR('',#7917,1.);
#4810=VECTOR('',#7918,1.);
#4811=VECTOR('',#7921,1.);
#4812=VECTOR('',#7922,1.);
#4813=VECTOR('',#7923,1.);
#4814=VECTOR('',#7924,1.);
#4815=VECTOR('',#7925,1.);
#4816=VECTOR('',#7926,1.);
#4817=VECTOR('',#7927,1.);
#4818=VECTOR('',#7928,1.);
#4819=VECTOR('',#7931,1.);
#4820=VECTOR('',#7932,1.);
#4821=VECTOR('',#7933,1.);
#4822=VECTOR('',#7934,1.);
#4823=VECTOR('',#7937,1.);
#4824=VECTOR('',#7938,1.);
#4825=VECTOR('',#7939,1.);
#4826=VECTOR('',#7940,1.);
#4827=VECTOR('',#7941,1.);
#4828=VECTOR('',#7942,1.);
#4829=VECTOR('',#7945,1.);
#4830=VECTOR('',#7946,1.);
#4831=VECTOR('',#7947,1.);
#4832=VECTOR('',#7948,1.);
#4833=VECTOR('',#7949,1.);
#4834=VECTOR('',#7950,1.);
#4835=VECTOR('',#7951,1.);
#4836=VECTOR('',#7954,1.);
#4837=VECTOR('',#7955,1.);
#4838=VECTOR('',#7956,1.);
#4839=VECTOR('',#7957,1.);
#4840=VECTOR('',#7958,1.);
#4841=VECTOR('',#7961,1.);
#4842=VECTOR('',#7962,1.);
#4843=VECTOR('',#7963,1.);
#4844=VECTOR('',#7964,1.);
#4845=VECTOR('',#7967,1.);
#4846=VECTOR('',#7968,1.);
#4847=VECTOR('',#7969,1.);
#4848=VECTOR('',#7972,1.);
#4849=VECTOR('',#7973,1.);
#4850=VECTOR('',#7974,1.);
#4851=VECTOR('',#7975,1.);
#4852=VECTOR('',#7976,1.);
#4853=VECTOR('',#7977,1.);
#4854=VECTOR('',#7978,1.);
#4855=VECTOR('',#7981,1.);
#4856=VECTOR('',#7982,1.);
#4857=VECTOR('',#7983,1.);
#4858=VECTOR('',#7984,1.);
#4859=VECTOR('',#7985,1.);
#4860=VECTOR('',#7986,1.);
#4861=VECTOR('',#7987,1.);
#4862=VECTOR('',#7990,1.);
#4863=VECTOR('',#7991,1.);
#4864=VECTOR('',#7992,1.);
#4865=VECTOR('',#7993,1.);
#4866=VECTOR('',#7994,1.);
#4867=VECTOR('',#7997,1.);
#4868=VECTOR('',#7998,1.);
#4869=VECTOR('',#7999,1.);
#4870=VECTOR('',#8000,1.);
#4871=VECTOR('',#8001,1.);
#4872=VECTOR('',#8004,1.);
#4873=VECTOR('',#8005,1.);
#4874=VECTOR('',#8006,1.);
#4875=VECTOR('',#8007,1.);
#4876=VECTOR('',#8010,1.);
#4877=VECTOR('',#8011,1.);
#4878=VECTOR('',#8012,1.);
#4879=VECTOR('',#8013,1.);
#4880=VECTOR('',#8014,1.);
#4881=VECTOR('',#8017,1.);
#4882=VECTOR('',#8018,1.);
#4883=VECTOR('',#8019,1.);
#4884=VECTOR('',#8020,1.);
#4885=VECTOR('',#8021,1.);
#4886=VECTOR('',#8024,1.);
#4887=VECTOR('',#8025,1.);
#4888=VECTOR('',#8026,1.);
#4889=VECTOR('',#8027,1.);
#4890=VECTOR('',#8028,1.);
#4891=VECTOR('',#8031,1.);
#4892=VECTOR('',#8032,1.);
#4893=VECTOR('',#8033,1.);
#4894=VECTOR('',#8034,1.);
#4895=VECTOR('',#8037,1.);
#4896=VECTOR('',#8038,1.);
#4897=VECTOR('',#8041,1.);
#4898=VECTOR('',#8042,1.);
#4899=VECTOR('',#8045,1.);
#4900=VECTOR('',#8046,1.);
#4901=VECTOR('',#8049,1.);
#4902=VECTOR('',#8050,1.);
#4903=VECTOR('',#8051,1.);
#4904=VECTOR('',#8054,1.);
#4905=VECTOR('',#8055,1.);
#4906=VECTOR('',#8056,1.);
#4907=VECTOR('',#8057,1.);
#4908=VECTOR('',#8058,1.);
#4909=VECTOR('',#8061,1.);
#4910=VECTOR('',#8062,1.);
#4911=VECTOR('',#8063,1.);
#4912=VECTOR('',#8064,1.);
#4913=VECTOR('',#8065,1.);
#4914=VECTOR('',#8066,1.);
#4915=VECTOR('',#8069,1.);
#4916=VECTOR('',#8070,1.);
#4917=VECTOR('',#8071,1.);
#4918=VECTOR('',#8072,1.);
#4919=VECTOR('',#8073,1.);
#4920=VECTOR('',#8076,1.);
#4921=VECTOR('',#8077,1.);
#4922=VECTOR('',#8078,1.);
#4923=VECTOR('',#8079,1.);
#4924=VECTOR('',#8082,1.);
#4925=VECTOR('',#8083,1.);
#4926=VECTOR('',#8084,1.);
#4927=VECTOR('',#8085,1.);
#4928=VECTOR('',#8086,1.);
#4929=VECTOR('',#8089,1.);
#4930=VECTOR('',#8090,1.);
#4931=VECTOR('',#8091,1.);
#4932=VECTOR('',#8094,1.);
#4933=VECTOR('',#8095,1.);
#4934=VECTOR('',#8096,1.);
#4935=VECTOR('',#8097,1.);
#4936=VECTOR('',#8098,1.);
#4937=VECTOR('',#8099,1.);
#4938=VECTOR('',#8100,1.);
#4939=VECTOR('',#8101,1.);
#4940=VECTOR('',#8102,1.);
#4941=VECTOR('',#8103,1.);
#4942=VECTOR('',#8104,1.);
#4943=VECTOR('',#8107,1.);
#4944=VECTOR('',#8108,1.);
#4945=VECTOR('',#8109,1.);
#4946=VECTOR('',#8112,1.);
#4947=VECTOR('',#8113,1.);
#4948=VECTOR('',#8114,1.);
#4949=VECTOR('',#8115,1.);
#4950=VECTOR('',#8116,1.);
#4951=VECTOR('',#8117,1.);
#4952=VECTOR('',#8118,1.);
#4953=VECTOR('',#8119,1.);
#4954=VECTOR('',#8120,1.);
#4955=VECTOR('',#8121,1.);
#4956=VECTOR('',#8122,1.);
#4957=VECTOR('',#8123,1.);
#4958=VECTOR('',#8124,1.);
#4959=VECTOR('',#8125,1.);
#4960=VECTOR('',#8126,1.);
#4961=VECTOR('',#8127,1.);
#4962=VECTOR('',#8128,1.);
#4963=VECTOR('',#8129,1.);
#4964=VECTOR('',#8130,1.);
#4965=VECTOR('',#8131,1.);
#4966=VECTOR('',#8132,1.);
#4967=VECTOR('',#8133,1.);
#4968=VECTOR('',#8134,1.);
#4969=VECTOR('',#8135,1.);
#4970=VECTOR('',#8136,1.);
#4971=VECTOR('',#8137,1.);
#4972=VECTOR('',#8138,1.);
#4973=VECTOR('',#8139,1.);
#4974=VECTOR('',#8140,1.);
#4975=VECTOR('',#8141,1.);
#4976=VECTOR('',#8142,1.);
#4977=VECTOR('',#8143,1.);
#4978=VECTOR('',#8144,1.);
#4979=VECTOR('',#8145,1.);
#4980=VECTOR('',#8146,1.);
#4981=VECTOR('',#8147,1.);
#4982=VECTOR('',#8148,1.);
#4983=VECTOR('',#8149,1.);
#4984=VECTOR('',#8158,1.);
#4985=VECTOR('',#8159,1.);
#4986=VECTOR('',#8160,1.);
#4987=VECTOR('',#8161,1.);
#4988=VECTOR('',#8162,1.);
#4989=VECTOR('',#8163,1.);
#4990=VECTOR('',#8164,1.);
#4991=VECTOR('',#8165,1.);
#4992=VECTOR('',#8166,1.);
#4993=VECTOR('',#8167,1.);
#4994=VECTOR('',#8168,1.);
#4995=VECTOR('',#8169,1.);
#4996=VECTOR('',#8170,1.);
#4997=VECTOR('',#8171,1.);
#4998=VECTOR('',#8172,1.);
#4999=VECTOR('',#8173,1.);
#5000=VECTOR('',#8174,1.);
#5001=VECTOR('',#8175,1.);
#5002=VECTOR('',#8176,1.);
#5003=VECTOR('',#8177,1.);
#5004=VECTOR('',#8178,1.);
#5005=VECTOR('',#8179,1.);
#5006=VECTOR('',#8180,1.);
#5007=VECTOR('',#8181,1.);
#5008=VECTOR('',#8182,1.);
#5009=VECTOR('',#8183,1.);
#5010=VECTOR('',#8186,1.);
#5011=VECTOR('',#8187,1.);
#5012=VECTOR('',#8188,1.);
#5013=VECTOR('',#8189,1.);
#5014=VECTOR('',#8190,1.);
#5015=VECTOR('',#8191,1.);
#5016=VECTOR('',#8192,1.);
#5017=VECTOR('',#8193,1.);
#5018=VECTOR('',#8194,1.);
#5019=VECTOR('',#8197,1.);
#5020=VECTOR('',#8198,1.);
#5021=VECTOR('',#8199,1.);
#5022=VECTOR('',#8200,1.);
#5023=VECTOR('',#8201,1.);
#5024=VECTOR('',#8204,1.);
#5025=VECTOR('',#8205,1.);
#5026=VECTOR('',#8206,1.);
#5027=VECTOR('',#8207,1.);
#5028=VECTOR('',#8208,1.);
#5029=VECTOR('',#8211,1.);
#5030=VECTOR('',#8212,1.);
#5031=VECTOR('',#8213,1.);
#5032=VECTOR('',#8214,1.);
#5033=VECTOR('',#8215,1.);
#5034=VECTOR('',#8218,1.);
#5035=VECTOR('',#8219,1.);
#5036=VECTOR('',#8220,1.);
#5037=VECTOR('',#8221,1.);
#5038=VECTOR('',#8224,1.);
#5039=VECTOR('',#8225,1.);
#5040=VECTOR('',#8226,1.);
#5041=VECTOR('',#8227,1.);
#5042=VECTOR('',#8230,1.);
#5043=VECTOR('',#8231,1.);
#5044=VECTOR('',#8232,1.);
#5045=VECTOR('',#8233,1.);
#5046=VECTOR('',#8236,1.);
#5047=VECTOR('',#8237,1.);
#5048=VECTOR('',#8240,1.);
#5049=VECTOR('',#8241,1.);
#5050=VECTOR('',#8242,1.);
#5051=VECTOR('',#8245,1.);
#5052=VECTOR('',#8246,1.);
#5053=VECTOR('',#8247,1.);
#5054=VECTOR('',#8248,1.);
#5055=VECTOR('',#8251,1.);
#5056=VECTOR('',#8252,1.);
#5057=VECTOR('',#8253,1.);
#5058=VECTOR('',#8254,1.);
#5059=VECTOR('',#8257,1.);
#5060=VECTOR('',#8258,1.);
#5061=VECTOR('',#8259,1.);
#5062=VECTOR('',#8260,1.);
#5063=VECTOR('',#8263,1.);
#5064=VECTOR('',#8264,1.);
#5065=VECTOR('',#8265,1.);
#5066=VECTOR('',#8266,1.);
#5067=VECTOR('',#8285,1.);
#5068=VECTOR('',#8286,1.);
#5069=VECTOR('',#8287,1.);
#5070=VECTOR('',#8288,1.);
#5071=VECTOR('',#8289,1.);
#5072=VECTOR('',#8290,1.);
#5073=VECTOR('',#8291,1.);
#5074=VECTOR('',#8292,1.);
#5075=VECTOR('',#8293,1.);
#5076=VECTOR('',#8294,1.);
#5077=VECTOR('',#8295,1.);
#5078=VECTOR('',#8296,1.);
#5079=VECTOR('',#8297,1.);
#5080=VECTOR('',#8298,1.);
#5081=VECTOR('',#8299,1.);
#5082=VECTOR('',#8300,1.);
#5083=VECTOR('',#8301,1.);
#5084=VECTOR('',#8302,1.);
#5085=VECTOR('',#8303,1.);
#5086=VECTOR('',#8304,1.);
#5087=VECTOR('',#8305,1.);
#5088=VECTOR('',#8306,1.);
#5089=VECTOR('',#8307,1.);
#5090=VECTOR('',#8308,1.);
#5091=VECTOR('',#8309,1.);
#5092=VECTOR('',#8310,1.);
#5093=VECTOR('',#8311,1.);
#5094=VECTOR('',#8312,1.);
#5095=VECTOR('',#8313,1.);
#5096=VECTOR('',#8314,1.);
#5097=VECTOR('',#8315,1.);
#5098=VECTOR('',#8316,1.);
#5099=VECTOR('',#8317,1.);
#5100=VECTOR('',#8318,1.);
#5101=VECTOR('',#8319,1.);
#5102=VECTOR('',#8320,1.);
#5103=VECTOR('',#8321,1.);
#5104=VECTOR('',#8322,1.);
#5105=VECTOR('',#8323,1.);
#5106=VECTOR('',#8324,1.);
#5107=VECTOR('',#8325,1.);
#5108=VECTOR('',#8326,1.);
#5109=VECTOR('',#8327,1.);
#5110=VECTOR('',#8328,1.);
#5111=VECTOR('',#8329,1.);
#5112=VECTOR('',#8330,1.);
#5113=VECTOR('',#8331,1.);
#5114=VECTOR('',#8332,1.);
#5115=VECTOR('',#8333,1.);
#5116=VECTOR('',#8360,1.);
#5117=VECTOR('',#8361,1.);
#5118=VECTOR('',#8362,1.);
#5119=VECTOR('',#8363,1.);
#5120=VECTOR('',#8366,1.);
#5121=VECTOR('',#8367,1.);
#5122=VECTOR('',#8368,1.);
#5123=VECTOR('',#8369,1.);
#5124=VECTOR('',#8372,1.);
#5125=VECTOR('',#8373,1.);
#5126=VECTOR('',#8374,1.);
#5127=VECTOR('',#8375,1.);
#5128=VECTOR('',#8378,1.);
#5129=VECTOR('',#8379,1.);
#5130=VECTOR('',#8380,1.);
#5131=VECTOR('',#8381,1.);
#5132=VECTOR('',#8388,1.);
#5133=VECTOR('',#8389,1.);
#5134=VECTOR('',#8390,1.);
#5135=VECTOR('',#8391,1.);
#5136=VECTOR('',#8392,1.);
#5137=VECTOR('',#8393,1.);
#5138=VECTOR('',#8394,1.);
#5139=VECTOR('',#8395,1.);
#5140=VECTOR('',#8396,1.);
#5141=VECTOR('',#8397,1.);
#5142=VECTOR('',#8400,1.);
#5143=VECTOR('',#8401,1.);
#5144=VECTOR('',#8402,1.);
#5145=VECTOR('',#8405,1.);
#5146=VECTOR('',#8406,1.);
#5147=VECTOR('',#8407,1.);
#5148=VECTOR('',#8408,1.);
#5149=VECTOR('',#8409,1.);
#5150=VECTOR('',#8412,1.);
#5151=VECTOR('',#8413,1.);
#5152=VECTOR('',#8414,1.);
#5153=VECTOR('',#8415,1.);
#5154=VECTOR('',#8418,1.);
#5155=VECTOR('',#8419,1.);
#5156=VECTOR('',#8420,1.);
#5157=VECTOR('',#8421,1.);
#5158=VECTOR('',#8422,1.);
#5159=VECTOR('',#8423,1.);
#5160=VECTOR('',#8424,1.);
#5161=VECTOR('',#8425,1.);
#5162=VECTOR('',#8426,1.);
#5163=VECTOR('',#8427,1.);
#5164=VECTOR('',#8430,1.);
#5165=VECTOR('',#8431,1.);
#5166=VECTOR('',#8432,1.);
#5167=VECTOR('',#8433,1.);
#5168=VECTOR('',#8436,1.);
#5169=VECTOR('',#8437,1.);
#5170=VECTOR('',#8438,1.);
#5171=VECTOR('',#8441,1.);
#5172=VECTOR('',#8442,1.);
#5173=VECTOR('',#8443,1.);
#5174=VECTOR('',#8446,1.);
#5175=VECTOR('',#8447,1.);
#5176=VECTOR('',#8448,1.);
#5177=VECTOR('',#8451,1.);
#5178=VECTOR('',#8452,1.);
#5179=VECTOR('',#8453,1.);
#5180=VECTOR('',#8456,1.);
#5181=VECTOR('',#8457,1.);
#5182=VECTOR('',#8458,1.);
#5183=VECTOR('',#8461,1.);
#5184=VECTOR('',#8468,1.);
#5185=VECTOR('',#8469,1.);
#5186=VECTOR('',#8472,1.);
#5187=VECTOR('',#8473,1.);
#5188=VECTOR('',#8474,1.);
#5189=VECTOR('',#8477,1.);
#5190=VECTOR('',#8478,1.);
#5191=VECTOR('',#8479,1.);
#5192=VECTOR('',#8488,1.);
#5193=VECTOR('',#8489,1.);
#5194=VECTOR('',#8490,1.);
#5195=VECTOR('',#8493,1.);
#5196=VECTOR('',#8494,1.);
#5197=VECTOR('',#8495,1.);
#5198=VECTOR('',#8504,1.);
#5199=VECTOR('',#8505,1.);
#5200=VECTOR('',#8506,1.);
#5201=VECTOR('',#8509,1.);
#5202=VECTOR('',#8510,1.);
#5203=VECTOR('',#8511,1.);
#5204=VECTOR('',#8568,1.);
#5205=VECTOR('',#8569,1.);
#5206=VECTOR('',#8570,1.);
#5207=VECTOR('',#8571,1.);
#5208=VECTOR('',#8572,1.);
#5209=VECTOR('',#8575,1.);
#5210=VECTOR('',#8576,1.);
#5211=VECTOR('',#8577,1.);
#5212=VECTOR('',#8578,1.);
#5213=VECTOR('',#8579,1.);
#5214=VECTOR('',#8582,1.);
#5215=VECTOR('',#8583,1.);
#5216=VECTOR('',#8584,1.);
#5217=VECTOR('',#8585,1.);
#5218=VECTOR('',#8586,1.);
#5219=VECTOR('',#8587,1.);
#5220=VECTOR('',#8588,1.);
#5221=VECTOR('',#8591,1.);
#5222=VECTOR('',#8592,1.);
#5223=VECTOR('',#8593,1.);
#5224=VECTOR('',#8594,1.);
#5225=VECTOR('',#8595,1.);
#5226=VECTOR('',#8596,1.);
#5227=VECTOR('',#8597,1.);
#5228=VECTOR('',#8600,1.);
#5229=VECTOR('',#8601,1.);
#5230=VECTOR('',#8602,1.);
#5231=VECTOR('',#8603,1.);
#5232=VECTOR('',#8604,1.);
#5233=VECTOR('',#8605,1.);
#5234=VECTOR('',#8608,1.);
#5235=VECTOR('',#8609,1.);
#5236=VECTOR('',#8610,1.);
#5237=VECTOR('',#8611,1.);
#5238=VECTOR('',#8612,1.);
#5239=VECTOR('',#8613,1.);
#5240=VECTOR('',#8616,1.);
#5241=VECTOR('',#8619,1.);
#5242=VECTOR('',#8620,1.);
#5243=VECTOR('',#8623,1.);
#5244=VECTOR('',#8624,1.);
#5245=VECTOR('',#8625,1.);
#5246=VECTOR('',#8626,1.);
#5247=VECTOR('',#8627,1.);
#5248=VECTOR('',#8628,1.);
#5249=VECTOR('',#8629,1.);
#5250=VECTOR('',#8632,1.);
#5251=VECTOR('',#8633,1.);
#5252=VECTOR('',#8634,1.);
#5253=VECTOR('',#8635,1.);
#5254=VECTOR('',#8636,1.);
#5255=VECTOR('',#8637,1.);
#5256=VECTOR('',#8638,1.);
#5257=VECTOR('',#8639,1.);
#5258=VECTOR('',#8640,1.);
#5259=VECTOR('',#8643,1.);
#5260=VECTOR('',#8644,1.);
#5261=VECTOR('',#8645,1.);
#5262=VECTOR('',#8646,1.);
#5263=VECTOR('',#8649,1.);
#5264=VECTOR('',#8650,1.);
#5265=VECTOR('',#8651,1.);
#5266=VECTOR('',#8652,1.);
#5267=VECTOR('',#8655,1.);
#5268=VECTOR('',#8656,1.);
#5269=VECTOR('',#8659,1.);
#5270=VECTOR('',#8660,1.);
#5271=VECTOR('',#8661,1.);
#5272=VECTOR('',#8662,1.);
#5273=VECTOR('',#8665,1.);
#5274=VECTOR('',#8666,1.);
#5275=VECTOR('',#8667,1.);
#5276=VECTOR('',#8670,1.);
#5277=VECTOR('',#8671,1.);
#5278=VECTOR('',#8672,1.);
#5279=VECTOR('',#8675,1.);
#5280=VECTOR('',#8676,1.);
#5281=VECTOR('',#8677,1.);
#5282=VECTOR('',#8678,1.);
#5283=VECTOR('',#8681,1.);
#5284=VECTOR('',#8682,1.);
#5285=VECTOR('',#8683,1.);
#5286=VECTOR('',#8684,1.);
#5287=VECTOR('',#8687,1.);
#5288=VECTOR('',#8688,1.);
#5289=VECTOR('',#8689,1.);
#5290=VECTOR('',#8692,1.);
#5291=VECTOR('',#8693,1.);
#5292=VECTOR('',#8694,1.);
#5293=VECTOR('',#8697,1.);
#5294=VECTOR('',#8698,1.);
#5295=VECTOR('',#8699,1.);
#5296=VECTOR('',#8700,1.);
#5297=VECTOR('',#8703,1.);
#5298=VECTOR('',#8704,1.);
#5299=VECTOR('',#8705,1.);
#5300=VECTOR('',#8706,1.);
#5301=VECTOR('',#8709,1.);
#5302=VECTOR('',#8710,1.);
#5303=VECTOR('',#8711,1.);
#5304=VECTOR('',#8714,1.);
#5305=VECTOR('',#8715,1.);
#5306=VECTOR('',#8716,1.);
#5307=VECTOR('',#8719,1.);
#5308=VECTOR('',#8720,1.);
#5309=VECTOR('',#8721,1.);
#5310=VECTOR('',#8722,1.);
#5311=VECTOR('',#8725,1.);
#5312=VECTOR('',#8726,1.);
#5313=VECTOR('',#8727,1.);
#5314=VECTOR('',#8728,1.);
#5315=VECTOR('',#8731,1.);
#5316=VECTOR('',#8732,1.);
#5317=VECTOR('',#8733,1.);
#5318=VECTOR('',#8736,1.);
#5319=VECTOR('',#8737,1.);
#5320=VECTOR('',#8738,1.);
#5321=VECTOR('',#8741,1.);
#5322=VECTOR('',#8742,1.);
#5323=VECTOR('',#8743,1.);
#5324=VECTOR('',#8744,1.);
#5325=VECTOR('',#8747,1.);
#5326=VECTOR('',#8748,1.);
#5327=VECTOR('',#8751,1.);
#5328=VECTOR('',#8752,1.);
#5329=VECTOR('',#8755,1.);
#5330=VECTOR('',#8756,1.);
#5331=VECTOR('',#8759,1.);
#5332=VECTOR('',#8762,1.);
#5333=VECTOR('',#8763,1.);
#5334=VECTOR('',#8766,1.);
#5335=VECTOR('',#8767,1.);
#5336=VECTOR('',#8770,1.);
#5337=VECTOR('',#8771,1.);
#5338=VECTOR('',#8772,1.);
#5339=VECTOR('',#8775,1.);
#5340=VECTOR('',#8776,1.);
#5341=VECTOR('',#8777,1.);
#5342=VECTOR('',#8780,1.);
#5343=VECTOR('',#8781,1.);
#5344=VECTOR('',#8782,1.);
#5345=VECTOR('',#8783,1.);
#5346=VECTOR('',#8786,1.);
#5347=VECTOR('',#8787,1.);
#5348=VECTOR('',#8788,1.);
#5349=VECTOR('',#8791,1.);
#5350=VECTOR('',#8792,1.);
#5351=VECTOR('',#8793,1.);
#5352=VECTOR('',#8796,1.);
#5353=VECTOR('',#8797,1.);
#5354=VECTOR('',#8798,1.);
#5355=VECTOR('',#8799,1.);
#5356=VECTOR('',#8802,1.);
#5357=VECTOR('',#8803,1.);
#5358=VECTOR('',#8806,1.);
#5359=VECTOR('',#8809,1.);
#5360=VECTOR('',#8810,1.);
#5361=VECTOR('',#8811,1.);
#5362=VECTOR('',#8812,1.);
#5363=VECTOR('',#8815,1.);
#5364=VECTOR('',#8816,1.);
#5365=VECTOR('',#8819,1.);
#5366=VECTOR('',#8820,1.);
#5367=VECTOR('',#8821,1.);
#5368=VECTOR('',#8836,1.);
#5369=VECTOR('',#8837,1.);
#5370=VECTOR('',#8840,1.);
#5371=VECTOR('',#8843,1.);
#5372=VECTOR('',#8846,1.);
#5373=VECTOR('',#8849,1.);
#5374=VECTOR('',#8854,1.);
#5375=VECTOR('',#8857,1.);
#5376=VECTOR('',#8862,1.);
#5377=VECTOR('',#8865,1.);
#5378=VECTOR('',#8870,1.);
#5379=VECTOR('',#8873,1.);
#5380=VECTOR('',#8882,1.);
#5381=VECTOR('',#8885,1.);
#5382=VECTOR('',#8890,1.);
#5383=VECTOR('',#8891,1.);
#5384=VECTOR('',#8892,1.);
#5385=VECTOR('',#8905,1.);
#5386=VECTOR('',#8908,1.);
#5387=VECTOR('',#8911,1.);
#5388=VECTOR('',#8912,1.);
#5389=VECTOR('',#8915,1.);
#5390=VECTOR('',#8916,1.);
#5391=VECTOR('',#8917,1.);
#5392=VECTOR('',#8922,1.);
#5393=VECTOR('',#8923,1.);
#5394=VECTOR('',#8926,1.);
#5395=VECTOR('',#8927,1.);
#5396=VECTOR('',#8930,1.);
#5397=VECTOR('',#8931,1.);
#5398=VECTOR('',#8932,1.);
#5399=VECTOR('',#8935,1.);
#5400=VECTOR('',#8938,1.);
#5401=VECTOR('',#8941,1.);
#5402=VECTOR('',#8944,1.);
#5403=VECTOR('',#8947,1.);
#5404=VECTOR('',#8948,1.);
#5405=VECTOR('',#8951,1.);
#5406=VECTOR('',#8952,1.);
#5407=VECTOR('',#8955,1.);
#5408=VECTOR('',#8958,1.);
#5409=VECTOR('',#8959,1.);
#5410=VECTOR('',#8962,1.);
#5411=VECTOR('',#8963,1.);
#5412=VECTOR('',#8966,1.);
#5413=VECTOR('',#8969,1.);
#5414=VECTOR('',#8972,1.);
#5415=VECTOR('',#8975,1.);
#5416=VECTOR('',#8976,1.);
#5417=VECTOR('',#8977,1.);
#5418=VECTOR('',#8980,1.);
#5419=VECTOR('',#8981,1.);
#5420=VECTOR('',#8984,1.);
#5421=VECTOR('',#8987,1.);
#5422=VECTOR('',#8992,1.);
#5423=VECTOR('',#8997,1.);
#5424=VECTOR('',#9000,1.);
#5425=VECTOR('',#9005,1.);
#5426=VECTOR('',#9012,1.);
#5427=VECTOR('',#9013,1.);
#5428=VECTOR('',#9016,1.);
#5429=VECTOR('',#9021,1.);
#5430=VECTOR('',#9022,1.);
#5431=VECTOR('',#9025,1.);
#5432=VECTOR('',#9028,1.);
#5433=VECTOR('',#9031,1.);
#5434=VECTOR('',#9032,1.);
#5435=VECTOR('',#9035,1.);
#5436=VECTOR('',#9038,1.);
#5437=VECTOR('',#9041,1.);
#5438=VECTOR('',#9042,1.);
#5439=VECTOR('',#9047,1.);
#5440=VECTOR('',#9050,1.);
#5441=VECTOR('',#9053,1.);
#5442=VECTOR('',#9058,1.);
#5443=VECTOR('',#9059,1.);
#5444=VECTOR('',#9062,1.);
#5445=VECTOR('',#9065,1.);
#5446=VECTOR('',#9066,1.);
#5447=VECTOR('',#9067,1.);
#5448=VECTOR('',#9070,1.);
#5449=VECTOR('',#9073,1.);
#5450=VECTOR('',#9076,1.);
#5451=VECTOR('',#9077,1.);
#5452=VECTOR('',#9080,1.);
#5453=VECTOR('',#9083,1.);
#5454=VECTOR('',#9086,1.);
#5455=VECTOR('',#9089,1.);
#5456=VECTOR('',#9092,1.);
#5457=VECTOR('',#9095,1.);
#5458=VECTOR('',#9098,1.);
#5459=VECTOR('',#9101,1.);
#5460=VECTOR('',#9104,1.);
#5461=VECTOR('',#9105,1.);
#5462=VECTOR('',#9106,1.);
#5463=VECTOR('',#9109,1.);
#5464=VECTOR('',#9112,1.);
#5465=VECTOR('',#9113,1.);
#5466=VECTOR('',#9116,1.);
#5467=VECTOR('',#9119,1.);
#5468=VECTOR('',#9122,1.);
#5469=VECTOR('',#9125,1.);
#5470=VECTOR('',#9128,1.);
#5471=VECTOR('',#9131,1.);
#5472=VECTOR('',#9134,1.);
#5473=VECTOR('',#9137,1.);
#5474=VECTOR('',#9146,1.);
#5475=VECTOR('',#9147,1.);
#5476=VECTOR('',#9150,1.);
#5477=VECTOR('',#9151,1.);
#5478=VECTOR('',#9154,1.);
#5479=VECTOR('',#9155,1.);
#5480=VECTOR('',#9158,1.);
#5481=VECTOR('',#9161,1.);
#5482=VECTOR('',#9164,1.);
#5483=VECTOR('',#9165,1.);
#5484=VECTOR('',#9168,1.);
#5485=VECTOR('',#9171,1.);
#5486=VECTOR('',#9178,1.);
#5487=VECTOR('',#9199,1.);
#5488=VECTOR('',#9200,1.);
#5489=VECTOR('',#9203,1.);
#5490=VECTOR('',#9206,1.);
#5491=VECTOR('',#9209,1.);
#5492=VECTOR('',#9212,1.);
#5493=VECTOR('',#9215,1.);
#5494=VECTOR('',#9218,1.);
#5495=VECTOR('',#9221,1.);
#5496=VECTOR('',#9224,1.);
#5497=VECTOR('',#9227,1.);
#5498=VECTOR('',#9228,1.);
#5499=VECTOR('',#9231,1.);
#5500=VECTOR('',#9240,1.);
#5501=VECTOR('',#9243,1.);
#5502=VECTOR('',#9246,1.);
#5503=VECTOR('',#9249,1.);
#5504=VECTOR('',#9256,1.);
#5505=VECTOR('',#9259,1.);
#5506=VECTOR('',#9266,1.);
#5507=VECTOR('',#9269,1.);
#5508=VECTOR('',#9274,1.);
#5509=VECTOR('',#9277,1.);
#5510=VECTOR('',#9280,1.);
#5511=VECTOR('',#9283,1.);
#5512=VECTOR('',#9290,1.);
#5513=VECTOR('',#9293,1.);
#5514=VECTOR('',#9300,1.);
#5515=VECTOR('',#9303,1.);
#5516=VECTOR('',#9306,1.);
#5517=VECTOR('',#9309,1.);
#5518=VECTOR('',#9312,1.);
#5519=VECTOR('',#9313,1.);
#5520=VECTOR('',#9318,1.);
#5521=VECTOR('',#9323,1.);
#5522=VECTOR('',#9328,1.);
#5523=VECTOR('',#9333,1.);
#5524=VECTOR('',#9338,1.);
#5525=VECTOR('',#9343,1.);
#5526=VECTOR('',#9348,1.);
#5527=VECTOR('',#9351,1.);
#5528=VECTOR('',#9354,1.);
#5529=VECTOR('',#9359,1.);
#5530=VECTOR('',#9362,1.);
#5531=VECTOR('',#9367,1.);
#5532=VECTOR('',#9370,1.);
#5533=VECTOR('',#9375,1.);
#5534=VECTOR('',#9378,1.);
#5535=VECTOR('',#9383,1.);
#5536=VECTOR('',#9386,1.);
#5537=VECTOR('',#9391,1.);
#5538=VECTOR('',#9394,1.);
#5539=VECTOR('',#9399,1.);
#5540=VECTOR('',#9402,1.);
#5541=VECTOR('',#9431,1.);
#5542=VECTOR('',#9452,1.);
#5543=VECTOR('',#9457,1.);
#5544=VECTOR('',#9462,1.);
#5545=VECTOR('',#9467,1.);
#5546=VECTOR('',#9472,1.);
#5547=VECTOR('',#9475,1.);
#5548=VECTOR('',#9480,1.);
#5549=VECTOR('',#9483,1.);
#5550=VECTOR('',#9488,1.);
#5551=VECTOR('',#9491,1.);
#5552=VECTOR('',#9496,1.);
#5553=VECTOR('',#9499,1.);
#5554=VECTOR('',#9504,1.);
#5555=VECTOR('',#9507,1.);
#5556=VECTOR('',#9510,1.);
#5557=VECTOR('',#9513,1.);
#5558=VECTOR('',#9516,1.);
#5559=VECTOR('',#9519,1.);
#5560=EDGE_LOOP('',(#132,#133,#134,#135,#136,#137,#138,#139,#140,#141,#142,
#143,#144,#145,#146,#147,#148,#149,#150,#151));
#5561=EDGE_LOOP('',(#152,#153,#154,#155,#156));
#5562=EDGE_LOOP('',(#157));
#5563=EDGE_LOOP('',(#158));
#5564=EDGE_LOOP('',(#159,#160,#161,#162,#163,#164,#165,#166,#167,#168,#169,
#170,#171,#172,#173,#174,#175));
#5565=EDGE_LOOP('',(#176,#177,#178,#179,#180,#181));
#5566=EDGE_LOOP('',(#182,#183,#184,#185,#186));
#5567=EDGE_LOOP('',(#187,#188,#189,#190,#191,#192,#193,#194,#195,#196));
#5568=EDGE_LOOP('',(#197,#198,#199,#200,#201));
#5569=EDGE_LOOP('',(#202,#203,#204,#205,#206,#207,#208,#209,#210));
#5570=EDGE_LOOP('',(#211,#212,#213,#214,#215,#216,#217,#218,#219,#220));
#5571=EDGE_LOOP('',(#221,#222,#223,#224,#225));
#5572=EDGE_LOOP('',(#226,#227,#228,#229,#230,#231,#232,#233,#234));
#5573=EDGE_LOOP('',(#235,#236,#237,#238,#239,#240,#241,#242,#243));
#5574=EDGE_LOOP('',(#244,#245,#246,#247,#248,#249,#250,#251,#252));
#5575=EDGE_LOOP('',(#253,#254,#255,#256,#257,#258));
#5576=EDGE_LOOP('',(#259,#260,#261,#262,#263,#264,#265,#266));
#5577=EDGE_LOOP('',(#267,#268,#269,#270,#271));
#5578=EDGE_LOOP('',(#272,#273,#274,#275,#276));
#5579=EDGE_LOOP('',(#277,#278,#279,#280,#281,#282,#283,#284,#285,#286,#287));
#5580=EDGE_LOOP('',(#288,#289,#290,#291,#292,#293,#294));
#5581=EDGE_LOOP('',(#295,#296,#297,#298,#299,#300,#301,#302));
#5582=EDGE_LOOP('',(#303,#304,#305,#306,#307));
#5583=EDGE_LOOP('',(#308,#309,#310,#311,#312,#313,#314));
#5584=EDGE_LOOP('',(#315,#316,#317,#318,#319,#320,#321,#322));
#5585=EDGE_LOOP('',(#323,#324,#325,#326,#327));
#5586=EDGE_LOOP('',(#328,#329,#330,#331,#332,#333,#334));
#5587=EDGE_LOOP('',(#335,#336,#337,#338,#339,#340,#341));
#5588=EDGE_LOOP('',(#342,#343,#344,#345,#346,#347));
#5589=EDGE_LOOP('',(#348,#349,#350,#351,#352));
#5590=EDGE_LOOP('',(#353,#354,#355,#356,#357));
#5591=EDGE_LOOP('',(#358,#359,#360,#361,#362,#363,#364,#365));
#5592=EDGE_LOOP('',(#366,#367,#368,#369,#370,#371,#372,#373));
#5593=EDGE_LOOP('',(#374,#375,#376,#377,#378,#379));
#5594=EDGE_LOOP('',(#380,#381,#382,#383,#384,#385));
#5595=EDGE_LOOP('',(#386,#387,#388,#389,#390,#391));
#5596=EDGE_LOOP('',(#392,#393,#394,#395,#396,#397));
#5597=EDGE_LOOP('',(#398,#399,#400,#401,#402,#403));
#5598=EDGE_LOOP('',(#404,#405,#406,#407,#408,#409));
#5599=EDGE_LOOP('',(#410,#411,#412,#413,#414,#415));
#5600=EDGE_LOOP('',(#416,#417,#418,#419));
#5601=EDGE_LOOP('',(#420,#421,#422,#423));
#5602=EDGE_LOOP('',(#424,#425,#426,#427));
#5603=EDGE_LOOP('',(#428,#429,#430,#431));
#5604=EDGE_LOOP('',(#432,#433,#434,#435,#436,#437,#438));
#5605=EDGE_LOOP('',(#439,#440,#441,#442,#443,#444,#445));
#5606=EDGE_LOOP('',(#446,#447,#448,#449,#450));
#5607=EDGE_LOOP('',(#451,#452,#453,#454,#455));
#5608=EDGE_LOOP('',(#456,#457,#458,#459,#460,#461,#462,#463,#464,#465,#466,
#467,#468,#469,#470,#471,#472,#473,#474,#475,#476,#477,#478,#479,#480,#481,
#482,#483,#484,#485,#486,#487,#488,#489,#490,#491,#492,#493,#494,#495,#496,
#497,#498,#499,#500,#501,#502,#503,#504,#505,#506,#507,#508,#509,#510,#511,
#512,#513,#514,#515,#516,#517,#518,#519,#520,#521,#522,#523,#524));
#5609=EDGE_LOOP('',(#525));
#5610=EDGE_LOOP('',(#526));
#5611=EDGE_LOOP('',(#527));
#5612=EDGE_LOOP('',(#528));
#5613=EDGE_LOOP('',(#529,#530,#531,#532));
#5614=EDGE_LOOP('',(#533,#534,#535,#536));
#5615=EDGE_LOOP('',(#537,#538,#539,#540));
#5616=EDGE_LOOP('',(#541,#542,#543,#544));
#5617=EDGE_LOOP('',(#545,#546,#547,#548));
#5618=EDGE_LOOP('',(#549,#550,#551,#552));
#5619=EDGE_LOOP('',(#553,#554,#555,#556));
#5620=EDGE_LOOP('',(#557,#558,#559,#560));
#5621=EDGE_LOOP('',(#561,#562,#563,#564,#565,#566,#567,#568,#569,#570));
#5622=EDGE_LOOP('',(#571,#572,#573,#574,#575,#576,#577));
#5623=EDGE_LOOP('',(#578,#579,#580,#581,#582,#583,#584));
#5624=EDGE_LOOP('',(#585,#586,#587,#588,#589,#590,#591));
#5625=EDGE_LOOP('',(#592,#593,#594,#595,#596,#597,#598));
#5626=EDGE_LOOP('',(#599,#600,#601,#602,#603,#604));
#5627=EDGE_LOOP('',(#605,#606,#607,#608));
#5628=EDGE_LOOP('',(#609,#610,#611,#612));
#5629=EDGE_LOOP('',(#613,#614,#615,#616));
#5630=EDGE_LOOP('',(#617,#618,#619,#620));
#5631=EDGE_LOOP('',(#621,#622,#623,#624));
#5632=EDGE_LOOP('',(#625,#626,#627,#628));
#5633=EDGE_LOOP('',(#629,#630,#631,#632));
#5634=EDGE_LOOP('',(#633));
#5635=EDGE_LOOP('',(#634));
#5636=EDGE_LOOP('',(#635));
#5637=EDGE_LOOP('',(#636));
#5638=EDGE_LOOP('',(#637));
#5639=EDGE_LOOP('',(#638));
#5640=EDGE_LOOP('',(#639));
#5641=EDGE_LOOP('',(#640));
#5642=EDGE_LOOP('',(#641,#642,#643,#644,#645,#646));
#5643=EDGE_LOOP('',(#647,#648,#649,#650));
#5644=EDGE_LOOP('',(#651,#652,#653,#654));
#5645=EDGE_LOOP('',(#655,#656,#657,#658));
#5646=EDGE_LOOP('',(#659,#660,#661,#662));
#5647=EDGE_LOOP('',(#663,#664,#665,#666));
#5648=EDGE_LOOP('',(#667,#668,#669,#670));
#5649=EDGE_LOOP('',(#671,#672,#673,#674));
#5650=EDGE_LOOP('',(#675,#676,#677,#678));
#5651=EDGE_LOOP('',(#679,#680,#681,#682));
#5652=EDGE_LOOP('',(#683,#684,#685,#686));
#5653=EDGE_LOOP('',(#687,#688,#689,#690));
#5654=EDGE_LOOP('',(#691,#692,#693,#694));
#5655=EDGE_LOOP('',(#695,#696,#697,#698));
#5656=EDGE_LOOP('',(#699));
#5657=EDGE_LOOP('',(#700));
#5658=EDGE_LOOP('',(#701));
#5659=EDGE_LOOP('',(#702));
#5660=EDGE_LOOP('',(#703));
#5661=EDGE_LOOP('',(#704));
#5662=EDGE_LOOP('',(#705));
#5663=EDGE_LOOP('',(#706));
#5664=EDGE_LOOP('',(#707,#708,#709,#710));
#5665=EDGE_LOOP('',(#711,#712,#713,#714));
#5666=EDGE_LOOP('',(#715,#716,#717,#718));
#5667=EDGE_LOOP('',(#719,#720,#721,#722));
#5668=EDGE_LOOP('',(#723));
#5669=EDGE_LOOP('',(#724));
#5670=EDGE_LOOP('',(#725,#726,#727,#728,#729,#730,#731,#732,#733,#734,#735,
#736,#737,#738,#739,#740,#741,#742,#743,#744));
#5671=EDGE_LOOP('',(#745,#746,#747,#748));
#5672=EDGE_LOOP('',(#749,#750,#751,#752,#753,#754,#755,#756,#757,#758));
#5673=EDGE_LOOP('',(#759,#760,#761,#762));
#5674=EDGE_LOOP('',(#763,#764,#765,#766));
#5675=EDGE_LOOP('',(#767,#768,#769,#770));
#5676=EDGE_LOOP('',(#771,#772,#773,#774));
#5677=EDGE_LOOP('',(#775,#776,#777,#778));
#5678=EDGE_LOOP('',(#779,#780,#781,#782));
#5679=EDGE_LOOP('',(#783,#784,#785,#786));
#5680=EDGE_LOOP('',(#787,#788,#789,#790));
#5681=EDGE_LOOP('',(#791,#792,#793,#794));
#5682=EDGE_LOOP('',(#795,#796,#797,#798));
#5683=EDGE_LOOP('',(#799,#800,#801,#802));
#5684=EDGE_LOOP('',(#803,#804,#805,#806));
#5685=EDGE_LOOP('',(#807,#808,#809,#810));
#5686=EDGE_LOOP('',(#811,#812,#813,#814));
#5687=EDGE_LOOP('',(#815,#816,#817,#818));
#5688=EDGE_LOOP('',(#819,#820,#821,#822));
#5689=EDGE_LOOP('',(#823,#824,#825,#826));
#5690=EDGE_LOOP('',(#827));
#5691=EDGE_LOOP('',(#828));
#5692=EDGE_LOOP('',(#829));
#5693=EDGE_LOOP('',(#830));
#5694=EDGE_LOOP('',(#831));
#5695=EDGE_LOOP('',(#832));
#5696=EDGE_LOOP('',(#833));
#5697=EDGE_LOOP('',(#834));
#5698=EDGE_LOOP('',(#835));
#5699=EDGE_LOOP('',(#836));
#5700=EDGE_LOOP('',(#837));
#5701=EDGE_LOOP('',(#838));
#5702=EDGE_LOOP('',(#839));
#5703=EDGE_LOOP('',(#840));
#5704=EDGE_LOOP('',(#841));
#5705=EDGE_LOOP('',(#842));
#5706=EDGE_LOOP('',(#843));
#5707=EDGE_LOOP('',(#844));
#5708=EDGE_LOOP('',(#845));
#5709=EDGE_LOOP('',(#846));
#5710=EDGE_LOOP('',(#847));
#5711=EDGE_LOOP('',(#848));
#5712=EDGE_LOOP('',(#849));
#5713=EDGE_LOOP('',(#850));
#5714=EDGE_LOOP('',(#851,#852,#853,#854,#855));
#5715=EDGE_LOOP('',(#856,#857,#858,#859,#860));
#5716=EDGE_LOOP('',(#861,#862,#863,#864,#865,#866,#867));
#5717=EDGE_LOOP('',(#868,#869,#870,#871,#872,#873,#874));
#5718=EDGE_LOOP('',(#875,#876,#877,#878,#879,#880,#881));
#5719=EDGE_LOOP('',(#882,#883,#884,#885,#886,#887,#888));
#5720=EDGE_LOOP('',(#889,#890,#891,#892));
#5721=EDGE_LOOP('',(#893,#894,#895));
#5722=EDGE_LOOP('',(#896,#897,#898,#899,#900,#901,#902,#903,#904,#905));
#5723=EDGE_LOOP('',(#906,#907,#908,#909,#910,#911,#912,#913,#914,#915,#916,
#917,#918,#919,#920,#921,#922,#923,#924,#925,#926,#927,#928));
#5724=EDGE_LOOP('',(#929,#930,#931,#932));
#5725=EDGE_LOOP('',(#933,#934,#935,#936));
#5726=EDGE_LOOP('',(#937,#938,#939,#940));
#5727=EDGE_LOOP('',(#941,#942,#943,#944));
#5728=EDGE_LOOP('',(#945,#946,#947,#948,#949));
#5729=EDGE_LOOP('',(#950,#951,#952,#953,#954));
#5730=EDGE_LOOP('',(#955,#956,#957,#958,#959,#960,#961));
#5731=EDGE_LOOP('',(#962,#963,#964,#965));
#5732=EDGE_LOOP('',(#966,#967,#968,#969,#970));
#5733=EDGE_LOOP('',(#971,#972,#973,#974,#975));
#5734=EDGE_LOOP('',(#976,#977,#978,#979,#980,#981,#982));
#5735=EDGE_LOOP('',(#983,#984,#985,#986));
#5736=EDGE_LOOP('',(#987,#988,#989,#990,#991));
#5737=EDGE_LOOP('',(#992,#993,#994,#995,#996));
#5738=EDGE_LOOP('',(#997,#998,#999,#1000,#1001,#1002,#1003));
#5739=EDGE_LOOP('',(#1004,#1005,#1006,#1007));
#5740=EDGE_LOOP('',(#1008,#1009,#1010,#1011,#1012));
#5741=EDGE_LOOP('',(#1013,#1014,#1015,#1016,#1017));
#5742=EDGE_LOOP('',(#1018,#1019,#1020,#1021,#1022,#1023,#1024));
#5743=EDGE_LOOP('',(#1025,#1026,#1027,#1028));
#5744=EDGE_LOOP('',(#1029,#1030,#1031,#1032));
#5745=EDGE_LOOP('',(#1033,#1034,#1035,#1036));
#5746=EDGE_LOOP('',(#1037,#1038,#1039,#1040));
#5747=EDGE_LOOP('',(#1041,#1042,#1043,#1044,#1045,#1046));
#5748=EDGE_LOOP('',(#1047,#1048,#1049,#1050));
#5749=EDGE_LOOP('',(#1051,#1052,#1053,#1054,#1055));
#5750=EDGE_LOOP('',(#1056,#1057,#1058,#1059,#1060,#1061,#1062));
#5751=EDGE_LOOP('',(#1063,#1064,#1065,#1066));
#5752=EDGE_LOOP('',(#1067,#1068,#1069,#1070,#1071));
#5753=EDGE_LOOP('',(#1072,#1073,#1074,#1075,#1076));
#5754=EDGE_LOOP('',(#1077,#1078,#1079,#1080,#1081,#1082,#1083));
#5755=EDGE_LOOP('',(#1084,#1085,#1086,#1087));
#5756=EDGE_LOOP('',(#1088,#1089,#1090,#1091));
#5757=EDGE_LOOP('',(#1092,#1093,#1094,#1095,#1096,#1097,#1098));
#5758=EDGE_LOOP('',(#1099,#1100,#1101,#1102));
#5759=EDGE_LOOP('',(#1103,#1104,#1105,#1106,#1107,#1108,#1109,#1110));
#5760=EDGE_LOOP('',(#1111,#1112,#1113,#1114));
#5761=EDGE_LOOP('',(#1115,#1116,#1117,#1118));
#5762=EDGE_LOOP('',(#1119,#1120,#1121,#1122));
#5763=EDGE_LOOP('',(#1123,#1124,#1125,#1126));
#5764=EDGE_LOOP('',(#1127,#1128,#1129,#1130));
#5765=EDGE_LOOP('',(#1131,#1132,#1133,#1134));
#5766=EDGE_LOOP('',(#1135,#1136,#1137,#1138));
#5767=EDGE_LOOP('',(#1139,#1140,#1141,#1142));
#5768=EDGE_LOOP('',(#1143,#1144,#1145,#1146));
#5769=EDGE_LOOP('',(#1147,#1148,#1149,#1150));
#5770=EDGE_LOOP('',(#1151,#1152,#1153,#1154));
#5771=EDGE_LOOP('',(#1155,#1156,#1157,#1158));
#5772=EDGE_LOOP('',(#1159,#1160,#1161,#1162));
#5773=EDGE_LOOP('',(#1163,#1164,#1165,#1166));
#5774=EDGE_LOOP('',(#1167,#1168,#1169,#1170));
#5775=EDGE_LOOP('',(#1171,#1172,#1173,#1174));
#5776=EDGE_LOOP('',(#1175,#1176,#1177,#1178));
#5777=EDGE_LOOP('',(#1179,#1180,#1181,#1182));
#5778=EDGE_LOOP('',(#1183,#1184,#1185,#1186));
#5779=EDGE_LOOP('',(#1187,#1188,#1189,#1190));
#5780=EDGE_LOOP('',(#1191,#1192,#1193,#1194));
#5781=EDGE_LOOP('',(#1195,#1196,#1197,#1198));
#5782=EDGE_LOOP('',(#1199,#1200,#1201,#1202));
#5783=EDGE_LOOP('',(#1203,#1204,#1205,#1206));
#5784=EDGE_LOOP('',(#1207,#1208,#1209,#1210));
#5785=EDGE_LOOP('',(#1211,#1212,#1213,#1214));
#5786=EDGE_LOOP('',(#1215,#1216,#1217,#1218,#1219,#1220));
#5787=EDGE_LOOP('',(#1221,#1222,#1223,#1224,#1225,#1226));
#5788=EDGE_LOOP('',(#1227,#1228,#1229,#1230,#1231,#1232));
#5789=EDGE_LOOP('',(#1233,#1234,#1235,#1236,#1237,#1238));
#5790=EDGE_LOOP('',(#1239,#1240,#1241));
#5791=EDGE_LOOP('',(#1242,#1243,#1244));
#5792=EDGE_LOOP('',(#1245,#1246,#1247,#1248));
#5793=EDGE_LOOP('',(#1249,#1250,#1251,#1252));
#5794=EDGE_LOOP('',(#1253,#1254,#1255,#1256));
#5795=EDGE_LOOP('',(#1257,#1258,#1259,#1260,#1261,#1262));
#5796=EDGE_LOOP('',(#1263,#1264,#1265,#1266));
#5797=EDGE_LOOP('',(#1267,#1268,#1269,#1270,#1271));
#5798=EDGE_LOOP('',(#1272,#1273,#1274,#1275,#1276));
#5799=EDGE_LOOP('',(#1277,#1278,#1279,#1280,#1281));
#5800=EDGE_LOOP('',(#1282,#1283,#1284));
#5801=EDGE_LOOP('',(#1285,#1286,#1287,#1288));
#5802=EDGE_LOOP('',(#1289,#1290,#1291,#1292));
#5803=EDGE_LOOP('',(#1293,#1294,#1295));
#5804=EDGE_LOOP('',(#1296,#1297,#1298,#1299,#1300));
#5805=EDGE_LOOP('',(#1301,#1302,#1303,#1304,#1305));
#5806=EDGE_LOOP('',(#1306,#1307,#1308,#1309));
#5807=EDGE_LOOP('',(#1310,#1311,#1312,#1313,#1314));
#5808=EDGE_LOOP('',(#1315,#1316,#1317,#1318,#1319));
#5809=EDGE_LOOP('',(#1320,#1321,#1322,#1323));
#5810=EDGE_LOOP('',(#1324,#1325,#1326));
#5811=EDGE_LOOP('',(#1327,#1328,#1329,#1330));
#5812=EDGE_LOOP('',(#1331,#1332,#1333,#1334,#1335,#1336,#1337));
#5813=EDGE_LOOP('',(#1338,#1339,#1340,#1341));
#5814=EDGE_LOOP('',(#1342,#1343,#1344,#1345));
#5815=EDGE_LOOP('',(#1346,#1347,#1348));
#5816=EDGE_LOOP('',(#1349,#1350,#1351,#1352));
#5817=EDGE_LOOP('',(#1353,#1354,#1355,#1356));
#5818=EDGE_LOOP('',(#1357,#1358,#1359,#1360));
#5819=EDGE_LOOP('',(#1361,#1362,#1363,#1364));
#5820=EDGE_LOOP('',(#1365,#1366,#1367,#1368));
#5821=EDGE_LOOP('',(#1369,#1370,#1371,#1372));
#5822=EDGE_LOOP('',(#1373,#1374,#1375,#1376));
#5823=EDGE_LOOP('',(#1377,#1378,#1379,#1380));
#5824=EDGE_LOOP('',(#1381,#1382,#1383,#1384));
#5825=EDGE_LOOP('',(#1385,#1386,#1387,#1388));
#5826=EDGE_LOOP('',(#1389,#1390,#1391,#1392));
#5827=EDGE_LOOP('',(#1393,#1394,#1395,#1396));
#5828=EDGE_LOOP('',(#1397,#1398,#1399));
#5829=EDGE_LOOP('',(#1400,#1401,#1402,#1403));
#5830=EDGE_LOOP('',(#1404,#1405,#1406,#1407));
#5831=EDGE_LOOP('',(#1408,#1409,#1410,#1411));
#5832=EDGE_LOOP('',(#1412,#1413,#1414,#1415));
#5833=EDGE_LOOP('',(#1416,#1417,#1418,#1419));
#5834=EDGE_LOOP('',(#1420,#1421,#1422,#1423));
#5835=EDGE_LOOP('',(#1424,#1425,#1426,#1427));
#5836=EDGE_LOOP('',(#1428,#1429,#1430,#1431));
#5837=EDGE_LOOP('',(#1432,#1433,#1434));
#5838=EDGE_LOOP('',(#1435,#1436,#1437));
#5839=EDGE_LOOP('',(#1438,#1439,#1440,#1441));
#5840=EDGE_LOOP('',(#1442,#1443,#1444,#1445));
#5841=EDGE_LOOP('',(#1446,#1447,#1448,#1449));
#5842=EDGE_LOOP('',(#1450,#1451,#1452,#1453,#1454));
#5843=EDGE_LOOP('',(#1455,#1456,#1457,#1458));
#5844=EDGE_LOOP('',(#1459,#1460,#1461,#1462));
#5845=EDGE_LOOP('',(#1463,#1464,#1465,#1466));
#5846=EDGE_LOOP('',(#1467,#1468,#1469,#1470));
#5847=EDGE_LOOP('',(#1471,#1472,#1473));
#5848=EDGE_LOOP('',(#1474,#1475,#1476));
#5849=EDGE_LOOP('',(#1477,#1478,#1479));
#5850=EDGE_LOOP('',(#1480,#1481,#1482,#1483));
#5851=EDGE_LOOP('',(#1484,#1485,#1486,#1487));
#5852=EDGE_LOOP('',(#1488,#1489,#1490,#1491));
#5853=EDGE_LOOP('',(#1492,#1493,#1494,#1495));
#5854=EDGE_LOOP('',(#1496,#1497,#1498,#1499,#1500));
#5855=EDGE_LOOP('',(#1501,#1502,#1503,#1504));
#5856=EDGE_LOOP('',(#1505,#1506,#1507,#1508));
#5857=EDGE_LOOP('',(#1509,#1510,#1511));
#5858=EDGE_LOOP('',(#1512,#1513,#1514));
#5859=EDGE_LOOP('',(#1515,#1516,#1517));
#5860=EDGE_LOOP('',(#1518,#1519,#1520,#1521));
#5861=EDGE_LOOP('',(#1522,#1523,#1524,#1525));
#5862=EDGE_LOOP('',(#1526,#1527,#1528,#1529));
#5863=EDGE_LOOP('',(#1530,#1531,#1532,#1533));
#5864=EDGE_LOOP('',(#1534,#1535,#1536));
#5865=EDGE_LOOP('',(#1537,#1538,#1539,#1540));
#5866=EDGE_LOOP('',(#1541,#1542,#1543,#1544));
#5867=EDGE_LOOP('',(#1545,#1546,#1547,#1548));
#5868=EDGE_LOOP('',(#1549,#1550,#1551,#1552,#1553));
#5869=EDGE_LOOP('',(#1554,#1555,#1556,#1557,#1558));
#5870=EDGE_LOOP('',(#1559,#1560,#1561,#1562,#1563));
#5871=EDGE_LOOP('',(#1564,#1565,#1566));
#5872=EDGE_LOOP('',(#1567,#1568,#1569,#1570));
#5873=EDGE_LOOP('',(#1571,#1572,#1573,#1574));
#5874=EDGE_LOOP('',(#1575,#1576,#1577));
#5875=EDGE_LOOP('',(#1578,#1579,#1580,#1581,#1582,#1583,#1584));
#5876=EDGE_LOOP('',(#1585,#1586,#1587,#1588));
#5877=EDGE_LOOP('',(#1589,#1590,#1591,#1592));
#5878=EDGE_LOOP('',(#1593,#1594,#1595,#1596));
#5879=EDGE_LOOP('',(#1597,#1598,#1599,#1600));
#5880=EDGE_LOOP('',(#1601));
#5881=EDGE_LOOP('',(#1602));
#5882=EDGE_LOOP('',(#1603));
#5883=EDGE_LOOP('',(#1604));
#5884=EDGE_LOOP('',(#1605));
#5885=EDGE_LOOP('',(#1606));
#5886=EDGE_LOOP('',(#1607));
#5887=EDGE_LOOP('',(#1608));
#5888=EDGE_LOOP('',(#1609));
#5889=EDGE_LOOP('',(#1610));
#5890=EDGE_LOOP('',(#1611));
#5891=EDGE_LOOP('',(#1612));
#5892=EDGE_LOOP('',(#1613));
#5893=EDGE_LOOP('',(#1614));
#5894=EDGE_LOOP('',(#1615));
#5895=EDGE_LOOP('',(#1616));
#5896=EDGE_LOOP('',(#1617,#1618,#1619,#1620,#1621));
#5897=EDGE_LOOP('',(#1622,#1623,#1624,#1625));
#5898=EDGE_LOOP('',(#1626,#1627,#1628,#1629));
#5899=EDGE_LOOP('',(#1630,#1631,#1632,#1633));
#5900=EDGE_LOOP('',(#1634,#1635,#1636,#1637));
#5901=EDGE_LOOP('',(#1638,#1639,#1640,#1641));
#5902=EDGE_LOOP('',(#1642,#1643,#1644,#1645));
#5903=EDGE_LOOP('',(#1646,#1647,#1648,#1649));
#5904=EDGE_LOOP('',(#1650,#1651,#1652,#1653,#1654));
#5905=EDGE_LOOP('',(#1655,#1656,#1657,#1658,#1659));
#5906=EDGE_LOOP('',(#1660,#1661,#1662,#1663));
#5907=EDGE_LOOP('',(#1664,#1665,#1666,#1667,#1668));
#5908=EDGE_LOOP('',(#1669,#1670,#1671,#1672,#1673,#1674));
#5909=EDGE_LOOP('',(#1675,#1676,#1677,#1678));
#5910=EDGE_LOOP('',(#1679,#1680,#1681,#1682));
#5911=EDGE_LOOP('',(#1683,#1684,#1685,#1686));
#5912=EDGE_LOOP('',(#1687,#1688,#1689,#1690));
#5913=EDGE_LOOP('',(#1691,#1692,#1693,#1694));
#5914=EDGE_LOOP('',(#1695,#1696,#1697,#1698));
#5915=EDGE_LOOP('',(#1699,#1700,#1701,#1702));
#5916=EDGE_LOOP('',(#1703,#1704,#1705,#1706));
#5917=EDGE_LOOP('',(#1707,#1708,#1709,#1710));
#5918=EDGE_LOOP('',(#1711,#1712,#1713,#1714));
#5919=EDGE_LOOP('',(#1715,#1716,#1717,#1718));
#5920=EDGE_LOOP('',(#1719,#1720,#1721,#1722));
#5921=EDGE_LOOP('',(#1723,#1724,#1725,#1726));
#5922=EDGE_LOOP('',(#1727,#1728,#1729,#1730,#1731));
#5923=EDGE_LOOP('',(#1732,#1733,#1734,#1735));
#5924=EDGE_LOOP('',(#1736,#1737,#1738,#1739));
#5925=EDGE_LOOP('',(#1740,#1741,#1742,#1743));
#5926=EDGE_LOOP('',(#1744,#1745,#1746,#1747));
#5927=EDGE_LOOP('',(#1748,#1749,#1750,#1751));
#5928=EDGE_LOOP('',(#1752,#1753,#1754,#1755));
#5929=EDGE_LOOP('',(#1756,#1757,#1758,#1759));
#5930=EDGE_LOOP('',(#1760,#1761,#1762,#1763));
#5931=EDGE_LOOP('',(#1764,#1765,#1766,#1767));
#5932=EDGE_LOOP('',(#1768,#1769,#1770,#1771));
#5933=EDGE_LOOP('',(#1772,#1773,#1774,#1775));
#5934=EDGE_LOOP('',(#1776,#1777,#1778,#1779));
#5935=EDGE_LOOP('',(#1780,#1781,#1782,#1783));
#5936=EDGE_LOOP('',(#1784,#1785,#1786,#1787));
#5937=EDGE_LOOP('',(#1788,#1789,#1790,#1791));
#5938=EDGE_LOOP('',(#1792,#1793,#1794,#1795,#1796));
#5939=EDGE_LOOP('',(#1797,#1798,#1799,#1800,#1801));
#5940=EDGE_LOOP('',(#1802,#1803,#1804,#1805));
#5941=EDGE_LOOP('',(#1806,#1807,#1808,#1809,#1810));
#5942=EDGE_LOOP('',(#1811,#1812,#1813,#1814));
#5943=EDGE_LOOP('',(#1815,#1816,#1817,#1818,#1819));
#5944=EDGE_LOOP('',(#1820,#1821,#1822,#1823));
#5945=EDGE_LOOP('',(#1824,#1825,#1826,#1827,#1828));
#5946=EDGE_LOOP('',(#1829,#1830,#1831,#1832));
#5947=EDGE_LOOP('',(#1833,#1834,#1835,#1836,#1837));
#5948=EDGE_LOOP('',(#1838,#1839,#1840,#1841));
#5949=EDGE_LOOP('',(#1842,#1843,#1844,#1845,#1846));
#5950=EDGE_LOOP('',(#1847,#1848,#1849,#1850));
#5951=EDGE_LOOP('',(#1851,#1852,#1853,#1854));
#5952=EDGE_LOOP('',(#1855,#1856,#1857,#1858,#1859));
#5953=EDGE_LOOP('',(#1860,#1861,#1862,#1863,#1864,#1865));
#5954=EDGE_LOOP('',(#1866,#1867,#1868,#1869));
#5955=EDGE_LOOP('',(#1870,#1871,#1872,#1873));
#5956=EDGE_LOOP('',(#1874,#1875,#1876,#1877,#1878));
#5957=EDGE_LOOP('',(#1879,#1880,#1881,#1882,#1883));
#5958=EDGE_LOOP('',(#1884,#1885,#1886,#1887));
#5959=EDGE_LOOP('',(#1888,#1889,#1890,#1891,#1892));
#5960=EDGE_LOOP('',(#1893,#1894,#1895,#1896,#1897));
#5961=EDGE_LOOP('',(#1898,#1899,#1900,#1901));
#5962=EDGE_LOOP('',(#1902,#1903,#1904,#1905,#1906));
#5963=EDGE_LOOP('',(#1907,#1908,#1909,#1910,#1911));
#5964=EDGE_LOOP('',(#1912,#1913,#1914,#1915));
#5965=EDGE_LOOP('',(#1916,#1917,#1918,#1919,#1920));
#5966=EDGE_LOOP('',(#1921,#1922,#1923,#1924,#1925));
#5967=EDGE_LOOP('',(#1926,#1927,#1928,#1929));
#5968=EDGE_LOOP('',(#1930,#1931,#1932,#1933,#1934));
#5969=EDGE_LOOP('',(#1935,#1936,#1937,#1938,#1939));
#5970=EDGE_LOOP('',(#1940,#1941,#1942,#1943));
#5971=EDGE_LOOP('',(#1944,#1945,#1946,#1947,#1948));
#5972=EDGE_LOOP('',(#1949,#1950,#1951,#1952,#1953));
#5973=EDGE_LOOP('',(#1954));
#5974=EDGE_LOOP('',(#1955));
#5975=EDGE_LOOP('',(#1956));
#5976=EDGE_LOOP('',(#1957));
#5977=EDGE_LOOP('',(#1958));
#5978=EDGE_LOOP('',(#1959));
#5979=EDGE_LOOP('',(#1960));
#5980=EDGE_LOOP('',(#1961));
#5981=EDGE_LOOP('',(#1962,#1963,#1964,#1965,#1966,#1967));
#5982=EDGE_LOOP('',(#1968,#1969,#1970,#1971,#1972,#1973));
#5983=EDGE_LOOP('',(#1974));
#5984=EDGE_LOOP('',(#1975));
#5985=EDGE_LOOP('',(#1976));
#5986=EDGE_LOOP('',(#1977));
#5987=EDGE_LOOP('',(#1978));
#5988=EDGE_LOOP('',(#1979));
#5989=EDGE_LOOP('',(#1980));
#5990=EDGE_LOOP('',(#1981));
#5991=EDGE_LOOP('',(#1982));
#5992=EDGE_LOOP('',(#1983));
#5993=EDGE_LOOP('',(#1984));
#5994=EDGE_LOOP('',(#1985));
#5995=EDGE_LOOP('',(#1986));
#5996=EDGE_LOOP('',(#1987));
#5997=EDGE_LOOP('',(#1988));
#5998=EDGE_LOOP('',(#1989));
#5999=EDGE_LOOP('',(#1990,#1991,#1992,#1993,#1994,#1995,#1996));
#6000=EDGE_LOOP('',(#1997,#1998,#1999,#2000));
#6001=EDGE_LOOP('',(#2001,#2002,#2003,#2004));
#6002=EDGE_LOOP('',(#2005,#2006,#2007,#2008));
#6003=EDGE_LOOP('',(#2009,#2010,#2011,#2012));
#6004=EDGE_LOOP('',(#2013,#2014,#2015,#2016));
#6005=EDGE_LOOP('',(#2017,#2018,#2019,#2020));
#6006=EDGE_LOOP('',(#2021,#2022,#2023,#2024,#2025));
#6007=EDGE_LOOP('',(#2026,#2027,#2028));
#6008=EDGE_LOOP('',(#2029,#2030,#2031,#2032,#2033,#2034));
#6009=EDGE_LOOP('',(#2035,#2036,#2037));
#6010=EDGE_LOOP('',(#2038,#2039,#2040,#2041));
#6011=EDGE_LOOP('',(#2042,#2043,#2044,#2045,#2046,#2047));
#6012=EDGE_LOOP('',(#2048,#2049,#2050,#2051));
#6013=EDGE_LOOP('',(#2052,#2053,#2054,#2055,#2056));
#6014=EDGE_LOOP('',(#2057,#2058,#2059,#2060,#2061,#2062));
#6015=EDGE_LOOP('',(#2063,#2064,#2065,#2066,#2067));
#6016=EDGE_LOOP('',(#2068,#2069,#2070,#2071));
#6017=EDGE_LOOP('',(#2072,#2073,#2074,#2075,#2076,#2077));
#6018=EDGE_LOOP('',(#2078,#2079,#2080,#2081));
#6019=EDGE_LOOP('',(#2082,#2083,#2084,#2085,#2086));
#6020=EDGE_LOOP('',(#2087,#2088,#2089,#2090));
#6021=EDGE_LOOP('',(#2091,#2092,#2093,#2094));
#6022=EDGE_LOOP('',(#2095,#2096,#2097,#2098,#2099));
#6023=EDGE_LOOP('',(#2100,#2101,#2102,#2103));
#6024=EDGE_LOOP('',(#2104,#2105,#2106,#2107));
#6025=EDGE_LOOP('',(#2108,#2109,#2110,#2111));
#6026=FACE_BOUND('',#5560,.T.);
#6027=FACE_BOUND('',#5561,.T.);
#6028=FACE_BOUND('',#5562,.T.);
#6029=FACE_BOUND('',#5563,.T.);
#6030=FACE_BOUND('',#5564,.T.);
#6031=FACE_BOUND('',#5565,.T.);
#6032=FACE_BOUND('',#5566,.T.);
#6033=FACE_BOUND('',#5567,.T.);
#6034=FACE_BOUND('',#5568,.T.);
#6035=FACE_BOUND('',#5569,.T.);
#6036=FACE_BOUND('',#5570,.T.);
#6037=FACE_BOUND('',#5571,.T.);
#6038=FACE_BOUND('',#5572,.T.);
#6039=FACE_BOUND('',#5573,.T.);
#6040=FACE_BOUND('',#5574,.T.);
#6041=FACE_BOUND('',#5575,.T.);
#6042=FACE_BOUND('',#5576,.T.);
#6043=FACE_BOUND('',#5577,.T.);
#6044=FACE_BOUND('',#5578,.T.);
#6045=FACE_BOUND('',#5579,.T.);
#6046=FACE_BOUND('',#5580,.T.);
#6047=FACE_BOUND('',#5581,.T.);
#6048=FACE_BOUND('',#5582,.T.);
#6049=FACE_BOUND('',#5583,.T.);
#6050=FACE_BOUND('',#5584,.T.);
#6051=FACE_BOUND('',#5585,.T.);
#6052=FACE_BOUND('',#5586,.T.);
#6053=FACE_BOUND('',#5587,.T.);
#6054=FACE_BOUND('',#5588,.T.);
#6055=FACE_BOUND('',#5589,.T.);
#6056=FACE_BOUND('',#5590,.T.);
#6057=FACE_BOUND('',#5591,.T.);
#6058=FACE_BOUND('',#5592,.T.);
#6059=FACE_BOUND('',#5593,.T.);
#6060=FACE_BOUND('',#5594,.T.);
#6061=FACE_BOUND('',#5595,.T.);
#6062=FACE_BOUND('',#5596,.T.);
#6063=FACE_BOUND('',#5597,.T.);
#6064=FACE_BOUND('',#5598,.T.);
#6065=FACE_BOUND('',#5599,.T.);
#6066=FACE_BOUND('',#5600,.T.);
#6067=FACE_BOUND('',#5601,.T.);
#6068=FACE_BOUND('',#5602,.T.);
#6069=FACE_BOUND('',#5603,.T.);
#6070=FACE_BOUND('',#5604,.T.);
#6071=FACE_BOUND('',#5605,.T.);
#6072=FACE_BOUND('',#5606,.T.);
#6073=FACE_BOUND('',#5607,.T.);
#6074=FACE_BOUND('',#5608,.T.);
#6075=FACE_BOUND('',#5609,.T.);
#6076=FACE_BOUND('',#5610,.T.);
#6077=FACE_BOUND('',#5611,.T.);
#6078=FACE_BOUND('',#5612,.T.);
#6079=FACE_BOUND('',#5613,.T.);
#6080=FACE_BOUND('',#5614,.T.);
#6081=FACE_BOUND('',#5615,.T.);
#6082=FACE_BOUND('',#5616,.T.);
#6083=FACE_BOUND('',#5617,.T.);
#6084=FACE_BOUND('',#5618,.T.);
#6085=FACE_BOUND('',#5619,.T.);
#6086=FACE_BOUND('',#5620,.T.);
#6087=FACE_BOUND('',#5621,.T.);
#6088=FACE_BOUND('',#5622,.T.);
#6089=FACE_BOUND('',#5623,.T.);
#6090=FACE_BOUND('',#5624,.T.);
#6091=FACE_BOUND('',#5625,.T.);
#6092=FACE_BOUND('',#5626,.T.);
#6093=FACE_BOUND('',#5627,.T.);
#6094=FACE_BOUND('',#5628,.T.);
#6095=FACE_BOUND('',#5629,.T.);
#6096=FACE_BOUND('',#5630,.T.);
#6097=FACE_BOUND('',#5631,.T.);
#6098=FACE_BOUND('',#5632,.T.);
#6099=FACE_BOUND('',#5633,.T.);
#6100=FACE_BOUND('',#5634,.T.);
#6101=FACE_BOUND('',#5635,.T.);
#6102=FACE_BOUND('',#5636,.T.);
#6103=FACE_BOUND('',#5637,.T.);
#6104=FACE_BOUND('',#5638,.T.);
#6105=FACE_BOUND('',#5639,.T.);
#6106=FACE_BOUND('',#5640,.T.);
#6107=FACE_BOUND('',#5641,.T.);
#6108=FACE_BOUND('',#5642,.T.);
#6109=FACE_BOUND('',#5643,.T.);
#6110=FACE_BOUND('',#5644,.T.);
#6111=FACE_BOUND('',#5645,.T.);
#6112=FACE_BOUND('',#5646,.T.);
#6113=FACE_BOUND('',#5647,.T.);
#6114=FACE_BOUND('',#5648,.T.);
#6115=FACE_BOUND('',#5649,.T.);
#6116=FACE_BOUND('',#5650,.T.);
#6117=FACE_BOUND('',#5651,.T.);
#6118=FACE_BOUND('',#5652,.T.);
#6119=FACE_BOUND('',#5653,.T.);
#6120=FACE_BOUND('',#5654,.T.);
#6121=FACE_BOUND('',#5655,.T.);
#6122=FACE_BOUND('',#5656,.T.);
#6123=FACE_BOUND('',#5657,.T.);
#6124=FACE_BOUND('',#5658,.T.);
#6125=FACE_BOUND('',#5659,.T.);
#6126=FACE_BOUND('',#5660,.T.);
#6127=FACE_BOUND('',#5661,.T.);
#6128=FACE_BOUND('',#5662,.T.);
#6129=FACE_BOUND('',#5663,.T.);
#6130=FACE_BOUND('',#5664,.T.);
#6131=FACE_BOUND('',#5665,.T.);
#6132=FACE_BOUND('',#5666,.T.);
#6133=FACE_BOUND('',#5667,.T.);
#6134=FACE_BOUND('',#5668,.T.);
#6135=FACE_BOUND('',#5669,.T.);
#6136=FACE_BOUND('',#5670,.T.);
#6137=FACE_BOUND('',#5671,.T.);
#6138=FACE_BOUND('',#5672,.T.);
#6139=FACE_BOUND('',#5673,.T.);
#6140=FACE_BOUND('',#5674,.T.);
#6141=FACE_BOUND('',#5675,.T.);
#6142=FACE_BOUND('',#5676,.T.);
#6143=FACE_BOUND('',#5677,.T.);
#6144=FACE_BOUND('',#5678,.T.);
#6145=FACE_BOUND('',#5679,.T.);
#6146=FACE_BOUND('',#5680,.T.);
#6147=FACE_BOUND('',#5681,.T.);
#6148=FACE_BOUND('',#5682,.T.);
#6149=FACE_BOUND('',#5683,.T.);
#6150=FACE_BOUND('',#5684,.T.);
#6151=FACE_BOUND('',#5685,.T.);
#6152=FACE_BOUND('',#5686,.T.);
#6153=FACE_BOUND('',#5687,.T.);
#6154=FACE_BOUND('',#5688,.T.);
#6155=FACE_BOUND('',#5689,.T.);
#6156=FACE_BOUND('',#5690,.T.);
#6157=FACE_BOUND('',#5691,.T.);
#6158=FACE_BOUND('',#5692,.T.);
#6159=FACE_BOUND('',#5693,.T.);
#6160=FACE_BOUND('',#5694,.T.);
#6161=FACE_BOUND('',#5695,.T.);
#6162=FACE_BOUND('',#5696,.T.);
#6163=FACE_BOUND('',#5697,.T.);
#6164=FACE_BOUND('',#5698,.T.);
#6165=FACE_BOUND('',#5699,.T.);
#6166=FACE_BOUND('',#5700,.T.);
#6167=FACE_BOUND('',#5701,.T.);
#6168=FACE_BOUND('',#5702,.T.);
#6169=FACE_BOUND('',#5703,.T.);
#6170=FACE_BOUND('',#5704,.T.);
#6171=FACE_BOUND('',#5705,.T.);
#6172=FACE_BOUND('',#5706,.T.);
#6173=FACE_BOUND('',#5707,.T.);
#6174=FACE_BOUND('',#5708,.T.);
#6175=FACE_BOUND('',#5709,.T.);
#6176=FACE_BOUND('',#5710,.T.);
#6177=FACE_BOUND('',#5711,.T.);
#6178=FACE_BOUND('',#5712,.T.);
#6179=FACE_BOUND('',#5713,.T.);
#6180=FACE_BOUND('',#5714,.T.);
#6181=FACE_BOUND('',#5715,.T.);
#6182=FACE_BOUND('',#5716,.T.);
#6183=FACE_BOUND('',#5717,.T.);
#6184=FACE_BOUND('',#5718,.T.);
#6185=FACE_BOUND('',#5719,.T.);
#6186=FACE_BOUND('',#5720,.T.);
#6187=FACE_BOUND('',#5721,.T.);
#6188=FACE_BOUND('',#5722,.T.);
#6189=FACE_BOUND('',#5723,.T.);
#6190=FACE_BOUND('',#5724,.T.);
#6191=FACE_BOUND('',#5725,.T.);
#6192=FACE_BOUND('',#5726,.T.);
#6193=FACE_BOUND('',#5727,.T.);
#6194=FACE_BOUND('',#5728,.T.);
#6195=FACE_BOUND('',#5729,.T.);
#6196=FACE_BOUND('',#5730,.T.);
#6197=FACE_BOUND('',#5731,.T.);
#6198=FACE_BOUND('',#5732,.T.);
#6199=FACE_BOUND('',#5733,.T.);
#6200=FACE_BOUND('',#5734,.T.);
#6201=FACE_BOUND('',#5735,.T.);
#6202=FACE_BOUND('',#5736,.T.);
#6203=FACE_BOUND('',#5737,.T.);
#6204=FACE_BOUND('',#5738,.T.);
#6205=FACE_BOUND('',#5739,.T.);
#6206=FACE_BOUND('',#5740,.T.);
#6207=FACE_BOUND('',#5741,.T.);
#6208=FACE_BOUND('',#5742,.T.);
#6209=FACE_BOUND('',#5743,.T.);
#6210=FACE_BOUND('',#5744,.T.);
#6211=FACE_BOUND('',#5745,.T.);
#6212=FACE_BOUND('',#5746,.T.);
#6213=FACE_BOUND('',#5747,.T.);
#6214=FACE_BOUND('',#5748,.T.);
#6215=FACE_BOUND('',#5749,.T.);
#6216=FACE_BOUND('',#5750,.T.);
#6217=FACE_BOUND('',#5751,.T.);
#6218=FACE_BOUND('',#5752,.T.);
#6219=FACE_BOUND('',#5753,.T.);
#6220=FACE_BOUND('',#5754,.T.);
#6221=FACE_BOUND('',#5755,.T.);
#6222=FACE_BOUND('',#5756,.T.);
#6223=FACE_BOUND('',#5757,.T.);
#6224=FACE_BOUND('',#5758,.T.);
#6225=FACE_BOUND('',#5759,.T.);
#6226=FACE_BOUND('',#5760,.T.);
#6227=FACE_BOUND('',#5761,.T.);
#6228=FACE_BOUND('',#5762,.T.);
#6229=FACE_BOUND('',#5763,.T.);
#6230=FACE_BOUND('',#5764,.T.);
#6231=FACE_BOUND('',#5765,.T.);
#6232=FACE_BOUND('',#5766,.T.);
#6233=FACE_BOUND('',#5767,.T.);
#6234=FACE_BOUND('',#5768,.T.);
#6235=FACE_BOUND('',#5769,.T.);
#6236=FACE_BOUND('',#5770,.T.);
#6237=FACE_BOUND('',#5771,.T.);
#6238=FACE_BOUND('',#5772,.T.);
#6239=FACE_BOUND('',#5773,.T.);
#6240=FACE_BOUND('',#5774,.T.);
#6241=FACE_BOUND('',#5775,.T.);
#6242=FACE_BOUND('',#5776,.T.);
#6243=FACE_BOUND('',#5777,.T.);
#6244=FACE_BOUND('',#5778,.T.);
#6245=FACE_BOUND('',#5779,.T.);
#6246=FACE_BOUND('',#5780,.T.);
#6247=FACE_BOUND('',#5781,.T.);
#6248=FACE_BOUND('',#5782,.T.);
#6249=FACE_BOUND('',#5783,.T.);
#6250=FACE_BOUND('',#5784,.T.);
#6251=FACE_BOUND('',#5785,.T.);
#6252=FACE_BOUND('',#5786,.T.);
#6253=FACE_BOUND('',#5787,.T.);
#6254=FACE_BOUND('',#5788,.T.);
#6255=FACE_BOUND('',#5789,.T.);
#6256=FACE_BOUND('',#5790,.T.);
#6257=FACE_BOUND('',#5791,.T.);
#6258=FACE_BOUND('',#5792,.T.);
#6259=FACE_BOUND('',#5793,.T.);
#6260=FACE_BOUND('',#5794,.T.);
#6261=FACE_BOUND('',#5795,.T.);
#6262=FACE_BOUND('',#5796,.T.);
#6263=FACE_BOUND('',#5797,.T.);
#6264=FACE_BOUND('',#5798,.T.);
#6265=FACE_BOUND('',#5799,.T.);
#6266=FACE_BOUND('',#5800,.T.);
#6267=FACE_BOUND('',#5801,.T.);
#6268=FACE_BOUND('',#5802,.T.);
#6269=FACE_BOUND('',#5803,.T.);
#6270=FACE_BOUND('',#5804,.T.);
#6271=FACE_BOUND('',#5805,.T.);
#6272=FACE_BOUND('',#5806,.T.);
#6273=FACE_BOUND('',#5807,.T.);
#6274=FACE_BOUND('',#5808,.T.);
#6275=FACE_BOUND('',#5809,.T.);
#6276=FACE_BOUND('',#5810,.T.);
#6277=FACE_BOUND('',#5811,.T.);
#6278=FACE_BOUND('',#5812,.T.);
#6279=FACE_BOUND('',#5813,.T.);
#6280=FACE_BOUND('',#5814,.T.);
#6281=FACE_BOUND('',#5815,.T.);
#6282=FACE_BOUND('',#5816,.T.);
#6283=FACE_BOUND('',#5817,.T.);
#6284=FACE_BOUND('',#5818,.T.);
#6285=FACE_BOUND('',#5819,.T.);
#6286=FACE_BOUND('',#5820,.T.);
#6287=FACE_BOUND('',#5821,.T.);
#6288=FACE_BOUND('',#5822,.T.);
#6289=FACE_BOUND('',#5823,.T.);
#6290=FACE_BOUND('',#5824,.T.);
#6291=FACE_BOUND('',#5825,.T.);
#6292=FACE_BOUND('',#5826,.T.);
#6293=FACE_BOUND('',#5827,.T.);
#6294=FACE_BOUND('',#5828,.T.);
#6295=FACE_BOUND('',#5829,.T.);
#6296=FACE_BOUND('',#5830,.T.);
#6297=FACE_BOUND('',#5831,.T.);
#6298=FACE_BOUND('',#5832,.T.);
#6299=FACE_BOUND('',#5833,.T.);
#6300=FACE_BOUND('',#5834,.T.);
#6301=FACE_BOUND('',#5835,.T.);
#6302=FACE_BOUND('',#5836,.T.);
#6303=FACE_BOUND('',#5837,.T.);
#6304=FACE_BOUND('',#5838,.T.);
#6305=FACE_BOUND('',#5839,.T.);
#6306=FACE_BOUND('',#5840,.T.);
#6307=FACE_BOUND('',#5841,.T.);
#6308=FACE_BOUND('',#5842,.T.);
#6309=FACE_BOUND('',#5843,.T.);
#6310=FACE_BOUND('',#5844,.T.);
#6311=FACE_BOUND('',#5845,.T.);
#6312=FACE_BOUND('',#5846,.T.);
#6313=FACE_BOUND('',#5847,.T.);
#6314=FACE_BOUND('',#5848,.T.);
#6315=FACE_BOUND('',#5849,.T.);
#6316=FACE_BOUND('',#5850,.T.);
#6317=FACE_BOUND('',#5851,.T.);
#6318=FACE_BOUND('',#5852,.T.);
#6319=FACE_BOUND('',#5853,.T.);
#6320=FACE_BOUND('',#5854,.T.);
#6321=FACE_BOUND('',#5855,.T.);
#6322=FACE_BOUND('',#5856,.T.);
#6323=FACE_BOUND('',#5857,.T.);
#6324=FACE_BOUND('',#5858,.T.);
#6325=FACE_BOUND('',#5859,.T.);
#6326=FACE_BOUND('',#5860,.T.);
#6327=FACE_BOUND('',#5861,.T.);
#6328=FACE_BOUND('',#5862,.T.);
#6329=FACE_BOUND('',#5863,.T.);
#6330=FACE_BOUND('',#5864,.T.);
#6331=FACE_BOUND('',#5865,.T.);
#6332=FACE_BOUND('',#5866,.T.);
#6333=FACE_BOUND('',#5867,.T.);
#6334=FACE_BOUND('',#5868,.T.);
#6335=FACE_BOUND('',#5869,.T.);
#6336=FACE_BOUND('',#5870,.T.);
#6337=FACE_BOUND('',#5871,.T.);
#6338=FACE_BOUND('',#5872,.T.);
#6339=FACE_BOUND('',#5873,.T.);
#6340=FACE_BOUND('',#5874,.T.);
#6341=FACE_BOUND('',#5875,.T.);
#6342=FACE_BOUND('',#5876,.T.);
#6343=FACE_BOUND('',#5877,.T.);
#6344=FACE_BOUND('',#5878,.T.);
#6345=FACE_BOUND('',#5879,.T.);
#6346=FACE_BOUND('',#5880,.T.);
#6347=FACE_BOUND('',#5881,.T.);
#6348=FACE_BOUND('',#5882,.T.);
#6349=FACE_BOUND('',#5883,.T.);
#6350=FACE_BOUND('',#5884,.T.);
#6351=FACE_BOUND('',#5885,.T.);
#6352=FACE_BOUND('',#5886,.T.);
#6353=FACE_BOUND('',#5887,.T.);
#6354=FACE_BOUND('',#5888,.T.);
#6355=FACE_BOUND('',#5889,.T.);
#6356=FACE_BOUND('',#5890,.T.);
#6357=FACE_BOUND('',#5891,.T.);
#6358=FACE_BOUND('',#5892,.T.);
#6359=FACE_BOUND('',#5893,.T.);
#6360=FACE_BOUND('',#5894,.T.);
#6361=FACE_BOUND('',#5895,.T.);
#6362=FACE_BOUND('',#5896,.T.);
#6363=FACE_BOUND('',#5897,.T.);
#6364=FACE_BOUND('',#5898,.T.);
#6365=FACE_BOUND('',#5899,.T.);
#6366=FACE_BOUND('',#5900,.T.);
#6367=FACE_BOUND('',#5901,.T.);
#6368=FACE_BOUND('',#5902,.T.);
#6369=FACE_BOUND('',#5903,.T.);
#6370=FACE_BOUND('',#5904,.T.);
#6371=FACE_BOUND('',#5905,.T.);
#6372=FACE_BOUND('',#5906,.T.);
#6373=FACE_BOUND('',#5907,.T.);
#6374=FACE_BOUND('',#5908,.T.);
#6375=FACE_BOUND('',#5909,.T.);
#6376=FACE_BOUND('',#5910,.T.);
#6377=FACE_BOUND('',#5911,.T.);
#6378=FACE_BOUND('',#5912,.T.);
#6379=FACE_BOUND('',#5913,.T.);
#6380=FACE_BOUND('',#5914,.T.);
#6381=FACE_BOUND('',#5915,.T.);
#6382=FACE_BOUND('',#5916,.T.);
#6383=FACE_BOUND('',#5917,.T.);
#6384=FACE_BOUND('',#5918,.T.);
#6385=FACE_BOUND('',#5919,.T.);
#6386=FACE_BOUND('',#5920,.T.);
#6387=FACE_BOUND('',#5921,.T.);
#6388=FACE_BOUND('',#5922,.T.);
#6389=FACE_BOUND('',#5923,.T.);
#6390=FACE_BOUND('',#5924,.T.);
#6391=FACE_BOUND('',#5925,.T.);
#6392=FACE_BOUND('',#5926,.T.);
#6393=FACE_BOUND('',#5927,.T.);
#6394=FACE_BOUND('',#5928,.T.);
#6395=FACE_BOUND('',#5929,.T.);
#6396=FACE_BOUND('',#5930,.T.);
#6397=FACE_BOUND('',#5931,.T.);
#6398=FACE_BOUND('',#5932,.T.);
#6399=FACE_BOUND('',#5933,.T.);
#6400=FACE_BOUND('',#5934,.T.);
#6401=FACE_BOUND('',#5935,.T.);
#6402=FACE_BOUND('',#5936,.T.);
#6403=FACE_BOUND('',#5937,.T.);
#6404=FACE_BOUND('',#5938,.T.);
#6405=FACE_BOUND('',#5939,.T.);
#6406=FACE_BOUND('',#5940,.T.);
#6407=FACE_BOUND('',#5941,.T.);
#6408=FACE_BOUND('',#5942,.T.);
#6409=FACE_BOUND('',#5943,.T.);
#6410=FACE_BOUND('',#5944,.T.);
#6411=FACE_BOUND('',#5945,.T.);
#6412=FACE_BOUND('',#5946,.T.);
#6413=FACE_BOUND('',#5947,.T.);
#6414=FACE_BOUND('',#5948,.T.);
#6415=FACE_BOUND('',#5949,.T.);
#6416=FACE_BOUND('',#5950,.T.);
#6417=FACE_BOUND('',#5951,.T.);
#6418=FACE_BOUND('',#5952,.T.);
#6419=FACE_BOUND('',#5953,.T.);
#6420=FACE_BOUND('',#5954,.T.);
#6421=FACE_BOUND('',#5955,.T.);
#6422=FACE_BOUND('',#5956,.T.);
#6423=FACE_BOUND('',#5957,.T.);
#6424=FACE_BOUND('',#5958,.T.);
#6425=FACE_BOUND('',#5959,.T.);
#6426=FACE_BOUND('',#5960,.T.);
#6427=FACE_BOUND('',#5961,.T.);
#6428=FACE_BOUND('',#5962,.T.);
#6429=FACE_BOUND('',#5963,.T.);
#6430=FACE_BOUND('',#5964,.T.);
#6431=FACE_BOUND('',#5965,.T.);
#6432=FACE_BOUND('',#5966,.T.);
#6433=FACE_BOUND('',#5967,.T.);
#6434=FACE_BOUND('',#5968,.T.);
#6435=FACE_BOUND('',#5969,.T.);
#6436=FACE_BOUND('',#5970,.T.);
#6437=FACE_BOUND('',#5971,.T.);
#6438=FACE_BOUND('',#5972,.T.);
#6439=FACE_BOUND('',#5973,.T.);
#6440=FACE_BOUND('',#5974,.T.);
#6441=FACE_BOUND('',#5975,.T.);
#6442=FACE_BOUND('',#5976,.T.);
#6443=FACE_BOUND('',#5977,.T.);
#6444=FACE_BOUND('',#5978,.T.);
#6445=FACE_BOUND('',#5979,.T.);
#6446=FACE_BOUND('',#5980,.T.);
#6447=FACE_BOUND('',#5981,.T.);
#6448=FACE_BOUND('',#5982,.T.);
#6449=FACE_BOUND('',#5983,.T.);
#6450=FACE_BOUND('',#5984,.T.);
#6451=FACE_BOUND('',#5985,.T.);
#6452=FACE_BOUND('',#5986,.T.);
#6453=FACE_BOUND('',#5987,.T.);
#6454=FACE_BOUND('',#5988,.T.);
#6455=FACE_BOUND('',#5989,.T.);
#6456=FACE_BOUND('',#5990,.T.);
#6457=FACE_BOUND('',#5991,.T.);
#6458=FACE_BOUND('',#5992,.T.);
#6459=FACE_BOUND('',#5993,.T.);
#6460=FACE_BOUND('',#5994,.T.);
#6461=FACE_BOUND('',#5995,.T.);
#6462=FACE_BOUND('',#5996,.T.);
#6463=FACE_BOUND('',#5997,.T.);
#6464=FACE_BOUND('',#5998,.T.);
#6465=FACE_BOUND('',#5999,.T.);
#6466=FACE_BOUND('',#6000,.T.);
#6467=FACE_BOUND('',#6001,.T.);
#6468=FACE_BOUND('',#6002,.T.);
#6469=FACE_BOUND('',#6003,.T.);
#6470=FACE_BOUND('',#6004,.T.);
#6471=FACE_BOUND('',#6005,.T.);
#6472=FACE_BOUND('',#6006,.T.);
#6473=FACE_BOUND('',#6007,.T.);
#6474=FACE_BOUND('',#6008,.T.);
#6475=FACE_BOUND('',#6009,.T.);
#6476=FACE_BOUND('',#6010,.T.);
#6477=FACE_BOUND('',#6011,.T.);
#6478=FACE_BOUND('',#6012,.T.);
#6479=FACE_BOUND('',#6013,.T.);
#6480=FACE_BOUND('',#6014,.T.);
#6481=FACE_BOUND('',#6015,.T.);
#6482=FACE_BOUND('',#6016,.T.);
#6483=FACE_BOUND('',#6017,.T.);
#6484=FACE_BOUND('',#6018,.T.);
#6485=FACE_BOUND('',#6019,.T.);
#6486=FACE_BOUND('',#6020,.T.);
#6487=FACE_BOUND('',#6021,.T.);
#6488=FACE_BOUND('',#6022,.T.);
#6489=FACE_BOUND('',#6023,.T.);
#6490=FACE_BOUND('',#6024,.T.);
#6491=FACE_BOUND('',#6025,.T.);
#6492=PLANE('',#7247);
#6493=PLANE('',#7248);
#6494=PLANE('',#7249);
#6495=PLANE('',#7254);
#6496=PLANE('',#7255);
#6497=PLANE('',#7256);
#6498=PLANE('',#7257);
#6499=PLANE('',#7258);
#6500=PLANE('',#7259);
#6501=PLANE('',#7260);
#6502=PLANE('',#7261);
#6503=PLANE('',#7262);
#6504=PLANE('',#7263);
#6505=PLANE('',#7264);
#6506=PLANE('',#7265);
#6507=PLANE('',#7266);
#6508=PLANE('',#7267);
#6509=PLANE('',#7268);
#6510=PLANE('',#7269);
#6511=PLANE('',#7270);
#6512=PLANE('',#7271);
#6513=PLANE('',#7272);
#6514=PLANE('',#7273);
#6515=PLANE('',#7274);
#6516=PLANE('',#7275);
#6517=PLANE('',#7276);
#6518=PLANE('',#7277);
#6519=PLANE('',#7278);
#6520=PLANE('',#7279);
#6521=PLANE('',#7280);
#6522=PLANE('',#7281);
#6523=PLANE('',#7282);
#6524=PLANE('',#7283);
#6525=PLANE('',#7284);
#6526=PLANE('',#7285);
#6527=PLANE('',#7286);
#6528=PLANE('',#7287);
#6529=PLANE('',#7288);
#6530=PLANE('',#7289);
#6531=PLANE('',#7290);
#6532=PLANE('',#7291);
#6533=PLANE('',#7292);
#6534=PLANE('',#7293);
#6535=PLANE('',#7294);
#6536=PLANE('',#7295);
#6537=PLANE('',#7296);
#6538=PLANE('',#7297);
#6539=PLANE('',#7306);
#6540=PLANE('',#7307);
#6541=PLANE('',#7308);
#6542=PLANE('',#7309);
#6543=PLANE('',#7310);
#6544=PLANE('',#7311);
#6545=PLANE('',#7312);
#6546=PLANE('',#7313);
#6547=PLANE('',#7314);
#6548=PLANE('',#7315);
#6549=PLANE('',#7316);
#6550=PLANE('',#7317);
#6551=PLANE('',#7318);
#6552=PLANE('',#7319);
#6553=PLANE('',#7340);
#6554=PLANE('',#7341);
#6555=PLANE('',#7342);
#6556=PLANE('',#7343);
#6557=PLANE('',#7344);
#6558=PLANE('',#7349);
#6559=PLANE('',#7350);
#6560=PLANE('',#7351);
#6561=PLANE('',#7352);
#6562=PLANE('',#7353);
#6563=PLANE('',#7354);
#6564=PLANE('',#7355);
#6565=PLANE('',#7356);
#6566=PLANE('',#7360);
#6567=PLANE('',#7361);
#6568=PLANE('',#7362);
#6569=PLANE('',#7366);
#6570=PLANE('',#7367);
#6571=PLANE('',#7371);
#6572=PLANE('',#7372);
#6573=PLANE('',#7379);
#6574=PLANE('',#7384);
#6575=PLANE('',#7389);
#6576=PLANE('',#7394);
#6577=PLANE('',#7400);
#6578=PLANE('',#7401);
#6579=PLANE('',#7402);
#6580=PLANE('',#7403);
#6581=PLANE('',#7404);
#6582=PLANE('',#7405);
#6583=PLANE('',#7406);
#6584=PLANE('',#7407);
#6585=PLANE('',#7408);
#6586=PLANE('',#7409);
#6587=PLANE('',#7410);
#6588=PLANE('',#7411);
#6589=PLANE('',#7412);
#6590=PLANE('',#7413);
#6591=PLANE('',#7414);
#6592=PLANE('',#7415);
#6593=PLANE('',#7416);
#6594=PLANE('',#7417);
#6595=PLANE('',#7418);
#6596=PLANE('',#7419);
#6597=PLANE('',#7420);
#6598=PLANE('',#7421);
#6599=PLANE('',#7422);
#6600=PLANE('',#7423);
#6601=PLANE('',#7424);
#6602=PLANE('',#7425);
#6603=PLANE('',#7426);
#6604=PLANE('',#7427);
#6605=PLANE('',#7428);
#6606=PLANE('',#7429);
#6607=PLANE('',#7430);
#6608=PLANE('',#7431);
#6609=PLANE('',#7432);
#6610=PLANE('',#7433);
#6611=PLANE('',#7434);
#6612=PLANE('',#7435);
#6613=PLANE('',#7436);
#6614=PLANE('',#7437);
#6615=PLANE('',#7438);
#6616=PLANE('',#7439);
#6617=PLANE('',#7440);
#6618=PLANE('',#7441);
#6619=PLANE('',#7442);
#6620=PLANE('',#7443);
#6621=PLANE('',#7444);
#6622=PLANE('',#7445);
#6623=PLANE('',#7446);
#6624=PLANE('',#7447);
#6625=PLANE('',#7448);
#6626=PLANE('',#7449);
#6627=PLANE('',#7450);
#6628=PLANE('',#7451);
#6629=PLANE('',#7452);
#6630=PLANE('',#7453);
#6631=PLANE('',#7454);
#6632=PLANE('',#7455);
#6633=PLANE('',#7456);
#6634=PLANE('',#7457);
#6635=PLANE('',#7458);
#6636=PLANE('',#7459);
#6637=PLANE('',#7460);
#6638=PLANE('',#7461);
#6639=PLANE('',#7462);
#6640=PLANE('',#7463);
#6641=PLANE('',#7464);
#6642=PLANE('',#7465);
#6643=PLANE('',#7466);
#6644=PLANE('',#7467);
#6645=PLANE('',#7468);
#6646=PLANE('',#7469);
#6647=PLANE('',#7470);
#6648=PLANE('',#7471);
#6649=PLANE('',#7472);
#6650=PLANE('',#7473);
#6651=PLANE('',#7474);
#6652=PLANE('',#7475);
#6653=PLANE('',#7476);
#6654=PLANE('',#7477);
#6655=PLANE('',#7478);
#6656=PLANE('',#7479);
#6657=PLANE('',#7480);
#6658=PLANE('',#7481);
#6659=PLANE('',#7482);
#6660=PLANE('',#7483);
#6661=PLANE('',#7484);
#6662=PLANE('',#7485);
#6663=PLANE('',#7486);
#6664=PLANE('',#7487);
#6665=PLANE('',#7488);
#6666=PLANE('',#7489);
#6667=PLANE('',#7490);
#6668=PLANE('',#7491);
#6669=PLANE('',#7492);
#6670=PLANE('',#7493);
#6671=PLANE('',#7494);
#6672=PLANE('',#7495);
#6673=PLANE('',#7496);
#6674=PLANE('',#7497);
#6675=PLANE('',#7498);
#6676=PLANE('',#7499);
#6677=PLANE('',#7500);
#6678=PLANE('',#7501);
#6679=PLANE('',#7502);
#6680=PLANE('',#7503);
#6681=PLANE('',#7505);
#6682=PLANE('',#7506);
#6683=PLANE('',#7507);
#6684=PLANE('',#7508);
#6685=PLANE('',#7510);
#6686=PLANE('',#7511);
#6687=PLANE('',#7512);
#6688=PLANE('',#7514);
#6689=PLANE('',#7515);
#6690=PLANE('',#7516);
#6691=PLANE('',#7517);
#6692=PLANE('',#7518);
#6693=PLANE('',#7519);
#6694=PLANE('',#7520);
#6695=PLANE('',#7521);
#6696=PLANE('',#7522);
#6697=PLANE('',#7523);
#6698=PLANE('',#7524);
#6699=PLANE('',#7526);
#6700=PLANE('',#7527);
#6701=PLANE('',#7528);
#6702=PLANE('',#7529);
#6703=PLANE('',#7530);
#6704=PLANE('',#7531);
#6705=PLANE('',#7532);
#6706=PLANE('',#7533);
#6707=PLANE('',#7534);
#6708=PLANE('',#7535);
#6709=PLANE('',#7536);
#6710=PLANE('',#7537);
#6711=PLANE('',#7538);
#6712=PLANE('',#7539);
#6713=PLANE('',#7540);
#6714=PLANE('',#7541);
#6715=PLANE('',#7542);
#6716=PLANE('',#7543);
#6717=PLANE('',#7544);
#6718=PLANE('',#7545);
#6719=PLANE('',#7546);
#6720=PLANE('',#7547);
#6721=PLANE('',#7548);
#6722=PLANE('',#7549);
#6723=PLANE('',#7550);
#6724=PLANE('',#7551);
#6725=PLANE('',#7552);
#6726=PLANE('',#7553);
#6727=PLANE('',#7554);
#6728=PLANE('',#7555);
#6729=PLANE('',#7556);
#6730=PLANE('',#7557);
#6731=PLANE('',#7558);
#6732=PLANE('',#7559);
#6733=PLANE('',#7560);
#6734=PLANE('',#7561);
#6735=PLANE('',#7562);
#6736=PLANE('',#7563);
#6737=PLANE('',#7564);
#6738=PLANE('',#7565);
#6739=PLANE('',#7574);
#6740=PLANE('',#7575);
#6741=PLANE('',#7576);
#6742=PLANE('',#7577);
#6743=PLANE('',#7578);
#6744=PLANE('',#7579);
#6745=PLANE('',#7580);
#6746=PLANE('',#7581);
#6747=PLANE('',#7582);
#6748=PLANE('',#7583);
#6749=PLANE('',#7584);
#6750=PLANE('',#7585);
#6751=PLANE('',#7586);
#6752=PLANE('',#7587);
#6753=PLANE('',#7588);
#6754=PLANE('',#7589);
#6755=PLANE('',#7590);
#6756=PLANE('',#7591);
#6757=PLANE('',#7592);
#6758=PLANE('',#7594);
#6759=PLANE('',#7595);
#6760=PLANE('',#7596);
#6761=PLANE('',#7598);
#6762=PLANE('',#7599);
#6763=PLANE('',#7600);
#6764=PLANE('',#7601);
#6765=PLANE('',#7602);
#6766=PLANE('',#7603);
#6767=PLANE('',#7604);
#6768=PLANE('',#7605);
#6769=PLANE('',#7607);
#6770=PLANE('',#7608);
#6771=PLANE('',#7609);
#6772=PLANE('',#7611);
#6773=PLANE('',#7612);
#6774=PLANE('',#7613);
#6775=PLANE('',#7614);
#6776=PLANE('',#7615);
#6777=PLANE('',#7616);
#6778=PLANE('',#7617);
#6779=PLANE('',#7618);
#6780=PLANE('',#7619);
#6781=PLANE('',#7620);
#6782=PLANE('',#7621);
#6783=PLANE('',#7622);
#6784=PLANE('',#7623);
#6785=PLANE('',#7624);
#6786=PLANE('',#7625);
#6787=PLANE('',#7626);
#6788=PLANE('',#7627);
#6789=PLANE('',#7628);
#6790=PLANE('',#7629);
#6791=PLANE('',#7630);
#6792=PLANE('',#7631);
#6793=PLANE('',#7632);
#6794=PLANE('',#7633);
#6795=PLANE('',#7634);
#6796=PLANE('',#7635);
#6797=PLANE('',#7636);
#6798=PLANE('',#7637);
#6799=PLANE('',#7638);
#6800=PLANE('',#7639);
#6801=PLANE('',#7640);
#6802=PLANE('',#7641);
#6803=PLANE('',#7642);
#6804=PLANE('',#7643);
#6805=PLANE('',#7644);
#6806=PLANE('',#7645);
#6807=PLANE('',#7646);
#6808=PLANE('',#7647);
#6809=PLANE('',#7648);
#6810=PLANE('',#7649);
#6811=PLANE('',#7650);
#6812=PLANE('',#7663);
#6813=PLANE('',#7664);
#6814=PLANE('',#7673);
#6815=PLANE('',#7674);
#6816=PLANE('',#7675);
#6817=PLANE('',#7676);
#6818=PLANE('',#7677);
#6819=PLANE('',#7678);
#6820=PLANE('',#7679);
#6821=PLANE('',#7680);
#6822=PLANE('',#7681);
#6823=PLANE('',#7682);
#6824=PLANE('',#7683);
#6825=PLANE('',#7684);
#6826=PLANE('',#7685);
#6827=PLANE('',#7686);
#6828=PLANE('',#7687);
#6829=PLANE('',#7688);
#6830=PLANE('',#7689);
#6831=PLANE('',#7690);
#6832=PLANE('',#7691);
#6833=PLANE('',#7692);
#6834=PLANE('',#7693);
#6835=PLANE('',#7694);
#6836=PLANE('',#7695);
#6837=PLANE('',#7696);
#6838=PLANE('',#7697);
#6839=PLANE('',#7698);
#6840=PLANE('',#7699);
#6841=ADVANCED_FACE('',(#6026),#6492,.T.);
#6842=ADVANCED_FACE('',(#6027),#6493,.F.);
#6843=ADVANCED_FACE('',(#6028,#6029,#6030),#6494,.F.);
#6844=ADVANCED_FACE('',(#6031),#6495,.T.);
#6845=ADVANCED_FACE('',(#6032),#6496,.F.);
#6846=ADVANCED_FACE('',(#6033),#6497,.F.);
#6847=ADVANCED_FACE('',(#6034),#6498,.F.);
#6848=ADVANCED_FACE('',(#6035),#6499,.F.);
#6849=ADVANCED_FACE('',(#6036),#6500,.F.);
#6850=ADVANCED_FACE('',(#6037),#6501,.F.);
#6851=ADVANCED_FACE('',(#6038),#6502,.F.);
#6852=ADVANCED_FACE('',(#6039),#6503,.F.);
#6853=ADVANCED_FACE('',(#6040),#6504,.F.);
#6854=ADVANCED_FACE('',(#6041),#6505,.F.);
#6855=ADVANCED_FACE('',(#6042),#6506,.F.);
#6856=ADVANCED_FACE('',(#6043),#6507,.F.);
#6857=ADVANCED_FACE('',(#6044),#6508,.F.);
#6858=ADVANCED_FACE('',(#6045),#6509,.F.);
#6859=ADVANCED_FACE('',(#6046),#6510,.F.);
#6860=ADVANCED_FACE('',(#6047),#6511,.F.);
#6861=ADVANCED_FACE('',(#6048),#6512,.F.);
#6862=ADVANCED_FACE('',(#6049),#6513,.F.);
#6863=ADVANCED_FACE('',(#6050),#6514,.F.);
#6864=ADVANCED_FACE('',(#6051),#6515,.F.);
#6865=ADVANCED_FACE('',(#6052),#6516,.F.);
#6866=ADVANCED_FACE('',(#6053),#6517,.F.);
#6867=ADVANCED_FACE('',(#6054),#6518,.F.);
#6868=ADVANCED_FACE('',(#6055),#6519,.F.);
#6869=ADVANCED_FACE('',(#6056),#6520,.F.);
#6870=ADVANCED_FACE('',(#6057),#6521,.F.);
#6871=ADVANCED_FACE('',(#6058),#6522,.F.);
#6872=ADVANCED_FACE('',(#6059),#6523,.F.);
#6873=ADVANCED_FACE('',(#6060),#6524,.F.);
#6874=ADVANCED_FACE('',(#6061),#6525,.F.);
#6875=ADVANCED_FACE('',(#6062),#6526,.F.);
#6876=ADVANCED_FACE('',(#6063),#6527,.F.);
#6877=ADVANCED_FACE('',(#6064),#6528,.F.);
#6878=ADVANCED_FACE('',(#6065),#6529,.F.);
#6879=ADVANCED_FACE('',(#6066),#6530,.F.);
#6880=ADVANCED_FACE('',(#6067),#6531,.F.);
#6881=ADVANCED_FACE('',(#6068),#6532,.F.);
#6882=ADVANCED_FACE('',(#6069),#6533,.F.);
#6883=ADVANCED_FACE('',(#6070),#6534,.T.);
#6884=ADVANCED_FACE('',(#6071),#6535,.F.);
#6885=ADVANCED_FACE('',(#6072),#6536,.F.);
#6886=ADVANCED_FACE('',(#6073),#6537,.F.);
#6887=ADVANCED_FACE('',(#6074,#6075,#6076,#6077,#6078,#6079,#6080,#6081,
#6082,#6083,#6084,#6085,#6086),#6538,.T.);
#6888=ADVANCED_FACE('',(#6087),#6539,.T.);
#6889=ADVANCED_FACE('',(#6088),#6540,.F.);
#6890=ADVANCED_FACE('',(#6089),#6541,.F.);
#6891=ADVANCED_FACE('',(#6090),#6542,.F.);
#6892=ADVANCED_FACE('',(#6091),#6543,.F.);
#6893=ADVANCED_FACE('',(#6092),#6544,.F.);
#6894=ADVANCED_FACE('',(#6093),#6545,.T.);
#6895=ADVANCED_FACE('',(#6094),#6546,.F.);
#6896=ADVANCED_FACE('',(#6095),#6547,.F.);
#6897=ADVANCED_FACE('',(#6096),#6548,.T.);
#6898=ADVANCED_FACE('',(#6097),#6549,.T.);
#6899=ADVANCED_FACE('',(#6098),#6550,.F.);
#6900=ADVANCED_FACE('',(#6099),#6551,.T.);
#6901=ADVANCED_FACE('',(#6100,#6101,#6102,#6103,#6104,#6105,#6106,#6107,
#6108,#6109,#6110,#6111,#6112,#6113,#6114,#6115,#6116,#6117,#6118,#6119,
#6120,#6121),#6552,.T.);
#6902=ADVANCED_FACE('',(#6122,#6123),#56,.F.);
#6903=ADVANCED_FACE('',(#6124,#6125),#57,.F.);
#6904=ADVANCED_FACE('',(#6126,#6127),#58,.F.);
#6905=ADVANCED_FACE('',(#6128,#6129),#59,.F.);
#6906=ADVANCED_FACE('',(#6130),#6553,.T.);
#6907=ADVANCED_FACE('',(#6131),#6554,.T.);
#6908=ADVANCED_FACE('',(#6132),#6555,.F.);
#6909=ADVANCED_FACE('',(#6133),#6556,.F.);
#6910=ADVANCED_FACE('',(#6134,#6135,#6136),#6557,.F.);
#6911=ADVANCED_FACE('',(#6137),#6558,.T.);
#6912=ADVANCED_FACE('',(#6138),#6559,.F.);
#6913=ADVANCED_FACE('',(#6139),#6560,.F.);
#6914=ADVANCED_FACE('',(#6140),#6561,.T.);
#6915=ADVANCED_FACE('',(#6141),#6562,.F.);
#6916=ADVANCED_FACE('',(#6142),#6563,.F.);
#6917=ADVANCED_FACE('',(#6143),#6564,.T.);
#6918=ADVANCED_FACE('',(#6144),#6565,.F.);
#6919=ADVANCED_FACE('',(#6145),#60,.T.);
#6920=ADVANCED_FACE('',(#6146),#6566,.T.);
#6921=ADVANCED_FACE('',(#6147),#6567,.F.);
#6922=ADVANCED_FACE('',(#6148),#6568,.T.);
#6923=ADVANCED_FACE('',(#6149),#61,.T.);
#6924=ADVANCED_FACE('',(#6150),#6569,.F.);
#6925=ADVANCED_FACE('',(#6151),#6570,.T.);
#6926=ADVANCED_FACE('',(#6152),#62,.T.);
#6927=ADVANCED_FACE('',(#6153),#6571,.F.);
#6928=ADVANCED_FACE('',(#6154),#6572,.T.);
#6929=ADVANCED_FACE('',(#6155),#63,.T.);
#6930=ADVANCED_FACE('',(#6156,#6157),#64,.F.);
#6931=ADVANCED_FACE('',(#6158,#6159),#6573,.T.);
#6932=ADVANCED_FACE('',(#6160,#6161),#65,.F.);
#6933=ADVANCED_FACE('',(#6162,#6163),#6574,.T.);
#6934=ADVANCED_FACE('',(#6164,#6165),#66,.F.);
#6935=ADVANCED_FACE('',(#6166,#6167),#6575,.T.);
#6936=ADVANCED_FACE('',(#6168,#6169),#67,.F.);
#6937=ADVANCED_FACE('',(#6170,#6171),#6576,.T.);
#6938=ADVANCED_FACE('',(#6172,#6173),#28,.F.);
#6939=ADVANCED_FACE('',(#6174,#6175),#29,.F.);
#6940=ADVANCED_FACE('',(#6176,#6177),#30,.F.);
#6941=ADVANCED_FACE('',(#6178,#6179),#31,.F.);
#6942=ADVANCED_FACE('',(#6180),#6577,.T.);
#6943=ADVANCED_FACE('',(#6181),#6578,.F.);
#6944=ADVANCED_FACE('',(#6182),#6579,.T.);
#6945=ADVANCED_FACE('',(#6183),#6580,.F.);
#6946=ADVANCED_FACE('',(#6184),#6581,.T.);
#6947=ADVANCED_FACE('',(#6185),#6582,.F.);
#6948=ADVANCED_FACE('',(#6186),#6583,.T.);
#6949=ADVANCED_FACE('',(#6187),#6584,.F.);
#6950=ADVANCED_FACE('',(#6188),#6585,.F.);
#6951=ADVANCED_FACE('',(#6189),#6586,.T.);
#6952=ADVANCED_FACE('',(#6190),#6587,.T.);
#6953=ADVANCED_FACE('',(#6191),#6588,.F.);
#6954=ADVANCED_FACE('',(#6192),#6589,.F.);
#6955=ADVANCED_FACE('',(#6193),#6590,.F.);
#6956=ADVANCED_FACE('',(#6194),#6591,.F.);
#6957=ADVANCED_FACE('',(#6195),#6592,.F.);
#6958=ADVANCED_FACE('',(#6196),#6593,.F.);
#6959=ADVANCED_FACE('',(#6197),#6594,.F.);
#6960=ADVANCED_FACE('',(#6198),#6595,.F.);
#6961=ADVANCED_FACE('',(#6199),#6596,.F.);
#6962=ADVANCED_FACE('',(#6200),#6597,.F.);
#6963=ADVANCED_FACE('',(#6201),#6598,.F.);
#6964=ADVANCED_FACE('',(#6202),#6599,.F.);
#6965=ADVANCED_FACE('',(#6203),#6600,.F.);
#6966=ADVANCED_FACE('',(#6204),#6601,.F.);
#6967=ADVANCED_FACE('',(#6205),#6602,.F.);
#6968=ADVANCED_FACE('',(#6206),#6603,.F.);
#6969=ADVANCED_FACE('',(#6207),#6604,.F.);
#6970=ADVANCED_FACE('',(#6208),#6605,.F.);
#6971=ADVANCED_FACE('',(#6209),#6606,.F.);
#6972=ADVANCED_FACE('',(#6210),#6607,.F.);
#6973=ADVANCED_FACE('',(#6211),#6608,.F.);
#6974=ADVANCED_FACE('',(#6212),#6609,.F.);
#6975=ADVANCED_FACE('',(#6213),#6610,.F.);
#6976=ADVANCED_FACE('',(#6214),#6611,.F.);
#6977=ADVANCED_FACE('',(#6215),#6612,.F.);
#6978=ADVANCED_FACE('',(#6216),#6613,.F.);
#6979=ADVANCED_FACE('',(#6217),#6614,.F.);
#6980=ADVANCED_FACE('',(#6218),#6615,.F.);
#6981=ADVANCED_FACE('',(#6219),#6616,.F.);
#6982=ADVANCED_FACE('',(#6220),#6617,.F.);
#6983=ADVANCED_FACE('',(#6221),#6618,.F.);
#6984=ADVANCED_FACE('',(#6222),#6619,.F.);
#6985=ADVANCED_FACE('',(#6223),#6620,.F.);
#6986=ADVANCED_FACE('',(#6224),#6621,.F.);
#6987=ADVANCED_FACE('',(#6225),#6622,.F.);
#6988=ADVANCED_FACE('',(#6226),#6623,.F.);
#6989=ADVANCED_FACE('',(#6227),#6624,.F.);
#6990=ADVANCED_FACE('',(#6228),#6625,.F.);
#6991=ADVANCED_FACE('',(#6229),#6626,.F.);
#6992=ADVANCED_FACE('',(#6230),#6627,.F.);
#6993=ADVANCED_FACE('',(#6231),#6628,.F.);
#6994=ADVANCED_FACE('',(#6232),#6629,.F.);
#6995=ADVANCED_FACE('',(#6233),#6630,.F.);
#6996=ADVANCED_FACE('',(#6234),#6631,.F.);
#6997=ADVANCED_FACE('',(#6235),#6632,.F.);
#6998=ADVANCED_FACE('',(#6236),#6633,.F.);
#6999=ADVANCED_FACE('',(#6237),#6634,.F.);
#7000=ADVANCED_FACE('',(#6238),#6635,.F.);
#7001=ADVANCED_FACE('',(#6239),#6636,.F.);
#7002=ADVANCED_FACE('',(#6240),#6637,.F.);
#7003=ADVANCED_FACE('',(#6241),#6638,.F.);
#7004=ADVANCED_FACE('',(#6242),#6639,.F.);
#7005=ADVANCED_FACE('',(#6243),#6640,.F.);
#7006=ADVANCED_FACE('',(#6244),#6641,.F.);
#7007=ADVANCED_FACE('',(#6245),#6642,.F.);
#7008=ADVANCED_FACE('',(#6246),#6643,.F.);
#7009=ADVANCED_FACE('',(#6247),#6644,.F.);
#7010=ADVANCED_FACE('',(#6248),#6645,.F.);
#7011=ADVANCED_FACE('',(#6249),#6646,.F.);
#7012=ADVANCED_FACE('',(#6250),#6647,.F.);
#7013=ADVANCED_FACE('',(#6251),#6648,.F.);
#7014=ADVANCED_FACE('',(#6252),#6649,.F.);
#7015=ADVANCED_FACE('',(#6253),#6650,.F.);
#7016=ADVANCED_FACE('',(#6254),#6651,.F.);
#7017=ADVANCED_FACE('',(#6255),#6652,.F.);
#7018=ADVANCED_FACE('',(#6256),#6653,.F.);
#7019=ADVANCED_FACE('',(#6257),#6654,.F.);
#7020=ADVANCED_FACE('',(#6258),#6655,.T.);
#7021=ADVANCED_FACE('',(#6259),#6656,.T.);
#7022=ADVANCED_FACE('',(#6260),#6657,.T.);
#7023=ADVANCED_FACE('',(#6261),#6658,.F.);
#7024=ADVANCED_FACE('',(#6262),#6659,.T.);
#7025=ADVANCED_FACE('',(#6263),#6660,.F.);
#7026=ADVANCED_FACE('',(#6264),#6661,.F.);
#7027=ADVANCED_FACE('',(#6265),#6662,.T.);
#7028=ADVANCED_FACE('',(#6266),#6663,.T.);
#7029=ADVANCED_FACE('',(#6267),#6664,.T.);
#7030=ADVANCED_FACE('',(#6268),#6665,.F.);
#7031=ADVANCED_FACE('',(#6269),#6666,.T.);
#7032=ADVANCED_FACE('',(#6270),#6667,.T.);
#7033=ADVANCED_FACE('',(#6271),#6668,.T.);
#7034=ADVANCED_FACE('',(#6272),#6669,.F.);
#7035=ADVANCED_FACE('',(#6273),#6670,.F.);
#7036=ADVANCED_FACE('',(#6274),#6671,.F.);
#7037=ADVANCED_FACE('',(#6275),#6672,.T.);
#7038=ADVANCED_FACE('',(#6276),#6673,.T.);
#7039=ADVANCED_FACE('',(#6277),#6674,.T.);
#7040=ADVANCED_FACE('',(#6278),#6675,.F.);
#7041=ADVANCED_FACE('',(#6279),#6676,.T.);
#7042=ADVANCED_FACE('',(#6280),#6677,.F.);
#7043=ADVANCED_FACE('',(#6281),#6678,.T.);
#7044=ADVANCED_FACE('',(#6282),#6679,.T.);
#7045=ADVANCED_FACE('',(#6283),#6680,.T.);
#7046=ADVANCED_FACE('',(#6284),#32,.T.);
#7047=ADVANCED_FACE('',(#6285),#6681,.T.);
#7048=ADVANCED_FACE('',(#6286),#6682,.F.);
#7049=ADVANCED_FACE('',(#6287),#6683,.F.);
#7050=ADVANCED_FACE('',(#6288),#6684,.F.);
#7051=ADVANCED_FACE('',(#6289),#33,.T.);
#7052=ADVANCED_FACE('',(#6290),#6685,.T.);
#7053=ADVANCED_FACE('',(#6291),#6686,.T.);
#7054=ADVANCED_FACE('',(#6292),#6687,.T.);
#7055=ADVANCED_FACE('',(#6293),#34,.T.);
#7056=ADVANCED_FACE('',(#6294),#6688,.T.);
#7057=ADVANCED_FACE('',(#6295),#6689,.T.);
#7058=ADVANCED_FACE('',(#6296),#6690,.F.);
#7059=ADVANCED_FACE('',(#6297),#6691,.T.);
#7060=ADVANCED_FACE('',(#6298),#6692,.F.);
#7061=ADVANCED_FACE('',(#6299),#6693,.T.);
#7062=ADVANCED_FACE('',(#6300),#6694,.F.);
#7063=ADVANCED_FACE('',(#6301),#6695,.F.);
#7064=ADVANCED_FACE('',(#6302),#6696,.F.);
#7065=ADVANCED_FACE('',(#6303),#6697,.T.);
#7066=ADVANCED_FACE('',(#6304),#6698,.T.);
#7067=ADVANCED_FACE('',(#6305),#35,.T.);
#7068=ADVANCED_FACE('',(#6306),#6699,.F.);
#7069=ADVANCED_FACE('',(#6307),#6700,.F.);
#7070=ADVANCED_FACE('',(#6308),#6701,.T.);
#7071=ADVANCED_FACE('',(#6309),#6702,.T.);
#7072=ADVANCED_FACE('',(#6310),#6703,.T.);
#7073=ADVANCED_FACE('',(#6311),#6704,.T.);
#7074=ADVANCED_FACE('',(#6312),#6705,.T.);
#7075=ADVANCED_FACE('',(#6313),#6706,.T.);
#7076=ADVANCED_FACE('',(#6314),#6707,.T.);
#7077=ADVANCED_FACE('',(#6315),#6708,.T.);
#7078=ADVANCED_FACE('',(#6316),#6709,.T.);
#7079=ADVANCED_FACE('',(#6317),#6710,.F.);
#7080=ADVANCED_FACE('',(#6318),#6711,.F.);
#7081=ADVANCED_FACE('',(#6319),#6712,.F.);
#7082=ADVANCED_FACE('',(#6320),#6713,.F.);
#7083=ADVANCED_FACE('',(#6321),#6714,.F.);
#7084=ADVANCED_FACE('',(#6322),#6715,.T.);
#7085=ADVANCED_FACE('',(#6323),#6716,.T.);
#7086=ADVANCED_FACE('',(#6324),#6717,.T.);
#7087=ADVANCED_FACE('',(#6325),#6718,.T.);
#7088=ADVANCED_FACE('',(#6326),#6719,.F.);
#7089=ADVANCED_FACE('',(#6327),#6720,.F.);
#7090=ADVANCED_FACE('',(#6328),#6721,.T.);
#7091=ADVANCED_FACE('',(#6329),#6722,.T.);
#7092=ADVANCED_FACE('',(#6330),#6723,.T.);
#7093=ADVANCED_FACE('',(#6331),#6724,.T.);
#7094=ADVANCED_FACE('',(#6332),#6725,.T.);
#7095=ADVANCED_FACE('',(#6333),#6726,.F.);
#7096=ADVANCED_FACE('',(#6334),#6727,.T.);
#7097=ADVANCED_FACE('',(#6335),#6728,.F.);
#7098=ADVANCED_FACE('',(#6336),#6729,.T.);
#7099=ADVANCED_FACE('',(#6337),#6730,.T.);
#7100=ADVANCED_FACE('',(#6338),#6731,.T.);
#7101=ADVANCED_FACE('',(#6339),#6732,.F.);
#7102=ADVANCED_FACE('',(#6340),#6733,.T.);
#7103=ADVANCED_FACE('',(#6341),#6734,.T.);
#7104=ADVANCED_FACE('',(#6342),#6735,.T.);
#7105=ADVANCED_FACE('',(#6343),#6736,.T.);
#7106=ADVANCED_FACE('',(#6344),#6737,.T.);
#7107=ADVANCED_FACE('',(#6345),#6738,.T.);
#7108=ADVANCED_FACE('',(#6346,#6347),#36,.F.);
#7109=ADVANCED_FACE('',(#6348,#6349),#37,.F.);
#7110=ADVANCED_FACE('',(#6350,#6351),#38,.F.);
#7111=ADVANCED_FACE('',(#6352,#6353),#39,.F.);
#7112=ADVANCED_FACE('',(#6354,#6355),#40,.F.);
#7113=ADVANCED_FACE('',(#6356,#6357),#41,.F.);
#7114=ADVANCED_FACE('',(#6358,#6359),#42,.F.);
#7115=ADVANCED_FACE('',(#6360,#6361),#43,.F.);
#7116=ADVANCED_FACE('',(#6362),#6739,.F.);
#7117=ADVANCED_FACE('',(#6363),#6740,.F.);
#7118=ADVANCED_FACE('',(#6364),#6741,.T.);
#7119=ADVANCED_FACE('',(#6365),#6742,.F.);
#7120=ADVANCED_FACE('',(#6366),#6743,.F.);
#7121=ADVANCED_FACE('',(#6367),#6744,.T.);
#7122=ADVANCED_FACE('',(#6368),#6745,.F.);
#7123=ADVANCED_FACE('',(#6369),#6746,.F.);
#7124=ADVANCED_FACE('',(#6370),#6747,.T.);
#7125=ADVANCED_FACE('',(#6371),#6748,.F.);
#7126=ADVANCED_FACE('',(#6372),#6749,.F.);
#7127=ADVANCED_FACE('',(#6373),#6750,.T.);
#7128=ADVANCED_FACE('',(#6374),#6751,.T.);
#7129=ADVANCED_FACE('',(#6375),#6752,.F.);
#7130=ADVANCED_FACE('',(#6376),#6753,.F.);
#7131=ADVANCED_FACE('',(#6377),#6754,.F.);
#7132=ADVANCED_FACE('',(#6378),#6755,.F.);
#7133=ADVANCED_FACE('',(#6379),#6756,.F.);
#7134=ADVANCED_FACE('',(#6380),#6757,.F.);
#7135=ADVANCED_FACE('',(#6381),#44,.T.);
#7136=ADVANCED_FACE('',(#6382),#6758,.T.);
#7137=ADVANCED_FACE('',(#6383),#6759,.F.);
#7138=ADVANCED_FACE('',(#6384),#6760,.F.);
#7139=ADVANCED_FACE('',(#6385),#45,.T.);
#7140=ADVANCED_FACE('',(#6386),#6761,.T.);
#7141=ADVANCED_FACE('',(#6387),#6762,.F.);
#7142=ADVANCED_FACE('',(#6388),#6763,.T.);
#7143=ADVANCED_FACE('',(#6389),#6764,.T.);
#7144=ADVANCED_FACE('',(#6390),#6765,.T.);
#7145=ADVANCED_FACE('',(#6391),#6766,.F.);
#7146=ADVANCED_FACE('',(#6392),#6767,.T.);
#7147=ADVANCED_FACE('',(#6393),#6768,.T.);
#7148=ADVANCED_FACE('',(#6394),#46,.T.);
#7149=ADVANCED_FACE('',(#6395),#6769,.F.);
#7150=ADVANCED_FACE('',(#6396),#6770,.T.);
#7151=ADVANCED_FACE('',(#6397),#6771,.T.);
#7152=ADVANCED_FACE('',(#6398),#47,.T.);
#7153=ADVANCED_FACE('',(#6399),#6772,.F.);
#7154=ADVANCED_FACE('',(#6400),#6773,.T.);
#7155=ADVANCED_FACE('',(#6401),#6774,.T.);
#7156=ADVANCED_FACE('',(#6402),#6775,.T.);
#7157=ADVANCED_FACE('',(#6403),#6776,.F.);
#7158=ADVANCED_FACE('',(#6404),#6777,.T.);
#7159=ADVANCED_FACE('',(#6405),#6778,.T.);
#7160=ADVANCED_FACE('',(#6406),#6779,.T.);
#7161=ADVANCED_FACE('',(#6407),#6780,.T.);
#7162=ADVANCED_FACE('',(#6408),#6781,.T.);
#7163=ADVANCED_FACE('',(#6409),#6782,.T.);
#7164=ADVANCED_FACE('',(#6410),#6783,.T.);
#7165=ADVANCED_FACE('',(#6411),#6784,.T.);
#7166=ADVANCED_FACE('',(#6412),#6785,.T.);
#7167=ADVANCED_FACE('',(#6413),#6786,.T.);
#7168=ADVANCED_FACE('',(#6414),#6787,.T.);
#7169=ADVANCED_FACE('',(#6415),#6788,.T.);
#7170=ADVANCED_FACE('',(#6416),#6789,.T.);
#7171=ADVANCED_FACE('',(#6417),#6790,.T.);
#7172=ADVANCED_FACE('',(#6418),#6791,.T.);
#7173=ADVANCED_FACE('',(#6419),#6792,.T.);
#7174=ADVANCED_FACE('',(#6420),#6793,.T.);
#7175=ADVANCED_FACE('',(#6421),#6794,.T.);
#7176=ADVANCED_FACE('',(#6422),#6795,.T.);
#7177=ADVANCED_FACE('',(#6423),#6796,.T.);
#7178=ADVANCED_FACE('',(#6424),#6797,.T.);
#7179=ADVANCED_FACE('',(#6425),#6798,.T.);
#7180=ADVANCED_FACE('',(#6426),#6799,.T.);
#7181=ADVANCED_FACE('',(#6427),#6800,.T.);
#7182=ADVANCED_FACE('',(#6428),#6801,.T.);
#7183=ADVANCED_FACE('',(#6429),#6802,.T.);
#7184=ADVANCED_FACE('',(#6430),#6803,.T.);
#7185=ADVANCED_FACE('',(#6431),#6804,.T.);
#7186=ADVANCED_FACE('',(#6432),#6805,.T.);
#7187=ADVANCED_FACE('',(#6433),#6806,.T.);
#7188=ADVANCED_FACE('',(#6434),#6807,.T.);
#7189=ADVANCED_FACE('',(#6435),#6808,.T.);
#7190=ADVANCED_FACE('',(#6436),#6809,.T.);
#7191=ADVANCED_FACE('',(#6437),#6810,.T.);
#7192=ADVANCED_FACE('',(#6438),#6811,.T.);
#7193=ADVANCED_FACE('',(#6439,#6440),#68,.F.);
#7194=ADVANCED_FACE('',(#6441,#6442),#69,.F.);
#7195=ADVANCED_FACE('',(#6443,#6444),#70,.F.);
#7196=ADVANCED_FACE('',(#6445,#6446),#71,.F.);
#7197=ADVANCED_FACE('',(#6447),#6812,.T.);
#7198=ADVANCED_FACE('',(#6448),#6813,.T.);
#7199=ADVANCED_FACE('',(#6449,#6450),#48,.F.);
#7200=ADVANCED_FACE('',(#6451,#6452),#49,.F.);
#7201=ADVANCED_FACE('',(#6453,#6454),#50,.F.);
#7202=ADVANCED_FACE('',(#6455,#6456),#51,.F.);
#7203=ADVANCED_FACE('',(#6457,#6458),#52,.F.);
#7204=ADVANCED_FACE('',(#6459,#6460),#53,.F.);
#7205=ADVANCED_FACE('',(#6461,#6462),#54,.F.);
#7206=ADVANCED_FACE('',(#6463,#6464),#55,.F.);
#7207=ADVANCED_FACE('',(#6465),#6814,.F.);
#7208=ADVANCED_FACE('',(#6466),#6815,.F.);
#7209=ADVANCED_FACE('',(#6467),#6816,.F.);
#7210=ADVANCED_FACE('',(#6468),#6817,.F.);
#7211=ADVANCED_FACE('',(#6469),#6818,.F.);
#7212=ADVANCED_FACE('',(#6470),#6819,.F.);
#7213=ADVANCED_FACE('',(#6471),#6820,.F.);
#7214=ADVANCED_FACE('',(#6472),#6821,.F.);
#7215=ADVANCED_FACE('',(#6473),#6822,.T.);
#7216=ADVANCED_FACE('',(#6474),#6823,.F.);
#7217=ADVANCED_FACE('',(#6475),#6824,.F.);
#7218=ADVANCED_FACE('',(#6476),#6825,.T.);
#7219=ADVANCED_FACE('',(#6477),#6826,.F.);
#7220=ADVANCED_FACE('',(#6478),#6827,.F.);
#7221=ADVANCED_FACE('',(#6479),#6828,.T.);
#7222=ADVANCED_FACE('',(#6480),#6829,.F.);
#7223=ADVANCED_FACE('',(#6481),#6830,.F.);
#7224=ADVANCED_FACE('',(#6482),#6831,.F.);
#7225=ADVANCED_FACE('',(#6483),#6832,.F.);
#7226=ADVANCED_FACE('',(#6484),#6833,.T.);
#7227=ADVANCED_FACE('',(#6485),#6834,.F.);
#7228=ADVANCED_FACE('',(#6486),#6835,.T.);
#7229=ADVANCED_FACE('',(#6487),#6836,.T.);
#7230=ADVANCED_FACE('',(#6488),#6837,.T.);
#7231=ADVANCED_FACE('',(#6489),#6838,.F.);
#7232=ADVANCED_FACE('',(#6490),#6839,.T.);
#7233=ADVANCED_FACE('',(#6491),#6840,.F.);
#7234=CLOSED_SHELL('',(#6841,#6842,#6843,#6844,#6845,#6846,#6847,#6848,
#6849,#6850,#6851,#6852,#6853,#6854,#6855,#6856,#6857,#6858,#6859,#6860,
#6861,#6862,#6863,#6864,#6865,#6866,#6867,#6868,#6869,#6870,#6871,#6872,
#6873,#6874,#6875,#6876,#6877,#6878,#6879,#6880,#6881,#6882,#6883,#6884,
#6885,#6886,#6887,#6888,#6889,#6890,#6891,#6892,#6893,#6894,#6895,#6896,
#6897,#6898,#6899,#6900,#6901,#6902,#6903,#6904,#6905,#6906,#6907,#6908,
#6909,#6910,#6911,#6912,#6913,#6914,#6915,#6916,#6917,#6918,#6919,#6920,
#6921,#6922,#6923,#6924,#6925,#6926,#6927,#6928,#6929,#6930,#6931,#6932,
#6933,#6934,#6935,#6936,#6937,#6938,#6939,#6940,#6941,#6942,#6943,#6944,
#6945,#6946,#6947,#6948,#6949,#6950,#6951,#6952,#6953,#6954,#6955,#6956,
#6957,#6958,#6959,#6960,#6961,#6962,#6963,#6964,#6965,#6966,#6967,#6968,
#6969,#6970,#6971,#6972,#6973,#6974,#6975,#6976,#6977,#6978,#6979,#6980,
#6981,#6982,#6983,#6984,#6985,#6986,#6987,#6988,#6989,#6990,#6991,#6992,
#6993,#6994,#6995,#6996,#6997,#6998,#6999,#7000,#7001,#7002,#7003,#7004,
#7005,#7006,#7007,#7008,#7009,#7010,#7011,#7012,#7013,#7014,#7015,#7016,
#7017,#7018,#7019,#7020,#7021,#7022,#7023,#7024,#7025,#7026,#7027,#7028,
#7029,#7030,#7031,#7032,#7033,#7034,#7035,#7036,#7037,#7038,#7039,#7040,
#7041,#7042,#7043,#7044,#7045,#7046,#7047,#7048,#7049,#7050,#7051,#7052,
#7053,#7054,#7055,#7056,#7057,#7058,#7059,#7060,#7061,#7062,#7063,#7064,
#7065,#7066,#7067,#7068,#7069,#7070,#7071,#7072,#7073,#7074,#7075,#7076,
#7077,#7078,#7079,#7080,#7081,#7082,#7083,#7084,#7085,#7086,#7087,#7088,
#7089,#7090,#7091,#7092,#7093,#7094,#7095,#7096,#7097,#7098,#7099,#7100,
#7101,#7102,#7103,#7104,#7105,#7106,#7107,#7108,#7109,#7110,#7111,#7112,
#7113,#7114,#7115,#7116,#7117,#7118,#7119,#7120,#7121,#7122,#7123,#7124,
#7125,#7126,#7127,#7128,#7129,#7130,#7131,#7132,#7133,#7134,#7135,#7136,
#7137,#7138,#7139,#7140,#7141,#7142,#7143,#7144,#7145,#7146,#7147,#7148,
#7149,#7150,#7151,#7152,#7153,#7154,#7155,#7156,#7157,#7158,#7159,#7160,
#7161,#7162,#7163,#7164,#7165,#7166,#7167,#7168,#7169,#7170,#7171,#7172,
#7173,#7174,#7175,#7176,#7177,#7178,#7179,#7180,#7181,#7182,#7183,#7184,
#7185,#7186,#7187,#7188,#7189,#7190,#7191,#7192,#7193,#7194,#7195,#7196,
#7197,#7198,#7199,#7200,#7201,#7202,#7203,#7204,#7205,#7206,#7207,#7208,
#7209,#7210,#7211,#7212,#7213,#7214,#7215,#7216,#7217,#7218,#7219,#7220,
#7221,#7222,#7223,#7224,#7225,#7226,#7227,#7228,#7229,#7230,#7231,#7232,
#7233));
#7235=STYLED_ITEM('',(#7236),#7243);
#7236=PRESENTATION_STYLE_ASSIGNMENT((#7237));
#7237=SURFACE_STYLE_USAGE(.BOTH.,#7238);
#7238=SURFACE_SIDE_STYLE('',(#7239));
#7239=SURFACE_STYLE_FILL_AREA(#7240);
#7240=FILL_AREA_STYLE('',(#7241));
#7241=FILL_AREA_STYLE_COLOUR('',#7242);
#7242=COLOUR_RGB('',0.615686274509804,0.811764705882353,0.929411764705882);
#7243=MANIFOLD_SOLID_BREP('Cover_HDMI',#7234);
#7244=SHAPE_DEFINITION_REPRESENTATION(#11590,#7245);
#7245=SHAPE_REPRESENTATION('Cover_HDMI',(#7246),#11585);
#7246=AXIS2_PLACEMENT_3D('',#9522,#7700,#7701);
#7247=AXIS2_PLACEMENT_3D('',#9523,#7702,#7703);
#7248=AXIS2_PLACEMENT_3D('',#9564,#7724,#7725);
#7249=AXIS2_PLACEMENT_3D('',#9575,#7731,#7732);
#7250=AXIS2_PLACEMENT_3D('',#9576,#7733,#7734);
#7251=AXIS2_PLACEMENT_3D('',#9578,#7735,#7736);
#7252=AXIS2_PLACEMENT_3D('',#9599,#7746,#7747);
#7253=AXIS2_PLACEMENT_3D('',#9607,#7751,#7752);
#7254=AXIS2_PLACEMENT_3D('',#9614,#7756,#7757);
#7255=AXIS2_PLACEMENT_3D('',#9621,#7762,#7763);
#7256=AXIS2_PLACEMENT_3D('',#9632,#7769,#7770);
#7257=AXIS2_PLACEMENT_3D('',#9653,#7781,#7782);
#7258=AXIS2_PLACEMENT_3D('',#9661,#7787,#7788);
#7259=AXIS2_PLACEMENT_3D('',#9677,#7797,#7798);
#7260=AXIS2_PLACEMENT_3D('',#9698,#7809,#7810);
#7261=AXIS2_PLACEMENT_3D('',#9706,#7815,#7816);
#7262=AXIS2_PLACEMENT_3D('',#9722,#7825,#7826);
#7263=AXIS2_PLACEMENT_3D('',#9741,#7836,#7837);
#7264=AXIS2_PLACEMENT_3D('',#9760,#7847,#7848);
#7265=AXIS2_PLACEMENT_3D('',#9773,#7855,#7856);
#7266=AXIS2_PLACEMENT_3D('',#9787,#7864,#7865);
#7267=AXIS2_PLACEMENT_3D('',#9795,#7870,#7871);
#7268=AXIS2_PLACEMENT_3D('',#9800,#7875,#7876);
#7269=AXIS2_PLACEMENT_3D('',#9820,#7887,#7888);
#7270=AXIS2_PLACEMENT_3D('',#9832,#7895,#7896);
#7271=AXIS2_PLACEMENT_3D('',#9849,#7905,#7906);
#7272=AXIS2_PLACEMENT_3D('',#9857,#7911,#7912);
#7273=AXIS2_PLACEMENT_3D('',#9869,#7919,#7920);
#7274=AXIS2_PLACEMENT_3D('',#9886,#7929,#7930);
#7275=AXIS2_PLACEMENT_3D('',#9894,#7935,#7936);
#7276=AXIS2_PLACEMENT_3D('',#9906,#7943,#7944);
#7277=AXIS2_PLACEMENT_3D('',#9921,#7952,#7953);
#7278=AXIS2_PLACEMENT_3D('',#9931,#7959,#7960);
#7279=AXIS2_PLACEMENT_3D('',#9939,#7965,#7966);
#7280=AXIS2_PLACEMENT_3D('',#9944,#7970,#7971);
#7281=AXIS2_PLACEMENT_3D('',#9958,#7979,#7980);
#7282=AXIS2_PLACEMENT_3D('',#9972,#7988,#7989);
#7283=AXIS2_PLACEMENT_3D('',#9982,#7995,#7996);
#7284=AXIS2_PLACEMENT_3D('',#9992,#8002,#8003);
#7285=AXIS2_PLACEMENT_3D('',#10000,#8008,#8009);
#7286=AXIS2_PLACEMENT_3D('',#10010,#8015,#8016);
#7287=AXIS2_PLACEMENT_3D('',#10020,#8022,#8023);
#7288=AXIS2_PLACEMENT_3D('',#10030,#8029,#8030);
#7289=AXIS2_PLACEMENT_3D('',#10037,#8035,#8036);
#7290=AXIS2_PLACEMENT_3D('',#10040,#8039,#8040);
#7291=AXIS2_PLACEMENT_3D('',#10043,#8043,#8044);
#7292=AXIS2_PLACEMENT_3D('',#10046,#8047,#8048);
#7293=AXIS2_PLACEMENT_3D('',#10052,#8052,#8053);
#7294=AXIS2_PLACEMENT_3D('',#10061,#8059,#8060);
#7295=AXIS2_PLACEMENT_3D('',#10073,#8067,#8068);
#7296=AXIS2_PLACEMENT_3D('',#10084,#8074,#8075);
#7297=AXIS2_PLACEMENT_3D('',#10092,#8080,#8081);
#7298=AXIS2_PLACEMENT_3D('',#10104,#8087,#8088);
#7299=AXIS2_PLACEMENT_3D('',#10112,#8092,#8093);
#7300=AXIS2_PLACEMENT_3D('',#10136,#8105,#8106);
#7301=AXIS2_PLACEMENT_3D('',#10144,#8110,#8111);
#7302=AXIS2_PLACEMENT_3D('',#10216,#8150,#8151);
#7303=AXIS2_PLACEMENT_3D('',#10218,#8152,#8153);
#7304=AXIS2_PLACEMENT_3D('',#10220,#8154,#8155);
#7305=AXIS2_PLACEMENT_3D('',#10222,#8156,#8157);
#7306=AXIS2_PLACEMENT_3D('',#10272,#8184,#8185);
#7307=AXIS2_PLACEMENT_3D('',#10290,#8195,#8196);
#7308=AXIS2_PLACEMENT_3D('',#10299,#8202,#8203);
#7309=AXIS2_PLACEMENT_3D('',#10308,#8209,#8210);
#7310=AXIS2_PLACEMENT_3D('',#10317,#8216,#8217);
#7311=AXIS2_PLACEMENT_3D('',#10323,#8222,#8223);
#7312=AXIS2_PLACEMENT_3D('',#10330,#8228,#8229);
#7313=AXIS2_PLACEMENT_3D('',#10339,#8234,#8235);
#7314=AXIS2_PLACEMENT_3D('',#10342,#8238,#8239);
#7315=AXIS2_PLACEMENT_3D('',#10348,#8243,#8244);
#7316=AXIS2_PLACEMENT_3D('',#10357,#8249,#8250);
#7317=AXIS2_PLACEMENT_3D('',#10366,#8255,#8256);
#7318=AXIS2_PLACEMENT_3D('',#10375,#8261,#8262);
#7319=AXIS2_PLACEMENT_3D('',#10384,#8267,#8268);
#7320=AXIS2_PLACEMENT_3D('',#10385,#8269,#8270);
#7321=AXIS2_PLACEMENT_3D('',#10387,#8271,#8272);
#7322=AXIS2_PLACEMENT_3D('',#10389,#8273,#8274);
#7323=AXIS2_PLACEMENT_3D('',#10391,#8275,#8276);
#7324=AXIS2_PLACEMENT_3D('',#10393,#8277,#8278);
#7325=AXIS2_PLACEMENT_3D('',#10395,#8279,#8280);
#7326=AXIS2_PLACEMENT_3D('',#10397,#8281,#8282);
#7327=AXIS2_PLACEMENT_3D('',#10399,#8283,#8284);
#7328=AXIS2_PLACEMENT_3D('',#10491,#8334,#8335);
#7329=AXIS2_PLACEMENT_3D('',#10492,#8336,#8337);
#7330=AXIS2_PLACEMENT_3D('',#10494,#8338,#8339);
#7331=AXIS2_PLACEMENT_3D('',#10496,#8340,#8341);
#7332=AXIS2_PLACEMENT_3D('',#10497,#8342,#8343);
#7333=AXIS2_PLACEMENT_3D('',#10499,#8344,#8345);
#7334=AXIS2_PLACEMENT_3D('',#10501,#8346,#8347);
#7335=AXIS2_PLACEMENT_3D('',#10502,#8348,#8349);
#7336=AXIS2_PLACEMENT_3D('',#10504,#8350,#8351);
#7337=AXIS2_PLACEMENT_3D('',#10506,#8352,#8353);
#7338=AXIS2_PLACEMENT_3D('',#10507,#8354,#8355);
#7339=AXIS2_PLACEMENT_3D('',#10509,#8356,#8357);
#7340=AXIS2_PLACEMENT_3D('',#10511,#8358,#8359);
#7341=AXIS2_PLACEMENT_3D('',#10520,#8364,#8365);
#7342=AXIS2_PLACEMENT_3D('',#10529,#8370,#8371);
#7343=AXIS2_PLACEMENT_3D('',#10538,#8376,#8377);
#7344=AXIS2_PLACEMENT_3D('',#10547,#8382,#8383);
#7345=AXIS2_PLACEMENT_3D('',#10548,#8384,#8385);
#7346=AXIS2_PLACEMENT_3D('',#10550,#8386,#8387);
#7347=AXIS2_PLACEMENT_3D('',#10573,#8398,#8399);
#7348=AXIS2_PLACEMENT_3D('',#10581,#8403,#8404);
#7349=AXIS2_PLACEMENT_3D('',#10592,#8410,#8411);
#7350=AXIS2_PLACEMENT_3D('',#10601,#8416,#8417);
#7351=AXIS2_PLACEMENT_3D('',#10622,#8428,#8429);
#7352=AXIS2_PLACEMENT_3D('',#10631,#8434,#8435);
#7353=AXIS2_PLACEMENT_3D('',#10637,#8439,#8440);
#7354=AXIS2_PLACEMENT_3D('',#10643,#8444,#8445);
#7355=AXIS2_PLACEMENT_3D('',#10649,#8449,#8450);
#7356=AXIS2_PLACEMENT_3D('',#10655,#8454,#8455);
#7357=AXIS2_PLACEMENT_3D('',#10661,#8459,#8460);
#7358=AXIS2_PLACEMENT_3D('',#10665,#8462,#8463);
#7359=AXIS2_PLACEMENT_3D('',#10666,#8464,#8465);
#7360=AXIS2_PLACEMENT_3D('',#10667,#8466,#8467);
#7361=AXIS2_PLACEMENT_3D('',#10670,#8470,#8471);
#7362=AXIS2_PLACEMENT_3D('',#10676,#8475,#8476);
#7363=AXIS2_PLACEMENT_3D('',#10682,#8480,#8481);
#7364=AXIS2_PLACEMENT_3D('',#10683,#8482,#8483);
#7365=AXIS2_PLACEMENT_3D('',#10684,#8484,#8485);
#7366=AXIS2_PLACEMENT_3D('',#10685,#8486,#8487);
#7367=AXIS2_PLACEMENT_3D('',#10691,#8491,#8492);
#7368=AXIS2_PLACEMENT_3D('',#10697,#8496,#8497);
#7369=AXIS2_PLACEMENT_3D('',#10698,#8498,#8499);
#7370=AXIS2_PLACEMENT_3D('',#10699,#8500,#8501);
#7371=AXIS2_PLACEMENT_3D('',#10700,#8502,#8503);
#7372=AXIS2_PLACEMENT_3D('',#10706,#8507,#8508);
#7373=AXIS2_PLACEMENT_3D('',#10712,#8512,#8513);
#7374=AXIS2_PLACEMENT_3D('',#10713,#8514,#8515);
#7375=AXIS2_PLACEMENT_3D('',#10714,#8516,#8517);
#7376=AXIS2_PLACEMENT_3D('',#10715,#8518,#8519);
#7377=AXIS2_PLACEMENT_3D('',#10716,#8520,#8521);
#7378=AXIS2_PLACEMENT_3D('',#10718,#8522,#8523);
#7379=AXIS2_PLACEMENT_3D('',#10720,#8524,#8525);
#7380=AXIS2_PLACEMENT_3D('',#10721,#8526,#8527);
#7381=AXIS2_PLACEMENT_3D('',#10723,#8528,#8529);
#7382=AXIS2_PLACEMENT_3D('',#10724,#8530,#8531);
#7383=AXIS2_PLACEMENT_3D('',#10726,#8532,#8533);
#7384=AXIS2_PLACEMENT_3D('',#10728,#8534,#8535);
#7385=AXIS2_PLACEMENT_3D('',#10729,#8536,#8537);
#7386=AXIS2_PLACEMENT_3D('',#10731,#8538,#8539);
#7387=AXIS2_PLACEMENT_3D('',#10732,#8540,#8541);
#7388=AXIS2_PLACEMENT_3D('',#10734,#8542,#8543);
#7389=AXIS2_PLACEMENT_3D('',#10736,#8544,#8545);
#7390=AXIS2_PLACEMENT_3D('',#10737,#8546,#8547);
#7391=AXIS2_PLACEMENT_3D('',#10739,#8548,#8549);
#7392=AXIS2_PLACEMENT_3D('',#10740,#8550,#8551);
#7393=AXIS2_PLACEMENT_3D('',#10742,#8552,#8553);
#7394=AXIS2_PLACEMENT_3D('',#10744,#8554,#8555);
#7395=AXIS2_PLACEMENT_3D('',#10745,#8556,#8557);
#7396=AXIS2_PLACEMENT_3D('',#10747,#8558,#8559);
#7397=AXIS2_PLACEMENT_3D('',#10748,#8560,#8561);
#7398=AXIS2_PLACEMENT_3D('',#10749,#8562,#8563);
#7399=AXIS2_PLACEMENT_3D('',#10750,#8564,#8565);
#7400=AXIS2_PLACEMENT_3D('',#10751,#8566,#8567);
#7401=AXIS2_PLACEMENT_3D('',#10762,#8573,#8574);
#7402=AXIS2_PLACEMENT_3D('',#10773,#8580,#8581);
#7403=AXIS2_PLACEMENT_3D('',#10788,#8589,#8590);
#7404=AXIS2_PLACEMENT_3D('',#10803,#8598,#8599);
#7405=AXIS2_PLACEMENT_3D('',#10815,#8606,#8607);
#7406=AXIS2_PLACEMENT_3D('',#10827,#8614,#8615);
#7407=AXIS2_PLACEMENT_3D('',#10829,#8617,#8618);
#7408=AXIS2_PLACEMENT_3D('',#10833,#8621,#8622);
#7409=AXIS2_PLACEMENT_3D('',#10846,#8630,#8631);
#7410=AXIS2_PLACEMENT_3D('',#10858,#8641,#8642);
#7411=AXIS2_PLACEMENT_3D('',#10867,#8647,#8648);
#7412=AXIS2_PLACEMENT_3D('',#10876,#8653,#8654);
#7413=AXIS2_PLACEMENT_3D('',#10880,#8657,#8658);
#7414=AXIS2_PLACEMENT_3D('',#10889,#8663,#8664);
#7415=AXIS2_PLACEMENT_3D('',#10894,#8668,#8669);
#7416=AXIS2_PLACEMENT_3D('',#10900,#8673,#8674);
#7417=AXIS2_PLACEMENT_3D('',#10906,#8679,#8680);
#7418=AXIS2_PLACEMENT_3D('',#10915,#8685,#8686);
#7419=AXIS2_PLACEMENT_3D('',#10920,#8690,#8691);
#7420=AXIS2_PLACEMENT_3D('',#10926,#8695,#8696);
#7421=AXIS2_PLACEMENT_3D('',#10932,#8701,#8702);
#7422=AXIS2_PLACEMENT_3D('',#10941,#8707,#8708);
#7423=AXIS2_PLACEMENT_3D('',#10946,#8712,#8713);
#7424=AXIS2_PLACEMENT_3D('',#10952,#8717,#8718);
#7425=AXIS2_PLACEMENT_3D('',#10958,#8723,#8724);
#7426=AXIS2_PLACEMENT_3D('',#10967,#8729,#8730);
#7427=AXIS2_PLACEMENT_3D('',#10972,#8734,#8735);
#7428=AXIS2_PLACEMENT_3D('',#10978,#8739,#8740);
#7429=AXIS2_PLACEMENT_3D('',#10984,#8745,#8746);
#7430=AXIS2_PLACEMENT_3D('',#10987,#8749,#8750);
#7431=AXIS2_PLACEMENT_3D('',#10990,#8753,#8754);
#7432=AXIS2_PLACEMENT_3D('',#10993,#8757,#8758);
#7433=AXIS2_PLACEMENT_3D('',#10995,#8760,#8761);
#7434=AXIS2_PLACEMENT_3D('',#10998,#8764,#8765);
#7435=AXIS2_PLACEMENT_3D('',#11001,#8768,#8769);
#7436=AXIS2_PLACEMENT_3D('',#11007,#8773,#8774);
#7437=AXIS2_PLACEMENT_3D('',#11012,#8778,#8779);
#7438=AXIS2_PLACEMENT_3D('',#11021,#8784,#8785);
#7439=AXIS2_PLACEMENT_3D('',#11026,#8789,#8790);
#7440=AXIS2_PLACEMENT_3D('',#11032,#8794,#8795);
#7441=AXIS2_PLACEMENT_3D('',#11038,#8800,#8801);
#7442=AXIS2_PLACEMENT_3D('',#11041,#8804,#8805);
#7443=AXIS2_PLACEMENT_3D('',#11043,#8807,#8808);
#7444=AXIS2_PLACEMENT_3D('',#11051,#8813,#8814);
#7445=AXIS2_PLACEMENT_3D('',#11054,#8817,#8818);
#7446=AXIS2_PLACEMENT_3D('',#11058,#8822,#8823);
#7447=AXIS2_PLACEMENT_3D('',#11059,#8824,#8825);
#7448=AXIS2_PLACEMENT_3D('',#11060,#8826,#8827);
#7449=AXIS2_PLACEMENT_3D('',#11061,#8828,#8829);
#7450=AXIS2_PLACEMENT_3D('',#11062,#8830,#8831);
#7451=AXIS2_PLACEMENT_3D('',#11063,#8832,#8833);
#7452=AXIS2_PLACEMENT_3D('',#11064,#8834,#8835);
#7453=AXIS2_PLACEMENT_3D('',#11067,#8838,#8839);
#7454=AXIS2_PLACEMENT_3D('',#11069,#8841,#8842);
#7455=AXIS2_PLACEMENT_3D('',#11071,#8844,#8845);
#7456=AXIS2_PLACEMENT_3D('',#11073,#8847,#8848);
#7457=AXIS2_PLACEMENT_3D('',#11075,#8850,#8851);
#7458=AXIS2_PLACEMENT_3D('',#11076,#8852,#8853);
#7459=AXIS2_PLACEMENT_3D('',#11078,#8855,#8856);
#7460=AXIS2_PLACEMENT_3D('',#11080,#8858,#8859);
#7461=AXIS2_PLACEMENT_3D('',#11081,#8860,#8861);
#7462=AXIS2_PLACEMENT_3D('',#11083,#8863,#8864);
#7463=AXIS2_PLACEMENT_3D('',#11085,#8866,#8867);
#7464=AXIS2_PLACEMENT_3D('',#11086,#8868,#8869);
#7465=AXIS2_PLACEMENT_3D('',#11088,#8871,#8872);
#7466=AXIS2_PLACEMENT_3D('',#11090,#8874,#8875);
#7467=AXIS2_PLACEMENT_3D('',#11091,#8876,#8877);
#7468=AXIS2_PLACEMENT_3D('',#11092,#8878,#8879);
#7469=AXIS2_PLACEMENT_3D('',#11093,#8880,#8881);
#7470=AXIS2_PLACEMENT_3D('',#11095,#8883,#8884);
#7471=AXIS2_PLACEMENT_3D('',#11097,#8886,#8887);
#7472=AXIS2_PLACEMENT_3D('',#11098,#8888,#8889);
#7473=AXIS2_PLACEMENT_3D('',#11102,#8893,#8894);
#7474=AXIS2_PLACEMENT_3D('',#11103,#8895,#8896);
#7475=AXIS2_PLACEMENT_3D('',#11104,#8897,#8898);
#7476=AXIS2_PLACEMENT_3D('',#11105,#8899,#8900);
#7477=AXIS2_PLACEMENT_3D('',#11106,#8901,#8902);
#7478=AXIS2_PLACEMENT_3D('',#11107,#8903,#8904);
#7479=AXIS2_PLACEMENT_3D('',#11109,#8906,#8907);
#7480=AXIS2_PLACEMENT_3D('',#11111,#8909,#8910);
#7481=AXIS2_PLACEMENT_3D('',#11114,#8913,#8914);
#7482=AXIS2_PLACEMENT_3D('',#11118,#8918,#8919);
#7483=AXIS2_PLACEMENT_3D('',#11119,#8920,#8921);
#7484=AXIS2_PLACEMENT_3D('',#11123,#8924,#8925);
#7485=AXIS2_PLACEMENT_3D('',#11126,#8928,#8929);
#7486=AXIS2_PLACEMENT_3D('',#11131,#8933,#8934);
#7487=AXIS2_PLACEMENT_3D('',#11133,#8936,#8937);
#7488=AXIS2_PLACEMENT_3D('',#11135,#8939,#8940);
#7489=AXIS2_PLACEMENT_3D('',#11137,#8942,#8943);
#7490=AXIS2_PLACEMENT_3D('',#11139,#8945,#8946);
#7491=AXIS2_PLACEMENT_3D('',#11143,#8949,#8950);
#7492=AXIS2_PLACEMENT_3D('',#11146,#8953,#8954);
#7493=AXIS2_PLACEMENT_3D('',#11148,#8956,#8957);
#7494=AXIS2_PLACEMENT_3D('',#11152,#8960,#8961);
#7495=AXIS2_PLACEMENT_3D('',#11155,#8964,#8965);
#7496=AXIS2_PLACEMENT_3D('',#11157,#8967,#8968);
#7497=AXIS2_PLACEMENT_3D('',#11159,#8970,#8971);
#7498=AXIS2_PLACEMENT_3D('',#11161,#8973,#8974);
#7499=AXIS2_PLACEMENT_3D('',#11166,#8978,#8979);
#7500=AXIS2_PLACEMENT_3D('',#11169,#8982,#8983);
#7501=AXIS2_PLACEMENT_3D('',#11171,#8985,#8986);
#7502=AXIS2_PLACEMENT_3D('',#11173,#8988,#8989);
#7503=AXIS2_PLACEMENT_3D('',#11178,#8990,#8991);
#7504=AXIS2_PLACEMENT_3D('',#11180,#8993,#8994);
#7505=AXIS2_PLACEMENT_3D('',#11185,#8995,#8996);
#7506=AXIS2_PLACEMENT_3D('',#11187,#8998,#8999);
#7507=AXIS2_PLACEMENT_3D('',#11189,#9001,#9002);
#7508=AXIS2_PLACEMENT_3D('',#11194,#9003,#9004);
#7509=AXIS2_PLACEMENT_3D('',#11196,#9006,#9007);
#7510=AXIS2_PLACEMENT_3D('',#11201,#9008,#9009);
#7511=AXIS2_PLACEMENT_3D('',#11206,#9010,#9011);
#7512=AXIS2_PLACEMENT_3D('',#11209,#9014,#9015);
#7513=AXIS2_PLACEMENT_3D('',#11211,#9017,#9018);
#7514=AXIS2_PLACEMENT_3D('',#11216,#9019,#9020);
#7515=AXIS2_PLACEMENT_3D('',#11219,#9023,#9024);
#7516=AXIS2_PLACEMENT_3D('',#11221,#9026,#9027);
#7517=AXIS2_PLACEMENT_3D('',#11223,#9029,#9030);
#7518=AXIS2_PLACEMENT_3D('',#11226,#9033,#9034);
#7519=AXIS2_PLACEMENT_3D('',#11228,#9036,#9037);
#7520=AXIS2_PLACEMENT_3D('',#11230,#9039,#9040);
#7521=AXIS2_PLACEMENT_3D('',#11233,#9043,#9044);
#7522=AXIS2_PLACEMENT_3D('',#11238,#9045,#9046);
#7523=AXIS2_PLACEMENT_3D('',#11240,#9048,#9049);
#7524=AXIS2_PLACEMENT_3D('',#11242,#9051,#9052);
#7525=AXIS2_PLACEMENT_3D('',#11244,#9054,#9055);
#7526=AXIS2_PLACEMENT_3D('',#11249,#9056,#9057);
#7527=AXIS2_PLACEMENT_3D('',#11252,#9060,#9061);
#7528=AXIS2_PLACEMENT_3D('',#11254,#9063,#9064);
#7529=AXIS2_PLACEMENT_3D('',#11259,#9068,#9069);
#7530=AXIS2_PLACEMENT_3D('',#11261,#9071,#9072);
#7531=AXIS2_PLACEMENT_3D('',#11263,#9074,#9075);
#7532=AXIS2_PLACEMENT_3D('',#11266,#9078,#9079);
#7533=AXIS2_PLACEMENT_3D('',#11268,#9081,#9082);
#7534=AXIS2_PLACEMENT_3D('',#11270,#9084,#9085);
#7535=AXIS2_PLACEMENT_3D('',#11272,#9087,#9088);
#7536=AXIS2_PLACEMENT_3D('',#11274,#9090,#9091);
#7537=AXIS2_PLACEMENT_3D('',#11276,#9093,#9094);
#7538=AXIS2_PLACEMENT_3D('',#11278,#9096,#9097);
#7539=AXIS2_PLACEMENT_3D('',#11280,#9099,#9100);
#7540=AXIS2_PLACEMENT_3D('',#11282,#9102,#9103);
#7541=AXIS2_PLACEMENT_3D('',#11287,#9107,#9108);
#7542=AXIS2_PLACEMENT_3D('',#11289,#9110,#9111);
#7543=AXIS2_PLACEMENT_3D('',#11292,#9114,#9115);
#7544=AXIS2_PLACEMENT_3D('',#11294,#9117,#9118);
#7545=AXIS2_PLACEMENT_3D('',#11296,#9120,#9121);
#7546=AXIS2_PLACEMENT_3D('',#11298,#9123,#9124);
#7547=AXIS2_PLACEMENT_3D('',#11300,#9126,#9127);
#7548=AXIS2_PLACEMENT_3D('',#11302,#9129,#9130);
#7549=AXIS2_PLACEMENT_3D('',#11304,#9132,#9133);
#7550=AXIS2_PLACEMENT_3D('',#11306,#9135,#9136);
#7551=AXIS2_PLACEMENT_3D('',#11308,#9138,#9139);
#7552=AXIS2_PLACEMENT_3D('',#11309,#9140,#9141);
#7553=AXIS2_PLACEMENT_3D('',#11310,#9142,#9143);
#7554=AXIS2_PLACEMENT_3D('',#11311,#9144,#9145);
#7555=AXIS2_PLACEMENT_3D('',#11315,#9148,#9149);
#7556=AXIS2_PLACEMENT_3D('',#11318,#9152,#9153);
#7557=AXIS2_PLACEMENT_3D('',#11321,#9156,#9157);
#7558=AXIS2_PLACEMENT_3D('',#11323,#9159,#9160);
#7559=AXIS2_PLACEMENT_3D('',#11325,#9162,#9163);
#7560=AXIS2_PLACEMENT_3D('',#11328,#9166,#9167);
#7561=AXIS2_PLACEMENT_3D('',#11330,#9169,#9170);
#7562=AXIS2_PLACEMENT_3D('',#11332,#9172,#9173);
#7563=AXIS2_PLACEMENT_3D('',#11333,#9174,#9175);
#7564=AXIS2_PLACEMENT_3D('',#11334,#9176,#9177);
#7565=AXIS2_PLACEMENT_3D('',#11336,#9179,#9180);
#7566=AXIS2_PLACEMENT_3D('',#11337,#9181,#9182);
#7567=AXIS2_PLACEMENT_3D('',#11338,#9183,#9184);
#7568=AXIS2_PLACEMENT_3D('',#11339,#9185,#9186);
#7569=AXIS2_PLACEMENT_3D('',#11340,#9187,#9188);
#7570=AXIS2_PLACEMENT_3D('',#11341,#9189,#9190);
#7571=AXIS2_PLACEMENT_3D('',#11342,#9191,#9192);
#7572=AXIS2_PLACEMENT_3D('',#11343,#9193,#9194);
#7573=AXIS2_PLACEMENT_3D('',#11344,#9195,#9196);
#7574=AXIS2_PLACEMENT_3D('',#11345,#9197,#9198);
#7575=AXIS2_PLACEMENT_3D('',#11348,#9201,#9202);
#7576=AXIS2_PLACEMENT_3D('',#11350,#9204,#9205);
#7577=AXIS2_PLACEMENT_3D('',#11352,#9207,#9208);
#7578=AXIS2_PLACEMENT_3D('',#11354,#9210,#9211);
#7579=AXIS2_PLACEMENT_3D('',#11356,#9213,#9214);
#7580=AXIS2_PLACEMENT_3D('',#11358,#9216,#9217);
#7581=AXIS2_PLACEMENT_3D('',#11360,#9219,#9220);
#7582=AXIS2_PLACEMENT_3D('',#11362,#9222,#9223);
#7583=AXIS2_PLACEMENT_3D('',#11364,#9225,#9226);
#7584=AXIS2_PLACEMENT_3D('',#11367,#9229,#9230);
#7585=AXIS2_PLACEMENT_3D('',#11369,#9232,#9233);
#7586=AXIS2_PLACEMENT_3D('',#11370,#9234,#9235);
#7587=AXIS2_PLACEMENT_3D('',#11371,#9236,#9237);
#7588=AXIS2_PLACEMENT_3D('',#11372,#9238,#9239);
#7589=AXIS2_PLACEMENT_3D('',#11374,#9241,#9242);
#7590=AXIS2_PLACEMENT_3D('',#11376,#9244,#9245);
#7591=AXIS2_PLACEMENT_3D('',#11378,#9247,#9248);
#7592=AXIS2_PLACEMENT_3D('',#11380,#9250,#9251);
#7593=AXIS2_PLACEMENT_3D('',#11385,#9252,#9253);
#7594=AXIS2_PLACEMENT_3D('',#11390,#9254,#9255);
#7595=AXIS2_PLACEMENT_3D('',#11392,#9257,#9258);
#7596=AXIS2_PLACEMENT_3D('',#11394,#9260,#9261);
#7597=AXIS2_PLACEMENT_3D('',#11399,#9262,#9263);
#7598=AXIS2_PLACEMENT_3D('',#11404,#9264,#9265);
#7599=AXIS2_PLACEMENT_3D('',#11406,#9267,#9268);
#7600=AXIS2_PLACEMENT_3D('',#11408,#9270,#9271);
#7601=AXIS2_PLACEMENT_3D('',#11409,#9272,#9273);
#7602=AXIS2_PLACEMENT_3D('',#11411,#9275,#9276);
#7603=AXIS2_PLACEMENT_3D('',#11413,#9278,#9279);
#7604=AXIS2_PLACEMENT_3D('',#11415,#9281,#9282);
#7605=AXIS2_PLACEMENT_3D('',#11417,#9284,#9285);
#7606=AXIS2_PLACEMENT_3D('',#11422,#9286,#9287);
#7607=AXIS2_PLACEMENT_3D('',#11427,#9288,#9289);
#7608=AXIS2_PLACEMENT_3D('',#11429,#9291,#9292);
#7609=AXIS2_PLACEMENT_3D('',#11431,#9294,#9295);
#7610=AXIS2_PLACEMENT_3D('',#11436,#9296,#9297);
#7611=AXIS2_PLACEMENT_3D('',#11441,#9298,#9299);
#7612=AXIS2_PLACEMENT_3D('',#11443,#9301,#9302);
#7613=AXIS2_PLACEMENT_3D('',#11445,#9304,#9305);
#7614=AXIS2_PLACEMENT_3D('',#11447,#9307,#9308);
#7615=AXIS2_PLACEMENT_3D('',#11449,#9310,#9311);
#7616=AXIS2_PLACEMENT_3D('',#11452,#9314,#9315);
#7617=AXIS2_PLACEMENT_3D('',#11453,#9316,#9317);
#7618=AXIS2_PLACEMENT_3D('',#11455,#9319,#9320);
#7619=AXIS2_PLACEMENT_3D('',#11456,#9321,#9322);
#7620=AXIS2_PLACEMENT_3D('',#11458,#9324,#9325);
#7621=AXIS2_PLACEMENT_3D('',#11459,#9326,#9327);
#7622=AXIS2_PLACEMENT_3D('',#11461,#9329,#9330);
#7623=AXIS2_PLACEMENT_3D('',#11462,#9331,#9332);
#7624=AXIS2_PLACEMENT_3D('',#11464,#9334,#9335);
#7625=AXIS2_PLACEMENT_3D('',#11465,#9336,#9337);
#7626=AXIS2_PLACEMENT_3D('',#11467,#9339,#9340);
#7627=AXIS2_PLACEMENT_3D('',#11468,#9341,#9342);
#7628=AXIS2_PLACEMENT_3D('',#11470,#9344,#9345);
#7629=AXIS2_PLACEMENT_3D('',#11471,#9346,#9347);
#7630=AXIS2_PLACEMENT_3D('',#11473,#9349,#9350);
#7631=AXIS2_PLACEMENT_3D('',#11475,#9352,#9353);
#7632=AXIS2_PLACEMENT_3D('',#11477,#9355,#9356);
#7633=AXIS2_PLACEMENT_3D('',#11478,#9357,#9358);
#7634=AXIS2_PLACEMENT_3D('',#11480,#9360,#9361);
#7635=AXIS2_PLACEMENT_3D('',#11482,#9363,#9364);
#7636=AXIS2_PLACEMENT_3D('',#11483,#9365,#9366);
#7637=AXIS2_PLACEMENT_3D('',#11485,#9368,#9369);
#7638=AXIS2_PLACEMENT_3D('',#11487,#9371,#9372);
#7639=AXIS2_PLACEMENT_3D('',#11488,#9373,#9374);
#7640=AXIS2_PLACEMENT_3D('',#11490,#9376,#9377);
#7641=AXIS2_PLACEMENT_3D('',#11492,#9379,#9380);
#7642=AXIS2_PLACEMENT_3D('',#11493,#9381,#9382);
#7643=AXIS2_PLACEMENT_3D('',#11495,#9384,#9385);
#7644=AXIS2_PLACEMENT_3D('',#11497,#9387,#9388);
#7645=AXIS2_PLACEMENT_3D('',#11498,#9389,#9390);
#7646=AXIS2_PLACEMENT_3D('',#11500,#9392,#9393);
#7647=AXIS2_PLACEMENT_3D('',#11502,#9395,#9396);
#7648=AXIS2_PLACEMENT_3D('',#11503,#9397,#9398);
#7649=AXIS2_PLACEMENT_3D('',#11505,#9400,#9401);
#7650=AXIS2_PLACEMENT_3D('',#11507,#9403,#9404);
#7651=AXIS2_PLACEMENT_3D('',#11508,#9405,#9406);
#7652=AXIS2_PLACEMENT_3D('',#11509,#9407,#9408);
#7653=AXIS2_PLACEMENT_3D('',#11511,#9409,#9410);
#7654=AXIS2_PLACEMENT_3D('',#11513,#9411,#9412);
#7655=AXIS2_PLACEMENT_3D('',#11514,#9413,#9414);
#7656=AXIS2_PLACEMENT_3D('',#11516,#9415,#9416);
#7657=AXIS2_PLACEMENT_3D('',#11518,#9417,#9418);
#7658=AXIS2_PLACEMENT_3D('',#11519,#9419,#9420);
#7659=AXIS2_PLACEMENT_3D('',#11521,#9421,#9422);
#7660=AXIS2_PLACEMENT_3D('',#11523,#9423,#9424);
#7661=AXIS2_PLACEMENT_3D('',#11524,#9425,#9426);
#7662=AXIS2_PLACEMENT_3D('',#11526,#9427,#9428);
#7663=AXIS2_PLACEMENT_3D('',#11528,#9429,#9430);
#7664=AXIS2_PLACEMENT_3D('',#11530,#9432,#9433);
#7665=AXIS2_PLACEMENT_3D('',#11531,#9434,#9435);
#7666=AXIS2_PLACEMENT_3D('',#11532,#9436,#9437);
#7667=AXIS2_PLACEMENT_3D('',#11533,#9438,#9439);
#7668=AXIS2_PLACEMENT_3D('',#11534,#9440,#9441);
#7669=AXIS2_PLACEMENT_3D('',#11535,#9442,#9443);
#7670=AXIS2_PLACEMENT_3D('',#11536,#9444,#9445);
#7671=AXIS2_PLACEMENT_3D('',#11537,#9446,#9447);
#7672=AXIS2_PLACEMENT_3D('',#11538,#9448,#9449);
#7673=AXIS2_PLACEMENT_3D('',#11539,#9450,#9451);
#7674=AXIS2_PLACEMENT_3D('',#11541,#9453,#9454);
#7675=AXIS2_PLACEMENT_3D('',#11542,#9455,#9456);
#7676=AXIS2_PLACEMENT_3D('',#11544,#9458,#9459);
#7677=AXIS2_PLACEMENT_3D('',#11545,#9460,#9461);
#7678=AXIS2_PLACEMENT_3D('',#11547,#9463,#9464);
#7679=AXIS2_PLACEMENT_3D('',#11548,#9465,#9466);
#7680=AXIS2_PLACEMENT_3D('',#11550,#9468,#9469);
#7681=AXIS2_PLACEMENT_3D('',#11551,#9470,#9471);
#7682=AXIS2_PLACEMENT_3D('',#11553,#9473,#9474);
#7683=AXIS2_PLACEMENT_3D('',#11555,#9476,#9477);
#7684=AXIS2_PLACEMENT_3D('',#11556,#9478,#9479);
#7685=AXIS2_PLACEMENT_3D('',#11558,#9481,#9482);
#7686=AXIS2_PLACEMENT_3D('',#11560,#9484,#9485);
#7687=AXIS2_PLACEMENT_3D('',#11561,#9486,#9487);
#7688=AXIS2_PLACEMENT_3D('',#11563,#9489,#9490);
#7689=AXIS2_PLACEMENT_3D('',#11565,#9492,#9493);
#7690=AXIS2_PLACEMENT_3D('',#11566,#9494,#9495);
#7691=AXIS2_PLACEMENT_3D('',#11568,#9497,#9498);
#7692=AXIS2_PLACEMENT_3D('',#11570,#9500,#9501);
#7693=AXIS2_PLACEMENT_3D('',#11571,#9502,#9503);
#7694=AXIS2_PLACEMENT_3D('',#11573,#9505,#9506);
#7695=AXIS2_PLACEMENT_3D('',#11575,#9508,#9509);
#7696=AXIS2_PLACEMENT_3D('',#11577,#9511,#9512);
#7697=AXIS2_PLACEMENT_3D('',#11579,#9514,#9515);
#7698=AXIS2_PLACEMENT_3D('',#11581,#9517,#9518);
#7699=AXIS2_PLACEMENT_3D('',#11583,#9520,#9521);
#7700=DIRECTION('',(0.,0.,1.));
#7701=DIRECTION('',(1.,0.,0.));
#7702=DIRECTION('',(-1.,0.,0.));
#7703=DIRECTION('',(0.,0.,1.));
#7704=DIRECTION('',(0.,-1.,0.));
#7705=DIRECTION('',(0.,0.,1.));
#7706=DIRECTION('',(0.,0.707106781186548,-0.707106781186547));
#7707=DIRECTION('',(0.,-1.,0.));
#7708=DIRECTION('',(0.,0.707106781186548,0.707106781186547));
#7709=DIRECTION('',(0.,0.,-1.));
#7710=DIRECTION('',(0.,-1.,0.));
#7711=DIRECTION('',(0.,0.,1.));
#7712=DIRECTION('',(0.,-1.,0.));
#7713=DIRECTION('',(0.,0.,-1.));
#7714=DIRECTION('',(0.,-1.,0.));
#7715=DIRECTION('',(0.,0.,1.));
#7716=DIRECTION('',(0.,0.289784148688427,0.957092026489054));
#7717=DIRECTION('',(0.,0.55470019622523,0.832050294337843));
#7718=DIRECTION('',(0.,0.881674598767943,0.471857925532026));
#7719=DIRECTION('',(0.,1.,0.));
#7720=DIRECTION('',(0.,0.881674598767943,-0.471857925532026));
#7721=DIRECTION('',(0.,0.554700196225229,-0.832050294337844));
#7722=DIRECTION('',(0.,0.289784148688428,-0.957092026489054));
#7723=DIRECTION('',(0.,0.,-1.));
#7724=DIRECTION('',(0.,0.,1.));
#7725=DIRECTION('',(1.,0.,0.));
#7726=DIRECTION('',(0.,1.,0.));
#7727=DIRECTION('',(1.,0.,0.));
#7728=DIRECTION('',(1.,0.,0.));
#7729=DIRECTION('',(-4.24397180667109E-16,-1.,0.));
#7730=DIRECTION('',(-1.,0.,0.));
#7731=DIRECTION('',(0.,0.,1.));
#7732=DIRECTION('',(1.,0.,0.));
#7733=DIRECTION('',(0.,0.,1.));
#7734=DIRECTION('',(1.,0.,0.));
#7735=DIRECTION('',(0.,0.,1.));
#7736=DIRECTION('',(1.,0.,0.));
#7737=DIRECTION('',(-1.,0.,0.));
#7738=DIRECTION('',(-1.,0.,0.));
#7739=DIRECTION('',(0.,1.,0.));
#7740=DIRECTION('',(1.,1.98254111540206E-16,0.));
#7741=DIRECTION('',(0.,-1.,0.));
#7742=DIRECTION('',(-1.,4.95635278850516E-16,0.));
#7743=DIRECTION('',(4.24397180667109E-16,1.,0.));
#7744=DIRECTION('',(-1.,5.38733998750561E-16,0.));
#7745=DIRECTION('',(0.,-1.,0.));
#7746=DIRECTION('',(0.,0.,1.));
#7747=DIRECTION('',(1.,0.,0.));
#7748=DIRECTION('',(0.,1.,0.));
#7749=DIRECTION('',(-1.,5.38733998750561E-16,0.));
#7750=DIRECTION('',(0.,-1.,0.));
#7751=DIRECTION('',(0.,0.,1.));
#7752=DIRECTION('',(1.,0.,0.));
#7753=DIRECTION('',(0.,1.,0.));
#7754=DIRECTION('',(-1.,5.38733998750561E-16,0.));
#7755=DIRECTION('',(-4.24397180667109E-16,-1.,0.));
#7756=DIRECTION('',(-0.707106781186551,0.,-0.707106781186545));
#7757=DIRECTION('',(0.,-1.,0.));
#7758=DIRECTION('',(-0.577350269189622,-0.577350269189627,0.577350269189627));
#7759=DIRECTION('',(0.577350269189622,-0.577350269189628,-0.577350269189627));
#7760=DIRECTION('',(-0.577350269189623,-0.577350269189627,0.577350269189628));
#7761=DIRECTION('',(0.577350269189623,-0.577350269189626,-0.577350269189628));
#7762=DIRECTION('',(-1.,0.,0.));
#7763=DIRECTION('',(0.,0.,1.));
#7764=DIRECTION('',(0.,-1.,0.));
#7765=DIRECTION('',(0.,0.707106781186548,-0.707106781186548));
#7766=DIRECTION('',(0.,0.466583903686789,0.884476941938227));
#7767=DIRECTION('',(0.,-1.,0.));
#7768=DIRECTION('',(0.,0.707106781186548,-0.707106781186548));
#7769=DIRECTION('',(0.377964473009228,-0.654653670707977,-0.654653670707977));
#7770=DIRECTION('',(0.,0.707106781186548,-0.707106781186548));
#7771=DIRECTION('',(0.,0.707106781186548,-0.707106781186548));
#7772=DIRECTION('',(0.866025403784438,0.5,0.));
#7773=DIRECTION('',(0.,0.707106781186548,-0.707106781186548));
#7774=DIRECTION('',(-0.472032538778592,-0.744560652108666,0.472032538778583));
#7775=DIRECTION('',(0.866025403784438,0.5,0.));
#7776=DIRECTION('',(-0.914678386983032,-0.154673925136518,-0.37341588781007));
#7777=DIRECTION('',(0.,0.707106781186548,-0.707106781186548));
#7778=DIRECTION('',(0.866025403784438,0.5,0.));
#7779=DIRECTION('',(0.,0.707106781186548,-0.707106781186548));
#7780=DIRECTION('',(0.866025403784438,0.5,0.));
#7781=DIRECTION('',(-1.,0.,0.));
#7782=DIRECTION('',(0.,0.,1.));
#7783=DIRECTION('',(0.,-1.,0.));
#7784=DIRECTION('',(0.,0.707106781186548,-0.707106781186548));
#7785=DIRECTION('',(0.,0.466583903686763,0.88447694193824));
#7786=DIRECTION('',(0.,-1.,0.));
#7787=DIRECTION('',(-0.377964473009228,0.654653670707977,0.654653670707977));
#7788=DIRECTION('',(0.,-0.707106781186548,0.707106781186548));
#7789=DIRECTION('',(0.,-0.707106781186548,0.707106781186548));
#7790=DIRECTION('',(-0.866025403784438,-0.5,0.));
#7791=DIRECTION('',(0.,-0.707106781186548,0.707106781186548));
#7792=DIRECTION('',(0.866025403784438,0.5,0.));
#7793=DIRECTION('',(0.,0.707106781186548,-0.707106781186548));
#7794=DIRECTION('',(0.914678386983032,0.154673925136518,0.37341588781007));
#7795=DIRECTION('',(-0.866025403784438,-0.5,-6.79728382423566E-18));
#7796=DIRECTION('',(-0.866025403784438,-0.5,0.));
#7797=DIRECTION('',(0.377964473009228,-0.654653670707977,-0.654653670707977));
#7798=DIRECTION('',(0.,0.707106781186548,-0.707106781186548));
#7799=DIRECTION('',(0.,0.707106781186548,-0.707106781186548));
#7800=DIRECTION('',(0.866025403784438,0.5,0.));
#7801=DIRECTION('',(0.,0.707106781186548,-0.707106781186548));
#7802=DIRECTION('',(-0.472032538778592,-0.744560652108666,0.472032538778583));
#7803=DIRECTION('',(0.866025403784438,0.5,0.));
#7804=DIRECTION('',(-0.914678386983033,-0.154673925136524,-0.373415887810064));
#7805=DIRECTION('',(0.,0.707106781186548,-0.707106781186548));
#7806=DIRECTION('',(0.866025403784438,0.5,0.));
#7807=DIRECTION('',(0.,0.707106781186548,-0.707106781186548));
#7808=DIRECTION('',(0.866025403784438,0.5,0.));
#7809=DIRECTION('',(-1.,0.,0.));
#7810=DIRECTION('',(0.,0.,1.));
#7811=DIRECTION('',(0.,-1.,0.));
#7812=DIRECTION('',(0.,0.707106781186548,-0.707106781186548));
#7813=DIRECTION('',(0.,0.466583903686778,0.884476941938232));
#7814=DIRECTION('',(0.,-1.,0.));
#7815=DIRECTION('',(-0.377964473009228,0.654653670707977,0.654653670707977));
#7816=DIRECTION('',(0.,-0.707106781186548,0.707106781186548));
#7817=DIRECTION('',(0.,-0.707106781186548,0.707106781186548));
#7818=DIRECTION('',(-0.866025403784438,-0.5,0.));
#7819=DIRECTION('',(0.,-0.707106781186548,0.707106781186548));
#7820=DIRECTION('',(0.866025403784438,0.5,0.));
#7821=DIRECTION('',(0.,0.707106781186548,-0.707106781186548));
#7822=DIRECTION('',(0.914678386983033,0.154673925136524,0.373415887810064));
#7823=DIRECTION('',(-0.866025403784438,-0.5,0.));
#7824=DIRECTION('',(-0.866025403784438,-0.5,0.));
#7825=DIRECTION('',(0.377964473009228,-0.654653670707977,-0.654653670707977));
#7826=DIRECTION('',(0.,0.707106781186548,-0.707106781186548));
#7827=DIRECTION('',(0.,0.707106781186548,-0.707106781186548));
#7828=DIRECTION('',(0.866025403784438,0.5,0.));
#7829=DIRECTION('',(0.,0.707106781186548,-0.707106781186548));
#7830=DIRECTION('',(0.866025403784438,0.5,0.));
#7831=DIRECTION('',(-0.677497944020818,0.286344323664967,-0.677497944020805));
#7832=DIRECTION('',(0.,0.707106781186548,-0.707106781186548));
#7833=DIRECTION('',(0.866025403784438,0.5,0.));
#7834=DIRECTION('',(0.,0.707106781186548,-0.707106781186548));
#7835=DIRECTION('',(0.866025403784438,0.5,0.));
#7836=DIRECTION('',(-0.377964473009228,0.654653670707977,0.654653670707977));
#7837=DIRECTION('',(0.,-0.707106781186548,0.707106781186548));
#7838=DIRECTION('',(0.,-0.707106781186548,0.707106781186548));
#7839=DIRECTION('',(-0.866025403784438,-0.5,0.));
#7840=DIRECTION('',(0.,-0.707106781186548,0.707106781186548));
#7841=DIRECTION('',(0.866025403784438,0.5,0.));
#7842=DIRECTION('',(0.,0.707106781186548,-0.707106781186548));
#7843=DIRECTION('',(0.914678386983032,0.154673925136518,0.373415887810069));
#7844=DIRECTION('',(-0.866025403784438,-0.5,5.56473164166677E-18));
#7845=DIRECTION('',(0.,0.707106781186548,-0.707106781186548));
#7846=DIRECTION('',(-0.866025403784438,-0.5,0.));
#7847=DIRECTION('',(0.,0.707106781186548,0.707106781186548));
#7848=DIRECTION('',(0.,-0.707106781186548,0.707106781186548));
#7849=DIRECTION('',(0.,-0.707106781186548,0.707106781186548));
#7850=DIRECTION('',(1.,0.,0.));
#7851=DIRECTION('',(0.,0.707106781186548,-0.707106781186548));
#7852=DIRECTION('',(-1.,0.,0.));
#7853=DIRECTION('',(0.,0.707106781186548,-0.707106781186548));
#7854=DIRECTION('',(-1.,0.,0.));
#7855=DIRECTION('',(0.377964473009228,-0.654653670707977,-0.654653670707977));
#7856=DIRECTION('',(0.,0.707106781186548,-0.707106781186548));
#7857=DIRECTION('',(0.,0.707106781186548,-0.707106781186548));
#7858=DIRECTION('',(0.866025403784438,0.5,0.));
#7859=DIRECTION('',(0.,0.707106781186548,-0.707106781186548));
#7860=DIRECTION('',(-0.472032538778577,-0.744560652108669,0.472032538778595));
#7861=DIRECTION('',(0.866025403784438,0.5,0.));
#7862=DIRECTION('',(-0.914678386983032,-0.154673925136518,-0.373415887810069));
#7863=DIRECTION('',(0.866025403784438,0.5,0.));
#7864=DIRECTION('',(-1.,0.,0.));
#7865=DIRECTION('',(0.,0.,1.));
#7866=DIRECTION('',(0.,-1.,0.));
#7867=DIRECTION('',(0.,0.707106781186548,-0.707106781186548));
#7868=DIRECTION('',(0.,0.466583903686775,0.884476941938234));
#7869=DIRECTION('',(0.,-1.,0.));
#7870=DIRECTION('',(-0.377964473009228,0.654653670707977,0.654653670707977));
#7871=DIRECTION('',(0.,-0.707106781186548,0.707106781186548));
#7872=DIRECTION('',(-0.866025403784438,-0.5,0.));
#7873=DIRECTION('',(0.914678386983031,0.154673925136518,0.37341588781007));
#7874=DIRECTION('',(-0.866025403784438,-0.5,3.07758472771018E-17));
#7875=DIRECTION('',(0.377964473009228,-0.654653670707977,-0.654653670707977));
#7876=DIRECTION('',(0.,0.707106781186548,-0.707106781186548));
#7877=DIRECTION('',(0.,0.707106781186548,-0.707106781186548));
#7878=DIRECTION('',(0.866025403784438,0.5,0.));
#7879=DIRECTION('',(-0.472032538778592,-0.744560652108666,0.472032538778583));
#7880=DIRECTION('',(0.866025403784438,0.5,0.));
#7881=DIRECTION('',(-0.914678386983033,-0.154673925136523,-0.373415887810065));
#7882=DIRECTION('',(0.,0.707106781186548,-0.707106781186548));
#7883=DIRECTION('',(0.866025403784438,0.5,0.));
#7884=DIRECTION('',(0.866025403784438,0.,0.5));
#7885=DIRECTION('',(0.,0.707106781186548,-0.707106781186548));
#7886=DIRECTION('',(0.866025403784438,0.5,0.));
#7887=DIRECTION('',(-0.377964473009228,0.654653670707977,0.654653670707977));
#7888=DIRECTION('',(0.,-0.707106781186548,0.707106781186548));
#7889=DIRECTION('',(0.,-0.707106781186548,0.707106781186548));
#7890=DIRECTION('',(0.866025403784438,0.5,0.));
#7891=DIRECTION('',(0.,0.707106781186548,-0.707106781186548));
#7892=DIRECTION('',(0.914678386983033,0.154673925136523,0.373415887810065));
#7893=DIRECTION('',(-0.866025403784438,-0.5,-5.56473164166677E-18));
#7894=DIRECTION('',(-0.866025403784438,-0.5,0.));
#7895=DIRECTION('',(0.377964473009228,-0.654653670707977,-0.654653670707977));
#7896=DIRECTION('',(0.,0.707106781186548,-0.707106781186548));
#7897=DIRECTION('',(0.,0.707106781186548,-0.707106781186548));
#7898=DIRECTION('',(0.866025403784438,0.5,0.));
#7899=DIRECTION('',(0.,0.707106781186548,-0.707106781186548));
#7900=DIRECTION('',(-0.472032538778577,-0.744560652108669,0.472032538778595));
#7901=DIRECTION('',(0.866025403784438,0.5,0.));
#7902=DIRECTION('',(-0.914678386983033,-0.154673925136524,-0.373415887810064));
#7903=DIRECTION('',(0.,0.707106781186548,-0.707106781186548));
#7904=DIRECTION('',(0.866025403784438,0.5,0.));
#7905=DIRECTION('',(-1.,0.,0.));
#7906=DIRECTION('',(0.,0.,1.));
#7907=DIRECTION('',(0.,-1.,0.));
#7908=DIRECTION('',(0.,0.707106781186548,-0.707106781186548));
#7909=DIRECTION('',(0.,0.466583903686756,0.884476941938244));
#7910=DIRECTION('',(0.,-1.,0.));
#7911=DIRECTION('',(-0.377964473009228,0.654653670707977,0.654653670707977));
#7912=DIRECTION('',(0.,-0.707106781186548,0.707106781186548));
#7913=DIRECTION('',(0.,-0.707106781186548,0.707106781186548));
#7914=DIRECTION('',(0.866025403784438,0.5,0.));
#7915=DIRECTION('',(0.,0.707106781186548,-0.707106781186548));
#7916=DIRECTION('',(0.914678386983033,0.154673925136524,0.373415887810064));
#7917=DIRECTION('',(-0.866025403784438,-0.5,5.56473164166677E-18));
#7918=DIRECTION('',(-0.866025403784438,-0.5,0.));
#7919=DIRECTION('',(0.377964473009228,-0.654653670707977,-0.654653670707977));
#7920=DIRECTION('',(0.,0.707106781186548,-0.707106781186548));
#7921=DIRECTION('',(0.,0.707106781186548,-0.707106781186548));
#7922=DIRECTION('',(0.866025403784438,0.5,0.));
#7923=DIRECTION('',(0.,0.707106781186548,-0.707106781186548));
#7924=DIRECTION('',(-0.472032538778577,-0.744560652108669,0.472032538778595));
#7925=DIRECTION('',(0.866025403784438,0.5,0.));
#7926=DIRECTION('',(-0.914678386983032,-0.154673925136518,-0.37341588781007));
#7927=DIRECTION('',(0.,0.707106781186548,-0.707106781186548));
#7928=DIRECTION('',(0.866025403784438,0.5,0.));
#7929=DIRECTION('',(-1.,0.,0.));
#7930=DIRECTION('',(0.,0.,1.));
#7931=DIRECTION('',(0.,-1.,0.));
#7932=DIRECTION('',(0.,0.707106781186548,-0.707106781186548));
#7933=DIRECTION('',(0.,0.46658390368677,0.884476941938237));
#7934=DIRECTION('',(0.,-1.,0.));
#7935=DIRECTION('',(-0.377964473009228,0.654653670707977,0.654653670707977));
#7936=DIRECTION('',(0.,-0.707106781186548,0.707106781186548));
#7937=DIRECTION('',(0.,-0.707106781186548,0.707106781186548));
#7938=DIRECTION('',(0.866025403784438,0.5,0.));
#7939=DIRECTION('',(0.,0.707106781186548,-0.707106781186548));
#7940=DIRECTION('',(0.914678386983032,0.154673925136518,0.37341588781007));
#7941=DIRECTION('',(-0.866025403784438,-0.5,0.));
#7942=DIRECTION('',(-0.866025403784438,-0.5,0.));
#7943=DIRECTION('',(4.08878244448898E-16,-0.707106781186548,-0.707106781186548));
#7944=DIRECTION('',(0.,0.707106781186548,-0.707106781186548));
#7945=DIRECTION('',(0.,0.707106781186548,-0.707106781186548));
#7946=DIRECTION('',(1.,5.78241158658932E-16,0.));
#7947=DIRECTION('',(0.,0.707106781186548,-0.707106781186548));
#7948=DIRECTION('',(-0.881917103688198,-0.333333333333332,0.333333333333332));
#7949=DIRECTION('',(1.,5.78241158658933E-16,0.));
#7950=DIRECTION('',(0.,0.707106781186548,-0.707106781186548));
#7951=DIRECTION('',(1.,5.78241158658933E-16,0.));
#7952=DIRECTION('',(-0.377964473009228,0.654653670707977,0.654653670707977));
#7953=DIRECTION('',(0.,-0.707106781186548,0.707106781186548));
#7954=DIRECTION('',(0.,-0.707106781186548,0.707106781186548));
#7955=DIRECTION('',(0.866025403784438,0.5,0.));
#7956=DIRECTION('',(0.,0.707106781186548,-0.707106781186548));
#7957=DIRECTION('',(-0.866025403784438,-0.5,5.56473164166677E-18));
#7958=DIRECTION('',(-0.866025403784438,-0.5,0.));
#7959=DIRECTION('',(0.,-0.707106781186548,-0.707106781186548));
#7960=DIRECTION('',(0.,0.707106781186548,-0.707106781186548));
#7961=DIRECTION('',(1.,0.,0.));
#7962=DIRECTION('',(0.,0.707106781186548,-0.707106781186548));
#7963=DIRECTION('',(-0.577350269189633,-0.577350269189622,0.577350269189622));
#7964=DIRECTION('',(1.,0.,0.));
#7965=DIRECTION('',(-1.,0.,0.));
#7966=DIRECTION('',(0.,0.,1.));
#7967=DIRECTION('',(0.,-1.,0.));
#7968=DIRECTION('',(0.,0.46658390368677,0.884476941938237));
#7969=DIRECTION('',(0.,-1.,0.));
#7970=DIRECTION('',(-0.377964473009228,0.654653670707977,-0.654653670707977));
#7971=DIRECTION('',(0.,0.707106781186548,0.707106781186548));
#7972=DIRECTION('',(0.,0.707106781186548,0.707106781186548));
#7973=DIRECTION('',(-0.866025403784438,-0.5,0.));
#7974=DIRECTION('',(-0.866025403784438,0.,0.5));
#7975=DIRECTION('',(0.,0.707106781186548,0.707106781186548));
#7976=DIRECTION('',(0.67749794402081,-0.286344323664975,-0.677497944020809));
#7977=DIRECTION('',(0.866025403784438,0.5,0.));
#7978=DIRECTION('',(0.,-0.707106781186548,-0.707106781186548));
#7979=DIRECTION('',(0.377964473009228,-0.654653670707977,0.654653670707977));
#7980=DIRECTION('',(0.,-0.707106781186548,-0.707106781186548));
#7981=DIRECTION('',(0.,-0.707106781186548,-0.707106781186548));
#7982=DIRECTION('',(0.,-0.707106781186548,-0.707106781186548));
#7983=DIRECTION('',(-0.866025403784438,-0.5,0.));
#7984=DIRECTION('',(-0.925820099772551,-0.267261241912425,0.267261241912426));
#7985=DIRECTION('',(0.866025403784438,0.,-0.5));
#7986=DIRECTION('',(0.,-0.707106781186548,-0.707106781186548));
#7987=DIRECTION('',(0.866025403784438,0.5,0.));
#7988=DIRECTION('',(-0.377964473009228,0.654653670707977,-0.654653670707977));
#7989=DIRECTION('',(0.,0.707106781186548,0.707106781186548));
#7990=DIRECTION('',(0.,0.707106781186548,0.707106781186548));
#7991=DIRECTION('',(-0.866025403784438,-0.5,0.));
#7992=DIRECTION('',(0.,-0.707106781186548,-0.707106781186548));
#7993=DIRECTION('',(0.866025403784438,0.5,0.));
#7994=DIRECTION('',(0.,-0.707106781186548,-0.707106781186548));
#7995=DIRECTION('',(0.,0.707106781186548,-0.707106781186548));
#7996=DIRECTION('',(0.,0.707106781186548,0.707106781186548));
#7997=DIRECTION('',(0.,0.707106781186548,0.707106781186548));
#7998=DIRECTION('',(-1.,0.,0.));
#7999=DIRECTION('',(0.,-0.707106781186548,-0.707106781186548));
#8000=DIRECTION('',(1.,0.,0.));
#8001=DIRECTION('',(0.,-0.707106781186548,-0.707106781186548));
#8002=DIRECTION('',(0.377964473009228,-0.654653670707977,0.654653670707977));
#8003=DIRECTION('',(0.,-0.707106781186548,-0.707106781186548));
#8004=DIRECTION('',(0.,-0.707106781186548,-0.707106781186548));
#8005=DIRECTION('',(-0.866025403784438,-0.5,0.));
#8006=DIRECTION('',(0.,-0.707106781186548,-0.707106781186548));
#8007=DIRECTION('',(0.866025403784438,0.5,0.));
#8008=DIRECTION('',(0.377964473009228,-0.654653670707977,0.654653670707977));
#8009=DIRECTION('',(0.,-0.707106781186548,-0.707106781186548));
#8010=DIRECTION('',(0.,-0.707106781186548,-0.707106781186548));
#8011=DIRECTION('',(0.,-0.707106781186548,-0.707106781186548));
#8012=DIRECTION('',(-0.866025403784438,-0.5,0.));
#8013=DIRECTION('',(0.,-0.707106781186548,-0.707106781186548));
#8014=DIRECTION('',(0.866025403784438,0.5,0.));
#8015=DIRECTION('',(-0.377964473009228,0.654653670707977,-0.654653670707977));
#8016=DIRECTION('',(0.,0.707106781186548,0.707106781186548));
#8017=DIRECTION('',(0.,0.707106781186548,0.707106781186548));
#8018=DIRECTION('',(-0.866025403784438,-0.5,0.));
#8019=DIRECTION('',(0.,-0.707106781186548,-0.707106781186548));
#8020=DIRECTION('',(0.866025403784438,0.5,0.));
#8021=DIRECTION('',(0.,-0.707106781186548,-0.707106781186548));
#8022=DIRECTION('',(4.08878244448898E-16,-0.707106781186548,0.707106781186548));
#8023=DIRECTION('',(0.,-0.707106781186548,-0.707106781186548));
#8024=DIRECTION('',(0.,-0.707106781186548,-0.707106781186548));
#8025=DIRECTION('',(0.,-0.707106781186548,-0.707106781186548));
#8026=DIRECTION('',(-1.,-5.78241158658933E-16,0.));
#8027=DIRECTION('',(0.,-0.707106781186548,-0.707106781186548));
#8028=DIRECTION('',(1.,5.78241158658933E-16,0.));
#8029=DIRECTION('',(-0.377964473009228,0.654653670707977,-0.654653670707977));
#8030=DIRECTION('',(0.,0.707106781186548,0.707106781186548));
#8031=DIRECTION('',(0.,0.707106781186548,0.707106781186548));
#8032=DIRECTION('',(-0.866025403784438,-0.5,0.));
#8033=DIRECTION('',(0.866025403784438,0.5,0.));
#8034=DIRECTION('',(0.,-0.707106781186548,-0.707106781186548));
#8035=DIRECTION('',(0.,0.,-1.));
#8036=DIRECTION('',(1.,0.,0.));
#8037=DIRECTION('',(0.,1.,0.));
#8038=DIRECTION('',(0.,1.,0.));
#8039=DIRECTION('',(0.,0.,-1.));
#8040=DIRECTION('',(1.,0.,0.));
#8041=DIRECTION('',(0.,1.,0.));
#8042=DIRECTION('',(0.,1.,0.));
#8043=DIRECTION('',(0.,0.,-1.));
#8044=DIRECTION('',(1.,0.,0.));
#8045=DIRECTION('',(0.,1.,0.));
#8046=DIRECTION('',(0.,1.,0.));
#8047=DIRECTION('',(0.,0.,-1.));
#8048=DIRECTION('',(1.,0.,0.));
#8049=DIRECTION('',(0.,1.,0.));
#8050=DIRECTION('',(0.,1.,0.));
#8051=DIRECTION('',(1.,0.,0.));
#8052=DIRECTION('',(0.,1.,0.));
#8053=DIRECTION('',(0.,0.,1.));
#8054=DIRECTION('',(1.,0.,0.));
#8055=DIRECTION('',(0.,0.,1.));
#8056=DIRECTION('',(0.,0.,-1.));
#8057=DIRECTION('',(-0.866025403784438,0.,0.5));
#8058=DIRECTION('',(0.,0.,-1.));
#8059=DIRECTION('',(-0.377964473009228,0.654653670707977,-0.654653670707977));
#8060=DIRECTION('',(0.,0.707106781186548,0.707106781186548));
#8061=DIRECTION('',(-0.749619044198594,0.198583442318032,0.631376199275762));
#8062=DIRECTION('',(0.866025403784438,0.5,0.));
#8063=DIRECTION('',(0.,-0.707106781186548,-0.707106781186548));
#8064=DIRECTION('',(0.,0.707106781186548,0.707106781186548));
#8065=DIRECTION('',(-0.866025403784438,-0.5,0.));
#8066=DIRECTION('',(0.,0.707106781186548,0.707106781186548));
#8067=DIRECTION('',(-0.377964473009228,0.654653670707977,-0.654653670707977));
#8068=DIRECTION('',(0.,0.707106781186548,0.707106781186548));
#8069=DIRECTION('',(-0.866025403784438,-0.5,0.));
#8070=DIRECTION('',(0.,-0.707106781186548,-0.707106781186548));
#8071=DIRECTION('',(0.866025403784438,0.5,0.));
#8072=DIRECTION('',(0.13232932430947,-0.661646383958614,-0.738046754970368));
#8073=DIRECTION('',(-0.866025403784438,0.,0.5));
#8074=DIRECTION('',(1.,0.,0.));
#8075=DIRECTION('',(0.,0.,-1.));
#8076=DIRECTION('',(0.,-0.707106781186548,-0.707106781186548));
#8077=DIRECTION('',(0.,-1.,0.));
#8078=DIRECTION('',(0.,0.,-1.));
#8079=DIRECTION('',(0.,-1.,0.));
#8080=DIRECTION('',(0.,0.,-1.));
#8081=DIRECTION('',(1.,0.,0.));
#8082=DIRECTION('',(1.,0.,0.));
#8083=DIRECTION('',(0.707106781186545,0.707106781186551,0.));
#8084=DIRECTION('',(4.24397180667109E-16,1.,0.));
#8085=DIRECTION('',(1.,-5.38733998750561E-16,0.));
#8086=DIRECTION('',(0.,-1.,0.));
#8087=DIRECTION('',(0.,0.,-1.));
#8088=DIRECTION('',(-1.,0.,0.));
#8089=DIRECTION('',(0.,1.,0.));
#8090=DIRECTION('',(1.,-5.38733998750561E-16,0.));
#8091=DIRECTION('',(0.,-1.,0.));
#8092=DIRECTION('',(0.,0.,-1.));
#8093=DIRECTION('',(-1.,0.,0.));
#8094=DIRECTION('',(0.,1.,0.));
#8095=DIRECTION('',(1.,-5.38733998750561E-16,0.));
#8096=DIRECTION('',(-4.24397180667109E-16,-1.,0.));
#8097=DIRECTION('',(0.707106781186545,-0.707106781186551,0.));
#8098=DIRECTION('',(1.,-4.95635278850516E-16,0.));
#8099=DIRECTION('',(0.,1.,0.));
#8100=DIRECTION('',(-1.,4.95635278850516E-16,0.));
#8101=DIRECTION('',(-0.707106781186546,-0.707106781186549,0.));
#8102=DIRECTION('',(-4.24397180667109E-16,-1.,0.));
#8103=DIRECTION('',(-1.,5.38733998750561E-16,0.));
#8104=DIRECTION('',(0.,1.,0.));
#8105=DIRECTION('',(0.,0.,-1.));
#8106=DIRECTION('',(-1.,0.,0.));
#8107=DIRECTION('',(0.,-1.,0.));
#8108=DIRECTION('',(-1.,5.38733998750561E-16,0.));
#8109=DIRECTION('',(0.,1.,0.));
#8110=DIRECTION('',(0.,0.,-1.));
#8111=DIRECTION('',(-1.,0.,0.));
#8112=DIRECTION('',(0.,-1.,0.));
#8113=DIRECTION('',(-1.,5.38733998750561E-16,0.));
#8114=DIRECTION('',(4.24397180667109E-16,1.,0.));
#8115=DIRECTION('',(1.,0.,0.));
#8116=DIRECTION('',(0.,1.,0.));
#8117=DIRECTION('',(-1.,0.,0.));
#8118=DIRECTION('',(4.24397180667109E-16,1.,0.));
#8119=DIRECTION('',(1.,0.,0.));
#8120=DIRECTION('',(0.,1.,0.));
#8121=DIRECTION('',(-0.866025403784438,-0.5,0.));
#8122=DIRECTION('',(1.,0.,0.));
#8123=DIRECTION('',(0.196116202852404,-0.980580662148074,0.));
#8124=DIRECTION('',(0.,1.,0.));
#8125=DIRECTION('',(-1.,0.,0.));
#8126=DIRECTION('',(-0.866025403784438,-0.5,0.));
#8127=DIRECTION('',(0.,-1.,0.));
#8128=DIRECTION('',(1.,0.,0.));
#8129=DIRECTION('',(-0.966655806619225,0.256079189957591,0.));
#8130=DIRECTION('',(0.,1.,0.));
#8131=DIRECTION('',(-0.866025403784438,-0.5,0.));
#8132=DIRECTION('',(1.,0.,0.));
#8133=DIRECTION('',(0.866025403784438,0.5,0.));
#8134=DIRECTION('',(0.,1.,0.));
#8135=DIRECTION('',(-0.866025403784438,-0.5,0.));
#8136=DIRECTION('',(1.,0.,0.));
#8137=DIRECTION('',(0.866025403784438,0.5,0.));
#8138=DIRECTION('',(0.,1.,0.));
#8139=DIRECTION('',(-0.866025403784438,-0.5,0.));
#8140=DIRECTION('',(1.,1.15648231731787E-15,0.));
#8141=DIRECTION('',(0.,1.,0.));
#8142=DIRECTION('',(-1.,0.,0.));
#8143=DIRECTION('',(1.,0.,0.));
#8144=DIRECTION('',(0.,1.,0.));
#8145=DIRECTION('',(-1.,0.,0.));
#8146=DIRECTION('',(4.24397180667109E-16,1.,0.));
#8147=DIRECTION('',(-0.707106781186545,0.707106781186551,0.));
#8148=DIRECTION('',(-1.,0.,0.));
#8149=DIRECTION('',(0.,1.,0.));
#8150=DIRECTION('',(0.,0.,-1.));
#8151=DIRECTION('',(-1.,0.,0.));
#8152=DIRECTION('',(0.,0.,-1.));
#8153=DIRECTION('',(-1.,0.,0.));
#8154=DIRECTION('',(0.,0.,-1.));
#8155=DIRECTION('',(-1.,0.,0.));
#8156=DIRECTION('',(0.,0.,-1.));
#8157=DIRECTION('',(-1.,0.,0.));
#8158=DIRECTION('',(0.,-1.,0.));
#8159=DIRECTION('',(0.866025403784438,0.5,0.));
#8160=DIRECTION('',(-1.,0.,0.));
#8161=DIRECTION('',(-0.866025403784438,-0.5,0.));
#8162=DIRECTION('',(2.00308613164954E-15,-1.,0.));
#8163=DIRECTION('',(-0.866025403784438,-0.5,0.));
#8164=DIRECTION('',(1.,0.,0.));
#8165=DIRECTION('',(0.,1.,0.));
#8166=DIRECTION('',(0.,-1.,0.));
#8167=DIRECTION('',(0.866025403784438,0.5,0.));
#8168=DIRECTION('',(-1.,0.,0.));
#8169=DIRECTION('',(-0.866025403784438,-0.5,0.));
#8170=DIRECTION('',(0.,-1.,0.));
#8171=DIRECTION('',(0.866025403784438,0.5,0.));
#8172=DIRECTION('',(-1.,-5.78241158658935E-16,0.));
#8173=DIRECTION('',(-0.866025403784438,-0.5,0.));
#8174=DIRECTION('',(0.,-1.,0.));
#8175=DIRECTION('',(0.866025403784438,0.5,0.));
#8176=DIRECTION('',(-1.,-5.78241158658933E-16,0.));
#8177=DIRECTION('',(-0.866025403784438,-0.5,0.));
#8178=DIRECTION('',(0.,-1.,0.));
#8179=DIRECTION('',(0.866025403784438,0.5,0.));
#8180=DIRECTION('',(-1.,-5.78241158658933E-16,0.));
#8181=DIRECTION('',(-0.866025403784438,-0.5,0.));
#8182=DIRECTION('',(0.866025403784438,0.5,0.));
#8183=DIRECTION('',(0.,1.,0.));
#8184=DIRECTION('',(0.,1.,0.));
#8185=DIRECTION('',(0.,0.,1.));
#8186=DIRECTION('',(-1.,0.,0.));
#8187=DIRECTION('',(0.,0.,1.));
#8188=DIRECTION('',(1.,0.,0.));
#8189=DIRECTION('',(0.,0.,-1.));
#8190=DIRECTION('',(-1.,0.,0.));
#8191=DIRECTION('',(0.866025403784438,0.,-0.5));
#8192=DIRECTION('',(0.,0.,1.));
#8193=DIRECTION('',(-1.,0.,0.));
#8194=DIRECTION('',(0.,0.,-1.));
#8195=DIRECTION('',(0.377964473009228,-0.654653670707977,0.654653670707977));
#8196=DIRECTION('',(0.,-0.707106781186548,-0.707106781186548));
#8197=DIRECTION('',(-0.67749794402081,0.286344323664975,0.677497944020809));
#8198=DIRECTION('',(0.,-0.707106781186548,-0.707106781186548));
#8199=DIRECTION('',(0.866025403784438,0.5,0.));
#8200=DIRECTION('',(0.,-0.707106781186548,-0.707106781186548));
#8201=DIRECTION('',(0.,-0.707106781186548,-0.707106781186548));
#8202=DIRECTION('',(-0.377964473009228,0.654653670707977,-0.654653670707977));
#8203=DIRECTION('',(0.,0.707106781186548,0.707106781186548));
#8204=DIRECTION('',(0.,0.707106781186548,0.707106781186548));
#8205=DIRECTION('',(0.67749794402081,-0.286344323664975,-0.677497944020809));
#8206=DIRECTION('',(0.,-0.707106781186548,-0.707106781186548));
#8207=DIRECTION('',(0.,0.707106781186548,0.707106781186548));
#8208=DIRECTION('',(-0.866025403784438,-0.5,0.));
#8209=DIRECTION('',(-0.377964473009228,0.654653670707977,-0.654653670707977));
#8210=DIRECTION('',(0.,0.707106781186548,0.707106781186548));
#8211=DIRECTION('',(0.,0.707106781186548,0.707106781186548));
#8212=DIRECTION('',(0.67749794402081,-0.286344323664975,-0.677497944020809));
#8213=DIRECTION('',(0.,-0.707106781186548,-0.707106781186548));
#8214=DIRECTION('',(0.,0.707106781186548,0.707106781186548));
#8215=DIRECTION('',(-0.866025403784438,-0.5,0.));
#8216=DIRECTION('',(0.377964473009228,-0.654653670707977,0.654653670707977));
#8217=DIRECTION('',(0.,-0.707106781186548,-0.707106781186548));
#8218=DIRECTION('',(-0.67749794402081,0.286344323664975,0.677497944020809));
#8219=DIRECTION('',(0.866025403784438,0.5,0.));
#8220=DIRECTION('',(0.,-0.707106781186548,-0.707106781186548));
#8221=DIRECTION('',(0.,-0.707106781186548,-0.707106781186548));
#8222=DIRECTION('',(0.377964473009228,-0.654653670707977,0.654653670707977));
#8223=DIRECTION('',(0.,-0.707106781186548,-0.707106781186548));
#8224=DIRECTION('',(0.,-0.707106781186548,-0.707106781186548));
#8225=DIRECTION('',(0.866025403784438,0.5,0.));
#8226=DIRECTION('',(0.,-0.707106781186548,-0.707106781186548));
#8227=DIRECTION('',(0.,-0.707106781186548,-0.707106781186548));
#8228=DIRECTION('',(0.,0.,-1.));
#8229=DIRECTION('',(1.,0.,0.));
#8230=DIRECTION('',(1.,0.,0.));
#8231=DIRECTION('',(0.,1.,0.));
#8232=DIRECTION('',(1.,0.,0.));
#8233=DIRECTION('',(0.,1.,0.));
#8234=DIRECTION('',(1.,0.,0.));
#8235=DIRECTION('',(0.,0.,-1.));
#8236=DIRECTION('',(0.,-1.,0.));
#8237=DIRECTION('',(0.,-1.,0.));
#8238=DIRECTION('',(1.,0.,0.));
#8239=DIRECTION('',(0.,0.,-1.));
#8240=DIRECTION('',(0.,-0.707106781186548,-0.707106781186548));
#8241=DIRECTION('',(0.,-1.,0.));
#8242=DIRECTION('',(0.,-1.,0.));
#8243=DIRECTION('',(1.,-4.24397180667109E-16,0.));
#8244=DIRECTION('',(4.24397180667109E-16,1.,0.));
#8245=DIRECTION('',(0.,0.,1.));
#8246=DIRECTION('',(-4.24397180667109E-16,-1.,0.));
#8247=DIRECTION('',(0.,0.,-1.));
#8248=DIRECTION('',(4.24397180667109E-16,1.,0.));
#8249=DIRECTION('',(1.,-4.24397180667109E-16,0.));
#8250=DIRECTION('',(4.24397180667109E-16,1.,0.));
#8251=DIRECTION('',(0.,0.,1.));
#8252=DIRECTION('',(-4.24397180667109E-16,-1.,0.));
#8253=DIRECTION('',(0.,0.,-1.));
#8254=DIRECTION('',(4.24397180667109E-16,1.,0.));
#8255=DIRECTION('',(1.,-4.24397180667109E-16,0.));
#8256=DIRECTION('',(4.24397180667109E-16,1.,0.));
#8257=DIRECTION('',(0.,0.,1.));
#8258=DIRECTION('',(4.24397180667109E-16,1.,0.));
#8259=DIRECTION('',(0.,0.,-1.));
#8260=DIRECTION('',(-4.24397180667109E-16,-1.,0.));
#8261=DIRECTION('',(1.,-4.24397180667109E-16,0.));
#8262=DIRECTION('',(4.24397180667109E-16,1.,0.));
#8263=DIRECTION('',(0.,0.,1.));
#8264=DIRECTION('',(-4.24397180667109E-16,-1.,0.));
#8265=DIRECTION('',(0.,0.,-1.));
#8266=DIRECTION('',(4.24397180667109E-16,1.,0.));
#8267=DIRECTION('',(0.,0.,1.));
#8268=DIRECTION('',(1.,0.,0.));
#8269=DIRECTION('',(0.,0.,1.));
#8270=DIRECTION('',(1.,0.,0.));
#8271=DIRECTION('',(0.,0.,1.));
#8272=DIRECTION('',(1.,0.,0.));
#8273=DIRECTION('',(0.,0.,1.));
#8274=DIRECTION('',(1.,0.,0.));
#8275=DIRECTION('',(0.,0.,1.));
#8276=DIRECTION('',(1.,0.,0.));
#8277=DIRECTION('',(0.,0.,1.));
#8278=DIRECTION('',(1.,0.,0.));
#8279=DIRECTION('',(0.,0.,1.));
#8280=DIRECTION('',(1.,0.,0.));
#8281=DIRECTION('',(0.,0.,1.));
#8282=DIRECTION('',(1.,0.,0.));
#8283=DIRECTION('',(0.,0.,1.));
#8284=DIRECTION('',(1.,0.,0.));
#8285=DIRECTION('',(0.,-1.,0.));
#8286=DIRECTION('',(0.,1.,0.));
#8287=DIRECTION('',(0.866025403784438,0.5,0.));
#8288=DIRECTION('',(1.,0.,0.));
#8289=DIRECTION('',(1.,0.,0.));
#8290=DIRECTION('',(0.,1.,0.));
#8291=DIRECTION('',(0.866025403784438,0.5,0.));
#8292=DIRECTION('',(0.,-1.,0.));
#8293=DIRECTION('',(0.866025403784438,0.5,0.));
#8294=DIRECTION('',(1.,0.,0.));
#8295=DIRECTION('',(0.866025403784438,0.5,0.));
#8296=DIRECTION('',(2.00308613164954E-15,-1.,0.));
#8297=DIRECTION('',(0.866025403784438,0.5,0.));
#8298=DIRECTION('',(0.866025403784438,0.5,0.));
#8299=DIRECTION('',(1.,0.,0.));
#8300=DIRECTION('',(0.,1.,0.));
#8301=DIRECTION('',(0.866025403784438,0.5,0.));
#8302=DIRECTION('',(1.,0.,0.));
#8303=DIRECTION('',(0.,1.,0.));
#8304=DIRECTION('',(0.866025403784438,0.5,0.));
#8305=DIRECTION('',(1.,0.,0.));
#8306=DIRECTION('',(0.,1.,0.));
#8307=DIRECTION('',(0.866025403784438,0.5,0.));
#8308=DIRECTION('',(1.,1.15648231731787E-15,0.));
#8309=DIRECTION('',(0.,1.,0.));
#8310=DIRECTION('',(0.866025403784438,0.5,0.));
#8311=DIRECTION('',(0.,-1.,0.));
#8312=DIRECTION('',(0.866025403784438,0.5,0.));
#8313=DIRECTION('',(1.,0.,0.));
#8314=DIRECTION('',(0.866025403784438,0.5,0.));
#8315=DIRECTION('',(0.,-1.,0.));
#8316=DIRECTION('',(0.866025403784438,0.5,0.));
#8317=DIRECTION('',(1.,5.78241158658935E-16,0.));
#8318=DIRECTION('',(0.866025403784438,0.5,0.));
#8319=DIRECTION('',(0.,-1.,0.));
#8320=DIRECTION('',(0.866025403784438,0.5,0.));
#8321=DIRECTION('',(1.,5.78241158658933E-16,0.));
#8322=DIRECTION('',(0.866025403784438,0.5,0.));
#8323=DIRECTION('',(0.,-1.,0.));
#8324=DIRECTION('',(0.866025403784438,0.5,0.));
#8325=DIRECTION('',(1.,5.78241158658933E-16,0.));
#8326=DIRECTION('',(0.866025403784438,0.5,0.));
#8327=DIRECTION('',(1.,0.,0.));
#8328=DIRECTION('',(0.,1.,0.));
#8329=DIRECTION('',(0.866025403784438,0.5,0.));
#8330=DIRECTION('',(-1.,-1.98254111540206E-16,0.));
#8331=DIRECTION('',(0.,-1.,0.));
#8332=DIRECTION('',(1.,1.98254111540206E-16,0.));
#8333=DIRECTION('',(0.,1.,0.));
#8334=DIRECTION('',(0.,0.,1.));
#8335=DIRECTION('',(1.,0.,0.));
#8336=DIRECTION('',(0.,0.,1.));
#8337=DIRECTION('',(1.,0.,0.));
#8338=DIRECTION('',(0.,0.,1.));
#8339=DIRECTION('',(1.,0.,0.));
#8340=DIRECTION('',(0.,0.,1.));
#8341=DIRECTION('',(1.,0.,0.));
#8342=DIRECTION('',(0.,0.,1.));
#8343=DIRECTION('',(1.,0.,0.));
#8344=DIRECTION('',(0.,0.,1.));
#8345=DIRECTION('',(1.,0.,0.));
#8346=DIRECTION('',(0.,0.,1.));
#8347=DIRECTION('',(1.,0.,0.));
#8348=DIRECTION('',(0.,0.,1.));
#8349=DIRECTION('',(1.,0.,0.));
#8350=DIRECTION('',(0.,0.,1.));
#8351=DIRECTION('',(1.,0.,0.));
#8352=DIRECTION('',(0.,0.,1.));
#8353=DIRECTION('',(1.,0.,0.));
#8354=DIRECTION('',(0.,0.,1.));
#8355=DIRECTION('',(1.,0.,0.));
#8356=DIRECTION('',(0.,0.,1.));
#8357=DIRECTION('',(1.,0.,0.));
#8358=DIRECTION('',(-5.38733998750561E-16,-1.,0.));
#8359=DIRECTION('',(1.,-5.38733998750561E-16,0.));
#8360=DIRECTION('',(0.,0.,1.));
#8361=DIRECTION('',(-1.,5.38733998750561E-16,0.));
#8362=DIRECTION('',(0.,0.,1.));
#8363=DIRECTION('',(1.,-5.38733998750561E-16,0.));
#8364=DIRECTION('',(-5.38733998750561E-16,-1.,0.));
#8365=DIRECTION('',(1.,-5.38733998750561E-16,0.));
#8366=DIRECTION('',(0.,0.,1.));
#8367=DIRECTION('',(-1.,5.38733998750561E-16,0.));
#8368=DIRECTION('',(0.,0.,-1.));
#8369=DIRECTION('',(1.,-5.38733998750561E-16,0.));
#8370=DIRECTION('',(-5.38733998750561E-16,-1.,0.));
#8371=DIRECTION('',(1.,-5.38733998750561E-16,0.));
#8372=DIRECTION('',(0.,0.,-1.));
#8373=DIRECTION('',(1.,-5.38733998750561E-16,0.));
#8374=DIRECTION('',(0.,0.,-1.));
#8375=DIRECTION('',(-1.,5.38733998750561E-16,0.));
#8376=DIRECTION('',(-5.38733998750561E-16,-1.,0.));
#8377=DIRECTION('',(1.,-5.38733998750561E-16,0.));
#8378=DIRECTION('',(0.,0.,-1.));
#8379=DIRECTION('',(1.,-5.38733998750561E-16,0.));
#8380=DIRECTION('',(0.,0.,-1.));
#8381=DIRECTION('',(-1.,5.38733998750561E-16,0.));
#8382=DIRECTION('',(0.,0.,1.));
#8383=DIRECTION('',(1.,0.,0.));
#8384=DIRECTION('',(0.,0.,1.));
#8385=DIRECTION('',(1.,0.,0.));
#8386=DIRECTION('',(0.,0.,1.));
#8387=DIRECTION('',(1.,0.,0.));
#8388=DIRECTION('',(-1.,-1.98254111540206E-16,0.));
#8389=DIRECTION('',(0.,1.,0.));
#8390=DIRECTION('',(1.,0.,0.));
#8391=DIRECTION('',(-4.24397180667109E-16,-1.,0.));
#8392=DIRECTION('',(-1.,0.,0.));
#8393=DIRECTION('',(0.,-1.,0.));
#8394=DIRECTION('',(1.,0.,0.));
#8395=DIRECTION('',(-4.24397180667109E-16,-1.,0.));
#8396=DIRECTION('',(1.,-5.38733998750561E-16,0.));
#8397=DIRECTION('',(0.,1.,0.));
#8398=DIRECTION('',(0.,0.,1.));
#8399=DIRECTION('',(1.,0.,0.));
#8400=DIRECTION('',(0.,-1.,0.));
#8401=DIRECTION('',(1.,-5.38733998750561E-16,0.));
#8402=DIRECTION('',(0.,1.,0.));
#8403=DIRECTION('',(0.,0.,1.));
#8404=DIRECTION('',(1.,0.,0.));
#8405=DIRECTION('',(0.,-1.,0.));
#8406=DIRECTION('',(1.,-5.38733998750561E-16,0.));
#8407=DIRECTION('',(4.24397180667109E-16,1.,0.));
#8408=DIRECTION('',(1.,-4.95635278850516E-16,0.));
#8409=DIRECTION('',(0.,-1.,0.));
#8410=DIRECTION('',(1.98254111540206E-16,-1.,0.));
#8411=DIRECTION('',(1.,1.98254111540206E-16,0.));
#8412=DIRECTION('',(-1.,-1.98254111540206E-16,-4.44418506716139E-32));
#8413=DIRECTION('',(0.,0.,-1.));
#8414=DIRECTION('',(1.,1.98254111540206E-16,0.));
#8415=DIRECTION('',(0.,0.,1.));
#8416=DIRECTION('',(-1.,0.,0.));
#8417=DIRECTION('',(0.,0.,1.));
#8418=DIRECTION('',(0.,0.,1.));
#8419=DIRECTION('',(0.,-0.554700196225229,0.832050294337844));
#8420=DIRECTION('',(0.,-1.,0.));
#8421=DIRECTION('',(0.,-0.55470019622523,-0.832050294337843));
#8422=DIRECTION('',(0.,0.,-1.));
#8423=DIRECTION('',(0.,1.,0.));
#8424=DIRECTION('',(0.,0.,1.));
#8425=DIRECTION('',(0.,1.,0.));
#8426=DIRECTION('',(0.,0.,-1.));
#8427=DIRECTION('',(0.,1.,0.));
#8428=DIRECTION('',(1.98254111540206E-16,-1.,0.));
#8429=DIRECTION('',(1.,1.98254111540206E-16,0.));
#8430=DIRECTION('',(-1.,-1.98254111540206E-16,0.));
#8431=DIRECTION('',(0.,0.,1.));
#8432=DIRECTION('',(1.,1.98254111540206E-16,-4.4441850671614E-32));
#8433=DIRECTION('',(0.,0.,-1.));
#8434=DIRECTION('',(-5.38733998750561E-16,-1.,0.));
#8435=DIRECTION('',(1.,-5.38733998750561E-16,0.));
#8436=DIRECTION('',(-1.,5.38733998750561E-16,0.));
#8437=DIRECTION('',(0.,0.,1.));
#8438=DIRECTION('',(1.,-5.38733998750561E-16,0.));
#8439=DIRECTION('',(1.,-4.24397180667109E-16,0.));
#8440=DIRECTION('',(4.24397180667109E-16,1.,0.));
#8441=DIRECTION('',(4.24397180667109E-16,1.,0.));
#8442=DIRECTION('',(0.,0.,-1.));
#8443=DIRECTION('',(-4.24397180667109E-16,-1.,0.));
#8444=DIRECTION('',(-5.38733998750561E-16,-1.,0.));
#8445=DIRECTION('',(1.,-5.38733998750561E-16,0.));
#8446=DIRECTION('',(1.,-5.38733998750561E-16,0.));
#8447=DIRECTION('',(0.,0.,-1.));
#8448=DIRECTION('',(-1.,5.38733998750561E-16,0.));
#8449=DIRECTION('',(1.,-4.24397180667109E-16,0.));
#8450=DIRECTION('',(4.24397180667109E-16,1.,0.));
#8451=DIRECTION('',(-4.24397180667109E-16,-1.,0.));
#8452=DIRECTION('',(0.,0.,-1.));
#8453=DIRECTION('',(4.24397180667109E-16,1.,0.));
#8454=DIRECTION('',(1.,0.,0.));
#8455=DIRECTION('',(0.,0.,-1.));
#8456=DIRECTION('',(0.,0.,1.));
#8457=DIRECTION('',(0.,1.,0.));
#8458=DIRECTION('',(0.,-1.,0.));
#8459=DIRECTION('',(0.,0.,1.));
#8460=DIRECTION('',(1.,0.,0.));
#8461=DIRECTION('',(0.,0.,1.));
#8462=DIRECTION('',(0.,0.,-1.));
#8463=DIRECTION('',(-1.,0.,0.));
#8464=DIRECTION('',(0.,0.,1.));
#8465=DIRECTION('',(1.,0.,0.));
#8466=DIRECTION('',(1.,0.,0.));
#8467=DIRECTION('',(0.,0.,-1.));
#8468=DIRECTION('',(0.,-1.,0.));
#8469=DIRECTION('',(0.,1.,0.));
#8470=DIRECTION('',(1.,0.,0.));
#8471=DIRECTION('',(0.,0.,-1.));
#8472=DIRECTION('',(0.,0.,1.));
#8473=DIRECTION('',(0.,1.,0.));
#8474=DIRECTION('',(0.,-1.,0.));
#8475=DIRECTION('',(1.,0.,0.));
#8476=DIRECTION('',(0.,0.,-1.));
#8477=DIRECTION('',(0.,-1.,0.));
#8478=DIRECTION('',(0.,0.,1.));
#8479=DIRECTION('',(0.,1.,0.));
#8480=DIRECTION('',(0.,0.,1.));
#8481=DIRECTION('',(1.,0.,0.));
#8482=DIRECTION('',(0.,0.,-1.));
#8483=DIRECTION('',(-1.,0.,0.));
#8484=DIRECTION('',(0.,0.,1.));
#8485=DIRECTION('',(1.,0.,0.));
#8486=DIRECTION('',(-1.,0.,0.));
#8487=DIRECTION('',(0.,0.,1.));
#8488=DIRECTION('',(0.,0.,1.));
#8489=DIRECTION('',(0.,-1.,0.));
#8490=DIRECTION('',(0.,1.,0.));
#8491=DIRECTION('',(-1.,0.,0.));
#8492=DIRECTION('',(0.,0.,1.));
#8493=DIRECTION('',(0.,1.,0.));
#8494=DIRECTION('',(0.,0.,1.));
#8495=DIRECTION('',(0.,-1.,0.));
#8496=DIRECTION('',(0.,0.,1.));
#8497=DIRECTION('',(1.,0.,0.));
#8498=DIRECTION('',(0.,0.,-1.));
#8499=DIRECTION('',(-1.,0.,0.));
#8500=DIRECTION('',(0.,0.,1.));
#8501=DIRECTION('',(1.,0.,0.));
#8502=DIRECTION('',(-1.,0.,0.));
#8503=DIRECTION('',(0.,0.,1.));
#8504=DIRECTION('',(0.,0.,1.));
#8505=DIRECTION('',(0.,-1.,0.));
#8506=DIRECTION('',(0.,1.,0.));
#8507=DIRECTION('',(-1.,0.,0.));
#8508=DIRECTION('',(0.,0.,1.));
#8509=DIRECTION('',(0.,1.,0.));
#8510=DIRECTION('',(0.,0.,1.));
#8511=DIRECTION('',(0.,-1.,0.));
#8512=DIRECTION('',(0.,0.,1.));
#8513=DIRECTION('',(1.,0.,0.));
#8514=DIRECTION('',(0.,0.,-1.));
#8515=DIRECTION('',(-1.,0.,0.));
#8516=DIRECTION('',(0.,0.,1.));
#8517=DIRECTION('',(1.,0.,0.));
#8518=DIRECTION('',(0.,0.,1.));
#8519=DIRECTION('',(1.,0.,0.));
#8520=DIRECTION('',(0.,0.,1.));
#8521=DIRECTION('',(1.,0.,0.));
#8522=DIRECTION('',(0.,0.,-1.));
#8523=DIRECTION('',(-0.6,-0.8,0.));
#8524=DIRECTION('',(0.,0.,1.));
#8525=DIRECTION('',(1.,0.,0.));
#8526=DIRECTION('',(0.,0.,1.));
#8527=DIRECTION('',(1.,0.,0.));
#8528=DIRECTION('',(0.,0.,1.));
#8529=DIRECTION('',(1.,0.,0.));
#8530=DIRECTION('',(0.,0.,1.));
#8531=DIRECTION('',(1.,0.,0.));
#8532=DIRECTION('',(0.,0.,-1.));
#8533=DIRECTION('',(-0.6,-0.8,0.));
#8534=DIRECTION('',(0.,0.,1.));
#8535=DIRECTION('',(1.,0.,0.));
#8536=DIRECTION('',(0.,0.,1.));
#8537=DIRECTION('',(1.,0.,0.));
#8538=DIRECTION('',(0.,0.,1.));
#8539=DIRECTION('',(1.,0.,0.));
#8540=DIRECTION('',(0.,0.,1.));
#8541=DIRECTION('',(1.,0.,0.));
#8542=DIRECTION('',(0.,0.,1.));
#8543=DIRECTION('',(-0.6,0.8,0.));
#8544=DIRECTION('',(0.,0.,1.));
#8545=DIRECTION('',(1.,0.,0.));
#8546=DIRECTION('',(0.,0.,1.));
#8547=DIRECTION('',(1.,0.,0.));
#8548=DIRECTION('',(0.,0.,1.));
#8549=DIRECTION('',(1.,0.,0.));
#8550=DIRECTION('',(0.,0.,1.));
#8551=DIRECTION('',(1.,0.,0.));
#8552=DIRECTION('',(0.,0.,1.));
#8553=DIRECTION('',(-0.6,0.8,0.));
#8554=DIRECTION('',(0.,0.,1.));
#8555=DIRECTION('',(1.,0.,0.));
#8556=DIRECTION('',(0.,0.,1.));
#8557=DIRECTION('',(1.,0.,0.));
#8558=DIRECTION('',(0.,0.,1.));
#8559=DIRECTION('',(1.,0.,0.));
#8560=DIRECTION('',(0.,0.,1.));
#8561=DIRECTION('',(1.,0.,0.));
#8562=DIRECTION('',(0.,0.,1.));
#8563=DIRECTION('',(1.,0.,0.));
#8564=DIRECTION('',(0.,0.,1.));
#8565=DIRECTION('',(1.,0.,0.));
#8566=DIRECTION('',(0.,1.,0.));
#8567=DIRECTION('',(0.,0.,1.));
#8568=DIRECTION('',(0.,0.,1.));
#8569=DIRECTION('',(1.,0.,0.));
#8570=DIRECTION('',(0.,0.,-1.));
#8571=DIRECTION('',(-1.,0.,0.));
#8572=DIRECTION('',(-1.,0.,0.));
#8573=DIRECTION('',(0.,1.,0.));
#8574=DIRECTION('',(0.,0.,1.));
#8575=DIRECTION('',(0.,0.,1.));
#8576=DIRECTION('',(-1.,0.,0.));
#8577=DIRECTION('',(0.,0.,-1.));
#8578=DIRECTION('',(1.,0.,0.));
#8579=DIRECTION('',(1.,0.,0.));
#8580=DIRECTION('',(-4.95635278850516E-16,-1.,0.));
#8581=DIRECTION('',(1.,-4.95635278850516E-16,0.));
#8582=DIRECTION('',(0.,0.,-1.));
#8583=DIRECTION('',(-1.,4.95635278850516E-16,0.));
#8584=DIRECTION('',(0.,0.,-1.));
#8585=DIRECTION('',(1.,-4.95635278850516E-16,0.));
#8586=DIRECTION('',(0.,0.,1.));
#8587=DIRECTION('',(1.,0.,0.));
#8588=DIRECTION('',(-0.707106781186545,3.50467066670484E-16,0.70710678118655));
#8589=DIRECTION('',(-4.95635278850516E-16,-1.,0.));
#8590=DIRECTION('',(1.,-4.95635278850516E-16,0.));
#8591=DIRECTION('',(0.,0.,1.));
#8592=DIRECTION('',(1.,-4.95635278850516E-16,0.));
#8593=DIRECTION('',(0.,0.,1.));
#8594=DIRECTION('',(0.707106781186545,-3.50467066670484E-16,-0.70710678118655));
#8595=DIRECTION('',(1.,-4.95635278850516E-16,0.));
#8596=DIRECTION('',(0.,0.,-1.));
#8597=DIRECTION('',(-1.,4.95635278850516E-16,0.));
#8598=DIRECTION('',(0.,1.,0.));
#8599=DIRECTION('',(0.,0.,1.));
#8600=DIRECTION('',(0.,0.,-1.));
#8601=DIRECTION('',(0.707106781186545,0.,0.70710678118655));
#8602=DIRECTION('',(0.,0.,-1.));
#8603=DIRECTION('',(-1.,0.,0.));
#8604=DIRECTION('',(0.,0.,-1.));
#8605=DIRECTION('',(-1.,0.,0.));
#8606=DIRECTION('',(0.,1.,0.));
#8607=DIRECTION('',(0.,0.,1.));
#8608=DIRECTION('',(-0.707106781186545,0.,-0.70710678118655));
#8609=DIRECTION('',(0.,0.,-1.));
#8610=DIRECTION('',(1.,0.,0.));
#8611=DIRECTION('',(0.,0.,1.));
#8612=DIRECTION('',(1.,0.,0.));
#8613=DIRECTION('',(0.,0.,-1.));
#8614=DIRECTION('',(-1.,0.,0.));
#8615=DIRECTION('',(0.,0.,1.));
#8616=DIRECTION('',(0.,-1.,0.));
#8617=DIRECTION('',(1.,0.,0.));
#8618=DIRECTION('',(0.,0.,-1.));
#8619=DIRECTION('',(0.,0.,-1.));
#8620=DIRECTION('',(0.,-1.,0.));
#8621=DIRECTION('',(0.,1.,0.));
#8622=DIRECTION('',(0.,0.,1.));
#8623=DIRECTION('',(1.,0.,0.));
#8624=DIRECTION('',(0.,0.,-1.));
#8625=DIRECTION('',(1.,0.,0.));
#8626=DIRECTION('',(0.,0.,1.));
#8627=DIRECTION('',(1.,0.,0.));
#8628=DIRECTION('',(0.,0.,1.));
#8629=DIRECTION('',(1.,0.,0.));
#8630=DIRECTION('',(0.,0.,-1.));
#8631=DIRECTION('',(1.,0.,0.));
#8632=DIRECTION('',(0.,1.,0.));
#8633=DIRECTION('',(1.,0.,0.));
#8634=DIRECTION('',(0.,-1.,0.));
#8635=DIRECTION('',(0.,1.,0.));
#8636=DIRECTION('',(0.,1.,0.));
#8637=DIRECTION('',(0.,1.,0.));
#8638=DIRECTION('',(0.866025403784438,0.5,0.));
#8639=DIRECTION('',(0.,1.,0.));
#8640=DIRECTION('',(0.,1.,0.));
#8641=DIRECTION('',(-1.64957391860716E-16,0.832050294337844,0.554700196225229));
#8642=DIRECTION('',(1.,1.98254111540206E-16,0.));
#8643=DIRECTION('',(-1.,-1.98254111540206E-16,4.10030027640543E-32));
#8644=DIRECTION('',(0.,-0.554700196225229,0.832050294337844));
#8645=DIRECTION('',(1.,1.98254111540206E-16,-6.83315899368429E-33));
#8646=DIRECTION('',(0.,0.554700196225229,-0.832050294337844));
#8647=DIRECTION('',(-1.64957391860716E-16,0.832050294337844,-0.55470019622523));
#8648=DIRECTION('',(-1.,-1.98254111540206E-16,0.));
#8649=DIRECTION('',(1.,1.98254111540206E-16,2.05116233868988E-32));
#8650=DIRECTION('',(0.,0.55470019622523,0.832050294337844));
#8651=DIRECTION('',(-1.,-1.98254111540206E-16,-3.52217218927751E-32));
#8652=DIRECTION('',(0.,-0.55470019622523,-0.832050294337844));
#8653=DIRECTION('',(-1.,0.,0.));
#8654=DIRECTION('',(0.,0.,1.));
#8655=DIRECTION('',(0.,-0.707106781186548,-0.707106781186548));
#8656=DIRECTION('',(0.,-1.,0.));
#8657=DIRECTION('',(-0.377964473009228,0.654653670707977,0.654653670707977));
#8658=DIRECTION('',(0.,-0.707106781186548,0.707106781186548));
#8659=DIRECTION('',(0.,0.707106781186548,-0.707106781186548));
#8660=DIRECTION('',(-0.866025403784438,-0.5,-6.79728382423566E-18));
#8661=DIRECTION('',(0.,0.707106781186548,-0.707106781186548));
#8662=DIRECTION('',(0.866025403784438,0.5,0.));
#8663=DIRECTION('',(4.08878244448898E-16,-0.707106781186548,-0.707106781186548));
#8664=DIRECTION('',(0.,0.707106781186548,-0.707106781186548));
#8665=DIRECTION('',(-0.881917103688194,-0.333333333333337,0.333333333333337));
#8666=DIRECTION('',(0.,0.707106781186548,-0.707106781186548));
#8667=DIRECTION('',(1.,5.78241158658933E-16,0.));
#8668=DIRECTION('',(0.377964473009228,-0.654653670707977,-0.654653670707977));
#8669=DIRECTION('',(0.,0.707106781186548,-0.707106781186548));
#8670=DIRECTION('',(-0.677497944020792,0.286344323664995,-0.677497944020818));
#8671=DIRECTION('',(0.,0.707106781186548,-0.707106781186548));
#8672=DIRECTION('',(0.866025403784438,0.5,0.));
#8673=DIRECTION('',(1.,0.,0.));
#8674=DIRECTION('',(0.,0.,-1.));
#8675=DIRECTION('',(0.,1.,0.));
#8676=DIRECTION('',(0.,-0.466583903686761,-0.884476941938242));
#8677=DIRECTION('',(0.,-0.707106781186548,-0.707106781186548));
#8678=DIRECTION('',(0.,-0.707106781186548,-0.707106781186548));
#8679=DIRECTION('',(-0.377964473009228,0.654653670707977,0.654653670707977));
#8680=DIRECTION('',(0.,-0.707106781186548,0.707106781186548));
#8681=DIRECTION('',(0.,0.707106781186548,-0.707106781186548));
#8682=DIRECTION('',(-0.866025403784438,-0.5,7.39137100201061E-17));
#8683=DIRECTION('',(0.,0.707106781186548,-0.707106781186548));
#8684=DIRECTION('',(0.866025403784438,0.5,0.));
#8685=DIRECTION('',(4.08878244448898E-16,-0.707106781186548,-0.707106781186548));
#8686=DIRECTION('',(0.,0.707106781186548,-0.707106781186548));
#8687=DIRECTION('',(-0.881917103688196,-0.333333333333335,0.333333333333335));
#8688=DIRECTION('',(0.,0.707106781186548,-0.707106781186548));
#8689=DIRECTION('',(1.,5.78241158658933E-16,0.));
#8690=DIRECTION('',(0.377964473009228,-0.654653670707977,-0.654653670707977));
#8691=DIRECTION('',(0.,0.707106781186548,-0.707106781186548));
#8692=DIRECTION('',(-0.677497944020835,0.286344323664948,-0.677497944020796));
#8693=DIRECTION('',(0.,0.707106781186548,-0.707106781186548));
#8694=DIRECTION('',(0.866025403784438,0.5,0.));
#8695=DIRECTION('',(1.,0.,0.));
#8696=DIRECTION('',(0.,0.,-1.));
#8697=DIRECTION('',(0.,1.,0.));
#8698=DIRECTION('',(0.,-0.46658390368677,-0.884476941938237));
#8699=DIRECTION('',(0.,-0.707106781186548,-0.707106781186548));
#8700=DIRECTION('',(0.,-0.707106781186548,-0.707106781186548));
#8701=DIRECTION('',(-0.377964473009228,0.654653670707977,0.654653670707977));
#8702=DIRECTION('',(0.,-0.707106781186548,0.707106781186548));
#8703=DIRECTION('',(0.,0.707106781186548,-0.707106781186548));
#8704=DIRECTION('',(-0.866025403784438,-0.5,5.56473164166677E-18));
#8705=DIRECTION('',(0.,0.707106781186548,-0.707106781186548));
#8706=DIRECTION('',(0.866025403784438,0.5,0.));
#8707=DIRECTION('',(4.08878244448899E-16,-0.707106781186548,-0.707106781186548));
#8708=DIRECTION('',(0.,0.707106781186548,-0.707106781186548));
#8709=DIRECTION('',(-0.8819171036882,-0.333333333333329,0.333333333333328));
#8710=DIRECTION('',(0.,0.707106781186548,-0.707106781186548));
#8711=DIRECTION('',(1.,5.78241158658935E-16,0.));
#8712=DIRECTION('',(0.377964473009228,-0.654653670707977,-0.654653670707977));
#8713=DIRECTION('',(0.,0.707106781186548,-0.707106781186548));
#8714=DIRECTION('',(-0.677497944020835,0.286344323664948,-0.677497944020796));
#8715=DIRECTION('',(0.,0.707106781186548,-0.707106781186548));
#8716=DIRECTION('',(0.866025403784438,0.5,0.));
#8717=DIRECTION('',(1.,0.,0.));
#8718=DIRECTION('',(0.,0.,-1.));
#8719=DIRECTION('',(0.,1.,0.));
#8720=DIRECTION('',(0.,-0.466583903686793,-0.884476941938225));
#8721=DIRECTION('',(0.,-0.707106781186548,-0.707106781186548));
#8722=DIRECTION('',(0.,-0.707106781186548,-0.707106781186548));
#8723=DIRECTION('',(-0.377964473009228,0.654653670707977,0.654653670707977));
#8724=DIRECTION('',(0.,-0.707106781186548,0.707106781186548));
#8725=DIRECTION('',(0.,0.707106781186548,-0.707106781186548));
#8726=DIRECTION('',(-0.866025403784438,-0.5,7.39137100201061E-17));
#8727=DIRECTION('',(0.,0.707106781186548,-0.707106781186548));
#8728=DIRECTION('',(0.866025403784438,0.5,0.));
#8729=DIRECTION('',(0.,-0.707106781186548,-0.707106781186548));
#8730=DIRECTION('',(0.,0.707106781186548,-0.707106781186548));
#8731=DIRECTION('',(-0.881917103688192,-0.33333333333334,0.33333333333334));
#8732=DIRECTION('',(0.,0.707106781186548,-0.707106781186548));
#8733=DIRECTION('',(1.,0.,0.));
#8734=DIRECTION('',(0.377964473009228,-0.654653670707977,-0.654653670707977));
#8735=DIRECTION('',(0.,0.707106781186548,-0.707106781186548));
#8736=DIRECTION('',(-0.677497944020792,0.286344323664995,-0.677497944020818));
#8737=DIRECTION('',(0.,0.707106781186548,-0.707106781186548));
#8738=DIRECTION('',(0.866025403784438,0.5,0.));
#8739=DIRECTION('',(1.,0.,0.));
#8740=DIRECTION('',(0.,0.,-1.));
#8741=DIRECTION('',(0.,1.,0.));
#8742=DIRECTION('',(0.,-0.466583903686747,-0.884476941938249));
#8743=DIRECTION('',(0.,-0.707106781186548,-0.707106781186548));
#8744=DIRECTION('',(0.,-0.707106781186548,-0.707106781186548));
#8745=DIRECTION('',(-8.17756488897798E-16,0.707106781186548,0.707106781186548));
#8746=DIRECTION('',(0.,-0.707106781186548,0.707106781186548));
#8747=DIRECTION('',(-1.,-1.15648231731787E-15,0.));
#8748=DIRECTION('',(1.,1.15648231731787E-15,0.));
#8749=DIRECTION('',(0.,0.707106781186548,0.707106781186548));
#8750=DIRECTION('',(0.,-0.707106781186548,0.707106781186548));
#8751=DIRECTION('',(-1.,0.,0.));
#8752=DIRECTION('',(1.,0.,0.));
#8753=DIRECTION('',(0.,0.707106781186548,0.707106781186548));
#8754=DIRECTION('',(0.,-0.707106781186548,0.707106781186548));
#8755=DIRECTION('',(-1.,0.,0.));
#8756=DIRECTION('',(1.,0.,0.));
#8757=DIRECTION('',(-1.,0.,0.));
#8758=DIRECTION('',(0.,0.,1.));
#8759=DIRECTION('',(0.,-1.,0.));
#8760=DIRECTION('',(-1.,0.,0.));
#8761=DIRECTION('',(0.,0.,1.));
#8762=DIRECTION('',(0.,-1.,0.));
#8763=DIRECTION('',(0.,0.707106781186549,-0.707106781186546));
#8764=DIRECTION('',(0.,0.707106781186548,0.707106781186548));
#8765=DIRECTION('',(0.,-0.707106781186548,0.707106781186548));
#8766=DIRECTION('',(-1.,0.,0.));
#8767=DIRECTION('',(1.,0.,0.));
#8768=DIRECTION('',(0.377964473009228,-0.654653670707977,-0.654653670707977));
#8769=DIRECTION('',(0.,0.707106781186548,-0.707106781186548));
#8770=DIRECTION('',(-0.677497944020821,0.286344323664963,-0.677497944020803));
#8771=DIRECTION('',(0.,0.707106781186548,-0.707106781186548));
#8772=DIRECTION('',(0.866025403784438,0.5,0.));
#8773=DIRECTION('',(1.,2.00308613164954E-15,2.00308613164954E-15));
#8774=DIRECTION('',(2.00308613164954E-15,0.,-1.));
#8775=DIRECTION('',(-2.00308613164954E-15,1.,0.));
#8776=DIRECTION('',(2.67794430694759E-15,-0.466583903686778,-0.884476941938233));
#8777=DIRECTION('',(0.,-0.707106781186548,-0.707106781186548));
#8778=DIRECTION('',(-0.377964473009228,0.654653670707977,0.654653670707977));
#8779=DIRECTION('',(0.,-0.707106781186548,0.707106781186548));
#8780=DIRECTION('',(0.,0.707106781186548,-0.707106781186548));
#8781=DIRECTION('',(-0.866025403784438,-0.5,5.56473164166677E-18));
#8782=DIRECTION('',(0.,0.707106781186548,-0.707106781186548));
#8783=DIRECTION('',(0.866025403784438,0.5,0.));
#8784=DIRECTION('',(0.,-0.707106781186548,-0.707106781186548));
#8785=DIRECTION('',(0.,0.707106781186548,-0.707106781186548));
#8786=DIRECTION('',(-0.881917103688198,-0.333333333333332,0.333333333333332));
#8787=DIRECTION('',(0.,0.707106781186548,-0.707106781186548));
#8788=DIRECTION('',(1.,0.,0.));
#8789=DIRECTION('',(0.377964473009228,-0.654653670707977,-0.654653670707977));
#8790=DIRECTION('',(0.,0.707106781186548,-0.707106781186548));
#8791=DIRECTION('',(-0.677497944020835,0.286344323664948,-0.677497944020796));
#8792=DIRECTION('',(0.,0.707106781186548,-0.707106781186548));
#8793=DIRECTION('',(0.866025403784438,0.5,0.));
#8794=DIRECTION('',(1.,0.,0.));
#8795=DIRECTION('',(0.,0.,-1.));
#8796=DIRECTION('',(0.,1.,0.));
#8797=DIRECTION('',(0.,-0.466583903686779,-0.884476941938232));
#8798=DIRECTION('',(0.,-0.707106781186548,-0.707106781186548));
#8799=DIRECTION('',(0.,-0.707106781186548,-0.707106781186548));
#8800=DIRECTION('',(0.,0.707106781186548,0.707106781186548));
#8801=DIRECTION('',(0.,-0.707106781186548,0.707106781186548));
#8802=DIRECTION('',(-1.,0.,0.));
#8803=DIRECTION('',(1.,0.,0.));
#8804=DIRECTION('',(-1.,0.,0.));
#8805=DIRECTION('',(0.,0.,1.));
#8806=DIRECTION('',(0.,-0.707106781186548,-0.707106781186548));
#8807=DIRECTION('',(1.,0.,0.));
#8808=DIRECTION('',(0.,0.,-1.));
#8809=DIRECTION('',(0.,1.,0.));
#8810=DIRECTION('',(0.,-0.382683432365084,-0.923879532511289));
#8811=DIRECTION('',(0.,0.707106781186548,-0.707106781186548));
#8812=DIRECTION('',(0.,-0.707106781186548,-0.707106781186548));
#8813=DIRECTION('',(0.,0.707106781186548,0.707106781186548));
#8814=DIRECTION('',(0.,-0.707106781186548,0.707106781186548));
#8815=DIRECTION('',(-1.,0.,0.));
#8816=DIRECTION('',(1.,0.,0.));
#8817=DIRECTION('',(0.377964473009228,-0.654653670707977,0.654653670707977));
#8818=DIRECTION('',(0.,-0.707106781186548,-0.707106781186548));
#8819=DIRECTION('',(-0.67749794402081,0.286344323664975,0.677497944020809));
#8820=DIRECTION('',(0.,-0.707106781186548,-0.707106781186548));
#8821=DIRECTION('',(0.,-0.707106781186548,-0.707106781186548));
#8822=DIRECTION('',(-8.17756488897798E-16,0.707106781186548,-0.707106781186548));
#8823=DIRECTION('',(0.,0.707106781186548,0.707106781186548));
#8824=DIRECTION('',(0.,0.707106781186548,-0.707106781186548));
#8825=DIRECTION('',(0.,0.707106781186548,0.707106781186548));
#8826=DIRECTION('',(0.,0.707106781186548,-0.707106781186548));
#8827=DIRECTION('',(0.,0.707106781186548,0.707106781186548));
#8828=DIRECTION('',(0.,-0.707106781186548,0.707106781186548));
#8829=DIRECTION('',(0.,-0.707106781186548,-0.707106781186548));
#8830=DIRECTION('',(0.,0.707106781186548,-0.707106781186548));
#8831=DIRECTION('',(0.,0.707106781186548,0.707106781186548));
#8832=DIRECTION('',(0.,0.707106781186548,-0.707106781186548));
#8833=DIRECTION('',(0.,0.707106781186548,0.707106781186548));
#8834=DIRECTION('',(0.377964473009228,-0.654653670707977,0.654653670707977));
#8835=DIRECTION('',(0.,-0.707106781186548,-0.707106781186548));
#8836=DIRECTION('',(2.65981826681981E-16,0.707106781186548,0.707106781186548));
#8837=DIRECTION('',(0.,-0.707106781186548,-0.707106781186548));
#8838=DIRECTION('',(-1.,0.,0.));
#8839=DIRECTION('',(0.,0.,1.));
#8840=DIRECTION('',(0.,-0.70710678118655,-0.707106781186545));
#8841=DIRECTION('',(-0.377964473009228,0.654653670707977,-0.654653670707977));
#8842=DIRECTION('',(0.,0.707106781186548,0.707106781186548));
#8843=DIRECTION('',(-0.866025403784438,-0.5,0.));
#8844=DIRECTION('',(-0.377964473009228,0.654653670707977,-0.654653670707977));
#8845=DIRECTION('',(0.,0.707106781186548,0.707106781186548));
#8846=DIRECTION('',(0.,-0.707106781186548,-0.707106781186548));
#8847=DIRECTION('',(4.08878244448898E-16,-0.707106781186548,0.707106781186548));
#8848=DIRECTION('',(0.,-0.707106781186548,-0.707106781186548));
#8849=DIRECTION('',(0.,-0.707106781186548,-0.707106781186548));
#8850=DIRECTION('',(0.377964473009228,-0.654653670707977,0.654653670707977));
#8851=DIRECTION('',(0.,-0.707106781186547,-0.707106781186548));
#8852=DIRECTION('',(-0.377964473009228,0.654653670707977,-0.654653670707977));
#8853=DIRECTION('',(0.,0.707106781186547,0.707106781186548));
#8854=DIRECTION('',(0.,-0.707106781186548,-0.707106781186548));
#8855=DIRECTION('',(4.08878244448898E-16,-0.707106781186548,0.707106781186548));
#8856=DIRECTION('',(0.,-0.707106781186548,-0.707106781186548));
#8857=DIRECTION('',(0.,-0.707106781186548,-0.707106781186548));
#8858=DIRECTION('',(0.377964473009228,-0.654653670707977,0.654653670707977));
#8859=DIRECTION('',(0.,-0.707106781186548,-0.707106781186548));
#8860=DIRECTION('',(-0.377964473009228,0.654653670707977,-0.654653670707977));
#8861=DIRECTION('',(0.,0.707106781186548,0.707106781186548));
#8862=DIRECTION('',(0.,-0.707106781186548,-0.707106781186548));
#8863=DIRECTION('',(4.08878244448899E-16,-0.707106781186548,0.707106781186548));
#8864=DIRECTION('',(0.,-0.707106781186548,-0.707106781186548));
#8865=DIRECTION('',(0.,-0.707106781186548,-0.707106781186548));
#8866=DIRECTION('',(0.377964473009228,-0.654653670707977,0.654653670707977));
#8867=DIRECTION('',(0.,-0.707106781186547,-0.707106781186548));
#8868=DIRECTION('',(-0.377964473009228,0.654653670707977,-0.654653670707977));
#8869=DIRECTION('',(0.,0.707106781186547,0.707106781186548));
#8870=DIRECTION('',(0.,-0.707106781186548,-0.707106781186548));
#8871=DIRECTION('',(0.,-0.707106781186548,0.707106781186548));
#8872=DIRECTION('',(0.,-0.707106781186548,-0.707106781186548));
#8873=DIRECTION('',(0.,-0.707106781186548,-0.707106781186548));
#8874=DIRECTION('',(0.377964473009228,-0.654653670707977,0.654653670707977));
#8875=DIRECTION('',(0.,-0.707106781186547,-0.707106781186548));
#8876=DIRECTION('',(0.,0.707106781186548,-0.707106781186548));
#8877=DIRECTION('',(0.,0.707106781186548,0.707106781186548));
#8878=DIRECTION('',(0.377964473009228,-0.654653670707977,0.654653670707977));
#8879=DIRECTION('',(0.,-0.707106781186547,-0.707106781186548));
#8880=DIRECTION('',(-0.377964473009228,0.654653670707977,-0.654653670707977));
#8881=DIRECTION('',(0.,0.707106781186548,0.707106781186548));
#8882=DIRECTION('',(0.,-0.707106781186548,-0.707106781186548));
#8883=DIRECTION('',(0.,-0.707106781186548,0.707106781186548));
#8884=DIRECTION('',(0.,-0.707106781186548,-0.707106781186548));
#8885=DIRECTION('',(0.,-0.707106781186548,-0.707106781186548));
#8886=DIRECTION('',(0.377964473009228,-0.654653670707977,0.654653670707977));
#8887=DIRECTION('',(0.,-0.707106781186548,-0.707106781186548));
#8888=DIRECTION('',(-1.,0.,0.));
#8889=DIRECTION('',(0.,-1.,0.));
#8890=DIRECTION('',(0.,-1.,0.));
#8891=DIRECTION('',(0.,-0.707106781186548,-0.707106781186547));
#8892=DIRECTION('',(0.,0.707106781186547,-0.707106781186548));
#8893=DIRECTION('',(-1.,0.,0.));
#8894=DIRECTION('',(0.,0.,1.));
#8895=DIRECTION('',(-1.,0.,0.));
#8896=DIRECTION('',(0.,0.,1.));
#8897=DIRECTION('',(-1.,0.,0.));
#8898=DIRECTION('',(0.,0.,1.));
#8899=DIRECTION('',(-1.,0.,0.));
#8900=DIRECTION('',(0.,0.,1.));
#8901=DIRECTION('',(-1.,0.,0.));
#8902=DIRECTION('',(0.,0.,1.));
#8903=DIRECTION('',(0.980580662148074,0.196116202852404,0.));
#8904=DIRECTION('',(-0.196116202852404,0.980580662148074,0.));
#8905=DIRECTION('',(0.140028057699137,-0.70014003708437,-0.70014003708437));
#8906=DIRECTION('',(-0.256079189957591,-0.966655806619224,0.));
#8907=DIRECTION('',(0.966655806619225,-0.256079189957591,0.));
#8908=DIRECTION('',(0.695018060385504,-0.18411896012075,-0.695018060385502));
#8909=DIRECTION('',(0.,0.,-1.));
#8910=DIRECTION('',(-1.,0.,0.));
#8911=DIRECTION('',(0.,1.,0.));
#8912=DIRECTION('',(0.,-1.,0.));
#8913=DIRECTION('',(1.,0.,0.));
#8914=DIRECTION('',(0.,1.,0.));
#8915=DIRECTION('',(0.,0.707106781186545,0.70710678118655));
#8916=DIRECTION('',(0.,-0.707106781186547,0.707106781186548));
#8917=DIRECTION('',(0.,-1.,0.));
#8918=DIRECTION('',(-0.70710678118655,0.,-0.707106781186545));
#8919=DIRECTION('',(0.,-1.,0.));
#8920=DIRECTION('',(0.,-0.707106781186545,0.70710678118655));
#8921=DIRECTION('',(1.,0.,0.));
#8922=DIRECTION('',(-0.577350269189622,-0.577350269189629,-0.577350269189626));
#8923=DIRECTION('',(0.577350269189625,-0.577350269189628,-0.577350269189625));
#8924=DIRECTION('',(-0.70710678118655,-0.707106781186545,0.));
#8925=DIRECTION('',(0.,0.,1.));
#8926=DIRECTION('',(-0.577350269189623,0.577350269189627,-0.577350269189627));
#8927=DIRECTION('',(-0.707106781186545,0.70710678118655,6.24808732500312E-15));
#8928=DIRECTION('',(0.,0.707106781186548,-0.707106781186548));
#8929=DIRECTION('',(-1.,0.,0.));
#8930=DIRECTION('',(-0.577350269189622,0.577350269189627,0.577350269189627));
#8931=DIRECTION('',(-0.577350269189623,-0.577350269189627,-0.577350269189627));
#8932=DIRECTION('',(1.21146649242165E-14,0.707106781186548,0.707106781186548));
#8933=DIRECTION('',(0.577350269189622,0.577350269189623,-0.577350269189633));
#8934=DIRECTION('',(0.,0.707106781186554,0.707106781186542));
#8935=DIRECTION('',(-0.707106781186545,-1.83642936549631E-14,-0.70710678118655));
#8936=DIRECTION('',(0.70710678118655,-3.00094124366166E-16,-0.707106781186545));
#8937=DIRECTION('',(4.24397180667109E-16,1.,0.));
#8938=DIRECTION('',(0.707106781186545,1.23903709934807E-16,0.70710678118655));
#8939=DIRECTION('',(0.,0.707106781186548,0.707106781186547));
#8940=DIRECTION('',(1.,0.,0.));
#8941=DIRECTION('',(9.61481343191778E-17,-0.707106781186547,0.707106781186548));
#8942=DIRECTION('',(0.577350269189628,-0.577350269189625,-0.577350269189624));
#8943=DIRECTION('',(0.707106781186546,0.707106781186549,0.));
#8944=DIRECTION('',(-0.707106781186546,-0.707106781186549,-9.18543318284148E-17));
#8945=DIRECTION('',(0.707106781186549,-0.707106781186546,0.));
#8946=DIRECTION('',(0.,0.,-1.));
#8947=DIRECTION('',(-0.577350269189624,-0.577350269189626,-0.577350269189627));
#8948=DIRECTION('',(0.577350269189625,0.577350269189628,-0.577350269189625));
#8949=DIRECTION('',(0.,-0.707106781186546,-0.707106781186549));
#8950=DIRECTION('',(-1.,0.,0.));
#8951=DIRECTION('',(-0.577350269189622,0.577350269189629,-0.577350269189626));
#8952=DIRECTION('',(-0.577350269189628,-0.577350269189626,0.577350269189623));
#8953=DIRECTION('',(0.707106781186545,0.,0.707106781186551));
#8954=DIRECTION('',(0.,1.,0.));
#8955=DIRECTION('',(0.577350269189627,-0.577350269189627,-0.577350269189622));
#8956=DIRECTION('',(0.,-0.707106781186545,0.707106781186551));
#8957=DIRECTION('',(1.,0.,0.));
#8958=DIRECTION('',(-0.577350269189622,-0.57735026918963,-0.577350269189625));
#8959=DIRECTION('',(0.577350269189631,-0.577350269189626,-0.577350269189621));
#8960=DIRECTION('',(-0.707106781186545,-0.707106781186551,0.));
#8961=DIRECTION('',(0.,0.,1.));
#8962=DIRECTION('',(-0.577350269189626,0.577350269189621,-0.57735026918963));
#8963=DIRECTION('',(-0.707106781186551,0.707106781186545,5.97252432951802E-15));
#8964=DIRECTION('',(0.,0.707106781186547,-0.707106781186548));
#8965=DIRECTION('',(-1.,0.,0.));
#8966=DIRECTION('',(-1.21424204998322E-14,0.707106781186548,0.707106781186547));
#8967=DIRECTION('',(0.577350269189622,0.577350269189632,-0.577350269189623));
#8968=DIRECTION('',(0.,0.707106781186542,0.707106781186553));
#8969=DIRECTION('',(-0.707106781186545,-6.02957688649253E-15,-0.70710678118655));
#8970=DIRECTION('',(0.70710678118655,-3.00094124366166E-16,-0.707106781186545));
#8971=DIRECTION('',(4.24397180667109E-16,1.,0.));
#8972=DIRECTION('',(-0.577350269189624,-0.577350269189625,-0.577350269189628));
#8973=DIRECTION('',(0.,0.707106781186547,0.707106781186548));
#8974=DIRECTION('',(1.,0.,0.));
#8975=DIRECTION('',(0.577350269189623,-0.577350269189628,0.577350269189627));
#8976=DIRECTION('',(0.577350269189622,0.577350269189628,-0.577350269189627));
#8977=DIRECTION('',(9.61481343191783E-17,-0.707106781186548,0.707106781186547));
#8978=DIRECTION('',(0.707106781186551,-0.707106781186545,0.));
#8979=DIRECTION('',(0.,0.,-1.));
#8980=DIRECTION('',(-0.707106781186545,-0.707106781186551,0.));
#8981=DIRECTION('',(-0.707106781186545,-0.707106781186551,6.1562329931748E-15));
#8982=DIRECTION('',(-3.80942463772268E-16,-0.707106781186549,0.707106781186546));
#8983=DIRECTION('',(-1.,5.38733998750561E-16,0.));
#8984=DIRECTION('',(0.577350269189624,-0.577350269189626,-0.577350269189628));
#8985=DIRECTION('',(0.577350269189625,-0.577350269189625,-0.577350269189627));
#8986=DIRECTION('',(-0.707106781186548,0.,-0.707106781186547));
#8987=DIRECTION('',(0.707106781186545,-6.15348059642741E-15,0.70710678118655));
#8988=DIRECTION('',(-0.70710678118655,0.,-0.707106781186546));
#8989=DIRECTION('',(0.,-1.,0.));
#8990=DIRECTION('',(0.70710678118655,-3.00094124366166E-16,-0.707106781186545));
#8991=DIRECTION('',(4.24397180667109E-16,1.,0.));
#8992=DIRECTION('',(-0.577350269189625,0.577350269189624,-0.577350269189629));
#8993=DIRECTION('',(0.,0.,1.));
#8994=DIRECTION('',(1.,0.,0.));
#8995=DIRECTION('',(-3.80942463772268E-16,-0.707106781186551,-0.707106781186545));
#8996=DIRECTION('',(1.,-5.38733998750561E-16,0.));
#8997=DIRECTION('',(-0.577350269189625,-0.577350269189623,0.577350269189629));
#8998=DIRECTION('',(-0.70710678118655,0.,0.707106781186546));
#8999=DIRECTION('',(0.,1.,0.));
#9000=DIRECTION('',(0.577350269189624,0.577350269189625,0.577350269189628));
#9001=DIRECTION('',(0.70710678118655,0.,0.707106781186546));
#9002=DIRECTION('',(0.,-1.,0.));
#9003=DIRECTION('',(-3.80942463772268E-16,-0.707106781186549,0.707106781186546));
#9004=DIRECTION('',(-1.,5.38733998750561E-16,0.));
#9005=DIRECTION('',(0.577350269189624,-0.577350269189626,-0.577350269189628));
#9006=DIRECTION('',(0.,0.,1.));
#9007=DIRECTION('',(1.,0.,0.));
#9008=DIRECTION('',(-0.70710678118655,0.,-0.707106781186546));
#9009=DIRECTION('',(0.,-1.,0.));
#9010=DIRECTION('',(9.35477737995567E-17,-0.471857925532026,0.881674598767943));
#9011=DIRECTION('',(-1.,-1.98254111540206E-16,0.));
#9012=DIRECTION('',(0.,-0.881674598767943,-0.471857925532026));
#9013=DIRECTION('',(-7.31440405779518E-16,-0.881674598767943,-0.471857925532026));
#9014=DIRECTION('',(0.70710678118655,0.,-0.707106781186546));
#9015=DIRECTION('',(0.,1.,0.));
#9016=DIRECTION('',(-0.577350269189625,0.577350269189624,-0.577350269189629));
#9017=DIRECTION('',(0.,0.,1.));
#9018=DIRECTION('',(1.,0.,0.));
#9019=DIRECTION('',(0.55220468306572,-0.39339199868977,0.735059673337585));
#9020=DIRECTION('',(0.799524679267961,0.,-0.60063323854201));
#9021=DIRECTION('',(-0.671753312982629,0.312241850163813,0.671753312982632));
#9022=DIRECTION('',(-0.671753312982623,-0.732133157345223,0.112820771193009));
#9023=DIRECTION('',(-3.80942463772268E-16,-0.707106781186551,-0.707106781186545));
#9024=DIRECTION('',(1.,-5.38733998750561E-16,0.));
#9025=DIRECTION('',(-0.577350269189625,-0.577350269189623,0.577350269189629));
#9026=DIRECTION('',(-0.70710678118655,0.,0.707106781186546));
#9027=DIRECTION('',(0.,1.,0.));
#9028=DIRECTION('',(0.577350269189624,0.577350269189625,0.577350269189628));
#9029=DIRECTION('',(1.89747429373803E-16,-0.957092026489054,0.289784148688427));
#9030=DIRECTION('',(1.,1.98254111540206E-16,3.07674350803481E-32));
#9031=DIRECTION('',(6.16297582203916E-33,-0.289784148688427,-0.957092026489054));
#9032=DIRECTION('',(4.70065708198596E-16,-0.289784148688427,-0.957092026489054));
#9033=DIRECTION('',(-0.707106781186552,0.588348405414548,-0.392232270276366));
#9034=DIRECTION('',(0.,-0.55470019622523,-0.832050294337844));
#9035=DIRECTION('',(0.634218342260764,0.282417303359078,-0.719727421391874));
#9036=DIRECTION('',(0.707106781186549,0.,0.707106781186546));
#9037=DIRECTION('',(0.,-1.,0.));
#9038=DIRECTION('',(0.671753312982627,0.312241850163819,-0.67175331298263));
#9039=DIRECTION('',(9.35477737995567E-17,-0.471857925532026,-0.881674598767943));
#9040=DIRECTION('',(-1.,-1.98254111540206E-16,0.));
#9041=DIRECTION('',(0.,0.881674598767943,-0.471857925532026));
#9042=DIRECTION('',(9.97986960221918E-15,0.881674598767943,-0.471857925532026));
#9043=DIRECTION('',(0.70710678118655,0.,0.707106781186546));
#9044=DIRECTION('',(0.,-1.,0.));
#9045=DIRECTION('',(-3.80942463772268E-16,-0.707106781186549,0.707106781186546));
#9046=DIRECTION('',(-1.,5.38733998750561E-16,0.));
#9047=DIRECTION('',(-0.577350269189624,0.577350269189626,0.577350269189628));
#9048=DIRECTION('',(0.602574923715871,-0.763819079938307,0.231265809040184));
#9049=DIRECTION('',(0.785102741785268,0.61936555025385,0.));
#9050=DIRECTION('',(0.634218342260771,0.634218342260771,0.442192479221436));
#9051=DIRECTION('',(0.55220468306572,0.393391998689764,0.735059673337587));
#9052=DIRECTION('',(0.799524679267962,0.,-0.60063323854201));
#9053=DIRECTION('',(-0.671753312982622,0.732133157345223,0.112820771193014));
#9054=DIRECTION('',(0.,0.,1.));
#9055=DIRECTION('',(1.,0.,0.));
#9056=DIRECTION('',(0.707106781186549,-0.707106781186546,0.));
#9057=DIRECTION('',(0.,0.,-1.));
#9058=DIRECTION('',(-0.707106781186546,-0.707106781186549,0.));
#9059=DIRECTION('',(-0.707106781186546,-0.707106781186549,9.18543318284148E-17));
#9060=DIRECTION('',(0.70710678118655,-3.00094124366166E-16,0.707106781186545));
#9061=DIRECTION('',(-4.24397180667109E-16,-1.,0.));
#9062=DIRECTION('',(0.707106781186545,1.23903709934807E-16,-0.70710678118655));
#9063=DIRECTION('',(1.40186826668194E-16,-0.707106781186549,-0.707106781186546));
#9064=DIRECTION('',(1.,1.98254111540206E-16,0.));
#9065=DIRECTION('',(0.577350269189619,-0.577350269189629,0.57735026918963));
#9066=DIRECTION('',(0.577350269189623,0.577350269189626,-0.577350269189628));
#9067=DIRECTION('',(9.33725767576152E-16,0.707106781186546,-0.707106781186549));
#9068=DIRECTION('',(0.707106781186548,-0.707106781186548,0.));
#9069=DIRECTION('',(0.,0.,1.));
#9070=DIRECTION('',(-0.707106781186548,-0.707106781186548,9.18543318284148E-17));
#9071=DIRECTION('',(0.707106781186554,0.588348405414547,0.392232270276365));
#9072=DIRECTION('',(0.,0.554700196225229,-0.832050294337844));
#9073=DIRECTION('',(0.634218342260766,-0.282417303359089,-0.719727421391867));
#9074=DIRECTION('',(-1.89747429373803E-16,0.957092026489054,0.289784148688428));
#9075=DIRECTION('',(-1.,-1.98254111540206E-16,4.30933867244264E-32));
#9076=DIRECTION('',(6.16297582203916E-33,-0.289784148688428,0.957092026489054));
#9077=DIRECTION('',(8.7794628893705E-15,-0.289784148688428,0.957092026489054));
#9078=DIRECTION('',(0.70710678118655,0.,-0.707106781186546));
#9079=DIRECTION('',(0.,1.,0.));
#9080=DIRECTION('',(-0.577350269189625,0.577350269189624,-0.577350269189629));
#9081=DIRECTION('',(-0.577350269189628,0.577350269189625,-0.577350269189624));
#9082=DIRECTION('',(-0.707106781186546,-0.707106781186549,0.));
#9083=DIRECTION('',(-7.96940650169051E-16,0.707106781186546,0.707106781186549));
#9084=DIRECTION('',(0.577350269189627,-0.577350269189627,-0.577350269189624));
#9085=DIRECTION('',(0.707106781186548,0.707106781186548,0.));
#9086=DIRECTION('',(-0.707106781186546,9.61481343191781E-17,-0.707106781186549));
#9087=DIRECTION('',(0.602574923715873,0.763819079938307,0.231265809040178));
#9088=DIRECTION('',(-0.785102741785267,0.619365550253852,0.));
#9089=DIRECTION('',(0.63421834226077,-0.63421834226077,0.442192479221438));
#9090=DIRECTION('',(-3.80942463772268E-16,-0.707106781186551,-0.707106781186545));
#9091=DIRECTION('',(1.,-5.38733998750561E-16,0.));
#9092=DIRECTION('',(-0.577350269189625,-0.577350269189623,0.577350269189629));
#9093=DIRECTION('',(-3.50467066670486E-16,-0.707106781186549,0.707106781186546));
#9094=DIRECTION('',(-1.,4.95635278850516E-16,0.));
#9095=DIRECTION('',(2.11525895502191E-15,-0.707106781186546,-0.707106781186549));
#9096=DIRECTION('',(-0.707106781186549,0.,0.707106781186546));
#9097=DIRECTION('',(0.,1.,0.));
#9098=DIRECTION('',(0.707106781186546,-6.05733246210823E-15,0.707106781186549));
#9099=DIRECTION('',(-0.707106781186548,-0.707106781186548,0.));
#9100=DIRECTION('',(0.,0.,-1.));
#9101=DIRECTION('',(-0.707106781186548,0.707106781186548,0.));
#9102=DIRECTION('',(1.40186826668195E-16,-0.707106781186549,0.707106781186546));
#9103=DIRECTION('',(-1.,-1.98254111540206E-16,0.));
#9104=DIRECTION('',(0.577350269189624,-0.577350269189625,-0.577350269189629));
#9105=DIRECTION('',(-0.577350269189618,-0.577350269189628,-0.577350269189631));
#9106=DIRECTION('',(-9.6148134319178E-16,-0.707106781186546,-0.70710678118655));
#9107=DIRECTION('',(0.70710678118655,-3.00094124366166E-16,0.707106781186545));
#9108=DIRECTION('',(-4.24397180667109E-16,-1.,0.));
#9109=DIRECTION('',(-0.707106781186545,0.,0.70710678118655));
#9110=DIRECTION('',(-0.707106781186551,-0.707106781186545,0.));
#9111=DIRECTION('',(0.,0.,1.));
#9112=DIRECTION('',(-0.707106781186545,0.707106781186551,0.));
#9113=DIRECTION('',(-0.707106781186545,0.707106781186551,2.77555756156289E-17));
#9114=DIRECTION('',(0.57735026918963,0.577350269189626,-0.577350269189622));
#9115=DIRECTION('',(-0.707106781186545,0.70710678118655,0.));
#9116=DIRECTION('',(-0.707106781186545,0.707106781186551,1.46108170427311E-15));
#9117=DIRECTION('',(0.577350269189627,0.577350269189627,-0.577350269189624));
#9118=DIRECTION('',(-0.707106781186548,0.707106781186548,0.));
#9119=DIRECTION('',(0.707106781186546,9.61481343191781E-17,0.707106781186549));
#9120=DIRECTION('',(-0.577350269189629,-0.577350269189624,-0.577350269189625));
#9121=DIRECTION('',(-0.707106781186545,0.,0.70710678118655));
#9122=DIRECTION('',(8.93088784488229E-16,-0.707106781186549,0.707106781186546));
#9123=DIRECTION('',(-0.707106781186551,-0.707106781186545,0.));
#9124=DIRECTION('',(0.,0.,-1.));
#9125=DIRECTION('',(-0.577350269189622,0.577350269189627,-0.577350269189627));
#9126=DIRECTION('',(-0.707106781186549,0.,0.707106781186546));
#9127=DIRECTION('',(0.,1.,0.));
#9128=DIRECTION('',(-0.707106781186546,-5.96118432778908E-15,-0.707106781186549));
#9129=DIRECTION('',(-3.50467066670485E-16,-0.707106781186546,-0.707106781186549));
#9130=DIRECTION('',(1.,-4.95635278850516E-16,0.));
#9131=DIRECTION('',(6.45281364618612E-16,0.707106781186549,-0.707106781186546));
#9132=DIRECTION('',(0.707106781186551,0.,-0.707106781186545));
#9133=DIRECTION('',(0.,-1.,0.));
#9134=DIRECTION('',(0.577350269189621,0.577350269189631,0.577350269189626));
#9135=DIRECTION('',(0.577350269189631,-0.577350269189622,-0.577350269189624));
#9136=DIRECTION('',(-0.707106781186543,0.,-0.707106781186552));
#9137=DIRECTION('',(-0.707106781186541,-0.707106781186554,1.34147179682907E-15));
#9138=DIRECTION('',(0.707106781186554,-0.707106781186541,0.));
#9139=DIRECTION('',(0.,0.,1.));
#9140=DIRECTION('',(-0.707106781186547,0.,-0.707106781186548));
#9141=DIRECTION('',(0.,1.,0.));
#9142=DIRECTION('',(0.,-0.707106781186548,0.707106781186548));
#9143=DIRECTION('',(1.,0.,0.));
#9144=DIRECTION('',(0.,-0.707106781186546,-0.707106781186549));
#9145=DIRECTION('',(-1.,0.,0.));
#9146=DIRECTION('',(-0.577350269189632,-0.577350269189624,0.577350269189622));
#9147=DIRECTION('',(-0.577350269189622,0.577350269189629,-0.577350269189626));
#9148=DIRECTION('',(0.,0.707106781186548,0.707106781186547));
#9149=DIRECTION('',(1.,0.,0.));
#9150=DIRECTION('',(0.577350269189624,-0.577350269189626,0.577350269189628));
#9151=DIRECTION('',(-1.23069611928549E-14,-0.707106781186547,0.707106781186548));
#9152=DIRECTION('',(0.707106781186543,-0.707106781186552,0.));
#9153=DIRECTION('',(0.,0.,-1.));
#9154=DIRECTION('',(-0.707106781186552,-0.707106781186543,6.15623299317486E-15));
#9155=DIRECTION('',(-0.577350269189627,-0.57735026918962,-0.577350269189631));
#9156=DIRECTION('',(0.577350269189621,-0.577350269189634,-0.577350269189622));
#9157=DIRECTION('',(0.,0.707106781186541,-0.707106781186555));
#9158=DIRECTION('',(0.707106781186545,-6.02957688649252E-15,0.70710678118655));
#9159=DIRECTION('',(0.70710678118655,-3.00094124366166E-16,-0.707106781186545));
#9160=DIRECTION('',(4.24397180667109E-16,1.,0.));
#9161=DIRECTION('',(-0.707106781186545,0.,-0.70710678118655));
#9162=DIRECTION('',(-0.707106781186551,-0.707106781186545,0.));
#9163=DIRECTION('',(0.,0.,1.));
#9164=DIRECTION('',(-0.707106781186545,0.707106781186551,0.));
#9165=DIRECTION('',(-0.707106781186545,0.707106781186551,-2.77555756156289E-17));
#9166=DIRECTION('',(0.577350269189629,0.577350269189624,-0.577350269189625));
#9167=DIRECTION('',(-0.707106781186545,0.,-0.70710678118655));
#9168=DIRECTION('',(1.23903709934807E-16,0.707106781186548,0.707106781186547));
#9169=DIRECTION('',(0.,0.707106781186547,-0.707106781186548));
#9170=DIRECTION('',(-1.,0.,0.));
#9171=DIRECTION('',(0.577350269189623,0.577350269189628,0.577350269189627));
#9172=DIRECTION('',(-0.707106781186547,0.,-0.707106781186548));
#9173=DIRECTION('',(0.,1.,0.));
#9174=DIRECTION('',(-0.707106781186547,0.,-0.707106781186548));
#9175=DIRECTION('',(0.,1.,0.));
#9176=DIRECTION('',(0.,-0.707106781186548,-0.707106781186547));
#9177=DIRECTION('',(-1.,0.,0.));
#9178=DIRECTION('',(-0.577350269189627,-0.577350269189625,0.577350269189626));
#9179=DIRECTION('',(-0.707106781186547,0.,-0.707106781186548));
#9180=DIRECTION('',(0.,1.,0.));
#9181=DIRECTION('',(0.,0.,1.));
#9182=DIRECTION('',(1.,0.,0.));
#9183=DIRECTION('',(0.,0.,1.));
#9184=DIRECTION('',(1.,0.,0.));
#9185=DIRECTION('',(0.,0.,1.));
#9186=DIRECTION('',(1.,0.,0.));
#9187=DIRECTION('',(0.,0.,1.));
#9188=DIRECTION('',(1.,0.,0.));
#9189=DIRECTION('',(0.,0.,-1.));
#9190=DIRECTION('',(-1.,0.,0.));
#9191=DIRECTION('',(0.,0.,-1.));
#9192=DIRECTION('',(-1.,0.,0.));
#9193=DIRECTION('',(0.,0.,-1.));
#9194=DIRECTION('',(-1.,0.,0.));
#9195=DIRECTION('',(0.,0.,-1.));
#9196=DIRECTION('',(-1.,0.,0.));
#9197=DIRECTION('',(0.707106781186554,0.707106781186541,0.));
#9198=DIRECTION('',(0.,0.,-1.));
#9199=DIRECTION('',(-0.577350269189621,0.577350269189631,0.577350269189626));
#9200=DIRECTION('',(-0.70326264315446,0.703262643154472,-0.104131212836445));
#9201=DIRECTION('',(0.70710678118655,0.676766262149983,-0.204908336617957));
#9202=DIRECTION('',(0.,0.289784148688427,0.957092026489054));
#9203=DIRECTION('',(0.703262643154458,-0.642911493427029,0.303457519865356));
#9204=DIRECTION('',(-0.707106781186557,-0.588348405414544,0.392232270276363));
#9205=DIRECTION('',(0.,-0.55470019622523,-0.832050294337844));
#9206=DIRECTION('',(0.69624597628793,-0.482464317755904,0.531478807286985));
#9207=DIRECTION('',(0.707106781186554,0.333653938900309,-0.623438087588736));
#9208=DIRECTION('',(0.,0.881674598767943,0.471857925532026));
#9209=DIRECTION('',(-0.696245976287933,0.174594046306615,-0.69624597628794));
#9210=DIRECTION('',(0.707106781186551,0.,-0.707106781186545));
#9211=DIRECTION('',(0.,1.,0.));
#9212=DIRECTION('',(0.696245976287933,0.174594046306621,0.696245976287939));
#9213=DIRECTION('',(-0.707106781186555,0.333653938900309,0.623438087588734));
#9214=DIRECTION('',(0.,-0.881674598767943,0.471857925532026));
#9215=DIRECTION('',(0.696245976287932,0.482464317755885,0.531478807287));
#9216=DIRECTION('',(0.707106781186552,-0.588348405414548,-0.392232270276365));
#9217=DIRECTION('',(0.,0.554700196225229,-0.832050294337844));
#9218=DIRECTION('',(-0.703262643154458,-0.642911493427056,-0.303457519865298));
#9219=DIRECTION('',(0.707106781186555,-0.676766262149978,-0.204908336617956));
#9220=DIRECTION('',(0.,0.289784148688428,-0.957092026489054));
#9221=DIRECTION('',(0.703262643154457,0.703262643154469,0.104131212836478));
#9222=DIRECTION('',(-0.707106781186554,0.707106781186541,0.));
#9223=DIRECTION('',(0.,0.,1.));
#9224=DIRECTION('',(-0.577350269189621,-0.577350269189631,0.577350269189626));
#9225=DIRECTION('',(0.70710678118655,-0.707106781186545,0.));
#9226=DIRECTION('',(0.,0.,-1.));
#9227=DIRECTION('',(0.577350269189623,0.577350269189627,-0.577350269189628));
#9228=DIRECTION('',(0.577350269189624,0.577350269189628,-0.577350269189626));
#9229=DIRECTION('',(0.707106781186549,0.,0.707106781186546));
#9230=DIRECTION('',(0.,1.,0.));
#9231=DIRECTION('',(-0.577350269189624,0.577350269189627,0.577350269189627));
#9232=DIRECTION('',(-0.707106781186549,-0.707106781186546,0.));
#9233=DIRECTION('',(0.,0.,1.));
#9234=DIRECTION('',(0.70710678118655,-3.00094124366166E-16,-0.707106781186545));
#9235=DIRECTION('',(4.24397180667109E-16,1.,0.));
#9236=DIRECTION('',(-0.70710678118655,0.,0.707106781186545));
#9237=DIRECTION('',(0.,1.,0.));
#9238=DIRECTION('',(-3.50467066670487E-16,-0.70710678118655,0.707106781186545));
#9239=DIRECTION('',(1.,-4.95635278850516E-16,0.));
#9240=DIRECTION('',(-0.281084637714816,0.678598344545846,0.67859834454585));
#9241=DIRECTION('',(0.5,-0.5,0.707106781186544));
#9242=DIRECTION('',(-0.707106781186546,-0.707106781186549,0.));
#9243=DIRECTION('',(-0.678598344545846,0.281084637714815,0.67859834454585));
#9244=DIRECTION('',(0.70710678118655,-3.00094124366166E-16,0.707106781186545));
#9245=DIRECTION('',(-4.24397180667109E-16,-1.,0.));
#9246=DIRECTION('',(-0.577350269189624,0.577350269189625,0.577350269189628));
#9247=DIRECTION('',(-3.80942463772268E-16,-0.70710678118655,0.707106781186546));
#9248=DIRECTION('',(-1.,5.38733998750561E-16,0.));
#9249=DIRECTION('',(0.577350269189625,0.577350269189625,0.577350269189628));
#9250=DIRECTION('',(-0.70710678118655,0.,0.707106781186545));
#9251=DIRECTION('',(0.,1.,0.));
#9252=DIRECTION('',(0.,0.,1.));
#9253=DIRECTION('',(1.,0.,0.));
#9254=DIRECTION('',(-0.70710678118655,0.,-0.707106781186545));
#9255=DIRECTION('',(0.,-1.,0.));
#9256=DIRECTION('',(0.577350269189624,-0.577350269189625,-0.577350269189628));
#9257=DIRECTION('',(-3.80942463772268E-16,-0.70710678118655,0.707106781186546));
#9258=DIRECTION('',(-1.,5.38733998750561E-16,0.));
#9259=DIRECTION('',(0.577350269189625,0.577350269189625,0.577350269189628));
#9260=DIRECTION('',(-0.70710678118655,0.,0.707106781186545));
#9261=DIRECTION('',(0.,1.,0.));
#9262=DIRECTION('',(0.,0.,1.));
#9263=DIRECTION('',(1.,0.,0.));
#9264=DIRECTION('',(-0.70710678118655,0.,-0.707106781186545));
#9265=DIRECTION('',(0.,-1.,0.));
#9266=DIRECTION('',(0.577350269189624,-0.577350269189625,-0.577350269189628));
#9267=DIRECTION('',(-3.80942463772268E-16,-0.70710678118655,0.707106781186546));
#9268=DIRECTION('',(-1.,5.38733998750561E-16,0.));
#9269=DIRECTION('',(-0.577350269189625,-0.577350269189625,-0.577350269189628));
#9270=DIRECTION('',(0.70710678118655,-3.00094124366166E-16,-0.707106781186545));
#9271=DIRECTION('',(4.24397180667109E-16,1.,0.));
#9272=DIRECTION('',(-3.50467066670486E-16,-0.707106781186548,-0.707106781186547));
#9273=DIRECTION('',(-1.,4.95635278850516E-16,0.));
#9274=DIRECTION('',(0.281084637714818,0.678598344545847,-0.678598344545848));
#9275=DIRECTION('',(-0.5,-0.5,-0.707106781186545));
#9276=DIRECTION('',(-0.707106781186545,0.707106781186551,0.));
#9277=DIRECTION('',(-0.678598344545845,-0.281084637714818,0.67859834454585));
#9278=DIRECTION('',(0.70710678118655,-3.00094124366166E-16,0.707106781186545));
#9279=DIRECTION('',(-4.24397180667109E-16,-1.,0.));
#9280=DIRECTION('',(-0.577350269189625,-0.577350269189624,0.577350269189629));
#9281=DIRECTION('',(-3.80942463772268E-16,-0.70710678118655,-0.707106781186545));
#9282=DIRECTION('',(1.,-5.38733998750561E-16,0.));
#9283=DIRECTION('',(-0.577350269189625,0.577350269189624,-0.577350269189629));
#9284=DIRECTION('',(0.70710678118655,0.,-0.707106781186545));
#9285=DIRECTION('',(0.,1.,0.));
#9286=DIRECTION('',(0.,0.,1.));
#9287=DIRECTION('',(1.,0.,0.));
#9288=DIRECTION('',(0.70710678118655,0.,0.707106781186545));
#9289=DIRECTION('',(0.,-1.,0.));
#9290=DIRECTION('',(-0.577350269189625,-0.577350269189624,0.577350269189629));
#9291=DIRECTION('',(-3.80942463772268E-16,-0.70710678118655,-0.707106781186545));
#9292=DIRECTION('',(1.,-5.38733998750561E-16,0.));
#9293=DIRECTION('',(-0.577350269189625,0.577350269189624,-0.577350269189629));
#9294=DIRECTION('',(0.70710678118655,0.,-0.707106781186545));
#9295=DIRECTION('',(0.,1.,0.));
#9296=DIRECTION('',(0.,0.,1.));
#9297=DIRECTION('',(1.,0.,0.));
#9298=DIRECTION('',(0.70710678118655,0.,0.707106781186545));
#9299=DIRECTION('',(0.,-1.,0.));
#9300=DIRECTION('',(-0.577350269189625,-0.577350269189624,0.577350269189629));
#9301=DIRECTION('',(-3.80942463772268E-16,-0.70710678118655,-0.707106781186545));
#9302=DIRECTION('',(1.,-5.38733998750561E-16,0.));
#9303=DIRECTION('',(-0.577350269189625,0.577350269189624,-0.577350269189629));
#9304=DIRECTION('',(0.70710678118655,-3.00094124366166E-16,-0.707106781186545));
#9305=DIRECTION('',(4.24397180667109E-16,1.,0.));
#9306=DIRECTION('',(-0.678598344545846,0.281084637714813,-0.678598344545851));
#9307=DIRECTION('',(0.5,-0.5,-0.707106781186543));
#9308=DIRECTION('',(-0.707106781186545,-0.707106781186551,0.));
#9309=DIRECTION('',(0.28108463771481,-0.67859834454585,0.678598344545849));
#9310=DIRECTION('',(-0.5,-0.5,0.707106781186545));
#9311=DIRECTION('',(-0.707106781186545,0.707106781186551,0.));
#9312=DIRECTION('',(-0.281084637714815,-0.678598344545849,-0.678598344545847));
#9313=DIRECTION('',(0.678598344545845,0.281084637714818,0.67859834454585));
#9314=DIRECTION('',(0.70710678118655,-3.00094124366166E-16,-0.707106781186545));
#9315=DIRECTION('',(4.24397180667109E-16,1.,0.));
#9316=DIRECTION('',(0.45478754252782,-0.787715130307575,0.415539606591269));
#9317=DIRECTION('',(-0.866025403784438,-0.5,0.));
#9318=DIRECTION('',(0.557213334538959,0.615651362074335,0.557213334538927));
#9319=DIRECTION('',(-0.707106781186527,0.,0.707106781186568));
#9320=DIRECTION('',(0.,1.,0.));
#9321=DIRECTION('',(0.45478754252783,-0.787715130307592,0.415539606591226));
#9322=DIRECTION('',(-0.866025403784438,-0.5,0.));
#9323=DIRECTION('',(0.557213334538946,0.615651362074311,0.557213334538967));
#9324=DIRECTION('',(-0.707106781186561,0.,0.707106781186534));
#9325=DIRECTION('',(0.,1.,0.));
#9326=DIRECTION('',(0.454787542527827,-0.787715130307587,0.415539606591239));
#9327=DIRECTION('',(-0.866025403784438,-0.5,0.));
#9328=DIRECTION('',(0.557213334538942,0.615651362074318,0.557213334538963));
#9329=DIRECTION('',(-0.707106781186561,0.,0.707106781186534));
#9330=DIRECTION('',(0.,1.,0.));
#9331=DIRECTION('',(0.454787542527825,-0.787715130307583,0.415539606591248));
#9332=DIRECTION('',(-0.866025403784438,-0.5,0.));
#9333=DIRECTION('',(0.557213334538965,0.615651362074323,0.557213334538934));
#9334=DIRECTION('',(-0.707106781186527,0.,0.707106781186568));
#9335=DIRECTION('',(0.,1.,0.));
#9336=DIRECTION('',(0.454787542527823,-0.78771513030758,0.415539606591256));
#9337=DIRECTION('',(-0.866025403784438,-0.5,0.));
#9338=DIRECTION('',(0.557213334538963,0.615651362074328,0.557213334538931));
#9339=DIRECTION('',(-0.707106781186527,0.,0.707106781186568));
#9340=DIRECTION('',(0.,1.,0.));
#9341=DIRECTION('',(0.454787542527823,-0.78771513030758,0.415539606591256));
#9342=DIRECTION('',(-0.866025403784438,-0.5,0.));
#9343=DIRECTION('',(0.557213334538954,0.615651362074328,0.55721333453894));
#9344=DIRECTION('',(-0.707106781186538,-1.4163957869901E-15,0.707106781186557));
#9345=DIRECTION('',(-2.00308613164954E-15,1.,0.));
#9346=DIRECTION('',(0.707106781186541,0.,0.707106781186554));
#9347=DIRECTION('',(0.,-1.,0.));
#9348=DIRECTION('',(-0.706668335094802,-0.0352097763227986,0.706668335094788));
#9349=DIRECTION('',(0.454787542527825,-0.787715130307583,0.415539606591248));
#9350=DIRECTION('',(-0.866025403784438,-0.5,0.));
#9351=DIRECTION('',(-0.17841286347004,0.376543550518981,0.90905654648706));
#9352=DIRECTION('',(0.,-0.923879532511289,0.382683432365084));
#9353=DIRECTION('',(-1.,0.,0.));
#9354=DIRECTION('',(0.678598344545855,0.281084637714813,0.678598344545842));
#9355=DIRECTION('',(-0.707106781186541,0.,0.707106781186554));
#9356=DIRECTION('',(0.,1.,0.));
#9357=DIRECTION('',(0.707106781186541,0.,0.707106781186554));
#9358=DIRECTION('',(0.,-1.,0.));
#9359=DIRECTION('',(-0.706668335094802,-0.03520977632279,0.706668335094788));
#9360=DIRECTION('',(0.454787542527824,-0.78771513030758,0.415539606591256));
#9361=DIRECTION('',(-0.866025403784438,-0.5,0.));
#9362=DIRECTION('',(-0.178412863470023,0.376543550519,0.909056546487056));
#9363=DIRECTION('',(0.,-0.923879532511282,0.382683432365101));
#9364=DIRECTION('',(-1.,0.,0.));
#9365=DIRECTION('',(0.707106781186541,0.,0.707106781186554));
#9366=DIRECTION('',(0.,-1.,0.));
#9367=DIRECTION('',(-0.706668335094801,-0.0352097763228057,0.706668335094788));
#9368=DIRECTION('',(0.454787542527827,-0.787715130307586,0.415539606591241));
#9369=DIRECTION('',(-0.866025403784438,-0.5,0.));
#9370=DIRECTION('',(-0.178412863470025,0.376543550518982,0.909056546487062));
#9371=DIRECTION('',(0.,-0.923879532511289,0.382683432365084));
#9372=DIRECTION('',(-1.,0.,0.));
#9373=DIRECTION('',(0.707106781186541,0.,0.707106781186554));
#9374=DIRECTION('',(0.,-1.,0.));
#9375=DIRECTION('',(-0.706668335094802,-0.035209776322779,0.706668335094789));
#9376=DIRECTION('',(0.454787542527821,-0.787715130307576,0.415539606591266));
#9377=DIRECTION('',(-0.866025403784438,-0.5,0.));
#9378=DIRECTION('',(-0.178412863470057,0.376543550518993,0.909056546487052));
#9379=DIRECTION('',(1.0684503426812E-15,-0.923879532511284,0.382683432365096));
#9380=DIRECTION('',(-1.,-1.15648231731787E-15,0.));
#9381=DIRECTION('',(0.707106781186561,0.,0.707106781186534));
#9382=DIRECTION('',(0.,-1.,0.));
#9383=DIRECTION('',(-0.706668335094782,-0.0352097763227765,0.706668335094809));
#9384=DIRECTION('',(0.454787542527825,-0.787715130307583,0.415539606591248));
#9385=DIRECTION('',(-0.866025403784438,-0.5,0.));
#9386=DIRECTION('',(-0.17841286347004,0.376543550518982,0.90905654648706));
#9387=DIRECTION('',(0.,-0.923879532511289,0.382683432365084));
#9388=DIRECTION('',(-1.,0.,0.));
#9389=DIRECTION('',(0.707106781186561,0.,0.707106781186534));
#9390=DIRECTION('',(0.,-1.,0.));
#9391=DIRECTION('',(-0.706668335094782,-0.0352097763227904,0.706668335094808));
#9392=DIRECTION('',(0.454787542527828,-0.787715130307588,0.415539606591235));
#9393=DIRECTION('',(-0.866025403784438,-0.5,0.));
#9394=DIRECTION('',(-0.178412863469975,0.376543550519003,0.909056546487064));
#9395=DIRECTION('',(0.,-0.923879532511282,0.382683432365101));
#9396=DIRECTION('',(-1.,0.,0.));
#9397=DIRECTION('',(0.707106781186561,0.,0.707106781186534));
#9398=DIRECTION('',(0.,-1.,0.));
#9399=DIRECTION('',(-0.706668335094782,-0.035209776322772,0.706668335094809));
#9400=DIRECTION('',(0.454787542527824,-0.787715130307581,0.415539606591252));
#9401=DIRECTION('',(-0.866025403784438,-0.5,0.));
#9402=DIRECTION('',(-0.17841286347005,0.376543550518981,0.909056546487058));
#9403=DIRECTION('',(0.,-0.923879532511289,0.382683432365084));
#9404=DIRECTION('',(-1.,0.,0.));
#9405=DIRECTION('',(0.,0.,1.));
#9406=DIRECTION('',(1.,0.,0.));
#9407=DIRECTION('',(0.,0.,1.));
#9408=DIRECTION('',(1.,0.,0.));
#9409=DIRECTION('',(0.,0.,-1.));
#9410=DIRECTION('',(-1.,0.,0.));
#9411=DIRECTION('',(0.,0.,1.));
#9412=DIRECTION('',(1.,0.,0.));
#9413=DIRECTION('',(0.,0.,1.));
#9414=DIRECTION('',(1.,0.,0.));
#9415=DIRECTION('',(0.,0.,-1.));
#9416=DIRECTION('',(-1.,0.,0.));
#9417=DIRECTION('',(0.,0.,1.));
#9418=DIRECTION('',(1.,0.,0.));
#9419=DIRECTION('',(0.,0.,1.));
#9420=DIRECTION('',(1.,0.,0.));
#9421=DIRECTION('',(0.,0.,-1.));
#9422=DIRECTION('',(-1.,0.,0.));
#9423=DIRECTION('',(0.,0.,1.));
#9424=DIRECTION('',(1.,0.,0.));
#9425=DIRECTION('',(0.,0.,1.));
#9426=DIRECTION('',(1.,0.,0.));
#9427=DIRECTION('',(0.,0.,-1.));
#9428=DIRECTION('',(-1.,0.,0.));
#9429=DIRECTION('',(-0.707106781186551,0.,-0.707106781186545));
#9430=DIRECTION('',(0.,-1.,0.));
#9431=DIRECTION('',(-0.577350269189622,0.577350269189627,0.577350269189627));
#9432=DIRECTION('',(-0.707106781186551,0.,-0.707106781186545));
#9433=DIRECTION('',(0.,-1.,0.));
#9434=DIRECTION('',(0.,0.,1.));
#9435=DIRECTION('',(1.,0.,0.));
#9436=DIRECTION('',(0.,0.,1.));
#9437=DIRECTION('',(1.,0.,0.));
#9438=DIRECTION('',(0.,0.,1.));
#9439=DIRECTION('',(1.,0.,0.));
#9440=DIRECTION('',(0.,0.,1.));
#9441=DIRECTION('',(1.,0.,0.));
#9442=DIRECTION('',(0.,0.,-1.));
#9443=DIRECTION('',(-1.,0.,0.));
#9444=DIRECTION('',(0.,0.,-1.));
#9445=DIRECTION('',(-1.,0.,0.));
#9446=DIRECTION('',(0.,0.,-1.));
#9447=DIRECTION('',(-1.,0.,0.));
#9448=DIRECTION('',(0.,0.,-1.));
#9449=DIRECTION('',(-1.,0.,0.));
#9450=DIRECTION('',(-1.,0.,0.));
#9451=DIRECTION('',(0.,0.,1.));
#9452=DIRECTION('',(0.,1.,0.));
#9453=DIRECTION('',(0.,0.,-1.));
#9454=DIRECTION('',(1.,0.,0.));
#9455=DIRECTION('',(-1.,0.,0.));
#9456=DIRECTION('',(0.,0.,1.));
#9457=DIRECTION('',(0.,1.,0.));
#9458=DIRECTION('',(0.,0.,-1.));
#9459=DIRECTION('',(1.,0.,0.));
#9460=DIRECTION('',(-1.,0.,0.));
#9461=DIRECTION('',(0.,0.,1.));
#9462=DIRECTION('',(0.,1.,0.));
#9463=DIRECTION('',(0.,0.,-1.));
#9464=DIRECTION('',(1.,0.,0.));
#9465=DIRECTION('',(-1.,0.,0.));
#9466=DIRECTION('',(0.,0.,1.));
#9467=DIRECTION('',(0.,1.,0.));
#9468=DIRECTION('',(0.,0.,-1.));
#9469=DIRECTION('',(1.,0.,0.));
#9470=DIRECTION('',(0.,0.,-1.));
#9471=DIRECTION('',(1.,0.,0.));
#9472=DIRECTION('',(0.,1.,0.));
#9473=DIRECTION('',(-1.,0.,0.));
#9474=DIRECTION('',(0.,0.,1.));
#9475=DIRECTION('',(0.,1.,0.));
#9476=DIRECTION('',(0.,0.,-1.));
#9477=DIRECTION('',(1.,0.,0.));
#9478=DIRECTION('',(0.,0.,-1.));
#9479=DIRECTION('',(1.,0.,0.));
#9480=DIRECTION('',(0.,1.,0.));
#9481=DIRECTION('',(-1.,0.,0.));
#9482=DIRECTION('',(0.,0.,1.));
#9483=DIRECTION('',(0.,1.,0.));
#9484=DIRECTION('',(0.,0.,-1.));
#9485=DIRECTION('',(1.,0.,0.));
#9486=DIRECTION('',(0.,0.,-1.));
#9487=DIRECTION('',(1.,0.,0.));
#9488=DIRECTION('',(0.,1.,0.));
#9489=DIRECTION('',(-1.,0.,0.));
#9490=DIRECTION('',(0.,0.,1.));
#9491=DIRECTION('',(0.,1.,0.));
#9492=DIRECTION('',(0.,0.,-1.));
#9493=DIRECTION('',(1.,0.,0.));
#9494=DIRECTION('',(0.,0.,-1.));
#9495=DIRECTION('',(1.,0.,0.));
#9496=DIRECTION('',(0.,1.,0.));
#9497=DIRECTION('',(-1.,0.,0.));
#9498=DIRECTION('',(0.,0.,1.));
#9499=DIRECTION('',(0.,1.,0.));
#9500=DIRECTION('',(0.,0.,-1.));
#9501=DIRECTION('',(1.,0.,0.));
#9502=DIRECTION('',(0.707106781186551,-0.707106781186545,0.));
#9503=DIRECTION('',(0.,0.,1.));
#9504=DIRECTION('',(-0.707106781186545,-0.707106781186551,0.));
#9505=DIRECTION('',(0.,0.707106781186547,-0.707106781186548));
#9506=DIRECTION('',(-1.,0.,0.));
#9507=DIRECTION('',(0.,0.707106781186548,0.707106781186547));
#9508=DIRECTION('',(-0.577350269189629,0.577350269189624,-0.577350269189625));
#9509=DIRECTION('',(-0.707106781186545,0.,0.70710678118655));
#9510=DIRECTION('',(0.707106781186545,0.,-0.70710678118655));
#9511=DIRECTION('',(-0.707106781186551,-0.707106781186545,0.));
#9512=DIRECTION('',(0.,0.,1.));
#9513=DIRECTION('',(0.707106781186545,-0.707106781186551,0.));
#9514=DIRECTION('',(0.70710678118655,0.,0.707106781186545));
#9515=DIRECTION('',(0.,-1.,0.));
#9516=DIRECTION('',(-0.707106781186545,0.,0.70710678118655));
#9517=DIRECTION('',(-0.577350269189629,-0.577350269189624,-0.577350269189625));
#9518=DIRECTION('',(-0.707106781186545,0.,0.70710678118655));
#9519=DIRECTION('',(0.,-0.707106781186548,0.707106781186547));
#9520=DIRECTION('',(0.,0.707106781186547,0.707106781186548));
#9521=DIRECTION('',(-1.,0.,0.));
#9522=CARTESIAN_POINT('',(0.,0.,0.));
#9523=CARTESIAN_POINT('',(-0.035,0.,0.009));
#9524=CARTESIAN_POINT('',(-0.035,0.0088,0.0002));
#9525=CARTESIAN_POINT('',(-0.035,0.0346,0.0002));
#9526=CARTESIAN_POINT('',(-0.035,0.0266,0.0002));
#9527=CARTESIAN_POINT('',(-0.035,0.0266,0.005));
#9528=CARTESIAN_POINT('',(-0.035,0.0266,0.0046));
#9529=CARTESIAN_POINT('',(-0.035,0.0111,0.0201));
#9530=CARTESIAN_POINT('',(-0.035,0.0258,0.0054));
#9531=CARTESIAN_POINT('',(-0.035,0.,0.0054));
#9532=CARTESIAN_POINT('',(-0.035,0.0166,0.0054));
#9533=CARTESIAN_POINT('',(-0.035,0.0101,-0.0011));
#9534=CARTESIAN_POINT('',(-0.035,0.0158,0.0046));
#9535=CARTESIAN_POINT('',(-0.035,0.0158,0.009));
#9536=CARTESIAN_POINT('',(-0.035,0.0158,0.0002));
#9537=CARTESIAN_POINT('',(-0.035,0.0088,0.0002));
#9538=CARTESIAN_POINT('',(-0.035,0.0088,0.0002));
#9539=CARTESIAN_POINT('',(-0.035,0.0088,0.0065));
#9540=CARTESIAN_POINT('',(-0.035,0.0088,0.0069));
#9541=CARTESIAN_POINT('',(-0.035,0.,0.0069));
#9542=CARTESIAN_POINT('',(-0.035,-0.008,0.0069));
#9543=CARTESIAN_POINT('',(-0.035,-0.008,0.009));
#9544=CARTESIAN_POINT('',(-0.035,-0.008,0.0002));
#9545=CARTESIAN_POINT('',(-0.035,-0.0346,0.0002));
#9546=CARTESIAN_POINT('',(-0.035,-0.0346,0.0002));
#9547=CARTESIAN_POINT('',(-0.035,-0.0346,0.009));
#9548=CARTESIAN_POINT('',(-0.035,-0.0346,0.00554077250435519));
#9549=CARTESIAN_POINT('',(-0.035,-0.0307350530067338,0.0183058252748404));
#9550=CARTESIAN_POINT('',(-0.035,-0.0344124463003187,0.00616022029442919));
#9551=CARTESIAN_POINT('',(-0.035,-0.0225133337284187,0.0240088891522791));
#9552=CARTESIAN_POINT('',(-0.035,-0.0329446996944378,0.00836184020325051));
#9553=CARTESIAN_POINT('',(-0.035,-0.007069643631316,0.0222097499581997));
#9554=CARTESIAN_POINT('',(-0.035,-0.0324996940436267,0.0086));
#9555=CARTESIAN_POINT('',(-0.035,0.,0.0086));
#9556=CARTESIAN_POINT('',(-0.035,0.0324996940436267,0.0086));
#9557=CARTESIAN_POINT('',(-0.035,0.00706964363131601,0.0222097499581997));
#9558=CARTESIAN_POINT('',(-0.035,0.0329446996944378,0.0083618402032505));
#9559=CARTESIAN_POINT('',(-0.035,0.0225133337284187,0.0240088891522791));
#9560=CARTESIAN_POINT('',(-0.035,0.0344124463003187,0.00616022029442922));
#9561=CARTESIAN_POINT('',(-0.035,0.0307350530067338,0.0183058252748404));
#9562=CARTESIAN_POINT('',(-0.035,0.0346,0.00554077250435517));
#9563=CARTESIAN_POINT('',(-0.035,0.0346,0.0004));
#9564=CARTESIAN_POINT('',(-0.00248598035881277,0.,0.));
#9565=CARTESIAN_POINT('',(-0.0348,0.0346,0.));
#9566=CARTESIAN_POINT('',(-0.0348,0.0088,0.));
#9567=CARTESIAN_POINT('',(-0.0348,0.0158,0.));
#9568=CARTESIAN_POINT('',(-0.03455,0.0158,0.));
#9569=CARTESIAN_POINT('',(-0.03455,0.0158,0.));
#9570=CARTESIAN_POINT('',(-0.033,0.0158,0.));
#9571=CARTESIAN_POINT('',(-0.0334,0.0158,0.));
#9572=CARTESIAN_POINT('',(-0.0334,0.0084,0.));
#9573=CARTESIAN_POINT('',(-0.0334,0.0088,0.));
#9574=CARTESIAN_POINT('',(-0.00248598035881277,0.0088,0.));
#9575=CARTESIAN_POINT('',(-0.00248598035881277,0.,0.));
#9576=CARTESIAN_POINT('',(-0.0293,0.029,0.));
#9577=CARTESIAN_POINT('',(-0.02755,0.029,0.));
#9578=CARTESIAN_POINT('',(0.0197,0.029,0.));
#9579=CARTESIAN_POINT('',(0.02145,0.029,0.));
#9580=CARTESIAN_POINT('',(-0.00248598035881277,0.0266,0.));
#9581=CARTESIAN_POINT('',(-0.0334,0.0266,0.));
#9582=CARTESIAN_POINT('',(-0.03455,0.0266,0.));
#9583=CARTESIAN_POINT('',(-0.00248598035881277,0.0266,0.));
#9584=CARTESIAN_POINT('',(-0.0348,0.0266,0.));
#9585=CARTESIAN_POINT('',(-0.0348,0.0346,0.));
#9586=CARTESIAN_POINT('',(-0.0348,0.0346,0.));
#9587=CARTESIAN_POINT('',(-0.00248598035881278,0.0346,0.));
#9588=CARTESIAN_POINT('',(0.0346,0.0346,0.));
#9589=CARTESIAN_POINT('',(0.0346,0.,0.));
#9590=CARTESIAN_POINT('',(0.0346,0.0179,0.));
#9591=CARTESIAN_POINT('',(0.0314,0.0179,0.));
#9592=CARTESIAN_POINT('',(0.0318,0.0179,0.));
#9593=CARTESIAN_POINT('',(0.0318,-1.4550873400688E-17,0.));
#9594=CARTESIAN_POINT('',(0.0318,0.0331,0.));
#9595=CARTESIAN_POINT('',(0.0212,0.0331,0.));
#9596=CARTESIAN_POINT('',(0.0208,0.0331,0.));
#9597=CARTESIAN_POINT('',(0.0208,0.031,0.));
#9598=CARTESIAN_POINT('',(0.0208,0.0307888543819999,0.));
#9599=CARTESIAN_POINT('',(0.0197,0.029,0.));
#9600=CARTESIAN_POINT('',(0.0186,0.0307888543819999,0.));
#9601=CARTESIAN_POINT('',(0.0186,0.,0.));
#9602=CARTESIAN_POINT('',(0.0186,0.0331,0.));
#9603=CARTESIAN_POINT('',(-0.0278,0.0331,0.));
#9604=CARTESIAN_POINT('',(-0.0282,0.0331,0.));
#9605=CARTESIAN_POINT('',(-0.0282,0.031,0.));
#9606=CARTESIAN_POINT('',(-0.0282,0.0307888543819999,0.));
#9607=CARTESIAN_POINT('',(-0.0293,0.029,0.));
#9608=CARTESIAN_POINT('',(-0.0304,0.0307888543819999,0.));
#9609=CARTESIAN_POINT('',(-0.0304,0.,0.));
#9610=CARTESIAN_POINT('',(-0.0304,0.0331,0.));
#9611=CARTESIAN_POINT('',(-0.033,0.0331,0.));
#9612=CARTESIAN_POINT('',(-0.0334,0.0331,0.));
#9613=CARTESIAN_POINT('',(-0.0334,0.0262,0.));
#9614=CARTESIAN_POINT('',(-0.0348,0.,0.));
#9615=CARTESIAN_POINT('',(-0.0401333333333333,0.0106666666666666,0.00533333333333336));
#9616=CARTESIAN_POINT('',(-0.0349,0.0159,9.99999999999977E-5));
#9617=CARTESIAN_POINT('',(-0.0295333333333333,0.0105333333333333,-0.0052666666666667));
#9618=CARTESIAN_POINT('',(-0.0331333333333333,0.0104666666666667,-0.00166666666666667));
#9619=CARTESIAN_POINT('',(-0.0349,0.0087,0.0001));
#9620=CARTESIAN_POINT('',(-0.0368333333333333,0.0106333333333333,0.00203333333333335));
#9621=CARTESIAN_POINT('',(-0.03,0.00311309353220728,0.009));
#9622=CARTESIAN_POINT('',(-0.03,0.00311309353220728,0.0085));
#9623=CARTESIAN_POINT('',(-0.03,0.00447911893599171,0.0085));
#9624=CARTESIAN_POINT('',(-0.03,0.00274706812842283,0.0085));
#9625=CARTESIAN_POINT('',(-0.03,0.00397911893599171,0.009));
#9626=CARTESIAN_POINT('',(-0.03,0.00413030472519541,0.00884881421079631));
#9627=CARTESIAN_POINT('',(-0.03,0.00397124906036124,0.00854730130621717));
#9628=CARTESIAN_POINT('',(-0.03,0.00416185903669086,0.00890862994965043));
#9629=CARTESIAN_POINT('',(-0.03,0.00224706812842283,0.00890862994965043));
#9630=CARTESIAN_POINT('',(-0.03,0.00233843817877241,0.00890862994965043));
#9631=CARTESIAN_POINT('',(-0.03,0.00224706812842283,0.009));
#9632=CARTESIAN_POINT('',(-0.00839345919999093,0.00952545785285812,0.009));
#9633=CARTESIAN_POINT('',(-0.0229258192007593,0.00533032687365603,0.00480486902079791));
#9634=CARTESIAN_POINT('',(-0.0229258192007593,0.00163519589445395,0.0085));
#9635=CARTESIAN_POINT('',(-0.0229258192007593,0.00263519589445395,0.0075));
#9636=CARTESIAN_POINT('',(-0.00860996555093704,0.00990045785285812,0.0085));
#9637=CARTESIAN_POINT('',(-0.03,-0.00244908429428378,0.0085));
#9638=CARTESIAN_POINT('',(-0.03,-0.00294908429428378,0.009));
#9639=CARTESIAN_POINT('',(-0.03,-0.00285771424393421,0.00890862994965043));
#9640=CARTESIAN_POINT('',(-0.0208539525851899,0.0115688061078374,-0.000237417465159479));
#9641=CARTESIAN_POINT('',(-0.0300913700503496,-0.00300183681744898,0.009));
#9642=CARTESIAN_POINT('',(-0.00839345919999093,0.00952545785285812,0.009));
#9643=CARTESIAN_POINT('',(0.0135951491706426,0.0222205868147487,0.009));
#9644=CARTESIAN_POINT('',(-0.00659739175567161,0.018805988188608,0.000756429686710585));
#9645=CARTESIAN_POINT('',(0.0132130816000181,0.0221559784325492,0.0088440215674509));
#9646=CARTESIAN_POINT('',(0.0132130816000181,0.022,0.009));
#9647=CARTESIAN_POINT('',(0.0132130816000181,0.0239798989873224,0.00702010101267767));
#9648=CARTESIAN_POINT('',(-0.00839345919999093,0.0115053568401804,0.00702010101267767));
#9649=CARTESIAN_POINT('',(-0.0215,0.00393829198115038,0.00702010101267767));
#9650=CARTESIAN_POINT('',(-0.0215,0.00574192542334309,0.00521646757048497));
#9651=CARTESIAN_POINT('',(-0.0215,0.00345839299382806,0.0075));
#9652=CARTESIAN_POINT('',(-0.00904297825282926,0.0106504578528581,0.0075));
#9653=CARTESIAN_POINT('',(-0.03,-0.00208305889049934,0.009));
#9654=CARTESIAN_POINT('',(-0.03,-0.00208305889049934,0.0085));
#9655=CARTESIAN_POINT('',(-0.03,-0.000717033486714906,0.0085));
#9656=CARTESIAN_POINT('',(-0.03,-0.00121703348671491,0.009));
#9657=CARTESIAN_POINT('',(-0.03,-0.00106584769751122,0.00884881421079631));
#9658=CARTESIAN_POINT('',(-0.03,-0.00122490336234536,0.00854730130621719));
#9659=CARTESIAN_POINT('',(-0.03,-0.00103429338601576,0.00890862994965043));
#9660=CARTESIAN_POINT('',(-0.03,-0.00294908429428378,0.00890862994965043));
#9661=CARTESIAN_POINT('',(-0.00989345919999093,0.0103914832566426,0.009));
#9662=CARTESIAN_POINT('',(-0.0229258192007593,0.00662936497933269,0.00523788172269014));
#9663=CARTESIAN_POINT('',(-0.0229258192007593,0.00436724670202282,0.0075));
#9664=CARTESIAN_POINT('',(-0.0229258192007593,0.00336724670202283,0.0085));
#9665=CARTESIAN_POINT('',(-0.0105429782528293,0.0115164832566426,0.0075));
#9666=CARTESIAN_POINT('',(-0.0215,0.00519044380139693,0.0075));
#9667=CARTESIAN_POINT('',(-0.0215,0.00704096352901974,0.00564948027237719));
#9668=CARTESIAN_POINT('',(-0.0215,0.00567034278871926,0.00702010101267767));
#9669=CARTESIAN_POINT('',(-0.00989345919999093,0.0123713822439649,0.00702010101267767));
#9670=CARTESIAN_POINT('',(0.0102130816000182,0.0239798989873224,0.00702010101267767));
#9671=CARTESIAN_POINT('',(0.0102130816000182,0.022,0.009));
#9672=CARTESIAN_POINT('',(0.0102130816000182,0.0221559784325492,0.0088440215674509));
#9673=CARTESIAN_POINT('',(-0.0082199143419612,0.0190389223449165,0.00131878248601044));
#9674=CARTESIAN_POINT('',(0.0102248211307336,0.0221579636104224,0.00884881421079631));
#9675=CARTESIAN_POINT('',(-0.0300654653670708,-0.00110364414481214,0.00884881421079631));
#9676=CARTESIAN_POINT('',(-0.010109965550937,0.0107664832566426,0.0085));
#9677=CARTESIAN_POINT('',(-0.00389345919999074,0.00692738164150469,0.009));
#9678=CARTESIAN_POINT('',(-0.0229258192007593,0.00143321255662589,0.0035058309151212));
#9679=CARTESIAN_POINT('',(-0.0229258192007593,-0.00356095652825291,0.0085));
#9680=CARTESIAN_POINT('',(-0.0229258192007593,-0.00256095652825291,0.0075));
#9681=CARTESIAN_POINT('',(-0.00410996555093685,0.00730238164150469,0.0085));
#9682=CARTESIAN_POINT('',(-0.03,-0.00764523671699062,0.0085));
#9683=CARTESIAN_POINT('',(-0.03,-0.00814523671699062,0.009));
#9684=CARTESIAN_POINT('',(-0.03,-0.00805386666664105,0.00890862994965043));
#9685=CARTESIAN_POINT('',(-0.0189381746616885,0.0093945065084731,-0.00215319538866091));
#9686=CARTESIAN_POINT('',(-0.0300913700503496,-0.00819798924015583,0.009));
#9687=CARTESIAN_POINT('',(-0.00389345919999074,0.00692738164150469,0.009));
#9688=CARTESIAN_POINT('',(0.0225951491706429,0.0222205868147487,0.009));
#9689=CARTESIAN_POINT('',(-0.00172982399680277,0.0181071857196824,-0.000930628711188977));
#9690=CARTESIAN_POINT('',(0.0222130816000185,0.0221559784325491,0.00884402156745089));
#9691=CARTESIAN_POINT('',(0.0222130816000185,0.022,0.009));
#9692=CARTESIAN_POINT('',(0.0222130816000185,0.0239798989873224,0.00702010101267767));
#9693=CARTESIAN_POINT('',(-0.00389345919999074,0.00890728062882703,0.00702010101267767));
#9694=CARTESIAN_POINT('',(-0.0215,-0.00125786044155647,0.00702010101267767));
#9695=CARTESIAN_POINT('',(-0.0215,0.00184481110631295,0.00391742946480826));
#9696=CARTESIAN_POINT('',(-0.0215,-0.0017377594288788,0.0075));
#9697=CARTESIAN_POINT('',(-0.00454297825282907,0.00805238164150469,0.0075));
#9698=CARTESIAN_POINT('',(-0.03,-0.00727921131320608,0.009));
#9699=CARTESIAN_POINT('',(-0.03,-0.00727921131320608,0.0085));
#9700=CARTESIAN_POINT('',(-0.03,-0.00591318590942155,0.0085));
#9701=CARTESIAN_POINT('',(-0.03,-0.00641318590942155,0.009));
#9702=CARTESIAN_POINT('',(-0.03,-0.00626200012021786,0.00884881421079631));
#9703=CARTESIAN_POINT('',(-0.03,-0.00642105578505204,0.00854730130621714));
#9704=CARTESIAN_POINT('',(-0.03,-0.0062304458087224,0.00890862994965043));
#9705=CARTESIAN_POINT('',(-0.03,-0.00814523671699062,0.00890862994965043));
#9706=CARTESIAN_POINT('',(-0.00539345919999093,0.00779340704528923,0.009));
#9707=CARTESIAN_POINT('',(-0.0229258192007593,0.0027322506623027,0.00393884361701347));
#9708=CARTESIAN_POINT('',(-0.0229258192007593,-0.000828905720683826,0.0075));
#9709=CARTESIAN_POINT('',(-0.0229258192007593,-0.00182890572068382,0.0085));
#9710=CARTESIAN_POINT('',(-0.00604297825282926,0.00891840704528923,0.0075));
#9711=CARTESIAN_POINT('',(-0.0215,-5.70862130971529E-6,0.0075));
#9712=CARTESIAN_POINT('',(-0.0215,0.00314384921198975,0.00435044216670052));
#9713=CARTESIAN_POINT('',(-0.0215,0.000474190366012612,0.00702010101267767));
#9714=CARTESIAN_POINT('',(-0.00539345919999093,0.00977330603261157,0.00702010101267767));
#9715=CARTESIAN_POINT('',(0.0192130816000181,0.0239798989873224,0.00702010101267767));
#9716=CARTESIAN_POINT('',(0.0192130816000181,0.022,0.009));
#9717=CARTESIAN_POINT('',(0.0192130816000181,0.0221559784325492,0.00884402156745089));
#9718=CARTESIAN_POINT('',(-0.00335234658309255,0.0183401198759909,-0.000368275911889055));
#9719=CARTESIAN_POINT('',(0.0192248211307336,0.0221579636104224,0.00884881421079631));
#9720=CARTESIAN_POINT('',(-0.0300654653670708,-0.00629979656751878,0.00884881421079631));
#9721=CARTESIAN_POINT('',(-0.00560996555093704,0.00816840704528923,0.0085));
#9722=CARTESIAN_POINT('',(0.000295651667553947,0.00414981350584016,0.009));
#9723=CARTESIAN_POINT('',(-0.0229258192007593,-0.0025536477225597,0.00229653877160014));
#9724=CARTESIAN_POINT('',(-0.0229258192007593,-0.00875710895095956,0.0085));
#9725=CARTESIAN_POINT('',(-0.0229258192007593,-0.00775710895095956,0.0075));
#9726=CARTESIAN_POINT('',(7.9145316607837E-5,0.00452481350584016,0.0085));
#9727=CARTESIAN_POINT('',(-0.0294086966648921,-0.0125,0.0085));
#9728=CARTESIAN_POINT('',(-0.0294086966648921,-0.013,0.009));
#9729=CARTESIAN_POINT('',(-0.0294086966648921,-0.013,0.009));
#9730=CARTESIAN_POINT('',(0.000295651667553947,0.00414981350584016,0.009));
#9731=CARTESIAN_POINT('',(0.0300913700503496,0.0213523795348456,0.009));
#9732=CARTESIAN_POINT('',(0.0197522901771558,0.0257221888600777,-0.00133907987319361));
#9733=CARTESIAN_POINT('',(0.03,0.0213909970620299,0.00890862994965043));
#9734=CARTESIAN_POINT('',(0.03,0.0212996270116803,0.009));
#9735=CARTESIAN_POINT('',(0.03,0.0232795259990027,0.00702010101267767));
#9736=CARTESIAN_POINT('',(0.000295651667553947,0.00612971249316249,0.00702010101267767));
#9737=CARTESIAN_POINT('',(-0.0215,-0.00645401286426313,0.00702010101267767));
#9738=CARTESIAN_POINT('',(-0.0215,-0.00214204917287265,0.00270813732128719));
#9739=CARTESIAN_POINT('',(-0.0215,-0.00693391185158545,0.0075));
#9740=CARTESIAN_POINT('',(-0.000353867385284382,0.00527481350584016,0.0075));
#9741=CARTESIAN_POINT('',(-0.000893459199990737,0.00519533083393581,0.009));
#9742=CARTESIAN_POINT('',(-0.0229258192007593,-0.00116486365472743,0.00263980551133676));
#9743=CARTESIAN_POINT('',(-0.0229258192007593,-0.00602505814339067,0.0075));
#9744=CARTESIAN_POINT('',(-0.0229258192007593,-0.00702505814339067,0.0085));
#9745=CARTESIAN_POINT('',(-0.00154297825282906,0.00632033083393581,0.0075));
#9746=CARTESIAN_POINT('',(-0.0215,-0.00520186104401656,0.0075));
#9747=CARTESIAN_POINT('',(-0.0215,-0.000753265105040378,0.00305140406102382));
#9748=CARTESIAN_POINT('',(-0.0215,-0.00472196205669423,0.00702010101267767));
#9749=CARTESIAN_POINT('',(-0.000893459199990737,0.00717522982125814,0.00702010101267767));
#9750=CARTESIAN_POINT('',(0.0282130816000185,0.0239798989873224,0.00702010101267767));
#9751=CARTESIAN_POINT('',(0.0282130816000185,0.022,0.009));
#9752=CARTESIAN_POINT('',(0.0282130816000185,0.0221559784325492,0.00884402156745089));
#9753=CARTESIAN_POINT('',(0.00151522117577656,0.0176413174070656,-0.00205533430978879));
#9754=CARTESIAN_POINT('',(0.0282248211307339,0.0221579636104224,0.00884881421079631));
#9755=CARTESIAN_POINT('',(-0.0300654653670708,-0.0114959489902256,0.00884881421079631));
#9756=CARTESIAN_POINT('',(-0.03,-0.0114581525429247,0.00884881421079631));
#9757=CARTESIAN_POINT('',(-0.03,-0.0116093383321284,0.009));
#9758=CARTESIAN_POINT('',(-0.03,-0.0111093383321284,0.0085));
#9759=CARTESIAN_POINT('',(-0.00110996555093685,0.00557033083393581,0.0085));
#9760=CARTESIAN_POINT('',(-0.0242869183999818,0.022,0.009));
#9761=CARTESIAN_POINT('',(-0.0229258192007593,0.022,0.009));
#9762=CARTESIAN_POINT('',(-0.0229258192007593,0.0239798989873224,0.00702010101267767));
#9763=CARTESIAN_POINT('',(-0.0229258192007593,0.0225,0.0085));
#9764=CARTESIAN_POINT('',(-0.0242869183999818,0.0239798989873224,0.00702010101267767));
#9765=CARTESIAN_POINT('',(-0.0227869183999817,0.0239798989873224,0.00702010101267767));
#9766=CARTESIAN_POINT('',(-0.0227869183999817,0.022,0.009));
#9767=CARTESIAN_POINT('',(-0.0227869183999817,0.0221559784325491,0.0088440215674509));
#9768=CARTESIAN_POINT('',(-0.0257869183999818,0.0221559784325491,0.00884402156745089));
#9769=CARTESIAN_POINT('',(-0.0257869183999818,0.0221559784325491,0.00884402156745089));
#9770=CARTESIAN_POINT('',(-0.0257869183999818,0.022,0.009));
#9771=CARTESIAN_POINT('',(-0.0257869183999818,0.0225,0.0085));
#9772=CARTESIAN_POINT('',(-0.0242869183999818,0.0225,0.0085));
#9773=CARTESIAN_POINT('',(-0.0263934591999909,0.0199177626982713,0.009));
#9774=CARTESIAN_POINT('',(-0.0229258192007593,0.0209187841417759,0.0100010214435045));
#9775=CARTESIAN_POINT('',(-0.0229258192007593,0.0224198055852805,0.0085));
#9776=CARTESIAN_POINT('',(-0.0229258192007593,0.0238997045726028,0.00702010101267767));
#9777=CARTESIAN_POINT('',(-0.026609965550937,0.0202927626982713,0.0085));
#9778=CARTESIAN_POINT('',(-0.03,0.0183355253965427,0.0085));
#9779=CARTESIAN_POINT('',(-0.03,0.0178355253965427,0.009));
#9780=CARTESIAN_POINT('',(-0.03,0.0179268954468923,0.00890862994965043));
#9781=CARTESIAN_POINT('',(-0.0285170642791956,0.0202660045052942,0.00742569422884592));
#9782=CARTESIAN_POINT('',(-0.0300913700503496,0.0177827728733776,0.009));
#9783=CARTESIAN_POINT('',(-0.0263934591999909,0.0199177626982713,0.009));
#9784=CARTESIAN_POINT('',(-0.0224048508293574,0.0222205868147487,0.009));
#9785=CARTESIAN_POINT('',(-0.0260676627911467,0.0216011980643097,0.00750466327830891));
#9786=CARTESIAN_POINT('',(-0.0263934591999909,0.0218976616855937,0.00702010101267767));
#9787=CARTESIAN_POINT('',(-0.03,0.0187015508003272,0.009));
#9788=CARTESIAN_POINT('',(-0.03,0.0187015508003272,0.0085));
#9789=CARTESIAN_POINT('',(-0.03,0.0200675762041116,0.0085));
#9790=CARTESIAN_POINT('',(-0.03,0.0195675762041116,0.009));
#9791=CARTESIAN_POINT('',(-0.03,0.0197187619933153,0.00884881421079631));
#9792=CARTESIAN_POINT('',(-0.03,0.0195597063284811,0.00854730130621718));
#9793=CARTESIAN_POINT('',(-0.03,0.0197503163048107,0.00890862994965043));
#9794=CARTESIAN_POINT('',(-0.03,0.0178355253965427,0.00890862994965043));
#9795=CARTESIAN_POINT('',(-0.0278934591999909,0.0207837881020558,0.009));
#9796=CARTESIAN_POINT('',(-0.028109965550937,0.0211587881020558,0.0085));
#9797=CARTESIAN_POINT('',(-0.0276901853774363,0.0218341322206181,0.00806701607760877));
#9798=CARTESIAN_POINT('',(-0.0257751788692663,0.0221579636104224,0.00884881421079631));
#9799=CARTESIAN_POINT('',(-0.0300654653670708,0.0196809655460144,0.00884881421079631));
#9800=CARTESIAN_POINT('',(-0.0128934591999909,0.0121235340642114,0.009));
#9801=CARTESIAN_POINT('',(-0.0229258192007593,0.00922744119068599,0.00610390712647457));
#9802=CARTESIAN_POINT('',(-0.0229258192007593,0.00683134831716056,0.0085));
#9803=CARTESIAN_POINT('',(-0.0229258192007593,0.00783134831716056,0.0075));
#9804=CARTESIAN_POINT('',(-0.013109965550937,0.0124985340642114,0.0085));
#9805=CARTESIAN_POINT('',(-0.0227697305086913,0.0137431057072016,0.00167836045834187));
#9806=CARTESIAN_POINT('',(-0.0300913700503496,0.00219431560525764,0.009));
#9807=CARTESIAN_POINT('',(-0.0128934591999909,0.0121235340642114,0.009));
#9808=CARTESIAN_POINT('',(0.00459514917064263,0.0222205868147487,0.009));
#9809=CARTESIAN_POINT('',(-0.0114649595145404,0.0195047906575333,0.00244348808461021));
#9810=CARTESIAN_POINT('',(0.00421308160001819,0.0221559784325491,0.0088440215674509));
#9811=CARTESIAN_POINT('',(0.00421308160001819,0.022,0.009));
#9812=CARTESIAN_POINT('',(0.00421308160001819,0.0239798989873224,0.00702010101267767));
#9813=CARTESIAN_POINT('',(-0.0128934591999909,0.0141034330515338,0.00702010101267767));
#9814=CARTESIAN_POINT('',(-0.0222524797805443,0.0087,0.00702010101267767));
#9815=CARTESIAN_POINT('',(-0.0143758929351551,0.0087,0.0115676505481586));
#9816=CARTESIAN_POINT('',(-0.0215,0.0087,0.00745454541653467));
#9817=CARTESIAN_POINT('',(-0.0215,0.00963903974037305,0.00651550567616162));
#9818=CARTESIAN_POINT('',(-0.0215,0.00865454541653467,0.0075));
#9819=CARTESIAN_POINT('',(-0.0135429782528292,0.0132485340642114,0.0075));
#9820=CARTESIAN_POINT('',(-0.0143934591999909,0.0129895594679959,0.009));
#9821=CARTESIAN_POINT('',(-0.0229258192007593,0.0105264792963626,0.00653691982836679));
#9822=CARTESIAN_POINT('',(-0.0229258192007593,0.0100432981120518,0.00702010101267767));
#9823=CARTESIAN_POINT('',(-0.0229258192007593,0.00856339912472944,0.0085));
#9824=CARTESIAN_POINT('',(-0.0143934591999909,0.0149694584553182,0.00702010101267767));
#9825=CARTESIAN_POINT('',(0.00121308160001818,0.0239798989873224,0.00702010101267767));
#9826=CARTESIAN_POINT('',(0.00121308160001818,0.022,0.009));
#9827=CARTESIAN_POINT('',(0.00121308160001818,0.0221559784325491,0.00884402156745089));
#9828=CARTESIAN_POINT('',(-0.01308748210083,0.0197377248138418,0.00300584088391007));
#9829=CARTESIAN_POINT('',(0.0012248211307336,0.0221579636104224,0.00884881421079631));
#9830=CARTESIAN_POINT('',(-0.0300654653670708,0.00409250827789448,0.00884881421079631));
#9831=CARTESIAN_POINT('',(-0.014609965550937,0.0133645594679959,0.0085));
#9832=CARTESIAN_POINT('',(-0.0218934591999909,0.017319686486918,0.009));
#9833=CARTESIAN_POINT('',(-0.0229258192007593,0.017021669824746,0.00870198333782789));
#9834=CARTESIAN_POINT('',(-0.0229258192007593,0.0172236531625739,0.0085));
#9835=CARTESIAN_POINT('',(-0.0229258192007593,0.0187035521498961,0.00702010101267767));
#9836=CARTESIAN_POINT('',(-0.022109965550937,0.017694686486918,0.0085));
#9837=CARTESIAN_POINT('',(-0.03,0.0131393729738361,0.0085));
#9838=CARTESIAN_POINT('',(-0.03,0.0126393729738361,0.009));
#9839=CARTESIAN_POINT('',(-0.03,0.0127307430241857,0.00890862994965043));
#9840=CARTESIAN_POINT('',(-0.0266012863556943,0.0180917049059299,0.00550991630534456));
#9841=CARTESIAN_POINT('',(-0.0300913700503496,0.0125866204506709,0.009));
#9842=CARTESIAN_POINT('',(-0.0218934591999909,0.017319686486918,0.009));
#9843=CARTESIAN_POINT('',(-0.0134048508293573,0.0222205868147487,0.009));
#9844=CARTESIAN_POINT('',(-0.0212000950322779,0.0209023955953842,0.00581760488040935));
#9845=CARTESIAN_POINT('',(-0.0137869183999818,0.0221559784325491,0.00884402156745089));
#9846=CARTESIAN_POINT('',(-0.0137869183999818,0.022,0.009));
#9847=CARTESIAN_POINT('',(-0.0137869183999818,0.0239798989873224,0.00702010101267767));
#9848=CARTESIAN_POINT('',(-0.0218934591999909,0.0192995854742403,0.00702010101267767));
#9849=CARTESIAN_POINT('',(-0.03,0.0135053983776205,0.009));
#9850=CARTESIAN_POINT('',(-0.03,0.0135053983776205,0.0085));
#9851=CARTESIAN_POINT('',(-0.03,0.014871423781405,0.0085));
#9852=CARTESIAN_POINT('',(-0.03,0.014371423781405,0.009));
#9853=CARTESIAN_POINT('',(-0.03,0.0145226095706087,0.00884881421079631));
#9854=CARTESIAN_POINT('',(-0.03,0.0143635539057745,0.00854730130621719));
#9855=CARTESIAN_POINT('',(-0.03,0.0145541638821041,0.00890862994965043));
#9856=CARTESIAN_POINT('',(-0.03,0.0126393729738361,0.00890862994965043));
#9857=CARTESIAN_POINT('',(-0.0233934591999909,0.0181857118907025,0.009));
#9858=CARTESIAN_POINT('',(-0.0229258192007593,0.0183207079304226,0.00913499603972012));
#9859=CARTESIAN_POINT('',(-0.0229258192007593,0.020435602957465,0.00702010101267767));
#9860=CARTESIAN_POINT('',(-0.0229258192007593,0.0189557039701427,0.0085));
#9861=CARTESIAN_POINT('',(-0.0233934591999909,0.0201656108780248,0.00702010101267767));
#9862=CARTESIAN_POINT('',(-0.0167869183999818,0.0239798989873224,0.00702010101267767));
#9863=CARTESIAN_POINT('',(-0.0167869183999818,0.022,0.009));
#9864=CARTESIAN_POINT('',(-0.0167869183999818,0.0221559784325491,0.00884402156745089));
#9865=CARTESIAN_POINT('',(-0.0228226176185676,0.0211353297516927,0.00637995767970921));
#9866=CARTESIAN_POINT('',(-0.0167751788692664,0.0221579636104224,0.00884881421079631));
#9867=CARTESIAN_POINT('',(-0.0300654653670708,0.0144848131233077,0.00884881421079631));
#9868=CARTESIAN_POINT('',(-0.023609965550937,0.0185607118907025,0.0085));
#9869=CARTESIAN_POINT('',(-0.0173934591999909,0.0147216102755647,0.009));
#9870=CARTESIAN_POINT('',(-0.0229258192007593,0.013124555507716,0.00740294523215124));
#9871=CARTESIAN_POINT('',(-0.0229258192007593,0.0120275007398672,0.0085));
#9872=CARTESIAN_POINT('',(-0.0229258192007593,0.0135073997271895,0.00702010101267767));
#9873=CARTESIAN_POINT('',(-0.017609965550937,0.0150966102755647,0.0085));
#9874=CARTESIAN_POINT('',(-0.03,0.00794322055112949,0.0085));
#9875=CARTESIAN_POINT('',(-0.03,0.00744322055112949,0.009));
#9876=CARTESIAN_POINT('',(-0.03,0.00753459060147906,0.00890862994965043));
#9877=CARTESIAN_POINT('',(-0.0246855084321929,0.0159174053065657,0.00359413838184319));
#9878=CARTESIAN_POINT('',(-0.0300913700503496,0.0073904680279643,0.009));
#9879=CARTESIAN_POINT('',(-0.0173934591999909,0.0147216102755647,0.009));
#9880=CARTESIAN_POINT('',(-0.00440485082935741,0.0222205868147487,0.009));
#9881=CARTESIAN_POINT('',(-0.0163325272734092,0.0202035931264588,0.00413054648250975));
#9882=CARTESIAN_POINT('',(-0.00478691839998184,0.0221559784325491,0.00884402156745089));
#9883=CARTESIAN_POINT('',(-0.00478691839998184,0.022,0.009));
#9884=CARTESIAN_POINT('',(-0.00478691839998184,0.0239798989873224,0.00702010101267767));
#9885=CARTESIAN_POINT('',(-0.0173934591999909,0.0167015092628871,0.00702010101267767));
#9886=CARTESIAN_POINT('',(-0.03,0.00830924595491392,0.009));
#9887=CARTESIAN_POINT('',(-0.03,0.00830924595491392,0.0085));
#9888=CARTESIAN_POINT('',(-0.03,0.00967527135869834,0.0085));
#9889=CARTESIAN_POINT('',(-0.03,0.00917527135869834,0.009));
#9890=CARTESIAN_POINT('',(-0.03,0.00932645714790203,0.00884881421079631));
#9891=CARTESIAN_POINT('',(-0.03,0.00916740148306788,0.00854730130621719));
#9892=CARTESIAN_POINT('',(-0.03,0.00935801145939748,0.00890862994965043));
#9893=CARTESIAN_POINT('',(-0.03,0.00744322055112949,0.00890862994965043));
#9894=CARTESIAN_POINT('',(-0.0188934591999909,0.0155876356793492,0.009));
#9895=CARTESIAN_POINT('',(-0.0229258192007593,0.0144235936133926,0.00783595793404345));
#9896=CARTESIAN_POINT('',(-0.0229258192007593,0.0152394505347584,0.00702010101267767));
#9897=CARTESIAN_POINT('',(-0.0229258192007593,0.0137595515474361,0.0085));
#9898=CARTESIAN_POINT('',(-0.0188934591999909,0.0175675346666715,0.00702010101267767));
#9899=CARTESIAN_POINT('',(-0.00778691839998179,0.0239798989873224,0.00702010101267767));
#9900=CARTESIAN_POINT('',(-0.00778691839998179,0.022,0.009));
#9901=CARTESIAN_POINT('',(-0.00778691839998179,0.0221559784325491,0.00884402156745089));
#9902=CARTESIAN_POINT('',(-0.0179550498596987,0.0204365272827673,0.0046928992818096));
#9903=CARTESIAN_POINT('',(-0.00777517886926637,0.0221579636104224,0.00884881421079631));
#9904=CARTESIAN_POINT('',(-0.0300654653670708,0.00928866070060111,0.00884881421079631));
#9905=CARTESIAN_POINT('',(-0.019109965550937,0.0159626356793491,0.0085));
#9906=CARTESIAN_POINT('',(-0.0219086966648921,-0.013,0.009));
#9907=CARTESIAN_POINT('',(-0.0229258192007593,-0.013,0.009));
#9908=CARTESIAN_POINT('',(-0.0229258192007593,-0.0125,0.0085));
#9909=CARTESIAN_POINT('',(-0.0229258192007593,-0.0110201010126777,0.00702010101267767));
#9910=CARTESIAN_POINT('',(-0.0219086966648921,-0.0125,0.0085));
#9911=CARTESIAN_POINT('',(-0.0234086966648921,-0.0125,0.0085));
#9912=CARTESIAN_POINT('',(-0.0234086966648921,-0.013,0.009));
#9913=CARTESIAN_POINT('',(-0.0234086966648921,-0.0128488142107963,0.00884881421079631));
#9914=CARTESIAN_POINT('',(-0.0223309188871143,-0.0124414525009975,0.00844145250099747));
#9915=CARTESIAN_POINT('',(-0.0238086966648921,-0.013,0.009));
#9916=CARTESIAN_POINT('',(-0.0219086966648921,-0.013,0.009));
#9917=CARTESIAN_POINT('',(-0.020408696664892,-0.013,0.009));
#9918=CARTESIAN_POINT('',(-0.020408696664892,-0.013,0.009));
#9919=CARTESIAN_POINT('',(-0.020408696664892,-0.0110201010126777,0.00702010101267767));
#9920=CARTESIAN_POINT('',(-0.0219086966648921,-0.0110201010126777,0.00702010101267767));
#9921=CARTESIAN_POINT('',(0.00329565166755395,0.00241776269827127,0.009));
#9922=CARTESIAN_POINT('',(-0.0229258192007593,-0.00515172393391303,0.0014305133678157));
#9923=CARTESIAN_POINT('',(-0.0229258192007593,-0.010741311578775,0.00702010101267767));
#9924=CARTESIAN_POINT('',(-0.0229258192007593,-0.0122212105660973,0.0085));
#9925=CARTESIAN_POINT('',(0.00329565166755395,0.0043976616855936,0.00702010101267767));
#9926=CARTESIAN_POINT('',(0.03,0.0198154243838649,0.00702010101267767));
#9927=CARTESIAN_POINT('',(0.03,0.0178355253965426,0.009));
#9928=CARTESIAN_POINT('',(0.03,0.0179867111857463,0.00884881421079631));
#9929=CARTESIAN_POINT('',(-0.0234741620319629,-0.0128866106580972,0.00884881421079631));
#9930=CARTESIAN_POINT('',(0.00307914531660784,0.00279276269827128,0.0085));
#9931=CARTESIAN_POINT('',(-0.029704348332446,-0.013,0.009));
#9932=CARTESIAN_POINT('',(-0.029704348332446,-0.0125,0.0085));
#9933=CARTESIAN_POINT('',(-0.03,-0.0125,0.0085));
#9934=CARTESIAN_POINT('',(-0.03,-0.013,0.009));
#9935=CARTESIAN_POINT('',(-0.03,-0.0129086299496504,0.00890862994965043));
#9936=CARTESIAN_POINT('',(-0.0299623628110484,-0.0128709927606988,0.00887099276069883));
#9937=CARTESIAN_POINT('',(-0.0300913700503496,-0.013,0.009));
#9938=CARTESIAN_POINT('',(-0.029704348332446,-0.013,0.009));
#9939=CARTESIAN_POINT('',(-0.03,-0.0123046691660642,0.009));
#9940=CARTESIAN_POINT('',(-0.03,-0.0123046691660642,0.0085));
#9941=CARTESIAN_POINT('',(-0.03,-0.0115800479078678,0.00861774400291001));
#9942=CARTESIAN_POINT('',(-0.03,-0.0114265982314292,0.00890862994965043));
#9943=CARTESIAN_POINT('',(-0.03,-0.013,0.00890862994965043));
#9944=CARTESIAN_POINT('',(-0.0143934591999909,0.0149694584553182,0.00702010101267767));
#9945=CARTESIAN_POINT('',(-0.0229258192007593,0.012506378283685,0.00948318118431088));
#9946=CARTESIAN_POINT('',(-0.0229258192007593,0.0095231970993741,0.0065));
#9947=CARTESIAN_POINT('',(-0.0141682488552345,0.0145793826958099,0.0065));
#9948=CARTESIAN_POINT('',(-0.0248712536437892,0.0084,0.0065));
#9949=CARTESIAN_POINT('',(-0.0279678134109473,0.0084,0.00828779961513049));
#9950=CARTESIAN_POINT('',(-0.023,0.0084,0.00541963120503623));
#9951=CARTESIAN_POINT('',(-0.023,0.00494018439748189,0.00195981560251811));
#9952=CARTESIAN_POINT('',(-0.023,0.00838036879496377,0.0054));
#9953=CARTESIAN_POINT('',(-0.0214518268839196,0.00772603384420455,0.00385182688391964));
#9954=CARTESIAN_POINT('',(-0.0226,0.00821130890263962,0.005));
#9955=CARTESIAN_POINT('',(-0.00920560105400364,0.0159445687397439,0.005));
#9956=CARTESIAN_POINT('',(0.00121308160001818,0.0219597979746447,0.005));
#9957=CARTESIAN_POINT('',(0.00121308160001818,0.0239798989873224,0.00702010101267767));
#9958=CARTESIAN_POINT('',(-0.0173934591999909,0.0167015092628871,0.00702010101267767));
#9959=CARTESIAN_POINT('',(-0.0229258192007593,0.0151044544950383,0.00861715578052643));
#9960=CARTESIAN_POINT('',(-0.0229258192007593,0.0129872987145119,0.0065));
#9961=CARTESIAN_POINT('',(-0.00478691839998184,0.0239798989873224,0.00702010101267767));
#9962=CARTESIAN_POINT('',(-0.00478691839998184,0.0219597979746447,0.005));
#9963=CARTESIAN_POINT('',(-0.0107056010540036,0.0185426449510972,0.005));
#9964=CARTESIAN_POINT('',(-0.0275803571094084,0.0088,0.005));
#9965=CARTESIAN_POINT('',(-0.0289951425364948,0.00839158662641305,0.00540841337358695));
#9966=CARTESIAN_POINT('',(-0.0289659977554635,0.0084,0.0054));
#9967=CARTESIAN_POINT('',(-0.0294678134109473,0.0084,0.00568972340377716));
#9968=CARTESIAN_POINT('',(-0.03,0.0084,0.00599698147422584));
#9969=CARTESIAN_POINT('',(-0.03,0.00942311953845182,0.00702010101267767));
#9970=CARTESIAN_POINT('',(-0.03,0.00890301852577416,0.0065));
#9971=CARTESIAN_POINT('',(-0.0171682488552345,0.0163114335033788,0.0065));
#9972=CARTESIAN_POINT('',(-0.0188934591999909,0.0175675346666715,0.00702010101267767));
#9973=CARTESIAN_POINT('',(-0.0229258192007593,0.0164034926007149,0.00818414307863422));
#9974=CARTESIAN_POINT('',(-0.0229258192007593,0.0147193495220807,0.0065));
#9975=CARTESIAN_POINT('',(-0.0186682488552344,0.0171774589071633,0.0065));
#9976=CARTESIAN_POINT('',(-0.03,0.010635069333343,0.0065));
#9977=CARTESIAN_POINT('',(-0.03,0.0111551703460207,0.00702010101267767));
#9978=CARTESIAN_POINT('',(-0.03,0.00913506933334301,0.005));
#9979=CARTESIAN_POINT('',(-0.0114556010540036,0.0198416830567738,0.005));
#9980=CARTESIAN_POINT('',(-0.00778691839998179,0.0219597979746447,0.005));
#9981=CARTESIAN_POINT('',(-0.00778691839998179,0.0239798989873224,0.00702010101267767));
#9982=CARTESIAN_POINT('',(-0.0242869183999818,0.0239798989873224,0.00702010101267767));
#9983=CARTESIAN_POINT('',(-0.0229258192007593,0.0239798989873224,0.00702010101267767));
#9984=CARTESIAN_POINT('',(-0.0229258192007593,0.0234597979746447,0.0065));
#9985=CARTESIAN_POINT('',(-0.0242869183999818,0.0234597979746447,0.0065));
#9986=CARTESIAN_POINT('',(-0.0257869183999818,0.0234597979746447,0.0065));
#9987=CARTESIAN_POINT('',(-0.0257869183999818,0.0239798989873224,0.00702010101267767));
#9988=CARTESIAN_POINT('',(-0.0257869183999818,0.0219597979746447,0.005));
#9989=CARTESIAN_POINT('',(0.,0.0219597979746447,0.005));
#9990=CARTESIAN_POINT('',(-0.0227869183999817,0.0219597979746447,0.005));
#9991=CARTESIAN_POINT('',(-0.0227869183999817,0.0239798989873224,0.00702010101267767));
#9992=CARTESIAN_POINT('',(-0.0263934591999909,0.0218976616855937,0.00702010101267767));
#9993=CARTESIAN_POINT('',(-0.0229258192007593,0.0228986831290983,0.00601907956917313));
#9994=CARTESIAN_POINT('',(-0.0229258192007593,0.0233796035599251,0.0065));
#9995=CARTESIAN_POINT('',(-0.0152056010540036,0.0263368735851571,0.005));
#9996=CARTESIAN_POINT('',(-0.03,0.0177953233711874,0.005));
#9997=CARTESIAN_POINT('',(-0.03,0.019815424383865,0.00702010101267767));
#9998=CARTESIAN_POINT('',(-0.03,0.0192953233711874,0.0065));
#9999=CARTESIAN_POINT('',(-0.0261682488552344,0.0215075859260855,0.0065));
#10000=CARTESIAN_POINT('',(-0.0218934591999909,0.0192995854742403,0.00702010101267767));
#10001=CARTESIAN_POINT('',(-0.0229258192007593,0.0190015688120682,0.00731811767484978));
#10002=CARTESIAN_POINT('',(-0.0229258192007593,0.0181834511372185,0.0065));
#10003=CARTESIAN_POINT('',(-0.0137869183999818,0.0239798989873224,0.00702010101267767));
#10004=CARTESIAN_POINT('',(-0.0137869183999818,0.0219597979746447,0.005));
#10005=CARTESIAN_POINT('',(-0.0129556010540036,0.0224397592681271,0.005));
#10006=CARTESIAN_POINT('',(-0.03,0.0125991709484808,0.005));
#10007=CARTESIAN_POINT('',(-0.03,0.0146192719611584,0.00702010101267767));
#10008=CARTESIAN_POINT('',(-0.03,0.0140991709484808,0.0065));
#10009=CARTESIAN_POINT('',(-0.0216682488552345,0.0189095097147321,0.0065));
#10010=CARTESIAN_POINT('',(-0.0233934591999909,0.0201656108780248,0.00702010101267767));
#10011=CARTESIAN_POINT('',(-0.0229258192007593,0.020300606917745,0.00688510497295755));
#10012=CARTESIAN_POINT('',(-0.0229258192007593,0.0199155019447874,0.0065));
#10013=CARTESIAN_POINT('',(-0.0231682488552345,0.0197755351185165,0.0065));
#10014=CARTESIAN_POINT('',(-0.03,0.0158312217560496,0.0065));
#10015=CARTESIAN_POINT('',(-0.03,0.0163513227687273,0.00702010101267767));
#10016=CARTESIAN_POINT('',(-0.03,0.0143312217560496,0.005));
#10017=CARTESIAN_POINT('',(-0.0137056010540036,0.0237387973738038,0.005));
#10018=CARTESIAN_POINT('',(-0.0167869183999818,0.0219597979746447,0.005));
#10019=CARTESIAN_POINT('',(-0.0167869183999818,0.0239798989873224,0.00702010101267767));
#10020=CARTESIAN_POINT('',(-0.0219086966648921,-0.0110201010126777,0.00702010101267767));
#10021=CARTESIAN_POINT('',(-0.0229258192007593,-0.0110201010126777,0.00702010101267767));
#10022=CARTESIAN_POINT('',(-0.0229258192007593,-0.0115402020253553,0.0065));
#10023=CARTESIAN_POINT('',(-0.020408696664892,-0.0110201010126777,0.00702010101267767));
#10024=CARTESIAN_POINT('',(-0.020408696664892,-0.0130402020253553,0.005));
#10025=CARTESIAN_POINT('',(7.54038152828803E-18,-0.0130402020253553,0.005));
#10026=CARTESIAN_POINT('',(-0.0234086966648921,-0.0130402020253553,0.005));
#10027=CARTESIAN_POINT('',(-0.0234086966648921,-0.0110201010126777,0.00702010101267767));
#10028=CARTESIAN_POINT('',(-0.0234086966648921,-0.0115402020253553,0.0065));
#10029=CARTESIAN_POINT('',(-0.0219086966648921,-0.0115402020253553,0.0065));
#10030=CARTESIAN_POINT('',(0.00329565166755395,0.0043976616855936,0.00702010101267767));
#10031=CARTESIAN_POINT('',(-0.0229258192007593,-0.00317182494659069,0.014589587644862));
#10032=CARTESIAN_POINT('',(-0.0229258192007593,-0.0112614125914527,0.0065));
#10033=CARTESIAN_POINT('',(0.00352086201231039,0.00400758592608536,0.0065));
#10034=CARTESIAN_POINT('',(-0.000205601054003522,0.000356111471623818,0.005));
#10035=CARTESIAN_POINT('',(0.03,0.0177953233711872,0.005));
#10036=CARTESIAN_POINT('',(0.03,0.0198154243838649,0.00702010101267767));
#10037=CARTESIAN_POINT('',(-0.02825,0.0004,0.0075));
#10038=CARTESIAN_POINT('',(-0.0229258192007593,0.0004,0.0075));
#10039=CARTESIAN_POINT('',(-0.0215,0.0004,0.0075));
#10040=CARTESIAN_POINT('',(-0.02825,0.0004,0.0075));
#10041=CARTESIAN_POINT('',(-0.0229258192007593,0.0004,0.0075));
#10042=CARTESIAN_POINT('',(-0.0215,0.0004,0.0075));
#10043=CARTESIAN_POINT('',(-0.02825,0.0004,0.0075));
#10044=CARTESIAN_POINT('',(-0.0229258192007593,0.0004,0.0075));
#10045=CARTESIAN_POINT('',(-0.0215,0.0004,0.0075));
#10046=CARTESIAN_POINT('',(-0.02825,0.0004,0.0075));
#10047=CARTESIAN_POINT('',(-0.0229258192007593,0.0004,0.0075));
#10048=CARTESIAN_POINT('',(-0.0229258192007593,0.0087,0.0075));
#10049=CARTESIAN_POINT('',(-0.0215,0.0004,0.0075));
#10050=CARTESIAN_POINT('',(-0.0215,0.0087,0.0075));
#10051=CARTESIAN_POINT('',(-0.02825,0.0087,0.0075));
#10052=CARTESIAN_POINT('',(-0.02825,0.0087,0.0075));
#10053=CARTESIAN_POINT('',(-0.02825,0.0087,0.0065));
#10054=CARTESIAN_POINT('',(-0.0229258192007593,0.0087,0.0065));
#10055=CARTESIAN_POINT('',(-0.0215,0.0087,0.0065));
#10056=CARTESIAN_POINT('',(-0.0229258192007593,0.0087,0.0075));
#10057=CARTESIAN_POINT('',(-0.0215,0.0087,0.0075));
#10058=CARTESIAN_POINT('',(-0.0152332143451292,0.0087,0.00296752622402735));
#10059=CARTESIAN_POINT('',(-0.0215,0.0087,0.00658565660882067));
#10060=CARTESIAN_POINT('',(-0.0215,0.0087,0.0075));
#10061=CARTESIAN_POINT('',(-0.000893459199990737,0.00717522982125814,0.00702010101267767));
#10062=CARTESIAN_POINT('',(-0.0133393204105378,-0.0095321908393863,-0.00250169832776071));
#10063=CARTESIAN_POINT('',(-0.0222459214778138,-0.00717272103538202,0.005));
#10064=CARTESIAN_POINT('',(-0.023,-0.00697295622167731,0.00563513225147903));
#10065=CARTESIAN_POINT('',(-0.00245560105400354,0.0042532257886538,0.005));
#10066=CARTESIAN_POINT('',(0.0282130816000185,0.0219597979746447,0.005));
#10067=CARTESIAN_POINT('',(0.0282130816000185,0.0239798989873224,0.00702010101267767));
#10068=CARTESIAN_POINT('',(-0.0215,0.00122663388228195,0.0129686969516539));
#10069=CARTESIAN_POINT('',(-0.0215,-0.0052420630693719,0.0065));
#10070=CARTESIAN_POINT('',(-0.000668248855234301,0.00678515406174989,0.0065));
#10071=CARTESIAN_POINT('',(-0.023,-0.00610808847315634,0.0065));
#10072=CARTESIAN_POINT('',(-0.023,-0.00285404423657817,0.00975404423657817));
#10073=CARTESIAN_POINT('',(-0.000893459199990737,0.00717522982125814,0.00702010101267767));
#10074=CARTESIAN_POINT('',(-0.000668248855234301,0.00678515406174989,0.0065));
#10075=CARTESIAN_POINT('',(-0.0255840665648909,-0.0076,0.0065));
#10076=CARTESIAN_POINT('',(-0.03,-0.0101495403574837,0.0065));
#10077=CARTESIAN_POINT('',(-0.03,-0.00962943934480606,0.00702010101267767));
#10078=CARTESIAN_POINT('',(-0.03,-0.0116495403574837,0.005));
#10079=CARTESIAN_POINT('',(-0.00245560105400354,0.0042532257886538,0.005));
#10080=CARTESIAN_POINT('',(-0.0241250582547937,-0.00825764115941549,0.005));
#10081=CARTESIAN_POINT('',(-0.0252667705845631,-0.00254908156043919,0.0113677275199058));
#10082=CARTESIAN_POINT('',(-0.0242565865339069,-0.0076,0.00573357904676755));
#10083=CARTESIAN_POINT('',(-0.0281460166412227,-0.0076,0.00797914256622057));
#10084=CARTESIAN_POINT('',(-0.023,0.0004,0.0065));
#10085=CARTESIAN_POINT('',(-0.023,-0.00112199342900929,0.00802199342900929));
#10086=CARTESIAN_POINT('',(-0.023,-0.00264398685801858,0.0065));
#10087=CARTESIAN_POINT('',(-0.023,-0.00374398685801858,0.0054));
#10088=CARTESIAN_POINT('',(-0.023,-0.00697295622167731,0.0054));
#10089=CARTESIAN_POINT('',(-0.023,-0.00697295622167731,0.0054));
#10090=CARTESIAN_POINT('',(-0.023,-0.00697295622167731,0.0065));
#10091=CARTESIAN_POINT('',(-0.023,0.0004,0.0065));
#10092=CARTESIAN_POINT('',(0.,6.93889390390723E-18,0.005));
#10093=CARTESIAN_POINT('',(0.,0.0258,0.005));
#10094=CARTESIAN_POINT('',(-0.0346,0.0258,0.005));
#10095=CARTESIAN_POINT('',(-0.0332343145750508,0.0258,0.005));
#10096=CARTESIAN_POINT('',(-0.0327171572875254,0.0263171572875254,0.005));
#10097=CARTESIAN_POINT('',(-0.0326,0.0264343145750508,0.005));
#10098=CARTESIAN_POINT('',(-0.0326,0.0327,0.005));
#10099=CARTESIAN_POINT('',(-0.0326,0.0323,0.005));
#10100=CARTESIAN_POINT('',(-0.0308,0.0323,0.005));
#10101=CARTESIAN_POINT('',(-0.0312,0.0323,0.005));
#10102=CARTESIAN_POINT('',(-0.0312,6.93889390390723E-18,0.005));
#10103=CARTESIAN_POINT('',(-0.0312,0.0311908902300207,0.005));
#10104=CARTESIAN_POINT('',(-0.0293,0.029,0.005));
#10105=CARTESIAN_POINT('',(-0.0274,0.0311908902300207,0.005));
#10106=CARTESIAN_POINT('',(-0.0274,0.0327,0.005));
#10107=CARTESIAN_POINT('',(-0.0274,0.0323,0.005));
#10108=CARTESIAN_POINT('',(0.0182,0.0323,0.005));
#10109=CARTESIAN_POINT('',(0.0178,0.0323,0.005));
#10110=CARTESIAN_POINT('',(0.0178,6.93889390390723E-18,0.005));
#10111=CARTESIAN_POINT('',(0.0178,0.0311908902300207,0.005));
#10112=CARTESIAN_POINT('',(0.0197,0.029,0.005));
#10113=CARTESIAN_POINT('',(0.0216,0.0311908902300207,0.005));
#10114=CARTESIAN_POINT('',(0.0216,0.0327,0.005));
#10115=CARTESIAN_POINT('',(0.0216,0.0323,0.005));
#10116=CARTESIAN_POINT('',(0.0314,0.0323,0.005));
#10117=CARTESIAN_POINT('',(0.031,0.0323,0.005));
#10118=CARTESIAN_POINT('',(0.031,-6.21741869677315E-18,0.005));
#10119=CARTESIAN_POINT('',(0.031,0.0177343145750508,0.005));
#10120=CARTESIAN_POINT('',(0.0315171572875254,0.0172171572875253,0.005));
#10121=CARTESIAN_POINT('',(0.0316343145750508,0.0171,0.005));
#10122=CARTESIAN_POINT('',(0.034,0.0171,0.005));
#10123=CARTESIAN_POINT('',(0.034,0.0171,0.005));
#10124=CARTESIAN_POINT('',(0.034,-0.00321708423157987,0.005));
#10125=CARTESIAN_POINT('',(0.034,-0.0151,0.005));
#10126=CARTESIAN_POINT('',(-7.4840927106428E-18,-0.0151,0.005));
#10127=CARTESIAN_POINT('',(0.0316343145750508,-0.0151,0.005));
#10128=CARTESIAN_POINT('',(0.0311171572875254,-0.0156171572875254,0.005));
#10129=CARTESIAN_POINT('',(0.031,-0.0157343145750508,0.005));
#10130=CARTESIAN_POINT('',(0.031,-6.21741869677315E-18,0.005));
#10131=CARTESIAN_POINT('',(0.031,-0.0323,0.005));
#10132=CARTESIAN_POINT('',(-1.74011081596431E-17,-0.0323,0.005));
#10133=CARTESIAN_POINT('',(0.0216,-0.0323,0.005));
#10134=CARTESIAN_POINT('',(0.0216,6.93889390390723E-18,0.005));
#10135=CARTESIAN_POINT('',(0.0216,-0.0311908902300207,0.005));
#10136=CARTESIAN_POINT('',(0.0197,-0.029,0.005));
#10137=CARTESIAN_POINT('',(0.0178,-0.0311908902300207,0.005));
#10138=CARTESIAN_POINT('',(0.0178,-0.0327,0.005));
#10139=CARTESIAN_POINT('',(0.0178,-0.0323,0.005));
#10140=CARTESIAN_POINT('',(-1.74011081596431E-17,-0.0323,0.005));
#10141=CARTESIAN_POINT('',(-0.0274,-0.0323,0.005));
#10142=CARTESIAN_POINT('',(-0.0274,6.93889390390723E-18,0.005));
#10143=CARTESIAN_POINT('',(-0.0274,-0.0311908902300207,0.005));
#10144=CARTESIAN_POINT('',(-0.0293,-0.029,0.005));
#10145=CARTESIAN_POINT('',(-0.0312,-0.0311908902300207,0.005));
#10146=CARTESIAN_POINT('',(-0.0312,-0.0327,0.005));
#10147=CARTESIAN_POINT('',(-0.0312,-0.0323,0.005));
#10148=CARTESIAN_POINT('',(-1.74011081596431E-17,-0.0323,0.005));
#10149=CARTESIAN_POINT('',(-0.0326,-0.0323,0.005));
#10150=CARTESIAN_POINT('',(-0.0326,-0.024,0.005));
#10151=CARTESIAN_POINT('',(-0.0326,-0.024,0.005));
#10152=CARTESIAN_POINT('',(0.,-0.024,0.005));
#10153=CARTESIAN_POINT('',(-0.0216,-0.024,0.005));
#10154=CARTESIAN_POINT('',(-0.0216,6.93889390390723E-18,0.005));
#10155=CARTESIAN_POINT('',(-0.0216,-0.0152,0.005));
#10156=CARTESIAN_POINT('',(-0.033,-0.0152,0.005));
#10157=CARTESIAN_POINT('',(-0.0326,-0.0152,0.005));
#10158=CARTESIAN_POINT('',(-0.0326,-0.008,0.005));
#10159=CARTESIAN_POINT('',(-0.0326,-0.008,0.005));
#10160=CARTESIAN_POINT('',(0.,-0.008,0.005));
#10161=CARTESIAN_POINT('',(-0.03,-0.008,0.005));
#10162=CARTESIAN_POINT('',(-0.03,6.93889390390723E-18,0.005));
#10163=CARTESIAN_POINT('',(-0.03,-0.00818543874234596,0.005));
#10164=CARTESIAN_POINT('',(-0.00395560105400354,0.00685130200000713,0.005));
#10165=CARTESIAN_POINT('',(-0.0296788106765651,-0.008,0.005));
#10166=CARTESIAN_POINT('',(0.,-0.008,0.005));
#10167=CARTESIAN_POINT('',(-0.0241765865051799,-0.008,0.005));
#10168=CARTESIAN_POINT('',(-0.0242334185379499,-0.00771583993818841,0.005));
#10169=CARTESIAN_POINT('',(-0.03,6.93889390390723E-18,0.005));
#10170=CARTESIAN_POINT('',(-0.03,-0.0130402020253553,0.005));
#10171=CARTESIAN_POINT('',(0.,-0.0130402020253553,0.005));
#10172=CARTESIAN_POINT('',(-0.0294086966648921,-0.0130402020253553,0.005));
#10173=CARTESIAN_POINT('',(-0.00170560105400353,0.00295418768297714,0.005));
#10174=CARTESIAN_POINT('',(0.03,0.021259424986325,0.005));
#10175=CARTESIAN_POINT('',(0.03,6.93889390390723E-18,0.005));
#10176=CARTESIAN_POINT('',(0.03,0.0219597979746447,0.005));
#10177=CARTESIAN_POINT('',(0.,0.0219597979746447,0.005));
#10178=CARTESIAN_POINT('',(-0.0230462670682152,-0.00696069949775435,0.005));
#10179=CARTESIAN_POINT('',(-0.0226,-0.00707892121488547,0.005));
#10180=CARTESIAN_POINT('',(-0.0226,-0.00414398685801858,0.005));
#10181=CARTESIAN_POINT('',(-0.0226,-0.00391304675034273,0.005));
#10182=CARTESIAN_POINT('',(-0.00395560105400354,0.00685130200000713,0.005));
#10183=CARTESIAN_POINT('',(0.0222130816000185,0.0219597979746447,0.005));
#10184=CARTESIAN_POINT('',(0.,0.0219597979746447,0.005));
#10185=CARTESIAN_POINT('',(0.0192130816000181,0.0219597979746447,0.005));
#10186=CARTESIAN_POINT('',(-0.00470560105400363,0.00815034010568394,0.005));
#10187=CARTESIAN_POINT('',(-0.0226,-0.00218099594277364,0.005));
#10188=CARTESIAN_POINT('',(-0.0226,0.00105216556468828,0.005));
#10189=CARTESIAN_POINT('',(-0.0226,0.00128310567236413,0.005));
#10190=CARTESIAN_POINT('',(-0.00620560105400364,0.0107484163170373,0.005));
#10191=CARTESIAN_POINT('',(0.0132130816000181,0.0219597979746447,0.005));
#10192=CARTESIAN_POINT('',(0.,0.0219597979746447,0.005));
#10193=CARTESIAN_POINT('',(0.0102130816000182,0.0219597979746447,0.005));
#10194=CARTESIAN_POINT('',(-0.00695560105400364,0.0120474544227139,0.005));
#10195=CARTESIAN_POINT('',(-0.0226,0.003015156479933,0.005));
#10196=CARTESIAN_POINT('',(-0.0226,0.00624831798739489,0.005));
#10197=CARTESIAN_POINT('',(-0.0226,0.00647925809507074,0.005));
#10198=CARTESIAN_POINT('',(-0.00845560105400364,0.0146455306340672,0.005));
#10199=CARTESIAN_POINT('',(0.00421308160001819,0.0219597979746447,0.005));
#10200=CARTESIAN_POINT('',(-2.53961180495493E-17,0.0219597979746447,0.005));
#10201=CARTESIAN_POINT('',(-0.0226,0.0084,0.005));
#10202=CARTESIAN_POINT('',(-0.0226,0.0088,0.005));
#10203=CARTESIAN_POINT('',(-0.0282731774324359,0.0088,0.005));
#10204=CARTESIAN_POINT('',(0.,0.0219597979746447,0.005));
#10205=CARTESIAN_POINT('',(-0.03,6.93889390390723E-18,0.005));
#10206=CARTESIAN_POINT('',(-0.03,0.0088,0.005));
#10207=CARTESIAN_POINT('',(-0.033,0.0088,0.005));
#10208=CARTESIAN_POINT('',(-0.0326,0.0088,0.005));
#10209=CARTESIAN_POINT('',(-0.0326,0.0158,0.005));
#10210=CARTESIAN_POINT('',(-0.0326,0.0159656854249492,0.005));
#10211=CARTESIAN_POINT('',(-0.0331171572875254,0.0164828427124746,0.005));
#10212=CARTESIAN_POINT('',(-0.0332343145750508,0.0166,0.005));
#10213=CARTESIAN_POINT('',(-0.035,0.0166,0.005));
#10214=CARTESIAN_POINT('',(-0.0346,0.0166,0.005));
#10215=CARTESIAN_POINT('',(-0.0346,6.93889390390723E-18,0.005));
#10216=CARTESIAN_POINT('',(0.0113,-0.0305,0.005));
#10217=CARTESIAN_POINT('',(0.00975,-0.0305,0.005));
#10218=CARTESIAN_POINT('',(0.000599999999999993,-0.0305,0.005));
#10219=CARTESIAN_POINT('',(-0.000950000000000007,-0.0305,0.005));
#10220=CARTESIAN_POINT('',(-0.0101,-0.0305,0.005));
#10221=CARTESIAN_POINT('',(-0.01165,-0.0305,0.005));
#10222=CARTESIAN_POINT('',(-0.0208,-0.0305,0.005));
#10223=CARTESIAN_POINT('',(-0.02235,-0.0305,0.005));
#10224=CARTESIAN_POINT('',(0.03,6.93889390390723E-18,0.005));
#10225=CARTESIAN_POINT('',(0.03,0.0125991709484806,0.005));
#10226=CARTESIAN_POINT('',(0.03,0.0108671201409117,0.005));
#10227=CARTESIAN_POINT('',(0.00204439894599649,-0.00354100284540616,0.005));
#10228=CARTESIAN_POINT('',(-0.0144086966648921,-0.0130402020253553,0.005));
#10229=CARTESIAN_POINT('',(0.,-0.0130402020253553,0.005));
#10230=CARTESIAN_POINT('',(-0.0114086966648921,-0.0130402020253553,0.005));
#10231=CARTESIAN_POINT('',(0.0027943989459965,-0.00484004095108283,0.005));
#10232=CARTESIAN_POINT('',(0.03,6.70314778533934E-17,0.005));
#10233=CARTESIAN_POINT('',(0.03,0.0160632725636183,0.005));
#10234=CARTESIAN_POINT('',(0.000544398945996483,-0.000942926634052845,0.005));
#10235=CARTESIAN_POINT('',(0.,0.0219597979746447,0.005));
#10236=CARTESIAN_POINT('',(-0.03,6.93889390390723E-18,0.005));
#10237=CARTESIAN_POINT('',(0.03,6.93889390390723E-18,0.005));
#10238=CARTESIAN_POINT('',(0.03,-0.00298928631963937,0.005));
#10239=CARTESIAN_POINT('',(0.03,-0.00472133712720827,0.005));
#10240=CARTESIAN_POINT('',(0.00879439894599652,-0.0152323457964961,0.005));
#10241=CARTESIAN_POINT('',(0.012591303335108,-0.0130402020253553,0.005));
#10242=CARTESIAN_POINT('',(0.,-0.0130402020253553,0.005));
#10243=CARTESIAN_POINT('',(0.015591303335108,-0.0130402020253553,0.005));
#10244=CARTESIAN_POINT('',(0.00954439894599652,-0.0165313839021728,0.005));
#10245=CARTESIAN_POINT('',(0.03,6.93889390390723E-18,0.005));
#10246=CARTESIAN_POINT('',(0.03,-0.00818543874234603,0.005));
#10247=CARTESIAN_POINT('',(0.03,-0.00991748954991491,0.005));
#10248=CARTESIAN_POINT('',(0.0110443989459965,-0.0191294601135261,0.005));
#10249=CARTESIAN_POINT('',(0.021591303335108,-0.0130402020253553,0.005));
#10250=CARTESIAN_POINT('',(7.54038152828806E-18,-0.0130402020253553,0.005));
#10251=CARTESIAN_POINT('',(0.024591303335108,-0.0130402020253553,0.005));
#10252=CARTESIAN_POINT('',(0.0117943989459965,-0.0204284982192027,0.005));
#10253=CARTESIAN_POINT('',(0.03,6.93889390390723E-18,0.005));
#10254=CARTESIAN_POINT('',(0.03,0.00740301852577392,0.005));
#10255=CARTESIAN_POINT('',(0.03,0.00567096771820504,0.005));
#10256=CARTESIAN_POINT('',(0.0042943989459965,-0.00743811716243615,0.005));
#10257=CARTESIAN_POINT('',(-0.00540869666489204,-0.0130402020253553,0.005));
#10258=CARTESIAN_POINT('',(7.54038152828804E-18,-0.0130402020253553,0.005));
#10259=CARTESIAN_POINT('',(-0.00240869666489203,-0.0130402020253553,0.005));
#10260=CARTESIAN_POINT('',(0.00504439894599651,-0.00873715526811282,0.005));
#10261=CARTESIAN_POINT('',(0.03,6.93889390390723E-18,0.005));
#10262=CARTESIAN_POINT('',(0.03,0.00220686610306727,0.005));
#10263=CARTESIAN_POINT('',(0.03,0.000474815295498388,0.005));
#10264=CARTESIAN_POINT('',(0.00654439894599651,-0.0113352314794661,0.005));
#10265=CARTESIAN_POINT('',(0.00359130333510798,-0.0130402020253553,0.005));
#10266=CARTESIAN_POINT('',(7.54038152828804E-18,-0.0130402020253553,0.005));
#10267=CARTESIAN_POINT('',(0.00659130333510799,-0.0130402020253553,0.005));
#10268=CARTESIAN_POINT('',(0.00729439894599651,-0.0126342695851428,0.005));
#10269=CARTESIAN_POINT('',(-0.0159556010540037,0.0276359116908338,0.005));
#10270=CARTESIAN_POINT('',(-0.03,0.0195273741787563,0.005));
#10271=CARTESIAN_POINT('',(-0.03,6.93889390390723E-18,0.005));
#10272=CARTESIAN_POINT('',(-0.029,-0.0076,0.0065));
#10273=CARTESIAN_POINT('',(-0.035,-0.0076,0.0004));
#10274=CARTESIAN_POINT('',(-0.0334,-0.0076,0.0004));
#10275=CARTESIAN_POINT('',(-0.0346,-0.0076,0.0004));
#10276=CARTESIAN_POINT('',(-0.0346,-0.0076,0.0065));
#10277=CARTESIAN_POINT('',(-0.0346,-0.0076,0.0065));
#10278=CARTESIAN_POINT('',(-0.029,-0.0076,0.0065));
#10279=CARTESIAN_POINT('',(-0.0242565865339069,-0.0076,0.0065));
#10280=CARTESIAN_POINT('',(-0.0242565865339069,-0.0076,0.0054));
#10281=CARTESIAN_POINT('',(-0.029,-0.0076,0.0054));
#10282=CARTESIAN_POINT('',(-0.0296788106765651,-0.0076,0.0054));
#10283=CARTESIAN_POINT('',(-0.0296460166412227,-0.0076,0.00538106635486726));
#10284=CARTESIAN_POINT('',(-0.03,-0.0076,0.00558543874234595));
#10285=CARTESIAN_POINT('',(-0.03,-0.0076,0.0065));
#10286=CARTESIAN_POINT('',(-0.03,-0.0076,0.0054));
#10287=CARTESIAN_POINT('',(-0.029,-0.0076,0.0054));
#10288=CARTESIAN_POINT('',(-0.0334,-0.0076,0.0054));
#10289=CARTESIAN_POINT('',(-0.0334,-0.0076,0.0065));
#10290=CARTESIAN_POINT('',(-0.00839345919999093,0.0115053568401804,0.00702010101267767));
#10291=CARTESIAN_POINT('',(-0.0227958823103584,0.00136589527810762,0.0051958823103584));
#10292=CARTESIAN_POINT('',(-0.023,0.00145216556468828,0.0054));
#10293=CARTESIAN_POINT('',(-0.023,0.00147608278234414,0.00542391721765586));
#10294=CARTESIAN_POINT('',(-0.023,0.00255216556468828,0.0065));
#10295=CARTESIAN_POINT('',(-0.0081682488552345,0.0111152810806722,0.0065));
#10296=CARTESIAN_POINT('',(-0.0215,0.00341819096847272,0.0065));
#10297=CARTESIAN_POINT('',(-0.0215,0.00772182441066542,0.0108036334421927));
#10298=CARTESIAN_POINT('',(0.0132130816000181,0.0239798989873224,0.00702010101267767));
#10299=CARTESIAN_POINT('',(-0.00989345919999093,0.0123713822439649,0.00702010101267767));
#10300=CARTESIAN_POINT('',(-0.023,0.00234210818612858,0.00455789181387143));
#10301=CARTESIAN_POINT('',(-0.023,0.00318421637225715,0.0054));
#10302=CARTESIAN_POINT('',(-0.023,0.00428421637225716,0.0065));
#10303=CARTESIAN_POINT('',(-0.0224598684537487,0.00295592991963186,0.00485986845374871));
#10304=CARTESIAN_POINT('',(0.0102130816000182,0.0239798989873224,0.00702010101267767));
#10305=CARTESIAN_POINT('',(-0.0215,0.00902086251634207,0.0103706207403005));
#10306=CARTESIAN_POINT('',(-0.0215,0.0051502417760416,0.0065));
#10307=CARTESIAN_POINT('',(-0.00966824885523449,0.0119813064844566,0.0065));
#10308=CARTESIAN_POINT('',(-0.00539345919999093,0.00977330603261157,0.00702010101267767));
#10309=CARTESIAN_POINT('',(-0.023,-0.000255968025224746,0.00715596802522475));
#10310=CARTESIAN_POINT('',(-0.023,-0.0020119360504495,0.0054));
#10311=CARTESIAN_POINT('',(-0.023,-0.000911936050449494,0.0065));
#10312=CARTESIAN_POINT('',(-0.0234679100235778,-0.00181417400494086,0.00586791002357779));
#10313=CARTESIAN_POINT('',(0.0192130816000181,0.0239798989873224,0.00702010101267767));
#10314=CARTESIAN_POINT('',(-0.0215,0.00512374819931209,0.0116696588459771));
#10315=CARTESIAN_POINT('',(-0.0215,-4.59106466650542E-5,0.0065));
#10316=CARTESIAN_POINT('',(-0.00516824885523449,0.00938323027310332,0.0065));
#10317=CARTESIAN_POINT('',(-0.00389345919999074,0.00890728062882703,0.00702010101267767));
#10318=CARTESIAN_POINT('',(-0.0238039238801876,-0.0034042086464653,0.00620392388018752));
#10319=CARTESIAN_POINT('',(-0.00366824885523431,0.00851720486931878,0.0065));
#10320=CARTESIAN_POINT('',(-0.0215,-0.00177796145423413,0.0065));
#10321=CARTESIAN_POINT('',(-0.0215,0.00382471009363527,0.0121026715478694));
#10322=CARTESIAN_POINT('',(0.0222130816000185,0.0239798989873224,0.00702010101267767));
#10323=CARTESIAN_POINT('',(0.000295651667553947,0.00612971249316249,0.00702010101267767));
#10324=CARTESIAN_POINT('',(-0.0294086966648921,-0.0110201010126777,0.00702010101267767));
#10325=CARTESIAN_POINT('',(-0.0294086966648921,-0.0115402020253553,0.0065));
#10326=CARTESIAN_POINT('',(0.000520862012310383,0.00573963673365424,0.0065));
#10327=CARTESIAN_POINT('',(-0.0215,-0.00697411387694079,0.0065));
#10328=CARTESIAN_POINT('',(-0.0215,-0.00016215018555032,0.0133119636913905));
#10329=CARTESIAN_POINT('',(0.03,0.0232795259990027,0.00702010101267767));
#10330=CARTESIAN_POINT('',(0.,6.93889390390723E-18,0.0065));
#10331=CARTESIAN_POINT('',(-0.0285,-0.0236,0.0065));
#10332=CARTESIAN_POINT('',(-0.03415,-0.0236,0.0065));
#10333=CARTESIAN_POINT('',(-0.022,-0.0236,0.0065));
#10334=CARTESIAN_POINT('',(-0.03415,6.93889390390723E-18,0.0065));
#10335=CARTESIAN_POINT('',(-0.03415,-0.0156,0.0065));
#10336=CARTESIAN_POINT('',(-0.0285,-0.0156,0.0065));
#10337=CARTESIAN_POINT('',(-0.022,-0.0156,0.0065));
#10338=CARTESIAN_POINT('',(-0.022,-0.0196,0.0065));
#10339=CARTESIAN_POINT('',(-0.023,0.0004,0.0065));
#10340=CARTESIAN_POINT('',(-0.023,-0.0024119360504495,0.0054));
#10341=CARTESIAN_POINT('',(-0.023,0.0004,0.0065));
#10342=CARTESIAN_POINT('',(-0.023,0.0004,0.0065));
#10343=CARTESIAN_POINT('',(-0.023,0.00407415899369745,0.00282584100630256));
#10344=CARTESIAN_POINT('',(-0.023,0.00774831798739489,0.0065));
#10345=CARTESIAN_POINT('',(-0.023,0.00664831798739489,0.0054));
#10346=CARTESIAN_POINT('',(-0.023,0.00278421637225716,0.0054));
#10347=CARTESIAN_POINT('',(-0.023,0.0004,0.0065));
#10348=CARTESIAN_POINT('',(-0.033,0.,0.005));
#10349=CARTESIAN_POINT('',(-0.033,-0.008,0.005));
#10350=CARTESIAN_POINT('',(-0.033,-0.008,0.0004));
#10351=CARTESIAN_POINT('',(-0.033,-0.008,0.0046));
#10352=CARTESIAN_POINT('',(-0.033,-0.0152,0.0046));
#10353=CARTESIAN_POINT('',(-0.033,-0.0152,0.0046));
#10354=CARTESIAN_POINT('',(-0.033,-0.0152,0.));
#10355=CARTESIAN_POINT('',(-0.033,-0.0152,0.0004));
#10356=CARTESIAN_POINT('',(-0.033,-0.0076,0.0004));
#10357=CARTESIAN_POINT('',(-0.033,0.,0.005));
#10358=CARTESIAN_POINT('',(-0.033,-0.024,0.005));
#10359=CARTESIAN_POINT('',(-0.033,-0.024,0.0004));
#10360=CARTESIAN_POINT('',(-0.033,-0.024,0.0046));
#10361=CARTESIAN_POINT('',(-0.033,-0.0327,0.0046));
#10362=CARTESIAN_POINT('',(-0.033,-0.0327,0.0046));
#10363=CARTESIAN_POINT('',(-0.033,-0.0327,0.005));
#10364=CARTESIAN_POINT('',(-0.033,-0.0327,0.0004));
#10365=CARTESIAN_POINT('',(-0.033,-0.0236,0.0004));
#10366=CARTESIAN_POINT('',(0.0314,-3.46944695195361E-17,0.005));
#10367=CARTESIAN_POINT('',(0.0314,0.0179,0.005));
#10368=CARTESIAN_POINT('',(0.0314,0.0179,0.0004));
#10369=CARTESIAN_POINT('',(0.0314,0.0179,0.0046));
#10370=CARTESIAN_POINT('',(0.0314,-3.46944695195361E-17,0.0046));
#10371=CARTESIAN_POINT('',(0.0314,0.0327,0.0046));
#10372=CARTESIAN_POINT('',(0.0314,0.0327,0.005));
#10373=CARTESIAN_POINT('',(0.0314,0.0327,0.0004));
#10374=CARTESIAN_POINT('',(0.0314,-3.46944695195361E-17,0.0004));
#10375=CARTESIAN_POINT('',(-0.033,0.,0.005));
#10376=CARTESIAN_POINT('',(-0.033,0.0158,0.005));
#10377=CARTESIAN_POINT('',(-0.033,0.0158,0.0004));
#10378=CARTESIAN_POINT('',(-0.033,0.0158,0.0046));
#10379=CARTESIAN_POINT('',(-0.033,0.0088,0.0046));
#10380=CARTESIAN_POINT('',(-0.033,0.0088,0.0046));
#10381=CARTESIAN_POINT('',(-0.033,0.0088,0.));
#10382=CARTESIAN_POINT('',(-0.033,0.0088,0.0004));
#10383=CARTESIAN_POINT('',(-0.033,0.0162,0.0004));
#10384=CARTESIAN_POINT('',(-0.00248598035881277,0.,0.009));
#10385=CARTESIAN_POINT('',(0.0113,-0.0305,0.009));
#10386=CARTESIAN_POINT('',(0.01285,-0.0305,0.009));
#10387=CARTESIAN_POINT('',(0.000599999999999993,-0.0305,0.009));
#10388=CARTESIAN_POINT('',(0.00214999999999999,-0.0305,0.009));
#10389=CARTESIAN_POINT('',(-0.0101,-0.0305,0.009));
#10390=CARTESIAN_POINT('',(-0.00855,-0.0305,0.009));
#10391=CARTESIAN_POINT('',(-0.0208,-0.0305,0.009));
#10392=CARTESIAN_POINT('',(-0.01925,-0.0305,0.009));
#10393=CARTESIAN_POINT('',(-0.0293,-0.029,0.009));
#10394=CARTESIAN_POINT('',(-0.0264,-0.029,0.009));
#10395=CARTESIAN_POINT('',(0.0197,-0.029,0.009));
#10396=CARTESIAN_POINT('',(0.0226,-0.029,0.009));
#10397=CARTESIAN_POINT('',(0.0197,0.029,0.009));
#10398=CARTESIAN_POINT('',(0.0226,0.029,0.009));
#10399=CARTESIAN_POINT('',(-0.0293,0.029,0.009));
#10400=CARTESIAN_POINT('',(-0.0264,0.029,0.009));
#10401=CARTESIAN_POINT('',(0.0300913700503496,0.0212996270116803,0.009));
#10402=CARTESIAN_POINT('',(0.0300913700503496,0.0222205868147487,0.009));
#10403=CARTESIAN_POINT('',(-0.0300913700503496,-0.0116093383321284,0.009));
#10404=CARTESIAN_POINT('',(-0.0300913700503496,-0.0114311507476177,0.009));
#10405=CARTESIAN_POINT('',(0.0281130816000186,0.0221732050807569,0.009));
#10406=CARTESIAN_POINT('',(0.028195149170643,0.0222205868147487,0.009));
#10407=CARTESIAN_POINT('',(0.03,0.0222205868147487,0.009));
#10408=CARTESIAN_POINT('',(0.0222130816000185,0.0222205868147487,0.009));
#10409=CARTESIAN_POINT('',(0.0191951491706426,0.0222205868147487,0.009));
#10410=CARTESIAN_POINT('',(-0.0300913700503496,-0.00641318590942155,0.009));
#10411=CARTESIAN_POINT('',(-0.0300913700503496,-0.0062349983249109,0.009));
#10412=CARTESIAN_POINT('',(0.0191130816000182,0.0221732050807569,0.009));
#10413=CARTESIAN_POINT('',(0.0300913700503496,0.010907322166267,0.009));
#10414=CARTESIAN_POINT('',(0.0300913700503496,0.012923065604677,0.009));
#10415=CARTESIAN_POINT('',(0.0300913700503496,0.0109600746894322,0.009));
#10416=CARTESIAN_POINT('',(0.00929565166755398,-0.00104633891686649,0.009));
#10417=CARTESIAN_POINT('',(-0.0114086966648921,-0.013,0.009));
#10418=CARTESIAN_POINT('',(-0.0129086966648921,-0.013,0.009));
#10419=CARTESIAN_POINT('',(-0.0148086966648921,-0.013,0.009));
#10420=CARTESIAN_POINT('',(0.0299,0.0128125780545928,0.009));
#10421=CARTESIAN_POINT('',(0.0300913700503496,0.0161034745889737,0.009));
#10422=CARTESIAN_POINT('',(0.0300913700503496,0.0181192180273836,0.009));
#10423=CARTESIAN_POINT('',(0.0300913700503496,0.0161562271121389,0.009));
#10424=CARTESIAN_POINT('',(0.00479565166755397,0.00155173729448683,0.009));
#10425=CARTESIAN_POINT('',(0.0299,0.0180087304772995,0.009));
#10426=CARTESIAN_POINT('',(-0.00478691839998184,0.0222205868147487,0.009));
#10427=CARTESIAN_POINT('',(-0.00780485082935735,0.0222205868147487,0.009));
#10428=CARTESIAN_POINT('',(-0.0300913700503496,0.00917527135869834,0.009));
#10429=CARTESIAN_POINT('',(-0.0300913700503496,0.00935345894320899,0.009));
#10430=CARTESIAN_POINT('',(-0.00788691839998179,0.0221732050807569,0.009));
#10431=CARTESIAN_POINT('',(-0.0137869183999818,0.0222205868147487,0.009));
#10432=CARTESIAN_POINT('',(-0.0168048508293574,0.0222205868147487,0.009));
#10433=CARTESIAN_POINT('',(-0.0300913700503496,0.014371423781405,0.009));
#10434=CARTESIAN_POINT('',(-0.0300913700503496,0.0145496113659156,0.009));
#10435=CARTESIAN_POINT('',(-0.0168869183999818,0.0221732050807569,0.009));
#10436=CARTESIAN_POINT('',(0.0132130816000181,0.0222205868147487,0.009));
#10437=CARTESIAN_POINT('',(0.0101951491706426,0.0222205868147487,0.009));
#10438=CARTESIAN_POINT('',(-0.0300913700503496,-0.00121703348671491,0.009));
#10439=CARTESIAN_POINT('',(-0.0300913700503496,-0.00103884590220425,0.009));
#10440=CARTESIAN_POINT('',(0.0101130816000182,0.0221732050807569,0.009));
#10441=CARTESIAN_POINT('',(0.00421308160001819,0.0222205868147487,0.009));
#10442=CARTESIAN_POINT('',(0.00119514917064262,0.0222205868147487,0.009));
#10443=CARTESIAN_POINT('',(-0.0300913700503496,0.00397911893599171,0.009));
#10444=CARTESIAN_POINT('',(-0.0300913700503496,0.00415730652050237,0.009));
#10445=CARTESIAN_POINT('',(0.00111308160001818,0.0221732050807569,0.009));
#10446=CARTESIAN_POINT('',(0.0300913700503496,-0.00468113510185294,0.009));
#10447=CARTESIAN_POINT('',(0.0300913700503496,-0.002665391663443,0.009));
#10448=CARTESIAN_POINT('',(0.0300913700503496,-0.00462838257868774,0.009));
#10449=CARTESIAN_POINT('',(0.022795651667554,-0.00884056755092647,0.009));
#10450=CARTESIAN_POINT('',(0.015591303335108,-0.013,0.009));
#10451=CARTESIAN_POINT('',(0.014091303335108,-0.013,0.009));
#10452=CARTESIAN_POINT('',(0.012191303335108,-0.013,0.009));
#10453=CARTESIAN_POINT('',(0.0299,-0.00277587921352716,0.009));
#10454=CARTESIAN_POINT('',(0.0300913700503496,-0.00987728752455958,0.009));
#10455=CARTESIAN_POINT('',(0.0300913700503496,-0.00786154408614965,0.009));
#10456=CARTESIAN_POINT('',(0.0300913700503496,-0.00982453500139438,0.009));
#10457=CARTESIAN_POINT('',(0.027295651667554,-0.0114386437622798,0.009));
#10458=CARTESIAN_POINT('',(0.024591303335108,-0.013,0.009));
#10459=CARTESIAN_POINT('',(0.023091303335108,-0.013,0.009));
#10460=CARTESIAN_POINT('',(0.021191303335108,-0.013,0.009));
#10461=CARTESIAN_POINT('',(0.0299,-0.0079720316362338,0.009));
#10462=CARTESIAN_POINT('',(0.0300913700503496,0.00571116974356038,0.009));
#10463=CARTESIAN_POINT('',(0.0300913700503496,0.0077269131819703,0.009));
#10464=CARTESIAN_POINT('',(0.0300913700503496,0.00576392226672557,0.009));
#10465=CARTESIAN_POINT('',(0.013795651667554,-0.00364441512821982,0.009));
#10466=CARTESIAN_POINT('',(-0.00240869666489203,-0.013,0.009));
#10467=CARTESIAN_POINT('',(-0.00390869666489203,-0.013,0.009));
#10468=CARTESIAN_POINT('',(-0.00580869666489205,-0.013,0.009));
#10469=CARTESIAN_POINT('',(0.0299,0.00761642563188614,0.009));
#10470=CARTESIAN_POINT('',(0.0300913700503496,0.000515017320853718,0.009));
#10471=CARTESIAN_POINT('',(0.0300913700503496,0.00253076075926364,0.009));
#10472=CARTESIAN_POINT('',(0.0300913700503496,0.000567769844018913,0.009));
#10473=CARTESIAN_POINT('',(0.018295651667554,-0.00624249133957314,0.009));
#10474=CARTESIAN_POINT('',(0.00659130333510799,-0.013,0.009));
#10475=CARTESIAN_POINT('',(0.00509130333510799,-0.013,0.009));
#10476=CARTESIAN_POINT('',(0.003191303335108,-0.013,0.009));
#10477=CARTESIAN_POINT('',(0.0299,0.00242027320917949,0.009));
#10478=CARTESIAN_POINT('',(-0.0227869183999817,0.0222205868147487,0.009));
#10479=CARTESIAN_POINT('',(-0.0258048508293574,0.0222205868147487,0.009));
#10480=CARTESIAN_POINT('',(-0.0300913700503496,0.0195675762041116,0.009));
#10481=CARTESIAN_POINT('',(-0.0300913700503496,0.0197457637886223,0.009));
#10482=CARTESIAN_POINT('',(-0.0258869183999818,0.0221732050807569,0.009));
#10483=CARTESIAN_POINT('',(-0.00248598035881278,0.0326,0.009));
#10484=CARTESIAN_POINT('',(0.0346,0.0326,0.009));
#10485=CARTESIAN_POINT('',(-0.0346,0.0326,0.009));
#10486=CARTESIAN_POINT('',(-0.0346,0.,0.009));
#10487=CARTESIAN_POINT('',(-0.0346,-0.0326,0.009));
#10488=CARTESIAN_POINT('',(-0.00248598035881277,-0.0326,0.009));
#10489=CARTESIAN_POINT('',(0.0346,-0.0326,0.009));
#10490=CARTESIAN_POINT('',(0.0346,0.033,0.009));
#10491=CARTESIAN_POINT('',(-0.0293,0.029,-2.00000000000027E-6));
#10492=CARTESIAN_POINT('',(-0.0293,0.029,0.0004));
#10493=CARTESIAN_POINT('',(-0.02795,0.029,0.0004));
#10494=CARTESIAN_POINT('',(-0.0293,0.029,0.006));
#10495=CARTESIAN_POINT('',(-0.02795,0.029,0.006));
#10496=CARTESIAN_POINT('',(0.0197,0.029,-2.00000000000027E-6));
#10497=CARTESIAN_POINT('',(0.0197,0.029,0.0004));
#10498=CARTESIAN_POINT('',(0.02105,0.029,0.0004));
#10499=CARTESIAN_POINT('',(0.0197,0.029,0.006));
#10500=CARTESIAN_POINT('',(0.02105,0.029,0.006));
#10501=CARTESIAN_POINT('',(0.0197,-0.029,-2.00000000000027E-6));
#10502=CARTESIAN_POINT('',(0.0197,-0.029,0.0004));
#10503=CARTESIAN_POINT('',(0.02105,-0.029,0.0004));
#10504=CARTESIAN_POINT('',(0.0197,-0.029,0.006));
#10505=CARTESIAN_POINT('',(0.02105,-0.029,0.006));
#10506=CARTESIAN_POINT('',(-0.0293,-0.029,-2.00000000000027E-6));
#10507=CARTESIAN_POINT('',(-0.0293,-0.029,0.0004));
#10508=CARTESIAN_POINT('',(-0.02795,-0.029,0.0004));
#10509=CARTESIAN_POINT('',(-0.0293,-0.029,0.006));
#10510=CARTESIAN_POINT('',(-0.02795,-0.029,0.006));
#10511=CARTESIAN_POINT('',(-0.000799999999999981,0.0327,0.005));
#10512=CARTESIAN_POINT('',(0.0182,0.0327,0.005));
#10513=CARTESIAN_POINT('',(0.0182,0.0327,0.0004));
#10514=CARTESIAN_POINT('',(0.0182,0.0327,0.0046));
#10515=CARTESIAN_POINT('',(-0.0278,0.0327,0.0046));
#10516=CARTESIAN_POINT('',(-0.0278,0.0327,0.0046));
#10517=CARTESIAN_POINT('',(-0.0278,0.0327,0.005));
#10518=CARTESIAN_POINT('',(-0.0278,0.0327,0.0004));
#10519=CARTESIAN_POINT('',(0.0182,0.0327,0.0004));
#10520=CARTESIAN_POINT('',(-0.000799999999999981,0.0327,0.005));
#10521=CARTESIAN_POINT('',(-0.0308,0.0327,0.005));
#10522=CARTESIAN_POINT('',(-0.0308,0.0327,0.0004));
#10523=CARTESIAN_POINT('',(-0.0308,0.0327,0.0046));
#10524=CARTESIAN_POINT('',(-0.033,0.0327,0.0046));
#10525=CARTESIAN_POINT('',(-0.033,0.0327,0.0046));
#10526=CARTESIAN_POINT('',(-0.033,0.0327,0.005));
#10527=CARTESIAN_POINT('',(-0.033,0.0327,0.0004));
#10528=CARTESIAN_POINT('',(-0.0308,0.0327,0.0004));
#10529=CARTESIAN_POINT('',(-0.000800000000000009,-0.0327,0.005));
#10530=CARTESIAN_POINT('',(-0.0278,-0.0327,0.005));
#10531=CARTESIAN_POINT('',(-0.0278,-0.0327,0.0046));
#10532=CARTESIAN_POINT('',(-0.0278,-0.0327,0.0004));
#10533=CARTESIAN_POINT('',(-0.000800000000000009,-0.0327,0.0046));
#10534=CARTESIAN_POINT('',(0.0182,-0.0327,0.0046));
#10535=CARTESIAN_POINT('',(0.0182,-0.0327,0.005));
#10536=CARTESIAN_POINT('',(0.0182,-0.0327,0.0004));
#10537=CARTESIAN_POINT('',(-0.000800000000000009,-0.0327,0.0004));
#10538=CARTESIAN_POINT('',(-0.000800000000000009,-0.0327,0.005));
#10539=CARTESIAN_POINT('',(0.0212,-0.0327,0.005));
#10540=CARTESIAN_POINT('',(0.0212,-0.0327,0.0046));
#10541=CARTESIAN_POINT('',(0.0212,-0.0327,0.0004));
#10542=CARTESIAN_POINT('',(-0.000800000000000009,-0.0327,0.0046));
#10543=CARTESIAN_POINT('',(0.0314,-0.0327,0.0046));
#10544=CARTESIAN_POINT('',(0.0314,-0.0327,0.005));
#10545=CARTESIAN_POINT('',(0.0314,-0.0327,0.0004));
#10546=CARTESIAN_POINT('',(-0.000800000000000009,-0.0327,0.0004));
#10547=CARTESIAN_POINT('',(-0.00248598035881277,0.,0.));
#10548=CARTESIAN_POINT('',(-0.0293,-0.029,0.));
#10549=CARTESIAN_POINT('',(-0.02755,-0.029,0.));
#10550=CARTESIAN_POINT('',(0.0197,-0.029,0.));
#10551=CARTESIAN_POINT('',(0.02145,-0.029,0.));
#10552=CARTESIAN_POINT('',(-0.035,-0.0346,0.));
#10553=CARTESIAN_POINT('',(0.0346,-0.0346,0.));
#10554=CARTESIAN_POINT('',(-0.0348,-0.0346,0.));
#10555=CARTESIAN_POINT('',(-0.0348,-0.008,0.));
#10556=CARTESIAN_POINT('',(-0.0348,-0.008,0.));
#10557=CARTESIAN_POINT('',(-0.033,-0.008,0.));
#10558=CARTESIAN_POINT('',(-0.0334,-0.008,0.));
#10559=CARTESIAN_POINT('',(-0.0334,-0.0156,0.));
#10560=CARTESIAN_POINT('',(-0.0334,-0.0152,0.));
#10561=CARTESIAN_POINT('',(-0.00248598035881277,-0.0152,0.));
#10562=CARTESIAN_POINT('',(-0.03455,-0.0152,0.));
#10563=CARTESIAN_POINT('',(-0.03455,-0.0196,0.));
#10564=CARTESIAN_POINT('',(-0.03455,-0.024,0.));
#10565=CARTESIAN_POINT('',(-0.033,-0.024,0.));
#10566=CARTESIAN_POINT('',(-0.0334,-0.024,0.));
#10567=CARTESIAN_POINT('',(-0.0334,-0.0327,0.));
#10568=CARTESIAN_POINT('',(-0.0334,-0.0331,0.));
#10569=CARTESIAN_POINT('',(-0.00248598035881279,-0.0331,0.));
#10570=CARTESIAN_POINT('',(-0.0304,-0.0331,0.));
#10571=CARTESIAN_POINT('',(-0.0304,-0.031,0.));
#10572=CARTESIAN_POINT('',(-0.0304,-0.0307888543819999,0.));
#10573=CARTESIAN_POINT('',(-0.0293,-0.029,0.));
#10574=CARTESIAN_POINT('',(-0.0282,-0.0307888543819999,0.));
#10575=CARTESIAN_POINT('',(-0.0282,0.,0.));
#10576=CARTESIAN_POINT('',(-0.0282,-0.0331,0.));
#10577=CARTESIAN_POINT('',(-0.00248598035881279,-0.0331,0.));
#10578=CARTESIAN_POINT('',(0.0186,-0.0331,0.));
#10579=CARTESIAN_POINT('',(0.0186,-0.031,0.));
#10580=CARTESIAN_POINT('',(0.0186,-0.0307888543819999,0.));
#10581=CARTESIAN_POINT('',(0.0197,-0.029,0.));
#10582=CARTESIAN_POINT('',(0.0208,-0.0307888543819999,0.));
#10583=CARTESIAN_POINT('',(0.0208,0.,0.));
#10584=CARTESIAN_POINT('',(0.0208,-0.0331,0.));
#10585=CARTESIAN_POINT('',(-0.00248598035881279,-0.0331,0.));
#10586=CARTESIAN_POINT('',(0.0318,-0.0331,0.));
#10587=CARTESIAN_POINT('',(0.0318,-1.4550873400688E-17,0.));
#10588=CARTESIAN_POINT('',(0.0318,-0.0159,0.));
#10589=CARTESIAN_POINT('',(-0.00248598035881278,-0.0159,0.));
#10590=CARTESIAN_POINT('',(0.0346,-0.0159,0.));
#10591=CARTESIAN_POINT('',(0.0346,0.,0.));
#10592=CARTESIAN_POINT('',(0.,-0.035,0.009));
#10593=CARTESIAN_POINT('',(1.51102292283488E-34,-0.035,0.0056));
#10594=CARTESIAN_POINT('',(0.0346,-0.035,0.0056));
#10595=CARTESIAN_POINT('',(-0.0346,-0.035,0.0056));
#10596=CARTESIAN_POINT('',(-0.0346,-0.035,0.009));
#10597=CARTESIAN_POINT('',(-0.0346,-0.035,0.0004));
#10598=CARTESIAN_POINT('',(0.035,-0.035,0.0004));
#10599=CARTESIAN_POINT('',(0.0346,-0.035,0.0004));
#10600=CARTESIAN_POINT('',(0.0346,-0.035,0.006));
#10601=CARTESIAN_POINT('',(0.035,6.93889390390723E-18,0.009));
#10602=CARTESIAN_POINT('',(0.035,0.0346,0.009));
#10603=CARTESIAN_POINT('',(0.035,0.0346,0.0004));
#10604=CARTESIAN_POINT('',(0.035,0.0346,0.0058788897449072));
#10605=CARTESIAN_POINT('',(0.035,0.0326671798822649,0.00877811992150991));
#10606=CARTESIAN_POINT('',(0.035,0.0327859264966048,0.0086));
#10607=CARTESIAN_POINT('',(0.035,-0.033,0.0086));
#10608=CARTESIAN_POINT('',(0.035,-0.0327859264966048,0.0086));
#10609=CARTESIAN_POINT('',(0.035,-0.0346671798822649,0.00577811992150991));
#10610=CARTESIAN_POINT('',(0.035,-0.0346,0.0058788897449072));
#10611=CARTESIAN_POINT('',(0.035,-0.0346,0.));
#10612=CARTESIAN_POINT('',(0.035,-0.0346,0.0004));
#10613=CARTESIAN_POINT('',(0.035,6.93889390390723E-18,0.0004));
#10614=CARTESIAN_POINT('',(0.035,-0.0159,0.0004));
#10615=CARTESIAN_POINT('',(0.035,-0.0159,0.009));
#10616=CARTESIAN_POINT('',(0.035,-0.0159,0.0034));
#10617=CARTESIAN_POINT('',(0.035,0.0175,0.0034));
#10618=CARTESIAN_POINT('',(0.035,0.0179,0.0034));
#10619=CARTESIAN_POINT('',(0.035,0.0179,0.));
#10620=CARTESIAN_POINT('',(0.035,0.0179,0.0004));
#10621=CARTESIAN_POINT('',(0.035,6.93889390390723E-18,0.0004));
#10622=CARTESIAN_POINT('',(0.,0.035,0.009));
#10623=CARTESIAN_POINT('',(0.,0.035,0.0004));
#10624=CARTESIAN_POINT('',(0.0346,0.035,0.0004));
#10625=CARTESIAN_POINT('',(-0.0346,0.035,0.0004));
#10626=CARTESIAN_POINT('',(-0.0346,0.035,0.0056));
#10627=CARTESIAN_POINT('',(-0.0346,0.035,0.0056));
#10628=CARTESIAN_POINT('',(0.035,0.035,0.0056));
#10629=CARTESIAN_POINT('',(0.0346,0.035,0.0056));
#10630=CARTESIAN_POINT('',(0.0346,0.035,0.009));
#10631=CARTESIAN_POINT('',(-0.000799999999999981,0.0327,0.005));
#10632=CARTESIAN_POINT('',(0.0212,0.0327,0.0046));
#10633=CARTESIAN_POINT('',(0.0212,0.0327,0.0046));
#10634=CARTESIAN_POINT('',(0.0212,0.0327,0.005));
#10635=CARTESIAN_POINT('',(0.0212,0.0327,0.0004));
#10636=CARTESIAN_POINT('',(0.0314,0.0327,0.0004));
#10637=CARTESIAN_POINT('',(0.0314,-3.46944695195361E-17,0.005));
#10638=CARTESIAN_POINT('',(0.0314,-3.46944695195361E-17,0.0046));
#10639=CARTESIAN_POINT('',(0.0314,-0.0159,0.0046));
#10640=CARTESIAN_POINT('',(0.0314,-0.0159,0.005));
#10641=CARTESIAN_POINT('',(0.0314,-0.0159,0.0004));
#10642=CARTESIAN_POINT('',(0.0314,-3.46944695195361E-17,0.0004));
#10643=CARTESIAN_POINT('',(-0.000800000000000009,-0.0327,0.005));
#10644=CARTESIAN_POINT('',(-0.000800000000000009,-0.0327,0.0046));
#10645=CARTESIAN_POINT('',(-0.0308,-0.0327,0.0046));
#10646=CARTESIAN_POINT('',(-0.0308,-0.0327,0.005));
#10647=CARTESIAN_POINT('',(-0.0308,-0.0327,0.0004));
#10648=CARTESIAN_POINT('',(-0.000800000000000009,-0.0327,0.0004));
#10649=CARTESIAN_POINT('',(-0.033,0.,0.005));
#10650=CARTESIAN_POINT('',(-0.033,0.0266,0.0046));
#10651=CARTESIAN_POINT('',(-0.033,0.0266,0.0046));
#10652=CARTESIAN_POINT('',(-0.033,0.0266,0.));
#10653=CARTESIAN_POINT('',(-0.033,0.0266,0.0004));
#10654=CARTESIAN_POINT('',(-0.033,0.0327,0.0004));
#10655=CARTESIAN_POINT('',(-0.0308,0.033,-2.00000000000027E-6));
#10656=CARTESIAN_POINT('',(-0.0308,0.031,-2.00000000000027E-6));
#10657=CARTESIAN_POINT('',(-0.0308,0.031,0.0004));
#10658=CARTESIAN_POINT('',(-0.0308,0.031,0.0046));
#10659=CARTESIAN_POINT('',(-0.0308,0.033,0.0046));
#10660=CARTESIAN_POINT('',(-0.0308,0.033,0.0004));
#10661=CARTESIAN_POINT('',(-0.0293,0.029,-2.00000000000027E-6));
#10662=CARTESIAN_POINT('',(-0.0278,0.031,-2.00000000000027E-6));
#10663=CARTESIAN_POINT('',(-0.0278,0.031,0.0004));
#10664=CARTESIAN_POINT('',(-0.0278,0.031,0.0046));
#10665=CARTESIAN_POINT('',(-0.0293,0.029,0.0046));
#10666=CARTESIAN_POINT('',(-0.0293,0.029,0.0004));
#10667=CARTESIAN_POINT('',(-0.0278,0.033,-2.00000000000027E-6));
#10668=CARTESIAN_POINT('',(-0.0278,0.031,0.0046));
#10669=CARTESIAN_POINT('',(-0.0278,0.0327,0.0004));
#10670=CARTESIAN_POINT('',(0.0182,0.033,-2.00000000000027E-6));
#10671=CARTESIAN_POINT('',(0.0182,0.031,-2.00000000000027E-6));
#10672=CARTESIAN_POINT('',(0.0182,0.031,0.0004));
#10673=CARTESIAN_POINT('',(0.0182,0.031,0.0046));
#10674=CARTESIAN_POINT('',(0.0182,0.033,0.0046));
#10675=CARTESIAN_POINT('',(0.0182,0.033,0.0004));
#10676=CARTESIAN_POINT('',(0.0212,0.033,-2.00000000000027E-6));
#10677=CARTESIAN_POINT('',(0.0212,0.031,0.0046));
#10678=CARTESIAN_POINT('',(0.0212,0.031,0.0046));
#10679=CARTESIAN_POINT('',(0.0212,0.031,-2.00000000000027E-6));
#10680=CARTESIAN_POINT('',(0.0212,0.031,0.0004));
#10681=CARTESIAN_POINT('',(0.0212,0.0327,0.0004));
#10682=CARTESIAN_POINT('',(0.0197,0.029,-2.00000000000027E-6));
#10683=CARTESIAN_POINT('',(0.0197,0.029,0.0046));
#10684=CARTESIAN_POINT('',(0.0197,0.029,0.0004));
#10685=CARTESIAN_POINT('',(0.0212,-0.033,-2.00000000000027E-6));
#10686=CARTESIAN_POINT('',(0.0212,-0.031,-2.00000000000027E-6));
#10687=CARTESIAN_POINT('',(0.0212,-0.031,0.0004));
#10688=CARTESIAN_POINT('',(0.0212,-0.031,0.0046));
#10689=CARTESIAN_POINT('',(0.0212,-0.033,0.0046));
#10690=CARTESIAN_POINT('',(0.0212,-0.033,0.0004));
#10691=CARTESIAN_POINT('',(0.0182,-0.033,-2.00000000000027E-6));
#10692=CARTESIAN_POINT('',(0.0182,-0.031,0.0046));
#10693=CARTESIAN_POINT('',(0.0182,-0.031,0.0046));
#10694=CARTESIAN_POINT('',(0.0182,-0.031,-2.00000000000027E-6));
#10695=CARTESIAN_POINT('',(0.0182,-0.031,0.0004));
#10696=CARTESIAN_POINT('',(0.0182,-0.0327,0.0004));
#10697=CARTESIAN_POINT('',(0.0197,-0.029,-2.00000000000027E-6));
#10698=CARTESIAN_POINT('',(0.0197,-0.029,0.0046));
#10699=CARTESIAN_POINT('',(0.0197,-0.029,0.0004));
#10700=CARTESIAN_POINT('',(-0.0278,-0.033,-2.00000000000027E-6));
#10701=CARTESIAN_POINT('',(-0.0278,-0.031,-2.00000000000027E-6));
#10702=CARTESIAN_POINT('',(-0.0278,-0.031,0.0004));
#10703=CARTESIAN_POINT('',(-0.0278,-0.031,0.0046));
#10704=CARTESIAN_POINT('',(-0.0278,-0.033,0.0046));
#10705=CARTESIAN_POINT('',(-0.0278,-0.033,0.0004));
#10706=CARTESIAN_POINT('',(-0.0308,-0.033,-2.00000000000027E-6));
#10707=CARTESIAN_POINT('',(-0.0308,-0.031,0.0046));
#10708=CARTESIAN_POINT('',(-0.0308,-0.031,0.0046));
#10709=CARTESIAN_POINT('',(-0.0308,-0.031,-2.00000000000027E-6));
#10710=CARTESIAN_POINT('',(-0.0308,-0.031,0.0004));
#10711=CARTESIAN_POINT('',(-0.0308,-0.0327,0.0004));
#10712=CARTESIAN_POINT('',(-0.0293,-0.029,-2.00000000000027E-6));
#10713=CARTESIAN_POINT('',(-0.0293,-0.029,0.0046));
#10714=CARTESIAN_POINT('',(-0.0293,-0.029,0.0004));
#10715=CARTESIAN_POINT('',(-0.0293,-0.029,0.007));
#10716=CARTESIAN_POINT('',(-0.0293,-0.029,0.0086));
#10717=CARTESIAN_POINT('',(-0.0268,-0.029,0.0086));
#10718=CARTESIAN_POINT('',(-0.0293,-0.029,0.007));
#10719=CARTESIAN_POINT('',(-0.0308,-0.031,0.007));
#10720=CARTESIAN_POINT('',(0.,0.,0.007));
#10721=CARTESIAN_POINT('',(-0.0293,-0.029,0.007));
#10722=CARTESIAN_POINT('',(-0.02695,-0.029,0.007));
#10723=CARTESIAN_POINT('',(0.0197,-0.029,0.007));
#10724=CARTESIAN_POINT('',(0.0197,-0.029,0.0086));
#10725=CARTESIAN_POINT('',(0.0222,-0.029,0.0086));
#10726=CARTESIAN_POINT('',(0.0197,-0.029,0.007));
#10727=CARTESIAN_POINT('',(0.0182,-0.031,0.007));
#10728=CARTESIAN_POINT('',(0.,0.,0.007));
#10729=CARTESIAN_POINT('',(0.0197,-0.029,0.007));
#10730=CARTESIAN_POINT('',(0.02205,-0.029,0.007));
#10731=CARTESIAN_POINT('',(0.0197,0.029,0.007));
#10732=CARTESIAN_POINT('',(0.0197,0.029,0.0086));
#10733=CARTESIAN_POINT('',(0.0222,0.029,0.0086));
#10734=CARTESIAN_POINT('',(0.0197,0.029,0.007));
#10735=CARTESIAN_POINT('',(0.0182,0.031,0.007));
#10736=CARTESIAN_POINT('',(0.,0.,0.007));
#10737=CARTESIAN_POINT('',(0.0197,0.029,0.007));
#10738=CARTESIAN_POINT('',(0.02205,0.029,0.007));
#10739=CARTESIAN_POINT('',(-0.0293,0.029,0.007));
#10740=CARTESIAN_POINT('',(-0.0293,0.029,0.0086));
#10741=CARTESIAN_POINT('',(-0.0268,0.029,0.0086));
#10742=CARTESIAN_POINT('',(-0.0293,0.029,0.007));
#10743=CARTESIAN_POINT('',(-0.0308,0.031,0.007));
#10744=CARTESIAN_POINT('',(0.,0.,0.007));
#10745=CARTESIAN_POINT('',(-0.0293,0.029,0.007));
#10746=CARTESIAN_POINT('',(-0.02695,0.029,0.007));
#10747=CARTESIAN_POINT('',(-0.0293,-0.029,0.007));
#10748=CARTESIAN_POINT('',(0.0197,-0.029,0.007));
#10749=CARTESIAN_POINT('',(0.0197,0.029,0.006));
#10750=CARTESIAN_POINT('',(-0.0293,0.029,0.006));
#10751=CARTESIAN_POINT('',(-0.031,0.0162,0.005002));
#10752=CARTESIAN_POINT('',(-0.0346,0.0162,0.005002));
#10753=CARTESIAN_POINT('',(-0.0346,0.0162,0.0004));
#10754=CARTESIAN_POINT('',(-0.0346,0.0162,0.0046));
#10755=CARTESIAN_POINT('',(-0.0328343145750508,0.0162,0.0046));
#10756=CARTESIAN_POINT('',(-0.0334,0.0162,0.0046));
#10757=CARTESIAN_POINT('',(-0.0334,0.0162,0.005002));
#10758=CARTESIAN_POINT('',(-0.0334,0.0162,0.0004));
#10759=CARTESIAN_POINT('',(-0.03455,0.0162,0.0004));
#10760=CARTESIAN_POINT('',(-0.03455,0.0162,0.0004));
#10761=CARTESIAN_POINT('',(-0.0348,0.0162,0.0004));
#10762=CARTESIAN_POINT('',(-0.031,0.0262,0.005002));
#10763=CARTESIAN_POINT('',(-0.0334,0.0262,0.005));
#10764=CARTESIAN_POINT('',(-0.0334,0.0262,0.0004));
#10765=CARTESIAN_POINT('',(-0.0334,0.0262,0.0046));
#10766=CARTESIAN_POINT('',(-0.031,0.0262,0.0046));
#10767=CARTESIAN_POINT('',(-0.0346,0.0262,0.0046));
#10768=CARTESIAN_POINT('',(-0.0346,0.0262,0.0002));
#10769=CARTESIAN_POINT('',(-0.0346,0.0262,0.0004));
#10770=CARTESIAN_POINT('',(-0.031,0.0262,0.0004));
#10771=CARTESIAN_POINT('',(-0.03455,0.0262,0.0004));
#10772=CARTESIAN_POINT('',(-0.031,0.0262,0.0004));
#10773=CARTESIAN_POINT('',(0.0315,0.0175,0.005002));
#10774=CARTESIAN_POINT('',(0.034,0.0175,0.005002));
#10775=CARTESIAN_POINT('',(0.034,0.0175,0.0046));
#10776=CARTESIAN_POINT('',(0.034,0.0175,0.0034));
#10777=CARTESIAN_POINT('',(0.0318,0.0175,0.0046));
#10778=CARTESIAN_POINT('',(0.0318,0.0175,0.0046));
#10779=CARTESIAN_POINT('',(0.0318,0.0175,0.));
#10780=CARTESIAN_POINT('',(0.0318,0.0175,0.0004));
#10781=CARTESIAN_POINT('',(0.035,0.0175,0.0004));
#10782=CARTESIAN_POINT('',(0.0346,0.0175,0.0004));
#10783=CARTESIAN_POINT('',(0.0346,0.0175,0.003));
#10784=CARTESIAN_POINT('',(0.0346,0.0175,0.003));
#10785=CARTESIAN_POINT('',(0.034,0.0175,0.003));
#10786=CARTESIAN_POINT('',(0.0344,0.0175,0.003));
#10787=CARTESIAN_POINT('',(0.0344,0.0175,0.003));
#10788=CARTESIAN_POINT('',(0.0315,-0.0155,0.005002));
#10789=CARTESIAN_POINT('',(0.0318,-0.0155,0.005002));
#10790=CARTESIAN_POINT('',(0.0318,-0.0155,0.0004));
#10791=CARTESIAN_POINT('',(0.0318,-0.0155,0.0046));
#10792=CARTESIAN_POINT('',(0.0315,-0.0155,0.0046));
#10793=CARTESIAN_POINT('',(0.034,-0.0155,0.0046));
#10794=CARTESIAN_POINT('',(0.034,-0.0155,0.005002));
#10795=CARTESIAN_POINT('',(0.034,-0.0155,0.0034));
#10796=CARTESIAN_POINT('',(0.031949,-0.0155,0.005451));
#10797=CARTESIAN_POINT('',(0.0344,-0.0155,0.003));
#10798=CARTESIAN_POINT('',(0.0315,-0.0155,0.003));
#10799=CARTESIAN_POINT('',(0.0346,-0.0155,0.003));
#10800=CARTESIAN_POINT('',(0.0346,-0.0155,0.005002));
#10801=CARTESIAN_POINT('',(0.0346,-0.0155,0.0004));
#10802=CARTESIAN_POINT('',(0.0315,-0.0155,0.0004));
#10803=CARTESIAN_POINT('',(-0.0285,-0.0236,0.0065));
#10804=CARTESIAN_POINT('',(-0.03455,-0.0236,0.0065));
#10805=CARTESIAN_POINT('',(-0.03455,-0.0236,0.0061));
#10806=CARTESIAN_POINT('',(-0.03455,-0.0236,0.0004));
#10807=CARTESIAN_POINT('',(-0.031325,-0.0236,0.009325));
#10808=CARTESIAN_POINT('',(-0.022,-0.0236,0.0065));
#10809=CARTESIAN_POINT('',(-0.022,-0.0236,0.0054));
#10810=CARTESIAN_POINT('',(-0.0285,-0.0236,0.0054));
#10811=CARTESIAN_POINT('',(-0.0334,-0.0236,0.0054));
#10812=CARTESIAN_POINT('',(-0.0334,-0.0236,0.0065));
#10813=CARTESIAN_POINT('',(-0.0334,-0.0236,0.0004));
#10814=CARTESIAN_POINT('',(-0.03455,-0.0236,0.0004));
#10815=CARTESIAN_POINT('',(-0.0285,-0.0156,0.0065));
#10816=CARTESIAN_POINT('',(-0.03415,-0.0156,0.0065));
#10817=CARTESIAN_POINT('',(-0.03455,-0.0156,0.0061));
#10818=CARTESIAN_POINT('',(-0.03455,-0.0156,0.0065));
#10819=CARTESIAN_POINT('',(-0.03455,-0.0156,0.0004));
#10820=CARTESIAN_POINT('',(-0.0285,-0.0156,0.0004));
#10821=CARTESIAN_POINT('',(-0.0334,-0.0156,0.0004));
#10822=CARTESIAN_POINT('',(-0.0334,-0.0156,0.005));
#10823=CARTESIAN_POINT('',(-0.0334,-0.0156,0.0054));
#10824=CARTESIAN_POINT('',(-0.022,-0.0156,0.0054));
#10825=CARTESIAN_POINT('',(-0.022,-0.0156,0.0054));
#10826=CARTESIAN_POINT('',(-0.022,-0.0156,0.0065));
#10827=CARTESIAN_POINT('',(-0.022,-0.0196,0.0065));
#10828=CARTESIAN_POINT('',(-0.022,-0.0196,0.0054));
#10829=CARTESIAN_POINT('',(-0.023,0.0004,0.0065));
#10830=CARTESIAN_POINT('',(-0.023,0.0084,0.0065));
#10831=CARTESIAN_POINT('',(-0.023,0.0084,0.0054));
#10832=CARTESIAN_POINT('',(-0.023,0.00798036879496377,0.0054));
#10833=CARTESIAN_POINT('',(-0.029,0.0084,0.0065));
#10834=CARTESIAN_POINT('',(-0.029,0.0084,0.0065));
#10835=CARTESIAN_POINT('',(-0.0346,0.0084,0.0065));
#10836=CARTESIAN_POINT('',(-0.0346,0.0084,0.0004));
#10837=CARTESIAN_POINT('',(-0.0346,0.0084,0.0004));
#10838=CARTESIAN_POINT('',(-0.029,0.0084,0.0004));
#10839=CARTESIAN_POINT('',(-0.0334,0.0084,0.0004));
#10840=CARTESIAN_POINT('',(-0.0334,0.0084,0.005));
#10841=CARTESIAN_POINT('',(-0.0334,0.0084,0.0054));
#10842=CARTESIAN_POINT('',(-0.03,0.0084,0.0054));
#10843=CARTESIAN_POINT('',(-0.03,0.0084,0.0054));
#10844=CARTESIAN_POINT('',(-0.03,0.0084,0.0065));
#10845=CARTESIAN_POINT('',(-0.023,0.0084,0.0054));
#10846=CARTESIAN_POINT('',(0.,6.93889390390723E-18,0.0065));
#10847=CARTESIAN_POINT('',(-0.0215,0.0004,0.0065));
#10848=CARTESIAN_POINT('',(-0.029704348332446,-0.0115402020253553,0.0065));
#10849=CARTESIAN_POINT('',(-0.03,-0.0115402020253553,0.0065));
#10850=CARTESIAN_POINT('',(-0.03,-0.0123046691660642,0.0065));
#10851=CARTESIAN_POINT('',(-0.0346,6.93889390390723E-18,0.0065));
#10852=CARTESIAN_POINT('',(-0.0229258192007593,0.0047,0.0065));
#10853=CARTESIAN_POINT('',(-0.0215,0.0004,0.0065));
#10854=CARTESIAN_POINT('',(-0.0215,0.00861434339117933,0.0065));
#10855=CARTESIAN_POINT('',(-0.0126682488552345,0.0137133572920255,0.0065));
#10856=CARTESIAN_POINT('',(-0.0215,0.0004,0.0065));
#10857=CARTESIAN_POINT('',(-0.0215,0.0004,0.0065));
#10858=CARTESIAN_POINT('',(-0.00248598035881278,0.033,0.009));
#10859=CARTESIAN_POINT('',(-0.035,0.0347781199215099,0.00633282011773514));
#10860=CARTESIAN_POINT('',(0.0346,0.0347781199215099,0.00633282011773514));
#10861=CARTESIAN_POINT('',(-0.0346,0.0347781199215099,0.00633282011773514));
#10862=CARTESIAN_POINT('',(-0.0346,0.033,0.009));
#10863=CARTESIAN_POINT('',(-0.0346,0.0332218800784901,0.00866717988226486));
#10864=CARTESIAN_POINT('',(-0.00248598035881278,0.0332218800784901,0.00866717988226486));
#10865=CARTESIAN_POINT('',(0.0346,0.0332218800784901,0.00866717988226486));
#10866=CARTESIAN_POINT('',(0.0346,0.035,0.006));
#10867=CARTESIAN_POINT('',(0.,-0.035,0.006));
#10868=CARTESIAN_POINT('',(-3.52519585250889E-19,-0.0332218800784901,0.00866717988226486));
#10869=CARTESIAN_POINT('',(0.0346,-0.0332218800784901,0.00866717988226486));
#10870=CARTESIAN_POINT('',(-0.0346,-0.0332218800784901,0.00866717988226486));
#10871=CARTESIAN_POINT('',(-0.0346,-0.035,0.006));
#10872=CARTESIAN_POINT('',(-0.0346,-0.0347781199215099,0.00633282011773514));
#10873=CARTESIAN_POINT('',(-4.3988637829524E-20,-0.0347781199215099,0.00633282011773514));
#10874=CARTESIAN_POINT('',(0.0346,-0.0347781199215099,0.00633282011773514));
#10875=CARTESIAN_POINT('',(0.0346,-0.033,0.009));
#10876=CARTESIAN_POINT('',(-0.03,0.0187015508003272,0.009));
#10877=CARTESIAN_POINT('',(-0.03,0.021547475191434,0.00702010101267767));
#10878=CARTESIAN_POINT('',(-0.03,0.0210273741787563,0.0065));
#10879=CARTESIAN_POINT('',(-0.03,0.0187015508003272,0.0065));
#10880=CARTESIAN_POINT('',(0.016795651667554,-0.0053764659357887,0.009));
#10881=CARTESIAN_POINT('',(0.03,0.00224706812842261,0.009));
#10882=CARTESIAN_POINT('',(0.03,0.0023982539176263,0.00884881421079631));
#10883=CARTESIAN_POINT('',(0.03,0.00422696711574494,0.00702010101267767));
#10884=CARTESIAN_POINT('',(0.00352583796803718,-0.0128866106580972,0.00884881421079631));
#10885=CARTESIAN_POINT('',(0.00359130333510798,-0.0128488142107963,0.00884881421079631));
#10886=CARTESIAN_POINT('',(0.00359130333510798,-0.013,0.009));
#10887=CARTESIAN_POINT('',(0.00359130333510798,-0.0110201010126777,0.00702010101267767));
#10888=CARTESIAN_POINT('',(0.016795651667554,-0.00339656694846637,0.00702010101267767));
#10889=CARTESIAN_POINT('',(0.00509130333510799,-0.013,0.009));
#10890=CARTESIAN_POINT('',(0.00466908111288576,-0.0124414525009975,0.00844145250099748));
#10891=CARTESIAN_POINT('',(0.00659130333510799,-0.013,0.009));
#10892=CARTESIAN_POINT('',(0.00659130333510799,-0.0110201010126777,0.00702010101267767));
#10893=CARTESIAN_POINT('',(0.00509130333510799,-0.0110201010126777,0.00702010101267767));
#10894=CARTESIAN_POINT('',(0.018295651667554,-0.00624249133957314,0.009));
#10895=CARTESIAN_POINT('',(0.025998269392242,0.00229771773534801,0.00490689934189224));
#10896=CARTESIAN_POINT('',(0.03,0.00060638737120329,0.00890862994965043));
#10897=CARTESIAN_POINT('',(0.03,0.000515017320853718,0.009));
#10898=CARTESIAN_POINT('',(0.03,0.00249491630817605,0.00702010101267767));
#10899=CARTESIAN_POINT('',(0.018295651667554,-0.00426259235225081,0.00702010101267767));
#10900=CARTESIAN_POINT('',(0.03,0.00138104272463816,0.009));
#10901=CARTESIAN_POINT('',(0.03,0.00224706812842261,0.00890862994965043));
#10902=CARTESIAN_POINT('',(0.03,0.00242980822912174,0.00890862994965043));
#10903=CARTESIAN_POINT('',(0.03,0.00223919825279214,0.00854730130621719));
#10904=CARTESIAN_POINT('',(0.03,0.00422696711574494,0.00702010101267767));
#10905=CARTESIAN_POINT('',(0.03,0.00249491630817605,0.00702010101267767));
#10906=CARTESIAN_POINT('',(0.012295651667554,-0.00277838972443538,0.009));
#10907=CARTESIAN_POINT('',(0.03,0.00744322055112925,0.009));
#10908=CARTESIAN_POINT('',(0.03,0.00759440634033294,0.00884881421079631));
#10909=CARTESIAN_POINT('',(0.03,0.00942311953845159,0.00702010101267767));
#10910=CARTESIAN_POINT('',(-0.00547416203196284,-0.0128866106580972,0.00884881421079631));
#10911=CARTESIAN_POINT('',(-0.00540869666489204,-0.0128488142107963,0.00884881421079631));
#10912=CARTESIAN_POINT('',(-0.00540869666489204,-0.013,0.009));
#10913=CARTESIAN_POINT('',(-0.00540869666489204,-0.0110201010126777,0.00702010101267767));
#10914=CARTESIAN_POINT('',(0.012295651667554,-0.000798490737113043,0.00702010101267767));
#10915=CARTESIAN_POINT('',(-0.00390869666489203,-0.013,0.009));
#10916=CARTESIAN_POINT('',(-0.00433091888711427,-0.0124414525009975,0.00844145250099748));
#10917=CARTESIAN_POINT('',(-0.00240869666489203,-0.013,0.009));
#10918=CARTESIAN_POINT('',(-0.00240869666489203,-0.0110201010126777,0.00702010101267767));
#10919=CARTESIAN_POINT('',(-0.00390869666489203,-0.0110201010126777,0.00702010101267767));
#10920=CARTESIAN_POINT('',(0.013795651667554,-0.00364441512821982,0.009));
#10921=CARTESIAN_POINT('',(0.0244367745884696,0.00815383551653037,0.00334540453812036));
#10922=CARTESIAN_POINT('',(0.03,0.00580253979390995,0.00890862994965043));
#10923=CARTESIAN_POINT('',(0.03,0.00571116974356038,0.009));
#10924=CARTESIAN_POINT('',(0.03,0.00769106873088271,0.00702010101267767));
#10925=CARTESIAN_POINT('',(0.013795651667554,-0.00166451614089748,0.00702010101267767));
#10926=CARTESIAN_POINT('',(0.03,0.00657719514734481,0.009));
#10927=CARTESIAN_POINT('',(0.03,0.00744322055112925,0.00890862994965043));
#10928=CARTESIAN_POINT('',(0.03,0.0076259606518284,0.00890862994965043));
#10929=CARTESIAN_POINT('',(0.03,0.00743535067549879,0.00854730130621718));
#10930=CARTESIAN_POINT('',(0.03,0.00942311953845159,0.00702010101267767));
#10931=CARTESIAN_POINT('',(0.03,0.00769106873088271,0.00702010101267767));
#10932=CARTESIAN_POINT('',(0.025795651667554,-0.0105726183584953,0.009));
#10933=CARTESIAN_POINT('',(0.03,-0.00814523671699069,0.009));
#10934=CARTESIAN_POINT('',(0.03,-0.00799405092778701,0.00884881421079631));
#10935=CARTESIAN_POINT('',(0.03,-0.00616533772966836,0.00702010101267767));
#10936=CARTESIAN_POINT('',(0.0215258379680373,-0.0128866106580972,0.00884881421079631));
#10937=CARTESIAN_POINT('',(0.021591303335108,-0.0128488142107963,0.00884881421079631));
#10938=CARTESIAN_POINT('',(0.021591303335108,-0.013,0.009));
#10939=CARTESIAN_POINT('',(0.021591303335108,-0.0110201010126777,0.00702010101267767));
#10940=CARTESIAN_POINT('',(0.025795651667554,-0.00859271937117302,0.00702010101267767));
#10941=CARTESIAN_POINT('',(0.023091303335108,-0.013,0.009));
#10942=CARTESIAN_POINT('',(0.0226690811128858,-0.0124414525009975,0.00844145250099748));
#10943=CARTESIAN_POINT('',(0.024591303335108,-0.013,0.009));
#10944=CARTESIAN_POINT('',(0.024591303335108,-0.0110201010126777,0.00702010101267767));
#10945=CARTESIAN_POINT('',(0.023091303335108,-0.0110201010126777,0.00702010101267767));
#10946=CARTESIAN_POINT('',(0.027295651667554,-0.0114386437622798,0.009));
#10947=CARTESIAN_POINT('',(0.0291212589997843,-0.00941451782701684,0.00802988894943475));
#10948=CARTESIAN_POINT('',(0.03,-0.00978591747421001,0.00890862994965043));
#10949=CARTESIAN_POINT('',(0.03,-0.00987728752455958,0.009));
#10950=CARTESIAN_POINT('',(0.03,-0.00789738853723725,0.00702010101267767));
#10951=CARTESIAN_POINT('',(0.027295651667554,-0.00945874477495746,0.00702010101267767));
#10952=CARTESIAN_POINT('',(0.03,-0.00901126212077514,0.009));
#10953=CARTESIAN_POINT('',(0.03,-0.00814523671699069,0.00890862994965043));
#10954=CARTESIAN_POINT('',(0.03,-0.00796249661629155,0.00890862994965043));
#10955=CARTESIAN_POINT('',(0.03,-0.00815310659262118,0.00854730130621716));
#10956=CARTESIAN_POINT('',(0.03,-0.00616533772966836,0.00702010101267767));
#10957=CARTESIAN_POINT('',(0.03,-0.00789738853723725,0.00702010101267767));
#10958=CARTESIAN_POINT('',(0.021295651667554,-0.00797454214714202,0.009));
#10959=CARTESIAN_POINT('',(0.03,-0.00294908429428404,0.009));
#10960=CARTESIAN_POINT('',(0.03,-0.00279789850508035,0.00884881421079631));
#10961=CARTESIAN_POINT('',(0.03,-0.00096918530696171,0.00702010101267767));
#10962=CARTESIAN_POINT('',(0.0125258379680372,-0.0128866106580972,0.00884881421079631));
#10963=CARTESIAN_POINT('',(0.012591303335108,-0.0128488142107963,0.00884881421079631));
#10964=CARTESIAN_POINT('',(0.012591303335108,-0.013,0.009));
#10965=CARTESIAN_POINT('',(0.012591303335108,-0.0110201010126777,0.00702010101267767));
#10966=CARTESIAN_POINT('',(0.021295651667554,-0.00599464315981969,0.00702010101267767));
#10967=CARTESIAN_POINT('',(0.014091303335108,-0.013,0.009));
#10968=CARTESIAN_POINT('',(0.0136690811128858,-0.0124414525009975,0.00844145250099747));
#10969=CARTESIAN_POINT('',(0.015591303335108,-0.013,0.009));
#10970=CARTESIAN_POINT('',(0.015591303335108,-0.0110201010126777,0.00702010101267767));
#10971=CARTESIAN_POINT('',(0.014091303335108,-0.0110201010126777,0.00702010101267767));
#10972=CARTESIAN_POINT('',(0.022795651667554,-0.00884056755092647,0.009));
#10973=CARTESIAN_POINT('',(0.0275597641960132,-0.00355840004583442,0.00646839414566355));
#10974=CARTESIAN_POINT('',(0.03,-0.00458976505150336,0.00890862994965043));
#10975=CARTESIAN_POINT('',(0.03,-0.00468113510185294,0.009));
#10976=CARTESIAN_POINT('',(0.03,-0.0027012361145306,0.00702010101267767));
#10977=CARTESIAN_POINT('',(0.022795651667554,-0.00686066856360413,0.00702010101267767));
#10978=CARTESIAN_POINT('',(0.03,-0.00381510969806849,0.009));
#10979=CARTESIAN_POINT('',(0.03,-0.00294908429428404,0.00890862994965043));
#10980=CARTESIAN_POINT('',(0.03,-0.00276634419358491,0.00890862994965043));
#10981=CARTESIAN_POINT('',(0.03,-0.0029569541699145,0.0085473013062172));
#10982=CARTESIAN_POINT('',(0.03,-0.00096918530696171,0.00702010101267767));
#10983=CARTESIAN_POINT('',(0.03,-0.0027012361145306,0.00702010101267767));
#10984=CARTESIAN_POINT('',(0.00271308160001818,0.022,0.009));
#10985=CARTESIAN_POINT('',(0.00121308160001818,0.0221559784325491,0.00884402156745089));
#10986=CARTESIAN_POINT('',(0.00271308160001818,0.0239798989873224,0.00702010101267767));
#10987=CARTESIAN_POINT('',(0.0117130816000181,0.022,0.009));
#10988=CARTESIAN_POINT('',(0.0102130816000182,0.0221559784325491,0.00884402156745089));
#10989=CARTESIAN_POINT('',(0.0117130816000181,0.0239798989873224,0.00702010101267767));
#10990=CARTESIAN_POINT('',(-0.0152869183999818,0.022,0.009));
#10991=CARTESIAN_POINT('',(-0.0167869183999818,0.0221559784325491,0.00884402156745089));
#10992=CARTESIAN_POINT('',(-0.0152869183999818,0.0239798989873224,0.00702010101267767));
#10993=CARTESIAN_POINT('',(-0.03,0.0135053983776205,0.009));
#10994=CARTESIAN_POINT('',(-0.03,0.0135053983776205,0.0065));
#10995=CARTESIAN_POINT('',(-0.03,0.00830924595491392,0.009));
#10996=CARTESIAN_POINT('',(-0.03,0.00830924595491392,0.0065));
#10997=CARTESIAN_POINT('',(-0.03,0.0084,0.0054));
#10998=CARTESIAN_POINT('',(-0.00628691839998181,0.022,0.009));
#10999=CARTESIAN_POINT('',(-0.00778691839998179,0.0221559784325491,0.00884402156745089));
#11000=CARTESIAN_POINT('',(-0.00628691839998181,0.0239798989873224,0.00702010101267767));
#11001=CARTESIAN_POINT('',(0.00479565166755397,0.00155173729448683,0.009));
#11002=CARTESIAN_POINT('',(0.0213137849809271,0.0198660710788952,0.000222414930577711));
#11003=CARTESIAN_POINT('',(0.03,0.0161948446393233,0.00890862994965043));
#11004=CARTESIAN_POINT('',(0.03,0.0161034745889737,0.009));
#11005=CARTESIAN_POINT('',(0.03,0.018083373576296,0.00702010101267767));
#11006=CARTESIAN_POINT('',(0.00479565166755397,0.00353163628180917,0.00702010101267767));
#11007=CARTESIAN_POINT('',(0.03,0.0169694999927581,0.009));
#11008=CARTESIAN_POINT('',(0.03,0.0178355253965426,0.00890862994965043));
#11009=CARTESIAN_POINT('',(0.03,0.0180182654972417,0.00890862994965043));
#11010=CARTESIAN_POINT('',(0.03,0.0178276555209121,0.00854730130621717));
#11011=CARTESIAN_POINT('',(0.03,0.018083373576296,0.00702010101267767));
#11012=CARTESIAN_POINT('',(0.00779565166755396,-0.000180313513082048,0.009));
#11013=CARTESIAN_POINT('',(0.03,0.0126393729738359,0.009));
#11014=CARTESIAN_POINT('',(0.03,0.0127905587630396,0.00884881421079631));
#11015=CARTESIAN_POINT('',(0.03,0.0146192719611582,0.00702010101267767));
#11016=CARTESIAN_POINT('',(-0.0144741620319629,-0.0128866106580972,0.00884881421079631));
#11017=CARTESIAN_POINT('',(-0.0144086966648921,-0.0128488142107963,0.00884881421079631));
#11018=CARTESIAN_POINT('',(-0.0144086966648921,-0.013,0.009));
#11019=CARTESIAN_POINT('',(-0.0144086966648921,-0.0110201010126777,0.00702010101267767));
#11020=CARTESIAN_POINT('',(0.00779565166755396,0.00179958547424029,0.00702010101267767));
#11021=CARTESIAN_POINT('',(-0.0129086966648921,-0.013,0.009));
#11022=CARTESIAN_POINT('',(-0.0133309188871143,-0.0124414525009975,0.00844145250099747));
#11023=CARTESIAN_POINT('',(-0.0114086966648921,-0.013,0.009));
#11024=CARTESIAN_POINT('',(-0.0114086966648921,-0.0110201010126777,0.00702010101267767));
#11025=CARTESIAN_POINT('',(-0.0129086966648921,-0.0110201010126777,0.00702010101267767));
#11026=CARTESIAN_POINT('',(0.00929565166755398,-0.00104633891686649,0.009));
#11027=CARTESIAN_POINT('',(0.0228752797846981,0.0140099532977128,0.0017839097343489));
#11028=CARTESIAN_POINT('',(0.03,0.0109986922166166,0.00890862994965043));
#11029=CARTESIAN_POINT('',(0.03,0.010907322166267,0.009));
#11030=CARTESIAN_POINT('',(0.03,0.0128872211535894,0.00702010101267767));
#11031=CARTESIAN_POINT('',(0.00929565166755398,0.000933560070455842,0.00702010101267767));
#11032=CARTESIAN_POINT('',(0.03,0.0117733475700515,0.009));
#11033=CARTESIAN_POINT('',(0.03,0.0126393729738359,0.00890862994965043));
#11034=CARTESIAN_POINT('',(0.03,0.012822113074535,0.00890862994965043));
#11035=CARTESIAN_POINT('',(0.03,0.0126315030982054,0.00854730130621717));
#11036=CARTESIAN_POINT('',(0.03,0.0146192719611582,0.00702010101267767));
#11037=CARTESIAN_POINT('',(0.03,0.0128872211535894,0.00702010101267767));
#11038=CARTESIAN_POINT('',(0.0207130816000183,0.022,0.009));
#11039=CARTESIAN_POINT('',(0.0192130816000181,0.0221559784325492,0.00884402156745089));
#11040=CARTESIAN_POINT('',(0.0207130816000183,0.0239798989873224,0.00702010101267767));
#11041=CARTESIAN_POINT('',(-0.03,-0.0123046691660642,0.009));
#11042=CARTESIAN_POINT('',(-0.03,-0.0110201010126777,0.00702010101267767));
#11043=CARTESIAN_POINT('',(0.03,0.0216498135058402,0.009));
#11044=CARTESIAN_POINT('',(0.03,0.022,0.00890862994965043));
#11045=CARTESIAN_POINT('',(0.03,0.0221827401006991,0.00890862994965043));
#11046=CARTESIAN_POINT('',(0.03,0.0221369989989192,0.00879820116137526));
#11047=CARTESIAN_POINT('',(0.03,0.0221559784325492,0.00884402156745089));
#11048=CARTESIAN_POINT('',(0.03,0.022,0.009));
#11049=CARTESIAN_POINT('',(0.03,0.0239798989873224,0.00702010101267767));
#11050=CARTESIAN_POINT('',(0.03,0.0239798989873224,0.00702010101267767));
#11051=CARTESIAN_POINT('',(0.0291065408000093,0.022,0.009));
#11052=CARTESIAN_POINT('',(0.0282130816000185,0.0221559784325492,0.00884402156745089));
#11053=CARTESIAN_POINT('',(0.0291065408000093,0.0239798989873224,0.00702010101267767));
#11054=CARTESIAN_POINT('',(-0.0128934591999909,0.0141034330515338,0.00702010101267767));
#11055=CARTESIAN_POINT('',(-0.0217878407405294,0.00613599920268031,0.00418784074052933));
#11056=CARTESIAN_POINT('',(-0.0215,0.0116189387276954,0.00950459533651605));
#11057=CARTESIAN_POINT('',(0.00421308160001819,0.0239798989873224,0.00702010101267767));
#11058=CARTESIAN_POINT('',(0.00271308160001818,0.0239798989873224,0.00702010101267767));
#11059=CARTESIAN_POINT('',(0.0117130816000181,0.0239798989873224,0.00702010101267767));
#11060=CARTESIAN_POINT('',(0.0207130816000183,0.0239798989873224,0.00702010101267767));
#11061=CARTESIAN_POINT('',(-0.029704348332446,-0.0110201010126777,0.00702010101267767));
#11062=CARTESIAN_POINT('',(0.0291065408000093,0.0239798989873224,0.00702010101267767));
#11063=CARTESIAN_POINT('',(-0.00628691839998181,0.0239798989873224,0.00702010101267767));
#11064=CARTESIAN_POINT('',(-0.00389345919999074,0.00890728062882703,0.00702010101267767));
#11065=CARTESIAN_POINT('',(-0.0296788106765652,-0.008,0.005));
#11066=CARTESIAN_POINT('',(-0.03,-0.00616533772966829,0.00702010101267767));
#11067=CARTESIAN_POINT('',(-0.03,-0.00529931232588375,0.00702010101267767));
#11068=CARTESIAN_POINT('',(-0.03,-0.008,0.005));
#11069=CARTESIAN_POINT('',(-0.0278934591999909,0.0227636870893782,0.00702010101267767));
#11070=CARTESIAN_POINT('',(-0.0276682488552345,0.0223736113298699,0.0065));
#11071=CARTESIAN_POINT('',(0.016795651667554,-0.00339656694846637,0.00702010101267767));
#11072=CARTESIAN_POINT('',(0.00359130333510798,-0.0110201010126777,0.00702010101267767));
#11073=CARTESIAN_POINT('',(0.00509130333510799,-0.0110201010126777,0.00702010101267767));
#11074=CARTESIAN_POINT('',(0.00659130333510799,-0.0110201010126777,0.00702010101267767));
#11075=CARTESIAN_POINT('',(0.018295651667554,-0.00426259235225081,0.00702010101267767));
#11076=CARTESIAN_POINT('',(0.012295651667554,-0.000798490737113043,0.00702010101267767));
#11077=CARTESIAN_POINT('',(-0.00540869666489204,-0.0110201010126777,0.00702010101267767));
#11078=CARTESIAN_POINT('',(-0.00390869666489203,-0.0110201010126777,0.00702010101267767));
#11079=CARTESIAN_POINT('',(-0.00240869666489203,-0.0110201010126777,0.00702010101267767));
#11080=CARTESIAN_POINT('',(0.013795651667554,-0.00166451614089748,0.00702010101267767));
#11081=CARTESIAN_POINT('',(0.025795651667554,-0.00859271937117302,0.00702010101267767));
#11082=CARTESIAN_POINT('',(0.021591303335108,-0.0110201010126777,0.00702010101267767));
#11083=CARTESIAN_POINT('',(0.023091303335108,-0.0110201010126777,0.00702010101267767));
#11084=CARTESIAN_POINT('',(0.024591303335108,-0.0110201010126777,0.00702010101267767));
#11085=CARTESIAN_POINT('',(0.027295651667554,-0.00945874477495746,0.00702010101267767));
#11086=CARTESIAN_POINT('',(0.021295651667554,-0.00599464315981969,0.00702010101267767));
#11087=CARTESIAN_POINT('',(0.012591303335108,-0.0110201010126777,0.00702010101267767));
#11088=CARTESIAN_POINT('',(0.014091303335108,-0.0110201010126777,0.00702010101267767));
#11089=CARTESIAN_POINT('',(0.015591303335108,-0.0110201010126777,0.00702010101267767));
#11090=CARTESIAN_POINT('',(0.022795651667554,-0.00686066856360413,0.00702010101267767));
#11091=CARTESIAN_POINT('',(-0.0152869183999818,0.0239798989873224,0.00702010101267767));
#11092=CARTESIAN_POINT('',(0.00479565166755397,0.00353163628180917,0.00702010101267767));
#11093=CARTESIAN_POINT('',(0.00779565166755396,0.00179958547424029,0.00702010101267767));
#11094=CARTESIAN_POINT('',(-0.0144086966648921,-0.0110201010126777,0.00702010101267767));
#11095=CARTESIAN_POINT('',(-0.0129086966648921,-0.0110201010126777,0.00702010101267767));
#11096=CARTESIAN_POINT('',(-0.0114086966648921,-0.0110201010126777,0.00702010101267767));
#11097=CARTESIAN_POINT('',(0.00929565166755398,0.000933560070455842,0.00702010101267767));
#11098=CARTESIAN_POINT('',(-0.03455,0.,0.0045));
#11099=CARTESIAN_POINT('',(-0.03455,0.,0.0061));
#11100=CARTESIAN_POINT('',(-0.03455,-0.00975,0.01425));
#11101=CARTESIAN_POINT('',(-0.03455,-0.00985,-0.00535));
#11102=CARTESIAN_POINT('',(-0.0215,0.0004,0.0075));
#11103=CARTESIAN_POINT('',(-0.0215,0.0004,0.0075));
#11104=CARTESIAN_POINT('',(-0.0215,0.0004,0.0075));
#11105=CARTESIAN_POINT('',(-0.0215,0.0004,0.0075));
#11106=CARTESIAN_POINT('',(-0.0215,0.0004,0.0075));
#11107=CARTESIAN_POINT('',(-0.0242334185379499,-0.00771583993818841,0.006502));
#11108=CARTESIAN_POINT('',(-0.0243528146515136,-0.00711885958473794,0.00588114041526207));
#11109=CARTESIAN_POINT('',(-0.0230462670682152,-0.00696069949775435,0.006502));
#11110=CARTESIAN_POINT('',(-0.0235562389709867,-0.00682560157472051,0.0059562389709867));
#11111=CARTESIAN_POINT('',(0.034,-0.00321708423157987,0.003));
#11112=CARTESIAN_POINT('',(0.0344,0.0175,0.003));
#11113=CARTESIAN_POINT('',(0.0346,-0.0155,0.003));
#11114=CARTESIAN_POINT('',(0.034,1.38777878078145E-17,0.0045));
#11115=CARTESIAN_POINT('',(0.034,-0.0155,0.0046));
#11116=CARTESIAN_POINT('',(0.034,0.0171,0.005));
#11117=CARTESIAN_POINT('',(0.034,-0.0155,0.0034));
#11118=CARTESIAN_POINT('',(0.0344,-0.00321708423157987,0.003));
#11119=CARTESIAN_POINT('',(0.,-0.008,0.005));
#11120=CARTESIAN_POINT('',(-0.0302,-0.0056,0.0074));
#11121=CARTESIAN_POINT('',(-0.0328,-0.0082,0.0048));
#11122=CARTESIAN_POINT('',(-0.022,-0.019,-0.006));
#11123=CARTESIAN_POINT('',(-0.033,-0.008,0.005));
#11124=CARTESIAN_POINT('',(-0.0356666666666667,-0.00533333333333332,0.00193333333333332));
#11125=CARTESIAN_POINT('',(-0.033,-0.008,0.0004));
#11126=CARTESIAN_POINT('',(-0.00248598035881277,-0.008,0.));
#11127=CARTESIAN_POINT('',(-0.0240286601196044,-0.0187713398803957,-0.0107713398803957));
#11128=CARTESIAN_POINT('',(-0.0349,-0.0079,0.0001));
#11129=CARTESIAN_POINT('',(-0.0241619934529377,0.00283800654706239,0.0108380065470624));
#11130=CARTESIAN_POINT('',(-0.0334,-0.0078,0.000200000000000005));
#11131=CARTESIAN_POINT('',(-0.033,-0.008,0.0004));
#11132=CARTESIAN_POINT('',(-0.033,-0.008,0.0004));
#11133=CARTESIAN_POINT('',(-0.0334,1.31198227788075E-17,0.));
#11134=CARTESIAN_POINT('',(-0.0332,-0.0152,0.0002));
#11135=CARTESIAN_POINT('',(-0.0285,-0.0156,0.0004));
#11136=CARTESIAN_POINT('',(-0.0334,-0.0156,0.0004));
#11137=CARTESIAN_POINT('',(-0.0334,-0.0156,0.0004));
#11138=CARTESIAN_POINT('',(-0.0334,-0.0156,0.0004));
#11139=CARTESIAN_POINT('',(-0.0334,-0.0156,0.0065));
#11140=CARTESIAN_POINT('',(-0.0279333333333334,-0.0101333333333333,0.00966666666666669));
#11141=CARTESIAN_POINT('',(-0.0328,-0.015,0.0048));
#11142=CARTESIAN_POINT('',(-0.0337666666666667,-0.0159666666666667,0.00576666666666666));
#11143=CARTESIAN_POINT('',(-0.0285,-0.0156,0.0054));
#11144=CARTESIAN_POINT('',(-0.0379333333333333,-0.00986666666666662,-0.000333333333333364));
#11145=CARTESIAN_POINT('',(-0.0241666666666667,-0.0177666666666667,0.00756666666666667));
#11146=CARTESIAN_POINT('',(-0.0216,6.93889390390723E-18,0.005));
#11147=CARTESIAN_POINT('',(-0.0296,-0.016,0.013));
#11148=CARTESIAN_POINT('',(0.,-0.024,0.005));
#11149=CARTESIAN_POINT('',(-0.0248666666666667,-0.0162666666666666,0.0127333333333334));
#11150=CARTESIAN_POINT('',(-0.0328,-0.0242,0.0048));
#11151=CARTESIAN_POINT('',(-0.022,-0.035,-0.006));
#11152=CARTESIAN_POINT('',(-0.033,-0.024,0.005));
#11153=CARTESIAN_POINT('',(-0.041,-0.016,-0.0034));
#11154=CARTESIAN_POINT('',(-0.0332,-0.0238,0.0004));
#11155=CARTESIAN_POINT('',(-0.00248598035881277,-0.024,0.));
#11156=CARTESIAN_POINT('',(-0.0334,-0.024,0.));
#11157=CARTESIAN_POINT('',(-0.0334,-0.024,0.));
#11158=CARTESIAN_POINT('',(-0.0334,-0.024,1.62331921605168E-18));
#11159=CARTESIAN_POINT('',(-0.0334,1.31198227788075E-17,0.));
#11160=CARTESIAN_POINT('',(-0.0223666666666667,-0.0220666666666667,0.0110333333333334));
#11161=CARTESIAN_POINT('',(-0.031,0.0262,0.0004));
#11162=CARTESIAN_POINT('',(-0.0334,0.025,0.0016));
#11163=CARTESIAN_POINT('',(-0.0349,0.0265,0.0001));
#11164=CARTESIAN_POINT('',(-0.0436666666666667,0.0177333333333333,0.00886666666666673));
#11165=CARTESIAN_POINT('',(-0.0334,0.0262,0.0004));
#11166=CARTESIAN_POINT('',(-0.0334,0.0262,0.005002));
#11167=CARTESIAN_POINT('',(-0.0334,0.0262,0.0046));
#11168=CARTESIAN_POINT('',(-0.0334,0.0262,0.0004));
#11169=CARTESIAN_POINT('',(-0.000800000000000009,-0.0327,0.0004));
#11170=CARTESIAN_POINT('',(-0.0208,-0.0427,-0.0096));
#11171=CARTESIAN_POINT('',(-0.0334,0.0262,0.0004));
#11172=CARTESIAN_POINT('',(-0.0332,0.0266,0.000200000000000005));
#11173=CARTESIAN_POINT('',(-0.0304,0.,0.));
#11174=CARTESIAN_POINT('',(-0.0304,-0.0307888543819999,0.));
#11175=CARTESIAN_POINT('',(-0.0305323779861706,-0.0308628559259504,0.000132377986170617));
#11176=CARTESIAN_POINT('',(-0.0306658004199562,-0.0309329002099781,0.000265800419956206));
#11177=CARTESIAN_POINT('',(-0.0308,-0.031,0.0004));
#11178=CARTESIAN_POINT('',(-0.0334,1.31198227788075E-17,0.));
#11179=CARTESIAN_POINT('',(-0.0223666666666667,0.0220666666666667,0.0110333333333333));
#11180=CARTESIAN_POINT('',(-0.0293,-0.029,0.0004));
#11181=CARTESIAN_POINT('',(-0.0282,-0.0307888543819999,0.));
#11182=CARTESIAN_POINT('',(-0.0280676220138294,-0.0308628559259504,0.000132377986170617));
#11183=CARTESIAN_POINT('',(-0.0279341995800438,-0.0309329002099781,0.000265800419956206));
#11184=CARTESIAN_POINT('',(-0.0278,-0.031,0.0004));
#11185=CARTESIAN_POINT('',(-0.00248598035881275,0.0331,0.));
#11186=CARTESIAN_POINT('',(-0.0210953267862709,0.0424046732137291,-0.00930467321372912));
#11187=CARTESIAN_POINT('',(-0.0278,-0.033,0.0004));
#11188=CARTESIAN_POINT('',(-0.0279,-0.0328,0.000300000000000006));
#11189=CARTESIAN_POINT('',(-0.0308,0.033,0.0004));
#11190=CARTESIAN_POINT('',(-0.0308,0.031,0.0004));
#11191=CARTESIAN_POINT('',(-0.0306658004199562,0.0309329002099781,0.000265800419956206));
#11192=CARTESIAN_POINT('',(-0.0305323779861706,0.0308628559259504,0.000132377986170617));
#11193=CARTESIAN_POINT('',(-0.0304,0.0307888543819999,1.94327236758811E-19));
#11194=CARTESIAN_POINT('',(-0.000800000000000009,-0.0327,0.0004));
#11195=CARTESIAN_POINT('',(0.0118666666666667,-0.0263666666666667,0.00673333333333334));
#11196=CARTESIAN_POINT('',(-0.0293,0.029,0.));
#11197=CARTESIAN_POINT('',(-0.0278,0.031,0.0004));
#11198=CARTESIAN_POINT('',(-0.0279341995800438,0.0309329002099781,0.000265800419956206));
#11199=CARTESIAN_POINT('',(-0.0280676220138294,0.0308628559259504,0.000132377986170618));
#11200=CARTESIAN_POINT('',(-0.0282,0.0307888543819999,3.93509746184942E-19));
#11201=CARTESIAN_POINT('',(0.0186,0.,0.));
#11202=CARTESIAN_POINT('',(0.0186,-0.0307888543819999,0.));
#11203=CARTESIAN_POINT('',(0.0184676220138294,-0.0308628559259504,0.000132377986170617));
#11204=CARTESIAN_POINT('',(0.0183341995800438,-0.0309329002099781,0.000265800419956207));
#11205=CARTESIAN_POINT('',(0.0182,-0.031,0.0004));
#11206=CARTESIAN_POINT('',(-0.00248598035881277,-0.0326,0.009));
#11207=CARTESIAN_POINT('',(-0.0346,-0.0326,0.009));
#11208=CARTESIAN_POINT('',(0.0346,-0.0329109400392451,0.00883358994113244));
#11209=CARTESIAN_POINT('',(-0.0282,0.,0.));
#11210=CARTESIAN_POINT('',(-0.0171666666666667,0.0220666666666667,0.0110333333333333));
#11211=CARTESIAN_POINT('',(0.0197,-0.029,0.0004));
#11212=CARTESIAN_POINT('',(0.0208,-0.0307888543819999,0.));
#11213=CARTESIAN_POINT('',(0.0209323779861706,-0.0308628559259504,0.000132377986170617));
#11214=CARTESIAN_POINT('',(0.0210658004199562,-0.0309329002099781,0.000265800419956211));
#11215=CARTESIAN_POINT('',(0.0212,-0.031,0.000400000000000005));
#11216=CARTESIAN_POINT('',(0.035,-0.0327859264966048,0.0086));
#11217=CARTESIAN_POINT('',(0.035,-0.0327859264966048,0.0086));
#11218=CARTESIAN_POINT('',(0.035,-0.0327859264966048,0.0086));
#11219=CARTESIAN_POINT('',(-0.00248598035881275,0.0331,0.));
#11220=CARTESIAN_POINT('',(0.0115713398803958,0.0260713398803958,0.00702866011960427));
#11221=CARTESIAN_POINT('',(0.0212,-0.033,0.0004));
#11222=CARTESIAN_POINT('',(0.0211,-0.0328,0.000300000000000012));
#11223=CARTESIAN_POINT('',(1.04609279273184E-34,-0.035,0.0056));
#11224=CARTESIAN_POINT('',(-0.0346,-0.035,0.0056));
#11225=CARTESIAN_POINT('',(0.0346,-0.035,0.0056));
#11226=CARTESIAN_POINT('',(0.035,-0.0225133337284187,0.0240088891522791));
#11227=CARTESIAN_POINT('',(0.0348947643652827,-0.0346468614074898,0.0059983138721622));
#11228=CARTESIAN_POINT('',(0.0346,0.,0.009));
#11229=CARTESIAN_POINT('',(0.0346,0.0326,0.009));
#11230=CARTESIAN_POINT('',(-0.00248598035881278,0.0326,0.009));
#11231=CARTESIAN_POINT('',(-0.0346,0.0326,0.009));
#11232=CARTESIAN_POINT('',(0.0346,0.0326,0.009));
#11233=CARTESIAN_POINT('',(0.0182,0.033,0.0004));
#11234=CARTESIAN_POINT('',(0.0182,0.031,0.0004));
#11235=CARTESIAN_POINT('',(0.0183341995800438,0.0309329002099781,0.000265800419956207));
#11236=CARTESIAN_POINT('',(0.0184676220138294,0.0308628559259504,0.000132377986170616));
#11237=CARTESIAN_POINT('',(0.0186,0.0307888543819999,-3.59990539566533E-19));
#11238=CARTESIAN_POINT('',(-0.000800000000000009,-0.0327,0.0004));
#11239=CARTESIAN_POINT('',(0.0206666666666667,-0.0219666666666667,0.0111333333333333));
#11240=CARTESIAN_POINT('',(0.0346,-0.035,0.0056));
#11241=CARTESIAN_POINT('',(0.0346,-0.035,0.0056));
#11242=CARTESIAN_POINT('',(0.0346,0.0326,0.009));
#11243=CARTESIAN_POINT('',(0.0348806249485162,0.0329160314498101,0.00862004900476011));
#11244=CARTESIAN_POINT('',(0.0197,0.029,0.));
#11245=CARTESIAN_POINT('',(0.0212,0.031,0.0004));
#11246=CARTESIAN_POINT('',(0.0210658004199562,0.0309329002099781,0.000265800419956206));
#11247=CARTESIAN_POINT('',(0.0209323779861706,0.0308628559259504,0.000132377986170617));
#11248=CARTESIAN_POINT('',(0.0208,0.0307888543819999,1.7652408059501E-19));
#11249=CARTESIAN_POINT('',(0.0314,-0.0159,0.005));
#11250=CARTESIAN_POINT('',(0.0318,-0.0155,0.0046));
#11251=CARTESIAN_POINT('',(0.0318,-0.0155,0.0004));
#11252=CARTESIAN_POINT('',(0.0314,-3.46944695195361E-17,0.0004));
#11253=CARTESIAN_POINT('',(0.0316,-0.0159,0.0002));
#11254=CARTESIAN_POINT('',(-0.00248598035881277,-0.0346,0.));
#11255=CARTESIAN_POINT('',(-0.0241619934529379,-0.0454380065470623,0.0108380065470624));
#11256=CARTESIAN_POINT('',(-0.0349,-0.0347,9.99999999999977E-5));
#11257=CARTESIAN_POINT('',(-0.0240286601196044,-0.0238286601196043,-0.0107713398803957));
#11258=CARTESIAN_POINT('',(0.0346,-0.0348,0.0002));
#11259=CARTESIAN_POINT('',(0.035,-0.0346,0.009));
#11260=CARTESIAN_POINT('',(0.035,-0.0346,0.0004));
#11261=CARTESIAN_POINT('',(0.035,0.0225133337284187,0.0240088891522791));
#11262=CARTESIAN_POINT('',(0.035,0.0346,0.0058788897449072));
#11263=CARTESIAN_POINT('',(-1.4651751486305E-34,0.035,0.0056));
#11264=CARTESIAN_POINT('',(-0.0346,0.035,0.0056));
#11265=CARTESIAN_POINT('',(0.0346,0.0348890599607549,0.00596641005886757));
#11266=CARTESIAN_POINT('',(0.0208,0.,0.));
#11267=CARTESIAN_POINT('',(0.0318333333333333,0.0220666666666667,0.0110333333333333));
#11268=CARTESIAN_POINT('',(0.0318,-0.0155,0.0004));
#11269=CARTESIAN_POINT('',(0.0318,-0.0155,0.0004));
#11270=CARTESIAN_POINT('',(0.035,-0.0346,0.0004));
#11271=CARTESIAN_POINT('',(0.035,-0.0346,0.0004));
#11272=CARTESIAN_POINT('',(0.035,0.0346,0.0058788897449072));
#11273=CARTESIAN_POINT('',(0.035,0.0346,0.0058788897449072));
#11274=CARTESIAN_POINT('',(-0.00248598035881275,0.0331,0.));
#11275=CARTESIAN_POINT('',(0.0203713398803958,0.0216713398803958,0.0114286601196043));
#11276=CARTESIAN_POINT('',(0.0315,-0.0155,0.0004));
#11277=CARTESIAN_POINT('',(0.0346,-0.0155,0.0004));
#11278=CARTESIAN_POINT('',(0.035,6.93889390390723E-18,0.0004));
#11279=CARTESIAN_POINT('',(0.0348,-0.0159,0.0002));
#11280=CARTESIAN_POINT('',(0.0346,0.035,0.009));
#11281=CARTESIAN_POINT('',(0.0346,0.035,0.0004));
#11282=CARTESIAN_POINT('',(0.,0.035,0.0004));
#11283=CARTESIAN_POINT('',(-0.0234666666666668,0.0232666666666667,-0.0113333333333333));
#11284=CARTESIAN_POINT('',(-0.0349,0.0347,9.99999999999977E-5));
#11285=CARTESIAN_POINT('',(-0.023066666666667,0.0465333333333332,0.0119333333333333));
#11286=CARTESIAN_POINT('',(0.0346,0.035,0.0004));
#11287=CARTESIAN_POINT('',(0.0314,-3.46944695195361E-17,0.0004));
#11288=CARTESIAN_POINT('',(0.0318,0.0179,3.06658683336674E-19));
#11289=CARTESIAN_POINT('',(0.0318,0.0175,0.005002));
#11290=CARTESIAN_POINT('',(0.0314,0.0179,0.0046));
#11291=CARTESIAN_POINT('',(0.0316,0.0177,0.0004));
#11292=CARTESIAN_POINT('',(0.0346,-0.0155,0.0004));
#11293=CARTESIAN_POINT('',(0.0346,-0.0155,0.0004));
#11294=CARTESIAN_POINT('',(0.0346,0.035,0.0004));
#11295=CARTESIAN_POINT('',(0.0348,0.0346,0.0002));
#11296=CARTESIAN_POINT('',(0.0318,0.0179,0.));
#11297=CARTESIAN_POINT('',(0.0318,0.0179,1.76946661982288E-19));
#11298=CARTESIAN_POINT('',(0.0346,-0.0155,0.005002));
#11299=CARTESIAN_POINT('',(0.0297,-0.0106,-0.00190000000000003));
#11300=CARTESIAN_POINT('',(0.035,6.93889390390723E-18,0.0004));
#11301=CARTESIAN_POINT('',(0.035,0.0179,0.0004));
#11302=CARTESIAN_POINT('',(-0.00248598035881276,0.0179,0.));
#11303=CARTESIAN_POINT('',(0.0346,0.0177,0.000199999999999997));
#11304=CARTESIAN_POINT('',(0.035,6.93889390390723E-18,0.0034));
#11305=CARTESIAN_POINT('',(0.0368666666666667,0.0197666666666667,0.00526666666666667));
#11306=CARTESIAN_POINT('',(0.035,0.0179,0.0004));
#11307=CARTESIAN_POINT('',(0.035,0.0179,0.0004));
#11308=CARTESIAN_POINT('',(0.035,0.0179,0.009));
#11309=CARTESIAN_POINT('',(-0.023,0.0004,0.0054));
#11310=CARTESIAN_POINT('',(0.,-0.008,0.005));
#11311=CARTESIAN_POINT('',(-0.029,0.0084,0.0054));
#11312=CARTESIAN_POINT('',(-0.0319333333333333,0.00986666666666667,0.00393333333333333));
#11313=CARTESIAN_POINT('',(-0.0328,0.009,0.0048));
#11314=CARTESIAN_POINT('',(-0.0299333333333333,0.0061333333333333,0.00766666666666668));
#11315=CARTESIAN_POINT('',(-0.029,0.0084,0.0004));
#11316=CARTESIAN_POINT('',(-0.0327333333333334,0.00653333333333334,0.00226666666666667));
#11317=CARTESIAN_POINT('',(-0.0334,0.0088,0.));
#11318=CARTESIAN_POINT('',(-0.0334,0.0084,0.0065));
#11319=CARTESIAN_POINT('',(-0.0332,0.0086,0.0004));
#11320=CARTESIAN_POINT('',(-0.0359333333333333,0.00586666666666672,0.00166666666666668));
#11321=CARTESIAN_POINT('',(-0.0334,0.0088,0.));
#11322=CARTESIAN_POINT('',(-0.0334,0.0088,1.60209935701832E-18));
#11323=CARTESIAN_POINT('',(-0.0334,1.31198227788075E-17,0.));
#11324=CARTESIAN_POINT('',(-0.0334,0.0158,1.16709224683458E-19));
#11325=CARTESIAN_POINT('',(-0.033,0.0158,0.005));
#11326=CARTESIAN_POINT('',(-0.033,0.0158,0.0046));
#11327=CARTESIAN_POINT('',(-0.0332,0.016,0.0004));
#11328=CARTESIAN_POINT('',(-0.0334,0.0158,0.));
#11329=CARTESIAN_POINT('',(-0.0334,0.0158,0.));
#11330=CARTESIAN_POINT('',(-0.00248598035881277,0.0158,0.));
#11331=CARTESIAN_POINT('',(-0.033066,0.017734,0.001934));
#11332=CARTESIAN_POINT('',(-0.023,0.0004,0.0054));
#11333=CARTESIAN_POINT('',(-0.023,0.0004,0.0054));
#11334=CARTESIAN_POINT('',(-0.029,0.0084,0.0054));
#11335=CARTESIAN_POINT('',(-0.0256666666666667,0.00573333333333335,0.00806666666666666));
#11336=CARTESIAN_POINT('',(-0.023,0.0004,0.0054));
#11337=CARTESIAN_POINT('',(-0.0293,-0.029,0.009));
#11338=CARTESIAN_POINT('',(0.0197,-0.029,0.009));
#11339=CARTESIAN_POINT('',(0.0197,0.029,0.0086));
#11340=CARTESIAN_POINT('',(-0.0293,0.029,0.0086));
#11341=CARTESIAN_POINT('',(-0.0293,-0.029,0.));
#11342=CARTESIAN_POINT('',(0.0197,-0.029,0.));
#11343=CARTESIAN_POINT('',(0.0197,0.029,0.0004));
#11344=CARTESIAN_POINT('',(-0.0293,0.029,0.0004));
#11345=CARTESIAN_POINT('',(-0.0346,-0.035,0.009));
#11346=CARTESIAN_POINT('',(-0.0376666666666667,-0.0319333333333333,0.00286666666666667));
#11347=CARTESIAN_POINT('',(-0.0343510125872876,-0.0352489874127124,0.00563686725225508));
#11348=CARTESIAN_POINT('',(-0.035,-0.0307350530067338,0.0183058252748404));
#11349=CARTESIAN_POINT('',(-0.0340706828982066,-0.0352620131749381,0.00656122021334105));
#11350=CARTESIAN_POINT('',(-0.035,-0.0225133337284187,0.0240088891522791));
#11351=CARTESIAN_POINT('',(-0.0327140065007865,-0.0345287810845704,0.0101068515064473));
#11352=CARTESIAN_POINT('',(-0.035,-0.007069643631316,0.0222097499581997));
#11353=CARTESIAN_POINT('',(-0.0314938457328395,-0.0333789144360266,0.0121061542671605));
#11354=CARTESIAN_POINT('',(-0.035,0.,0.0086));
#11355=CARTESIAN_POINT('',(-0.0389506758801266,0.0315090032374338,0.00464932411987332));
#11356=CARTESIAN_POINT('',(-0.035,0.00706964363131601,0.0222097499581997));
#11357=CARTESIAN_POINT('',(-0.038567509177442,0.0304725907846541,0.00563858493544815));
#11358=CARTESIAN_POINT('',(-0.035,0.0225133337284187,0.0240088891522791));
#11359=CARTESIAN_POINT('',(-0.0365709223877171,0.0329763341050013,0.00548236797806097));
#11360=CARTESIAN_POINT('',(-0.035,0.0307350530067338,0.0183058252748404));
#11361=CARTESIAN_POINT('',(-0.035976713952416,0.033623286047584,0.00539615170094781));
#11362=CARTESIAN_POINT('',(-0.035,0.0346,0.009));
#11363=CARTESIAN_POINT('',(-0.0379333333333333,0.0316666666666666,0.00313333333333333));
#11364=CARTESIAN_POINT('',(-0.035,-0.008,0.009));
#11365=CARTESIAN_POINT('',(-0.0379333333333333,-0.0109333333333333,0.00313333333333335));
#11366=CARTESIAN_POINT('',(-0.0320666666666667,-0.00506666666666665,0.00396666666666665));
#11367=CARTESIAN_POINT('',(-0.0346,6.93889390390723E-18,0.0065));
#11368=CARTESIAN_POINT('',(-0.0346,0.0084,0.0065));
#11369=CARTESIAN_POINT('',(-0.0346,0.0084,0.0065));
#11370=CARTESIAN_POINT('',(-0.033,0.,0.0046));
#11371=CARTESIAN_POINT('',(-0.03415,6.93889390390723E-18,0.0065));
#11372=CARTESIAN_POINT('',(0.0315,-0.0155,0.0046));
#11373=CARTESIAN_POINT('',(0.0317762974279322,-0.0154427769290509,0.00465722307094917));
#11374=CARTESIAN_POINT('',(0.0233671572875254,-0.0233671572875254,0.005));
#11375=CARTESIAN_POINT('',(0.0289410243181526,-0.0148814589230332,0.00705897568184739));
#11376=CARTESIAN_POINT('',(0.031,-6.21741869677315E-18,0.005));
#11377=CARTESIAN_POINT('',(0.0206666666666667,-0.0219666666666667,0.0153333333333333));
#11378=CARTESIAN_POINT('',(-1.74011081596431E-17,-0.0323,0.005));
#11379=CARTESIAN_POINT('',(0.0323666666666667,-0.0215333333333334,0.0157666666666667));
#11380=CARTESIAN_POINT('',(0.0216,6.93889390390723E-18,0.005));
#11381=CARTESIAN_POINT('',(0.0212,-0.031,0.0046));
#11382=CARTESIAN_POINT('',(0.0213326859956545,-0.0310663429978273,0.00473268599565451));
#11383=CARTESIAN_POINT('',(0.0214660701914225,-0.0311297599156204,0.00486607019142247));
#11384=CARTESIAN_POINT('',(0.0216,-0.0311908902300207,0.005));
#11385=CARTESIAN_POINT('',(0.0197,-0.029,0.005));
#11386=CARTESIAN_POINT('',(0.0182,-0.031,0.0046));
#11387=CARTESIAN_POINT('',(0.0180673140043455,-0.0310663429978273,0.00473268599565451));
#11388=CARTESIAN_POINT('',(0.0179339298085775,-0.0311297599156204,0.00486607019142247));
#11389=CARTESIAN_POINT('',(0.0178,-0.0311908902300207,0.005));
#11390=CARTESIAN_POINT('',(0.0182,-0.033,0.0046));
#11391=CARTESIAN_POINT('',(0.0118666666666667,-0.0263666666666667,0.0109333333333333));
#11392=CARTESIAN_POINT('',(-1.74011081596431E-17,-0.0323,0.005));
#11393=CARTESIAN_POINT('',(-0.0166333333333334,-0.0215333333333334,0.0157666666666667));
#11394=CARTESIAN_POINT('',(-0.0274,6.93889390390723E-18,0.005));
#11395=CARTESIAN_POINT('',(-0.0278,-0.031,0.0046));
#11396=CARTESIAN_POINT('',(-0.0276673140043455,-0.0310663429978273,0.00473268599565451));
#11397=CARTESIAN_POINT('',(-0.0275339298085775,-0.0311297599156204,0.00486607019142247));
#11398=CARTESIAN_POINT('',(-0.0274,-0.0311908902300207,0.005));
#11399=CARTESIAN_POINT('',(-0.0293,-0.029,0.005));
#11400=CARTESIAN_POINT('',(-0.0308,-0.031,0.0046));
#11401=CARTESIAN_POINT('',(-0.0309326859956545,-0.0310663429978273,0.00473268599565451));
#11402=CARTESIAN_POINT('',(-0.0310660701914225,-0.0311297599156204,0.00486607019142247));
#11403=CARTESIAN_POINT('',(-0.0312,-0.0311908902300207,0.005));
#11404=CARTESIAN_POINT('',(-0.0308,-0.033,0.0046));
#11405=CARTESIAN_POINT('',(-0.0208,-0.0427,-0.0054));
#11406=CARTESIAN_POINT('',(-1.74011081596431E-17,-0.0323,0.005));
#11407=CARTESIAN_POINT('',(-0.0221,-0.0218,0.0155));
#11408=CARTESIAN_POINT('',(-0.033,0.,0.0046));
#11409=CARTESIAN_POINT('',(8.47536326834383E-18,0.0171,0.005));
#11410=CARTESIAN_POINT('',(0.0291349325049508,0.0110659579088124,0.0110340420911876));
#11411=CARTESIAN_POINT('',(0.0243671572875255,0.0243671572875253,0.005));
#11412=CARTESIAN_POINT('',(0.0292107764615425,0.0169931939193045,0.00678922353845753));
#11413=CARTESIAN_POINT('',(0.031,-6.21741869677315E-18,0.005));
#11414=CARTESIAN_POINT('',(0.0206666666666667,0.0219666666666667,0.0153333333333333));
#11415=CARTESIAN_POINT('',(-0.000799999999999981,0.0327,0.0046));
#11416=CARTESIAN_POINT('',(0.0211,0.0328,0.0045));
#11417=CARTESIAN_POINT('',(0.0212,0.033,0.0046));
#11418=CARTESIAN_POINT('',(0.0216,0.0311908902300207,0.005));
#11419=CARTESIAN_POINT('',(0.0214660701914225,0.0311297599156204,0.00486607019142247));
#11420=CARTESIAN_POINT('',(0.0213326859956545,0.0310663429978273,0.00473268599565451));
#11421=CARTESIAN_POINT('',(0.0212,0.031,0.0046));
#11422=CARTESIAN_POINT('',(0.0197,0.029,0.0046));
#11423=CARTESIAN_POINT('',(0.0178,0.0311908902300207,0.005));
#11424=CARTESIAN_POINT('',(0.0179339298085775,0.0311297599156204,0.00486607019142247));
#11425=CARTESIAN_POINT('',(0.0180673140043455,0.0310663429978273,0.00473268599565451));
#11426=CARTESIAN_POINT('',(0.0182,0.031,0.0046));
#11427=CARTESIAN_POINT('',(0.0178,6.93889390390723E-18,0.005));
#11428=CARTESIAN_POINT('',(0.0118666666666667,0.0263666666666667,0.0109333333333333));
#11429=CARTESIAN_POINT('',(-0.000799999999999981,0.0327,0.0046));
#11430=CARTESIAN_POINT('',(-0.0279,0.0328,0.0045));
#11431=CARTESIAN_POINT('',(-0.0278,0.033,0.0046));
#11432=CARTESIAN_POINT('',(-0.0274,0.0311908902300207,0.005));
#11433=CARTESIAN_POINT('',(-0.0275339298085775,0.0311297599156204,0.00486607019142247));
#11434=CARTESIAN_POINT('',(-0.0276673140043455,0.0310663429978273,0.00473268599565451));
#11435=CARTESIAN_POINT('',(-0.0278,0.031,0.0046));
#11436=CARTESIAN_POINT('',(-0.0293,0.029,0.0046));
#11437=CARTESIAN_POINT('',(-0.0312,0.0311908902300207,0.005));
#11438=CARTESIAN_POINT('',(-0.0310660701914225,0.0311297599156204,0.00486607019142247));
#11439=CARTESIAN_POINT('',(-0.0309326859956545,0.0310663429978273,0.00473268599565451));
#11440=CARTESIAN_POINT('',(-0.0308,0.031,0.0046));
#11441=CARTESIAN_POINT('',(-0.0312,6.93889390390723E-18,0.005));
#11442=CARTESIAN_POINT('',(-0.0208,0.0427,-0.0054));
#11443=CARTESIAN_POINT('',(-0.000799999999999981,0.0327,0.0046));
#11444=CARTESIAN_POINT('',(-0.0221,0.0218,0.0155));
#11445=CARTESIAN_POINT('',(-0.033,0.,0.0046));
#11446=CARTESIAN_POINT('',(-0.0279262210425076,0.0244983719433235,0.00967377895749242));
#11447=CARTESIAN_POINT('',(-0.0295171572875255,0.0295171572875253,0.005));
#11448=CARTESIAN_POINT('',(-0.0336496511307121,0.0268027111456271,0.00399728885437294));
#11449=CARTESIAN_POINT('',(-0.00831715728752553,-0.00831715728752545,0.005));
#11450=CARTESIAN_POINT('',(-0.0360184330516632,0.0098785434145086,-0.00172145658549139));
#11451=CARTESIAN_POINT('',(-0.0260496511307123,0.0186789287648835,0.0115503488692878));
#11452=CARTESIAN_POINT('',(-0.033,0.,0.0046));
#11453=CARTESIAN_POINT('',(0.0090625056892663,-0.0200025645857732,0.009));
#11454=CARTESIAN_POINT('',(0.0327882660540149,-0.00488180976338231,0.0116968960036651));
#11455=CARTESIAN_POINT('',(0.0300913700503496,0.,0.009));
#11456=CARTESIAN_POINT('',(0.00681250568926629,-0.0161054502687433,0.009));
#11457=CARTESIAN_POINT('',(0.0310057303905792,-0.00165513732458217,0.00991436034022964));
#11458=CARTESIAN_POINT('',(0.0300913700503496,0.,0.009));
#11459=CARTESIAN_POINT('',(0.00456250568926628,-0.0122083359517133,0.009));
#11460=CARTESIAN_POINT('',(0.0292231947271436,0.00157153511421819,0.00813182467679403));
#11461=CARTESIAN_POINT('',(0.0300913700503496,0.,0.009));
#11462=CARTESIAN_POINT('',(0.00231250568926627,-0.00831122163468328,0.009));
#11463=CARTESIAN_POINT('',(0.0274406590637079,0.00479820755301847,0.00634928901335853));
#11464=CARTESIAN_POINT('',(0.0300913700503496,0.,0.009));
#11465=CARTESIAN_POINT('',(6.25056892662561E-5,-0.00441410731765329,0.009));
#11466=CARTESIAN_POINT('',(0.0256581234002723,0.0080248799918187,0.00456675334992298));
#11467=CARTESIAN_POINT('',(0.0300913700503496,0.,0.009));
#11468=CARTESIAN_POINT('',(-0.00218749431073376,-0.000516993000623302,0.009));
#11469=CARTESIAN_POINT('',(0.0238755877368368,0.011251552430619,0.00278421768648738));
#11470=CARTESIAN_POINT('',(0.0300913700503496,6.52552388104805E-17,0.009));
#11471=CARTESIAN_POINT('',(-0.0300913700503496,0.,0.009));
#11472=CARTESIAN_POINT('',(-0.0169118054482803,-0.0107744784465892,-0.00417956460206906));
#11473=CARTESIAN_POINT('',(-0.00443749431073376,0.00338012131640668,0.009));
#11474=CARTESIAN_POINT('',(0.0272185335389751,0.0242817516337433,0.0139760920603032));
#11475=CARTESIAN_POINT('',(-0.00248598035881277,0.0222205868147487,0.009));
#11476=CARTESIAN_POINT('',(0.0258529359975749,0.0204649699468655,0.00476156594722542));
#11477=CARTESIAN_POINT('',(0.0300913700503496,0.,0.009));
#11478=CARTESIAN_POINT('',(-0.0300913700503496,0.,0.009));
#11479=CARTESIAN_POINT('',(-0.0180677329446027,-0.00563592015477758,-0.00302363710574672));
#11480=CARTESIAN_POINT('',(-0.00668749431073386,0.00727723563343682,0.009));
#11481=CARTESIAN_POINT('',(0.0185050138876392,0.0236771297161198,0.0125164056266683));
#11482=CARTESIAN_POINT('',(-0.00248598035881277,0.0222205868147487,0.009));
#11483=CARTESIAN_POINT('',(-0.0300913700503496,0.,0.009));
#11484=CARTESIAN_POINT('',(-0.0192236604409247,-0.000497361862965782,-0.00186770960942462));
#11485=CARTESIAN_POINT('',(-0.00893749431073387,0.0111743499504668,0.009));
#11486=CARTESIAN_POINT('',(0.00979149423630329,0.0230725077984964,0.011056719193034));
#11487=CARTESIAN_POINT('',(-0.00248598035881277,0.0222205868147487,0.009));
#11488=CARTESIAN_POINT('',(-0.0300913700503496,0.,0.009));
#11489=CARTESIAN_POINT('',(-0.0203795879372472,0.00464119642884534,-0.000711782113102213));
#11490=CARTESIAN_POINT('',(-0.0111874943107339,0.0150714642674968,0.009));
#11491=CARTESIAN_POINT('',(0.00107797458496742,0.0224678858808731,0.00959703275939976));
#11492=CARTESIAN_POINT('',(-0.0024859803588128,0.0222205868147487,0.009));
#11493=CARTESIAN_POINT('',(-0.0300913700503496,0.,0.009));
#11494=CARTESIAN_POINT('',(-0.0215355154335699,0.00977975472065685,0.000444145383220001));
#11495=CARTESIAN_POINT('',(-0.0134374943107339,0.0189685785845267,0.009));
#11496=CARTESIAN_POINT('',(-0.00763554506636831,0.0218632639632496,0.00813734632576523));
#11497=CARTESIAN_POINT('',(-0.00248598035881277,0.0222205868147487,0.009));
#11498=CARTESIAN_POINT('',(-0.0300913700503496,0.,0.009));
#11499=CARTESIAN_POINT('',(-0.022691442929892,0.0149183130124686,0.00160007287954213));
#11500=CARTESIAN_POINT('',(-0.0156874943107339,0.0228656929015567,0.009));
#11501=CARTESIAN_POINT('',(-0.0163490647177045,0.0212586420456266,0.00667765989213159));
#11502=CARTESIAN_POINT('',(-0.00248598035881277,0.0222205868147487,0.009));
#11503=CARTESIAN_POINT('',(-0.0300913700503496,0.,0.009));
#11504=CARTESIAN_POINT('',(-0.0238473704262143,0.02005687130428,0.00275600037586443));
#11505=CARTESIAN_POINT('',(-0.0179374943107339,0.0267628072185867,0.009));
#11506=CARTESIAN_POINT('',(-0.0250625843690398,0.0206540201280028,0.00521797345849607));
#11507=CARTESIAN_POINT('',(-0.00248598035881277,0.0222205868147487,0.009));
#11508=CARTESIAN_POINT('',(0.0113,-0.0305,-0.016));
#11509=CARTESIAN_POINT('',(0.0113,-0.0305,0.0087));
#11510=CARTESIAN_POINT('',(0.01255,-0.0305,0.0087));
#11511=CARTESIAN_POINT('',(0.0113,-0.0305,0.0053));
#11512=CARTESIAN_POINT('',(0.01005,-0.0305,0.0053));
#11513=CARTESIAN_POINT('',(0.000599999999999993,-0.0305,-0.016));
#11514=CARTESIAN_POINT('',(0.000599999999999993,-0.0305,0.0087));
#11515=CARTESIAN_POINT('',(0.00184999999999999,-0.0305,0.0087));
#11516=CARTESIAN_POINT('',(0.000599999999999993,-0.0305,0.0053));
#11517=CARTESIAN_POINT('',(-0.000650000000000007,-0.0305,0.0053));
#11518=CARTESIAN_POINT('',(-0.0101,-0.0305,-0.016));
#11519=CARTESIAN_POINT('',(-0.0101,-0.0305,0.0087));
#11520=CARTESIAN_POINT('',(-0.00885,-0.0305,0.0087));
#11521=CARTESIAN_POINT('',(-0.0101,-0.0305,0.0053));
#11522=CARTESIAN_POINT('',(-0.01135,-0.0305,0.0053));
#11523=CARTESIAN_POINT('',(-0.0208,-0.0305,-0.016));
#11524=CARTESIAN_POINT('',(-0.0208,-0.0305,0.0087));
#11525=CARTESIAN_POINT('',(-0.01955,-0.0305,0.0087));
#11526=CARTESIAN_POINT('',(-0.0208,-0.0305,0.0053));
#11527=CARTESIAN_POINT('',(-0.02205,-0.0305,0.0053));
#11528=CARTESIAN_POINT('',(-0.0348,0.,0.));
#11529=CARTESIAN_POINT('',(-0.026,0.0176,-0.0088));
#11530=CARTESIAN_POINT('',(-0.0348,0.,0.));
#11531=CARTESIAN_POINT('',(0.0113,-0.0305,0.0087));
#11532=CARTESIAN_POINT('',(0.000599999999999993,-0.0305,0.0087));
#11533=CARTESIAN_POINT('',(-0.0101,-0.0305,0.0087));
#11534=CARTESIAN_POINT('',(-0.0208,-0.0305,0.0087));
#11535=CARTESIAN_POINT('',(0.0113,-0.0305,0.0053));
#11536=CARTESIAN_POINT('',(0.000599999999999993,-0.0305,0.0053));
#11537=CARTESIAN_POINT('',(-0.0101,-0.0305,0.0053));
#11538=CARTESIAN_POINT('',(-0.0208,-0.0305,0.0053));
#11539=CARTESIAN_POINT('',(-0.0229258192007593,0.0047,0.0085));
#11540=CARTESIAN_POINT('',(-0.0229258192007593,0.0047,0.0085));
#11541=CARTESIAN_POINT('',(-0.02805,0.0047,0.0085));
#11542=CARTESIAN_POINT('',(-0.0229258192007593,0.0047,0.0085));
#11543=CARTESIAN_POINT('',(-0.0229258192007593,0.0047,0.0085));
#11544=CARTESIAN_POINT('',(-0.02805,0.0047,0.0085));
#11545=CARTESIAN_POINT('',(-0.0229258192007593,0.0047,0.0085));
#11546=CARTESIAN_POINT('',(-0.0229258192007593,0.0047,0.0085));
#11547=CARTESIAN_POINT('',(-0.02805,0.0047,0.0085));
#11548=CARTESIAN_POINT('',(-0.0229258192007593,0.0047,0.0085));
#11549=CARTESIAN_POINT('',(-0.0229258192007593,0.0047,0.0085));
#11550=CARTESIAN_POINT('',(-0.02805,0.0047,0.0085));
#11551=CARTESIAN_POINT('',(-0.02805,0.0047,0.0065));
#11552=CARTESIAN_POINT('',(-0.0229258192007593,0.0047,0.0065));
#11553=CARTESIAN_POINT('',(-0.0229258192007593,0.0047,0.0085));
#11554=CARTESIAN_POINT('',(-0.0229258192007593,0.0047,0.0085));
#11555=CARTESIAN_POINT('',(-0.02805,0.0047,0.0085));
#11556=CARTESIAN_POINT('',(-0.02805,0.0047,0.0065));
#11557=CARTESIAN_POINT('',(-0.0229258192007593,0.0047,0.0065));
#11558=CARTESIAN_POINT('',(-0.0229258192007593,0.0047,0.0085));
#11559=CARTESIAN_POINT('',(-0.0229258192007593,0.0047,0.0085));
#11560=CARTESIAN_POINT('',(-0.02805,0.0047,0.0085));
#11561=CARTESIAN_POINT('',(-0.02805,0.0047,0.0065));
#11562=CARTESIAN_POINT('',(-0.0229258192007593,0.0047,0.0065));
#11563=CARTESIAN_POINT('',(-0.0229258192007593,0.0047,0.0085));
#11564=CARTESIAN_POINT('',(-0.0229258192007593,0.0047,0.0085));
#11565=CARTESIAN_POINT('',(-0.02805,0.0047,0.0085));
#11566=CARTESIAN_POINT('',(-0.02805,0.0047,0.0085));
#11567=CARTESIAN_POINT('',(-0.0229258192007593,0.0047,0.0085));
#11568=CARTESIAN_POINT('',(-0.0229258192007593,0.0047,0.0085));
#11569=CARTESIAN_POINT('',(-0.0229258192007593,0.0047,0.0065));
#11570=CARTESIAN_POINT('',(-0.02805,0.0047,0.0065));
#11571=CARTESIAN_POINT('',(-0.0346,0.0162,0.005002));
#11572=CARTESIAN_POINT('',(-0.0346,0.0162,0.0046));
#11573=CARTESIAN_POINT('',(-0.031,0.0162,0.0046));
#11574=CARTESIAN_POINT('',(-0.0346,0.0162,0.0046));
#11575=CARTESIAN_POINT('',(-0.0346,0.0166,0.005));
#11576=CARTESIAN_POINT('',(-0.035,0.0166,0.0054));
#11577=CARTESIAN_POINT('',(-0.0346,0.0262,0.005002));
#11578=CARTESIAN_POINT('',(-0.035,0.0266,0.0046));
#11579=CARTESIAN_POINT('',(-0.035,0.,0.0054));
#11580=CARTESIAN_POINT('',(-0.0346,0.0258,0.005));
#11581=CARTESIAN_POINT('',(-0.0346,0.0262,0.0046));
#11582=CARTESIAN_POINT('',(-0.0346,0.0262,0.0046));
#11583=CARTESIAN_POINT('',(-0.031,0.0262,0.0046));
#11584=MECHANICAL_DESIGN_GEOMETRIC_PRESENTATION_REPRESENTATION('',(#7235),
#11585);
#11585=(
GEOMETRIC_REPRESENTATION_CONTEXT(3)
GLOBAL_UNCERTAINTY_ASSIGNED_CONTEXT((#11586))
GLOBAL_UNIT_ASSIGNED_CONTEXT((#11589,#11588,#11587))
REPRESENTATION_CONTEXT('Cover_HDMI','TOP_LEVEL_ASSEMBLY_PART')
);
#11586=UNCERTAINTY_MEASURE_WITH_UNIT(LENGTH_MEASURE(2.E-5),#11589,
'DISTANCE_ACCURACY_VALUE','Maximum Tolerance applied to model');
#11587=(
NAMED_UNIT(*)
SI_UNIT($,.STERADIAN.)
SOLID_ANGLE_UNIT()
);
#11588=(
NAMED_UNIT(*)
PLANE_ANGLE_UNIT()
SI_UNIT($,.RADIAN.)
);
#11589=(
LENGTH_UNIT()
NAMED_UNIT(*)
SI_UNIT($,.METRE.)
);
#11590=PRODUCT_DEFINITION_SHAPE('','',#11591);
#11591=PRODUCT_DEFINITION('','',#11593,#11592);
#11592=PRODUCT_DEFINITION_CONTEXT('',#11599,'design');
#11593=PRODUCT_DEFINITION_FORMATION_WITH_SPECIFIED_SOURCE('','',#11595,
 .NOT_KNOWN.);
#11594=PRODUCT_RELATED_PRODUCT_CATEGORY('','',(#11595));
#11595=PRODUCT('Cover_HDMI','Cover_HDMI','Cover_HDMI',(#11597));
#11596=PRODUCT_CATEGORY('','');
#11597=PRODUCT_CONTEXT('',#11599,'mechanical');
#11598=APPLICATION_PROTOCOL_DEFINITION('international standard',
'ap242_managed_model_based_3d_engineering',2020,#11599);
#11599=APPLICATION_CONTEXT('managed model based 3d engineering');
ENDSEC;
END-ISO-10303-21;
