ISO-10303-21;
HEADER;
/* Generated by software containing ST-Developer
 * from STEP Tools, Inc. (www.steptools.com) 
 */
/* OPTION: using custom renumber hook */

FILE_DESCRIPTION(
/* description */ ('STEP AP242 Edition 2',
'CAx-IF Rec.Pracs.---Representation and Presentation of Product Manufa
cturing Information (PMI)---4.0---2014-10-13',
'CAx-IF Rec.Pracs.---3D Tessellated Geometry---0.4---2014-09-14','2;1',
'CAx-IF Rec.Pracs.---User Defined Attributes---1.5---2016-08-15'),
/* implementation_level */ '2;1');

FILE_NAME(
/* name */ 'Part Studio 1',
/* time_stamp */ '2026-09-06T12:23:33Z',
/* author */ (''),
/* organization */ (''),
/* preprocessor_version */ 'ST-DEVELOPER v20',
/* originating_system */ 'ONSHAPE BY PTC INC, 1.220',
/* authorisation */ '  ');

FILE_SCHEMA (('AP242_MANAGED_MODEL_BASED_3D_ENGINEERING_MIM_LF { 1 0 10303 442 3 1 4 }'));
ENDSEC;

DATA;
#10=ELLIPSE('',#3083,0.0926309883354394,0.0655);
#11=SHAPE_REPRESENTATION_RELATIONSHIP('','',#2998,#13);
#12=SHAPE_REPRESENTATION_RELATIONSHIP('','',#2999,#14);
#13=ADVANCED_BREP_SHAPE_REPRESENTATION('',(#2994),#6060);
#14=ADVANCED_BREP_SHAPE_REPRESENTATION('',(#2995),#6061);
#15=SPHERICAL_SURFACE('',#3063,0.002);
#16=SPHERICAL_SURFACE('',#3232,0.002);
#17=B_SPLINE_SURFACE_WITH_KNOTS('',1,3,((#4176,#4177,#4178,#4179,#4180,
#4181,#4182,#4183,#4184,#4185),(#4186,#4187,#4188,#4189,#4190,#4191,#4192,
#4193,#4194,#4195),(#4196,#4197,#4198,#4199,#4200,#4201,#4202,#4203,#4204,
#4205)),.RULED_SURF.,.F.,.F.,.F.,(2,1,2),(4,3,3,4),(-0.00605832313836578,
0.,1.),(-0.000265902794343587,-0.000254985158644543,0.,0.0014881472129014),
 .PIECEWISE_BEZIER_KNOTS.);
#18=B_SPLINE_SURFACE_WITH_KNOTS('',1,3,((#4245,#4246,#4247,#4248,#4249,
#4250,#4251),(#4252,#4253,#4254,#4255,#4256,#4257,#4258),(#4259,#4260,#4261,
#4262,#4263,#4264,#4265)),.RULED_SURF.,.F.,.F.,.F.,(2,1,2),(4,3,4),(-0.00605832313829083,
0.,1.),(0.,0.0014881472129014,0.00174370662212179),
 .PIECEWISE_BEZIER_KNOTS.);
#19=B_SPLINE_SURFACE_WITH_KNOTS('',1,3,((#4278,#4279,#4280,#4281,#4282,
#4283),(#4284,#4285,#4286,#4287,#4288,#4289)),.RULED_SURF.,.F.,.F.,.F.,
(2,2),(4,2,4),(0.,1.),(0.,0.00344931705420307,0.00689863410840614),
 .UNSPECIFIED.);
#20=B_SPLINE_SURFACE_WITH_KNOTS('',1,3,((#4320,#4321,#4322,#4323,#4324,
#4325),(#4326,#4327,#4328,#4329,#4330,#4331)),.RULED_SURF.,.F.,.F.,.F.,
(2,2),(4,2,4),(0.,1.),(0.,0.00354968880280787,0.00709937760561575),
 .UNSPECIFIED.);
#21=B_SPLINE_SURFACE_WITH_KNOTS('',1,3,((#4347,#4348,#4349,#4350,#4351,
#4352),(#4353,#4354,#4355,#4356,#4357,#4358)),.RULED_SURF.,.F.,.F.,.F.,
(2,2),(4,2,4),(0.,1.),(0.,0.00437590545134514,0.00875181090269027),
 .UNSPECIFIED.);
#22=B_SPLINE_SURFACE_WITH_KNOTS('',1,3,((#4368,#4369,#4370,#4371,#4372,
#4373),(#4374,#4375,#4376,#4377,#4378,#4379)),.RULED_SURF.,.F.,.F.,.F.,
(2,2),(4,2,4),(0.,1.),(0.,0.00437584694809254,0.00875169389618509),
 .UNSPECIFIED.);
#23=B_SPLINE_SURFACE_WITH_KNOTS('',1,3,((#4386,#4387,#4388,#4389,#4390,
#4391,#4392,#4393,#4394,#4395,#4396,#4397,#4398,#4399,#4400,#4401,#4402,
#4403),(#4404,#4405,#4406,#4407,#4408,#4409,#4410,#4411,#4412,#4413,#4414,
#4415,#4416,#4417,#4418,#4419,#4420,#4421)),.RULED_SURF.,.F.,.T.,.F.,(2,
2),(2,2,2,2,2,2,2,2,2,2,2),(0.,1.),(-0.00196758934207846,0.000725845022810721,
0.00341927938769991,0.00611271375258909,0.00880614811747827,0.0114995824823674,
0.0141930168472566,0.0168864512121458,0.019579885577035,0.0222733199419242,
0.0249667543068133),.UNSPECIFIED.);
#24=B_SPLINE_SURFACE_WITH_KNOTS('',1,3,((#5194,#5195,#5196,#5197,#5198,
#5199,#5200,#5201,#5202,#5203,#5204,#5205),(#5206,#5207,#5208,#5209,#5210,
#5211,#5212,#5213,#5214,#5215,#5216,#5217),(#5218,#5219,#5220,#5221,#5222,
#5223,#5224,#5225,#5226,#5227,#5228,#5229)),.RULED_SURF.,.F.,.F.,.F.,(2,
1,2),(4,2,2,2,2,4),(-0.196867274666191,0.,1.),(0.0102549410808678,0.0152695215785079,
0.0167916394331081,0.0183137572877082,0.0198358751423084,0.0213579929969085),
 .UNSPECIFIED.);
#25=B_SPLINE_SURFACE_WITH_KNOTS('',1,3,((#5258,#5259,#5260,#5261,#5262,
#5263,#5264,#5265,#5266,#5267),(#5268,#5269,#5270,#5271,#5272,#5273,#5274,
#5275,#5276,#5277),(#5278,#5279,#5280,#5281,#5282,#5283,#5284,#5285,#5286,
#5287)),.RULED_SURF.,.F.,.F.,.F.,(2,1,2),(4,2,2,2,4),(-0.196686355608056,
0.,1.),(0.0099787648651764,0.0130261605527821,0.0160735562403878,0.0191209519279935,
0.0210908324949224),.UNSPECIFIED.);
#26=B_SPLINE_SURFACE_WITH_KNOTS('',1,3,((#5415,#5416,#5417,#5418),(#5419,
#5420,#5421,#5422)),.RULED_SURF.,.F.,.F.,.F.,(2,2),(4,4),(0.,1.),(1.54891422683593,
1.56610181064589),.PIECEWISE_BEZIER_KNOTS.);
#27=B_SPLINE_SURFACE_WITH_KNOTS('',1,3,((#5452,#5453,#5454,#5455),(#5456,
#5457,#5458,#5459)),.RULED_SURF.,.F.,.F.,.F.,(2,2),(4,4),(0.,1.),(4.69049395063549,
4.70769454135174),.PIECEWISE_BEZIER_KNOTS.);
#28=B_SPLINE_SURFACE_WITH_KNOTS('',1,3,((#5476,#5477,#5478,#5479,#5480,
#5481),(#5482,#5483,#5484,#5485,#5486,#5487)),.RULED_SURF.,.F.,.F.,.F.,
(2,2),(4,2,4),(0.,1.),(0.,0.00290915603110094,0.00581831206220188),
 .UNSPECIFIED.);
#29=B_SPLINE_SURFACE_WITH_KNOTS('',1,3,((#5531,#5532,#5533,#5534),(#5535,
#5536,#5537,#5538)),.RULED_SURF.,.F.,.F.,.F.,(2,2),(4,4),(0.,1.),(1.69925675647856,
1.71436531301272),.PIECEWISE_BEZIER_KNOTS.);
#30=B_SPLINE_SURFACE_WITH_KNOTS('',1,3,((#5546,#5547,#5548,#5549),(#5550,
#5551,#5552,#5553)),.RULED_SURF.,.F.,.F.,.F.,(2,2),(4,4),(0.,1.),(4.84084941009062,
4.85595796660239),.PIECEWISE_BEZIER_KNOTS.);
#31=B_SPLINE_SURFACE_WITH_KNOTS('',1,3,((#5587,#5588,#5589,#5590),(#5591,
#5592,#5593,#5594)),.RULED_SURF.,.F.,.F.,.F.,(2,2),(4,4),(0.,1.),(1.5462835978301,
1.55986308276102),.PIECEWISE_BEZIER_KNOTS.);
#32=B_SPLINE_SURFACE_WITH_KNOTS('',1,3,((#5599,#5600,#5601,#5602),(#5603,
#5604,#5605,#5606)),.RULED_SURF.,.F.,.F.,.F.,(2,2),(4,4),(0.,1.),(4.68787593069457,
4.7015095112978),.PIECEWISE_BEZIER_KNOTS.);
#33=B_SPLINE_SURFACE_WITH_KNOTS('',1,3,((#5621,#5622,#5623,#5624),(#5625,
#5626,#5627,#5628)),.RULED_SURF.,.F.,.F.,.F.,(2,2),(4,4),(0.,1.),(1.5462835978301,
1.55986308276102),.PIECEWISE_BEZIER_KNOTS.);
#34=B_SPLINE_SURFACE_WITH_KNOTS('',1,3,((#5636,#5637,#5638,#5639),(#5640,
#5641,#5642,#5643)),.RULED_SURF.,.F.,.F.,.F.,(2,2),(4,4),(0.,1.),(4.68787592880608,
4.70150983078052),.PIECEWISE_BEZIER_KNOTS.);
#35=B_SPLINE_SURFACE_WITH_KNOTS('',1,3,((#5680,#5681,#5682,#5683),(#5684,
#5685,#5686,#5687),(#5688,#5689,#5690,#5691)),.RULED_SURF.,.F.,.F.,.F.,
(2,1,2),(4,4),(-0.00649518091014894,0.,1.),(0.00674913579622014,0.0117733657201231),
 .PIECEWISE_BEZIER_KNOTS.);
#36=B_SPLINE_SURFACE_WITH_KNOTS('',1,3,((#5701,#5702,#5703,#5704),(#5705,
#5706,#5707,#5708)),.RULED_SURF.,.F.,.F.,.F.,(2,2),(4,4),(0.,1.),(4.69049395063549,
4.70769454135174),.PIECEWISE_BEZIER_KNOTS.);
#37=B_SPLINE_SURFACE_WITH_KNOTS('',1,3,((#5718,#5719,#5720,#5721),(#5722,
#5723,#5724,#5725)),.RULED_SURF.,.F.,.F.,.F.,(2,2),(4,4),(0.,1.),(1.54890129704569,
1.56610188776194),.PIECEWISE_BEZIER_KNOTS.);
#38=B_SPLINE_SURFACE_WITH_KNOTS('',1,3,((#5735,#5736,#5737,#5738),(#5739,
#5740,#5741,#5742),(#5743,#5744,#5745,#5746)),.RULED_SURF.,.F.,.F.,.F.,
(2,1,2),(4,4),(-0.00634839297604137,0.,1.),(0.00700803406023349,0.0120308912023401),
 .PIECEWISE_BEZIER_KNOTS.);
#39=B_SPLINE_SURFACE_WITH_KNOTS('',1,3,((#5756,#5757,#5758,#5759),(#5760,
#5761,#5762,#5763)),.RULED_SURF.,.F.,.F.,.F.,(2,2),(4,4),(0.,1.),(1.54768865199233,
1.56580375181284),.PIECEWISE_BEZIER_KNOTS.);
#40=B_SPLINE_SURFACE_WITH_KNOTS('',1,3,((#5768,#5769,#5770,#5771),(#5772,
#5773,#5774,#5775)),.RULED_SURF.,.F.,.F.,.F.,(2,2),(4,4),(0.,1.),(1.54778573261824,
1.56580494954583),.PIECEWISE_BEZIER_KNOTS.);
#41=B_SPLINE_SURFACE_WITH_KNOTS('',1,3,((#5790,#5791,#5792,#5793),(#5794,
#5795,#5796,#5797)),.RULED_SURF.,.F.,.F.,.F.,(2,2),(4,4),(0.,1.),(4.68928250400631,
4.7073981749976),.PIECEWISE_BEZIER_KNOTS.);
#42=B_SPLINE_SURFACE_WITH_KNOTS('',1,3,((#5802,#5803,#5804,#5805),(#5806,
#5807,#5808,#5809)),.RULED_SURF.,.F.,.F.,.F.,(2,2),(4,4),(0.,1.),(4.68937838620803,
4.70739760313562),.PIECEWISE_BEZIER_KNOTS.);
#43=B_SPLINE_SURFACE_WITH_KNOTS('',1,3,((#5815,#5816,#5817,#5818),(#5819,
#5820,#5821,#5822)),.RULED_SURF.,.F.,.F.,.F.,(2,2),(4,4),(0.,1.),(1.840609538182,
1.86185476203086),.PIECEWISE_BEZIER_KNOTS.);
#44=B_SPLINE_SURFACE_WITH_KNOTS('',1,3,((#5831,#5832,#5833,#5834),(#5835,
#5836,#5837,#5838)),.RULED_SURF.,.F.,.F.,.F.,(2,2),(4,4),(0.,1.),(0.00554814229973617,
0.00739134890776918),.PIECEWISE_BEZIER_KNOTS.);
#45=B_SPLINE_SURFACE_WITH_KNOTS('',1,3,((#5843,#5844,#5845,#5846),(#5847,
#5848,#5849,#5850)),.RULED_SURF.,.F.,.F.,.F.,(2,2),(4,4),(0.,1.),(4.98220016365548,
5.00344742771678),.PIECEWISE_BEZIER_KNOTS.);
#46=B_SPLINE_SURFACE_WITH_KNOTS('',1,3,((#5855,#5856,#5857,#5858),(#5859,
#5860,#5861,#5862)),.RULED_SURF.,.F.,.F.,.F.,(2,2),(4,4),(0.,1.),(1.3323516228388,
1.35330901746267),.PIECEWISE_BEZIER_KNOTS.);
#47=B_SPLINE_SURFACE_WITH_KNOTS('',1,3,((#5867,#5868,#5869,#5870),(#5871,
#5872,#5873,#5874)),.RULED_SURF.,.F.,.F.,.F.,(2,2),(4,4),(0.,1.),(0.00532163434659041,
0.00716063454492323),.PIECEWISE_BEZIER_KNOTS.);
#48=B_SPLINE_SURFACE_WITH_KNOTS('',1,3,((#5879,#5880,#5881,#5882),(#5883,
#5884,#5885,#5886)),.RULED_SURF.,.F.,.F.,.F.,(2,2),(4,4),(0.,1.),(4.47394531792355,
4.49490166483768),.PIECEWISE_BEZIER_KNOTS.);
#49=B_SPLINE_SURFACE_WITH_KNOTS('',1,3,((#5911,#5912,#5913,#5914,#5915,
#5916,#5917,#5918,#5919,#5920,#5921,#5922,#5923,#5924,#5925,#5926,#5927,
#5928),(#5929,#5930,#5931,#5932,#5933,#5934,#5935,#5936,#5937,#5938,#5939,
#5940,#5941,#5942,#5943,#5944,#5945,#5946)),.RULED_SURF.,.F.,.T.,.F.,(2,
2),(2,2,2,2,2,2,2,2,2,2,2),(0.,1.),(-0.00197477351534231,0.000743219285927736,
0.00346121208719778,0.00617920488846783,0.00889719768973788,0.0116151904910079,
0.014333183292278,0.017051176093548,0.019769168894818,0.0224871616960881,
0.0252051544973581),.UNSPECIFIED.);
#50=B_SPLINE_SURFACE_WITH_KNOTS('',1,3,((#5948,#5949,#5950,#5951,#5952,
#5953,#5954,#5955,#5956,#5957,#5958,#5959,#5960,#5961,#5962,#5963,#5964,
#5965),(#5966,#5967,#5968,#5969,#5970,#5971,#5972,#5973,#5974,#5975,#5976,
#5977,#5978,#5979,#5980,#5981,#5982,#5983)),.RULED_SURF.,.F.,.T.,.F.,(2,
2),(2,2,2,2,2,2,2,2,2,2,2),(0.,1.),(-0.00117966675197707,0.000434350687298109,
0.00204836812657329,0.00366238556584847,0.00527640300512364,0.00689042044439882,
0.008504437883674,0.0101184553229492,0.0117324727622244,0.0133464902014995,
0.0149605076407747),.UNSPECIFIED.);
#51=B_SPLINE_SURFACE_WITH_KNOTS('',1,3,((#5984,#5985,#5986,#5987,#5988,
#5989,#5990,#5991,#5992,#5993,#5994,#5995,#5996,#5997,#5998,#5999,#6000,
#6001),(#6002,#6003,#6004,#6005,#6006,#6007,#6008,#6009,#6010,#6011,#6012,
#6013,#6014,#6015,#6016,#6017,#6018,#6019)),.RULED_SURF.,.F.,.T.,.F.,(2,
2),(2,2,2,2,2,2,2,2,2,2,2),(0.,1.),(-0.00272013934041177,-2.0600754696079E-6,
0.00271601918947255,0.00543409845441472,0.00815217771935688,0.010870256984299,
0.0135883362492412,0.0163064155141833,0.0190244947791256,0.0217425740440677,
0.0244606533090098),.UNSPECIFIED.);
#52=B_SPLINE_SURFACE_WITH_KNOTS('',1,3,((#6021,#6022,#6023,#6024,#6025,
#6026,#6027,#6028,#6029,#6030,#6031,#6032,#6033,#6034,#6035,#6036,#6037,
#6038),(#6039,#6040,#6041,#6042,#6043,#6044,#6045,#6046,#6047,#6048,#6049,
#6050,#6051,#6052,#6053,#6054,#6055,#6056)),.RULED_SURF.,.F.,.T.,.F.,(2,
2),(2,2,2,2,2,2,2,2,2,2,2),(0.,1.),(-0.0145248197468951,-0.0129107825004476,
-0.0112967452540001,-0.00968270800755257,-0.00806867076110506,-0.00645463351465756,
-0.00484059626821005,-0.00322655902176254,-0.00161252177531504,1.51547113246345E-6,
0.00161555271757997),.UNSPECIFIED.);
#53=CONICAL_SURFACE('',#3033,0.00508457048820343,0.523598775598299);
#54=CONICAL_SURFACE('',#3040,0.006,0.261799387799135);
#55=CONICAL_SURFACE('',#3041,0.0655000000000143,0.785398163397446);
#56=CONICAL_SURFACE('',#3044,0.0655000000000143,0.785608947059301);
#57=CONICAL_SURFACE('',#3050,0.0690275097920673,0.786634224228305);
#58=CONICAL_SURFACE('',#3052,0.0655000000000143,0.785398163397446);
#59=CONICAL_SURFACE('',#3055,0.0690197297312663,0.785492158829606);
#60=CONICAL_SURFACE('',#3059,0.0690197297312663,0.785492158829606);
#61=CONICAL_SURFACE('',#3060,0.00528457048820342,1.04719755119656);
#62=CONICAL_SURFACE('',#3061,0.00149999999999999,0.785398163397461);
#63=CONICAL_SURFACE('',#3062,0.0019,0.785398163397415);
#64=CONICAL_SURFACE('',#3146,0.003,0.785398163397448);
#65=CONICAL_SURFACE('',#3150,0.004,0.785398163397448);
#66=CONICAL_SURFACE('',#3154,0.004,0.785398163397446);
#67=CONICAL_SURFACE('',#3158,0.003,0.785398163397446);
#68=CONICAL_SURFACE('',#3166,0.0591,0.785398163397438);
#69=CONICAL_SURFACE('',#3169,0.0695,0.785457531133321);
#70=CONICAL_SURFACE('',#3172,0.0595,0.785398163397438);
#71=CONICAL_SURFACE('',#3178,0.0691,0.785398163397428);
#72=CONICAL_SURFACE('',#3184,0.0655,0.785398163397429);
#73=CONICAL_SURFACE('',#3185,0.0651,0.785398163397463);
#74=CONICAL_SURFACE('',#3191,0.003,0.392699081698722);
#75=CONICAL_SURFACE('',#3192,0.003,0.392699081698723);
#76=CONICAL_SURFACE('',#3198,0.0655000000000043,0.786149093235539);
#77=CONICAL_SURFACE('',#3199,0.065094099795131,0.786149093235523);
#78=CONICAL_SURFACE('',#3205,0.0056,0.785398163397449);
#79=CONICAL_SURFACE('',#3207,0.003,0.392699081698724);
#80=CONICAL_SURFACE('',#3208,0.003,0.392699081698722);
#81=CONICAL_SURFACE('',#3217,0.0595,0.785398163397438);
#82=CONICAL_SURFACE('',#3219,0.0591,0.785398163397446);
#83=CONICAL_SURFACE('',#3220,0.0555,0.784503048207491);
#84=CONICAL_SURFACE('',#3223,0.0559032863519749,0.784503048207491);
#85=CONICAL_SURFACE('',#3226,0.0019,0.785398163397448);
#86=CONICAL_SURFACE('',#3227,0.0019,0.785398163397449);
#87=CONICAL_SURFACE('',#3230,0.00205,0.785398163397449);
#88=CONICAL_SURFACE('',#3231,0.00165,0.785398163397449);
#89=LINE('',#3912,#275);
#90=LINE('',#3923,#276);
#91=LINE('',#3946,#277);
#92=LINE('',#3951,#278);
#93=LINE('',#3958,#279);
#94=LINE('',#3962,#280);
#95=LINE('',#3970,#281);
#96=LINE('',#3974,#282);
#97=LINE('',#3978,#283);
#98=LINE('',#3981,#284);
#99=LINE('',#3983,#285);
#100=LINE('',#3985,#286);
#101=LINE('',#3999,#287);
#102=LINE('',#4004,#288);
#103=LINE('',#4014,#289);
#104=LINE('',#4018,#290);
#105=LINE('',#4021,#291);
#106=LINE('',#4023,#292);
#107=LINE('',#4025,#293);
#108=LINE('',#4027,#294);
#109=LINE('',#4032,#295);
#110=LINE('',#4099,#296);
#111=LINE('',#4100,#297);
#112=LINE('',#4224,#298);
#113=LINE('',#4225,#299);
#114=LINE('',#4237,#300);
#115=LINE('',#4239,#301);
#116=LINE('',#4271,#302);
#117=LINE('',#4277,#303);
#118=LINE('',#4300,#304);
#119=LINE('',#4302,#305);
#120=LINE('',#4309,#306);
#121=LINE('',#4337,#307);
#122=LINE('',#4344,#308);
#123=LINE('',#4346,#309);
#124=LINE('',#4440,#310);
#125=LINE('',#4454,#311);
#126=LINE('',#4526,#312);
#127=LINE('',#4529,#313);
#128=LINE('',#4531,#314);
#129=LINE('',#4533,#315);
#130=LINE('',#4537,#316);
#131=LINE('',#4541,#317);
#132=LINE('',#4543,#318);
#133=LINE('',#4547,#319);
#134=LINE('',#4549,#320);
#135=LINE('',#4600,#321);
#136=LINE('',#4670,#322);
#137=LINE('',#4680,#323);
#138=LINE('',#4704,#324);
#139=LINE('',#4713,#325);
#140=LINE('',#4722,#326);
#141=LINE('',#4732,#327);
#142=LINE('',#4735,#328);
#143=LINE('',#4737,#329);
#144=LINE('',#4739,#330);
#145=LINE('',#4743,#331);
#146=LINE('',#4747,#332);
#147=LINE('',#4749,#333);
#148=LINE('',#4751,#334);
#149=LINE('',#4761,#335);
#150=LINE('',#4775,#336);
#151=LINE('',#4782,#337);
#152=LINE('',#4785,#338);
#153=LINE('',#4787,#339);
#154=LINE('',#4789,#340);
#155=LINE('',#4793,#341);
#156=LINE('',#4797,#342);
#157=LINE('',#4799,#343);
#158=LINE('',#4801,#344);
#159=LINE('',#4803,#345);
#160=LINE('',#4806,#346);
#161=LINE('',#4808,#347);
#162=LINE('',#4810,#348);
#163=LINE('',#4812,#349);
#164=LINE('',#4815,#350);
#165=LINE('',#4817,#351);
#166=LINE('',#4819,#352);
#167=LINE('',#4821,#353);
#168=LINE('',#4824,#354);
#169=LINE('',#4826,#355);
#170=LINE('',#4828,#356);
#171=LINE('',#4830,#357);
#172=LINE('',#4832,#358);
#173=LINE('',#4834,#359);
#174=LINE('',#4839,#360);
#175=LINE('',#4843,#361);
#176=LINE('',#4852,#362);
#177=LINE('',#4854,#363);
#178=LINE('',#4858,#364);
#179=LINE('',#4862,#365);
#180=LINE('',#4878,#366);
#181=LINE('',#4880,#367);
#182=LINE('',#4882,#368);
#183=LINE('',#4886,#369);
#184=LINE('',#4891,#370);
#185=LINE('',#4895,#371);
#186=LINE('',#4897,#372);
#187=LINE('',#4899,#373);
#188=LINE('',#4915,#374);
#189=LINE('',#4919,#375);
#190=LINE('',#4923,#376);
#191=LINE('',#4925,#377);
#192=LINE('',#4929,#378);
#193=LINE('',#4938,#379);
#194=LINE('',#4942,#380);
#195=LINE('',#4944,#381);
#196=LINE('',#4946,#382);
#197=LINE('',#4955,#383);
#198=LINE('',#4959,#384);
#199=LINE('',#4963,#385);
#200=LINE('',#4967,#386);
#201=LINE('',#5051,#387);
#202=LINE('',#5059,#388);
#203=LINE('',#5061,#389);
#204=LINE('',#5063,#390);
#205=LINE('',#5070,#391);
#206=LINE('',#5072,#392);
#207=LINE('',#5091,#393);
#208=LINE('',#5108,#394);
#209=LINE('',#5125,#395);
#210=LINE('',#5127,#396);
#211=LINE('',#5303,#397);
#212=LINE('',#5305,#398);
#213=LINE('',#5312,#399);
#214=LINE('',#5316,#400);
#215=LINE('',#5318,#401);
#216=LINE('',#5325,#402);
#217=LINE('',#5327,#403);
#218=LINE('',#5331,#404);
#219=LINE('',#5333,#405);
#220=LINE('',#5335,#406);
#221=LINE('',#5342,#407);
#222=LINE('',#5344,#408);
#223=LINE('',#5348,#409);
#224=LINE('',#5350,#410);
#225=LINE('',#5357,#411);
#226=LINE('',#5364,#412);
#227=LINE('',#5366,#413);
#228=LINE('',#5375,#414);
#229=LINE('',#5413,#415);
#230=LINE('',#5414,#416);
#231=LINE('',#5442,#417);
#232=LINE('',#5465,#418);
#233=LINE('',#5466,#419);
#234=LINE('',#5468,#420);
#235=LINE('',#5475,#421);
#236=LINE('',#5498,#422);
#237=LINE('',#5500,#423);
#238=LINE('',#5502,#424);
#239=LINE('',#5509,#425);
#240=LINE('',#5511,#426);
#241=LINE('',#5513,#427);
#242=LINE('',#5515,#428);
#243=LINE('',#5544,#429);
#244=LINE('',#5545,#430);
#245=LINE('',#5559,#431);
#246=LINE('',#5561,#432);
#247=LINE('',#5563,#433);
#248=LINE('',#5565,#434);
#249=LINE('',#5567,#435);
#250=LINE('',#5569,#436);
#251=LINE('',#5571,#437);
#252=LINE('',#5573,#438);
#253=LINE('',#5574,#439);
#254=LINE('',#5576,#440);
#255=LINE('',#5634,#441);
#256=LINE('',#5635,#442);
#257=LINE('',#5649,#443);
#258=LINE('',#5651,#444);
#259=LINE('',#5653,#445);
#260=LINE('',#5655,#446);
#261=LINE('',#5657,#447);
#262=LINE('',#5658,#448);
#263=LINE('',#5660,#449);
#264=LINE('',#5662,#450);
#265=LINE('',#5664,#451);
#266=LINE('',#5666,#452);
#267=LINE('',#5668,#453);
#268=LINE('',#5670,#454);
#269=LINE('',#5672,#455);
#270=LINE('',#5674,#456);
#271=LINE('',#5676,#457);
#272=LINE('',#5678,#458);
#273=LINE('',#5892,#459);
#274=LINE('',#5909,#460);
#275=VECTOR('',#3243,1.);
#276=VECTOR('',#3246,1.);
#277=VECTOR('',#3259,1.);
#278=VECTOR('',#3262,1.);
#279=VECTOR('',#3263,1.);
#280=VECTOR('',#3268,1.);
#281=VECTOR('',#3269,1.);
#282=VECTOR('',#3272,1.);
#283=VECTOR('',#3277,1.);
#284=VECTOR('',#3278,1.);
#285=VECTOR('',#3279,1.);
#286=VECTOR('',#3280,1.);
#287=VECTOR('',#3283,1.);
#288=VECTOR('',#3286,1.);
#289=VECTOR('',#3289,1.);
#290=VECTOR('',#3294,1.);
#291=VECTOR('',#3295,1.);
#292=VECTOR('',#3296,1.);
#293=VECTOR('',#3297,1.);
#294=VECTOR('',#3300,1.);
#295=VECTOR('',#3303,1.);
#296=VECTOR('',#3320,1.);
#297=VECTOR('',#3321,1.);
#298=VECTOR('',#3336,1.);
#299=VECTOR('',#3337,1.);
#300=VECTOR('',#3344,1.);
#301=VECTOR('',#3347,1.);
#302=VECTOR('',#3352,1.);
#303=VECTOR('',#3355,1.);
#304=VECTOR('',#3360,1.);
#305=VECTOR('',#3363,1.);
#306=VECTOR('',#3368,1.);
#307=VECTOR('',#3375,1.);
#308=VECTOR('',#3380,1.);
#309=VECTOR('',#3383,1.);
#310=VECTOR('',#3402,1.);
#311=VECTOR('',#3405,1.);
#312=VECTOR('',#3408,1.);
#313=VECTOR('',#3409,1.);
#314=VECTOR('',#3410,1.);
#315=VECTOR('',#3411,1.);
#316=VECTOR('',#3414,1.);
#317=VECTOR('',#3417,1.);
#318=VECTOR('',#3418,1.);
#319=VECTOR('',#3421,1.);
#320=VECTOR('',#3422,1.);
#321=VECTOR('',#3429,1.);
#322=VECTOR('',#3440,1.);
#323=VECTOR('',#3443,1.);
#324=VECTOR('',#3450,1.);
#325=VECTOR('',#3453,1.);
#326=VECTOR('',#3456,1.);
#327=VECTOR('',#3461,1.);
#328=VECTOR('',#3462,1.);
#329=VECTOR('',#3463,1.);
#330=VECTOR('',#3464,1.);
#331=VECTOR('',#3469,1.);
#332=VECTOR('',#3474,1.);
#333=VECTOR('',#3475,1.);
#334=VECTOR('',#3476,1.);
#335=VECTOR('',#3481,1.);
#336=VECTOR('',#3484,1.);
#337=VECTOR('',#3487,1.);
#338=VECTOR('',#3488,1.);
#339=VECTOR('',#3489,1.);
#340=VECTOR('',#3490,1.);
#341=VECTOR('',#3495,1.);
#342=VECTOR('',#3500,1.);
#343=VECTOR('',#3501,1.);
#344=VECTOR('',#3502,1.);
#345=VECTOR('',#3505,1.);
#346=VECTOR('',#3506,1.);
#347=VECTOR('',#3507,1.);
#348=VECTOR('',#3508,1.);
#349=VECTOR('',#3511,1.);
#350=VECTOR('',#3512,1.);
#351=VECTOR('',#3513,1.);
#352=VECTOR('',#3514,1.);
#353=VECTOR('',#3517,1.);
#354=VECTOR('',#3518,1.);
#355=VECTOR('',#3519,1.);
#356=VECTOR('',#3520,1.);
#357=VECTOR('',#3521,1.);
#358=VECTOR('',#3522,1.);
#359=VECTOR('',#3525,1.);
#360=VECTOR('',#3528,1.);
#361=VECTOR('',#3531,1.);
#362=VECTOR('',#3534,1.);
#363=VECTOR('',#3535,1.);
#364=VECTOR('',#3538,1.);
#365=VECTOR('',#3541,1.);
#366=VECTOR('',#3544,1.);
#367=VECTOR('',#3545,1.);
#368=VECTOR('',#3546,1.);
#369=VECTOR('',#3551,1.);
#370=VECTOR('',#3554,1.);
#371=VECTOR('',#3557,1.);
#372=VECTOR('',#3558,1.);
#373=VECTOR('',#3559,1.);
#374=VECTOR('',#3562,1.);
#375=VECTOR('',#3565,1.);
#376=VECTOR('',#3568,1.);
#377=VECTOR('',#3569,1.);
#378=VECTOR('',#3572,1.);
#379=VECTOR('',#3575,1.);
#380=VECTOR('',#3580,1.);
#381=VECTOR('',#3581,1.);
#382=VECTOR('',#3582,1.);
#383=VECTOR('',#3585,1.);
#384=VECTOR('',#3588,1.);
#385=VECTOR('',#3593,1.);
#386=VECTOR('',#3596,1.);
#387=VECTOR('',#3617,1.);
#388=VECTOR('',#3618,1.);
#389=VECTOR('',#3619,1.);
#390=VECTOR('',#3622,1.);
#391=VECTOR('',#3623,1.);
#392=VECTOR('',#3626,1.);
#393=VECTOR('',#3631,1.);
#394=VECTOR('',#3632,1.);
#395=VECTOR('',#3635,1.);
#396=VECTOR('',#3636,1.);
#397=VECTOR('',#3647,1.);
#398=VECTOR('',#3648,1.);
#399=VECTOR('',#3651,1.);
#400=VECTOR('',#3656,1.);
#401=VECTOR('',#3657,1.);
#402=VECTOR('',#3660,1.);
#403=VECTOR('',#3661,1.);
#404=VECTOR('',#3666,1.);
#405=VECTOR('',#3669,1.);
#406=VECTOR('',#3670,1.);
#407=VECTOR('',#3673,1.);
#408=VECTOR('',#3674,1.);
#409=VECTOR('',#3679,1.);
#410=VECTOR('',#3682,1.);
#411=VECTOR('',#3685,1.);
#412=VECTOR('',#3686,1.);
#413=VECTOR('',#3689,1.);
#414=VECTOR('',#3694,1.);
#415=VECTOR('',#3705,1.);
#416=VECTOR('',#3706,1.);
#417=VECTOR('',#3713,1.);
#418=VECTOR('',#3718,1.);
#419=VECTOR('',#3719,1.);
#420=VECTOR('',#3722,1.);
#421=VECTOR('',#3727,1.);
#422=VECTOR('',#3732,1.);
#423=VECTOR('',#3735,1.);
#424=VECTOR('',#3738,1.);
#425=VECTOR('',#3743,1.);
#426=VECTOR('',#3746,1.);
#427=VECTOR('',#3749,1.);
#428=VECTOR('',#3752,1.);
#429=VECTOR('',#3761,1.);
#430=VECTOR('',#3762,1.);
#431=VECTOR('',#3765,1.);
#432=VECTOR('',#3768,1.);
#433=VECTOR('',#3771,1.);
#434=VECTOR('',#3774,1.);
#435=VECTOR('',#3777,1.);
#436=VECTOR('',#3780,1.);
#437=VECTOR('',#3783,1.);
#438=VECTOR('',#3786,1.);
#439=VECTOR('',#3787,1.);
#440=VECTOR('',#3790,1.);
#441=VECTOR('',#3801,1.);
#442=VECTOR('',#3802,1.);
#443=VECTOR('',#3805,1.);
#444=VECTOR('',#3808,1.);
#445=VECTOR('',#3811,1.);
#446=VECTOR('',#3814,1.);
#447=VECTOR('',#3817,1.);
#448=VECTOR('',#3818,1.);
#449=VECTOR('',#3821,1.);
#450=VECTOR('',#3824,1.);
#451=VECTOR('',#3827,1.);
#452=VECTOR('',#3830,1.);
#453=VECTOR('',#3833,1.);
#454=VECTOR('',#3836,1.);
#455=VECTOR('',#3839,1.);
#456=VECTOR('',#3842,1.);
#457=VECTOR('',#3845,1.);
#458=VECTOR('',#3848,1.);
#459=VECTOR('',#3867,1.);
#460=VECTOR('',#3876,1.);
#461=B_SPLINE_CURVE_WITH_KNOTS('',3,(#3892,#3893,#3894,#3895,#3896,#3897,
#3898,#3899,#3900,#3901,#3902,#3903,#3904,#3905,#3906,#3907,#3908,#3909,
#3910),.UNSPECIFIED.,.T.,.F.,(1,1,1,1,1,1,1,1,1,1,1,1,1,1,1,1,1,1,1,1,1,
1,1),(-0.190789473684211,-0.128289473684211,-0.0657894736842105,0.,0.059375,
0.12171875,0.1842109375,0.246710546875,0.30921052734375,0.371710526367187,
0.434210526318359,0.496710526315918,0.559210526315796,0.62171052631579,
0.684210526315789,0.746710526315789,0.809210526315789,0.871710526315789,
0.934210526315789,1.,1.059375,1.12171875,1.1842109375),.UNSPECIFIED.);
#462=B_SPLINE_CURVE_WITH_KNOTS('',3,(#3915,#3916,#3917,#3918,#3919),
 .UNSPECIFIED.,.F.,.F.,(4,1,4),(0.,0.5,1.),.UNSPECIFIED.);
#463=B_SPLINE_CURVE_WITH_KNOTS('',3,(#3927,#3928,#3929,#3930,#3931),
 .UNSPECIFIED.,.F.,.F.,(4,1,4),(0.,0.5,1.),.UNSPECIFIED.);
#464=B_SPLINE_CURVE_WITH_KNOTS('',3,(#3933,#3934,#3935,#3936,#3937),
 .UNSPECIFIED.,.F.,.F.,(4,1,4),(0.,0.5,1.),.UNSPECIFIED.);
#465=B_SPLINE_CURVE_WITH_KNOTS('',3,(#3953,#3954,#3955,#3956),
 .UNSPECIFIED.,.F.,.F.,(4,4),(0.,1.),.UNSPECIFIED.);
#466=B_SPLINE_CURVE_WITH_KNOTS('',3,(#3965,#3966,#3967,#3968),
 .UNSPECIFIED.,.F.,.F.,(4,4),(0.,1.),.UNSPECIFIED.);
#467=B_SPLINE_CURVE_WITH_KNOTS('',3,(#3987,#3988,#3989,#3990,#3991,#3992,
#3993,#3994,#3995,#3996,#3997),.UNSPECIFIED.,.T.,.F.,(1,1,1,1,1,1,1,1,1,
1,1,1,1,1,1),(-0.00376895310719496,-0.00251263540479664,-0.00125631770239832,
0.,0.00125631770239832,0.00251263540479664,0.00376895310719497,0.00502527080959329,
0.00628158851199161,0.00753790621438993,0.00879422391678825,0.0100505416191866,
0.0113068593215849,0.0125631770239832,0.0138194947263815),.UNSPECIFIED.);
#468=B_SPLINE_CURVE_WITH_KNOTS('',3,(#4008,#4009,#4010,#4011,#4012),
 .UNSPECIFIED.,.F.,.F.,(4,1,4),(0.,0.5,1.),.UNSPECIFIED.);
#469=B_SPLINE_CURVE_WITH_KNOTS('',3,(#4036,#4037,#4038,#4039,#4040,#4041,
#4042,#4043,#4044,#4045,#4046),.UNSPECIFIED.,.F.,.F.,(4,1,1,1,1,1,1,1,4),
(0.,0.25,0.375,0.4375,0.5,0.5625,0.625,0.75,1.),.UNSPECIFIED.);
#470=B_SPLINE_CURVE_WITH_KNOTS('',3,(#4047,#4048,#4049,#4050,#4051,#4052,
#4053,#4054,#4055,#4056,#4057),.UNSPECIFIED.,.F.,.F.,(4,1,1,1,1,1,1,1,4),
(0.,0.25,0.375,0.4375,0.5,0.5625,0.625,0.75,1.),.UNSPECIFIED.);
#471=B_SPLINE_CURVE_WITH_KNOTS('',3,(#4059,#4060,#4061,#4062,#4063,#4064,
#4065,#4066,#4067,#4068,#4069,#4070,#4071,#4072,#4073,#4074,#4075,#4076,
#4077,#4078,#4079,#4080,#4081,#4082,#4083,#4084,#4085,#4086,#4087,#4088),
 .UNSPECIFIED.,.T.,.F.,(1,1,1,1,1,1,1,1,1,1,1,1,1,1,1,1,1,1,1,1,1,1,1,1,
1,1,1,1,1,1,1,1,1,1),(-0.192356280351685,-0.131414883843018,-0.0657074419215089,
0.,0.059375,0.0890625,0.11875,0.149921875,0.18109375,0.212265625,0.2434375,
0.25983984375,0.2762421875,0.309046875,0.37170234375,0.43264373046875,0.4935851171875,
0.556007186523438,0.587218221191406,0.618429255859375,0.626631406726074,
0.634833557592773,0.651237859326172,0.66764216105957,0.684046462792969,
0.715374392966309,0.746702323139648,0.807643719648315,0.868585116156982,
0.934292558078491,1.,1.059375,1.0890625,1.11875),.UNSPECIFIED.);
#472=B_SPLINE_CURVE_WITH_KNOTS('',3,(#4104,#4105,#4106,#4107),
 .UNSPECIFIED.,.F.,.F.,(4,4),(0.,1.),.UNSPECIFIED.);
#473=B_SPLINE_CURVE_WITH_KNOTS('',3,(#4109,#4110,#4111,#4112),
 .UNSPECIFIED.,.F.,.F.,(4,4),(0.,0.0014881472129014),
 .PIECEWISE_BEZIER_KNOTS.);
#474=B_SPLINE_CURVE_WITH_KNOTS('',3,(#4114,#4115,#4116,#4117),
 .UNSPECIFIED.,.F.,.F.,(4,4),(0.,1.),.UNSPECIFIED.);
#475=B_SPLINE_CURVE_WITH_KNOTS('',3,(#4121,#4122,#4123,#4124),
 .UNSPECIFIED.,.F.,.F.,(4,4),(0.,1.),.UNSPECIFIED.);
#476=B_SPLINE_CURVE_WITH_KNOTS('',3,(#4126,#4127,#4128,#4129),
 .UNSPECIFIED.,.F.,.F.,(4,4),(0.,0.0014881472129014),
 .PIECEWISE_BEZIER_KNOTS.);
#477=B_SPLINE_CURVE_WITH_KNOTS('',3,(#4131,#4132,#4133,#4134),
 .UNSPECIFIED.,.F.,.F.,(4,4),(0.,1.),.UNSPECIFIED.);
#478=B_SPLINE_CURVE_WITH_KNOTS('',3,(#4136,#4137,#4138,#4139,#4140,#4141,
#4142,#4143,#4144,#4145,#4146,#4147,#4148,#4149,#4150,#4151,#4152,#4153,
#4154),.UNSPECIFIED.,.F.,.F.,(4,1,1,1,1,1,1,1,1,1,1,1,1,1,1,1,4),(0.,0.0625,
0.125,0.1875,0.21875,0.25,0.28125,0.3125,0.375,0.4375,0.46875,0.5,0.53125,
0.5625,0.625,0.75,1.),.UNSPECIFIED.);
#479=B_SPLINE_CURVE_WITH_KNOTS('',3,(#4156,#4157,#4158,#4159,#4160,#4161,
#4162,#4163,#4164,#4165,#4166,#4167,#4168,#4169,#4170,#4171,#4172,#4173,
#4174),.UNSPECIFIED.,.F.,.F.,(4,1,1,1,1,1,1,1,1,1,1,1,1,1,1,1,4),(0.,0.25,
0.375,0.4375,0.46875,0.5,0.53125,0.5625,0.625,0.6875,0.71875,0.75,0.78125,
0.8125,0.875,0.9375,1.),.UNSPECIFIED.);
#480=B_SPLINE_CURVE_WITH_KNOTS('',3,(#4206,#4207,#4208,#4209),
 .UNSPECIFIED.,.F.,.F.,(4,4),(0.,1.),.UNSPECIFIED.);
#481=B_SPLINE_CURVE_WITH_KNOTS('',3,(#4210,#4211,#4212,#4213),
 .UNSPECIFIED.,.F.,.F.,(4,4),(0.,1.),.UNSPECIFIED.);
#482=B_SPLINE_CURVE_WITH_KNOTS('',3,(#4215,#4216,#4217,#4218),
 .UNSPECIFIED.,.F.,.F.,(4,4),(0.,0.000566085044700804),.UNSPECIFIED.);
#483=B_SPLINE_CURVE_WITH_KNOTS('',3,(#4220,#4221,#4222,#4223),
 .UNSPECIFIED.,.F.,.F.,(4,4),(0.,0.000492986260375051),.UNSPECIFIED.);
#484=B_SPLINE_CURVE_WITH_KNOTS('',3,(#4227,#4228,#4229,#4230),
 .UNSPECIFIED.,.F.,.F.,(4,4),(0.,1.),.UNSPECIFIED.);
#485=B_SPLINE_CURVE_WITH_KNOTS('',3,(#4232,#4233,#4234,#4235),
 .UNSPECIFIED.,.F.,.F.,(4,4),(0.,0.000584024390545934),.UNSPECIFIED.);
#486=B_SPLINE_CURVE_WITH_KNOTS('',3,(#4241,#4242,#4243,#4244),
 .UNSPECIFIED.,.F.,.F.,(4,4),(0.,1.),.UNSPECIFIED.);
#487=B_SPLINE_CURVE_WITH_KNOTS('',3,(#4266,#4267,#4268,#4269),
 .UNSPECIFIED.,.F.,.F.,(4,4),(0.,1.),.UNSPECIFIED.);
#488=B_SPLINE_CURVE_WITH_KNOTS('',3,(#4273,#4274,#4275,#4276),
 .UNSPECIFIED.,.F.,.F.,(4,4),(0.,0.000678523976068496),.UNSPECIFIED.);
#489=B_SPLINE_CURVE_WITH_KNOTS('',3,(#4290,#4291,#4292,#4293),
 .UNSPECIFIED.,.F.,.F.,(4,4),(0.,1.),.UNSPECIFIED.);
#490=B_SPLINE_CURVE_WITH_KNOTS('',3,(#4295,#4296,#4297,#4298),
 .UNSPECIFIED.,.F.,.F.,(4,4),(0.,0.00056608504470083),.UNSPECIFIED.);
#491=B_SPLINE_CURVE_WITH_KNOTS('',3,(#4304,#4305,#4306,#4307),
 .UNSPECIFIED.,.F.,.F.,(4,4),(0.,1.),.UNSPECIFIED.);
#492=B_SPLINE_CURVE_WITH_KNOTS('',3,(#4311,#4312,#4313,#4314),
 .UNSPECIFIED.,.F.,.F.,(4,4),(0.,0.000571142567654148),.UNSPECIFIED.);
#493=B_SPLINE_CURVE_WITH_KNOTS('',3,(#4316,#4317,#4318,#4319),
 .UNSPECIFIED.,.F.,.F.,(4,4),(0.,0.000690511325291203),.UNSPECIFIED.);
#494=B_SPLINE_CURVE_WITH_KNOTS('',3,(#4332,#4333,#4334,#4335),
 .UNSPECIFIED.,.F.,.F.,(4,4),(0.,1.),.UNSPECIFIED.);
#495=B_SPLINE_CURVE_WITH_KNOTS('',3,(#4339,#4340,#4341,#4342),
 .UNSPECIFIED.,.F.,.F.,(4,4),(0.,1.),.UNSPECIFIED.);
#496=B_SPLINE_CURVE_WITH_KNOTS('',3,(#4359,#4360,#4361,#4362),
 .UNSPECIFIED.,.F.,.F.,(4,4),(0.,1.),.UNSPECIFIED.);
#497=B_SPLINE_CURVE_WITH_KNOTS('',3,(#4364,#4365,#4366,#4367),
 .UNSPECIFIED.,.F.,.F.,(4,4),(0.,0.000683260822699479),.UNSPECIFIED.);
#498=B_SPLINE_CURVE_WITH_KNOTS('',3,(#4380,#4381,#4382,#4383),
 .UNSPECIFIED.,.F.,.F.,(4,4),(0.,1.),.UNSPECIFIED.);
#499=B_SPLINE_CURVE_WITH_KNOTS('',3,(#4427,#4428,#4429,#4430),
 .UNSPECIFIED.,.F.,.F.,(4,4),(0.,1.),.UNSPECIFIED.);
#500=B_SPLINE_CURVE_WITH_KNOTS('',3,(#4435,#4436,#4437,#4438),
 .UNSPECIFIED.,.F.,.F.,(4,4),(0.,1.),.UNSPECIFIED.);
#501=B_SPLINE_CURVE_WITH_KNOTS('',3,(#4442,#4443,#4444,#4445),
 .UNSPECIFIED.,.F.,.F.,(4,4),(0.,1.),.UNSPECIFIED.);
#502=B_SPLINE_CURVE_WITH_KNOTS('',3,(#4449,#4450,#4451,#4452),
 .UNSPECIFIED.,.F.,.F.,(4,4),(0.,1.),.UNSPECIFIED.);
#503=B_SPLINE_CURVE_WITH_KNOTS('',3,(#4455,#4456,#4457,#4458),
 .UNSPECIFIED.,.F.,.F.,(4,4),(0.,1.),.UNSPECIFIED.);
#504=B_SPLINE_CURVE_WITH_KNOTS('',3,(#4461,#4462,#4463,#4464),
 .UNSPECIFIED.,.F.,.F.,(4,4),(0.,1.),.UNSPECIFIED.);
#505=B_SPLINE_CURVE_WITH_KNOTS('',3,(#4466,#4467,#4468,#4469),
 .UNSPECIFIED.,.F.,.F.,(4,4),(0.,1.),.UNSPECIFIED.);
#506=B_SPLINE_CURVE_WITH_KNOTS('',3,(#4471,#4472,#4473,#4474),
 .UNSPECIFIED.,.F.,.F.,(4,4),(0.,1.),.UNSPECIFIED.);
#507=B_SPLINE_CURVE_WITH_KNOTS('',3,(#4476,#4477,#4478,#4479),
 .UNSPECIFIED.,.F.,.F.,(4,4),(0.,1.),.UNSPECIFIED.);
#508=B_SPLINE_CURVE_WITH_KNOTS('',3,(#4481,#4482,#4483,#4484),
 .UNSPECIFIED.,.F.,.F.,(4,4),(0.,1.),.UNSPECIFIED.);
#509=B_SPLINE_CURVE_WITH_KNOTS('',3,(#4485,#4486,#4487,#4488,#4489,#4490,
#4491,#4492,#4493,#4494,#4495,#4496,#4497,#4498,#4499,#4500,#4501,#4502,
#4503),.UNSPECIFIED.,.T.,.F.,(1,1,1,1,1,1,1,1,1,1,1,1,1,1,1,1,1,1,1,1,1,
1,1),(-0.190789473684211,-0.128289473684211,-0.0657894736842105,0.,0.059375,
0.12171875,0.1842109375,0.246710546875,0.30921052734375,0.371710526367187,
0.434210526318359,0.496710526315918,0.559210526315796,0.62171052631579,
0.684210526315789,0.746710526315789,0.809210526315789,0.871710526315789,
0.934210526315789,1.,1.059375,1.12171875,1.1842109375),.UNSPECIFIED.);
#510=B_SPLINE_CURVE_WITH_KNOTS('',3,(#4505,#4506,#4507,#4508,#4509,#4510,
#4511,#4512,#4513,#4514,#4515,#4516,#4517,#4518,#4519,#4520,#4521,#4522,
#4523),.UNSPECIFIED.,.T.,.F.,(1,1,1,1,1,1,1,1,1,1,1,1,1,1,1,1,1,1,1,1,1,
1,1),(-0.190789473684211,-0.128289473684211,-0.0657894736842105,0.,0.059375,
0.12171875,0.1842109375,0.246710546875,0.30921052734375,0.371710526367187,
0.434210526318359,0.496710526315918,0.559210526315796,0.62171052631579,
0.684210526315789,0.746710526315789,0.809210526315789,0.871710526315789,
0.934210526315789,1.,1.059375,1.12171875,1.1842109375),.UNSPECIFIED.);
#511=B_SPLINE_CURVE_WITH_KNOTS('',3,(#4551,#4552,#4553,#4554,#4555,#4556,
#4557,#4558,#4559,#4560,#4561,#4562,#4563,#4564,#4565,#4566,#4567,#4568,
#4569),.UNSPECIFIED.,.T.,.F.,(1,1,1,1,1,1,1,1,1,1,1,1,1,1,1,1,1,1,1,1,1,
1,1),(-0.190789473684211,-0.128289473684211,-0.0657894736842105,0.,0.059375,
0.12171875,0.1842109375,0.246710546875,0.30921052734375,0.371710526367187,
0.434210526318359,0.496710526315918,0.559210526315796,0.62171052631579,
0.684210526315789,0.746710526315789,0.809210526315789,0.871710526315789,
0.934210526315789,1.,1.059375,1.12171875,1.1842109375),.UNSPECIFIED.);
#512=B_SPLINE_CURVE_WITH_KNOTS('',3,(#4571,#4572,#4573,#4574),
 .UNSPECIFIED.,.F.,.F.,(4,4),(0.,1.),.UNSPECIFIED.);
#513=B_SPLINE_CURVE_WITH_KNOTS('',3,(#4579,#4580,#4581,#4582,#4583,#4584,
#4585),.UNSPECIFIED.,.F.,.F.,(4,1,1,1,4),(0.0941910877809748,0.320643315835731,
0.547095543890487,0.773547771945244,1.),.UNSPECIFIED.);
#514=B_SPLINE_CURVE_WITH_KNOTS('',3,(#4587,#4588,#4589,#4590,#4591),
 .UNSPECIFIED.,.F.,.F.,(4,1,4),(0.,0.452773240888406,0.905546481776813),
 .UNSPECIFIED.);
#515=B_SPLINE_CURVE_WITH_KNOTS('',3,(#4595,#4596,#4597,#4598),
 .UNSPECIFIED.,.F.,.F.,(4,4),(0.,1.),.UNSPECIFIED.);
#516=B_SPLINE_CURVE_WITH_KNOTS('',3,(#4604,#4605,#4606,#4607,#4608,#4609,
#4610,#4611,#4612,#4613,#4614,#4615,#4616,#4617,#4618,#4619,#4620,#4621,
#4622,#4623),.UNSPECIFIED.,.T.,.F.,(1,1,1,1,1,1,1,1,1,1,1,1,1,1,1,1,1,1,
1,1,1,1,1,1),(-0.131578947363281,-0.098684210522461,-0.0657894736816407,
0.,0.059375,0.11875,0.18109375,0.2434375,0.3059296875,0.368421875,0.430921484375,
0.49342109375,0.55592107421875,0.6184210546875,0.680921053710937,0.743421052734375,
0.805921052685547,0.868421052636719,0.901315789477539,0.934210526318359,
1.,1.059375,1.11875,1.18109375),.UNSPECIFIED.);
#517=B_SPLINE_CURVE_WITH_KNOTS('',3,(#4628,#4629,#4630,#4631,#4632,#4633,
#4634,#4635,#4636,#4637,#4638,#4639,#4640,#4641,#4642,#4643,#4644,#4645,
#4646,#4647),.UNSPECIFIED.,.T.,.F.,(1,1,1,1,1,1,1,1,1,1,1,1,1,1,1,1,1,1,
1,1,1,1,1,1),(-0.131578947363281,-0.098684210522461,-0.0657894736816407,
0.,0.059375,0.11875,0.18109375,0.2434375,0.3059296875,0.368421875,0.430921484375,
0.49342109375,0.55592107421875,0.6184210546875,0.680921053710937,0.743421052734375,
0.805921052685547,0.868421052636719,0.901315789477539,0.934210526318359,
1.,1.059375,1.11875,1.18109375),.UNSPECIFIED.);
#518=B_SPLINE_CURVE_WITH_KNOTS('',3,(#4650,#4651,#4652,#4653,#4654,#4655,
#4656,#4657,#4658,#4659,#4660,#4661,#4662,#4663,#4664,#4665,#4666,#4667,
#4668),.UNSPECIFIED.,.T.,.F.,(1,1,1,1,1,1,1,1,1,1,1,1,1,1,1,1,1,1,1,1,1,
1,1),(-0.190789473684211,-0.128289473684211,-0.0657894736842105,0.,0.059375,
0.12171875,0.1842109375,0.246710546875,0.30921052734375,0.371710526367187,
0.434210526318359,0.496710526315918,0.559210526315796,0.62171052631579,
0.684210526315789,0.746710526315789,0.809210526315789,0.871710526315789,
0.934210526315789,1.,1.059375,1.12171875,1.1842109375),.UNSPECIFIED.);
#519=B_SPLINE_CURVE_WITH_KNOTS('',3,(#4675,#4676,#4677,#4678),
 .UNSPECIFIED.,.F.,.F.,(4,4),(0.,1.),.UNSPECIFIED.);
#520=B_SPLINE_CURVE_WITH_KNOTS('',3,(#4682,#4683,#4684,#4685),
 .UNSPECIFIED.,.F.,.F.,(4,4),(0.,1.),.UNSPECIFIED.);
#521=B_SPLINE_CURVE_WITH_KNOTS('',3,(#4689,#4690,#4691,#4692,#4693,#4694,
#4695,#4696,#4697,#4698,#4699),.UNSPECIFIED.,.T.,.F.,(1,1,1,1,1,1,1,1,1,
1,1,1,1,1,1),(-0.00376895310719632,-0.00251263540479754,-0.00125631770239877,
0.,0.00125631770239877,0.00251263540479754,0.00376895310719632,0.00502527080959509,
0.00628158851199386,0.00753790621439263,0.00879422391679141,0.0100505416191902,
0.011306859321589,0.0125631770239877,0.0138194947263865),.UNSPECIFIED.);
#522=B_SPLINE_CURVE_WITH_KNOTS('',3,(#4708,#4709,#4710,#4711),
 .UNSPECIFIED.,.F.,.F.,(4,4),(0.,1.),.UNSPECIFIED.);
#523=B_SPLINE_CURVE_WITH_KNOTS('',3,(#4715,#4716,#4717,#4718),
 .UNSPECIFIED.,.F.,.F.,(4,4),(0.,1.),.UNSPECIFIED.);
#524=B_SPLINE_CURVE_WITH_KNOTS('',3,(#4724,#4725,#4726,#4727,#4728),
 .UNSPECIFIED.,.F.,.F.,(4,1,4),(0.,0.00318283374512884,0.00636566749025769),
 .UNSPECIFIED.);
#525=B_SPLINE_CURVE_WITH_KNOTS('',3,(#4756,#4757,#4758,#4759),
 .UNSPECIFIED.,.F.,.F.,(4,4),(0.,1.),.UNSPECIFIED.);
#526=B_SPLINE_CURVE_WITH_KNOTS('',3,(#4763,#4764,#4765,#4766),
 .UNSPECIFIED.,.F.,.F.,(4,4),(0.,1.),.UNSPECIFIED.);
#527=B_SPLINE_CURVE_WITH_KNOTS('',3,(#4770,#4771,#4772,#4773),
 .UNSPECIFIED.,.F.,.F.,(4,4),(0.,1.),.UNSPECIFIED.);
#528=B_SPLINE_CURVE_WITH_KNOTS('',3,(#4777,#4778,#4779,#4780),
 .UNSPECIFIED.,.F.,.F.,(4,4),(0.,1.),.UNSPECIFIED.);
#529=B_SPLINE_CURVE_WITH_KNOTS('',3,(#4845,#4846,#4847,#4848),
 .UNSPECIFIED.,.F.,.F.,(4,4),(0.,1.),.UNSPECIFIED.);
#530=B_SPLINE_CURVE_WITH_KNOTS('',3,(#4866,#4867,#4868,#4869,#4870,#4871,
#4872,#4873,#4874,#4875,#4876),.UNSPECIFIED.,.F.,.F.,(4,1,1,1,1,1,1,1,4),
(0.,0.25,0.375,0.4375,0.5,0.5625,0.625,0.75,1.),.UNSPECIFIED.);
#531=B_SPLINE_CURVE_WITH_KNOTS('',3,(#4901,#4902,#4903,#4904,#4905,#4906,
#4907,#4908,#4909,#4910,#4911),.UNSPECIFIED.,.F.,.F.,(4,1,1,1,1,1,1,1,4),
(0.,0.25,0.375,0.4375,0.5,0.5625,0.625,0.75,1.),.UNSPECIFIED.);
#532=B_SPLINE_CURVE_WITH_KNOTS('',3,(#4933,#4934,#4935,#4936),
 .UNSPECIFIED.,.F.,.F.,(4,4),(0.,1.),.UNSPECIFIED.);
#533=B_SPLINE_CURVE_WITH_KNOTS('',3,(#4948,#4949,#4950,#4951,#4952),
 .UNSPECIFIED.,.F.,.F.,(4,1,4),(0.,0.5,1.),.UNSPECIFIED.);
#534=B_SPLINE_CURVE_WITH_KNOTS('',3,(#4969,#4970,#4971,#4972,#4973,#4974,
#4975,#4976,#4977,#4978,#4979),.UNSPECIFIED.,.F.,.F.,(4,1,1,1,1,1,1,1,4),
(0.,0.25,0.375,0.4375,0.5,0.5625,0.625,0.75,1.),.UNSPECIFIED.);
#535=B_SPLINE_CURVE_WITH_KNOTS('',3,(#4981,#4982,#4983,#4984,#4985,#4986,
#4987,#4988,#4989,#4990,#4991,#4992,#4993,#4994,#4995,#4996,#4997,#4998,
#4999,#5000,#5001,#5002,#5003,#5004,#5005,#5006,#5007,#5008),
 .UNSPECIFIED.,.T.,.F.,(1,1,1,1,1,1,1,1,1,1,1,1,1,1,1,1,1,1,1,1,1,1,1,1,
1,1,1,1,1,1,1,1),(-0.098684210522461,-0.0657894736816407,-0.0328947368408203,
0.,0.0296875,0.059375,0.11875,0.149921875,0.18109375,0.2434375,0.27468359375,
0.3059296875,0.368421875,0.3996716796875,0.430921484375,0.49342109375,0.524671083984375,
0.55592107421875,0.6184210546875,0.649671054199219,0.680921053710937,0.743421052734375,
0.774671052709961,0.805921052685547,0.868421052636719,0.901315789477539,
0.934210526318359,0.96710526315918,1.,1.0296875,1.059375,1.11875),
 .UNSPECIFIED.);
#536=B_SPLINE_CURVE_WITH_KNOTS('',3,(#5021,#5022,#5023,#5024,#5025,#5026,
#5027,#5028,#5029,#5030,#5031,#5032,#5033,#5034,#5035,#5036,#5037,#5038,
#5039,#5040,#5041,#5042,#5043,#5044,#5045,#5046,#5047,#5048),
 .UNSPECIFIED.,.T.,.F.,(1,1,1,1,1,1,1,1,1,1,1,1,1,1,1,1,1,1,1,1,1,1,1,1,
1,1,1,1,1,1,1,1),(-0.098684210522461,-0.0657894736816407,-0.0328947368408203,
0.,0.0296875,0.059375,0.11875,0.149921875,0.18109375,0.2434375,0.27468359375,
0.3059296875,0.368421875,0.3996716796875,0.430921484375,0.49342109375,0.524671083984375,
0.55592107421875,0.6184210546875,0.649671054199219,0.680921053710937,0.743421052734375,
0.774671052709961,0.805921052685547,0.868421052636719,0.901315789477539,
0.934210526318359,0.96710526315918,1.,1.0296875,1.059375,1.11875),
 .UNSPECIFIED.);
#537=B_SPLINE_CURVE_WITH_KNOTS('',3,(#5054,#5055,#5056,#5057),
 .UNSPECIFIED.,.F.,.F.,(4,4),(0.,1.),.UNSPECIFIED.);
#538=B_SPLINE_CURVE_WITH_KNOTS('',3,(#5066,#5067,#5068,#5069),
 .UNSPECIFIED.,.F.,.F.,(4,4),(0.,1.),.UNSPECIFIED.);
#539=B_SPLINE_CURVE_WITH_KNOTS('',3,(#5075,#5076,#5077,#5078),
 .UNSPECIFIED.,.F.,.F.,(4,4),(0.,1.),.UNSPECIFIED.);
#540=B_SPLINE_CURVE_WITH_KNOTS('',3,(#5080,#5081,#5082,#5083),
 .UNSPECIFIED.,.F.,.F.,(4,4),(0.00524042223699423,0.00724159369344644),
 .PIECEWISE_BEZIER_KNOTS.);
#541=B_SPLINE_CURVE_WITH_KNOTS('',3,(#5085,#5086,#5087,#5088),
 .UNSPECIFIED.,.F.,.F.,(4,4),(0.,7.37843997148115E-5),.UNSPECIFIED.);
#542=B_SPLINE_CURVE_WITH_KNOTS('',3,(#5094,#5095,#5096,#5097),
 .UNSPECIFIED.,.F.,.F.,(4,4),(0.,1.),.UNSPECIFIED.);
#543=B_SPLINE_CURVE_WITH_KNOTS('',3,(#5099,#5100,#5101,#5102),
 .UNSPECIFIED.,.F.,.F.,(4,4),(4.98129154076878,5.00437049939288),
 .PIECEWISE_BEZIER_KNOTS.);
#544=B_SPLINE_CURVE_WITH_KNOTS('',3,(#5104,#5105,#5106,#5107),
 .UNSPECIFIED.,.F.,.F.,(4,4),(0.,9.66816671215463E-5),.UNSPECIFIED.);
#545=B_SPLINE_CURVE_WITH_KNOTS('',3,(#5110,#5111,#5112,#5113),
 .UNSPECIFIED.,.F.,.F.,(4,4),(0.,9.64895401045412E-5),.UNSPECIFIED.);
#546=B_SPLINE_CURVE_WITH_KNOTS('',3,(#5116,#5117,#5118,#5119),
 .UNSPECIFIED.,.F.,.F.,(4,4),(1.83969888717898,1.86277784580309),
 .PIECEWISE_BEZIER_KNOTS.);
#547=B_SPLINE_CURVE_WITH_KNOTS('',3,(#5121,#5122,#5123,#5124),
 .UNSPECIFIED.,.F.,.F.,(4,4),(0.,1.),.UNSPECIFIED.);
#548=B_SPLINE_CURVE_WITH_KNOTS('',3,(#5129,#5130,#5131,#5132),
 .UNSPECIFIED.,.F.,.F.,(4,4),(0.,7.3700429695662E-5),.UNSPECIFIED.);
#549=B_SPLINE_CURVE_WITH_KNOTS('',3,(#5134,#5135,#5136,#5137),
 .UNSPECIFIED.,.F.,.F.,(4,4),(0.0054686694086031,0.00747136125124579),
 .PIECEWISE_BEZIER_KNOTS.);
#550=B_SPLINE_CURVE_WITH_KNOTS('',3,(#5139,#5140,#5141,#5142,#5143,#5144),
 .UNSPECIFIED.,.F.,.F.,(4,1,1,4),(0.,0.25,0.5,1.),.UNSPECIFIED.);
#551=B_SPLINE_CURVE_WITH_KNOTS('',3,(#5148,#5149,#5150,#5151),
 .UNSPECIFIED.,.F.,.F.,(4,4),(0.,0.00128140726183979),.UNSPECIFIED.);
#552=B_SPLINE_CURVE_WITH_KNOTS('',3,(#5153,#5154,#5155,#5156,#5157,#5158,
#5159,#5160,#5161,#5162,#5163,#5164,#5165,#5166,#5167,#5168,#5169,#5170),
 .UNSPECIFIED.,.F.,.F.,(4,1,1,1,1,1,1,1,1,1,1,1,1,1,1,4),(0.151583774208281,
0.204609788320263,0.257635802432246,0.310661816544228,0.363687830656211,
0.416713844768193,0.469739858880176,0.496252865936167,0.522765872992158,
0.549278880048149,0.57579188710414,0.681843915328105,0.734869929440088,
0.78789594355207,0.893947971776035,1.),.UNSPECIFIED.);
#553=B_SPLINE_CURVE_WITH_KNOTS('',3,(#5172,#5173,#5174,#5175,#5176,#5177,
#5178,#5179,#5180,#5181,#5182,#5183,#5184,#5185,#5186,#5187,#5188),
 .UNSPECIFIED.,.F.,.F.,(4,1,1,1,1,1,1,1,1,1,1,1,1,1,4),(0.,0.105667984134613,
0.211335968269225,0.264169960336531,0.317003952403838,0.42267193653845,
0.475505928605757,0.50192292463941,0.515131422656236,0.528339920673063,
0.581173912740369,0.634007904807675,0.739675888942288,0.792509881009594,
0.845343873076901),.UNSPECIFIED.);
#554=B_SPLINE_CURVE_WITH_KNOTS('',3,(#5190,#5191,#5192,#5193),
 .UNSPECIFIED.,.F.,.F.,(4,4),(0.,0.00128467845411775),.UNSPECIFIED.);
#555=B_SPLINE_CURVE_WITH_KNOTS('',3,(#5230,#5231,#5232,#5233),
 .UNSPECIFIED.,.F.,.F.,(4,4),(0.,0.000314526324911262),.UNSPECIFIED.);
#556=B_SPLINE_CURVE_WITH_KNOTS('',3,(#5235,#5236,#5237,#5238),
 .UNSPECIFIED.,.F.,.F.,(4,4),(0.00674954462767459,0.0120308912023401),
 .PIECEWISE_BEZIER_KNOTS.);
#557=B_SPLINE_CURVE_WITH_KNOTS('',3,(#5240,#5241,#5242,#5243,#5244,#5245,
#5246,#5247,#5248,#5249,#5250,#5251,#5252,#5253),.UNSPECIFIED.,.F.,.F.,
(4,1,1,1,1,1,1,1,1,1,1,4),(0.,0.015625,0.03125,0.0625,0.125,0.1875,0.25,
0.375,0.5,0.625,0.75,1.),.UNSPECIFIED.);
#558=B_SPLINE_CURVE_WITH_KNOTS('',3,(#5254,#5255,#5256,#5257),
 .UNSPECIFIED.,.F.,.F.,(4,4),(0.,1.),.UNSPECIFIED.);
#559=B_SPLINE_CURVE_WITH_KNOTS('',3,(#5288,#5289,#5290,#5291),
 .UNSPECIFIED.,.F.,.F.,(4,4),(0.,1.),.UNSPECIFIED.);
#560=B_SPLINE_CURVE_WITH_KNOTS('',3,(#5293,#5294,#5295,#5296),
 .UNSPECIFIED.,.F.,.F.,(4,4),(0.00674913579622014,0.0120321351264048),
 .PIECEWISE_BEZIER_KNOTS.);
#561=B_SPLINE_CURVE_WITH_KNOTS('',3,(#5298,#5299,#5300,#5301),
 .UNSPECIFIED.,.F.,.F.,(4,4),(0.,0.000314445501177752),.UNSPECIFIED.);
#562=B_SPLINE_CURVE_WITH_KNOTS('',3,(#5307,#5308,#5309,#5310),
 .UNSPECIFIED.,.F.,.F.,(4,4),(0.,1.),.UNSPECIFIED.);
#563=B_SPLINE_CURVE_WITH_KNOTS('',3,(#5320,#5321,#5322,#5323),
 .UNSPECIFIED.,.F.,.F.,(4,4),(0.,1.),.UNSPECIFIED.);
#564=B_SPLINE_CURVE_WITH_KNOTS('',3,(#5337,#5338,#5339,#5340),
 .UNSPECIFIED.,.F.,.F.,(4,4),(0.,1.),.UNSPECIFIED.);
#565=B_SPLINE_CURVE_WITH_KNOTS('',3,(#5352,#5353,#5354,#5355),
 .UNSPECIFIED.,.F.,.F.,(4,4),(0.,1.),.UNSPECIFIED.);
#566=B_SPLINE_CURVE_WITH_KNOTS('',3,(#5360,#5361,#5362,#5363),
 .UNSPECIFIED.,.F.,.F.,(4,4),(0.,1.),.UNSPECIFIED.);
#567=B_SPLINE_CURVE_WITH_KNOTS('',3,(#5370,#5371,#5372,#5373),
 .UNSPECIFIED.,.F.,.F.,(4,4),(0.,1.),.UNSPECIFIED.);
#568=B_SPLINE_CURVE_WITH_KNOTS('',3,(#5377,#5378,#5379,#5380),
 .UNSPECIFIED.,.F.,.F.,(4,4),(0.,1.),.UNSPECIFIED.);
#569=B_SPLINE_CURVE_WITH_KNOTS('',3,(#5381,#5382,#5383,#5384),
 .UNSPECIFIED.,.F.,.F.,(4,4),(0.,1.),.UNSPECIFIED.);
#570=B_SPLINE_CURVE_WITH_KNOTS('',3,(#5386,#5387,#5388,#5389),
 .UNSPECIFIED.,.F.,.F.,(4,4),(0.,1.),.UNSPECIFIED.);
#571=B_SPLINE_CURVE_WITH_KNOTS('',3,(#5390,#5391,#5392,#5393),
 .UNSPECIFIED.,.F.,.F.,(4,4),(0.,1.),.UNSPECIFIED.);
#572=B_SPLINE_CURVE_WITH_KNOTS('',3,(#5395,#5396,#5397,#5398),
 .UNSPECIFIED.,.F.,.F.,(4,4),(0.,1.),.UNSPECIFIED.);
#573=B_SPLINE_CURVE_WITH_KNOTS('',3,(#5399,#5400,#5401,#5402),
 .UNSPECIFIED.,.F.,.F.,(4,4),(0.,1.),.UNSPECIFIED.);
#574=B_SPLINE_CURVE_WITH_KNOTS('',3,(#5404,#5405,#5406,#5407),
 .UNSPECIFIED.,.F.,.F.,(4,4),(0.,1.),.UNSPECIFIED.);
#575=B_SPLINE_CURVE_WITH_KNOTS('',3,(#5408,#5409,#5410,#5411),
 .UNSPECIFIED.,.F.,.F.,(4,4),(0.,1.),.UNSPECIFIED.);
#576=B_SPLINE_CURVE_WITH_KNOTS('',3,(#5423,#5424,#5425,#5426),
 .UNSPECIFIED.,.F.,.F.,(4,4),(0.,1.),.UNSPECIFIED.);
#577=B_SPLINE_CURVE_WITH_KNOTS('',3,(#5427,#5428,#5429,#5430),
 .UNSPECIFIED.,.F.,.F.,(4,4),(0.,1.),.UNSPECIFIED.);
#578=B_SPLINE_CURVE_WITH_KNOTS('',3,(#5432,#5433,#5434,#5435),
 .UNSPECIFIED.,.F.,.F.,(4,4),(0.,0.000579151573120221),.UNSPECIFIED.);
#579=B_SPLINE_CURVE_WITH_KNOTS('',3,(#5437,#5438,#5439,#5440),
 .UNSPECIFIED.,.F.,.F.,(4,4),(0.,1.),.UNSPECIFIED.);
#580=B_SPLINE_CURVE_WITH_KNOTS('',3,(#5444,#5445,#5446,#5447),
 .UNSPECIFIED.,.F.,.F.,(4,4),(0.,1.),.UNSPECIFIED.);
#581=B_SPLINE_CURVE_WITH_KNOTS('',3,(#5448,#5449,#5450,#5451),
 .UNSPECIFIED.,.F.,.F.,(4,4),(0.,0.000484608227695155),.UNSPECIFIED.);
#582=B_SPLINE_CURVE_WITH_KNOTS('',3,(#5460,#5461,#5462,#5463),
 .UNSPECIFIED.,.F.,.F.,(4,4),(0.,1.),.UNSPECIFIED.);
#583=B_SPLINE_CURVE_WITH_KNOTS('',3,(#5470,#5471,#5472,#5473),
 .UNSPECIFIED.,.F.,.F.,(4,4),(0.,0.000579151573120297),.UNSPECIFIED.);
#584=B_SPLINE_CURVE_WITH_KNOTS('',3,(#5488,#5489,#5490,#5491),
 .UNSPECIFIED.,.F.,.F.,(4,4),(0.,1.),.UNSPECIFIED.);
#585=B_SPLINE_CURVE_WITH_KNOTS('',3,(#5493,#5494,#5495,#5496),
 .UNSPECIFIED.,.F.,.F.,(4,4),(0.,0.000574623224526229),.UNSPECIFIED.);
#586=B_SPLINE_CURVE_WITH_KNOTS('',3,(#5504,#5505,#5506,#5507),
 .UNSPECIFIED.,.F.,.F.,(4,4),(0.,0.000571093946219504),.UNSPECIFIED.);
#587=B_SPLINE_CURVE_WITH_KNOTS('',3,(#5517,#5518,#5519,#5520),
 .UNSPECIFIED.,.F.,.F.,(4,4),(0.,0.000759957399802769),.UNSPECIFIED.);
#588=B_SPLINE_CURVE_WITH_KNOTS('',3,(#5522,#5523,#5524,#5525),
 .UNSPECIFIED.,.F.,.F.,(4,4),(0.,1.),.UNSPECIFIED.);
#589=B_SPLINE_CURVE_WITH_KNOTS('',3,(#5527,#5528,#5529,#5530),
 .UNSPECIFIED.,.F.,.F.,(4,4),(0.,1.),.UNSPECIFIED.);
#590=B_SPLINE_CURVE_WITH_KNOTS('',3,(#5539,#5540,#5541,#5542),
 .UNSPECIFIED.,.F.,.F.,(4,4),(0.,1.),.UNSPECIFIED.);
#591=B_SPLINE_CURVE_WITH_KNOTS('',3,(#5554,#5555,#5556,#5557),
 .UNSPECIFIED.,.F.,.F.,(4,4),(0.,1.),.UNSPECIFIED.);
#592=B_SPLINE_CURVE_WITH_KNOTS('',3,(#5578,#5579,#5580,#5581),
 .UNSPECIFIED.,.F.,.F.,(4,4),(0.,1.),.UNSPECIFIED.);
#593=B_SPLINE_CURVE_WITH_KNOTS('',3,(#5583,#5584,#5585,#5586),
 .UNSPECIFIED.,.F.,.F.,(4,4),(0.,1.),.UNSPECIFIED.);
#594=B_SPLINE_CURVE_WITH_KNOTS('',3,(#5595,#5596,#5597,#5598),
 .UNSPECIFIED.,.F.,.F.,(4,4),(0.,1.),.UNSPECIFIED.);
#595=B_SPLINE_CURVE_WITH_KNOTS('',3,(#5607,#5608,#5609,#5610),
 .UNSPECIFIED.,.F.,.F.,(4,4),(0.,1.),.UNSPECIFIED.);
#596=B_SPLINE_CURVE_WITH_KNOTS('',3,(#5612,#5613,#5614,#5615),
 .UNSPECIFIED.,.F.,.F.,(4,4),(0.,1.),.UNSPECIFIED.);
#597=B_SPLINE_CURVE_WITH_KNOTS('',3,(#5617,#5618,#5619,#5620),
 .UNSPECIFIED.,.F.,.F.,(4,4),(0.,1.),.UNSPECIFIED.);
#598=B_SPLINE_CURVE_WITH_KNOTS('',3,(#5629,#5630,#5631,#5632),
 .UNSPECIFIED.,.F.,.F.,(4,4),(0.,1.),.UNSPECIFIED.);
#599=B_SPLINE_CURVE_WITH_KNOTS('',3,(#5644,#5645,#5646,#5647),
 .UNSPECIFIED.,.F.,.F.,(4,4),(0.,1.),.UNSPECIFIED.);
#600=B_SPLINE_CURVE_WITH_KNOTS('',3,(#5692,#5693,#5694,#5695),
 .UNSPECIFIED.,.F.,.F.,(4,4),(0.,1.),.UNSPECIFIED.);
#601=B_SPLINE_CURVE_WITH_KNOTS('',3,(#5697,#5698,#5699,#5700),
 .UNSPECIFIED.,.F.,.F.,(4,4),(0.,1.),.UNSPECIFIED.);
#602=B_SPLINE_CURVE_WITH_KNOTS('',3,(#5709,#5710,#5711,#5712),
 .UNSPECIFIED.,.F.,.F.,(4,4),(0.,1.),.UNSPECIFIED.);
#603=B_SPLINE_CURVE_WITH_KNOTS('',3,(#5714,#5715,#5716,#5717),
 .UNSPECIFIED.,.F.,.F.,(4,4),(0.,1.),.UNSPECIFIED.);
#604=B_SPLINE_CURVE_WITH_KNOTS('',3,(#5726,#5727,#5728,#5729),
 .UNSPECIFIED.,.F.,.F.,(4,4),(0.,1.),.UNSPECIFIED.);
#605=B_SPLINE_CURVE_WITH_KNOTS('',3,(#5731,#5732,#5733,#5734),
 .UNSPECIFIED.,.F.,.F.,(4,4),(0.,1.),.UNSPECIFIED.);
#606=B_SPLINE_CURVE_WITH_KNOTS('',3,(#5748,#5749,#5750,#5751),
 .UNSPECIFIED.,.F.,.F.,(4,4),(0.,1.),.UNSPECIFIED.);
#607=B_SPLINE_CURVE_WITH_KNOTS('',3,(#5752,#5753,#5754,#5755),
 .UNSPECIFIED.,.F.,.F.,(4,4),(0.,1.),.UNSPECIFIED.);
#608=B_SPLINE_CURVE_WITH_KNOTS('',3,(#5764,#5765,#5766,#5767),
 .UNSPECIFIED.,.F.,.F.,(4,4),(0.,1.),.UNSPECIFIED.);
#609=B_SPLINE_CURVE_WITH_KNOTS('',3,(#5776,#5777,#5778,#5779),
 .UNSPECIFIED.,.F.,.F.,(4,4),(0.,1.),.UNSPECIFIED.);
#610=B_SPLINE_CURVE_WITH_KNOTS('',3,(#5781,#5782,#5783,#5784),
 .UNSPECIFIED.,.F.,.F.,(4,4),(0.,1.),.UNSPECIFIED.);
#611=B_SPLINE_CURVE_WITH_KNOTS('',3,(#5786,#5787,#5788,#5789),
 .UNSPECIFIED.,.F.,.F.,(4,4),(0.,1.),.UNSPECIFIED.);
#612=B_SPLINE_CURVE_WITH_KNOTS('',3,(#5798,#5799,#5800,#5801),
 .UNSPECIFIED.,.F.,.F.,(4,4),(0.,1.),.UNSPECIFIED.);
#613=B_SPLINE_CURVE_WITH_KNOTS('',3,(#5810,#5811,#5812,#5813),
 .UNSPECIFIED.,.F.,.F.,(4,4),(0.,1.),.UNSPECIFIED.);
#614=B_SPLINE_CURVE_WITH_KNOTS('',3,(#5823,#5824,#5825,#5826),
 .UNSPECIFIED.,.F.,.F.,(4,4),(0.,1.),.UNSPECIFIED.);
#615=B_SPLINE_CURVE_WITH_KNOTS('',3,(#5827,#5828,#5829,#5830),
 .UNSPECIFIED.,.F.,.F.,(4,4),(0.,1.),.UNSPECIFIED.);
#616=B_SPLINE_CURVE_WITH_KNOTS('',3,(#5839,#5840,#5841,#5842),
 .UNSPECIFIED.,.F.,.F.,(4,4),(0.,1.),.UNSPECIFIED.);
#617=B_SPLINE_CURVE_WITH_KNOTS('',3,(#5851,#5852,#5853,#5854),
 .UNSPECIFIED.,.F.,.F.,(4,4),(0.,1.),.UNSPECIFIED.);
#618=B_SPLINE_CURVE_WITH_KNOTS('',3,(#5863,#5864,#5865,#5866),
 .UNSPECIFIED.,.F.,.F.,(4,4),(0.,1.),.UNSPECIFIED.);
#619=B_SPLINE_CURVE_WITH_KNOTS('',3,(#5875,#5876,#5877,#5878),
 .UNSPECIFIED.,.F.,.F.,(4,4),(0.,1.),.UNSPECIFIED.);
#620=B_SPLINE_CURVE_WITH_KNOTS('',3,(#5888,#5889,#5890,#5891),
 .UNSPECIFIED.,.F.,.F.,(4,4),(0.,0.000576844883832063),.UNSPECIFIED.);
#621=B_SPLINE_CURVE_WITH_KNOTS('',3,(#5894,#5895,#5896,#5897),
 .UNSPECIFIED.,.F.,.F.,(4,4),(0.,0.000576844883832063),.UNSPECIFIED.);
#622=B_SPLINE_CURVE_WITH_KNOTS('',3,(#5899,#5900,#5901,#5902),
 .UNSPECIFIED.,.F.,.F.,(4,4),(0.,0.000576844883832045),.UNSPECIFIED.);
#623=B_SPLINE_CURVE_WITH_KNOTS('',3,(#5904,#5905,#5906,#5907),
 .UNSPECIFIED.,.F.,.F.,(4,4),(0.,0.00057684488383205),.UNSPECIFIED.);
#624=CYLINDRICAL_SURFACE('',#3004,0.0695);
#625=CYLINDRICAL_SURFACE('',#3008,0.00149999999999999);
#626=CYLINDRICAL_SURFACE('',#3018,0.0655000000000143);
#627=CYLINDRICAL_SURFACE('',#3026,0.004);
#628=CYLINDRICAL_SURFACE('',#3027,0.0031);
#629=CYLINDRICAL_SURFACE('',#3036,0.006);
#630=CYLINDRICAL_SURFACE('',#3065,0.0555);
#631=CYLINDRICAL_SURFACE('',#3072,0.0595);
#632=CYLINDRICAL_SURFACE('',#3075,0.00165);
#633=CYLINDRICAL_SURFACE('',#3077,0.00165);
#634=CYLINDRICAL_SURFACE('',#3079,0.0595);
#635=CYLINDRICAL_SURFACE('',#3082,0.0655);
#636=CYLINDRICAL_SURFACE('',#3088,0.003);
#637=CYLINDRICAL_SURFACE('',#3092,0.0655000000000043);
#638=CYLINDRICAL_SURFACE('',#3096,0.003);
#639=CYLINDRICAL_SURFACE('',#3121,0.0695);
#640=CYLINDRICAL_SURFACE('',#3126,0.004);
#641=CYLINDRICAL_SURFACE('',#3127,0.0031);
#642=CYLINDRICAL_SURFACE('',#3134,0.0031);
#643=CYLINDRICAL_SURFACE('',#3137,0.0015);
#644=CYLINDRICAL_SURFACE('',#3141,0.0015);
#645=CYLINDRICAL_SURFACE('',#3143,0.006);
#646=ORIENTED_EDGE('',*,*,#1488,.T.);
#647=ORIENTED_EDGE('',*,*,#1489,.T.);
#648=ORIENTED_EDGE('',*,*,#1490,.T.);
#649=ORIENTED_EDGE('',*,*,#1491,.T.);
#650=ORIENTED_EDGE('',*,*,#1492,.T.);
#651=ORIENTED_EDGE('',*,*,#1493,.T.);
#652=ORIENTED_EDGE('',*,*,#1494,.T.);
#653=ORIENTED_EDGE('',*,*,#1495,.T.);
#654=ORIENTED_EDGE('',*,*,#1496,.T.);
#655=ORIENTED_EDGE('',*,*,#1497,.T.);
#656=ORIENTED_EDGE('',*,*,#1498,.T.);
#657=ORIENTED_EDGE('',*,*,#1499,.T.);
#658=ORIENTED_EDGE('',*,*,#1500,.T.);
#659=ORIENTED_EDGE('',*,*,#1501,.T.);
#660=ORIENTED_EDGE('',*,*,#1502,.T.);
#661=ORIENTED_EDGE('',*,*,#1503,.T.);
#662=ORIENTED_EDGE('',*,*,#1504,.T.);
#663=ORIENTED_EDGE('',*,*,#1505,.T.);
#664=ORIENTED_EDGE('',*,*,#1506,.T.);
#665=ORIENTED_EDGE('',*,*,#1507,.T.);
#666=ORIENTED_EDGE('',*,*,#1508,.T.);
#667=ORIENTED_EDGE('',*,*,#1509,.T.);
#668=ORIENTED_EDGE('',*,*,#1510,.T.);
#669=ORIENTED_EDGE('',*,*,#1511,.T.);
#670=ORIENTED_EDGE('',*,*,#1512,.T.);
#671=ORIENTED_EDGE('',*,*,#1513,.T.);
#672=ORIENTED_EDGE('',*,*,#1514,.T.);
#673=ORIENTED_EDGE('',*,*,#1515,.T.);
#674=ORIENTED_EDGE('',*,*,#1516,.T.);
#675=ORIENTED_EDGE('',*,*,#1517,.T.);
#676=ORIENTED_EDGE('',*,*,#1518,.T.);
#677=ORIENTED_EDGE('',*,*,#1519,.T.);
#678=ORIENTED_EDGE('',*,*,#1520,.T.);
#679=ORIENTED_EDGE('',*,*,#1521,.T.);
#680=ORIENTED_EDGE('',*,*,#1522,.T.);
#681=ORIENTED_EDGE('',*,*,#1523,.T.);
#682=ORIENTED_EDGE('',*,*,#1524,.T.);
#683=ORIENTED_EDGE('',*,*,#1525,.T.);
#684=ORIENTED_EDGE('',*,*,#1526,.T.);
#685=ORIENTED_EDGE('',*,*,#1527,.T.);
#686=ORIENTED_EDGE('',*,*,#1528,.T.);
#687=ORIENTED_EDGE('',*,*,#1529,.T.);
#688=ORIENTED_EDGE('',*,*,#1530,.T.);
#689=ORIENTED_EDGE('',*,*,#1531,.T.);
#690=ORIENTED_EDGE('',*,*,#1532,.T.);
#691=ORIENTED_EDGE('',*,*,#1527,.F.);
#692=ORIENTED_EDGE('',*,*,#1533,.T.);
#693=ORIENTED_EDGE('',*,*,#1529,.F.);
#694=ORIENTED_EDGE('',*,*,#1534,.T.);
#695=ORIENTED_EDGE('',*,*,#1535,.T.);
#696=ORIENTED_EDGE('',*,*,#1536,.F.);
#697=ORIENTED_EDGE('',*,*,#1537,.T.);
#698=ORIENTED_EDGE('',*,*,#1536,.T.);
#699=ORIENTED_EDGE('',*,*,#1538,.T.);
#700=ORIENTED_EDGE('',*,*,#1539,.T.);
#701=ORIENTED_EDGE('',*,*,#1518,.F.);
#702=ORIENTED_EDGE('',*,*,#1540,.T.);
#703=ORIENTED_EDGE('',*,*,#1541,.T.);
#704=ORIENTED_EDGE('',*,*,#1538,.F.);
#705=ORIENTED_EDGE('',*,*,#1542,.T.);
#706=ORIENTED_EDGE('',*,*,#1543,.T.);
#707=ORIENTED_EDGE('',*,*,#1544,.T.);
#708=ORIENTED_EDGE('',*,*,#1545,.T.);
#709=ORIENTED_EDGE('',*,*,#1546,.T.);
#710=ORIENTED_EDGE('',*,*,#1547,.T.);
#711=ORIENTED_EDGE('',*,*,#1548,.T.);
#712=ORIENTED_EDGE('',*,*,#1503,.F.);
#713=ORIENTED_EDGE('',*,*,#1549,.T.);
#714=ORIENTED_EDGE('',*,*,#1550,.T.);
#715=ORIENTED_EDGE('',*,*,#1509,.F.);
#716=ORIENTED_EDGE('',*,*,#1551,.T.);
#717=ORIENTED_EDGE('',*,*,#1552,.F.);
#718=ORIENTED_EDGE('',*,*,#1508,.F.);
#719=ORIENTED_EDGE('',*,*,#1553,.F.);
#720=ORIENTED_EDGE('',*,*,#1547,.F.);
#721=ORIENTED_EDGE('',*,*,#1546,.F.);
#722=ORIENTED_EDGE('',*,*,#1553,.T.);
#723=ORIENTED_EDGE('',*,*,#1507,.F.);
#724=ORIENTED_EDGE('',*,*,#1554,.F.);
#725=ORIENTED_EDGE('',*,*,#1539,.F.);
#726=ORIENTED_EDGE('',*,*,#1548,.F.);
#727=ORIENTED_EDGE('',*,*,#1555,.F.);
#728=ORIENTED_EDGE('',*,*,#1556,.F.);
#729=ORIENTED_EDGE('',*,*,#1557,.F.);
#730=ORIENTED_EDGE('',*,*,#1552,.T.);
#731=ORIENTED_EDGE('',*,*,#1545,.F.);
#732=ORIENTED_EDGE('',*,*,#1558,.F.);
#733=ORIENTED_EDGE('',*,*,#1551,.F.);
#734=ORIENTED_EDGE('',*,*,#1554,.T.);
#735=ORIENTED_EDGE('',*,*,#1512,.F.);
#736=ORIENTED_EDGE('',*,*,#1559,.F.);
#737=ORIENTED_EDGE('',*,*,#1519,.F.);
#738=ORIENTED_EDGE('',*,*,#1556,.T.);
#739=ORIENTED_EDGE('',*,*,#1520,.F.);
#740=ORIENTED_EDGE('',*,*,#1560,.F.);
#741=ORIENTED_EDGE('',*,*,#1515,.F.);
#742=ORIENTED_EDGE('',*,*,#1557,.T.);
#743=ORIENTED_EDGE('',*,*,#1514,.F.);
#744=ORIENTED_EDGE('',*,*,#1561,.F.);
#745=ORIENTED_EDGE('',*,*,#1531,.F.);
#746=ORIENTED_EDGE('',*,*,#1555,.T.);
#747=ORIENTED_EDGE('',*,*,#1530,.F.);
#748=ORIENTED_EDGE('',*,*,#1562,.F.);
#749=ORIENTED_EDGE('',*,*,#1521,.F.);
#750=ORIENTED_EDGE('',*,*,#1544,.F.);
#751=ORIENTED_EDGE('',*,*,#1543,.F.);
#752=ORIENTED_EDGE('',*,*,#1563,.F.);
#753=ORIENTED_EDGE('',*,*,#1504,.F.);
#754=ORIENTED_EDGE('',*,*,#1558,.T.);
#755=ORIENTED_EDGE('',*,*,#1560,.T.);
#756=ORIENTED_EDGE('',*,*,#1559,.T.);
#757=ORIENTED_EDGE('',*,*,#1564,.F.);
#758=ORIENTED_EDGE('',*,*,#1565,.F.);
#759=ORIENTED_EDGE('',*,*,#1561,.T.);
#760=ORIENTED_EDGE('',*,*,#1566,.F.);
#761=ORIENTED_EDGE('',*,*,#1562,.T.);
#762=ORIENTED_EDGE('',*,*,#1533,.F.);
#763=ORIENTED_EDGE('',*,*,#1567,.F.);
#764=ORIENTED_EDGE('',*,*,#1522,.F.);
#765=ORIENTED_EDGE('',*,*,#1542,.F.);
#766=ORIENTED_EDGE('',*,*,#1540,.F.);
#767=ORIENTED_EDGE('',*,*,#1568,.F.);
#768=ORIENTED_EDGE('',*,*,#1505,.F.);
#769=ORIENTED_EDGE('',*,*,#1563,.T.);
#770=ORIENTED_EDGE('',*,*,#1564,.T.);
#771=ORIENTED_EDGE('',*,*,#1511,.F.);
#772=ORIENTED_EDGE('',*,*,#1569,.F.);
#773=ORIENTED_EDGE('',*,*,#1516,.F.);
#774=ORIENTED_EDGE('',*,*,#1566,.T.);
#775=ORIENTED_EDGE('',*,*,#1513,.F.);
#776=ORIENTED_EDGE('',*,*,#1570,.F.);
#777=ORIENTED_EDGE('',*,*,#1494,.F.);
#778=ORIENTED_EDGE('',*,*,#1565,.T.);
#779=ORIENTED_EDGE('',*,*,#1493,.F.);
#780=ORIENTED_EDGE('',*,*,#1571,.F.);
#781=ORIENTED_EDGE('',*,*,#1532,.F.);
#782=ORIENTED_EDGE('',*,*,#1567,.T.);
#783=ORIENTED_EDGE('',*,*,#1526,.F.);
#784=ORIENTED_EDGE('',*,*,#1572,.F.);
#785=ORIENTED_EDGE('',*,*,#1523,.F.);
#786=ORIENTED_EDGE('',*,*,#1568,.T.);
#787=ORIENTED_EDGE('',*,*,#1524,.F.);
#788=ORIENTED_EDGE('',*,*,#1573,.F.);
#789=ORIENTED_EDGE('',*,*,#1506,.F.);
#790=ORIENTED_EDGE('',*,*,#1570,.T.);
#791=ORIENTED_EDGE('',*,*,#1569,.T.);
#792=ORIENTED_EDGE('',*,*,#1574,.F.);
#793=ORIENTED_EDGE('',*,*,#1571,.T.);
#794=ORIENTED_EDGE('',*,*,#1492,.F.);
#795=ORIENTED_EDGE('',*,*,#1575,.F.);
#796=ORIENTED_EDGE('',*,*,#1534,.F.);
#797=ORIENTED_EDGE('',*,*,#1573,.T.);
#798=ORIENTED_EDGE('',*,*,#1572,.T.);
#799=ORIENTED_EDGE('',*,*,#1576,.F.);
#800=ORIENTED_EDGE('',*,*,#1574,.T.);
#801=ORIENTED_EDGE('',*,*,#1510,.F.);
#802=ORIENTED_EDGE('',*,*,#1577,.F.);
#803=ORIENTED_EDGE('',*,*,#1495,.F.);
#804=ORIENTED_EDGE('',*,*,#1575,.T.);
#805=ORIENTED_EDGE('',*,*,#1491,.F.);
#806=ORIENTED_EDGE('',*,*,#1578,.F.);
#807=ORIENTED_EDGE('',*,*,#1528,.F.);
#808=ORIENTED_EDGE('',*,*,#1576,.T.);
#809=ORIENTED_EDGE('',*,*,#1525,.F.);
#810=ORIENTED_EDGE('',*,*,#1579,.F.);
#811=ORIENTED_EDGE('',*,*,#1501,.F.);
#812=ORIENTED_EDGE('',*,*,#1577,.T.);
#813=ORIENTED_EDGE('',*,*,#1550,.F.);
#814=ORIENTED_EDGE('',*,*,#1580,.F.);
#815=ORIENTED_EDGE('',*,*,#1496,.F.);
#816=ORIENTED_EDGE('',*,*,#1579,.T.);
#817=ORIENTED_EDGE('',*,*,#1578,.T.);
#818=ORIENTED_EDGE('',*,*,#1581,.F.);
#819=ORIENTED_EDGE('',*,*,#1580,.T.);
#820=ORIENTED_EDGE('',*,*,#1549,.F.);
#821=ORIENTED_EDGE('',*,*,#1582,.F.);
#822=ORIENTED_EDGE('',*,*,#1497,.F.);
#823=ORIENTED_EDGE('',*,*,#1581,.T.);
#824=ORIENTED_EDGE('',*,*,#1498,.F.);
#825=ORIENTED_EDGE('',*,*,#1582,.T.);
#826=ORIENTED_EDGE('',*,*,#1502,.F.);
#827=ORIENTED_EDGE('',*,*,#1488,.F.);
#828=ORIENTED_EDGE('',*,*,#1541,.F.);
#829=ORIENTED_EDGE('',*,*,#1535,.F.);
#830=ORIENTED_EDGE('',*,*,#1490,.F.);
#831=ORIENTED_EDGE('',*,*,#1537,.F.);
#832=ORIENTED_EDGE('',*,*,#1499,.F.);
#833=ORIENTED_EDGE('',*,*,#1500,.F.);
#834=ORIENTED_EDGE('',*,*,#1489,.F.);
#835=ORIENTED_EDGE('',*,*,#1517,.F.);
#836=ORIENTED_EDGE('',*,*,#1583,.T.);
#837=ORIENTED_EDGE('',*,*,#1584,.T.);
#838=ORIENTED_EDGE('',*,*,#1585,.T.);
#839=ORIENTED_EDGE('',*,*,#1586,.T.);
#840=ORIENTED_EDGE('',*,*,#1587,.T.);
#841=ORIENTED_EDGE('',*,*,#1588,.T.);
#842=ORIENTED_EDGE('',*,*,#1589,.T.);
#843=ORIENTED_EDGE('',*,*,#1590,.T.);
#844=ORIENTED_EDGE('',*,*,#1591,.T.);
#845=ORIENTED_EDGE('',*,*,#1592,.T.);
#846=ORIENTED_EDGE('',*,*,#1593,.T.);
#847=ORIENTED_EDGE('',*,*,#1594,.T.);
#848=ORIENTED_EDGE('',*,*,#1595,.T.);
#849=ORIENTED_EDGE('',*,*,#1596,.T.);
#850=ORIENTED_EDGE('',*,*,#1597,.T.);
#851=ORIENTED_EDGE('',*,*,#1598,.T.);
#852=ORIENTED_EDGE('',*,*,#1599,.T.);
#853=ORIENTED_EDGE('',*,*,#1600,.T.);
#854=ORIENTED_EDGE('',*,*,#1601,.T.);
#855=ORIENTED_EDGE('',*,*,#1602,.T.);
#856=ORIENTED_EDGE('',*,*,#1603,.T.);
#857=ORIENTED_EDGE('',*,*,#1604,.T.);
#858=ORIENTED_EDGE('',*,*,#1605,.T.);
#859=ORIENTED_EDGE('',*,*,#1606,.T.);
#860=ORIENTED_EDGE('',*,*,#1607,.T.);
#861=ORIENTED_EDGE('',*,*,#1608,.T.);
#862=ORIENTED_EDGE('',*,*,#1609,.T.);
#863=ORIENTED_EDGE('',*,*,#1610,.T.);
#864=ORIENTED_EDGE('',*,*,#1611,.T.);
#865=ORIENTED_EDGE('',*,*,#1612,.T.);
#866=ORIENTED_EDGE('',*,*,#1613,.T.);
#867=ORIENTED_EDGE('',*,*,#1614,.T.);
#868=ORIENTED_EDGE('',*,*,#1615,.T.);
#869=ORIENTED_EDGE('',*,*,#1616,.T.);
#870=ORIENTED_EDGE('',*,*,#1617,.T.);
#871=ORIENTED_EDGE('',*,*,#1618,.T.);
#872=ORIENTED_EDGE('',*,*,#1619,.T.);
#873=ORIENTED_EDGE('',*,*,#1620,.T.);
#874=ORIENTED_EDGE('',*,*,#1621,.T.);
#875=ORIENTED_EDGE('',*,*,#1622,.T.);
#876=ORIENTED_EDGE('',*,*,#1623,.T.);
#877=ORIENTED_EDGE('',*,*,#1624,.T.);
#878=ORIENTED_EDGE('',*,*,#1625,.T.);
#879=ORIENTED_EDGE('',*,*,#1626,.T.);
#880=ORIENTED_EDGE('',*,*,#1627,.T.);
#881=ORIENTED_EDGE('',*,*,#1628,.T.);
#882=ORIENTED_EDGE('',*,*,#1629,.T.);
#883=ORIENTED_EDGE('',*,*,#1630,.F.);
#884=ORIENTED_EDGE('',*,*,#1631,.T.);
#885=ORIENTED_EDGE('',*,*,#1632,.T.);
#886=ORIENTED_EDGE('',*,*,#1633,.T.);
#887=ORIENTED_EDGE('',*,*,#1634,.T.);
#888=ORIENTED_EDGE('',*,*,#1635,.T.);
#889=ORIENTED_EDGE('',*,*,#1636,.T.);
#890=ORIENTED_EDGE('',*,*,#1637,.T.);
#891=ORIENTED_EDGE('',*,*,#1638,.F.);
#892=ORIENTED_EDGE('',*,*,#1639,.T.);
#893=ORIENTED_EDGE('',*,*,#1640,.F.);
#894=ORIENTED_EDGE('',*,*,#1641,.T.);
#895=ORIENTED_EDGE('',*,*,#1642,.T.);
#896=ORIENTED_EDGE('',*,*,#1643,.T.);
#897=ORIENTED_EDGE('',*,*,#1644,.T.);
#898=ORIENTED_EDGE('',*,*,#1643,.F.);
#899=ORIENTED_EDGE('',*,*,#1645,.T.);
#900=ORIENTED_EDGE('',*,*,#1646,.T.);
#901=ORIENTED_EDGE('',*,*,#1647,.T.);
#902=ORIENTED_EDGE('',*,*,#1646,.F.);
#903=ORIENTED_EDGE('',*,*,#1648,.T.);
#904=ORIENTED_EDGE('',*,*,#1649,.T.);
#905=ORIENTED_EDGE('',*,*,#1650,.T.);
#906=ORIENTED_EDGE('',*,*,#1651,.T.);
#907=ORIENTED_EDGE('',*,*,#1652,.T.);
#908=ORIENTED_EDGE('',*,*,#1653,.T.);
#909=ORIENTED_EDGE('',*,*,#1654,.T.);
#910=ORIENTED_EDGE('',*,*,#1655,.T.);
#911=ORIENTED_EDGE('',*,*,#1656,.T.);
#912=ORIENTED_EDGE('',*,*,#1657,.T.);
#913=ORIENTED_EDGE('',*,*,#1658,.T.);
#914=ORIENTED_EDGE('',*,*,#1659,.T.);
#915=ORIENTED_EDGE('',*,*,#1660,.T.);
#916=ORIENTED_EDGE('',*,*,#1661,.T.);
#917=ORIENTED_EDGE('',*,*,#1662,.T.);
#918=ORIENTED_EDGE('',*,*,#1661,.F.);
#919=ORIENTED_EDGE('',*,*,#1663,.T.);
#920=ORIENTED_EDGE('',*,*,#1664,.T.);
#921=ORIENTED_EDGE('',*,*,#1665,.T.);
#922=ORIENTED_EDGE('',*,*,#1664,.F.);
#923=ORIENTED_EDGE('',*,*,#1666,.T.);
#924=ORIENTED_EDGE('',*,*,#1667,.T.);
#925=ORIENTED_EDGE('',*,*,#1668,.T.);
#926=ORIENTED_EDGE('',*,*,#1669,.T.);
#927=ORIENTED_EDGE('',*,*,#1670,.T.);
#928=ORIENTED_EDGE('',*,*,#1671,.T.);
#929=ORIENTED_EDGE('',*,*,#1672,.T.);
#930=ORIENTED_EDGE('',*,*,#1673,.T.);
#931=ORIENTED_EDGE('',*,*,#1674,.T.);
#932=ORIENTED_EDGE('',*,*,#1675,.T.);
#933=ORIENTED_EDGE('',*,*,#1676,.T.);
#934=ORIENTED_EDGE('',*,*,#1677,.T.);
#935=ORIENTED_EDGE('',*,*,#1678,.T.);
#936=ORIENTED_EDGE('',*,*,#1679,.T.);
#937=ORIENTED_EDGE('',*,*,#1680,.T.);
#938=ORIENTED_EDGE('',*,*,#1681,.T.);
#939=ORIENTED_EDGE('',*,*,#1682,.T.);
#940=ORIENTED_EDGE('',*,*,#1683,.T.);
#941=ORIENTED_EDGE('',*,*,#1684,.T.);
#942=ORIENTED_EDGE('',*,*,#1685,.T.);
#943=ORIENTED_EDGE('',*,*,#1686,.T.);
#944=ORIENTED_EDGE('',*,*,#1687,.T.);
#945=ORIENTED_EDGE('',*,*,#1688,.T.);
#946=ORIENTED_EDGE('',*,*,#1689,.T.);
#947=ORIENTED_EDGE('',*,*,#1690,.T.);
#948=ORIENTED_EDGE('',*,*,#1691,.T.);
#949=ORIENTED_EDGE('',*,*,#1692,.T.);
#950=ORIENTED_EDGE('',*,*,#1693,.T.);
#951=ORIENTED_EDGE('',*,*,#1694,.T.);
#952=ORIENTED_EDGE('',*,*,#1695,.T.);
#953=ORIENTED_EDGE('',*,*,#1696,.T.);
#954=ORIENTED_EDGE('',*,*,#1697,.T.);
#955=ORIENTED_EDGE('',*,*,#1698,.T.);
#956=ORIENTED_EDGE('',*,*,#1699,.T.);
#957=ORIENTED_EDGE('',*,*,#1700,.T.);
#958=ORIENTED_EDGE('',*,*,#1701,.T.);
#959=ORIENTED_EDGE('',*,*,#1702,.T.);
#960=ORIENTED_EDGE('',*,*,#1703,.T.);
#961=ORIENTED_EDGE('',*,*,#1704,.T.);
#962=ORIENTED_EDGE('',*,*,#1705,.T.);
#963=ORIENTED_EDGE('',*,*,#1706,.T.);
#964=ORIENTED_EDGE('',*,*,#1707,.T.);
#965=ORIENTED_EDGE('',*,*,#1708,.T.);
#966=ORIENTED_EDGE('',*,*,#1709,.T.);
#967=ORIENTED_EDGE('',*,*,#1710,.T.);
#968=ORIENTED_EDGE('',*,*,#1711,.T.);
#969=ORIENTED_EDGE('',*,*,#1712,.T.);
#970=ORIENTED_EDGE('',*,*,#1713,.T.);
#971=ORIENTED_EDGE('',*,*,#1714,.T.);
#972=ORIENTED_EDGE('',*,*,#1715,.T.);
#973=ORIENTED_EDGE('',*,*,#1716,.T.);
#974=ORIENTED_EDGE('',*,*,#1717,.T.);
#975=ORIENTED_EDGE('',*,*,#1718,.T.);
#976=ORIENTED_EDGE('',*,*,#1719,.T.);
#977=ORIENTED_EDGE('',*,*,#1720,.T.);
#978=ORIENTED_EDGE('',*,*,#1721,.T.);
#979=ORIENTED_EDGE('',*,*,#1722,.T.);
#980=ORIENTED_EDGE('',*,*,#1723,.T.);
#981=ORIENTED_EDGE('',*,*,#1724,.T.);
#982=ORIENTED_EDGE('',*,*,#1725,.T.);
#983=ORIENTED_EDGE('',*,*,#1638,.T.);
#984=ORIENTED_EDGE('',*,*,#1726,.T.);
#985=ORIENTED_EDGE('',*,*,#1727,.T.);
#986=ORIENTED_EDGE('',*,*,#1728,.T.);
#987=ORIENTED_EDGE('',*,*,#1729,.T.);
#988=ORIENTED_EDGE('',*,*,#1730,.T.);
#989=ORIENTED_EDGE('',*,*,#1731,.T.);
#990=ORIENTED_EDGE('',*,*,#1732,.T.);
#991=ORIENTED_EDGE('',*,*,#1733,.T.);
#992=ORIENTED_EDGE('',*,*,#1640,.T.);
#993=ORIENTED_EDGE('',*,*,#1725,.F.);
#994=ORIENTED_EDGE('',*,*,#1734,.T.);
#995=ORIENTED_EDGE('',*,*,#1731,.F.);
#996=ORIENTED_EDGE('',*,*,#1639,.F.);
#997=ORIENTED_EDGE('',*,*,#1735,.T.);
#998=ORIENTED_EDGE('',*,*,#1736,.F.);
#999=ORIENTED_EDGE('',*,*,#1737,.T.);
#1000=ORIENTED_EDGE('',*,*,#1736,.T.);
#1001=ORIENTED_EDGE('',*,*,#1738,.T.);
#1002=ORIENTED_EDGE('',*,*,#1739,.F.);
#1003=ORIENTED_EDGE('',*,*,#1740,.T.);
#1004=ORIENTED_EDGE('',*,*,#1739,.T.);
#1005=ORIENTED_EDGE('',*,*,#1741,.F.);
#1006=ORIENTED_EDGE('',*,*,#1742,.T.);
#1007=ORIENTED_EDGE('',*,*,#1743,.T.);
#1008=ORIENTED_EDGE('',*,*,#1744,.T.);
#1009=ORIENTED_EDGE('',*,*,#1745,.F.);
#1010=ORIENTED_EDGE('',*,*,#1746,.T.);
#1011=ORIENTED_EDGE('',*,*,#1741,.T.);
#1012=ORIENTED_EDGE('',*,*,#1747,.T.);
#1013=ORIENTED_EDGE('',*,*,#1748,.F.);
#1014=ORIENTED_EDGE('',*,*,#1749,.T.);
#1015=ORIENTED_EDGE('',*,*,#1750,.T.);
#1016=ORIENTED_EDGE('',*,*,#1751,.T.);
#1017=ORIENTED_EDGE('',*,*,#1745,.T.);
#1018=ORIENTED_EDGE('',*,*,#1752,.T.);
#1019=ORIENTED_EDGE('',*,*,#1753,.F.);
#1020=ORIENTED_EDGE('',*,*,#1754,.T.);
#1021=ORIENTED_EDGE('',*,*,#1755,.T.);
#1022=ORIENTED_EDGE('',*,*,#1756,.T.);
#1023=ORIENTED_EDGE('',*,*,#1748,.T.);
#1024=ORIENTED_EDGE('',*,*,#1757,.T.);
#1025=ORIENTED_EDGE('',*,*,#1758,.T.);
#1026=ORIENTED_EDGE('',*,*,#1759,.T.);
#1027=ORIENTED_EDGE('',*,*,#1760,.T.);
#1028=ORIENTED_EDGE('',*,*,#1753,.T.);
#1029=ORIENTED_EDGE('',*,*,#1761,.T.);
#1030=ORIENTED_EDGE('',*,*,#1762,.F.);
#1031=ORIENTED_EDGE('',*,*,#1763,.T.);
#1032=ORIENTED_EDGE('',*,*,#1764,.T.);
#1033=ORIENTED_EDGE('',*,*,#1765,.T.);
#1034=ORIENTED_EDGE('',*,*,#1762,.T.);
#1035=ORIENTED_EDGE('',*,*,#1766,.T.);
#1036=ORIENTED_EDGE('',*,*,#1743,.F.);
#1037=ORIENTED_EDGE('',*,*,#1708,.F.);
#1038=ORIENTED_EDGE('',*,*,#1767,.T.);
#1039=ORIENTED_EDGE('',*,*,#1698,.F.);
#1040=ORIENTED_EDGE('',*,*,#1768,.T.);
#1041=ORIENTED_EDGE('',*,*,#1769,.T.);
#1042=ORIENTED_EDGE('',*,*,#1770,.T.);
#1043=ORIENTED_EDGE('',*,*,#1771,.T.);
#1044=ORIENTED_EDGE('',*,*,#1614,.F.);
#1045=ORIENTED_EDGE('',*,*,#1772,.T.);
#1046=ORIENTED_EDGE('',*,*,#1773,.T.);
#1047=ORIENTED_EDGE('',*,*,#1774,.T.);
#1048=ORIENTED_EDGE('',*,*,#1770,.F.);
#1049=ORIENTED_EDGE('',*,*,#1775,.F.);
#1050=ORIENTED_EDGE('',*,*,#1769,.F.);
#1051=ORIENTED_EDGE('',*,*,#1776,.T.);
#1052=ORIENTED_EDGE('',*,*,#1777,.T.);
#1053=ORIENTED_EDGE('',*,*,#1778,.T.);
#1054=ORIENTED_EDGE('',*,*,#1615,.F.);
#1055=ORIENTED_EDGE('',*,*,#1775,.T.);
#1056=ORIENTED_EDGE('',*,*,#1779,.F.);
#1057=ORIENTED_EDGE('',*,*,#1780,.T.);
#1058=ORIENTED_EDGE('',*,*,#1781,.T.);
#1059=ORIENTED_EDGE('',*,*,#1683,.F.);
#1060=ORIENTED_EDGE('',*,*,#1782,.F.);
#1061=ORIENTED_EDGE('',*,*,#1783,.T.);
#1062=ORIENTED_EDGE('',*,*,#1779,.T.);
#1063=ORIENTED_EDGE('',*,*,#1701,.F.);
#1064=ORIENTED_EDGE('',*,*,#1784,.T.);
#1065=ORIENTED_EDGE('',*,*,#1785,.T.);
#1066=ORIENTED_EDGE('',*,*,#1782,.T.);
#1067=ORIENTED_EDGE('',*,*,#1700,.F.);
#1068=ORIENTED_EDGE('',*,*,#1786,.T.);
#1069=ORIENTED_EDGE('',*,*,#1787,.T.);
#1070=ORIENTED_EDGE('',*,*,#1788,.F.);
#1071=ORIENTED_EDGE('',*,*,#1704,.F.);
#1072=ORIENTED_EDGE('',*,*,#1788,.T.);
#1073=ORIENTED_EDGE('',*,*,#1789,.T.);
#1074=ORIENTED_EDGE('',*,*,#1790,.F.);
#1075=ORIENTED_EDGE('',*,*,#1705,.F.);
#1076=ORIENTED_EDGE('',*,*,#1790,.T.);
#1077=ORIENTED_EDGE('',*,*,#1791,.T.);
#1078=ORIENTED_EDGE('',*,*,#1792,.T.);
#1079=ORIENTED_EDGE('',*,*,#1706,.F.);
#1080=ORIENTED_EDGE('',*,*,#1685,.F.);
#1081=ORIENTED_EDGE('',*,*,#1793,.T.);
#1082=ORIENTED_EDGE('',*,*,#1794,.T.);
#1083=ORIENTED_EDGE('',*,*,#1795,.F.);
#1084=ORIENTED_EDGE('',*,*,#1795,.T.);
#1085=ORIENTED_EDGE('',*,*,#1796,.T.);
#1086=ORIENTED_EDGE('',*,*,#1797,.F.);
#1087=ORIENTED_EDGE('',*,*,#1686,.F.);
#1088=ORIENTED_EDGE('',*,*,#1798,.T.);
#1089=ORIENTED_EDGE('',*,*,#1799,.T.);
#1090=ORIENTED_EDGE('',*,*,#1687,.F.);
#1091=ORIENTED_EDGE('',*,*,#1797,.T.);
#1092=ORIENTED_EDGE('',*,*,#1800,.T.);
#1093=ORIENTED_EDGE('',*,*,#1801,.T.);
#1094=ORIENTED_EDGE('',*,*,#1702,.F.);
#1095=ORIENTED_EDGE('',*,*,#1802,.F.);
#1096=ORIENTED_EDGE('',*,*,#1803,.F.);
#1097=ORIENTED_EDGE('',*,*,#1804,.T.);
#1098=ORIENTED_EDGE('',*,*,#1802,.T.);
#1099=ORIENTED_EDGE('',*,*,#1722,.F.);
#1100=ORIENTED_EDGE('',*,*,#1805,.T.);
#1101=ORIENTED_EDGE('',*,*,#1806,.T.);
#1102=ORIENTED_EDGE('',*,*,#1803,.T.);
#1103=ORIENTED_EDGE('',*,*,#1721,.F.);
#1104=ORIENTED_EDGE('',*,*,#1671,.F.);
#1105=ORIENTED_EDGE('',*,*,#1807,.T.);
#1106=ORIENTED_EDGE('',*,*,#1695,.F.);
#1107=ORIENTED_EDGE('',*,*,#1808,.T.);
#1108=ORIENTED_EDGE('',*,*,#1711,.F.);
#1109=ORIENTED_EDGE('',*,*,#1809,.T.);
#1110=ORIENTED_EDGE('',*,*,#1669,.F.);
#1111=ORIENTED_EDGE('',*,*,#1810,.T.);
#1112=ORIENTED_EDGE('',*,*,#1675,.F.);
#1113=ORIENTED_EDGE('',*,*,#1811,.T.);
#1114=ORIENTED_EDGE('',*,*,#1693,.F.);
#1115=ORIENTED_EDGE('',*,*,#1812,.T.);
#1116=ORIENTED_EDGE('',*,*,#1713,.F.);
#1117=ORIENTED_EDGE('',*,*,#1813,.T.);
#1118=ORIENTED_EDGE('',*,*,#1673,.F.);
#1119=ORIENTED_EDGE('',*,*,#1814,.T.);
#1120=ORIENTED_EDGE('',*,*,#1677,.F.);
#1121=ORIENTED_EDGE('',*,*,#1815,.T.);
#1122=ORIENTED_EDGE('',*,*,#1624,.F.);
#1123=ORIENTED_EDGE('',*,*,#1816,.T.);
#1124=ORIENTED_EDGE('',*,*,#1817,.F.);
#1125=ORIENTED_EDGE('',*,*,#1626,.F.);
#1126=ORIENTED_EDGE('',*,*,#1818,.F.);
#1127=ORIENTED_EDGE('',*,*,#1814,.F.);
#1128=ORIENTED_EDGE('',*,*,#1818,.T.);
#1129=ORIENTED_EDGE('',*,*,#1625,.F.);
#1130=ORIENTED_EDGE('',*,*,#1819,.F.);
#1131=ORIENTED_EDGE('',*,*,#1714,.F.);
#1132=ORIENTED_EDGE('',*,*,#1817,.T.);
#1133=ORIENTED_EDGE('',*,*,#1676,.F.);
#1134=ORIENTED_EDGE('',*,*,#1820,.F.);
#1135=ORIENTED_EDGE('',*,*,#1627,.F.);
#1136=ORIENTED_EDGE('',*,*,#1819,.T.);
#1137=ORIENTED_EDGE('',*,*,#1815,.F.);
#1138=ORIENTED_EDGE('',*,*,#1821,.F.);
#1139=ORIENTED_EDGE('',*,*,#1715,.F.);
#1140=ORIENTED_EDGE('',*,*,#1822,.F.);
#1141=ORIENTED_EDGE('',*,*,#1730,.F.);
#1142=ORIENTED_EDGE('',*,*,#1823,.F.);
#1143=ORIENTED_EDGE('',*,*,#1732,.F.);
#1144=ORIENTED_EDGE('',*,*,#1820,.T.);
#1145=ORIENTED_EDGE('',*,*,#1812,.F.);
#1146=ORIENTED_EDGE('',*,*,#1824,.F.);
#1147=ORIENTED_EDGE('',*,*,#1628,.F.);
#1148=ORIENTED_EDGE('',*,*,#1825,.F.);
#1149=ORIENTED_EDGE('',*,*,#1681,.F.);
#1150=ORIENTED_EDGE('',*,*,#1826,.F.);
#1151=ORIENTED_EDGE('',*,*,#1729,.F.);
#1152=ORIENTED_EDGE('',*,*,#1821,.T.);
#1153=ORIENTED_EDGE('',*,*,#1682,.F.);
#1154=ORIENTED_EDGE('',*,*,#1827,.F.);
#1155=ORIENTED_EDGE('',*,*,#1716,.F.);
#1156=ORIENTED_EDGE('',*,*,#1824,.T.);
#1157=ORIENTED_EDGE('',*,*,#1692,.F.);
#1158=ORIENTED_EDGE('',*,*,#1828,.F.);
#1159=ORIENTED_EDGE('',*,*,#1629,.F.);
#1160=ORIENTED_EDGE('',*,*,#1823,.T.);
#1161=ORIENTED_EDGE('',*,*,#1826,.T.);
#1162=ORIENTED_EDGE('',*,*,#1829,.F.);
#1163=ORIENTED_EDGE('',*,*,#1822,.T.);
#1164=ORIENTED_EDGE('',*,*,#1734,.F.);
#1165=ORIENTED_EDGE('',*,*,#1830,.F.);
#1166=ORIENTED_EDGE('',*,*,#1726,.F.);
#1167=ORIENTED_EDGE('',*,*,#1827,.T.);
#1168=ORIENTED_EDGE('',*,*,#1825,.T.);
#1169=ORIENTED_EDGE('',*,*,#1831,.F.);
#1170=ORIENTED_EDGE('',*,*,#1828,.T.);
#1171=ORIENTED_EDGE('',*,*,#1691,.F.);
#1172=ORIENTED_EDGE('',*,*,#1832,.F.);
#1173=ORIENTED_EDGE('',*,*,#1816,.F.);
#1174=ORIENTED_EDGE('',*,*,#1829,.T.);
#1175=ORIENTED_EDGE('',*,*,#1680,.F.);
#1176=ORIENTED_EDGE('',*,*,#1833,.F.);
#1177=ORIENTED_EDGE('',*,*,#1631,.F.);
#1178=ORIENTED_EDGE('',*,*,#1733,.F.);
#1179=ORIENTED_EDGE('',*,*,#1830,.T.);
#1180=ORIENTED_EDGE('',*,*,#1724,.F.);
#1181=ORIENTED_EDGE('',*,*,#1834,.F.);
#1182=ORIENTED_EDGE('',*,*,#1727,.F.);
#1183=ORIENTED_EDGE('',*,*,#1831,.T.);
#1184=ORIENTED_EDGE('',*,*,#1728,.F.);
#1185=ORIENTED_EDGE('',*,*,#1835,.F.);
#1186=ORIENTED_EDGE('',*,*,#1717,.F.);
#1187=ORIENTED_EDGE('',*,*,#1832,.T.);
#1188=ORIENTED_EDGE('',*,*,#1690,.F.);
#1189=ORIENTED_EDGE('',*,*,#1836,.F.);
#1190=ORIENTED_EDGE('',*,*,#1678,.F.);
#1191=ORIENTED_EDGE('',*,*,#1833,.T.);
#1192=ORIENTED_EDGE('',*,*,#1679,.F.);
#1193=ORIENTED_EDGE('',*,*,#1837,.F.);
#1194=ORIENTED_EDGE('',*,*,#1632,.F.);
#1195=ORIENTED_EDGE('',*,*,#1835,.T.);
#1196=ORIENTED_EDGE('',*,*,#1834,.T.);
#1197=ORIENTED_EDGE('',*,*,#1838,.F.);
#1198=ORIENTED_EDGE('',*,*,#1837,.T.);
#1199=ORIENTED_EDGE('',*,*,#1836,.T.);
#1200=ORIENTED_EDGE('',*,*,#1839,.F.);
#1201=ORIENTED_EDGE('',*,*,#1838,.T.);
#1202=ORIENTED_EDGE('',*,*,#1723,.F.);
#1203=ORIENTED_EDGE('',*,*,#1840,.F.);
#1204=ORIENTED_EDGE('',*,*,#1718,.F.);
#1205=ORIENTED_EDGE('',*,*,#1839,.T.);
#1206=ORIENTED_EDGE('',*,*,#1689,.F.);
#1207=ORIENTED_EDGE('',*,*,#1841,.F.);
#1208=ORIENTED_EDGE('',*,*,#1633,.F.);
#1209=ORIENTED_EDGE('',*,*,#1840,.T.);
#1210=ORIENTED_EDGE('',*,*,#1637,.F.);
#1211=ORIENTED_EDGE('',*,*,#1842,.F.);
#1212=ORIENTED_EDGE('',*,*,#1719,.F.);
#1213=ORIENTED_EDGE('',*,*,#1688,.F.);
#1214=ORIENTED_EDGE('',*,*,#1799,.F.);
#1215=ORIENTED_EDGE('',*,*,#1843,.F.);
#1216=ORIENTED_EDGE('',*,*,#1634,.F.);
#1217=ORIENTED_EDGE('',*,*,#1841,.T.);
#1218=ORIENTED_EDGE('',*,*,#1844,.F.);
#1219=ORIENTED_EDGE('',*,*,#1635,.F.);
#1220=ORIENTED_EDGE('',*,*,#1845,.F.);
#1221=ORIENTED_EDGE('',*,*,#1641,.F.);
#1222=ORIENTED_EDGE('',*,*,#1842,.T.);
#1223=ORIENTED_EDGE('',*,*,#1636,.F.);
#1224=ORIENTED_EDGE('',*,*,#1846,.F.);
#1225=ORIENTED_EDGE('',*,*,#1805,.F.);
#1226=ORIENTED_EDGE('',*,*,#1720,.F.);
#1227=ORIENTED_EDGE('',*,*,#1845,.T.);
#1228=ORIENTED_EDGE('',*,*,#1843,.T.);
#1229=ORIENTED_EDGE('',*,*,#1847,.F.);
#1230=ORIENTED_EDGE('',*,*,#1846,.T.);
#1231=ORIENTED_EDGE('',*,*,#1844,.T.);
#1232=ORIENTED_EDGE('',*,*,#1848,.F.);
#1233=ORIENTED_EDGE('',*,*,#1847,.T.);
#1234=ORIENTED_EDGE('',*,*,#1798,.F.);
#1235=ORIENTED_EDGE('',*,*,#1849,.F.);
#1236=ORIENTED_EDGE('',*,*,#1642,.F.);
#1237=ORIENTED_EDGE('',*,*,#1848,.T.);
#1238=ORIENTED_EDGE('',*,*,#1644,.F.);
#1239=ORIENTED_EDGE('',*,*,#1850,.F.);
#1240=ORIENTED_EDGE('',*,*,#1806,.F.);
#1241=ORIENTED_EDGE('',*,*,#1849,.T.);
#1242=ORIENTED_EDGE('',*,*,#1796,.F.);
#1243=ORIENTED_EDGE('',*,*,#1851,.F.);
#1244=ORIENTED_EDGE('',*,*,#1645,.F.);
#1245=ORIENTED_EDGE('',*,*,#1850,.T.);
#1246=ORIENTED_EDGE('',*,*,#1647,.F.);
#1247=ORIENTED_EDGE('',*,*,#1852,.F.);
#1248=ORIENTED_EDGE('',*,*,#1804,.F.);
#1249=ORIENTED_EDGE('',*,*,#1851,.T.);
#1250=ORIENTED_EDGE('',*,*,#1794,.F.);
#1251=ORIENTED_EDGE('',*,*,#1853,.F.);
#1252=ORIENTED_EDGE('',*,*,#1648,.F.);
#1253=ORIENTED_EDGE('',*,*,#1854,.F.);
#1254=ORIENTED_EDGE('',*,*,#1649,.F.);
#1255=ORIENTED_EDGE('',*,*,#1855,.F.);
#1256=ORIENTED_EDGE('',*,*,#1657,.F.);
#1257=ORIENTED_EDGE('',*,*,#1852,.T.);
#1258=ORIENTED_EDGE('',*,*,#1650,.F.);
#1259=ORIENTED_EDGE('',*,*,#1856,.F.);
#1260=ORIENTED_EDGE('',*,*,#1800,.F.);
#1261=ORIENTED_EDGE('',*,*,#1855,.T.);
#1262=ORIENTED_EDGE('',*,*,#1853,.T.);
#1263=ORIENTED_EDGE('',*,*,#1857,.F.);
#1264=ORIENTED_EDGE('',*,*,#1856,.T.);
#1265=ORIENTED_EDGE('',*,*,#1854,.T.);
#1266=ORIENTED_EDGE('',*,*,#1858,.F.);
#1267=ORIENTED_EDGE('',*,*,#1857,.T.);
#1268=ORIENTED_EDGE('',*,*,#1793,.F.);
#1269=ORIENTED_EDGE('',*,*,#1859,.F.);
#1270=ORIENTED_EDGE('',*,*,#1658,.F.);
#1271=ORIENTED_EDGE('',*,*,#1858,.T.);
#1272=ORIENTED_EDGE('',*,*,#1656,.F.);
#1273=ORIENTED_EDGE('',*,*,#1860,.F.);
#1274=ORIENTED_EDGE('',*,*,#1801,.F.);
#1275=ORIENTED_EDGE('',*,*,#1859,.T.);
#1276=ORIENTED_EDGE('',*,*,#1684,.F.);
#1277=ORIENTED_EDGE('',*,*,#1861,.F.);
#1278=ORIENTED_EDGE('',*,*,#1651,.F.);
#1279=ORIENTED_EDGE('',*,*,#1860,.T.);
#1280=ORIENTED_EDGE('',*,*,#1655,.F.);
#1281=ORIENTED_EDGE('',*,*,#1862,.F.);
#1282=ORIENTED_EDGE('',*,*,#1703,.F.);
#1283=ORIENTED_EDGE('',*,*,#1861,.T.);
#1284=ORIENTED_EDGE('',*,*,#1781,.F.);
#1285=ORIENTED_EDGE('',*,*,#1863,.F.);
#1286=ORIENTED_EDGE('',*,*,#1652,.F.);
#1287=ORIENTED_EDGE('',*,*,#1864,.F.);
#1288=ORIENTED_EDGE('',*,*,#1653,.F.);
#1289=ORIENTED_EDGE('',*,*,#1865,.F.);
#1290=ORIENTED_EDGE('',*,*,#1659,.F.);
#1291=ORIENTED_EDGE('',*,*,#1862,.T.);
#1292=ORIENTED_EDGE('',*,*,#1654,.F.);
#1293=ORIENTED_EDGE('',*,*,#1866,.F.);
#1294=ORIENTED_EDGE('',*,*,#1786,.F.);
#1295=ORIENTED_EDGE('',*,*,#1865,.T.);
#1296=ORIENTED_EDGE('',*,*,#1863,.T.);
#1297=ORIENTED_EDGE('',*,*,#1867,.F.);
#1298=ORIENTED_EDGE('',*,*,#1866,.T.);
#1299=ORIENTED_EDGE('',*,*,#1864,.T.);
#1300=ORIENTED_EDGE('',*,*,#1868,.F.);
#1301=ORIENTED_EDGE('',*,*,#1867,.T.);
#1302=ORIENTED_EDGE('',*,*,#1780,.F.);
#1303=ORIENTED_EDGE('',*,*,#1869,.F.);
#1304=ORIENTED_EDGE('',*,*,#1660,.F.);
#1305=ORIENTED_EDGE('',*,*,#1868,.T.);
#1306=ORIENTED_EDGE('',*,*,#1662,.F.);
#1307=ORIENTED_EDGE('',*,*,#1870,.F.);
#1308=ORIENTED_EDGE('',*,*,#1787,.F.);
#1309=ORIENTED_EDGE('',*,*,#1871,.F.);
#1310=ORIENTED_EDGE('',*,*,#1603,.F.);
#1311=ORIENTED_EDGE('',*,*,#1872,.F.);
#1312=ORIENTED_EDGE('',*,*,#1767,.F.);
#1313=ORIENTED_EDGE('',*,*,#1872,.T.);
#1314=ORIENTED_EDGE('',*,*,#1602,.F.);
#1315=ORIENTED_EDGE('',*,*,#1873,.F.);
#1316=ORIENTED_EDGE('',*,*,#1699,.F.);
#1317=ORIENTED_EDGE('',*,*,#1869,.T.);
#1318=ORIENTED_EDGE('',*,*,#1783,.F.);
#1319=ORIENTED_EDGE('',*,*,#1874,.F.);
#1320=ORIENTED_EDGE('',*,*,#1663,.F.);
#1321=ORIENTED_EDGE('',*,*,#1870,.T.);
#1322=ORIENTED_EDGE('',*,*,#1665,.F.);
#1323=ORIENTED_EDGE('',*,*,#1875,.F.);
#1324=ORIENTED_EDGE('',*,*,#1789,.F.);
#1325=ORIENTED_EDGE('',*,*,#1871,.T.);
#1326=ORIENTED_EDGE('',*,*,#1707,.F.);
#1327=ORIENTED_EDGE('',*,*,#1876,.F.);
#1328=ORIENTED_EDGE('',*,*,#1604,.F.);
#1329=ORIENTED_EDGE('',*,*,#1873,.T.);
#1330=ORIENTED_EDGE('',*,*,#1601,.F.);
#1331=ORIENTED_EDGE('',*,*,#1877,.F.);
#1332=ORIENTED_EDGE('',*,*,#1784,.F.);
#1333=ORIENTED_EDGE('',*,*,#1874,.T.);
#1334=ORIENTED_EDGE('',*,*,#1785,.F.);
#1335=ORIENTED_EDGE('',*,*,#1878,.F.);
#1336=ORIENTED_EDGE('',*,*,#1666,.F.);
#1337=ORIENTED_EDGE('',*,*,#1875,.T.);
#1338=ORIENTED_EDGE('',*,*,#1668,.F.);
#1339=ORIENTED_EDGE('',*,*,#1879,.F.);
#1340=ORIENTED_EDGE('',*,*,#1791,.F.);
#1341=ORIENTED_EDGE('',*,*,#1876,.T.);
#1342=ORIENTED_EDGE('',*,*,#1792,.F.);
#1343=ORIENTED_EDGE('',*,*,#1880,.F.);
#1344=ORIENTED_EDGE('',*,*,#1599,.F.);
#1345=ORIENTED_EDGE('',*,*,#1878,.T.);
#1346=ORIENTED_EDGE('',*,*,#1877,.T.);
#1347=ORIENTED_EDGE('',*,*,#1881,.F.);
#1348=ORIENTED_EDGE('',*,*,#1880,.T.);
#1349=ORIENTED_EDGE('',*,*,#1879,.T.);
#1350=ORIENTED_EDGE('',*,*,#1882,.F.);
#1351=ORIENTED_EDGE('',*,*,#1881,.T.);
#1352=ORIENTED_EDGE('',*,*,#1600,.F.);
#1353=ORIENTED_EDGE('',*,*,#1882,.T.);
#1354=ORIENTED_EDGE('',*,*,#1667,.F.);
#1355=ORIENTED_EDGE('',*,*,#1768,.F.);
#1356=ORIENTED_EDGE('',*,*,#1697,.F.);
#1357=ORIENTED_EDGE('',*,*,#1883,.F.);
#1358=ORIENTED_EDGE('',*,*,#1777,.F.);
#1359=ORIENTED_EDGE('',*,*,#1776,.F.);
#1360=ORIENTED_EDGE('',*,*,#1883,.T.);
#1361=ORIENTED_EDGE('',*,*,#1696,.F.);
#1362=ORIENTED_EDGE('',*,*,#1884,.F.);
#1363=ORIENTED_EDGE('',*,*,#1616,.F.);
#1364=ORIENTED_EDGE('',*,*,#1778,.F.);
#1365=ORIENTED_EDGE('',*,*,#1884,.T.);
#1366=ORIENTED_EDGE('',*,*,#1807,.F.);
#1367=ORIENTED_EDGE('',*,*,#1885,.F.);
#1368=ORIENTED_EDGE('',*,*,#1617,.F.);
#1369=ORIENTED_EDGE('',*,*,#1885,.T.);
#1370=ORIENTED_EDGE('',*,*,#1670,.F.);
#1371=ORIENTED_EDGE('',*,*,#1886,.F.);
#1372=ORIENTED_EDGE('',*,*,#1618,.F.);
#1373=ORIENTED_EDGE('',*,*,#1886,.T.);
#1374=ORIENTED_EDGE('',*,*,#1809,.F.);
#1375=ORIENTED_EDGE('',*,*,#1887,.F.);
#1376=ORIENTED_EDGE('',*,*,#1612,.F.);
#1377=ORIENTED_EDGE('',*,*,#1887,.T.);
#1378=ORIENTED_EDGE('',*,*,#1710,.F.);
#1379=ORIENTED_EDGE('',*,*,#1888,.F.);
#1380=ORIENTED_EDGE('',*,*,#1772,.F.);
#1381=ORIENTED_EDGE('',*,*,#1613,.F.);
#1382=ORIENTED_EDGE('',*,*,#1771,.F.);
#1383=ORIENTED_EDGE('',*,*,#1774,.F.);
#1384=ORIENTED_EDGE('',*,*,#1773,.F.);
#1385=ORIENTED_EDGE('',*,*,#1888,.T.);
#1386=ORIENTED_EDGE('',*,*,#1709,.F.);
#1387=ORIENTED_EDGE('',*,*,#1889,.F.);
#1388=ORIENTED_EDGE('',*,*,#1588,.F.);
#1389=ORIENTED_EDGE('',*,*,#1890,.F.);
#1390=ORIENTED_EDGE('',*,*,#1712,.F.);
#1391=ORIENTED_EDGE('',*,*,#1890,.T.);
#1392=ORIENTED_EDGE('',*,*,#1587,.F.);
#1393=ORIENTED_EDGE('',*,*,#1891,.F.);
#1394=ORIENTED_EDGE('',*,*,#1813,.F.);
#1395=ORIENTED_EDGE('',*,*,#1889,.T.);
#1396=ORIENTED_EDGE('',*,*,#1810,.F.);
#1397=ORIENTED_EDGE('',*,*,#1892,.F.);
#1398=ORIENTED_EDGE('',*,*,#1589,.F.);
#1399=ORIENTED_EDGE('',*,*,#1891,.T.);
#1400=ORIENTED_EDGE('',*,*,#1586,.F.);
#1401=ORIENTED_EDGE('',*,*,#1893,.F.);
#1402=ORIENTED_EDGE('',*,*,#1674,.F.);
#1403=ORIENTED_EDGE('',*,*,#1892,.T.);
#1404=ORIENTED_EDGE('',*,*,#1672,.F.);
#1405=ORIENTED_EDGE('',*,*,#1894,.F.);
#1406=ORIENTED_EDGE('',*,*,#1590,.F.);
#1407=ORIENTED_EDGE('',*,*,#1893,.T.);
#1408=ORIENTED_EDGE('',*,*,#1585,.F.);
#1409=ORIENTED_EDGE('',*,*,#1895,.F.);
#1410=ORIENTED_EDGE('',*,*,#1811,.F.);
#1411=ORIENTED_EDGE('',*,*,#1894,.T.);
#1412=ORIENTED_EDGE('',*,*,#1808,.F.);
#1413=ORIENTED_EDGE('',*,*,#1896,.F.);
#1414=ORIENTED_EDGE('',*,*,#1583,.F.);
#1415=ORIENTED_EDGE('',*,*,#1895,.T.);
#1416=ORIENTED_EDGE('',*,*,#1584,.F.);
#1417=ORIENTED_EDGE('',*,*,#1896,.T.);
#1418=ORIENTED_EDGE('',*,*,#1694,.F.);
#1419=ORIENTED_EDGE('',*,*,#1760,.F.);
#1420=ORIENTED_EDGE('',*,*,#1759,.F.);
#1421=ORIENTED_EDGE('',*,*,#1897,.F.);
#1422=ORIENTED_EDGE('',*,*,#1595,.F.);
#1423=ORIENTED_EDGE('',*,*,#1898,.F.);
#1424=ORIENTED_EDGE('',*,*,#1765,.F.);
#1425=ORIENTED_EDGE('',*,*,#1764,.F.);
#1426=ORIENTED_EDGE('',*,*,#1899,.F.);
#1427=ORIENTED_EDGE('',*,*,#1596,.F.);
#1428=ORIENTED_EDGE('',*,*,#1897,.T.);
#1429=ORIENTED_EDGE('',*,*,#1758,.F.);
#1430=ORIENTED_EDGE('',*,*,#1898,.T.);
#1431=ORIENTED_EDGE('',*,*,#1594,.F.);
#1432=ORIENTED_EDGE('',*,*,#1900,.F.);
#1433=ORIENTED_EDGE('',*,*,#1755,.F.);
#1434=ORIENTED_EDGE('',*,*,#1754,.F.);
#1435=ORIENTED_EDGE('',*,*,#1763,.F.);
#1436=ORIENTED_EDGE('',*,*,#1742,.F.);
#1437=ORIENTED_EDGE('',*,*,#1901,.F.);
#1438=ORIENTED_EDGE('',*,*,#1591,.F.);
#1439=ORIENTED_EDGE('',*,*,#1899,.T.);
#1440=ORIENTED_EDGE('',*,*,#1900,.T.);
#1441=ORIENTED_EDGE('',*,*,#1593,.F.);
#1442=ORIENTED_EDGE('',*,*,#1902,.F.);
#1443=ORIENTED_EDGE('',*,*,#1750,.F.);
#1444=ORIENTED_EDGE('',*,*,#1749,.F.);
#1445=ORIENTED_EDGE('',*,*,#1756,.F.);
#1446=ORIENTED_EDGE('',*,*,#1901,.T.);
#1447=ORIENTED_EDGE('',*,*,#1746,.F.);
#1448=ORIENTED_EDGE('',*,*,#1751,.F.);
#1449=ORIENTED_EDGE('',*,*,#1902,.T.);
#1450=ORIENTED_EDGE('',*,*,#1592,.F.);
#1451=ORIENTED_EDGE('',*,*,#1903,.F.);
#1452=ORIENTED_EDGE('',*,*,#1761,.F.);
#1453=ORIENTED_EDGE('',*,*,#1904,.F.);
#1454=ORIENTED_EDGE('',*,*,#1609,.F.);
#1455=ORIENTED_EDGE('',*,*,#1904,.T.);
#1456=ORIENTED_EDGE('',*,*,#1757,.F.);
#1457=ORIENTED_EDGE('',*,*,#1905,.F.);
#1458=ORIENTED_EDGE('',*,*,#1610,.F.);
#1459=ORIENTED_EDGE('',*,*,#1903,.T.);
#1460=ORIENTED_EDGE('',*,*,#1608,.F.);
#1461=ORIENTED_EDGE('',*,*,#1906,.F.);
#1462=ORIENTED_EDGE('',*,*,#1766,.F.);
#1463=ORIENTED_EDGE('',*,*,#1905,.T.);
#1464=ORIENTED_EDGE('',*,*,#1752,.F.);
#1465=ORIENTED_EDGE('',*,*,#1907,.F.);
#1466=ORIENTED_EDGE('',*,*,#1605,.F.);
#1467=ORIENTED_EDGE('',*,*,#1906,.T.);
#1468=ORIENTED_EDGE('',*,*,#1607,.F.);
#1469=ORIENTED_EDGE('',*,*,#1908,.F.);
#1470=ORIENTED_EDGE('',*,*,#1744,.F.);
#1471=ORIENTED_EDGE('',*,*,#1907,.T.);
#1472=ORIENTED_EDGE('',*,*,#1747,.F.);
#1473=ORIENTED_EDGE('',*,*,#1908,.T.);
#1474=ORIENTED_EDGE('',*,*,#1606,.F.);
#1475=ORIENTED_EDGE('',*,*,#1740,.F.);
#1476=ORIENTED_EDGE('',*,*,#1611,.F.);
#1477=ORIENTED_EDGE('',*,*,#1619,.F.);
#1478=ORIENTED_EDGE('',*,*,#1738,.F.);
#1479=ORIENTED_EDGE('',*,*,#1620,.F.);
#1480=ORIENTED_EDGE('',*,*,#1597,.F.);
#1481=ORIENTED_EDGE('',*,*,#1623,.F.);
#1482=ORIENTED_EDGE('',*,*,#1735,.F.);
#1483=ORIENTED_EDGE('',*,*,#1737,.F.);
#1484=ORIENTED_EDGE('',*,*,#1621,.F.);
#1485=ORIENTED_EDGE('',*,*,#1598,.F.);
#1486=ORIENTED_EDGE('',*,*,#1622,.F.);
#1487=ORIENTED_EDGE('',*,*,#1630,.T.);
#1488=EDGE_CURVE('',#1909,#1909,#2161,.T.);
#1489=EDGE_CURVE('',#1910,#1910,#2162,.F.);
#1490=EDGE_CURVE('',#1911,#1911,#461,.T.);
#1491=EDGE_CURVE('',#1912,#1913,#89,.F.);
#1492=EDGE_CURVE('',#1913,#1914,#462,.T.);
#1493=EDGE_CURVE('',#1914,#1915,#2163,.F.);
#1494=EDGE_CURVE('',#1915,#1916,#90,.F.);
#1495=EDGE_CURVE('',#1916,#1917,#2164,.T.);
#1496=EDGE_CURVE('',#1917,#1918,#463,.T.);
#1497=EDGE_CURVE('',#1918,#1919,#464,.T.);
#1498=EDGE_CURVE('',#1919,#1912,#2165,.F.);
#1499=EDGE_CURVE('',#1920,#1920,#2166,.T.);
#1500=EDGE_CURVE('',#1921,#1921,#2167,.T.);
#1501=EDGE_CURVE('',#1922,#1923,#91,.T.);
#1502=EDGE_CURVE('',#1923,#1924,#2168,.T.);
#1503=EDGE_CURVE('',#1924,#1925,#92,.F.);
#1504=EDGE_CURVE('',#1925,#1926,#465,.T.);
#1505=EDGE_CURVE('',#1926,#1927,#93,.T.);
#1506=EDGE_CURVE('',#1927,#1922,#2169,.F.);
#1507=EDGE_CURVE('',#1928,#1929,#94,.T.);
#1508=EDGE_CURVE('',#1929,#1930,#466,.T.);
#1509=EDGE_CURVE('',#1930,#1931,#95,.F.);
#1510=EDGE_CURVE('',#1931,#1932,#2170,.F.);
#1511=EDGE_CURVE('',#1932,#1933,#96,.T.);
#1512=EDGE_CURVE('',#1933,#1928,#2171,.T.);
#1513=EDGE_CURVE('',#1934,#1935,#97,.T.);
#1514=EDGE_CURVE('',#1935,#1936,#98,.T.);
#1515=EDGE_CURVE('',#1936,#1937,#99,.T.);
#1516=EDGE_CURVE('',#1937,#1934,#100,.T.);
#1517=EDGE_CURVE('',#1938,#1938,#467,.T.);
#1518=EDGE_CURVE('',#1939,#1940,#101,.F.);
#1519=EDGE_CURVE('',#1940,#1941,#2172,.F.);
#1520=EDGE_CURVE('',#1941,#1942,#102,.T.);
#1521=EDGE_CURVE('',#1942,#1943,#2173,.T.);
#1522=EDGE_CURVE('',#1943,#1944,#468,.T.);
#1523=EDGE_CURVE('',#1944,#1945,#103,.T.);
#1524=EDGE_CURVE('',#1945,#1939,#2174,.T.);
#1525=EDGE_CURVE('',#1946,#1947,#104,.T.);
#1526=EDGE_CURVE('',#1947,#1948,#105,.T.);
#1527=EDGE_CURVE('',#1948,#1949,#106,.T.);
#1528=EDGE_CURVE('',#1949,#1946,#107,.T.);
#1529=EDGE_CURVE('',#1950,#1951,#108,.F.);
#1530=EDGE_CURVE('',#1951,#1952,#2175,.F.);
#1531=EDGE_CURVE('',#1952,#1953,#109,.T.);
#1532=EDGE_CURVE('',#1953,#1950,#2176,.T.);
#1533=EDGE_CURVE('',#1948,#1951,#469,.T.);
#1534=EDGE_CURVE('',#1950,#1949,#470,.T.);
#1535=EDGE_CURVE('',#1954,#1954,#471,.T.);
#1536=EDGE_CURVE('',#1955,#1955,#2177,.T.);
#1537=EDGE_CURVE('',#1956,#1956,#2178,.F.);
#1538=EDGE_CURVE('',#1957,#1958,#2179,.T.);
#1539=EDGE_CURVE('',#1958,#1940,#110,.T.);
#1540=EDGE_CURVE('',#1939,#1957,#111,.T.);
#1541=EDGE_CURVE('',#1959,#1959,#2180,.T.);
#1542=EDGE_CURVE('',#1957,#1960,#472,.T.);
#1543=EDGE_CURVE('',#1960,#1961,#473,.F.);
#1544=EDGE_CURVE('',#1961,#1962,#474,.T.);
#1545=EDGE_CURVE('',#1962,#1963,#2181,.F.);
#1546=EDGE_CURVE('',#1963,#1964,#475,.T.);
#1547=EDGE_CURVE('',#1964,#1965,#476,.F.);
#1548=EDGE_CURVE('',#1965,#1958,#477,.T.);
#1549=EDGE_CURVE('',#1924,#1966,#478,.T.);
#1550=EDGE_CURVE('',#1966,#1931,#479,.T.);
#1551=EDGE_CURVE('',#1930,#1925,#2182,.T.);
#1552=EDGE_CURVE('',#1930,#1963,#480,.T.);
#1553=EDGE_CURVE('',#1965,#1929,#481,.T.);
#1554=EDGE_CURVE('',#1940,#1928,#482,.F.);
#1555=EDGE_CURVE('',#1942,#1952,#483,.F.);
#1556=EDGE_CURVE('',#1936,#1942,#112,.T.);
#1557=EDGE_CURVE('',#1952,#1936,#113,.T.);
#1558=EDGE_CURVE('',#1925,#1962,#484,.F.);
#1559=EDGE_CURVE('',#1941,#1933,#485,.T.);
#1560=EDGE_CURVE('',#1937,#1941,#114,.F.);
#1561=EDGE_CURVE('',#1953,#1935,#115,.F.);
#1562=EDGE_CURVE('',#1943,#1951,#486,.F.);
#1563=EDGE_CURVE('',#1926,#1960,#487,.T.);
#1564=EDGE_CURVE('',#1937,#1933,#116,.F.);
#1565=EDGE_CURVE('',#1953,#1915,#488,.F.);
#1566=EDGE_CURVE('',#1915,#1935,#117,.T.);
#1567=EDGE_CURVE('',#1944,#1948,#489,.T.);
#1568=EDGE_CURVE('',#1927,#1939,#490,.T.);
#1569=EDGE_CURVE('',#1934,#1932,#118,.T.);
#1570=EDGE_CURVE('',#1916,#1934,#119,.F.);
#1571=EDGE_CURVE('',#1950,#1914,#491,.F.);
#1572=EDGE_CURVE('',#1945,#1947,#120,.F.);
#1573=EDGE_CURVE('',#1922,#1945,#492,.T.);
#1574=EDGE_CURVE('',#1916,#1932,#493,.F.);
#1575=EDGE_CURVE('',#1949,#1913,#494,.T.);
#1576=EDGE_CURVE('',#1922,#1947,#121,.T.);
#1577=EDGE_CURVE('',#1917,#1931,#495,.F.);
#1578=EDGE_CURVE('',#1946,#1912,#122,.F.);
#1579=EDGE_CURVE('',#1923,#1946,#123,.F.);
#1580=EDGE_CURVE('',#1918,#1966,#496,.F.);
#1581=EDGE_CURVE('',#1923,#1912,#497,.F.);
#1582=EDGE_CURVE('',#1919,#1924,#498,.T.);
#1583=EDGE_CURVE('',#1967,#1968,#499,.T.);
#1584=EDGE_CURVE('',#1968,#1969,#2183,.F.);
#1585=EDGE_CURVE('',#1969,#1970,#500,.T.);
#1586=EDGE_CURVE('',#1970,#1971,#124,.T.);
#1587=EDGE_CURVE('',#1971,#1972,#501,.T.);
#1588=EDGE_CURVE('',#1972,#1973,#2184,.T.);
#1589=EDGE_CURVE('',#1973,#1974,#502,.T.);
#1590=EDGE_CURVE('',#1974,#1967,#125,.F.);
#1591=EDGE_CURVE('',#1975,#1976,#503,.T.);
#1592=EDGE_CURVE('',#1976,#1977,#504,.T.);
#1593=EDGE_CURVE('',#1977,#1978,#505,.T.);
#1594=EDGE_CURVE('',#1978,#1979,#506,.T.);
#1595=EDGE_CURVE('',#1979,#1980,#507,.T.);
#1596=EDGE_CURVE('',#1980,#1975,#508,.T.);
#1597=EDGE_CURVE('',#1981,#1981,#509,.T.);
#1598=EDGE_CURVE('',#1982,#1982,#510,.T.);
#1599=EDGE_CURVE('',#1983,#1984,#126,.T.);
#1600=EDGE_CURVE('',#1984,#1985,#127,.T.);
#1601=EDGE_CURVE('',#1985,#1986,#128,.T.);
#1602=EDGE_CURVE('',#1986,#1987,#129,.T.);
#1603=EDGE_CURVE('',#1987,#1988,#2185,.F.);
#1604=EDGE_CURVE('',#1988,#1983,#130,.T.);
#1605=EDGE_CURVE('',#1989,#1990,#2186,.T.);
#1606=EDGE_CURVE('',#1990,#1991,#131,.T.);
#1607=EDGE_CURVE('',#1991,#1992,#132,.T.);
#1608=EDGE_CURVE('',#1992,#1993,#2187,.T.);
#1609=EDGE_CURVE('',#1993,#1994,#133,.T.);
#1610=EDGE_CURVE('',#1994,#1989,#134,.T.);
#1611=EDGE_CURVE('',#1995,#1995,#511,.T.);
#1612=EDGE_CURVE('',#1996,#1997,#512,.T.);
#1613=EDGE_CURVE('',#1997,#1998,#2188,.F.);
#1614=EDGE_CURVE('',#1998,#1999,#513,.T.);
#1615=EDGE_CURVE('',#1999,#2000,#514,.T.);
#1616=EDGE_CURVE('',#2000,#2001,#2189,.T.);
#1617=EDGE_CURVE('',#2001,#2002,#515,.T.);
#1618=EDGE_CURVE('',#2002,#1996,#135,.T.);
#1619=EDGE_CURVE('',#2003,#2003,#2190,.T.);
#1620=EDGE_CURVE('',#2004,#2004,#516,.T.);
#1621=EDGE_CURVE('',#2005,#2005,#2191,.T.);
#1622=EDGE_CURVE('',#2006,#2006,#517,.T.);
#1623=EDGE_CURVE('',#2007,#2007,#518,.T.);
#1624=EDGE_CURVE('',#2008,#2009,#136,.T.);
#1625=EDGE_CURVE('',#2009,#2010,#2192,.F.);
#1626=EDGE_CURVE('',#2010,#2011,#519,.T.);
#1627=EDGE_CURVE('',#2011,#2012,#137,.F.);
#1628=EDGE_CURVE('',#2012,#2013,#520,.T.);
#1629=EDGE_CURVE('',#2013,#2008,#2193,.T.);
#1630=EDGE_CURVE('',#2014,#2014,#521,.T.);
#1631=EDGE_CURVE('',#2015,#2016,#10,.T.);
#1632=EDGE_CURVE('',#2016,#2017,#138,.F.);
#1633=EDGE_CURVE('',#2017,#2018,#2194,.T.);
#1634=EDGE_CURVE('',#2018,#2019,#522,.T.);
#1635=EDGE_CURVE('',#2019,#2020,#139,.T.);
#1636=EDGE_CURVE('',#2020,#2021,#523,.T.);
#1637=EDGE_CURVE('',#2021,#2022,#2195,.F.);
#1638=EDGE_CURVE('',#2023,#2022,#140,.T.);
#1639=EDGE_CURVE('',#2023,#2024,#524,.T.);
#1640=EDGE_CURVE('',#2015,#2024,#2196,.T.);
#1641=EDGE_CURVE('',#2025,#2026,#141,.T.);
#1642=EDGE_CURVE('',#2026,#2027,#142,.T.);
#1643=EDGE_CURVE('',#2027,#2028,#143,.T.);
#1644=EDGE_CURVE('',#2028,#2025,#144,.T.);
#1645=EDGE_CURVE('',#2027,#2029,#2197,.T.);
#1646=EDGE_CURVE('',#2029,#2030,#145,.T.);
#1647=EDGE_CURVE('',#2030,#2028,#2198,.T.);
#1648=EDGE_CURVE('',#2029,#2031,#146,.T.);
#1649=EDGE_CURVE('',#2031,#2032,#147,.T.);
#1650=EDGE_CURVE('',#2032,#2030,#148,.T.);
#1651=EDGE_CURVE('',#2033,#2034,#2199,.T.);
#1652=EDGE_CURVE('',#2034,#2035,#525,.T.);
#1653=EDGE_CURVE('',#2035,#2036,#149,.T.);
#1654=EDGE_CURVE('',#2036,#2037,#526,.T.);
#1655=EDGE_CURVE('',#2037,#2038,#2200,.F.);
#1656=EDGE_CURVE('',#2038,#2039,#527,.T.);
#1657=EDGE_CURVE('',#2039,#2040,#150,.F.);
#1658=EDGE_CURVE('',#2040,#2033,#528,.T.);
#1659=EDGE_CURVE('',#2041,#2042,#151,.T.);
#1660=EDGE_CURVE('',#2042,#2043,#152,.T.);
#1661=EDGE_CURVE('',#2043,#2044,#153,.T.);
#1662=EDGE_CURVE('',#2044,#2041,#154,.T.);
#1663=EDGE_CURVE('',#2043,#2045,#2201,.T.);
#1664=EDGE_CURVE('',#2045,#2046,#155,.T.);
#1665=EDGE_CURVE('',#2046,#2044,#2202,.T.);
#1666=EDGE_CURVE('',#2045,#2047,#156,.T.);
#1667=EDGE_CURVE('',#2047,#2048,#157,.T.);
#1668=EDGE_CURVE('',#2048,#2046,#158,.T.);
#1669=EDGE_CURVE('',#2049,#2050,#159,.T.);
#1670=EDGE_CURVE('',#2050,#2051,#160,.T.);
#1671=EDGE_CURVE('',#2051,#2052,#161,.T.);
#1672=EDGE_CURVE('',#2052,#2049,#162,.T.);
#1673=EDGE_CURVE('',#2053,#2054,#163,.T.);
#1674=EDGE_CURVE('',#2054,#2055,#164,.T.);
#1675=EDGE_CURVE('',#2055,#2056,#165,.T.);
#1676=EDGE_CURVE('',#2056,#2053,#166,.T.);
#1677=EDGE_CURVE('',#2057,#2058,#167,.T.);
#1678=EDGE_CURVE('',#2058,#2059,#168,.T.);
#1679=EDGE_CURVE('',#2059,#2060,#169,.T.);
#1680=EDGE_CURVE('',#2060,#2061,#170,.T.);
#1681=EDGE_CURVE('',#2061,#2062,#171,.T.);
#1682=EDGE_CURVE('',#2062,#2057,#172,.T.);
#1683=EDGE_CURVE('',#2063,#2064,#173,.T.);
#1684=EDGE_CURVE('',#2064,#2065,#2203,.F.);
#1685=EDGE_CURVE('',#2065,#2066,#174,.T.);
#1686=EDGE_CURVE('',#2066,#2067,#2204,.T.);
#1687=EDGE_CURVE('',#2067,#2068,#175,.T.);
#1688=EDGE_CURVE('',#2068,#2069,#529,.T.);
#1689=EDGE_CURVE('',#2069,#2070,#2205,.F.);
#1690=EDGE_CURVE('',#2070,#2071,#176,.T.);
#1691=EDGE_CURVE('',#2071,#2072,#177,.T.);
#1692=EDGE_CURVE('',#2072,#2073,#2206,.F.);
#1693=EDGE_CURVE('',#2073,#2074,#178,.T.);
#1694=EDGE_CURVE('',#2074,#2075,#2207,.T.);
#1695=EDGE_CURVE('',#2075,#2076,#179,.T.);
#1696=EDGE_CURVE('',#2076,#2077,#2208,.F.);
#1697=EDGE_CURVE('',#2077,#2078,#530,.T.);
#1698=EDGE_CURVE('',#2078,#2079,#180,.T.);
#1699=EDGE_CURVE('',#2079,#2080,#181,.T.);
#1700=EDGE_CURVE('',#2080,#2081,#182,.T.);
#1701=EDGE_CURVE('',#2081,#2063,#2209,.T.);
#1702=EDGE_CURVE('',#2082,#2083,#183,.T.);
#1703=EDGE_CURVE('',#2083,#2084,#2210,.T.);
#1704=EDGE_CURVE('',#2084,#2085,#184,.T.);
#1705=EDGE_CURVE('',#2085,#2086,#2211,.F.);
#1706=EDGE_CURVE('',#2086,#2087,#185,.T.);
#1707=EDGE_CURVE('',#2087,#2088,#186,.T.);
#1708=EDGE_CURVE('',#2088,#2089,#187,.F.);
#1709=EDGE_CURVE('',#2089,#2090,#531,.T.);
#1710=EDGE_CURVE('',#2090,#2091,#2212,.T.);
#1711=EDGE_CURVE('',#2091,#2092,#188,.T.);
#1712=EDGE_CURVE('',#2092,#2093,#2213,.F.);
#1713=EDGE_CURVE('',#2093,#2094,#189,.T.);
#1714=EDGE_CURVE('',#2094,#2095,#2214,.T.);
#1715=EDGE_CURVE('',#2095,#2096,#190,.T.);
#1716=EDGE_CURVE('',#2096,#2097,#191,.T.);
#1717=EDGE_CURVE('',#2097,#2098,#2215,.T.);
#1718=EDGE_CURVE('',#2098,#2099,#192,.T.);
#1719=EDGE_CURVE('',#2099,#2100,#2216,.T.);
#1720=EDGE_CURVE('',#2100,#2101,#532,.T.);
#1721=EDGE_CURVE('',#2101,#2102,#193,.T.);
#1722=EDGE_CURVE('',#2102,#2082,#2217,.F.);
#1723=EDGE_CURVE('',#2022,#2103,#194,.T.);
#1724=EDGE_CURVE('',#2103,#2104,#195,.T.);
#1725=EDGE_CURVE('',#2104,#2023,#196,.F.);
#1726=EDGE_CURVE('',#2105,#2106,#533,.T.);
#1727=EDGE_CURVE('',#2106,#2107,#197,.T.);
#1728=EDGE_CURVE('',#2107,#2108,#2218,.F.);
#1729=EDGE_CURVE('',#2108,#2109,#198,.F.);
#1730=EDGE_CURVE('',#2109,#2105,#2219,.T.);
#1731=EDGE_CURVE('',#2024,#2110,#199,.T.);
#1732=EDGE_CURVE('',#2110,#2111,#2220,.F.);
#1733=EDGE_CURVE('',#2111,#2015,#200,.T.);
#1734=EDGE_CURVE('',#2104,#2110,#534,.T.);
#1735=EDGE_CURVE('',#2112,#2112,#535,.T.);
#1736=EDGE_CURVE('',#2113,#2113,#2221,.T.);
#1737=EDGE_CURVE('',#2114,#2114,#2222,.F.);
#1738=EDGE_CURVE('',#2115,#2115,#2223,.F.);
#1739=EDGE_CURVE('',#2116,#2116,#2224,.T.);
#1740=EDGE_CURVE('',#2117,#2117,#536,.T.);
#1741=EDGE_CURVE('',#2118,#2119,#201,.T.);
#1742=EDGE_CURVE('',#2118,#2120,#537,.T.);
#1743=EDGE_CURVE('',#2120,#2121,#202,.T.);
#1744=EDGE_CURVE('',#2121,#2119,#203,.T.);
#1745=EDGE_CURVE('',#2122,#2123,#204,.T.);
#1746=EDGE_CURVE('',#2122,#2118,#538,.T.);
#1747=EDGE_CURVE('',#2119,#2123,#205,.T.);
#1748=EDGE_CURVE('',#2124,#2125,#206,.T.);
#1749=EDGE_CURVE('',#2124,#2126,#539,.T.);
#1750=EDGE_CURVE('',#2126,#2127,#540,.F.);
#1751=EDGE_CURVE('',#2127,#2122,#541,.T.);
#1752=EDGE_CURVE('',#2123,#2125,#2225,.F.);
#1753=EDGE_CURVE('',#2128,#2129,#207,.T.);
#1754=EDGE_CURVE('',#2128,#2130,#542,.T.);
#1755=EDGE_CURVE('',#2130,#2131,#543,.F.);
#1756=EDGE_CURVE('',#2131,#2124,#544,.T.);
#1757=EDGE_CURVE('',#2125,#2129,#208,.T.);
#1758=EDGE_CURVE('',#2132,#2133,#545,.T.);
#1759=EDGE_CURVE('',#2133,#2134,#546,.T.);
#1760=EDGE_CURVE('',#2134,#2128,#547,.T.);
#1761=EDGE_CURVE('',#2129,#2135,#209,.T.);
#1762=EDGE_CURVE('',#2132,#2135,#210,.T.);
#1763=EDGE_CURVE('',#2120,#2136,#548,.T.);
#1764=EDGE_CURVE('',#2136,#2137,#549,.F.);
#1765=EDGE_CURVE('',#2137,#2132,#550,.T.);
#1766=EDGE_CURVE('',#2135,#2121,#2226,.F.);
#1767=EDGE_CURVE('',#2088,#2079,#2227,.T.);
#1768=EDGE_CURVE('',#2078,#2138,#551,.T.);
#1769=EDGE_CURVE('',#2138,#2139,#552,.T.);
#1770=EDGE_CURVE('',#2139,#2140,#553,.T.);
#1771=EDGE_CURVE('',#2140,#2089,#554,.T.);
#1772=EDGE_CURVE('',#1998,#2141,#555,.T.);
#1773=EDGE_CURVE('',#2141,#2142,#556,.F.);
#1774=EDGE_CURVE('',#2142,#2140,#557,.T.);
#1775=EDGE_CURVE('',#1999,#2139,#558,.F.);
#1776=EDGE_CURVE('',#2138,#2143,#559,.T.);
#1777=EDGE_CURVE('',#2143,#2144,#560,.F.);
#1778=EDGE_CURVE('',#2144,#2000,#561,.T.);
#1779=EDGE_CURVE('',#2145,#2063,#211,.T.);
#1780=EDGE_CURVE('',#2145,#2146,#212,.T.);
#1781=EDGE_CURVE('',#2146,#2064,#562,.T.);
#1782=EDGE_CURVE('',#2147,#2081,#213,.T.);
#1783=EDGE_CURVE('',#2147,#2145,#2228,.T.);
#1784=EDGE_CURVE('',#2080,#2148,#214,.F.);
#1785=EDGE_CURVE('',#2148,#2147,#215,.F.);
#1786=EDGE_CURVE('',#2084,#2149,#563,.T.);
#1787=EDGE_CURVE('',#2149,#2150,#216,.F.);
#1788=EDGE_CURVE('',#2085,#2150,#217,.T.);
#1789=EDGE_CURVE('',#2150,#2151,#2229,.T.);
#1790=EDGE_CURVE('',#2086,#2151,#218,.T.);
#1791=EDGE_CURVE('',#2151,#2152,#219,.T.);
#1792=EDGE_CURVE('',#2152,#2087,#220,.T.);
#1793=EDGE_CURVE('',#2065,#2153,#564,.T.);
#1794=EDGE_CURVE('',#2153,#2154,#221,.F.);
#1795=EDGE_CURVE('',#2066,#2154,#222,.T.);
#1796=EDGE_CURVE('',#2154,#2155,#2230,.F.);
#1797=EDGE_CURVE('',#2067,#2155,#223,.T.);
#1798=EDGE_CURVE('',#2155,#2156,#224,.T.);
#1799=EDGE_CURVE('',#2156,#2068,#565,.T.);
#1800=EDGE_CURVE('',#2157,#2158,#225,.T.);
#1801=EDGE_CURVE('',#2158,#2083,#566,.T.);
#1802=EDGE_CURVE('',#2157,#2082,#226,.T.);
#1803=EDGE_CURVE('',#2159,#2102,#227,.T.);
#1804=EDGE_CURVE('',#2159,#2157,#2231,.F.);
#1805=EDGE_CURVE('',#2101,#2160,#567,.T.);
#1806=EDGE_CURVE('',#2160,#2159,#228,.F.);
#1807=EDGE_CURVE('',#2051,#2076,#568,.T.);
#1808=EDGE_CURVE('',#2075,#2052,#569,.T.);
#1809=EDGE_CURVE('',#2091,#2050,#570,.T.);
#1810=EDGE_CURVE('',#2049,#2092,#571,.T.);
#1811=EDGE_CURVE('',#2055,#2074,#572,.T.);
#1812=EDGE_CURVE('',#2073,#2056,#573,.T.);
#1813=EDGE_CURVE('',#2093,#2054,#574,.T.);
#1814=EDGE_CURVE('',#2053,#2094,#575,.T.);
#1815=EDGE_CURVE('',#2057,#2009,#229,.T.);
#1816=EDGE_CURVE('',#2008,#2058,#230,.T.);
#1817=EDGE_CURVE('',#2011,#2053,#576,.T.);
#1818=EDGE_CURVE('',#2094,#2010,#577,.T.);
#1819=EDGE_CURVE('',#2095,#2009,#578,.F.);
#1820=EDGE_CURVE('',#2012,#2056,#579,.F.);
#1821=EDGE_CURVE('',#2096,#2057,#231,.T.);
#1822=EDGE_CURVE('',#2105,#2110,#580,.F.);
#1823=EDGE_CURVE('',#2111,#2109,#581,.T.);
#1824=EDGE_CURVE('',#2013,#2073,#582,.T.);
#1825=EDGE_CURVE('',#2062,#2108,#232,.F.);
#1826=EDGE_CURVE('',#2109,#2061,#233,.F.);
#1827=EDGE_CURVE('',#2097,#2062,#234,.F.);
#1828=EDGE_CURVE('',#2008,#2072,#583,.T.);
#1829=EDGE_CURVE('',#2111,#2061,#235,.F.);
#1830=EDGE_CURVE('',#2106,#2104,#584,.T.);
#1831=EDGE_CURVE('',#2097,#2108,#585,.F.);
#1832=EDGE_CURVE('',#2058,#2071,#236,.F.);
#1833=EDGE_CURVE('',#2016,#2060,#237,.F.);
#1834=EDGE_CURVE('',#2107,#2103,#238,.F.);
#1835=EDGE_CURVE('',#2098,#2107,#586,.T.);
#1836=EDGE_CURVE('',#2059,#2070,#239,.T.);
#1837=EDGE_CURVE('',#2017,#2059,#240,.F.);
#1838=EDGE_CURVE('',#2098,#2103,#241,.F.);
#1839=EDGE_CURVE('',#2017,#2070,#242,.F.);
#1840=EDGE_CURVE('',#2099,#2022,#587,.T.);
#1841=EDGE_CURVE('',#2018,#2069,#588,.F.);
#1842=EDGE_CURVE('',#2100,#2021,#589,.F.);
#1843=EDGE_CURVE('',#2019,#2156,#590,.T.);
#1844=EDGE_CURVE('',#2020,#2025,#243,.F.);
#1845=EDGE_CURVE('',#2026,#2019,#244,.F.);
#1846=EDGE_CURVE('',#2160,#2020,#591,.T.);
#1847=EDGE_CURVE('',#2026,#2156,#245,.T.);
#1848=EDGE_CURVE('',#2160,#2025,#246,.F.);
#1849=EDGE_CURVE('',#2027,#2155,#247,.T.);
#1850=EDGE_CURVE('',#2159,#2028,#248,.T.);
#1851=EDGE_CURVE('',#2029,#2154,#249,.T.);
#1852=EDGE_CURVE('',#2157,#2030,#250,.T.);
#1853=EDGE_CURVE('',#2031,#2153,#251,.F.);
#1854=EDGE_CURVE('',#2032,#2039,#252,.F.);
#1855=EDGE_CURVE('',#2040,#2031,#253,.F.);
#1856=EDGE_CURVE('',#2158,#2032,#254,.T.);
#1857=EDGE_CURVE('',#2040,#2153,#592,.F.);
#1858=EDGE_CURVE('',#2158,#2039,#593,.F.);
#1859=EDGE_CURVE('',#2033,#2065,#594,.T.);
#1860=EDGE_CURVE('',#2083,#2038,#595,.T.);
#1861=EDGE_CURVE('',#2034,#2064,#596,.F.);
#1862=EDGE_CURVE('',#2084,#2037,#597,.F.);
#1863=EDGE_CURVE('',#2035,#2146,#598,.T.);
#1864=EDGE_CURVE('',#2036,#2041,#255,.F.);
#1865=EDGE_CURVE('',#2042,#2035,#256,.F.);
#1866=EDGE_CURVE('',#2149,#2036,#599,.T.);
#1867=EDGE_CURVE('',#2042,#2146,#257,.T.);
#1868=EDGE_CURVE('',#2149,#2041,#258,.F.);
#1869=EDGE_CURVE('',#2043,#2145,#259,.T.);
#1870=EDGE_CURVE('',#2150,#2044,#260,.T.);
#1871=EDGE_CURVE('',#1988,#2088,#261,.T.);
#1872=EDGE_CURVE('',#2079,#1987,#262,.T.);
#1873=EDGE_CURVE('',#2080,#1986,#263,.T.);
#1874=EDGE_CURVE('',#2045,#2147,#264,.T.);
#1875=EDGE_CURVE('',#2151,#2046,#265,.T.);
#1876=EDGE_CURVE('',#1983,#2087,#266,.F.);
#1877=EDGE_CURVE('',#2148,#1985,#267,.F.);
#1878=EDGE_CURVE('',#2047,#2148,#268,.F.);
#1879=EDGE_CURVE('',#2152,#2048,#269,.T.);
#1880=EDGE_CURVE('',#1984,#2152,#270,.T.);
#1881=EDGE_CURVE('',#2047,#1985,#271,.T.);
#1882=EDGE_CURVE('',#1984,#2048,#272,.T.);
#1883=EDGE_CURVE('',#2144,#2077,#600,.T.);
#1884=EDGE_CURVE('',#2001,#2076,#601,.F.);
#1885=EDGE_CURVE('',#2002,#2051,#602,.T.);
#1886=EDGE_CURVE('',#1996,#2050,#603,.F.);
#1887=EDGE_CURVE('',#1997,#2091,#604,.T.);
#1888=EDGE_CURVE('',#2141,#2090,#605,.F.);
#1889=EDGE_CURVE('',#1973,#2092,#606,.F.);
#1890=EDGE_CURVE('',#2093,#1972,#607,.F.);
#1891=EDGE_CURVE('',#2054,#1971,#608,.T.);
#1892=EDGE_CURVE('',#1974,#2049,#609,.T.);
#1893=EDGE_CURVE('',#2055,#1970,#610,.F.);
#1894=EDGE_CURVE('',#1967,#2052,#611,.F.);
#1895=EDGE_CURVE('',#2074,#1969,#612,.T.);
#1896=EDGE_CURVE('',#1968,#2075,#613,.T.);
#1897=EDGE_CURVE('',#1980,#2133,#614,.F.);
#1898=EDGE_CURVE('',#2128,#1979,#615,.F.);
#1899=EDGE_CURVE('',#1975,#2136,#616,.F.);
#1900=EDGE_CURVE('',#2131,#1978,#617,.F.);
#1901=EDGE_CURVE('',#1976,#2118,#618,.F.);
#1902=EDGE_CURVE('',#2127,#1977,#619,.F.);
#1903=EDGE_CURVE('',#2135,#1993,#620,.T.);
#1904=EDGE_CURVE('',#1994,#2129,#273,.T.);
#1905=EDGE_CURVE('',#1989,#2125,#621,.F.);
#1906=EDGE_CURVE('',#2121,#1992,#622,.T.);
#1907=EDGE_CURVE('',#1990,#2123,#623,.F.);
#1908=EDGE_CURVE('',#2119,#1991,#274,.T.);
#1909=VERTEX_POINT('',#3888);
#1910=VERTEX_POINT('',#3890);
#1911=VERTEX_POINT('',#3911);
#1912=VERTEX_POINT('',#3913);
#1913=VERTEX_POINT('',#3914);
#1914=VERTEX_POINT('',#3920);
#1915=VERTEX_POINT('',#3922);
#1916=VERTEX_POINT('',#3924);
#1917=VERTEX_POINT('',#3926);
#1918=VERTEX_POINT('',#3932);
#1919=VERTEX_POINT('',#3938);
#1920=VERTEX_POINT('',#3942);
#1921=VERTEX_POINT('',#3944);
#1922=VERTEX_POINT('',#3947);
#1923=VERTEX_POINT('',#3948);
#1924=VERTEX_POINT('',#3950);
#1925=VERTEX_POINT('',#3952);
#1926=VERTEX_POINT('',#3957);
#1927=VERTEX_POINT('',#3959);
#1928=VERTEX_POINT('',#3963);
#1929=VERTEX_POINT('',#3964);
#1930=VERTEX_POINT('',#3969);
#1931=VERTEX_POINT('',#3971);
#1932=VERTEX_POINT('',#3973);
#1933=VERTEX_POINT('',#3975);
#1934=VERTEX_POINT('',#3979);
#1935=VERTEX_POINT('',#3980);
#1936=VERTEX_POINT('',#3982);
#1937=VERTEX_POINT('',#3984);
#1938=VERTEX_POINT('',#3998);
#1939=VERTEX_POINT('',#4000);
#1940=VERTEX_POINT('',#4001);
#1941=VERTEX_POINT('',#4003);
#1942=VERTEX_POINT('',#4005);
#1943=VERTEX_POINT('',#4007);
#1944=VERTEX_POINT('',#4013);
#1945=VERTEX_POINT('',#4015);
#1946=VERTEX_POINT('',#4019);
#1947=VERTEX_POINT('',#4020);
#1948=VERTEX_POINT('',#4022);
#1949=VERTEX_POINT('',#4024);
#1950=VERTEX_POINT('',#4028);
#1951=VERTEX_POINT('',#4029);
#1952=VERTEX_POINT('',#4031);
#1953=VERTEX_POINT('',#4033);
#1954=VERTEX_POINT('',#4089);
#1955=VERTEX_POINT('',#4091);
#1956=VERTEX_POINT('',#4094);
#1957=VERTEX_POINT('',#4097);
#1958=VERTEX_POINT('',#4098);
#1959=VERTEX_POINT('',#4103);
#1960=VERTEX_POINT('',#4108);
#1961=VERTEX_POINT('',#4113);
#1962=VERTEX_POINT('',#4118);
#1963=VERTEX_POINT('',#4120);
#1964=VERTEX_POINT('',#4125);
#1965=VERTEX_POINT('',#4130);
#1966=VERTEX_POINT('',#4155);
#1967=VERTEX_POINT('',#4431);
#1968=VERTEX_POINT('',#4432);
#1969=VERTEX_POINT('',#4434);
#1970=VERTEX_POINT('',#4439);
#1971=VERTEX_POINT('',#4441);
#1972=VERTEX_POINT('',#4446);
#1973=VERTEX_POINT('',#4448);
#1974=VERTEX_POINT('',#4453);
#1975=VERTEX_POINT('',#4459);
#1976=VERTEX_POINT('',#4460);
#1977=VERTEX_POINT('',#4465);
#1978=VERTEX_POINT('',#4470);
#1979=VERTEX_POINT('',#4475);
#1980=VERTEX_POINT('',#4480);
#1981=VERTEX_POINT('',#4504);
#1982=VERTEX_POINT('',#4524);
#1983=VERTEX_POINT('',#4527);
#1984=VERTEX_POINT('',#4528);
#1985=VERTEX_POINT('',#4530);
#1986=VERTEX_POINT('',#4532);
#1987=VERTEX_POINT('',#4534);
#1988=VERTEX_POINT('',#4536);
#1989=VERTEX_POINT('',#4539);
#1990=VERTEX_POINT('',#4540);
#1991=VERTEX_POINT('',#4542);
#1992=VERTEX_POINT('',#4544);
#1993=VERTEX_POINT('',#4546);
#1994=VERTEX_POINT('',#4548);
#1995=VERTEX_POINT('',#4570);
#1996=VERTEX_POINT('',#4575);
#1997=VERTEX_POINT('',#4576);
#1998=VERTEX_POINT('',#4578);
#1999=VERTEX_POINT('',#4586);
#2000=VERTEX_POINT('',#4592);
#2001=VERTEX_POINT('',#4594);
#2002=VERTEX_POINT('',#4599);
#2003=VERTEX_POINT('',#4603);
#2004=VERTEX_POINT('',#4624);
#2005=VERTEX_POINT('',#4627);
#2006=VERTEX_POINT('',#4648);
#2007=VERTEX_POINT('',#4669);
#2008=VERTEX_POINT('',#4671);
#2009=VERTEX_POINT('',#4672);
#2010=VERTEX_POINT('',#4674);
#2011=VERTEX_POINT('',#4679);
#2012=VERTEX_POINT('',#4681);
#2013=VERTEX_POINT('',#4686);
#2014=VERTEX_POINT('',#4700);
#2015=VERTEX_POINT('',#4702);
#2016=VERTEX_POINT('',#4703);
#2017=VERTEX_POINT('',#4705);
#2018=VERTEX_POINT('',#4707);
#2019=VERTEX_POINT('',#4712);
#2020=VERTEX_POINT('',#4714);
#2021=VERTEX_POINT('',#4719);
#2022=VERTEX_POINT('',#4721);
#2023=VERTEX_POINT('',#4723);
#2024=VERTEX_POINT('',#4729);
#2025=VERTEX_POINT('',#4733);
#2026=VERTEX_POINT('',#4734);
#2027=VERTEX_POINT('',#4736);
#2028=VERTEX_POINT('',#4738);
#2029=VERTEX_POINT('',#4742);
#2030=VERTEX_POINT('',#4744);
#2031=VERTEX_POINT('',#4748);
#2032=VERTEX_POINT('',#4750);
#2033=VERTEX_POINT('',#4754);
#2034=VERTEX_POINT('',#4755);
#2035=VERTEX_POINT('',#4760);
#2036=VERTEX_POINT('',#4762);
#2037=VERTEX_POINT('',#4767);
#2038=VERTEX_POINT('',#4769);
#2039=VERTEX_POINT('',#4774);
#2040=VERTEX_POINT('',#4776);
#2041=VERTEX_POINT('',#4783);
#2042=VERTEX_POINT('',#4784);
#2043=VERTEX_POINT('',#4786);
#2044=VERTEX_POINT('',#4788);
#2045=VERTEX_POINT('',#4792);
#2046=VERTEX_POINT('',#4794);
#2047=VERTEX_POINT('',#4798);
#2048=VERTEX_POINT('',#4800);
#2049=VERTEX_POINT('',#4804);
#2050=VERTEX_POINT('',#4805);
#2051=VERTEX_POINT('',#4807);
#2052=VERTEX_POINT('',#4809);
#2053=VERTEX_POINT('',#4813);
#2054=VERTEX_POINT('',#4814);
#2055=VERTEX_POINT('',#4816);
#2056=VERTEX_POINT('',#4818);
#2057=VERTEX_POINT('',#4822);
#2058=VERTEX_POINT('',#4823);
#2059=VERTEX_POINT('',#4825);
#2060=VERTEX_POINT('',#4827);
#2061=VERTEX_POINT('',#4829);
#2062=VERTEX_POINT('',#4831);
#2063=VERTEX_POINT('',#4835);
#2064=VERTEX_POINT('',#4836);
#2065=VERTEX_POINT('',#4838);
#2066=VERTEX_POINT('',#4840);
#2067=VERTEX_POINT('',#4842);
#2068=VERTEX_POINT('',#4844);
#2069=VERTEX_POINT('',#4849);
#2070=VERTEX_POINT('',#4851);
#2071=VERTEX_POINT('',#4853);
#2072=VERTEX_POINT('',#4855);
#2073=VERTEX_POINT('',#4857);
#2074=VERTEX_POINT('',#4859);
#2075=VERTEX_POINT('',#4861);
#2076=VERTEX_POINT('',#4863);
#2077=VERTEX_POINT('',#4865);
#2078=VERTEX_POINT('',#4877);
#2079=VERTEX_POINT('',#4879);
#2080=VERTEX_POINT('',#4881);
#2081=VERTEX_POINT('',#4883);
#2082=VERTEX_POINT('',#4887);
#2083=VERTEX_POINT('',#4888);
#2084=VERTEX_POINT('',#4890);
#2085=VERTEX_POINT('',#4892);
#2086=VERTEX_POINT('',#4894);
#2087=VERTEX_POINT('',#4896);
#2088=VERTEX_POINT('',#4898);
#2089=VERTEX_POINT('',#4900);
#2090=VERTEX_POINT('',#4912);
#2091=VERTEX_POINT('',#4914);
#2092=VERTEX_POINT('',#4916);
#2093=VERTEX_POINT('',#4918);
#2094=VERTEX_POINT('',#4920);
#2095=VERTEX_POINT('',#4922);
#2096=VERTEX_POINT('',#4924);
#2097=VERTEX_POINT('',#4926);
#2098=VERTEX_POINT('',#4928);
#2099=VERTEX_POINT('',#4930);
#2100=VERTEX_POINT('',#4932);
#2101=VERTEX_POINT('',#4937);
#2102=VERTEX_POINT('',#4939);
#2103=VERTEX_POINT('',#4943);
#2104=VERTEX_POINT('',#4945);
#2105=VERTEX_POINT('',#4953);
#2106=VERTEX_POINT('',#4954);
#2107=VERTEX_POINT('',#4956);
#2108=VERTEX_POINT('',#4958);
#2109=VERTEX_POINT('',#4960);
#2110=VERTEX_POINT('',#4964);
#2111=VERTEX_POINT('',#4966);
#2112=VERTEX_POINT('',#5009);
#2113=VERTEX_POINT('',#5011);
#2114=VERTEX_POINT('',#5014);
#2115=VERTEX_POINT('',#5017);
#2116=VERTEX_POINT('',#5019);
#2117=VERTEX_POINT('',#5049);
#2118=VERTEX_POINT('',#5052);
#2119=VERTEX_POINT('',#5053);
#2120=VERTEX_POINT('',#5058);
#2121=VERTEX_POINT('',#5060);
#2122=VERTEX_POINT('',#5064);
#2123=VERTEX_POINT('',#5065);
#2124=VERTEX_POINT('',#5073);
#2125=VERTEX_POINT('',#5074);
#2126=VERTEX_POINT('',#5079);
#2127=VERTEX_POINT('',#5084);
#2128=VERTEX_POINT('',#5092);
#2129=VERTEX_POINT('',#5093);
#2130=VERTEX_POINT('',#5098);
#2131=VERTEX_POINT('',#5103);
#2132=VERTEX_POINT('',#5114);
#2133=VERTEX_POINT('',#5115);
#2134=VERTEX_POINT('',#5120);
#2135=VERTEX_POINT('',#5126);
#2136=VERTEX_POINT('',#5133);
#2137=VERTEX_POINT('',#5138);
#2138=VERTEX_POINT('',#5152);
#2139=VERTEX_POINT('',#5171);
#2140=VERTEX_POINT('',#5189);
#2141=VERTEX_POINT('',#5234);
#2142=VERTEX_POINT('',#5239);
#2143=VERTEX_POINT('',#5292);
#2144=VERTEX_POINT('',#5297);
#2145=VERTEX_POINT('',#5304);
#2146=VERTEX_POINT('',#5306);
#2147=VERTEX_POINT('',#5313);
#2148=VERTEX_POINT('',#5317);
#2149=VERTEX_POINT('',#5324);
#2150=VERTEX_POINT('',#5326);
#2151=VERTEX_POINT('',#5330);
#2152=VERTEX_POINT('',#5334);
#2153=VERTEX_POINT('',#5341);
#2154=VERTEX_POINT('',#5343);
#2155=VERTEX_POINT('',#5347);
#2156=VERTEX_POINT('',#5351);
#2157=VERTEX_POINT('',#5358);
#2158=VERTEX_POINT('',#5359);
#2159=VERTEX_POINT('',#5367);
#2160=VERTEX_POINT('',#5374);
#2161=CIRCLE('',#3002,0.00468457048820342);
#2162=CIRCLE('',#3003,0.0019);
#2163=CIRCLE('',#3005,0.0695);
#2164=CIRCLE('',#3006,0.0695);
#2165=CIRCLE('',#3007,0.0695);
#2166=CIRCLE('',#3009,0.00149999999999999);
#2167=CIRCLE('',#3010,0.00149999999999999);
#2168=CIRCLE('',#3012,0.0690197297312663);
#2169=CIRCLE('',#3013,0.0659000000000143);
#2170=CIRCLE('',#3015,0.0690197297312663);
#2171=CIRCLE('',#3016,0.0659000000000143);
#2172=CIRCLE('',#3019,0.0655000000000143);
#2173=CIRCLE('',#3020,0.0655000000000143);
#2174=CIRCLE('',#3021,0.0655000000000143);
#2175=CIRCLE('',#3024,0.0658371701714529);
#2176=CIRCLE('',#3025,0.0690275097920673);
#2177=CIRCLE('',#3028,0.0031);
#2178=CIRCLE('',#3030,0.0019);
#2179=CIRCLE('',#3032,0.006);
#2180=CIRCLE('',#3034,0.00528457048820342);
#2181=CIRCLE('',#3035,0.00594641016151377);
#2182=CIRCLE('',#3037,0.006);
#2183=CIRCLE('',#3066,0.0555);
#2184=CIRCLE('',#3067,0.0555);
#2185=CIRCLE('',#3069,0.0056);
#2186=CIRCLE('',#3070,0.0019);
#2187=CIRCLE('',#3071,0.0019);
#2188=CIRCLE('',#3073,0.0595);
#2189=CIRCLE('',#3074,0.0595);
#2190=CIRCLE('',#3076,0.00165);
#2191=CIRCLE('',#3078,0.00165);
#2192=CIRCLE('',#3080,0.0595);
#2193=CIRCLE('',#3081,0.0595);
#2194=CIRCLE('',#3084,0.0655);
#2195=CIRCLE('',#3085,0.0655);
#2196=CIRCLE('',#3086,0.0655000000000143);
#2197=CIRCLE('',#3089,0.003);
#2198=CIRCLE('',#3090,0.003);
#2199=CIRCLE('',#3093,0.0655000000000043);
#2200=CIRCLE('',#3094,0.0655000000000043);
#2201=CIRCLE('',#3097,0.003);
#2202=CIRCLE('',#3098,0.003);
#2203=CIRCLE('',#3104,0.065094099795131);
#2204=CIRCLE('',#3105,0.004);
#2205=CIRCLE('',#3106,0.0651);
#2206=CIRCLE('',#3107,0.0591);
#2207=CIRCLE('',#3108,0.0559032863519749);
#2208=CIRCLE('',#3109,0.0591);
#2209=CIRCLE('',#3110,0.004);
#2210=CIRCLE('',#3112,0.065094099795131);
#2211=CIRCLE('',#3113,0.004);
#2212=CIRCLE('',#3114,0.0591);
#2213=CIRCLE('',#3115,0.0559032863519749);
#2214=CIRCLE('',#3116,0.0591);
#2215=CIRCLE('',#3117,0.0691);
#2216=CIRCLE('',#3118,0.0651);
#2217=CIRCLE('',#3119,0.004);
#2218=CIRCLE('',#3122,0.0695);
#2219=CIRCLE('',#3123,0.0695);
#2220=CIRCLE('',#3125,0.0691623087081138);
#2221=CIRCLE('',#3128,0.0031);
#2222=CIRCLE('',#3130,0.00205);
#2223=CIRCLE('',#3132,0.00205);
#2224=CIRCLE('',#3133,0.0031);
#2225=CIRCLE('',#3138,0.0015);
#2226=CIRCLE('',#3142,0.0015);
#2227=CIRCLE('',#3144,0.006);
#2228=CIRCLE('',#3147,0.00328284271247463);
#2229=CIRCLE('',#3151,0.00328284271247462);
#2230=CIRCLE('',#3155,0.00328284271247462);
#2231=CIRCLE('',#3159,0.00328284271247462);
#2232=EDGE_LOOP('',(#646));
#2233=EDGE_LOOP('',(#647));
#2234=EDGE_LOOP('',(#648));
#2235=EDGE_LOOP('',(#649,#650,#651,#652,#653,#654,#655,#656));
#2236=EDGE_LOOP('',(#657));
#2237=EDGE_LOOP('',(#658));
#2238=EDGE_LOOP('',(#659,#660,#661,#662,#663,#664));
#2239=EDGE_LOOP('',(#665,#666,#667,#668,#669,#670));
#2240=EDGE_LOOP('',(#671,#672,#673,#674));
#2241=EDGE_LOOP('',(#675));
#2242=EDGE_LOOP('',(#676,#677,#678,#679,#680,#681,#682));
#2243=EDGE_LOOP('',(#683,#684,#685,#686));
#2244=EDGE_LOOP('',(#687,#688,#689,#690));
#2245=EDGE_LOOP('',(#691,#692,#693,#694));
#2246=EDGE_LOOP('',(#695));
#2247=EDGE_LOOP('',(#696));
#2248=EDGE_LOOP('',(#697));
#2249=EDGE_LOOP('',(#698));
#2250=EDGE_LOOP('',(#699,#700,#701,#702));
#2251=EDGE_LOOP('',(#703));
#2252=EDGE_LOOP('',(#704,#705,#706,#707,#708,#709,#710,#711));
#2253=EDGE_LOOP('',(#712,#713,#714,#715,#716));
#2254=EDGE_LOOP('',(#717,#718,#719,#720,#721));
#2255=EDGE_LOOP('',(#722,#723,#724,#725,#726));
#2256=EDGE_LOOP('',(#727,#728,#729));
#2257=EDGE_LOOP('',(#730,#731,#732,#733));
#2258=EDGE_LOOP('',(#734,#735,#736,#737));
#2259=EDGE_LOOP('',(#738,#739,#740,#741));
#2260=EDGE_LOOP('',(#742,#743,#744,#745));
#2261=EDGE_LOOP('',(#746,#747,#748,#749));
#2262=EDGE_LOOP('',(#750,#751,#752,#753,#754));
#2263=EDGE_LOOP('',(#755,#756,#757));
#2264=EDGE_LOOP('',(#758,#759,#760));
#2265=EDGE_LOOP('',(#761,#762,#763,#764));
#2266=EDGE_LOOP('',(#765,#766,#767,#768,#769));
#2267=EDGE_LOOP('',(#770,#771,#772,#773));
#2268=EDGE_LOOP('',(#774,#775,#776,#777));
#2269=EDGE_LOOP('',(#778,#779,#780,#781));
#2270=EDGE_LOOP('',(#782,#783,#784,#785));
#2271=EDGE_LOOP('',(#786,#787,#788,#789));
#2272=EDGE_LOOP('',(#790,#791,#792));
#2273=EDGE_LOOP('',(#793,#794,#795,#796));
#2274=EDGE_LOOP('',(#797,#798,#799));
#2275=EDGE_LOOP('',(#800,#801,#802,#803));
#2276=EDGE_LOOP('',(#804,#805,#806,#807));
#2277=EDGE_LOOP('',(#808,#809,#810,#811));
#2278=EDGE_LOOP('',(#812,#813,#814,#815));
#2279=EDGE_LOOP('',(#816,#817,#818));
#2280=EDGE_LOOP('',(#819,#820,#821,#822));
#2281=EDGE_LOOP('',(#823,#824,#825,#826));
#2282=EDGE_LOOP('',(#827));
#2283=EDGE_LOOP('',(#828));
#2284=EDGE_LOOP('',(#829));
#2285=EDGE_LOOP('',(#830));
#2286=EDGE_LOOP('',(#831));
#2287=EDGE_LOOP('',(#832));
#2288=EDGE_LOOP('',(#833));
#2289=EDGE_LOOP('',(#834));
#2290=EDGE_LOOP('',(#835));
#2291=EDGE_LOOP('',(#836,#837,#838,#839,#840,#841,#842,#843));
#2292=EDGE_LOOP('',(#844,#845,#846,#847,#848,#849));
#2293=EDGE_LOOP('',(#850));
#2294=EDGE_LOOP('',(#851));
#2295=EDGE_LOOP('',(#852,#853,#854,#855,#856,#857));
#2296=EDGE_LOOP('',(#858,#859,#860,#861,#862,#863));
#2297=EDGE_LOOP('',(#864));
#2298=EDGE_LOOP('',(#865,#866,#867,#868,#869,#870,#871));
#2299=EDGE_LOOP('',(#872));
#2300=EDGE_LOOP('',(#873));
#2301=EDGE_LOOP('',(#874));
#2302=EDGE_LOOP('',(#875));
#2303=EDGE_LOOP('',(#876));
#2304=EDGE_LOOP('',(#877,#878,#879,#880,#881,#882));
#2305=EDGE_LOOP('',(#883));
#2306=EDGE_LOOP('',(#884,#885,#886,#887,#888,#889,#890,#891,#892,#893));
#2307=EDGE_LOOP('',(#894,#895,#896,#897));
#2308=EDGE_LOOP('',(#898,#899,#900,#901));
#2309=EDGE_LOOP('',(#902,#903,#904,#905));
#2310=EDGE_LOOP('',(#906,#907,#908,#909,#910,#911,#912,#913));
#2311=EDGE_LOOP('',(#914,#915,#916,#917));
#2312=EDGE_LOOP('',(#918,#919,#920,#921));
#2313=EDGE_LOOP('',(#922,#923,#924,#925));
#2314=EDGE_LOOP('',(#926,#927,#928,#929));
#2315=EDGE_LOOP('',(#930,#931,#932,#933));
#2316=EDGE_LOOP('',(#934,#935,#936,#937,#938,#939));
#2317=EDGE_LOOP('',(#940,#941,#942,#943,#944,#945,#946,#947,#948,#949,#950,
#951,#952,#953,#954,#955,#956,#957,#958));
#2318=EDGE_LOOP('',(#959,#960,#961,#962,#963,#964,#965,#966,#967,#968,#969,
#970,#971,#972,#973,#974,#975,#976,#977,#978,#979));
#2319=EDGE_LOOP('',(#980,#981,#982,#983));
#2320=EDGE_LOOP('',(#984,#985,#986,#987,#988));
#2321=EDGE_LOOP('',(#989,#990,#991,#992));
#2322=EDGE_LOOP('',(#993,#994,#995,#996));
#2323=EDGE_LOOP('',(#997));
#2324=EDGE_LOOP('',(#998));
#2325=EDGE_LOOP('',(#999));
#2326=EDGE_LOOP('',(#1000));
#2327=EDGE_LOOP('',(#1001));
#2328=EDGE_LOOP('',(#1002));
#2329=EDGE_LOOP('',(#1003));
#2330=EDGE_LOOP('',(#1004));
#2331=EDGE_LOOP('',(#1005,#1006,#1007,#1008));
#2332=EDGE_LOOP('',(#1009,#1010,#1011,#1012));
#2333=EDGE_LOOP('',(#1013,#1014,#1015,#1016,#1017,#1018));
#2334=EDGE_LOOP('',(#1019,#1020,#1021,#1022,#1023,#1024));
#2335=EDGE_LOOP('',(#1025,#1026,#1027,#1028,#1029,#1030));
#2336=EDGE_LOOP('',(#1031,#1032,#1033,#1034,#1035,#1036));
#2337=EDGE_LOOP('',(#1037,#1038,#1039,#1040,#1041,#1042,#1043));
#2338=EDGE_LOOP('',(#1044,#1045,#1046,#1047,#1048,#1049));
#2339=EDGE_LOOP('',(#1050,#1051,#1052,#1053,#1054,#1055));
#2340=EDGE_LOOP('',(#1056,#1057,#1058,#1059));
#2341=EDGE_LOOP('',(#1060,#1061,#1062,#1063));
#2342=EDGE_LOOP('',(#1064,#1065,#1066,#1067));
#2343=EDGE_LOOP('',(#1068,#1069,#1070,#1071));
#2344=EDGE_LOOP('',(#1072,#1073,#1074,#1075));
#2345=EDGE_LOOP('',(#1076,#1077,#1078,#1079));
#2346=EDGE_LOOP('',(#1080,#1081,#1082,#1083));
#2347=EDGE_LOOP('',(#1084,#1085,#1086,#1087));
#2348=EDGE_LOOP('',(#1088,#1089,#1090,#1091));
#2349=EDGE_LOOP('',(#1092,#1093,#1094,#1095));
#2350=EDGE_LOOP('',(#1096,#1097,#1098,#1099));
#2351=EDGE_LOOP('',(#1100,#1101,#1102,#1103));
#2352=EDGE_LOOP('',(#1104,#1105,#1106,#1107));
#2353=EDGE_LOOP('',(#1108,#1109,#1110,#1111));
#2354=EDGE_LOOP('',(#1112,#1113,#1114,#1115));
#2355=EDGE_LOOP('',(#1116,#1117,#1118,#1119));
#2356=EDGE_LOOP('',(#1120,#1121,#1122,#1123));
#2357=EDGE_LOOP('',(#1124,#1125,#1126,#1127));
#2358=EDGE_LOOP('',(#1128,#1129,#1130,#1131));
#2359=EDGE_LOOP('',(#1132,#1133,#1134,#1135));
#2360=EDGE_LOOP('',(#1136,#1137,#1138,#1139));
#2361=EDGE_LOOP('',(#1140,#1141,#1142,#1143));
#2362=EDGE_LOOP('',(#1144,#1145,#1146,#1147));
#2363=EDGE_LOOP('',(#1148,#1149,#1150,#1151));
#2364=EDGE_LOOP('',(#1152,#1153,#1154,#1155));
#2365=EDGE_LOOP('',(#1156,#1157,#1158,#1159));
#2366=EDGE_LOOP('',(#1160,#1161,#1162));
#2367=EDGE_LOOP('',(#1163,#1164,#1165,#1166));
#2368=EDGE_LOOP('',(#1167,#1168,#1169));
#2369=EDGE_LOOP('',(#1170,#1171,#1172,#1173));
#2370=EDGE_LOOP('',(#1174,#1175,#1176,#1177,#1178));
#2371=EDGE_LOOP('',(#1179,#1180,#1181,#1182));
#2372=EDGE_LOOP('',(#1183,#1184,#1185,#1186));
#2373=EDGE_LOOP('',(#1187,#1188,#1189,#1190));
#2374=EDGE_LOOP('',(#1191,#1192,#1193,#1194));
#2375=EDGE_LOOP('',(#1195,#1196,#1197));
#2376=EDGE_LOOP('',(#1198,#1199,#1200));
#2377=EDGE_LOOP('',(#1201,#1202,#1203,#1204));
#2378=EDGE_LOOP('',(#1205,#1206,#1207,#1208));
#2379=EDGE_LOOP('',(#1209,#1210,#1211,#1212));
#2380=EDGE_LOOP('',(#1213,#1214,#1215,#1216,#1217));
#2381=EDGE_LOOP('',(#1218,#1219,#1220,#1221));
#2382=EDGE_LOOP('',(#1222,#1223,#1224,#1225,#1226));
#2383=EDGE_LOOP('',(#1227,#1228,#1229));
#2384=EDGE_LOOP('',(#1230,#1231,#1232));
#2385=EDGE_LOOP('',(#1233,#1234,#1235,#1236));
#2386=EDGE_LOOP('',(#1237,#1238,#1239,#1240));
#2387=EDGE_LOOP('',(#1241,#1242,#1243,#1244));
#2388=EDGE_LOOP('',(#1245,#1246,#1247,#1248));
#2389=EDGE_LOOP('',(#1249,#1250,#1251,#1252));
#2390=EDGE_LOOP('',(#1253,#1254,#1255,#1256));
#2391=EDGE_LOOP('',(#1257,#1258,#1259,#1260));
#2392=EDGE_LOOP('',(#1261,#1262,#1263));
#2393=EDGE_LOOP('',(#1264,#1265,#1266));
#2394=EDGE_LOOP('',(#1267,#1268,#1269,#1270));
#2395=EDGE_LOOP('',(#1271,#1272,#1273,#1274));
#2396=EDGE_LOOP('',(#1275,#1276,#1277,#1278));
#2397=EDGE_LOOP('',(#1279,#1280,#1281,#1282));
#2398=EDGE_LOOP('',(#1283,#1284,#1285,#1286));
#2399=EDGE_LOOP('',(#1287,#1288,#1289,#1290));
#2400=EDGE_LOOP('',(#1291,#1292,#1293,#1294));
#2401=EDGE_LOOP('',(#1295,#1296,#1297));
#2402=EDGE_LOOP('',(#1298,#1299,#1300));
#2403=EDGE_LOOP('',(#1301,#1302,#1303,#1304));
#2404=EDGE_LOOP('',(#1305,#1306,#1307,#1308));
#2405=EDGE_LOOP('',(#1309,#1310,#1311,#1312));
#2406=EDGE_LOOP('',(#1313,#1314,#1315,#1316));
#2407=EDGE_LOOP('',(#1317,#1318,#1319,#1320));
#2408=EDGE_LOOP('',(#1321,#1322,#1323,#1324));
#2409=EDGE_LOOP('',(#1325,#1326,#1327,#1328));
#2410=EDGE_LOOP('',(#1329,#1330,#1331,#1332));
#2411=EDGE_LOOP('',(#1333,#1334,#1335,#1336));
#2412=EDGE_LOOP('',(#1337,#1338,#1339,#1340));
#2413=EDGE_LOOP('',(#1341,#1342,#1343,#1344));
#2414=EDGE_LOOP('',(#1345,#1346,#1347));
#2415=EDGE_LOOP('',(#1348,#1349,#1350));
#2416=EDGE_LOOP('',(#1351,#1352,#1353,#1354));
#2417=EDGE_LOOP('',(#1355,#1356,#1357,#1358,#1359));
#2418=EDGE_LOOP('',(#1360,#1361,#1362,#1363,#1364));
#2419=EDGE_LOOP('',(#1365,#1366,#1367,#1368));
#2420=EDGE_LOOP('',(#1369,#1370,#1371,#1372));
#2421=EDGE_LOOP('',(#1373,#1374,#1375,#1376));
#2422=EDGE_LOOP('',(#1377,#1378,#1379,#1380,#1381));
#2423=EDGE_LOOP('',(#1382,#1383,#1384,#1385,#1386));
#2424=EDGE_LOOP('',(#1387,#1388,#1389,#1390));
#2425=EDGE_LOOP('',(#1391,#1392,#1393,#1394));
#2426=EDGE_LOOP('',(#1395,#1396,#1397,#1398));
#2427=EDGE_LOOP('',(#1399,#1400,#1401,#1402));
#2428=EDGE_LOOP('',(#1403,#1404,#1405,#1406));
#2429=EDGE_LOOP('',(#1407,#1408,#1409,#1410));
#2430=EDGE_LOOP('',(#1411,#1412,#1413,#1414));
#2431=EDGE_LOOP('',(#1415,#1416,#1417,#1418));
#2432=EDGE_LOOP('',(#1419,#1420,#1421,#1422,#1423));
#2433=EDGE_LOOP('',(#1424,#1425,#1426,#1427,#1428,#1429));
#2434=EDGE_LOOP('',(#1430,#1431,#1432,#1433,#1434));
#2435=EDGE_LOOP('',(#1435,#1436,#1437,#1438,#1439));
#2436=EDGE_LOOP('',(#1440,#1441,#1442,#1443,#1444,#1445));
#2437=EDGE_LOOP('',(#1446,#1447,#1448,#1449,#1450));
#2438=EDGE_LOOP('',(#1451,#1452,#1453,#1454));
#2439=EDGE_LOOP('',(#1455,#1456,#1457,#1458));
#2440=EDGE_LOOP('',(#1459,#1460,#1461,#1462));
#2441=EDGE_LOOP('',(#1463,#1464,#1465,#1466));
#2442=EDGE_LOOP('',(#1467,#1468,#1469,#1470));
#2443=EDGE_LOOP('',(#1471,#1472,#1473,#1474));
#2444=EDGE_LOOP('',(#1475));
#2445=EDGE_LOOP('',(#1476));
#2446=EDGE_LOOP('',(#1477));
#2447=EDGE_LOOP('',(#1478));
#2448=EDGE_LOOP('',(#1479));
#2449=EDGE_LOOP('',(#1480));
#2450=EDGE_LOOP('',(#1481));
#2451=EDGE_LOOP('',(#1482));
#2452=EDGE_LOOP('',(#1483));
#2453=EDGE_LOOP('',(#1484));
#2454=EDGE_LOOP('',(#1485));
#2455=EDGE_LOOP('',(#1486));
#2456=EDGE_LOOP('',(#1487));
#2457=FACE_BOUND('',#2232,.T.);
#2458=FACE_BOUND('',#2233,.T.);
#2459=FACE_BOUND('',#2234,.T.);
#2460=FACE_BOUND('',#2235,.T.);
#2461=FACE_BOUND('',#2236,.T.);
#2462=FACE_BOUND('',#2237,.T.);
#2463=FACE_BOUND('',#2238,.T.);
#2464=FACE_BOUND('',#2239,.T.);
#2465=FACE_BOUND('',#2240,.T.);
#2466=FACE_BOUND('',#2241,.T.);
#2467=FACE_BOUND('',#2242,.T.);
#2468=FACE_BOUND('',#2243,.T.);
#2469=FACE_BOUND('',#2244,.T.);
#2470=FACE_BOUND('',#2245,.T.);
#2471=FACE_BOUND('',#2246,.T.);
#2472=FACE_BOUND('',#2247,.T.);
#2473=FACE_BOUND('',#2248,.T.);
#2474=FACE_BOUND('',#2249,.T.);
#2475=FACE_BOUND('',#2250,.T.);
#2476=FACE_BOUND('',#2251,.T.);
#2477=FACE_BOUND('',#2252,.T.);
#2478=FACE_BOUND('',#2253,.T.);
#2479=FACE_BOUND('',#2254,.T.);
#2480=FACE_BOUND('',#2255,.T.);
#2481=FACE_BOUND('',#2256,.T.);
#2482=FACE_BOUND('',#2257,.T.);
#2483=FACE_BOUND('',#2258,.T.);
#2484=FACE_BOUND('',#2259,.T.);
#2485=FACE_BOUND('',#2260,.T.);
#2486=FACE_BOUND('',#2261,.T.);
#2487=FACE_BOUND('',#2262,.T.);
#2488=FACE_BOUND('',#2263,.T.);
#2489=FACE_BOUND('',#2264,.T.);
#2490=FACE_BOUND('',#2265,.T.);
#2491=FACE_BOUND('',#2266,.T.);
#2492=FACE_BOUND('',#2267,.T.);
#2493=FACE_BOUND('',#2268,.T.);
#2494=FACE_BOUND('',#2269,.T.);
#2495=FACE_BOUND('',#2270,.T.);
#2496=FACE_BOUND('',#2271,.T.);
#2497=FACE_BOUND('',#2272,.T.);
#2498=FACE_BOUND('',#2273,.T.);
#2499=FACE_BOUND('',#2274,.T.);
#2500=FACE_BOUND('',#2275,.T.);
#2501=FACE_BOUND('',#2276,.T.);
#2502=FACE_BOUND('',#2277,.T.);
#2503=FACE_BOUND('',#2278,.T.);
#2504=FACE_BOUND('',#2279,.T.);
#2505=FACE_BOUND('',#2280,.T.);
#2506=FACE_BOUND('',#2281,.T.);
#2507=FACE_BOUND('',#2282,.T.);
#2508=FACE_BOUND('',#2283,.T.);
#2509=FACE_BOUND('',#2284,.T.);
#2510=FACE_BOUND('',#2285,.T.);
#2511=FACE_BOUND('',#2286,.T.);
#2512=FACE_BOUND('',#2287,.T.);
#2513=FACE_BOUND('',#2288,.T.);
#2514=FACE_BOUND('',#2289,.T.);
#2515=FACE_BOUND('',#2290,.T.);
#2516=FACE_BOUND('',#2291,.T.);
#2517=FACE_BOUND('',#2292,.T.);
#2518=FACE_BOUND('',#2293,.T.);
#2519=FACE_BOUND('',#2294,.T.);
#2520=FACE_BOUND('',#2295,.T.);
#2521=FACE_BOUND('',#2296,.T.);
#2522=FACE_BOUND('',#2297,.T.);
#2523=FACE_BOUND('',#2298,.T.);
#2524=FACE_BOUND('',#2299,.T.);
#2525=FACE_BOUND('',#2300,.T.);
#2526=FACE_BOUND('',#2301,.T.);
#2527=FACE_BOUND('',#2302,.T.);
#2528=FACE_BOUND('',#2303,.T.);
#2529=FACE_BOUND('',#2304,.T.);
#2530=FACE_BOUND('',#2305,.T.);
#2531=FACE_BOUND('',#2306,.T.);
#2532=FACE_BOUND('',#2307,.T.);
#2533=FACE_BOUND('',#2308,.T.);
#2534=FACE_BOUND('',#2309,.T.);
#2535=FACE_BOUND('',#2310,.T.);
#2536=FACE_BOUND('',#2311,.T.);
#2537=FACE_BOUND('',#2312,.T.);
#2538=FACE_BOUND('',#2313,.T.);
#2539=FACE_BOUND('',#2314,.T.);
#2540=FACE_BOUND('',#2315,.T.);
#2541=FACE_BOUND('',#2316,.T.);
#2542=FACE_BOUND('',#2317,.T.);
#2543=FACE_BOUND('',#2318,.T.);
#2544=FACE_BOUND('',#2319,.T.);
#2545=FACE_BOUND('',#2320,.T.);
#2546=FACE_BOUND('',#2321,.T.);
#2547=FACE_BOUND('',#2322,.T.);
#2548=FACE_BOUND('',#2323,.T.);
#2549=FACE_BOUND('',#2324,.T.);
#2550=FACE_BOUND('',#2325,.T.);
#2551=FACE_BOUND('',#2326,.T.);
#2552=FACE_BOUND('',#2327,.T.);
#2553=FACE_BOUND('',#2328,.T.);
#2554=FACE_BOUND('',#2329,.T.);
#2555=FACE_BOUND('',#2330,.T.);
#2556=FACE_BOUND('',#2331,.T.);
#2557=FACE_BOUND('',#2332,.T.);
#2558=FACE_BOUND('',#2333,.T.);
#2559=FACE_BOUND('',#2334,.T.);
#2560=FACE_BOUND('',#2335,.T.);
#2561=FACE_BOUND('',#2336,.T.);
#2562=FACE_BOUND('',#2337,.T.);
#2563=FACE_BOUND('',#2338,.T.);
#2564=FACE_BOUND('',#2339,.T.);
#2565=FACE_BOUND('',#2340,.T.);
#2566=FACE_BOUND('',#2341,.T.);
#2567=FACE_BOUND('',#2342,.T.);
#2568=FACE_BOUND('',#2343,.T.);
#2569=FACE_BOUND('',#2344,.T.);
#2570=FACE_BOUND('',#2345,.T.);
#2571=FACE_BOUND('',#2346,.T.);
#2572=FACE_BOUND('',#2347,.T.);
#2573=FACE_BOUND('',#2348,.T.);
#2574=FACE_BOUND('',#2349,.T.);
#2575=FACE_BOUND('',#2350,.T.);
#2576=FACE_BOUND('',#2351,.T.);
#2577=FACE_BOUND('',#2352,.T.);
#2578=FACE_BOUND('',#2353,.T.);
#2579=FACE_BOUND('',#2354,.T.);
#2580=FACE_BOUND('',#2355,.T.);
#2581=FACE_BOUND('',#2356,.T.);
#2582=FACE_BOUND('',#2357,.T.);
#2583=FACE_BOUND('',#2358,.T.);
#2584=FACE_BOUND('',#2359,.T.);
#2585=FACE_BOUND('',#2360,.T.);
#2586=FACE_BOUND('',#2361,.T.);
#2587=FACE_BOUND('',#2362,.T.);
#2588=FACE_BOUND('',#2363,.T.);
#2589=FACE_BOUND('',#2364,.T.);
#2590=FACE_BOUND('',#2365,.T.);
#2591=FACE_BOUND('',#2366,.T.);
#2592=FACE_BOUND('',#2367,.T.);
#2593=FACE_BOUND('',#2368,.T.);
#2594=FACE_BOUND('',#2369,.T.);
#2595=FACE_BOUND('',#2370,.T.);
#2596=FACE_BOUND('',#2371,.T.);
#2597=FACE_BOUND('',#2372,.T.);
#2598=FACE_BOUND('',#2373,.T.);
#2599=FACE_BOUND('',#2374,.T.);
#2600=FACE_BOUND('',#2375,.T.);
#2601=FACE_BOUND('',#2376,.T.);
#2602=FACE_BOUND('',#2377,.T.);
#2603=FACE_BOUND('',#2378,.T.);
#2604=FACE_BOUND('',#2379,.T.);
#2605=FACE_BOUND('',#2380,.T.);
#2606=FACE_BOUND('',#2381,.T.);
#2607=FACE_BOUND('',#2382,.T.);
#2608=FACE_BOUND('',#2383,.T.);
#2609=FACE_BOUND('',#2384,.T.);
#2610=FACE_BOUND('',#2385,.T.);
#2611=FACE_BOUND('',#2386,.T.);
#2612=FACE_BOUND('',#2387,.T.);
#2613=FACE_BOUND('',#2388,.T.);
#2614=FACE_BOUND('',#2389,.T.);
#2615=FACE_BOUND('',#2390,.T.);
#2616=FACE_BOUND('',#2391,.T.);
#2617=FACE_BOUND('',#2392,.T.);
#2618=FACE_BOUND('',#2393,.T.);
#2619=FACE_BOUND('',#2394,.T.);
#2620=FACE_BOUND('',#2395,.T.);
#2621=FACE_BOUND('',#2396,.T.);
#2622=FACE_BOUND('',#2397,.T.);
#2623=FACE_BOUND('',#2398,.T.);
#2624=FACE_BOUND('',#2399,.T.);
#2625=FACE_BOUND('',#2400,.T.);
#2626=FACE_BOUND('',#2401,.T.);
#2627=FACE_BOUND('',#2402,.T.);
#2628=FACE_BOUND('',#2403,.T.);
#2629=FACE_BOUND('',#2404,.T.);
#2630=FACE_BOUND('',#2405,.T.);
#2631=FACE_BOUND('',#2406,.T.);
#2632=FACE_BOUND('',#2407,.T.);
#2633=FACE_BOUND('',#2408,.T.);
#2634=FACE_BOUND('',#2409,.T.);
#2635=FACE_BOUND('',#2410,.T.);
#2636=FACE_BOUND('',#2411,.T.);
#2637=FACE_BOUND('',#2412,.T.);
#2638=FACE_BOUND('',#2413,.T.);
#2639=FACE_BOUND('',#2414,.T.);
#2640=FACE_BOUND('',#2415,.T.);
#2641=FACE_BOUND('',#2416,.T.);
#2642=FACE_BOUND('',#2417,.T.);
#2643=FACE_BOUND('',#2418,.T.);
#2644=FACE_BOUND('',#2419,.T.);
#2645=FACE_BOUND('',#2420,.T.);
#2646=FACE_BOUND('',#2421,.T.);
#2647=FACE_BOUND('',#2422,.T.);
#2648=FACE_BOUND('',#2423,.T.);
#2649=FACE_BOUND('',#2424,.T.);
#2650=FACE_BOUND('',#2425,.T.);
#2651=FACE_BOUND('',#2426,.T.);
#2652=FACE_BOUND('',#2427,.T.);
#2653=FACE_BOUND('',#2428,.T.);
#2654=FACE_BOUND('',#2429,.T.);
#2655=FACE_BOUND('',#2430,.T.);
#2656=FACE_BOUND('',#2431,.T.);
#2657=FACE_BOUND('',#2432,.T.);
#2658=FACE_BOUND('',#2433,.T.);
#2659=FACE_BOUND('',#2434,.T.);
#2660=FACE_BOUND('',#2435,.T.);
#2661=FACE_BOUND('',#2436,.T.);
#2662=FACE_BOUND('',#2437,.T.);
#2663=FACE_BOUND('',#2438,.T.);
#2664=FACE_BOUND('',#2439,.T.);
#2665=FACE_BOUND('',#2440,.T.);
#2666=FACE_BOUND('',#2441,.T.);
#2667=FACE_BOUND('',#2442,.T.);
#2668=FACE_BOUND('',#2443,.T.);
#2669=FACE_BOUND('',#2444,.T.);
#2670=FACE_BOUND('',#2445,.T.);
#2671=FACE_BOUND('',#2446,.T.);
#2672=FACE_BOUND('',#2447,.T.);
#2673=FACE_BOUND('',#2448,.T.);
#2674=FACE_BOUND('',#2449,.T.);
#2675=FACE_BOUND('',#2450,.T.);
#2676=FACE_BOUND('',#2451,.T.);
#2677=FACE_BOUND('',#2452,.T.);
#2678=FACE_BOUND('',#2453,.T.);
#2679=FACE_BOUND('',#2454,.T.);
#2680=FACE_BOUND('',#2455,.T.);
#2681=FACE_BOUND('',#2456,.T.);
#2682=PLANE('',#3001);
#2683=PLANE('',#3011);
#2684=PLANE('',#3014);
#2685=PLANE('',#3017);
#2686=PLANE('',#3022);
#2687=PLANE('',#3023);
#2688=PLANE('',#3029);
#2689=PLANE('',#3031);
#2690=PLANE('',#3038);
#2691=PLANE('',#3039);
#2692=PLANE('',#3042);
#2693=PLANE('',#3043);
#2694=PLANE('',#3045);
#2695=PLANE('',#3046);
#2696=PLANE('',#3047);
#2697=PLANE('',#3048);
#2698=PLANE('',#3049);
#2699=PLANE('',#3051);
#2700=PLANE('',#3053);
#2701=PLANE('',#3054);
#2702=PLANE('',#3056);
#2703=PLANE('',#3057);
#2704=PLANE('',#3058);
#2705=PLANE('',#3068);
#2706=PLANE('',#3087);
#2707=PLANE('',#3091);
#2708=PLANE('',#3095);
#2709=PLANE('',#3099);
#2710=PLANE('',#3100);
#2711=PLANE('',#3101);
#2712=PLANE('',#3102);
#2713=PLANE('',#3103);
#2714=PLANE('',#3111);
#2715=PLANE('',#3120);
#2716=PLANE('',#3124);
#2717=PLANE('',#3129);
#2718=PLANE('',#3131);
#2719=PLANE('',#3135);
#2720=PLANE('',#3136);
#2721=PLANE('',#3139);
#2722=PLANE('',#3140);
#2723=PLANE('',#3145);
#2724=PLANE('',#3148);
#2725=PLANE('',#3149);
#2726=PLANE('',#3152);
#2727=PLANE('',#3153);
#2728=PLANE('',#3156);
#2729=PLANE('',#3157);
#2730=PLANE('',#3160);
#2731=PLANE('',#3161);
#2732=PLANE('',#3162);
#2733=PLANE('',#3163);
#2734=PLANE('',#3164);
#2735=PLANE('',#3165);
#2736=PLANE('',#3167);
#2737=PLANE('',#3168);
#2738=PLANE('',#3170);
#2739=PLANE('',#3171);
#2740=PLANE('',#3173);
#2741=PLANE('',#3174);
#2742=PLANE('',#3175);
#2743=PLANE('',#3176);
#2744=PLANE('',#3177);
#2745=PLANE('',#3179);
#2746=PLANE('',#3180);
#2747=PLANE('',#3181);
#2748=PLANE('',#3182);
#2749=PLANE('',#3183);
#2750=PLANE('',#3186);
#2751=PLANE('',#3187);
#2752=PLANE('',#3188);
#2753=PLANE('',#3189);
#2754=PLANE('',#3190);
#2755=PLANE('',#3193);
#2756=PLANE('',#3194);
#2757=PLANE('',#3195);
#2758=PLANE('',#3196);
#2759=PLANE('',#3197);
#2760=PLANE('',#3200);
#2761=PLANE('',#3201);
#2762=PLANE('',#3202);
#2763=PLANE('',#3203);
#2764=PLANE('',#3204);
#2765=PLANE('',#3206);
#2766=PLANE('',#3209);
#2767=PLANE('',#3210);
#2768=PLANE('',#3211);
#2769=PLANE('',#3212);
#2770=PLANE('',#3213);
#2771=PLANE('',#3214);
#2772=PLANE('',#3215);
#2773=PLANE('',#3216);
#2774=PLANE('',#3218);
#2775=PLANE('',#3221);
#2776=PLANE('',#3222);
#2777=PLANE('',#3224);
#2778=PLANE('',#3225);
#2779=PLANE('',#3228);
#2780=PLANE('',#3229);
#2781=ADVANCED_FACE('',(#2457,#2458),#2682,.T.);
#2782=ADVANCED_FACE('',(#2459,#2460),#624,.T.);
#2783=ADVANCED_FACE('',(#2461,#2462),#625,.F.);
#2784=ADVANCED_FACE('',(#2463),#2683,.T.);
#2785=ADVANCED_FACE('',(#2464),#2684,.F.);
#2786=ADVANCED_FACE('',(#2465),#2685,.T.);
#2787=ADVANCED_FACE('',(#2466,#2467),#626,.F.);
#2788=ADVANCED_FACE('',(#2468),#2686,.T.);
#2789=ADVANCED_FACE('',(#2469),#2687,.T.);
#2790=ADVANCED_FACE('',(#2470),#627,.F.);
#2791=ADVANCED_FACE('',(#2471,#2472),#628,.F.);
#2792=ADVANCED_FACE('',(#2473,#2474),#2688,.T.);
#2793=ADVANCED_FACE('',(#2475),#2689,.F.);
#2794=ADVANCED_FACE('',(#2476,#2477),#53,.T.);
#2795=ADVANCED_FACE('',(#2478),#629,.T.);
#2796=ADVANCED_FACE('',(#2479),#17,.T.);
#2797=ADVANCED_FACE('',(#2480),#2690,.F.);
#2798=ADVANCED_FACE('',(#2481),#2691,.T.);
#2799=ADVANCED_FACE('',(#2482),#54,.T.);
#2800=ADVANCED_FACE('',(#2483),#55,.F.);
#2801=ADVANCED_FACE('',(#2484),#2692,.F.);
#2802=ADVANCED_FACE('',(#2485),#2693,.F.);
#2803=ADVANCED_FACE('',(#2486),#56,.F.);
#2804=ADVANCED_FACE('',(#2487),#18,.T.);
#2805=ADVANCED_FACE('',(#2488),#2694,.T.);
#2806=ADVANCED_FACE('',(#2489),#2695,.T.);
#2807=ADVANCED_FACE('',(#2490),#19,.T.);
#2808=ADVANCED_FACE('',(#2491),#2696,.T.);
#2809=ADVANCED_FACE('',(#2492),#2697,.T.);
#2810=ADVANCED_FACE('',(#2493),#2698,.F.);
#2811=ADVANCED_FACE('',(#2494),#57,.T.);
#2812=ADVANCED_FACE('',(#2495),#2699,.F.);
#2813=ADVANCED_FACE('',(#2496),#58,.F.);
#2814=ADVANCED_FACE('',(#2497),#2700,.T.);
#2815=ADVANCED_FACE('',(#2498),#20,.T.);
#2816=ADVANCED_FACE('',(#2499),#2701,.T.);
#2817=ADVANCED_FACE('',(#2500),#59,.T.);
#2818=ADVANCED_FACE('',(#2501),#2702,.F.);
#2819=ADVANCED_FACE('',(#2502),#2703,.F.);
#2820=ADVANCED_FACE('',(#2503),#21,.T.);
#2821=ADVANCED_FACE('',(#2504),#2704,.T.);
#2822=ADVANCED_FACE('',(#2505),#22,.T.);
#2823=ADVANCED_FACE('',(#2506),#60,.T.);
#2824=ADVANCED_FACE('',(#2507,#2508),#61,.T.);
#2825=ADVANCED_FACE('',(#2509,#2510),#23,.T.);
#2826=ADVANCED_FACE('',(#2511,#2512),#62,.F.);
#2827=ADVANCED_FACE('',(#2513,#2514),#63,.F.);
#2828=ADVANCED_FACE('',(#2515),#15,.F.);
#2829=ADVANCED_FACE('',(#2516,#2517,#2518,#2519),#630,.F.);
#2830=ADVANCED_FACE('',(#2520,#2521),#2705,.F.);
#2831=ADVANCED_FACE('',(#2522,#2523),#631,.T.);
#2832=ADVANCED_FACE('',(#2524,#2525),#632,.F.);
#2833=ADVANCED_FACE('',(#2526,#2527),#633,.F.);
#2834=ADVANCED_FACE('',(#2528,#2529),#634,.T.);
#2835=ADVANCED_FACE('',(#2530,#2531),#635,.T.);
#2836=ADVANCED_FACE('',(#2532),#2706,.T.);
#2837=ADVANCED_FACE('',(#2533),#636,.F.);
#2838=ADVANCED_FACE('',(#2534),#2707,.F.);
#2839=ADVANCED_FACE('',(#2535),#637,.T.);
#2840=ADVANCED_FACE('',(#2536),#2708,.T.);
#2841=ADVANCED_FACE('',(#2537),#638,.F.);
#2842=ADVANCED_FACE('',(#2538),#2709,.F.);
#2843=ADVANCED_FACE('',(#2539),#2710,.F.);
#2844=ADVANCED_FACE('',(#2540),#2711,.T.);
#2845=ADVANCED_FACE('',(#2541),#2712,.T.);
#2846=ADVANCED_FACE('',(#2542),#2713,.F.);
#2847=ADVANCED_FACE('',(#2543),#2714,.T.);
#2848=ADVANCED_FACE('',(#2544),#2715,.F.);
#2849=ADVANCED_FACE('',(#2545),#639,.T.);
#2850=ADVANCED_FACE('',(#2546),#2716,.F.);
#2851=ADVANCED_FACE('',(#2547),#640,.T.);
#2852=ADVANCED_FACE('',(#2548,#2549),#641,.F.);
#2853=ADVANCED_FACE('',(#2550,#2551),#2717,.T.);
#2854=ADVANCED_FACE('',(#2552,#2553),#2718,.T.);
#2855=ADVANCED_FACE('',(#2554,#2555),#642,.F.);
#2856=ADVANCED_FACE('',(#2556),#2719,.T.);
#2857=ADVANCED_FACE('',(#2557),#2720,.F.);
#2858=ADVANCED_FACE('',(#2558),#643,.F.);
#2859=ADVANCED_FACE('',(#2559),#2721,.T.);
#2860=ADVANCED_FACE('',(#2560),#2722,.F.);
#2861=ADVANCED_FACE('',(#2561),#644,.F.);
#2862=ADVANCED_FACE('',(#2562),#645,.T.);
#2863=ADVANCED_FACE('',(#2563),#24,.T.);
#2864=ADVANCED_FACE('',(#2564),#25,.T.);
#2865=ADVANCED_FACE('',(#2565),#2723,.T.);
#2866=ADVANCED_FACE('',(#2566),#64,.F.);
#2867=ADVANCED_FACE('',(#2567),#2724,.F.);
#2868=ADVANCED_FACE('',(#2568),#2725,.F.);
#2869=ADVANCED_FACE('',(#2569),#65,.F.);
#2870=ADVANCED_FACE('',(#2570),#2726,.T.);
#2871=ADVANCED_FACE('',(#2571),#2727,.F.);
#2872=ADVANCED_FACE('',(#2572),#66,.F.);
#2873=ADVANCED_FACE('',(#2573),#2728,.T.);
#2874=ADVANCED_FACE('',(#2574),#2729,.T.);
#2875=ADVANCED_FACE('',(#2575),#67,.F.);
#2876=ADVANCED_FACE('',(#2576),#2730,.F.);
#2877=ADVANCED_FACE('',(#2577),#2731,.F.);
#2878=ADVANCED_FACE('',(#2578),#2732,.T.);
#2879=ADVANCED_FACE('',(#2579),#2733,.T.);
#2880=ADVANCED_FACE('',(#2580),#2734,.F.);
#2881=ADVANCED_FACE('',(#2581),#2735,.F.);
#2882=ADVANCED_FACE('',(#2582),#26,.T.);
#2883=ADVANCED_FACE('',(#2583),#68,.T.);
#2884=ADVANCED_FACE('',(#2584),#2736,.F.);
#2885=ADVANCED_FACE('',(#2585),#2737,.T.);
#2886=ADVANCED_FACE('',(#2586),#69,.T.);
#2887=ADVANCED_FACE('',(#2587),#27,.T.);
#2888=ADVANCED_FACE('',(#2588),#2738,.F.);
#2889=ADVANCED_FACE('',(#2589),#2739,.F.);
#2890=ADVANCED_FACE('',(#2590),#70,.T.);
#2891=ADVANCED_FACE('',(#2591),#2740,.T.);
#2892=ADVANCED_FACE('',(#2592),#28,.T.);
#2893=ADVANCED_FACE('',(#2593),#2741,.T.);
#2894=ADVANCED_FACE('',(#2594),#2742,.F.);
#2895=ADVANCED_FACE('',(#2595),#2743,.T.);
#2896=ADVANCED_FACE('',(#2596),#2744,.F.);
#2897=ADVANCED_FACE('',(#2597),#71,.T.);
#2898=ADVANCED_FACE('',(#2598),#2745,.T.);
#2899=ADVANCED_FACE('',(#2599),#2746,.F.);
#2900=ADVANCED_FACE('',(#2600),#2747,.T.);
#2901=ADVANCED_FACE('',(#2601),#2748,.T.);
#2902=ADVANCED_FACE('',(#2602),#2749,.T.);
#2903=ADVANCED_FACE('',(#2603),#72,.T.);
#2904=ADVANCED_FACE('',(#2604),#73,.T.);
#2905=ADVANCED_FACE('',(#2605),#29,.T.);
#2906=ADVANCED_FACE('',(#2606),#2750,.F.);
#2907=ADVANCED_FACE('',(#2607),#30,.T.);
#2908=ADVANCED_FACE('',(#2608),#2751,.T.);
#2909=ADVANCED_FACE('',(#2609),#2752,.T.);
#2910=ADVANCED_FACE('',(#2610),#2753,.F.);
#2911=ADVANCED_FACE('',(#2611),#2754,.T.);
#2912=ADVANCED_FACE('',(#2612),#74,.F.);
#2913=ADVANCED_FACE('',(#2613),#75,.F.);
#2914=ADVANCED_FACE('',(#2614),#2755,.F.);
#2915=ADVANCED_FACE('',(#2615),#2756,.F.);
#2916=ADVANCED_FACE('',(#2616),#2757,.T.);
#2917=ADVANCED_FACE('',(#2617),#2758,.T.);
#2918=ADVANCED_FACE('',(#2618),#2759,.T.);
#2919=ADVANCED_FACE('',(#2619),#31,.T.);
#2920=ADVANCED_FACE('',(#2620),#32,.T.);
#2921=ADVANCED_FACE('',(#2621),#76,.T.);
#2922=ADVANCED_FACE('',(#2622),#77,.T.);
#2923=ADVANCED_FACE('',(#2623),#33,.T.);
#2924=ADVANCED_FACE('',(#2624),#2760,.F.);
#2925=ADVANCED_FACE('',(#2625),#34,.T.);
#2926=ADVANCED_FACE('',(#2626),#2761,.T.);
#2927=ADVANCED_FACE('',(#2627),#2762,.T.);
#2928=ADVANCED_FACE('',(#2628),#2763,.F.);
#2929=ADVANCED_FACE('',(#2629),#2764,.T.);
#2930=ADVANCED_FACE('',(#2630),#78,.T.);
#2931=ADVANCED_FACE('',(#2631),#2765,.F.);
#2932=ADVANCED_FACE('',(#2632),#79,.F.);
#2933=ADVANCED_FACE('',(#2633),#80,.F.);
#2934=ADVANCED_FACE('',(#2634),#2766,.T.);
#2935=ADVANCED_FACE('',(#2635),#2767,.F.);
#2936=ADVANCED_FACE('',(#2636),#2768,.F.);
#2937=ADVANCED_FACE('',(#2637),#2769,.T.);
#2938=ADVANCED_FACE('',(#2638),#2770,.T.);
#2939=ADVANCED_FACE('',(#2639),#2771,.T.);
#2940=ADVANCED_FACE('',(#2640),#2772,.T.);
#2941=ADVANCED_FACE('',(#2641),#2773,.F.);
#2942=ADVANCED_FACE('',(#2642),#35,.T.);
#2943=ADVANCED_FACE('',(#2643),#81,.T.);
#2944=ADVANCED_FACE('',(#2644),#36,.T.);
#2945=ADVANCED_FACE('',(#2645),#2774,.F.);
#2946=ADVANCED_FACE('',(#2646),#37,.T.);
#2947=ADVANCED_FACE('',(#2647),#82,.T.);
#2948=ADVANCED_FACE('',(#2648),#38,.T.);
#2949=ADVANCED_FACE('',(#2649),#83,.F.);
#2950=ADVANCED_FACE('',(#2650),#39,.T.);
#2951=ADVANCED_FACE('',(#2651),#40,.T.);
#2952=ADVANCED_FACE('',(#2652),#2775,.F.);
#2953=ADVANCED_FACE('',(#2653),#2776,.F.);
#2954=ADVANCED_FACE('',(#2654),#41,.T.);
#2955=ADVANCED_FACE('',(#2655),#42,.T.);
#2956=ADVANCED_FACE('',(#2656),#84,.F.);
#2957=ADVANCED_FACE('',(#2657),#43,.T.);
#2958=ADVANCED_FACE('',(#2658),#44,.T.);
#2959=ADVANCED_FACE('',(#2659),#45,.T.);
#2960=ADVANCED_FACE('',(#2660),#46,.T.);
#2961=ADVANCED_FACE('',(#2661),#47,.T.);
#2962=ADVANCED_FACE('',(#2662),#48,.T.);
#2963=ADVANCED_FACE('',(#2663),#2777,.F.);
#2964=ADVANCED_FACE('',(#2664),#2778,.T.);
#2965=ADVANCED_FACE('',(#2665),#85,.F.);
#2966=ADVANCED_FACE('',(#2666),#86,.F.);
#2967=ADVANCED_FACE('',(#2667),#2779,.T.);
#2968=ADVANCED_FACE('',(#2668),#2780,.F.);
#2969=ADVANCED_FACE('',(#2669,#2670),#49,.T.);
#2970=ADVANCED_FACE('',(#2671,#2672),#87,.F.);
#2971=ADVANCED_FACE('',(#2673,#2674),#50,.T.);
#2972=ADVANCED_FACE('',(#2675,#2676),#51,.T.);
#2973=ADVANCED_FACE('',(#2677,#2678),#88,.F.);
#2974=ADVANCED_FACE('',(#2679,#2680),#52,.T.);
#2975=ADVANCED_FACE('',(#2681),#16,.T.);
#2976=CLOSED_SHELL('',(#2781,#2782,#2783,#2784,#2785,#2786,#2787,#2788,
#2789,#2790,#2791,#2792,#2793,#2794,#2795,#2796,#2797,#2798,#2799,#2800,
#2801,#2802,#2803,#2804,#2805,#2806,#2807,#2808,#2809,#2810,#2811,#2812,
#2813,#2814,#2815,#2816,#2817,#2818,#2819,#2820,#2821,#2822,#2823,#2824,
#2825,#2826,#2827,#2828));
#2977=CLOSED_SHELL('',(#2829,#2830,#2831,#2832,#2833,#2834,#2835,#2836,
#2837,#2838,#2839,#2840,#2841,#2842,#2843,#2844,#2845,#2846,#2847,#2848,
#2849,#2850,#2851,#2852,#2853,#2854,#2855,#2856,#2857,#2858,#2859,#2860,
#2861,#2862,#2863,#2864,#2865,#2866,#2867,#2868,#2869,#2870,#2871,#2872,
#2873,#2874,#2875,#2876,#2877,#2878,#2879,#2880,#2881,#2882,#2883,#2884,
#2885,#2886,#2887,#2888,#2889,#2890,#2891,#2892,#2893,#2894,#2895,#2896,
#2897,#2898,#2899,#2900,#2901,#2902,#2903,#2904,#2905,#2906,#2907,#2908,
#2909,#2910,#2911,#2912,#2913,#2914,#2915,#2916,#2917,#2918,#2919,#2920,
#2921,#2922,#2923,#2924,#2925,#2926,#2927,#2928,#2929,#2930,#2931,#2932,
#2933,#2934,#2935,#2936,#2937,#2938,#2939,#2940,#2941,#2942,#2943,#2944,
#2945,#2946,#2947,#2948,#2949,#2950,#2951,#2952,#2953,#2954,#2955,#2956,
#2957,#2958,#2959,#2960,#2961,#2962,#2963,#2964,#2965,#2966,#2967,#2968,
#2969,#2970,#2971,#2972,#2973,#2974,#2975));
#2978=STYLED_ITEM('',(#2980),#2994);
#2979=STYLED_ITEM('',(#2981),#2995);
#2980=PRESENTATION_STYLE_ASSIGNMENT((#2982));
#2981=PRESENTATION_STYLE_ASSIGNMENT((#2983));
#2982=SURFACE_STYLE_USAGE(.BOTH.,#2984);
#2983=SURFACE_STYLE_USAGE(.BOTH.,#2985);
#2984=SURFACE_SIDE_STYLE('',(#2986));
#2985=SURFACE_SIDE_STYLE('',(#2987));
#2986=SURFACE_STYLE_FILL_AREA(#2988);
#2987=SURFACE_STYLE_FILL_AREA(#2989);
#2988=FILL_AREA_STYLE('',(#2990));
#2989=FILL_AREA_STYLE('',(#2991));
#2990=FILL_AREA_STYLE_COLOUR('',#2992);
#2991=FILL_AREA_STYLE_COLOUR('',#2993);
#2992=COLOUR_RGB('',0.980392156862745,0.713725490196078,0.00392156862745098);
#2993=COLOUR_RGB('',0.498039215686275,0.498039215686275,0.498039215686275);
#2994=MANIFOLD_SOLID_BREP('Cable_Holder2',#2976);
#2995=MANIFOLD_SOLID_BREP('Cable_Holder1',#2977);
#2996=SHAPE_DEFINITION_REPRESENTATION(#6070,#2998);
#2997=SHAPE_DEFINITION_REPRESENTATION(#6071,#2999);
#2998=SHAPE_REPRESENTATION('Cable_Holder2',(#3000),#6060);
#2999=SHAPE_REPRESENTATION('Cable_Holder1',(#3064),#6061);
#3000=AXIS2_PLACEMENT_3D('',#3885,#3233,#3234);
#3001=AXIS2_PLACEMENT_3D('',#3886,#3235,#3236);
#3002=AXIS2_PLACEMENT_3D('',#3887,#3237,#3238);
#3003=AXIS2_PLACEMENT_3D('',#3889,#3239,#3240);
#3004=AXIS2_PLACEMENT_3D('',#3891,#3241,#3242);
#3005=AXIS2_PLACEMENT_3D('',#3921,#3244,#3245);
#3006=AXIS2_PLACEMENT_3D('',#3925,#3247,#3248);
#3007=AXIS2_PLACEMENT_3D('',#3939,#3249,#3250);
#3008=AXIS2_PLACEMENT_3D('',#3940,#3251,#3252);
#3009=AXIS2_PLACEMENT_3D('',#3941,#3253,#3254);
#3010=AXIS2_PLACEMENT_3D('',#3943,#3255,#3256);
#3011=AXIS2_PLACEMENT_3D('',#3945,#3257,#3258);
#3012=AXIS2_PLACEMENT_3D('',#3949,#3260,#3261);
#3013=AXIS2_PLACEMENT_3D('',#3960,#3264,#3265);
#3014=AXIS2_PLACEMENT_3D('',#3961,#3266,#3267);
#3015=AXIS2_PLACEMENT_3D('',#3972,#3270,#3271);
#3016=AXIS2_PLACEMENT_3D('',#3976,#3273,#3274);
#3017=AXIS2_PLACEMENT_3D('',#3977,#3275,#3276);
#3018=AXIS2_PLACEMENT_3D('',#3986,#3281,#3282);
#3019=AXIS2_PLACEMENT_3D('',#4002,#3284,#3285);
#3020=AXIS2_PLACEMENT_3D('',#4006,#3287,#3288);
#3021=AXIS2_PLACEMENT_3D('',#4016,#3290,#3291);
#3022=AXIS2_PLACEMENT_3D('',#4017,#3292,#3293);
#3023=AXIS2_PLACEMENT_3D('',#4026,#3298,#3299);
#3024=AXIS2_PLACEMENT_3D('',#4030,#3301,#3302);
#3025=AXIS2_PLACEMENT_3D('',#4034,#3304,#3305);
#3026=AXIS2_PLACEMENT_3D('',#4035,#3306,#3307);
#3027=AXIS2_PLACEMENT_3D('',#4058,#3308,#3309);
#3028=AXIS2_PLACEMENT_3D('',#4090,#3310,#3311);
#3029=AXIS2_PLACEMENT_3D('',#4092,#3312,#3313);
#3030=AXIS2_PLACEMENT_3D('',#4093,#3314,#3315);
#3031=AXIS2_PLACEMENT_3D('',#4095,#3316,#3317);
#3032=AXIS2_PLACEMENT_3D('',#4096,#3318,#3319);
#3033=AXIS2_PLACEMENT_3D('',#4101,#3322,#3323);
#3034=AXIS2_PLACEMENT_3D('',#4102,#3324,#3325);
#3035=AXIS2_PLACEMENT_3D('',#4119,#3326,#3327);
#3036=AXIS2_PLACEMENT_3D('',#4135,#3328,#3329);
#3037=AXIS2_PLACEMENT_3D('',#4175,#3330,#3331);
#3038=AXIS2_PLACEMENT_3D('',#4214,#3332,#3333);
#3039=AXIS2_PLACEMENT_3D('',#4219,#3334,#3335);
#3040=AXIS2_PLACEMENT_3D('',#4226,#3338,#3339);
#3041=AXIS2_PLACEMENT_3D('',#4231,#3340,#3341);
#3042=AXIS2_PLACEMENT_3D('',#4236,#3342,#3343);
#3043=AXIS2_PLACEMENT_3D('',#4238,#3345,#3346);
#3044=AXIS2_PLACEMENT_3D('',#4240,#3348,#3349);
#3045=AXIS2_PLACEMENT_3D('',#4270,#3350,#3351);
#3046=AXIS2_PLACEMENT_3D('',#4272,#3353,#3354);
#3047=AXIS2_PLACEMENT_3D('',#4294,#3356,#3357);
#3048=AXIS2_PLACEMENT_3D('',#4299,#3358,#3359);
#3049=AXIS2_PLACEMENT_3D('',#4301,#3361,#3362);
#3050=AXIS2_PLACEMENT_3D('',#4303,#3364,#3365);
#3051=AXIS2_PLACEMENT_3D('',#4308,#3366,#3367);
#3052=AXIS2_PLACEMENT_3D('',#4310,#3369,#3370);
#3053=AXIS2_PLACEMENT_3D('',#4315,#3371,#3372);
#3054=AXIS2_PLACEMENT_3D('',#4336,#3373,#3374);
#3055=AXIS2_PLACEMENT_3D('',#4338,#3376,#3377);
#3056=AXIS2_PLACEMENT_3D('',#4343,#3378,#3379);
#3057=AXIS2_PLACEMENT_3D('',#4345,#3381,#3382);
#3058=AXIS2_PLACEMENT_3D('',#4363,#3384,#3385);
#3059=AXIS2_PLACEMENT_3D('',#4384,#3386,#3387);
#3060=AXIS2_PLACEMENT_3D('',#4385,#3388,#3389);
#3061=AXIS2_PLACEMENT_3D('',#4422,#3390,#3391);
#3062=AXIS2_PLACEMENT_3D('',#4423,#3392,#3393);
#3063=AXIS2_PLACEMENT_3D('',#4424,#3394,#3395);
#3064=AXIS2_PLACEMENT_3D('',#4425,#3396,#3397);
#3065=AXIS2_PLACEMENT_3D('',#4426,#3398,#3399);
#3066=AXIS2_PLACEMENT_3D('',#4433,#3400,#3401);
#3067=AXIS2_PLACEMENT_3D('',#4447,#3403,#3404);
#3068=AXIS2_PLACEMENT_3D('',#4525,#3406,#3407);
#3069=AXIS2_PLACEMENT_3D('',#4535,#3412,#3413);
#3070=AXIS2_PLACEMENT_3D('',#4538,#3415,#3416);
#3071=AXIS2_PLACEMENT_3D('',#4545,#3419,#3420);
#3072=AXIS2_PLACEMENT_3D('',#4550,#3423,#3424);
#3073=AXIS2_PLACEMENT_3D('',#4577,#3425,#3426);
#3074=AXIS2_PLACEMENT_3D('',#4593,#3427,#3428);
#3075=AXIS2_PLACEMENT_3D('',#4601,#3430,#3431);
#3076=AXIS2_PLACEMENT_3D('',#4602,#3432,#3433);
#3077=AXIS2_PLACEMENT_3D('',#4625,#3434,#3435);
#3078=AXIS2_PLACEMENT_3D('',#4626,#3436,#3437);
#3079=AXIS2_PLACEMENT_3D('',#4649,#3438,#3439);
#3080=AXIS2_PLACEMENT_3D('',#4673,#3441,#3442);
#3081=AXIS2_PLACEMENT_3D('',#4687,#3444,#3445);
#3082=AXIS2_PLACEMENT_3D('',#4688,#3446,#3447);
#3083=AXIS2_PLACEMENT_3D('',#4701,#3448,#3449);
#3084=AXIS2_PLACEMENT_3D('',#4706,#3451,#3452);
#3085=AXIS2_PLACEMENT_3D('',#4720,#3454,#3455);
#3086=AXIS2_PLACEMENT_3D('',#4730,#3457,#3458);
#3087=AXIS2_PLACEMENT_3D('',#4731,#3459,#3460);
#3088=AXIS2_PLACEMENT_3D('',#4740,#3465,#3466);
#3089=AXIS2_PLACEMENT_3D('',#4741,#3467,#3468);
#3090=AXIS2_PLACEMENT_3D('',#4745,#3470,#3471);
#3091=AXIS2_PLACEMENT_3D('',#4746,#3472,#3473);
#3092=AXIS2_PLACEMENT_3D('',#4752,#3477,#3478);
#3093=AXIS2_PLACEMENT_3D('',#4753,#3479,#3480);
#3094=AXIS2_PLACEMENT_3D('',#4768,#3482,#3483);
#3095=AXIS2_PLACEMENT_3D('',#4781,#3485,#3486);
#3096=AXIS2_PLACEMENT_3D('',#4790,#3491,#3492);
#3097=AXIS2_PLACEMENT_3D('',#4791,#3493,#3494);
#3098=AXIS2_PLACEMENT_3D('',#4795,#3496,#3497);
#3099=AXIS2_PLACEMENT_3D('',#4796,#3498,#3499);
#3100=AXIS2_PLACEMENT_3D('',#4802,#3503,#3504);
#3101=AXIS2_PLACEMENT_3D('',#4811,#3509,#3510);
#3102=AXIS2_PLACEMENT_3D('',#4820,#3515,#3516);
#3103=AXIS2_PLACEMENT_3D('',#4833,#3523,#3524);
#3104=AXIS2_PLACEMENT_3D('',#4837,#3526,#3527);
#3105=AXIS2_PLACEMENT_3D('',#4841,#3529,#3530);
#3106=AXIS2_PLACEMENT_3D('',#4850,#3532,#3533);
#3107=AXIS2_PLACEMENT_3D('',#4856,#3536,#3537);
#3108=AXIS2_PLACEMENT_3D('',#4860,#3539,#3540);
#3109=AXIS2_PLACEMENT_3D('',#4864,#3542,#3543);
#3110=AXIS2_PLACEMENT_3D('',#4884,#3547,#3548);
#3111=AXIS2_PLACEMENT_3D('',#4885,#3549,#3550);
#3112=AXIS2_PLACEMENT_3D('',#4889,#3552,#3553);
#3113=AXIS2_PLACEMENT_3D('',#4893,#3555,#3556);
#3114=AXIS2_PLACEMENT_3D('',#4913,#3560,#3561);
#3115=AXIS2_PLACEMENT_3D('',#4917,#3563,#3564);
#3116=AXIS2_PLACEMENT_3D('',#4921,#3566,#3567);
#3117=AXIS2_PLACEMENT_3D('',#4927,#3570,#3571);
#3118=AXIS2_PLACEMENT_3D('',#4931,#3573,#3574);
#3119=AXIS2_PLACEMENT_3D('',#4940,#3576,#3577);
#3120=AXIS2_PLACEMENT_3D('',#4941,#3578,#3579);
#3121=AXIS2_PLACEMENT_3D('',#4947,#3583,#3584);
#3122=AXIS2_PLACEMENT_3D('',#4957,#3586,#3587);
#3123=AXIS2_PLACEMENT_3D('',#4961,#3589,#3590);
#3124=AXIS2_PLACEMENT_3D('',#4962,#3591,#3592);
#3125=AXIS2_PLACEMENT_3D('',#4965,#3594,#3595);
#3126=AXIS2_PLACEMENT_3D('',#4968,#3597,#3598);
#3127=AXIS2_PLACEMENT_3D('',#4980,#3599,#3600);
#3128=AXIS2_PLACEMENT_3D('',#5010,#3601,#3602);
#3129=AXIS2_PLACEMENT_3D('',#5012,#3603,#3604);
#3130=AXIS2_PLACEMENT_3D('',#5013,#3605,#3606);
#3131=AXIS2_PLACEMENT_3D('',#5015,#3607,#3608);
#3132=AXIS2_PLACEMENT_3D('',#5016,#3609,#3610);
#3133=AXIS2_PLACEMENT_3D('',#5018,#3611,#3612);
#3134=AXIS2_PLACEMENT_3D('',#5020,#3613,#3614);
#3135=AXIS2_PLACEMENT_3D('',#5050,#3615,#3616);
#3136=AXIS2_PLACEMENT_3D('',#5062,#3620,#3621);
#3137=AXIS2_PLACEMENT_3D('',#5071,#3624,#3625);
#3138=AXIS2_PLACEMENT_3D('',#5089,#3627,#3628);
#3139=AXIS2_PLACEMENT_3D('',#5090,#3629,#3630);
#3140=AXIS2_PLACEMENT_3D('',#5109,#3633,#3634);
#3141=AXIS2_PLACEMENT_3D('',#5128,#3637,#3638);
#3142=AXIS2_PLACEMENT_3D('',#5145,#3639,#3640);
#3143=AXIS2_PLACEMENT_3D('',#5146,#3641,#3642);
#3144=AXIS2_PLACEMENT_3D('',#5147,#3643,#3644);
#3145=AXIS2_PLACEMENT_3D('',#5302,#3645,#3646);
#3146=AXIS2_PLACEMENT_3D('',#5311,#3649,#3650);
#3147=AXIS2_PLACEMENT_3D('',#5314,#3652,#3653);
#3148=AXIS2_PLACEMENT_3D('',#5315,#3654,#3655);
#3149=AXIS2_PLACEMENT_3D('',#5319,#3658,#3659);
#3150=AXIS2_PLACEMENT_3D('',#5328,#3662,#3663);
#3151=AXIS2_PLACEMENT_3D('',#5329,#3664,#3665);
#3152=AXIS2_PLACEMENT_3D('',#5332,#3667,#3668);
#3153=AXIS2_PLACEMENT_3D('',#5336,#3671,#3672);
#3154=AXIS2_PLACEMENT_3D('',#5345,#3675,#3676);
#3155=AXIS2_PLACEMENT_3D('',#5346,#3677,#3678);
#3156=AXIS2_PLACEMENT_3D('',#5349,#3680,#3681);
#3157=AXIS2_PLACEMENT_3D('',#5356,#3683,#3684);
#3158=AXIS2_PLACEMENT_3D('',#5365,#3687,#3688);
#3159=AXIS2_PLACEMENT_3D('',#5368,#3690,#3691);
#3160=AXIS2_PLACEMENT_3D('',#5369,#3692,#3693);
#3161=AXIS2_PLACEMENT_3D('',#5376,#3695,#3696);
#3162=AXIS2_PLACEMENT_3D('',#5385,#3697,#3698);
#3163=AXIS2_PLACEMENT_3D('',#5394,#3699,#3700);
#3164=AXIS2_PLACEMENT_3D('',#5403,#3701,#3702);
#3165=AXIS2_PLACEMENT_3D('',#5412,#3703,#3704);
#3166=AXIS2_PLACEMENT_3D('',#5431,#3707,#3708);
#3167=AXIS2_PLACEMENT_3D('',#5436,#3709,#3710);
#3168=AXIS2_PLACEMENT_3D('',#5441,#3711,#3712);
#3169=AXIS2_PLACEMENT_3D('',#5443,#3714,#3715);
#3170=AXIS2_PLACEMENT_3D('',#5464,#3716,#3717);
#3171=AXIS2_PLACEMENT_3D('',#5467,#3720,#3721);
#3172=AXIS2_PLACEMENT_3D('',#5469,#3723,#3724);
#3173=AXIS2_PLACEMENT_3D('',#5474,#3725,#3726);
#3174=AXIS2_PLACEMENT_3D('',#5492,#3728,#3729);
#3175=AXIS2_PLACEMENT_3D('',#5497,#3730,#3731);
#3176=AXIS2_PLACEMENT_3D('',#5499,#3733,#3734);
#3177=AXIS2_PLACEMENT_3D('',#5501,#3736,#3737);
#3178=AXIS2_PLACEMENT_3D('',#5503,#3739,#3740);
#3179=AXIS2_PLACEMENT_3D('',#5508,#3741,#3742);
#3180=AXIS2_PLACEMENT_3D('',#5510,#3744,#3745);
#3181=AXIS2_PLACEMENT_3D('',#5512,#3747,#3748);
#3182=AXIS2_PLACEMENT_3D('',#5514,#3750,#3751);
#3183=AXIS2_PLACEMENT_3D('',#5516,#3753,#3754);
#3184=AXIS2_PLACEMENT_3D('',#5521,#3755,#3756);
#3185=AXIS2_PLACEMENT_3D('',#5526,#3757,#3758);
#3186=AXIS2_PLACEMENT_3D('',#5543,#3759,#3760);
#3187=AXIS2_PLACEMENT_3D('',#5558,#3763,#3764);
#3188=AXIS2_PLACEMENT_3D('',#5560,#3766,#3767);
#3189=AXIS2_PLACEMENT_3D('',#5562,#3769,#3770);
#3190=AXIS2_PLACEMENT_3D('',#5564,#3772,#3773);
#3191=AXIS2_PLACEMENT_3D('',#5566,#3775,#3776);
#3192=AXIS2_PLACEMENT_3D('',#5568,#3778,#3779);
#3193=AXIS2_PLACEMENT_3D('',#5570,#3781,#3782);
#3194=AXIS2_PLACEMENT_3D('',#5572,#3784,#3785);
#3195=AXIS2_PLACEMENT_3D('',#5575,#3788,#3789);
#3196=AXIS2_PLACEMENT_3D('',#5577,#3791,#3792);
#3197=AXIS2_PLACEMENT_3D('',#5582,#3793,#3794);
#3198=AXIS2_PLACEMENT_3D('',#5611,#3795,#3796);
#3199=AXIS2_PLACEMENT_3D('',#5616,#3797,#3798);
#3200=AXIS2_PLACEMENT_3D('',#5633,#3799,#3800);
#3201=AXIS2_PLACEMENT_3D('',#5648,#3803,#3804);
#3202=AXIS2_PLACEMENT_3D('',#5650,#3806,#3807);
#3203=AXIS2_PLACEMENT_3D('',#5652,#3809,#3810);
#3204=AXIS2_PLACEMENT_3D('',#5654,#3812,#3813);
#3205=AXIS2_PLACEMENT_3D('',#5656,#3815,#3816);
#3206=AXIS2_PLACEMENT_3D('',#5659,#3819,#3820);
#3207=AXIS2_PLACEMENT_3D('',#5661,#3822,#3823);
#3208=AXIS2_PLACEMENT_3D('',#5663,#3825,#3826);
#3209=AXIS2_PLACEMENT_3D('',#5665,#3828,#3829);
#3210=AXIS2_PLACEMENT_3D('',#5667,#3831,#3832);
#3211=AXIS2_PLACEMENT_3D('',#5669,#3834,#3835);
#3212=AXIS2_PLACEMENT_3D('',#5671,#3837,#3838);
#3213=AXIS2_PLACEMENT_3D('',#5673,#3840,#3841);
#3214=AXIS2_PLACEMENT_3D('',#5675,#3843,#3844);
#3215=AXIS2_PLACEMENT_3D('',#5677,#3846,#3847);
#3216=AXIS2_PLACEMENT_3D('',#5679,#3849,#3850);
#3217=AXIS2_PLACEMENT_3D('',#5696,#3851,#3852);
#3218=AXIS2_PLACEMENT_3D('',#5713,#3853,#3854);
#3219=AXIS2_PLACEMENT_3D('',#5730,#3855,#3856);
#3220=AXIS2_PLACEMENT_3D('',#5747,#3857,#3858);
#3221=AXIS2_PLACEMENT_3D('',#5780,#3859,#3860);
#3222=AXIS2_PLACEMENT_3D('',#5785,#3861,#3862);
#3223=AXIS2_PLACEMENT_3D('',#5814,#3863,#3864);
#3224=AXIS2_PLACEMENT_3D('',#5887,#3865,#3866);
#3225=AXIS2_PLACEMENT_3D('',#5893,#3868,#3869);
#3226=AXIS2_PLACEMENT_3D('',#5898,#3870,#3871);
#3227=AXIS2_PLACEMENT_3D('',#5903,#3872,#3873);
#3228=AXIS2_PLACEMENT_3D('',#5908,#3874,#3875);
#3229=AXIS2_PLACEMENT_3D('',#5910,#3877,#3878);
#3230=AXIS2_PLACEMENT_3D('',#5947,#3879,#3880);
#3231=AXIS2_PLACEMENT_3D('',#6020,#3881,#3882);
#3232=AXIS2_PLACEMENT_3D('',#6057,#3883,#3884);
#3233=DIRECTION('',(0.,0.,1.));
#3234=DIRECTION('',(1.,0.,0.));
#3235=DIRECTION('',(0.,0.707106781186547,0.707106781186548));
#3236=DIRECTION('',(0.,-0.707106781186548,0.707106781186547));
#3237=DIRECTION('',(0.,0.707106781186547,0.707106781186548));
#3238=DIRECTION('',(0.,-0.707106781186548,0.707106781186547));
#3239=DIRECTION('',(0.,0.707106781186547,0.707106781186548));
#3240=DIRECTION('',(0.,-0.707106781186548,0.707106781186547));
#3241=DIRECTION('',(1.,0.,0.));
#3242=DIRECTION('',(0.,0.,-1.));
#3243=DIRECTION('',(1.,0.,0.));
#3244=DIRECTION('',(1.,0.,0.));
#3245=DIRECTION('',(0.,0.,-1.));
#3246=DIRECTION('',(1.,0.,0.));
#3247=DIRECTION('',(1.,0.,0.));
#3248=DIRECTION('',(0.,0.,-1.));
#3249=DIRECTION('',(1.,0.,0.));
#3250=DIRECTION('',(0.,0.,-1.));
#3251=DIRECTION('',(0.,0.707106781186547,0.707106781186548));
#3252=DIRECTION('',(0.,-0.707106781186548,0.707106781186547));
#3253=DIRECTION('',(0.,-0.707106781186548,-0.707106781186548));
#3254=DIRECTION('',(0.,0.707106781186548,-0.707106781186548));
#3255=DIRECTION('',(0.,0.707106781186556,0.707106781186539));
#3256=DIRECTION('',(0.,-0.707106781186539,0.707106781186556));
#3257=DIRECTION('',(1.,0.,0.));
#3258=DIRECTION('',(0.,1.,0.));
#3259=DIRECTION('',(0.,-0.707106781186548,-0.707106781186548));
#3260=DIRECTION('',(1.,0.,0.));
#3261=DIRECTION('',(0.,0.,-1.));
#3262=DIRECTION('',(0.,-0.707106781186549,-0.707106781186546));
#3263=DIRECTION('',(0.,-0.707106781186548,0.707106781186548));
#3264=DIRECTION('',(1.,0.,0.));
#3265=DIRECTION('',(0.,0.,-1.));
#3266=DIRECTION('',(1.,0.,0.));
#3267=DIRECTION('',(0.,1.,0.));
#3268=DIRECTION('',(0.,0.707106781186548,-0.707106781186548));
#3269=DIRECTION('',(0.,0.707106781186549,0.707106781186546));
#3270=DIRECTION('',(1.,0.,0.));
#3271=DIRECTION('',(0.,0.,-1.));
#3272=DIRECTION('',(0.,0.707106781186548,0.707106781186548));
#3273=DIRECTION('',(1.,0.,0.));
#3274=DIRECTION('',(0.,0.,-1.));
#3275=DIRECTION('',(0.,-0.707106781186548,0.707106781186548));
#3276=DIRECTION('',(0.,-0.707106781186548,-0.707106781186548));
#3277=DIRECTION('',(1.,1.84018146694258E-17,1.84018146694258E-17));
#3278=DIRECTION('',(0.,0.707106781186548,0.707106781186548));
#3279=DIRECTION('',(-1.,-9.58676361562799E-21,-9.58676361562799E-21));
#3280=DIRECTION('',(0.,-0.707106781186548,-0.707106781186548));
#3281=DIRECTION('',(1.,0.,0.));
#3282=DIRECTION('',(0.,0.,-1.));
#3283=DIRECTION('',(1.,0.,0.));
#3284=DIRECTION('',(1.,0.,0.));
#3285=DIRECTION('',(0.,0.,-1.));
#3286=DIRECTION('',(1.,0.,0.));
#3287=DIRECTION('',(1.,0.,0.));
#3288=DIRECTION('',(0.,0.,-1.));
#3289=DIRECTION('',(1.,0.,0.));
#3290=DIRECTION('',(1.,0.,0.));
#3291=DIRECTION('',(0.,0.,-1.));
#3292=DIRECTION('',(0.,-0.707106781186548,0.707106781186548));
#3293=DIRECTION('',(0.,-0.707106781186548,-0.707106781186548));
#3294=DIRECTION('',(0.,0.707106781186548,0.707106781186548));
#3295=DIRECTION('',(-1.,-3.84267828565649E-17,-3.84267828565649E-17));
#3296=DIRECTION('',(0.,-0.707106781186548,-0.707106781186548));
#3297=DIRECTION('',(1.,3.61138620389259E-17,3.61138620389259E-17));
#3298=DIRECTION('',(1.,0.,0.));
#3299=DIRECTION('',(0.,1.,0.));
#3300=DIRECTION('',(0.,-0.707106781186548,-0.707106781186548));
#3301=DIRECTION('',(1.,0.,0.));
#3302=DIRECTION('',(0.,0.,-1.));
#3303=DIRECTION('',(0.,-0.707106781186548,-0.707106781186548));
#3304=DIRECTION('',(1.,0.,0.));
#3305=DIRECTION('',(0.,0.,-1.));
#3306=DIRECTION('',(0.,0.707106781186548,0.707106781186548));
#3307=DIRECTION('',(0.,-0.707106781186548,0.707106781186548));
#3308=DIRECTION('',(0.,0.707106781186547,0.707106781186548));
#3309=DIRECTION('',(0.,-0.707106781186548,0.707106781186547));
#3310=DIRECTION('',(0.,-0.707106781186547,-0.707106781186548));
#3311=DIRECTION('',(0.,0.707106781186548,-0.707106781186547));
#3312=DIRECTION('',(0.,-0.707106781186547,-0.707106781186548));
#3313=DIRECTION('',(1.,0.,0.));
#3314=DIRECTION('',(0.,-0.707106781186547,-0.707106781186548));
#3315=DIRECTION('',(0.,0.707106781186548,-0.707106781186547));
#3316=DIRECTION('',(0.,-0.707106781186548,-0.707106781186548));
#3317=DIRECTION('',(0.,0.707106781186548,-0.707106781186548));
#3318=DIRECTION('',(0.,-0.707106781186548,-0.707106781186548));
#3319=DIRECTION('',(0.,0.707106781186548,-0.707106781186548));
#3320=DIRECTION('',(0.,-0.707106781186548,0.707106781186548));
#3321=DIRECTION('',(0.,0.707106781186548,-0.707106781186548));
#3322=DIRECTION('',(0.,-0.707106781186548,-0.707106781186548));
#3323=DIRECTION('',(0.,0.707106781186548,-0.707106781186548));
#3324=DIRECTION('',(0.,-0.707106781186548,-0.707106781186548));
#3325=DIRECTION('',(0.,0.707106781186548,-0.707106781186548));
#3326=DIRECTION('',(0.,-0.707106781186548,-0.707106781186548));
#3327=DIRECTION('',(0.,0.707106781186548,-0.707106781186548));
#3328=DIRECTION('',(0.,0.707106781186549,0.707106781186546));
#3329=DIRECTION('',(0.,-0.707106781186546,0.707106781186549));
#3330=DIRECTION('',(0.,-0.707106781186548,-0.707106781186548));
#3331=DIRECTION('',(0.,0.707106781186548,-0.707106781186548));
#3332=DIRECTION('',(0.707106781186545,-0.5,-0.5));
#3333=DIRECTION('',(0.,0.707106781186548,-0.707106781186548));
#3334=DIRECTION('',(0.635903362432616,0.0339037224889311,0.771023638579445));
#3335=DIRECTION('',(0.771467152308349,0.,-0.636269151310392));
#3336=DIRECTION('',(0.132192180362974,0.979485587045386,-0.15209606247776));
#3337=DIRECTION('',(-0.700037543120716,-0.395264448971427,0.594738138680231));
#3338=DIRECTION('',(0.,-0.707106781186548,-0.707106781186548));
#3339=DIRECTION('',(0.,0.707106781186548,-0.707106781186548));
#3340=DIRECTION('',(-1.,0.,0.));
#3341=DIRECTION('',(0.,0.,1.));
#3342=DIRECTION('',(0.,-0.153442659055632,-0.988157553420474));
#3343=DIRECTION('',(1.,0.,0.));
#3344=DIRECTION('',(-6.0698504169807E-16,-0.988157553420474,0.153442659055632));
#3345=DIRECTION('',(-0.707106781186548,0.5,-0.5));
#3346=DIRECTION('',(0.,-0.707106781186548,-0.707106781186548));
#3347=DIRECTION('',(0.706332721641276,0.46637568128394,-0.532529633209053));
#3348=DIRECTION('',(1.,0.,0.));
#3349=DIRECTION('',(0.,0.,-1.));
#3350=DIRECTION('',(-0.663040798008349,0.114864606248882,0.739718204729166));
#3351=DIRECTION('',(0.744646906009576,0.,0.66745860198994));
#3352=DIRECTION('',(0.684546379886675,-0.306857506663026,0.661237267846119));
#3353=DIRECTION('',(0.578157734133405,-0.814146447953232,0.0538441802506347));
#3354=DIRECTION('',(0.815329205318934,0.578997657123063,0.));
#3355=DIRECTION('',(0.110511193137588,0.143520100968177,0.983457806318802));
#3356=DIRECTION('',(0.707106781186545,0.5,0.5));
#3357=DIRECTION('',(0.,-0.707106781186548,0.707106781186548));
#3358=DIRECTION('',(-0.707106781186549,-0.5,0.5));
#3359=DIRECTION('',(0.,-0.707106781186548,-0.707106781186548));
#3360=DIRECTION('',(-0.706734049973416,0.47678033746826,-0.522692540995015));
#3361=DIRECTION('',(0.,0.989518727718197,-0.144404596516041));
#3362=DIRECTION('',(1.,0.,0.));
#3363=DIRECTION('',(0.124033978507835,-0.143289500066292,-0.981877635627918));
#3364=DIRECTION('',(-1.,0.,0.));
#3365=DIRECTION('',(0.,0.,1.));
#3366=DIRECTION('',(0.,-0.112310547640201,-0.993673155966668));
#3367=DIRECTION('',(1.,0.,0.));
#3368=DIRECTION('',(1.83153540788276E-15,0.993673155966668,-0.112310547640201));
#3369=DIRECTION('',(1.,0.,0.));
#3370=DIRECTION('',(0.,0.,-1.));
#3371=DIRECTION('',(-0.581402284672595,-0.812364897433189,0.0451071701157508));
#3372=DIRECTION('',(0.813192602599159,-0.581994665850131,0.));
#3373=DIRECTION('',(0.613747791931809,0.088669419046142,0.7845070949487));
#3374=DIRECTION('',(0.787609402034265,0.,-0.616174837061062));
#3375=DIRECTION('',(-0.70033544014475,-0.397588830515689,0.592835047147541));
#3376=DIRECTION('',(1.,0.,0.));
#3377=DIRECTION('',(0.,0.,-1.));
#3378=DIRECTION('',(0.,0.994178093088351,-0.107749335140451));
#3379=DIRECTION('',(1.,0.,0.));
#3380=DIRECTION('',(0.134056172179765,0.106776761046618,0.985204377782043));
#3381=DIRECTION('',(-0.707106781186545,0.5,-0.5));
#3382=DIRECTION('',(0.,-0.707106781186548,-0.707106781186548));
#3383=DIRECTION('',(0.706501754011144,0.528817207753184,-0.470327154609749));
#3384=DIRECTION('',(0.601264851863641,-0.799035463822772,0.00478596562057412));
#3385=DIRECTION('',(0.799044615120176,0.601271738108029,0.));
#3386=DIRECTION('',(-1.,0.,0.));
#3387=DIRECTION('',(0.,0.,1.));
#3388=DIRECTION('',(0.,-0.707106781186548,-0.707106781186548));
#3389=DIRECTION('',(0.,0.707106781186548,-0.707106781186548));
#3390=DIRECTION('',(0.,-0.707106781186548,-0.707106781186548));
#3391=DIRECTION('',(0.,0.707106781186548,-0.707106781186548));
#3392=DIRECTION('',(0.,0.707106781186556,0.707106781186539));
#3393=DIRECTION('',(0.,-0.707106781186539,0.707106781186556));
#3394=DIRECTION('',(0.,-0.707106781186547,-0.707106781186548));
#3395=DIRECTION('',(0.,-0.707106781186548,0.707106781186547));
#3396=DIRECTION('',(0.,0.,1.));
#3397=DIRECTION('',(1.,0.,0.));
#3398=DIRECTION('',(1.,0.,0.));
#3399=DIRECTION('',(0.,0.,-1.));
#3400=DIRECTION('',(1.,0.,0.));
#3401=DIRECTION('',(0.,0.,-1.));
#3402=DIRECTION('',(1.,0.,0.));
#3403=DIRECTION('',(1.,0.,0.));
#3404=DIRECTION('',(0.,0.,-1.));
#3405=DIRECTION('',(1.,0.,0.));
#3406=DIRECTION('',(0.,0.707106781186547,0.707106781186548));
#3407=DIRECTION('',(0.,-0.707106781186548,0.707106781186547));
#3408=DIRECTION('',(-0.707106781186549,-0.5,0.5));
#3409=DIRECTION('',(-1.,0.,0.));
#3410=DIRECTION('',(-0.707106781186549,0.5,-0.5));
#3411=DIRECTION('',(0.,0.707106781186548,-0.707106781186547));
#3412=DIRECTION('',(0.,0.707106781186547,0.707106781186548));
#3413=DIRECTION('',(0.,-0.707106781186548,0.707106781186547));
#3414=DIRECTION('',(0.,-0.707106781186548,0.707106781186547));
#3415=DIRECTION('',(0.,0.707106781186547,0.707106781186548));
#3416=DIRECTION('',(0.,-0.707106781186548,0.707106781186547));
#3417=DIRECTION('',(0.833333333333333,-0.390867979985286,0.390867979985286));
#3418=DIRECTION('',(0.833333333333334,0.390867979985286,-0.390867979985285));
#3419=DIRECTION('',(0.,0.707106781186547,0.707106781186548));
#3420=DIRECTION('',(0.,-0.707106781186548,0.707106781186547));
#3421=DIRECTION('',(-0.833333333333334,0.390867979985285,-0.390867979985285));
#3422=DIRECTION('',(-0.833333333333333,-0.390867979985287,0.390867979985286));
#3423=DIRECTION('',(1.,0.,0.));
#3424=DIRECTION('',(0.,0.,-1.));
#3425=DIRECTION('',(1.,0.,0.));
#3426=DIRECTION('',(0.,0.,-1.));
#3427=DIRECTION('',(1.,0.,0.));
#3428=DIRECTION('',(0.,0.,-1.));
#3429=DIRECTION('',(1.,0.,0.));
#3430=DIRECTION('',(0.,0.342020143325668,0.939692620785909));
#3431=DIRECTION('',(0.,-0.939692620785909,0.342020143325668));
#3432=DIRECTION('',(0.,-0.342020143325669,-0.939692620785908));
#3433=DIRECTION('',(0.,0.939692620785908,-0.342020143325669));
#3434=DIRECTION('',(0.,0.939692620785908,0.342020143325669));
#3435=DIRECTION('',(0.,-0.342020143325669,0.939692620785909));
#3436=DIRECTION('',(0.,-0.939692620785908,-0.342020143325669));
#3437=DIRECTION('',(0.,0.342020143325669,-0.939692620785908));
#3438=DIRECTION('',(1.,0.,0.));
#3439=DIRECTION('',(0.,0.,-1.));
#3440=DIRECTION('',(1.,0.,0.));
#3441=DIRECTION('',(1.,0.,0.));
#3442=DIRECTION('',(0.,0.,-1.));
#3443=DIRECTION('',(1.,0.,0.));
#3444=DIRECTION('',(1.,0.,0.));
#3445=DIRECTION('',(0.,0.,-1.));
#3446=DIRECTION('',(1.,0.,0.));
#3447=DIRECTION('',(0.,0.,-1.));
#3448=DIRECTION('',(-0.70710678118654,-0.500000000000006,0.5));
#3449=DIRECTION('',(0.707106781186555,-0.5,0.499999999999994));
#3450=DIRECTION('',(1.,0.,0.));
#3451=DIRECTION('',(1.,0.,0.));
#3452=DIRECTION('',(0.,0.,-1.));
#3453=DIRECTION('',(1.,0.,0.));
#3454=DIRECTION('',(1.,0.,0.));
#3455=DIRECTION('',(0.,0.,-1.));
#3456=DIRECTION('',(1.,0.,0.));
#3457=DIRECTION('',(1.,0.,0.));
#3458=DIRECTION('',(0.,0.,-1.));
#3459=DIRECTION('',(0.,0.707106781186548,-0.707106781186548));
#3460=DIRECTION('',(0.,0.707106781186548,0.707106781186548));
#3461=DIRECTION('',(-1.,0.,0.));
#3462=DIRECTION('',(0.,0.707106781186548,0.707106781186548));
#3463=DIRECTION('',(1.,0.,0.));
#3464=DIRECTION('',(0.,-0.707106781186548,-0.707106781186548));
#3465=DIRECTION('',(1.,0.,0.));
#3466=DIRECTION('',(0.,0.,-1.));
#3467=DIRECTION('',(-1.,0.,0.));
#3468=DIRECTION('',(0.,0.,1.));
#3469=DIRECTION('',(1.,0.,0.));
#3470=DIRECTION('',(1.,0.,0.));
#3471=DIRECTION('',(0.,0.,-1.));
#3472=DIRECTION('',(0.,0.707106781186548,-0.707106781186548));
#3473=DIRECTION('',(0.,0.707106781186548,0.707106781186548));
#3474=DIRECTION('',(0.,-0.707106781186548,-0.707106781186548));
#3475=DIRECTION('',(1.,0.,0.));
#3476=DIRECTION('',(0.,0.707106781186548,0.707106781186548));
#3477=DIRECTION('',(1.,0.,0.));
#3478=DIRECTION('',(0.,0.,-1.));
#3479=DIRECTION('',(1.,0.,0.));
#3480=DIRECTION('',(0.,0.,-1.));
#3481=DIRECTION('',(1.,0.,0.));
#3482=DIRECTION('',(1.,0.,0.));
#3483=DIRECTION('',(0.,0.,-1.));
#3484=DIRECTION('',(1.,0.,0.));
#3485=DIRECTION('',(0.,0.707106781186549,-0.707106781186546));
#3486=DIRECTION('',(0.,0.707106781186547,0.707106781186549));
#3487=DIRECTION('',(-1.,0.,0.));
#3488=DIRECTION('',(7.85046229341888E-17,0.707106781186547,0.707106781186549));
#3489=DIRECTION('',(1.,0.,0.));
#3490=DIRECTION('',(7.85046229341888E-17,-0.707106781186547,-0.707106781186549));
#3491=DIRECTION('',(1.,0.,0.));
#3492=DIRECTION('',(0.,0.,-1.));
#3493=DIRECTION('',(-1.,0.,0.));
#3494=DIRECTION('',(0.,0.,1.));
#3495=DIRECTION('',(1.,0.,0.));
#3496=DIRECTION('',(1.,0.,0.));
#3497=DIRECTION('',(0.,0.,-1.));
#3498=DIRECTION('',(0.,0.707106781186548,-0.707106781186548));
#3499=DIRECTION('',(0.,0.707106781186548,0.707106781186548));
#3500=DIRECTION('',(0.,-0.707106781186548,-0.707106781186548));
#3501=DIRECTION('',(1.,0.,0.));
#3502=DIRECTION('',(0.,0.707106781186548,0.707106781186548));
#3503=DIRECTION('',(0.,-0.96511004173877,0.26184462441492));
#3504=DIRECTION('',(0.,-0.26184462441492,-0.96511004173877));
#3505=DIRECTION('',(0.,-0.26184462441492,-0.96511004173877));
#3506=DIRECTION('',(-1.,0.,0.));
#3507=DIRECTION('',(0.,0.26184462441492,0.96511004173877));
#3508=DIRECTION('',(1.,0.,0.));
#3509=DIRECTION('',(0.,-0.26184462441492,0.965110041738769));
#3510=DIRECTION('',(0.,-0.96511004173877,-0.26184462441492));
#3511=DIRECTION('',(0.,0.96511004173877,0.26184462441492));
#3512=DIRECTION('',(-1.,0.,0.));
#3513=DIRECTION('',(0.,-0.96511004173877,-0.26184462441492));
#3514=DIRECTION('',(1.,0.,0.));
#3515=DIRECTION('',(0.,-0.707106781186548,0.707106781186547));
#3516=DIRECTION('',(0.,-0.707106781186547,-0.707106781186548));
#3517=DIRECTION('',(-1.,0.,0.));
#3518=DIRECTION('',(0.,-0.707106781186547,-0.707106781186548));
#3519=DIRECTION('',(1.,0.,0.));
#3520=DIRECTION('',(0.,-0.707106781186547,-0.707106781186548));
#3521=DIRECTION('',(1.,0.,0.));
#3522=DIRECTION('',(0.,0.707106781186547,0.707106781186548));
#3523=DIRECTION('',(1.,0.,0.));
#3524=DIRECTION('',(0.,1.,0.));
#3525=DIRECTION('',(0.,-0.707106781186547,-0.707106781186549));
#3526=DIRECTION('',(1.,0.,0.));
#3527=DIRECTION('',(0.,0.,-1.));
#3528=DIRECTION('',(0.,0.707106781186548,0.707106781186548));
#3529=DIRECTION('',(1.,0.,0.));
#3530=DIRECTION('',(0.,0.,-1.));
#3531=DIRECTION('',(0.,-0.707106781186548,-0.707106781186548));
#3532=DIRECTION('',(1.,0.,0.));
#3533=DIRECTION('',(0.,0.,-1.));
#3534=DIRECTION('',(0.,0.707106781186547,0.707106781186548));
#3535=DIRECTION('',(0.,0.175174814243847,0.984537345383421));
#3536=DIRECTION('',(1.,0.,0.));
#3537=DIRECTION('',(0.,0.,-1.));
#3538=DIRECTION('',(0.,0.96511004173877,0.26184462441492));
#3539=DIRECTION('',(1.,0.,0.));
#3540=DIRECTION('',(0.,0.,-1.));
#3541=DIRECTION('',(0.,-0.26184462441492,-0.96511004173877));
#3542=DIRECTION('',(1.,0.,0.));
#3543=DIRECTION('',(0.,0.,-1.));
#3544=DIRECTION('',(0.,-0.707106781186548,-0.707106781186548));
#3545=DIRECTION('',(0.,-0.707106781186548,0.707106781186547));
#3546=DIRECTION('',(0.,0.707106781186548,0.707106781186548));
#3547=DIRECTION('',(1.,0.,0.));
#3548=DIRECTION('',(0.,0.,-1.));
#3549=DIRECTION('',(1.,0.,0.));
#3550=DIRECTION('',(0.,1.,0.));
#3551=DIRECTION('',(0.,-0.707106781186548,-0.707106781186548));
#3552=DIRECTION('',(1.,0.,0.));
#3553=DIRECTION('',(0.,0.,-1.));
#3554=DIRECTION('',(0.,0.707106781186547,0.707106781186549));
#3555=DIRECTION('',(1.,0.,0.));
#3556=DIRECTION('',(0.,0.,-1.));
#3557=DIRECTION('',(0.,-0.707106781186548,-0.707106781186548));
#3558=DIRECTION('',(0.,0.707106781186548,-0.707106781186547));
#3559=DIRECTION('',(0.,-0.707106781186548,-0.707106781186548));
#3560=DIRECTION('',(1.,0.,0.));
#3561=DIRECTION('',(0.,0.,-1.));
#3562=DIRECTION('',(0.,0.26184462441492,0.96511004173877));
#3563=DIRECTION('',(1.,0.,0.));
#3564=DIRECTION('',(0.,0.,-1.));
#3565=DIRECTION('',(0.,-0.96511004173877,-0.26184462441492));
#3566=DIRECTION('',(1.,0.,0.));
#3567=DIRECTION('',(0.,0.,-1.));
#3568=DIRECTION('',(0.,-0.175174814243847,-0.984537345383421));
#3569=DIRECTION('',(0.,-0.707106781186547,-0.707106781186548));
#3570=DIRECTION('',(1.,0.,0.));
#3571=DIRECTION('',(0.,0.,-1.));
#3572=DIRECTION('',(0.,0.707106781186548,0.707106781186548));
#3573=DIRECTION('',(1.,0.,0.));
#3574=DIRECTION('',(0.,0.,-1.));
#3575=DIRECTION('',(0.,0.707106781186548,0.707106781186548));
#3576=DIRECTION('',(1.,0.,0.));
#3577=DIRECTION('',(0.,0.,-1.));
#3578=DIRECTION('',(0.,-0.707106781186548,0.707106781186548));
#3579=DIRECTION('',(0.,-0.707106781186548,-0.707106781186548));
#3580=DIRECTION('',(0.,-0.707106781186548,-0.707106781186548));
#3581=DIRECTION('',(-1.,0.,0.));
#3582=DIRECTION('',(0.,-0.707106781186548,-0.707106781186548));
#3583=DIRECTION('',(1.,0.,0.));
#3584=DIRECTION('',(0.,0.,-1.));
#3585=DIRECTION('',(1.,0.,0.));
#3586=DIRECTION('',(1.,0.,0.));
#3587=DIRECTION('',(0.,0.,-1.));
#3588=DIRECTION('',(1.,0.,0.));
#3589=DIRECTION('',(1.,0.,0.));
#3590=DIRECTION('',(0.,0.,-1.));
#3591=DIRECTION('',(1.,0.,0.));
#3592=DIRECTION('',(0.,1.,0.));
#3593=DIRECTION('',(0.,-0.707106781186548,-0.707106781186548));
#3594=DIRECTION('',(1.,0.,0.));
#3595=DIRECTION('',(0.,0.,-1.));
#3596=DIRECTION('',(0.,0.707106781186547,0.707106781186548));
#3597=DIRECTION('',(0.,-0.707106781186548,-0.707106781186548));
#3598=DIRECTION('',(0.,0.707106781186548,-0.707106781186548));
#3599=DIRECTION('',(0.,-0.939692620785908,-0.342020143325669));
#3600=DIRECTION('',(0.,0.342020143325669,-0.939692620785908));
#3601=DIRECTION('',(0.,-0.939692620785908,-0.342020143325669));
#3602=DIRECTION('',(0.,0.342020143325669,-0.939692620785908));
#3603=DIRECTION('',(0.,-0.939692620785908,-0.342020143325669));
#3604=DIRECTION('',(1.,0.,0.));
#3605=DIRECTION('',(0.,-0.939692620785908,-0.342020143325669));
#3606=DIRECTION('',(0.,0.342020143325669,-0.939692620785908));
#3607=DIRECTION('',(0.,-0.342020143325668,-0.939692620785909));
#3608=DIRECTION('',(1.,0.,0.));
#3609=DIRECTION('',(0.,-0.342020143325668,-0.939692620785909));
#3610=DIRECTION('',(0.,0.939692620785909,-0.342020143325668));
#3611=DIRECTION('',(0.,0.342020143325668,0.939692620785909));
#3612=DIRECTION('',(0.,-0.939692620785909,0.342020143325668));
#3613=DIRECTION('',(0.,-0.342020143325668,-0.939692620785909));
#3614=DIRECTION('',(0.,0.939692620785909,-0.342020143325668));
#3615=DIRECTION('',(-0.552770798392566,0.58925565098879,-0.58925565098879));
#3616=DIRECTION('',(0.,0.707106781186547,0.707106781186548));
#3617=DIRECTION('',(0.,-0.707106781186547,-0.707106781186548));
#3618=DIRECTION('',(0.,-0.707106781186547,-0.707106781186548));
#3619=DIRECTION('',(-0.833333333333334,-0.390867979985285,0.390867979985285));
#3620=DIRECTION('',(-0.552770798392567,-0.58925565098879,0.589255650988789));
#3621=DIRECTION('',(0.,-0.707106781186547,-0.707106781186548));
#3622=DIRECTION('',(0.,-0.707106781186547,-0.707106781186548));
#3623=DIRECTION('',(-0.833333333333333,0.390867979985286,-0.390867979985286));
#3624=DIRECTION('',(0.,-0.707106781186547,-0.707106781186548));
#3625=DIRECTION('',(0.,0.707106781186548,-0.707106781186547));
#3626=DIRECTION('',(0.,-0.707106781186547,-0.707106781186548));
#3627=DIRECTION('',(0.,0.707106781186548,0.707106781186548));
#3628=DIRECTION('',(0.,-0.707106781186548,0.707106781186548));
#3629=DIRECTION('',(0.552770798392568,-0.589255650988789,0.589255650988789));
#3630=DIRECTION('',(0.,-0.707106781186547,-0.707106781186548));
#3631=DIRECTION('',(0.,-0.707106781186547,-0.707106781186548));
#3632=DIRECTION('',(0.833333333333333,0.390867979985287,-0.390867979985286));
#3633=DIRECTION('',(0.552770798392566,0.58925565098879,-0.58925565098879));
#3634=DIRECTION('',(0.,0.707106781186547,0.707106781186548));
#3635=DIRECTION('',(0.833333333333334,-0.390867979985285,0.390867979985285));
#3636=DIRECTION('',(0.,-0.707106781186547,-0.707106781186548));
#3637=DIRECTION('',(0.,-0.707106781186547,-0.707106781186548));
#3638=DIRECTION('',(0.,0.707106781186548,-0.707106781186547));
#3639=DIRECTION('',(0.,0.707106781186548,0.707106781186548));
#3640=DIRECTION('',(0.,-0.707106781186548,0.707106781186548));
#3641=DIRECTION('',(0.,0.707106781186548,0.707106781186548));
#3642=DIRECTION('',(0.,-0.707106781186548,0.707106781186548));
#3643=DIRECTION('',(0.,0.707106781186548,0.707106781186548));
#3644=DIRECTION('',(0.,-0.707106781186548,0.707106781186548));
#3645=DIRECTION('',(-0.707106781186548,0.5,-0.5));
#3646=DIRECTION('',(0.,-0.707106781186547,-0.707106781186549));
#3647=DIRECTION('',(-0.707106781186549,-0.5,0.5));
#3648=DIRECTION('',(-9.47634626983522E-17,-0.707106781186547,-0.707106781186549));
#3649=DIRECTION('',(-1.,0.,0.));
#3650=DIRECTION('',(0.,0.,1.));
#3651=DIRECTION('',(-0.707106781186549,0.5,-0.5));
#3652=DIRECTION('',(1.,0.,0.));
#3653=DIRECTION('',(0.,0.,-1.));
#3654=DIRECTION('',(0.707106781186546,0.5,-0.5));
#3655=DIRECTION('',(0.,0.707106781186548,0.707106781186548));
#3656=DIRECTION('',(-0.707106781186549,0.5,-0.5));
#3657=DIRECTION('',(0.,-0.707106781186548,-0.707106781186548));
#3658=DIRECTION('',(-0.707106781186548,-0.5,0.5));
#3659=DIRECTION('',(0.,0.707106781186547,0.707106781186549));
#3660=DIRECTION('',(9.47634626983522E-17,-0.707106781186547,-0.707106781186549));
#3661=DIRECTION('',(-0.707106781186544,0.5,-0.5));
#3662=DIRECTION('',(1.,0.,0.));
#3663=DIRECTION('',(0.,0.,-1.));
#3664=DIRECTION('',(-1.,0.,0.));
#3665=DIRECTION('',(0.,0.,1.));
#3666=DIRECTION('',(-0.707106781186549,-0.5,0.5));
#3667=DIRECTION('',(0.707106781186546,-0.5,0.5));
#3668=DIRECTION('',(0.,-0.707106781186548,-0.707106781186548));
#3669=DIRECTION('',(0.,-0.707106781186548,-0.707106781186548));
#3670=DIRECTION('',(0.707106781186549,0.5,-0.5));
#3671=DIRECTION('',(0.707106781186545,0.5,-0.5));
#3672=DIRECTION('',(0.,0.707106781186548,0.707106781186548));
#3673=DIRECTION('',(0.,-0.707106781186548,-0.707106781186548));
#3674=DIRECTION('',(0.70710678118655,-0.5,0.5));
#3675=DIRECTION('',(-1.,0.,0.));
#3676=DIRECTION('',(0.,0.,1.));
#3677=DIRECTION('',(-1.,0.,0.));
#3678=DIRECTION('',(0.,0.,1.));
#3679=DIRECTION('',(0.707106781186549,0.5,-0.5));
#3680=DIRECTION('',(-0.707106781186546,0.5,-0.5));
#3681=DIRECTION('',(0.,-0.707106781186548,-0.707106781186548));
#3682=DIRECTION('',(0.,-0.707106781186548,-0.707106781186548));
#3683=DIRECTION('',(0.707106781186545,-0.5,0.5));
#3684=DIRECTION('',(0.,-0.707106781186548,-0.707106781186548));
#3685=DIRECTION('',(0.,-0.707106781186548,-0.707106781186548));
#3686=DIRECTION('',(0.707106781186549,0.5,-0.5));
#3687=DIRECTION('',(1.,0.,0.));
#3688=DIRECTION('',(0.,0.,-1.));
#3689=DIRECTION('',(0.707106781186549,-0.5,0.5));
#3690=DIRECTION('',(1.,0.,0.));
#3691=DIRECTION('',(0.,0.,-1.));
#3692=DIRECTION('',(-0.707106781186546,-0.5,0.5));
#3693=DIRECTION('',(0.,0.707106781186548,0.707106781186548));
#3694=DIRECTION('',(0.,-0.707106781186548,-0.707106781186548));
#3695=DIRECTION('',(0.707106781186547,-0.682435855104717,0.185152109541035));
#3696=DIRECTION('',(0.,-0.26184462441492,-0.96511004173877));
#3697=DIRECTION('',(0.707106781186547,0.682435855104717,-0.185152109541035));
#3698=DIRECTION('',(0.,0.26184462441492,0.96511004173877));
#3699=DIRECTION('',(-0.707106781186547,-0.185152109541035,0.682435855104716));
#3700=DIRECTION('',(0.,0.96511004173877,0.26184462441492));
#3701=DIRECTION('',(-0.707106781186547,0.185152109541035,-0.682435855104716));
#3702=DIRECTION('',(0.,-0.96511004173877,-0.26184462441492));
#3703=DIRECTION('',(0.,0.984537345383421,-0.175174814243847));
#3704=DIRECTION('',(1.,0.,0.));
#3705=DIRECTION('',(0.,0.175174814243847,0.984537345383421));
#3706=DIRECTION('',(0.,-0.175174814243847,-0.984537345383421));
#3707=DIRECTION('',(-1.,0.,0.));
#3708=DIRECTION('',(0.,0.,1.));
#3709=DIRECTION('',(0.,0.869265861674973,-0.49434488135963));
#3710=DIRECTION('',(1.,0.,0.));
#3711=DIRECTION('',(0.707106781186541,-0.696173033252026,0.123867299044919));
#3712=DIRECTION('',(0.,0.175174814243847,0.984537345383421));
#3713=DIRECTION('',(-0.690250185343873,-0.641555932129894,0.334605241413957));
#3714=DIRECTION('',(1.,0.,0.));
#3715=DIRECTION('',(0.,0.,-1.));
#3716=DIRECTION('',(0.,0.989518727718197,-0.144404596516038));
#3717=DIRECTION('',(1.,0.,0.));
#3718=DIRECTION('',(1.38637148254598E-14,0.144404596516038,0.989518727718197));
#3719=DIRECTION('',(-0.0967447622963097,-0.143727226870578,-0.984877116814237));
#3720=DIRECTION('',(-0.707106781186549,0.5,-0.5));
#3721=DIRECTION('',(0.,-0.707106781186547,-0.707106781186548));
#3722=DIRECTION('',(0.695861764549908,0.366444413961802,-0.617652731001556));
#3723=DIRECTION('',(1.,0.,0.));
#3724=DIRECTION('',(0.,0.,-1.));
#3725=DIRECTION('',(-0.518358435463043,-0.837454440752421,0.173131718781843));
#3726=DIRECTION('',(0.850295018751241,-0.526306356684799,0.));
#3727=DIRECTION('',(-0.678139927834913,0.279201994484694,-0.679832688646131));
#3728=DIRECTION('',(0.544552211474147,-0.82993601993795,0.121116026140932));
#3729=DIRECTION('',(0.836091023389007,0.548590740541912,0.));
#3730=DIRECTION('',(0.707106781186541,0.696173033252026,-0.123867299044919));
#3731=DIRECTION('',(0.,0.175174814243847,0.984537345383421));
#3732=DIRECTION('',(0.690250185343873,-0.641555932129894,0.334605241413957));
#3733=DIRECTION('',(-0.70710678118654,-0.500000000000006,0.5));
#3734=DIRECTION('',(0.,0.707106781186547,0.707106781186548));
#3735=DIRECTION('',(-0.50866365584235,-0.131504035142786,-0.850863075921303));
#3736=DIRECTION('',(0.,0.111924965968446,0.993716660820861));
#3737=DIRECTION('',(1.,0.,0.));
#3738=DIRECTION('',(3.38763826222049E-15,-0.993716660820861,0.111924965968446));
#3739=DIRECTION('',(-1.,0.,0.));
#3740=DIRECTION('',(0.,0.,1.));
#3741=DIRECTION('',(-0.707106781186549,-0.5,0.5));
#3742=DIRECTION('',(0.,0.707106781186547,0.707106781186548));
#3743=DIRECTION('',(-0.707106781186546,0.499999999999937,-0.500000000000066));
#3744=DIRECTION('',(0.,0.988266373156145,-0.15274022289102));
#3745=DIRECTION('',(1.,0.,0.));
#3746=DIRECTION('',(-3.02563987012224E-14,-0.15274022289102,-0.988266373156145));
#3747=DIRECTION('',(0.613233423614039,-0.0884097260273322,-0.784938525303974));
#3748=DIRECTION('',(-0.788024275963787,0.,-0.615644167106089));
#3749=DIRECTION('',(0.700447602931177,-0.39847619142118,0.592106308375817));
#3750=DIRECTION('',(-0.627923094764427,-0.769143399774029,0.11887395696919));
#3751=DIRECTION('',(0.774636071066458,-0.632407271781976,0.));
#3752=DIRECTION('',(0.707106781186562,-0.627618450422753,-0.325722398199637));
#3753=DIRECTION('',(0.707106781186548,0.5,-0.5));
#3754=DIRECTION('',(0.,0.707106781186548,0.707106781186548));
#3755=DIRECTION('',(1.,0.,0.));
#3756=DIRECTION('',(0.,0.,-1.));
#3757=DIRECTION('',(-1.,0.,0.));
#3758=DIRECTION('',(0.,0.,1.));
#3759=DIRECTION('',(0.,0.0627071142684904,0.998031972343631));
#3760=DIRECTION('',(1.,0.,0.));
#3761=DIRECTION('',(0.321897043107797,-0.944911400691647,0.0593695080104801));
#3762=DIRECTION('',(0.321897046594253,0.944911399508608,-0.0593695079361488));
#3763=DIRECTION('',(-0.359294489199859,0.0639010284643043,-0.931033903030291));
#3764=DIRECTION('',(-0.932940608978487,0.,0.360030304445128));
#3765=DIRECTION('',(-0.919084096071335,-0.197241625542267,0.341145372974896));
#3766=DIRECTION('',(0.359294488962239,0.0639010268918734,-0.931033903229913));
#3767=DIRECTION('',(-0.932940609084392,0.,-0.360030304170696));
#3768=DIRECTION('',(0.919084096067724,-0.197241625514231,0.341145373000835));
#3769=DIRECTION('',(0.382683432365086,-0.65328148243819,0.65328148243819));
#3770=DIRECTION('',(0.,0.707106781186548,0.707106781186548));
#3771=DIRECTION('',(-0.923879532511289,-0.270598050073095,0.270598050073095));
#3772=DIRECTION('',(0.382683432365096,0.653281482438187,-0.653281482438187));
#3773=DIRECTION('',(0.,0.707106781186548,0.707106781186548));
#3774=DIRECTION('',(-0.923879532511283,0.270598050073105,-0.270598050073105));
#3775=DIRECTION('',(-1.,0.,0.));
#3776=DIRECTION('',(0.,0.,1.));
#3777=DIRECTION('',(-0.923879532511287,0.270598050073098,-0.270598050073098));
#3778=DIRECTION('',(1.,0.,0.));
#3779=DIRECTION('',(0.,0.,-1.));
#3780=DIRECTION('',(-0.923879532511287,-0.270598050073098,0.270598050073098));
#3781=DIRECTION('',(0.382683432365084,0.65328148243819,-0.65328148243819));
#3782=DIRECTION('',(0.,-0.707106781186548,-0.707106781186548));
#3783=DIRECTION('',(0.923812264352499,-0.262045594336485,0.2791111010346));
#3784=DIRECTION('',(0.,0.999905568811482,-0.0137423964353721));
#3785=DIRECTION('',(1.,0.,0.));
#3786=DIRECTION('',(-0.381423143874661,0.0127034788861827,0.924313262341809));
#3787=DIRECTION('',(-0.381423141353297,-0.0127034789004797,-0.924313263382068));
#3788=DIRECTION('',(0.382683432365091,-0.653281482438188,0.653281482438188));
#3789=DIRECTION('',(0.,-0.707106781186548,-0.707106781186548));
#3790=DIRECTION('',(-0.923812264352638,-0.262045594345491,0.279111101025686));
#3791=DIRECTION('',(-0.309251535222267,-0.94053801082632,0.140540877162272));
#3792=DIRECTION('',(0.949966545744312,-0.312351663940854,0.));
#3793=DIRECTION('',(0.309251535489273,-0.940538010575065,0.140540878256207));
#3794=DIRECTION('',(0.949966545639532,0.312351664259526,0.));
#3795=DIRECTION('',(1.,0.,0.));
#3796=DIRECTION('',(0.,0.,-1.));
#3797=DIRECTION('',(-1.,0.,0.));
#3798=DIRECTION('',(0.,0.,1.));
#3799=DIRECTION('',(0.,-0.0137423964353843,0.999905568811482));
#3800=DIRECTION('',(1.,0.,0.));
#3801=DIRECTION('',(0.381423141353308,-0.924313263382063,-0.012703478900491));
#3802=DIRECTION('',(0.381423143874629,0.924313262341822,0.0127034788861942));
#3803=DIRECTION('',(-0.309251536382526,0.140540878620028,-0.940538010226997));
#3804=DIRECTION('',(-0.949966545337526,0.,0.312351665178026));
#3805=DIRECTION('',(-0.923812264368695,-0.27911110001196,0.262045595368625));
#3806=DIRECTION('',(0.309251535222265,0.140540877162287,-0.940538010826318));
#3807=DIRECTION('',(-0.949966545744312,0.,-0.312351663940854));
#3808=DIRECTION('',(0.923812264352496,-0.27911110103462,0.262045594336476));
#3809=DIRECTION('',(0.382683432365092,-0.653281482438189,0.653281482438187));
#3810=DIRECTION('',(5.07490473185599E-17,0.707106781186547,0.707106781186549));
#3811=DIRECTION('',(-0.923879532511286,-0.2705980500731,0.2705980500731));
#3812=DIRECTION('',(0.382683432365092,0.653281482438189,-0.653281482438187));
#3813=DIRECTION('',(-5.07490473185599E-17,0.707106781186547,0.707106781186549));
#3814=DIRECTION('',(-0.923879532511282,0.270598050073106,-0.270598050073106));
#3815=DIRECTION('',(0.,0.707106781186548,0.707106781186548));
#3816=DIRECTION('',(0.,-0.707106781186548,0.707106781186548));
#3817=DIRECTION('',(0.707106781186551,0.5,0.5));
#3818=DIRECTION('',(0.707106781186551,-0.5,-0.5));
#3819=DIRECTION('',(0.707106781186548,0.5,0.5));
#3820=DIRECTION('',(0.,-0.707106781186548,0.707106781186547));
#3821=DIRECTION('',(0.67859834454585,-0.281084637714837,-0.678598344545837));
#3822=DIRECTION('',(-1.,0.,0.));
#3823=DIRECTION('',(0.,0.,1.));
#3824=DIRECTION('',(-0.923879532511287,0.270598050073098,-0.270598050073098));
#3825=DIRECTION('',(1.,0.,0.));
#3826=DIRECTION('',(0.,0.,-1.));
#3827=DIRECTION('',(-0.923879532511292,-0.27059805007309,0.27059805007309));
#3828=DIRECTION('',(0.707106781186548,-0.5,-0.5));
#3829=DIRECTION('',(0.,0.707106781186548,-0.707106781186547));
#3830=DIRECTION('',(-0.678598344545845,-0.281084637714816,-0.678598344545851));
#3831=DIRECTION('',(0.5,0.853553390593273,0.146446609406716));
#3832=DIRECTION('',(-0.707106781186549,0.5,-0.5));
#3833=DIRECTION('',(-0.732537816328737,0.326640741219104,0.597238791292193));
#3834=DIRECTION('',(0.382683432365096,0.653281482438186,-0.653281482438186));
#3835=DIRECTION('',(0.,-0.707106781186548,-0.707106781186548));
#3836=DIRECTION('',(0.923879532511284,-0.270598050073108,0.270598050073099));
#3837=DIRECTION('',(0.38268343236509,-0.653281482438188,0.653281482438188));
#3838=DIRECTION('',(0.,-0.707106781186548,-0.707106781186548));
#3839=DIRECTION('',(-0.923879532511287,-0.2705980500731,0.270598050073097));
#3840=DIRECTION('',(0.5,-0.853553390593275,-0.146446609406728));
#3841=DIRECTION('',(0.707106781186549,0.5,-0.5));
#3842=DIRECTION('',(0.732537816328745,0.326640741219094,0.597238791292189));
#3843=DIRECTION('',(-0.313549377219843,-0.940648131659496,0.129876404518095));
#3844=DIRECTION('',(0.94868329805051,-0.316227766016848,0.));
#3845=DIRECTION('',(-0.382683432365086,0.,-0.923879532511288));
#3846=DIRECTION('',(0.313549377219834,-0.9406481316595,0.12987640451809));
#3847=DIRECTION('',(0.948683298050514,0.316227766016838,0.));
#3848=DIRECTION('',(-0.382683432365083,0.,0.92387953251129));
#3849=DIRECTION('',(0.,1.,0.));
#3850=DIRECTION('',(1.,0.,0.));
#3851=DIRECTION('',(1.,0.,0.));
#3852=DIRECTION('',(0.,0.,-1.));
#3853=DIRECTION('',(0.,-0.494344881359636,0.86926586167497));
#3854=DIRECTION('',(1.,0.,0.));
#3855=DIRECTION('',(-1.,0.,0.));
#3856=DIRECTION('',(0.,0.,1.));
#3857=DIRECTION('',(1.,0.,0.));
#3858=DIRECTION('',(0.,0.,-1.));
#3859=DIRECTION('',(0.,-0.494929119039795,-0.868933350221116));
#3860=DIRECTION('',(1.,0.,0.));
#3861=DIRECTION('',(0.,-0.868933350221118,-0.494929119039792));
#3862=DIRECTION('',(1.,0.,0.));
#3863=DIRECTION('',(-1.,0.,0.));
#3864=DIRECTION('',(0.,0.,1.));
#3865=DIRECTION('',(0.390867979985284,0.916666666666667,0.0833333333333352));
#3866=DIRECTION('',(-0.833333333333334,0.390867979985285,-0.390867979985285));
#3867=DIRECTION('',(-6.50344046127265E-15,-0.0905357460425177,0.995893206467704));
#3868=DIRECTION('',(0.390867979985288,-0.916666666666666,-0.0833333333333299));
#3869=DIRECTION('',(-0.833333333333333,-0.390867979985287,0.390867979985286));
#3870=DIRECTION('',(0.,-0.707106781186548,-0.707106781186548));
#3871=DIRECTION('',(0.,0.707106781186548,-0.707106781186548));
#3872=DIRECTION('',(0.,-0.707106781186548,-0.707106781186548));
#3873=DIRECTION('',(0.,0.707106781186548,-0.707106781186548));
#3874=DIRECTION('',(-0.390867979985288,-0.0833333333333251,-0.916666666666666));
#3875=DIRECTION('',(0.833333333333334,0.390867979985286,-0.390867979985285));
#3876=DIRECTION('',(-1.07813536346975E-14,-0.995893206467704,0.0905357460425142));
#3877=DIRECTION('',(-0.390867979985286,0.0833333333333336,0.916666666666667));
#3878=DIRECTION('',(0.833333333333333,-0.390867979985286,0.390867979985286));
#3879=DIRECTION('',(0.,-0.342020143325669,-0.939692620785908));
#3880=DIRECTION('',(0.,0.939692620785908,-0.342020143325669));
#3881=DIRECTION('',(0.,-0.939692620785908,-0.342020143325669));
#3882=DIRECTION('',(0.,0.342020143325669,-0.939692620785908));
#3883=DIRECTION('',(0.,-0.707106781186547,-0.707106781186548));
#3884=DIRECTION('',(0.,-0.707106781186548,0.707106781186547));
#3885=CARTESIAN_POINT('',(0.,0.,0.));
#3886=CARTESIAN_POINT('',(-0.013502,-0.0322254772837408,-0.0576393719003031));
#3887=CARTESIAN_POINT('',(-0.0075,-0.0349951468189656,-0.0548697023650784));
#3888=CARTESIAN_POINT('',(-0.0075,-0.0383076383781206,-0.0515572108059234));
#3889=CARTESIAN_POINT('',(-0.0075,-0.0349951468189656,-0.0548697023650784));
#3890=CARTESIAN_POINT('',(-0.0075,-0.03633864970322,-0.053526199480824));
#3891=CARTESIAN_POINT('',(-0.013502,9.36750677027476E-17,1.00613961606655E-16));
#3892=CARTESIAN_POINT('',(-0.00889984749550123,-0.0408326988212251,-0.0562408982669948));
#3893=CARTESIAN_POINT('',(-0.00754500615416737,-0.041074971551738,-0.0560631952573197));
#3894=CARTESIAN_POINT('',(-0.00619835851685406,-0.0408570224810552,-0.056222995610912));
#3895=CARTESIAN_POINT('',(-0.00505577765784192,-0.04025525333758,-0.0566575063374457));
#3896=CARTESIAN_POINT('',(-0.00429363743239316,-0.0393147323669321,-0.0573162511242982));
#3897=CARTESIAN_POINT('',(-0.00400207441053833,-0.0381886499496411,-0.0580733937905916));
#3898=CARTESIAN_POINT('',(-0.00424663880083733,-0.0370474447682436,-0.0588073130532875));
#3899=CARTESIAN_POINT('',(-0.00496381684422942,-0.0360396620292962,-0.0594284028036383));
#3900=CARTESIAN_POINT('',(-0.00607989293472759,-0.0353457217515221,-0.0598416882184555));
#3901=CARTESIAN_POINT('',(-0.00743260884942622,-0.0350661618965906,-0.0600049944430144));
#3902=CARTESIAN_POINT('',(-0.0087834316754825,-0.0352923796030709,-0.0598730007975901));
#3903=CARTESIAN_POINT('',(-0.00993723038280978,-0.0359506905621097,-0.059482032417965));
#3904=CARTESIAN_POINT('',(-0.010697755596788,-0.0369309321327955,-0.0588804296916085));
#3905=CARTESIAN_POINT('',(-0.0109975058073524,-0.0380720913602252,-0.0581498770026659));
#3906=CARTESIAN_POINT('',(-0.0107608669787358,-0.0392018746515525,-0.0573936326340928));
#3907=CARTESIAN_POINT('',(-0.0100404644900668,-0.0401733711806682,-0.0567158709650568));
#3908=CARTESIAN_POINT('',(-0.00889984749550123,-0.0408326988212251,-0.0562408982669948));
#3909=CARTESIAN_POINT('',(-0.00754500615416737,-0.041074971551738,-0.0560631952573197));
#3910=CARTESIAN_POINT('',(-0.00619835851685406,-0.0408570224810552,-0.056222995610912));
#3911=CARTESIAN_POINT('',(-0.0075,-0.0409984149954008,-0.0561193368444861));
#3912=CARTESIAN_POINT('',(-0.013502,-0.0584165245041264,-0.03765314946799));
#3913=CARTESIAN_POINT('',(-0.00198017999079637,-0.0584165245041264,-0.0376531494679901));
#3914=CARTESIAN_POINT('',(-0.0025,-0.0584165245041264,-0.0376531494679901));
#3915=CARTESIAN_POINT('',(-0.0025,-0.0584165245041264,-0.0376531494679898));
#3916=CARTESIAN_POINT('',(-0.00369379932394,-0.0584137178450649,-0.037657503825332));
#3917=CARTESIAN_POINT('',(-0.00604852424087254,-0.0589930982923848,-0.0367767715120518));
#3918=CARTESIAN_POINT('',(-0.00697474032894029,-0.0602167473157244,-0.0347223468080393));
#3919=CARTESIAN_POINT('',(-0.00697132359606394,-0.0607997114053335,-0.0336696464642583));
#3920=CARTESIAN_POINT('',(-0.00697132359606395,-0.0607997114053336,-0.0336696464642585));
#3921=CARTESIAN_POINT('',(-0.00697132359606395,9.36750677027476E-17,1.00613961606655E-16));
#3922=CARTESIAN_POINT('',(-0.00697132359606395,-0.061043448130493,-0.0332257045123171));
#3923=CARTESIAN_POINT('',(-0.013502,-0.061043448130493,-0.0332257045123171));
#3924=CARTESIAN_POINT('',(-0.0130198200092037,-0.061043448130493,-0.0332257045123171));
#3925=CARTESIAN_POINT('',(-0.0130198200092037,9.36750677027476E-17,1.00613961606655E-16));
#3926=CARTESIAN_POINT('',(-0.0130198200092037,-0.0381079841115185,-0.0581208357386252));
#3927=CARTESIAN_POINT('',(-0.0130198200092036,-0.0381079841115185,-0.058120835738625));
#3928=CARTESIAN_POINT('',(-0.0130230168247994,-0.0368726638816386,-0.0589307959378315));
#3929=CARTESIAN_POINT('',(-0.0118599770684822,-0.0343488617218694,-0.0604498853971241));
#3930=CARTESIAN_POINT('',(-0.00896864615137455,-0.033184107993439,-0.0610660709132396));
#3931=CARTESIAN_POINT('',(-0.0075,-0.0331896717936321,-0.0610630468141818));
#3932=CARTESIAN_POINT('',(-0.0075,-0.033189671793632,-0.0610630468141821));
#3933=CARTESIAN_POINT('',(-0.0075,-0.0331896717936321,-0.0610630468141818));
#3934=CARTESIAN_POINT('',(-0.00604170660303777,-0.0331834881902053,-0.0610664077956419));
#3935=CARTESIAN_POINT('',(-0.00313966240509407,-0.0343471131498263,-0.0604507247729846));
#3936=CARTESIAN_POINT('',(-0.00197673063358697,-0.0368682022017777,-0.0589337213194625));
#3937=CARTESIAN_POINT('',(-0.00198017999079636,-0.0381079841115185,-0.058120835738625));
#3938=CARTESIAN_POINT('',(-0.00198017999079638,-0.0381079841115185,-0.0581208357386252));
#3939=CARTESIAN_POINT('',(-0.00198017999079637,9.36750677027476E-17,1.00613961606655E-16));
#3940=CARTESIAN_POINT('',(-0.0075,-0.0526728163486293,-0.0725473718947421));
#3941=CARTESIAN_POINT('',(-0.0075,-0.0368336244500506,-0.0567081799961634));
#3942=CARTESIAN_POINT('',(-0.0075,-0.0357729642782708,-0.0577688401679432));
#3943=CARTESIAN_POINT('',(-0.0075,-0.0352779895314402,-0.055152545077553));
#3944=CARTESIAN_POINT('',(-0.0075,-0.03633864970322,-0.0540918849057732));
#3945=CARTESIAN_POINT('',(-0.0015,0.,-0.00432928444036591));
#3946=CARTESIAN_POINT('',(-0.0015,-0.0125261840619512,0.00819689962158534));
#3947=CARTESIAN_POINT('',(-0.0015,-0.0557932868078307,-0.0350702031242941));
#3948=CARTESIAN_POINT('',(-0.0015,-0.0580532601663349,-0.0373301764827983));
#3949=CARTESIAN_POINT('',(-0.0015,9.36750677027476E-17,1.00613961606655E-16));
#3950=CARTESIAN_POINT('',(-0.0015,-0.0378446440860488,-0.0577191996321616));
#3951=CARTESIAN_POINT('',(-0.0015,-0.036116314418659,-0.0559908699647717));
#3952=CARTESIAN_POINT('',(-0.0015,-0.0361921018950516,-0.0560666574411644));
#3953=CARTESIAN_POINT('',(-0.0015,-0.0361921018950516,-0.0560666574411643));
#3954=CARTESIAN_POINT('',(-0.0015,-0.0365134159394417,-0.0557449209907056));
#3955=CARTESIAN_POINT('',(-0.0015,-0.0369092059392218,-0.0554871625799949));
#3956=CARTESIAN_POINT('',(-0.0015,-0.0373794718943918,-0.0552933822090323));
#3957=CARTESIAN_POINT('',(-0.0015,-0.0373794758206308,-0.0552933861352713));
#3958=CARTESIAN_POINT('',(-0.0015,-0.0414179344986621,-0.0512549353097179));
#3959=CARTESIAN_POINT('',(-0.0015,-0.0414028965826839,-0.051269973225696));
#3960=CARTESIAN_POINT('',(-0.0015,8.96505092384814E-15,1.11195774810113E-14));
#3961=CARTESIAN_POINT('',(-0.0135,0.,-0.00432928444036591));
#3962=CARTESIAN_POINT('',(-0.0135,-0.044171792684007,-0.0485010771243729));
#3963=CARTESIAN_POINT('',(-0.0135,-0.0414028965826839,-0.051269973225696));
#3964=CARTESIAN_POINT('',(-0.0135000018476627,-0.0373794781424581,-0.0552933864264336));
#3965=CARTESIAN_POINT('',(-0.0135,-0.0373794718943918,-0.0552933822090323));
#3966=CARTESIAN_POINT('',(-0.0135,-0.0369092059392216,-0.0554871625799951));
#3967=CARTESIAN_POINT('',(-0.0135,-0.0365134159394415,-0.0557449209907058));
#3968=CARTESIAN_POINT('',(-0.0135,-0.0361921018950516,-0.0560666574411643));
#3969=CARTESIAN_POINT('',(-0.0135,-0.0361921018950516,-0.0560666574411644));
#3970=CARTESIAN_POINT('',(-0.0135,0.0077726355528735,-0.0121019199932394));
#3971=CARTESIAN_POINT('',(-0.0135,-0.0378446440860488,-0.0577191996321616));
#3972=CARTESIAN_POINT('',(-0.0135,9.36750677027476E-17,1.00613961606655E-16));
#3973=CARTESIAN_POINT('',(-0.0135,-0.0606809707517639,-0.0328868192563618));
#3974=CARTESIAN_POINT('',(-0.0135,-0.0579885138333744,-0.0301943623379724));
#3975=CARTESIAN_POINT('',(-0.0135,-0.0583748936535149,-0.0305807421581129));
#3976=CARTESIAN_POINT('',(-0.0135,8.96505092384814E-15,1.11195774810113E-14));
#3977=CARTESIAN_POINT('',(-0.013502,-0.0597525099708032,-0.0313926730504519));
#3978=CARTESIAN_POINT('',(-0.013502,-0.0609508206832826,-0.0325909837629313));
#3979=CARTESIAN_POINT('',(-0.0131,-0.0609508206832826,-0.0325909837629313));
#3980=CARTESIAN_POINT('',(-0.0069,-0.0609508206832826,-0.0325909837629313));
#3981=CARTESIAN_POINT('',(-0.0069,-0.0597525099708032,-0.0313926730504519));
#3982=CARTESIAN_POINT('',(-0.0069,-0.0585541992583237,-0.0301943623379724));
#3983=CARTESIAN_POINT('',(-0.0135,-0.0585541992583237,-0.0301943623379724));
#3984=CARTESIAN_POINT('',(-0.0131,-0.0585541992583237,-0.0301943623379724));
#3985=CARTESIAN_POINT('',(-0.0131,-0.0612336633957573,-0.032873826475406));
#3986=CARTESIAN_POINT('',(-0.013502,8.96505092384814E-15,1.11195774810113E-14));
#3987=CARTESIAN_POINT('',(-0.0112595784544865,-0.0549188189660595,-0.0356997466880103));
#3988=CARTESIAN_POINT('',(-0.00999973013940437,-0.0546245557659508,-0.0361435097652685));
#3989=CARTESIAN_POINT('',(-0.00874150098789604,-0.0549185740701766,-0.0357001089701874));
#3990=CARTESIAN_POINT('',(-0.00822940315071539,-0.0555969938408674,-0.0346391315538338));
#3991=CARTESIAN_POINT('',(-0.00874088725624024,-0.0562514219760715,-0.0335607839810088));
#3992=CARTESIAN_POINT('',(-0.00999966338206681,-0.0565195269597101,-0.0331019309089326));
#3993=CARTESIAN_POINT('',(-0.0112568116364848,-0.0562523505943302,-0.0335592104039565));
#3994=CARTESIAN_POINT('',(-0.0117709017047112,-0.0555982662393136,-0.0346371022792226));
#3995=CARTESIAN_POINT('',(-0.0112595784544865,-0.0549188189660595,-0.0356997466880103));
#3996=CARTESIAN_POINT('',(-0.00999973013940437,-0.0546245557659508,-0.0361435097652685));
#3997=CARTESIAN_POINT('',(-0.00874150098789604,-0.0549185740701766,-0.0357001089701874));
#3998=CARTESIAN_POINT('',(-0.01,-0.0547226026833399,-0.0359956491198786));
#3999=CARTESIAN_POINT('',(-0.013502,-0.0411350917861875,-0.0509720925972432));
#4000=CARTESIAN_POINT('',(-0.0019,-0.0411350917861875,-0.0509720925972432));
#4001=CARTESIAN_POINT('',(-0.0131,-0.0411350917861875,-0.0509720925972432));
#4002=CARTESIAN_POINT('',(-0.0131,8.96505092384814E-15,1.11195774810113E-14));
#4003=CARTESIAN_POINT('',(-0.0131,-0.0580876050466629,-0.0302668158210119));
#4004=CARTESIAN_POINT('',(-0.013502,-0.0580876050466629,-0.0302668158210119));
#4005=CARTESIAN_POINT('',(-0.00683702806146416,-0.0580876050466629,-0.0302668158210119));
#4006=CARTESIAN_POINT('',(-0.00683702806146416,8.96505092384814E-15,1.11195774810113E-14));
#4007=CARTESIAN_POINT('',(-0.00683702806146416,-0.0577373538210884,-0.0309297263767174));
#4008=CARTESIAN_POINT('',(-0.00683702806146415,-0.0577373538210882,-0.0309297263767176));
#4009=CARTESIAN_POINT('',(-0.0068402490735384,-0.0571916266176447,-0.031948450055396));
#4010=CARTESIAN_POINT('',(-0.00594675149081491,-0.0560426151780147,-0.0339375769820531));
#4011=CARTESIAN_POINT('',(-0.00366025896476275,-0.0554937038999905,-0.0347950981156027));
#4012=CARTESIAN_POINT('',(-0.0025,-0.0554963815953184,-0.0347908268057387));
#4013=CARTESIAN_POINT('',(-0.0025,-0.0554963815953185,-0.0347908268057385));
#4014=CARTESIAN_POINT('',(-0.013502,-0.0554963815953185,-0.0347908268057385));
#4015=CARTESIAN_POINT('',(-0.0019,-0.0554963815953185,-0.0347908268057385));
#4016=CARTESIAN_POINT('',(-0.0019,8.96505092384814E-15,1.11195774810113E-14));
#4017=CARTESIAN_POINT('',(-0.0065,-0.0571709070888142,-0.0358821379803283));
#4018=CARTESIAN_POINT('',(-0.0019,-0.0571709070888142,-0.0358821379803283));
#4019=CARTESIAN_POINT('',(-0.0019,-0.0583526605314441,-0.0370638914229583));
#4020=CARTESIAN_POINT('',(-0.0019,-0.0560203716061859,-0.0347316024977001));
#4021=CARTESIAN_POINT('',(-0.0025,-0.0560203716061859,-0.0347316024977001));
#4022=CARTESIAN_POINT('',(-0.0025,-0.0560203716061859,-0.0347316024977001));
#4023=CARTESIAN_POINT('',(-0.0025,-0.058621692497284,-0.0373329233887982));
#4024=CARTESIAN_POINT('',(-0.0025,-0.0583526605314441,-0.0370638914229584));
#4025=CARTESIAN_POINT('',(-0.0065,-0.0583526605314441,-0.0370638914229583));
#4026=CARTESIAN_POINT('',(-0.0065,-0.0459930847638018,-0.0455725915106275));
#4027=CARTESIAN_POINT('',(-0.0065,-0.0585485488050911,-0.0316029254471129));
#4028=CARTESIAN_POINT('',(-0.0065,-0.0603863694156334,-0.0334407460576552));
#4029=CARTESIAN_POINT('',(-0.0065,-0.0580345647140084,-0.0310889413560302));
#4030=CARTESIAN_POINT('',(-0.0065,8.96505092384814E-15,1.11195774810113E-14));
#4031=CARTESIAN_POINT('',(-0.0065,-0.0583283459721074,-0.0305341944767053));
#4032=CARTESIAN_POINT('',(-0.0065,-0.0596799138849157,-0.0318857623895136));
#4033=CARTESIAN_POINT('',(-0.0065,-0.0606867096392974,-0.0328925581438953));
#4034=CARTESIAN_POINT('',(-0.0065,9.36750677027476E-17,1.00613961606655E-16));
#4035=CARTESIAN_POINT('',(-0.0025,-0.0599993342135604,-0.0330537108555821));
#4036=CARTESIAN_POINT('',(-0.00250000000000001,-0.056020371606186,-0.0347316024977001));
#4037=CARTESIAN_POINT('',(-0.00302201713555886,-0.0560205302716155,-0.0347317611631297));
#4038=CARTESIAN_POINT('',(-0.00381021409823703,-0.0561021934233347,-0.034595684695712));
#4039=CARTESIAN_POINT('',(-0.0046384555031223,-0.056337660888761,-0.0341974325622098));
#4040=CARTESIAN_POINT('',(-0.00506214610348271,-0.0565025374520324,-0.0339148739644302));
#4041=CARTESIAN_POINT('',(-0.00537508533056352,-0.0566537952650006,-0.0336528212635051));
#4042=CARTESIAN_POINT('',(-0.00558383145108439,-0.0567741816880624,-0.0334408430676264));
#4043=CARTESIAN_POINT('',(-0.00587516609711136,-0.0569685996528065,-0.033093726941945));
#4044=CARTESIAN_POINT('',(-0.00630258655937842,-0.0573494755646458,-0.0324014165825646));
#4045=CARTESIAN_POINT('',(-0.00650000000000001,-0.0577555107530143,-0.031641408450333));
#4046=CARTESIAN_POINT('',(-0.00650000000000001,-0.0580345647140085,-0.0310889413560302));
#4047=CARTESIAN_POINT('',(-0.00650000000000001,-0.0603863694156335,-0.0334407460576552));
#4048=CARTESIAN_POINT('',(-0.00650000000000001,-0.0601048443994976,-0.0339897091045608));
#4049=CARTESIAN_POINT('',(-0.00630308679139385,-0.0596949329224742,-0.0347458118127975));
#4050=CARTESIAN_POINT('',(-0.00587462707974501,-0.0593094675664151,-0.0354359007223528));
#4051=CARTESIAN_POINT('',(-0.00558243370972358,-0.0591127044459926,-0.035781888143107));
#4052=CARTESIAN_POINT('',(-0.00537186069309187,-0.058990350305512,-0.0359940698033867));
#4053=CARTESIAN_POINT('',(-0.00506006886008381,-0.0588385229696003,-0.0362531830407156));
#4054=CARTESIAN_POINT('',(-0.00463693160115463,-0.0586724671885874,-0.0365335425045284));
#4055=CARTESIAN_POINT('',(-0.00381005219919677,-0.0584353551819482,-0.0369286132697023));
#4056=CARTESIAN_POINT('',(-0.00302220311914631,-0.0583528008854784,-0.0370640317769926));
#4057=CARTESIAN_POINT('',(-0.00250000000000001,-0.0583526605314442,-0.0370638914229583));
#4058=CARTESIAN_POINT('',(-0.0075,-0.0547941366921889,-0.0746686922383017));
#4059=CARTESIAN_POINT('',(-0.00621893736339037,-0.040453213939967,-0.0561892399742585));
#4060=CARTESIAN_POINT('',(-0.00745915170190776,-0.0406630211305681,-0.0560405739614432));
#4061=CARTESIAN_POINT('',(-0.00846380783135303,-0.0405054888422895,-0.056152007262949));
#4062=CARTESIAN_POINT('',(-0.00915740270079707,-0.0402174083767874,-0.0563536314342));
#4063=CARTESIAN_POINT('',(-0.00964890019476183,-0.0398958906611935,-0.0565763107654644));
#4064=CARTESIAN_POINT('',(-0.00998997874874788,-0.0395703466677371,-0.056797621705765));
#4065=CARTESIAN_POINT('',(-0.0102968611099129,-0.0391534181380346,-0.057075542261347));
#4066=CARTESIAN_POINT('',(-0.0105170676964908,-0.0386636647375628,-0.0573974703125367));
#4067=CARTESIAN_POINT('',(-0.0106054559150399,-0.0381720105085573,-0.05771388966442));
#4068=CARTESIAN_POINT('',(-0.0105988058293487,-0.0377919847629703,-0.0579522173474591));
#4069=CARTESIAN_POINT('',(-0.0105511455793205,-0.0374326832199527,-0.0581763574731239));
#4070=CARTESIAN_POINT('',(-0.0103568145300115,-0.0368142723772781,-0.05855083170983));
#4071=CARTESIAN_POINT('',(-0.00983506609425067,-0.0360551391602328,-0.058995511901856));
#4072=CARTESIAN_POINT('',(-0.00873976273175223,-0.0353662329055831,-0.059387517891518));
#4073=CARTESIAN_POINT('',(-0.0076080967091686,-0.035153720060527,-0.0595003855932752));
#4074=CARTESIAN_POINT('',(-0.0066648553454205,-0.0352736533805476,-0.0594381447926769));
#4075=CARTESIAN_POINT('',(-0.0059077780302981,-0.0355889249892555,-0.0592607262373283));
#4076=CARTESIAN_POINT('',(-0.00551394516499231,-0.0358501846944276,-0.0591110334851769));
#4077=CARTESIAN_POINT('',(-0.00527360033127526,-0.0360618614474636,-0.058989410073469));
#4078=CARTESIAN_POINT('',(-0.00516150634459946,-0.0361702480820686,-0.0589270318564474));
#4079=CARTESIAN_POINT('',(-0.00500114906982778,-0.0363446926076117,-0.0588259944161666));
#4080=CARTESIAN_POINT('',(-0.00482525525618398,-0.036579186494038,-0.0586882997071736));
#4081=CARTESIAN_POINT('',(-0.00460617776240037,-0.0369580514071836,-0.0584629459334455));
#4082=CARTESIAN_POINT('',(-0.00445783916644656,-0.0373745791828375,-0.0582089812032157));
#4083=CARTESIAN_POINT('',(-0.00435336879233541,-0.0380610384479872,-0.0577862056264493));
#4084=CARTESIAN_POINT('',(-0.0045482964907573,-0.0389823008653066,-0.0571970180134063));
#4085=CARTESIAN_POINT('',(-0.00516361434950562,-0.0398074531693626,-0.0566383326426365));
#4086=CARTESIAN_POINT('',(-0.00621893736339037,-0.040453213939967,-0.0561892399742585));
#4087=CARTESIAN_POINT('',(-0.00745915170190776,-0.0406630211305681,-0.0560405739614432));
#4088=CARTESIAN_POINT('',(-0.00846380783135303,-0.0405054888422895,-0.056152007262949));
#4089=CARTESIAN_POINT('',(-0.0075,-0.0405968942125642,-0.0560873877153204));
#4090=CARTESIAN_POINT('',(-0.0075,-0.0371164671625253,-0.056991022708638));
#4091=CARTESIAN_POINT('',(-0.0075,-0.0349244361408469,-0.0591830537303163));
#4092=CARTESIAN_POINT('',(-0.0075,-0.0371353585807476,-0.0569721312904157));
#4093=CARTESIAN_POINT('',(-0.0075,-0.0371164671625253,-0.056991022708638));
#4094=CARTESIAN_POINT('',(-0.0075,-0.0357729642782708,-0.0583345255928924));
#4095=CARTESIAN_POINT('',(-0.0075,-0.0417731686681513,-0.0503340157152794));
#4096=CARTESIAN_POINT('',(-0.0075,-0.036116314418659,-0.0559908699647717));
#4097=CARTESIAN_POINT('',(-0.0019,-0.0376394690398317,-0.054467715343599));
#4098=CARTESIAN_POINT('',(-0.0131,-0.0376394690398317,-0.054467715343599));
#4099=CARTESIAN_POINT('',(-0.0131,-0.0417731686681513,-0.0503340157152794));
#4100=CARTESIAN_POINT('',(-0.0019,-0.036116314418659,-0.0559908699647717));
#4101=CARTESIAN_POINT('',(-0.0075,-0.0349951468189656,-0.0548697023650784));
#4102=CARTESIAN_POINT('',(-0.0075,-0.0352400957932439,-0.0551146513393567));
#4103=CARTESIAN_POINT('',(-0.0075,-0.031503340165377,-0.0588514069672236));
#4104=CARTESIAN_POINT('',(-0.00189999999999999,-0.0376394690398317,-0.054467715343599));
#4105=CARTESIAN_POINT('',(-0.00178692205673671,-0.0376368703779798,-0.0546277205330351));
#4106=CARTESIAN_POINT('',(-0.00167724356881451,-0.0376297433850759,-0.0547922540535231));
#4107=CARTESIAN_POINT('',(-0.0015715963755161,-0.0376182420753266,-0.0549611618908565));
#4108=CARTESIAN_POINT('',(-0.00156816174660692,-0.0376175107165277,-0.0549589638253657));
#4109=CARTESIAN_POINT('',(-0.00155358983848624,-0.0360506805388143,-0.055925236084927));
#4110=CARTESIAN_POINT('',(-0.00155356048941349,-0.0364295236657255,-0.0555459239957305));
#4111=CARTESIAN_POINT('',(-0.00155792831164001,-0.0368777130279062,-0.0552670400132914));
#4112=CARTESIAN_POINT('',(-0.00156468220817251,-0.0373659671732729,-0.0550637148635146));
#4113=CARTESIAN_POINT('',(-0.0015568756257402,-0.0366990987000338,-0.0554081062818589));
#4114=CARTESIAN_POINT('',(-0.00155686098529892,-0.0366990976698329,-0.0554081154023133));
#4115=CARTESIAN_POINT('',(-0.00155469072545284,-0.0364598658791756,-0.0555596452012678));
#4116=CARTESIAN_POINT('',(-0.00155365965959898,-0.0362448491971279,-0.0557308964005139));
#4117=CARTESIAN_POINT('',(-0.00155358983848621,-0.0360506805388143,-0.0559252360849271));
#4118=CARTESIAN_POINT('',(-0.00155358983848624,-0.0360506805388143,-0.055925236084927));
#4119=CARTESIAN_POINT('',(-0.0075,-0.0360506805388143,-0.055925236084927));
#4120=CARTESIAN_POINT('',(-0.0134464101615138,-0.0360506805388143,-0.055925236084927));
#4121=CARTESIAN_POINT('',(-0.0134464101615138,-0.0360506805388143,-0.0559252360849271));
#4122=CARTESIAN_POINT('',(-0.013446340340401,-0.0362448491971281,-0.0557308964005136));
#4123=CARTESIAN_POINT('',(-0.0134453092745472,-0.0364598658791761,-0.0555596452012673));
#4124=CARTESIAN_POINT('',(-0.0134431390147011,-0.0366990976698338,-0.0554081154023127));
#4125=CARTESIAN_POINT('',(-0.0134427316962044,-0.0367010939779192,-0.0554061110039736));
#4126=CARTESIAN_POINT('',(-0.0134353177918275,-0.0373659671732729,-0.0550637148635146));
#4127=CARTESIAN_POINT('',(-0.01344207168836,-0.0368777130279062,-0.0552670400132915));
#4128=CARTESIAN_POINT('',(-0.0134464395105865,-0.0364295236657255,-0.0555459239957304));
#4129=CARTESIAN_POINT('',(-0.0134464101615138,-0.0360506805388143,-0.055925236084927));
#4130=CARTESIAN_POINT('',(-0.0134284036244839,-0.0376182420753268,-0.0549611618908563));
#4131=CARTESIAN_POINT('',(-0.0134284036244838,-0.0376182420753268,-0.0549611618908563));
#4132=CARTESIAN_POINT('',(-0.0133227564311855,-0.0376297433850761,-0.054792254053523));
#4133=CARTESIAN_POINT('',(-0.0132130779432633,-0.0376368703779798,-0.054627720533035));
#4134=CARTESIAN_POINT('',(-0.0131,-0.0376394690398317,-0.054467715343599));
#4135=CARTESIAN_POINT('',(-0.0075,-0.0360558069907454,-0.0559303625368582));
#4136=CARTESIAN_POINT('',(-0.0015,-0.0378446440860488,-0.0577191996321616));
#4137=CARTESIAN_POINT('',(-0.0015,-0.037763840948822,-0.057774155094951));
#4138=CARTESIAN_POINT('',(-0.00150446191266574,-0.0375594746867672,-0.0579119041450005));
#4139=CARTESIAN_POINT('',(-0.00154996360250627,-0.0371288622551773,-0.0581988594026695));
#4140=CARTESIAN_POINT('',(-0.00165497716930591,-0.0366638542316405,-0.0585051247343159));
#4141=CARTESIAN_POINT('',(-0.00179463802080632,-0.0362497333558661,-0.0587745227125341));
#4142=CARTESIAN_POINT('',(-0.00195390432416142,-0.0358816681448331,-0.0590107021096841));
#4143=CARTESIAN_POINT('',(-0.00209212060065236,-0.0356183697714395,-0.0591777223367321));
#4144=CARTESIAN_POINT('',(-0.00230184150481036,-0.0352660644857404,-0.0593999345778116));
#4145=CARTESIAN_POINT('',(-0.00257869249466039,-0.034885819026742,-0.0596363453940255));
#4146=CARTESIAN_POINT('',(-0.00285485512196876,-0.0345721154861918,-0.0598281248290063));
#4147=CARTESIAN_POINT('',(-0.00308232818086129,-0.0343462464855002,-0.0599647514940491));
#4148=CARTESIAN_POINT('',(-0.00321044682284967,-0.0342254635058844,-0.0600374962295651));
#4149=CARTESIAN_POINT('',(-0.00347357478882653,-0.0340003938813273,-0.0601727588893296));
#4150=CARTESIAN_POINT('',(-0.00379254836778168,-0.033759890979377,-0.0603168385839975));
#4151=CARTESIAN_POINT('',(-0.00439779130760191,-0.033368550254497,-0.0605500259854242));
#4152=CARTESIAN_POINT('',(-0.00567014918293324,-0.0327943832868912,-0.0608861637118057));
#4153=CARTESIAN_POINT('',(-0.00679710938199331,-0.0326198382188145,-0.0609796751391659));
#4154=CARTESIAN_POINT('',(-0.00750000000000001,-0.0326207805667913,-0.0609806174871427));
#4155=CARTESIAN_POINT('',(-0.0075,-0.0326207805667913,-0.0609806174871426));
#4156=CARTESIAN_POINT('',(-0.00750000000000001,-0.0326207805667913,-0.0609806174871427));
#4157=CARTESIAN_POINT('',(-0.00820340013863202,-0.0326199185030809,-0.0609797554234322));
#4158=CARTESIAN_POINT('',(-0.00933122353302372,-0.0327947927484669,-0.0608861542315527));
#4159=CARTESIAN_POINT('',(-0.0106043133345547,-0.0333697254546463,-0.0605494955545036));
#4160=CARTESIAN_POINT('',(-0.0112098719458092,-0.0337616269897104,-0.0603158931120912));
#4161=CARTESIAN_POINT('',(-0.0115288698148053,-0.0340023616042905,-0.0601716213834067));
#4162=CARTESIAN_POINT('',(-0.0117923081006181,-0.034227946726662,-0.0600359929210345));
#4163=CARTESIAN_POINT('',(-0.0119195001288985,-0.0343480008778194,-0.0599636659470145));
#4164=CARTESIAN_POINT('',(-0.012146506331774,-0.0345735695312256,-0.0598272031436206));
#4165=CARTESIAN_POINT('',(-0.0124223443275684,-0.0348870833412362,-0.0596355396109116));
#4166=CARTESIAN_POINT('',(-0.0126994195563659,-0.0352679273260039,-0.0593987533883644));
#4167=CARTESIAN_POINT('',(-0.0129092920329247,-0.0356208433366438,-0.0591761443409469));
#4168=CARTESIAN_POINT('',(-0.0130479657028518,-0.0358855575099893,-0.0590082034555389));
#4169=CARTESIAN_POINT('',(-0.013206364249729,-0.0362524449393592,-0.0587727532198409));
#4170=CARTESIAN_POINT('',(-0.0133455895360925,-0.0366659527752254,-0.058503743308592));
#4171=CARTESIAN_POINT('',(-0.013450183777664,-0.037130008021151,-0.0581980978991965));
#4172=CARTESIAN_POINT('',(-0.0134955516960445,-0.0375598876514609,-0.0579116295371053));
#4173=CARTESIAN_POINT('',(-0.0135,-0.0377639420001071,-0.0577740878753141));
#4174=CARTESIAN_POINT('',(-0.0135,-0.0378446440860488,-0.0577191996321616));
#4175=CARTESIAN_POINT('',(-0.0075,-0.0361921018950516,-0.0560666574411644));
#4176=CARTESIAN_POINT('',(-0.0135004137990749,-0.0376982180041033,-0.0551687540100587));
#4177=CARTESIAN_POINT('',(-0.0135004134988895,-0.0376947713279233,-0.0551701103345942));
#4178=CARTESIAN_POINT('',(-0.0135004131987042,-0.0376913246517432,-0.0551714666591296));
#4179=CARTESIAN_POINT('',(-0.0135004128985188,-0.0376878779755632,-0.055172822983665));
#4180=CARTESIAN_POINT('',(-0.0135004058875853,-0.0376073796610204,-0.0552045004124022));
#4181=CARTESIAN_POINT('',(-0.0135003988766519,-0.0375268813464777,-0.0552361778411394));
#4182=CARTESIAN_POINT('',(-0.0135003918657184,-0.0374463830319349,-0.0552678552698766));
#4183=CARTESIAN_POINT('',(-0.0135003509484308,-0.0369765778751687,-0.0554527314310531));
#4184=CARTESIAN_POINT('',(-0.0135003244867523,-0.0365495529206494,-0.0557104510058306));
#4185=CARTESIAN_POINT('',(-0.0135003246645585,-0.0361929586713263,-0.0560675142174391));
#4186=CARTESIAN_POINT('',(-0.0135,-0.0376977933051121,-0.0551674651565005));
#4187=CARTESIAN_POINT('',(-0.0135,-0.0376943458138815,-0.0551688222960865));
#4188=CARTESIAN_POINT('',(-0.0135,-0.0376908983226509,-0.0551701794356724));
#4189=CARTESIAN_POINT('',(-0.0135,-0.0376874508314203,-0.0551715365752584));
#4190=CARTESIAN_POINT('',(-0.0135,-0.0376069334810901,-0.055203233039783));
#4191=CARTESIAN_POINT('',(-0.0135,-0.03752641613076,-0.0552349295043076));
#4192=CARTESIAN_POINT('',(-0.0135,-0.0374458987804298,-0.0552666259688322));
#4193=CARTESIAN_POINT('',(-0.0135,-0.0369759825267898,-0.0554516132268825));
#4194=CARTESIAN_POINT('',(-0.0135,-0.0365488301235753,-0.0557094602503552));
#4195=CARTESIAN_POINT('',(-0.0135,-0.0361921018950516,-0.0560666574411644));
#4196=CARTESIAN_POINT('',(-0.0134316974242756,-0.0376276915654781,-0.0549547241836599));
#4197=CARTESIAN_POINT('',(-0.013431746973528,-0.0376241095402312,-0.0549562158572621));
#4198=CARTESIAN_POINT('',(-0.0134317965227804,-0.0376205275149843,-0.0549577075308643));
#4199=CARTESIAN_POINT('',(-0.0134318460720328,-0.0376169454897374,-0.0549591992044666));
#4200=CARTESIAN_POINT('',(-0.0134330033119644,-0.037533286050916,-0.0549940377574826));
#4201=CARTESIAN_POINT('',(-0.0134341605518959,-0.0374496266120944,-0.0550288763104986));
#4202=CARTESIAN_POINT('',(-0.0134353177918275,-0.0373659671732729,-0.0550637148635146));
#4203=CARTESIAN_POINT('',(-0.01344207168836,-0.0368777130279062,-0.0552670400132915));
#4204=CARTESIAN_POINT('',(-0.0134464395105865,-0.0364295236657255,-0.0555459239957304));
#4205=CARTESIAN_POINT('',(-0.0134464101615138,-0.0360506805388143,-0.055925236084927));
#4206=CARTESIAN_POINT('',(-0.0135,-0.0361921018950516,-0.0560666574411644));
#4207=CARTESIAN_POINT('',(-0.0134821367205046,-0.0361449614429724,-0.0560195169890853));
#4208=CARTESIAN_POINT('',(-0.0134642734410092,-0.0360978209908933,-0.0559723765370062));
#4209=CARTESIAN_POINT('',(-0.0134464101615138,-0.0360506805388142,-0.0559252360849271));
#4210=CARTESIAN_POINT('',(-0.0134319706788953,-0.0376170743957254,-0.0549595874241092));
#4211=CARTESIAN_POINT('',(-0.0134546483510387,-0.037537877727325,-0.0550708551640178));
#4212=CARTESIAN_POINT('',(-0.013477326023182,-0.0374586810589246,-0.0551821229039264));
#4213=CARTESIAN_POINT('',(-0.0135000036953254,-0.0373794843905243,-0.0552933906438349));
#4214=CARTESIAN_POINT('',(-0.0135,-0.044171792684007,-0.0485010771243729));
#4215=CARTESIAN_POINT('',(-0.0135,-0.0414028965826839,-0.051269973225696));
#4216=CARTESIAN_POINT('',(-0.0133666663798656,-0.041313620485641,-0.0511706871088245));
#4217=CARTESIAN_POINT('',(-0.0132333330456566,-0.0412243521962318,-0.051071393588679));
#4218=CARTESIAN_POINT('',(-0.0131,-0.0411350917861875,-0.0509720925972432));
#4219=CARTESIAN_POINT('',(-0.0065,-0.0583283459721074,-0.0305341944767053));
#4220=CARTESIAN_POINT('',(-0.0065,-0.0583283459721074,-0.0305341944767053));
#4221=CARTESIAN_POINT('',(-0.00661235732920174,-0.0582481346486788,-0.030445054614392));
#4222=CARTESIAN_POINT('',(-0.00672470007159065,-0.0581678878080196,-0.0303559283443592));
#4223=CARTESIAN_POINT('',(-0.00683702806146417,-0.0580876050466629,-0.0302668158210119));
#4224=CARTESIAN_POINT('',(-0.00685693389729468,-0.058235098485689,-0.0302439128078244));
#4225=CARTESIAN_POINT('',(-0.0065,-0.0583283459721074,-0.0305341944767053));
#4226=CARTESIAN_POINT('',(-0.0075,-0.0361921018950516,-0.0560666574411644));
#4227=CARTESIAN_POINT('',(-0.00155358983848621,-0.0360506805388142,-0.0559252360849271));
#4228=CARTESIAN_POINT('',(-0.00153572655899081,-0.0360978209908933,-0.0559723765370062));
#4229=CARTESIAN_POINT('',(-0.0015178632794954,-0.0361449614429724,-0.0560195169890853));
#4230=CARTESIAN_POINT('',(-0.00149999999999999,-0.0361921018950515,-0.0560666574411644));
#4231=CARTESIAN_POINT('',(-0.0131,8.96505092384814E-15,1.11195774810113E-14));
#4232=CARTESIAN_POINT('',(-0.0131,-0.0580876050466629,-0.030266815821012));
#4233=CARTESIAN_POINT('',(-0.0132333149225344,-0.0581834205053906,-0.0303714332647758));
#4234=CARTESIAN_POINT('',(-0.0133666483327112,-0.0582791831548407,-0.0304760754801053));
#4235=CARTESIAN_POINT('',(-0.0135,-0.0583748936535149,-0.0305807421581129));
#4236=CARTESIAN_POINT('',(-0.013502,-0.0580876050466629,-0.0302668158210119));
#4237=CARTESIAN_POINT('',(-0.0131,-0.0580876050466629,-0.0302668158210119));
#4238=CARTESIAN_POINT('',(-0.0065,-0.0596799138849157,-0.0318857623895136));
#4239=CARTESIAN_POINT('',(-0.00672735093086088,-0.0608368243685491,-0.0327211501033055));
#4240=CARTESIAN_POINT('',(-0.00683702806146416,8.96505092384814E-15,1.11195774810113E-14));
#4241=CARTESIAN_POINT('',(-0.00650000000000001,-0.0580345647140083,-0.0310889413560304));
#4242=CARTESIAN_POINT('',(-0.00661234268715473,-0.0579354944163683,-0.0310358696962594));
#4243=CARTESIAN_POINT('',(-0.00672468537430944,-0.0578364241187283,-0.0309827980364885));
#4244=CARTESIAN_POINT('',(-0.00683702806146416,-0.0577373538210882,-0.0309297263767176));
#4245=CARTESIAN_POINT('',(-0.00149967533544153,-0.0361929586713263,-0.0560675142174391));
#4246=CARTESIAN_POINT('',(-0.0014996755132477,-0.0365495529206494,-0.0557104510058306));
#4247=CARTESIAN_POINT('',(-0.00149964905156924,-0.0369765778751687,-0.055452731431053));
#4248=CARTESIAN_POINT('',(-0.0014996081342816,-0.037446383031935,-0.0552678552698767));
#4249=CARTESIAN_POINT('',(-0.00149960110755887,-0.0375270626362584,-0.0552361065005886));
#4250=CARTESIAN_POINT('',(-0.00149959408083613,-0.0376077422405818,-0.0552043577313004));
#4251=CARTESIAN_POINT('',(-0.00149958705411339,-0.0376884218449052,-0.0551726089620123));
#4252=CARTESIAN_POINT('',(-0.0015,-0.0361921018950516,-0.0560666574411644));
#4253=CARTESIAN_POINT('',(-0.0015,-0.0365488301235753,-0.0557094602503553));
#4254=CARTESIAN_POINT('',(-0.0015,-0.0369759825267898,-0.0554516132268824));
#4255=CARTESIAN_POINT('',(-0.0015,-0.0374458987804299,-0.0552666259688323));
#4256=CARTESIAN_POINT('',(-0.0015,-0.037526597463411,-0.0552348581208864));
#4257=CARTESIAN_POINT('',(-0.0015,-0.0376072961463923,-0.0552030902729405));
#4258=CARTESIAN_POINT('',(-0.0015,-0.0376879948293734,-0.0551713224249945));
#4259=CARTESIAN_POINT('',(-0.00155358983848624,-0.0360506805388143,-0.055925236084927));
#4260=CARTESIAN_POINT('',(-0.00155356048941349,-0.0364295236657255,-0.0555459239957305));
#4261=CARTESIAN_POINT('',(-0.00155792831164001,-0.0368777130279062,-0.0552670400132914));
#4262=CARTESIAN_POINT('',(-0.00156468220817251,-0.0373659671732729,-0.0550637148635146));
#4263=CARTESIAN_POINT('',(-0.00156584205431731,-0.0374498150210245,-0.0550287978507983));
#4264=CARTESIAN_POINT('',(-0.00156700190046212,-0.0375336628687761,-0.054993880838082));
#4265=CARTESIAN_POINT('',(-0.00156816174660692,-0.0376175107165277,-0.0549589638253657));
#4266=CARTESIAN_POINT('',(-0.00149999630467461,-0.0373794843905242,-0.055293390643835));
#4267=CARTESIAN_POINT('',(-0.00152271811865204,-0.037458826499192,-0.0551819150376786));
#4268=CARTESIAN_POINT('',(-0.00154543993262948,-0.0375381686078598,-0.0550704394315222));
#4269=CARTESIAN_POINT('',(-0.00156816174660691,-0.0376175107165277,-0.0549589638253657));
#4270=CARTESIAN_POINT('',(-0.0131,-0.0580876050466629,-0.0302668158210119));
#4271=CARTESIAN_POINT('',(-0.0132308078316635,-0.0584955628148983,-0.0303207161041501));
#4272=CARTESIAN_POINT('',(-0.00697132359606395,-0.061043448130493,-0.0332257045123171));
#4273=CARTESIAN_POINT('',(-0.00697132359606395,-0.061043448130493,-0.0332257045123171));
#4274=CARTESIAN_POINT('',(-0.00681419122172092,-0.0609245211879213,-0.0331147055088276));
#4275=CARTESIAN_POINT('',(-0.00665708312721474,-0.0608056082255783,-0.0330036571848374));
#4276=CARTESIAN_POINT('',(-0.0065,-0.0606867096392974,-0.0328925581438953));
#4277=CARTESIAN_POINT('',(-0.00697132359606396,-0.061043448130493,-0.0332257045123171));
#4278=CARTESIAN_POINT('',(-0.00683702806146416,-0.0577373538210884,-0.0309297263767174));
#4279=CARTESIAN_POINT('',(-0.00684023552284633,-0.057194776327318,-0.0319446217249196));
#4280=CARTESIAN_POINT('',(-0.00639529474091591,-0.0566225644313065,-0.0329382128762879));
#4281=CARTESIAN_POINT('',(-0.0048017107690496,-0.0557627160055259,-0.0343711381912646));
#4282=CARTESIAN_POINT('',(-0.00366829954769571,-0.0554930995676697,-0.0347947604912811));
#4283=CARTESIAN_POINT('',(-0.0025,-0.0554963815953185,-0.0347908268057385));
#4284=CARTESIAN_POINT('',(-0.0065,-0.0580345647140084,-0.0310889413560302));
#4285=CARTESIAN_POINT('',(-0.00650295821132511,-0.0575500209170924,-0.0320482343278658));
#4286=CARTESIAN_POINT('',(-0.00609259353938627,-0.0570360155084312,-0.0329857880962758));
#4287=CARTESIAN_POINT('',(-0.0046228460862208,-0.0562612845582677,-0.0343365459324167));
#4288=CARTESIAN_POINT('',(-0.00357751163343987,-0.0560173544916159,-0.0347352746246615));
#4289=CARTESIAN_POINT('',(-0.0025,-0.0560203716061859,-0.0347316024977001));
#4290=CARTESIAN_POINT('',(-0.0025,-0.0554963815953185,-0.0347908268057385));
#4291=CARTESIAN_POINT('',(-0.0025,-0.0556710449322743,-0.0347710853697257));
#4292=CARTESIAN_POINT('',(-0.0025,-0.0558457082692301,-0.0347513439337129));
#4293=CARTESIAN_POINT('',(-0.0025,-0.0560203716061859,-0.0347316024977001));
#4294=CARTESIAN_POINT('',(-0.0019,-0.0417731686681513,-0.0503340157152794));
#4295=CARTESIAN_POINT('',(-0.0015,-0.0414028965826839,-0.051269973225696));
#4296=CARTESIAN_POINT('',(-0.0016333336201344,-0.0413136204856411,-0.0511706871088245));
#4297=CARTESIAN_POINT('',(-0.00176666695434336,-0.0412243521962318,-0.051071393588679));
#4298=CARTESIAN_POINT('',(-0.0019,-0.0411350917861875,-0.0509720925972432));
#4299=CARTESIAN_POINT('',(-0.0135,-0.016061717967884,0.0117324335275181));
#4300=CARTESIAN_POINT('',(-0.0135,-0.0606809707517639,-0.0328868192563618));
#4301=CARTESIAN_POINT('',(-0.013502,-0.0609508206832826,-0.0325909837629313));
#4302=CARTESIAN_POINT('',(-0.0130749210735461,-0.0609797929606942,-0.0327895135312007));
#4303=CARTESIAN_POINT('',(-0.0065,9.36750677027476E-17,1.00613961606655E-16));
#4304=CARTESIAN_POINT('',(-0.00697132359606394,-0.0607997114053336,-0.0336696464642583));
#4305=CARTESIAN_POINT('',(-0.00681421573070929,-0.0606619307421003,-0.0335933463287239));
#4306=CARTESIAN_POINT('',(-0.00665710786535465,-0.0605241500788669,-0.0335170461931895));
#4307=CARTESIAN_POINT('',(-0.0065,-0.0603863694156335,-0.0334407460576551));
#4308=CARTESIAN_POINT('',(-0.013502,-0.0554963815953185,-0.0347908268057385));
#4309=CARTESIAN_POINT('',(-0.0019,-0.055758363356156,-0.0347612161486983));
#4310=CARTESIAN_POINT('',(-0.0019,8.96505092384814E-15,1.11195774810113E-14));
#4311=CARTESIAN_POINT('',(-0.0015,-0.0557932868078307,-0.0350702031242941));
#4312=CARTESIAN_POINT('',(-0.00163333982428233,-0.0556943335361473,-0.0349770708963163));
#4313=CARTESIAN_POINT('',(-0.0017666731903787,-0.0555953652083578,-0.0348839454225331));
#4314=CARTESIAN_POINT('',(-0.0019,-0.0554963815953186,-0.0347908268057385));
#4315=CARTESIAN_POINT('',(-0.0135,-0.0606809707517639,-0.0328868192563618));
#4316=CARTESIAN_POINT('',(-0.0135,-0.0606809707517639,-0.0328868192563618));
#4317=CARTESIAN_POINT('',(-0.0133399658825315,-0.0608017809832928,-0.0329998343227028));
#4318=CARTESIAN_POINT('',(-0.0131799056400998,-0.0609226069238219,-0.0331127955689335));
#4319=CARTESIAN_POINT('',(-0.0130198200092037,-0.061043448130493,-0.0332257045123171));
#4320=CARTESIAN_POINT('',(-0.0025,-0.0584165245041264,-0.03765314946799));
#4321=CARTESIAN_POINT('',(-0.00370196728148833,-0.0584131049732961,-0.0376571509607409));
#4322=CARTESIAN_POINT('',(-0.00486915417996299,-0.0586978996593515,-0.0372217591318302));
#4323=CARTESIAN_POINT('',(-0.00651363988734972,-0.0596104312134282,-0.0357449376969073));
#4324=CARTESIAN_POINT('',(-0.00697472699663528,-0.0602198904185977,-0.0347187199749698));
#4325=CARTESIAN_POINT('',(-0.00697132359606396,-0.0607997114053336,-0.0336696464642585));
#4326=CARTESIAN_POINT('',(-0.0025,-0.0583526605314441,-0.0370638914229584));
#4327=CARTESIAN_POINT('',(-0.0035752675405076,-0.0583496527151708,-0.0370674772447305));
#4328=CARTESIAN_POINT('',(-0.00461942089339295,-0.0585948117492864,-0.036672744896325));
#4329=CARTESIAN_POINT('',(-0.00609056088733203,-0.0593760644632604,-0.0353310385694648));
#4330=CARTESIAN_POINT('',(-0.0065030446470699,-0.059895757778633,-0.0343974200427661));
#4331=CARTESIAN_POINT('',(-0.0065,-0.0603863694156334,-0.0334407460576552));
#4332=CARTESIAN_POINT('',(-0.0025,-0.0583526605314441,-0.0370638914229583));
#4333=CARTESIAN_POINT('',(-0.0025,-0.0583739485223382,-0.0372603107713022));
#4334=CARTESIAN_POINT('',(-0.0025,-0.0583952365132323,-0.0374567301196461));
#4335=CARTESIAN_POINT('',(-0.0025,-0.0584165245041264,-0.03765314946799));
#4336=CARTESIAN_POINT('',(-0.0015,-0.0557932868078307,-0.0350702031242941));
#4337=CARTESIAN_POINT('',(-0.0015,-0.0557932868078307,-0.0350702031242941));
#4338=CARTESIAN_POINT('',(-0.0135,9.36750677027476E-17,1.00613961606655E-16));
#4339=CARTESIAN_POINT('',(-0.0135,-0.0378446440860489,-0.0577191996321615));
#4340=CARTESIAN_POINT('',(-0.0133399400030679,-0.0379324240945388,-0.057853078334316));
#4341=CARTESIAN_POINT('',(-0.0131798800061358,-0.0380202041030287,-0.0579869570364706));
#4342=CARTESIAN_POINT('',(-0.0130198200092036,-0.0381079841115186,-0.0581208357386251));
#4343=CARTESIAN_POINT('',(-0.013502,-0.0583526605314441,-0.0370638914229583));
#4344=CARTESIAN_POINT('',(-0.00198017999079636,-0.0584165245041264,-0.0376531494679901));
#4345=CARTESIAN_POINT('',(-0.0015,-0.0125261840619512,0.00819689962158534));
#4346=CARTESIAN_POINT('',(-0.00176807889249802,-0.0582539174620649,-0.0371517129729717));
#4347=CARTESIAN_POINT('',(-0.0130198200092037,-0.0381079841115185,-0.0581208357386252));
#4348=CARTESIAN_POINT('',(-0.0130230201486523,-0.0368721791401142,-0.0589328577088375));
#4349=CARTESIAN_POINT('',(-0.0124396960418107,-0.0356166332819744,-0.0596908405102131));
#4350=CARTESIAN_POINT('',(-0.0104161125147586,-0.0337606143774337,-0.0607574783124469));
#4351=CARTESIAN_POINT('',(-0.00898350431181761,-0.0331835535392089,-0.0610651849720629));
#4352=CARTESIAN_POINT('',(-0.0075,-0.033189671793632,-0.061063046814182));
#4353=CARTESIAN_POINT('',(-0.0135,-0.0378446440860488,-0.0577191996321616));
#4354=CARTESIAN_POINT('',(-0.0135034785258686,-0.0365289222527681,-0.058614066958867));
#4355=CARTESIAN_POINT('',(-0.0128694099291759,-0.0351950774962628,-0.0594537870075825));
#4356=CARTESIAN_POINT('',(-0.0106697908528829,-0.0332256389666565,-0.0606392993306038));
#4357=CARTESIAN_POINT('',(-0.00911255726745876,-0.0326143479526195,-0.0609830975086864));
#4358=CARTESIAN_POINT('',(-0.0075,-0.0326207805667913,-0.0609806174871426));
#4359=CARTESIAN_POINT('',(-0.0075,-0.0326207805667913,-0.0609806174871426));
#4360=CARTESIAN_POINT('',(-0.0075,-0.0328104109757382,-0.0610080939294891));
#4361=CARTESIAN_POINT('',(-0.0075,-0.0330000413846851,-0.0610355703718355));
#4362=CARTESIAN_POINT('',(-0.0075,-0.033189671793632,-0.061063046814182));
#4363=CARTESIAN_POINT('',(-0.00198017999079637,-0.0584165245041264,-0.0376531494679901));
#4364=CARTESIAN_POINT('',(-0.00198017999079637,-0.0584165245041264,-0.0376531494679901));
#4365=CARTESIAN_POINT('',(-0.00182011176081492,-0.0582954303105394,-0.0375455108863454));
#4366=CARTESIAN_POINT('',(-0.00166005169369194,-0.0581743421460988,-0.037437853387282));
#4367=CARTESIAN_POINT('',(-0.0015,-0.0580532601663349,-0.0373301764827983));
#4368=CARTESIAN_POINT('',(-0.0075,-0.033189671793632,-0.061063046814182));
#4369=CARTESIAN_POINT('',(-0.00602984692269312,-0.033182920560303,-0.0610654833138472));
#4370=CARTESIAN_POINT('',(-0.00458633590811122,-0.0337584113984656,-0.0607587062326983));
#4371=CARTESIAN_POINT('',(-0.00256254511529525,-0.0356145469473522,-0.0596920830978388));
#4372=CARTESIAN_POINT('',(-0.00197672212614891,-0.0368659368874217,-0.0589369348419527));
#4373=CARTESIAN_POINT('',(-0.00198017999079637,-0.0381079841115185,-0.0581208357386252));
#4374=CARTESIAN_POINT('',(-0.0075,-0.0326207805667913,-0.0609806174871426));
#4375=CARTESIAN_POINT('',(-0.00590195541718145,-0.0326136791190492,-0.0609834340175992));
#4376=CARTESIAN_POINT('',(-0.0043328705651331,-0.0332233030101612,-0.0606406669656691));
#4377=CARTESIAN_POINT('',(-0.00213302618856242,-0.0351928617866272,-0.0594551648015439));
#4378=CARTESIAN_POINT('',(-0.00149624132891107,-0.0365222773862144,-0.0586185616676069));
#4379=CARTESIAN_POINT('',(-0.0015,-0.0378446440860488,-0.0577191996321616));
#4380=CARTESIAN_POINT('',(-0.00198017999079637,-0.0381079841115183,-0.0581208357386253));
#4381=CARTESIAN_POINT('',(-0.00182011999386425,-0.0380202041030284,-0.0579869570364708));
#4382=CARTESIAN_POINT('',(-0.00166005999693212,-0.0379324240945385,-0.0578530783343162));
#4383=CARTESIAN_POINT('',(-0.0015,-0.0378446440860486,-0.0577191996321617));
#4384=CARTESIAN_POINT('',(-0.0015,9.36750677027476E-17,1.00613961606655E-16));
#4385=CARTESIAN_POINT('',(-0.0075,-0.0352400957932439,-0.0551146513393567));
#4386=CARTESIAN_POINT('',(-0.0084032840296137,-0.0409989502398742,-0.0561189542998875));
#4387=CARTESIAN_POINT('',(-0.00659671597038634,-0.0409978797509276,-0.0561197193890847));
#4388=CARTESIAN_POINT('',(-0.00570309075068714,-0.0406911165157697,-0.0563457895122141));
#4389=CARTESIAN_POINT('',(-0.00444298014481335,-0.0396283648259705,-0.0570992673082303));
#4390=CARTESIAN_POINT('',(-0.0040876075791697,-0.0388839060679172,-0.0576117374153584));
#4391=CARTESIAN_POINT('',(-0.00409434669160928,-0.0373684986452947,-0.0586060356464783));
#4392=CARTESIAN_POINT('',(-0.00445406466529555,-0.0366057968421789,-0.0590825759781361));
#4393=CARTESIAN_POINT('',(-0.0057039619841091,-0.0354893882599958,-0.0597588489758048));
#4394=CARTESIAN_POINT('',(-0.00659743516331566,-0.0351497963160732,-0.0599561594106795));
#4395=CARTESIAN_POINT('',(-0.00840943709343192,-0.0351497627232766,-0.0599561919084111));
#4396=CARTESIAN_POINT('',(-0.00929662596723866,-0.0354881582625369,-0.059759636781584));
#4397=CARTESIAN_POINT('',(-0.0105468501872843,-0.0366083675568736,-0.0590809748155089));
#4398=CARTESIAN_POINT('',(-0.0109063066411001,-0.0373715881639222,-0.0586040550949144));
#4399=CARTESIAN_POINT('',(-0.0109117686543948,-0.0388885859457721,-0.0576086199657652));
#4400=CARTESIAN_POINT('',(-0.0105539929644255,-0.03963124240048,-0.0570972563015251));
#4401=CARTESIAN_POINT('',(-0.00929541772298333,-0.0406920449526965,-0.056345105754186));
#4402=CARTESIAN_POINT('',(-0.0084032840296137,-0.0409989502398742,-0.0561189542998875));
#4403=CARTESIAN_POINT('',(-0.00659671597038634,-0.0409978797509276,-0.0561197193890847));
#4404=CARTESIAN_POINT('',(-0.00832139625788436,-0.0405973856523639,-0.0560870482938292));
#4405=CARTESIAN_POINT('',(-0.00667860374211567,-0.0405964027727646,-0.0560877271368116));
#4406=CARTESIAN_POINT('',(-0.00586599052238231,-0.0403150530793585,-0.0562887438809638));
#4407=CARTESIAN_POINT('',(-0.00472011590229913,-0.0393390029832691,-0.0569569004755944));
#4408=CARTESIAN_POINT('',(-0.00439695983209658,-0.0386545865207982,-0.0574103637452451));
#4409=CARTESIAN_POINT('',(-0.00440308800697464,-0.0372591944260916,-0.0582869725152764));
#4410=CARTESIAN_POINT('',(-0.00473019556642723,-0.0365558182069707,-0.0587054645072402));
#4411=CARTESIAN_POINT('',(-0.00586678275691805,-0.0355252881274243,-0.0592978234867575));
#4412=CARTESIAN_POINT('',(-0.00667925751824663,-0.0352114398526609,-0.0594700252997245));
#4413=CARTESIAN_POINT('',(-0.0083269917304039,-0.0352114093921603,-0.0594700546700476));
#4414=CARTESIAN_POINT('',(-0.00913375189092113,-0.0355241546719391,-0.0592985167232749));
#4415=CARTESIAN_POINT('',(-0.0102706363521704,-0.036558189192041,-0.0587040587477348));
#4416=CARTESIAN_POINT('',(-0.0105975060975481,-0.037262041369518,-0.0582852295905514));
#4417=CARTESIAN_POINT('',(-0.0106024729493082,-0.0386588936492196,-0.0574076120700921));
#4418=CARTESIAN_POINT('',(-0.0102771316130836,-0.0393416471132468,-0.0569551190451627));
#4419=CARTESIAN_POINT('',(-0.0091326531646531,-0.0403159046228101,-0.0562881359247931));
#4420=CARTESIAN_POINT('',(-0.00832139625788436,-0.0405973856523639,-0.0560870482938292));
#4421=CARTESIAN_POINT('',(-0.00667860374211567,-0.0405964027727646,-0.0560877271368116));
#4422=CARTESIAN_POINT('',(-0.0075,-0.0368336244500506,-0.0567081799961634));
#4423=CARTESIAN_POINT('',(-0.0075,-0.0349951468189656,-0.0548697023650784));
#4424=CARTESIAN_POINT('',(-0.01,-0.0545748497481781,-0.0340011143194424));
#4425=CARTESIAN_POINT('',(0.,0.,0.));
#4426=CARTESIAN_POINT('',(-0.0135,0.,0.));
#4427=CARTESIAN_POINT('',(-0.012332654003465,-0.0149190974327998,-0.0534571840989649));
#4428=CARTESIAN_POINT('',(-0.0125870996774975,-0.0151624355159137,-0.0533892720936418));
#4429=CARTESIAN_POINT('',(-0.0128415453515301,-0.0154053098866385,-0.053319698543407));
#4430=CARTESIAN_POINT('',(-0.0130959910255626,-0.0156476978990493,-0.0532484699353896));
#4431=CARTESIAN_POINT('',(-0.012332654003465,-0.0149190974328136,-0.0534571840989611));
#4432=CARTESIAN_POINT('',(-0.0130959910255626,-0.0156476978990492,-0.0532484699353896));
#4433=CARTESIAN_POINT('',(-0.0130959910255226,0.,0.));
#4434=CARTESIAN_POINT('',(-0.0130959910255626,-0.0532484699353896,-0.0156476978990493));
#4435=CARTESIAN_POINT('',(-0.0130959910255626,-0.0532484699353895,-0.0156476978990495));
#4436=CARTESIAN_POINT('',(-0.0128415453515301,-0.053319698543407,-0.0154053098866387));
#4437=CARTESIAN_POINT('',(-0.0125870996774975,-0.0533892720936418,-0.0151624355159139));
#4438=CARTESIAN_POINT('',(-0.012332654003465,-0.0534571840989649,-0.0149190974327999));
#4439=CARTESIAN_POINT('',(-0.012332654003465,-0.0534571840989649,-0.0149190974328));
#4440=CARTESIAN_POINT('',(-0.0135,-0.0534571840989611,-0.0149190974328136));
#4441=CARTESIAN_POINT('',(-0.00266734599653497,-0.0534571840989611,-0.0149190974328136));
#4442=CARTESIAN_POINT('',(-0.00266734599653496,-0.0534571840989649,-0.0149190974327999));
#4443=CARTESIAN_POINT('',(-0.00241290032250243,-0.0533892720936418,-0.0151624355159139));
#4444=CARTESIAN_POINT('',(-0.00215845464846989,-0.053319698543407,-0.0154053098866387));
#4445=CARTESIAN_POINT('',(-0.00190400897443736,-0.0532484699353895,-0.0156476978990495));
#4446=CARTESIAN_POINT('',(-0.00190400897443737,-0.0532484699353896,-0.0156476978990493));
#4447=CARTESIAN_POINT('',(-0.00190400897447739,0.,0.));
#4448=CARTESIAN_POINT('',(-0.00190400897447739,-0.0156476978990493,-0.0532484699353896));
#4449=CARTESIAN_POINT('',(-0.00190400897443738,-0.0156476978990493,-0.0532484699353896));
#4450=CARTESIAN_POINT('',(-0.00215845464846991,-0.0154053098866385,-0.053319698543407));
#4451=CARTESIAN_POINT('',(-0.00241290032250245,-0.0151624355159137,-0.0533892720936418));
#4452=CARTESIAN_POINT('',(-0.00266734599653498,-0.0149190974327998,-0.0534571840989649));
#4453=CARTESIAN_POINT('',(-0.002667345996535,-0.0149190974328001,-0.0534571840989649));
#4454=CARTESIAN_POINT('',(-0.0135,-0.0149190974328136,-0.0534571840989611));
#4455=CARTESIAN_POINT('',(-0.00580078577778192,-0.0288713298008375,-0.0473993282181433));
#4456=CARTESIAN_POINT('',(-0.00636719051858092,-0.0291983320579887,-0.0472001483907756));
#4457=CARTESIAN_POINT('',(-0.00693359525937993,-0.0295232730641045,-0.0469975845194424));
#4458=CARTESIAN_POINT('',(-0.00750000000017893,-0.0298460832292772,-0.04679167998556));
#4459=CARTESIAN_POINT('',(-0.00580053278965945,-0.0288714376155247,-0.047399262549673));
#4460=CARTESIAN_POINT('',(-0.00750000000017894,-0.0298460832292772,-0.04679167998556));
#4461=CARTESIAN_POINT('',(-0.00750000000047044,-0.029846083228908,-0.0467916799857955));
#4462=CARTESIAN_POINT('',(-0.008066404741053,-0.0295232730638567,-0.0469975845195969));
#4463=CARTESIAN_POINT('',(-0.00863280948163557,-0.0291983320578641,-0.0472001483908515));
#4464=CARTESIAN_POINT('',(-0.00919921422221813,-0.0288713298008375,-0.0473993282181433));
#4465=CARTESIAN_POINT('',(-0.00919984598789601,-0.0288711551896827,-0.0473995804933359));
#4466=CARTESIAN_POINT('',(-0.0091996734393875,-0.0288715252369131,-0.0473992091758322));
#4467=CARTESIAN_POINT('',(-0.00946979347269407,-0.0284084527132761,-0.0476812731656154));
#4468=CARTESIAN_POINT('',(-0.00946897736666275,-0.0278300743633683,-0.0480211678738207));
#4469=CARTESIAN_POINT('',(-0.0091997499777311,-0.0273570198846556,-0.0482891650686834));
#4470=CARTESIAN_POINT('',(-0.00920005425573119,-0.0273575130731895,-0.048288909730303));
#4471=CARTESIAN_POINT('',(-0.00919921422107995,-0.0273572507733938,-0.0482890342637088));
#4472=CARTESIAN_POINT('',(-0.00863280948080277,-0.0270195354330624,-0.0484803605844013));
#4473=CARTESIAN_POINT('',(-0.00806640474052558,-0.0266798129237274,-0.048668143993448));
#4474=CARTESIAN_POINT('',(-0.0075000000002484,-0.0263381580128611,-0.0488523431627344));
#4475=CARTESIAN_POINT('',(-0.00750000000024842,-0.0263381580128614,-0.0488523431627342));
#4476=CARTESIAN_POINT('',(-0.00750000000067504,-0.0263381580123027,-0.0488523431630354));
#4477=CARTESIAN_POINT('',(-0.00693352791461223,-0.0266798534251896,-0.0486681221575729));
#4478=CARTESIAN_POINT('',(-0.00636705582854942,-0.0270196159783418,-0.0484803160624699));
#4479=CARTESIAN_POINT('',(-0.00580058374248661,-0.0273573708777449,-0.0482889662206338));
#4480=CARTESIAN_POINT('',(-0.00580046104183909,-0.0273572356182697,-0.0482890917991915));
#4481=CARTESIAN_POINT('',(-0.00580033834119154,-0.0273570583718295,-0.0482891432647165));
#4482=CARTESIAN_POINT('',(-0.00553085364519294,-0.0278316252532952,-0.0480202887562315));
#4483=CARTESIAN_POINT('',(-0.00553028984998403,-0.0284093268593448,-0.0476807409808848));
#4484=CARTESIAN_POINT('',(-0.00580027980153843,-0.0288715454278141,-0.0473991968772643));
#4485=CARTESIAN_POINT('',(-0.00666097696452513,-0.0207852627557052,-0.0514612044088903));
#4486=CARTESIAN_POINT('',(-0.00747306636790875,-0.0209461101403135,-0.0513955787418576));
#4487=CARTESIAN_POINT('',(-0.00828001146076217,-0.0208016549863913,-0.0514544944943541));
#4488=CARTESIAN_POINT('',(-0.00896903241338563,-0.020401594684637,-0.0516152081336016));
#4489=CARTESIAN_POINT('',(-0.00943627088530165,-0.0197743674361587,-0.0518595746994931));
#4490=CARTESIAN_POINT('',(-0.00961993453065656,-0.0190225486251252,-0.0521403714293233));
#4491=CARTESIAN_POINT('',(-0.00947150101006732,-0.018265160929813,-0.0524102144255267));
#4492=CARTESIAN_POINT('',(-0.00903026784605014,-0.0176068149804978,-0.052634263966532));
#4493=CARTESIAN_POINT('',(-0.00835160961362321,-0.0171652022120511,-0.0527791360152599));
#4494=CARTESIAN_POINT('',(-0.00754030401143373,-0.0169908565577986,-0.0528351774933818));
#4495=CARTESIAN_POINT('',(-0.00673058181774725,-0.0171319617447767,-0.0527898756897965));
#4496=CARTESIAN_POINT('',(-0.00603092147860465,-0.0175494232784797,-0.0526533281649297));
#4497=CARTESIAN_POINT('',(-0.00556337651316707,-0.0181869106112444,-0.0524373638464112));
#4498=CARTESIAN_POINT('',(-0.00537986236908253,-0.0189434844643911,-0.0521691512984457));
#4499=CARTESIAN_POINT('',(-0.00552936854644057,-0.0196976316787188,-0.0518888262996464));
#4500=CARTESIAN_POINT('',(-0.00597159932049942,-0.0203465931157295,-0.0516370229594497));
#4501=CARTESIAN_POINT('',(-0.00666097696452513,-0.0207852627557052,-0.0514612044088903));
#4502=CARTESIAN_POINT('',(-0.00747306636790875,-0.0209461101403135,-0.0513955787418576));
#4503=CARTESIAN_POINT('',(-0.00828001146076217,-0.0208016549863913,-0.0514544944943541));
#4504=CARTESIAN_POINT('',(-0.0075,-0.020895328353261,-0.0514162936529794));
#4505=CARTESIAN_POINT('',(-0.00666019367280851,-0.0527817865826055,-0.017157095181503));
#4506=CARTESIAN_POINT('',(-0.00747308321509773,-0.0528352914984235,-0.0169904982666376));
#4507=CARTESIAN_POINT('',(-0.00828058813189715,-0.0527873747142431,-0.0171396347551447));
#4508=CARTESIAN_POINT('',(-0.0089691259299836,-0.0526532711296888,-0.0175495741191023));
#4509=CARTESIAN_POINT('',(-0.00943659463696139,-0.0524377274034577,-0.0181858514901278));
#4510=CARTESIAN_POINT('',(-0.00961981091185938,-0.0521698348207137,-0.0189415905093628));
#4511=CARTESIAN_POINT('',(-0.00947183860770578,-0.0518896582151821,-0.0196954451697528));
#4512=CARTESIAN_POINT('',(-0.00902996842389113,-0.0516376169173791,-0.0203450893274654));
#4513=CARTESIAN_POINT('',(-0.0083531542671353,-0.0514645661221718,-0.0207769031626318));
#4514=CARTESIAN_POINT('',(-0.00754342137466358,-0.0513956676781443,-0.0209458948965669));
#4515=CARTESIAN_POINT('',(-0.00673055352782298,-0.0514515449350718,-0.02080897783276));
#4516=CARTESIAN_POINT('',(-0.00603105775932475,-0.0516153326677088,-0.0204012956909293));
#4517=CARTESIAN_POINT('',(-0.00556284058993254,-0.0518598874126637,-0.0197735445617768));
#4518=CARTESIAN_POINT('',(-0.00538024635270113,-0.0521406240650147,-0.0190218530938902));
#4519=CARTESIAN_POINT('',(-0.0055285327301227,-0.0524103702388355,-0.0182647109910933));
#4520=CARTESIAN_POINT('',(-0.00597045286369775,-0.0526344377383124,-0.0176063014405826));
#4521=CARTESIAN_POINT('',(-0.00666019367280851,-0.0527817865826055,-0.017157095181503));
#4522=CARTESIAN_POINT('',(-0.00747308321509773,-0.0528352914984235,-0.0169904982666376));
#4523=CARTESIAN_POINT('',(-0.00828058813189715,-0.0527873747142431,-0.0171396347551447));
#4524=CARTESIAN_POINT('',(-0.0075,-0.0528184242044465,-0.0170430063239778));
#4525=CARTESIAN_POINT('',(-0.0135,-0.0364870093890825,-0.0533778397949614));
#4526=CARTESIAN_POINT('',(-0.00278284271247464,-0.0390755703425296,-0.0507892788415144));
#4527=CARTESIAN_POINT('',(-0.0019,-0.0384513062738177,-0.0514135429102263));
#4528=CARTESIAN_POINT('',(-0.00266568542494926,-0.038992727630055,-0.050872121553989));
#4529=CARTESIAN_POINT('',(-0.0135,-0.038992727630055,-0.050872121553989));
#4530=CARTESIAN_POINT('',(-0.0123343145750508,-0.038992727630055,-0.050872121553989));
#4531=CARTESIAN_POINT('',(-0.0132171572875254,-0.038368463561343,-0.0514963856227009));
#4532=CARTESIAN_POINT('',(-0.0131,-0.0384513062738177,-0.0514135429102263));
#4533=CARTESIAN_POINT('',(-0.0131,-0.0364870093890825,-0.0533778397949614));
#4534=CARTESIAN_POINT('',(-0.0131,-0.0349951468189656,-0.0548697023650784));
#4535=CARTESIAN_POINT('',(-0.0075,-0.0349951468189656,-0.0548697023650784));
#4536=CARTESIAN_POINT('',(-0.0019,-0.0349951468189656,-0.0548697023650784));
#4537=CARTESIAN_POINT('',(-0.0019,-0.038568463561343,-0.0512963856227009));
#4538=CARTESIAN_POINT('',(-0.0075,-0.0349951468189656,-0.0548697023650784));
#4539=CARTESIAN_POINT('',(-0.00919713197074013,-0.0343911008464221,-0.0554737483376218));
#4540=CARTESIAN_POINT('',(-0.00919713197074011,-0.035599192791509,-0.0542656563925349));
#4541=CARTESIAN_POINT('',(-0.0116068696353523,-0.0344689256395952,-0.0553959235444487));
#4542=CARTESIAN_POINT('',(-0.0075,-0.036395218245715,-0.053469630938329));
#4543=CARTESIAN_POINT('',(-0.00589696468466157,-0.0356433280350533,-0.0542215211489907));
#4544=CARTESIAN_POINT('',(-0.00580286802925993,-0.035599192791509,-0.0542656563925349));
#4545=CARTESIAN_POINT('',(-0.0075,-0.0349951468189656,-0.0548697023650784));
#4546=CARTESIAN_POINT('',(-0.00580286802925991,-0.0343911008464221,-0.0554737483376218));
#4547=CARTESIAN_POINT('',(-0.00978272600065686,-0.0325243819913323,-0.0573404671927117));
#4548=CARTESIAN_POINT('',(-0.0075,-0.0335950753922162,-0.0562697737918277));
#4549=CARTESIAN_POINT('',(-0.00910303531533846,-0.0343469656028779,-0.055517883581166));
#4550=CARTESIAN_POINT('',(-0.0135,-1.15359111152458E-16,-3.50414142147315E-16));
#4551=CARTESIAN_POINT('',(-0.0060871236872315,-0.0172215026397864,-0.0569540640989061));
#4552=CARTESIAN_POINT('',(-0.00745462001717969,-0.0169366988324048,-0.0570384411150918));
#4553=CARTESIAN_POINT('',(-0.00881359367428776,-0.0171925392612754,-0.0569625871516239));
#4554=CARTESIAN_POINT('',(-0.00997369772502954,-0.0178970345001113,-0.0567472628282094));
#4555=CARTESIAN_POINT('',(-0.0107603118935465,-0.0189905254037533,-0.0563929695243514));
#4556=CARTESIAN_POINT('',(-0.0110695573628379,-0.020284257159108,-0.0559415479138302));
#4557=CARTESIAN_POINT('',(-0.0108195053556272,-0.0215690885032414,-0.0554580726792003));
#4558=CARTESIAN_POINT('',(-0.0100766109147377,-0.0226707717088804,-0.0550147574765454));
#4559=CARTESIAN_POINT('',(-0.00893403270297256,-0.023402013575942,-0.0547054602877542));
#4560=CARTESIAN_POINT('',(-0.00756776661829986,-0.0236892253903288,-0.0545807343292457));
#4561=CARTESIAN_POINT('',(-0.00620431096754604,-0.0234568402319693,-0.0546818064341438));
#4562=CARTESIAN_POINT('',(-0.00502632770320171,-0.0227660833187895,-0.0549751077270813));
#4563=CARTESIAN_POINT('',(-0.00423918475720318,-0.0217006739744899,-0.0554065628745937));
#4564=CARTESIAN_POINT('',(-0.00393009288495801,-0.02041907445514,-0.0558924871804241));
#4565=CARTESIAN_POINT('',(-0.00418192398225497,-0.0191231606255849,-0.0563482825316248));
#4566=CARTESIAN_POINT('',(-0.00492656336721743,-0.0179933067358331,-0.0567170979632959));
#4567=CARTESIAN_POINT('',(-0.0060871236872315,-0.0172215026397864,-0.0569540640989061));
#4568=CARTESIAN_POINT('',(-0.00745462001717969,-0.0169366988324048,-0.0570384411150918));
#4569=CARTESIAN_POINT('',(-0.00881359367428776,-0.0171925392612754,-0.0569625871516239));
#4570=CARTESIAN_POINT('',(-0.0075,-0.0170266267446868,-0.0570117880941926));
#4571=CARTESIAN_POINT('',(-0.0026656854249381,-0.0159680551426059,-0.0573172854814561));
#4572=CARTESIAN_POINT('',(-0.00241045694994795,-0.0162156082613532,-0.05724831951739));
#4573=CARTESIAN_POINT('',(-0.00215522847495779,-0.0164627145781635,-0.0571777497595767));
#4574=CARTESIAN_POINT('',(-0.00189999999996764,-0.0167093533510191,-0.0571055821316168));
#4575=CARTESIAN_POINT('',(-0.00266568542493813,-0.0159680551426164,-0.0573172854814528));
#4576=CARTESIAN_POINT('',(-0.00189999999996765,-0.0167093533510191,-0.0571055821316164));
#4577=CARTESIAN_POINT('',(-0.0019,-1.15359111152458E-16,-3.50414142147315E-16));
#4578=CARTESIAN_POINT('',(-0.00190038109470364,-0.027105310718893,-0.0529675190865759));
#4579=CARTESIAN_POINT('',(-0.00189999866938819,-0.027105016999684,-0.0529676132504277));
#4580=CARTESIAN_POINT('',(-0.00223563540921655,-0.0267296033656123,-0.0531597229625515));
#4581=CARTESIAN_POINT('',(-0.00297985758268577,-0.0260560852896105,-0.0534945523678625));
#4582=CARTESIAN_POINT('',(-0.00435827989757481,-0.025257672622077,-0.0538746254672274));
#4583=CARTESIAN_POINT('',(-0.00588867019473617,-0.024750258641117,-0.0541083462226414));
#4584=CARTESIAN_POINT('',(-0.00695242849829615,-0.0246409218991548,-0.0541578707851356));
#4585=CARTESIAN_POINT('',(-0.0075,-0.0246410494904953,-0.0541578127328552));
#4586=CARTESIAN_POINT('',(-0.0075,-0.0246410494904951,-0.0541578127328548));
#4587=CARTESIAN_POINT('',(-0.0075,-0.0246410494904953,-0.0541578127328551));
#4588=CARTESIAN_POINT('',(-0.00857447569274999,-0.0246394428323252,-0.0541585437399155));
#4589=CARTESIAN_POINT('',(-0.0107573550251363,-0.0251270464796019,-0.0539399184367347));
#4590=CARTESIAN_POINT('',(-0.012429973598689,-0.0263567134440427,-0.0533505397834992));
#4591=CARTESIAN_POINT('',(-0.0131000009460258,-0.0271049364140151,-0.052967654488303));
#4592=CARTESIAN_POINT('',(-0.0130996854881289,-0.0271051578157802,-0.0529675351117374));
#4593=CARTESIAN_POINT('',(-0.0131,-1.15359111152458E-16,-3.50414142147315E-16));
#4594=CARTESIAN_POINT('',(-0.0131,-0.016709353351019,-0.0571055821316164));
#4595=CARTESIAN_POINT('',(-0.0131000000000323,-0.0167093533510191,-0.0571055821316168));
#4596=CARTESIAN_POINT('',(-0.0128447715250422,-0.0164627145781635,-0.0571777497595767));
#4597=CARTESIAN_POINT('',(-0.012589543050052,-0.0162156082613532,-0.05724831951739));
#4598=CARTESIAN_POINT('',(-0.0123343145750619,-0.0159680551426059,-0.0573172854814561));
#4599=CARTESIAN_POINT('',(-0.0123343145750619,-0.0159680551426057,-0.0573172854814558));
#4600=CARTESIAN_POINT('',(-0.0135,-0.0159680551426164,-0.0573172854814529));
#4601=CARTESIAN_POINT('',(-0.0075,-0.0251384805344366,-0.0690674076277643));
#4602=CARTESIAN_POINT('',(-0.0075,-0.0195293501838956,-0.0536564486468754));
#4603=CARTESIAN_POINT('',(-0.0075,-0.0179788573595989,-0.0542207818833628));
#4604=CARTESIAN_POINT('',(-0.0079719559375864,-0.020623847240196,-0.0519578752087873));
#4605=CARTESIAN_POINT('',(-0.00751544659545115,-0.020682228809336,-0.0519320785489152));
#4606=CARTESIAN_POINT('',(-0.00699889188164379,-0.0206246104737873,-0.0519574579517866));
#4607=CARTESIAN_POINT('',(-0.00634506270153129,-0.0203072683408139,-0.0520882557984109));
#4608=CARTESIAN_POINT('',(-0.0059107748843093,-0.0196851406130298,-0.0523333042124421));
#4609=CARTESIAN_POINT('',(-0.00582965829155814,-0.0191655543989643,-0.0525277336010466));
#4610=CARTESIAN_POINT('',(-0.0058755356523886,-0.0186881219816575,-0.0526980854814968));
#4611=CARTESIAN_POINT('',(-0.00621829641131308,-0.0180422064333609,-0.0529175773017912));
#4612=CARTESIAN_POINT('',(-0.00689987198953121,-0.0176185929012323,-0.0530527101778268));
#4613=CARTESIAN_POINT('',(-0.00745381079072833,-0.0175405940741466,-0.0530757761781263));
#4614=CARTESIAN_POINT('',(-0.00796260417884761,-0.0175843277255881,-0.0530632813249976));
#4615=CARTESIAN_POINT('',(-0.00864616181773761,-0.0179129091998283,-0.0529593419795603));
#4616=CARTESIAN_POINT('',(-0.00908909540414097,-0.0185590984422727,-0.052743151015049));
#4617=CARTESIAN_POINT('',(-0.00917074211942985,-0.0190817694139891,-0.0525582780728813));
#4618=CARTESIAN_POINT('',(-0.00912295449617258,-0.0195601259696898,-0.0523805131694372));
#4619=CARTESIAN_POINT('',(-0.00883982810580883,-0.0200874895258901,-0.0521761067619872));
#4620=CARTESIAN_POINT('',(-0.00841546973044932,-0.0204231499702374,-0.0520400188779544));
#4621=CARTESIAN_POINT('',(-0.0079719559375864,-0.020623847240196,-0.0519578752087873));
#4622=CARTESIAN_POINT('',(-0.00751544659545115,-0.020682228809336,-0.0519320785489152));
#4623=CARTESIAN_POINT('',(-0.00699889188164379,-0.0206246104737873,-0.0519574579517866));
#4624=CARTESIAN_POINT('',(-0.0075,-0.020661028243933,-0.051941431302651));
#4625=CARTESIAN_POINT('',(-0.0075,-0.0690674076277643,-0.0251384805344367));
#4626=CARTESIAN_POINT('',(-0.0075,-0.0536564486468754,-0.0195293501838957));
#4627=CARTESIAN_POINT('',(-0.0075,-0.053092115410388,-0.0210798430081924));
#4628=CARTESIAN_POINT('',(-0.00797211871087881,-0.0530587768629918,-0.0175991299090134));
#4629=CARTESIAN_POINT('',(-0.00751555093351841,-0.0530765650930624,-0.0175377746640064));
#4630=CARTESIAN_POINT('',(-0.0069983838485392,-0.0530589681318943,-0.017598261153697));
#4631=CARTESIAN_POINT('',(-0.00634397095120647,-0.0529548750729349,-0.0179263473025436));
#4632=CARTESIAN_POINT('',(-0.00591073794197428,-0.0527428175399751,-0.0185600504930232));
#4633=CARTESIAN_POINT('',(-0.00582968708449924,-0.0525580462441647,-0.0190822747505408));
#4634=CARTESIAN_POINT('',(-0.00587548018701015,-0.0523816573753784,-0.0195574710706808));
#4635=CARTESIAN_POINT('',(-0.00621798005294238,-0.0521346072201306,-0.0201934145035187));
#4636=CARTESIAN_POINT('',(-0.00690062665741403,-0.0519655412403015,-0.0206055511866882));
#4637=CARTESIAN_POINT('',(-0.00745624133866713,-0.0519332918676449,-0.0206795411069229));
#4638=CARTESIAN_POINT('',(-0.00796230202867858,-0.0519518625087054,-0.0206379390204726));
#4639=CARTESIAN_POINT('',(-0.00864620632430159,-0.0520833788761713,-0.0203196125893799));
#4640=CARTESIAN_POINT('',(-0.00908937374724047,-0.0523332849266563,-0.0196851757761195));
#4641=CARTESIAN_POINT('',(-0.00917078769245536,-0.0525280056757532,-0.0191649379762373));
#4642=CARTESIAN_POINT('',(-0.00912270121498814,-0.0526989164702465,-0.0186853400575164));
#4643=CARTESIAN_POINT('',(-0.00883998715259957,-0.0528811349801349,-0.0181504701534454));
#4644=CARTESIAN_POINT('',(-0.00841569275769035,-0.0529926680039771,-0.0178057683517367));
#4645=CARTESIAN_POINT('',(-0.00797211871087881,-0.0530587768629918,-0.0175991299090134));
#4646=CARTESIAN_POINT('',(-0.00751555093351841,-0.0530765650930624,-0.0175377746640064));
#4647=CARTESIAN_POINT('',(-0.0069983838485392,-0.0530589681318943,-0.017598261153697));
#4648=CARTESIAN_POINT('',(-0.0075,-0.0530700977756257,-0.0175600425953395));
#4649=CARTESIAN_POINT('',(-0.0135,-3.67761376907083E-16,-1.56125112837912E-16));
#4650=CARTESIAN_POINT('',(-0.00608585270383608,-0.0546997422952848,-0.023415472175731));
#4651=CARTESIAN_POINT('',(-0.00745465229155762,-0.054580484005597,-0.0236897939300399));
#4652=CARTESIAN_POINT('',(-0.00881451157306301,-0.0546872232244851,-0.0234441418433769));
#4653=CARTESIAN_POINT('',(-0.00997377218217204,-0.0549752141190237,-0.0227657803446121));
#4654=CARTESIAN_POINT('',(-0.0107608112512537,-0.0554058421501094,-0.0217024858712669));
#4655=CARTESIAN_POINT('',(-0.0110693555369526,-0.0558912696855023,-0.0204223756202917));
#4656=CARTESIAN_POINT('',(-0.0108200887622287,-0.056346990184214,-0.0191269856091249));
#4657=CARTESIAN_POINT('',(-0.0100760544210613,-0.0567162819823837,-0.0179958913760851));
#4658=CARTESIAN_POINT('',(-0.00893658792085709,-0.056949578935994,-0.0172362063869363));
#4659=CARTESIAN_POINT('',(-0.00757303079159687,-0.0570383262177846,-0.0169370966131079));
#4660=CARTESIAN_POINT('',(-0.00620423419212161,-0.0569665367006624,-0.0171795474127921));
#4661=CARTESIAN_POINT('',(-0.00502660247664453,-0.0567471570064103,-0.0178974235023055));
#4662=CARTESIAN_POINT('',(-0.00423829155566618,-0.0563925137991192,-0.0189918727257025));
#4663=CARTESIAN_POINT('',(-0.00393072953809649,-0.0559411017592005,-0.0202854821580475));
#4664=CARTESIAN_POINT('',(-0.00418053701017367,-0.055457733372872,-0.0215699532280439));
#4665=CARTESIAN_POINT('',(-0.00492466038863799,-0.0550144014294264,-0.0226716484163568));
#4666=CARTESIAN_POINT('',(-0.00608585270383608,-0.0546997422952848,-0.023415472175731));
#4667=CARTESIAN_POINT('',(-0.00745465229155762,-0.054580484005597,-0.0236897939300399));
#4668=CARTESIAN_POINT('',(-0.00881451157306301,-0.0546872232244851,-0.0234441418433769));
#4669=CARTESIAN_POINT('',(-0.0075,-0.0546180681680751,-0.0236033181901932));
#4670=CARTESIAN_POINT('',(-0.0135,-0.0542110222037631,-0.024523765445443));
#4671=CARTESIAN_POINT('',(-0.0131,-0.0542110222037631,-0.024523765445443));
#4672=CARTESIAN_POINT('',(-0.0019,-0.0542110222037631,-0.024523765445443));
#4673=CARTESIAN_POINT('',(-0.0019,-3.67761376907083E-16,-1.56125112837912E-16));
#4674=CARTESIAN_POINT('',(-0.00189999999996765,-0.0571055821316165,-0.016709353351019));
#4675=CARTESIAN_POINT('',(-0.00189999999996764,-0.0571055821316168,-0.0167093533510193));
#4676=CARTESIAN_POINT('',(-0.00215522847495779,-0.0571777497595767,-0.0164627145781635));
#4677=CARTESIAN_POINT('',(-0.00241045694994795,-0.0572483195173901,-0.0162156082613531));
#4678=CARTESIAN_POINT('',(-0.0026656854249381,-0.0573172854814562,-0.0159680551426056));
#4679=CARTESIAN_POINT('',(-0.00266568542493813,-0.0573172854814528,-0.0159680551426164));
#4680=CARTESIAN_POINT('',(-0.0135,-0.0573172854814528,-0.0159680551426164));
#4681=CARTESIAN_POINT('',(-0.0123343145750619,-0.0573172854814558,-0.0159680551426057));
#4682=CARTESIAN_POINT('',(-0.0123343145750619,-0.0573172854814562,-0.0159680551426056));
#4683=CARTESIAN_POINT('',(-0.012589543050052,-0.0572483195173901,-0.0162156082613531));
#4684=CARTESIAN_POINT('',(-0.0128447715250422,-0.0571777497595767,-0.0164627145781635));
#4685=CARTESIAN_POINT('',(-0.0131000000000324,-0.0571055821316168,-0.0167093533510193));
#4686=CARTESIAN_POINT('',(-0.0131,-0.0571055821316164,-0.0167093533510191));
#4687=CARTESIAN_POINT('',(-0.0131,-3.67761376907083E-16,-1.56125112837912E-16));
#4688=CARTESIAN_POINT('',(-0.0135,3.6429192995513E-16,2.58473797920545E-16));
#4689=CARTESIAN_POINT('',(-0.0112595784544872,-0.0549188189660579,-0.0356997466880103));
#4690=CARTESIAN_POINT('',(-0.00999973013940439,-0.0546245557659503,-0.0361435097652686));
#4691=CARTESIAN_POINT('',(-0.00874150098789526,-0.0549185740701751,-0.0357001089701874));
#4692=CARTESIAN_POINT('',(-0.00822940315071438,-0.0555969938408665,-0.034639131553833));
#4693=CARTESIAN_POINT('',(-0.0087408872562394,-0.0562514219760707,-0.0335607839810074));
#4694=CARTESIAN_POINT('',(-0.00999966338206688,-0.0565195269597095,-0.0331019309089308));
#4695=CARTESIAN_POINT('',(-0.0112568116364855,-0.0562523505943294,-0.0335592104039551));
#4696=CARTESIAN_POINT('',(-0.0117709017047123,-0.0555982662393127,-0.0346371022792217));
#4697=CARTESIAN_POINT('',(-0.0112595784544872,-0.0549188189660579,-0.0356997466880103));
#4698=CARTESIAN_POINT('',(-0.00999973013940439,-0.0546245557659503,-0.0361435097652686));
#4699=CARTESIAN_POINT('',(-0.00874150098789526,-0.0549185740701751,-0.0357001089701874));
#4700=CARTESIAN_POINT('',(-0.01,-0.054722602683339,-0.0359956491198786));
#4701=CARTESIAN_POINT('',(-0.0261534329997256,3.6429192995513E-16,2.58473797920545E-16));
#4702=CARTESIAN_POINT('',(-0.0065,-0.0580784777813935,-0.0302843262859906));
#4703=CARTESIAN_POINT('',(-0.00637924157911077,-0.0581369173602166,-0.0301719876682222));
#4704=CARTESIAN_POINT('',(-0.0135,-0.0581369173602166,-0.0301719876682222));
#4705=CARTESIAN_POINT('',(-0.0131,-0.0581369173602166,-0.0301719876682222));
#4706=CARTESIAN_POINT('',(-0.0131,3.6429192995513E-16,2.58473797920545E-16));
#4707=CARTESIAN_POINT('',(-0.0131000000001302,-0.0523750827680008,-0.0393332010526104));
#4708=CARTESIAN_POINT('',(-0.0131000000001302,-0.0523750827680005,-0.03933320105261));
#4709=CARTESIAN_POINT('',(-0.01282663011013,-0.0522083979712839,-0.0395551542572963));
#4710=CARTESIAN_POINT('',(-0.0125532602201298,-0.0520403022779125,-0.0397760478915385));
#4711=CARTESIAN_POINT('',(-0.0122798903301296,-0.0518708092720205,-0.0399958641044998));
#4712=CARTESIAN_POINT('',(-0.0122798903300442,-0.0518708092720724,-0.0399958641044333));
#4713=CARTESIAN_POINT('',(-0.0135,-0.0518708092720724,-0.0399958641044333));
#4714=CARTESIAN_POINT('',(-0.00272010966987036,-0.051870809272021,-0.0399958641044999));
#4715=CARTESIAN_POINT('',(-0.00272010966987034,-0.0518708092720205,-0.0399958641044998));
#4716=CARTESIAN_POINT('',(-0.00244673977987019,-0.0520403022779125,-0.0397760478915385));
#4717=CARTESIAN_POINT('',(-0.00217336988987003,-0.0522083979712839,-0.0395551542572963));
#4718=CARTESIAN_POINT('',(-0.00189999999986988,-0.0523750827680005,-0.03933320105261));
#4719=CARTESIAN_POINT('',(-0.00189999999986989,-0.0523750827680008,-0.0393332010526104));
#4720=CARTESIAN_POINT('',(-0.0019,3.6429192995513E-16,2.58473797920545E-16));
#4721=CARTESIAN_POINT('',(-0.0019,-0.0557201216803449,-0.0344313525718591));
#4722=CARTESIAN_POINT('',(-0.0065,-0.0557201216803449,-0.0344313525718591));
#4723=CARTESIAN_POINT('',(-0.0025,-0.0557201216803449,-0.0344313525718591));
#4724=CARTESIAN_POINT('',(-0.0025,-0.0557201216803449,-0.0344313525718591));
#4725=CARTESIAN_POINT('',(-0.00357635864376032,-0.0557201216803449,-0.0344313525718591));
#4726=CARTESIAN_POINT('',(-0.00567383465932693,-0.0562193785757679,-0.033639060272662));
#4727=CARTESIAN_POINT('',(-0.00649999999999993,-0.0572791269970524,-0.0317884876457926));
#4728=CARTESIAN_POINT('',(-0.0065,-0.0577854322905314,-0.0308398089325537));
#4729=CARTESIAN_POINT('',(-0.0065,-0.0577854322905324,-0.0308398089325542));
#4730=CARTESIAN_POINT('',(-0.0065,8.96505092384814E-15,1.11195774810113E-14));
#4731=CARTESIAN_POINT('',(-0.0135,-0.0506674866718615,-0.0393537781728768));
#4732=CARTESIAN_POINT('',(-0.0135,-0.0513427509149907,-0.0400290424160059));
#4733=CARTESIAN_POINT('',(-0.0029,-0.0513427509149907,-0.0400290424160059));
#4734=CARTESIAN_POINT('',(-0.0121,-0.0513427509149907,-0.0400290424160059));
#4735=CARTESIAN_POINT('',(-0.0121,-0.0506674866718615,-0.0393537781728768));
#4736=CARTESIAN_POINT('',(-0.0121,-0.0497093797162576,-0.0383956712172729));
#4737=CARTESIAN_POINT('',(-0.0135,-0.0497093797162576,-0.0383956712172729));
#4738=CARTESIAN_POINT('',(-0.0029,-0.0497093797162576,-0.0383956712172729));
#4739=CARTESIAN_POINT('',(-0.0029,-0.0506674866718615,-0.0393537781728768));
#4740=CARTESIAN_POINT('',(-0.0135,-0.047588059372698,-0.0405169915608325));
#4741=CARTESIAN_POINT('',(-0.0121,-0.047588059372698,-0.0405169915608325));
#4742=CARTESIAN_POINT('',(-0.0121,-0.0454667390291383,-0.0426383119043922));
#4743=CARTESIAN_POINT('',(-0.0135,-0.0454667390291383,-0.0426383119043922));
#4744=CARTESIAN_POINT('',(-0.0029,-0.0454667390291383,-0.0426383119043922));
#4745=CARTESIAN_POINT('',(-0.0029,-0.047588059372698,-0.0405169915608325));
#4746=CARTESIAN_POINT('',(-0.0135,-0.0465874253387722,-0.043758998214026));
#4747=CARTESIAN_POINT('',(-0.0121,-0.047708111648406,-0.0448796845236599));
#4748=CARTESIAN_POINT('',(-0.0121,-0.0474252689359314,-0.0445968418111852));
#4749=CARTESIAN_POINT('',(-0.0025,-0.0474252689359314,-0.0445968418111852));
#4750=CARTESIAN_POINT('',(-0.0029,-0.0474252689359314,-0.0445968418111852));
#4751=CARTESIAN_POINT('',(-0.0029,-0.0454667390291383,-0.0426383119043922));
#4752=CARTESIAN_POINT('',(-0.0135,3.06352165857504E-15,3.01841884819965E-15));
#4753=CARTESIAN_POINT('',(-0.0130947089429641,3.06352165857504E-15,3.01841884819965E-15));
#4754=CARTESIAN_POINT('',(-0.0130947089429553,-0.0469037784908524,-0.0457196408918645));
#4755=CARTESIAN_POINT('',(-0.0130947089429641,-0.0457196408918645,-0.0469037784908525));
#4756=CARTESIAN_POINT('',(-0.0130947089429553,-0.0457196408918643,-0.0469037784908527));
#4757=CARTESIAN_POINT('',(-0.0128420049164409,-0.0455375215739645,-0.0470813000057872));
#4758=CARTESIAN_POINT('',(-0.0125893008899265,-0.0453543683160902,-0.0472577608016149));
#4759=CARTESIAN_POINT('',(-0.012336596863412,-0.0451701935437649,-0.0474331489068439));
#4760=CARTESIAN_POINT('',(-0.0123365968634241,-0.045170193543756,-0.0474331489068523));
#4761=CARTESIAN_POINT('',(-0.0135,-0.045170193543756,-0.0474331489068523));
#4762=CARTESIAN_POINT('',(-0.002663403136588,-0.0451701935437647,-0.047433148906844));
#4763=CARTESIAN_POINT('',(-0.002663403136588,-0.0451701935437649,-0.0474331489068439));
#4764=CARTESIAN_POINT('',(-0.00241069911007357,-0.0453543683160902,-0.0472577608016149));
#4765=CARTESIAN_POINT('',(-0.00215799508355913,-0.0455375215739645,-0.0470813000057872));
#4766=CARTESIAN_POINT('',(-0.0019052910570447,-0.0457196408918643,-0.0469037784908527));
#4767=CARTESIAN_POINT('',(-0.00190529105704471,-0.0457196408918645,-0.0469037784908525));
#4768=CARTESIAN_POINT('',(-0.00190529105703591,3.06352165857504E-15,3.01841884819965E-15));
#4769=CARTESIAN_POINT('',(-0.00190529105703591,-0.0469037784908524,-0.0457196408918645));
#4770=CARTESIAN_POINT('',(-0.00190529105704468,-0.0469037784908525,-0.0457196408918645));
#4771=CARTESIAN_POINT('',(-0.0021579950835591,-0.0470813000057871,-0.0455375215739646));
#4772=CARTESIAN_POINT('',(-0.00241069911007352,-0.047257760801615,-0.0453543683160901));
#4773=CARTESIAN_POINT('',(-0.00266340313658794,-0.0474331489068441,-0.0451701935437646));
#4774=CARTESIAN_POINT('',(-0.00266340313658794,-0.047433148906844,-0.0451701935437648));
#4775=CARTESIAN_POINT('',(-0.0135,-0.0474331489068523,-0.0451701935437561));
#4776=CARTESIAN_POINT('',(-0.0123365968634242,-0.0474331489068523,-0.0451701935437561));
#4777=CARTESIAN_POINT('',(-0.012336596863412,-0.0474331489068441,-0.0451701935437646));
#4778=CARTESIAN_POINT('',(-0.0125893008899265,-0.047257760801615,-0.0453543683160901));
#4779=CARTESIAN_POINT('',(-0.0128420049164409,-0.0470813000057871,-0.0455375215739646));
#4780=CARTESIAN_POINT('',(-0.0130947089429553,-0.0469037784908525,-0.0457196408918645));
#4781=CARTESIAN_POINT('',(-0.0135,-0.043758998214026,-0.0465874253387722));
#4782=CARTESIAN_POINT('',(-0.0135,-0.0445968418111852,-0.0474252689359314));
#4783=CARTESIAN_POINT('',(-0.0029,-0.0445968418111852,-0.0474252689359314));
#4784=CARTESIAN_POINT('',(-0.0121,-0.0445968418111852,-0.0474252689359314));
#4785=CARTESIAN_POINT('',(-0.0121,-0.043758998214026,-0.0465874253387722));
#4786=CARTESIAN_POINT('',(-0.0121,-0.0426383119043922,-0.0454667390291384));
#4787=CARTESIAN_POINT('',(-0.0135,-0.0426383119043922,-0.0454667390291384));
#4788=CARTESIAN_POINT('',(-0.0029,-0.0426383119043922,-0.0454667390291384));
#4789=CARTESIAN_POINT('',(-0.0029,-0.043758998214026,-0.0465874253387722));
#4790=CARTESIAN_POINT('',(-0.0135,-0.0405169915608325,-0.047588059372698));
#4791=CARTESIAN_POINT('',(-0.0121,-0.0405169915608325,-0.047588059372698));
#4792=CARTESIAN_POINT('',(-0.0121,-0.0383956712172729,-0.0497093797162576));
#4793=CARTESIAN_POINT('',(-0.0135,-0.0383956712172729,-0.0497093797162576));
#4794=CARTESIAN_POINT('',(-0.0029,-0.0383956712172729,-0.0497093797162576));
#4795=CARTESIAN_POINT('',(-0.0029,-0.0405169915608325,-0.047588059372698));
#4796=CARTESIAN_POINT('',(-0.0135,-0.0388356207799012,-0.050149329278886));
#4797=CARTESIAN_POINT('',(-0.0121,-0.0392755703425295,-0.0505892788415144));
#4798=CARTESIAN_POINT('',(-0.0121,-0.038992727630055,-0.0503064361290397));
#4799=CARTESIAN_POINT('',(-0.0135,-0.038992727630055,-0.0503064361290397));
#4800=CARTESIAN_POINT('',(-0.0029,-0.038992727630055,-0.0503064361290397));
#4801=CARTESIAN_POINT('',(-0.0029,-0.0383956712172729,-0.0497093797162576));
#4802=CARTESIAN_POINT('',(-0.0135,-0.00778987757634386,-0.0287120237417284));
#4803=CARTESIAN_POINT('',(-0.0025,-0.0155797551526877,-0.0574240474834568));
#4804=CARTESIAN_POINT('',(-0.00250040581342982,-0.0146375011505034,-0.0539520949216009));
#4805=CARTESIAN_POINT('',(-0.0024996231415407,-0.0154750544042222,-0.0570371959285229));
#4806=CARTESIAN_POINT('',(-0.0125,-0.0154746628560545,-0.0570366970422679));
#4807=CARTESIAN_POINT('',(-0.0125003768584593,-0.0154750544042222,-0.057037195928523));
#4808=CARTESIAN_POINT('',(-0.0125,-0.00778987757634386,-0.0287120237417284));
#4809=CARTESIAN_POINT('',(-0.0124995941865702,-0.0146375011505034,-0.0539520949216009));
#4810=CARTESIAN_POINT('',(-0.0135,-0.014637592753844,-0.0539514140692536));
#4811=CARTESIAN_POINT('',(-0.0135,-0.0287120237417284,-0.00778987757634387));
#4812=CARTESIAN_POINT('',(-0.0025,-0.0287120237417284,-0.00778987757634387));
#4813=CARTESIAN_POINT('',(-0.00249962314154071,-0.057037195928523,-0.0154750544042222));
#4814=CARTESIAN_POINT('',(-0.0025,-0.0539517663116313,-0.0146376883209495));
#4815=CARTESIAN_POINT('',(-0.0125,-0.0539514140692536,-0.014637592753844));
#4816=CARTESIAN_POINT('',(-0.0125,-0.053952118554009,-0.0146377838880549));
#4817=CARTESIAN_POINT('',(-0.0125,-0.0574240474834568,-0.0155797551526877));
#4818=CARTESIAN_POINT('',(-0.0125003768584593,-0.0570371959285229,-0.0154750544042222));
#4819=CARTESIAN_POINT('',(-0.0135,-0.0570366970422679,-0.0154746628560545));
#4820=CARTESIAN_POINT('',(-0.0135,-0.0560312863970954,-0.0276714494767441));
#4821=CARTESIAN_POINT('',(-0.0135,-0.0544983230295283,-0.026138486109177));
#4822=CARTESIAN_POINT('',(-0.0019,-0.0544983230295283,-0.026138486109177));
#4823=CARTESIAN_POINT('',(-0.0131,-0.0544983230295283,-0.026138486109177));
#4824=CARTESIAN_POINT('',(-0.0131,-0.0582713565458491,-0.0299115196254977));
#4825=CARTESIAN_POINT('',(-0.0131,-0.0580647254628578,-0.0297048885425065));
#4826=CARTESIAN_POINT('',(-0.0135,-0.0580647254628578,-0.0297048885425065));
#4827=CARTESIAN_POINT('',(-0.0061,-0.0580647254628578,-0.0297048885425065));
#4828=CARTESIAN_POINT('',(-0.0061,-0.0612336633957573,-0.032873826475406));
#4829=CARTESIAN_POINT('',(-0.0061,-0.0609508206832826,-0.0325909837629313));
#4830=CARTESIAN_POINT('',(-0.0135,-0.0609508206832826,-0.0325909837629313));
#4831=CARTESIAN_POINT('',(-0.0019,-0.0609508206832826,-0.0325909837629313));
#4832=CARTESIAN_POINT('',(-0.0019,-0.0560312863970954,-0.0276714494767441));
#4833=CARTESIAN_POINT('',(-0.0135,0.,-0.00432928444036591));
#4834=CARTESIAN_POINT('',(-0.0135,-0.0455867913048463,-0.0470010048672195));
#4835=CARTESIAN_POINT('',(-0.0135,-0.0433454186855787,-0.0447596322479518));
#4836=CARTESIAN_POINT('',(-0.0134986027407361,-0.0453167582929981,-0.0467339378202179));
#4837=CARTESIAN_POINT('',(-0.0135,3.06352165857504E-15,3.01841884819965E-15));
#4838=CARTESIAN_POINT('',(-0.0134986027407361,-0.0467339378202179,-0.0453167582929981));
#4839=CARTESIAN_POINT('',(-0.0135,-0.00287174900136949,-0.00145753543899642));
#4840=CARTESIAN_POINT('',(-0.0135,-0.0447596322479518,-0.0433454186855787));
#4841=CARTESIAN_POINT('',(-0.0135,-0.047588059372698,-0.0405169915608325));
#4842=CARTESIAN_POINT('',(-0.0135,-0.0504164864974442,-0.0376885644360863));
#4843=CARTESIAN_POINT('',(-0.0135,-0.0523327004086519,-0.039604778347294));
#4844=CARTESIAN_POINT('',(-0.0135,-0.0519262197068651,-0.0391982976455072));
#4845=CARTESIAN_POINT('',(-0.0135,-0.0519262197069114,-0.0391982976454609));
#4846=CARTESIAN_POINT('',(-0.0135,-0.0519471253493369,-0.0391925730533433));
#4847=CARTESIAN_POINT('',(-0.0135,-0.0519680309917624,-0.0391868484612258));
#4848=CARTESIAN_POINT('',(-0.0135,-0.0519889366341879,-0.0391811238691083));
#4849=CARTESIAN_POINT('',(-0.0135,-0.0519889366341879,-0.0391811238691083));
#4850=CARTESIAN_POINT('',(-0.0135,3.6429192995513E-16,2.58473797920545E-16));
#4851=CARTESIAN_POINT('',(-0.0135,-0.0577818827503832,-0.0299877312549812));
#4852=CARTESIAN_POINT('',(-0.0135,-0.0542154803170537,-0.0264213288216516));
#4853=CARTESIAN_POINT('',(-0.0135,-0.0541265413505069,-0.0263323898551049));
#4854=CARTESIAN_POINT('',(-0.0135,-0.0486708118319257,0.00433051953937488));
#4855=CARTESIAN_POINT('',(-0.0135,-0.0537954569687836,-0.0244715918877328));
#4856=CARTESIAN_POINT('',(-0.0135,-3.67761376907083E-16,-1.56125112837912E-16));
#4857=CARTESIAN_POINT('',(-0.0135019761822337,-0.0567625964130711,-0.0164396234459933));
#4858=CARTESIAN_POINT('',(-0.0135,-0.0533017626920868,-0.0154974866967668));
#4859=CARTESIAN_POINT('',(-0.0135,-0.0536795269596028,-0.0155999781624725));
#4860=CARTESIAN_POINT('',(-0.0135,0.,0.));
#4861=CARTESIAN_POINT('',(-0.0134978446531072,-0.0155963210728281,-0.0536783490625248));
#4862=CARTESIAN_POINT('',(-0.0135,-0.00205915864827166,-0.0037706127868247));
#4863=CARTESIAN_POINT('',(-0.0135019761822337,-0.0164396234459932,-0.0567625964130712));
#4864=CARTESIAN_POINT('',(-0.0135,-1.15359111152458E-16,-3.50414142147315E-16));
#4865=CARTESIAN_POINT('',(-0.0134994300330284,-0.0271319494292718,-0.0525038597423032));
#4866=CARTESIAN_POINT('',(-0.0135,-0.0271311486284607,-0.0525028758371534));
#4867=CARTESIAN_POINT('',(-0.0135,-0.0276046525293742,-0.052494731932553));
#4868=CARTESIAN_POINT('',(-0.0135,-0.028258894957011,-0.0524657289805311));
#4869=CARTESIAN_POINT('',(-0.0135,-0.0289098207054816,-0.0524050634996535));
#4870=CARTESIAN_POINT('',(-0.0135,-0.0292660575003744,-0.0523598193519253));
#4871=CARTESIAN_POINT('',(-0.0135,-0.0294803262759621,-0.0523286074024817));
#4872=CARTESIAN_POINT('',(-0.0135,-0.0298259752740401,-0.0522673474479717));
#4873=CARTESIAN_POINT('',(-0.0135,-0.0302235819961899,-0.0521807784868948));
#4874=CARTESIAN_POINT('',(-0.0135,-0.0309063339320954,-0.0519938785075777));
#4875=CARTESIAN_POINT('',(-0.0135,-0.0314214751531102,-0.0517800204409976));
#4876=CARTESIAN_POINT('',(-0.0135,-0.0317390568061793,-0.0516128186928068));
#4877=CARTESIAN_POINT('',(-0.0135,-0.0317390568061793,-0.0516128186928068));
#4878=CARTESIAN_POINT('',(-0.0135,0.00777263555287344,-0.0121019199932394));
#4879=CARTESIAN_POINT('',(-0.0135,-0.0347123041064909,-0.0545868596526038));
#4880=CARTESIAN_POINT('',(-0.0135,-0.0424849396593643,-0.0468142240997303));
#4881=CARTESIAN_POINT('',(-0.0135,-0.0382856208488684,-0.0510135429102263));
#4882=CARTESIAN_POINT('',(-0.0135,0.00419931881049599,-0.0085286032508619));
#4883=CARTESIAN_POINT('',(-0.0135,-0.0376885644360863,-0.0504164864974442));
#4884=CARTESIAN_POINT('',(-0.0135,-0.0405169915608325,-0.047588059372698));
#4885=CARTESIAN_POINT('',(-0.0015,0.,-0.00432928444036591));
#4886=CARTESIAN_POINT('',(-0.0015,-0.0470010048672195,-0.0455867913048464));
#4887=CARTESIAN_POINT('',(-0.0015,-0.0447596322479518,-0.0433454186855787));
#4888=CARTESIAN_POINT('',(-0.0015,-0.046731488056183,-0.0453172744938099));
#4889=CARTESIAN_POINT('',(-0.0015,3.06352165857504E-15,3.01841884819965E-15));
#4890=CARTESIAN_POINT('',(-0.0015,-0.045318608128858,-0.0467328216912311));
#4891=CARTESIAN_POINT('',(-0.0015,-0.00145753543899646,-0.00287174900136946));
#4892=CARTESIAN_POINT('',(-0.0015,-0.0433454186855787,-0.0447596322479518));
#4893=CARTESIAN_POINT('',(-0.0015,-0.0405169915608325,-0.047588059372698));
#4894=CARTESIAN_POINT('',(-0.0015,-0.0376885644360863,-0.0504164864974442));
#4895=CARTESIAN_POINT('',(-0.0015,-0.038568463561343,-0.0512963856227009));
#4896=CARTESIAN_POINT('',(-0.0015,-0.0382856208488684,-0.0510135429102263));
#4897=CARTESIAN_POINT('',(-0.0015,-0.0347123041064909,-0.0545868596526037));
#4898=CARTESIAN_POINT('',(-0.0015,-0.0347123041064909,-0.0545868596526037));
#4899=CARTESIAN_POINT('',(-0.0015,-0.0296740200151096,-0.0495485755612225));
#4900=CARTESIAN_POINT('',(-0.0015,-0.0317392776119318,-0.0516127123887232));
#4901=CARTESIAN_POINT('',(-0.0015,-0.0317392776119318,-0.0516127123887232));
#4902=CARTESIAN_POINT('',(-0.0015,-0.0314219551366402,-0.0517791871674362));
#4903=CARTESIAN_POINT('',(-0.0015,-0.0309069883481687,-0.0519922356203866));
#4904=CARTESIAN_POINT('',(-0.0015,-0.030223802815936,-0.0521787243706653));
#4905=CARTESIAN_POINT('',(-0.0015,-0.0298260657427485,-0.0522651628932979));
#4906=CARTESIAN_POINT('',(-0.0015,-0.0294795542109083,-0.0523265088197216));
#4907=CARTESIAN_POINT('',(-0.0015,-0.0292670269113789,-0.0523574524810888));
#4908=CARTESIAN_POINT('',(-0.0015,-0.028911696789556,-0.0524026431433753));
#4909=CARTESIAN_POINT('',(-0.0015,-0.0282617785922605,-0.052463515329081));
#4910=CARTESIAN_POINT('',(-0.0015,-0.0276064295296727,-0.0524933655798581));
#4911=CARTESIAN_POINT('',(-0.0015,-0.027131420812197,-0.0525023549255202));
#4912=CARTESIAN_POINT('',(-0.00150042801021621,-0.027132783680488,-0.0525030786958959));
#4913=CARTESIAN_POINT('',(-0.0015,-1.15359111152458E-16,-3.50414142147315E-16));
#4914=CARTESIAN_POINT('',(-0.00149802381776631,-0.0164396234459932,-0.0567625964130712));
#4915=CARTESIAN_POINT('',(-0.0015,-0.0154974866967668,-0.0533017626920868));
#4916=CARTESIAN_POINT('',(-0.00150215534689284,-0.0155963210728281,-0.0536783490625247));
#4917=CARTESIAN_POINT('',(-0.0015,0.,0.));
#4918=CARTESIAN_POINT('',(-0.0015,-0.0536767081713558,-0.0155992133952253));
#4919=CARTESIAN_POINT('',(-0.0015,-0.00083220398211797,-0.00126193707086506));
#4920=CARTESIAN_POINT('',(-0.0015,-0.0567653566700266,-0.0164371966003603));
#4921=CARTESIAN_POINT('',(-0.0015,-3.67761376907083E-16,-1.56125112837912E-16));
#4922=CARTESIAN_POINT('',(-0.0015,-0.0537954569687837,-0.0244715918877328));
#4923=CARTESIAN_POINT('',(-0.0015,-0.0541045080913749,-0.0262085560348745));
#4924=CARTESIAN_POINT('',(-0.0015,-0.0541265413505069,-0.0263323898551048));
#4925=CARTESIAN_POINT('',(-0.0015,-0.0160617179678841,0.0117324335275181));
#4926=CARTESIAN_POINT('',(-0.0015,-0.0607401786088765,-0.0329460271134744));
#4927=CARTESIAN_POINT('',(-0.0015,9.36750677027476E-17,1.00613961606655E-16));
#4928=CARTESIAN_POINT('',(-0.0015,-0.0585507582599304,-0.0366963037264953));
#4929=CARTESIAN_POINT('',(-0.0015,-0.0560029643928189,-0.0341485098593838));
#4930=CARTESIAN_POINT('',(-0.0015,-0.055644122331799,-0.0337896677983639));
#4931=CARTESIAN_POINT('',(-0.0015,3.6429192995513E-16,2.58473797920545E-16));
#4932=CARTESIAN_POINT('',(-0.0015,-0.0519889366341878,-0.0391811238691082));
#4933=CARTESIAN_POINT('',(-0.0015,-0.0519889366341878,-0.0391811238691083));
#4934=CARTESIAN_POINT('',(-0.0015,-0.0519680309917623,-0.0391868484612258));
#4935=CARTESIAN_POINT('',(-0.0015,-0.0519471253493369,-0.0391925730533434));
#4936=CARTESIAN_POINT('',(-0.0015,-0.0519262197069114,-0.0391982976454609));
#4937=CARTESIAN_POINT('',(-0.0015,-0.051926219706829,-0.0391982976454712));
#4938=CARTESIAN_POINT('',(-0.0015,-0.00852860325086188,0.00419931881049597));
#4939=CARTESIAN_POINT('',(-0.0015,-0.0504164864974442,-0.0376885644360863));
#4940=CARTESIAN_POINT('',(-0.0015,-0.047588059372698,-0.0405169915608325));
#4941=CARTESIAN_POINT('',(-0.0065,-0.0571709070888142,-0.0358821379803283));
#4942=CARTESIAN_POINT('',(-0.0019,-0.058621692497284,-0.0373329233887982));
#4943=CARTESIAN_POINT('',(-0.0019,-0.0583232030853514,-0.0370344339768655));
#4944=CARTESIAN_POINT('',(-0.0025,-0.0583232030853514,-0.0370344339768655));
#4945=CARTESIAN_POINT('',(-0.0025,-0.0583232030853514,-0.0370344339768655));
#4946=CARTESIAN_POINT('',(-0.0025,-0.0571709070888142,-0.0358821379803283));
#4947=CARTESIAN_POINT('',(-0.0065,9.36750677027476E-17,1.00613961606655E-16));
#4948=CARTESIAN_POINT('',(-0.00616234880166827,-0.060780857563928,-0.033703669737782));
#4949=CARTESIAN_POINT('',(-0.00616502951867948,-0.0603037469930214,-0.034564086122055));
#4950=CARTESIAN_POINT('',(-0.00540683270682444,-0.0593114047180498,-0.0362499906683537));
#4951=CARTESIAN_POINT('',(-0.00347850774562287,-0.0588456281688884,-0.036978940811302));
#4952=CARTESIAN_POINT('',(-0.0025,-0.0588478926509514,-0.0369753367874057));
#4953=CARTESIAN_POINT('',(-0.00616234880166828,-0.0607808575639281,-0.0337036697377821));
#4954=CARTESIAN_POINT('',(-0.0025,-0.0588478926509515,-0.0369753367874058));
#4955=CARTESIAN_POINT('',(-0.0065,-0.0588478926509515,-0.0369753367874059));
#4956=CARTESIAN_POINT('',(-0.0019,-0.0588478926509515,-0.0369753367874059));
#4957=CARTESIAN_POINT('',(-0.0019,9.36750677027476E-17,1.00613961606655E-16));
#4958=CARTESIAN_POINT('',(-0.0019,-0.061043448130493,-0.0332257045123171));
#4959=CARTESIAN_POINT('',(-0.0065,-0.061043448130493,-0.0332257045123171));
#4960=CARTESIAN_POINT('',(-0.00616234880166828,-0.061043448130493,-0.0332257045123171));
#4961=CARTESIAN_POINT('',(-0.00616234880166828,9.36750677027476E-17,1.00613961606655E-16));
#4962=CARTESIAN_POINT('',(-0.0065,-0.0459930847638018,-0.0455725915106275));
#4963=CARTESIAN_POINT('',(-0.0065,-0.0592556498162037,-0.0323100264582255));
#4964=CARTESIAN_POINT('',(-0.0065,-0.0604855314299321,-0.0335399080719539));
#4965=CARTESIAN_POINT('',(-0.0065,9.36750677027476E-17,1.00613961606655E-16));
#4966=CARTESIAN_POINT('',(-0.0065,-0.06078613373121,-0.0329919822358079));
#4967=CARTESIAN_POINT('',(-0.0065,-0.0579885138333744,-0.0301943623379724));
#4968=CARTESIAN_POINT('',(-0.0025,-0.0592556498162037,-0.0323100264582255));
#4969=CARTESIAN_POINT('',(-0.00249999999999998,-0.0583232030853513,-0.0370344339768655));
#4970=CARTESIAN_POINT('',(-0.00301713304962723,-0.0583233701012518,-0.037034600992766));
#4971=CARTESIAN_POINT('',(-0.00380129822966783,-0.0584074691048591,-0.0369053885806248));
#4972=CARTESIAN_POINT('',(-0.00463193612583446,-0.0586558912296328,-0.0365214082336401));
#4973=CARTESIAN_POINT('',(-0.00505708050804222,-0.0588305265847649,-0.0362491614781352));
#4974=CARTESIAN_POINT('',(-0.00537465397732452,-0.0589935513000429,-0.0359931086466595));
#4975=CARTESIAN_POINT('',(-0.0055762643721746,-0.0591173623738381,-0.0357963149258709));
#4976=CARTESIAN_POINT('',(-0.00586597149587249,-0.0593224631854445,-0.0354672448134229));
#4977=CARTESIAN_POINT('',(-0.00629476766238013,-0.059728218145447,-0.0348088196982022));
#4978=CARTESIAN_POINT('',(-0.00650000000000001,-0.0601730184285441,-0.0340755267819299));
#4979=CARTESIAN_POINT('',(-0.00650000000000001,-0.060485531429932,-0.0335399080719538));
#4980=CARTESIAN_POINT('',(-0.0075,-0.0540323256951898,-0.0196661582412259));
#4981=CARTESIAN_POINT('',(-0.00800530911252973,-0.0544101713815154,-0.0230766660953555));
#4982=CARTESIAN_POINT('',(-0.00751591858245019,-0.0543948141819873,-0.0231089224843579));
#4983=CARTESIAN_POINT('',(-0.00704574727801627,-0.0544084456315963,-0.0230802864164395));
#4984=CARTESIAN_POINT('',(-0.00634331420585119,-0.0544737608849869,-0.0229341445502663));
#4985=CARTESIAN_POINT('',(-0.00555440241666949,-0.0546405714518474,-0.0225471567573344));
#4986=CARTESIAN_POINT('',(-0.00490427966966576,-0.0549295515974434,-0.0218505326067296));
#4987=CARTESIAN_POINT('',(-0.00450282237452088,-0.055218371391456,-0.0211222978153317));
#4988=CARTESIAN_POINT('',(-0.0043830790907502,-0.0554751309995531,-0.0204477592798279));
#4989=CARTESIAN_POINT('',(-0.00440862085169741,-0.0556805311048933,-0.0198759836081328));
#4990=CARTESIAN_POINT('',(-0.00455440991502638,-0.0559211663429379,-0.0191832203596622));
#4991=CARTESIAN_POINT('',(-0.00497470596341749,-0.0561785559451502,-0.0184038263646401));
#4992=CARTESIAN_POINT('',(-0.00574932568038519,-0.056376369335422,-0.0177599602053583));
#4993=CARTESIAN_POINT('',(-0.0065363610835254,-0.0564935349597179,-0.0173722891932371));
#4994=CARTESIAN_POINT('',(-0.00726046221172166,-0.056524486989839,-0.0172561470876341));
#4995=CARTESIAN_POINT('',(-0.00786697371981703,-0.0565180613979907,-0.0172812714575662));
#4996=CARTESIAN_POINT('',(-0.00859975868072265,-0.0564785028706851,-0.0174216337155734));
#4997=CARTESIAN_POINT('',(-0.00942310628719409,-0.0563572851844103,-0.0178273180432764));
#4998=CARTESIAN_POINT('',(-0.0100937090465416,-0.0561247977003923,-0.0185662444320144));
#4999=CARTESIAN_POINT('',(-0.0104972758712547,-0.0558771503756242,-0.0193122091715367));
#5000=CARTESIAN_POINT('',(-0.0106172436720155,-0.0556391014292555,-0.0199972661900057));
#5001=CARTESIAN_POINT('',(-0.010591012324248,-0.0554289278557363,-0.0205672505026256));
#5002=CARTESIAN_POINT('',(-0.0104450126492137,-0.0551683563134075,-0.021251573493225));
#5003=CARTESIAN_POINT('',(-0.0100182889888221,-0.0548601359148635,-0.0220248174487868));
#5004=CARTESIAN_POINT('',(-0.00921865536999975,-0.0545932144739814,-0.022655424580738));
#5005=CARTESIAN_POINT('',(-0.00860171223480677,-0.0544730899080717,-0.0229353582526473));
#5006=CARTESIAN_POINT('',(-0.00800530911252973,-0.0544101713815154,-0.0230766660953555));
#5007=CARTESIAN_POINT('',(-0.00751591858245019,-0.0543948141819873,-0.0231089224843579));
#5008=CARTESIAN_POINT('',(-0.00704574727801627,-0.0544084456315963,-0.0230802864164395));
#5009=CARTESIAN_POINT('',(-0.0075,-0.0543996337717963,-0.0230987985425916));
#5010=CARTESIAN_POINT('',(-0.0075,-0.0540323256951898,-0.0196661582412259));
#5011=CARTESIAN_POINT('',(-0.0075,-0.0529720632508802,-0.0225792053656623));
#5012=CARTESIAN_POINT('',(-0.0075,-0.0540323256951898,-0.0196661582412259));
#5013=CARTESIAN_POINT('',(-0.0075,-0.0540323256951898,-0.0196661582412259));
#5014=CARTESIAN_POINT('',(-0.0075,-0.0533311844013722,-0.0215925281138371));
#5015=CARTESIAN_POINT('',(-0.0075,-0.0196661582412259,-0.0540323256951898));
#5016=CARTESIAN_POINT('',(-0.0075,-0.0196661582412259,-0.0540323256951898));
#5017=CARTESIAN_POINT('',(-0.0075,-0.0177397883686148,-0.0547334669890074));
#5018=CARTESIAN_POINT('',(-0.0075,-0.0196661582412259,-0.0540323256951898));
#5019=CARTESIAN_POINT('',(-0.0075,-0.0225792053656622,-0.0529720632508802));
#5020=CARTESIAN_POINT('',(-0.0075,-0.0196661582412259,-0.0540323256951898));
#5021=CARTESIAN_POINT('',(-0.00800515383860237,-0.0172964137897275,-0.0565140230542287));
#5022=CARTESIAN_POINT('',(-0.00751580765368605,-0.0172618710693913,-0.0565229684546402));
#5023=CARTESIAN_POINT('',(-0.00704626322808761,-0.0172924925569724,-0.0565150152849877));
#5024=CARTESIAN_POINT('',(-0.0063443531124102,-0.0174461971479812,-0.0564711768059552));
#5025=CARTESIAN_POINT('',(-0.00555633849498148,-0.0178487081693925,-0.0563505837553497));
#5026=CARTESIAN_POINT('',(-0.00490516491540087,-0.0185681942429559,-0.0561241646208812));
#5027=CARTESIAN_POINT('',(-0.00450298501531,-0.019312275730613,-0.0558771319452752));
#5028=CARTESIAN_POINT('',(-0.00438301206206273,-0.0199949608242242,-0.0556399276447261));
#5029=CARTESIAN_POINT('',(-0.00440868123286883,-0.0205653222749287,-0.0554296446609324));
#5030=CARTESIAN_POINT('',(-0.00455454839030249,-0.0212506918337861,-0.0551686899757411));
#5031=CARTESIAN_POINT('',(-0.0049753049331377,-0.0220132164778891,-0.0548648376382561));
#5032=CARTESIAN_POINT('',(-0.0057487104443386,-0.0226326336159508,-0.0546028635428936));
#5033=CARTESIAN_POINT('',(-0.00653457205454261,-0.0230046581693815,-0.0544435310441438));
#5034=CARTESIAN_POINT('',(-0.00725617807737433,-0.0231140407167413,-0.0543923940254246));
#5035=CARTESIAN_POINT('',(-0.00786537700394721,-0.0230911785832149,-0.0544034209832283));
#5036=CARTESIAN_POINT('',(-0.00860000938237726,-0.0229579864355484,-0.0544634236230942));
#5037=CARTESIAN_POINT('',(-0.00942324960566711,-0.022569008169113,-0.0546314376918475));
#5038=CARTESIAN_POINT('',(-0.0100933685224853,-0.0218541777066502,-0.0549280946461437));
#5039=CARTESIAN_POINT('',(-0.0104968504561828,-0.0211240528032855,-0.0552177086546315));
#5040=CARTESIAN_POINT('',(-0.0106170640755108,-0.0204476942135469,-0.0554751676291021));
#5041=CARTESIAN_POINT('',(-0.0105912403775068,-0.0198749945939438,-0.0556808777393897));
#5042=CARTESIAN_POINT('',(-0.0104453088656578,-0.019182311735411,-0.05592148740514));
#5043=CARTESIAN_POINT('',(-0.0100180476793285,-0.0183910625749153,-0.0561826887858776));
#5044=CARTESIAN_POINT('',(-0.0092183098837031,-0.0177365798676869,-0.0563835297175935));
#5045=CARTESIAN_POINT('',(-0.0086014105336393,-0.0174450299270101,-0.0564714176982981));
#5046=CARTESIAN_POINT('',(-0.00800515383860237,-0.0172964137897275,-0.0565140230542287));
#5047=CARTESIAN_POINT('',(-0.00751580765368605,-0.0172618710693913,-0.0565229684546402));
#5048=CARTESIAN_POINT('',(-0.00704626322808761,-0.0172924925569724,-0.0565150152849877));
#5049=CARTESIAN_POINT('',(-0.0075,-0.0172727042937189,-0.0565201586604155));
#5050=CARTESIAN_POINT('',(-0.00680903650200931,-0.0268928816178698,-0.0452942980365105));
#5051=CARTESIAN_POINT('',(-0.0075,-0.0272169722259136,-0.0449702074284667));
#5052=CARTESIAN_POINT('',(-0.0075,-0.0296999939704031,-0.0474532291729563));
#5053=CARTESIAN_POINT('',(-0.0075,-0.0357729642782708,-0.0535261994808239));
#5054=CARTESIAN_POINT('',(-0.00749999999930979,-0.0296999939700794,-0.0474532291732799));
#5055=CARTESIAN_POINT('',(-0.0070393576672858,-0.0294336327369627,-0.0476189887509167));
#5056=CARTESIAN_POINT('',(-0.00657871533526181,-0.0291672715038461,-0.0477847483285535));
#5057=CARTESIAN_POINT('',(-0.00611807300323782,-0.0289009102707295,-0.0479505079061903));
#5058=CARTESIAN_POINT('',(-0.0061180730040186,-0.0289009102710957,-0.0479505079058242));
#5059=CARTESIAN_POINT('',(-0.0061180730040186,-0.0265687910098259,-0.0456183886445544));
#5060=CARTESIAN_POINT('',(-0.0061180730040186,-0.0351247830621831,-0.0541743806969116));
#5061=CARTESIAN_POINT('',(-0.0075,-0.0357729642782708,-0.0535261994808239));
#5062=CARTESIAN_POINT('',(-0.00819096349799073,-0.0268928816178698,-0.0452942980365105));
#5063=CARTESIAN_POINT('',(-0.00888192699598143,-0.0265687910098259,-0.0456183886445544));
#5064=CARTESIAN_POINT('',(-0.00888192699598143,-0.0289009102710957,-0.0479505079058241));
#5065=CARTESIAN_POINT('',(-0.00888192699598143,-0.0351247830621831,-0.0541743806969116));
#5066=CARTESIAN_POINT('',(-0.00888192699676221,-0.0289009102707295,-0.0479505079061903));
#5067=CARTESIAN_POINT('',(-0.00842128466473823,-0.0291672715038461,-0.0477847483285535));
#5068=CARTESIAN_POINT('',(-0.00796064233271426,-0.0294336327369627,-0.0476189887509168));
#5069=CARTESIAN_POINT('',(-0.00750000000069028,-0.0296999939700794,-0.04745322917328));
#5070=CARTESIAN_POINT('',(-0.00819096349799073,-0.0354488736702269,-0.0538502900888677));
#5071=CARTESIAN_POINT('',(-0.0075,-0.0261563120541338,-0.0460308676002465));
#5072=CARTESIAN_POINT('',(-0.00888192699598144,-0.0257438330984416,-0.0464433465559387));
#5073=CARTESIAN_POINT('',(-0.00888227633943153,-0.0277732902005237,-0.0484730218659794));
#5074=CARTESIAN_POINT('',(-0.00888192699598144,-0.0342998251507988,-0.0549993386082959));
#5075=CARTESIAN_POINT('',(-0.00888192210227134,-0.027773365945983,-0.0484728957986701));
#5076=CARTESIAN_POINT('',(-0.00903697687305357,-0.02812350391347,-0.0483035664006914));
#5077=CARTESIAN_POINT('',(-0.00903790124743855,-0.0285277188368223,-0.0480999304824127));
#5078=CARTESIAN_POINT('',(-0.00888194857109652,-0.0288702029538691,-0.0479198728753716));
#5079=CARTESIAN_POINT('',(-0.00888221810207189,-0.0288702087701054,-0.0479196752259827));
#5080=CARTESIAN_POINT('',(-0.00880631445894485,-0.0290125266433289,-0.0478444484720206));
#5081=CARTESIAN_POINT('',(-0.00906455759986141,-0.0285976054555307,-0.0480657698602189));
#5082=CARTESIAN_POINT('',(-0.00906288387452808,-0.0280537976394182,-0.0483400665038272));
#5083=CARTESIAN_POINT('',(-0.00880679411648985,-0.0276271736710945,-0.0485431600954779));
#5084=CARTESIAN_POINT('',(-0.00885319918694784,-0.0289296081788638,-0.047888902056989));
#5085=CARTESIAN_POINT('',(-0.00885319918694784,-0.0289296081788638,-0.047888902056989));
#5086=CARTESIAN_POINT('',(-0.00886332600596397,-0.0289198544399227,-0.0479090929857605));
#5087=CARTESIAN_POINT('',(-0.00887289610464645,-0.02891029044331,-0.0479296319101139));
#5088=CARTESIAN_POINT('',(-0.00888192699623673,-0.028900910270919,-0.0479505079065029));
#5089=CARTESIAN_POINT('',(-0.0075,-0.0347123041064909,-0.0545868596526037));
#5090=CARTESIAN_POINT('',(-0.00819096349799072,-0.0254197424903977,-0.0467674371639825));
#5091=CARTESIAN_POINT('',(-0.0075,-0.025095651882354,-0.0470915277720264));
#5092=CARTESIAN_POINT('',(-0.0075,-0.0269040762529677,-0.0488999521426401));
#5093=CARTESIAN_POINT('',(-0.0075,-0.0336516439347112,-0.0556475198243836));
#5094=CARTESIAN_POINT('',(-0.00749999999903116,-0.0269040762525132,-0.0488999521430945));
#5095=CARTESIAN_POINT('',(-0.00796064233103107,-0.0271821832187521,-0.0487459382986025));
#5096=CARTESIAN_POINT('',(-0.00842128466303098,-0.0274602901849909,-0.0485919244541105));
#5097=CARTESIAN_POINT('',(-0.00888192699503089,-0.0277383971512297,-0.0484379106096185));
#5098=CARTESIAN_POINT('',(-0.00888192699598144,-0.0277383971516756,-0.0484379106091727));
#5099=CARTESIAN_POINT('',(-0.00906184515051031,-0.0278461425212769,-0.0483768777892779));
#5100=CARTESIAN_POINT('',(-0.00843675913214253,-0.027472154438427,-0.0485892723687874));
#5101=CARTESIAN_POINT('',(-0.00781366100717781,-0.0270957153031045,-0.0487973510865151));
#5102=CARTESIAN_POINT('',(-0.00719271670607522,-0.0267169253607057,-0.0490010585312892));
#5103=CARTESIAN_POINT('',(-0.00895716131484644,-0.0277834762845282,-0.0484124136950485));
#5104=CARTESIAN_POINT('',(-0.00895716131484645,-0.0277834762845282,-0.0484124136950485));
#5105=CARTESIAN_POINT('',(-0.00893245407193605,-0.0277808292870917,-0.0484329441459177));
#5106=CARTESIAN_POINT('',(-0.0089075694704767,-0.0277777272182293,-0.0484531859024276));
#5107=CARTESIAN_POINT('',(-0.00888247689542743,-0.0277740915250296,-0.0484730891311211));
#5108=CARTESIAN_POINT('',(-0.0075,-0.0336516439347112,-0.0556475198243836));
#5109=CARTESIAN_POINT('',(-0.00680903650200931,-0.0254197424903977,-0.0467674371639825));
#5110=CARTESIAN_POINT('',(-0.00611762873377849,-0.0277739663676783,-0.0484730630627483));
#5111=CARTESIAN_POINT('',(-0.00609258853184693,-0.0277775882327643,-0.0484531951362805));
#5112=CARTESIAN_POINT('',(-0.00606775466214734,-0.0277806808600561,-0.0484329915288076));
#5113=CARTESIAN_POINT('',(-0.00604309697550919,-0.027783321581533,-0.0484125012898828));
#5114=CARTESIAN_POINT('',(-0.00611785086889854,-0.0277737615228671,-0.0484730665991507));
#5115=CARTESIAN_POINT('',(-0.00604309697550922,-0.0277833215815321,-0.0484125012898834));
#5116=CARTESIAN_POINT('',(-0.00593815484948977,-0.0278461425212769,-0.0483768777892779));
#5117=CARTESIAN_POINT('',(-0.00656324086785764,-0.0274721544384269,-0.0485892723687875));
#5118=CARTESIAN_POINT('',(-0.00718633899282246,-0.0270957153031043,-0.0487973510865152));
#5119=CARTESIAN_POINT('',(-0.00780728329392515,-0.0267169253607055,-0.0490010585312893));
#5120=CARTESIAN_POINT('',(-0.0061180730040186,-0.0277383971516756,-0.0484379106091727));
#5121=CARTESIAN_POINT('',(-0.0061180730049692,-0.0277383971512297,-0.0484379106096185));
#5122=CARTESIAN_POINT('',(-0.00657871533696911,-0.0274602901849909,-0.0485919244541105));
#5123=CARTESIAN_POINT('',(-0.00703935766896901,-0.027182183218752,-0.0487459382986025));
#5124=CARTESIAN_POINT('',(-0.00750000000096891,-0.0269040762525132,-0.0488999521430945));
#5125=CARTESIAN_POINT('',(-0.00680903650200931,-0.033975734542755,-0.0553234292163397));
#5126=CARTESIAN_POINT('',(-0.0061180730040186,-0.0342998251507988,-0.0549993386082959));
#5127=CARTESIAN_POINT('',(-0.0061180730040186,-0.0257438330984416,-0.0464433465559387));
#5128=CARTESIAN_POINT('',(-0.0075,-0.0261563120541338,-0.0460308676002465));
#5129=CARTESIAN_POINT('',(-0.0061180730037633,-0.028900910270919,-0.0479505079065029));
#5130=CARTESIAN_POINT('',(-0.00612709361011183,-0.0289102797602739,-0.0479296556856921));
#5131=CARTESIAN_POINT('',(-0.00613665220448203,-0.0289198326635564,-0.0479091397525664));
#5132=CARTESIAN_POINT('',(-0.00614676624085328,-0.0289295748789852,-0.0478889709929709));
#5133=CARTESIAN_POINT('',(-0.00614648762915425,-0.0289294791501345,-0.0478887850370659));
#5134=CARTESIAN_POINT('',(-0.00619323430543697,-0.0276271254209462,-0.0485431831701419));
#5135=CARTESIAN_POINT('',(-0.00593671437166072,-0.0280557340704065,-0.0483391090310717));
#5136=CARTESIAN_POINT('',(-0.00593583345568317,-0.0285986606774695,-0.0480652195893227));
#5137=CARTESIAN_POINT('',(-0.00619351780828091,-0.0290122520716158,-0.0478445943164117));
#5138=CARTESIAN_POINT('',(-0.00611774120602805,-0.0288702893150171,-0.0479197341944252));
#5139=CARTESIAN_POINT('',(-0.00611805005525062,-0.0288702101140545,-0.0479198846381924));
#5140=CARTESIAN_POINT('',(-0.00608734779655324,-0.0288027885809058,-0.0479553360857044));
#5141=CARTESIAN_POINT('',(-0.00602818930935189,-0.0286501892286056,-0.0480347247946585));
#5142=CARTESIAN_POINT('',(-0.00597499747259026,-0.0282052672603989,-0.0482615596830921));
#5143=CARTESIAN_POINT('',(-0.00604044493753012,-0.0279499571076076,-0.0483894011875061));
#5144=CARTESIAN_POINT('',(-0.00611807919039316,-0.0277733719330738,-0.0484729061164561));
#5145=CARTESIAN_POINT('',(-0.0075,-0.0347123041064909,-0.0545868596526037));
#5146=CARTESIAN_POINT('',(-0.0075,-0.0319140901638634,-0.0517886457099761));
#5147=CARTESIAN_POINT('',(-0.0075,-0.0347123041064909,-0.0545868596526037));
#5148=CARTESIAN_POINT('',(-0.0134999999737561,-0.0317390568355383,-0.0516128187486051));
#5149=CARTESIAN_POINT('',(-0.0135000383346786,-0.0313590108174319,-0.051812802847135));
#5150=CARTESIAN_POINT('',(-0.0134572896363506,-0.0310047324543726,-0.0520585472584815));
#5151=CARTESIAN_POINT('',(-0.0133674824189829,-0.0307039194300403,-0.0523519743772959));
#5152=CARTESIAN_POINT('',(-0.0133671031487791,-0.0307055298246342,-0.0523535092267957));
#5153=CARTESIAN_POINT('',(-0.0133675063883305,-0.0307052512882392,-0.0523531476266988));
#5154=CARTESIAN_POINT('',(-0.0133310156220339,-0.0305458597499146,-0.0524352322956376));
#5155=CARTESIAN_POINT('',(-0.013240247646903,-0.0302140025250256,-0.0526041775632541));
#5156=CARTESIAN_POINT('',(-0.0130267264187125,-0.0296567765786255,-0.0528772752640452));
#5157=CARTESIAN_POINT('',(-0.0127395546388447,-0.0291016056561064,-0.053140156520423));
#5158=CARTESIAN_POINT('',(-0.012448258534221,-0.0286545812289508,-0.0533446947979114));
#5159=CARTESIAN_POINT('',(-0.0121684893047676,-0.0282886748150347,-0.0535066383630851));
#5160=CARTESIAN_POINT('',(-0.0119360618809525,-0.0280282421808896,-0.0536185013117077));
#5161=CARTESIAN_POINT('',(-0.0118128012851899,-0.027897920052326,-0.0536741355623041));
#5162=CARTESIAN_POINT('',(-0.0116089185947103,-0.027697094657858,-0.053759692803745));
#5163=CARTESIAN_POINT('',(-0.0114100419990443,-0.0275200389970249,-0.0538340926007903));
#5164=CARTESIAN_POINT('',(-0.0110015462085458,-0.027184548854484,-0.0539735629410419));
#5165=CARTESIAN_POINT('',(-0.0105025683790063,-0.0268608340606026,-0.0541033726500124));
#5166=CARTESIAN_POINT('',(-0.00996859411616019,-0.0265908781339283,-0.0542089652077516));
#5167=CARTESIAN_POINT('',(-0.00933151406507762,-0.0263292801481484,-0.0543108976035029));
#5168=CARTESIAN_POINT('',(-0.00848965102807894,-0.0261094406345873,-0.0543943409591306));
#5169=CARTESIAN_POINT('',(-0.00782694667881742,-0.0260544591465204,-0.0544142960668717));
#5170=CARTESIAN_POINT('',(-0.00750000000000001,-0.0260546850227007,-0.0544145219430521));
#5171=CARTESIAN_POINT('',(-0.0075,-0.0260546850227008,-0.0544145219430521));
#5172=CARTESIAN_POINT('',(-0.00750000000000001,-0.0260546850227007,-0.0544145219430521));
#5173=CARTESIAN_POINT('',(-0.00717272053299619,-0.0260546503782418,-0.0544144872985931));
#5174=CARTESIAN_POINT('',(-0.00651080044543387,-0.0261099814082597,-0.0543943750072451));
#5175=CARTESIAN_POINT('',(-0.00567741431366034,-0.0263264975450397,-0.0543118194505242));
#5176=CARTESIAN_POINT('',(-0.00504329985507642,-0.0265856270264154,-0.0542110417694064));
#5177=CARTESIAN_POINT('',(-0.0045081606508677,-0.0268537499677621,-0.0541061998860322));
#5178=CARTESIAN_POINT('',(-0.00393026917290833,-0.0272317900996058,-0.0539540742950557));
#5179=CARTESIAN_POINT('',(-0.00348167593661261,-0.0276092796829459,-0.0537967042657666));
#5180=CARTESIAN_POINT('',(-0.0032255041237319,-0.0278597677188808,-0.0536902533862854));
#5181=CARTESIAN_POINT('',(-0.00316202868715314,-0.0279254013396115,-0.0536622598203359));
#5182=CARTESIAN_POINT('',(-0.00303938663141535,-0.0280541793570447,-0.0536073328703447));
#5183=CARTESIAN_POINT('',(-0.00284763587677819,-0.0282706183930523,-0.05351432833298));
#5184=CARTESIAN_POINT('',(-0.00246993184230672,-0.028757003296561,-0.0532994781196666));
#5185=CARTESIAN_POINT('',(-0.00206620144590768,-0.029423377723389,-0.0529904176831199));
#5186=CARTESIAN_POINT('',(-0.00176054664138828,-0.030207307221797,-0.0526066624523488));
#5187=CARTESIAN_POINT('',(-0.00166882879993777,-0.0305455971785691,-0.0524345168454704));
#5188=CARTESIAN_POINT('',(-0.00163188617356416,-0.0307074296383909,-0.0523513015044378));
#5189=CARTESIAN_POINT('',(-0.0016322990007728,-0.0307069773750425,-0.0523502386978639));
#5190=CARTESIAN_POINT('',(-0.00163180726441123,-0.030704959431496,-0.0523483077964448));
#5191=CARTESIAN_POINT('',(-0.00154250801082263,-0.0310054433015769,-0.0520562686467331));
#5192=CARTESIAN_POINT('',(-0.00149994606035492,-0.0313599957581675,-0.051811546290884));
#5193=CARTESIAN_POINT('',(-0.00150000005233357,-0.0317392776702514,-0.0516127124999839));
#5194=CARTESIAN_POINT('',(-8.23472385483972E-6,-0.030645754155786,-0.0507159448746551));
#5195=CARTESIAN_POINT('',(-0.000122737811775777,-0.0292061324947739,-0.0516007047489491));
#5196=CARTESIAN_POINT('',(-0.000808756480239394,-0.0277711424685011,-0.0523980745348919));
#5197=CARTESIAN_POINT('',(-0.0022933546739821,-0.0262845539040391,-0.0531675552661639));
#5198=CARTESIAN_POINT('',(-0.00267845458662081,-0.0259702082859945,-0.053326858365686));
#5199=CARTESIAN_POINT('',(-0.00351019647738316,-0.0254141353208117,-0.0536035563181203));
#5200=CARTESIAN_POINT('',(-0.00396877170693963,-0.0251679866489373,-0.0537234174316185));
#5201=CARTESIAN_POINT('',(-0.00491913666577403,-0.0247740066225251,-0.0539131762131538));
#5202=CARTESIAN_POINT('',(-0.00541277867075977,-0.0246223441427218,-0.0539850394335132));
#5203=CARTESIAN_POINT('',(-0.0064472400745898,-0.0244147835007062,-0.0540829803485039));
#5204=CARTESIAN_POINT('',(-0.00697664668656025,-0.0243626236567813,-0.0541073160110395));
#5205=CARTESIAN_POINT('',(-0.0075,-0.0243627509158985,-0.0541072750902616));
#5206=CARTESIAN_POINT('',(-0.000255827189595089,-0.0307858993137947,-0.05091675376887));
#5207=CARTESIAN_POINT('',(-0.000366546108398962,-0.0293797638982404,-0.0517657021962489));
#5208=CARTESIAN_POINT('',(-0.00102989280840531,-0.0279767149751195,-0.0525284588709085));
#5209=CARTESIAN_POINT('',(-0.00246542709135385,-0.0265222543882912,-0.0532628065129024));
#5210=CARTESIAN_POINT('',(-0.002837799984432,-0.0262146444475854,-0.0534147242149567));
#5211=CARTESIAN_POINT('',(-0.00364205395782774,-0.0256703999700736,-0.0536784229317098));
#5212=CARTESIAN_POINT('',(-0.0040854739109993,-0.0254294426842963,-0.053792563438975));
#5213=CARTESIAN_POINT('',(-0.00500443062449912,-0.0250437363694831,-0.0539731927000005));
#5214=CARTESIAN_POINT('',(-0.00548175844478671,-0.0248952387158421,-0.0540415566877391));
#5215=CARTESIAN_POINT('',(-0.0064820323320265,-0.0246920024062063,-0.0541347138982996));
#5216=CARTESIAN_POINT('',(-0.00699394278870368,-0.0246409245574796,-0.0541578509657218));
#5217=CARTESIAN_POINT('',(-0.0075,-0.0246410494904951,-0.0541578127328548));
#5218=CARTESIAN_POINT('',(-0.00151348906437884,-0.0314977756693053,-0.0519367754792095));
#5219=CARTESIAN_POINT('',(-0.00160498605245055,-0.030261735794082,-0.0526038173557111));
#5220=CARTESIAN_POINT('',(-0.00215316902859416,-0.0290209337614412,-0.0531907545025098));
#5221=CARTESIAN_POINT('',(-0.00333948001692771,-0.0277296693060584,-0.0537466413549298));
#5222=CARTESIAN_POINT('',(-0.00364720519452276,-0.0274562736721754,-0.053861044454924));
#5223=CARTESIAN_POINT('',(-0.00431183252142173,-0.0269721127595478,-0.054058712716878));
#5224=CARTESIAN_POINT('',(-0.00467827027219014,-0.0267575254537784,-0.0541437950363731));
#5225=CARTESIAN_POINT('',(-0.00543768678080904,-0.0264138459898626,-0.0542780503100242));
#5226=CARTESIAN_POINT('',(-0.00583214564928225,-0.026281424274529,-0.0543286397203138));
#5227=CARTESIAN_POINT('',(-0.00665876184431188,-0.026100153689705,-0.0543974977961481));
#5228=CARTESIAN_POINT('',(-0.00708179945341726,-0.0260545719052689,-0.0544145465225025));
#5229=CARTESIAN_POINT('',(-0.0075,-0.0260546850227008,-0.0544145219430521));
#5230=CARTESIAN_POINT('',(-0.00189961473136654,-0.0271058201420751,-0.052966769465454));
#5231=CARTESIAN_POINT('',(-0.0018331704563371,-0.0270341567299342,-0.0529288039027928));
#5232=CARTESIAN_POINT('',(-0.00176676314298201,-0.0269624606719453,-0.0528908353410552));
#5233=CARTESIAN_POINT('',(-0.0017003952870521,-0.0268907273939246,-0.0528528680529856));
#5234=CARTESIAN_POINT('',(-0.0017004077634826,-0.0268907014569352,-0.0528528952477468));
#5235=CARTESIAN_POINT('',(-0.00161563414721427,-0.0321375261566744,-0.051712583810948));
#5236=CARTESIAN_POINT('',(-0.00162876983526847,-0.0305330066646611,-0.0526746737367978));
#5237=CARTESIAN_POINT('',(-0.00167407065780768,-0.0286603731867334,-0.0528125354396788));
#5238=CARTESIAN_POINT('',(-0.0017003802422189,-0.0268925506959115,-0.0528528530732977));
#5239=CARTESIAN_POINT('',(-0.00169314491780417,-0.0273475859434179,-0.0528414708691676));
#5240=CARTESIAN_POINT('',(-0.00169247575610794,-0.0273483733302617,-0.0528423887214982));
#5241=CARTESIAN_POINT('',(-0.00169221716535458,-0.0273487676947936,-0.0528422233761988));
#5242=CARTESIAN_POINT('',(-0.00169076192436739,-0.0274078996851201,-0.0528399787501328));
#5243=CARTESIAN_POINT('',(-0.00168994879827278,-0.0274663881762561,-0.0528379257138098));
#5244=CARTESIAN_POINT('',(-0.00168757681468468,-0.0275968486044903,-0.0528326725622331));
#5245=CARTESIAN_POINT('',(-0.00168477216283317,-0.0277681367293149,-0.0528245478258174));
#5246=CARTESIAN_POINT('',(-0.00168119317063804,-0.0279841284389811,-0.0528120081602852));
#5247=CARTESIAN_POINT('',(-0.00167668675887804,-0.0282617292956023,-0.0527927519791886));
#5248=CARTESIAN_POINT('',(-0.00167077256437509,-0.028626683686862,-0.0527605461901579));
#5249=CARTESIAN_POINT('',(-0.00166394792626952,-0.0290361228563452,-0.0527128430411613));
#5250=CARTESIAN_POINT('',(-0.00165638576273869,-0.0294756144508136,-0.0526471454982693));
#5251=CARTESIAN_POINT('',(-0.00164626318810054,-0.0300337010707354,-0.0525411337064647));
#5252=CARTESIAN_POINT('',(-0.00163813206923898,-0.0304418128280387,-0.0524359478092775));
#5253=CARTESIAN_POINT('',(-0.0016331839754823,-0.030708514920201,-0.0523516952960399));
#5254=CARTESIAN_POINT('',(-0.0075,-0.0260546850227008,-0.0544145219430521));
#5255=CARTESIAN_POINT('',(-0.0075,-0.0255834731786322,-0.0543289522063197));
#5256=CARTESIAN_POINT('',(-0.0075,-0.0251122613345637,-0.0542433824695872));
#5257=CARTESIAN_POINT('',(-0.0075,-0.0246410494904951,-0.0541578127328548));
#5258=CARTESIAN_POINT('',(-0.0075,-0.0243630066695075,-0.0541073215338501));
#5259=CARTESIAN_POINT('',(-0.00855233454129254,-0.0243613587601564,-0.0541078363754412));
#5260=CARTESIAN_POINT('',(-0.00961103452002752,-0.0245787777316652,-0.0540072662568612));
#5261=CARTESIAN_POINT('',(-0.011513822259133,-0.0253690859380451,-0.0536268533820859));
#5262=CARTESIAN_POINT('',(-0.012372956224673,-0.0259518671469714,-0.0533405802762605));
#5263=CARTESIAN_POINT('',(-0.0137343976014038,-0.0273129870406981,-0.052634807453111));
#5264=CARTESIAN_POINT('',(-0.0142720098003718,-0.0281226270584127,-0.0521978547799842));
#5265=CARTESIAN_POINT('',(-0.014814019785633,-0.0295119083526448,-0.0514009483149));
#5266=CARTESIAN_POINT('',(-0.014946107881425,-0.0300786169080429,-0.0510645367134342));
#5267=CARTESIAN_POINT('',(-0.0149910302226034,-0.0306440229645608,-0.0507167675765376));
#5268=CARTESIAN_POINT('',(-0.0075,-0.0246410494904951,-0.0541578127328548));
#5269=CARTESIAN_POINT('',(-0.00851758724772453,-0.0246394314199427,-0.0541582929917993));
#5270=CARTESIAN_POINT('',(-0.00954132974022802,-0.0248523590539375,-0.0540627034221697));
#5271=CARTESIAN_POINT('',(-0.0113812888834633,-0.0256260893090571,-0.0537005846255903));
#5272=CARTESIAN_POINT('',(-0.0122120548874588,-0.0261965480418684,-0.0534278753953667));
#5273=CARTESIAN_POINT('',(-0.0135285424852145,-0.0275282567369474,-0.0527542575248103));
#5274=CARTESIAN_POINT('',(-0.0140484031410337,-0.0283201109264597,-0.0523366510261007));
#5275=CARTESIAN_POINT('',(-0.0145725163629873,-0.029678072495001,-0.0515735443967942));
#5276=CARTESIAN_POINT('',(-0.0147002430096239,-0.0302318126136003,-0.0512510654234643));
#5277=CARTESIAN_POINT('',(-0.0147436820492119,-0.0307840739776216,-0.0509173521663108));
#5278=CARTESIAN_POINT('',(-0.0075,-0.0260546850227008,-0.0544145219430521));
#5279=CARTESIAN_POINT('',(-0.00834092378034474,-0.026053218659665,-0.0544148263756337));
#5280=CARTESIAN_POINT('',(-0.00918693413620149,-0.0262433112703563,-0.0543445590960785));
#5281=CARTESIAN_POINT('',(-0.010707457822534,-0.0269327552962196,-0.0540754517244106));
#5282=CARTESIAN_POINT('',(-0.0113939943935482,-0.0274405636429538,-0.0538717044491735));
#5283=CARTESIAN_POINT('',(-0.0124819263355943,-0.0286227388406181,-0.0533615699707092));
#5284=CARTESIAN_POINT('',(-0.0129115339431334,-0.0293241656685211,-0.0530423240031991));
#5285=CARTESIAN_POINT('',(-0.0133446557831363,-0.030522890336292,-0.0524510637415428));
#5286=CARTESIAN_POINT('',(-0.0134502077896364,-0.0310106958517576,-0.05219942154839));
#5287=CARTESIAN_POINT('',(-0.0134861053727473,-0.0314961264869474,-0.0519371717117644));
#5288=CARTESIAN_POINT('',(-0.0133667215077359,-0.0307055677956001,-0.0523539281105752));
#5289=CARTESIAN_POINT('',(-0.0133485886806176,-0.0296766601577747,-0.0526807836692463));
#5290=CARTESIAN_POINT('',(-0.0133277559064187,-0.0285767693981301,-0.0528036485877636));
#5291=CARTESIAN_POINT('',(-0.0133071602498511,-0.0273472834054241,-0.0528428651116193));
#5292=CARTESIAN_POINT('',(-0.0133071357861898,-0.0273473868088851,-0.0528418979361081));
#5293=CARTESIAN_POINT('',(-0.0132995436255191,-0.0268921226476854,-0.0528529762045823));
#5294=CARTESIAN_POINT('',(-0.0133248825491696,-0.0286589050357071,-0.0528173012538036));
#5295=CARTESIAN_POINT('',(-0.0133719275438355,-0.0305362856650742,-0.0526755904042043));
#5296=CARTESIAN_POINT('',(-0.0133843727910935,-0.0321369362274882,-0.0517124050986631));
#5297=CARTESIAN_POINT('',(-0.0132995303981064,-0.0268906543437769,-0.0528529886001599));
#5298=CARTESIAN_POINT('',(-0.0132995303981064,-0.0268906543437769,-0.05285298860016));
#5299=CARTESIAN_POINT('',(-0.0132331819412746,-0.0269623739855106,-0.0528909411664215));
#5300=CARTESIAN_POINT('',(-0.013166793993566,-0.0270340563325543,-0.0529288950960206));
#5301=CARTESIAN_POINT('',(-0.0131003690440061,-0.0271057059437315,-0.0529668461321936));
#5302=CARTESIAN_POINT('',(-0.0125,-0.043758998214026,-0.0465874253387722));
#5303=CARTESIAN_POINT('',(-0.0125,-0.0426383119043922,-0.0454667390291384));
#5304=CARTESIAN_POINT('',(-0.0127828427124746,-0.0428383119043922,-0.0452667390291384));
#5305=CARTESIAN_POINT('',(-0.0127828427124746,-0.0439589982140259,-0.0463874253387722));
#5306=CARTESIAN_POINT('',(-0.012782842712463,-0.04480314885933,-0.0472315759840926));
#5307=CARTESIAN_POINT('',(-0.012782842712463,-0.04480314885933,-0.0472315759840927));
#5308=CARTESIAN_POINT('',(-0.0130218951416401,-0.044974968615838,-0.0470653245531401));
#5309=CARTESIAN_POINT('',(-0.0132609475708172,-0.045146788372346,-0.0468990731221876));
#5310=CARTESIAN_POINT('',(-0.0134999999999944,-0.045318608128854,-0.0467328216912351));
#5311=CARTESIAN_POINT('',(-0.0125,-0.0405169915608325,-0.047588059372698));
#5312=CARTESIAN_POINT('',(-0.0125,-0.0383956712172729,-0.0497093797162576));
#5313=CARTESIAN_POINT('',(-0.0127828427124746,-0.0381956712172729,-0.0499093797162576));
#5314=CARTESIAN_POINT('',(-0.0127828427124746,-0.0405169915608325,-0.047588059372698));
#5315=CARTESIAN_POINT('',(-0.0135,0.00419931881049599,-0.0085286032508619));
#5316=CARTESIAN_POINT('',(-0.0125,-0.038992727630055,-0.0503064361290397));
#5317=CARTESIAN_POINT('',(-0.0127828427124746,-0.038792727630055,-0.0505064361290397));
#5318=CARTESIAN_POINT('',(-0.0127828427124746,-0.0381956712172729,-0.0499093797162576));
#5319=CARTESIAN_POINT('',(-0.0015,-0.00145753543899646,-0.00287174900136946));
#5320=CARTESIAN_POINT('',(-0.00150000000000564,-0.045318608128854,-0.0467328216912351));
#5321=CARTESIAN_POINT('',(-0.00173905242918276,-0.045146788372346,-0.0468990731221876));
#5322=CARTESIAN_POINT('',(-0.00197810485835987,-0.044974968615838,-0.0470653245531401));
#5323=CARTESIAN_POINT('',(-0.00221715728753699,-0.04480314885933,-0.0472315759840927));
#5324=CARTESIAN_POINT('',(-0.00221715728753701,-0.04480314885933,-0.0472315759840926));
#5325=CARTESIAN_POINT('',(-0.00221715728752539,-0.000950428657809911,-0.003378855782556));
#5326=CARTESIAN_POINT('',(-0.00221715728752539,-0.0428383119043922,-0.0452667390291384));
#5327=CARTESIAN_POINT('',(-0.0015,-0.0433454186855787,-0.0447596322479518));
#5328=CARTESIAN_POINT('',(-0.0015,-0.0405169915608325,-0.047588059372698));
#5329=CARTESIAN_POINT('',(-0.0022171572875254,-0.0405169915608325,-0.047588059372698));
#5330=CARTESIAN_POINT('',(-0.0022171572875254,-0.0381956712172729,-0.0499093797162576));
#5331=CARTESIAN_POINT('',(-0.0015,-0.0376885644360863,-0.0504164864974442));
#5332=CARTESIAN_POINT('',(-0.0025,-0.0388356207799012,-0.050149329278886));
#5333=CARTESIAN_POINT('',(-0.0022171572875254,-0.0390755703425296,-0.0507892788415144));
#5334=CARTESIAN_POINT('',(-0.0022171572875254,-0.038792727630055,-0.0505064361290397));
#5335=CARTESIAN_POINT('',(-0.0015,-0.0382856208488684,-0.0510135429102263));
#5336=CARTESIAN_POINT('',(-0.0135,-0.00287174900136949,-0.00145753543899642));
#5337=CARTESIAN_POINT('',(-0.0134999999999943,-0.0467328216912352,-0.0453186081288541));
#5338=CARTESIAN_POINT('',(-0.0132609475708172,-0.0468990731221877,-0.0451467883723461));
#5339=CARTESIAN_POINT('',(-0.0130218951416401,-0.0470653245531402,-0.0449749686158381));
#5340=CARTESIAN_POINT('',(-0.012782842712463,-0.0472315759840927,-0.04480314885933));
#5341=CARTESIAN_POINT('',(-0.0127828427124746,-0.0472315759840844,-0.0448031488593382));
#5342=CARTESIAN_POINT('',(-0.0127828427124746,-0.0452667390291383,-0.0428383119043922));
#5343=CARTESIAN_POINT('',(-0.0127828427124746,-0.0452667390291383,-0.0428383119043922));
#5344=CARTESIAN_POINT('',(-0.0135,-0.0447596322479518,-0.0433454186855787));
#5345=CARTESIAN_POINT('',(-0.0135,-0.047588059372698,-0.0405169915608325));
#5346=CARTESIAN_POINT('',(-0.0127828427124746,-0.047588059372698,-0.0405169915608325));
#5347=CARTESIAN_POINT('',(-0.0127828427124746,-0.0499093797162576,-0.0381956712172729));
#5348=CARTESIAN_POINT('',(-0.0135,-0.0504164864974442,-0.0376885644360863));
#5349=CARTESIAN_POINT('',(-0.0125,-0.0506674866718615,-0.0393537781728768));
#5350=CARTESIAN_POINT('',(-0.0127828427124746,-0.0508674866718615,-0.0391537781728768));
#5351=CARTESIAN_POINT('',(-0.0127828427124746,-0.0514892935514849,-0.0397755850525002));
#5352=CARTESIAN_POINT('',(-0.0127828427125257,-0.051489293551521,-0.0397755850524641));
#5353=CARTESIAN_POINT('',(-0.0130218951417153,-0.0516349356033127,-0.0395831559167775));
#5354=CARTESIAN_POINT('',(-0.013260947570905,-0.0517805776551043,-0.0393907267810909));
#5355=CARTESIAN_POINT('',(-0.0135000000000946,-0.0519262197068959,-0.0391982976454043));
#5356=CARTESIAN_POINT('',(-0.0025,-0.0465874253387722,-0.043758998214026));
#5357=CARTESIAN_POINT('',(-0.00221715728752539,-0.047508111648406,-0.0450796845236598));
#5358=CARTESIAN_POINT('',(-0.00221715728752539,-0.0452667390291383,-0.0428383119043922));
#5359=CARTESIAN_POINT('',(-0.00221715728752539,-0.0472315759840844,-0.0448031488593382));
#5360=CARTESIAN_POINT('',(-0.00221715728753698,-0.0472315759840926,-0.04480314885933));
#5361=CARTESIAN_POINT('',(-0.00197810485835988,-0.0470653245531401,-0.044974968615838));
#5362=CARTESIAN_POINT('',(-0.00173905242918278,-0.0468990731221876,-0.045146788372346));
#5363=CARTESIAN_POINT('',(-0.00150000000000567,-0.0467328216912352,-0.045318608128854));
#5364=CARTESIAN_POINT('',(-0.0025,-0.0454667390291383,-0.0426383119043922));
#5365=CARTESIAN_POINT('',(-0.0025,-0.047588059372698,-0.0405169915608325));
#5366=CARTESIAN_POINT('',(-0.0025,-0.0497093797162576,-0.0383956712172729));
#5367=CARTESIAN_POINT('',(-0.0022171572875254,-0.0499093797162576,-0.0381956712172729));
#5368=CARTESIAN_POINT('',(-0.0022171572875254,-0.047588059372698,-0.0405169915608325));
#5369=CARTESIAN_POINT('',(-0.0015,-0.00852860325086188,0.00419931881049597));
#5370=CARTESIAN_POINT('',(-0.00149999999990536,-0.0519262197068959,-0.0391982976454043));
#5371=CARTESIAN_POINT('',(-0.00173905242909501,-0.0517805776551043,-0.0393907267810909));
#5372=CARTESIAN_POINT('',(-0.00197810485828466,-0.0516349356033127,-0.0395831559167775));
#5373=CARTESIAN_POINT('',(-0.00221715728747431,-0.0514892935515211,-0.0397755850524641));
#5374=CARTESIAN_POINT('',(-0.00221715728747433,-0.051489293551521,-0.039775585052464));
#5375=CARTESIAN_POINT('',(-0.00221715728752539,-0.00802149646967533,0.00369221202930942));
#5376=CARTESIAN_POINT('',(-0.0135,-0.00205915864827166,-0.0037706127868247));
#5377=CARTESIAN_POINT('',(-0.0125000000000053,-0.0154748400810826,-0.0570373502603715));
#5378=CARTESIAN_POINT('',(-0.0128333333333448,-0.0157953871481267,-0.056945806887507));
#5379=CARTESIAN_POINT('',(-0.0131666666666843,-0.0161159342151708,-0.0568542635146425));
#5380=CARTESIAN_POINT('',(-0.0135000000000238,-0.0164364812822148,-0.056762720141778));
#5381=CARTESIAN_POINT('',(-0.0135000000000318,-0.015599213395256,-0.0536767081713474));
#5382=CARTESIAN_POINT('',(-0.0131666666666901,-0.0152787368928578,-0.053768511632234));
#5383=CARTESIAN_POINT('',(-0.0128333333333484,-0.0149582603904596,-0.0538603150931206));
#5384=CARTESIAN_POINT('',(-0.0125000000000067,-0.0146377838880613,-0.0539521185540073));
#5385=CARTESIAN_POINT('',(-0.0025,-0.00778987757634386,-0.0287120237417284));
#5386=CARTESIAN_POINT('',(-0.00149999999997618,-0.0164364812822149,-0.056762720141778));
#5387=CARTESIAN_POINT('',(-0.0018333333333157,-0.0161159342151708,-0.0568542635146425));
#5388=CARTESIAN_POINT('',(-0.00216666666665522,-0.0157953871481267,-0.056945806887507));
#5389=CARTESIAN_POINT('',(-0.00249999999999474,-0.0154748400810826,-0.0570373502603714));
#5390=CARTESIAN_POINT('',(-0.00249999999999328,-0.0146377838880613,-0.0539521185540072));
#5391=CARTESIAN_POINT('',(-0.0021666666666516,-0.0149582603904595,-0.0538603150931206));
#5392=CARTESIAN_POINT('',(-0.00183333333330993,-0.0152787368928577,-0.053768511632234));
#5393=CARTESIAN_POINT('',(-0.00149999999996825,-0.015599213395256,-0.0536767081713474));
#5394=CARTESIAN_POINT('',(-0.0125,-0.0287120237417284,-0.00778987757634387));
#5395=CARTESIAN_POINT('',(-0.0125000000000067,-0.0539521185540072,-0.0146377838880614));
#5396=CARTESIAN_POINT('',(-0.0128333333333484,-0.0538603150931206,-0.0149582603904596));
#5397=CARTESIAN_POINT('',(-0.0131666666666901,-0.053768511632234,-0.0152787368928578));
#5398=CARTESIAN_POINT('',(-0.0135000000000318,-0.0536767081713474,-0.015599213395256));
#5399=CARTESIAN_POINT('',(-0.0135000000000238,-0.056762720141778,-0.0164364812822149));
#5400=CARTESIAN_POINT('',(-0.0131666666666843,-0.0568542635146425,-0.0161159342151708));
#5401=CARTESIAN_POINT('',(-0.0128333333333448,-0.056945806887507,-0.0157953871481267));
#5402=CARTESIAN_POINT('',(-0.0125000000000053,-0.0570373502603714,-0.0154748400810826));
#5403=CARTESIAN_POINT('',(-0.0015,-0.00083220398211797,-0.00126193707086506));
#5404=CARTESIAN_POINT('',(-0.00149999999996825,-0.0536767081713475,-0.015599213395256));
#5405=CARTESIAN_POINT('',(-0.00183333333330993,-0.0537685116322341,-0.0152787368928578));
#5406=CARTESIAN_POINT('',(-0.00216666666665161,-0.0538603150931207,-0.0149582603904596));
#5407=CARTESIAN_POINT('',(-0.00249999999999328,-0.0539521185540073,-0.0146377838880614));
#5408=CARTESIAN_POINT('',(-0.00249999999999474,-0.0570373502603714,-0.0154748400810826));
#5409=CARTESIAN_POINT('',(-0.00216666666665522,-0.0569458068875069,-0.0157953871481267));
#5410=CARTESIAN_POINT('',(-0.0018333333333157,-0.0568542635146425,-0.0161159342151708));
#5411=CARTESIAN_POINT('',(-0.00149999999997618,-0.056762720141778,-0.0164364812822149));
#5412=CARTESIAN_POINT('',(-0.0135,-0.0542110222037631,-0.024523765445443));
#5413=CARTESIAN_POINT('',(-0.0019,-0.0542110222037631,-0.024523765445443));
#5414=CARTESIAN_POINT('',(-0.0131,-0.0542110222037631,-0.024523765445443));
#5415=CARTESIAN_POINT('',(-0.00177255652046682,-0.0570694094082536,-0.0168324837743741));
#5416=CARTESIAN_POINT('',(-0.00211107086039171,-0.0571658459952869,-0.0165055220253812));
#5417=CARTESIAN_POINT('',(-0.00244964886945991,-0.0572594726593089,-0.0161777314970066));
#5418=CARTESIAN_POINT('',(-0.002788240539599,-0.0573502755736444,-0.0158491606045542));
#5419=CARTESIAN_POINT('',(-0.0014897138079922,-0.0567598103568885,-0.0164463498775466));
#5420=CARTESIAN_POINT('',(-0.00182822814791709,-0.0568555986307316,-0.0161215861907318));
#5421=CARTESIAN_POINT('',(-0.00216680615698528,-0.0569485958718022,-0.0157959992961613));
#5422=CARTESIAN_POINT('',(-0.00250539782712438,-0.0570387883463775,-0.0154696372836582));
#5423=CARTESIAN_POINT('',(-0.0026656854213228,-0.0573172854831282,-0.0159680551455623));
#5424=CARTESIAN_POINT('',(-0.00261020570857566,-0.0572238708543099,-0.0158037930061638));
#5425=CARTESIAN_POINT('',(-0.00255472599582852,-0.0571304562254915,-0.0156395308667653));
#5426=CARTESIAN_POINT('',(-0.00249924628308138,-0.0570370415966732,-0.0154752687273668));
#5427=CARTESIAN_POINT('',(-0.00149855971054864,-0.0567646060402828,-0.016444429480916));
#5428=CARTESIAN_POINT('',(-0.00163237314064874,-0.0568784331036745,-0.0165324126231936));
#5429=CARTESIAN_POINT('',(-0.00176618657074885,-0.0569920922457989,-0.0166207207741696));
#5430=CARTESIAN_POINT('',(-0.00190000000084895,-0.0571055821336374,-0.0167093533471367));
#5431=CARTESIAN_POINT('',(-0.0015,-3.67761376907083E-16,-1.56125112837912E-16));
#5432=CARTESIAN_POINT('',(-0.0019,-0.0542110222037631,-0.024523765445443));
#5433=CARTESIAN_POINT('',(-0.00176665535639144,-0.0540725020889837,-0.0245064479874988));
#5434=CARTESIAN_POINT('',(-0.00163332198308823,-0.0539339803497517,-0.0244890570621457));
#5435=CARTESIAN_POINT('',(-0.0015,-0.0537954569687837,-0.0244715918877328));
#5436=CARTESIAN_POINT('',(-0.0135,-0.0570366970422679,-0.0154746628560545));
#5437=CARTESIAN_POINT('',(-0.0125007537169186,-0.0570370415966732,-0.0154752687273668));
#5438=CARTESIAN_POINT('',(-0.0124452740043813,-0.0571304562251401,-0.0156395308661475));
#5439=CARTESIAN_POINT('',(-0.0123897942918441,-0.0572238708536071,-0.0158037930049281));
#5440=CARTESIAN_POINT('',(-0.0123343145793068,-0.0573172854820741,-0.0159680551437088));
#5441=CARTESIAN_POINT('',(-0.0015,-0.0486708118319257,0.00433051953937488));
#5442=CARTESIAN_POINT('',(0.00656489961372009,-0.0466305865516877,-0.0302419254691862));
#5443=CARTESIAN_POINT('',(-0.00616234880166828,9.36750677027476E-17,1.00613961606655E-16));
#5444=CARTESIAN_POINT('',(-0.0065,-0.060485531429932,-0.0335399080719537));
#5445=CARTESIAN_POINT('',(-0.00638744960055609,-0.0605839734745973,-0.0335944952938965));
#5446=CARTESIAN_POINT('',(-0.00627489920111218,-0.0606824155192627,-0.0336490825158392));
#5447=CARTESIAN_POINT('',(-0.00616234880166827,-0.060780857563928,-0.033703669737782));
#5448=CARTESIAN_POINT('',(-0.0065,-0.06078613373121,-0.0329919822358079));
#5449=CARTESIAN_POINT('',(-0.00638745986372141,-0.0608719025197875,-0.0330699074363368));
#5450=CARTESIAN_POINT('',(-0.00627490940190139,-0.0609576740024902,-0.0331478147538091));
#5451=CARTESIAN_POINT('',(-0.00616234880166829,-0.061043448130493,-0.0332257045123171));
#5452=CARTESIAN_POINT('',(-0.0135110501595616,-0.0567595941747685,-0.0164470828109916));
#5453=CARTESIAN_POINT('',(-0.0131722797408213,-0.0568554591399335,-0.0161220745949575));
#5454=CARTESIAN_POINT('',(-0.0128334455188597,-0.056948528856781,-0.0157962418885205));
#5455=CARTESIAN_POINT('',(-0.0124945976153677,-0.0570387895603851,-0.0154696328907637));
#5456=CARTESIAN_POINT('',(-0.013228207447087,-0.0570691917629721,-0.0168332216684517));
#5457=CARTESIAN_POINT('',(-0.0128894370283467,-0.0571657055603886,-0.0165060137352193));
#5458=CARTESIAN_POINT('',(-0.0125506028063851,-0.0572594051907173,-0.0161779757312769));
#5459=CARTESIAN_POINT('',(-0.0122117549028931,-0.0573502767958686,-0.0158491561819278));
#5460=CARTESIAN_POINT('',(-0.0130999999976472,-0.0571055821349147,-0.0167093533481264));
#5461=CARTESIAN_POINT('',(-0.0132346507865872,-0.0569913832636203,-0.0166201620498885));
#5462=CARTESIAN_POINT('',(-0.0133693015755273,-0.056877012993962,-0.0165312992711495));
#5463=CARTESIAN_POINT('',(-0.0135039523644674,-0.0567624726843583,-0.016442765609795));
#5464=CARTESIAN_POINT('',(-0.0065,-0.0609508206832826,-0.0325909837629313));
#5465=CARTESIAN_POINT('',(-0.0019,-0.060997160748017,-0.0329085246377002));
#5466=CARTESIAN_POINT('',(-0.0061396616884119,-0.0610097434027471,-0.0329947460794011));
#5467=CARTESIAN_POINT('',(-0.0015,-0.0160617179678841,0.0117324335275181));
#5468=CARTESIAN_POINT('',(-0.0015,-0.0607401786088765,-0.0329460271134744));
#5469=CARTESIAN_POINT('',(-0.0131,-3.67761376907083E-16,-1.56125112837912E-16));
#5470=CARTESIAN_POINT('',(-0.0131,-0.0542110222037631,-0.024523765445443));
#5471=CARTESIAN_POINT('',(-0.0132333446436086,-0.0540725020889837,-0.0245064479874988));
#5472=CARTESIAN_POINT('',(-0.0133666780169118,-0.0539339803497517,-0.0244890570621457));
#5473=CARTESIAN_POINT('',(-0.0135,-0.0537954569687837,-0.0244715918877328));
#5474=CARTESIAN_POINT('',(-0.0065,-0.06078613373121,-0.0329919822358079));
#5475=CARTESIAN_POINT('',(-0.0065,-0.06078613373121,-0.0329919822358079));
#5476=CARTESIAN_POINT('',(-0.00616234880166828,-0.0607808575639281,-0.0337036697377821));
#5477=CARTESIAN_POINT('',(-0.00616502026872003,-0.0603059715743261,-0.0345614378744118));
#5478=CARTESIAN_POINT('',(-0.00578732633287022,-0.0598117139989636,-0.0354031206772562));
#5479=CARTESIAN_POINT('',(-0.00444127500610542,-0.0590743783000412,-0.0366183834577766));
#5480=CARTESIAN_POINT('',(-0.00348529984390927,-0.0588452130604743,-0.0369787148829241));
#5481=CARTESIAN_POINT('',(-0.0025,-0.0588478926509515,-0.0369753367874058));
#5482=CARTESIAN_POINT('',(-0.0065,-0.0604855314299321,-0.0335399080719539));
#5483=CARTESIAN_POINT('',(-0.00650291776364998,-0.0599518191428101,-0.0344546421324794));
#5484=CARTESIAN_POINT('',(-0.00609040223303299,-0.0593986786391118,-0.0353535197719079));
#5485=CARTESIAN_POINT('',(-0.00462025136347198,-0.0585753527471464,-0.0366524505583069));
#5486=CARTESIAN_POINT('',(-0.00357613981875288,-0.0583202586264972,-0.0370380735468172));
#5487=CARTESIAN_POINT('',(-0.0025,-0.0583232030853514,-0.0370344339768655));
#5488=CARTESIAN_POINT('',(-0.0025,-0.0588478926509515,-0.0369753367874059));
#5489=CARTESIAN_POINT('',(-0.0025,-0.0586729961290848,-0.0369950358505591));
#5490=CARTESIAN_POINT('',(-0.0025,-0.0584980996072181,-0.0370147349137123));
#5491=CARTESIAN_POINT('',(-0.0025,-0.0583232030853513,-0.0370344339768656));
#5492=CARTESIAN_POINT('',(-0.0015,-0.0607401786088765,-0.0329460271134744));
#5493=CARTESIAN_POINT('',(-0.0019,-0.061043448130493,-0.0332257045123171));
#5494=CARTESIAN_POINT('',(-0.00176665084429631,-0.0609423521779105,-0.0331325079697853));
#5495=CARTESIAN_POINT('',(-0.00163331739217301,-0.0608412622914841,-0.0330392823898251));
#5496=CARTESIAN_POINT('',(-0.0015,-0.0607401786088765,-0.0329460271134744));
#5497=CARTESIAN_POINT('',(-0.0135,-0.0486708118319257,0.00433051953937488));
#5498=CARTESIAN_POINT('',(-0.00883403674454882,-0.0584633404839161,-0.0240705204711203));
#5499=CARTESIAN_POINT('',(-0.0061,-0.0560312863970954,-0.0276714494767441));
#5500=CARTESIAN_POINT('',(-0.00508390179236969,-0.0578020351509591,-0.0280052183646741));
#5501=CARTESIAN_POINT('',(-0.0065,-0.0588478926509515,-0.0369753367874059));
#5502=CARTESIAN_POINT('',(-0.0019,-0.0588478926509515,-0.0369753367874059));
#5503=CARTESIAN_POINT('',(-0.0015,9.36750677027476E-17,1.00613961606655E-16));
#5504=CARTESIAN_POINT('',(-0.0015,-0.0585507582599304,-0.0366963037264953));
#5505=CARTESIAN_POINT('',(-0.00163332719725427,-0.0586498173285831,-0.0367893083455319));
#5506=CARTESIAN_POINT('',(-0.00176666055984212,-0.0587488620575483,-0.0368823193963542));
#5507=CARTESIAN_POINT('',(-0.0019,-0.0588478926509515,-0.0369753367874059));
#5508=CARTESIAN_POINT('',(-0.0131,-0.0560312863970954,-0.0276714494767441));
#5509=CARTESIAN_POINT('',(-0.0135,-0.0577818827503832,-0.0299877312549812));
#5510=CARTESIAN_POINT('',(-0.0135,-0.0580647254628578,-0.0297048885425065));
#5511=CARTESIAN_POINT('',(-0.0131,-0.0581008214115372,-0.0299384381053644));
#5512=CARTESIAN_POINT('',(-0.0019,-0.0588478926509515,-0.0369753367874059));
#5513=CARTESIAN_POINT('',(-0.00172904307146917,-0.0584204584196447,-0.0368899197042489));
#5514=CARTESIAN_POINT('',(-0.0135,-0.0577818827503832,-0.0299877312549812));
#5515=CARTESIAN_POINT('',(-0.078600000000003,4.34673676112108E-16,2.47596038758158E-16));
#5516=CARTESIAN_POINT('',(-0.0019,-0.0571709070888142,-0.0358821379803283));
#5517=CARTESIAN_POINT('',(-0.0015,-0.055644122331799,-0.0337896677983639));
#5518=CARTESIAN_POINT('',(-0.00163309519885483,-0.0556698892821623,-0.0340036597840344));
#5519=CARTESIAN_POINT('',(-0.00176642958445492,-0.0556952204813212,-0.0342175542796397));
#5520=CARTESIAN_POINT('',(-0.00190000000000031,-0.0557201216803444,-0.0344313525718589));
#5521=CARTESIAN_POINT('',(-0.0131,3.6429192995513E-16,2.58473797920545E-16));
#5522=CARTESIAN_POINT('',(-0.0135,-0.0519889366341876,-0.0391811238691079));
#5523=CARTESIAN_POINT('',(-0.0133666666662642,-0.0521175410999225,-0.0392320154824493));
#5524=CARTESIAN_POINT('',(-0.0132333333325284,-0.0522462566412048,-0.0392827079787197));
#5525=CARTESIAN_POINT('',(-0.0130999999987926,-0.0523750827675956,-0.0393332010551597));
#5526=CARTESIAN_POINT('',(-0.0015,3.6429192995513E-16,2.58473797920545E-16));
#5527=CARTESIAN_POINT('',(-0.00190000000036351,-0.052375082766782,-0.0393332010548379));
#5528=CARTESIAN_POINT('',(-0.001766666666909,-0.0522462566406629,-0.0392827079785043));
#5529=CARTESIAN_POINT('',(-0.0016333333334545,-0.0521175410996518,-0.0392320154823412));
#5530=CARTESIAN_POINT('',(-0.00149999999999999,-0.0519889366341875,-0.0391811238691079));
#5531=CARTESIAN_POINT('',(-0.0125569497001704,-0.0513504799578337,-0.039956232420495));
#5532=CARTESIAN_POINT('',(-0.01288210394529,-0.0515506997251695,-0.0396966146445194));
#5533=CARTESIAN_POINT('',(-0.0132069408981735,-0.0517489582262441,-0.0394354843212662));
#5534=CARTESIAN_POINT('',(-0.0135314234840077,-0.0519452328277838,-0.0391728712491653));
#5535=CARTESIAN_POINT('',(-0.0122741069876958,-0.0518672263784656,-0.0400005103462737));
#5536=CARTESIAN_POINT('',(-0.0125992612328154,-0.0520686763747865,-0.0397392973765901));
#5537=CARTESIAN_POINT('',(-0.0129240981856989,-0.0522681530540551,-0.0394765625659437));
#5538=CARTESIAN_POINT('',(-0.013248580771533,-0.0524656336439299,-0.0392123358958575));
#5539=CARTESIAN_POINT('',(-0.0122798903301297,-0.0518708092730682,-0.0399958641053074));
#5540=CARTESIAN_POINT('',(-0.0124475411242548,-0.0517436373658721,-0.0399224377543676));
#5541=CARTESIAN_POINT('',(-0.01261519191838,-0.051616465458676,-0.0398490114034278));
#5542=CARTESIAN_POINT('',(-0.0127828427125052,-0.05148929355148,-0.039775585052488));
#5543=CARTESIAN_POINT('',(-0.0135,-0.0518708092720724,-0.0399958641044333));
#5544=CARTESIAN_POINT('',(-0.00272010966995579,-0.0518708092720724,-0.0399958641044333));
#5545=CARTESIAN_POINT('',(-0.0121,-0.0513427509149907,-0.0400290424160059));
#5546=CARTESIAN_POINT('',(-0.00272589301086685,-0.0518672263793561,-0.040000510345119));
#5547=CARTESIAN_POINT('',(-0.00240073876623,-0.0520686763753727,-0.039739297375818));
#5548=CARTESIAN_POINT('',(-0.00207590181382844,-0.0522681530543429,-0.0394765625655588));
#5549=CARTESIAN_POINT('',(-0.00175141922847512,-0.052465633643925,-0.0392123358958641));
#5550=CARTESIAN_POINT('',(-0.00244305029839223,-0.0513504799587188,-0.0399562324193472));
#5551=CARTESIAN_POINT('',(-0.00211789605375539,-0.0515506997257521,-0.039696614643752));
#5552=CARTESIAN_POINT('',(-0.00179305910135382,-0.05174895822653,-0.0394354843208836));
#5553=CARTESIAN_POINT('',(-0.0014685765160005,-0.0519452328277788,-0.0391728712491719));
#5554=CARTESIAN_POINT('',(-0.00221715728747432,-0.051489293551521,-0.0397755850524641));
#5555=CARTESIAN_POINT('',(-0.00238480808130045,-0.0516164654593098,-0.0398490114030558));
#5556=CARTESIAN_POINT('',(-0.00255245887512658,-0.0517436373670987,-0.0399224377536476));
#5557=CARTESIAN_POINT('',(-0.00272010966895271,-0.0518708092748875,-0.0399958641042394));
#5558=CARTESIAN_POINT('',(-0.0121,-0.0513427509149907,-0.0400290424160059));
#5559=CARTESIAN_POINT('',(-0.0121,-0.0513427509149907,-0.0400290424160059));
#5560=CARTESIAN_POINT('',(-0.00272010966995579,-0.0518708092720724,-0.0399958641044333));
#5561=CARTESIAN_POINT('',(-0.00264191378023589,-0.0513981379527241,-0.0399332460464632));
#5562=CARTESIAN_POINT('',(-0.0121,-0.0506674866718615,-0.0393537781728768));
#5563=CARTESIAN_POINT('',(-0.0121,-0.0497093797162576,-0.0383956712172729));
#5564=CARTESIAN_POINT('',(-0.0029,-0.0506674866718615,-0.0393537781728768));
#5565=CARTESIAN_POINT('',(-0.00221715728752539,-0.0499093797162576,-0.0381956712172729));
#5566=CARTESIAN_POINT('',(-0.0121,-0.047588059372698,-0.0405169915608325));
#5567=CARTESIAN_POINT('',(-0.0121,-0.0454667390291383,-0.0426383119043922));
#5568=CARTESIAN_POINT('',(-0.0029,-0.047588059372698,-0.0405169915608325));
#5569=CARTESIAN_POINT('',(-0.0022171572875254,-0.0452667390291383,-0.0428383119043922));
#5570=CARTESIAN_POINT('',(-0.0121,-0.0465874253387722,-0.043758998214026));
#5571=CARTESIAN_POINT('',(-0.0124478476563468,-0.0473265995965393,-0.0447019369112414));
#5572=CARTESIAN_POINT('',(-0.0135,-0.0474252689359314,-0.0445968418111852));
#5573=CARTESIAN_POINT('',(-0.0029,-0.0474252689359314,-0.0445968418111852));
#5574=CARTESIAN_POINT('',(-0.0123365968634241,-0.0474331489068523,-0.0451701935437561));
#5575=CARTESIAN_POINT('',(-0.0029,-0.0465874253387722,-0.043758998214026));
#5576=CARTESIAN_POINT('',(-0.0029,-0.0474252689359314,-0.0445968418111852));
#5577=CARTESIAN_POINT('',(-0.0123365968634242,-0.0474331489068523,-0.0451701935437561));
#5578=CARTESIAN_POINT('',(-0.012782842712463,-0.0472315759840927,-0.04480314885933));
#5579=CARTESIAN_POINT('',(-0.0126340940963759,-0.0472987669583609,-0.0449254970881429));
#5580=CARTESIAN_POINT('',(-0.0124853454802889,-0.0473659579326291,-0.0450478453169557));
#5581=CARTESIAN_POINT('',(-0.0123365968642019,-0.0474331489068973,-0.0451701935457686));
#5582=CARTESIAN_POINT('',(-0.0029,-0.0474252689359314,-0.0445968418111852));
#5583=CARTESIAN_POINT('',(-0.00266340313658792,-0.0474331489075615,-0.045170193544448));
#5584=CARTESIAN_POINT('',(-0.00251465452023516,-0.0473659579330698,-0.0450478453160795));
#5585=CARTESIAN_POINT('',(-0.00236590590388241,-0.0472987669585781,-0.044925497087711));
#5586=CARTESIAN_POINT('',(-0.00221715728752965,-0.0472315759840865,-0.0448031488593424));
#5587=CARTESIAN_POINT('',(-0.0123313576559302,-0.0474367854412889,-0.0451663745181682));
#5588=CARTESIAN_POINT('',(-0.012625917252843,-0.0472323400776099,-0.0453810968927573));
#5589=CARTESIAN_POINT('',(-0.012920525885336,-0.047026436778029,-0.0455944311106451));
#5590=CARTESIAN_POINT('',(-0.0132151563908394,-0.046819094527564,-0.0458063575036433));
#5591=CARTESIAN_POINT('',(-0.0126179417107145,-0.0473454675968427,-0.0446838352389585));
#5592=CARTESIAN_POINT('',(-0.0129125013076274,-0.0471422891707973,-0.0448972269897944));
#5593=CARTESIAN_POINT('',(-0.0132071099401203,-0.0469376618436054,-0.0451092391862662));
#5594=CARTESIAN_POINT('',(-0.0135017404456238,-0.0467316044826358,-0.0453198522820684));
#5595=CARTESIAN_POINT('',(-0.0130947089425851,-0.0469037784923765,-0.0457196408908447));
#5596=CARTESIAN_POINT('',(-0.0132288744555475,-0.0468478391855385,-0.0455845286251588));
#5597=CARTESIAN_POINT('',(-0.0133630399685099,-0.0467915973813307,-0.0454496174387554));
#5598=CARTESIAN_POINT('',(-0.0134972054814722,-0.0467350539492044,-0.0453149084571384));
#5599=CARTESIAN_POINT('',(-0.00238207916034,-0.0473454819930714,-0.0446838201190588));
#5600=CARTESIAN_POINT('',(-0.0020863461486816,-0.0471414942476362,-0.0448980620095524));
#5601=CARTESIAN_POINT('',(-0.00179056370933883,-0.046936046033834,-0.0451109133329806));
#5602=CARTESIAN_POINT('',(-0.00149475933079323,-0.0467291564454149,-0.04532235430851));
#5603=CARTESIAN_POINT('',(-0.00266866321512434,-0.0474367999272865,-0.045166359303987));
#5604=CARTESIAN_POINT('',(-0.00237293020346593,-0.0472315401976328,-0.0453819371193573));
#5605=CARTESIAN_POINT('',(-0.00207714776412317,-0.0470248108927281,-0.0455961156966542));
#5606=CARTESIAN_POINT('',(-0.00178134338557757,-0.0468166312253834,-0.0458088751316993));
#5607=CARTESIAN_POINT('',(-0.00150279451852775,-0.0467350539492047,-0.0453149084571382));
#5608=CARTESIAN_POINT('',(-0.00163696003170208,-0.046791597381421,-0.0454496174389673));
#5609=CARTESIAN_POINT('',(-0.00177112554487642,-0.0468478391857177,-0.0455845286255836));
#5610=CARTESIAN_POINT('',(-0.00190529105805076,-0.0469037784926438,-0.045719640891483));
#5611=CARTESIAN_POINT('',(-0.0130947089429641,3.06352165857504E-15,3.01841884819965E-15));
#5612=CARTESIAN_POINT('',(-0.0134972054814723,-0.0453149084571381,-0.0467350539492046));
#5613=CARTESIAN_POINT('',(-0.0133630399682979,-0.0454496174389672,-0.046791597381421));
#5614=CARTESIAN_POINT('',(-0.0132288744551236,-0.0455845286255835,-0.0468478391857177));
#5615=CARTESIAN_POINT('',(-0.0130947089419493,-0.0457196408914827,-0.0469037784926439));
#5616=CARTESIAN_POINT('',(-0.0015,3.06352165857504E-15,3.01841884819965E-15));
#5617=CARTESIAN_POINT('',(-0.00190529105741492,-0.0457196408908448,-0.0469037784923765));
#5618=CARTESIAN_POINT('',(-0.00177112554445252,-0.0455845286251588,-0.0468478391855386));
#5619=CARTESIAN_POINT('',(-0.00163696003149013,-0.0454496174387553,-0.0467915973813309));
#5620=CARTESIAN_POINT('',(-0.00150279451852773,-0.0453149084571382,-0.0467350539492046));
#5621=CARTESIAN_POINT('',(-0.0126179417107142,-0.0446838352389582,-0.0473454675968429));
#5622=CARTESIAN_POINT('',(-0.0129125013076272,-0.0448972269897942,-0.0471422891707974));
#5623=CARTESIAN_POINT('',(-0.0132071099401204,-0.0451092391862662,-0.0469376618436054));
#5624=CARTESIAN_POINT('',(-0.0135017404456241,-0.0453198522820686,-0.0467316044826356));
#5625=CARTESIAN_POINT('',(-0.0123313576559298,-0.0451663745181679,-0.0474367854412892));
#5626=CARTESIAN_POINT('',(-0.0126259172528429,-0.0453810968927572,-0.0472323400776099));
#5627=CARTESIAN_POINT('',(-0.012920525885336,-0.0455944311106452,-0.0470264367780288));
#5628=CARTESIAN_POINT('',(-0.0132151563908397,-0.0458063575036435,-0.0468190945275638));
#5629=CARTESIAN_POINT('',(-0.012336596863412,-0.045170193544448,-0.0474331489075615));
#5630=CARTESIAN_POINT('',(-0.0124853454800442,-0.0450478453165498,-0.0473659579328348));
#5631=CARTESIAN_POINT('',(-0.0126340940966763,-0.0449254970886516,-0.0472987669581081));
#5632=CARTESIAN_POINT('',(-0.0127828427133084,-0.0448031488607534,-0.0472315759833813));
#5633=CARTESIAN_POINT('',(-0.0135,-0.045170193543756,-0.0474331489068523));
#5634=CARTESIAN_POINT('',(-0.00266340313657587,-0.045170193543756,-0.0474331489068523));
#5635=CARTESIAN_POINT('',(-0.0121,-0.0445968418111852,-0.0474252689359314));
#5636=CARTESIAN_POINT('',(-0.00266866333801652,-0.0451663592144033,-0.0474368000125825));
#5637=CARTESIAN_POINT('',(-0.00237292335534384,-0.0453819421117685,-0.0472315354449469));
#5638=CARTESIAN_POINT('',(-0.00207713394265275,-0.0455961257050964,-0.0470248012327752));
#5639=CARTESIAN_POINT('',(-0.00178132259036868,-0.0458088900888011,-0.046816616590237));
#5640=CARTESIAN_POINT('',(-0.00238207928323218,-0.0446838200300303,-0.0473454820778387));
#5641=CARTESIAN_POINT('',(-0.0020863393005595,-0.0448980669710258,-0.0471414895244025));
#5642=CARTESIAN_POINT('',(-0.00179054988786841,-0.0451109232794008,-0.0469360364337434));
#5643=CARTESIAN_POINT('',(-0.00149473853558434,-0.0453223691729233,-0.0467291419009618));
#5644=CARTESIAN_POINT('',(-0.00221715728753706,-0.0448031488593299,-0.0472315759840927));
#5645=CARTESIAN_POINT('',(-0.00236590590362409,-0.0449254970881428,-0.0472987669583609));
#5646=CARTESIAN_POINT('',(-0.00251465451971111,-0.0450478453169556,-0.0473659579326291));
#5647=CARTESIAN_POINT('',(-0.00266340313579814,-0.0451701935457685,-0.0474331489068973));
#5648=CARTESIAN_POINT('',(-0.0121,-0.0445968418111852,-0.0474252689359314));
#5649=CARTESIAN_POINT('',(-0.0121,-0.0445968418111852,-0.0474252689359314));
#5650=CARTESIAN_POINT('',(-0.00266340313657587,-0.045170193543756,-0.0474331489068523));
#5651=CARTESIAN_POINT('',(-0.00255215234365328,-0.0447019369112414,-0.0473265995965394));
#5652=CARTESIAN_POINT('',(-0.0121,-0.043758998214026,-0.0465874253387722));
#5653=CARTESIAN_POINT('',(-0.0121,-0.0426383119043922,-0.0454667390291384));
#5654=CARTESIAN_POINT('',(-0.0029,-0.043758998214026,-0.0465874253387722));
#5655=CARTESIAN_POINT('',(-0.00221715728752539,-0.0428383119043922,-0.0452667390291384));
#5656=CARTESIAN_POINT('',(-0.0075,-0.0349951468189656,-0.0548697023650784));
#5657=CARTESIAN_POINT('',(-0.0019,-0.0349951468189656,-0.0548697023650784));
#5658=CARTESIAN_POINT('',(-0.0135,-0.0347123041064909,-0.0545868596526037));
#5659=CARTESIAN_POINT('',(-0.0135,-0.0424849396593643,-0.0468142240997303));
#5660=CARTESIAN_POINT('',(-0.0135286274286794,-0.0382737629796535,-0.0509849154815469));
#5661=CARTESIAN_POINT('',(-0.0121,-0.0405169915608325,-0.047588059372698));
#5662=CARTESIAN_POINT('',(-0.0121,-0.0383956712172729,-0.0497093797162576));
#5663=CARTESIAN_POINT('',(-0.0029,-0.0405169915608325,-0.047588059372698));
#5664=CARTESIAN_POINT('',(-0.0022171572875254,-0.0381956712172729,-0.0499093797162576));
#5665=CARTESIAN_POINT('',(-0.0019,-0.0364870093890825,-0.0533778397949614));
#5666=CARTESIAN_POINT('',(-0.00242987329491128,-0.0386707869789092,-0.0519434162051376));
#5667=CARTESIAN_POINT('',(-0.0146889676474599,-0.0373277364752128,-0.0525371127088312));
#5668=CARTESIAN_POINT('',(-0.0123343145750508,-0.038992727630055,-0.050872121553989));
#5669=CARTESIAN_POINT('',(-0.0121,-0.0388356207799012,-0.050149329278886));
#5670=CARTESIAN_POINT('',(-0.0124414213562373,-0.038892727630055,-0.0504064361290397));
#5671=CARTESIAN_POINT('',(-0.0029,-0.0388356207799012,-0.050149329278886));
#5672=CARTESIAN_POINT('',(-0.0029,-0.038992727630055,-0.0503064361290397));
#5673=CARTESIAN_POINT('',(-0.00631103235254019,-0.041570377162332,-0.0482944720217119));
#5674=CARTESIAN_POINT('',(-0.00254393398282204,-0.0389384383081736,-0.0507728574852771));
#5675=CARTESIAN_POINT('',(-0.0123343145750508,-0.038992727630055,-0.050872121553989));
#5676=CARTESIAN_POINT('',(-0.0123343145750508,-0.038992727630055,-0.050872121553989));
#5677=CARTESIAN_POINT('',(-0.0029,-0.038992727630055,-0.0503064361290397));
#5678=CARTESIAN_POINT('',(-0.0029,-0.038992727630055,-0.0503064361290397));
#5679=CARTESIAN_POINT('',(-0.0135,-0.038992727630055,-0.0503064361290397));
#5680=CARTESIAN_POINT('',(-0.0135013020004169,-0.0268909764703794,-0.0525040531327306));
#5681=CARTESIAN_POINT('',(-0.0135011454809481,-0.0285505697774974,-0.0524848527306572));
#5682=CARTESIAN_POINT('',(-0.0135008614496807,-0.0302907573727585,-0.0523828510742391));
#5683=CARTESIAN_POINT('',(-0.0135007644723236,-0.0317645919730305,-0.0515972087755771));
#5684=CARTESIAN_POINT('',(-0.0135,-0.0268909838669662,-0.0525063048260505));
#5685=CARTESIAN_POINT('',(-0.0135,-0.0285507104299633,-0.0524870093858612));
#5686=CARTESIAN_POINT('',(-0.0135,-0.0302911566987535,-0.0523848281442332));
#5687=CARTESIAN_POINT('',(-0.0135,-0.0317654643966911,-0.0515988279171007));
#5688=CARTESIAN_POINT('',(-0.0132995436255191,-0.0268921226476854,-0.0528529762045823));
#5689=CARTESIAN_POINT('',(-0.0133236414098434,-0.0285723653257804,-0.0528190486675841));
#5690=CARTESIAN_POINT('',(-0.0133673709489147,-0.0303526370486525,-0.0526892184332004));
#5691=CARTESIAN_POINT('',(-0.0133823016118962,-0.0318997830050036,-0.0518481114314584));
#5692=CARTESIAN_POINT('',(-0.013299533170518,-0.0268906503948268,-0.0528529874987));
#5693=CARTESIAN_POINT('',(-0.0133659754690309,-0.0269719040071632,-0.0527370995973426));
#5694=CARTESIAN_POINT('',(-0.0134324177675438,-0.0270526040859332,-0.0526210500861208));
#5695=CARTESIAN_POINT('',(-0.0134988600660567,-0.0271327502300827,-0.0525048436474535));
#5696=CARTESIAN_POINT('',(-0.0131,-1.15359111152458E-16,-3.50414142147315E-16));
#5697=CARTESIAN_POINT('',(-0.0135039523644674,-0.0164427656097947,-0.0567624726843584));
#5698=CARTESIAN_POINT('',(-0.0133693015755272,-0.0165312992711491,-0.0568770129939623));
#5699=CARTESIAN_POINT('',(-0.0132346507865869,-0.0166201620498879,-0.0569913832636208));
#5700=CARTESIAN_POINT('',(-0.0130999999976467,-0.0167093533481257,-0.0571055821349153));
#5701=CARTESIAN_POINT('',(-0.013228207447087,-0.0168332216684517,-0.0570691917629721));
#5702=CARTESIAN_POINT('',(-0.0128894370283467,-0.0165060137352194,-0.0571657055603886));
#5703=CARTESIAN_POINT('',(-0.0125506028063851,-0.0161779757312768,-0.0572594051907173));
#5704=CARTESIAN_POINT('',(-0.0122117549028931,-0.0158491561819278,-0.0573502767958686));
#5705=CARTESIAN_POINT('',(-0.0135110501595616,-0.0164470828109916,-0.0567595941747685));
#5706=CARTESIAN_POINT('',(-0.0131722797408213,-0.0161220745949575,-0.0568554591399335));
#5707=CARTESIAN_POINT('',(-0.0128334455188597,-0.0157962418885205,-0.0569485288567809));
#5708=CARTESIAN_POINT('',(-0.0124945976153677,-0.0154696328907637,-0.0570387895603851));
#5709=CARTESIAN_POINT('',(-0.0123343145793068,-0.0159680551437088,-0.057317285482074));
#5710=CARTESIAN_POINT('',(-0.0123897942918441,-0.0158037930049281,-0.0572238708536071));
#5711=CARTESIAN_POINT('',(-0.0124452740043814,-0.0156395308661475,-0.0571304562251401));
#5712=CARTESIAN_POINT('',(-0.0125007537169186,-0.0154752687273668,-0.0570370415966731));
#5713=CARTESIAN_POINT('',(-0.0135,-0.0159680551426164,-0.0573172854814528));
#5714=CARTESIAN_POINT('',(-0.00249924628308136,-0.0154752687273668,-0.0570370415966731));
#5715=CARTESIAN_POINT('',(-0.0025547259958285,-0.0156395308667653,-0.0571304562254915));
#5716=CARTESIAN_POINT('',(-0.00261020570857564,-0.0158037930061638,-0.0572238708543098));
#5717=CARTESIAN_POINT('',(-0.00266568542132278,-0.0159680551455624,-0.0573172854831282));
#5718=CARTESIAN_POINT('',(-0.0014889498404382,-0.0164470828109918,-0.0567595941747685));
#5719=CARTESIAN_POINT('',(-0.00182772025917863,-0.0161220745949576,-0.0568554591399335));
#5720=CARTESIAN_POINT('',(-0.00216655448114035,-0.0157962418885205,-0.056948528856781));
#5721=CARTESIAN_POINT('',(-0.00250540238463243,-0.0154696328907635,-0.0570387895603851));
#5722=CARTESIAN_POINT('',(-0.00177179255291282,-0.0168332216684519,-0.0570691917629721));
#5723=CARTESIAN_POINT('',(-0.00211056297165325,-0.0165060137352194,-0.0571657055603886));
#5724=CARTESIAN_POINT('',(-0.00244939719361497,-0.0161779757312768,-0.0572594051907173));
#5725=CARTESIAN_POINT('',(-0.00278824509710705,-0.0158491561819276,-0.0573502767958687));
#5726=CARTESIAN_POINT('',(-0.00190000000084895,-0.0167093533471368,-0.0571055821336373));
#5727=CARTESIAN_POINT('',(-0.00176534921241017,-0.016620162049231,-0.0569913832627675));
#5728=CARTESIAN_POINT('',(-0.00163069842397138,-0.0165312992708219,-0.056877012993535));
#5729=CARTESIAN_POINT('',(-0.00149604763553259,-0.0164427656097947,-0.0567624726843584));
#5730=CARTESIAN_POINT('',(-0.0015,-1.15359111152458E-16,-3.50414142147315E-16));
#5731=CARTESIAN_POINT('',(-0.00150085602043237,-0.0271341465487792,-0.0525038024662719));
#5732=CARTESIAN_POINT('',(-0.00156737326811578,-0.0270535556198566,-0.0526203272143228));
#5733=CARTESIAN_POINT('',(-0.00163389051579919,-0.0269724071185124,-0.0527366930522959));
#5734=CARTESIAN_POINT('',(-0.00170040776348259,-0.0268907014569353,-0.0528528952477471));
#5735=CARTESIAN_POINT('',(-0.00149925223524954,-0.0317648466381324,-0.0515971811636473));
#5736=CARTESIAN_POINT('',(-0.00149915465602182,-0.0302902088921502,-0.052380475472853));
#5737=CARTESIAN_POINT('',(-0.00149888675628167,-0.0285499710699106,-0.0524815774142186));
#5738=CARTESIAN_POINT('',(-0.00149872790747777,-0.0268913301321172,-0.0525040252525569));
#5739=CARTESIAN_POINT('',(-0.00150000000000001,-0.0317656995412707,-0.0515987634838621));
#5740=CARTESIAN_POINT('',(-0.00150000000000006,-0.0302905857594036,-0.0523824150338812));
#5741=CARTESIAN_POINT('',(-0.00150000000000006,-0.0285501217010717,-0.0524836776599228));
#5742=CARTESIAN_POINT('',(-0.0015,-0.0268913378318549,-0.0525062257788384));
#5743=CARTESIAN_POINT('',(-0.00161778803758633,-0.0319000489965688,-0.0518480108478522));
#5744=CARTESIAN_POINT('',(-0.00163315873504198,-0.0303499499567378,-0.0526879350348485));
#5745=CARTESIAN_POINT('',(-0.00167535835015075,-0.0285738491485819,-0.0528145087398758));
#5746=CARTESIAN_POINT('',(-0.0017003802422189,-0.0268925506959115,-0.0528528530732977));
#5747=CARTESIAN_POINT('',(-0.00190400897447739,0.,0.));
#5748=CARTESIAN_POINT('',(-0.00150431069378565,-0.0155934287504308,-0.0536799899536938));
#5749=CARTESIAN_POINT('',(-0.0016375434530631,-0.0156119404125158,-0.0535361204200146));
#5750=CARTESIAN_POINT('',(-0.00177077621234055,-0.0156300300393663,-0.0533922797718382));
#5751=CARTESIAN_POINT('',(-0.00190400897161799,-0.0156476979038897,-0.0532484699369421));
#5752=CARTESIAN_POINT('',(-0.00190400897339479,-0.0532484699350213,-0.0156476979041354));
#5753=CARTESIAN_POINT('',(-0.00177077621352507,-0.0533922797705574,-0.0156300300395339));
#5754=CARTESIAN_POINT('',(-0.00163754345365535,-0.053536120419374,-0.0156119404126017));
#5755=CARTESIAN_POINT('',(-0.00150431069378563,-0.0536799899536937,-0.015593428750431));
#5756=CARTESIAN_POINT('',(-0.00149399748312621,-0.0536750028669704,-0.0156049702435092));
#5757=CARTESIAN_POINT('',(-0.00183147190069737,-0.0537708962500352,-0.0152813125908172));
#5758=CARTESIAN_POINT('',(-0.00216901696542157,-0.0538638579954787,-0.0149567863525041));
#5759=CARTESIAN_POINT('',(-0.00250657729609665,-0.0539538728490301,-0.0146314447732274));
#5760=CARTESIAN_POINT('',(-0.00177967496863939,-0.0532135278696443,-0.0157661172121201));
#5761=CARTESIAN_POINT('',(-0.00211714938621054,-0.0533087294777677,-0.0154447944259907));
#5762=CARTESIAN_POINT('',(-0.00245469445093475,-0.053401020597106,-0.0151226093202177));
#5763=CARTESIAN_POINT('',(-0.00279225478160982,-0.0534903860834327,-0.0147996147553512));
#5764=CARTESIAN_POINT('',(-0.00250095177134254,-0.0539516573976321,-0.014637454158289));
#5765=CARTESIAN_POINT('',(-0.00255641651452602,-0.0537868329659011,-0.0147313352491369));
#5766=CARTESIAN_POINT('',(-0.0026118812577095,-0.0536220085341701,-0.0148252163399847));
#5767=CARTESIAN_POINT('',(-0.00266734600089298,-0.0534571841024391,-0.0149190974308326));
#5768=CARTESIAN_POINT('',(-0.0017851006518616,-0.0157609511352965,-0.0532150582036015));
#5769=CARTESIAN_POINT('',(-0.00212078957511674,-0.0154413199127295,-0.0533097248808337));
#5770=CARTESIAN_POINT('',(-0.0024565481059761,-0.0151208357551387,-0.0534015117177669));
#5771=CARTESIAN_POINT('',(-0.00279232173798619,-0.0147995506881396,-0.0534904038093786));
#5772=CARTESIAN_POINT('',(-0.00149942316634843,-0.0155997666277977,-0.0536765443209782));
#5773=CARTESIAN_POINT('',(-0.00183511208960356,-0.0152778128302806,-0.0537718988861186));
#5774=CARTESIAN_POINT('',(-0.00217087062046293,-0.014954999899955,-0.0538643526848289));
#5775=CARTESIAN_POINT('',(-0.00250664425247302,-0.0146313802404764,-0.0539538907037802));
#5776=CARTESIAN_POINT('',(-0.0026673460016273,-0.0149190974320833,-0.0534571841002433));
#5777=CARTESIAN_POINT('',(-0.0026118345433714,-0.0148251377590395,-0.0536221464965598));
#5778=CARTESIAN_POINT('',(-0.0025563230851155,-0.0147311780859957,-0.0537871088928763));
#5779=CARTESIAN_POINT('',(-0.0025008116268596,-0.0146372184129519,-0.0539520712891928));
#5780=CARTESIAN_POINT('',(-0.0135,-0.0534571840989611,-0.0149190974328136));
#5781=CARTESIAN_POINT('',(-0.0123326539983728,-0.0534571841002433,-0.0149190974320833));
#5782=CARTESIAN_POINT('',(-0.0123881654566286,-0.0536221464965598,-0.0148251377590395));
#5783=CARTESIAN_POINT('',(-0.0124436769148845,-0.0537871088928764,-0.0147311780859957));
#5784=CARTESIAN_POINT('',(-0.0124991883731404,-0.0539520712891929,-0.0146372184129519));
#5785=CARTESIAN_POINT('',(-0.0135,-0.014637592753844,-0.0539514140692536));
#5786=CARTESIAN_POINT('',(-0.0124991883731404,-0.0146372184129519,-0.0539520712891929));
#5787=CARTESIAN_POINT('',(-0.0124436769151293,-0.0147311780855788,-0.0537871088936082));
#5788=CARTESIAN_POINT('',(-0.0123881654571181,-0.0148251377582057,-0.0536221464980236));
#5789=CARTESIAN_POINT('',(-0.012332653999107,-0.0149190974308326,-0.053457184102439));
#5790=CARTESIAN_POINT('',(-0.0132202580533952,-0.0532135467641047,-0.0157660534397307));
#5791=CARTESIAN_POINT('',(-0.0128827729858767,-0.0533087509888383,-0.0154447204081652));
#5792=CARTESIAN_POINT('',(-0.0125452172704142,-0.0534010445402461,-0.0151225250060744));
#5793=CARTESIAN_POINT('',(-0.0122076462934484,-0.0534904122726689,-0.0147995200990089));
#5794=CARTESIAN_POINT('',(-0.0135059355389083,-0.053675021898726,-0.0156049060077227));
#5795=CARTESIAN_POINT('',(-0.0131684504713899,-0.0537709179174143,-0.0152812380351469));
#5796=CARTESIAN_POINT('',(-0.0128308947559274,-0.0538638821125997,-0.0149567014256989));
#5797=CARTESIAN_POINT('',(-0.0124933237789616,-0.0539538992285683,-0.0146313494290723));
#5798=CARTESIAN_POINT('',(-0.0134956893062144,-0.0536799899536937,-0.015593428750431));
#5799=CARTESIAN_POINT('',(-0.0133624565463447,-0.053536120419374,-0.0156119404126016));
#5800=CARTESIAN_POINT('',(-0.0132292237864749,-0.0533922797705575,-0.0156300300395337));
#5801=CARTESIAN_POINT('',(-0.0130959910266052,-0.0532484699350214,-0.0156476979041351));
#5802=CARTESIAN_POINT('',(-0.0135005768336516,-0.0155997666277977,-0.0536765443209782));
#5803=CARTESIAN_POINT('',(-0.0131648879103966,-0.0152778128302807,-0.0537718988861186));
#5804=CARTESIAN_POINT('',(-0.0128291293795373,-0.0149549998999552,-0.0538643526848289));
#5805=CARTESIAN_POINT('',(-0.0124933557475273,-0.0146313802404767,-0.0539538907037801));
#5806=CARTESIAN_POINT('',(-0.0132148993481384,-0.0157609511352966,-0.0532150582036015));
#5807=CARTESIAN_POINT('',(-0.0128792104248834,-0.0154413199127296,-0.0533097248808336));
#5808=CARTESIAN_POINT('',(-0.0125434518940241,-0.0151208357551389,-0.0534015117177669));
#5809=CARTESIAN_POINT('',(-0.0122076782620142,-0.0147995506881398,-0.0534904038093785));
#5810=CARTESIAN_POINT('',(-0.0130959910266053,-0.0156476979041352,-0.0532484699350215));
#5811=CARTESIAN_POINT('',(-0.013229223786475,-0.0156300300395338,-0.0533922797705575));
#5812=CARTESIAN_POINT('',(-0.0133624565463447,-0.0156119404126016,-0.053536120419374));
#5813=CARTESIAN_POINT('',(-0.0134956893062144,-0.0155934287504311,-0.0536799899536937));
#5814=CARTESIAN_POINT('',(-0.0135,0.,0.));
#5815=CARTESIAN_POINT('',(-0.00601213960466281,-0.0278018605430335,-0.0484019996633646));
#5816=CARTESIAN_POINT('',(-0.00658741486855061,-0.0274574097052598,-0.048597204858386));
#5817=CARTESIAN_POINT('',(-0.00716100003659679,-0.0271108851891657,-0.0487887509246529));
#5818=CARTESIAN_POINT('',(-0.00773276567091184,-0.0267623651934896,-0.0489765946374001));
#5819=CARTESIAN_POINT('',(-0.00578954387023767,-0.0273639333563138,-0.0482852477653217));
#5820=CARTESIAN_POINT('',(-0.00636481913412547,-0.0270219897363493,-0.0484790320843059));
#5821=CARTESIAN_POINT('',(-0.00693840430217165,-0.0266779875321291,-0.0486691839089105));
#5822=CARTESIAN_POINT('',(-0.00751016993648669,-0.026332004373192,-0.0488556603289985));
#5823=CARTESIAN_POINT('',(-0.00604309697550917,-0.0277833215815321,-0.0484125012898833));
#5824=CARTESIAN_POINT('',(-0.00596199018127428,-0.0276415285148557,-0.0483712157106115));
#5825=CARTESIAN_POINT('',(-0.00588088314293273,-0.02749970503158,-0.0483299466564213));
#5826=CARTESIAN_POINT('',(-0.00579977586070873,-0.0273578511380986,-0.0482886941389138));
#5827=CARTESIAN_POINT('',(-0.00750000000015284,-0.0263381580149294,-0.0488523431671513));
#5828=CARTESIAN_POINT('',(-0.00750003050738699,-0.026526502029376,-0.0488684524801591));
#5829=CARTESIAN_POINT('',(-0.00750003041317137,-0.0267151417437982,-0.0488843225604179));
#5830=CARTESIAN_POINT('',(-0.0074999999999999,-0.0269040762529576,-0.0488999521427628));
#5831=CARTESIAN_POINT('',(-0.00580521456502209,-0.0273485718596437,-0.0482940391591224));
#5832=CARTESIAN_POINT('',(-0.00552943312582946,-0.0278274304649934,-0.0480233835399344));
#5833=CARTESIAN_POINT('',(-0.00552845446425493,-0.0284134303638626,-0.0476789856366273));
#5834=CARTESIAN_POINT('',(-0.00580517237807619,-0.0288799003575283,-0.0473941999175105));
#5835=CARTESIAN_POINT('',(-0.00616390371700639,-0.0276786757357548,-0.0485185661941045));
#5836=CARTESIAN_POINT('',(-0.00594648943657936,-0.0280811492509241,-0.0483258222624783));
#5837=CARTESIAN_POINT('',(-0.00594571790169062,-0.0285722679432683,-0.0480780770531307));
#5838=CARTESIAN_POINT('',(-0.00616387045862426,-0.0289620763723236,-0.0478712850540503));
#5839=CARTESIAN_POINT('',(-0.00614620901745522,-0.0289293834212839,-0.0478885990811609));
#5840=CARTESIAN_POINT('',(-0.00602947859712395,-0.0289082403618306,-0.0477273841658531));
#5841=CARTESIAN_POINT('',(-0.00591401826003271,-0.0288886994020767,-0.0475645124716772));
#5842=CARTESIAN_POINT('',(-0.00579990720292099,-0.0288707348591854,-0.0474000093656117));
#5843=CARTESIAN_POINT('',(-0.00921062088097721,-0.0273640312843531,-0.048285192267976));
#5844=CARTESIAN_POINT('',(-0.00863529004978566,-0.0270220552200745,-0.048478995889973));
#5845=CARTESIAN_POINT('',(-0.00806164962669765,-0.026678020168731,-0.0486691663239856));
#5846=CARTESIAN_POINT('',(-0.00748982908689669,-0.026332003782228,-0.0488556606475136));
#5847=CARTESIAN_POINT('',(-0.00898802514655207,-0.0278019591891061,-0.0484019437590983));
#5848=CARTESIAN_POINT('',(-0.00841269431536051,-0.0274574756691283,-0.0485971683986671));
#5849=CARTESIAN_POINT('',(-0.00783905389227251,-0.0271109180650674,-0.048788733210791));
#5850=CARTESIAN_POINT('',(-0.00726723335247155,-0.0267623645981925,-0.0489765949582507));
#5851=CARTESIAN_POINT('',(-0.00920035853373145,-0.0273580062617232,-0.0482886543919226));
#5852=CARTESIAN_POINT('',(-0.00911929255236887,-0.0274998598709187,-0.0483298910353487));
#5853=CARTESIAN_POINT('',(-0.00903822681266703,-0.0276416832139655,-0.0483711441402218));
#5854=CARTESIAN_POINT('',(-0.00895716131484709,-0.0277834762845286,-0.0484124136950483));
#5855=CARTESIAN_POINT('',(-0.00578960627344125,-0.0288648594034532,-0.0474032687910897));
#5856=CARTESIAN_POINT('',(-0.00636173074222785,-0.0291960090864541,-0.0472016247286863));
#5857=CARTESIAN_POINT('',(-0.00693531249805315,-0.0295250457108687,-0.0469965105019238));
#5858=CARTESIAN_POINT('',(-0.00751022558662936,-0.02985189702308,-0.0467879711527393));
#5859=CARTESIAN_POINT('',(-0.00601220200786638,-0.0288392160622803,-0.0479881294947809));
#5860=CARTESIAN_POINT('',(-0.00658432647665299,-0.0291727938191923,-0.0477850069266974));
#5861=CARTESIAN_POINT('',(-0.00715790823247828,-0.0295042430240338,-0.0475783887501249));
#5862=CARTESIAN_POINT('',(-0.0077328213210545,-0.0298334908934058,-0.0473683203372595));
#5863=CARTESIAN_POINT('',(-0.00750000000000003,-0.0296999939704876,-0.047453229172975));
#5864=CARTESIAN_POINT('',(-0.00749997761682091,-0.0297490366635948,-0.0472325734059387));
#5865=CARTESIAN_POINT('',(-0.00749997770716489,-0.0297977328695376,-0.0470120565601238));
#5866=CARTESIAN_POINT('',(-0.00750000000000014,-0.029846083231607,-0.0467916799897315));
#5867=CARTESIAN_POINT('',(-0.0091952606577058,-0.0288790803374817,-0.0473946989004325));
#5868=CARTESIAN_POINT('',(-0.00947170573006284,-0.0284117417065604,-0.0476799840328784));
#5869=CARTESIAN_POINT('',(-0.00946996611760409,-0.0278259492608145,-0.0480242301477163));
#5870=CARTESIAN_POINT('',(-0.009195456813331,-0.0273495652858837,-0.0482934814244177));
#5871=CARTESIAN_POINT('',(-0.00883647092824796,-0.0289613909418554,-0.0478716470934681));
#5872=CARTESIAN_POINT('',(-0.00905440838865159,-0.028570853336993,-0.0480787963371847));
#5873=CARTESIAN_POINT('',(-0.0090530369526621,-0.0280799053246824,-0.0483264269393005));
#5874=CARTESIAN_POINT('',(-0.00883662556894542,-0.0276795110964581,-0.0485181697195379));
#5875=CARTESIAN_POINT('',(-0.00920001853640448,-0.028870785142452,-0.0473999518108396));
#5876=CARTESIAN_POINT('',(-0.00908589962596582,-0.0288887504633024,-0.0475644637408337));
#5877=CARTESIAN_POINT('',(-0.00897043343837821,-0.0289082924325747,-0.0477273442905707));
#5878=CARTESIAN_POINT('',(-0.00885369904350059,-0.0289294364420728,-0.0478885683906809));
#5879=CARTESIAN_POINT('',(-0.00898771269553519,-0.0288392657945272,-0.0479880992117258));
#5880=CARTESIAN_POINT('',(-0.00841561668376966,-0.0291728266635481,-0.0477849864508034));
#5881=CARTESIAN_POINT('',(-0.00784206353692702,-0.0295042591896993,-0.0475783784331451));
#5882=CARTESIAN_POINT('',(-0.00726717919040575,-0.0298334906004968,-0.0473683205241428));
#5883=CARTESIAN_POINT('',(-0.00921030842996033,-0.0288649087737049,-0.0474032387284616));
#5884=CARTESIAN_POINT('',(-0.00863821241819481,-0.0291960416917396,-0.0472016044018339));
#5885=CARTESIAN_POINT('',(-0.00806465927135217,-0.0295250617588661,-0.04699650026004));
#5886=CARTESIAN_POINT('',(-0.00748977492483089,-0.0298518967323031,-0.0467879713382623));
#5887=CARTESIAN_POINT('',(-0.00978272600065686,-0.0325243819913323,-0.0573404671927117));
#5888=CARTESIAN_POINT('',(-0.0061180730040186,-0.0342998251507988,-0.0549993386082959));
#5889=CARTESIAN_POINT('',(-0.00601114794287484,-0.0343311703377931,-0.0551560645432674));
#5890=CARTESIAN_POINT('',(-0.00590629413004828,-0.0343614892855892,-0.0553143640936689));
#5891=CARTESIAN_POINT('',(-0.00580286802925991,-0.0343911008464221,-0.0554737483376218));
#5892=CARTESIAN_POINT('',(-0.0075,-0.0336835216994368,-0.0552968644124017));
#5893=CARTESIAN_POINT('',(-0.00819096349799072,-0.033975734542755,-0.0553234292163397));
#5894=CARTESIAN_POINT('',(-0.00888192699598144,-0.0342998251507988,-0.0549993386082959));
#5895=CARTESIAN_POINT('',(-0.0089888520571252,-0.0343311703377931,-0.0551560645432674));
#5896=CARTESIAN_POINT('',(-0.00909370586995176,-0.0343614892855892,-0.0553143640936689));
#5897=CARTESIAN_POINT('',(-0.00919713197074013,-0.0343911008464221,-0.0554737483376218));
#5898=CARTESIAN_POINT('',(-0.0075,-0.0349951468189656,-0.0548697023650784));
#5899=CARTESIAN_POINT('',(-0.0061180730040186,-0.0351247830621831,-0.0541743806969116));
#5900=CARTESIAN_POINT('',(-0.00601114794287485,-0.0352815089971546,-0.0542057258839059));
#5901=CARTESIAN_POINT('',(-0.0059062941300483,-0.0354398085475561,-0.054236044831702));
#5902=CARTESIAN_POINT('',(-0.00580286802925993,-0.035599192791509,-0.0542656563925349));
#5903=CARTESIAN_POINT('',(-0.0075,-0.0349951468189656,-0.0548697023650784));
#5904=CARTESIAN_POINT('',(-0.00888192699598143,-0.0351247830621831,-0.0541743806969116));
#5905=CARTESIAN_POINT('',(-0.00898885205712518,-0.0352815089971546,-0.0542057258839059));
#5906=CARTESIAN_POINT('',(-0.00909370586995174,-0.0354398085475561,-0.054236044831702));
#5907=CARTESIAN_POINT('',(-0.00919713197074011,-0.035599192791509,-0.0542656563925349));
#5908=CARTESIAN_POINT('',(-0.00680903650200931,-0.0354488736702269,-0.0538502900888677));
#5909=CARTESIAN_POINT('',(-0.0075,-0.0343110328030281,-0.0536591023422096));
#5910=CARTESIAN_POINT('',(-0.0116068696353523,-0.0344689256395952,-0.0553959235444487));
#5911=CARTESIAN_POINT('',(-0.006588960381543,-0.0170261586140345,-0.0570119328040295));
#5912=CARTESIAN_POINT('',(-0.00841103961845701,-0.0170270948753391,-0.0570116433843557));
#5913=CARTESIAN_POINT('',(-0.0093140508212327,-0.0173880618665287,-0.0569057856067201));
#5914=CARTESIAN_POINT('',(-0.0106031930576376,-0.018626553582261,-0.0565135578672915));
#5915=CARTESIAN_POINT('',(-0.0109765930022587,-0.0194888254244272,-0.0562251990542038));
#5916=CARTESIAN_POINT('',(-0.0109776574350255,-0.0212127135115975,-0.0555978072022875));
#5917=CARTESIAN_POINT('',(-0.0106032119983864,-0.0220576405865078,-0.0552647662881937));
#5918=CARTESIAN_POINT('',(-0.00931628923354219,-0.023256008765525,-0.0547701062859181));
#5919=CARTESIAN_POINT('',(-0.00840900596302574,-0.0236034562461537,-0.0546180005504125));
#5920=CARTESIAN_POINT('',(-0.00658353839232944,-0.0236031764356673,-0.0546181373840808));
#5921=CARTESIAN_POINT('',(-0.0056833851069127,-0.0232569127517432,-0.0547697645202989));
#5922=CARTESIAN_POINT('',(-0.00439696716724748,-0.0220566000368291,-0.0552651642921464));
#5923=CARTESIAN_POINT('',(-0.00402233894691055,-0.0212114549432307,-0.0555982723486458));
#5924=CARTESIAN_POINT('',(-0.00402341120170157,-0.019486010885192,-0.0562262163608689));
#5925=CARTESIAN_POINT('',(-0.00439884759621958,-0.0186244493818863,-0.0565142484958956));
#5926=CARTESIAN_POINT('',(-0.00568684045093283,-0.0173873531538922,-0.0569059881381553));
#5927=CARTESIAN_POINT('',(-0.006588960381543,-0.0170261586140345,-0.0570119328040295));
#5928=CARTESIAN_POINT('',(-0.00841103961845701,-0.0170270948753391,-0.0570116433843557));
#5929=CARTESIAN_POINT('',(-0.00668777080088769,-0.0172722887014823,-0.0565202844111547));
#5930=CARTESIAN_POINT('',(-0.00831222919911232,-0.0172731198859556,-0.0565200329096763));
#5931=CARTESIAN_POINT('',(-0.00911730081885042,-0.017593773786207,-0.056428685545611));
#5932=CARTESIAN_POINT('',(-0.0102666240720361,-0.0186929443837268,-0.0560867941398009));
#5933=CARTESIAN_POINT('',(-0.0105995254604178,-0.019457687693545,-0.0558337707186323));
#5934=CARTESIAN_POINT('',(-0.01060047444613,-0.0209848306836866,-0.0552779878943865));
#5935=CARTESIAN_POINT('',(-0.0102666409580145,-0.0217324425025321,-0.054980529119354));
#5936=CARTESIAN_POINT('',(-0.00911929645584293,-0.0227920151629471,-0.0545367586001418));
#5937=CARTESIAN_POINT('',(-0.00831041612543673,-0.0230989202406219,-0.0543995722184187));
#5938=CARTESIAN_POINT('',(-0.00668293686112624,-0.0230986735768473,-0.054399696765096));
#5939=CARTESIAN_POINT('',(-0.00588041320554726,-0.0227928155362106,-0.0545364546275887));
#5940=CARTESIAN_POINT('',(-0.00473351877525627,-0.0217315213780727,-0.0549808835334894));
#5941=CARTESIAN_POINT('',(-0.00439952232823359,-0.0209837159734427,-0.0552784006357312));
#5942=CARTESIAN_POINT('',(-0.00440047828756919,-0.019455194158309,-0.0558346712345703));
#5943=CARTESIAN_POINT('',(-0.00473519525496424,-0.0186910777293381,-0.0560873987873011));
#5944=CARTESIAN_POINT('',(-0.00588349378662558,-0.0175931440396309,-0.0564288596882769));
#5945=CARTESIAN_POINT('',(-0.00668777080088769,-0.0172722887014823,-0.0565202844111547));
#5946=CARTESIAN_POINT('',(-0.00831222919911232,-0.0172731198859556,-0.0565200329096763));
#5947=CARTESIAN_POINT('',(-0.0075,-0.0196661582412259,-0.0540323256951898));
#5948=CARTESIAN_POINT('',(-0.00695905021820425,-0.0208955743252067,-0.0514161953744279));
#5949=CARTESIAN_POINT('',(-0.00804094978179576,-0.0208950823813153,-0.0514163919315308));
#5950=CARTESIAN_POINT('',(-0.00857722406502297,-0.020691583163395,-0.0514998343852037));
#5951=CARTESIAN_POINT('',(-0.00934295822555646,-0.019983933443946,-0.0517789260097872));
#5952=CARTESIAN_POINT('',(-0.00956472376544795,-0.0194866455386091,-0.0519692973945818));
#5953=CARTESIAN_POINT('',(-0.0095653836684682,-0.0184769483228212,-0.0523368171966749));
#5954=CARTESIAN_POINT('',(-0.00934308202285888,-0.0179742483053855,-0.0525104022066712));
#5955=CARTESIAN_POINT('',(-0.00857861014960224,-0.0172542279672867,-0.0527509604080402));
#5956=CARTESIAN_POINT('',(-0.00803983263547311,-0.0170429192594076,-0.0528184496886077));
#5957=CARTESIAN_POINT('',(-0.00695578162000665,-0.0170430955897488,-0.0528183980100202));
#5958=CARTESIAN_POINT('',(-0.00642120110153382,-0.0172537160484004,-0.052751141681993));
#5959=CARTESIAN_POINT('',(-0.00565707030890616,-0.017974794545004,-0.0525102094463789));
#5960=CARTESIAN_POINT('',(-0.00543461163602395,-0.0184776505525925,-0.0523365641550597));
#5961=CARTESIAN_POINT('',(-0.00543528121767854,-0.0194881598928487,-0.0519687436543746));
#5962=CARTESIAN_POINT('',(-0.005658141112333,-0.0199850297237352,-0.0517785022072051));
#5963=CARTESIAN_POINT('',(-0.00642323357104358,-0.0206919243166492,-0.0514996920546838));
#5964=CARTESIAN_POINT('',(-0.00695905021820425,-0.0208955743252067,-0.0514161953744279));
#5965=CARTESIAN_POINT('',(-0.00804094978179576,-0.0208950823813153,-0.0514163919315308));
#5966=CARTESIAN_POINT('',(-0.00706777525049322,-0.0206612256732942,-0.0519413506269283));
#5967=CARTESIAN_POINT('',(-0.00793222474950679,-0.0206608308145716,-0.0519415119783737));
#5968=CARTESIAN_POINT('',(-0.00836071353429184,-0.0204976310947185,-0.0520103564801462));
#5969=CARTESIAN_POINT('',(-0.00897254330690753,-0.0199293986243054,-0.0522388648151652));
#5970=CARTESIAN_POINT('',(-0.00914973634231877,-0.0195297090826821,-0.0523937831560293));
#5971=CARTESIAN_POINT('',(-0.00915026361184886,-0.0187169391916297,-0.0526896274231754));
#5972=CARTESIAN_POINT('',(-0.00897264222210032,-0.018311672467377,-0.0528276796888677));
#5973=CARTESIAN_POINT('',(-0.00836182103084987,-0.017730681378445,-0.0530174750948174));
#5974=CARTESIAN_POINT('',(-0.00793133212441863,-0.0175599721075724,-0.0530701171800818));
#5975=CARTESIAN_POINT('',(-0.00706516361886472,-0.017560114860913,-0.053070077815685));
#5976=CARTESIAN_POINT('',(-0.00663802815672758,-0.0177302689729571,-0.0530176201112276));
#5977=CARTESIAN_POINT('',(-0.00602747949267124,-0.0183121125652927,-0.052827525606116));
#5978=CARTESIAN_POINT('',(-0.00584973263638297,-0.0187175046167827,-0.0526894241933666));
#5979=CARTESIAN_POINT('',(-0.00585026763925976,-0.0195309279300644,-0.0523933369524411));
#5980=CARTESIAN_POINT('',(-0.00602833507591127,-0.0199302794783702,-0.0522385192363876));
#5981=CARTESIAN_POINT('',(-0.00663965212171055,-0.0204979045292859,-0.0520102386618719));
#5982=CARTESIAN_POINT('',(-0.00706777525049322,-0.0206612256732942,-0.0519413506269283));
#5983=CARTESIAN_POINT('',(-0.00793222474950679,-0.0206608308145716,-0.0519415119783737));
#5984=CARTESIAN_POINT('',(-0.00831329873357214,-0.0543996336143284,-0.02309879903771));
#5985=CARTESIAN_POINT('',(-0.00668670126642787,-0.0543996339292643,-0.0230987980474733));
#5986=CARTESIAN_POINT('',(-0.00588226234785428,-0.0545364252178756,-0.0227927778787779));
#5987=CARTESIAN_POINT('',(-0.00473336035668533,-0.0549802601815427,-0.0217331216333941));
#5988=CARTESIAN_POINT('',(-0.0043999360610931,-0.0552776651880733,-0.0209856413100998));
#5989=CARTESIAN_POINT('',(-0.00440006484138797,-0.0558333174060307,-0.0194590090055336));
#5990=CARTESIAN_POINT('',(-0.00473197823564804,-0.0560863979201471,-0.0186941951056793));
#5991=CARTESIAN_POINT('',(-0.00588170993037251,-0.0564283697324063,-0.0175948052619687));
#5992=CARTESIAN_POINT('',(-0.00668256819667597,-0.0565201561903473,-0.0172727127123481));
#5993=CARTESIAN_POINT('',(-0.00831737031995578,-0.0565201611303984,-0.0172726958753832));
#5994=CARTESIAN_POINT('',(-0.00911818185939582,-0.056428382607161,-0.0175947584541077));
#5995=CARTESIAN_POINT('',(-0.0102679646822739,-0.0560864343794659,-0.0186940837952401));
#5996=CARTESIAN_POINT('',(-0.0105999319071945,-0.0558333344942953,-0.019458961457322));
#5997=CARTESIAN_POINT('',(-0.01060006724528,-0.0552776834861068,-0.0209855916458563));
#5998=CARTESIAN_POINT('',(-0.0102667042895885,-0.054980299795306,-0.021733023051303));
#5999=CARTESIAN_POINT('',(-0.0091178241644395,-0.0545364439447121,-0.0227927368068386));
#6000=CARTESIAN_POINT('',(-0.00831329873357214,-0.0543996336143284,-0.02309879903771));
#6001=CARTESIAN_POINT('',(-0.00668670126642787,-0.0543996339292643,-0.0230987980474733));
#6002=CARTESIAN_POINT('',(-0.00841223923041033,-0.0546180679878615,-0.0236033187482046));
#6003=CARTESIAN_POINT('',(-0.00658776076958969,-0.0546180683482887,-0.0236033176321817));
#6004=CARTESIAN_POINT('',(-0.00568545920373624,-0.0547697359828084,-0.0232568719395377));
#6005=CARTESIAN_POINT('',(-0.00439678947630427,-0.0552644650539848,-0.0220584080683648));
#6006=CARTESIAN_POINT('',(-0.00402280301167528,-0.0555974459152041,-0.0212136296512864));
#6007=CARTESIAN_POINT('',(-0.00402294745849047,-0.0562246843511354,-0.0194903158908573));
#6008=CARTESIAN_POINT('',(-0.00439523921625648,-0.0565131042220893,-0.0186279631174072));
#6009=CARTESIAN_POINT('',(-0.00568483958224452,-0.0569054226612966,-0.017389223885504));
#6010=CARTESIAN_POINT('',(-0.0065831249083611,-0.0570117852416721,-0.0170266362245432));
#6011=CARTESIAN_POINT('',(-0.00841680612861519,-0.0570117909466144,-0.0170266172651607));
#6012=CARTESIAN_POINT('',(-0.00931503904338266,-0.0569054376447013,-0.0173891712109728));
#6013=CARTESIAN_POINT('',(-0.0106046967574495,-0.0565131458169128,-0.0186278376259764));
#6014=CARTESIAN_POINT('',(-0.010977048894547,-0.0562247036646027,-0.0194902622251193));
#6015=CARTESIAN_POINT('',(-0.0109772006969284,-0.055597466546565,-0.0212135735801786));
#6016=CARTESIAN_POINT('',(-0.0106032830343863,-0.0552645093677732,-0.0220582966387124));
#6017=CARTESIAN_POINT('',(-0.00931463783308132,-0.0547697567138717,-0.0232568254274785));
#6018=CARTESIAN_POINT('',(-0.00841223923041033,-0.0546180679878615,-0.0236033187482046));
#6019=CARTESIAN_POINT('',(-0.00658776076958969,-0.0546180683482887,-0.0236033176321817));
#6020=CARTESIAN_POINT('',(-0.0075,-0.0536564486468754,-0.0195293501838957));
#6021=CARTESIAN_POINT('',(-0.00793281512252158,-0.0530701006558841,-0.0175600336044666));
#6022=CARTESIAN_POINT('',(-0.00706718487747843,-0.0530700948953674,-0.0175600515862123));
#6023=CARTESIAN_POINT('',(-0.00663897335304395,-0.0530176015967834,-0.0177302792091135));
#6024=CARTESIAN_POINT('',(-0.00602735280552624,-0.0528277990637818,-0.0183113236105226));
#6025=CARTESIAN_POINT('',(-0.00584996855769619,-0.0526897507167018,-0.0187165707294122));
#6026=CARTESIAN_POINT('',(-0.00585003189176099,-0.0523940608070567,-0.0195289759042428));
#6027=CARTESIAN_POINT('',(-0.0060266389373878,-0.0522391376313586,-0.0199287152005796));
#6028=CARTESIAN_POINT('',(-0.00663871290986872,-0.0520106024806603,-0.0204970221144644));
#6029=CARTESIAN_POINT('',(-0.00706498662642404,-0.0519414335454666,-0.0206610225784132));
#6030=CARTESIAN_POINT('',(-0.00793501833629448,-0.0519414290598369,-0.0206610339094493));
#6031=CARTESIAN_POINT('',(-0.00836127390039759,-0.0520105948446878,-0.02049704162572));
#6032=CARTESIAN_POINT('',(-0.0089733431402466,-0.0522391336592176,-0.019928724606638));
#6033=CARTESIAN_POINT('',(-0.0091499693091546,-0.0523940667578925,-0.0195289599784699));
#6034=CARTESIAN_POINT('',(-0.00915003020913281,-0.0526897655356877,-0.0187165295862093));
#6035=CARTESIAN_POINT('',(-0.00897262186580291,-0.0528278051819795,-0.0183113052205184));
#6036=CARTESIAN_POINT('',(-0.00836102662162328,-0.0530176033726672,-0.0177302734863323));
#6037=CARTESIAN_POINT('',(-0.00793281512252158,-0.0530701006558841,-0.0175600336044666));
#6038=CARTESIAN_POINT('',(-0.00706718487747843,-0.0530700948953674,-0.0175600515862123));
#6039=CARTESIAN_POINT('',(-0.00804168869545807,-0.052818427869022,-0.0170429951861815));
#6040=CARTESIAN_POINT('',(-0.00695831130454194,-0.052818420539871,-0.0170430174617739));
#6041=CARTESIAN_POINT('',(-0.00642238405961843,-0.0527511219422433,-0.0172537299516423));
#6042=CARTESIAN_POINT('',(-0.00565691175411256,-0.0525105521802524,-0.017973815533809));
#6043=CARTESIAN_POINT('',(-0.00543490690281441,-0.0523369727505577,-0.0184764914458222));
#6044=CARTESIAN_POINT('',(-0.00543498616842516,-0.051969639934301,-0.0194857338605385));
#6045=CARTESIAN_POINT('',(-0.0056560183142231,-0.051779259619466,-0.0199830825022776));
#6046=CARTESIAN_POINT('',(-0.00642205810240019,-0.0515001346204663,-0.0206908246795097));
#6047=CARTESIAN_POINT('',(-0.00695556007531608,-0.051416296399357,-0.0208953213005425));
#6048=CARTESIAN_POINT('',(-0.00804444613576298,-0.0514162909066034,-0.0208953354059753));
#6049=CARTESIAN_POINT('',(-0.00857792539001848,-0.0515001252522139,-0.0206908489610275));
#6050=CARTESIAN_POINT('',(-0.00934395925508116,-0.0517792548058752,-0.0199830942313506));
#6051=CARTESIAN_POINT('',(-0.00956501533457819,-0.051969647293205,-0.0194857140629935));
#6052=CARTESIAN_POINT('',(-0.00956509155381306,-0.0523369911941359,-0.018476440347303));
#6053=CARTESIAN_POINT('',(-0.00934305654585281,-0.0525105599076468,-0.0179737927342645));
#6054=CARTESIAN_POINT('',(-0.00857761590867066,-0.0527511242161025,-0.0172537228669248));
#6055=CARTESIAN_POINT('',(-0.00804168869545807,-0.052818427869022,-0.0170429951861815));
#6056=CARTESIAN_POINT('',(-0.00695831130454194,-0.052818420539871,-0.0170430174617739));
#6057=CARTESIAN_POINT('',(-0.01,-0.0545748497481781,-0.0340011143194424));
#6058=MECHANICAL_DESIGN_GEOMETRIC_PRESENTATION_REPRESENTATION('',(#2978),
#6060);
#6059=MECHANICAL_DESIGN_GEOMETRIC_PRESENTATION_REPRESENTATION('',(#2979),
#6061);
#6060=(
GEOMETRIC_REPRESENTATION_CONTEXT(3)
GLOBAL_UNCERTAINTY_ASSIGNED_CONTEXT((#6062))
GLOBAL_UNIT_ASSIGNED_CONTEXT((#6068,#6066,#6064))
REPRESENTATION_CONTEXT('Cable_Holder2','TOP_LEVEL_ASSEMBLY_PART')
);
#6061=(
GEOMETRIC_REPRESENTATION_CONTEXT(3)
GLOBAL_UNCERTAINTY_ASSIGNED_CONTEXT((#6063))
GLOBAL_UNIT_ASSIGNED_CONTEXT((#6069,#6067,#6065))
REPRESENTATION_CONTEXT('Cable_Holder1','TOP_LEVEL_ASSEMBLY_PART')
);
#6062=UNCERTAINTY_MEASURE_WITH_UNIT(LENGTH_MEASURE(2.E-5),#6068,
'DISTANCE_ACCURACY_VALUE','Maximum Tolerance applied to model');
#6063=UNCERTAINTY_MEASURE_WITH_UNIT(LENGTH_MEASURE(2.E-5),#6069,
'DISTANCE_ACCURACY_VALUE','Maximum Tolerance applied to model');
#6064=(
NAMED_UNIT(*)
SI_UNIT($,.STERADIAN.)
SOLID_ANGLE_UNIT()
);
#6065=(
NAMED_UNIT(*)
SI_UNIT($,.STERADIAN.)
SOLID_ANGLE_UNIT()
);
#6066=(
NAMED_UNIT(*)
PLANE_ANGLE_UNIT()
SI_UNIT($,.RADIAN.)
);
#6067=(
NAMED_UNIT(*)
PLANE_ANGLE_UNIT()
SI_UNIT($,.RADIAN.)
);
#6068=(
LENGTH_UNIT()
NAMED_UNIT(*)
SI_UNIT($,.METRE.)
);
#6069=(
LENGTH_UNIT()
NAMED_UNIT(*)
SI_UNIT($,.METRE.)
);
#6070=PRODUCT_DEFINITION_SHAPE('','',#6072);
#6071=PRODUCT_DEFINITION_SHAPE('','',#6073);
#6072=PRODUCT_DEFINITION('','',#6076,#6074);
#6073=PRODUCT_DEFINITION('','',#6077,#6075);
#6074=PRODUCT_DEFINITION_CONTEXT('',#6088,'design');
#6075=PRODUCT_DEFINITION_CONTEXT('',#6089,'design');
#6076=PRODUCT_DEFINITION_FORMATION_WITH_SPECIFIED_SOURCE('','',#6080,
 .NOT_KNOWN.);
#6077=PRODUCT_DEFINITION_FORMATION_WITH_SPECIFIED_SOURCE('','',#6081,
 .NOT_KNOWN.);
#6078=PRODUCT_RELATED_PRODUCT_CATEGORY('','',(#6080));
#6079=PRODUCT_RELATED_PRODUCT_CATEGORY('','',(#6081));
#6080=PRODUCT('Cable_Holder2','Cable_Holder2','Cable_Holder2',(#6084));
#6081=PRODUCT('Cable_Holder1','Cable_Holder1','Cable_Holder1',(#6085));
#6082=PRODUCT_CATEGORY('','');
#6083=PRODUCT_CATEGORY('','');
#6084=PRODUCT_CONTEXT('',#6088,'mechanical');
#6085=PRODUCT_CONTEXT('',#6089,'mechanical');
#6086=APPLICATION_PROTOCOL_DEFINITION('international standard',
'ap242_managed_model_based_3d_engineering',2020,#6088);
#6087=APPLICATION_PROTOCOL_DEFINITION('international standard',
'ap242_managed_model_based_3d_engineering',2020,#6089);
#6088=APPLICATION_CONTEXT('managed model based 3d engineering');
#6089=APPLICATION_CONTEXT('managed model based 3d engineering');
ENDSEC;
END-ISO-10303-21;
