ISO-10303-21;
HEADER;
/* Generated by software containing ST-Developer
 * from STEP Tools, Inc. (www.steptools.com) 
 */
/* OPTION: using custom renumber hook */

FILE_DESCRIPTION(
/* description */ ('STEP AP242 Edition 2',
'CAx-IF Rec.Pracs.---Representation and Presentation of Product Manufa
cturing Information (PMI)---4.0---2014-10-13',
'CAx-IF Rec.Pracs.---3D Tessellated Geometry---0.4---2014-09-14','2;1',
'CAx-IF Rec.Pracs.---User Defined Attributes---1.5---2016-08-15'),
/* implementation_level */ '2;1');

FILE_NAME(
/* name */ 'Part Studio 1 - Cover_HDMI',
/* time_stamp */ '2026-08-30T12:42:08Z',
/* author */ (''),
/* organization */ (''),
/* preprocessor_version */ 'ST-DEVELOPER v20',
/* originating_system */ 'ONSHAPE BY PTC INC, 1.220',
/* authorisation */ '  ');

FILE_SCHEMA (('AP242_MANAGED_MODEL_BASED_3D_ENGINEERING_MIM_LF { 1 0 10303 442 3 1 4 }'));
ENDSEC;

DATA;
#10=SHAPE_REPRESENTATION_RELATIONSHIP('','',#7128,#11);
#11=ADVANCED_BREP_SHAPE_REPRESENTATION('',(#7126),#11402);
#12=B_SPLINE_CURVE_WITH_KNOTS('',3,(#10998,#10999,#11000,#11001),
 .UNSPECIFIED.,.F.,.F.,(4,4),(0.,0.000603806651172927),.UNSPECIFIED.);
#13=B_SPLINE_CURVE_WITH_KNOTS('',3,(#11005,#11006,#11007,#11008),
 .UNSPECIFIED.,.F.,.F.,(4,4),(0.,0.000603806651172927),.UNSPECIFIED.);
#14=B_SPLINE_CURVE_WITH_KNOTS('',3,(#11014,#11015,#11016,#11017),
 .UNSPECIFIED.,.F.,.F.,(4,4),(0.,0.000603806651172927),.UNSPECIFIED.);
#15=B_SPLINE_CURVE_WITH_KNOTS('',3,(#11021,#11022,#11023,#11024),
 .UNSPECIFIED.,.F.,.F.,(4,4),(0.,0.000603806651172927),.UNSPECIFIED.);
#16=B_SPLINE_CURVE_WITH_KNOTS('',3,(#11026,#11027,#11028,#11029),
 .UNSPECIFIED.,.F.,.F.,(4,4),(0.,0.000603806651172925),.UNSPECIFIED.);
#17=B_SPLINE_CURVE_WITH_KNOTS('',3,(#11036,#11037,#11038,#11039),
 .UNSPECIFIED.,.F.,.F.,(4,4),(0.,0.000603806651172927),.UNSPECIFIED.);
#18=B_SPLINE_CURVE_WITH_KNOTS('',3,(#11058,#11059,#11060,#11061),
 .UNSPECIFIED.,.F.,.F.,(4,4),(0.,0.000603806651172925),.UNSPECIFIED.);
#19=B_SPLINE_CURVE_WITH_KNOTS('',3,(#11069,#11070,#11071,#11072),
 .UNSPECIFIED.,.F.,.F.,(4,4),(0.,0.000603806651172927),.UNSPECIFIED.);
#20=B_SPLINE_CURVE_WITH_KNOTS('',3,(#11207,#11208,#11209,#11210),
 .UNSPECIFIED.,.F.,.F.,(4,4),(0.,0.000597025192029062),.UNSPECIFIED.);
#21=B_SPLINE_CURVE_WITH_KNOTS('',3,(#11212,#11213,#11214,#11215),
 .UNSPECIFIED.,.F.,.F.,(4,4),(0.,0.000597025192029062),.UNSPECIFIED.);
#22=B_SPLINE_CURVE_WITH_KNOTS('',3,(#11221,#11222,#11223,#11224),
 .UNSPECIFIED.,.F.,.F.,(4,4),(0.,0.000597025192029059),.UNSPECIFIED.);
#23=B_SPLINE_CURVE_WITH_KNOTS('',3,(#11226,#11227,#11228,#11229),
 .UNSPECIFIED.,.F.,.F.,(4,4),(0.,0.000597025192029059),.UNSPECIFIED.);
#24=B_SPLINE_CURVE_WITH_KNOTS('',3,(#11244,#11245,#11246,#11247),
 .UNSPECIFIED.,.F.,.F.,(4,4),(0.,0.000597025192029062),.UNSPECIFIED.);
#25=B_SPLINE_CURVE_WITH_KNOTS('',3,(#11249,#11250,#11251,#11252),
 .UNSPECIFIED.,.F.,.F.,(4,4),(0.,0.000597025192029062),.UNSPECIFIED.);
#26=B_SPLINE_CURVE_WITH_KNOTS('',3,(#11258,#11259,#11260,#11261),
 .UNSPECIFIED.,.F.,.F.,(4,4),(0.,0.000597025192029059),.UNSPECIFIED.);
#27=B_SPLINE_CURVE_WITH_KNOTS('',3,(#11263,#11264,#11265,#11266),
 .UNSPECIFIED.,.F.,.F.,(4,4),(0.,0.000597025192029059),.UNSPECIFIED.);
#28=CONICAL_SURFACE('',#7277,0.00235,0.785398163397449);
#29=CONICAL_SURFACE('',#7278,0.00235,0.785398163397449);
#30=CONICAL_SURFACE('',#7279,0.00135,0.785398163397449);
#31=CONICAL_SURFACE('',#7280,0.00135,0.785398163397449);
#32=CONICAL_SURFACE('',#7386,0.0025,0.785398163397445);
#33=CONICAL_SURFACE('',#7391,0.0021,0.785398163397445);
#34=CONICAL_SURFACE('',#7395,0.0025,0.785398163397446);
#35=CONICAL_SURFACE('',#7407,0.0021,0.785398163397445);
#36=CONICAL_SURFACE('',#7448,0.0029,0.78539816339745);
#37=CONICAL_SURFACE('',#7449,0.0029,0.785398163397449);
#38=CONICAL_SURFACE('',#7450,0.0025,0.785398163397451);
#39=CONICAL_SURFACE('',#7451,0.0025,0.78539816339745);
#40=CONICAL_SURFACE('',#7452,0.00175,0.78539816339745);
#41=CONICAL_SURFACE('',#7453,0.00175,0.78539816339745);
#42=CONICAL_SURFACE('',#7454,0.00135,0.78539816339745);
#43=CONICAL_SURFACE('',#7455,0.00135,0.78539816339745);
#44=CONICAL_SURFACE('',#7475,0.0029,0.785398163397443);
#45=CONICAL_SURFACE('',#7479,0.0029,0.785398163397445);
#46=CONICAL_SURFACE('',#7488,0.0025,0.785398163397446);
#47=CONICAL_SURFACE('',#7492,0.0025,0.785398163397445);
#48=CONICAL_SURFACE('',#7550,0.00125,0.785398163397446);
#49=CONICAL_SURFACE('',#7551,0.00125,0.785398163397445);
#50=CONICAL_SURFACE('',#7552,0.00125,0.785398163397446);
#51=CONICAL_SURFACE('',#7553,0.00125,0.785398163397448);
#52=CONICAL_SURFACE('',#7554,0.00125,0.785398163397451);
#53=CONICAL_SURFACE('',#7555,0.00125,0.785398163397452);
#54=CONICAL_SURFACE('',#7556,0.00125,0.785398163397451);
#55=CONICAL_SURFACE('',#7557,0.00125,0.785398163397455);
#56=CYLINDRICAL_SURFACE('',#7209,0.00135);
#57=CYLINDRICAL_SURFACE('',#7212,0.00135);
#58=CYLINDRICAL_SURFACE('',#7215,0.00135);
#59=CYLINDRICAL_SURFACE('',#7218,0.00135);
#60=CYLINDRICAL_SURFACE('',#7238,0.0025);
#61=CYLINDRICAL_SURFACE('',#7244,0.0025);
#62=CYLINDRICAL_SURFACE('',#7249,0.0025);
#63=CYLINDRICAL_SURFACE('',#7254,0.0025);
#64=CYLINDRICAL_SURFACE('',#7257,0.0025);
#65=CYLINDRICAL_SURFACE('',#7262,0.0025);
#66=CYLINDRICAL_SURFACE('',#7267,0.0025);
#67=CYLINDRICAL_SURFACE('',#7272,0.0025);
#68=CYLINDRICAL_SURFACE('',#7536,0.00125);
#69=CYLINDRICAL_SURFACE('',#7539,0.00125);
#70=CYLINDRICAL_SURFACE('',#7542,0.00125);
#71=CYLINDRICAL_SURFACE('',#7545,0.00125);
#72=CIRCLE('',#7173,0.00155);
#73=CIRCLE('',#7174,0.00155);
#74=CIRCLE('',#7175,0.00155);
#75=CIRCLE('',#7176,0.00155);
#76=CIRCLE('',#7177,0.0029);
#77=CIRCLE('',#7178,0.0029);
#78=CIRCLE('',#7179,0.0029);
#79=CIRCLE('',#7180,0.0029);
#80=CIRCLE('',#7194,0.00175);
#81=CIRCLE('',#7195,0.00175);
#82=CIRCLE('',#7196,0.0021);
#83=CIRCLE('',#7197,0.0021);
#84=CIRCLE('',#7201,0.00155);
#85=CIRCLE('',#7202,0.00155);
#86=CIRCLE('',#7203,0.00155);
#87=CIRCLE('',#7204,0.00155);
#88=CIRCLE('',#7205,0.0029);
#89=CIRCLE('',#7206,0.0029);
#90=CIRCLE('',#7207,0.0029);
#91=CIRCLE('',#7208,0.0029);
#92=CIRCLE('',#7210,0.00135);
#93=CIRCLE('',#7211,0.00135);
#94=CIRCLE('',#7213,0.00135);
#95=CIRCLE('',#7214,0.00135);
#96=CIRCLE('',#7216,0.00135);
#97=CIRCLE('',#7217,0.00135);
#98=CIRCLE('',#7219,0.00135);
#99=CIRCLE('',#7220,0.00135);
#100=CIRCLE('',#7226,0.00175);
#101=CIRCLE('',#7227,0.00175);
#102=CIRCLE('',#7228,0.0021);
#103=CIRCLE('',#7229,0.0021);
#104=CIRCLE('',#7239,0.0025);
#105=CIRCLE('',#7240,0.0025);
#106=CIRCLE('',#7245,0.0025);
#107=CIRCLE('',#7246,0.0025);
#108=CIRCLE('',#7250,0.0025);
#109=CIRCLE('',#7251,0.0025);
#110=CIRCLE('',#7255,0.0025);
#111=CIRCLE('',#7256,0.0025);
#112=CIRCLE('',#7258,0.0025);
#113=CIRCLE('',#7259,0.0025);
#114=CIRCLE('',#7261,0.00235);
#115=CIRCLE('',#7263,0.0025);
#116=CIRCLE('',#7264,0.0025);
#117=CIRCLE('',#7266,0.00235);
#118=CIRCLE('',#7268,0.0025);
#119=CIRCLE('',#7269,0.0025);
#120=CIRCLE('',#7271,0.00235);
#121=CIRCLE('',#7273,0.0025);
#122=CIRCLE('',#7274,0.0025);
#123=CIRCLE('',#7276,0.00235);
#124=CIRCLE('',#7537,0.00125);
#125=CIRCLE('',#7538,0.00125);
#126=CIRCLE('',#7540,0.00125);
#127=CIRCLE('',#7541,0.00125);
#128=CIRCLE('',#7543,0.00125);
#129=CIRCLE('',#7544,0.00125);
#130=CIRCLE('',#7546,0.00125);
#131=CIRCLE('',#7547,0.00125);
#132=ORIENTED_EDGE('',*,*,#2078,.F.);
#133=ORIENTED_EDGE('',*,*,#2079,.F.);
#134=ORIENTED_EDGE('',*,*,#2080,.T.);
#135=ORIENTED_EDGE('',*,*,#2081,.T.);
#136=ORIENTED_EDGE('',*,*,#2082,.T.);
#137=ORIENTED_EDGE('',*,*,#2083,.F.);
#138=ORIENTED_EDGE('',*,*,#2084,.F.);
#139=ORIENTED_EDGE('',*,*,#2085,.F.);
#140=ORIENTED_EDGE('',*,*,#2086,.T.);
#141=ORIENTED_EDGE('',*,*,#2087,.F.);
#142=ORIENTED_EDGE('',*,*,#2088,.T.);
#143=ORIENTED_EDGE('',*,*,#2089,.T.);
#144=ORIENTED_EDGE('',*,*,#2090,.T.);
#145=ORIENTED_EDGE('',*,*,#2091,.F.);
#146=ORIENTED_EDGE('',*,*,#2092,.F.);
#147=ORIENTED_EDGE('',*,*,#2093,.F.);
#148=ORIENTED_EDGE('',*,*,#2094,.F.);
#149=ORIENTED_EDGE('',*,*,#2095,.T.);
#150=ORIENTED_EDGE('',*,*,#2096,.T.);
#151=ORIENTED_EDGE('',*,*,#2085,.T.);
#152=ORIENTED_EDGE('',*,*,#2097,.F.);
#153=ORIENTED_EDGE('',*,*,#2098,.F.);
#154=ORIENTED_EDGE('',*,*,#2099,.F.);
#155=ORIENTED_EDGE('',*,*,#2100,.T.);
#156=ORIENTED_EDGE('',*,*,#2101,.F.);
#157=ORIENTED_EDGE('',*,*,#2102,.T.);
#158=ORIENTED_EDGE('',*,*,#2103,.T.);
#159=ORIENTED_EDGE('',*,*,#2094,.T.);
#160=ORIENTED_EDGE('',*,*,#2104,.F.);
#161=ORIENTED_EDGE('',*,*,#2105,.F.);
#162=ORIENTED_EDGE('',*,*,#2106,.F.);
#163=ORIENTED_EDGE('',*,*,#2107,.F.);
#164=ORIENTED_EDGE('',*,*,#2108,.T.);
#165=ORIENTED_EDGE('',*,*,#2109,.F.);
#166=ORIENTED_EDGE('',*,*,#2110,.T.);
#167=ORIENTED_EDGE('',*,*,#2111,.T.);
#168=ORIENTED_EDGE('',*,*,#2112,.T.);
#169=ORIENTED_EDGE('',*,*,#2113,.F.);
#170=ORIENTED_EDGE('',*,*,#2114,.F.);
#171=ORIENTED_EDGE('',*,*,#2115,.F.);
#172=ORIENTED_EDGE('',*,*,#2116,.F.);
#173=ORIENTED_EDGE('',*,*,#2117,.T.);
#174=ORIENTED_EDGE('',*,*,#2118,.T.);
#175=ORIENTED_EDGE('',*,*,#2107,.T.);
#176=ORIENTED_EDGE('',*,*,#2119,.F.);
#177=ORIENTED_EDGE('',*,*,#2120,.F.);
#178=ORIENTED_EDGE('',*,*,#2121,.F.);
#179=ORIENTED_EDGE('',*,*,#2122,.T.);
#180=ORIENTED_EDGE('',*,*,#2123,.F.);
#181=ORIENTED_EDGE('',*,*,#2124,.T.);
#182=ORIENTED_EDGE('',*,*,#2125,.T.);
#183=ORIENTED_EDGE('',*,*,#2116,.T.);
#184=ORIENTED_EDGE('',*,*,#2126,.F.);
#185=ORIENTED_EDGE('',*,*,#2127,.F.);
#186=ORIENTED_EDGE('',*,*,#2128,.F.);
#187=ORIENTED_EDGE('',*,*,#2129,.F.);
#188=ORIENTED_EDGE('',*,*,#2130,.F.);
#189=ORIENTED_EDGE('',*,*,#2131,.T.);
#190=ORIENTED_EDGE('',*,*,#2132,.T.);
#191=ORIENTED_EDGE('',*,*,#2133,.T.);
#192=ORIENTED_EDGE('',*,*,#2134,.F.);
#193=ORIENTED_EDGE('',*,*,#2135,.F.);
#194=ORIENTED_EDGE('',*,*,#2136,.F.);
#195=ORIENTED_EDGE('',*,*,#2137,.F.);
#196=ORIENTED_EDGE('',*,*,#2138,.F.);
#197=ORIENTED_EDGE('',*,*,#2139,.T.);
#198=ORIENTED_EDGE('',*,*,#2140,.F.);
#199=ORIENTED_EDGE('',*,*,#2141,.T.);
#200=ORIENTED_EDGE('',*,*,#2142,.T.);
#201=ORIENTED_EDGE('',*,*,#2143,.T.);
#202=ORIENTED_EDGE('',*,*,#2144,.F.);
#203=ORIENTED_EDGE('',*,*,#2145,.F.);
#204=ORIENTED_EDGE('',*,*,#2146,.T.);
#205=ORIENTED_EDGE('',*,*,#2147,.F.);
#206=ORIENTED_EDGE('',*,*,#2148,.T.);
#207=ORIENTED_EDGE('',*,*,#2149,.T.);
#208=ORIENTED_EDGE('',*,*,#2150,.F.);
#209=ORIENTED_EDGE('',*,*,#2151,.F.);
#210=ORIENTED_EDGE('',*,*,#2152,.F.);
#211=ORIENTED_EDGE('',*,*,#2153,.F.);
#212=ORIENTED_EDGE('',*,*,#2154,.T.);
#213=ORIENTED_EDGE('',*,*,#2155,.F.);
#214=ORIENTED_EDGE('',*,*,#2156,.T.);
#215=ORIENTED_EDGE('',*,*,#2147,.T.);
#216=ORIENTED_EDGE('',*,*,#2157,.T.);
#217=ORIENTED_EDGE('',*,*,#2158,.F.);
#218=ORIENTED_EDGE('',*,*,#2159,.F.);
#219=ORIENTED_EDGE('',*,*,#2160,.T.);
#220=ORIENTED_EDGE('',*,*,#2161,.T.);
#221=ORIENTED_EDGE('',*,*,#2153,.T.);
#222=ORIENTED_EDGE('',*,*,#2162,.F.);
#223=ORIENTED_EDGE('',*,*,#2149,.F.);
#224=ORIENTED_EDGE('',*,*,#2163,.T.);
#225=ORIENTED_EDGE('',*,*,#2164,.T.);
#226=ORIENTED_EDGE('',*,*,#2159,.T.);
#227=ORIENTED_EDGE('',*,*,#2165,.F.);
#228=ORIENTED_EDGE('',*,*,#2166,.F.);
#229=ORIENTED_EDGE('',*,*,#2082,.F.);
#230=ORIENTED_EDGE('',*,*,#2167,.T.);
#231=ORIENTED_EDGE('',*,*,#2168,.F.);
#232=ORIENTED_EDGE('',*,*,#2169,.T.);
#233=ORIENTED_EDGE('',*,*,#2170,.T.);
#234=ORIENTED_EDGE('',*,*,#2171,.T.);
#235=ORIENTED_EDGE('',*,*,#2172,.T.);
#236=ORIENTED_EDGE('',*,*,#2173,.F.);
#237=ORIENTED_EDGE('',*,*,#2174,.F.);
#238=ORIENTED_EDGE('',*,*,#2175,.F.);
#239=ORIENTED_EDGE('',*,*,#2176,.T.);
#240=ORIENTED_EDGE('',*,*,#2177,.F.);
#241=ORIENTED_EDGE('',*,*,#2178,.T.);
#242=ORIENTED_EDGE('',*,*,#2179,.T.);
#243=ORIENTED_EDGE('',*,*,#2079,.T.);
#244=ORIENTED_EDGE('',*,*,#2180,.F.);
#245=ORIENTED_EDGE('',*,*,#2181,.F.);
#246=ORIENTED_EDGE('',*,*,#2182,.F.);
#247=ORIENTED_EDGE('',*,*,#2183,.F.);
#248=ORIENTED_EDGE('',*,*,#2184,.T.);
#249=ORIENTED_EDGE('',*,*,#2185,.F.);
#250=ORIENTED_EDGE('',*,*,#2186,.T.);
#251=ORIENTED_EDGE('',*,*,#2187,.T.);
#252=ORIENTED_EDGE('',*,*,#2188,.T.);
#253=ORIENTED_EDGE('',*,*,#2189,.F.);
#254=ORIENTED_EDGE('',*,*,#2190,.F.);
#255=ORIENTED_EDGE('',*,*,#2191,.T.);
#256=ORIENTED_EDGE('',*,*,#2192,.T.);
#257=ORIENTED_EDGE('',*,*,#2183,.T.);
#258=ORIENTED_EDGE('',*,*,#2193,.F.);
#259=ORIENTED_EDGE('',*,*,#2194,.T.);
#260=ORIENTED_EDGE('',*,*,#2195,.F.);
#261=ORIENTED_EDGE('',*,*,#2196,.T.);
#262=ORIENTED_EDGE('',*,*,#2197,.T.);
#263=ORIENTED_EDGE('',*,*,#2190,.T.);
#264=ORIENTED_EDGE('',*,*,#2198,.F.);
#265=ORIENTED_EDGE('',*,*,#2199,.F.);
#266=ORIENTED_EDGE('',*,*,#2200,.F.);
#267=ORIENTED_EDGE('',*,*,#2201,.F.);
#268=ORIENTED_EDGE('',*,*,#2202,.T.);
#269=ORIENTED_EDGE('',*,*,#2203,.F.);
#270=ORIENTED_EDGE('',*,*,#2204,.T.);
#271=ORIENTED_EDGE('',*,*,#2205,.T.);
#272=ORIENTED_EDGE('',*,*,#2206,.T.);
#273=ORIENTED_EDGE('',*,*,#2207,.F.);
#274=ORIENTED_EDGE('',*,*,#2208,.F.);
#275=ORIENTED_EDGE('',*,*,#2209,.T.);
#276=ORIENTED_EDGE('',*,*,#2210,.T.);
#277=ORIENTED_EDGE('',*,*,#2201,.T.);
#278=ORIENTED_EDGE('',*,*,#2211,.F.);
#279=ORIENTED_EDGE('',*,*,#2212,.T.);
#280=ORIENTED_EDGE('',*,*,#2213,.F.);
#281=ORIENTED_EDGE('',*,*,#2214,.T.);
#282=ORIENTED_EDGE('',*,*,#2215,.T.);
#283=ORIENTED_EDGE('',*,*,#2208,.T.);
#284=ORIENTED_EDGE('',*,*,#2216,.F.);
#285=ORIENTED_EDGE('',*,*,#2217,.F.);
#286=ORIENTED_EDGE('',*,*,#2218,.F.);
#287=ORIENTED_EDGE('',*,*,#2219,.F.);
#288=ORIENTED_EDGE('',*,*,#2220,.T.);
#289=ORIENTED_EDGE('',*,*,#2221,.F.);
#290=ORIENTED_EDGE('',*,*,#2222,.T.);
#291=ORIENTED_EDGE('',*,*,#2223,.T.);
#292=ORIENTED_EDGE('',*,*,#2224,.F.);
#293=ORIENTED_EDGE('',*,*,#2225,.T.);
#294=ORIENTED_EDGE('',*,*,#2226,.F.);
#295=ORIENTED_EDGE('',*,*,#2227,.T.);
#296=ORIENTED_EDGE('',*,*,#2219,.T.);
#297=ORIENTED_EDGE('',*,*,#2228,.F.);
#298=ORIENTED_EDGE('',*,*,#2229,.F.);
#299=ORIENTED_EDGE('',*,*,#2230,.F.);
#300=ORIENTED_EDGE('',*,*,#2231,.T.);
#301=ORIENTED_EDGE('',*,*,#2232,.F.);
#302=ORIENTED_EDGE('',*,*,#2129,.T.);
#303=ORIENTED_EDGE('',*,*,#2233,.F.);
#304=ORIENTED_EDGE('',*,*,#2143,.F.);
#305=ORIENTED_EDGE('',*,*,#2234,.T.);
#306=ORIENTED_EDGE('',*,*,#2235,.T.);
#307=ORIENTED_EDGE('',*,*,#2230,.T.);
#308=ORIENTED_EDGE('',*,*,#2236,.F.);
#309=ORIENTED_EDGE('',*,*,#2237,.T.);
#310=ORIENTED_EDGE('',*,*,#2238,.F.);
#311=ORIENTED_EDGE('',*,*,#2239,.F.);
#312=ORIENTED_EDGE('',*,*,#2240,.T.);
#313=ORIENTED_EDGE('',*,*,#2241,.T.);
#314=ORIENTED_EDGE('',*,*,#2242,.F.);
#315=ORIENTED_EDGE('',*,*,#2176,.F.);
#316=ORIENTED_EDGE('',*,*,#2243,.F.);
#317=ORIENTED_EDGE('',*,*,#2206,.F.);
#318=ORIENTED_EDGE('',*,*,#2244,.T.);
#319=ORIENTED_EDGE('',*,*,#2245,.T.);
#320=ORIENTED_EDGE('',*,*,#2246,.T.);
#321=ORIENTED_EDGE('',*,*,#2247,.F.);
#322=ORIENTED_EDGE('',*,*,#2248,.F.);
#323=ORIENTED_EDGE('',*,*,#2249,.T.);
#324=ORIENTED_EDGE('',*,*,#2250,.F.);
#325=ORIENTED_EDGE('',*,*,#2251,.T.);
#326=ORIENTED_EDGE('',*,*,#2252,.T.);
#327=ORIENTED_EDGE('',*,*,#2253,.T.);
#328=ORIENTED_EDGE('',*,*,#2254,.F.);
#329=ORIENTED_EDGE('',*,*,#2212,.F.);
#330=ORIENTED_EDGE('',*,*,#2255,.F.);
#331=ORIENTED_EDGE('',*,*,#2256,.T.);
#332=ORIENTED_EDGE('',*,*,#2257,.T.);
#333=ORIENTED_EDGE('',*,*,#2258,.T.);
#334=ORIENTED_EDGE('',*,*,#2259,.F.);
#335=ORIENTED_EDGE('',*,*,#2146,.F.);
#336=ORIENTED_EDGE('',*,*,#2260,.F.);
#337=ORIENTED_EDGE('',*,*,#2157,.F.);
#338=ORIENTED_EDGE('',*,*,#2259,.T.);
#339=ORIENTED_EDGE('',*,*,#2261,.T.);
#340=ORIENTED_EDGE('',*,*,#2262,.F.);
#341=ORIENTED_EDGE('',*,*,#2263,.T.);
#342=ORIENTED_EDGE('',*,*,#2264,.F.);
#343=ORIENTED_EDGE('',*,*,#2188,.F.);
#344=ORIENTED_EDGE('',*,*,#2265,.T.);
#345=ORIENTED_EDGE('',*,*,#2266,.T.);
#346=ORIENTED_EDGE('',*,*,#2267,.F.);
#347=ORIENTED_EDGE('',*,*,#2268,.T.);
#348=ORIENTED_EDGE('',*,*,#2269,.F.);
#349=ORIENTED_EDGE('',*,*,#2270,.T.);
#350=ORIENTED_EDGE('',*,*,#2271,.T.);
#351=ORIENTED_EDGE('',*,*,#2272,.T.);
#352=ORIENTED_EDGE('',*,*,#2273,.F.);
#353=ORIENTED_EDGE('',*,*,#2194,.F.);
#354=ORIENTED_EDGE('',*,*,#2274,.F.);
#355=ORIENTED_EDGE('',*,*,#2223,.F.);
#356=ORIENTED_EDGE('',*,*,#2275,.T.);
#357=ORIENTED_EDGE('',*,*,#2276,.T.);
#358=ORIENTED_EDGE('',*,*,#2277,.F.);
#359=ORIENTED_EDGE('',*,*,#2278,.T.);
#360=ORIENTED_EDGE('',*,*,#2279,.F.);
#361=ORIENTED_EDGE('',*,*,#2280,.T.);
#362=ORIENTED_EDGE('',*,*,#2277,.T.);
#363=ORIENTED_EDGE('',*,*,#2281,.T.);
#364=ORIENTED_EDGE('',*,*,#2282,.F.);
#365=ORIENTED_EDGE('',*,*,#2225,.F.);
#366=ORIENTED_EDGE('',*,*,#2283,.F.);
#367=ORIENTED_EDGE('',*,*,#2135,.T.);
#368=ORIENTED_EDGE('',*,*,#2284,.T.);
#369=ORIENTED_EDGE('',*,*,#2137,.T.);
#370=ORIENTED_EDGE('',*,*,#2285,.F.);
#371=ORIENTED_EDGE('',*,*,#2114,.T.);
#372=ORIENTED_EDGE('',*,*,#2286,.T.);
#373=ORIENTED_EDGE('',*,*,#2120,.T.);
#374=ORIENTED_EDGE('',*,*,#2287,.F.);
#375=ORIENTED_EDGE('',*,*,#2092,.T.);
#376=ORIENTED_EDGE('',*,*,#2288,.T.);
#377=ORIENTED_EDGE('',*,*,#2098,.T.);
#378=ORIENTED_EDGE('',*,*,#2289,.F.);
#379=ORIENTED_EDGE('',*,*,#2174,.T.);
#380=ORIENTED_EDGE('',*,*,#2290,.T.);
#381=ORIENTED_EDGE('',*,*,#2291,.F.);
#382=ORIENTED_EDGE('',*,*,#2292,.F.);
#383=ORIENTED_EDGE('',*,*,#2293,.T.);
#384=ORIENTED_EDGE('',*,*,#2291,.T.);
#385=ORIENTED_EDGE('',*,*,#2294,.T.);
#386=ORIENTED_EDGE('',*,*,#2172,.F.);
#387=ORIENTED_EDGE('',*,*,#2295,.F.);
#388=ORIENTED_EDGE('',*,*,#2296,.T.);
#389=ORIENTED_EDGE('',*,*,#2297,.F.);
#390=ORIENTED_EDGE('',*,*,#2298,.T.);
#391=ORIENTED_EDGE('',*,*,#2299,.F.);
#392=ORIENTED_EDGE('',*,*,#2139,.F.);
#393=ORIENTED_EDGE('',*,*,#2300,.F.);
#394=ORIENTED_EDGE('',*,*,#2301,.T.);
#395=ORIENTED_EDGE('',*,*,#2302,.F.);
#396=ORIENTED_EDGE('',*,*,#2303,.T.);
#397=ORIENTED_EDGE('',*,*,#2304,.T.);
#398=ORIENTED_EDGE('',*,*,#2305,.T.);
#399=ORIENTED_EDGE('',*,*,#2306,.F.);
#400=ORIENTED_EDGE('',*,*,#2307,.T.);
#401=ORIENTED_EDGE('',*,*,#2308,.T.);
#402=ORIENTED_EDGE('',*,*,#2309,.T.);
#403=ORIENTED_EDGE('',*,*,#2310,.F.);
#404=ORIENTED_EDGE('',*,*,#2302,.T.);
#405=ORIENTED_EDGE('',*,*,#2311,.F.);
#406=ORIENTED_EDGE('',*,*,#2312,.T.);
#407=ORIENTED_EDGE('',*,*,#2313,.T.);
#408=ORIENTED_EDGE('',*,*,#2314,.T.);
#409=ORIENTED_EDGE('',*,*,#2315,.T.);
#410=ORIENTED_EDGE('',*,*,#2316,.T.);
#411=ORIENTED_EDGE('',*,*,#2317,.T.);
#412=ORIENTED_EDGE('',*,*,#2318,.T.);
#413=ORIENTED_EDGE('',*,*,#2319,.F.);
#414=ORIENTED_EDGE('',*,*,#2320,.F.);
#415=ORIENTED_EDGE('',*,*,#2321,.T.);
#416=ORIENTED_EDGE('',*,*,#2322,.T.);
#417=ORIENTED_EDGE('',*,*,#2305,.F.);
#418=ORIENTED_EDGE('',*,*,#2323,.F.);
#419=ORIENTED_EDGE('',*,*,#2324,.F.);
#420=ORIENTED_EDGE('',*,*,#2325,.F.);
#421=ORIENTED_EDGE('',*,*,#2326,.F.);
#422=ORIENTED_EDGE('',*,*,#2327,.F.);
#423=ORIENTED_EDGE('',*,*,#2298,.F.);
#424=ORIENTED_EDGE('',*,*,#2328,.T.);
#425=ORIENTED_EDGE('',*,*,#2329,.T.);
#426=ORIENTED_EDGE('',*,*,#2330,.F.);
#427=ORIENTED_EDGE('',*,*,#2331,.F.);
#428=ORIENTED_EDGE('',*,*,#2332,.F.);
#429=ORIENTED_EDGE('',*,*,#2333,.T.);
#430=ORIENTED_EDGE('',*,*,#2334,.F.);
#431=ORIENTED_EDGE('',*,*,#2335,.F.);
#432=ORIENTED_EDGE('',*,*,#2336,.F.);
#433=ORIENTED_EDGE('',*,*,#2337,.T.);
#434=ORIENTED_EDGE('',*,*,#2338,.F.);
#435=ORIENTED_EDGE('',*,*,#2339,.F.);
#436=ORIENTED_EDGE('',*,*,#2241,.F.);
#437=ORIENTED_EDGE('',*,*,#2340,.T.);
#438=ORIENTED_EDGE('',*,*,#2341,.T.);
#439=ORIENTED_EDGE('',*,*,#2245,.F.);
#440=ORIENTED_EDGE('',*,*,#2342,.F.);
#441=ORIENTED_EDGE('',*,*,#2253,.F.);
#442=ORIENTED_EDGE('',*,*,#2343,.F.);
#443=ORIENTED_EDGE('',*,*,#2344,.T.);
#444=ORIENTED_EDGE('',*,*,#2345,.T.);
#445=ORIENTED_EDGE('',*,*,#2346,.T.);
#446=ORIENTED_EDGE('',*,*,#2347,.T.);
#447=ORIENTED_EDGE('',*,*,#2348,.T.);
#448=ORIENTED_EDGE('',*,*,#2349,.T.);
#449=ORIENTED_EDGE('',*,*,#2350,.T.);
#450=ORIENTED_EDGE('',*,*,#2351,.T.);
#451=ORIENTED_EDGE('',*,*,#2352,.T.);
#452=ORIENTED_EDGE('',*,*,#2353,.T.);
#453=ORIENTED_EDGE('',*,*,#2354,.T.);
#454=ORIENTED_EDGE('',*,*,#2355,.T.);
#455=ORIENTED_EDGE('',*,*,#2356,.T.);
#456=ORIENTED_EDGE('',*,*,#2357,.T.);
#457=ORIENTED_EDGE('',*,*,#2358,.T.);
#458=ORIENTED_EDGE('',*,*,#2359,.T.);
#459=ORIENTED_EDGE('',*,*,#2360,.T.);
#460=ORIENTED_EDGE('',*,*,#2361,.T.);
#461=ORIENTED_EDGE('',*,*,#2362,.T.);
#462=ORIENTED_EDGE('',*,*,#2363,.T.);
#463=ORIENTED_EDGE('',*,*,#2364,.F.);
#464=ORIENTED_EDGE('',*,*,#2365,.T.);
#465=ORIENTED_EDGE('',*,*,#2366,.T.);
#466=ORIENTED_EDGE('',*,*,#2367,.T.);
#467=ORIENTED_EDGE('',*,*,#2368,.T.);
#468=ORIENTED_EDGE('',*,*,#2369,.T.);
#469=ORIENTED_EDGE('',*,*,#2370,.T.);
#470=ORIENTED_EDGE('',*,*,#2371,.T.);
#471=ORIENTED_EDGE('',*,*,#2372,.T.);
#472=ORIENTED_EDGE('',*,*,#2373,.T.);
#473=ORIENTED_EDGE('',*,*,#2374,.T.);
#474=ORIENTED_EDGE('',*,*,#2375,.T.);
#475=ORIENTED_EDGE('',*,*,#2376,.T.);
#476=ORIENTED_EDGE('',*,*,#2377,.T.);
#477=ORIENTED_EDGE('',*,*,#2378,.T.);
#478=ORIENTED_EDGE('',*,*,#2379,.T.);
#479=ORIENTED_EDGE('',*,*,#2380,.F.);
#480=ORIENTED_EDGE('',*,*,#2381,.F.);
#481=ORIENTED_EDGE('',*,*,#2382,.F.);
#482=ORIENTED_EDGE('',*,*,#2383,.F.);
#483=ORIENTED_EDGE('',*,*,#2384,.F.);
#484=ORIENTED_EDGE('',*,*,#2281,.F.);
#485=ORIENTED_EDGE('',*,*,#2276,.F.);
#486=ORIENTED_EDGE('',*,*,#2385,.F.);
#487=ORIENTED_EDGE('',*,*,#2266,.F.);
#488=ORIENTED_EDGE('',*,*,#2386,.F.);
#489=ORIENTED_EDGE('',*,*,#2272,.F.);
#490=ORIENTED_EDGE('',*,*,#2387,.F.);
#491=ORIENTED_EDGE('',*,*,#2388,.F.);
#492=ORIENTED_EDGE('',*,*,#2389,.F.);
#493=ORIENTED_EDGE('',*,*,#2390,.F.);
#494=ORIENTED_EDGE('',*,*,#2391,.F.);
#495=ORIENTED_EDGE('',*,*,#2392,.F.);
#496=ORIENTED_EDGE('',*,*,#2393,.F.);
#497=ORIENTED_EDGE('',*,*,#2394,.F.);
#498=ORIENTED_EDGE('',*,*,#2395,.F.);
#499=ORIENTED_EDGE('',*,*,#2396,.F.);
#500=ORIENTED_EDGE('',*,*,#2397,.F.);
#501=ORIENTED_EDGE('',*,*,#2398,.F.);
#502=ORIENTED_EDGE('',*,*,#2399,.F.);
#503=ORIENTED_EDGE('',*,*,#2400,.F.);
#504=ORIENTED_EDGE('',*,*,#2401,.F.);
#505=ORIENTED_EDGE('',*,*,#2402,.F.);
#506=ORIENTED_EDGE('',*,*,#2403,.F.);
#507=ORIENTED_EDGE('',*,*,#2258,.F.);
#508=ORIENTED_EDGE('',*,*,#2404,.F.);
#509=ORIENTED_EDGE('',*,*,#2405,.F.);
#510=ORIENTED_EDGE('',*,*,#2261,.F.);
#511=ORIENTED_EDGE('',*,*,#2406,.T.);
#512=ORIENTED_EDGE('',*,*,#2407,.T.);
#513=ORIENTED_EDGE('',*,*,#2408,.T.);
#514=ORIENTED_EDGE('',*,*,#2307,.F.);
#515=ORIENTED_EDGE('',*,*,#2409,.T.);
#516=ORIENTED_EDGE('',*,*,#2410,.T.);
#517=ORIENTED_EDGE('',*,*,#2411,.F.);
#518=ORIENTED_EDGE('',*,*,#2412,.F.);
#519=ORIENTED_EDGE('',*,*,#2413,.T.);
#520=ORIENTED_EDGE('',*,*,#2414,.T.);
#521=ORIENTED_EDGE('',*,*,#2334,.T.);
#522=ORIENTED_EDGE('',*,*,#2415,.T.);
#523=ORIENTED_EDGE('',*,*,#2416,.F.);
#524=ORIENTED_EDGE('',*,*,#2417,.T.);
#525=ORIENTED_EDGE('',*,*,#2418,.F.);
#526=ORIENTED_EDGE('',*,*,#2090,.F.);
#527=ORIENTED_EDGE('',*,*,#2419,.T.);
#528=ORIENTED_EDGE('',*,*,#2420,.F.);
#529=ORIENTED_EDGE('',*,*,#2421,.T.);
#530=ORIENTED_EDGE('',*,*,#2336,.T.);
#531=ORIENTED_EDGE('',*,*,#2422,.F.);
#532=ORIENTED_EDGE('',*,*,#2100,.F.);
#533=ORIENTED_EDGE('',*,*,#2423,.F.);
#534=ORIENTED_EDGE('',*,*,#2424,.T.);
#535=ORIENTED_EDGE('',*,*,#2425,.F.);
#536=ORIENTED_EDGE('',*,*,#2426,.T.);
#537=ORIENTED_EDGE('',*,*,#2332,.T.);
#538=ORIENTED_EDGE('',*,*,#2427,.F.);
#539=ORIENTED_EDGE('',*,*,#2122,.F.);
#540=ORIENTED_EDGE('',*,*,#2428,.F.);
#541=ORIENTED_EDGE('',*,*,#2429,.T.);
#542=ORIENTED_EDGE('',*,*,#2330,.T.);
#543=ORIENTED_EDGE('',*,*,#2430,.T.);
#544=ORIENTED_EDGE('',*,*,#2308,.F.);
#545=ORIENTED_EDGE('',*,*,#2431,.T.);
#546=ORIENTED_EDGE('',*,*,#2432,.F.);
#547=ORIENTED_EDGE('',*,*,#2112,.F.);
#548=ORIENTED_EDGE('',*,*,#2433,.T.);
#549=ORIENTED_EDGE('',*,*,#2434,.F.);
#550=ORIENTED_EDGE('',*,*,#2435,.T.);
#551=ORIENTED_EDGE('',*,*,#2436,.F.);
#552=ORIENTED_EDGE('',*,*,#2133,.F.);
#553=ORIENTED_EDGE('',*,*,#2437,.T.);
#554=ORIENTED_EDGE('',*,*,#2325,.T.);
#555=ORIENTED_EDGE('',*,*,#2438,.F.);
#556=ORIENTED_EDGE('',*,*,#2439,.T.);
#557=ORIENTED_EDGE('',*,*,#2440,.T.);
#558=ORIENTED_EDGE('',*,*,#2441,.F.);
#559=ORIENTED_EDGE('',*,*,#2416,.T.);
#560=ORIENTED_EDGE('',*,*,#2442,.T.);
#561=ORIENTED_EDGE('',*,*,#2425,.T.);
#562=ORIENTED_EDGE('',*,*,#2443,.F.);
#563=ORIENTED_EDGE('',*,*,#2444,.T.);
#564=ORIENTED_EDGE('',*,*,#2445,.T.);
#565=ORIENTED_EDGE('',*,*,#2420,.T.);
#566=ORIENTED_EDGE('',*,*,#2446,.F.);
#567=ORIENTED_EDGE('',*,*,#2447,.T.);
#568=ORIENTED_EDGE('',*,*,#2448,.T.);
#569=ORIENTED_EDGE('',*,*,#2449,.T.);
#570=ORIENTED_EDGE('',*,*,#2450,.T.);
#571=ORIENTED_EDGE('',*,*,#2451,.T.);
#572=ORIENTED_EDGE('',*,*,#2452,.T.);
#573=ORIENTED_EDGE('',*,*,#2453,.T.);
#574=ORIENTED_EDGE('',*,*,#2454,.T.);
#575=ORIENTED_EDGE('',*,*,#2455,.T.);
#576=ORIENTED_EDGE('',*,*,#2456,.T.);
#577=ORIENTED_EDGE('',*,*,#2457,.T.);
#578=ORIENTED_EDGE('',*,*,#2458,.T.);
#579=ORIENTED_EDGE('',*,*,#2459,.T.);
#580=ORIENTED_EDGE('',*,*,#2460,.T.);
#581=ORIENTED_EDGE('',*,*,#2461,.T.);
#582=ORIENTED_EDGE('',*,*,#2462,.T.);
#583=ORIENTED_EDGE('',*,*,#2463,.T.);
#584=ORIENTED_EDGE('',*,*,#2464,.T.);
#585=ORIENTED_EDGE('',*,*,#2465,.T.);
#586=ORIENTED_EDGE('',*,*,#2466,.T.);
#587=ORIENTED_EDGE('',*,*,#2467,.T.);
#588=ORIENTED_EDGE('',*,*,#2468,.T.);
#589=ORIENTED_EDGE('',*,*,#2469,.T.);
#590=ORIENTED_EDGE('',*,*,#2470,.T.);
#591=ORIENTED_EDGE('',*,*,#2471,.T.);
#592=ORIENTED_EDGE('',*,*,#2472,.T.);
#593=ORIENTED_EDGE('',*,*,#2473,.T.);
#594=ORIENTED_EDGE('',*,*,#2474,.T.);
#595=ORIENTED_EDGE('',*,*,#2475,.T.);
#596=ORIENTED_EDGE('',*,*,#2476,.T.);
#597=ORIENTED_EDGE('',*,*,#2477,.T.);
#598=ORIENTED_EDGE('',*,*,#2478,.T.);
#599=ORIENTED_EDGE('',*,*,#2479,.T.);
#600=ORIENTED_EDGE('',*,*,#2480,.T.);
#601=ORIENTED_EDGE('',*,*,#2481,.T.);
#602=ORIENTED_EDGE('',*,*,#2482,.T.);
#603=ORIENTED_EDGE('',*,*,#2483,.T.);
#604=ORIENTED_EDGE('',*,*,#2484,.T.);
#605=ORIENTED_EDGE('',*,*,#2485,.T.);
#606=ORIENTED_EDGE('',*,*,#2486,.T.);
#607=ORIENTED_EDGE('',*,*,#2487,.T.);
#608=ORIENTED_EDGE('',*,*,#2488,.F.);
#609=ORIENTED_EDGE('',*,*,#2489,.T.);
#610=ORIENTED_EDGE('',*,*,#2490,.T.);
#611=ORIENTED_EDGE('',*,*,#2491,.T.);
#612=ORIENTED_EDGE('',*,*,#2492,.T.);
#613=ORIENTED_EDGE('',*,*,#2493,.T.);
#614=ORIENTED_EDGE('',*,*,#2494,.T.);
#615=ORIENTED_EDGE('',*,*,#2495,.T.);
#616=ORIENTED_EDGE('',*,*,#2496,.T.);
#617=ORIENTED_EDGE('',*,*,#2497,.T.);
#618=ORIENTED_EDGE('',*,*,#2498,.T.);
#619=ORIENTED_EDGE('',*,*,#2499,.T.);
#620=ORIENTED_EDGE('',*,*,#2500,.T.);
#621=ORIENTED_EDGE('',*,*,#2501,.T.);
#622=ORIENTED_EDGE('',*,*,#2502,.T.);
#623=ORIENTED_EDGE('',*,*,#2503,.T.);
#624=ORIENTED_EDGE('',*,*,#2504,.T.);
#625=ORIENTED_EDGE('',*,*,#2505,.T.);
#626=ORIENTED_EDGE('',*,*,#2506,.T.);
#627=ORIENTED_EDGE('',*,*,#2507,.T.);
#628=ORIENTED_EDGE('',*,*,#2130,.T.);
#629=ORIENTED_EDGE('',*,*,#2232,.T.);
#630=ORIENTED_EDGE('',*,*,#2508,.T.);
#631=ORIENTED_EDGE('',*,*,#2509,.T.);
#632=ORIENTED_EDGE('',*,*,#2510,.T.);
#633=ORIENTED_EDGE('',*,*,#2511,.T.);
#634=ORIENTED_EDGE('',*,*,#2109,.T.);
#635=ORIENTED_EDGE('',*,*,#2512,.T.);
#636=ORIENTED_EDGE('',*,*,#2513,.T.);
#637=ORIENTED_EDGE('',*,*,#2514,.T.);
#638=ORIENTED_EDGE('',*,*,#2515,.T.);
#639=ORIENTED_EDGE('',*,*,#2516,.T.);
#640=ORIENTED_EDGE('',*,*,#2517,.T.);
#641=ORIENTED_EDGE('',*,*,#2518,.T.);
#642=ORIENTED_EDGE('',*,*,#2519,.T.);
#643=ORIENTED_EDGE('',*,*,#2221,.T.);
#644=ORIENTED_EDGE('',*,*,#2520,.T.);
#645=ORIENTED_EDGE('',*,*,#2521,.T.);
#646=ORIENTED_EDGE('',*,*,#2203,.T.);
#647=ORIENTED_EDGE('',*,*,#2522,.T.);
#648=ORIENTED_EDGE('',*,*,#2523,.T.);
#649=ORIENTED_EDGE('',*,*,#2524,.T.);
#650=ORIENTED_EDGE('',*,*,#2185,.T.);
#651=ORIENTED_EDGE('',*,*,#2525,.T.);
#652=ORIENTED_EDGE('',*,*,#2526,.T.);
#653=ORIENTED_EDGE('',*,*,#2527,.T.);
#654=ORIENTED_EDGE('',*,*,#2087,.T.);
#655=ORIENTED_EDGE('',*,*,#2528,.T.);
#656=ORIENTED_EDGE('',*,*,#2529,.T.);
#657=ORIENTED_EDGE('',*,*,#2530,.T.);
#658=ORIENTED_EDGE('',*,*,#2168,.T.);
#659=ORIENTED_EDGE('',*,*,#2531,.T.);
#660=ORIENTED_EDGE('',*,*,#2532,.T.);
#661=ORIENTED_EDGE('',*,*,#2533,.T.);
#662=ORIENTED_EDGE('',*,*,#2534,.T.);
#663=ORIENTED_EDGE('',*,*,#2535,.T.);
#664=ORIENTED_EDGE('',*,*,#2536,.T.);
#665=ORIENTED_EDGE('',*,*,#2537,.T.);
#666=ORIENTED_EDGE('',*,*,#2538,.T.);
#667=ORIENTED_EDGE('',*,*,#2539,.T.);
#668=ORIENTED_EDGE('',*,*,#2540,.T.);
#669=ORIENTED_EDGE('',*,*,#2541,.T.);
#670=ORIENTED_EDGE('',*,*,#2542,.T.);
#671=ORIENTED_EDGE('',*,*,#2543,.T.);
#672=ORIENTED_EDGE('',*,*,#2544,.T.);
#673=ORIENTED_EDGE('',*,*,#2545,.T.);
#674=ORIENTED_EDGE('',*,*,#2546,.T.);
#675=ORIENTED_EDGE('',*,*,#2547,.T.);
#676=ORIENTED_EDGE('',*,*,#2548,.T.);
#677=ORIENTED_EDGE('',*,*,#2549,.T.);
#678=ORIENTED_EDGE('',*,*,#2155,.T.);
#679=ORIENTED_EDGE('',*,*,#2550,.T.);
#680=ORIENTED_EDGE('',*,*,#2551,.T.);
#681=ORIENTED_EDGE('',*,*,#2552,.T.);
#682=ORIENTED_EDGE('',*,*,#2553,.T.);
#683=ORIENTED_EDGE('',*,*,#2554,.T.);
#684=ORIENTED_EDGE('',*,*,#2555,.T.);
#685=ORIENTED_EDGE('',*,*,#2556,.T.);
#686=ORIENTED_EDGE('',*,*,#2557,.T.);
#687=ORIENTED_EDGE('',*,*,#2558,.T.);
#688=ORIENTED_EDGE('',*,*,#2559,.T.);
#689=ORIENTED_EDGE('',*,*,#2560,.T.);
#690=ORIENTED_EDGE('',*,*,#2561,.T.);
#691=ORIENTED_EDGE('',*,*,#2562,.T.);
#692=ORIENTED_EDGE('',*,*,#2563,.T.);
#693=ORIENTED_EDGE('',*,*,#2564,.T.);
#694=ORIENTED_EDGE('',*,*,#2565,.T.);
#695=ORIENTED_EDGE('',*,*,#2566,.F.);
#696=ORIENTED_EDGE('',*,*,#2567,.T.);
#697=ORIENTED_EDGE('',*,*,#2568,.T.);
#698=ORIENTED_EDGE('',*,*,#2569,.T.);
#699=ORIENTED_EDGE('',*,*,#2570,.T.);
#700=ORIENTED_EDGE('',*,*,#2571,.T.);
#701=ORIENTED_EDGE('',*,*,#2572,.F.);
#702=ORIENTED_EDGE('',*,*,#2573,.T.);
#703=ORIENTED_EDGE('',*,*,#2574,.T.);
#704=ORIENTED_EDGE('',*,*,#2575,.T.);
#705=ORIENTED_EDGE('',*,*,#2576,.F.);
#706=ORIENTED_EDGE('',*,*,#2577,.T.);
#707=ORIENTED_EDGE('',*,*,#2578,.T.);
#708=ORIENTED_EDGE('',*,*,#2579,.T.);
#709=ORIENTED_EDGE('',*,*,#2580,.T.);
#710=ORIENTED_EDGE('',*,*,#2581,.T.);
#711=ORIENTED_EDGE('',*,*,#2582,.T.);
#712=ORIENTED_EDGE('',*,*,#2583,.T.);
#713=ORIENTED_EDGE('',*,*,#2584,.T.);
#714=ORIENTED_EDGE('',*,*,#2585,.T.);
#715=ORIENTED_EDGE('',*,*,#2586,.T.);
#716=ORIENTED_EDGE('',*,*,#2587,.T.);
#717=ORIENTED_EDGE('',*,*,#2588,.T.);
#718=ORIENTED_EDGE('',*,*,#2589,.T.);
#719=ORIENTED_EDGE('',*,*,#2590,.T.);
#720=ORIENTED_EDGE('',*,*,#2591,.T.);
#721=ORIENTED_EDGE('',*,*,#2592,.T.);
#722=ORIENTED_EDGE('',*,*,#2593,.T.);
#723=ORIENTED_EDGE('',*,*,#2594,.T.);
#724=ORIENTED_EDGE('',*,*,#2595,.T.);
#725=ORIENTED_EDGE('',*,*,#2596,.T.);
#726=ORIENTED_EDGE('',*,*,#2597,.T.);
#727=ORIENTED_EDGE('',*,*,#2598,.T.);
#728=ORIENTED_EDGE('',*,*,#2599,.T.);
#729=ORIENTED_EDGE('',*,*,#2600,.T.);
#730=ORIENTED_EDGE('',*,*,#2601,.T.);
#731=ORIENTED_EDGE('',*,*,#2602,.T.);
#732=ORIENTED_EDGE('',*,*,#2603,.T.);
#733=ORIENTED_EDGE('',*,*,#2604,.T.);
#734=ORIENTED_EDGE('',*,*,#2605,.T.);
#735=ORIENTED_EDGE('',*,*,#2606,.T.);
#736=ORIENTED_EDGE('',*,*,#2607,.T.);
#737=ORIENTED_EDGE('',*,*,#2608,.T.);
#738=ORIENTED_EDGE('',*,*,#2609,.T.);
#739=ORIENTED_EDGE('',*,*,#2610,.T.);
#740=ORIENTED_EDGE('',*,*,#2611,.T.);
#741=ORIENTED_EDGE('',*,*,#2612,.T.);
#742=ORIENTED_EDGE('',*,*,#2613,.T.);
#743=ORIENTED_EDGE('',*,*,#2614,.T.);
#744=ORIENTED_EDGE('',*,*,#2615,.T.);
#745=ORIENTED_EDGE('',*,*,#2616,.T.);
#746=ORIENTED_EDGE('',*,*,#2617,.T.);
#747=ORIENTED_EDGE('',*,*,#2618,.T.);
#748=ORIENTED_EDGE('',*,*,#2619,.T.);
#749=ORIENTED_EDGE('',*,*,#2493,.F.);
#750=ORIENTED_EDGE('',*,*,#2620,.T.);
#751=ORIENTED_EDGE('',*,*,#2621,.F.);
#752=ORIENTED_EDGE('',*,*,#2622,.T.);
#753=ORIENTED_EDGE('',*,*,#2578,.F.);
#754=ORIENTED_EDGE('',*,*,#2623,.T.);
#755=ORIENTED_EDGE('',*,*,#2624,.T.);
#756=ORIENTED_EDGE('',*,*,#2625,.T.);
#757=ORIENTED_EDGE('',*,*,#2453,.F.);
#758=ORIENTED_EDGE('',*,*,#2626,.T.);
#759=ORIENTED_EDGE('',*,*,#2627,.T.);
#760=ORIENTED_EDGE('',*,*,#2628,.T.);
#761=ORIENTED_EDGE('',*,*,#2570,.F.);
#762=ORIENTED_EDGE('',*,*,#2629,.T.);
#763=ORIENTED_EDGE('',*,*,#2630,.T.);
#764=ORIENTED_EDGE('',*,*,#2631,.T.);
#765=ORIENTED_EDGE('',*,*,#2632,.T.);
#766=ORIENTED_EDGE('',*,*,#2633,.T.);
#767=ORIENTED_EDGE('',*,*,#2568,.F.);
#768=ORIENTED_EDGE('',*,*,#2634,.T.);
#769=ORIENTED_EDGE('',*,*,#2635,.T.);
#770=ORIENTED_EDGE('',*,*,#2636,.T.);
#771=ORIENTED_EDGE('',*,*,#2632,.F.);
#772=ORIENTED_EDGE('',*,*,#2637,.T.);
#773=ORIENTED_EDGE('',*,*,#2566,.T.);
#774=ORIENTED_EDGE('',*,*,#2638,.T.);
#775=ORIENTED_EDGE('',*,*,#2635,.F.);
#776=ORIENTED_EDGE('',*,*,#2639,.T.);
#777=ORIENTED_EDGE('',*,*,#2640,.T.);
#778=ORIENTED_EDGE('',*,*,#2641,.T.);
#779=ORIENTED_EDGE('',*,*,#2564,.F.);
#780=ORIENTED_EDGE('',*,*,#2642,.T.);
#781=ORIENTED_EDGE('',*,*,#2621,.T.);
#782=ORIENTED_EDGE('',*,*,#2643,.T.);
#783=ORIENTED_EDGE('',*,*,#2644,.F.);
#784=ORIENTED_EDGE('',*,*,#2645,.T.);
#785=ORIENTED_EDGE('',*,*,#2644,.T.);
#786=ORIENTED_EDGE('',*,*,#2646,.T.);
#787=ORIENTED_EDGE('',*,*,#2640,.F.);
#788=ORIENTED_EDGE('',*,*,#2647,.T.);
#789=ORIENTED_EDGE('',*,*,#2648,.T.);
#790=ORIENTED_EDGE('',*,*,#2649,.T.);
#791=ORIENTED_EDGE('',*,*,#2576,.T.);
#792=ORIENTED_EDGE('',*,*,#2650,.T.);
#793=ORIENTED_EDGE('',*,*,#2574,.F.);
#794=ORIENTED_EDGE('',*,*,#2651,.T.);
#795=ORIENTED_EDGE('',*,*,#2652,.F.);
#796=ORIENTED_EDGE('',*,*,#2653,.T.);
#797=ORIENTED_EDGE('',*,*,#2652,.T.);
#798=ORIENTED_EDGE('',*,*,#2654,.T.);
#799=ORIENTED_EDGE('',*,*,#2648,.F.);
#800=ORIENTED_EDGE('',*,*,#2655,.T.);
#801=ORIENTED_EDGE('',*,*,#2656,.T.);
#802=ORIENTED_EDGE('',*,*,#2657,.T.);
#803=ORIENTED_EDGE('',*,*,#2572,.T.);
#804=ORIENTED_EDGE('',*,*,#2658,.T.);
#805=ORIENTED_EDGE('',*,*,#2627,.F.);
#806=ORIENTED_EDGE('',*,*,#2659,.T.);
#807=ORIENTED_EDGE('',*,*,#2660,.F.);
#808=ORIENTED_EDGE('',*,*,#2661,.T.);
#809=ORIENTED_EDGE('',*,*,#2660,.T.);
#810=ORIENTED_EDGE('',*,*,#2662,.T.);
#811=ORIENTED_EDGE('',*,*,#2656,.F.);
#812=ORIENTED_EDGE('',*,*,#2663,.T.);
#813=ORIENTED_EDGE('',*,*,#2664,.T.);
#814=ORIENTED_EDGE('',*,*,#2665,.T.);
#815=ORIENTED_EDGE('',*,*,#2666,.T.);
#816=ORIENTED_EDGE('',*,*,#2665,.F.);
#817=ORIENTED_EDGE('',*,*,#2667,.T.);
#818=ORIENTED_EDGE('',*,*,#2668,.T.);
#819=ORIENTED_EDGE('',*,*,#2669,.T.);
#820=ORIENTED_EDGE('',*,*,#2668,.F.);
#821=ORIENTED_EDGE('',*,*,#2670,.T.);
#822=ORIENTED_EDGE('',*,*,#2671,.F.);
#823=ORIENTED_EDGE('',*,*,#2672,.T.);
#824=ORIENTED_EDGE('',*,*,#2671,.T.);
#825=ORIENTED_EDGE('',*,*,#2673,.T.);
#826=ORIENTED_EDGE('',*,*,#2674,.F.);
#827=ORIENTED_EDGE('',*,*,#2675,.T.);
#828=ORIENTED_EDGE('',*,*,#2674,.T.);
#829=ORIENTED_EDGE('',*,*,#2563,.F.);
#830=ORIENTED_EDGE('',*,*,#2666,.F.);
#831=ORIENTED_EDGE('',*,*,#2561,.F.);
#832=ORIENTED_EDGE('',*,*,#2669,.F.);
#833=ORIENTED_EDGE('',*,*,#2672,.F.);
#834=ORIENTED_EDGE('',*,*,#2559,.F.);
#835=ORIENTED_EDGE('',*,*,#2675,.F.);
#836=ORIENTED_EDGE('',*,*,#2557,.F.);
#837=ORIENTED_EDGE('',*,*,#2676,.F.);
#838=ORIENTED_EDGE('',*,*,#2677,.T.);
#839=ORIENTED_EDGE('',*,*,#2678,.T.);
#840=ORIENTED_EDGE('',*,*,#2679,.T.);
#841=ORIENTED_EDGE('',*,*,#2680,.T.);
#842=ORIENTED_EDGE('',*,*,#2681,.T.);
#843=ORIENTED_EDGE('',*,*,#2682,.T.);
#844=ORIENTED_EDGE('',*,*,#2683,.T.);
#845=ORIENTED_EDGE('',*,*,#2684,.F.);
#846=ORIENTED_EDGE('',*,*,#2685,.T.);
#847=ORIENTED_EDGE('',*,*,#2686,.T.);
#848=ORIENTED_EDGE('',*,*,#2687,.T.);
#849=ORIENTED_EDGE('',*,*,#2688,.T.);
#850=ORIENTED_EDGE('',*,*,#2689,.F.);
#851=ORIENTED_EDGE('',*,*,#2690,.T.);
#852=ORIENTED_EDGE('',*,*,#2691,.T.);
#853=ORIENTED_EDGE('',*,*,#2692,.T.);
#854=ORIENTED_EDGE('',*,*,#2693,.F.);
#855=ORIENTED_EDGE('',*,*,#2694,.T.);
#856=ORIENTED_EDGE('',*,*,#2695,.T.);
#857=ORIENTED_EDGE('',*,*,#2696,.T.);
#858=ORIENTED_EDGE('',*,*,#2697,.T.);
#859=ORIENTED_EDGE('',*,*,#2698,.F.);
#860=ORIENTED_EDGE('',*,*,#2699,.T.);
#861=ORIENTED_EDGE('',*,*,#2438,.T.);
#862=ORIENTED_EDGE('',*,*,#2700,.T.);
#863=ORIENTED_EDGE('',*,*,#2701,.T.);
#864=ORIENTED_EDGE('',*,*,#2702,.T.);
#865=ORIENTED_EDGE('',*,*,#2703,.T.);
#866=ORIENTED_EDGE('',*,*,#2440,.F.);
#867=ORIENTED_EDGE('',*,*,#2704,.T.);
#868=ORIENTED_EDGE('',*,*,#2705,.T.);
#869=ORIENTED_EDGE('',*,*,#2706,.T.);
#870=ORIENTED_EDGE('',*,*,#2707,.T.);
#871=ORIENTED_EDGE('',*,*,#2708,.T.);
#872=ORIENTED_EDGE('',*,*,#2709,.F.);
#873=ORIENTED_EDGE('',*,*,#2709,.T.);
#874=ORIENTED_EDGE('',*,*,#2710,.T.);
#875=ORIENTED_EDGE('',*,*,#2700,.F.);
#876=ORIENTED_EDGE('',*,*,#2441,.T.);
#877=ORIENTED_EDGE('',*,*,#2711,.T.);
#878=ORIENTED_EDGE('',*,*,#2712,.T.);
#879=ORIENTED_EDGE('',*,*,#2239,.T.);
#880=ORIENTED_EDGE('',*,*,#2713,.F.);
#881=ORIENTED_EDGE('',*,*,#2714,.T.);
#882=ORIENTED_EDGE('',*,*,#2715,.T.);
#883=ORIENTED_EDGE('',*,*,#2716,.T.);
#884=ORIENTED_EDGE('',*,*,#2717,.T.);
#885=ORIENTED_EDGE('',*,*,#2718,.T.);
#886=ORIENTED_EDGE('',*,*,#2247,.T.);
#887=ORIENTED_EDGE('',*,*,#2719,.T.);
#888=ORIENTED_EDGE('',*,*,#2711,.F.);
#889=ORIENTED_EDGE('',*,*,#2238,.T.);
#890=ORIENTED_EDGE('',*,*,#2311,.T.);
#891=ORIENTED_EDGE('',*,*,#2301,.F.);
#892=ORIENTED_EDGE('',*,*,#2720,.F.);
#893=ORIENTED_EDGE('',*,*,#2435,.F.);
#894=ORIENTED_EDGE('',*,*,#2721,.F.);
#895=ORIENTED_EDGE('',*,*,#2722,.F.);
#896=ORIENTED_EDGE('',*,*,#2303,.F.);
#897=ORIENTED_EDGE('',*,*,#2408,.F.);
#898=ORIENTED_EDGE('',*,*,#2723,.T.);
#899=ORIENTED_EDGE('',*,*,#2713,.T.);
#900=ORIENTED_EDGE('',*,*,#2237,.F.);
#901=ORIENTED_EDGE('',*,*,#2724,.F.);
#902=ORIENTED_EDGE('',*,*,#2292,.T.);
#903=ORIENTED_EDGE('',*,*,#2725,.F.);
#904=ORIENTED_EDGE('',*,*,#2726,.F.);
#905=ORIENTED_EDGE('',*,*,#2446,.T.);
#906=ORIENTED_EDGE('',*,*,#2424,.F.);
#907=ORIENTED_EDGE('',*,*,#2727,.F.);
#908=ORIENTED_EDGE('',*,*,#2417,.F.);
#909=ORIENTED_EDGE('',*,*,#2443,.T.);
#910=ORIENTED_EDGE('',*,*,#2429,.F.);
#911=ORIENTED_EDGE('',*,*,#2728,.F.);
#912=ORIENTED_EDGE('',*,*,#2431,.F.);
#913=ORIENTED_EDGE('',*,*,#2729,.T.);
#914=ORIENTED_EDGE('',*,*,#2730,.T.);
#915=ORIENTED_EDGE('',*,*,#2731,.T.);
#916=ORIENTED_EDGE('',*,*,#2732,.T.);
#917=ORIENTED_EDGE('',*,*,#2733,.T.);
#918=ORIENTED_EDGE('',*,*,#2734,.T.);
#919=ORIENTED_EDGE('',*,*,#2735,.T.);
#920=ORIENTED_EDGE('',*,*,#2736,.T.);
#921=ORIENTED_EDGE('',*,*,#2737,.F.);
#922=ORIENTED_EDGE('',*,*,#2738,.T.);
#923=ORIENTED_EDGE('',*,*,#2262,.T.);
#924=ORIENTED_EDGE('',*,*,#2405,.T.);
#925=ORIENTED_EDGE('',*,*,#2739,.F.);
#926=ORIENTED_EDGE('',*,*,#2740,.T.);
#927=ORIENTED_EDGE('',*,*,#2741,.T.);
#928=ORIENTED_EDGE('',*,*,#2742,.T.);
#929=ORIENTED_EDGE('',*,*,#2741,.F.);
#930=ORIENTED_EDGE('',*,*,#2743,.T.);
#931=ORIENTED_EDGE('',*,*,#2547,.F.);
#932=ORIENTED_EDGE('',*,*,#2744,.T.);
#933=ORIENTED_EDGE('',*,*,#2745,.T.);
#934=ORIENTED_EDGE('',*,*,#2744,.F.);
#935=ORIENTED_EDGE('',*,*,#2546,.F.);
#936=ORIENTED_EDGE('',*,*,#2746,.T.);
#937=ORIENTED_EDGE('',*,*,#2747,.T.);
#938=ORIENTED_EDGE('',*,*,#2748,.T.);
#939=ORIENTED_EDGE('',*,*,#2747,.F.);
#940=ORIENTED_EDGE('',*,*,#2749,.T.);
#941=ORIENTED_EDGE('',*,*,#2750,.T.);
#942=ORIENTED_EDGE('',*,*,#2739,.T.);
#943=ORIENTED_EDGE('',*,*,#2751,.T.);
#944=ORIENTED_EDGE('',*,*,#2400,.T.);
#945=ORIENTED_EDGE('',*,*,#2752,.F.);
#946=ORIENTED_EDGE('',*,*,#2753,.F.);
#947=ORIENTED_EDGE('',*,*,#2754,.T.);
#948=ORIENTED_EDGE('',*,*,#2755,.T.);
#949=ORIENTED_EDGE('',*,*,#2756,.T.);
#950=ORIENTED_EDGE('',*,*,#2755,.F.);
#951=ORIENTED_EDGE('',*,*,#2757,.T.);
#952=ORIENTED_EDGE('',*,*,#2543,.F.);
#953=ORIENTED_EDGE('',*,*,#2758,.T.);
#954=ORIENTED_EDGE('',*,*,#2759,.T.);
#955=ORIENTED_EDGE('',*,*,#2758,.F.);
#956=ORIENTED_EDGE('',*,*,#2542,.F.);
#957=ORIENTED_EDGE('',*,*,#2760,.T.);
#958=ORIENTED_EDGE('',*,*,#2761,.T.);
#959=ORIENTED_EDGE('',*,*,#2762,.T.);
#960=ORIENTED_EDGE('',*,*,#2761,.F.);
#961=ORIENTED_EDGE('',*,*,#2763,.T.);
#962=ORIENTED_EDGE('',*,*,#2764,.T.);
#963=ORIENTED_EDGE('',*,*,#2753,.T.);
#964=ORIENTED_EDGE('',*,*,#2765,.T.);
#965=ORIENTED_EDGE('',*,*,#2396,.T.);
#966=ORIENTED_EDGE('',*,*,#2766,.F.);
#967=ORIENTED_EDGE('',*,*,#2767,.F.);
#968=ORIENTED_EDGE('',*,*,#2768,.T.);
#969=ORIENTED_EDGE('',*,*,#2769,.T.);
#970=ORIENTED_EDGE('',*,*,#2770,.T.);
#971=ORIENTED_EDGE('',*,*,#2769,.F.);
#972=ORIENTED_EDGE('',*,*,#2771,.T.);
#973=ORIENTED_EDGE('',*,*,#2539,.F.);
#974=ORIENTED_EDGE('',*,*,#2772,.T.);
#975=ORIENTED_EDGE('',*,*,#2773,.T.);
#976=ORIENTED_EDGE('',*,*,#2772,.F.);
#977=ORIENTED_EDGE('',*,*,#2538,.F.);
#978=ORIENTED_EDGE('',*,*,#2774,.T.);
#979=ORIENTED_EDGE('',*,*,#2775,.T.);
#980=ORIENTED_EDGE('',*,*,#2776,.T.);
#981=ORIENTED_EDGE('',*,*,#2775,.F.);
#982=ORIENTED_EDGE('',*,*,#2777,.T.);
#983=ORIENTED_EDGE('',*,*,#2778,.T.);
#984=ORIENTED_EDGE('',*,*,#2767,.T.);
#985=ORIENTED_EDGE('',*,*,#2779,.T.);
#986=ORIENTED_EDGE('',*,*,#2392,.T.);
#987=ORIENTED_EDGE('',*,*,#2780,.F.);
#988=ORIENTED_EDGE('',*,*,#2781,.F.);
#989=ORIENTED_EDGE('',*,*,#2782,.T.);
#990=ORIENTED_EDGE('',*,*,#2783,.T.);
#991=ORIENTED_EDGE('',*,*,#2784,.T.);
#992=ORIENTED_EDGE('',*,*,#2783,.F.);
#993=ORIENTED_EDGE('',*,*,#2785,.T.);
#994=ORIENTED_EDGE('',*,*,#2535,.F.);
#995=ORIENTED_EDGE('',*,*,#2786,.T.);
#996=ORIENTED_EDGE('',*,*,#2787,.T.);
#997=ORIENTED_EDGE('',*,*,#2786,.F.);
#998=ORIENTED_EDGE('',*,*,#2534,.F.);
#999=ORIENTED_EDGE('',*,*,#2788,.T.);
#1000=ORIENTED_EDGE('',*,*,#2789,.T.);
#1001=ORIENTED_EDGE('',*,*,#2790,.T.);
#1002=ORIENTED_EDGE('',*,*,#2789,.F.);
#1003=ORIENTED_EDGE('',*,*,#2791,.T.);
#1004=ORIENTED_EDGE('',*,*,#2792,.T.);
#1005=ORIENTED_EDGE('',*,*,#2781,.T.);
#1006=ORIENTED_EDGE('',*,*,#2793,.T.);
#1007=ORIENTED_EDGE('',*,*,#2388,.T.);
#1008=ORIENTED_EDGE('',*,*,#2794,.F.);
#1009=ORIENTED_EDGE('',*,*,#2170,.F.);
#1010=ORIENTED_EDGE('',*,*,#2795,.T.);
#1011=ORIENTED_EDGE('',*,*,#2177,.T.);
#1012=ORIENTED_EDGE('',*,*,#2796,.T.);
#1013=ORIENTED_EDGE('',*,*,#2089,.F.);
#1014=ORIENTED_EDGE('',*,*,#2797,.T.);
#1015=ORIENTED_EDGE('',*,*,#2101,.T.);
#1016=ORIENTED_EDGE('',*,*,#2798,.T.);
#1017=ORIENTED_EDGE('',*,*,#2187,.F.);
#1018=ORIENTED_EDGE('',*,*,#2799,.T.);
#1019=ORIENTED_EDGE('',*,*,#2195,.T.);
#1020=ORIENTED_EDGE('',*,*,#2800,.T.);
#1021=ORIENTED_EDGE('',*,*,#2271,.F.);
#1022=ORIENTED_EDGE('',*,*,#2801,.T.);
#1023=ORIENTED_EDGE('',*,*,#2267,.T.);
#1024=ORIENTED_EDGE('',*,*,#2387,.T.);
#1025=ORIENTED_EDGE('',*,*,#2252,.F.);
#1026=ORIENTED_EDGE('',*,*,#2802,.T.);
#1027=ORIENTED_EDGE('',*,*,#2248,.T.);
#1028=ORIENTED_EDGE('',*,*,#2718,.F.);
#1029=ORIENTED_EDGE('',*,*,#2803,.T.);
#1030=ORIENTED_EDGE('',*,*,#2343,.T.);
#1031=ORIENTED_EDGE('',*,*,#2205,.F.);
#1032=ORIENTED_EDGE('',*,*,#2804,.T.);
#1033=ORIENTED_EDGE('',*,*,#2213,.T.);
#1034=ORIENTED_EDGE('',*,*,#2805,.T.);
#1035=ORIENTED_EDGE('',*,*,#2222,.F.);
#1036=ORIENTED_EDGE('',*,*,#2519,.F.);
#1037=ORIENTED_EDGE('',*,*,#2806,.T.);
#1038=ORIENTED_EDGE('',*,*,#2807,.T.);
#1039=ORIENTED_EDGE('',*,*,#2808,.T.);
#1040=ORIENTED_EDGE('',*,*,#2807,.F.);
#1041=ORIENTED_EDGE('',*,*,#2809,.T.);
#1042=ORIENTED_EDGE('',*,*,#2810,.T.);
#1043=ORIENTED_EDGE('',*,*,#2226,.T.);
#1044=ORIENTED_EDGE('',*,*,#2282,.T.);
#1045=ORIENTED_EDGE('',*,*,#2384,.T.);
#1046=ORIENTED_EDGE('',*,*,#2811,.F.);
#1047=ORIENTED_EDGE('',*,*,#2812,.F.);
#1048=ORIENTED_EDGE('',*,*,#2813,.T.);
#1049=ORIENTED_EDGE('',*,*,#2814,.T.);
#1050=ORIENTED_EDGE('',*,*,#2815,.T.);
#1051=ORIENTED_EDGE('',*,*,#2814,.F.);
#1052=ORIENTED_EDGE('',*,*,#2816,.T.);
#1053=ORIENTED_EDGE('',*,*,#2516,.F.);
#1054=ORIENTED_EDGE('',*,*,#2817,.T.);
#1055=ORIENTED_EDGE('',*,*,#2818,.T.);
#1056=ORIENTED_EDGE('',*,*,#2817,.F.);
#1057=ORIENTED_EDGE('',*,*,#2515,.F.);
#1058=ORIENTED_EDGE('',*,*,#2819,.T.);
#1059=ORIENTED_EDGE('',*,*,#2820,.T.);
#1060=ORIENTED_EDGE('',*,*,#2821,.T.);
#1061=ORIENTED_EDGE('',*,*,#2820,.F.);
#1062=ORIENTED_EDGE('',*,*,#2822,.T.);
#1063=ORIENTED_EDGE('',*,*,#2823,.T.);
#1064=ORIENTED_EDGE('',*,*,#2812,.T.);
#1065=ORIENTED_EDGE('',*,*,#2824,.T.);
#1066=ORIENTED_EDGE('',*,*,#2380,.T.);
#1067=ORIENTED_EDGE('',*,*,#2825,.F.);
#1068=ORIENTED_EDGE('',*,*,#2111,.F.);
#1069=ORIENTED_EDGE('',*,*,#2826,.T.);
#1070=ORIENTED_EDGE('',*,*,#2123,.T.);
#1071=ORIENTED_EDGE('',*,*,#2827,.T.);
#1072=ORIENTED_EDGE('',*,*,#2304,.F.);
#1073=ORIENTED_EDGE('',*,*,#2722,.T.);
#1074=ORIENTED_EDGE('',*,*,#2828,.T.);
#1075=ORIENTED_EDGE('',*,*,#2323,.T.);
#1076=ORIENTED_EDGE('',*,*,#2132,.F.);
#1077=ORIENTED_EDGE('',*,*,#2829,.T.);
#1078=ORIENTED_EDGE('',*,*,#2830,.T.);
#1079=ORIENTED_EDGE('',*,*,#2831,.T.);
#1080=ORIENTED_EDGE('',*,*,#2832,.T.);
#1081=ORIENTED_EDGE('',*,*,#2326,.T.);
#1082=ORIENTED_EDGE('',*,*,#2437,.F.);
#1083=ORIENTED_EDGE('',*,*,#2831,.F.);
#1084=ORIENTED_EDGE('',*,*,#2833,.T.);
#1085=ORIENTED_EDGE('',*,*,#2140,.T.);
#1086=ORIENTED_EDGE('',*,*,#2834,.T.);
#1087=ORIENTED_EDGE('',*,*,#2338,.T.);
#1088=ORIENTED_EDGE('',*,*,#2835,.T.);
#1089=ORIENTED_EDGE('',*,*,#2444,.F.);
#1090=ORIENTED_EDGE('',*,*,#2726,.T.);
#1091=ORIENTED_EDGE('',*,*,#2836,.F.);
#1092=ORIENTED_EDGE('',*,*,#2295,.T.);
#1093=ORIENTED_EDGE('',*,*,#2171,.F.);
#1094=ORIENTED_EDGE('',*,*,#2837,.T.);
#1095=ORIENTED_EDGE('',*,*,#2339,.T.);
#1096=ORIENTED_EDGE('',*,*,#2837,.F.);
#1097=ORIENTED_EDGE('',*,*,#2796,.F.);
#1098=ORIENTED_EDGE('',*,*,#2242,.T.);
#1099=ORIENTED_EDGE('',*,*,#2335,.T.);
#1100=ORIENTED_EDGE('',*,*,#2419,.F.);
#1101=ORIENTED_EDGE('',*,*,#2798,.F.);
#1102=ORIENTED_EDGE('',*,*,#2422,.T.);
#1103=ORIENTED_EDGE('',*,*,#2331,.T.);
#1104=ORIENTED_EDGE('',*,*,#2433,.F.);
#1105=ORIENTED_EDGE('',*,*,#2827,.F.);
#1106=ORIENTED_EDGE('',*,*,#2427,.T.);
#1107=ORIENTED_EDGE('',*,*,#2828,.F.);
#1108=ORIENTED_EDGE('',*,*,#2721,.T.);
#1109=ORIENTED_EDGE('',*,*,#2434,.T.);
#1110=ORIENTED_EDGE('',*,*,#2324,.T.);
#1111=ORIENTED_EDGE('',*,*,#2327,.T.);
#1112=ORIENTED_EDGE('',*,*,#2832,.F.);
#1113=ORIENTED_EDGE('',*,*,#2834,.F.);
#1114=ORIENTED_EDGE('',*,*,#2299,.T.);
#1115=ORIENTED_EDGE('',*,*,#2342,.T.);
#1116=ORIENTED_EDGE('',*,*,#2244,.F.);
#1117=ORIENTED_EDGE('',*,*,#2805,.F.);
#1118=ORIENTED_EDGE('',*,*,#2254,.T.);
#1119=ORIENTED_EDGE('',*,*,#2411,.T.);
#1120=ORIENTED_EDGE('',*,*,#2838,.T.);
#1121=ORIENTED_EDGE('',*,*,#2320,.T.);
#1122=ORIENTED_EDGE('',*,*,#2839,.F.);
#1123=ORIENTED_EDGE('',*,*,#2319,.T.);
#1124=ORIENTED_EDGE('',*,*,#2840,.T.);
#1125=ORIENTED_EDGE('',*,*,#2412,.T.);
#1126=ORIENTED_EDGE('',*,*,#2839,.T.);
#1127=ORIENTED_EDGE('',*,*,#2257,.F.);
#1128=ORIENTED_EDGE('',*,*,#2841,.T.);
#1129=ORIENTED_EDGE('',*,*,#2737,.T.);
#1130=ORIENTED_EDGE('',*,*,#2404,.T.);
#1131=ORIENTED_EDGE('',*,*,#2401,.T.);
#1132=ORIENTED_EDGE('',*,*,#2751,.F.);
#1133=ORIENTED_EDGE('',*,*,#2742,.F.);
#1134=ORIENTED_EDGE('',*,*,#2842,.T.);
#1135=ORIENTED_EDGE('',*,*,#2402,.T.);
#1136=ORIENTED_EDGE('',*,*,#2842,.F.);
#1137=ORIENTED_EDGE('',*,*,#2745,.F.);
#1138=ORIENTED_EDGE('',*,*,#2843,.T.);
#1139=ORIENTED_EDGE('',*,*,#2403,.T.);
#1140=ORIENTED_EDGE('',*,*,#2843,.F.);
#1141=ORIENTED_EDGE('',*,*,#2748,.F.);
#1142=ORIENTED_EDGE('',*,*,#2752,.T.);
#1143=ORIENTED_EDGE('',*,*,#2397,.T.);
#1144=ORIENTED_EDGE('',*,*,#2765,.F.);
#1145=ORIENTED_EDGE('',*,*,#2756,.F.);
#1146=ORIENTED_EDGE('',*,*,#2844,.T.);
#1147=ORIENTED_EDGE('',*,*,#2398,.T.);
#1148=ORIENTED_EDGE('',*,*,#2844,.F.);
#1149=ORIENTED_EDGE('',*,*,#2759,.F.);
#1150=ORIENTED_EDGE('',*,*,#2845,.T.);
#1151=ORIENTED_EDGE('',*,*,#2399,.T.);
#1152=ORIENTED_EDGE('',*,*,#2845,.F.);
#1153=ORIENTED_EDGE('',*,*,#2762,.F.);
#1154=ORIENTED_EDGE('',*,*,#2766,.T.);
#1155=ORIENTED_EDGE('',*,*,#2393,.T.);
#1156=ORIENTED_EDGE('',*,*,#2779,.F.);
#1157=ORIENTED_EDGE('',*,*,#2770,.F.);
#1158=ORIENTED_EDGE('',*,*,#2846,.T.);
#1159=ORIENTED_EDGE('',*,*,#2394,.T.);
#1160=ORIENTED_EDGE('',*,*,#2846,.F.);
#1161=ORIENTED_EDGE('',*,*,#2773,.F.);
#1162=ORIENTED_EDGE('',*,*,#2847,.T.);
#1163=ORIENTED_EDGE('',*,*,#2395,.T.);
#1164=ORIENTED_EDGE('',*,*,#2847,.F.);
#1165=ORIENTED_EDGE('',*,*,#2776,.F.);
#1166=ORIENTED_EDGE('',*,*,#2780,.T.);
#1167=ORIENTED_EDGE('',*,*,#2389,.T.);
#1168=ORIENTED_EDGE('',*,*,#2793,.F.);
#1169=ORIENTED_EDGE('',*,*,#2784,.F.);
#1170=ORIENTED_EDGE('',*,*,#2848,.T.);
#1171=ORIENTED_EDGE('',*,*,#2390,.T.);
#1172=ORIENTED_EDGE('',*,*,#2848,.F.);
#1173=ORIENTED_EDGE('',*,*,#2787,.F.);
#1174=ORIENTED_EDGE('',*,*,#2849,.T.);
#1175=ORIENTED_EDGE('',*,*,#2391,.T.);
#1176=ORIENTED_EDGE('',*,*,#2849,.F.);
#1177=ORIENTED_EDGE('',*,*,#2790,.F.);
#1178=ORIENTED_EDGE('',*,*,#2794,.T.);
#1179=ORIENTED_EDGE('',*,*,#2386,.T.);
#1180=ORIENTED_EDGE('',*,*,#2265,.F.);
#1181=ORIENTED_EDGE('',*,*,#2800,.F.);
#1182=ORIENTED_EDGE('',*,*,#2273,.T.);
#1183=ORIENTED_EDGE('',*,*,#2385,.T.);
#1184=ORIENTED_EDGE('',*,*,#2275,.F.);
#1185=ORIENTED_EDGE('',*,*,#2808,.F.);
#1186=ORIENTED_EDGE('',*,*,#2811,.T.);
#1187=ORIENTED_EDGE('',*,*,#2381,.T.);
#1188=ORIENTED_EDGE('',*,*,#2824,.F.);
#1189=ORIENTED_EDGE('',*,*,#2815,.F.);
#1190=ORIENTED_EDGE('',*,*,#2850,.T.);
#1191=ORIENTED_EDGE('',*,*,#2382,.T.);
#1192=ORIENTED_EDGE('',*,*,#2850,.F.);
#1193=ORIENTED_EDGE('',*,*,#2818,.F.);
#1194=ORIENTED_EDGE('',*,*,#2851,.T.);
#1195=ORIENTED_EDGE('',*,*,#2383,.T.);
#1196=ORIENTED_EDGE('',*,*,#2851,.F.);
#1197=ORIENTED_EDGE('',*,*,#2821,.F.);
#1198=ORIENTED_EDGE('',*,*,#2825,.T.);
#1199=ORIENTED_EDGE('',*,*,#2705,.F.);
#1200=ORIENTED_EDGE('',*,*,#2852,.T.);
#1201=ORIENTED_EDGE('',*,*,#2698,.T.);
#1202=ORIENTED_EDGE('',*,*,#2853,.T.);
#1203=ORIENTED_EDGE('',*,*,#2587,.F.);
#1204=ORIENTED_EDGE('',*,*,#2854,.T.);
#1205=ORIENTED_EDGE('',*,*,#2300,.T.);
#1206=ORIENTED_EDGE('',*,*,#2138,.T.);
#1207=ORIENTED_EDGE('',*,*,#2284,.F.);
#1208=ORIENTED_EDGE('',*,*,#2134,.T.);
#1209=ORIENTED_EDGE('',*,*,#2436,.T.);
#1210=ORIENTED_EDGE('',*,*,#2720,.T.);
#1211=ORIENTED_EDGE('',*,*,#2428,.T.);
#1212=ORIENTED_EDGE('',*,*,#2121,.T.);
#1213=ORIENTED_EDGE('',*,*,#2286,.F.);
#1214=ORIENTED_EDGE('',*,*,#2113,.T.);
#1215=ORIENTED_EDGE('',*,*,#2432,.T.);
#1216=ORIENTED_EDGE('',*,*,#2728,.T.);
#1217=ORIENTED_EDGE('',*,*,#2288,.F.);
#1218=ORIENTED_EDGE('',*,*,#2091,.T.);
#1219=ORIENTED_EDGE('',*,*,#2418,.T.);
#1220=ORIENTED_EDGE('',*,*,#2727,.T.);
#1221=ORIENTED_EDGE('',*,*,#2423,.T.);
#1222=ORIENTED_EDGE('',*,*,#2099,.T.);
#1223=ORIENTED_EDGE('',*,*,#2290,.F.);
#1224=ORIENTED_EDGE('',*,*,#2173,.T.);
#1225=ORIENTED_EDGE('',*,*,#2294,.F.);
#1226=ORIENTED_EDGE('',*,*,#2296,.F.);
#1227=ORIENTED_EDGE('',*,*,#2836,.T.);
#1228=ORIENTED_EDGE('',*,*,#2725,.T.);
#1229=ORIENTED_EDGE('',*,*,#2682,.F.);
#1230=ORIENTED_EDGE('',*,*,#2855,.T.);
#1231=ORIENTED_EDGE('',*,*,#2676,.T.);
#1232=ORIENTED_EDGE('',*,*,#2856,.T.);
#1233=ORIENTED_EDGE('',*,*,#2488,.T.);
#1234=ORIENTED_EDGE('',*,*,#2857,.T.);
#1235=ORIENTED_EDGE('',*,*,#2322,.F.);
#1236=ORIENTED_EDGE('',*,*,#2858,.T.);
#1237=ORIENTED_EDGE('',*,*,#2409,.F.);
#1238=ORIENTED_EDGE('',*,*,#2306,.T.);
#1239=ORIENTED_EDGE('',*,*,#2310,.T.);
#1240=ORIENTED_EDGE('',*,*,#2859,.T.);
#1241=ORIENTED_EDGE('',*,*,#2328,.F.);
#1242=ORIENTED_EDGE('',*,*,#2297,.T.);
#1243=ORIENTED_EDGE('',*,*,#2695,.F.);
#1244=ORIENTED_EDGE('',*,*,#2860,.T.);
#1245=ORIENTED_EDGE('',*,*,#2689,.T.);
#1246=ORIENTED_EDGE('',*,*,#2861,.T.);
#1247=ORIENTED_EDGE('',*,*,#2693,.T.);
#1248=ORIENTED_EDGE('',*,*,#2862,.T.);
#1249=ORIENTED_EDGE('',*,*,#2364,.T.);
#1250=ORIENTED_EDGE('',*,*,#2863,.T.);
#1251=ORIENTED_EDGE('',*,*,#2684,.T.);
#1252=ORIENTED_EDGE('',*,*,#2864,.T.);
#1253=ORIENTED_EDGE('',*,*,#2694,.F.);
#1254=ORIENTED_EDGE('',*,*,#2864,.F.);
#1255=ORIENTED_EDGE('',*,*,#2690,.F.);
#1256=ORIENTED_EDGE('',*,*,#2860,.F.);
#1257=ORIENTED_EDGE('',*,*,#2840,.F.);
#1258=ORIENTED_EDGE('',*,*,#2318,.F.);
#1259=ORIENTED_EDGE('',*,*,#2865,.T.);
#1260=ORIENTED_EDGE('',*,*,#2866,.F.);
#1261=ORIENTED_EDGE('',*,*,#2413,.F.);
#1262=ORIENTED_EDGE('',*,*,#2866,.T.);
#1263=ORIENTED_EDGE('',*,*,#2867,.T.);
#1264=ORIENTED_EDGE('',*,*,#2447,.F.);
#1265=ORIENTED_EDGE('',*,*,#2868,.F.);
#1266=ORIENTED_EDGE('',*,*,#2414,.F.);
#1267=ORIENTED_EDGE('',*,*,#2584,.F.);
#1268=ORIENTED_EDGE('',*,*,#2869,.T.);
#1269=ORIENTED_EDGE('',*,*,#2870,.T.);
#1270=ORIENTED_EDGE('',*,*,#2406,.F.);
#1271=ORIENTED_EDGE('',*,*,#2871,.F.);
#1272=ORIENTED_EDGE('',*,*,#2871,.T.);
#1273=ORIENTED_EDGE('',*,*,#2868,.T.);
#1274=ORIENTED_EDGE('',*,*,#2872,.F.);
#1275=ORIENTED_EDGE('',*,*,#2872,.T.);
#1276=ORIENTED_EDGE('',*,*,#2450,.F.);
#1277=ORIENTED_EDGE('',*,*,#2873,.F.);
#1278=ORIENTED_EDGE('',*,*,#2585,.F.);
#1279=ORIENTED_EDGE('',*,*,#2854,.F.);
#1280=ORIENTED_EDGE('',*,*,#2586,.F.);
#1281=ORIENTED_EDGE('',*,*,#2874,.F.);
#1282=ORIENTED_EDGE('',*,*,#2706,.F.);
#1283=ORIENTED_EDGE('',*,*,#2874,.T.);
#1284=ORIENTED_EDGE('',*,*,#2873,.T.);
#1285=ORIENTED_EDGE('',*,*,#2875,.F.);
#1286=ORIENTED_EDGE('',*,*,#2875,.T.);
#1287=ORIENTED_EDGE('',*,*,#2449,.F.);
#1288=ORIENTED_EDGE('',*,*,#2876,.T.);
#1289=ORIENTED_EDGE('',*,*,#2877,.F.);
#1290=ORIENTED_EDGE('',*,*,#2707,.F.);
#1291=ORIENTED_EDGE('',*,*,#2877,.T.);
#1292=ORIENTED_EDGE('',*,*,#2878,.T.);
#1293=ORIENTED_EDGE('',*,*,#2316,.F.);
#1294=ORIENTED_EDGE('',*,*,#2879,.F.);
#1295=ORIENTED_EDGE('',*,*,#2708,.F.);
#1296=ORIENTED_EDGE('',*,*,#2879,.T.);
#1297=ORIENTED_EDGE('',*,*,#2379,.F.);
#1298=ORIENTED_EDGE('',*,*,#2880,.F.);
#1299=ORIENTED_EDGE('',*,*,#2710,.F.);
#1300=ORIENTED_EDGE('',*,*,#2880,.T.);
#1301=ORIENTED_EDGE('',*,*,#2378,.F.);
#1302=ORIENTED_EDGE('',*,*,#2881,.T.);
#1303=ORIENTED_EDGE('',*,*,#2882,.F.);
#1304=ORIENTED_EDGE('',*,*,#2701,.F.);
#1305=ORIENTED_EDGE('',*,*,#2882,.T.);
#1306=ORIENTED_EDGE('',*,*,#2883,.T.);
#1307=ORIENTED_EDGE('',*,*,#2451,.F.);
#1308=ORIENTED_EDGE('',*,*,#2884,.F.);
#1309=ORIENTED_EDGE('',*,*,#2702,.F.);
#1310=ORIENTED_EDGE('',*,*,#2853,.F.);
#1311=ORIENTED_EDGE('',*,*,#2703,.F.);
#1312=ORIENTED_EDGE('',*,*,#2885,.F.);
#1313=ORIENTED_EDGE('',*,*,#2588,.F.);
#1314=ORIENTED_EDGE('',*,*,#2885,.T.);
#1315=ORIENTED_EDGE('',*,*,#2884,.T.);
#1316=ORIENTED_EDGE('',*,*,#2886,.F.);
#1317=ORIENTED_EDGE('',*,*,#2886,.T.);
#1318=ORIENTED_EDGE('',*,*,#2454,.F.);
#1319=ORIENTED_EDGE('',*,*,#2887,.F.);
#1320=ORIENTED_EDGE('',*,*,#2589,.F.);
#1321=ORIENTED_EDGE('',*,*,#2857,.F.);
#1322=ORIENTED_EDGE('',*,*,#2487,.F.);
#1323=ORIENTED_EDGE('',*,*,#2888,.F.);
#1324=ORIENTED_EDGE('',*,*,#2683,.F.);
#1325=ORIENTED_EDGE('',*,*,#2630,.F.);
#1326=ORIENTED_EDGE('',*,*,#2889,.T.);
#1327=ORIENTED_EDGE('',*,*,#2680,.F.);
#1328=ORIENTED_EDGE('',*,*,#2890,.F.);
#1329=ORIENTED_EDGE('',*,*,#2887,.T.);
#1330=ORIENTED_EDGE('',*,*,#2628,.F.);
#1331=ORIENTED_EDGE('',*,*,#2891,.F.);
#1332=ORIENTED_EDGE('',*,*,#2590,.F.);
#1333=ORIENTED_EDGE('',*,*,#2890,.T.);
#1334=ORIENTED_EDGE('',*,*,#2888,.T.);
#1335=ORIENTED_EDGE('',*,*,#2892,.F.);
#1336=ORIENTED_EDGE('',*,*,#2891,.T.);
#1337=ORIENTED_EDGE('',*,*,#2661,.F.);
#1338=ORIENTED_EDGE('',*,*,#2893,.F.);
#1339=ORIENTED_EDGE('',*,*,#2591,.F.);
#1340=ORIENTED_EDGE('',*,*,#2892,.T.);
#1341=ORIENTED_EDGE('',*,*,#2486,.F.);
#1342=ORIENTED_EDGE('',*,*,#2894,.F.);
#1343=ORIENTED_EDGE('',*,*,#2631,.F.);
#1344=ORIENTED_EDGE('',*,*,#2893,.T.);
#1345=ORIENTED_EDGE('',*,*,#2663,.F.);
#1346=ORIENTED_EDGE('',*,*,#2895,.F.);
#1347=ORIENTED_EDGE('',*,*,#2592,.F.);
#1348=ORIENTED_EDGE('',*,*,#2894,.T.);
#1349=ORIENTED_EDGE('',*,*,#2485,.F.);
#1350=ORIENTED_EDGE('',*,*,#2896,.F.);
#1351=ORIENTED_EDGE('',*,*,#2571,.F.);
#1352=ORIENTED_EDGE('',*,*,#2895,.T.);
#1353=ORIENTED_EDGE('',*,*,#2658,.F.);
#1354=ORIENTED_EDGE('',*,*,#2897,.F.);
#1355=ORIENTED_EDGE('',*,*,#2593,.F.);
#1356=ORIENTED_EDGE('',*,*,#2896,.T.);
#1357=ORIENTED_EDGE('',*,*,#2484,.F.);
#1358=ORIENTED_EDGE('',*,*,#2898,.F.);
#1359=ORIENTED_EDGE('',*,*,#2634,.F.);
#1360=ORIENTED_EDGE('',*,*,#2897,.T.);
#1361=ORIENTED_EDGE('',*,*,#2575,.F.);
#1362=ORIENTED_EDGE('',*,*,#2899,.F.);
#1363=ORIENTED_EDGE('',*,*,#2594,.F.);
#1364=ORIENTED_EDGE('',*,*,#2898,.T.);
#1365=ORIENTED_EDGE('',*,*,#2483,.F.);
#1366=ORIENTED_EDGE('',*,*,#2900,.F.);
#1367=ORIENTED_EDGE('',*,*,#2637,.F.);
#1368=ORIENTED_EDGE('',*,*,#2899,.T.);
#1369=ORIENTED_EDGE('',*,*,#2653,.F.);
#1370=ORIENTED_EDGE('',*,*,#2901,.F.);
#1371=ORIENTED_EDGE('',*,*,#2595,.F.);
#1372=ORIENTED_EDGE('',*,*,#2554,.F.);
#1373=ORIENTED_EDGE('',*,*,#2902,.T.);
#1374=ORIENTED_EDGE('',*,*,#2733,.F.);
#1375=ORIENTED_EDGE('',*,*,#2903,.F.);
#1376=ORIENTED_EDGE('',*,*,#2900,.T.);
#1377=ORIENTED_EDGE('',*,*,#2482,.F.);
#1378=ORIENTED_EDGE('',*,*,#2904,.F.);
#1379=ORIENTED_EDGE('',*,*,#2639,.F.);
#1380=ORIENTED_EDGE('',*,*,#2901,.T.);
#1381=ORIENTED_EDGE('',*,*,#2655,.F.);
#1382=ORIENTED_EDGE('',*,*,#2905,.F.);
#1383=ORIENTED_EDGE('',*,*,#2596,.F.);
#1384=ORIENTED_EDGE('',*,*,#2906,.F.);
#1385=ORIENTED_EDGE('',*,*,#2903,.T.);
#1386=ORIENTED_EDGE('',*,*,#2907,.F.);
#1387=ORIENTED_EDGE('',*,*,#2904,.T.);
#1388=ORIENTED_EDGE('',*,*,#2481,.F.);
#1389=ORIENTED_EDGE('',*,*,#2908,.F.);
#1390=ORIENTED_EDGE('',*,*,#2567,.F.);
#1391=ORIENTED_EDGE('',*,*,#2905,.T.);
#1392=ORIENTED_EDGE('',*,*,#2650,.F.);
#1393=ORIENTED_EDGE('',*,*,#2909,.F.);
#1394=ORIENTED_EDGE('',*,*,#2597,.F.);
#1395=ORIENTED_EDGE('',*,*,#2735,.F.);
#1396=ORIENTED_EDGE('',*,*,#2910,.T.);
#1397=ORIENTED_EDGE('',*,*,#2602,.F.);
#1398=ORIENTED_EDGE('',*,*,#2911,.F.);
#1399=ORIENTED_EDGE('',*,*,#2907,.T.);
#1400=ORIENTED_EDGE('',*,*,#2736,.F.);
#1401=ORIENTED_EDGE('',*,*,#2912,.F.);
#1402=ORIENTED_EDGE('',*,*,#2609,.F.);
#1403=ORIENTED_EDGE('',*,*,#2906,.T.);
#1404=ORIENTED_EDGE('',*,*,#2608,.F.);
#1405=ORIENTED_EDGE('',*,*,#2913,.F.);
#1406=ORIENTED_EDGE('',*,*,#2555,.F.);
#1407=ORIENTED_EDGE('',*,*,#2731,.F.);
#1408=ORIENTED_EDGE('',*,*,#2914,.T.);
#1409=ORIENTED_EDGE('',*,*,#2552,.F.);
#1410=ORIENTED_EDGE('',*,*,#2915,.F.);
#1411=ORIENTED_EDGE('',*,*,#2908,.T.);
#1412=ORIENTED_EDGE('',*,*,#2480,.F.);
#1413=ORIENTED_EDGE('',*,*,#2916,.F.);
#1414=ORIENTED_EDGE('',*,*,#2642,.F.);
#1415=ORIENTED_EDGE('',*,*,#2909,.T.);
#1416=ORIENTED_EDGE('',*,*,#2579,.F.);
#1417=ORIENTED_EDGE('',*,*,#2917,.F.);
#1418=ORIENTED_EDGE('',*,*,#2598,.F.);
#1419=ORIENTED_EDGE('',*,*,#2912,.T.);
#1420=ORIENTED_EDGE('',*,*,#2911,.T.);
#1421=ORIENTED_EDGE('',*,*,#2918,.F.);
#1422=ORIENTED_EDGE('',*,*,#2915,.T.);
#1423=ORIENTED_EDGE('',*,*,#2913,.T.);
#1424=ORIENTED_EDGE('',*,*,#2919,.F.);
#1425=ORIENTED_EDGE('',*,*,#2916,.T.);
#1426=ORIENTED_EDGE('',*,*,#2479,.F.);
#1427=ORIENTED_EDGE('',*,*,#2920,.F.);
#1428=ORIENTED_EDGE('',*,*,#2647,.F.);
#1429=ORIENTED_EDGE('',*,*,#2624,.F.);
#1430=ORIENTED_EDGE('',*,*,#2921,.T.);
#1431=ORIENTED_EDGE('',*,*,#2691,.F.);
#1432=ORIENTED_EDGE('',*,*,#2922,.F.);
#1433=ORIENTED_EDGE('',*,*,#2917,.T.);
#1434=ORIENTED_EDGE('',*,*,#2625,.F.);
#1435=ORIENTED_EDGE('',*,*,#2923,.F.);
#1436=ORIENTED_EDGE('',*,*,#2599,.F.);
#1437=ORIENTED_EDGE('',*,*,#2924,.T.);
#1438=ORIENTED_EDGE('',*,*,#2925,.T.);
#1439=ORIENTED_EDGE('',*,*,#2582,.F.);
#1440=ORIENTED_EDGE('',*,*,#2926,.F.);
#1441=ORIENTED_EDGE('',*,*,#2604,.F.);
#1442=ORIENTED_EDGE('',*,*,#2918,.T.);
#1443=ORIENTED_EDGE('',*,*,#2605,.F.);
#1444=ORIENTED_EDGE('',*,*,#2927,.F.);
#1445=ORIENTED_EDGE('',*,*,#2610,.F.);
#1446=ORIENTED_EDGE('',*,*,#2919,.T.);
#1447=ORIENTED_EDGE('',*,*,#2607,.F.);
#1448=ORIENTED_EDGE('',*,*,#2928,.F.);
#1449=ORIENTED_EDGE('',*,*,#2732,.F.);
#1450=ORIENTED_EDGE('',*,*,#2618,.F.);
#1451=ORIENTED_EDGE('',*,*,#2929,.T.);
#1452=ORIENTED_EDGE('',*,*,#2729,.F.);
#1453=ORIENTED_EDGE('',*,*,#2930,.F.);
#1454=ORIENTED_EDGE('',*,*,#2920,.T.);
#1455=ORIENTED_EDGE('',*,*,#2478,.F.);
#1456=ORIENTED_EDGE('',*,*,#2931,.F.);
#1457=ORIENTED_EDGE('',*,*,#2645,.F.);
#1458=ORIENTED_EDGE('',*,*,#2923,.T.);
#1459=ORIENTED_EDGE('',*,*,#2922,.T.);
#1460=ORIENTED_EDGE('',*,*,#2932,.F.);
#1461=ORIENTED_EDGE('',*,*,#2927,.T.);
#1462=ORIENTED_EDGE('',*,*,#2926,.T.);
#1463=ORIENTED_EDGE('',*,*,#2933,.F.);
#1464=ORIENTED_EDGE('',*,*,#2930,.T.);
#1465=ORIENTED_EDGE('',*,*,#2928,.T.);
#1466=ORIENTED_EDGE('',*,*,#2934,.F.);
#1467=ORIENTED_EDGE('',*,*,#2931,.T.);
#1468=ORIENTED_EDGE('',*,*,#2477,.F.);
#1469=ORIENTED_EDGE('',*,*,#2935,.F.);
#1470=ORIENTED_EDGE('',*,*,#2622,.F.);
#1471=ORIENTED_EDGE('',*,*,#2932,.T.);
#1472=ORIENTED_EDGE('',*,*,#2697,.F.);
#1473=ORIENTED_EDGE('',*,*,#2936,.F.);
#1474=ORIENTED_EDGE('',*,*,#2600,.F.);
#1475=ORIENTED_EDGE('',*,*,#2933,.T.);
#1476=ORIENTED_EDGE('',*,*,#2601,.F.);
#1477=ORIENTED_EDGE('',*,*,#2937,.F.);
#1478=ORIENTED_EDGE('',*,*,#2611,.F.);
#1479=ORIENTED_EDGE('',*,*,#2934,.T.);
#1480=ORIENTED_EDGE('',*,*,#2606,.F.);
#1481=ORIENTED_EDGE('',*,*,#2938,.F.);
#1482=ORIENTED_EDGE('',*,*,#2619,.F.);
#1483=ORIENTED_EDGE('',*,*,#2473,.F.);
#1484=ORIENTED_EDGE('',*,*,#2939,.T.);
#1485=ORIENTED_EDGE('',*,*,#2940,.T.);
#1486=ORIENTED_EDGE('',*,*,#2616,.F.);
#1487=ORIENTED_EDGE('',*,*,#2941,.F.);
#1488=ORIENTED_EDGE('',*,*,#2935,.T.);
#1489=ORIENTED_EDGE('',*,*,#2476,.F.);
#1490=ORIENTED_EDGE('',*,*,#2942,.F.);
#1491=ORIENTED_EDGE('',*,*,#2494,.F.);
#1492=ORIENTED_EDGE('',*,*,#2686,.F.);
#1493=ORIENTED_EDGE('',*,*,#2943,.T.);
#1494=ORIENTED_EDGE('',*,*,#2491,.F.);
#1495=ORIENTED_EDGE('',*,*,#2944,.F.);
#1496=ORIENTED_EDGE('',*,*,#2937,.T.);
#1497=ORIENTED_EDGE('',*,*,#2936,.T.);
#1498=ORIENTED_EDGE('',*,*,#2945,.F.);
#1499=ORIENTED_EDGE('',*,*,#2941,.T.);
#1500=ORIENTED_EDGE('',*,*,#2938,.T.);
#1501=ORIENTED_EDGE('',*,*,#2946,.F.);
#1502=ORIENTED_EDGE('',*,*,#2944,.T.);
#1503=ORIENTED_EDGE('',*,*,#2942,.T.);
#1504=ORIENTED_EDGE('',*,*,#2947,.F.);
#1505=ORIENTED_EDGE('',*,*,#2945,.T.);
#1506=ORIENTED_EDGE('',*,*,#2696,.F.);
#1507=ORIENTED_EDGE('',*,*,#2948,.F.);
#1508=ORIENTED_EDGE('',*,*,#2612,.F.);
#1509=ORIENTED_EDGE('',*,*,#2946,.T.);
#1510=ORIENTED_EDGE('',*,*,#2615,.F.);
#1511=ORIENTED_EDGE('',*,*,#2949,.F.);
#1512=ORIENTED_EDGE('',*,*,#2474,.F.);
#1513=ORIENTED_EDGE('',*,*,#2947,.T.);
#1514=ORIENTED_EDGE('',*,*,#2475,.F.);
#1515=ORIENTED_EDGE('',*,*,#2950,.F.);
#1516=ORIENTED_EDGE('',*,*,#2687,.F.);
#1517=ORIENTED_EDGE('',*,*,#2948,.T.);
#1518=ORIENTED_EDGE('',*,*,#2861,.F.);
#1519=ORIENTED_EDGE('',*,*,#2951,.F.);
#1520=ORIENTED_EDGE('',*,*,#2613,.F.);
#1521=ORIENTED_EDGE('',*,*,#2950,.T.);
#1522=ORIENTED_EDGE('',*,*,#2949,.T.);
#1523=ORIENTED_EDGE('',*,*,#2952,.F.);
#1524=ORIENTED_EDGE('',*,*,#2951,.T.);
#1525=ORIENTED_EDGE('',*,*,#2688,.F.);
#1526=ORIENTED_EDGE('',*,*,#2952,.T.);
#1527=ORIENTED_EDGE('',*,*,#2614,.F.);
#1528=ORIENTED_EDGE('',*,*,#2430,.F.);
#1529=ORIENTED_EDGE('',*,*,#2329,.F.);
#1530=ORIENTED_EDGE('',*,*,#2859,.F.);
#1531=ORIENTED_EDGE('',*,*,#2309,.F.);
#1532=ORIENTED_EDGE('',*,*,#2838,.F.);
#1533=ORIENTED_EDGE('',*,*,#2410,.F.);
#1534=ORIENTED_EDGE('',*,*,#2858,.F.);
#1535=ORIENTED_EDGE('',*,*,#2321,.F.);
#1536=ORIENTED_EDGE('',*,*,#2803,.F.);
#1537=ORIENTED_EDGE('',*,*,#2717,.F.);
#1538=ORIENTED_EDGE('',*,*,#2953,.F.);
#1539=ORIENTED_EDGE('',*,*,#2954,.T.);
#1540=ORIENTED_EDGE('',*,*,#2344,.F.);
#1541=ORIENTED_EDGE('',*,*,#2955,.T.);
#1542=ORIENTED_EDGE('',*,*,#2956,.T.);
#1543=ORIENTED_EDGE('',*,*,#2471,.F.);
#1544=ORIENTED_EDGE('',*,*,#2957,.F.);
#1545=ORIENTED_EDGE('',*,*,#2715,.F.);
#1546=ORIENTED_EDGE('',*,*,#2953,.T.);
#1547=ORIENTED_EDGE('',*,*,#2716,.F.);
#1548=ORIENTED_EDGE('',*,*,#2958,.F.);
#1549=ORIENTED_EDGE('',*,*,#2497,.F.);
#1550=ORIENTED_EDGE('',*,*,#2959,.T.);
#1551=ORIENTED_EDGE('',*,*,#2958,.T.);
#1552=ORIENTED_EDGE('',*,*,#2957,.T.);
#1553=ORIENTED_EDGE('',*,*,#2960,.F.);
#1554=ORIENTED_EDGE('',*,*,#2960,.T.);
#1555=ORIENTED_EDGE('',*,*,#2490,.F.);
#1556=ORIENTED_EDGE('',*,*,#2961,.F.);
#1557=ORIENTED_EDGE('',*,*,#2498,.F.);
#1558=ORIENTED_EDGE('',*,*,#2678,.F.);
#1559=ORIENTED_EDGE('',*,*,#2962,.T.);
#1560=ORIENTED_EDGE('',*,*,#2495,.F.);
#1561=ORIENTED_EDGE('',*,*,#2963,.F.);
#1562=ORIENTED_EDGE('',*,*,#2963,.T.);
#1563=ORIENTED_EDGE('',*,*,#2961,.T.);
#1564=ORIENTED_EDGE('',*,*,#2964,.F.);
#1565=ORIENTED_EDGE('',*,*,#2856,.F.);
#1566=ORIENTED_EDGE('',*,*,#2679,.F.);
#1567=ORIENTED_EDGE('',*,*,#2964,.T.);
#1568=ORIENTED_EDGE('',*,*,#2489,.F.);
#1569=ORIENTED_EDGE('',*,*,#2415,.F.);
#1570=ORIENTED_EDGE('',*,*,#2333,.F.);
#1571=ORIENTED_EDGE('',*,*,#2426,.F.);
#1572=ORIENTED_EDGE('',*,*,#2442,.F.);
#1573=ORIENTED_EDGE('',*,*,#2835,.F.);
#1574=ORIENTED_EDGE('',*,*,#2337,.F.);
#1575=ORIENTED_EDGE('',*,*,#2421,.F.);
#1576=ORIENTED_EDGE('',*,*,#2445,.F.);
#1577=ORIENTED_EDGE('',*,*,#2246,.F.);
#1578=ORIENTED_EDGE('',*,*,#2341,.F.);
#1579=ORIENTED_EDGE('',*,*,#2965,.F.);
#1580=ORIENTED_EDGE('',*,*,#2719,.F.);
#1581=ORIENTED_EDGE('',*,*,#2965,.T.);
#1582=ORIENTED_EDGE('',*,*,#2340,.F.);
#1583=ORIENTED_EDGE('',*,*,#2240,.F.);
#1584=ORIENTED_EDGE('',*,*,#2712,.F.);
#1585=ORIENTED_EDGE('',*,*,#2664,.F.);
#1586=ORIENTED_EDGE('',*,*,#2503,.F.);
#1587=ORIENTED_EDGE('',*,*,#2667,.F.);
#1588=ORIENTED_EDGE('',*,*,#2504,.F.);
#1589=ORIENTED_EDGE('',*,*,#2505,.F.);
#1590=ORIENTED_EDGE('',*,*,#2670,.F.);
#1591=ORIENTED_EDGE('',*,*,#2506,.F.);
#1592=ORIENTED_EDGE('',*,*,#2673,.F.);
#1593=ORIENTED_EDGE('',*,*,#2562,.F.);
#1594=ORIENTED_EDGE('',*,*,#2580,.F.);
#1595=ORIENTED_EDGE('',*,*,#2560,.F.);
#1596=ORIENTED_EDGE('',*,*,#2581,.F.);
#1597=ORIENTED_EDGE('',*,*,#2469,.F.);
#1598=ORIENTED_EDGE('',*,*,#2558,.F.);
#1599=ORIENTED_EDGE('',*,*,#2470,.F.);
#1600=ORIENTED_EDGE('',*,*,#2556,.F.);
#1601=ORIENTED_EDGE('',*,*,#2461,.F.);
#1602=ORIENTED_EDGE('',*,*,#2966,.T.);
#1603=ORIENTED_EDGE('',*,*,#2924,.F.);
#1604=ORIENTED_EDGE('',*,*,#2603,.F.);
#1605=ORIENTED_EDGE('',*,*,#2967,.F.);
#1606=ORIENTED_EDGE('',*,*,#2967,.T.);
#1607=ORIENTED_EDGE('',*,*,#2910,.F.);
#1608=ORIENTED_EDGE('',*,*,#2968,.F.);
#1609=ORIENTED_EDGE('',*,*,#2462,.F.);
#1610=ORIENTED_EDGE('',*,*,#2968,.T.);
#1611=ORIENTED_EDGE('',*,*,#2734,.F.);
#1612=ORIENTED_EDGE('',*,*,#2969,.F.);
#1613=ORIENTED_EDGE('',*,*,#2463,.F.);
#1614=ORIENTED_EDGE('',*,*,#2969,.T.);
#1615=ORIENTED_EDGE('',*,*,#2902,.F.);
#1616=ORIENTED_EDGE('',*,*,#2970,.F.);
#1617=ORIENTED_EDGE('',*,*,#2464,.F.);
#1618=ORIENTED_EDGE('',*,*,#2970,.T.);
#1619=ORIENTED_EDGE('',*,*,#2553,.F.);
#1620=ORIENTED_EDGE('',*,*,#2971,.F.);
#1621=ORIENTED_EDGE('',*,*,#2465,.F.);
#1622=ORIENTED_EDGE('',*,*,#2971,.T.);
#1623=ORIENTED_EDGE('',*,*,#2914,.F.);
#1624=ORIENTED_EDGE('',*,*,#2972,.F.);
#1625=ORIENTED_EDGE('',*,*,#2466,.F.);
#1626=ORIENTED_EDGE('',*,*,#2972,.T.);
#1627=ORIENTED_EDGE('',*,*,#2730,.F.);
#1628=ORIENTED_EDGE('',*,*,#2973,.F.);
#1629=ORIENTED_EDGE('',*,*,#2467,.F.);
#1630=ORIENTED_EDGE('',*,*,#2973,.T.);
#1631=ORIENTED_EDGE('',*,*,#2929,.F.);
#1632=ORIENTED_EDGE('',*,*,#2974,.F.);
#1633=ORIENTED_EDGE('',*,*,#2468,.F.);
#1634=ORIENTED_EDGE('',*,*,#2940,.F.);
#1635=ORIENTED_EDGE('',*,*,#2975,.T.);
#1636=ORIENTED_EDGE('',*,*,#2455,.F.);
#1637=ORIENTED_EDGE('',*,*,#2974,.T.);
#1638=ORIENTED_EDGE('',*,*,#2617,.F.);
#1639=ORIENTED_EDGE('',*,*,#2870,.F.);
#1640=ORIENTED_EDGE('',*,*,#2976,.T.);
#1641=ORIENTED_EDGE('',*,*,#2459,.F.);
#1642=ORIENTED_EDGE('',*,*,#2977,.F.);
#1643=ORIENTED_EDGE('',*,*,#2407,.F.);
#1644=ORIENTED_EDGE('',*,*,#2977,.T.);
#1645=ORIENTED_EDGE('',*,*,#2458,.F.);
#1646=ORIENTED_EDGE('',*,*,#2978,.F.);
#1647=ORIENTED_EDGE('',*,*,#2723,.F.);
#1648=ORIENTED_EDGE('',*,*,#2457,.F.);
#1649=ORIENTED_EDGE('',*,*,#2979,.T.);
#1650=ORIENTED_EDGE('',*,*,#2955,.F.);
#1651=ORIENTED_EDGE('',*,*,#2714,.F.);
#1652=ORIENTED_EDGE('',*,*,#2978,.T.);
#1653=ORIENTED_EDGE('',*,*,#2865,.F.);
#1654=ORIENTED_EDGE('',*,*,#2317,.F.);
#1655=ORIENTED_EDGE('',*,*,#2878,.F.);
#1656=ORIENTED_EDGE('',*,*,#2876,.F.);
#1657=ORIENTED_EDGE('',*,*,#2448,.F.);
#1658=ORIENTED_EDGE('',*,*,#2867,.F.);
#1659=ORIENTED_EDGE('',*,*,#2699,.F.);
#1660=ORIENTED_EDGE('',*,*,#2852,.F.);
#1661=ORIENTED_EDGE('',*,*,#2704,.F.);
#1662=ORIENTED_EDGE('',*,*,#2439,.F.);
#1663=ORIENTED_EDGE('',*,*,#2862,.F.);
#1664=ORIENTED_EDGE('',*,*,#2692,.F.);
#1665=ORIENTED_EDGE('',*,*,#2980,.F.);
#1666=ORIENTED_EDGE('',*,*,#2365,.F.);
#1667=ORIENTED_EDGE('',*,*,#2980,.T.);
#1668=ORIENTED_EDGE('',*,*,#2921,.F.);
#1669=ORIENTED_EDGE('',*,*,#2981,.F.);
#1670=ORIENTED_EDGE('',*,*,#2366,.F.);
#1671=ORIENTED_EDGE('',*,*,#2981,.T.);
#1672=ORIENTED_EDGE('',*,*,#2623,.F.);
#1673=ORIENTED_EDGE('',*,*,#2982,.F.);
#1674=ORIENTED_EDGE('',*,*,#2367,.F.);
#1675=ORIENTED_EDGE('',*,*,#2982,.T.);
#1676=ORIENTED_EDGE('',*,*,#2577,.F.);
#1677=ORIENTED_EDGE('',*,*,#2983,.F.);
#1678=ORIENTED_EDGE('',*,*,#2368,.F.);
#1679=ORIENTED_EDGE('',*,*,#2983,.T.);
#1680=ORIENTED_EDGE('',*,*,#2649,.F.);
#1681=ORIENTED_EDGE('',*,*,#2984,.F.);
#1682=ORIENTED_EDGE('',*,*,#2369,.F.);
#1683=ORIENTED_EDGE('',*,*,#2984,.T.);
#1684=ORIENTED_EDGE('',*,*,#2654,.F.);
#1685=ORIENTED_EDGE('',*,*,#2985,.F.);
#1686=ORIENTED_EDGE('',*,*,#2370,.F.);
#1687=ORIENTED_EDGE('',*,*,#2985,.T.);
#1688=ORIENTED_EDGE('',*,*,#2651,.F.);
#1689=ORIENTED_EDGE('',*,*,#2986,.F.);
#1690=ORIENTED_EDGE('',*,*,#2371,.F.);
#1691=ORIENTED_EDGE('',*,*,#2986,.T.);
#1692=ORIENTED_EDGE('',*,*,#2573,.F.);
#1693=ORIENTED_EDGE('',*,*,#2987,.F.);
#1694=ORIENTED_EDGE('',*,*,#2372,.F.);
#1695=ORIENTED_EDGE('',*,*,#2987,.T.);
#1696=ORIENTED_EDGE('',*,*,#2657,.F.);
#1697=ORIENTED_EDGE('',*,*,#2988,.F.);
#1698=ORIENTED_EDGE('',*,*,#2373,.F.);
#1699=ORIENTED_EDGE('',*,*,#2988,.T.);
#1700=ORIENTED_EDGE('',*,*,#2662,.F.);
#1701=ORIENTED_EDGE('',*,*,#2989,.F.);
#1702=ORIENTED_EDGE('',*,*,#2374,.F.);
#1703=ORIENTED_EDGE('',*,*,#2989,.T.);
#1704=ORIENTED_EDGE('',*,*,#2659,.F.);
#1705=ORIENTED_EDGE('',*,*,#2990,.F.);
#1706=ORIENTED_EDGE('',*,*,#2375,.F.);
#1707=ORIENTED_EDGE('',*,*,#2990,.T.);
#1708=ORIENTED_EDGE('',*,*,#2626,.F.);
#1709=ORIENTED_EDGE('',*,*,#2991,.F.);
#1710=ORIENTED_EDGE('',*,*,#2376,.F.);
#1711=ORIENTED_EDGE('',*,*,#2881,.F.);
#1712=ORIENTED_EDGE('',*,*,#2377,.F.);
#1713=ORIENTED_EDGE('',*,*,#2991,.T.);
#1714=ORIENTED_EDGE('',*,*,#2452,.F.);
#1715=ORIENTED_EDGE('',*,*,#2883,.F.);
#1716=ORIENTED_EDGE('',*,*,#2863,.F.);
#1717=ORIENTED_EDGE('',*,*,#2363,.F.);
#1718=ORIENTED_EDGE('',*,*,#2992,.F.);
#1719=ORIENTED_EDGE('',*,*,#2685,.F.);
#1720=ORIENTED_EDGE('',*,*,#2992,.T.);
#1721=ORIENTED_EDGE('',*,*,#2362,.F.);
#1722=ORIENTED_EDGE('',*,*,#2993,.F.);
#1723=ORIENTED_EDGE('',*,*,#2943,.F.);
#1724=ORIENTED_EDGE('',*,*,#2993,.T.);
#1725=ORIENTED_EDGE('',*,*,#2361,.F.);
#1726=ORIENTED_EDGE('',*,*,#2994,.F.);
#1727=ORIENTED_EDGE('',*,*,#2492,.F.);
#1728=ORIENTED_EDGE('',*,*,#2994,.T.);
#1729=ORIENTED_EDGE('',*,*,#2360,.F.);
#1730=ORIENTED_EDGE('',*,*,#2995,.F.);
#1731=ORIENTED_EDGE('',*,*,#2620,.F.);
#1732=ORIENTED_EDGE('',*,*,#2995,.T.);
#1733=ORIENTED_EDGE('',*,*,#2359,.F.);
#1734=ORIENTED_EDGE('',*,*,#2996,.F.);
#1735=ORIENTED_EDGE('',*,*,#2643,.F.);
#1736=ORIENTED_EDGE('',*,*,#2996,.T.);
#1737=ORIENTED_EDGE('',*,*,#2358,.F.);
#1738=ORIENTED_EDGE('',*,*,#2997,.F.);
#1739=ORIENTED_EDGE('',*,*,#2646,.F.);
#1740=ORIENTED_EDGE('',*,*,#2997,.T.);
#1741=ORIENTED_EDGE('',*,*,#2357,.F.);
#1742=ORIENTED_EDGE('',*,*,#2998,.F.);
#1743=ORIENTED_EDGE('',*,*,#2641,.F.);
#1744=ORIENTED_EDGE('',*,*,#2998,.T.);
#1745=ORIENTED_EDGE('',*,*,#2356,.F.);
#1746=ORIENTED_EDGE('',*,*,#2999,.F.);
#1747=ORIENTED_EDGE('',*,*,#2565,.F.);
#1748=ORIENTED_EDGE('',*,*,#2999,.T.);
#1749=ORIENTED_EDGE('',*,*,#2355,.F.);
#1750=ORIENTED_EDGE('',*,*,#3000,.F.);
#1751=ORIENTED_EDGE('',*,*,#2638,.F.);
#1752=ORIENTED_EDGE('',*,*,#3000,.T.);
#1753=ORIENTED_EDGE('',*,*,#2354,.F.);
#1754=ORIENTED_EDGE('',*,*,#3001,.F.);
#1755=ORIENTED_EDGE('',*,*,#2636,.F.);
#1756=ORIENTED_EDGE('',*,*,#3001,.T.);
#1757=ORIENTED_EDGE('',*,*,#2353,.F.);
#1758=ORIENTED_EDGE('',*,*,#3002,.F.);
#1759=ORIENTED_EDGE('',*,*,#2633,.F.);
#1760=ORIENTED_EDGE('',*,*,#3002,.T.);
#1761=ORIENTED_EDGE('',*,*,#2352,.F.);
#1762=ORIENTED_EDGE('',*,*,#3003,.F.);
#1763=ORIENTED_EDGE('',*,*,#2569,.F.);
#1764=ORIENTED_EDGE('',*,*,#3003,.T.);
#1765=ORIENTED_EDGE('',*,*,#2351,.F.);
#1766=ORIENTED_EDGE('',*,*,#3004,.F.);
#1767=ORIENTED_EDGE('',*,*,#2629,.F.);
#1768=ORIENTED_EDGE('',*,*,#3004,.T.);
#1769=ORIENTED_EDGE('',*,*,#2350,.F.);
#1770=ORIENTED_EDGE('',*,*,#3005,.F.);
#1771=ORIENTED_EDGE('',*,*,#2889,.F.);
#1772=ORIENTED_EDGE('',*,*,#3005,.T.);
#1773=ORIENTED_EDGE('',*,*,#2349,.F.);
#1774=ORIENTED_EDGE('',*,*,#3006,.F.);
#1775=ORIENTED_EDGE('',*,*,#2681,.F.);
#1776=ORIENTED_EDGE('',*,*,#3006,.T.);
#1777=ORIENTED_EDGE('',*,*,#2348,.F.);
#1778=ORIENTED_EDGE('',*,*,#3007,.F.);
#1779=ORIENTED_EDGE('',*,*,#2855,.F.);
#1780=ORIENTED_EDGE('',*,*,#3007,.T.);
#1781=ORIENTED_EDGE('',*,*,#2347,.F.);
#1782=ORIENTED_EDGE('',*,*,#3008,.F.);
#1783=ORIENTED_EDGE('',*,*,#2677,.F.);
#1784=ORIENTED_EDGE('',*,*,#3008,.T.);
#1785=ORIENTED_EDGE('',*,*,#2346,.F.);
#1786=ORIENTED_EDGE('',*,*,#3009,.F.);
#1787=ORIENTED_EDGE('',*,*,#2962,.F.);
#1788=ORIENTED_EDGE('',*,*,#3009,.T.);
#1789=ORIENTED_EDGE('',*,*,#2345,.F.);
#1790=ORIENTED_EDGE('',*,*,#2954,.F.);
#1791=ORIENTED_EDGE('',*,*,#2959,.F.);
#1792=ORIENTED_EDGE('',*,*,#2496,.F.);
#1793=ORIENTED_EDGE('',*,*,#2768,.F.);
#1794=ORIENTED_EDGE('',*,*,#2778,.F.);
#1795=ORIENTED_EDGE('',*,*,#3010,.F.);
#1796=ORIENTED_EDGE('',*,*,#2540,.F.);
#1797=ORIENTED_EDGE('',*,*,#2771,.F.);
#1798=ORIENTED_EDGE('',*,*,#3010,.T.);
#1799=ORIENTED_EDGE('',*,*,#2777,.F.);
#1800=ORIENTED_EDGE('',*,*,#2774,.F.);
#1801=ORIENTED_EDGE('',*,*,#2537,.F.);
#1802=ORIENTED_EDGE('',*,*,#2782,.F.);
#1803=ORIENTED_EDGE('',*,*,#2792,.F.);
#1804=ORIENTED_EDGE('',*,*,#3011,.F.);
#1805=ORIENTED_EDGE('',*,*,#2536,.F.);
#1806=ORIENTED_EDGE('',*,*,#2785,.F.);
#1807=ORIENTED_EDGE('',*,*,#3011,.T.);
#1808=ORIENTED_EDGE('',*,*,#2791,.F.);
#1809=ORIENTED_EDGE('',*,*,#2788,.F.);
#1810=ORIENTED_EDGE('',*,*,#2533,.F.);
#1811=ORIENTED_EDGE('',*,*,#2740,.F.);
#1812=ORIENTED_EDGE('',*,*,#2750,.F.);
#1813=ORIENTED_EDGE('',*,*,#3012,.F.);
#1814=ORIENTED_EDGE('',*,*,#2548,.F.);
#1815=ORIENTED_EDGE('',*,*,#2743,.F.);
#1816=ORIENTED_EDGE('',*,*,#3012,.T.);
#1817=ORIENTED_EDGE('',*,*,#2749,.F.);
#1818=ORIENTED_EDGE('',*,*,#2746,.F.);
#1819=ORIENTED_EDGE('',*,*,#2545,.F.);
#1820=ORIENTED_EDGE('',*,*,#2754,.F.);
#1821=ORIENTED_EDGE('',*,*,#2764,.F.);
#1822=ORIENTED_EDGE('',*,*,#3013,.F.);
#1823=ORIENTED_EDGE('',*,*,#2544,.F.);
#1824=ORIENTED_EDGE('',*,*,#2757,.F.);
#1825=ORIENTED_EDGE('',*,*,#3013,.T.);
#1826=ORIENTED_EDGE('',*,*,#2763,.F.);
#1827=ORIENTED_EDGE('',*,*,#2760,.F.);
#1828=ORIENTED_EDGE('',*,*,#2541,.F.);
#1829=ORIENTED_EDGE('',*,*,#2813,.F.);
#1830=ORIENTED_EDGE('',*,*,#2823,.F.);
#1831=ORIENTED_EDGE('',*,*,#3014,.F.);
#1832=ORIENTED_EDGE('',*,*,#2517,.F.);
#1833=ORIENTED_EDGE('',*,*,#2816,.F.);
#1834=ORIENTED_EDGE('',*,*,#3014,.T.);
#1835=ORIENTED_EDGE('',*,*,#2822,.F.);
#1836=ORIENTED_EDGE('',*,*,#2819,.F.);
#1837=ORIENTED_EDGE('',*,*,#2514,.F.);
#1838=ORIENTED_EDGE('',*,*,#2227,.F.);
#1839=ORIENTED_EDGE('',*,*,#2810,.F.);
#1840=ORIENTED_EDGE('',*,*,#3015,.F.);
#1841=ORIENTED_EDGE('',*,*,#2520,.F.);
#1842=ORIENTED_EDGE('',*,*,#2220,.F.);
#1843=ORIENTED_EDGE('',*,*,#3015,.T.);
#1844=ORIENTED_EDGE('',*,*,#2809,.F.);
#1845=ORIENTED_EDGE('',*,*,#2806,.F.);
#1846=ORIENTED_EDGE('',*,*,#2518,.F.);
#1847=ORIENTED_EDGE('',*,*,#2235,.F.);
#1848=ORIENTED_EDGE('',*,*,#3016,.F.);
#1849=ORIENTED_EDGE('',*,*,#2508,.F.);
#1850=ORIENTED_EDGE('',*,*,#2231,.F.);
#1851=ORIENTED_EDGE('',*,*,#2142,.F.);
#1852=ORIENTED_EDGE('',*,*,#3017,.F.);
#1853=ORIENTED_EDGE('',*,*,#2509,.F.);
#1854=ORIENTED_EDGE('',*,*,#3016,.T.);
#1855=ORIENTED_EDGE('',*,*,#2234,.F.);
#1856=ORIENTED_EDGE('',*,*,#2833,.F.);
#1857=ORIENTED_EDGE('',*,*,#2830,.F.);
#1858=ORIENTED_EDGE('',*,*,#3018,.F.);
#1859=ORIENTED_EDGE('',*,*,#2510,.F.);
#1860=ORIENTED_EDGE('',*,*,#3017,.T.);
#1861=ORIENTED_EDGE('',*,*,#2141,.F.);
#1862=ORIENTED_EDGE('',*,*,#3018,.T.);
#1863=ORIENTED_EDGE('',*,*,#2829,.F.);
#1864=ORIENTED_EDGE('',*,*,#2131,.F.);
#1865=ORIENTED_EDGE('',*,*,#2507,.F.);
#1866=ORIENTED_EDGE('',*,*,#2118,.F.);
#1867=ORIENTED_EDGE('',*,*,#3019,.F.);
#1868=ORIENTED_EDGE('',*,*,#2512,.F.);
#1869=ORIENTED_EDGE('',*,*,#2108,.F.);
#1870=ORIENTED_EDGE('',*,*,#2125,.F.);
#1871=ORIENTED_EDGE('',*,*,#3020,.F.);
#1872=ORIENTED_EDGE('',*,*,#2513,.F.);
#1873=ORIENTED_EDGE('',*,*,#3019,.T.);
#1874=ORIENTED_EDGE('',*,*,#2117,.F.);
#1875=ORIENTED_EDGE('',*,*,#2124,.F.);
#1876=ORIENTED_EDGE('',*,*,#2826,.F.);
#1877=ORIENTED_EDGE('',*,*,#2110,.F.);
#1878=ORIENTED_EDGE('',*,*,#2511,.F.);
#1879=ORIENTED_EDGE('',*,*,#3020,.T.);
#1880=ORIENTED_EDGE('',*,*,#2096,.F.);
#1881=ORIENTED_EDGE('',*,*,#3021,.F.);
#1882=ORIENTED_EDGE('',*,*,#2528,.F.);
#1883=ORIENTED_EDGE('',*,*,#2086,.F.);
#1884=ORIENTED_EDGE('',*,*,#2103,.F.);
#1885=ORIENTED_EDGE('',*,*,#3022,.F.);
#1886=ORIENTED_EDGE('',*,*,#2529,.F.);
#1887=ORIENTED_EDGE('',*,*,#3021,.T.);
#1888=ORIENTED_EDGE('',*,*,#2095,.F.);
#1889=ORIENTED_EDGE('',*,*,#2102,.F.);
#1890=ORIENTED_EDGE('',*,*,#2797,.F.);
#1891=ORIENTED_EDGE('',*,*,#2088,.F.);
#1892=ORIENTED_EDGE('',*,*,#2527,.F.);
#1893=ORIENTED_EDGE('',*,*,#3022,.T.);
#1894=ORIENTED_EDGE('',*,*,#2081,.F.);
#1895=ORIENTED_EDGE('',*,*,#3023,.F.);
#1896=ORIENTED_EDGE('',*,*,#2531,.F.);
#1897=ORIENTED_EDGE('',*,*,#2167,.F.);
#1898=ORIENTED_EDGE('',*,*,#2179,.F.);
#1899=ORIENTED_EDGE('',*,*,#3024,.F.);
#1900=ORIENTED_EDGE('',*,*,#2532,.F.);
#1901=ORIENTED_EDGE('',*,*,#3023,.T.);
#1902=ORIENTED_EDGE('',*,*,#2080,.F.);
#1903=ORIENTED_EDGE('',*,*,#2178,.F.);
#1904=ORIENTED_EDGE('',*,*,#2795,.F.);
#1905=ORIENTED_EDGE('',*,*,#2169,.F.);
#1906=ORIENTED_EDGE('',*,*,#2530,.F.);
#1907=ORIENTED_EDGE('',*,*,#3024,.T.);
#1908=ORIENTED_EDGE('',*,*,#2210,.F.);
#1909=ORIENTED_EDGE('',*,*,#3025,.F.);
#1910=ORIENTED_EDGE('',*,*,#2522,.F.);
#1911=ORIENTED_EDGE('',*,*,#2202,.F.);
#1912=ORIENTED_EDGE('',*,*,#2215,.F.);
#1913=ORIENTED_EDGE('',*,*,#3026,.F.);
#1914=ORIENTED_EDGE('',*,*,#2523,.F.);
#1915=ORIENTED_EDGE('',*,*,#3025,.T.);
#1916=ORIENTED_EDGE('',*,*,#2209,.F.);
#1917=ORIENTED_EDGE('',*,*,#2214,.F.);
#1918=ORIENTED_EDGE('',*,*,#2804,.F.);
#1919=ORIENTED_EDGE('',*,*,#2204,.F.);
#1920=ORIENTED_EDGE('',*,*,#2521,.F.);
#1921=ORIENTED_EDGE('',*,*,#3026,.T.);
#1922=ORIENTED_EDGE('',*,*,#2192,.F.);
#1923=ORIENTED_EDGE('',*,*,#3027,.F.);
#1924=ORIENTED_EDGE('',*,*,#2525,.F.);
#1925=ORIENTED_EDGE('',*,*,#2184,.F.);
#1926=ORIENTED_EDGE('',*,*,#2197,.F.);
#1927=ORIENTED_EDGE('',*,*,#3028,.F.);
#1928=ORIENTED_EDGE('',*,*,#2526,.F.);
#1929=ORIENTED_EDGE('',*,*,#3027,.T.);
#1930=ORIENTED_EDGE('',*,*,#2191,.F.);
#1931=ORIENTED_EDGE('',*,*,#2196,.F.);
#1932=ORIENTED_EDGE('',*,*,#2799,.F.);
#1933=ORIENTED_EDGE('',*,*,#2186,.F.);
#1934=ORIENTED_EDGE('',*,*,#2524,.F.);
#1935=ORIENTED_EDGE('',*,*,#3028,.T.);
#1936=ORIENTED_EDGE('',*,*,#2161,.F.);
#1937=ORIENTED_EDGE('',*,*,#3029,.F.);
#1938=ORIENTED_EDGE('',*,*,#2550,.F.);
#1939=ORIENTED_EDGE('',*,*,#2154,.F.);
#1940=ORIENTED_EDGE('',*,*,#2164,.F.);
#1941=ORIENTED_EDGE('',*,*,#3030,.F.);
#1942=ORIENTED_EDGE('',*,*,#2551,.F.);
#1943=ORIENTED_EDGE('',*,*,#3029,.T.);
#1944=ORIENTED_EDGE('',*,*,#2160,.F.);
#1945=ORIENTED_EDGE('',*,*,#2163,.F.);
#1946=ORIENTED_EDGE('',*,*,#2148,.F.);
#1947=ORIENTED_EDGE('',*,*,#2156,.F.);
#1948=ORIENTED_EDGE('',*,*,#2549,.F.);
#1949=ORIENTED_EDGE('',*,*,#3030,.T.);
#1950=ORIENTED_EDGE('',*,*,#3031,.T.);
#1951=ORIENTED_EDGE('',*,*,#3032,.T.);
#1952=ORIENTED_EDGE('',*,*,#3033,.T.);
#1953=ORIENTED_EDGE('',*,*,#3034,.T.);
#1954=ORIENTED_EDGE('',*,*,#3035,.T.);
#1955=ORIENTED_EDGE('',*,*,#3036,.T.);
#1956=ORIENTED_EDGE('',*,*,#3037,.T.);
#1957=ORIENTED_EDGE('',*,*,#3038,.T.);
#1958=ORIENTED_EDGE('',*,*,#2979,.F.);
#1959=ORIENTED_EDGE('',*,*,#2456,.F.);
#1960=ORIENTED_EDGE('',*,*,#2975,.F.);
#1961=ORIENTED_EDGE('',*,*,#2939,.F.);
#1962=ORIENTED_EDGE('',*,*,#2472,.F.);
#1963=ORIENTED_EDGE('',*,*,#2956,.F.);
#1964=ORIENTED_EDGE('',*,*,#2966,.F.);
#1965=ORIENTED_EDGE('',*,*,#2460,.F.);
#1966=ORIENTED_EDGE('',*,*,#2976,.F.);
#1967=ORIENTED_EDGE('',*,*,#2869,.F.);
#1968=ORIENTED_EDGE('',*,*,#2583,.F.);
#1969=ORIENTED_EDGE('',*,*,#2925,.F.);
#1970=ORIENTED_EDGE('',*,*,#2499,.F.);
#1971=ORIENTED_EDGE('',*,*,#3031,.F.);
#1972=ORIENTED_EDGE('',*,*,#2500,.F.);
#1973=ORIENTED_EDGE('',*,*,#3033,.F.);
#1974=ORIENTED_EDGE('',*,*,#2501,.F.);
#1975=ORIENTED_EDGE('',*,*,#3035,.F.);
#1976=ORIENTED_EDGE('',*,*,#2502,.F.);
#1977=ORIENTED_EDGE('',*,*,#3037,.F.);
#1978=ORIENTED_EDGE('',*,*,#2312,.F.);
#1979=ORIENTED_EDGE('',*,*,#3032,.F.);
#1980=ORIENTED_EDGE('',*,*,#2313,.F.);
#1981=ORIENTED_EDGE('',*,*,#3034,.F.);
#1982=ORIENTED_EDGE('',*,*,#2314,.F.);
#1983=ORIENTED_EDGE('',*,*,#3036,.F.);
#1984=ORIENTED_EDGE('',*,*,#2315,.F.);
#1985=ORIENTED_EDGE('',*,*,#3038,.F.);
#1986=ORIENTED_EDGE('',*,*,#2236,.T.);
#1987=ORIENTED_EDGE('',*,*,#2175,.T.);
#1988=ORIENTED_EDGE('',*,*,#3039,.F.);
#1989=ORIENTED_EDGE('',*,*,#2165,.T.);
#1990=ORIENTED_EDGE('',*,*,#2289,.T.);
#1991=ORIENTED_EDGE('',*,*,#2293,.F.);
#1992=ORIENTED_EDGE('',*,*,#2724,.T.);
#1993=ORIENTED_EDGE('',*,*,#2078,.T.);
#1994=ORIENTED_EDGE('',*,*,#2166,.T.);
#1995=ORIENTED_EDGE('',*,*,#3039,.T.);
#1996=ORIENTED_EDGE('',*,*,#2180,.T.);
#1997=ORIENTED_EDGE('',*,*,#3040,.F.);
#1998=ORIENTED_EDGE('',*,*,#2083,.T.);
#1999=ORIENTED_EDGE('',*,*,#2287,.T.);
#2000=ORIENTED_EDGE('',*,*,#2097,.T.);
#2001=ORIENTED_EDGE('',*,*,#2093,.T.);
#2002=ORIENTED_EDGE('',*,*,#2084,.T.);
#2003=ORIENTED_EDGE('',*,*,#3040,.T.);
#2004=ORIENTED_EDGE('',*,*,#2104,.T.);
#2005=ORIENTED_EDGE('',*,*,#3041,.F.);
#2006=ORIENTED_EDGE('',*,*,#2105,.T.);
#2007=ORIENTED_EDGE('',*,*,#2285,.T.);
#2008=ORIENTED_EDGE('',*,*,#2119,.T.);
#2009=ORIENTED_EDGE('',*,*,#2115,.T.);
#2010=ORIENTED_EDGE('',*,*,#2106,.T.);
#2011=ORIENTED_EDGE('',*,*,#3041,.T.);
#2012=ORIENTED_EDGE('',*,*,#2126,.T.);
#2013=ORIENTED_EDGE('',*,*,#3042,.F.);
#2014=ORIENTED_EDGE('',*,*,#2127,.T.);
#2015=ORIENTED_EDGE('',*,*,#2283,.T.);
#2016=ORIENTED_EDGE('',*,*,#2136,.T.);
#2017=ORIENTED_EDGE('',*,*,#2229,.T.);
#2018=ORIENTED_EDGE('',*,*,#2128,.T.);
#2019=ORIENTED_EDGE('',*,*,#3042,.T.);
#2020=ORIENTED_EDGE('',*,*,#2144,.T.);
#2021=ORIENTED_EDGE('',*,*,#2233,.T.);
#2022=ORIENTED_EDGE('',*,*,#2278,.F.);
#2023=ORIENTED_EDGE('',*,*,#2280,.F.);
#2024=ORIENTED_EDGE('',*,*,#3043,.F.);
#2025=ORIENTED_EDGE('',*,*,#3044,.F.);
#2026=ORIENTED_EDGE('',*,*,#2217,.T.);
#2027=ORIENTED_EDGE('',*,*,#2274,.T.);
#2028=ORIENTED_EDGE('',*,*,#3043,.T.);
#2029=ORIENTED_EDGE('',*,*,#2279,.T.);
#2030=ORIENTED_EDGE('',*,*,#2224,.T.);
#2031=ORIENTED_EDGE('',*,*,#2228,.T.);
#2032=ORIENTED_EDGE('',*,*,#2218,.T.);
#2033=ORIENTED_EDGE('',*,*,#3044,.T.);
#2034=ORIENTED_EDGE('',*,*,#2268,.F.);
#2035=ORIENTED_EDGE('',*,*,#2801,.F.);
#2036=ORIENTED_EDGE('',*,*,#2270,.F.);
#2037=ORIENTED_EDGE('',*,*,#3045,.F.);
#2038=ORIENTED_EDGE('',*,*,#3046,.F.);
#2039=ORIENTED_EDGE('',*,*,#2181,.T.);
#2040=ORIENTED_EDGE('',*,*,#2264,.T.);
#2041=ORIENTED_EDGE('',*,*,#3045,.T.);
#2042=ORIENTED_EDGE('',*,*,#2269,.T.);
#2043=ORIENTED_EDGE('',*,*,#2193,.T.);
#2044=ORIENTED_EDGE('',*,*,#2189,.T.);
#2045=ORIENTED_EDGE('',*,*,#2182,.T.);
#2046=ORIENTED_EDGE('',*,*,#3046,.T.);
#2047=ORIENTED_EDGE('',*,*,#2198,.T.);
#2048=ORIENTED_EDGE('',*,*,#2263,.F.);
#2049=ORIENTED_EDGE('',*,*,#2738,.F.);
#2050=ORIENTED_EDGE('',*,*,#2841,.F.);
#2051=ORIENTED_EDGE('',*,*,#2256,.F.);
#2052=ORIENTED_EDGE('',*,*,#3047,.F.);
#2053=ORIENTED_EDGE('',*,*,#2255,.T.);
#2054=ORIENTED_EDGE('',*,*,#2145,.T.);
#2055=ORIENTED_EDGE('',*,*,#3048,.F.);
#2056=ORIENTED_EDGE('',*,*,#2151,.T.);
#2057=ORIENTED_EDGE('',*,*,#2260,.T.);
#2058=ORIENTED_EDGE('',*,*,#3047,.T.);
#2059=ORIENTED_EDGE('',*,*,#3048,.T.);
#2060=ORIENTED_EDGE('',*,*,#2150,.T.);
#2061=ORIENTED_EDGE('',*,*,#2162,.T.);
#2062=ORIENTED_EDGE('',*,*,#2158,.T.);
#2063=ORIENTED_EDGE('',*,*,#2152,.T.);
#2064=ORIENTED_EDGE('',*,*,#2207,.T.);
#2065=ORIENTED_EDGE('',*,*,#2200,.T.);
#2066=ORIENTED_EDGE('',*,*,#3049,.T.);
#2067=ORIENTED_EDGE('',*,*,#2216,.T.);
#2068=ORIENTED_EDGE('',*,*,#3049,.F.);
#2069=ORIENTED_EDGE('',*,*,#2199,.T.);
#2070=ORIENTED_EDGE('',*,*,#2243,.T.);
#2071=ORIENTED_EDGE('',*,*,#3050,.T.);
#2072=ORIENTED_EDGE('',*,*,#2250,.T.);
#2073=ORIENTED_EDGE('',*,*,#2211,.T.);
#2074=ORIENTED_EDGE('',*,*,#2249,.F.);
#2075=ORIENTED_EDGE('',*,*,#2802,.F.);
#2076=ORIENTED_EDGE('',*,*,#2251,.F.);
#2077=ORIENTED_EDGE('',*,*,#3050,.F.);
#2078=EDGE_CURVE('',#3051,#3052,#3669,.T.);
#2079=EDGE_CURVE('',#3053,#3051,#3670,.T.);
#2080=EDGE_CURVE('',#3053,#3054,#3671,.T.);
#2081=EDGE_CURVE('',#3054,#3055,#3672,.T.);
#2082=EDGE_CURVE('',#3055,#3052,#3673,.T.);
#2083=EDGE_CURVE('',#3056,#3057,#3674,.T.);
#2084=EDGE_CURVE('',#3058,#3056,#3675,.T.);
#2085=EDGE_CURVE('',#3059,#3058,#3676,.T.);
#2086=EDGE_CURVE('',#3059,#3060,#3677,.T.);
#2087=EDGE_CURVE('',#3061,#3060,#3678,.F.);
#2088=EDGE_CURVE('',#3061,#3062,#3679,.T.);
#2089=EDGE_CURVE('',#3062,#3063,#3680,.T.);
#2090=EDGE_CURVE('',#3063,#3064,#3681,.F.);
#2091=EDGE_CURVE('',#3065,#3064,#3682,.T.);
#2092=EDGE_CURVE('',#3057,#3065,#3683,.T.);
#2093=EDGE_CURVE('',#3066,#3058,#3684,.T.);
#2094=EDGE_CURVE('',#3067,#3066,#3685,.T.);
#2095=EDGE_CURVE('',#3067,#3068,#3686,.T.);
#2096=EDGE_CURVE('',#3068,#3059,#3687,.T.);
#2097=EDGE_CURVE('',#3069,#3070,#3688,.T.);
#2098=EDGE_CURVE('',#3071,#3069,#3689,.T.);
#2099=EDGE_CURVE('',#3072,#3071,#3690,.T.);
#2100=EDGE_CURVE('',#3072,#3073,#3691,.T.);
#2101=EDGE_CURVE('',#3074,#3073,#3692,.T.);
#2102=EDGE_CURVE('',#3074,#3075,#3693,.T.);
#2103=EDGE_CURVE('',#3075,#3067,#3694,.T.);
#2104=EDGE_CURVE('',#3070,#3066,#3695,.T.);
#2105=EDGE_CURVE('',#3076,#3077,#3696,.T.);
#2106=EDGE_CURVE('',#3078,#3076,#3697,.T.);
#2107=EDGE_CURVE('',#3079,#3078,#3698,.T.);
#2108=EDGE_CURVE('',#3079,#3080,#3699,.T.);
#2109=EDGE_CURVE('',#3081,#3080,#3700,.F.);
#2110=EDGE_CURVE('',#3081,#3082,#3701,.T.);
#2111=EDGE_CURVE('',#3082,#3083,#3702,.T.);
#2112=EDGE_CURVE('',#3083,#3084,#3703,.F.);
#2113=EDGE_CURVE('',#3085,#3084,#3704,.T.);
#2114=EDGE_CURVE('',#3077,#3085,#3705,.T.);
#2115=EDGE_CURVE('',#3086,#3078,#3706,.T.);
#2116=EDGE_CURVE('',#3087,#3086,#3707,.T.);
#2117=EDGE_CURVE('',#3087,#3088,#3708,.T.);
#2118=EDGE_CURVE('',#3088,#3079,#3709,.T.);
#2119=EDGE_CURVE('',#3089,#3090,#3710,.T.);
#2120=EDGE_CURVE('',#3091,#3089,#3711,.T.);
#2121=EDGE_CURVE('',#3092,#3091,#3712,.T.);
#2122=EDGE_CURVE('',#3092,#3093,#3713,.T.);
#2123=EDGE_CURVE('',#3094,#3093,#3714,.T.);
#2124=EDGE_CURVE('',#3094,#3095,#3715,.T.);
#2125=EDGE_CURVE('',#3095,#3087,#3716,.T.);
#2126=EDGE_CURVE('',#3090,#3086,#3717,.T.);
#2127=EDGE_CURVE('',#3096,#3097,#3718,.T.);
#2128=EDGE_CURVE('',#3098,#3096,#3719,.T.);
#2129=EDGE_CURVE('',#3099,#3098,#3720,.T.);
#2130=EDGE_CURVE('',#3100,#3099,#3721,.F.);
#2131=EDGE_CURVE('',#3100,#3101,#3722,.T.);
#2132=EDGE_CURVE('',#3101,#3102,#3723,.T.);
#2133=EDGE_CURVE('',#3102,#3103,#3724,.F.);
#2134=EDGE_CURVE('',#3104,#3103,#3725,.T.);
#2135=EDGE_CURVE('',#3097,#3104,#3726,.T.);
#2136=EDGE_CURVE('',#3105,#3106,#3727,.T.);
#2137=EDGE_CURVE('',#3107,#3105,#3728,.T.);
#2138=EDGE_CURVE('',#3108,#3107,#3729,.T.);
#2139=EDGE_CURVE('',#3108,#3109,#3730,.T.);
#2140=EDGE_CURVE('',#3110,#3109,#3731,.T.);
#2141=EDGE_CURVE('',#3110,#3111,#3732,.T.);
#2142=EDGE_CURVE('',#3111,#3112,#3733,.T.);
#2143=EDGE_CURVE('',#3112,#3113,#3734,.T.);
#2144=EDGE_CURVE('',#3106,#3113,#3735,.T.);
#2145=EDGE_CURVE('',#3114,#3115,#3736,.T.);
#2146=EDGE_CURVE('',#3114,#3116,#3737,.T.);
#2147=EDGE_CURVE('',#3117,#3116,#3738,.T.);
#2148=EDGE_CURVE('',#3117,#3118,#3739,.T.);
#2149=EDGE_CURVE('',#3118,#3119,#3740,.T.);
#2150=EDGE_CURVE('',#3115,#3119,#3741,.T.);
#2151=EDGE_CURVE('',#3120,#3121,#3742,.T.);
#2152=EDGE_CURVE('',#3122,#3120,#3743,.T.);
#2153=EDGE_CURVE('',#3123,#3122,#3744,.T.);
#2154=EDGE_CURVE('',#3123,#3124,#3745,.T.);
#2155=EDGE_CURVE('',#3125,#3124,#3746,.F.);
#2156=EDGE_CURVE('',#3125,#3117,#3747,.T.);
#2157=EDGE_CURVE('',#3116,#3121,#3748,.F.);
#2158=EDGE_CURVE('',#3126,#3122,#3749,.T.);
#2159=EDGE_CURVE('',#3127,#3126,#3750,.T.);
#2160=EDGE_CURVE('',#3127,#3128,#3751,.T.);
#2161=EDGE_CURVE('',#3128,#3123,#3752,.T.);
#2162=EDGE_CURVE('',#3119,#3126,#3753,.T.);
#2163=EDGE_CURVE('',#3118,#3129,#3754,.T.);
#2164=EDGE_CURVE('',#3129,#3127,#3755,.T.);
#2165=EDGE_CURVE('',#3130,#3131,#3756,.T.);
#2166=EDGE_CURVE('',#3052,#3130,#3757,.T.);
#2167=EDGE_CURVE('',#3055,#3132,#3758,.T.);
#2168=EDGE_CURVE('',#3133,#3132,#3759,.F.);
#2169=EDGE_CURVE('',#3133,#3134,#3760,.T.);
#2170=EDGE_CURVE('',#3134,#3135,#3761,.T.);
#2171=EDGE_CURVE('',#3135,#3136,#3762,.F.);
#2172=EDGE_CURVE('',#3136,#3137,#3763,.T.);
#2173=EDGE_CURVE('',#3138,#3137,#3764,.T.);
#2174=EDGE_CURVE('',#3131,#3138,#3765,.T.);
#2175=EDGE_CURVE('',#3139,#3140,#3766,.T.);
#2176=EDGE_CURVE('',#3139,#3141,#3767,.T.);
#2177=EDGE_CURVE('',#3142,#3141,#3768,.T.);
#2178=EDGE_CURVE('',#3142,#3143,#3769,.T.);
#2179=EDGE_CURVE('',#3143,#3053,#3770,.T.);
#2180=EDGE_CURVE('',#3140,#3051,#3771,.T.);
#2181=EDGE_CURVE('',#3144,#3145,#3772,.T.);
#2182=EDGE_CURVE('',#3146,#3144,#3773,.T.);
#2183=EDGE_CURVE('',#3147,#3146,#3774,.T.);
#2184=EDGE_CURVE('',#3147,#3148,#3775,.T.);
#2185=EDGE_CURVE('',#3149,#3148,#3776,.F.);
#2186=EDGE_CURVE('',#3149,#3150,#3777,.T.);
#2187=EDGE_CURVE('',#3150,#3151,#3778,.T.);
#2188=EDGE_CURVE('',#3151,#3145,#3779,.F.);
#2189=EDGE_CURVE('',#3152,#3146,#3780,.T.);
#2190=EDGE_CURVE('',#3153,#3152,#3781,.T.);
#2191=EDGE_CURVE('',#3153,#3154,#3782,.T.);
#2192=EDGE_CURVE('',#3154,#3147,#3783,.T.);
#2193=EDGE_CURVE('',#3155,#3156,#3784,.T.);
#2194=EDGE_CURVE('',#3155,#3157,#3785,.T.);
#2195=EDGE_CURVE('',#3158,#3157,#3786,.T.);
#2196=EDGE_CURVE('',#3158,#3159,#3787,.T.);
#2197=EDGE_CURVE('',#3159,#3153,#3788,.T.);
#2198=EDGE_CURVE('',#3156,#3152,#3789,.T.);
#2199=EDGE_CURVE('',#3160,#3161,#3790,.T.);
#2200=EDGE_CURVE('',#3162,#3160,#3791,.T.);
#2201=EDGE_CURVE('',#3163,#3162,#3792,.T.);
#2202=EDGE_CURVE('',#3163,#3164,#3793,.T.);
#2203=EDGE_CURVE('',#3165,#3164,#3794,.F.);
#2204=EDGE_CURVE('',#3165,#3166,#3795,.T.);
#2205=EDGE_CURVE('',#3166,#3167,#3796,.T.);
#2206=EDGE_CURVE('',#3167,#3161,#3797,.F.);
#2207=EDGE_CURVE('',#3168,#3162,#3798,.T.);
#2208=EDGE_CURVE('',#3169,#3168,#3799,.T.);
#2209=EDGE_CURVE('',#3169,#3170,#3800,.T.);
#2210=EDGE_CURVE('',#3170,#3163,#3801,.T.);
#2211=EDGE_CURVE('',#3171,#3172,#3802,.T.);
#2212=EDGE_CURVE('',#3171,#3173,#3803,.T.);
#2213=EDGE_CURVE('',#3174,#3173,#3804,.T.);
#2214=EDGE_CURVE('',#3174,#3175,#3805,.T.);
#2215=EDGE_CURVE('',#3175,#3169,#3806,.T.);
#2216=EDGE_CURVE('',#3172,#3168,#3807,.T.);
#2217=EDGE_CURVE('',#3176,#3177,#3808,.T.);
#2218=EDGE_CURVE('',#3178,#3176,#3809,.T.);
#2219=EDGE_CURVE('',#3179,#3178,#3810,.T.);
#2220=EDGE_CURVE('',#3179,#3180,#3811,.T.);
#2221=EDGE_CURVE('',#3181,#3180,#3812,.F.);
#2222=EDGE_CURVE('',#3181,#3182,#3813,.T.);
#2223=EDGE_CURVE('',#3182,#3177,#3814,.F.);
#2224=EDGE_CURVE('',#3183,#3184,#3815,.T.);
#2225=EDGE_CURVE('',#3183,#3185,#3816,.T.);
#2226=EDGE_CURVE('',#3186,#3185,#3817,.T.);
#2227=EDGE_CURVE('',#3186,#3179,#3818,.T.);
#2228=EDGE_CURVE('',#3184,#3178,#3819,.T.);
#2229=EDGE_CURVE('',#3187,#3098,#3820,.T.);
#2230=EDGE_CURVE('',#3188,#3187,#3821,.T.);
#2231=EDGE_CURVE('',#3188,#3189,#3822,.T.);
#2232=EDGE_CURVE('',#3099,#3189,#3823,.F.);
#2233=EDGE_CURVE('',#3113,#3187,#3824,.T.);
#2234=EDGE_CURVE('',#3112,#3190,#3825,.T.);
#2235=EDGE_CURVE('',#3190,#3188,#3826,.T.);
#2236=EDGE_CURVE('',#3191,#3139,#3827,.T.);
#2237=EDGE_CURVE('',#3191,#3192,#3828,.T.);
#2238=EDGE_CURVE('',#3193,#3192,#3829,.T.);
#2239=EDGE_CURVE('',#3194,#3193,#3830,.T.);
#2240=EDGE_CURVE('',#3194,#3195,#3831,.T.);
#2241=EDGE_CURVE('',#3195,#3196,#3832,.T.);
#2242=EDGE_CURVE('',#3141,#3196,#3833,.T.);
#2243=EDGE_CURVE('',#3161,#3197,#3834,.T.);
#2244=EDGE_CURVE('',#3167,#3198,#3835,.T.);
#2245=EDGE_CURVE('',#3198,#3199,#3836,.T.);
#2246=EDGE_CURVE('',#3199,#3200,#3837,.T.);
#2247=EDGE_CURVE('',#3201,#3200,#3838,.T.);
#2248=EDGE_CURVE('',#3202,#3201,#3839,.T.);
#2249=EDGE_CURVE('',#3202,#3197,#3840,.T.);
#2250=EDGE_CURVE('',#3203,#3171,#3841,.T.);
#2251=EDGE_CURVE('',#3203,#3204,#3842,.T.);
#2252=EDGE_CURVE('',#3204,#3205,#3843,.T.);
#2253=EDGE_CURVE('',#3205,#3206,#3844,.T.);
#2254=EDGE_CURVE('',#3173,#3206,#3845,.T.);
#2255=EDGE_CURVE('',#3207,#3114,#3846,.T.);
#2256=EDGE_CURVE('',#3207,#3208,#3847,.T.);
#2257=EDGE_CURVE('',#3208,#3209,#3848,.T.);
#2258=EDGE_CURVE('',#3209,#3210,#3849,.T.);
#2259=EDGE_CURVE('',#3116,#3210,#3850,.T.);
#2260=EDGE_CURVE('',#3121,#3211,#3851,.T.);
#2261=EDGE_CURVE('',#3210,#3212,#3852,.T.);
#2262=EDGE_CURVE('',#3213,#3212,#3853,.T.);
#2263=EDGE_CURVE('',#3213,#3211,#3854,.T.);
#2264=EDGE_CURVE('',#3145,#3214,#3855,.T.);
#2265=EDGE_CURVE('',#3151,#3215,#3856,.T.);
#2266=EDGE_CURVE('',#3215,#3216,#3857,.T.);
#2267=EDGE_CURVE('',#3217,#3216,#3858,.T.);
#2268=EDGE_CURVE('',#3217,#3214,#3859,.T.);
#2269=EDGE_CURVE('',#3218,#3155,#3860,.T.);
#2270=EDGE_CURVE('',#3218,#3219,#3861,.T.);
#2271=EDGE_CURVE('',#3219,#3220,#3862,.T.);
#2272=EDGE_CURVE('',#3220,#3221,#3863,.T.);
#2273=EDGE_CURVE('',#3157,#3221,#3864,.T.);
#2274=EDGE_CURVE('',#3177,#3222,#3865,.T.);
#2275=EDGE_CURVE('',#3182,#3223,#3866,.T.);
#2276=EDGE_CURVE('',#3223,#3224,#3867,.T.);
#2277=EDGE_CURVE('',#3225,#3224,#3868,.T.);
#2278=EDGE_CURVE('',#3225,#3222,#3869,.T.);
#2279=EDGE_CURVE('',#3226,#3183,#3870,.T.);
#2280=EDGE_CURVE('',#3226,#3225,#3871,.T.);
#2281=EDGE_CURVE('',#3224,#3227,#3872,.T.);
#2282=EDGE_CURVE('',#3185,#3227,#3873,.T.);
#2283=EDGE_CURVE('',#3097,#3105,#3874,.T.);
#2284=EDGE_CURVE('',#3104,#3107,#3875,.T.);
#2285=EDGE_CURVE('',#3077,#3089,#3876,.T.);
#2286=EDGE_CURVE('',#3085,#3091,#3877,.T.);
#2287=EDGE_CURVE('',#3057,#3069,#3878,.T.);
#2288=EDGE_CURVE('',#3065,#3071,#3879,.T.);
#2289=EDGE_CURVE('',#3131,#3228,#3880,.T.);
#2290=EDGE_CURVE('',#3138,#3229,#3881,.T.);
#2291=EDGE_CURVE('',#3228,#3229,#3882,.T.);
#2292=EDGE_CURVE('',#3230,#3231,#3883,.T.);
#2293=EDGE_CURVE('',#3230,#3228,#3884,.T.);
#2294=EDGE_CURVE('',#3229,#3137,#3885,.T.);
#2295=EDGE_CURVE('',#3232,#3136,#3886,.T.);
#2296=EDGE_CURVE('',#3232,#3231,#3887,.T.);
#2297=EDGE_CURVE('',#3233,#3234,#3888,.T.);
#2298=EDGE_CURVE('',#3233,#3235,#3889,.T.);
#2299=EDGE_CURVE('',#3109,#3235,#3890,.T.);
#2300=EDGE_CURVE('',#3236,#3108,#3891,.T.);
#2301=EDGE_CURVE('',#3236,#3237,#3892,.T.);
#2302=EDGE_CURVE('',#3234,#3237,#3893,.T.);
#2303=EDGE_CURVE('',#3238,#3239,#3894,.T.);
#2304=EDGE_CURVE('',#3239,#3240,#3895,.T.);
#2305=EDGE_CURVE('',#3240,#3241,#3896,.T.);
#2306=EDGE_CURVE('',#3242,#3241,#3897,.T.);
#2307=EDGE_CURVE('',#3242,#3238,#3898,.T.);
#2308=EDGE_CURVE('',#3243,#3244,#3899,.T.);
#2309=EDGE_CURVE('',#3244,#3245,#3900,.T.);
#2310=EDGE_CURVE('',#3234,#3245,#3901,.T.);
#2311=EDGE_CURVE('',#3243,#3237,#3902,.T.);
#2312=EDGE_CURVE('',#3246,#3246,#72,.F.);
#2313=EDGE_CURVE('',#3247,#3247,#73,.F.);
#2314=EDGE_CURVE('',#3248,#3248,#74,.F.);
#2315=EDGE_CURVE('',#3249,#3249,#75,.F.);
#2316=EDGE_CURVE('',#3250,#3251,#3903,.T.);
#2317=EDGE_CURVE('',#3251,#3252,#3904,.T.);
#2318=EDGE_CURVE('',#3252,#3253,#3905,.T.);
#2319=EDGE_CURVE('',#3254,#3253,#3906,.T.);
#2320=EDGE_CURVE('',#3255,#3254,#3907,.T.);
#2321=EDGE_CURVE('',#3255,#3256,#3908,.T.);
#2322=EDGE_CURVE('',#3256,#3241,#3909,.T.);
#2323=EDGE_CURVE('',#3257,#3240,#3910,.T.);
#2324=EDGE_CURVE('',#3258,#3257,#3911,.T.);
#2325=EDGE_CURVE('',#3259,#3258,#3912,.T.);
#2326=EDGE_CURVE('',#3260,#3259,#3913,.T.);
#2327=EDGE_CURVE('',#3235,#3260,#3914,.T.);
#2328=EDGE_CURVE('',#3233,#3261,#3915,.T.);
#2329=EDGE_CURVE('',#3261,#3262,#3916,.T.);
#2330=EDGE_CURVE('',#3263,#3262,#3917,.T.);
#2331=EDGE_CURVE('',#3264,#3263,#3918,.T.);
#2332=EDGE_CURVE('',#3265,#3264,#3919,.T.);
#2333=EDGE_CURVE('',#3265,#3266,#3920,.T.);
#2334=EDGE_CURVE('',#3267,#3266,#3921,.T.);
#2335=EDGE_CURVE('',#3268,#3267,#3922,.T.);
#2336=EDGE_CURVE('',#3269,#3268,#3923,.T.);
#2337=EDGE_CURVE('',#3269,#3270,#3924,.T.);
#2338=EDGE_CURVE('',#3271,#3270,#3925,.T.);
#2339=EDGE_CURVE('',#3196,#3271,#3926,.T.);
#2340=EDGE_CURVE('',#3195,#3272,#3927,.T.);
#2341=EDGE_CURVE('',#3272,#3199,#3928,.T.);
#2342=EDGE_CURVE('',#3206,#3198,#3929,.T.);
#2343=EDGE_CURVE('',#3273,#3205,#3930,.T.);
#2344=EDGE_CURVE('',#3273,#3274,#3931,.T.);
#2345=EDGE_CURVE('',#3274,#3275,#3932,.T.);
#2346=EDGE_CURVE('',#3275,#3276,#3933,.T.);
#2347=EDGE_CURVE('',#3276,#3277,#3934,.T.);
#2348=EDGE_CURVE('',#3277,#3278,#3935,.T.);
#2349=EDGE_CURVE('',#3278,#3279,#3936,.T.);
#2350=EDGE_CURVE('',#3279,#3280,#3937,.T.);
#2351=EDGE_CURVE('',#3280,#3281,#3938,.T.);
#2352=EDGE_CURVE('',#3281,#3282,#3939,.T.);
#2353=EDGE_CURVE('',#3282,#3283,#3940,.T.);
#2354=EDGE_CURVE('',#3283,#3284,#76,.F.);
#2355=EDGE_CURVE('',#3284,#3285,#3941,.T.);
#2356=EDGE_CURVE('',#3285,#3286,#3942,.T.);
#2357=EDGE_CURVE('',#3286,#3287,#3943,.T.);
#2358=EDGE_CURVE('',#3287,#3288,#77,.F.);
#2359=EDGE_CURVE('',#3288,#3289,#3944,.T.);
#2360=EDGE_CURVE('',#3289,#3290,#3945,.T.);
#2361=EDGE_CURVE('',#3290,#3291,#3946,.T.);
#2362=EDGE_CURVE('',#3291,#3292,#3947,.T.);
#2363=EDGE_CURVE('',#3292,#3293,#3948,.T.);
#2364=EDGE_CURVE('',#3294,#3293,#3949,.T.);
#2365=EDGE_CURVE('',#3294,#3295,#3950,.T.);
#2366=EDGE_CURVE('',#3295,#3296,#3951,.T.);
#2367=EDGE_CURVE('',#3296,#3297,#3952,.T.);
#2368=EDGE_CURVE('',#3297,#3298,#3953,.T.);
#2369=EDGE_CURVE('',#3298,#3299,#3954,.T.);
#2370=EDGE_CURVE('',#3299,#3300,#78,.F.);
#2371=EDGE_CURVE('',#3300,#3301,#3955,.T.);
#2372=EDGE_CURVE('',#3301,#3302,#3956,.T.);
#2373=EDGE_CURVE('',#3302,#3303,#3957,.T.);
#2374=EDGE_CURVE('',#3303,#3304,#79,.F.);
#2375=EDGE_CURVE('',#3304,#3305,#3958,.T.);
#2376=EDGE_CURVE('',#3305,#3306,#3959,.T.);
#2377=EDGE_CURVE('',#3306,#3307,#3960,.T.);
#2378=EDGE_CURVE('',#3307,#3308,#3961,.T.);
#2379=EDGE_CURVE('',#3308,#3250,#3962,.T.);
#2380=EDGE_CURVE('',#3309,#3310,#3963,.T.);
#2381=EDGE_CURVE('',#3311,#3309,#3964,.T.);
#2382=EDGE_CURVE('',#3312,#3311,#3965,.T.);
#2383=EDGE_CURVE('',#3310,#3312,#3966,.T.);
#2384=EDGE_CURVE('',#3227,#3313,#3967,.T.);
#2385=EDGE_CURVE('',#3313,#3223,#3968,.T.);
#2386=EDGE_CURVE('',#3221,#3215,#3969,.T.);
#2387=EDGE_CURVE('',#3216,#3220,#3970,.T.);
#2388=EDGE_CURVE('',#3314,#3315,#3971,.T.);
#2389=EDGE_CURVE('',#3316,#3314,#3972,.T.);
#2390=EDGE_CURVE('',#3317,#3316,#3973,.T.);
#2391=EDGE_CURVE('',#3315,#3317,#3974,.T.);
#2392=EDGE_CURVE('',#3318,#3319,#3975,.T.);
#2393=EDGE_CURVE('',#3320,#3318,#3976,.T.);
#2394=EDGE_CURVE('',#3321,#3320,#3977,.T.);
#2395=EDGE_CURVE('',#3319,#3321,#3978,.T.);
#2396=EDGE_CURVE('',#3322,#3323,#3979,.T.);
#2397=EDGE_CURVE('',#3324,#3322,#3980,.T.);
#2398=EDGE_CURVE('',#3325,#3324,#3981,.T.);
#2399=EDGE_CURVE('',#3323,#3325,#3982,.T.);
#2400=EDGE_CURVE('',#3326,#3327,#3983,.T.);
#2401=EDGE_CURVE('',#3328,#3326,#3984,.T.);
#2402=EDGE_CURVE('',#3329,#3328,#3985,.T.);
#2403=EDGE_CURVE('',#3327,#3329,#3986,.T.);
#2404=EDGE_CURVE('',#3330,#3209,#3987,.T.);
#2405=EDGE_CURVE('',#3212,#3330,#3988,.T.);
#2406=EDGE_CURVE('',#3331,#3332,#3989,.T.);
#2407=EDGE_CURVE('',#3332,#3333,#3990,.T.);
#2408=EDGE_CURVE('',#3333,#3238,#3991,.T.);
#2409=EDGE_CURVE('',#3242,#3334,#3992,.T.);
#2410=EDGE_CURVE('',#3334,#3335,#3993,.T.);
#2411=EDGE_CURVE('',#3336,#3335,#3994,.T.);
#2412=EDGE_CURVE('',#3337,#3336,#3995,.T.);
#2413=EDGE_CURVE('',#3337,#3338,#3996,.T.);
#2414=EDGE_CURVE('',#3338,#3331,#3997,.T.);
#2415=EDGE_CURVE('',#3266,#3339,#3998,.T.);
#2416=EDGE_CURVE('',#3340,#3339,#3999,.T.);
#2417=EDGE_CURVE('',#3340,#3341,#4000,.T.);
#2418=EDGE_CURVE('',#3064,#3341,#4001,.T.);
#2419=EDGE_CURVE('',#3063,#3267,#4002,.T.);
#2420=EDGE_CURVE('',#3342,#3343,#4003,.T.);
#2421=EDGE_CURVE('',#3342,#3269,#4004,.T.);
#2422=EDGE_CURVE('',#3073,#3268,#4005,.T.);
#2423=EDGE_CURVE('',#3344,#3072,#4006,.T.);
#2424=EDGE_CURVE('',#3344,#3343,#4007,.T.);
#2425=EDGE_CURVE('',#3345,#3346,#4008,.T.);
#2426=EDGE_CURVE('',#3345,#3265,#4009,.T.);
#2427=EDGE_CURVE('',#3093,#3264,#4010,.T.);
#2428=EDGE_CURVE('',#3347,#3092,#4011,.T.);
#2429=EDGE_CURVE('',#3347,#3346,#4012,.T.);
#2430=EDGE_CURVE('',#3262,#3244,#4013,.T.);
#2431=EDGE_CURVE('',#3243,#3348,#4014,.T.);
#2432=EDGE_CURVE('',#3084,#3348,#4015,.T.);
#2433=EDGE_CURVE('',#3083,#3263,#4016,.T.);
#2434=EDGE_CURVE('',#3349,#3258,#4017,.T.);
#2435=EDGE_CURVE('',#3349,#3350,#4018,.T.);
#2436=EDGE_CURVE('',#3103,#3350,#4019,.T.);
#2437=EDGE_CURVE('',#3102,#3259,#4020,.T.);
#2438=EDGE_CURVE('',#3351,#3352,#4021,.T.);
#2439=EDGE_CURVE('',#3351,#3353,#4022,.T.);
#2440=EDGE_CURVE('',#3353,#3354,#4023,.T.);
#2441=EDGE_CURVE('',#3352,#3354,#4024,.T.);
#2442=EDGE_CURVE('',#3339,#3345,#4025,.T.);
#2443=EDGE_CURVE('',#3340,#3346,#4026,.T.);
#2444=EDGE_CURVE('',#3355,#3356,#4027,.T.);
#2445=EDGE_CURVE('',#3356,#3342,#4028,.T.);
#2446=EDGE_CURVE('',#3355,#3343,#4029,.T.);
#2447=EDGE_CURVE('',#3357,#3358,#4030,.T.);
#2448=EDGE_CURVE('',#3358,#3359,#4031,.T.);
#2449=EDGE_CURVE('',#3359,#3360,#4032,.T.);
#2450=EDGE_CURVE('',#3360,#3357,#4033,.T.);
#2451=EDGE_CURVE('',#3361,#3362,#4034,.T.);
#2452=EDGE_CURVE('',#3362,#3363,#4035,.T.);
#2453=EDGE_CURVE('',#3363,#3364,#4036,.T.);
#2454=EDGE_CURVE('',#3364,#3361,#4037,.T.);
#2455=EDGE_CURVE('',#3365,#3366,#4038,.T.);
#2456=EDGE_CURVE('',#3366,#3367,#4039,.T.);
#2457=EDGE_CURVE('',#3367,#3368,#4040,.T.);
#2458=EDGE_CURVE('',#3368,#3369,#4041,.T.);
#2459=EDGE_CURVE('',#3369,#3370,#4042,.T.);
#2460=EDGE_CURVE('',#3370,#3371,#4043,.T.);
#2461=EDGE_CURVE('',#3371,#3372,#4044,.T.);
#2462=EDGE_CURVE('',#3372,#3373,#4045,.T.);
#2463=EDGE_CURVE('',#3373,#3374,#4046,.T.);
#2464=EDGE_CURVE('',#3374,#3375,#4047,.T.);
#2465=EDGE_CURVE('',#3375,#3376,#4048,.T.);
#2466=EDGE_CURVE('',#3376,#3377,#4049,.T.);
#2467=EDGE_CURVE('',#3377,#3378,#4050,.T.);
#2468=EDGE_CURVE('',#3378,#3365,#4051,.T.);
#2469=EDGE_CURVE('',#3379,#3379,#80,.T.);
#2470=EDGE_CURVE('',#3380,#3380,#81,.T.);
#2471=EDGE_CURVE('',#3381,#3382,#4052,.T.);
#2472=EDGE_CURVE('',#3382,#3383,#4053,.T.);
#2473=EDGE_CURVE('',#3383,#3384,#4054,.T.);
#2474=EDGE_CURVE('',#3384,#3385,#4055,.T.);
#2475=EDGE_CURVE('',#3385,#3386,#4056,.T.);
#2476=EDGE_CURVE('',#3386,#3387,#4057,.T.);
#2477=EDGE_CURVE('',#3387,#3388,#4058,.T.);
#2478=EDGE_CURVE('',#3388,#3389,#4059,.T.);
#2479=EDGE_CURVE('',#3389,#3390,#82,.F.);
#2480=EDGE_CURVE('',#3390,#3391,#4060,.T.);
#2481=EDGE_CURVE('',#3391,#3392,#4061,.T.);
#2482=EDGE_CURVE('',#3392,#3393,#4062,.T.);
#2483=EDGE_CURVE('',#3393,#3394,#83,.F.);
#2484=EDGE_CURVE('',#3394,#3395,#4063,.T.);
#2485=EDGE_CURVE('',#3395,#3396,#4064,.T.);
#2486=EDGE_CURVE('',#3396,#3397,#4065,.T.);
#2487=EDGE_CURVE('',#3397,#3398,#4066,.T.);
#2488=EDGE_CURVE('',#3399,#3398,#4067,.T.);
#2489=EDGE_CURVE('',#3399,#3400,#4068,.T.);
#2490=EDGE_CURVE('',#3400,#3381,#4069,.T.);
#2491=EDGE_CURVE('',#3401,#3402,#4070,.T.);
#2492=EDGE_CURVE('',#3402,#3403,#4071,.T.);
#2493=EDGE_CURVE('',#3403,#3404,#4072,.T.);
#2494=EDGE_CURVE('',#3404,#3401,#4073,.T.);
#2495=EDGE_CURVE('',#3405,#3406,#4074,.T.);
#2496=EDGE_CURVE('',#3406,#3407,#4075,.T.);
#2497=EDGE_CURVE('',#3407,#3408,#4076,.T.);
#2498=EDGE_CURVE('',#3408,#3405,#4077,.T.);
#2499=EDGE_CURVE('',#3409,#3409,#84,.F.);
#2500=EDGE_CURVE('',#3410,#3410,#85,.F.);
#2501=EDGE_CURVE('',#3411,#3411,#86,.F.);
#2502=EDGE_CURVE('',#3412,#3412,#87,.F.);
#2503=EDGE_CURVE('',#3413,#3413,#88,.F.);
#2504=EDGE_CURVE('',#3414,#3414,#89,.F.);
#2505=EDGE_CURVE('',#3415,#3415,#90,.F.);
#2506=EDGE_CURVE('',#3416,#3416,#91,.F.);
#2507=EDGE_CURVE('',#3417,#3100,#4078,.T.);
#2508=EDGE_CURVE('',#3189,#3418,#4079,.T.);
#2509=EDGE_CURVE('',#3418,#3419,#4080,.T.);
#2510=EDGE_CURVE('',#3419,#3417,#4081,.T.);
#2511=EDGE_CURVE('',#3420,#3081,#4082,.T.);
#2512=EDGE_CURVE('',#3080,#3421,#4083,.T.);
#2513=EDGE_CURVE('',#3421,#3420,#4084,.T.);
#2514=EDGE_CURVE('',#3422,#3423,#4085,.T.);
#2515=EDGE_CURVE('',#3423,#3424,#4086,.F.);
#2516=EDGE_CURVE('',#3424,#3425,#4087,.F.);
#2517=EDGE_CURVE('',#3425,#3422,#4088,.T.);
#2518=EDGE_CURVE('',#3426,#3427,#4089,.T.);
#2519=EDGE_CURVE('',#3427,#3181,#4090,.F.);
#2520=EDGE_CURVE('',#3180,#3426,#4091,.T.);
#2521=EDGE_CURVE('',#3428,#3165,#4092,.T.);
#2522=EDGE_CURVE('',#3164,#3429,#4093,.T.);
#2523=EDGE_CURVE('',#3429,#3428,#4094,.T.);
#2524=EDGE_CURVE('',#3430,#3149,#4095,.T.);
#2525=EDGE_CURVE('',#3148,#3431,#4096,.T.);
#2526=EDGE_CURVE('',#3431,#3430,#4097,.T.);
#2527=EDGE_CURVE('',#3432,#3061,#4098,.T.);
#2528=EDGE_CURVE('',#3060,#3433,#4099,.T.);
#2529=EDGE_CURVE('',#3433,#3432,#4100,.T.);
#2530=EDGE_CURVE('',#3434,#3133,#4101,.T.);
#2531=EDGE_CURVE('',#3132,#3435,#4102,.T.);
#2532=EDGE_CURVE('',#3435,#3434,#4103,.T.);
#2533=EDGE_CURVE('',#3436,#3437,#4104,.T.);
#2534=EDGE_CURVE('',#3437,#3438,#4105,.F.);
#2535=EDGE_CURVE('',#3438,#3439,#4106,.F.);
#2536=EDGE_CURVE('',#3439,#3436,#4107,.T.);
#2537=EDGE_CURVE('',#3440,#3441,#4108,.T.);
#2538=EDGE_CURVE('',#3441,#3442,#4109,.F.);
#2539=EDGE_CURVE('',#3442,#3443,#4110,.F.);
#2540=EDGE_CURVE('',#3443,#3440,#4111,.T.);
#2541=EDGE_CURVE('',#3444,#3445,#4112,.T.);
#2542=EDGE_CURVE('',#3445,#3446,#4113,.F.);
#2543=EDGE_CURVE('',#3446,#3447,#4114,.F.);
#2544=EDGE_CURVE('',#3447,#3444,#4115,.T.);
#2545=EDGE_CURVE('',#3448,#3449,#4116,.T.);
#2546=EDGE_CURVE('',#3449,#3450,#4117,.F.);
#2547=EDGE_CURVE('',#3450,#3451,#4118,.F.);
#2548=EDGE_CURVE('',#3451,#3448,#4119,.T.);
#2549=EDGE_CURVE('',#3452,#3125,#4120,.T.);
#2550=EDGE_CURVE('',#3124,#3453,#4121,.T.);
#2551=EDGE_CURVE('',#3453,#3452,#4122,.T.);
#2552=EDGE_CURVE('',#3454,#3455,#4123,.T.);
#2553=EDGE_CURVE('',#3455,#3456,#4124,.T.);
#2554=EDGE_CURVE('',#3456,#3457,#4125,.T.);
#2555=EDGE_CURVE('',#3457,#3454,#4126,.T.);
#2556=EDGE_CURVE('',#3458,#3458,#92,.F.);
#2557=EDGE_CURVE('',#3459,#3459,#93,.T.);
#2558=EDGE_CURVE('',#3460,#3460,#94,.F.);
#2559=EDGE_CURVE('',#3461,#3461,#95,.T.);
#2560=EDGE_CURVE('',#3462,#3462,#96,.F.);
#2561=EDGE_CURVE('',#3463,#3463,#97,.T.);
#2562=EDGE_CURVE('',#3464,#3464,#98,.F.);
#2563=EDGE_CURVE('',#3465,#3465,#99,.T.);
#2564=EDGE_CURVE('',#3466,#3467,#4127,.T.);
#2565=EDGE_CURVE('',#3467,#3468,#4128,.T.);
#2566=EDGE_CURVE('',#3469,#3468,#4129,.T.);
#2567=EDGE_CURVE('',#3469,#3466,#4130,.T.);
#2568=EDGE_CURVE('',#3470,#3471,#4131,.T.);
#2569=EDGE_CURVE('',#3471,#3472,#4132,.T.);
#2570=EDGE_CURVE('',#3472,#3473,#4133,.T.);
#2571=EDGE_CURVE('',#3473,#3470,#4134,.T.);
#2572=EDGE_CURVE('',#3474,#3475,#4135,.T.);
#2573=EDGE_CURVE('',#3474,#3476,#4136,.T.);
#2574=EDGE_CURVE('',#3476,#3477,#4137,.T.);
#2575=EDGE_CURVE('',#3477,#3475,#4138,.T.);
#2576=EDGE_CURVE('',#3478,#3479,#4139,.T.);
#2577=EDGE_CURVE('',#3478,#3480,#4140,.T.);
#2578=EDGE_CURVE('',#3480,#3481,#4141,.T.);
#2579=EDGE_CURVE('',#3481,#3479,#4142,.T.);
#2580=EDGE_CURVE('',#3482,#3482,#100,.T.);
#2581=EDGE_CURVE('',#3483,#3483,#101,.T.);
#2582=EDGE_CURVE('',#3484,#3485,#4143,.T.);
#2583=EDGE_CURVE('',#3485,#3486,#4144,.T.);
#2584=EDGE_CURVE('',#3486,#3487,#4145,.T.);
#2585=EDGE_CURVE('',#3487,#3488,#4146,.T.);
#2586=EDGE_CURVE('',#3488,#3489,#4147,.T.);
#2587=EDGE_CURVE('',#3489,#3490,#4148,.T.);
#2588=EDGE_CURVE('',#3490,#3491,#4149,.T.);
#2589=EDGE_CURVE('',#3491,#3492,#4150,.T.);
#2590=EDGE_CURVE('',#3492,#3493,#4151,.T.);
#2591=EDGE_CURVE('',#3493,#3494,#4152,.T.);
#2592=EDGE_CURVE('',#3494,#3495,#102,.F.);
#2593=EDGE_CURVE('',#3495,#3496,#4153,.T.);
#2594=EDGE_CURVE('',#3496,#3497,#4154,.T.);
#2595=EDGE_CURVE('',#3497,#3498,#4155,.T.);
#2596=EDGE_CURVE('',#3498,#3499,#103,.F.);
#2597=EDGE_CURVE('',#3499,#3500,#4156,.T.);
#2598=EDGE_CURVE('',#3500,#3501,#4157,.T.);
#2599=EDGE_CURVE('',#3501,#3502,#4158,.T.);
#2600=EDGE_CURVE('',#3502,#3503,#4159,.T.);
#2601=EDGE_CURVE('',#3503,#3484,#4160,.T.);
#2602=EDGE_CURVE('',#3504,#3505,#4161,.T.);
#2603=EDGE_CURVE('',#3505,#3506,#4162,.T.);
#2604=EDGE_CURVE('',#3506,#3507,#4163,.T.);
#2605=EDGE_CURVE('',#3507,#3504,#4164,.T.);
#2606=EDGE_CURVE('',#3508,#3509,#4165,.T.);
#2607=EDGE_CURVE('',#3509,#3510,#4166,.T.);
#2608=EDGE_CURVE('',#3510,#3511,#4167,.T.);
#2609=EDGE_CURVE('',#3511,#3512,#4168,.T.);
#2610=EDGE_CURVE('',#3512,#3513,#4169,.T.);
#2611=EDGE_CURVE('',#3513,#3514,#4170,.T.);
#2612=EDGE_CURVE('',#3514,#3515,#4171,.T.);
#2613=EDGE_CURVE('',#3515,#3516,#4172,.T.);
#2614=EDGE_CURVE('',#3516,#3517,#4173,.T.);
#2615=EDGE_CURVE('',#3517,#3508,#4174,.T.);
#2616=EDGE_CURVE('',#3518,#3519,#4175,.T.);
#2617=EDGE_CURVE('',#3519,#3520,#4176,.T.);
#2618=EDGE_CURVE('',#3520,#3521,#4177,.T.);
#2619=EDGE_CURVE('',#3521,#3518,#4178,.T.);
#2620=EDGE_CURVE('',#3403,#3522,#4179,.T.);
#2621=EDGE_CURVE('',#3523,#3522,#4180,.T.);
#2622=EDGE_CURVE('',#3523,#3404,#4181,.T.);
#2623=EDGE_CURVE('',#3480,#3524,#4182,.T.);
#2624=EDGE_CURVE('',#3524,#3525,#4183,.T.);
#2625=EDGE_CURVE('',#3525,#3481,#4184,.T.);
#2626=EDGE_CURVE('',#3363,#3526,#4185,.T.);
#2627=EDGE_CURVE('',#3526,#3527,#4186,.T.);
#2628=EDGE_CURVE('',#3527,#3364,#4187,.T.);
#2629=EDGE_CURVE('',#3472,#3528,#4188,.T.);
#2630=EDGE_CURVE('',#3528,#3529,#4189,.T.);
#2631=EDGE_CURVE('',#3529,#3473,#4190,.T.);
#2632=EDGE_CURVE('',#3530,#3531,#4191,.T.);
#2633=EDGE_CURVE('',#3531,#3471,#4192,.T.);
#2634=EDGE_CURVE('',#3470,#3530,#4193,.T.);
#2635=EDGE_CURVE('',#3532,#3533,#4194,.T.);
#2636=EDGE_CURVE('',#3533,#3531,#104,.T.);
#2637=EDGE_CURVE('',#3530,#3532,#105,.T.);
#2638=EDGE_CURVE('',#3468,#3533,#4195,.T.);
#2639=EDGE_CURVE('',#3532,#3469,#4196,.T.);
#2640=EDGE_CURVE('',#3534,#3535,#4197,.T.);
#2641=EDGE_CURVE('',#3535,#3467,#4198,.T.);
#2642=EDGE_CURVE('',#3466,#3534,#4199,.T.);
#2643=EDGE_CURVE('',#3522,#3536,#4200,.T.);
#2644=EDGE_CURVE('',#3537,#3536,#4201,.T.);
#2645=EDGE_CURVE('',#3537,#3523,#4202,.T.);
#2646=EDGE_CURVE('',#3536,#3535,#106,.T.);
#2647=EDGE_CURVE('',#3534,#3537,#107,.T.);
#2648=EDGE_CURVE('',#3538,#3539,#4203,.T.);
#2649=EDGE_CURVE('',#3539,#3478,#4204,.T.);
#2650=EDGE_CURVE('',#3479,#3538,#4205,.T.);
#2651=EDGE_CURVE('',#3476,#3540,#4206,.T.);
#2652=EDGE_CURVE('',#3541,#3540,#4207,.T.);
#2653=EDGE_CURVE('',#3541,#3477,#4208,.T.);
#2654=EDGE_CURVE('',#3540,#3539,#108,.T.);
#2655=EDGE_CURVE('',#3538,#3541,#109,.T.);
#2656=EDGE_CURVE('',#3542,#3543,#4209,.T.);
#2657=EDGE_CURVE('',#3543,#3474,#4210,.T.);
#2658=EDGE_CURVE('',#3475,#3542,#4211,.T.);
#2659=EDGE_CURVE('',#3526,#3544,#4212,.T.);
#2660=EDGE_CURVE('',#3545,#3544,#4213,.T.);
#2661=EDGE_CURVE('',#3545,#3527,#4214,.T.);
#2662=EDGE_CURVE('',#3544,#3543,#110,.T.);
#2663=EDGE_CURVE('',#3542,#3545,#111,.T.);
#2664=EDGE_CURVE('',#3546,#3546,#112,.T.);
#2665=EDGE_CURVE('',#3547,#3547,#113,.T.);
#2666=EDGE_CURVE('',#3548,#3548,#114,.F.);
#2667=EDGE_CURVE('',#3549,#3549,#115,.T.);
#2668=EDGE_CURVE('',#3550,#3550,#116,.T.);
#2669=EDGE_CURVE('',#3551,#3551,#117,.F.);
#2670=EDGE_CURVE('',#3552,#3552,#118,.T.);
#2671=EDGE_CURVE('',#3553,#3553,#119,.T.);
#2672=EDGE_CURVE('',#3554,#3554,#120,.F.);
#2673=EDGE_CURVE('',#3555,#3555,#121,.T.);
#2674=EDGE_CURVE('',#3556,#3556,#122,.T.);
#2675=EDGE_CURVE('',#3557,#3557,#123,.F.);
#2676=EDGE_CURVE('',#3558,#3559,#4215,.T.);
#2677=EDGE_CURVE('',#3558,#3560,#4216,.T.);
#2678=EDGE_CURVE('',#3560,#3561,#4217,.T.);
#2679=EDGE_CURVE('',#3561,#3559,#4218,.T.);
#2680=EDGE_CURVE('',#3562,#3563,#4219,.T.);
#2681=EDGE_CURVE('',#3563,#3564,#4220,.T.);
#2682=EDGE_CURVE('',#3564,#3565,#4221,.T.);
#2683=EDGE_CURVE('',#3565,#3562,#4222,.T.);
#2684=EDGE_CURVE('',#3566,#3567,#4223,.T.);
#2685=EDGE_CURVE('',#3566,#3568,#4224,.T.);
#2686=EDGE_CURVE('',#3568,#3569,#4225,.T.);
#2687=EDGE_CURVE('',#3569,#3570,#4226,.T.);
#2688=EDGE_CURVE('',#3570,#3571,#4227,.T.);
#2689=EDGE_CURVE('',#3572,#3571,#4228,.T.);
#2690=EDGE_CURVE('',#3572,#3567,#4229,.T.);
#2691=EDGE_CURVE('',#3573,#3574,#4230,.T.);
#2692=EDGE_CURVE('',#3574,#3575,#4231,.T.);
#2693=EDGE_CURVE('',#3576,#3575,#4232,.T.);
#2694=EDGE_CURVE('',#3576,#3577,#4233,.T.);
#2695=EDGE_CURVE('',#3577,#3578,#4234,.T.);
#2696=EDGE_CURVE('',#3578,#3579,#4235,.T.);
#2697=EDGE_CURVE('',#3579,#3573,#4236,.T.);
#2698=EDGE_CURVE('',#3580,#3581,#4237,.T.);
#2699=EDGE_CURVE('',#3580,#3351,#4238,.T.);
#2700=EDGE_CURVE('',#3352,#3582,#4239,.T.);
#2701=EDGE_CURVE('',#3582,#3583,#4240,.T.);
#2702=EDGE_CURVE('',#3583,#3584,#4241,.T.);
#2703=EDGE_CURVE('',#3584,#3581,#4242,.T.);
#2704=EDGE_CURVE('',#3353,#3585,#4243,.T.);
#2705=EDGE_CURVE('',#3585,#3586,#4244,.T.);
#2706=EDGE_CURVE('',#3586,#3587,#4245,.T.);
#2707=EDGE_CURVE('',#3587,#3588,#4246,.T.);
#2708=EDGE_CURVE('',#3588,#3589,#4247,.T.);
#2709=EDGE_CURVE('',#3354,#3589,#4248,.T.);
#2710=EDGE_CURVE('',#3589,#3582,#4249,.T.);
#2711=EDGE_CURVE('',#3193,#3590,#4250,.T.);
#2712=EDGE_CURVE('',#3590,#3194,#4251,.T.);
#2713=EDGE_CURVE('',#3591,#3192,#4252,.T.);
#2714=EDGE_CURVE('',#3591,#3592,#4253,.T.);
#2715=EDGE_CURVE('',#3592,#3593,#4254,.T.);
#2716=EDGE_CURVE('',#3593,#3594,#4255,.T.);
#2717=EDGE_CURVE('',#3594,#3595,#4256,.T.);
#2718=EDGE_CURVE('',#3595,#3201,#4257,.T.);
#2719=EDGE_CURVE('',#3200,#3590,#4258,.T.);
#2720=EDGE_CURVE('',#3350,#3236,#4259,.T.);
#2721=EDGE_CURVE('',#3596,#3349,#4260,.T.);
#2722=EDGE_CURVE('',#3239,#3596,#4261,.T.);
#2723=EDGE_CURVE('',#3333,#3591,#4262,.T.);
#2724=EDGE_CURVE('',#3230,#3191,#4263,.T.);
#2725=EDGE_CURVE('',#3597,#3231,#4264,.T.);
#2726=EDGE_CURVE('',#3355,#3597,#4265,.T.);
#2727=EDGE_CURVE('',#3341,#3344,#4266,.T.);
#2728=EDGE_CURVE('',#3348,#3347,#4267,.T.);
#2729=EDGE_CURVE('',#3598,#3599,#4268,.T.);
#2730=EDGE_CURVE('',#3599,#3600,#4269,.T.);
#2731=EDGE_CURVE('',#3600,#3601,#4270,.T.);
#2732=EDGE_CURVE('',#3601,#3598,#4271,.T.);
#2733=EDGE_CURVE('',#3602,#3603,#4272,.F.);
#2734=EDGE_CURVE('',#3603,#3604,#4273,.F.);
#2735=EDGE_CURVE('',#3604,#3605,#4274,.F.);
#2736=EDGE_CURVE('',#3605,#3602,#4275,.F.);
#2737=EDGE_CURVE('',#3606,#3330,#4276,.T.);
#2738=EDGE_CURVE('',#3606,#3213,#4277,.T.);
#2739=EDGE_CURVE('',#3607,#3608,#4278,.T.);
#2740=EDGE_CURVE('',#3607,#3609,#4279,.T.);
#2741=EDGE_CURVE('',#3609,#3610,#4280,.T.);
#2742=EDGE_CURVE('',#3610,#3608,#4281,.T.);
#2743=EDGE_CURVE('',#3609,#3451,#4282,.T.);
#2744=EDGE_CURVE('',#3450,#3611,#4283,.T.);
#2745=EDGE_CURVE('',#3611,#3610,#4284,.F.);
#2746=EDGE_CURVE('',#3449,#3612,#4285,.T.);
#2747=EDGE_CURVE('',#3612,#3613,#4286,.T.);
#2748=EDGE_CURVE('',#3613,#3611,#4287,.F.);
#2749=EDGE_CURVE('',#3612,#3614,#4288,.T.);
#2750=EDGE_CURVE('',#3614,#3607,#4289,.T.);
#2751=EDGE_CURVE('',#3608,#3326,#4290,.T.);
#2752=EDGE_CURVE('',#3613,#3327,#4291,.T.);
#2753=EDGE_CURVE('',#3615,#3616,#4292,.T.);
#2754=EDGE_CURVE('',#3615,#3617,#4293,.T.);
#2755=EDGE_CURVE('',#3617,#3618,#4294,.T.);
#2756=EDGE_CURVE('',#3618,#3616,#4295,.T.);
#2757=EDGE_CURVE('',#3617,#3447,#4296,.T.);
#2758=EDGE_CURVE('',#3446,#3619,#4297,.T.);
#2759=EDGE_CURVE('',#3619,#3618,#4298,.F.);
#2760=EDGE_CURVE('',#3445,#3620,#4299,.T.);
#2761=EDGE_CURVE('',#3620,#3621,#4300,.T.);
#2762=EDGE_CURVE('',#3621,#3619,#4301,.F.);
#2763=EDGE_CURVE('',#3620,#3622,#4302,.T.);
#2764=EDGE_CURVE('',#3622,#3615,#4303,.T.);
#2765=EDGE_CURVE('',#3616,#3322,#4304,.T.);
#2766=EDGE_CURVE('',#3621,#3323,#4305,.T.);
#2767=EDGE_CURVE('',#3623,#3624,#4306,.T.);
#2768=EDGE_CURVE('',#3623,#3625,#4307,.T.);
#2769=EDGE_CURVE('',#3625,#3626,#4308,.T.);
#2770=EDGE_CURVE('',#3626,#3624,#4309,.T.);
#2771=EDGE_CURVE('',#3625,#3443,#4310,.T.);
#2772=EDGE_CURVE('',#3442,#3627,#4311,.T.);
#2773=EDGE_CURVE('',#3627,#3626,#4312,.F.);
#2774=EDGE_CURVE('',#3441,#3628,#4313,.T.);
#2775=EDGE_CURVE('',#3628,#3629,#4314,.T.);
#2776=EDGE_CURVE('',#3629,#3627,#4315,.F.);
#2777=EDGE_CURVE('',#3628,#3630,#4316,.T.);
#2778=EDGE_CURVE('',#3630,#3623,#4317,.T.);
#2779=EDGE_CURVE('',#3624,#3318,#4318,.T.);
#2780=EDGE_CURVE('',#3629,#3319,#4319,.T.);
#2781=EDGE_CURVE('',#3631,#3632,#4320,.T.);
#2782=EDGE_CURVE('',#3631,#3633,#4321,.T.);
#2783=EDGE_CURVE('',#3633,#3634,#4322,.T.);
#2784=EDGE_CURVE('',#3634,#3632,#4323,.T.);
#2785=EDGE_CURVE('',#3633,#3439,#4324,.T.);
#2786=EDGE_CURVE('',#3438,#3635,#4325,.T.);
#2787=EDGE_CURVE('',#3635,#3634,#4326,.F.);
#2788=EDGE_CURVE('',#3437,#3636,#4327,.T.);
#2789=EDGE_CURVE('',#3636,#3637,#4328,.T.);
#2790=EDGE_CURVE('',#3637,#3635,#4329,.F.);
#2791=EDGE_CURVE('',#3636,#3638,#4330,.T.);
#2792=EDGE_CURVE('',#3638,#3631,#4331,.T.);
#2793=EDGE_CURVE('',#3632,#3314,#4332,.T.);
#2794=EDGE_CURVE('',#3637,#3315,#4333,.T.);
#2795=EDGE_CURVE('',#3134,#3142,#4334,.T.);
#2796=EDGE_CURVE('',#3141,#3135,#4335,.T.);
#2797=EDGE_CURVE('',#3062,#3074,#4336,.T.);
#2798=EDGE_CURVE('',#3073,#3063,#4337,.T.);
#2799=EDGE_CURVE('',#3150,#3158,#4338,.T.);
#2800=EDGE_CURVE('',#3157,#3151,#4339,.T.);
#2801=EDGE_CURVE('',#3219,#3217,#4340,.T.);
#2802=EDGE_CURVE('',#3204,#3202,#4341,.T.);
#2803=EDGE_CURVE('',#3595,#3273,#4342,.T.);
#2804=EDGE_CURVE('',#3166,#3174,#4343,.T.);
#2805=EDGE_CURVE('',#3173,#3167,#4344,.T.);
#2806=EDGE_CURVE('',#3427,#3639,#4345,.T.);
#2807=EDGE_CURVE('',#3639,#3640,#4346,.T.);
#2808=EDGE_CURVE('',#3640,#3182,#4347,.F.);
#2809=EDGE_CURVE('',#3639,#3641,#4348,.T.);
#2810=EDGE_CURVE('',#3641,#3186,#4349,.T.);
#2811=EDGE_CURVE('',#3640,#3313,#4350,.T.);
#2812=EDGE_CURVE('',#3642,#3643,#4351,.T.);
#2813=EDGE_CURVE('',#3642,#3644,#4352,.T.);
#2814=EDGE_CURVE('',#3644,#3645,#4353,.T.);
#2815=EDGE_CURVE('',#3645,#3643,#4354,.T.);
#2816=EDGE_CURVE('',#3644,#3425,#4355,.T.);
#2817=EDGE_CURVE('',#3424,#3646,#4356,.T.);
#2818=EDGE_CURVE('',#3646,#3645,#4357,.F.);
#2819=EDGE_CURVE('',#3423,#3647,#4358,.T.);
#2820=EDGE_CURVE('',#3647,#3648,#4359,.T.);
#2821=EDGE_CURVE('',#3648,#3646,#4360,.F.);
#2822=EDGE_CURVE('',#3647,#3649,#4361,.T.);
#2823=EDGE_CURVE('',#3649,#3642,#4362,.T.);
#2824=EDGE_CURVE('',#3643,#3309,#4363,.T.);
#2825=EDGE_CURVE('',#3648,#3310,#4364,.T.);
#2826=EDGE_CURVE('',#3082,#3094,#4365,.T.);
#2827=EDGE_CURVE('',#3093,#3083,#4366,.T.);
#2828=EDGE_CURVE('',#3596,#3257,#4367,.T.);
#2829=EDGE_CURVE('',#3101,#3650,#4368,.T.);
#2830=EDGE_CURVE('',#3650,#3651,#4369,.T.);
#2831=EDGE_CURVE('',#3651,#3652,#4370,.T.);
#2832=EDGE_CURVE('',#3652,#3260,#4371,.T.);
#2833=EDGE_CURVE('',#3651,#3110,#4372,.T.);
#2834=EDGE_CURVE('',#3109,#3652,#4373,.T.);
#2835=EDGE_CURVE('',#3270,#3356,#4374,.T.);
#2836=EDGE_CURVE('',#3232,#3597,#4375,.T.);
#2837=EDGE_CURVE('',#3135,#3271,#4376,.T.);
#2838=EDGE_CURVE('',#3335,#3255,#4377,.F.);
#2839=EDGE_CURVE('',#3336,#3254,#4378,.T.);
#2840=EDGE_CURVE('',#3253,#3337,#4379,.F.);
#2841=EDGE_CURVE('',#3208,#3606,#4380,.T.);
#2842=EDGE_CURVE('',#3610,#3328,#4381,.T.);
#2843=EDGE_CURVE('',#3611,#3329,#4382,.T.);
#2844=EDGE_CURVE('',#3618,#3324,#4383,.T.);
#2845=EDGE_CURVE('',#3619,#3325,#4384,.T.);
#2846=EDGE_CURVE('',#3626,#3320,#4385,.T.);
#2847=EDGE_CURVE('',#3627,#3321,#4386,.T.);
#2848=EDGE_CURVE('',#3634,#3316,#4387,.T.);
#2849=EDGE_CURVE('',#3635,#3317,#4388,.T.);
#2850=EDGE_CURVE('',#3645,#3311,#4389,.T.);
#2851=EDGE_CURVE('',#3646,#3312,#4390,.T.);
#2852=EDGE_CURVE('',#3585,#3580,#4391,.T.);
#2853=EDGE_CURVE('',#3581,#3490,#4392,.T.);
#2854=EDGE_CURVE('',#3489,#3586,#4393,.F.);
#2855=EDGE_CURVE('',#3564,#3558,#4394,.T.);
#2856=EDGE_CURVE('',#3559,#3399,#4395,.T.);
#2857=EDGE_CURVE('',#3398,#3565,#4396,.F.);
#2858=EDGE_CURVE('',#3256,#3334,#4397,.F.);
#2859=EDGE_CURVE('',#3245,#3261,#4398,.T.);
#2860=EDGE_CURVE('',#3577,#3572,#4399,.T.);
#2861=EDGE_CURVE('',#3571,#3578,#4400,.T.);
#2862=EDGE_CURVE('',#3575,#3294,#4401,.T.);
#2863=EDGE_CURVE('',#3293,#3566,#4402,.F.);
#2864=EDGE_CURVE('',#3567,#3576,#4403,.T.);
#2865=EDGE_CURVE('',#3252,#3653,#4404,.T.);
#2866=EDGE_CURVE('',#3338,#3653,#4405,.T.);
#2867=EDGE_CURVE('',#3653,#3358,#4406,.T.);
#2868=EDGE_CURVE('',#3331,#3357,#4407,.F.);
#2869=EDGE_CURVE('',#3486,#3654,#4408,.T.);
#2870=EDGE_CURVE('',#3654,#3332,#4409,.F.);
#2871=EDGE_CURVE('',#3487,#3331,#4410,.T.);
#2872=EDGE_CURVE('',#3487,#3357,#4411,.F.);
#2873=EDGE_CURVE('',#3488,#3360,#4412,.T.);
#2874=EDGE_CURVE('',#3587,#3488,#4413,.F.);
#2875=EDGE_CURVE('',#3587,#3360,#4414,.F.);
#2876=EDGE_CURVE('',#3359,#3655,#4415,.F.);
#2877=EDGE_CURVE('',#3588,#3655,#4416,.T.);
#2878=EDGE_CURVE('',#3655,#3251,#4417,.F.);
#2879=EDGE_CURVE('',#3589,#3250,#4418,.F.);
#2880=EDGE_CURVE('',#3582,#3308,#4419,.T.);
#2881=EDGE_CURVE('',#3307,#3656,#4420,.T.);
#2882=EDGE_CURVE('',#3583,#3656,#4421,.T.);
#2883=EDGE_CURVE('',#3656,#3362,#4422,.T.);
#2884=EDGE_CURVE('',#3584,#3361,#4423,.F.);
#2885=EDGE_CURVE('',#3491,#3584,#4424,.T.);
#2886=EDGE_CURVE('',#3491,#3361,#4425,.F.);
#2887=EDGE_CURVE('',#3492,#3364,#4426,.F.);
#2888=EDGE_CURVE('',#3562,#3397,#4427,.F.);
#2889=EDGE_CURVE('',#3528,#3563,#4428,.T.);
#2890=EDGE_CURVE('',#3529,#3562,#4429,.T.);
#2891=EDGE_CURVE('',#3493,#3527,#4430,.F.);
#2892=EDGE_CURVE('',#3529,#3397,#4431,.F.);
#2893=EDGE_CURVE('',#3494,#3545,#12,.T.);
#2894=EDGE_CURVE('',#3473,#3396,#4432,.T.);
#2895=EDGE_CURVE('',#3495,#3542,#13,.T.);
#2896=EDGE_CURVE('',#3470,#3395,#4433,.F.);
#2897=EDGE_CURVE('',#3496,#3475,#4434,.T.);
#2898=EDGE_CURVE('',#3530,#3394,#14,.T.);
#2899=EDGE_CURVE('',#3497,#3477,#4435,.F.);
#2900=EDGE_CURVE('',#3532,#3393,#15,.T.);
#2901=EDGE_CURVE('',#3498,#3541,#16,.T.);
#2902=EDGE_CURVE('',#3456,#3603,#4436,.T.);
#2903=EDGE_CURVE('',#3457,#3602,#4437,.T.);
#2904=EDGE_CURVE('',#3469,#3392,#4438,.T.);
#2905=EDGE_CURVE('',#3499,#3538,#17,.T.);
#2906=EDGE_CURVE('',#3457,#3511,#4439,.F.);
#2907=EDGE_CURVE('',#3511,#3602,#4440,.T.);
#2908=EDGE_CURVE('',#3466,#3391,#4441,.F.);
#2909=EDGE_CURVE('',#3500,#3479,#4442,.T.);
#2910=EDGE_CURVE('',#3604,#3505,#4443,.T.);
#2911=EDGE_CURVE('',#3605,#3504,#4444,.T.);
#2912=EDGE_CURVE('',#3512,#3605,#4445,.F.);
#2913=EDGE_CURVE('',#3454,#3510,#4446,.T.);
#2914=EDGE_CURVE('',#3600,#3455,#4447,.F.);
#2915=EDGE_CURVE('',#3601,#3454,#4448,.F.);
#2916=EDGE_CURVE('',#3534,#3390,#18,.T.);
#2917=EDGE_CURVE('',#3501,#3481,#4449,.T.);
#2918=EDGE_CURVE('',#3512,#3504,#4450,.F.);
#2919=EDGE_CURVE('',#3601,#3510,#4451,.F.);
#2920=EDGE_CURVE('',#3537,#3389,#19,.T.);
#2921=EDGE_CURVE('',#3524,#3574,#4452,.F.);
#2922=EDGE_CURVE('',#3525,#3573,#4453,.F.);
#2923=EDGE_CURVE('',#3502,#3525,#4454,.F.);
#2924=EDGE_CURVE('',#3506,#3657,#4455,.F.);
#2925=EDGE_CURVE('',#3657,#3485,#4456,.T.);
#2926=EDGE_CURVE('',#3507,#3484,#4457,.T.);
#2927=EDGE_CURVE('',#3513,#3507,#4458,.T.);
#2928=EDGE_CURVE('',#3598,#3509,#4459,.T.);
#2929=EDGE_CURVE('',#3520,#3599,#4460,.T.);
#2930=EDGE_CURVE('',#3521,#3598,#4461,.T.);
#2931=EDGE_CURVE('',#3523,#3388,#4462,.T.);
#2932=EDGE_CURVE('',#3502,#3573,#4463,.T.);
#2933=EDGE_CURVE('',#3513,#3484,#4464,.T.);
#2934=EDGE_CURVE('',#3521,#3509,#4465,.T.);
#2935=EDGE_CURVE('',#3404,#3387,#4466,.F.);
#2936=EDGE_CURVE('',#3503,#3579,#4467,.F.);
#2937=EDGE_CURVE('',#3514,#3503,#4468,.F.);
#2938=EDGE_CURVE('',#3518,#3508,#4469,.F.);
#2939=EDGE_CURVE('',#3383,#3658,#4470,.F.);
#2940=EDGE_CURVE('',#3658,#3519,#4471,.F.);
#2941=EDGE_CURVE('',#3384,#3518,#4472,.F.);
#2942=EDGE_CURVE('',#3401,#3386,#4473,.F.);
#2943=EDGE_CURVE('',#3568,#3402,#4474,.T.);
#2944=EDGE_CURVE('',#3569,#3401,#4475,.T.);
#2945=EDGE_CURVE('',#3514,#3579,#4476,.T.);
#2946=EDGE_CURVE('',#3384,#3508,#4477,.T.);
#2947=EDGE_CURVE('',#3569,#3386,#4478,.F.);
#2948=EDGE_CURVE('',#3515,#3578,#4479,.T.);
#2949=EDGE_CURVE('',#3385,#3517,#4480,.F.);
#2950=EDGE_CURVE('',#3570,#3385,#4481,.T.);
#2951=EDGE_CURVE('',#3516,#3571,#4482,.F.);
#2952=EDGE_CURVE('',#3570,#3517,#4483,.F.);
#2953=EDGE_CURVE('',#3659,#3594,#4484,.T.);
#2954=EDGE_CURVE('',#3659,#3274,#4485,.F.);
#2955=EDGE_CURVE('',#3592,#3660,#4486,.F.);
#2956=EDGE_CURVE('',#3660,#3382,#4487,.F.);
#2957=EDGE_CURVE('',#3593,#3381,#4488,.F.);
#2958=EDGE_CURVE('',#3408,#3593,#4489,.T.);
#2959=EDGE_CURVE('',#3407,#3659,#4490,.F.);
#2960=EDGE_CURVE('',#3408,#3381,#4491,.F.);
#2961=EDGE_CURVE('',#3405,#3400,#4492,.T.);
#2962=EDGE_CURVE('',#3560,#3406,#4493,.F.);
#2963=EDGE_CURVE('',#3561,#3405,#4494,.F.);
#2964=EDGE_CURVE('',#3561,#3400,#4495,.F.);
#2965=EDGE_CURVE('',#3590,#3272,#4496,.F.);
#2966=EDGE_CURVE('',#3371,#3657,#4497,.F.);
#2967=EDGE_CURVE('',#3372,#3505,#4498,.F.);
#2968=EDGE_CURVE('',#3373,#3604,#4499,.T.);
#2969=EDGE_CURVE('',#3374,#3603,#4500,.T.);
#2970=EDGE_CURVE('',#3375,#3456,#4501,.F.);
#2971=EDGE_CURVE('',#3376,#3455,#4502,.T.);
#2972=EDGE_CURVE('',#3377,#3600,#4503,.T.);
#2973=EDGE_CURVE('',#3378,#3599,#4504,.F.);
#2974=EDGE_CURVE('',#3365,#3520,#4505,.T.);
#2975=EDGE_CURVE('',#3658,#3366,#4506,.T.);
#2976=EDGE_CURVE('',#3654,#3370,#4507,.F.);
#2977=EDGE_CURVE('',#3333,#3369,#4508,.F.);
#2978=EDGE_CURVE('',#3591,#3368,#4509,.T.);
#2979=EDGE_CURVE('',#3367,#3660,#4510,.T.);
#2980=EDGE_CURVE('',#3295,#3574,#4511,.F.);
#2981=EDGE_CURVE('',#3296,#3524,#4512,.F.);
#2982=EDGE_CURVE('',#3297,#3480,#4513,.F.);
#2983=EDGE_CURVE('',#3298,#3478,#4514,.F.);
#2984=EDGE_CURVE('',#3299,#3539,#20,.F.);
#2985=EDGE_CURVE('',#3300,#3540,#21,.F.);
#2986=EDGE_CURVE('',#3301,#3476,#4515,.T.);
#2987=EDGE_CURVE('',#3302,#3474,#4516,.F.);
#2988=EDGE_CURVE('',#3303,#3543,#22,.F.);
#2989=EDGE_CURVE('',#3304,#3544,#23,.F.);
#2990=EDGE_CURVE('',#3305,#3526,#4517,.T.);
#2991=EDGE_CURVE('',#3306,#3363,#4518,.T.);
#2992=EDGE_CURVE('',#3568,#3292,#4519,.F.);
#2993=EDGE_CURVE('',#3402,#3291,#4520,.T.);
#2994=EDGE_CURVE('',#3403,#3290,#4521,.T.);
#2995=EDGE_CURVE('',#3522,#3289,#4522,.F.);
#2996=EDGE_CURVE('',#3536,#3288,#24,.F.);
#2997=EDGE_CURVE('',#3535,#3287,#25,.F.);
#2998=EDGE_CURVE('',#3467,#3286,#4523,.T.);
#2999=EDGE_CURVE('',#3468,#3285,#4524,.F.);
#3000=EDGE_CURVE('',#3533,#3284,#26,.F.);
#3001=EDGE_CURVE('',#3531,#3283,#27,.F.);
#3002=EDGE_CURVE('',#3471,#3282,#4525,.T.);
#3003=EDGE_CURVE('',#3472,#3281,#4526,.F.);
#3004=EDGE_CURVE('',#3528,#3280,#4527,.F.);
#3005=EDGE_CURVE('',#3563,#3279,#4528,.T.);
#3006=EDGE_CURVE('',#3564,#3278,#4529,.F.);
#3007=EDGE_CURVE('',#3558,#3277,#4530,.T.);
#3008=EDGE_CURVE('',#3560,#3276,#4531,.T.);
#3009=EDGE_CURVE('',#3406,#3275,#4532,.T.);
#3010=EDGE_CURVE('',#3440,#3630,#4533,.F.);
#3011=EDGE_CURVE('',#3436,#3638,#4534,.F.);
#3012=EDGE_CURVE('',#3448,#3614,#4535,.F.);
#3013=EDGE_CURVE('',#3444,#3622,#4536,.F.);
#3014=EDGE_CURVE('',#3422,#3649,#4537,.F.);
#3015=EDGE_CURVE('',#3426,#3641,#4538,.F.);
#3016=EDGE_CURVE('',#3418,#3190,#4539,.F.);
#3017=EDGE_CURVE('',#3419,#3111,#4540,.F.);
#3018=EDGE_CURVE('',#3417,#3650,#4541,.F.);
#3019=EDGE_CURVE('',#3421,#3088,#4542,.F.);
#3020=EDGE_CURVE('',#3420,#3095,#4543,.F.);
#3021=EDGE_CURVE('',#3433,#3068,#4544,.F.);
#3022=EDGE_CURVE('',#3432,#3075,#4545,.F.);
#3023=EDGE_CURVE('',#3435,#3054,#4546,.F.);
#3024=EDGE_CURVE('',#3434,#3143,#4547,.F.);
#3025=EDGE_CURVE('',#3429,#3170,#4548,.F.);
#3026=EDGE_CURVE('',#3428,#3175,#4549,.F.);
#3027=EDGE_CURVE('',#3431,#3154,#4550,.F.);
#3028=EDGE_CURVE('',#3430,#3159,#4551,.F.);
#3029=EDGE_CURVE('',#3453,#3128,#4552,.F.);
#3030=EDGE_CURVE('',#3452,#3129,#4553,.F.);
#3031=EDGE_CURVE('',#3661,#3661,#124,.T.);
#3032=EDGE_CURVE('',#3662,#3662,#125,.T.);
#3033=EDGE_CURVE('',#3663,#3663,#126,.T.);
#3034=EDGE_CURVE('',#3664,#3664,#127,.T.);
#3035=EDGE_CURVE('',#3665,#3665,#128,.T.);
#3036=EDGE_CURVE('',#3666,#3666,#129,.T.);
#3037=EDGE_CURVE('',#3667,#3667,#130,.T.);
#3038=EDGE_CURVE('',#3668,#3668,#131,.T.);
#3039=EDGE_CURVE('',#3130,#3140,#4554,.T.);
#3040=EDGE_CURVE('',#3056,#3070,#4555,.T.);
#3041=EDGE_CURVE('',#3076,#3090,#4556,.T.);
#3042=EDGE_CURVE('',#3096,#3106,#4557,.T.);
#3043=EDGE_CURVE('',#3222,#3226,#4558,.T.);
#3044=EDGE_CURVE('',#3176,#3184,#4559,.T.);
#3045=EDGE_CURVE('',#3214,#3218,#4560,.T.);
#3046=EDGE_CURVE('',#3144,#3156,#4561,.T.);
#3047=EDGE_CURVE('',#3211,#3207,#4562,.T.);
#3048=EDGE_CURVE('',#3120,#3115,#4563,.T.);
#3049=EDGE_CURVE('',#3160,#3172,#4564,.T.);
#3050=EDGE_CURVE('',#3197,#3203,#4565,.T.);
#3051=VERTEX_POINT('',#9376);
#3052=VERTEX_POINT('',#9377);
#3053=VERTEX_POINT('',#9379);
#3054=VERTEX_POINT('',#9381);
#3055=VERTEX_POINT('',#9383);
#3056=VERTEX_POINT('',#9387);
#3057=VERTEX_POINT('',#9388);
#3058=VERTEX_POINT('',#9390);
#3059=VERTEX_POINT('',#9392);
#3060=VERTEX_POINT('',#9394);
#3061=VERTEX_POINT('',#9396);
#3062=VERTEX_POINT('',#9398);
#3063=VERTEX_POINT('',#9400);
#3064=VERTEX_POINT('',#9402);
#3065=VERTEX_POINT('',#9404);
#3066=VERTEX_POINT('',#9408);
#3067=VERTEX_POINT('',#9410);
#3068=VERTEX_POINT('',#9412);
#3069=VERTEX_POINT('',#9416);
#3070=VERTEX_POINT('',#9417);
#3071=VERTEX_POINT('',#9419);
#3072=VERTEX_POINT('',#9421);
#3073=VERTEX_POINT('',#9423);
#3074=VERTEX_POINT('',#9425);
#3075=VERTEX_POINT('',#9427);
#3076=VERTEX_POINT('',#9432);
#3077=VERTEX_POINT('',#9433);
#3078=VERTEX_POINT('',#9435);
#3079=VERTEX_POINT('',#9437);
#3080=VERTEX_POINT('',#9439);
#3081=VERTEX_POINT('',#9441);
#3082=VERTEX_POINT('',#9443);
#3083=VERTEX_POINT('',#9445);
#3084=VERTEX_POINT('',#9447);
#3085=VERTEX_POINT('',#9449);
#3086=VERTEX_POINT('',#9453);
#3087=VERTEX_POINT('',#9455);
#3088=VERTEX_POINT('',#9457);
#3089=VERTEX_POINT('',#9461);
#3090=VERTEX_POINT('',#9462);
#3091=VERTEX_POINT('',#9464);
#3092=VERTEX_POINT('',#9466);
#3093=VERTEX_POINT('',#9468);
#3094=VERTEX_POINT('',#9470);
#3095=VERTEX_POINT('',#9472);
#3096=VERTEX_POINT('',#9477);
#3097=VERTEX_POINT('',#9478);
#3098=VERTEX_POINT('',#9480);
#3099=VERTEX_POINT('',#9482);
#3100=VERTEX_POINT('',#9484);
#3101=VERTEX_POINT('',#9486);
#3102=VERTEX_POINT('',#9488);
#3103=VERTEX_POINT('',#9490);
#3104=VERTEX_POINT('',#9492);
#3105=VERTEX_POINT('',#9496);
#3106=VERTEX_POINT('',#9497);
#3107=VERTEX_POINT('',#9499);
#3108=VERTEX_POINT('',#9501);
#3109=VERTEX_POINT('',#9503);
#3110=VERTEX_POINT('',#9505);
#3111=VERTEX_POINT('',#9507);
#3112=VERTEX_POINT('',#9509);
#3113=VERTEX_POINT('',#9511);
#3114=VERTEX_POINT('',#9515);
#3115=VERTEX_POINT('',#9516);
#3116=VERTEX_POINT('',#9518);
#3117=VERTEX_POINT('',#9520);
#3118=VERTEX_POINT('',#9522);
#3119=VERTEX_POINT('',#9524);
#3120=VERTEX_POINT('',#9528);
#3121=VERTEX_POINT('',#9529);
#3122=VERTEX_POINT('',#9531);
#3123=VERTEX_POINT('',#9533);
#3124=VERTEX_POINT('',#9535);
#3125=VERTEX_POINT('',#9537);
#3126=VERTEX_POINT('',#9542);
#3127=VERTEX_POINT('',#9544);
#3128=VERTEX_POINT('',#9546);
#3129=VERTEX_POINT('',#9551);
#3130=VERTEX_POINT('',#9555);
#3131=VERTEX_POINT('',#9556);
#3132=VERTEX_POINT('',#9559);
#3133=VERTEX_POINT('',#9561);
#3134=VERTEX_POINT('',#9563);
#3135=VERTEX_POINT('',#9565);
#3136=VERTEX_POINT('',#9567);
#3137=VERTEX_POINT('',#9569);
#3138=VERTEX_POINT('',#9571);
#3139=VERTEX_POINT('',#9575);
#3140=VERTEX_POINT('',#9576);
#3141=VERTEX_POINT('',#9578);
#3142=VERTEX_POINT('',#9580);
#3143=VERTEX_POINT('',#9582);
#3144=VERTEX_POINT('',#9587);
#3145=VERTEX_POINT('',#9588);
#3146=VERTEX_POINT('',#9590);
#3147=VERTEX_POINT('',#9592);
#3148=VERTEX_POINT('',#9594);
#3149=VERTEX_POINT('',#9596);
#3150=VERTEX_POINT('',#9598);
#3151=VERTEX_POINT('',#9600);
#3152=VERTEX_POINT('',#9604);
#3153=VERTEX_POINT('',#9606);
#3154=VERTEX_POINT('',#9608);
#3155=VERTEX_POINT('',#9612);
#3156=VERTEX_POINT('',#9613);
#3157=VERTEX_POINT('',#9615);
#3158=VERTEX_POINT('',#9617);
#3159=VERTEX_POINT('',#9619);
#3160=VERTEX_POINT('',#9624);
#3161=VERTEX_POINT('',#9625);
#3162=VERTEX_POINT('',#9627);
#3163=VERTEX_POINT('',#9629);
#3164=VERTEX_POINT('',#9631);
#3165=VERTEX_POINT('',#9633);
#3166=VERTEX_POINT('',#9635);
#3167=VERTEX_POINT('',#9637);
#3168=VERTEX_POINT('',#9641);
#3169=VERTEX_POINT('',#9643);
#3170=VERTEX_POINT('',#9645);
#3171=VERTEX_POINT('',#9649);
#3172=VERTEX_POINT('',#9650);
#3173=VERTEX_POINT('',#9652);
#3174=VERTEX_POINT('',#9654);
#3175=VERTEX_POINT('',#9656);
#3176=VERTEX_POINT('',#9661);
#3177=VERTEX_POINT('',#9662);
#3178=VERTEX_POINT('',#9664);
#3179=VERTEX_POINT('',#9666);
#3180=VERTEX_POINT('',#9668);
#3181=VERTEX_POINT('',#9670);
#3182=VERTEX_POINT('',#9672);
#3183=VERTEX_POINT('',#9676);
#3184=VERTEX_POINT('',#9677);
#3185=VERTEX_POINT('',#9679);
#3186=VERTEX_POINT('',#9681);
#3187=VERTEX_POINT('',#9686);
#3188=VERTEX_POINT('',#9688);
#3189=VERTEX_POINT('',#9690);
#3190=VERTEX_POINT('',#9695);
#3191=VERTEX_POINT('',#9699);
#3192=VERTEX_POINT('',#9701);
#3193=VERTEX_POINT('',#9703);
#3194=VERTEX_POINT('',#9705);
#3195=VERTEX_POINT('',#9707);
#3196=VERTEX_POINT('',#9709);
#3197=VERTEX_POINT('',#9713);
#3198=VERTEX_POINT('',#9715);
#3199=VERTEX_POINT('',#9717);
#3200=VERTEX_POINT('',#9719);
#3201=VERTEX_POINT('',#9721);
#3202=VERTEX_POINT('',#9723);
#3203=VERTEX_POINT('',#9727);
#3204=VERTEX_POINT('',#9729);
#3205=VERTEX_POINT('',#9731);
#3206=VERTEX_POINT('',#9733);
#3207=VERTEX_POINT('',#9737);
#3208=VERTEX_POINT('',#9739);
#3209=VERTEX_POINT('',#9741);
#3210=VERTEX_POINT('',#9743);
#3211=VERTEX_POINT('',#9747);
#3212=VERTEX_POINT('',#9749);
#3213=VERTEX_POINT('',#9751);
#3214=VERTEX_POINT('',#9755);
#3215=VERTEX_POINT('',#9757);
#3216=VERTEX_POINT('',#9759);
#3217=VERTEX_POINT('',#9761);
#3218=VERTEX_POINT('',#9765);
#3219=VERTEX_POINT('',#9767);
#3220=VERTEX_POINT('',#9769);
#3221=VERTEX_POINT('',#9771);
#3222=VERTEX_POINT('',#9775);
#3223=VERTEX_POINT('',#9777);
#3224=VERTEX_POINT('',#9779);
#3225=VERTEX_POINT('',#9781);
#3226=VERTEX_POINT('',#9785);
#3227=VERTEX_POINT('',#9788);
#3228=VERTEX_POINT('',#9801);
#3229=VERTEX_POINT('',#9803);
#3230=VERTEX_POINT('',#9807);
#3231=VERTEX_POINT('',#9808);
#3232=VERTEX_POINT('',#9812);
#3233=VERTEX_POINT('',#9816);
#3234=VERTEX_POINT('',#9817);
#3235=VERTEX_POINT('',#9819);
#3236=VERTEX_POINT('',#9822);
#3237=VERTEX_POINT('',#9824);
#3238=VERTEX_POINT('',#9828);
#3239=VERTEX_POINT('',#9829);
#3240=VERTEX_POINT('',#9831);
#3241=VERTEX_POINT('',#9833);
#3242=VERTEX_POINT('',#9835);
#3243=VERTEX_POINT('',#9839);
#3244=VERTEX_POINT('',#9840);
#3245=VERTEX_POINT('',#9842);
#3246=VERTEX_POINT('',#9847);
#3247=VERTEX_POINT('',#9849);
#3248=VERTEX_POINT('',#9851);
#3249=VERTEX_POINT('',#9853);
#3250=VERTEX_POINT('',#9855);
#3251=VERTEX_POINT('',#9856);
#3252=VERTEX_POINT('',#9858);
#3253=VERTEX_POINT('',#9860);
#3254=VERTEX_POINT('',#9862);
#3255=VERTEX_POINT('',#9864);
#3256=VERTEX_POINT('',#9866);
#3257=VERTEX_POINT('',#9869);
#3258=VERTEX_POINT('',#9871);
#3259=VERTEX_POINT('',#9873);
#3260=VERTEX_POINT('',#9875);
#3261=VERTEX_POINT('',#9878);
#3262=VERTEX_POINT('',#9880);
#3263=VERTEX_POINT('',#9882);
#3264=VERTEX_POINT('',#9884);
#3265=VERTEX_POINT('',#9886);
#3266=VERTEX_POINT('',#9888);
#3267=VERTEX_POINT('',#9890);
#3268=VERTEX_POINT('',#9892);
#3269=VERTEX_POINT('',#9894);
#3270=VERTEX_POINT('',#9896);
#3271=VERTEX_POINT('',#9898);
#3272=VERTEX_POINT('',#9901);
#3273=VERTEX_POINT('',#9905);
#3274=VERTEX_POINT('',#9907);
#3275=VERTEX_POINT('',#9909);
#3276=VERTEX_POINT('',#9911);
#3277=VERTEX_POINT('',#9913);
#3278=VERTEX_POINT('',#9915);
#3279=VERTEX_POINT('',#9917);
#3280=VERTEX_POINT('',#9919);
#3281=VERTEX_POINT('',#9921);
#3282=VERTEX_POINT('',#9923);
#3283=VERTEX_POINT('',#9925);
#3284=VERTEX_POINT('',#9927);
#3285=VERTEX_POINT('',#9929);
#3286=VERTEX_POINT('',#9931);
#3287=VERTEX_POINT('',#9933);
#3288=VERTEX_POINT('',#9935);
#3289=VERTEX_POINT('',#9937);
#3290=VERTEX_POINT('',#9939);
#3291=VERTEX_POINT('',#9941);
#3292=VERTEX_POINT('',#9943);
#3293=VERTEX_POINT('',#9945);
#3294=VERTEX_POINT('',#9947);
#3295=VERTEX_POINT('',#9949);
#3296=VERTEX_POINT('',#9951);
#3297=VERTEX_POINT('',#9953);
#3298=VERTEX_POINT('',#9955);
#3299=VERTEX_POINT('',#9957);
#3300=VERTEX_POINT('',#9959);
#3301=VERTEX_POINT('',#9961);
#3302=VERTEX_POINT('',#9963);
#3303=VERTEX_POINT('',#9965);
#3304=VERTEX_POINT('',#9967);
#3305=VERTEX_POINT('',#9969);
#3306=VERTEX_POINT('',#9971);
#3307=VERTEX_POINT('',#9973);
#3308=VERTEX_POINT('',#9975);
#3309=VERTEX_POINT('',#9978);
#3310=VERTEX_POINT('',#9979);
#3311=VERTEX_POINT('',#9981);
#3312=VERTEX_POINT('',#9983);
#3313=VERTEX_POINT('',#9986);
#3314=VERTEX_POINT('',#9991);
#3315=VERTEX_POINT('',#9992);
#3316=VERTEX_POINT('',#9994);
#3317=VERTEX_POINT('',#9996);
#3318=VERTEX_POINT('',#9999);
#3319=VERTEX_POINT('',#10000);
#3320=VERTEX_POINT('',#10002);
#3321=VERTEX_POINT('',#10004);
#3322=VERTEX_POINT('',#10007);
#3323=VERTEX_POINT('',#10008);
#3324=VERTEX_POINT('',#10010);
#3325=VERTEX_POINT('',#10012);
#3326=VERTEX_POINT('',#10015);
#3327=VERTEX_POINT('',#10016);
#3328=VERTEX_POINT('',#10018);
#3329=VERTEX_POINT('',#10020);
#3330=VERTEX_POINT('',#10023);
#3331=VERTEX_POINT('',#10027);
#3332=VERTEX_POINT('',#10028);
#3333=VERTEX_POINT('',#10030);
#3334=VERTEX_POINT('',#10033);
#3335=VERTEX_POINT('',#10035);
#3336=VERTEX_POINT('',#10037);
#3337=VERTEX_POINT('',#10039);
#3338=VERTEX_POINT('',#10041);
#3339=VERTEX_POINT('',#10045);
#3340=VERTEX_POINT('',#10047);
#3341=VERTEX_POINT('',#10049);
#3342=VERTEX_POINT('',#10054);
#3343=VERTEX_POINT('',#10055);
#3344=VERTEX_POINT('',#10059);
#3345=VERTEX_POINT('',#10063);
#3346=VERTEX_POINT('',#10064);
#3347=VERTEX_POINT('',#10068);
#3348=VERTEX_POINT('',#10073);
#3349=VERTEX_POINT('',#10078);
#3350=VERTEX_POINT('',#10080);
#3351=VERTEX_POINT('',#10085);
#3352=VERTEX_POINT('',#10086);
#3353=VERTEX_POINT('',#10088);
#3354=VERTEX_POINT('',#10090);
#3355=VERTEX_POINT('',#10097);
#3356=VERTEX_POINT('',#10098);
#3357=VERTEX_POINT('',#10103);
#3358=VERTEX_POINT('',#10104);
#3359=VERTEX_POINT('',#10106);
#3360=VERTEX_POINT('',#10108);
#3361=VERTEX_POINT('',#10112);
#3362=VERTEX_POINT('',#10113);
#3363=VERTEX_POINT('',#10115);
#3364=VERTEX_POINT('',#10117);
#3365=VERTEX_POINT('',#10121);
#3366=VERTEX_POINT('',#10122);
#3367=VERTEX_POINT('',#10124);
#3368=VERTEX_POINT('',#10126);
#3369=VERTEX_POINT('',#10128);
#3370=VERTEX_POINT('',#10130);
#3371=VERTEX_POINT('',#10132);
#3372=VERTEX_POINT('',#10134);
#3373=VERTEX_POINT('',#10136);
#3374=VERTEX_POINT('',#10138);
#3375=VERTEX_POINT('',#10140);
#3376=VERTEX_POINT('',#10142);
#3377=VERTEX_POINT('',#10144);
#3378=VERTEX_POINT('',#10146);
#3379=VERTEX_POINT('',#10150);
#3380=VERTEX_POINT('',#10152);
#3381=VERTEX_POINT('',#10154);
#3382=VERTEX_POINT('',#10155);
#3383=VERTEX_POINT('',#10157);
#3384=VERTEX_POINT('',#10159);
#3385=VERTEX_POINT('',#10161);
#3386=VERTEX_POINT('',#10163);
#3387=VERTEX_POINT('',#10165);
#3388=VERTEX_POINT('',#10167);
#3389=VERTEX_POINT('',#10169);
#3390=VERTEX_POINT('',#10171);
#3391=VERTEX_POINT('',#10173);
#3392=VERTEX_POINT('',#10175);
#3393=VERTEX_POINT('',#10177);
#3394=VERTEX_POINT('',#10179);
#3395=VERTEX_POINT('',#10181);
#3396=VERTEX_POINT('',#10183);
#3397=VERTEX_POINT('',#10185);
#3398=VERTEX_POINT('',#10187);
#3399=VERTEX_POINT('',#10189);
#3400=VERTEX_POINT('',#10191);
#3401=VERTEX_POINT('',#10195);
#3402=VERTEX_POINT('',#10196);
#3403=VERTEX_POINT('',#10198);
#3404=VERTEX_POINT('',#10200);
#3405=VERTEX_POINT('',#10204);
#3406=VERTEX_POINT('',#10205);
#3407=VERTEX_POINT('',#10207);
#3408=VERTEX_POINT('',#10209);
#3409=VERTEX_POINT('',#10213);
#3410=VERTEX_POINT('',#10215);
#3411=VERTEX_POINT('',#10217);
#3412=VERTEX_POINT('',#10219);
#3413=VERTEX_POINT('',#10221);
#3414=VERTEX_POINT('',#10223);
#3415=VERTEX_POINT('',#10225);
#3416=VERTEX_POINT('',#10227);
#3417=VERTEX_POINT('',#10229);
#3418=VERTEX_POINT('',#10231);
#3419=VERTEX_POINT('',#10233);
#3420=VERTEX_POINT('',#10236);
#3421=VERTEX_POINT('',#10238);
#3422=VERTEX_POINT('',#10241);
#3423=VERTEX_POINT('',#10242);
#3424=VERTEX_POINT('',#10244);
#3425=VERTEX_POINT('',#10246);
#3426=VERTEX_POINT('',#10249);
#3427=VERTEX_POINT('',#10250);
#3428=VERTEX_POINT('',#10254);
#3429=VERTEX_POINT('',#10256);
#3430=VERTEX_POINT('',#10259);
#3431=VERTEX_POINT('',#10261);
#3432=VERTEX_POINT('',#10264);
#3433=VERTEX_POINT('',#10266);
#3434=VERTEX_POINT('',#10269);
#3435=VERTEX_POINT('',#10271);
#3436=VERTEX_POINT('',#10274);
#3437=VERTEX_POINT('',#10275);
#3438=VERTEX_POINT('',#10277);
#3439=VERTEX_POINT('',#10279);
#3440=VERTEX_POINT('',#10282);
#3441=VERTEX_POINT('',#10283);
#3442=VERTEX_POINT('',#10285);
#3443=VERTEX_POINT('',#10287);
#3444=VERTEX_POINT('',#10290);
#3445=VERTEX_POINT('',#10291);
#3446=VERTEX_POINT('',#10293);
#3447=VERTEX_POINT('',#10295);
#3448=VERTEX_POINT('',#10298);
#3449=VERTEX_POINT('',#10299);
#3450=VERTEX_POINT('',#10301);
#3451=VERTEX_POINT('',#10303);
#3452=VERTEX_POINT('',#10306);
#3453=VERTEX_POINT('',#10308);
#3454=VERTEX_POINT('',#10311);
#3455=VERTEX_POINT('',#10312);
#3456=VERTEX_POINT('',#10314);
#3457=VERTEX_POINT('',#10316);
#3458=VERTEX_POINT('',#10320);
#3459=VERTEX_POINT('',#10322);
#3460=VERTEX_POINT('',#10325);
#3461=VERTEX_POINT('',#10327);
#3462=VERTEX_POINT('',#10330);
#3463=VERTEX_POINT('',#10332);
#3464=VERTEX_POINT('',#10335);
#3465=VERTEX_POINT('',#10337);
#3466=VERTEX_POINT('',#10340);
#3467=VERTEX_POINT('',#10341);
#3468=VERTEX_POINT('',#10343);
#3469=VERTEX_POINT('',#10345);
#3470=VERTEX_POINT('',#10349);
#3471=VERTEX_POINT('',#10350);
#3472=VERTEX_POINT('',#10352);
#3473=VERTEX_POINT('',#10354);
#3474=VERTEX_POINT('',#10358);
#3475=VERTEX_POINT('',#10359);
#3476=VERTEX_POINT('',#10361);
#3477=VERTEX_POINT('',#10363);
#3478=VERTEX_POINT('',#10367);
#3479=VERTEX_POINT('',#10368);
#3480=VERTEX_POINT('',#10370);
#3481=VERTEX_POINT('',#10372);
#3482=VERTEX_POINT('',#10376);
#3483=VERTEX_POINT('',#10378);
#3484=VERTEX_POINT('',#10380);
#3485=VERTEX_POINT('',#10381);
#3486=VERTEX_POINT('',#10383);
#3487=VERTEX_POINT('',#10385);
#3488=VERTEX_POINT('',#10387);
#3489=VERTEX_POINT('',#10389);
#3490=VERTEX_POINT('',#10391);
#3491=VERTEX_POINT('',#10393);
#3492=VERTEX_POINT('',#10395);
#3493=VERTEX_POINT('',#10397);
#3494=VERTEX_POINT('',#10399);
#3495=VERTEX_POINT('',#10401);
#3496=VERTEX_POINT('',#10403);
#3497=VERTEX_POINT('',#10405);
#3498=VERTEX_POINT('',#10407);
#3499=VERTEX_POINT('',#10409);
#3500=VERTEX_POINT('',#10411);
#3501=VERTEX_POINT('',#10413);
#3502=VERTEX_POINT('',#10415);
#3503=VERTEX_POINT('',#10417);
#3504=VERTEX_POINT('',#10421);
#3505=VERTEX_POINT('',#10422);
#3506=VERTEX_POINT('',#10424);
#3507=VERTEX_POINT('',#10426);
#3508=VERTEX_POINT('',#10430);
#3509=VERTEX_POINT('',#10431);
#3510=VERTEX_POINT('',#10433);
#3511=VERTEX_POINT('',#10435);
#3512=VERTEX_POINT('',#10437);
#3513=VERTEX_POINT('',#10439);
#3514=VERTEX_POINT('',#10441);
#3515=VERTEX_POINT('',#10443);
#3516=VERTEX_POINT('',#10445);
#3517=VERTEX_POINT('',#10447);
#3518=VERTEX_POINT('',#10451);
#3519=VERTEX_POINT('',#10452);
#3520=VERTEX_POINT('',#10454);
#3521=VERTEX_POINT('',#10456);
#3522=VERTEX_POINT('',#10460);
#3523=VERTEX_POINT('',#10462);
#3524=VERTEX_POINT('',#10466);
#3525=VERTEX_POINT('',#10468);
#3526=VERTEX_POINT('',#10472);
#3527=VERTEX_POINT('',#10474);
#3528=VERTEX_POINT('',#10478);
#3529=VERTEX_POINT('',#10480);
#3530=VERTEX_POINT('',#10484);
#3531=VERTEX_POINT('',#10485);
#3532=VERTEX_POINT('',#10490);
#3533=VERTEX_POINT('',#10491);
#3534=VERTEX_POINT('',#10499);
#3535=VERTEX_POINT('',#10500);
#3536=VERTEX_POINT('',#10505);
#3537=VERTEX_POINT('',#10507);
#3538=VERTEX_POINT('',#10514);
#3539=VERTEX_POINT('',#10515);
#3540=VERTEX_POINT('',#10520);
#3541=VERTEX_POINT('',#10522);
#3542=VERTEX_POINT('',#10529);
#3543=VERTEX_POINT('',#10530);
#3544=VERTEX_POINT('',#10535);
#3545=VERTEX_POINT('',#10537);
#3546=VERTEX_POINT('',#10544);
#3547=VERTEX_POINT('',#10546);
#3548=VERTEX_POINT('',#10549);
#3549=VERTEX_POINT('',#10552);
#3550=VERTEX_POINT('',#10554);
#3551=VERTEX_POINT('',#10557);
#3552=VERTEX_POINT('',#10560);
#3553=VERTEX_POINT('',#10562);
#3554=VERTEX_POINT('',#10565);
#3555=VERTEX_POINT('',#10568);
#3556=VERTEX_POINT('',#10570);
#3557=VERTEX_POINT('',#10573);
#3558=VERTEX_POINT('',#10580);
#3559=VERTEX_POINT('',#10581);
#3560=VERTEX_POINT('',#10583);
#3561=VERTEX_POINT('',#10585);
#3562=VERTEX_POINT('',#10589);
#3563=VERTEX_POINT('',#10590);
#3564=VERTEX_POINT('',#10592);
#3565=VERTEX_POINT('',#10594);
#3566=VERTEX_POINT('',#10598);
#3567=VERTEX_POINT('',#10599);
#3568=VERTEX_POINT('',#10601);
#3569=VERTEX_POINT('',#10603);
#3570=VERTEX_POINT('',#10605);
#3571=VERTEX_POINT('',#10607);
#3572=VERTEX_POINT('',#10609);
#3573=VERTEX_POINT('',#10613);
#3574=VERTEX_POINT('',#10614);
#3575=VERTEX_POINT('',#10616);
#3576=VERTEX_POINT('',#10618);
#3577=VERTEX_POINT('',#10620);
#3578=VERTEX_POINT('',#10622);
#3579=VERTEX_POINT('',#10624);
#3580=VERTEX_POINT('',#10628);
#3581=VERTEX_POINT('',#10629);
#3582=VERTEX_POINT('',#10632);
#3583=VERTEX_POINT('',#10634);
#3584=VERTEX_POINT('',#10636);
#3585=VERTEX_POINT('',#10640);
#3586=VERTEX_POINT('',#10642);
#3587=VERTEX_POINT('',#10644);
#3588=VERTEX_POINT('',#10646);
#3589=VERTEX_POINT('',#10648);
#3590=VERTEX_POINT('',#10654);
#3591=VERTEX_POINT('',#10658);
#3592=VERTEX_POINT('',#10660);
#3593=VERTEX_POINT('',#10662);
#3594=VERTEX_POINT('',#10664);
#3595=VERTEX_POINT('',#10666);
#3596=VERTEX_POINT('',#10672);
#3597=VERTEX_POINT('',#10677);
#3598=VERTEX_POINT('',#10683);
#3599=VERTEX_POINT('',#10684);
#3600=VERTEX_POINT('',#10686);
#3601=VERTEX_POINT('',#10688);
#3602=VERTEX_POINT('',#10692);
#3603=VERTEX_POINT('',#10693);
#3604=VERTEX_POINT('',#10695);
#3605=VERTEX_POINT('',#10697);
#3606=VERTEX_POINT('',#10701);
#3607=VERTEX_POINT('',#10705);
#3608=VERTEX_POINT('',#10706);
#3609=VERTEX_POINT('',#10708);
#3610=VERTEX_POINT('',#10710);
#3611=VERTEX_POINT('',#10715);
#3612=VERTEX_POINT('',#10719);
#3613=VERTEX_POINT('',#10721);
#3614=VERTEX_POINT('',#10725);
#3615=VERTEX_POINT('',#10731);
#3616=VERTEX_POINT('',#10732);
#3617=VERTEX_POINT('',#10734);
#3618=VERTEX_POINT('',#10736);
#3619=VERTEX_POINT('',#10741);
#3620=VERTEX_POINT('',#10745);
#3621=VERTEX_POINT('',#10747);
#3622=VERTEX_POINT('',#10751);
#3623=VERTEX_POINT('',#10757);
#3624=VERTEX_POINT('',#10758);
#3625=VERTEX_POINT('',#10760);
#3626=VERTEX_POINT('',#10762);
#3627=VERTEX_POINT('',#10767);
#3628=VERTEX_POINT('',#10771);
#3629=VERTEX_POINT('',#10773);
#3630=VERTEX_POINT('',#10777);
#3631=VERTEX_POINT('',#10783);
#3632=VERTEX_POINT('',#10784);
#3633=VERTEX_POINT('',#10786);
#3634=VERTEX_POINT('',#10788);
#3635=VERTEX_POINT('',#10793);
#3636=VERTEX_POINT('',#10797);
#3637=VERTEX_POINT('',#10799);
#3638=VERTEX_POINT('',#10803);
#3639=VERTEX_POINT('',#10826);
#3640=VERTEX_POINT('',#10828);
#3641=VERTEX_POINT('',#10832);
#3642=VERTEX_POINT('',#10837);
#3643=VERTEX_POINT('',#10838);
#3644=VERTEX_POINT('',#10840);
#3645=VERTEX_POINT('',#10842);
#3646=VERTEX_POINT('',#10847);
#3647=VERTEX_POINT('',#10851);
#3648=VERTEX_POINT('',#10853);
#3649=VERTEX_POINT('',#10857);
#3650=VERTEX_POINT('',#10868);
#3651=VERTEX_POINT('',#10870);
#3652=VERTEX_POINT('',#10872);
#3653=VERTEX_POINT('',#10948);
#3654=VERTEX_POINT('',#10955);
#3655=VERTEX_POINT('',#10968);
#3656=VERTEX_POINT('',#10977);
#3657=VERTEX_POINT('',#11080);
#3658=VERTEX_POINT('',#11108);
#3659=VERTEX_POINT('',#11137);
#3660=VERTEX_POINT('',#11141);
#3661=VERTEX_POINT('',#11341);
#3662=VERTEX_POINT('',#11343);
#3663=VERTEX_POINT('',#11346);
#3664=VERTEX_POINT('',#11348);
#3665=VERTEX_POINT('',#11351);
#3666=VERTEX_POINT('',#11353);
#3667=VERTEX_POINT('',#11356);
#3668=VERTEX_POINT('',#11358);
#3669=LINE('',#9375,#4566);
#3670=LINE('',#9378,#4567);
#3671=LINE('',#9380,#4568);
#3672=LINE('',#9382,#4569);
#3673=LINE('',#9384,#4570);
#3674=LINE('',#9386,#4571);
#3675=LINE('',#9389,#4572);
#3676=LINE('',#9391,#4573);
#3677=LINE('',#9393,#4574);
#3678=LINE('',#9395,#4575);
#3679=LINE('',#9397,#4576);
#3680=LINE('',#9399,#4577);
#3681=LINE('',#9401,#4578);
#3682=LINE('',#9403,#4579);
#3683=LINE('',#9405,#4580);
#3684=LINE('',#9407,#4581);
#3685=LINE('',#9409,#4582);
#3686=LINE('',#9411,#4583);
#3687=LINE('',#9413,#4584);
#3688=LINE('',#9415,#4585);
#3689=LINE('',#9418,#4586);
#3690=LINE('',#9420,#4587);
#3691=LINE('',#9422,#4588);
#3692=LINE('',#9424,#4589);
#3693=LINE('',#9426,#4590);
#3694=LINE('',#9428,#4591);
#3695=LINE('',#9429,#4592);
#3696=LINE('',#9431,#4593);
#3697=LINE('',#9434,#4594);
#3698=LINE('',#9436,#4595);
#3699=LINE('',#9438,#4596);
#3700=LINE('',#9440,#4597);
#3701=LINE('',#9442,#4598);
#3702=LINE('',#9444,#4599);
#3703=LINE('',#9446,#4600);
#3704=LINE('',#9448,#4601);
#3705=LINE('',#9450,#4602);
#3706=LINE('',#9452,#4603);
#3707=LINE('',#9454,#4604);
#3708=LINE('',#9456,#4605);
#3709=LINE('',#9458,#4606);
#3710=LINE('',#9460,#4607);
#3711=LINE('',#9463,#4608);
#3712=LINE('',#9465,#4609);
#3713=LINE('',#9467,#4610);
#3714=LINE('',#9469,#4611);
#3715=LINE('',#9471,#4612);
#3716=LINE('',#9473,#4613);
#3717=LINE('',#9474,#4614);
#3718=LINE('',#9476,#4615);
#3719=LINE('',#9479,#4616);
#3720=LINE('',#9481,#4617);
#3721=LINE('',#9483,#4618);
#3722=LINE('',#9485,#4619);
#3723=LINE('',#9487,#4620);
#3724=LINE('',#9489,#4621);
#3725=LINE('',#9491,#4622);
#3726=LINE('',#9493,#4623);
#3727=LINE('',#9495,#4624);
#3728=LINE('',#9498,#4625);
#3729=LINE('',#9500,#4626);
#3730=LINE('',#9502,#4627);
#3731=LINE('',#9504,#4628);
#3732=LINE('',#9506,#4629);
#3733=LINE('',#9508,#4630);
#3734=LINE('',#9510,#4631);
#3735=LINE('',#9512,#4632);
#3736=LINE('',#9514,#4633);
#3737=LINE('',#9517,#4634);
#3738=LINE('',#9519,#4635);
#3739=LINE('',#9521,#4636);
#3740=LINE('',#9523,#4637);
#3741=LINE('',#9525,#4638);
#3742=LINE('',#9527,#4639);
#3743=LINE('',#9530,#4640);
#3744=LINE('',#9532,#4641);
#3745=LINE('',#9534,#4642);
#3746=LINE('',#9536,#4643);
#3747=LINE('',#9538,#4644);
#3748=LINE('',#9539,#4645);
#3749=LINE('',#9541,#4646);
#3750=LINE('',#9543,#4647);
#3751=LINE('',#9545,#4648);
#3752=LINE('',#9547,#4649);
#3753=LINE('',#9549,#4650);
#3754=LINE('',#9550,#4651);
#3755=LINE('',#9552,#4652);
#3756=LINE('',#9554,#4653);
#3757=LINE('',#9557,#4654);
#3758=LINE('',#9558,#4655);
#3759=LINE('',#9560,#4656);
#3760=LINE('',#9562,#4657);
#3761=LINE('',#9564,#4658);
#3762=LINE('',#9566,#4659);
#3763=LINE('',#9568,#4660);
#3764=LINE('',#9570,#4661);
#3765=LINE('',#9572,#4662);
#3766=LINE('',#9574,#4663);
#3767=LINE('',#9577,#4664);
#3768=LINE('',#9579,#4665);
#3769=LINE('',#9581,#4666);
#3770=LINE('',#9583,#4667);
#3771=LINE('',#9584,#4668);
#3772=LINE('',#9586,#4669);
#3773=LINE('',#9589,#4670);
#3774=LINE('',#9591,#4671);
#3775=LINE('',#9593,#4672);
#3776=LINE('',#9595,#4673);
#3777=LINE('',#9597,#4674);
#3778=LINE('',#9599,#4675);
#3779=LINE('',#9601,#4676);
#3780=LINE('',#9603,#4677);
#3781=LINE('',#9605,#4678);
#3782=LINE('',#9607,#4679);
#3783=LINE('',#9609,#4680);
#3784=LINE('',#9611,#4681);
#3785=LINE('',#9614,#4682);
#3786=LINE('',#9616,#4683);
#3787=LINE('',#9618,#4684);
#3788=LINE('',#9620,#4685);
#3789=LINE('',#9621,#4686);
#3790=LINE('',#9623,#4687);
#3791=LINE('',#9626,#4688);
#3792=LINE('',#9628,#4689);
#3793=LINE('',#9630,#4690);
#3794=LINE('',#9632,#4691);
#3795=LINE('',#9634,#4692);
#3796=LINE('',#9636,#4693);
#3797=LINE('',#9638,#4694);
#3798=LINE('',#9640,#4695);
#3799=LINE('',#9642,#4696);
#3800=LINE('',#9644,#4697);
#3801=LINE('',#9646,#4698);
#3802=LINE('',#9648,#4699);
#3803=LINE('',#9651,#4700);
#3804=LINE('',#9653,#4701);
#3805=LINE('',#9655,#4702);
#3806=LINE('',#9657,#4703);
#3807=LINE('',#9658,#4704);
#3808=LINE('',#9660,#4705);
#3809=LINE('',#9663,#4706);
#3810=LINE('',#9665,#4707);
#3811=LINE('',#9667,#4708);
#3812=LINE('',#9669,#4709);
#3813=LINE('',#9671,#4710);
#3814=LINE('',#9673,#4711);
#3815=LINE('',#9675,#4712);
#3816=LINE('',#9678,#4713);
#3817=LINE('',#9680,#4714);
#3818=LINE('',#9682,#4715);
#3819=LINE('',#9683,#4716);
#3820=LINE('',#9685,#4717);
#3821=LINE('',#9687,#4718);
#3822=LINE('',#9689,#4719);
#3823=LINE('',#9691,#4720);
#3824=LINE('',#9693,#4721);
#3825=LINE('',#9694,#4722);
#3826=LINE('',#9696,#4723);
#3827=LINE('',#9698,#4724);
#3828=LINE('',#9700,#4725);
#3829=LINE('',#9702,#4726);
#3830=LINE('',#9704,#4727);
#3831=LINE('',#9706,#4728);
#3832=LINE('',#9708,#4729);
#3833=LINE('',#9710,#4730);
#3834=LINE('',#9712,#4731);
#3835=LINE('',#9714,#4732);
#3836=LINE('',#9716,#4733);
#3837=LINE('',#9718,#4734);
#3838=LINE('',#9720,#4735);
#3839=LINE('',#9722,#4736);
#3840=LINE('',#9724,#4737);
#3841=LINE('',#9726,#4738);
#3842=LINE('',#9728,#4739);
#3843=LINE('',#9730,#4740);
#3844=LINE('',#9732,#4741);
#3845=LINE('',#9734,#4742);
#3846=LINE('',#9736,#4743);
#3847=LINE('',#9738,#4744);
#3848=LINE('',#9740,#4745);
#3849=LINE('',#9742,#4746);
#3850=LINE('',#9744,#4747);
#3851=LINE('',#9746,#4748);
#3852=LINE('',#9748,#4749);
#3853=LINE('',#9750,#4750);
#3854=LINE('',#9752,#4751);
#3855=LINE('',#9754,#4752);
#3856=LINE('',#9756,#4753);
#3857=LINE('',#9758,#4754);
#3858=LINE('',#9760,#4755);
#3859=LINE('',#9762,#4756);
#3860=LINE('',#9764,#4757);
#3861=LINE('',#9766,#4758);
#3862=LINE('',#9768,#4759);
#3863=LINE('',#9770,#4760);
#3864=LINE('',#9772,#4761);
#3865=LINE('',#9774,#4762);
#3866=LINE('',#9776,#4763);
#3867=LINE('',#9778,#4764);
#3868=LINE('',#9780,#4765);
#3869=LINE('',#9782,#4766);
#3870=LINE('',#9784,#4767);
#3871=LINE('',#9786,#4768);
#3872=LINE('',#9787,#4769);
#3873=LINE('',#9789,#4770);
#3874=LINE('',#9791,#4771);
#3875=LINE('',#9792,#4772);
#3876=LINE('',#9794,#4773);
#3877=LINE('',#9795,#4774);
#3878=LINE('',#9797,#4775);
#3879=LINE('',#9798,#4776);
#3880=LINE('',#9800,#4777);
#3881=LINE('',#9802,#4778);
#3882=LINE('',#9804,#4779);
#3883=LINE('',#9806,#4780);
#3884=LINE('',#9809,#4781);
#3885=LINE('',#9810,#4782);
#3886=LINE('',#9811,#4783);
#3887=LINE('',#9813,#4784);
#3888=LINE('',#9815,#4785);
#3889=LINE('',#9818,#4786);
#3890=LINE('',#9820,#4787);
#3891=LINE('',#9821,#4788);
#3892=LINE('',#9823,#4789);
#3893=LINE('',#9825,#4790);
#3894=LINE('',#9827,#4791);
#3895=LINE('',#9830,#4792);
#3896=LINE('',#9832,#4793);
#3897=LINE('',#9834,#4794);
#3898=LINE('',#9836,#4795);
#3899=LINE('',#9838,#4796);
#3900=LINE('',#9841,#4797);
#3901=LINE('',#9843,#4798);
#3902=LINE('',#9844,#4799);
#3903=LINE('',#9854,#4800);
#3904=LINE('',#9857,#4801);
#3905=LINE('',#9859,#4802);
#3906=LINE('',#9861,#4803);
#3907=LINE('',#9863,#4804);
#3908=LINE('',#9865,#4805);
#3909=LINE('',#9867,#4806);
#3910=LINE('',#9868,#4807);
#3911=LINE('',#9870,#4808);
#3912=LINE('',#9872,#4809);
#3913=LINE('',#9874,#4810);
#3914=LINE('',#9876,#4811);
#3915=LINE('',#9877,#4812);
#3916=LINE('',#9879,#4813);
#3917=LINE('',#9881,#4814);
#3918=LINE('',#9883,#4815);
#3919=LINE('',#9885,#4816);
#3920=LINE('',#9887,#4817);
#3921=LINE('',#9889,#4818);
#3922=LINE('',#9891,#4819);
#3923=LINE('',#9893,#4820);
#3924=LINE('',#9895,#4821);
#3925=LINE('',#9897,#4822);
#3926=LINE('',#9899,#4823);
#3927=LINE('',#9900,#4824);
#3928=LINE('',#9902,#4825);
#3929=LINE('',#9903,#4826);
#3930=LINE('',#9904,#4827);
#3931=LINE('',#9906,#4828);
#3932=LINE('',#9908,#4829);
#3933=LINE('',#9910,#4830);
#3934=LINE('',#9912,#4831);
#3935=LINE('',#9914,#4832);
#3936=LINE('',#9916,#4833);
#3937=LINE('',#9918,#4834);
#3938=LINE('',#9920,#4835);
#3939=LINE('',#9922,#4836);
#3940=LINE('',#9924,#4837);
#3941=LINE('',#9928,#4838);
#3942=LINE('',#9930,#4839);
#3943=LINE('',#9932,#4840);
#3944=LINE('',#9936,#4841);
#3945=LINE('',#9938,#4842);
#3946=LINE('',#9940,#4843);
#3947=LINE('',#9942,#4844);
#3948=LINE('',#9944,#4845);
#3949=LINE('',#9946,#4846);
#3950=LINE('',#9948,#4847);
#3951=LINE('',#9950,#4848);
#3952=LINE('',#9952,#4849);
#3953=LINE('',#9954,#4850);
#3954=LINE('',#9956,#4851);
#3955=LINE('',#9960,#4852);
#3956=LINE('',#9962,#4853);
#3957=LINE('',#9964,#4854);
#3958=LINE('',#9968,#4855);
#3959=LINE('',#9970,#4856);
#3960=LINE('',#9972,#4857);
#3961=LINE('',#9974,#4858);
#3962=LINE('',#9976,#4859);
#3963=LINE('',#9977,#4860);
#3964=LINE('',#9980,#4861);
#3965=LINE('',#9982,#4862);
#3966=LINE('',#9984,#4863);
#3967=LINE('',#9985,#4864);
#3968=LINE('',#9987,#4865);
#3969=LINE('',#9988,#4866);
#3970=LINE('',#9989,#4867);
#3971=LINE('',#9990,#4868);
#3972=LINE('',#9993,#4869);
#3973=LINE('',#9995,#4870);
#3974=LINE('',#9997,#4871);
#3975=LINE('',#9998,#4872);
#3976=LINE('',#10001,#4873);
#3977=LINE('',#10003,#4874);
#3978=LINE('',#10005,#4875);
#3979=LINE('',#10006,#4876);
#3980=LINE('',#10009,#4877);
#3981=LINE('',#10011,#4878);
#3982=LINE('',#10013,#4879);
#3983=LINE('',#10014,#4880);
#3984=LINE('',#10017,#4881);
#3985=LINE('',#10019,#4882);
#3986=LINE('',#10021,#4883);
#3987=LINE('',#10022,#4884);
#3988=LINE('',#10024,#4885);
#3989=LINE('',#10026,#4886);
#3990=LINE('',#10029,#4887);
#3991=LINE('',#10031,#4888);
#3992=LINE('',#10032,#4889);
#3993=LINE('',#10034,#4890);
#3994=LINE('',#10036,#4891);
#3995=LINE('',#10038,#4892);
#3996=LINE('',#10040,#4893);
#3997=LINE('',#10042,#4894);
#3998=LINE('',#10044,#4895);
#3999=LINE('',#10046,#4896);
#4000=LINE('',#10048,#4897);
#4001=LINE('',#10050,#4898);
#4002=LINE('',#10051,#4899);
#4003=LINE('',#10053,#4900);
#4004=LINE('',#10056,#4901);
#4005=LINE('',#10057,#4902);
#4006=LINE('',#10058,#4903);
#4007=LINE('',#10060,#4904);
#4008=LINE('',#10062,#4905);
#4009=LINE('',#10065,#4906);
#4010=LINE('',#10066,#4907);
#4011=LINE('',#10067,#4908);
#4012=LINE('',#10069,#4909);
#4013=LINE('',#10071,#4910);
#4014=LINE('',#10072,#4911);
#4015=LINE('',#10074,#4912);
#4016=LINE('',#10075,#4913);
#4017=LINE('',#10077,#4914);
#4018=LINE('',#10079,#4915);
#4019=LINE('',#10081,#4916);
#4020=LINE('',#10082,#4917);
#4021=LINE('',#10084,#4918);
#4022=LINE('',#10087,#4919);
#4023=LINE('',#10089,#4920);
#4024=LINE('',#10091,#4921);
#4025=LINE('',#10093,#4922);
#4026=LINE('',#10094,#4923);
#4027=LINE('',#10096,#4924);
#4028=LINE('',#10099,#4925);
#4029=LINE('',#10100,#4926);
#4030=LINE('',#10102,#4927);
#4031=LINE('',#10105,#4928);
#4032=LINE('',#10107,#4929);
#4033=LINE('',#10109,#4930);
#4034=LINE('',#10111,#4931);
#4035=LINE('',#10114,#4932);
#4036=LINE('',#10116,#4933);
#4037=LINE('',#10118,#4934);
#4038=LINE('',#10120,#4935);
#4039=LINE('',#10123,#4936);
#4040=LINE('',#10125,#4937);
#4041=LINE('',#10127,#4938);
#4042=LINE('',#10129,#4939);
#4043=LINE('',#10131,#4940);
#4044=LINE('',#10133,#4941);
#4045=LINE('',#10135,#4942);
#4046=LINE('',#10137,#4943);
#4047=LINE('',#10139,#4944);
#4048=LINE('',#10141,#4945);
#4049=LINE('',#10143,#4946);
#4050=LINE('',#10145,#4947);
#4051=LINE('',#10147,#4948);
#4052=LINE('',#10153,#4949);
#4053=LINE('',#10156,#4950);
#4054=LINE('',#10158,#4951);
#4055=LINE('',#10160,#4952);
#4056=LINE('',#10162,#4953);
#4057=LINE('',#10164,#4954);
#4058=LINE('',#10166,#4955);
#4059=LINE('',#10168,#4956);
#4060=LINE('',#10172,#4957);
#4061=LINE('',#10174,#4958);
#4062=LINE('',#10176,#4959);
#4063=LINE('',#10180,#4960);
#4064=LINE('',#10182,#4961);
#4065=LINE('',#10184,#4962);
#4066=LINE('',#10186,#4963);
#4067=LINE('',#10188,#4964);
#4068=LINE('',#10190,#4965);
#4069=LINE('',#10192,#4966);
#4070=LINE('',#10194,#4967);
#4071=LINE('',#10197,#4968);
#4072=LINE('',#10199,#4969);
#4073=LINE('',#10201,#4970);
#4074=LINE('',#10203,#4971);
#4075=LINE('',#10206,#4972);
#4076=LINE('',#10208,#4973);
#4077=LINE('',#10210,#4974);
#4078=LINE('',#10228,#4975);
#4079=LINE('',#10230,#4976);
#4080=LINE('',#10232,#4977);
#4081=LINE('',#10234,#4978);
#4082=LINE('',#10235,#4979);
#4083=LINE('',#10237,#4980);
#4084=LINE('',#10239,#4981);
#4085=LINE('',#10240,#4982);
#4086=LINE('',#10243,#4983);
#4087=LINE('',#10245,#4984);
#4088=LINE('',#10247,#4985);
#4089=LINE('',#10248,#4986);
#4090=LINE('',#10251,#4987);
#4091=LINE('',#10252,#4988);
#4092=LINE('',#10253,#4989);
#4093=LINE('',#10255,#4990);
#4094=LINE('',#10257,#4991);
#4095=LINE('',#10258,#4992);
#4096=LINE('',#10260,#4993);
#4097=LINE('',#10262,#4994);
#4098=LINE('',#10263,#4995);
#4099=LINE('',#10265,#4996);
#4100=LINE('',#10267,#4997);
#4101=LINE('',#10268,#4998);
#4102=LINE('',#10270,#4999);
#4103=LINE('',#10272,#5000);
#4104=LINE('',#10273,#5001);
#4105=LINE('',#10276,#5002);
#4106=LINE('',#10278,#5003);
#4107=LINE('',#10280,#5004);
#4108=LINE('',#10281,#5005);
#4109=LINE('',#10284,#5006);
#4110=LINE('',#10286,#5007);
#4111=LINE('',#10288,#5008);
#4112=LINE('',#10289,#5009);
#4113=LINE('',#10292,#5010);
#4114=LINE('',#10294,#5011);
#4115=LINE('',#10296,#5012);
#4116=LINE('',#10297,#5013);
#4117=LINE('',#10300,#5014);
#4118=LINE('',#10302,#5015);
#4119=LINE('',#10304,#5016);
#4120=LINE('',#10305,#5017);
#4121=LINE('',#10307,#5018);
#4122=LINE('',#10309,#5019);
#4123=LINE('',#10310,#5020);
#4124=LINE('',#10313,#5021);
#4125=LINE('',#10315,#5022);
#4126=LINE('',#10317,#5023);
#4127=LINE('',#10339,#5024);
#4128=LINE('',#10342,#5025);
#4129=LINE('',#10344,#5026);
#4130=LINE('',#10346,#5027);
#4131=LINE('',#10348,#5028);
#4132=LINE('',#10351,#5029);
#4133=LINE('',#10353,#5030);
#4134=LINE('',#10355,#5031);
#4135=LINE('',#10357,#5032);
#4136=LINE('',#10360,#5033);
#4137=LINE('',#10362,#5034);
#4138=LINE('',#10364,#5035);
#4139=LINE('',#10366,#5036);
#4140=LINE('',#10369,#5037);
#4141=LINE('',#10371,#5038);
#4142=LINE('',#10373,#5039);
#4143=LINE('',#10379,#5040);
#4144=LINE('',#10382,#5041);
#4145=LINE('',#10384,#5042);
#4146=LINE('',#10386,#5043);
#4147=LINE('',#10388,#5044);
#4148=LINE('',#10390,#5045);
#4149=LINE('',#10392,#5046);
#4150=LINE('',#10394,#5047);
#4151=LINE('',#10396,#5048);
#4152=LINE('',#10398,#5049);
#4153=LINE('',#10402,#5050);
#4154=LINE('',#10404,#5051);
#4155=LINE('',#10406,#5052);
#4156=LINE('',#10410,#5053);
#4157=LINE('',#10412,#5054);
#4158=LINE('',#10414,#5055);
#4159=LINE('',#10416,#5056);
#4160=LINE('',#10418,#5057);
#4161=LINE('',#10420,#5058);
#4162=LINE('',#10423,#5059);
#4163=LINE('',#10425,#5060);
#4164=LINE('',#10427,#5061);
#4165=LINE('',#10429,#5062);
#4166=LINE('',#10432,#5063);
#4167=LINE('',#10434,#5064);
#4168=LINE('',#10436,#5065);
#4169=LINE('',#10438,#5066);
#4170=LINE('',#10440,#5067);
#4171=LINE('',#10442,#5068);
#4172=LINE('',#10444,#5069);
#4173=LINE('',#10446,#5070);
#4174=LINE('',#10448,#5071);
#4175=LINE('',#10450,#5072);
#4176=LINE('',#10453,#5073);
#4177=LINE('',#10455,#5074);
#4178=LINE('',#10457,#5075);
#4179=LINE('',#10459,#5076);
#4180=LINE('',#10461,#5077);
#4181=LINE('',#10463,#5078);
#4182=LINE('',#10465,#5079);
#4183=LINE('',#10467,#5080);
#4184=LINE('',#10469,#5081);
#4185=LINE('',#10471,#5082);
#4186=LINE('',#10473,#5083);
#4187=LINE('',#10475,#5084);
#4188=LINE('',#10477,#5085);
#4189=LINE('',#10479,#5086);
#4190=LINE('',#10481,#5087);
#4191=LINE('',#10483,#5088);
#4192=LINE('',#10486,#5089);
#4193=LINE('',#10487,#5090);
#4194=LINE('',#10489,#5091);
#4195=LINE('',#10495,#5092);
#4196=LINE('',#10496,#5093);
#4197=LINE('',#10498,#5094);
#4198=LINE('',#10501,#5095);
#4199=LINE('',#10502,#5096);
#4200=LINE('',#10504,#5097);
#4201=LINE('',#10506,#5098);
#4202=LINE('',#10508,#5099);
#4203=LINE('',#10513,#5100);
#4204=LINE('',#10516,#5101);
#4205=LINE('',#10517,#5102);
#4206=LINE('',#10519,#5103);
#4207=LINE('',#10521,#5104);
#4208=LINE('',#10523,#5105);
#4209=LINE('',#10528,#5106);
#4210=LINE('',#10531,#5107);
#4211=LINE('',#10532,#5108);
#4212=LINE('',#10534,#5109);
#4213=LINE('',#10536,#5110);
#4214=LINE('',#10538,#5111);
#4215=LINE('',#10579,#5112);
#4216=LINE('',#10582,#5113);
#4217=LINE('',#10584,#5114);
#4218=LINE('',#10586,#5115);
#4219=LINE('',#10588,#5116);
#4220=LINE('',#10591,#5117);
#4221=LINE('',#10593,#5118);
#4222=LINE('',#10595,#5119);
#4223=LINE('',#10597,#5120);
#4224=LINE('',#10600,#5121);
#4225=LINE('',#10602,#5122);
#4226=LINE('',#10604,#5123);
#4227=LINE('',#10606,#5124);
#4228=LINE('',#10608,#5125);
#4229=LINE('',#10610,#5126);
#4230=LINE('',#10612,#5127);
#4231=LINE('',#10615,#5128);
#4232=LINE('',#10617,#5129);
#4233=LINE('',#10619,#5130);
#4234=LINE('',#10621,#5131);
#4235=LINE('',#10623,#5132);
#4236=LINE('',#10625,#5133);
#4237=LINE('',#10627,#5134);
#4238=LINE('',#10630,#5135);
#4239=LINE('',#10631,#5136);
#4240=LINE('',#10633,#5137);
#4241=LINE('',#10635,#5138);
#4242=LINE('',#10637,#5139);
#4243=LINE('',#10639,#5140);
#4244=LINE('',#10641,#5141);
#4245=LINE('',#10643,#5142);
#4246=LINE('',#10645,#5143);
#4247=LINE('',#10647,#5144);
#4248=LINE('',#10649,#5145);
#4249=LINE('',#10651,#5146);
#4250=LINE('',#10653,#5147);
#4251=LINE('',#10655,#5148);
#4252=LINE('',#10657,#5149);
#4253=LINE('',#10659,#5150);
#4254=LINE('',#10661,#5151);
#4255=LINE('',#10663,#5152);
#4256=LINE('',#10665,#5153);
#4257=LINE('',#10667,#5154);
#4258=LINE('',#10668,#5155);
#4259=LINE('',#10670,#5156);
#4260=LINE('',#10671,#5157);
#4261=LINE('',#10673,#5158);
#4262=LINE('',#10674,#5159);
#4263=LINE('',#10675,#5160);
#4264=LINE('',#10676,#5161);
#4265=LINE('',#10678,#5162);
#4266=LINE('',#10679,#5163);
#4267=LINE('',#10680,#5164);
#4268=LINE('',#10682,#5165);
#4269=LINE('',#10685,#5166);
#4270=LINE('',#10687,#5167);
#4271=LINE('',#10689,#5168);
#4272=LINE('',#10691,#5169);
#4273=LINE('',#10694,#5170);
#4274=LINE('',#10696,#5171);
#4275=LINE('',#10698,#5172);
#4276=LINE('',#10700,#5173);
#4277=LINE('',#10702,#5174);
#4278=LINE('',#10704,#5175);
#4279=LINE('',#10707,#5176);
#4280=LINE('',#10709,#5177);
#4281=LINE('',#10711,#5178);
#4282=LINE('',#10713,#5179);
#4283=LINE('',#10714,#5180);
#4284=LINE('',#10716,#5181);
#4285=LINE('',#10718,#5182);
#4286=LINE('',#10720,#5183);
#4287=LINE('',#10722,#5184);
#4288=LINE('',#10724,#5185);
#4289=LINE('',#10726,#5186);
#4290=LINE('',#10727,#5187);
#4291=LINE('',#10728,#5188);
#4292=LINE('',#10730,#5189);
#4293=LINE('',#10733,#5190);
#4294=LINE('',#10735,#5191);
#4295=LINE('',#10737,#5192);
#4296=LINE('',#10739,#5193);
#4297=LINE('',#10740,#5194);
#4298=LINE('',#10742,#5195);
#4299=LINE('',#10744,#5196);
#4300=LINE('',#10746,#5197);
#4301=LINE('',#10748,#5198);
#4302=LINE('',#10750,#5199);
#4303=LINE('',#10752,#5200);
#4304=LINE('',#10753,#5201);
#4305=LINE('',#10754,#5202);
#4306=LINE('',#10756,#5203);
#4307=LINE('',#10759,#5204);
#4308=LINE('',#10761,#5205);
#4309=LINE('',#10763,#5206);
#4310=LINE('',#10765,#5207);
#4311=LINE('',#10766,#5208);
#4312=LINE('',#10768,#5209);
#4313=LINE('',#10770,#5210);
#4314=LINE('',#10772,#5211);
#4315=LINE('',#10774,#5212);
#4316=LINE('',#10776,#5213);
#4317=LINE('',#10778,#5214);
#4318=LINE('',#10779,#5215);
#4319=LINE('',#10780,#5216);
#4320=LINE('',#10782,#5217);
#4321=LINE('',#10785,#5218);
#4322=LINE('',#10787,#5219);
#4323=LINE('',#10789,#5220);
#4324=LINE('',#10791,#5221);
#4325=LINE('',#10792,#5222);
#4326=LINE('',#10794,#5223);
#4327=LINE('',#10796,#5224);
#4328=LINE('',#10798,#5225);
#4329=LINE('',#10800,#5226);
#4330=LINE('',#10802,#5227);
#4331=LINE('',#10804,#5228);
#4332=LINE('',#10805,#5229);
#4333=LINE('',#10806,#5230);
#4334=LINE('',#10808,#5231);
#4335=LINE('',#10809,#5232);
#4336=LINE('',#10811,#5233);
#4337=LINE('',#10812,#5234);
#4338=LINE('',#10814,#5235);
#4339=LINE('',#10815,#5236);
#4340=LINE('',#10817,#5237);
#4341=LINE('',#10819,#5238);
#4342=LINE('',#10820,#5239);
#4343=LINE('',#10822,#5240);
#4344=LINE('',#10823,#5241);
#4345=LINE('',#10825,#5242);
#4346=LINE('',#10827,#5243);
#4347=LINE('',#10829,#5244);
#4348=LINE('',#10831,#5245);
#4349=LINE('',#10833,#5246);
#4350=LINE('',#10834,#5247);
#4351=LINE('',#10836,#5248);
#4352=LINE('',#10839,#5249);
#4353=LINE('',#10841,#5250);
#4354=LINE('',#10843,#5251);
#4355=LINE('',#10845,#5252);
#4356=LINE('',#10846,#5253);
#4357=LINE('',#10848,#5254);
#4358=LINE('',#10850,#5255);
#4359=LINE('',#10852,#5256);
#4360=LINE('',#10854,#5257);
#4361=LINE('',#10856,#5258);
#4362=LINE('',#10858,#5259);
#4363=LINE('',#10859,#5260);
#4364=LINE('',#10860,#5261);
#4365=LINE('',#10862,#5262);
#4366=LINE('',#10863,#5263);
#4367=LINE('',#10865,#5264);
#4368=LINE('',#10867,#5265);
#4369=LINE('',#10869,#5266);
#4370=LINE('',#10871,#5267);
#4371=LINE('',#10873,#5268);
#4372=LINE('',#10875,#5269);
#4373=LINE('',#10876,#5270);
#4374=LINE('',#10878,#5271);
#4375=LINE('',#10879,#5272);
#4376=LINE('',#10880,#5273);
#4377=LINE('',#10888,#5274);
#4378=LINE('',#10889,#5275);
#4379=LINE('',#10891,#5276);
#4380=LINE('',#10893,#5277);
#4381=LINE('',#10895,#5278);
#4382=LINE('',#10897,#5279);
#4383=LINE('',#10900,#5280);
#4384=LINE('',#10902,#5281);
#4385=LINE('',#10905,#5282);
#4386=LINE('',#10907,#5283);
#4387=LINE('',#10910,#5284);
#4388=LINE('',#10912,#5285);
#4389=LINE('',#10917,#5286);
#4390=LINE('',#10919,#5287);
#4391=LINE('',#10922,#5288);
#4392=LINE('',#10923,#5289);
#4393=LINE('',#10924,#5290);
#4394=LINE('',#10931,#5291);
#4395=LINE('',#10932,#5292);
#4396=LINE('',#10933,#5293);
#4397=LINE('',#10935,#5294);
#4398=LINE('',#10937,#5295);
#4399=LINE('',#10939,#5296);
#4400=LINE('',#10940,#5297);
#4401=LINE('',#10942,#5298);
#4402=LINE('',#10943,#5299);
#4403=LINE('',#10944,#5300);
#4404=LINE('',#10947,#5301);
#4405=LINE('',#10949,#5302);
#4406=LINE('',#10951,#5303);
#4407=LINE('',#10952,#5304);
#4408=LINE('',#10954,#5305);
#4409=LINE('',#10956,#5306);
#4410=LINE('',#10957,#5307);
#4411=LINE('',#10959,#5308);
#4412=LINE('',#10961,#5309);
#4413=LINE('',#10963,#5310);
#4414=LINE('',#10965,#5311);
#4415=LINE('',#10967,#5312);
#4416=LINE('',#10969,#5313);
#4417=LINE('',#10971,#5314);
#4418=LINE('',#10972,#5315);
#4419=LINE('',#10974,#5316);
#4420=LINE('',#10976,#5317);
#4421=LINE('',#10978,#5318);
#4422=LINE('',#10980,#5319);
#4423=LINE('',#10981,#5320);
#4424=LINE('',#10983,#5321);
#4425=LINE('',#10985,#5322);
#4426=LINE('',#10987,#5323);
#4427=LINE('',#10989,#5324);
#4428=LINE('',#10991,#5325);
#4429=LINE('',#10992,#5326);
#4430=LINE('',#10994,#5327);
#4431=LINE('',#10996,#5328);
#4432=LINE('',#11003,#5329);
#4433=LINE('',#11010,#5330);
#4434=LINE('',#11012,#5331);
#4435=LINE('',#11019,#5332);
#4436=LINE('',#11031,#5333);
#4437=LINE('',#11032,#5334);
#4438=LINE('',#11034,#5335);
#4439=LINE('',#11041,#5336);
#4440=LINE('',#11042,#5337);
#4441=LINE('',#11044,#5338);
#4442=LINE('',#11046,#5339);
#4443=LINE('',#11048,#5340);
#4444=LINE('',#11049,#5341);
#4445=LINE('',#11051,#5342);
#4446=LINE('',#11053,#5343);
#4447=LINE('',#11055,#5344);
#4448=LINE('',#11056,#5345);
#4449=LINE('',#11063,#5346);
#4450=LINE('',#11065,#5347);
#4451=LINE('',#11067,#5348);
#4452=LINE('',#11074,#5349);
#4453=LINE('',#11075,#5350);
#4454=LINE('',#11077,#5351);
#4455=LINE('',#11079,#5352);
#4456=LINE('',#11081,#5353);
#4457=LINE('',#11082,#5354);
#4458=LINE('',#11084,#5355);
#4459=LINE('',#11086,#5356);
#4460=LINE('',#11088,#5357);
#4461=LINE('',#11089,#5358);
#4462=LINE('',#11091,#5359);
#4463=LINE('',#11093,#5360);
#4464=LINE('',#11095,#5361);
#4465=LINE('',#11097,#5362);
#4466=LINE('',#11099,#5363);
#4467=LINE('',#11101,#5364);
#4468=LINE('',#11103,#5365);
#4469=LINE('',#11105,#5366);
#4470=LINE('',#11107,#5367);
#4471=LINE('',#11109,#5368);
#4472=LINE('',#11110,#5369);
#4473=LINE('',#11112,#5370);
#4474=LINE('',#11114,#5371);
#4475=LINE('',#11115,#5372);
#4476=LINE('',#11117,#5373);
#4477=LINE('',#11119,#5374);
#4478=LINE('',#11121,#5375);
#4479=LINE('',#11123,#5376);
#4480=LINE('',#11125,#5377);
#4481=LINE('',#11127,#5378);
#4482=LINE('',#11129,#5379);
#4483=LINE('',#11131,#5380);
#4484=LINE('',#11136,#5381);
#4485=LINE('',#11138,#5382);
#4486=LINE('',#11140,#5383);
#4487=LINE('',#11142,#5384);
#4488=LINE('',#11143,#5385);
#4489=LINE('',#11145,#5386);
#4490=LINE('',#11146,#5387);
#4491=LINE('',#11148,#5388);
#4492=LINE('',#11150,#5389);
#4493=LINE('',#11152,#5390);
#4494=LINE('',#11153,#5391);
#4495=LINE('',#11155,#5392);
#4496=LINE('',#11160,#5393);
#4497=LINE('',#11171,#5394);
#4498=LINE('',#11172,#5395);
#4499=LINE('',#11174,#5396);
#4500=LINE('',#11176,#5397);
#4501=LINE('',#11178,#5398);
#4502=LINE('',#11180,#5399);
#4503=LINE('',#11182,#5400);
#4504=LINE('',#11184,#5401);
#4505=LINE('',#11186,#5402);
#4506=LINE('',#11188,#5403);
#4507=LINE('',#11190,#5404);
#4508=LINE('',#11191,#5405);
#4509=LINE('',#11193,#5406);
#4510=LINE('',#11195,#5407);
#4511=LINE('',#11199,#5408);
#4512=LINE('',#11201,#5409);
#4513=LINE('',#11203,#5410);
#4514=LINE('',#11205,#5411);
#4515=LINE('',#11217,#5412);
#4516=LINE('',#11219,#5413);
#4517=LINE('',#11231,#5414);
#4518=LINE('',#11233,#5415);
#4519=LINE('',#11236,#5416);
#4520=LINE('',#11238,#5417);
#4521=LINE('',#11240,#5418);
#4522=LINE('',#11242,#5419);
#4523=LINE('',#11254,#5420);
#4524=LINE('',#11256,#5421);
#4525=LINE('',#11268,#5422);
#4526=LINE('',#11270,#5423);
#4527=LINE('',#11272,#5424);
#4528=LINE('',#11274,#5425);
#4529=LINE('',#11276,#5426);
#4530=LINE('',#11278,#5427);
#4531=LINE('',#11280,#5428);
#4532=LINE('',#11282,#5429);
#4533=LINE('',#11285,#5430);
#4534=LINE('',#11288,#5431);
#4535=LINE('',#11291,#5432);
#4536=LINE('',#11294,#5433);
#4537=LINE('',#11297,#5434);
#4538=LINE('',#11300,#5435);
#4539=LINE('',#11303,#5436);
#4540=LINE('',#11305,#5437);
#4541=LINE('',#11307,#5438);
#4542=LINE('',#11310,#5439);
#4543=LINE('',#11312,#5440);
#4544=LINE('',#11315,#5441);
#4545=LINE('',#11317,#5442);
#4546=LINE('',#11320,#5443);
#4547=LINE('',#11322,#5444);
#4548=LINE('',#11325,#5445);
#4549=LINE('',#11327,#5446);
#4550=LINE('',#11330,#5447);
#4551=LINE('',#11332,#5448);
#4552=LINE('',#11335,#5449);
#4553=LINE('',#11337,#5450);
#4554=LINE('',#11370,#5451);
#4555=LINE('',#11373,#5452);
#4556=LINE('',#11376,#5453);
#4557=LINE('',#11379,#5454);
#4558=LINE('',#11382,#5455);
#4559=LINE('',#11384,#5456);
#4560=LINE('',#11387,#5457);
#4561=LINE('',#11389,#5458);
#4562=LINE('',#11392,#5459);
#4563=LINE('',#11394,#5460);
#4564=LINE('',#11397,#5461);
#4565=LINE('',#11399,#5462);
#4566=VECTOR('',#7582,1.);
#4567=VECTOR('',#7583,1.);
#4568=VECTOR('',#7584,1.);
#4569=VECTOR('',#7585,1.);
#4570=VECTOR('',#7586,1.);
#4571=VECTOR('',#7589,1.);
#4572=VECTOR('',#7590,1.);
#4573=VECTOR('',#7591,1.);
#4574=VECTOR('',#7592,1.);
#4575=VECTOR('',#7593,1.);
#4576=VECTOR('',#7594,1.);
#4577=VECTOR('',#7595,1.);
#4578=VECTOR('',#7596,1.);
#4579=VECTOR('',#7597,1.);
#4580=VECTOR('',#7598,1.);
#4581=VECTOR('',#7601,1.);
#4582=VECTOR('',#7602,1.);
#4583=VECTOR('',#7603,1.);
#4584=VECTOR('',#7604,1.);
#4585=VECTOR('',#7607,1.);
#4586=VECTOR('',#7608,1.);
#4587=VECTOR('',#7609,1.);
#4588=VECTOR('',#7610,1.);
#4589=VECTOR('',#7611,1.);
#4590=VECTOR('',#7612,1.);
#4591=VECTOR('',#7613,1.);
#4592=VECTOR('',#7614,1.);
#4593=VECTOR('',#7617,1.);
#4594=VECTOR('',#7618,1.);
#4595=VECTOR('',#7619,1.);
#4596=VECTOR('',#7620,1.);
#4597=VECTOR('',#7621,1.);
#4598=VECTOR('',#7622,1.);
#4599=VECTOR('',#7623,1.);
#4600=VECTOR('',#7624,1.);
#4601=VECTOR('',#7625,1.);
#4602=VECTOR('',#7626,1.);
#4603=VECTOR('',#7629,1.);
#4604=VECTOR('',#7630,1.);
#4605=VECTOR('',#7631,1.);
#4606=VECTOR('',#7632,1.);
#4607=VECTOR('',#7635,1.);
#4608=VECTOR('',#7636,1.);
#4609=VECTOR('',#7637,1.);
#4610=VECTOR('',#7638,1.);
#4611=VECTOR('',#7639,1.);
#4612=VECTOR('',#7640,1.);
#4613=VECTOR('',#7641,1.);
#4614=VECTOR('',#7642,1.);
#4615=VECTOR('',#7645,1.);
#4616=VECTOR('',#7646,1.);
#4617=VECTOR('',#7647,1.);
#4618=VECTOR('',#7648,1.);
#4619=VECTOR('',#7649,1.);
#4620=VECTOR('',#7650,1.);
#4621=VECTOR('',#7651,1.);
#4622=VECTOR('',#7652,1.);
#4623=VECTOR('',#7653,1.);
#4624=VECTOR('',#7656,1.);
#4625=VECTOR('',#7657,1.);
#4626=VECTOR('',#7658,1.);
#4627=VECTOR('',#7659,1.);
#4628=VECTOR('',#7660,1.);
#4629=VECTOR('',#7661,1.);
#4630=VECTOR('',#7662,1.);
#4631=VECTOR('',#7663,1.);
#4632=VECTOR('',#7664,1.);
#4633=VECTOR('',#7667,1.);
#4634=VECTOR('',#7668,1.);
#4635=VECTOR('',#7669,1.);
#4636=VECTOR('',#7670,1.);
#4637=VECTOR('',#7671,1.);
#4638=VECTOR('',#7672,1.);
#4639=VECTOR('',#7675,1.);
#4640=VECTOR('',#7676,1.);
#4641=VECTOR('',#7677,1.);
#4642=VECTOR('',#7678,1.);
#4643=VECTOR('',#7679,1.);
#4644=VECTOR('',#7680,1.);
#4645=VECTOR('',#7681,1.);
#4646=VECTOR('',#7684,1.);
#4647=VECTOR('',#7685,1.);
#4648=VECTOR('',#7686,1.);
#4649=VECTOR('',#7687,1.);
#4650=VECTOR('',#7690,1.);
#4651=VECTOR('',#7691,1.);
#4652=VECTOR('',#7692,1.);
#4653=VECTOR('',#7695,1.);
#4654=VECTOR('',#7696,1.);
#4655=VECTOR('',#7697,1.);
#4656=VECTOR('',#7698,1.);
#4657=VECTOR('',#7699,1.);
#4658=VECTOR('',#7700,1.);
#4659=VECTOR('',#7701,1.);
#4660=VECTOR('',#7702,1.);
#4661=VECTOR('',#7703,1.);
#4662=VECTOR('',#7704,1.);
#4663=VECTOR('',#7707,1.);
#4664=VECTOR('',#7708,1.);
#4665=VECTOR('',#7709,1.);
#4666=VECTOR('',#7710,1.);
#4667=VECTOR('',#7711,1.);
#4668=VECTOR('',#7712,1.);
#4669=VECTOR('',#7715,1.);
#4670=VECTOR('',#7716,1.);
#4671=VECTOR('',#7717,1.);
#4672=VECTOR('',#7718,1.);
#4673=VECTOR('',#7719,1.);
#4674=VECTOR('',#7720,1.);
#4675=VECTOR('',#7721,1.);
#4676=VECTOR('',#7722,1.);
#4677=VECTOR('',#7725,1.);
#4678=VECTOR('',#7726,1.);
#4679=VECTOR('',#7727,1.);
#4680=VECTOR('',#7728,1.);
#4681=VECTOR('',#7731,1.);
#4682=VECTOR('',#7732,1.);
#4683=VECTOR('',#7733,1.);
#4684=VECTOR('',#7734,1.);
#4685=VECTOR('',#7735,1.);
#4686=VECTOR('',#7736,1.);
#4687=VECTOR('',#7739,1.);
#4688=VECTOR('',#7740,1.);
#4689=VECTOR('',#7741,1.);
#4690=VECTOR('',#7742,1.);
#4691=VECTOR('',#7743,1.);
#4692=VECTOR('',#7744,1.);
#4693=VECTOR('',#7745,1.);
#4694=VECTOR('',#7746,1.);
#4695=VECTOR('',#7749,1.);
#4696=VECTOR('',#7750,1.);
#4697=VECTOR('',#7751,1.);
#4698=VECTOR('',#7752,1.);
#4699=VECTOR('',#7755,1.);
#4700=VECTOR('',#7756,1.);
#4701=VECTOR('',#7757,1.);
#4702=VECTOR('',#7758,1.);
#4703=VECTOR('',#7759,1.);
#4704=VECTOR('',#7760,1.);
#4705=VECTOR('',#7763,1.);
#4706=VECTOR('',#7764,1.);
#4707=VECTOR('',#7765,1.);
#4708=VECTOR('',#7766,1.);
#4709=VECTOR('',#7767,1.);
#4710=VECTOR('',#7768,1.);
#4711=VECTOR('',#7769,1.);
#4712=VECTOR('',#7772,1.);
#4713=VECTOR('',#7773,1.);
#4714=VECTOR('',#7774,1.);
#4715=VECTOR('',#7775,1.);
#4716=VECTOR('',#7776,1.);
#4717=VECTOR('',#7779,1.);
#4718=VECTOR('',#7780,1.);
#4719=VECTOR('',#7781,1.);
#4720=VECTOR('',#7782,1.);
#4721=VECTOR('',#7785,1.);
#4722=VECTOR('',#7786,1.);
#4723=VECTOR('',#7787,1.);
#4724=VECTOR('',#7790,1.);
#4725=VECTOR('',#7791,1.);
#4726=VECTOR('',#7792,1.);
#4727=VECTOR('',#7793,1.);
#4728=VECTOR('',#7794,1.);
#4729=VECTOR('',#7795,1.);
#4730=VECTOR('',#7796,1.);
#4731=VECTOR('',#7799,1.);
#4732=VECTOR('',#7800,1.);
#4733=VECTOR('',#7801,1.);
#4734=VECTOR('',#7802,1.);
#4735=VECTOR('',#7803,1.);
#4736=VECTOR('',#7804,1.);
#4737=VECTOR('',#7805,1.);
#4738=VECTOR('',#7808,1.);
#4739=VECTOR('',#7809,1.);
#4740=VECTOR('',#7810,1.);
#4741=VECTOR('',#7811,1.);
#4742=VECTOR('',#7812,1.);
#4743=VECTOR('',#7815,1.);
#4744=VECTOR('',#7816,1.);
#4745=VECTOR('',#7817,1.);
#4746=VECTOR('',#7818,1.);
#4747=VECTOR('',#7819,1.);
#4748=VECTOR('',#7822,1.);
#4749=VECTOR('',#7823,1.);
#4750=VECTOR('',#7824,1.);
#4751=VECTOR('',#7825,1.);
#4752=VECTOR('',#7828,1.);
#4753=VECTOR('',#7829,1.);
#4754=VECTOR('',#7830,1.);
#4755=VECTOR('',#7831,1.);
#4756=VECTOR('',#7832,1.);
#4757=VECTOR('',#7835,1.);
#4758=VECTOR('',#7836,1.);
#4759=VECTOR('',#7837,1.);
#4760=VECTOR('',#7838,1.);
#4761=VECTOR('',#7839,1.);
#4762=VECTOR('',#7842,1.);
#4763=VECTOR('',#7843,1.);
#4764=VECTOR('',#7844,1.);
#4765=VECTOR('',#7845,1.);
#4766=VECTOR('',#7846,1.);
#4767=VECTOR('',#7849,1.);
#4768=VECTOR('',#7850,1.);
#4769=VECTOR('',#7851,1.);
#4770=VECTOR('',#7852,1.);
#4771=VECTOR('',#7855,1.);
#4772=VECTOR('',#7856,1.);
#4773=VECTOR('',#7859,1.);
#4774=VECTOR('',#7860,1.);
#4775=VECTOR('',#7863,1.);
#4776=VECTOR('',#7864,1.);
#4777=VECTOR('',#7867,1.);
#4778=VECTOR('',#7868,1.);
#4779=VECTOR('',#7869,1.);
#4780=VECTOR('',#7872,1.);
#4781=VECTOR('',#7873,1.);
#4782=VECTOR('',#7874,1.);
#4783=VECTOR('',#7875,1.);
#4784=VECTOR('',#7876,1.);
#4785=VECTOR('',#7879,1.);
#4786=VECTOR('',#7880,1.);
#4787=VECTOR('',#7881,1.);
#4788=VECTOR('',#7882,1.);
#4789=VECTOR('',#7883,1.);
#4790=VECTOR('',#7884,1.);
#4791=VECTOR('',#7887,1.);
#4792=VECTOR('',#7888,1.);
#4793=VECTOR('',#7889,1.);
#4794=VECTOR('',#7890,1.);
#4795=VECTOR('',#7891,1.);
#4796=VECTOR('',#7894,1.);
#4797=VECTOR('',#7895,1.);
#4798=VECTOR('',#7896,1.);
#4799=VECTOR('',#7897,1.);
#4800=VECTOR('',#7908,1.);
#4801=VECTOR('',#7909,1.);
#4802=VECTOR('',#7910,1.);
#4803=VECTOR('',#7911,1.);
#4804=VECTOR('',#7912,1.);
#4805=VECTOR('',#7913,1.);
#4806=VECTOR('',#7914,1.);
#4807=VECTOR('',#7915,1.);
#4808=VECTOR('',#7916,1.);
#4809=VECTOR('',#7917,1.);
#4810=VECTOR('',#7918,1.);
#4811=VECTOR('',#7919,1.);
#4812=VECTOR('',#7920,1.);
#4813=VECTOR('',#7921,1.);
#4814=VECTOR('',#7922,1.);
#4815=VECTOR('',#7923,1.);
#4816=VECTOR('',#7924,1.);
#4817=VECTOR('',#7925,1.);
#4818=VECTOR('',#7926,1.);
#4819=VECTOR('',#7927,1.);
#4820=VECTOR('',#7928,1.);
#4821=VECTOR('',#7929,1.);
#4822=VECTOR('',#7930,1.);
#4823=VECTOR('',#7931,1.);
#4824=VECTOR('',#7932,1.);
#4825=VECTOR('',#7933,1.);
#4826=VECTOR('',#7934,1.);
#4827=VECTOR('',#7935,1.);
#4828=VECTOR('',#7936,1.);
#4829=VECTOR('',#7937,1.);
#4830=VECTOR('',#7938,1.);
#4831=VECTOR('',#7939,1.);
#4832=VECTOR('',#7940,1.);
#4833=VECTOR('',#7941,1.);
#4834=VECTOR('',#7942,1.);
#4835=VECTOR('',#7943,1.);
#4836=VECTOR('',#7944,1.);
#4837=VECTOR('',#7945,1.);
#4838=VECTOR('',#7948,1.);
#4839=VECTOR('',#7949,1.);
#4840=VECTOR('',#7950,1.);
#4841=VECTOR('',#7953,1.);
#4842=VECTOR('',#7954,1.);
#4843=VECTOR('',#7955,1.);
#4844=VECTOR('',#7956,1.);
#4845=VECTOR('',#7957,1.);
#4846=VECTOR('',#7958,1.);
#4847=VECTOR('',#7959,1.);
#4848=VECTOR('',#7960,1.);
#4849=VECTOR('',#7961,1.);
#4850=VECTOR('',#7962,1.);
#4851=VECTOR('',#7963,1.);
#4852=VECTOR('',#7966,1.);
#4853=VECTOR('',#7967,1.);
#4854=VECTOR('',#7968,1.);
#4855=VECTOR('',#7971,1.);
#4856=VECTOR('',#7972,1.);
#4857=VECTOR('',#7973,1.);
#4858=VECTOR('',#7974,1.);
#4859=VECTOR('',#7975,1.);
#4860=VECTOR('',#7976,1.);
#4861=VECTOR('',#7977,1.);
#4862=VECTOR('',#7978,1.);
#4863=VECTOR('',#7979,1.);
#4864=VECTOR('',#7980,1.);
#4865=VECTOR('',#7981,1.);
#4866=VECTOR('',#7982,1.);
#4867=VECTOR('',#7983,1.);
#4868=VECTOR('',#7984,1.);
#4869=VECTOR('',#7985,1.);
#4870=VECTOR('',#7986,1.);
#4871=VECTOR('',#7987,1.);
#4872=VECTOR('',#7988,1.);
#4873=VECTOR('',#7989,1.);
#4874=VECTOR('',#7990,1.);
#4875=VECTOR('',#7991,1.);
#4876=VECTOR('',#7992,1.);
#4877=VECTOR('',#7993,1.);
#4878=VECTOR('',#7994,1.);
#4879=VECTOR('',#7995,1.);
#4880=VECTOR('',#7996,1.);
#4881=VECTOR('',#7997,1.);
#4882=VECTOR('',#7998,1.);
#4883=VECTOR('',#7999,1.);
#4884=VECTOR('',#8000,1.);
#4885=VECTOR('',#8001,1.);
#4886=VECTOR('',#8004,1.);
#4887=VECTOR('',#8005,1.);
#4888=VECTOR('',#8006,1.);
#4889=VECTOR('',#8007,1.);
#4890=VECTOR('',#8008,1.);
#4891=VECTOR('',#8009,1.);
#4892=VECTOR('',#8010,1.);
#4893=VECTOR('',#8011,1.);
#4894=VECTOR('',#8012,1.);
#4895=VECTOR('',#8015,1.);
#4896=VECTOR('',#8016,1.);
#4897=VECTOR('',#8017,1.);
#4898=VECTOR('',#8018,1.);
#4899=VECTOR('',#8019,1.);
#4900=VECTOR('',#8022,1.);
#4901=VECTOR('',#8023,1.);
#4902=VECTOR('',#8024,1.);
#4903=VECTOR('',#8025,1.);
#4904=VECTOR('',#8026,1.);
#4905=VECTOR('',#8029,1.);
#4906=VECTOR('',#8030,1.);
#4907=VECTOR('',#8031,1.);
#4908=VECTOR('',#8032,1.);
#4909=VECTOR('',#8033,1.);
#4910=VECTOR('',#8036,1.);
#4911=VECTOR('',#8037,1.);
#4912=VECTOR('',#8038,1.);
#4913=VECTOR('',#8039,1.);
#4914=VECTOR('',#8042,1.);
#4915=VECTOR('',#8043,1.);
#4916=VECTOR('',#8044,1.);
#4917=VECTOR('',#8045,1.);
#4918=VECTOR('',#8048,1.);
#4919=VECTOR('',#8049,1.);
#4920=VECTOR('',#8050,1.);
#4921=VECTOR('',#8051,1.);
#4922=VECTOR('',#8054,1.);
#4923=VECTOR('',#8055,1.);
#4924=VECTOR('',#8058,1.);
#4925=VECTOR('',#8059,1.);
#4926=VECTOR('',#8060,1.);
#4927=VECTOR('',#8063,1.);
#4928=VECTOR('',#8064,1.);
#4929=VECTOR('',#8065,1.);
#4930=VECTOR('',#8066,1.);
#4931=VECTOR('',#8069,1.);
#4932=VECTOR('',#8070,1.);
#4933=VECTOR('',#8071,1.);
#4934=VECTOR('',#8072,1.);
#4935=VECTOR('',#8075,1.);
#4936=VECTOR('',#8076,1.);
#4937=VECTOR('',#8077,1.);
#4938=VECTOR('',#8078,1.);
#4939=VECTOR('',#8079,1.);
#4940=VECTOR('',#8080,1.);
#4941=VECTOR('',#8081,1.);
#4942=VECTOR('',#8082,1.);
#4943=VECTOR('',#8083,1.);
#4944=VECTOR('',#8084,1.);
#4945=VECTOR('',#8085,1.);
#4946=VECTOR('',#8086,1.);
#4947=VECTOR('',#8087,1.);
#4948=VECTOR('',#8088,1.);
#4949=VECTOR('',#8095,1.);
#4950=VECTOR('',#8096,1.);
#4951=VECTOR('',#8097,1.);
#4952=VECTOR('',#8098,1.);
#4953=VECTOR('',#8099,1.);
#4954=VECTOR('',#8100,1.);
#4955=VECTOR('',#8101,1.);
#4956=VECTOR('',#8102,1.);
#4957=VECTOR('',#8105,1.);
#4958=VECTOR('',#8106,1.);
#4959=VECTOR('',#8107,1.);
#4960=VECTOR('',#8110,1.);
#4961=VECTOR('',#8111,1.);
#4962=VECTOR('',#8112,1.);
#4963=VECTOR('',#8113,1.);
#4964=VECTOR('',#8114,1.);
#4965=VECTOR('',#8115,1.);
#4966=VECTOR('',#8116,1.);
#4967=VECTOR('',#8119,1.);
#4968=VECTOR('',#8120,1.);
#4969=VECTOR('',#8121,1.);
#4970=VECTOR('',#8122,1.);
#4971=VECTOR('',#8125,1.);
#4972=VECTOR('',#8126,1.);
#4973=VECTOR('',#8127,1.);
#4974=VECTOR('',#8128,1.);
#4975=VECTOR('',#8147,1.);
#4976=VECTOR('',#8148,1.);
#4977=VECTOR('',#8149,1.);
#4978=VECTOR('',#8150,1.);
#4979=VECTOR('',#8151,1.);
#4980=VECTOR('',#8152,1.);
#4981=VECTOR('',#8153,1.);
#4982=VECTOR('',#8154,1.);
#4983=VECTOR('',#8155,1.);
#4984=VECTOR('',#8156,1.);
#4985=VECTOR('',#8157,1.);
#4986=VECTOR('',#8158,1.);
#4987=VECTOR('',#8159,1.);
#4988=VECTOR('',#8160,1.);
#4989=VECTOR('',#8161,1.);
#4990=VECTOR('',#8162,1.);
#4991=VECTOR('',#8163,1.);
#4992=VECTOR('',#8164,1.);
#4993=VECTOR('',#8165,1.);
#4994=VECTOR('',#8166,1.);
#4995=VECTOR('',#8167,1.);
#4996=VECTOR('',#8168,1.);
#4997=VECTOR('',#8169,1.);
#4998=VECTOR('',#8170,1.);
#4999=VECTOR('',#8171,1.);
#5000=VECTOR('',#8172,1.);
#5001=VECTOR('',#8173,1.);
#5002=VECTOR('',#8174,1.);
#5003=VECTOR('',#8175,1.);
#5004=VECTOR('',#8176,1.);
#5005=VECTOR('',#8177,1.);
#5006=VECTOR('',#8178,1.);
#5007=VECTOR('',#8179,1.);
#5008=VECTOR('',#8180,1.);
#5009=VECTOR('',#8181,1.);
#5010=VECTOR('',#8182,1.);
#5011=VECTOR('',#8183,1.);
#5012=VECTOR('',#8184,1.);
#5013=VECTOR('',#8185,1.);
#5014=VECTOR('',#8186,1.);
#5015=VECTOR('',#8187,1.);
#5016=VECTOR('',#8188,1.);
#5017=VECTOR('',#8189,1.);
#5018=VECTOR('',#8190,1.);
#5019=VECTOR('',#8191,1.);
#5020=VECTOR('',#8192,1.);
#5021=VECTOR('',#8193,1.);
#5022=VECTOR('',#8194,1.);
#5023=VECTOR('',#8195,1.);
#5024=VECTOR('',#8222,1.);
#5025=VECTOR('',#8223,1.);
#5026=VECTOR('',#8224,1.);
#5027=VECTOR('',#8225,1.);
#5028=VECTOR('',#8228,1.);
#5029=VECTOR('',#8229,1.);
#5030=VECTOR('',#8230,1.);
#5031=VECTOR('',#8231,1.);
#5032=VECTOR('',#8234,1.);
#5033=VECTOR('',#8235,1.);
#5034=VECTOR('',#8236,1.);
#5035=VECTOR('',#8237,1.);
#5036=VECTOR('',#8240,1.);
#5037=VECTOR('',#8241,1.);
#5038=VECTOR('',#8242,1.);
#5039=VECTOR('',#8243,1.);
#5040=VECTOR('',#8250,1.);
#5041=VECTOR('',#8251,1.);
#5042=VECTOR('',#8252,1.);
#5043=VECTOR('',#8253,1.);
#5044=VECTOR('',#8254,1.);
#5045=VECTOR('',#8255,1.);
#5046=VECTOR('',#8256,1.);
#5047=VECTOR('',#8257,1.);
#5048=VECTOR('',#8258,1.);
#5049=VECTOR('',#8259,1.);
#5050=VECTOR('',#8262,1.);
#5051=VECTOR('',#8263,1.);
#5052=VECTOR('',#8264,1.);
#5053=VECTOR('',#8267,1.);
#5054=VECTOR('',#8268,1.);
#5055=VECTOR('',#8269,1.);
#5056=VECTOR('',#8270,1.);
#5057=VECTOR('',#8271,1.);
#5058=VECTOR('',#8274,1.);
#5059=VECTOR('',#8275,1.);
#5060=VECTOR('',#8276,1.);
#5061=VECTOR('',#8277,1.);
#5062=VECTOR('',#8280,1.);
#5063=VECTOR('',#8281,1.);
#5064=VECTOR('',#8282,1.);
#5065=VECTOR('',#8283,1.);
#5066=VECTOR('',#8284,1.);
#5067=VECTOR('',#8285,1.);
#5068=VECTOR('',#8286,1.);
#5069=VECTOR('',#8287,1.);
#5070=VECTOR('',#8288,1.);
#5071=VECTOR('',#8289,1.);
#5072=VECTOR('',#8292,1.);
#5073=VECTOR('',#8293,1.);
#5074=VECTOR('',#8294,1.);
#5075=VECTOR('',#8295,1.);
#5076=VECTOR('',#8298,1.);
#5077=VECTOR('',#8299,1.);
#5078=VECTOR('',#8300,1.);
#5079=VECTOR('',#8303,1.);
#5080=VECTOR('',#8304,1.);
#5081=VECTOR('',#8305,1.);
#5082=VECTOR('',#8308,1.);
#5083=VECTOR('',#8309,1.);
#5084=VECTOR('',#8310,1.);
#5085=VECTOR('',#8313,1.);
#5086=VECTOR('',#8314,1.);
#5087=VECTOR('',#8315,1.);
#5088=VECTOR('',#8318,1.);
#5089=VECTOR('',#8319,1.);
#5090=VECTOR('',#8320,1.);
#5091=VECTOR('',#8323,1.);
#5092=VECTOR('',#8330,1.);
#5093=VECTOR('',#8331,1.);
#5094=VECTOR('',#8334,1.);
#5095=VECTOR('',#8335,1.);
#5096=VECTOR('',#8336,1.);
#5097=VECTOR('',#8339,1.);
#5098=VECTOR('',#8340,1.);
#5099=VECTOR('',#8341,1.);
#5100=VECTOR('',#8350,1.);
#5101=VECTOR('',#8351,1.);
#5102=VECTOR('',#8352,1.);
#5103=VECTOR('',#8355,1.);
#5104=VECTOR('',#8356,1.);
#5105=VECTOR('',#8357,1.);
#5106=VECTOR('',#8366,1.);
#5107=VECTOR('',#8367,1.);
#5108=VECTOR('',#8368,1.);
#5109=VECTOR('',#8371,1.);
#5110=VECTOR('',#8372,1.);
#5111=VECTOR('',#8373,1.);
#5112=VECTOR('',#8430,1.);
#5113=VECTOR('',#8431,1.);
#5114=VECTOR('',#8432,1.);
#5115=VECTOR('',#8433,1.);
#5116=VECTOR('',#8436,1.);
#5117=VECTOR('',#8437,1.);
#5118=VECTOR('',#8438,1.);
#5119=VECTOR('',#8439,1.);
#5120=VECTOR('',#8442,1.);
#5121=VECTOR('',#8443,1.);
#5122=VECTOR('',#8444,1.);
#5123=VECTOR('',#8445,1.);
#5124=VECTOR('',#8446,1.);
#5125=VECTOR('',#8447,1.);
#5126=VECTOR('',#8448,1.);
#5127=VECTOR('',#8451,1.);
#5128=VECTOR('',#8452,1.);
#5129=VECTOR('',#8453,1.);
#5130=VECTOR('',#8454,1.);
#5131=VECTOR('',#8455,1.);
#5132=VECTOR('',#8456,1.);
#5133=VECTOR('',#8457,1.);
#5134=VECTOR('',#8460,1.);
#5135=VECTOR('',#8461,1.);
#5136=VECTOR('',#8462,1.);
#5137=VECTOR('',#8463,1.);
#5138=VECTOR('',#8464,1.);
#5139=VECTOR('',#8465,1.);
#5140=VECTOR('',#8468,1.);
#5141=VECTOR('',#8469,1.);
#5142=VECTOR('',#8470,1.);
#5143=VECTOR('',#8471,1.);
#5144=VECTOR('',#8472,1.);
#5145=VECTOR('',#8473,1.);
#5146=VECTOR('',#8476,1.);
#5147=VECTOR('',#8479,1.);
#5148=VECTOR('',#8480,1.);
#5149=VECTOR('',#8483,1.);
#5150=VECTOR('',#8484,1.);
#5151=VECTOR('',#8485,1.);
#5152=VECTOR('',#8486,1.);
#5153=VECTOR('',#8487,1.);
#5154=VECTOR('',#8488,1.);
#5155=VECTOR('',#8489,1.);
#5156=VECTOR('',#8492,1.);
#5157=VECTOR('',#8493,1.);
#5158=VECTOR('',#8494,1.);
#5159=VECTOR('',#8495,1.);
#5160=VECTOR('',#8496,1.);
#5161=VECTOR('',#8497,1.);
#5162=VECTOR('',#8498,1.);
#5163=VECTOR('',#8499,1.);
#5164=VECTOR('',#8500,1.);
#5165=VECTOR('',#8503,1.);
#5166=VECTOR('',#8504,1.);
#5167=VECTOR('',#8505,1.);
#5168=VECTOR('',#8506,1.);
#5169=VECTOR('',#8509,1.);
#5170=VECTOR('',#8510,1.);
#5171=VECTOR('',#8511,1.);
#5172=VECTOR('',#8512,1.);
#5173=VECTOR('',#8515,1.);
#5174=VECTOR('',#8516,1.);
#5175=VECTOR('',#8519,1.);
#5176=VECTOR('',#8520,1.);
#5177=VECTOR('',#8521,1.);
#5178=VECTOR('',#8522,1.);
#5179=VECTOR('',#8525,1.);
#5180=VECTOR('',#8526,1.);
#5181=VECTOR('',#8527,1.);
#5182=VECTOR('',#8530,1.);
#5183=VECTOR('',#8531,1.);
#5184=VECTOR('',#8532,1.);
#5185=VECTOR('',#8535,1.);
#5186=VECTOR('',#8536,1.);
#5187=VECTOR('',#8537,1.);
#5188=VECTOR('',#8538,1.);
#5189=VECTOR('',#8541,1.);
#5190=VECTOR('',#8542,1.);
#5191=VECTOR('',#8543,1.);
#5192=VECTOR('',#8544,1.);
#5193=VECTOR('',#8547,1.);
#5194=VECTOR('',#8548,1.);
#5195=VECTOR('',#8549,1.);
#5196=VECTOR('',#8552,1.);
#5197=VECTOR('',#8553,1.);
#5198=VECTOR('',#8554,1.);
#5199=VECTOR('',#8557,1.);
#5200=VECTOR('',#8558,1.);
#5201=VECTOR('',#8559,1.);
#5202=VECTOR('',#8560,1.);
#5203=VECTOR('',#8563,1.);
#5204=VECTOR('',#8564,1.);
#5205=VECTOR('',#8565,1.);
#5206=VECTOR('',#8566,1.);
#5207=VECTOR('',#8569,1.);
#5208=VECTOR('',#8570,1.);
#5209=VECTOR('',#8571,1.);
#5210=VECTOR('',#8574,1.);
#5211=VECTOR('',#8575,1.);
#5212=VECTOR('',#8576,1.);
#5213=VECTOR('',#8579,1.);
#5214=VECTOR('',#8580,1.);
#5215=VECTOR('',#8581,1.);
#5216=VECTOR('',#8582,1.);
#5217=VECTOR('',#8585,1.);
#5218=VECTOR('',#8586,1.);
#5219=VECTOR('',#8587,1.);
#5220=VECTOR('',#8588,1.);
#5221=VECTOR('',#8591,1.);
#5222=VECTOR('',#8592,1.);
#5223=VECTOR('',#8593,1.);
#5224=VECTOR('',#8596,1.);
#5225=VECTOR('',#8597,1.);
#5226=VECTOR('',#8598,1.);
#5227=VECTOR('',#8601,1.);
#5228=VECTOR('',#8602,1.);
#5229=VECTOR('',#8603,1.);
#5230=VECTOR('',#8604,1.);
#5231=VECTOR('',#8607,1.);
#5232=VECTOR('',#8608,1.);
#5233=VECTOR('',#8611,1.);
#5234=VECTOR('',#8612,1.);
#5235=VECTOR('',#8615,1.);
#5236=VECTOR('',#8616,1.);
#5237=VECTOR('',#8619,1.);
#5238=VECTOR('',#8622,1.);
#5239=VECTOR('',#8623,1.);
#5240=VECTOR('',#8626,1.);
#5241=VECTOR('',#8627,1.);
#5242=VECTOR('',#8630,1.);
#5243=VECTOR('',#8631,1.);
#5244=VECTOR('',#8632,1.);
#5245=VECTOR('',#8635,1.);
#5246=VECTOR('',#8636,1.);
#5247=VECTOR('',#8637,1.);
#5248=VECTOR('',#8640,1.);
#5249=VECTOR('',#8641,1.);
#5250=VECTOR('',#8642,1.);
#5251=VECTOR('',#8643,1.);
#5252=VECTOR('',#8646,1.);
#5253=VECTOR('',#8647,1.);
#5254=VECTOR('',#8648,1.);
#5255=VECTOR('',#8651,1.);
#5256=VECTOR('',#8652,1.);
#5257=VECTOR('',#8653,1.);
#5258=VECTOR('',#8656,1.);
#5259=VECTOR('',#8657,1.);
#5260=VECTOR('',#8658,1.);
#5261=VECTOR('',#8659,1.);
#5262=VECTOR('',#8662,1.);
#5263=VECTOR('',#8663,1.);
#5264=VECTOR('',#8666,1.);
#5265=VECTOR('',#8669,1.);
#5266=VECTOR('',#8670,1.);
#5267=VECTOR('',#8671,1.);
#5268=VECTOR('',#8672,1.);
#5269=VECTOR('',#8675,1.);
#5270=VECTOR('',#8676,1.);
#5271=VECTOR('',#8679,1.);
#5272=VECTOR('',#8680,1.);
#5273=VECTOR('',#8681,1.);
#5274=VECTOR('',#8696,1.);
#5275=VECTOR('',#8697,1.);
#5276=VECTOR('',#8700,1.);
#5277=VECTOR('',#8703,1.);
#5278=VECTOR('',#8706,1.);
#5279=VECTOR('',#8709,1.);
#5280=VECTOR('',#8714,1.);
#5281=VECTOR('',#8717,1.);
#5282=VECTOR('',#8722,1.);
#5283=VECTOR('',#8725,1.);
#5284=VECTOR('',#8730,1.);
#5285=VECTOR('',#8733,1.);
#5286=VECTOR('',#8742,1.);
#5287=VECTOR('',#8745,1.);
#5288=VECTOR('',#8750,1.);
#5289=VECTOR('',#8751,1.);
#5290=VECTOR('',#8752,1.);
#5291=VECTOR('',#8765,1.);
#5292=VECTOR('',#8766,1.);
#5293=VECTOR('',#8767,1.);
#5294=VECTOR('',#8770,1.);
#5295=VECTOR('',#8773,1.);
#5296=VECTOR('',#8776,1.);
#5297=VECTOR('',#8777,1.);
#5298=VECTOR('',#8780,1.);
#5299=VECTOR('',#8781,1.);
#5300=VECTOR('',#8782,1.);
#5301=VECTOR('',#8787,1.);
#5302=VECTOR('',#8788,1.);
#5303=VECTOR('',#8791,1.);
#5304=VECTOR('',#8792,1.);
#5305=VECTOR('',#8795,1.);
#5306=VECTOR('',#8796,1.);
#5307=VECTOR('',#8797,1.);
#5308=VECTOR('',#8800,1.);
#5309=VECTOR('',#8803,1.);
#5310=VECTOR('',#8806,1.);
#5311=VECTOR('',#8809,1.);
#5312=VECTOR('',#8812,1.);
#5313=VECTOR('',#8813,1.);
#5314=VECTOR('',#8816,1.);
#5315=VECTOR('',#8817,1.);
#5316=VECTOR('',#8820,1.);
#5317=VECTOR('',#8823,1.);
#5318=VECTOR('',#8824,1.);
#5319=VECTOR('',#8827,1.);
#5320=VECTOR('',#8828,1.);
#5321=VECTOR('',#8831,1.);
#5322=VECTOR('',#8834,1.);
#5323=VECTOR('',#8837,1.);
#5324=VECTOR('',#8840,1.);
#5325=VECTOR('',#8843,1.);
#5326=VECTOR('',#8844,1.);
#5327=VECTOR('',#8847,1.);
#5328=VECTOR('',#8850,1.);
#5329=VECTOR('',#8855,1.);
#5330=VECTOR('',#8860,1.);
#5331=VECTOR('',#8863,1.);
#5332=VECTOR('',#8868,1.);
#5333=VECTOR('',#8875,1.);
#5334=VECTOR('',#8876,1.);
#5335=VECTOR('',#8879,1.);
#5336=VECTOR('',#8884,1.);
#5337=VECTOR('',#8885,1.);
#5338=VECTOR('',#8888,1.);
#5339=VECTOR('',#8891,1.);
#5340=VECTOR('',#8894,1.);
#5341=VECTOR('',#8895,1.);
#5342=VECTOR('',#8898,1.);
#5343=VECTOR('',#8901,1.);
#5344=VECTOR('',#8904,1.);
#5345=VECTOR('',#8905,1.);
#5346=VECTOR('',#8910,1.);
#5347=VECTOR('',#8913,1.);
#5348=VECTOR('',#8916,1.);
#5349=VECTOR('',#8921,1.);
#5350=VECTOR('',#8922,1.);
#5351=VECTOR('',#8925,1.);
#5352=VECTOR('',#8928,1.);
#5353=VECTOR('',#8929,1.);
#5354=VECTOR('',#8930,1.);
#5355=VECTOR('',#8933,1.);
#5356=VECTOR('',#8936,1.);
#5357=VECTOR('',#8939,1.);
#5358=VECTOR('',#8940,1.);
#5359=VECTOR('',#8943,1.);
#5360=VECTOR('',#8946,1.);
#5361=VECTOR('',#8949,1.);
#5362=VECTOR('',#8952,1.);
#5363=VECTOR('',#8955,1.);
#5364=VECTOR('',#8958,1.);
#5365=VECTOR('',#8961,1.);
#5366=VECTOR('',#8964,1.);
#5367=VECTOR('',#8967,1.);
#5368=VECTOR('',#8968,1.);
#5369=VECTOR('',#8969,1.);
#5370=VECTOR('',#8972,1.);
#5371=VECTOR('',#8975,1.);
#5372=VECTOR('',#8976,1.);
#5373=VECTOR('',#8979,1.);
#5374=VECTOR('',#8982,1.);
#5375=VECTOR('',#8985,1.);
#5376=VECTOR('',#8988,1.);
#5377=VECTOR('',#8991,1.);
#5378=VECTOR('',#8994,1.);
#5379=VECTOR('',#8997,1.);
#5380=VECTOR('',#9000,1.);
#5381=VECTOR('',#9009,1.);
#5382=VECTOR('',#9010,1.);
#5383=VECTOR('',#9013,1.);
#5384=VECTOR('',#9014,1.);
#5385=VECTOR('',#9015,1.);
#5386=VECTOR('',#9018,1.);
#5387=VECTOR('',#9019,1.);
#5388=VECTOR('',#9022,1.);
#5389=VECTOR('',#9025,1.);
#5390=VECTOR('',#9028,1.);
#5391=VECTOR('',#9029,1.);
#5392=VECTOR('',#9032,1.);
#5393=VECTOR('',#9041,1.);
#5394=VECTOR('',#9062,1.);
#5395=VECTOR('',#9063,1.);
#5396=VECTOR('',#9066,1.);
#5397=VECTOR('',#9069,1.);
#5398=VECTOR('',#9072,1.);
#5399=VECTOR('',#9075,1.);
#5400=VECTOR('',#9078,1.);
#5401=VECTOR('',#9081,1.);
#5402=VECTOR('',#9084,1.);
#5403=VECTOR('',#9087,1.);
#5404=VECTOR('',#9090,1.);
#5405=VECTOR('',#9091,1.);
#5406=VECTOR('',#9094,1.);
#5407=VECTOR('',#9097,1.);
#5408=VECTOR('',#9104,1.);
#5409=VECTOR('',#9107,1.);
#5410=VECTOR('',#9110,1.);
#5411=VECTOR('',#9113,1.);
#5412=VECTOR('',#9120,1.);
#5413=VECTOR('',#9123,1.);
#5414=VECTOR('',#9130,1.);
#5415=VECTOR('',#9133,1.);
#5416=VECTOR('',#9138,1.);
#5417=VECTOR('',#9141,1.);
#5418=VECTOR('',#9144,1.);
#5419=VECTOR('',#9147,1.);
#5420=VECTOR('',#9154,1.);
#5421=VECTOR('',#9157,1.);
#5422=VECTOR('',#9164,1.);
#5423=VECTOR('',#9167,1.);
#5424=VECTOR('',#9170,1.);
#5425=VECTOR('',#9173,1.);
#5426=VECTOR('',#9176,1.);
#5427=VECTOR('',#9179,1.);
#5428=VECTOR('',#9182,1.);
#5429=VECTOR('',#9185,1.);
#5430=VECTOR('',#9190,1.);
#5431=VECTOR('',#9195,1.);
#5432=VECTOR('',#9200,1.);
#5433=VECTOR('',#9205,1.);
#5434=VECTOR('',#9210,1.);
#5435=VECTOR('',#9215,1.);
#5436=VECTOR('',#9220,1.);
#5437=VECTOR('',#9223,1.);
#5438=VECTOR('',#9226,1.);
#5439=VECTOR('',#9231,1.);
#5440=VECTOR('',#9234,1.);
#5441=VECTOR('',#9239,1.);
#5442=VECTOR('',#9242,1.);
#5443=VECTOR('',#9247,1.);
#5444=VECTOR('',#9250,1.);
#5445=VECTOR('',#9255,1.);
#5446=VECTOR('',#9258,1.);
#5447=VECTOR('',#9263,1.);
#5448=VECTOR('',#9266,1.);
#5449=VECTOR('',#9271,1.);
#5450=VECTOR('',#9274,1.);
#5451=VECTOR('',#9323,1.);
#5452=VECTOR('',#9328,1.);
#5453=VECTOR('',#9333,1.);
#5454=VECTOR('',#9338,1.);
#5455=VECTOR('',#9343,1.);
#5456=VECTOR('',#9346,1.);
#5457=VECTOR('',#9351,1.);
#5458=VECTOR('',#9354,1.);
#5459=VECTOR('',#9359,1.);
#5460=VECTOR('',#9362,1.);
#5461=VECTOR('',#9367,1.);
#5462=VECTOR('',#9370,1.);
#5463=EDGE_LOOP('',(#132,#133,#134,#135,#136));
#5464=EDGE_LOOP('',(#137,#138,#139,#140,#141,#142,#143,#144,#145,#146));
#5465=EDGE_LOOP('',(#147,#148,#149,#150,#151));
#5466=EDGE_LOOP('',(#152,#153,#154,#155,#156,#157,#158,#159,#160));
#5467=EDGE_LOOP('',(#161,#162,#163,#164,#165,#166,#167,#168,#169,#170));
#5468=EDGE_LOOP('',(#171,#172,#173,#174,#175));
#5469=EDGE_LOOP('',(#176,#177,#178,#179,#180,#181,#182,#183,#184));
#5470=EDGE_LOOP('',(#185,#186,#187,#188,#189,#190,#191,#192,#193));
#5471=EDGE_LOOP('',(#194,#195,#196,#197,#198,#199,#200,#201,#202));
#5472=EDGE_LOOP('',(#203,#204,#205,#206,#207,#208));
#5473=EDGE_LOOP('',(#209,#210,#211,#212,#213,#214,#215,#216));
#5474=EDGE_LOOP('',(#217,#218,#219,#220,#221));
#5475=EDGE_LOOP('',(#222,#223,#224,#225,#226));
#5476=EDGE_LOOP('',(#227,#228,#229,#230,#231,#232,#233,#234,#235,#236,#237));
#5477=EDGE_LOOP('',(#238,#239,#240,#241,#242,#243,#244));
#5478=EDGE_LOOP('',(#245,#246,#247,#248,#249,#250,#251,#252));
#5479=EDGE_LOOP('',(#253,#254,#255,#256,#257));
#5480=EDGE_LOOP('',(#258,#259,#260,#261,#262,#263,#264));
#5481=EDGE_LOOP('',(#265,#266,#267,#268,#269,#270,#271,#272));
#5482=EDGE_LOOP('',(#273,#274,#275,#276,#277));
#5483=EDGE_LOOP('',(#278,#279,#280,#281,#282,#283,#284));
#5484=EDGE_LOOP('',(#285,#286,#287,#288,#289,#290,#291));
#5485=EDGE_LOOP('',(#292,#293,#294,#295,#296,#297));
#5486=EDGE_LOOP('',(#298,#299,#300,#301,#302));
#5487=EDGE_LOOP('',(#303,#304,#305,#306,#307));
#5488=EDGE_LOOP('',(#308,#309,#310,#311,#312,#313,#314,#315));
#5489=EDGE_LOOP('',(#316,#317,#318,#319,#320,#321,#322,#323));
#5490=EDGE_LOOP('',(#324,#325,#326,#327,#328,#329));
#5491=EDGE_LOOP('',(#330,#331,#332,#333,#334,#335));
#5492=EDGE_LOOP('',(#336,#337,#338,#339,#340,#341));
#5493=EDGE_LOOP('',(#342,#343,#344,#345,#346,#347));
#5494=EDGE_LOOP('',(#348,#349,#350,#351,#352,#353));
#5495=EDGE_LOOP('',(#354,#355,#356,#357,#358,#359));
#5496=EDGE_LOOP('',(#360,#361,#362,#363,#364,#365));
#5497=EDGE_LOOP('',(#366,#367,#368,#369));
#5498=EDGE_LOOP('',(#370,#371,#372,#373));
#5499=EDGE_LOOP('',(#374,#375,#376,#377));
#5500=EDGE_LOOP('',(#378,#379,#380,#381));
#5501=EDGE_LOOP('',(#382,#383,#384,#385,#386,#387,#388));
#5502=EDGE_LOOP('',(#389,#390,#391,#392,#393,#394,#395));
#5503=EDGE_LOOP('',(#396,#397,#398,#399,#400));
#5504=EDGE_LOOP('',(#401,#402,#403,#404,#405));
#5505=EDGE_LOOP('',(#406));
#5506=EDGE_LOOP('',(#407));
#5507=EDGE_LOOP('',(#408));
#5508=EDGE_LOOP('',(#409));
#5509=EDGE_LOOP('',(#410,#411,#412,#413,#414,#415,#416,#417,#418,#419,#420,
#421,#422,#423,#424,#425,#426,#427,#428,#429,#430,#431,#432,#433,#434,#435,
#436,#437,#438,#439,#440,#441,#442,#443,#444,#445,#446,#447,#448,#449,#450,
#451,#452,#453,#454,#455,#456,#457,#458,#459,#460,#461,#462,#463,#464,#465,
#466,#467,#468,#469,#470,#471,#472,#473,#474,#475,#476,#477,#478));
#5510=EDGE_LOOP('',(#479,#480,#481,#482));
#5511=EDGE_LOOP('',(#483,#484,#485,#486));
#5512=EDGE_LOOP('',(#487,#488,#489,#490));
#5513=EDGE_LOOP('',(#491,#492,#493,#494));
#5514=EDGE_LOOP('',(#495,#496,#497,#498));
#5515=EDGE_LOOP('',(#499,#500,#501,#502));
#5516=EDGE_LOOP('',(#503,#504,#505,#506));
#5517=EDGE_LOOP('',(#507,#508,#509,#510));
#5518=EDGE_LOOP('',(#511,#512,#513,#514,#515,#516,#517,#518,#519,#520));
#5519=EDGE_LOOP('',(#521,#522,#523,#524,#525,#526,#527));
#5520=EDGE_LOOP('',(#528,#529,#530,#531,#532,#533,#534));
#5521=EDGE_LOOP('',(#535,#536,#537,#538,#539,#540,#541));
#5522=EDGE_LOOP('',(#542,#543,#544,#545,#546,#547,#548));
#5523=EDGE_LOOP('',(#549,#550,#551,#552,#553,#554));
#5524=EDGE_LOOP('',(#555,#556,#557,#558));
#5525=EDGE_LOOP('',(#559,#560,#561,#562));
#5526=EDGE_LOOP('',(#563,#564,#565,#566));
#5527=EDGE_LOOP('',(#567,#568,#569,#570));
#5528=EDGE_LOOP('',(#571,#572,#573,#574));
#5529=EDGE_LOOP('',(#575,#576,#577,#578,#579,#580,#581,#582,#583,#584,#585,
#586,#587,#588));
#5530=EDGE_LOOP('',(#589));
#5531=EDGE_LOOP('',(#590));
#5532=EDGE_LOOP('',(#591,#592,#593,#594,#595,#596,#597,#598,#599,#600,#601,
#602,#603,#604,#605,#606,#607,#608,#609,#610));
#5533=EDGE_LOOP('',(#611,#612,#613,#614));
#5534=EDGE_LOOP('',(#615,#616,#617,#618));
#5535=EDGE_LOOP('',(#619));
#5536=EDGE_LOOP('',(#620));
#5537=EDGE_LOOP('',(#621));
#5538=EDGE_LOOP('',(#622));
#5539=EDGE_LOOP('',(#623));
#5540=EDGE_LOOP('',(#624));
#5541=EDGE_LOOP('',(#625));
#5542=EDGE_LOOP('',(#626));
#5543=EDGE_LOOP('',(#627,#628,#629,#630,#631,#632));
#5544=EDGE_LOOP('',(#633,#634,#635,#636));
#5545=EDGE_LOOP('',(#637,#638,#639,#640));
#5546=EDGE_LOOP('',(#641,#642,#643,#644));
#5547=EDGE_LOOP('',(#645,#646,#647,#648));
#5548=EDGE_LOOP('',(#649,#650,#651,#652));
#5549=EDGE_LOOP('',(#653,#654,#655,#656));
#5550=EDGE_LOOP('',(#657,#658,#659,#660));
#5551=EDGE_LOOP('',(#661,#662,#663,#664));
#5552=EDGE_LOOP('',(#665,#666,#667,#668));
#5553=EDGE_LOOP('',(#669,#670,#671,#672));
#5554=EDGE_LOOP('',(#673,#674,#675,#676));
#5555=EDGE_LOOP('',(#677,#678,#679,#680));
#5556=EDGE_LOOP('',(#681,#682,#683,#684));
#5557=EDGE_LOOP('',(#685));
#5558=EDGE_LOOP('',(#686));
#5559=EDGE_LOOP('',(#687));
#5560=EDGE_LOOP('',(#688));
#5561=EDGE_LOOP('',(#689));
#5562=EDGE_LOOP('',(#690));
#5563=EDGE_LOOP('',(#691));
#5564=EDGE_LOOP('',(#692));
#5565=EDGE_LOOP('',(#693,#694,#695,#696));
#5566=EDGE_LOOP('',(#697,#698,#699,#700));
#5567=EDGE_LOOP('',(#701,#702,#703,#704));
#5568=EDGE_LOOP('',(#705,#706,#707,#708));
#5569=EDGE_LOOP('',(#709));
#5570=EDGE_LOOP('',(#710));
#5571=EDGE_LOOP('',(#711,#712,#713,#714,#715,#716,#717,#718,#719,#720,#721,
#722,#723,#724,#725,#726,#727,#728,#729,#730));
#5572=EDGE_LOOP('',(#731,#732,#733,#734));
#5573=EDGE_LOOP('',(#735,#736,#737,#738,#739,#740,#741,#742,#743,#744));
#5574=EDGE_LOOP('',(#745,#746,#747,#748));
#5575=EDGE_LOOP('',(#749,#750,#751,#752));
#5576=EDGE_LOOP('',(#753,#754,#755,#756));
#5577=EDGE_LOOP('',(#757,#758,#759,#760));
#5578=EDGE_LOOP('',(#761,#762,#763,#764));
#5579=EDGE_LOOP('',(#765,#766,#767,#768));
#5580=EDGE_LOOP('',(#769,#770,#771,#772));
#5581=EDGE_LOOP('',(#773,#774,#775,#776));
#5582=EDGE_LOOP('',(#777,#778,#779,#780));
#5583=EDGE_LOOP('',(#781,#782,#783,#784));
#5584=EDGE_LOOP('',(#785,#786,#787,#788));
#5585=EDGE_LOOP('',(#789,#790,#791,#792));
#5586=EDGE_LOOP('',(#793,#794,#795,#796));
#5587=EDGE_LOOP('',(#797,#798,#799,#800));
#5588=EDGE_LOOP('',(#801,#802,#803,#804));
#5589=EDGE_LOOP('',(#805,#806,#807,#808));
#5590=EDGE_LOOP('',(#809,#810,#811,#812));
#5591=EDGE_LOOP('',(#813));
#5592=EDGE_LOOP('',(#814));
#5593=EDGE_LOOP('',(#815));
#5594=EDGE_LOOP('',(#816));
#5595=EDGE_LOOP('',(#817));
#5596=EDGE_LOOP('',(#818));
#5597=EDGE_LOOP('',(#819));
#5598=EDGE_LOOP('',(#820));
#5599=EDGE_LOOP('',(#821));
#5600=EDGE_LOOP('',(#822));
#5601=EDGE_LOOP('',(#823));
#5602=EDGE_LOOP('',(#824));
#5603=EDGE_LOOP('',(#825));
#5604=EDGE_LOOP('',(#826));
#5605=EDGE_LOOP('',(#827));
#5606=EDGE_LOOP('',(#828));
#5607=EDGE_LOOP('',(#829));
#5608=EDGE_LOOP('',(#830));
#5609=EDGE_LOOP('',(#831));
#5610=EDGE_LOOP('',(#832));
#5611=EDGE_LOOP('',(#833));
#5612=EDGE_LOOP('',(#834));
#5613=EDGE_LOOP('',(#835));
#5614=EDGE_LOOP('',(#836));
#5615=EDGE_LOOP('',(#837,#838,#839,#840));
#5616=EDGE_LOOP('',(#841,#842,#843,#844));
#5617=EDGE_LOOP('',(#845,#846,#847,#848,#849,#850,#851));
#5618=EDGE_LOOP('',(#852,#853,#854,#855,#856,#857,#858));
#5619=EDGE_LOOP('',(#859,#860,#861,#862,#863,#864,#865));
#5620=EDGE_LOOP('',(#866,#867,#868,#869,#870,#871,#872));
#5621=EDGE_LOOP('',(#873,#874,#875,#876));
#5622=EDGE_LOOP('',(#877,#878,#879));
#5623=EDGE_LOOP('',(#880,#881,#882,#883,#884,#885,#886,#887,#888,#889));
#5624=EDGE_LOOP('',(#890,#891,#892,#893,#894,#895,#896,#897,#898,#899,#900,
#901,#902,#903,#904,#905,#906,#907,#908,#909,#910,#911,#912));
#5625=EDGE_LOOP('',(#913,#914,#915,#916));
#5626=EDGE_LOOP('',(#917,#918,#919,#920));
#5627=EDGE_LOOP('',(#921,#922,#923,#924));
#5628=EDGE_LOOP('',(#925,#926,#927,#928));
#5629=EDGE_LOOP('',(#929,#930,#931,#932,#933));
#5630=EDGE_LOOP('',(#934,#935,#936,#937,#938));
#5631=EDGE_LOOP('',(#939,#940,#941,#942,#943,#944,#945));
#5632=EDGE_LOOP('',(#946,#947,#948,#949));
#5633=EDGE_LOOP('',(#950,#951,#952,#953,#954));
#5634=EDGE_LOOP('',(#955,#956,#957,#958,#959));
#5635=EDGE_LOOP('',(#960,#961,#962,#963,#964,#965,#966));
#5636=EDGE_LOOP('',(#967,#968,#969,#970));
#5637=EDGE_LOOP('',(#971,#972,#973,#974,#975));
#5638=EDGE_LOOP('',(#976,#977,#978,#979,#980));
#5639=EDGE_LOOP('',(#981,#982,#983,#984,#985,#986,#987));
#5640=EDGE_LOOP('',(#988,#989,#990,#991));
#5641=EDGE_LOOP('',(#992,#993,#994,#995,#996));
#5642=EDGE_LOOP('',(#997,#998,#999,#1000,#1001));
#5643=EDGE_LOOP('',(#1002,#1003,#1004,#1005,#1006,#1007,#1008));
#5644=EDGE_LOOP('',(#1009,#1010,#1011,#1012));
#5645=EDGE_LOOP('',(#1013,#1014,#1015,#1016));
#5646=EDGE_LOOP('',(#1017,#1018,#1019,#1020));
#5647=EDGE_LOOP('',(#1021,#1022,#1023,#1024));
#5648=EDGE_LOOP('',(#1025,#1026,#1027,#1028,#1029,#1030));
#5649=EDGE_LOOP('',(#1031,#1032,#1033,#1034));
#5650=EDGE_LOOP('',(#1035,#1036,#1037,#1038,#1039));
#5651=EDGE_LOOP('',(#1040,#1041,#1042,#1043,#1044,#1045,#1046));
#5652=EDGE_LOOP('',(#1047,#1048,#1049,#1050));
#5653=EDGE_LOOP('',(#1051,#1052,#1053,#1054,#1055));
#5654=EDGE_LOOP('',(#1056,#1057,#1058,#1059,#1060));
#5655=EDGE_LOOP('',(#1061,#1062,#1063,#1064,#1065,#1066,#1067));
#5656=EDGE_LOOP('',(#1068,#1069,#1070,#1071));
#5657=EDGE_LOOP('',(#1072,#1073,#1074,#1075));
#5658=EDGE_LOOP('',(#1076,#1077,#1078,#1079,#1080,#1081,#1082));
#5659=EDGE_LOOP('',(#1083,#1084,#1085,#1086));
#5660=EDGE_LOOP('',(#1087,#1088,#1089,#1090,#1091,#1092,#1093,#1094));
#5661=EDGE_LOOP('',(#1095,#1096,#1097,#1098));
#5662=EDGE_LOOP('',(#1099,#1100,#1101,#1102));
#5663=EDGE_LOOP('',(#1103,#1104,#1105,#1106));
#5664=EDGE_LOOP('',(#1107,#1108,#1109,#1110));
#5665=EDGE_LOOP('',(#1111,#1112,#1113,#1114));
#5666=EDGE_LOOP('',(#1115,#1116,#1117,#1118));
#5667=EDGE_LOOP('',(#1119,#1120,#1121,#1122));
#5668=EDGE_LOOP('',(#1123,#1124,#1125,#1126));
#5669=EDGE_LOOP('',(#1127,#1128,#1129,#1130));
#5670=EDGE_LOOP('',(#1131,#1132,#1133,#1134));
#5671=EDGE_LOOP('',(#1135,#1136,#1137,#1138));
#5672=EDGE_LOOP('',(#1139,#1140,#1141,#1142));
#5673=EDGE_LOOP('',(#1143,#1144,#1145,#1146));
#5674=EDGE_LOOP('',(#1147,#1148,#1149,#1150));
#5675=EDGE_LOOP('',(#1151,#1152,#1153,#1154));
#5676=EDGE_LOOP('',(#1155,#1156,#1157,#1158));
#5677=EDGE_LOOP('',(#1159,#1160,#1161,#1162));
#5678=EDGE_LOOP('',(#1163,#1164,#1165,#1166));
#5679=EDGE_LOOP('',(#1167,#1168,#1169,#1170));
#5680=EDGE_LOOP('',(#1171,#1172,#1173,#1174));
#5681=EDGE_LOOP('',(#1175,#1176,#1177,#1178));
#5682=EDGE_LOOP('',(#1179,#1180,#1181,#1182));
#5683=EDGE_LOOP('',(#1183,#1184,#1185,#1186));
#5684=EDGE_LOOP('',(#1187,#1188,#1189,#1190));
#5685=EDGE_LOOP('',(#1191,#1192,#1193,#1194));
#5686=EDGE_LOOP('',(#1195,#1196,#1197,#1198));
#5687=EDGE_LOOP('',(#1199,#1200,#1201,#1202,#1203,#1204));
#5688=EDGE_LOOP('',(#1205,#1206,#1207,#1208,#1209,#1210));
#5689=EDGE_LOOP('',(#1211,#1212,#1213,#1214,#1215,#1216));
#5690=EDGE_LOOP('',(#1217,#1218,#1219,#1220,#1221,#1222));
#5691=EDGE_LOOP('',(#1223,#1224,#1225));
#5692=EDGE_LOOP('',(#1226,#1227,#1228));
#5693=EDGE_LOOP('',(#1229,#1230,#1231,#1232,#1233,#1234));
#5694=EDGE_LOOP('',(#1235,#1236,#1237,#1238));
#5695=EDGE_LOOP('',(#1239,#1240,#1241,#1242));
#5696=EDGE_LOOP('',(#1243,#1244,#1245,#1246));
#5697=EDGE_LOOP('',(#1247,#1248,#1249,#1250,#1251,#1252));
#5698=EDGE_LOOP('',(#1253,#1254,#1255,#1256));
#5699=EDGE_LOOP('',(#1257,#1258,#1259,#1260,#1261));
#5700=EDGE_LOOP('',(#1262,#1263,#1264,#1265,#1266));
#5701=EDGE_LOOP('',(#1267,#1268,#1269,#1270,#1271));
#5702=EDGE_LOOP('',(#1272,#1273,#1274));
#5703=EDGE_LOOP('',(#1275,#1276,#1277,#1278));
#5704=EDGE_LOOP('',(#1279,#1280,#1281,#1282));
#5705=EDGE_LOOP('',(#1283,#1284,#1285));
#5706=EDGE_LOOP('',(#1286,#1287,#1288,#1289,#1290));
#5707=EDGE_LOOP('',(#1291,#1292,#1293,#1294,#1295));
#5708=EDGE_LOOP('',(#1296,#1297,#1298,#1299));
#5709=EDGE_LOOP('',(#1300,#1301,#1302,#1303,#1304));
#5710=EDGE_LOOP('',(#1305,#1306,#1307,#1308,#1309));
#5711=EDGE_LOOP('',(#1310,#1311,#1312,#1313));
#5712=EDGE_LOOP('',(#1314,#1315,#1316));
#5713=EDGE_LOOP('',(#1317,#1318,#1319,#1320));
#5714=EDGE_LOOP('',(#1321,#1322,#1323,#1324));
#5715=EDGE_LOOP('',(#1325,#1326,#1327,#1328));
#5716=EDGE_LOOP('',(#1329,#1330,#1331,#1332));
#5717=EDGE_LOOP('',(#1333,#1334,#1335));
#5718=EDGE_LOOP('',(#1336,#1337,#1338,#1339));
#5719=EDGE_LOOP('',(#1340,#1341,#1342,#1343));
#5720=EDGE_LOOP('',(#1344,#1345,#1346,#1347));
#5721=EDGE_LOOP('',(#1348,#1349,#1350,#1351));
#5722=EDGE_LOOP('',(#1352,#1353,#1354,#1355));
#5723=EDGE_LOOP('',(#1356,#1357,#1358,#1359));
#5724=EDGE_LOOP('',(#1360,#1361,#1362,#1363));
#5725=EDGE_LOOP('',(#1364,#1365,#1366,#1367));
#5726=EDGE_LOOP('',(#1368,#1369,#1370,#1371));
#5727=EDGE_LOOP('',(#1372,#1373,#1374,#1375));
#5728=EDGE_LOOP('',(#1376,#1377,#1378,#1379));
#5729=EDGE_LOOP('',(#1380,#1381,#1382,#1383));
#5730=EDGE_LOOP('',(#1384,#1385,#1386));
#5731=EDGE_LOOP('',(#1387,#1388,#1389,#1390));
#5732=EDGE_LOOP('',(#1391,#1392,#1393,#1394));
#5733=EDGE_LOOP('',(#1395,#1396,#1397,#1398));
#5734=EDGE_LOOP('',(#1399,#1400,#1401,#1402));
#5735=EDGE_LOOP('',(#1403,#1404,#1405,#1406));
#5736=EDGE_LOOP('',(#1407,#1408,#1409,#1410));
#5737=EDGE_LOOP('',(#1411,#1412,#1413,#1414));
#5738=EDGE_LOOP('',(#1415,#1416,#1417,#1418));
#5739=EDGE_LOOP('',(#1419,#1420,#1421));
#5740=EDGE_LOOP('',(#1422,#1423,#1424));
#5741=EDGE_LOOP('',(#1425,#1426,#1427,#1428));
#5742=EDGE_LOOP('',(#1429,#1430,#1431,#1432));
#5743=EDGE_LOOP('',(#1433,#1434,#1435,#1436));
#5744=EDGE_LOOP('',(#1437,#1438,#1439,#1440,#1441));
#5745=EDGE_LOOP('',(#1442,#1443,#1444,#1445));
#5746=EDGE_LOOP('',(#1446,#1447,#1448,#1449));
#5747=EDGE_LOOP('',(#1450,#1451,#1452,#1453));
#5748=EDGE_LOOP('',(#1454,#1455,#1456,#1457));
#5749=EDGE_LOOP('',(#1458,#1459,#1460));
#5750=EDGE_LOOP('',(#1461,#1462,#1463));
#5751=EDGE_LOOP('',(#1464,#1465,#1466));
#5752=EDGE_LOOP('',(#1467,#1468,#1469,#1470));
#5753=EDGE_LOOP('',(#1471,#1472,#1473,#1474));
#5754=EDGE_LOOP('',(#1475,#1476,#1477,#1478));
#5755=EDGE_LOOP('',(#1479,#1480,#1481,#1482));
#5756=EDGE_LOOP('',(#1483,#1484,#1485,#1486,#1487));
#5757=EDGE_LOOP('',(#1488,#1489,#1490,#1491));
#5758=EDGE_LOOP('',(#1492,#1493,#1494,#1495));
#5759=EDGE_LOOP('',(#1496,#1497,#1498));
#5760=EDGE_LOOP('',(#1499,#1500,#1501));
#5761=EDGE_LOOP('',(#1502,#1503,#1504));
#5762=EDGE_LOOP('',(#1505,#1506,#1507,#1508));
#5763=EDGE_LOOP('',(#1509,#1510,#1511,#1512));
#5764=EDGE_LOOP('',(#1513,#1514,#1515,#1516));
#5765=EDGE_LOOP('',(#1517,#1518,#1519,#1520));
#5766=EDGE_LOOP('',(#1521,#1522,#1523));
#5767=EDGE_LOOP('',(#1524,#1525,#1526,#1527));
#5768=EDGE_LOOP('',(#1528,#1529,#1530,#1531));
#5769=EDGE_LOOP('',(#1532,#1533,#1534,#1535));
#5770=EDGE_LOOP('',(#1536,#1537,#1538,#1539,#1540));
#5771=EDGE_LOOP('',(#1541,#1542,#1543,#1544,#1545));
#5772=EDGE_LOOP('',(#1546,#1547,#1548,#1549,#1550));
#5773=EDGE_LOOP('',(#1551,#1552,#1553));
#5774=EDGE_LOOP('',(#1554,#1555,#1556,#1557));
#5775=EDGE_LOOP('',(#1558,#1559,#1560,#1561));
#5776=EDGE_LOOP('',(#1562,#1563,#1564));
#5777=EDGE_LOOP('',(#1565,#1566,#1567,#1568));
#5778=EDGE_LOOP('',(#1569,#1570,#1571,#1572));
#5779=EDGE_LOOP('',(#1573,#1574,#1575,#1576));
#5780=EDGE_LOOP('',(#1577,#1578,#1579,#1580));
#5781=EDGE_LOOP('',(#1581,#1582,#1583,#1584));
#5782=EDGE_LOOP('',(#1585));
#5783=EDGE_LOOP('',(#1586));
#5784=EDGE_LOOP('',(#1587));
#5785=EDGE_LOOP('',(#1588));
#5786=EDGE_LOOP('',(#1589));
#5787=EDGE_LOOP('',(#1590));
#5788=EDGE_LOOP('',(#1591));
#5789=EDGE_LOOP('',(#1592));
#5790=EDGE_LOOP('',(#1593));
#5791=EDGE_LOOP('',(#1594));
#5792=EDGE_LOOP('',(#1595));
#5793=EDGE_LOOP('',(#1596));
#5794=EDGE_LOOP('',(#1597));
#5795=EDGE_LOOP('',(#1598));
#5796=EDGE_LOOP('',(#1599));
#5797=EDGE_LOOP('',(#1600));
#5798=EDGE_LOOP('',(#1601,#1602,#1603,#1604,#1605));
#5799=EDGE_LOOP('',(#1606,#1607,#1608,#1609));
#5800=EDGE_LOOP('',(#1610,#1611,#1612,#1613));
#5801=EDGE_LOOP('',(#1614,#1615,#1616,#1617));
#5802=EDGE_LOOP('',(#1618,#1619,#1620,#1621));
#5803=EDGE_LOOP('',(#1622,#1623,#1624,#1625));
#5804=EDGE_LOOP('',(#1626,#1627,#1628,#1629));
#5805=EDGE_LOOP('',(#1630,#1631,#1632,#1633));
#5806=EDGE_LOOP('',(#1634,#1635,#1636,#1637,#1638));
#5807=EDGE_LOOP('',(#1639,#1640,#1641,#1642,#1643));
#5808=EDGE_LOOP('',(#1644,#1645,#1646,#1647));
#5809=EDGE_LOOP('',(#1648,#1649,#1650,#1651,#1652));
#5810=EDGE_LOOP('',(#1653,#1654,#1655,#1656,#1657,#1658));
#5811=EDGE_LOOP('',(#1659,#1660,#1661,#1662));
#5812=EDGE_LOOP('',(#1663,#1664,#1665,#1666));
#5813=EDGE_LOOP('',(#1667,#1668,#1669,#1670));
#5814=EDGE_LOOP('',(#1671,#1672,#1673,#1674));
#5815=EDGE_LOOP('',(#1675,#1676,#1677,#1678));
#5816=EDGE_LOOP('',(#1679,#1680,#1681,#1682));
#5817=EDGE_LOOP('',(#1683,#1684,#1685,#1686));
#5818=EDGE_LOOP('',(#1687,#1688,#1689,#1690));
#5819=EDGE_LOOP('',(#1691,#1692,#1693,#1694));
#5820=EDGE_LOOP('',(#1695,#1696,#1697,#1698));
#5821=EDGE_LOOP('',(#1699,#1700,#1701,#1702));
#5822=EDGE_LOOP('',(#1703,#1704,#1705,#1706));
#5823=EDGE_LOOP('',(#1707,#1708,#1709,#1710));
#5824=EDGE_LOOP('',(#1711,#1712,#1713,#1714,#1715));
#5825=EDGE_LOOP('',(#1716,#1717,#1718,#1719));
#5826=EDGE_LOOP('',(#1720,#1721,#1722,#1723));
#5827=EDGE_LOOP('',(#1724,#1725,#1726,#1727));
#5828=EDGE_LOOP('',(#1728,#1729,#1730,#1731));
#5829=EDGE_LOOP('',(#1732,#1733,#1734,#1735));
#5830=EDGE_LOOP('',(#1736,#1737,#1738,#1739));
#5831=EDGE_LOOP('',(#1740,#1741,#1742,#1743));
#5832=EDGE_LOOP('',(#1744,#1745,#1746,#1747));
#5833=EDGE_LOOP('',(#1748,#1749,#1750,#1751));
#5834=EDGE_LOOP('',(#1752,#1753,#1754,#1755));
#5835=EDGE_LOOP('',(#1756,#1757,#1758,#1759));
#5836=EDGE_LOOP('',(#1760,#1761,#1762,#1763));
#5837=EDGE_LOOP('',(#1764,#1765,#1766,#1767));
#5838=EDGE_LOOP('',(#1768,#1769,#1770,#1771));
#5839=EDGE_LOOP('',(#1772,#1773,#1774,#1775));
#5840=EDGE_LOOP('',(#1776,#1777,#1778,#1779));
#5841=EDGE_LOOP('',(#1780,#1781,#1782,#1783));
#5842=EDGE_LOOP('',(#1784,#1785,#1786,#1787));
#5843=EDGE_LOOP('',(#1788,#1789,#1790,#1791,#1792));
#5844=EDGE_LOOP('',(#1793,#1794,#1795,#1796,#1797));
#5845=EDGE_LOOP('',(#1798,#1799,#1800,#1801));
#5846=EDGE_LOOP('',(#1802,#1803,#1804,#1805,#1806));
#5847=EDGE_LOOP('',(#1807,#1808,#1809,#1810));
#5848=EDGE_LOOP('',(#1811,#1812,#1813,#1814,#1815));
#5849=EDGE_LOOP('',(#1816,#1817,#1818,#1819));
#5850=EDGE_LOOP('',(#1820,#1821,#1822,#1823,#1824));
#5851=EDGE_LOOP('',(#1825,#1826,#1827,#1828));
#5852=EDGE_LOOP('',(#1829,#1830,#1831,#1832,#1833));
#5853=EDGE_LOOP('',(#1834,#1835,#1836,#1837));
#5854=EDGE_LOOP('',(#1838,#1839,#1840,#1841,#1842));
#5855=EDGE_LOOP('',(#1843,#1844,#1845,#1846));
#5856=EDGE_LOOP('',(#1847,#1848,#1849,#1850));
#5857=EDGE_LOOP('',(#1851,#1852,#1853,#1854,#1855));
#5858=EDGE_LOOP('',(#1856,#1857,#1858,#1859,#1860,#1861));
#5859=EDGE_LOOP('',(#1862,#1863,#1864,#1865));
#5860=EDGE_LOOP('',(#1866,#1867,#1868,#1869));
#5861=EDGE_LOOP('',(#1870,#1871,#1872,#1873,#1874));
#5862=EDGE_LOOP('',(#1875,#1876,#1877,#1878,#1879));
#5863=EDGE_LOOP('',(#1880,#1881,#1882,#1883));
#5864=EDGE_LOOP('',(#1884,#1885,#1886,#1887,#1888));
#5865=EDGE_LOOP('',(#1889,#1890,#1891,#1892,#1893));
#5866=EDGE_LOOP('',(#1894,#1895,#1896,#1897));
#5867=EDGE_LOOP('',(#1898,#1899,#1900,#1901,#1902));
#5868=EDGE_LOOP('',(#1903,#1904,#1905,#1906,#1907));
#5869=EDGE_LOOP('',(#1908,#1909,#1910,#1911));
#5870=EDGE_LOOP('',(#1912,#1913,#1914,#1915,#1916));
#5871=EDGE_LOOP('',(#1917,#1918,#1919,#1920,#1921));
#5872=EDGE_LOOP('',(#1922,#1923,#1924,#1925));
#5873=EDGE_LOOP('',(#1926,#1927,#1928,#1929,#1930));
#5874=EDGE_LOOP('',(#1931,#1932,#1933,#1934,#1935));
#5875=EDGE_LOOP('',(#1936,#1937,#1938,#1939));
#5876=EDGE_LOOP('',(#1940,#1941,#1942,#1943,#1944));
#5877=EDGE_LOOP('',(#1945,#1946,#1947,#1948,#1949));
#5878=EDGE_LOOP('',(#1950));
#5879=EDGE_LOOP('',(#1951));
#5880=EDGE_LOOP('',(#1952));
#5881=EDGE_LOOP('',(#1953));
#5882=EDGE_LOOP('',(#1954));
#5883=EDGE_LOOP('',(#1955));
#5884=EDGE_LOOP('',(#1956));
#5885=EDGE_LOOP('',(#1957));
#5886=EDGE_LOOP('',(#1958,#1959,#1960,#1961,#1962,#1963));
#5887=EDGE_LOOP('',(#1964,#1965,#1966,#1967,#1968,#1969));
#5888=EDGE_LOOP('',(#1970));
#5889=EDGE_LOOP('',(#1971));
#5890=EDGE_LOOP('',(#1972));
#5891=EDGE_LOOP('',(#1973));
#5892=EDGE_LOOP('',(#1974));
#5893=EDGE_LOOP('',(#1975));
#5894=EDGE_LOOP('',(#1976));
#5895=EDGE_LOOP('',(#1977));
#5896=EDGE_LOOP('',(#1978));
#5897=EDGE_LOOP('',(#1979));
#5898=EDGE_LOOP('',(#1980));
#5899=EDGE_LOOP('',(#1981));
#5900=EDGE_LOOP('',(#1982));
#5901=EDGE_LOOP('',(#1983));
#5902=EDGE_LOOP('',(#1984));
#5903=EDGE_LOOP('',(#1985));
#5904=EDGE_LOOP('',(#1986,#1987,#1988,#1989,#1990,#1991,#1992));
#5905=EDGE_LOOP('',(#1993,#1994,#1995,#1996));
#5906=EDGE_LOOP('',(#1997,#1998,#1999,#2000));
#5907=EDGE_LOOP('',(#2001,#2002,#2003,#2004));
#5908=EDGE_LOOP('',(#2005,#2006,#2007,#2008));
#5909=EDGE_LOOP('',(#2009,#2010,#2011,#2012));
#5910=EDGE_LOOP('',(#2013,#2014,#2015,#2016));
#5911=EDGE_LOOP('',(#2017,#2018,#2019,#2020,#2021));
#5912=EDGE_LOOP('',(#2022,#2023,#2024));
#5913=EDGE_LOOP('',(#2025,#2026,#2027,#2028,#2029,#2030));
#5914=EDGE_LOOP('',(#2031,#2032,#2033));
#5915=EDGE_LOOP('',(#2034,#2035,#2036,#2037));
#5916=EDGE_LOOP('',(#2038,#2039,#2040,#2041,#2042,#2043));
#5917=EDGE_LOOP('',(#2044,#2045,#2046,#2047));
#5918=EDGE_LOOP('',(#2048,#2049,#2050,#2051,#2052));
#5919=EDGE_LOOP('',(#2053,#2054,#2055,#2056,#2057,#2058));
#5920=EDGE_LOOP('',(#2059,#2060,#2061,#2062,#2063));
#5921=EDGE_LOOP('',(#2064,#2065,#2066,#2067));
#5922=EDGE_LOOP('',(#2068,#2069,#2070,#2071,#2072,#2073));
#5923=EDGE_LOOP('',(#2074,#2075,#2076,#2077));
#5924=FACE_BOUND('',#5463,.T.);
#5925=FACE_BOUND('',#5464,.T.);
#5926=FACE_BOUND('',#5465,.T.);
#5927=FACE_BOUND('',#5466,.T.);
#5928=FACE_BOUND('',#5467,.T.);
#5929=FACE_BOUND('',#5468,.T.);
#5930=FACE_BOUND('',#5469,.T.);
#5931=FACE_BOUND('',#5470,.T.);
#5932=FACE_BOUND('',#5471,.T.);
#5933=FACE_BOUND('',#5472,.T.);
#5934=FACE_BOUND('',#5473,.T.);
#5935=FACE_BOUND('',#5474,.T.);
#5936=FACE_BOUND('',#5475,.T.);
#5937=FACE_BOUND('',#5476,.T.);
#5938=FACE_BOUND('',#5477,.T.);
#5939=FACE_BOUND('',#5478,.T.);
#5940=FACE_BOUND('',#5479,.T.);
#5941=FACE_BOUND('',#5480,.T.);
#5942=FACE_BOUND('',#5481,.T.);
#5943=FACE_BOUND('',#5482,.T.);
#5944=FACE_BOUND('',#5483,.T.);
#5945=FACE_BOUND('',#5484,.T.);
#5946=FACE_BOUND('',#5485,.T.);
#5947=FACE_BOUND('',#5486,.T.);
#5948=FACE_BOUND('',#5487,.T.);
#5949=FACE_BOUND('',#5488,.T.);
#5950=FACE_BOUND('',#5489,.T.);
#5951=FACE_BOUND('',#5490,.T.);
#5952=FACE_BOUND('',#5491,.T.);
#5953=FACE_BOUND('',#5492,.T.);
#5954=FACE_BOUND('',#5493,.T.);
#5955=FACE_BOUND('',#5494,.T.);
#5956=FACE_BOUND('',#5495,.T.);
#5957=FACE_BOUND('',#5496,.T.);
#5958=FACE_BOUND('',#5497,.T.);
#5959=FACE_BOUND('',#5498,.T.);
#5960=FACE_BOUND('',#5499,.T.);
#5961=FACE_BOUND('',#5500,.T.);
#5962=FACE_BOUND('',#5501,.T.);
#5963=FACE_BOUND('',#5502,.T.);
#5964=FACE_BOUND('',#5503,.T.);
#5965=FACE_BOUND('',#5504,.T.);
#5966=FACE_BOUND('',#5505,.T.);
#5967=FACE_BOUND('',#5506,.T.);
#5968=FACE_BOUND('',#5507,.T.);
#5969=FACE_BOUND('',#5508,.T.);
#5970=FACE_BOUND('',#5509,.T.);
#5971=FACE_BOUND('',#5510,.T.);
#5972=FACE_BOUND('',#5511,.T.);
#5973=FACE_BOUND('',#5512,.T.);
#5974=FACE_BOUND('',#5513,.T.);
#5975=FACE_BOUND('',#5514,.T.);
#5976=FACE_BOUND('',#5515,.T.);
#5977=FACE_BOUND('',#5516,.T.);
#5978=FACE_BOUND('',#5517,.T.);
#5979=FACE_BOUND('',#5518,.T.);
#5980=FACE_BOUND('',#5519,.T.);
#5981=FACE_BOUND('',#5520,.T.);
#5982=FACE_BOUND('',#5521,.T.);
#5983=FACE_BOUND('',#5522,.T.);
#5984=FACE_BOUND('',#5523,.T.);
#5985=FACE_BOUND('',#5524,.T.);
#5986=FACE_BOUND('',#5525,.T.);
#5987=FACE_BOUND('',#5526,.T.);
#5988=FACE_BOUND('',#5527,.T.);
#5989=FACE_BOUND('',#5528,.T.);
#5990=FACE_BOUND('',#5529,.T.);
#5991=FACE_BOUND('',#5530,.T.);
#5992=FACE_BOUND('',#5531,.T.);
#5993=FACE_BOUND('',#5532,.T.);
#5994=FACE_BOUND('',#5533,.T.);
#5995=FACE_BOUND('',#5534,.T.);
#5996=FACE_BOUND('',#5535,.T.);
#5997=FACE_BOUND('',#5536,.T.);
#5998=FACE_BOUND('',#5537,.T.);
#5999=FACE_BOUND('',#5538,.T.);
#6000=FACE_BOUND('',#5539,.T.);
#6001=FACE_BOUND('',#5540,.T.);
#6002=FACE_BOUND('',#5541,.T.);
#6003=FACE_BOUND('',#5542,.T.);
#6004=FACE_BOUND('',#5543,.T.);
#6005=FACE_BOUND('',#5544,.T.);
#6006=FACE_BOUND('',#5545,.T.);
#6007=FACE_BOUND('',#5546,.T.);
#6008=FACE_BOUND('',#5547,.T.);
#6009=FACE_BOUND('',#5548,.T.);
#6010=FACE_BOUND('',#5549,.T.);
#6011=FACE_BOUND('',#5550,.T.);
#6012=FACE_BOUND('',#5551,.T.);
#6013=FACE_BOUND('',#5552,.T.);
#6014=FACE_BOUND('',#5553,.T.);
#6015=FACE_BOUND('',#5554,.T.);
#6016=FACE_BOUND('',#5555,.T.);
#6017=FACE_BOUND('',#5556,.T.);
#6018=FACE_BOUND('',#5557,.T.);
#6019=FACE_BOUND('',#5558,.T.);
#6020=FACE_BOUND('',#5559,.T.);
#6021=FACE_BOUND('',#5560,.T.);
#6022=FACE_BOUND('',#5561,.T.);
#6023=FACE_BOUND('',#5562,.T.);
#6024=FACE_BOUND('',#5563,.T.);
#6025=FACE_BOUND('',#5564,.T.);
#6026=FACE_BOUND('',#5565,.T.);
#6027=FACE_BOUND('',#5566,.T.);
#6028=FACE_BOUND('',#5567,.T.);
#6029=FACE_BOUND('',#5568,.T.);
#6030=FACE_BOUND('',#5569,.T.);
#6031=FACE_BOUND('',#5570,.T.);
#6032=FACE_BOUND('',#5571,.T.);
#6033=FACE_BOUND('',#5572,.T.);
#6034=FACE_BOUND('',#5573,.T.);
#6035=FACE_BOUND('',#5574,.T.);
#6036=FACE_BOUND('',#5575,.T.);
#6037=FACE_BOUND('',#5576,.T.);
#6038=FACE_BOUND('',#5577,.T.);
#6039=FACE_BOUND('',#5578,.T.);
#6040=FACE_BOUND('',#5579,.T.);
#6041=FACE_BOUND('',#5580,.T.);
#6042=FACE_BOUND('',#5581,.T.);
#6043=FACE_BOUND('',#5582,.T.);
#6044=FACE_BOUND('',#5583,.T.);
#6045=FACE_BOUND('',#5584,.T.);
#6046=FACE_BOUND('',#5585,.T.);
#6047=FACE_BOUND('',#5586,.T.);
#6048=FACE_BOUND('',#5587,.T.);
#6049=FACE_BOUND('',#5588,.T.);
#6050=FACE_BOUND('',#5589,.T.);
#6051=FACE_BOUND('',#5590,.T.);
#6052=FACE_BOUND('',#5591,.T.);
#6053=FACE_BOUND('',#5592,.T.);
#6054=FACE_BOUND('',#5593,.T.);
#6055=FACE_BOUND('',#5594,.T.);
#6056=FACE_BOUND('',#5595,.T.);
#6057=FACE_BOUND('',#5596,.T.);
#6058=FACE_BOUND('',#5597,.T.);
#6059=FACE_BOUND('',#5598,.T.);
#6060=FACE_BOUND('',#5599,.T.);
#6061=FACE_BOUND('',#5600,.T.);
#6062=FACE_BOUND('',#5601,.T.);
#6063=FACE_BOUND('',#5602,.T.);
#6064=FACE_BOUND('',#5603,.T.);
#6065=FACE_BOUND('',#5604,.T.);
#6066=FACE_BOUND('',#5605,.T.);
#6067=FACE_BOUND('',#5606,.T.);
#6068=FACE_BOUND('',#5607,.T.);
#6069=FACE_BOUND('',#5608,.T.);
#6070=FACE_BOUND('',#5609,.T.);
#6071=FACE_BOUND('',#5610,.T.);
#6072=FACE_BOUND('',#5611,.T.);
#6073=FACE_BOUND('',#5612,.T.);
#6074=FACE_BOUND('',#5613,.T.);
#6075=FACE_BOUND('',#5614,.T.);
#6076=FACE_BOUND('',#5615,.T.);
#6077=FACE_BOUND('',#5616,.T.);
#6078=FACE_BOUND('',#5617,.T.);
#6079=FACE_BOUND('',#5618,.T.);
#6080=FACE_BOUND('',#5619,.T.);
#6081=FACE_BOUND('',#5620,.T.);
#6082=FACE_BOUND('',#5621,.T.);
#6083=FACE_BOUND('',#5622,.T.);
#6084=FACE_BOUND('',#5623,.T.);
#6085=FACE_BOUND('',#5624,.T.);
#6086=FACE_BOUND('',#5625,.T.);
#6087=FACE_BOUND('',#5626,.T.);
#6088=FACE_BOUND('',#5627,.T.);
#6089=FACE_BOUND('',#5628,.T.);
#6090=FACE_BOUND('',#5629,.T.);
#6091=FACE_BOUND('',#5630,.T.);
#6092=FACE_BOUND('',#5631,.T.);
#6093=FACE_BOUND('',#5632,.T.);
#6094=FACE_BOUND('',#5633,.T.);
#6095=FACE_BOUND('',#5634,.T.);
#6096=FACE_BOUND('',#5635,.T.);
#6097=FACE_BOUND('',#5636,.T.);
#6098=FACE_BOUND('',#5637,.T.);
#6099=FACE_BOUND('',#5638,.T.);
#6100=FACE_BOUND('',#5639,.T.);
#6101=FACE_BOUND('',#5640,.T.);
#6102=FACE_BOUND('',#5641,.T.);
#6103=FACE_BOUND('',#5642,.T.);
#6104=FACE_BOUND('',#5643,.T.);
#6105=FACE_BOUND('',#5644,.T.);
#6106=FACE_BOUND('',#5645,.T.);
#6107=FACE_BOUND('',#5646,.T.);
#6108=FACE_BOUND('',#5647,.T.);
#6109=FACE_BOUND('',#5648,.T.);
#6110=FACE_BOUND('',#5649,.T.);
#6111=FACE_BOUND('',#5650,.T.);
#6112=FACE_BOUND('',#5651,.T.);
#6113=FACE_BOUND('',#5652,.T.);
#6114=FACE_BOUND('',#5653,.T.);
#6115=FACE_BOUND('',#5654,.T.);
#6116=FACE_BOUND('',#5655,.T.);
#6117=FACE_BOUND('',#5656,.T.);
#6118=FACE_BOUND('',#5657,.T.);
#6119=FACE_BOUND('',#5658,.T.);
#6120=FACE_BOUND('',#5659,.T.);
#6121=FACE_BOUND('',#5660,.T.);
#6122=FACE_BOUND('',#5661,.T.);
#6123=FACE_BOUND('',#5662,.T.);
#6124=FACE_BOUND('',#5663,.T.);
#6125=FACE_BOUND('',#5664,.T.);
#6126=FACE_BOUND('',#5665,.T.);
#6127=FACE_BOUND('',#5666,.T.);
#6128=FACE_BOUND('',#5667,.T.);
#6129=FACE_BOUND('',#5668,.T.);
#6130=FACE_BOUND('',#5669,.T.);
#6131=FACE_BOUND('',#5670,.T.);
#6132=FACE_BOUND('',#5671,.T.);
#6133=FACE_BOUND('',#5672,.T.);
#6134=FACE_BOUND('',#5673,.T.);
#6135=FACE_BOUND('',#5674,.T.);
#6136=FACE_BOUND('',#5675,.T.);
#6137=FACE_BOUND('',#5676,.T.);
#6138=FACE_BOUND('',#5677,.T.);
#6139=FACE_BOUND('',#5678,.T.);
#6140=FACE_BOUND('',#5679,.T.);
#6141=FACE_BOUND('',#5680,.T.);
#6142=FACE_BOUND('',#5681,.T.);
#6143=FACE_BOUND('',#5682,.T.);
#6144=FACE_BOUND('',#5683,.T.);
#6145=FACE_BOUND('',#5684,.T.);
#6146=FACE_BOUND('',#5685,.T.);
#6147=FACE_BOUND('',#5686,.T.);
#6148=FACE_BOUND('',#5687,.T.);
#6149=FACE_BOUND('',#5688,.T.);
#6150=FACE_BOUND('',#5689,.T.);
#6151=FACE_BOUND('',#5690,.T.);
#6152=FACE_BOUND('',#5691,.T.);
#6153=FACE_BOUND('',#5692,.T.);
#6154=FACE_BOUND('',#5693,.T.);
#6155=FACE_BOUND('',#5694,.T.);
#6156=FACE_BOUND('',#5695,.T.);
#6157=FACE_BOUND('',#5696,.T.);
#6158=FACE_BOUND('',#5697,.T.);
#6159=FACE_BOUND('',#5698,.T.);
#6160=FACE_BOUND('',#5699,.T.);
#6161=FACE_BOUND('',#5700,.T.);
#6162=FACE_BOUND('',#5701,.T.);
#6163=FACE_BOUND('',#5702,.T.);
#6164=FACE_BOUND('',#5703,.T.);
#6165=FACE_BOUND('',#5704,.T.);
#6166=FACE_BOUND('',#5705,.T.);
#6167=FACE_BOUND('',#5706,.T.);
#6168=FACE_BOUND('',#5707,.T.);
#6169=FACE_BOUND('',#5708,.T.);
#6170=FACE_BOUND('',#5709,.T.);
#6171=FACE_BOUND('',#5710,.T.);
#6172=FACE_BOUND('',#5711,.T.);
#6173=FACE_BOUND('',#5712,.T.);
#6174=FACE_BOUND('',#5713,.T.);
#6175=FACE_BOUND('',#5714,.T.);
#6176=FACE_BOUND('',#5715,.T.);
#6177=FACE_BOUND('',#5716,.T.);
#6178=FACE_BOUND('',#5717,.T.);
#6179=FACE_BOUND('',#5718,.T.);
#6180=FACE_BOUND('',#5719,.T.);
#6181=FACE_BOUND('',#5720,.T.);
#6182=FACE_BOUND('',#5721,.T.);
#6183=FACE_BOUND('',#5722,.T.);
#6184=FACE_BOUND('',#5723,.T.);
#6185=FACE_BOUND('',#5724,.T.);
#6186=FACE_BOUND('',#5725,.T.);
#6187=FACE_BOUND('',#5726,.T.);
#6188=FACE_BOUND('',#5727,.T.);
#6189=FACE_BOUND('',#5728,.T.);
#6190=FACE_BOUND('',#5729,.T.);
#6191=FACE_BOUND('',#5730,.T.);
#6192=FACE_BOUND('',#5731,.T.);
#6193=FACE_BOUND('',#5732,.T.);
#6194=FACE_BOUND('',#5733,.T.);
#6195=FACE_BOUND('',#5734,.T.);
#6196=FACE_BOUND('',#5735,.T.);
#6197=FACE_BOUND('',#5736,.T.);
#6198=FACE_BOUND('',#5737,.T.);
#6199=FACE_BOUND('',#5738,.T.);
#6200=FACE_BOUND('',#5739,.T.);
#6201=FACE_BOUND('',#5740,.T.);
#6202=FACE_BOUND('',#5741,.T.);
#6203=FACE_BOUND('',#5742,.T.);
#6204=FACE_BOUND('',#5743,.T.);
#6205=FACE_BOUND('',#5744,.T.);
#6206=FACE_BOUND('',#5745,.T.);
#6207=FACE_BOUND('',#5746,.T.);
#6208=FACE_BOUND('',#5747,.T.);
#6209=FACE_BOUND('',#5748,.T.);
#6210=FACE_BOUND('',#5749,.T.);
#6211=FACE_BOUND('',#5750,.T.);
#6212=FACE_BOUND('',#5751,.T.);
#6213=FACE_BOUND('',#5752,.T.);
#6214=FACE_BOUND('',#5753,.T.);
#6215=FACE_BOUND('',#5754,.T.);
#6216=FACE_BOUND('',#5755,.T.);
#6217=FACE_BOUND('',#5756,.T.);
#6218=FACE_BOUND('',#5757,.T.);
#6219=FACE_BOUND('',#5758,.T.);
#6220=FACE_BOUND('',#5759,.T.);
#6221=FACE_BOUND('',#5760,.T.);
#6222=FACE_BOUND('',#5761,.T.);
#6223=FACE_BOUND('',#5762,.T.);
#6224=FACE_BOUND('',#5763,.T.);
#6225=FACE_BOUND('',#5764,.T.);
#6226=FACE_BOUND('',#5765,.T.);
#6227=FACE_BOUND('',#5766,.T.);
#6228=FACE_BOUND('',#5767,.T.);
#6229=FACE_BOUND('',#5768,.T.);
#6230=FACE_BOUND('',#5769,.T.);
#6231=FACE_BOUND('',#5770,.T.);
#6232=FACE_BOUND('',#5771,.T.);
#6233=FACE_BOUND('',#5772,.T.);
#6234=FACE_BOUND('',#5773,.T.);
#6235=FACE_BOUND('',#5774,.T.);
#6236=FACE_BOUND('',#5775,.T.);
#6237=FACE_BOUND('',#5776,.T.);
#6238=FACE_BOUND('',#5777,.T.);
#6239=FACE_BOUND('',#5778,.T.);
#6240=FACE_BOUND('',#5779,.T.);
#6241=FACE_BOUND('',#5780,.T.);
#6242=FACE_BOUND('',#5781,.T.);
#6243=FACE_BOUND('',#5782,.T.);
#6244=FACE_BOUND('',#5783,.T.);
#6245=FACE_BOUND('',#5784,.T.);
#6246=FACE_BOUND('',#5785,.T.);
#6247=FACE_BOUND('',#5786,.T.);
#6248=FACE_BOUND('',#5787,.T.);
#6249=FACE_BOUND('',#5788,.T.);
#6250=FACE_BOUND('',#5789,.T.);
#6251=FACE_BOUND('',#5790,.T.);
#6252=FACE_BOUND('',#5791,.T.);
#6253=FACE_BOUND('',#5792,.T.);
#6254=FACE_BOUND('',#5793,.T.);
#6255=FACE_BOUND('',#5794,.T.);
#6256=FACE_BOUND('',#5795,.T.);
#6257=FACE_BOUND('',#5796,.T.);
#6258=FACE_BOUND('',#5797,.T.);
#6259=FACE_BOUND('',#5798,.T.);
#6260=FACE_BOUND('',#5799,.T.);
#6261=FACE_BOUND('',#5800,.T.);
#6262=FACE_BOUND('',#5801,.T.);
#6263=FACE_BOUND('',#5802,.T.);
#6264=FACE_BOUND('',#5803,.T.);
#6265=FACE_BOUND('',#5804,.T.);
#6266=FACE_BOUND('',#5805,.T.);
#6267=FACE_BOUND('',#5806,.T.);
#6268=FACE_BOUND('',#5807,.T.);
#6269=FACE_BOUND('',#5808,.T.);
#6270=FACE_BOUND('',#5809,.T.);
#6271=FACE_BOUND('',#5810,.T.);
#6272=FACE_BOUND('',#5811,.T.);
#6273=FACE_BOUND('',#5812,.T.);
#6274=FACE_BOUND('',#5813,.T.);
#6275=FACE_BOUND('',#5814,.T.);
#6276=FACE_BOUND('',#5815,.T.);
#6277=FACE_BOUND('',#5816,.T.);
#6278=FACE_BOUND('',#5817,.T.);
#6279=FACE_BOUND('',#5818,.T.);
#6280=FACE_BOUND('',#5819,.T.);
#6281=FACE_BOUND('',#5820,.T.);
#6282=FACE_BOUND('',#5821,.T.);
#6283=FACE_BOUND('',#5822,.T.);
#6284=FACE_BOUND('',#5823,.T.);
#6285=FACE_BOUND('',#5824,.T.);
#6286=FACE_BOUND('',#5825,.T.);
#6287=FACE_BOUND('',#5826,.T.);
#6288=FACE_BOUND('',#5827,.T.);
#6289=FACE_BOUND('',#5828,.T.);
#6290=FACE_BOUND('',#5829,.T.);
#6291=FACE_BOUND('',#5830,.T.);
#6292=FACE_BOUND('',#5831,.T.);
#6293=FACE_BOUND('',#5832,.T.);
#6294=FACE_BOUND('',#5833,.T.);
#6295=FACE_BOUND('',#5834,.T.);
#6296=FACE_BOUND('',#5835,.T.);
#6297=FACE_BOUND('',#5836,.T.);
#6298=FACE_BOUND('',#5837,.T.);
#6299=FACE_BOUND('',#5838,.T.);
#6300=FACE_BOUND('',#5839,.T.);
#6301=FACE_BOUND('',#5840,.T.);
#6302=FACE_BOUND('',#5841,.T.);
#6303=FACE_BOUND('',#5842,.T.);
#6304=FACE_BOUND('',#5843,.T.);
#6305=FACE_BOUND('',#5844,.T.);
#6306=FACE_BOUND('',#5845,.T.);
#6307=FACE_BOUND('',#5846,.T.);
#6308=FACE_BOUND('',#5847,.T.);
#6309=FACE_BOUND('',#5848,.T.);
#6310=FACE_BOUND('',#5849,.T.);
#6311=FACE_BOUND('',#5850,.T.);
#6312=FACE_BOUND('',#5851,.T.);
#6313=FACE_BOUND('',#5852,.T.);
#6314=FACE_BOUND('',#5853,.T.);
#6315=FACE_BOUND('',#5854,.T.);
#6316=FACE_BOUND('',#5855,.T.);
#6317=FACE_BOUND('',#5856,.T.);
#6318=FACE_BOUND('',#5857,.T.);
#6319=FACE_BOUND('',#5858,.T.);
#6320=FACE_BOUND('',#5859,.T.);
#6321=FACE_BOUND('',#5860,.T.);
#6322=FACE_BOUND('',#5861,.T.);
#6323=FACE_BOUND('',#5862,.T.);
#6324=FACE_BOUND('',#5863,.T.);
#6325=FACE_BOUND('',#5864,.T.);
#6326=FACE_BOUND('',#5865,.T.);
#6327=FACE_BOUND('',#5866,.T.);
#6328=FACE_BOUND('',#5867,.T.);
#6329=FACE_BOUND('',#5868,.T.);
#6330=FACE_BOUND('',#5869,.T.);
#6331=FACE_BOUND('',#5870,.T.);
#6332=FACE_BOUND('',#5871,.T.);
#6333=FACE_BOUND('',#5872,.T.);
#6334=FACE_BOUND('',#5873,.T.);
#6335=FACE_BOUND('',#5874,.T.);
#6336=FACE_BOUND('',#5875,.T.);
#6337=FACE_BOUND('',#5876,.T.);
#6338=FACE_BOUND('',#5877,.T.);
#6339=FACE_BOUND('',#5878,.T.);
#6340=FACE_BOUND('',#5879,.T.);
#6341=FACE_BOUND('',#5880,.T.);
#6342=FACE_BOUND('',#5881,.T.);
#6343=FACE_BOUND('',#5882,.T.);
#6344=FACE_BOUND('',#5883,.T.);
#6345=FACE_BOUND('',#5884,.T.);
#6346=FACE_BOUND('',#5885,.T.);
#6347=FACE_BOUND('',#5886,.T.);
#6348=FACE_BOUND('',#5887,.T.);
#6349=FACE_BOUND('',#5888,.T.);
#6350=FACE_BOUND('',#5889,.T.);
#6351=FACE_BOUND('',#5890,.T.);
#6352=FACE_BOUND('',#5891,.T.);
#6353=FACE_BOUND('',#5892,.T.);
#6354=FACE_BOUND('',#5893,.T.);
#6355=FACE_BOUND('',#5894,.T.);
#6356=FACE_BOUND('',#5895,.T.);
#6357=FACE_BOUND('',#5896,.T.);
#6358=FACE_BOUND('',#5897,.T.);
#6359=FACE_BOUND('',#5898,.T.);
#6360=FACE_BOUND('',#5899,.T.);
#6361=FACE_BOUND('',#5900,.T.);
#6362=FACE_BOUND('',#5901,.T.);
#6363=FACE_BOUND('',#5902,.T.);
#6364=FACE_BOUND('',#5903,.T.);
#6365=FACE_BOUND('',#5904,.T.);
#6366=FACE_BOUND('',#5905,.T.);
#6367=FACE_BOUND('',#5906,.T.);
#6368=FACE_BOUND('',#5907,.T.);
#6369=FACE_BOUND('',#5908,.T.);
#6370=FACE_BOUND('',#5909,.T.);
#6371=FACE_BOUND('',#5910,.T.);
#6372=FACE_BOUND('',#5911,.T.);
#6373=FACE_BOUND('',#5912,.T.);
#6374=FACE_BOUND('',#5913,.T.);
#6375=FACE_BOUND('',#5914,.T.);
#6376=FACE_BOUND('',#5915,.T.);
#6377=FACE_BOUND('',#5916,.T.);
#6378=FACE_BOUND('',#5917,.T.);
#6379=FACE_BOUND('',#5918,.T.);
#6380=FACE_BOUND('',#5919,.T.);
#6381=FACE_BOUND('',#5920,.T.);
#6382=FACE_BOUND('',#5921,.T.);
#6383=FACE_BOUND('',#5922,.T.);
#6384=FACE_BOUND('',#5923,.T.);
#6385=PLANE('',#7130);
#6386=PLANE('',#7131);
#6387=PLANE('',#7132);
#6388=PLANE('',#7133);
#6389=PLANE('',#7134);
#6390=PLANE('',#7135);
#6391=PLANE('',#7136);
#6392=PLANE('',#7137);
#6393=PLANE('',#7138);
#6394=PLANE('',#7139);
#6395=PLANE('',#7140);
#6396=PLANE('',#7141);
#6397=PLANE('',#7142);
#6398=PLANE('',#7143);
#6399=PLANE('',#7144);
#6400=PLANE('',#7145);
#6401=PLANE('',#7146);
#6402=PLANE('',#7147);
#6403=PLANE('',#7148);
#6404=PLANE('',#7149);
#6405=PLANE('',#7150);
#6406=PLANE('',#7151);
#6407=PLANE('',#7152);
#6408=PLANE('',#7153);
#6409=PLANE('',#7154);
#6410=PLANE('',#7155);
#6411=PLANE('',#7156);
#6412=PLANE('',#7157);
#6413=PLANE('',#7158);
#6414=PLANE('',#7159);
#6415=PLANE('',#7160);
#6416=PLANE('',#7161);
#6417=PLANE('',#7162);
#6418=PLANE('',#7163);
#6419=PLANE('',#7164);
#6420=PLANE('',#7165);
#6421=PLANE('',#7166);
#6422=PLANE('',#7167);
#6423=PLANE('',#7168);
#6424=PLANE('',#7169);
#6425=PLANE('',#7170);
#6426=PLANE('',#7171);
#6427=PLANE('',#7172);
#6428=PLANE('',#7181);
#6429=PLANE('',#7182);
#6430=PLANE('',#7183);
#6431=PLANE('',#7184);
#6432=PLANE('',#7185);
#6433=PLANE('',#7186);
#6434=PLANE('',#7187);
#6435=PLANE('',#7188);
#6436=PLANE('',#7189);
#6437=PLANE('',#7190);
#6438=PLANE('',#7191);
#6439=PLANE('',#7192);
#6440=PLANE('',#7193);
#6441=PLANE('',#7198);
#6442=PLANE('',#7199);
#6443=PLANE('',#7200);
#6444=PLANE('',#7221);
#6445=PLANE('',#7222);
#6446=PLANE('',#7223);
#6447=PLANE('',#7224);
#6448=PLANE('',#7225);
#6449=PLANE('',#7230);
#6450=PLANE('',#7231);
#6451=PLANE('',#7232);
#6452=PLANE('',#7233);
#6453=PLANE('',#7234);
#6454=PLANE('',#7235);
#6455=PLANE('',#7236);
#6456=PLANE('',#7237);
#6457=PLANE('',#7241);
#6458=PLANE('',#7242);
#6459=PLANE('',#7243);
#6460=PLANE('',#7247);
#6461=PLANE('',#7248);
#6462=PLANE('',#7252);
#6463=PLANE('',#7253);
#6464=PLANE('',#7260);
#6465=PLANE('',#7265);
#6466=PLANE('',#7270);
#6467=PLANE('',#7275);
#6468=PLANE('',#7281);
#6469=PLANE('',#7282);
#6470=PLANE('',#7283);
#6471=PLANE('',#7284);
#6472=PLANE('',#7285);
#6473=PLANE('',#7286);
#6474=PLANE('',#7287);
#6475=PLANE('',#7288);
#6476=PLANE('',#7289);
#6477=PLANE('',#7290);
#6478=PLANE('',#7291);
#6479=PLANE('',#7292);
#6480=PLANE('',#7293);
#6481=PLANE('',#7294);
#6482=PLANE('',#7295);
#6483=PLANE('',#7296);
#6484=PLANE('',#7297);
#6485=PLANE('',#7298);
#6486=PLANE('',#7299);
#6487=PLANE('',#7300);
#6488=PLANE('',#7301);
#6489=PLANE('',#7302);
#6490=PLANE('',#7303);
#6491=PLANE('',#7304);
#6492=PLANE('',#7305);
#6493=PLANE('',#7306);
#6494=PLANE('',#7307);
#6495=PLANE('',#7308);
#6496=PLANE('',#7309);
#6497=PLANE('',#7310);
#6498=PLANE('',#7311);
#6499=PLANE('',#7312);
#6500=PLANE('',#7313);
#6501=PLANE('',#7314);
#6502=PLANE('',#7315);
#6503=PLANE('',#7316);
#6504=PLANE('',#7317);
#6505=PLANE('',#7318);
#6506=PLANE('',#7319);
#6507=PLANE('',#7320);
#6508=PLANE('',#7321);
#6509=PLANE('',#7322);
#6510=PLANE('',#7323);
#6511=PLANE('',#7324);
#6512=PLANE('',#7325);
#6513=PLANE('',#7326);
#6514=PLANE('',#7327);
#6515=PLANE('',#7328);
#6516=PLANE('',#7329);
#6517=PLANE('',#7330);
#6518=PLANE('',#7331);
#6519=PLANE('',#7332);
#6520=PLANE('',#7333);
#6521=PLANE('',#7334);
#6522=PLANE('',#7335);
#6523=PLANE('',#7336);
#6524=PLANE('',#7337);
#6525=PLANE('',#7338);
#6526=PLANE('',#7339);
#6527=PLANE('',#7340);
#6528=PLANE('',#7341);
#6529=PLANE('',#7342);
#6530=PLANE('',#7343);
#6531=PLANE('',#7344);
#6532=PLANE('',#7345);
#6533=PLANE('',#7346);
#6534=PLANE('',#7347);
#6535=PLANE('',#7348);
#6536=PLANE('',#7349);
#6537=PLANE('',#7350);
#6538=PLANE('',#7351);
#6539=PLANE('',#7352);
#6540=PLANE('',#7353);
#6541=PLANE('',#7354);
#6542=PLANE('',#7355);
#6543=PLANE('',#7356);
#6544=PLANE('',#7357);
#6545=PLANE('',#7358);
#6546=PLANE('',#7359);
#6547=PLANE('',#7360);
#6548=PLANE('',#7361);
#6549=PLANE('',#7362);
#6550=PLANE('',#7363);
#6551=PLANE('',#7364);
#6552=PLANE('',#7365);
#6553=PLANE('',#7366);
#6554=PLANE('',#7367);
#6555=PLANE('',#7368);
#6556=PLANE('',#7369);
#6557=PLANE('',#7370);
#6558=PLANE('',#7371);
#6559=PLANE('',#7372);
#6560=PLANE('',#7373);
#6561=PLANE('',#7374);
#6562=PLANE('',#7375);
#6563=PLANE('',#7376);
#6564=PLANE('',#7377);
#6565=PLANE('',#7378);
#6566=PLANE('',#7379);
#6567=PLANE('',#7380);
#6568=PLANE('',#7381);
#6569=PLANE('',#7382);
#6570=PLANE('',#7383);
#6571=PLANE('',#7384);
#6572=PLANE('',#7385);
#6573=PLANE('',#7387);
#6574=PLANE('',#7388);
#6575=PLANE('',#7389);
#6576=PLANE('',#7390);
#6577=PLANE('',#7392);
#6578=PLANE('',#7393);
#6579=PLANE('',#7394);
#6580=PLANE('',#7396);
#6581=PLANE('',#7397);
#6582=PLANE('',#7398);
#6583=PLANE('',#7399);
#6584=PLANE('',#7400);
#6585=PLANE('',#7401);
#6586=PLANE('',#7402);
#6587=PLANE('',#7403);
#6588=PLANE('',#7404);
#6589=PLANE('',#7405);
#6590=PLANE('',#7406);
#6591=PLANE('',#7408);
#6592=PLANE('',#7409);
#6593=PLANE('',#7410);
#6594=PLANE('',#7411);
#6595=PLANE('',#7412);
#6596=PLANE('',#7413);
#6597=PLANE('',#7414);
#6598=PLANE('',#7415);
#6599=PLANE('',#7416);
#6600=PLANE('',#7417);
#6601=PLANE('',#7418);
#6602=PLANE('',#7419);
#6603=PLANE('',#7420);
#6604=PLANE('',#7421);
#6605=PLANE('',#7422);
#6606=PLANE('',#7423);
#6607=PLANE('',#7424);
#6608=PLANE('',#7425);
#6609=PLANE('',#7426);
#6610=PLANE('',#7427);
#6611=PLANE('',#7428);
#6612=PLANE('',#7429);
#6613=PLANE('',#7430);
#6614=PLANE('',#7431);
#6615=PLANE('',#7432);
#6616=PLANE('',#7433);
#6617=PLANE('',#7434);
#6618=PLANE('',#7435);
#6619=PLANE('',#7436);
#6620=PLANE('',#7437);
#6621=PLANE('',#7438);
#6622=PLANE('',#7439);
#6623=PLANE('',#7440);
#6624=PLANE('',#7441);
#6625=PLANE('',#7442);
#6626=PLANE('',#7443);
#6627=PLANE('',#7444);
#6628=PLANE('',#7445);
#6629=PLANE('',#7446);
#6630=PLANE('',#7447);
#6631=PLANE('',#7456);
#6632=PLANE('',#7457);
#6633=PLANE('',#7458);
#6634=PLANE('',#7459);
#6635=PLANE('',#7460);
#6636=PLANE('',#7461);
#6637=PLANE('',#7462);
#6638=PLANE('',#7463);
#6639=PLANE('',#7464);
#6640=PLANE('',#7465);
#6641=PLANE('',#7466);
#6642=PLANE('',#7467);
#6643=PLANE('',#7468);
#6644=PLANE('',#7469);
#6645=PLANE('',#7470);
#6646=PLANE('',#7471);
#6647=PLANE('',#7472);
#6648=PLANE('',#7473);
#6649=PLANE('',#7474);
#6650=PLANE('',#7476);
#6651=PLANE('',#7477);
#6652=PLANE('',#7478);
#6653=PLANE('',#7480);
#6654=PLANE('',#7481);
#6655=PLANE('',#7482);
#6656=PLANE('',#7483);
#6657=PLANE('',#7484);
#6658=PLANE('',#7485);
#6659=PLANE('',#7486);
#6660=PLANE('',#7487);
#6661=PLANE('',#7489);
#6662=PLANE('',#7490);
#6663=PLANE('',#7491);
#6664=PLANE('',#7493);
#6665=PLANE('',#7494);
#6666=PLANE('',#7495);
#6667=PLANE('',#7496);
#6668=PLANE('',#7497);
#6669=PLANE('',#7498);
#6670=PLANE('',#7499);
#6671=PLANE('',#7500);
#6672=PLANE('',#7501);
#6673=PLANE('',#7502);
#6674=PLANE('',#7503);
#6675=PLANE('',#7504);
#6676=PLANE('',#7505);
#6677=PLANE('',#7506);
#6678=PLANE('',#7507);
#6679=PLANE('',#7508);
#6680=PLANE('',#7509);
#6681=PLANE('',#7510);
#6682=PLANE('',#7511);
#6683=PLANE('',#7512);
#6684=PLANE('',#7513);
#6685=PLANE('',#7514);
#6686=PLANE('',#7515);
#6687=PLANE('',#7516);
#6688=PLANE('',#7517);
#6689=PLANE('',#7518);
#6690=PLANE('',#7519);
#6691=PLANE('',#7520);
#6692=PLANE('',#7521);
#6693=PLANE('',#7522);
#6694=PLANE('',#7523);
#6695=PLANE('',#7524);
#6696=PLANE('',#7525);
#6697=PLANE('',#7526);
#6698=PLANE('',#7527);
#6699=PLANE('',#7528);
#6700=PLANE('',#7529);
#6701=PLANE('',#7530);
#6702=PLANE('',#7531);
#6703=PLANE('',#7532);
#6704=PLANE('',#7533);
#6705=PLANE('',#7534);
#6706=PLANE('',#7535);
#6707=PLANE('',#7548);
#6708=PLANE('',#7549);
#6709=PLANE('',#7558);
#6710=PLANE('',#7559);
#6711=PLANE('',#7560);
#6712=PLANE('',#7561);
#6713=PLANE('',#7562);
#6714=PLANE('',#7563);
#6715=PLANE('',#7564);
#6716=PLANE('',#7565);
#6717=PLANE('',#7566);
#6718=PLANE('',#7567);
#6719=PLANE('',#7568);
#6720=PLANE('',#7569);
#6721=PLANE('',#7570);
#6722=PLANE('',#7571);
#6723=PLANE('',#7572);
#6724=PLANE('',#7573);
#6725=PLANE('',#7574);
#6726=PLANE('',#7575);
#6727=PLANE('',#7576);
#6728=PLANE('',#7577);
#6729=ADVANCED_FACE('',(#5924),#6385,.F.);
#6730=ADVANCED_FACE('',(#5925),#6386,.F.);
#6731=ADVANCED_FACE('',(#5926),#6387,.F.);
#6732=ADVANCED_FACE('',(#5927),#6388,.F.);
#6733=ADVANCED_FACE('',(#5928),#6389,.F.);
#6734=ADVANCED_FACE('',(#5929),#6390,.F.);
#6735=ADVANCED_FACE('',(#5930),#6391,.F.);
#6736=ADVANCED_FACE('',(#5931),#6392,.F.);
#6737=ADVANCED_FACE('',(#5932),#6393,.F.);
#6738=ADVANCED_FACE('',(#5933),#6394,.F.);
#6739=ADVANCED_FACE('',(#5934),#6395,.F.);
#6740=ADVANCED_FACE('',(#5935),#6396,.F.);
#6741=ADVANCED_FACE('',(#5936),#6397,.F.);
#6742=ADVANCED_FACE('',(#5937),#6398,.F.);
#6743=ADVANCED_FACE('',(#5938),#6399,.F.);
#6744=ADVANCED_FACE('',(#5939),#6400,.F.);
#6745=ADVANCED_FACE('',(#5940),#6401,.F.);
#6746=ADVANCED_FACE('',(#5941),#6402,.F.);
#6747=ADVANCED_FACE('',(#5942),#6403,.F.);
#6748=ADVANCED_FACE('',(#5943),#6404,.F.);
#6749=ADVANCED_FACE('',(#5944),#6405,.F.);
#6750=ADVANCED_FACE('',(#5945),#6406,.F.);
#6751=ADVANCED_FACE('',(#5946),#6407,.F.);
#6752=ADVANCED_FACE('',(#5947),#6408,.F.);
#6753=ADVANCED_FACE('',(#5948),#6409,.F.);
#6754=ADVANCED_FACE('',(#5949),#6410,.F.);
#6755=ADVANCED_FACE('',(#5950),#6411,.F.);
#6756=ADVANCED_FACE('',(#5951),#6412,.F.);
#6757=ADVANCED_FACE('',(#5952),#6413,.F.);
#6758=ADVANCED_FACE('',(#5953),#6414,.F.);
#6759=ADVANCED_FACE('',(#5954),#6415,.F.);
#6760=ADVANCED_FACE('',(#5955),#6416,.F.);
#6761=ADVANCED_FACE('',(#5956),#6417,.F.);
#6762=ADVANCED_FACE('',(#5957),#6418,.F.);
#6763=ADVANCED_FACE('',(#5958),#6419,.F.);
#6764=ADVANCED_FACE('',(#5959),#6420,.F.);
#6765=ADVANCED_FACE('',(#5960),#6421,.F.);
#6766=ADVANCED_FACE('',(#5961),#6422,.F.);
#6767=ADVANCED_FACE('',(#5962),#6423,.T.);
#6768=ADVANCED_FACE('',(#5963),#6424,.F.);
#6769=ADVANCED_FACE('',(#5964),#6425,.F.);
#6770=ADVANCED_FACE('',(#5965),#6426,.F.);
#6771=ADVANCED_FACE('',(#5966,#5967,#5968,#5969,#5970,#5971,#5972,#5973,
#5974,#5975,#5976,#5977,#5978),#6427,.T.);
#6772=ADVANCED_FACE('',(#5979),#6428,.T.);
#6773=ADVANCED_FACE('',(#5980),#6429,.F.);
#6774=ADVANCED_FACE('',(#5981),#6430,.F.);
#6775=ADVANCED_FACE('',(#5982),#6431,.F.);
#6776=ADVANCED_FACE('',(#5983),#6432,.F.);
#6777=ADVANCED_FACE('',(#5984),#6433,.F.);
#6778=ADVANCED_FACE('',(#5985),#6434,.T.);
#6779=ADVANCED_FACE('',(#5986),#6435,.F.);
#6780=ADVANCED_FACE('',(#5987),#6436,.F.);
#6781=ADVANCED_FACE('',(#5988),#6437,.T.);
#6782=ADVANCED_FACE('',(#5989),#6438,.T.);
#6783=ADVANCED_FACE('',(#5990),#6439,.T.);
#6784=ADVANCED_FACE('',(#5991,#5992,#5993),#6440,.F.);
#6785=ADVANCED_FACE('',(#5994),#6441,.F.);
#6786=ADVANCED_FACE('',(#5995),#6442,.T.);
#6787=ADVANCED_FACE('',(#5996,#5997,#5998,#5999,#6000,#6001,#6002,#6003,
#6004,#6005,#6006,#6007,#6008,#6009,#6010,#6011,#6012,#6013,#6014,#6015,
#6016,#6017),#6443,.T.);
#6788=ADVANCED_FACE('',(#6018,#6019),#56,.F.);
#6789=ADVANCED_FACE('',(#6020,#6021),#57,.F.);
#6790=ADVANCED_FACE('',(#6022,#6023),#58,.F.);
#6791=ADVANCED_FACE('',(#6024,#6025),#59,.F.);
#6792=ADVANCED_FACE('',(#6026),#6444,.T.);
#6793=ADVANCED_FACE('',(#6027),#6445,.T.);
#6794=ADVANCED_FACE('',(#6028),#6446,.F.);
#6795=ADVANCED_FACE('',(#6029),#6447,.F.);
#6796=ADVANCED_FACE('',(#6030,#6031,#6032),#6448,.F.);
#6797=ADVANCED_FACE('',(#6033),#6449,.T.);
#6798=ADVANCED_FACE('',(#6034),#6450,.F.);
#6799=ADVANCED_FACE('',(#6035),#6451,.F.);
#6800=ADVANCED_FACE('',(#6036),#6452,.T.);
#6801=ADVANCED_FACE('',(#6037),#6453,.F.);
#6802=ADVANCED_FACE('',(#6038),#6454,.F.);
#6803=ADVANCED_FACE('',(#6039),#6455,.T.);
#6804=ADVANCED_FACE('',(#6040),#6456,.F.);
#6805=ADVANCED_FACE('',(#6041),#60,.T.);
#6806=ADVANCED_FACE('',(#6042),#6457,.T.);
#6807=ADVANCED_FACE('',(#6043),#6458,.F.);
#6808=ADVANCED_FACE('',(#6044),#6459,.T.);
#6809=ADVANCED_FACE('',(#6045),#61,.T.);
#6810=ADVANCED_FACE('',(#6046),#6460,.F.);
#6811=ADVANCED_FACE('',(#6047),#6461,.T.);
#6812=ADVANCED_FACE('',(#6048),#62,.T.);
#6813=ADVANCED_FACE('',(#6049),#6462,.F.);
#6814=ADVANCED_FACE('',(#6050),#6463,.T.);
#6815=ADVANCED_FACE('',(#6051),#63,.T.);
#6816=ADVANCED_FACE('',(#6052,#6053),#64,.F.);
#6817=ADVANCED_FACE('',(#6054,#6055),#6464,.T.);
#6818=ADVANCED_FACE('',(#6056,#6057),#65,.F.);
#6819=ADVANCED_FACE('',(#6058,#6059),#6465,.T.);
#6820=ADVANCED_FACE('',(#6060,#6061),#66,.F.);
#6821=ADVANCED_FACE('',(#6062,#6063),#6466,.T.);
#6822=ADVANCED_FACE('',(#6064,#6065),#67,.F.);
#6823=ADVANCED_FACE('',(#6066,#6067),#6467,.T.);
#6824=ADVANCED_FACE('',(#6068,#6069),#28,.F.);
#6825=ADVANCED_FACE('',(#6070,#6071),#29,.F.);
#6826=ADVANCED_FACE('',(#6072,#6073),#30,.F.);
#6827=ADVANCED_FACE('',(#6074,#6075),#31,.F.);
#6828=ADVANCED_FACE('',(#6076),#6468,.T.);
#6829=ADVANCED_FACE('',(#6077),#6469,.F.);
#6830=ADVANCED_FACE('',(#6078),#6470,.T.);
#6831=ADVANCED_FACE('',(#6079),#6471,.F.);
#6832=ADVANCED_FACE('',(#6080),#6472,.T.);
#6833=ADVANCED_FACE('',(#6081),#6473,.F.);
#6834=ADVANCED_FACE('',(#6082),#6474,.T.);
#6835=ADVANCED_FACE('',(#6083),#6475,.F.);
#6836=ADVANCED_FACE('',(#6084),#6476,.F.);
#6837=ADVANCED_FACE('',(#6085),#6477,.T.);
#6838=ADVANCED_FACE('',(#6086),#6478,.T.);
#6839=ADVANCED_FACE('',(#6087),#6479,.F.);
#6840=ADVANCED_FACE('',(#6088),#6480,.F.);
#6841=ADVANCED_FACE('',(#6089),#6481,.F.);
#6842=ADVANCED_FACE('',(#6090),#6482,.F.);
#6843=ADVANCED_FACE('',(#6091),#6483,.F.);
#6844=ADVANCED_FACE('',(#6092),#6484,.F.);
#6845=ADVANCED_FACE('',(#6093),#6485,.F.);
#6846=ADVANCED_FACE('',(#6094),#6486,.F.);
#6847=ADVANCED_FACE('',(#6095),#6487,.F.);
#6848=ADVANCED_FACE('',(#6096),#6488,.F.);
#6849=ADVANCED_FACE('',(#6097),#6489,.F.);
#6850=ADVANCED_FACE('',(#6098),#6490,.F.);
#6851=ADVANCED_FACE('',(#6099),#6491,.F.);
#6852=ADVANCED_FACE('',(#6100),#6492,.F.);
#6853=ADVANCED_FACE('',(#6101),#6493,.F.);
#6854=ADVANCED_FACE('',(#6102),#6494,.F.);
#6855=ADVANCED_FACE('',(#6103),#6495,.F.);
#6856=ADVANCED_FACE('',(#6104),#6496,.F.);
#6857=ADVANCED_FACE('',(#6105),#6497,.F.);
#6858=ADVANCED_FACE('',(#6106),#6498,.F.);
#6859=ADVANCED_FACE('',(#6107),#6499,.F.);
#6860=ADVANCED_FACE('',(#6108),#6500,.F.);
#6861=ADVANCED_FACE('',(#6109),#6501,.F.);
#6862=ADVANCED_FACE('',(#6110),#6502,.F.);
#6863=ADVANCED_FACE('',(#6111),#6503,.F.);
#6864=ADVANCED_FACE('',(#6112),#6504,.F.);
#6865=ADVANCED_FACE('',(#6113),#6505,.F.);
#6866=ADVANCED_FACE('',(#6114),#6506,.F.);
#6867=ADVANCED_FACE('',(#6115),#6507,.F.);
#6868=ADVANCED_FACE('',(#6116),#6508,.F.);
#6869=ADVANCED_FACE('',(#6117),#6509,.F.);
#6870=ADVANCED_FACE('',(#6118),#6510,.F.);
#6871=ADVANCED_FACE('',(#6119),#6511,.F.);
#6872=ADVANCED_FACE('',(#6120),#6512,.F.);
#6873=ADVANCED_FACE('',(#6121),#6513,.F.);
#6874=ADVANCED_FACE('',(#6122),#6514,.F.);
#6875=ADVANCED_FACE('',(#6123),#6515,.F.);
#6876=ADVANCED_FACE('',(#6124),#6516,.F.);
#6877=ADVANCED_FACE('',(#6125),#6517,.F.);
#6878=ADVANCED_FACE('',(#6126),#6518,.F.);
#6879=ADVANCED_FACE('',(#6127),#6519,.F.);
#6880=ADVANCED_FACE('',(#6128),#6520,.F.);
#6881=ADVANCED_FACE('',(#6129),#6521,.F.);
#6882=ADVANCED_FACE('',(#6130),#6522,.F.);
#6883=ADVANCED_FACE('',(#6131),#6523,.F.);
#6884=ADVANCED_FACE('',(#6132),#6524,.F.);
#6885=ADVANCED_FACE('',(#6133),#6525,.F.);
#6886=ADVANCED_FACE('',(#6134),#6526,.F.);
#6887=ADVANCED_FACE('',(#6135),#6527,.F.);
#6888=ADVANCED_FACE('',(#6136),#6528,.F.);
#6889=ADVANCED_FACE('',(#6137),#6529,.F.);
#6890=ADVANCED_FACE('',(#6138),#6530,.F.);
#6891=ADVANCED_FACE('',(#6139),#6531,.F.);
#6892=ADVANCED_FACE('',(#6140),#6532,.F.);
#6893=ADVANCED_FACE('',(#6141),#6533,.F.);
#6894=ADVANCED_FACE('',(#6142),#6534,.F.);
#6895=ADVANCED_FACE('',(#6143),#6535,.F.);
#6896=ADVANCED_FACE('',(#6144),#6536,.F.);
#6897=ADVANCED_FACE('',(#6145),#6537,.F.);
#6898=ADVANCED_FACE('',(#6146),#6538,.F.);
#6899=ADVANCED_FACE('',(#6147),#6539,.F.);
#6900=ADVANCED_FACE('',(#6148),#6540,.F.);
#6901=ADVANCED_FACE('',(#6149),#6541,.F.);
#6902=ADVANCED_FACE('',(#6150),#6542,.F.);
#6903=ADVANCED_FACE('',(#6151),#6543,.F.);
#6904=ADVANCED_FACE('',(#6152),#6544,.F.);
#6905=ADVANCED_FACE('',(#6153),#6545,.F.);
#6906=ADVANCED_FACE('',(#6154),#6546,.F.);
#6907=ADVANCED_FACE('',(#6155),#6547,.T.);
#6908=ADVANCED_FACE('',(#6156),#6548,.T.);
#6909=ADVANCED_FACE('',(#6157),#6549,.T.);
#6910=ADVANCED_FACE('',(#6158),#6550,.F.);
#6911=ADVANCED_FACE('',(#6159),#6551,.T.);
#6912=ADVANCED_FACE('',(#6160),#6552,.F.);
#6913=ADVANCED_FACE('',(#6161),#6553,.F.);
#6914=ADVANCED_FACE('',(#6162),#6554,.T.);
#6915=ADVANCED_FACE('',(#6163),#6555,.T.);
#6916=ADVANCED_FACE('',(#6164),#6556,.T.);
#6917=ADVANCED_FACE('',(#6165),#6557,.F.);
#6918=ADVANCED_FACE('',(#6166),#6558,.T.);
#6919=ADVANCED_FACE('',(#6167),#6559,.T.);
#6920=ADVANCED_FACE('',(#6168),#6560,.T.);
#6921=ADVANCED_FACE('',(#6169),#6561,.F.);
#6922=ADVANCED_FACE('',(#6170),#6562,.F.);
#6923=ADVANCED_FACE('',(#6171),#6563,.F.);
#6924=ADVANCED_FACE('',(#6172),#6564,.T.);
#6925=ADVANCED_FACE('',(#6173),#6565,.T.);
#6926=ADVANCED_FACE('',(#6174),#6566,.T.);
#6927=ADVANCED_FACE('',(#6175),#6567,.F.);
#6928=ADVANCED_FACE('',(#6176),#6568,.T.);
#6929=ADVANCED_FACE('',(#6177),#6569,.F.);
#6930=ADVANCED_FACE('',(#6178),#6570,.T.);
#6931=ADVANCED_FACE('',(#6179),#6571,.T.);
#6932=ADVANCED_FACE('',(#6180),#6572,.T.);
#6933=ADVANCED_FACE('',(#6181),#32,.T.);
#6934=ADVANCED_FACE('',(#6182),#6573,.T.);
#6935=ADVANCED_FACE('',(#6183),#6574,.F.);
#6936=ADVANCED_FACE('',(#6184),#6575,.F.);
#6937=ADVANCED_FACE('',(#6185),#6576,.F.);
#6938=ADVANCED_FACE('',(#6186),#33,.T.);
#6939=ADVANCED_FACE('',(#6187),#6577,.T.);
#6940=ADVANCED_FACE('',(#6188),#6578,.T.);
#6941=ADVANCED_FACE('',(#6189),#6579,.T.);
#6942=ADVANCED_FACE('',(#6190),#34,.T.);
#6943=ADVANCED_FACE('',(#6191),#6580,.T.);
#6944=ADVANCED_FACE('',(#6192),#6581,.T.);
#6945=ADVANCED_FACE('',(#6193),#6582,.F.);
#6946=ADVANCED_FACE('',(#6194),#6583,.T.);
#6947=ADVANCED_FACE('',(#6195),#6584,.F.);
#6948=ADVANCED_FACE('',(#6196),#6585,.T.);
#6949=ADVANCED_FACE('',(#6197),#6586,.F.);
#6950=ADVANCED_FACE('',(#6198),#6587,.F.);
#6951=ADVANCED_FACE('',(#6199),#6588,.F.);
#6952=ADVANCED_FACE('',(#6200),#6589,.T.);
#6953=ADVANCED_FACE('',(#6201),#6590,.T.);
#6954=ADVANCED_FACE('',(#6202),#35,.T.);
#6955=ADVANCED_FACE('',(#6203),#6591,.F.);
#6956=ADVANCED_FACE('',(#6204),#6592,.F.);
#6957=ADVANCED_FACE('',(#6205),#6593,.T.);
#6958=ADVANCED_FACE('',(#6206),#6594,.T.);
#6959=ADVANCED_FACE('',(#6207),#6595,.T.);
#6960=ADVANCED_FACE('',(#6208),#6596,.T.);
#6961=ADVANCED_FACE('',(#6209),#6597,.T.);
#6962=ADVANCED_FACE('',(#6210),#6598,.T.);
#6963=ADVANCED_FACE('',(#6211),#6599,.T.);
#6964=ADVANCED_FACE('',(#6212),#6600,.T.);
#6965=ADVANCED_FACE('',(#6213),#6601,.T.);
#6966=ADVANCED_FACE('',(#6214),#6602,.F.);
#6967=ADVANCED_FACE('',(#6215),#6603,.F.);
#6968=ADVANCED_FACE('',(#6216),#6604,.F.);
#6969=ADVANCED_FACE('',(#6217),#6605,.F.);
#6970=ADVANCED_FACE('',(#6218),#6606,.F.);
#6971=ADVANCED_FACE('',(#6219),#6607,.T.);
#6972=ADVANCED_FACE('',(#6220),#6608,.T.);
#6973=ADVANCED_FACE('',(#6221),#6609,.T.);
#6974=ADVANCED_FACE('',(#6222),#6610,.T.);
#6975=ADVANCED_FACE('',(#6223),#6611,.F.);
#6976=ADVANCED_FACE('',(#6224),#6612,.F.);
#6977=ADVANCED_FACE('',(#6225),#6613,.T.);
#6978=ADVANCED_FACE('',(#6226),#6614,.T.);
#6979=ADVANCED_FACE('',(#6227),#6615,.T.);
#6980=ADVANCED_FACE('',(#6228),#6616,.T.);
#6981=ADVANCED_FACE('',(#6229),#6617,.T.);
#6982=ADVANCED_FACE('',(#6230),#6618,.F.);
#6983=ADVANCED_FACE('',(#6231),#6619,.T.);
#6984=ADVANCED_FACE('',(#6232),#6620,.F.);
#6985=ADVANCED_FACE('',(#6233),#6621,.T.);
#6986=ADVANCED_FACE('',(#6234),#6622,.T.);
#6987=ADVANCED_FACE('',(#6235),#6623,.T.);
#6988=ADVANCED_FACE('',(#6236),#6624,.F.);
#6989=ADVANCED_FACE('',(#6237),#6625,.T.);
#6990=ADVANCED_FACE('',(#6238),#6626,.T.);
#6991=ADVANCED_FACE('',(#6239),#6627,.T.);
#6992=ADVANCED_FACE('',(#6240),#6628,.T.);
#6993=ADVANCED_FACE('',(#6241),#6629,.T.);
#6994=ADVANCED_FACE('',(#6242),#6630,.T.);
#6995=ADVANCED_FACE('',(#6243,#6244),#36,.F.);
#6996=ADVANCED_FACE('',(#6245,#6246),#37,.F.);
#6997=ADVANCED_FACE('',(#6247,#6248),#38,.F.);
#6998=ADVANCED_FACE('',(#6249,#6250),#39,.F.);
#6999=ADVANCED_FACE('',(#6251,#6252),#40,.F.);
#7000=ADVANCED_FACE('',(#6253,#6254),#41,.F.);
#7001=ADVANCED_FACE('',(#6255,#6256),#42,.F.);
#7002=ADVANCED_FACE('',(#6257,#6258),#43,.F.);
#7003=ADVANCED_FACE('',(#6259),#6631,.F.);
#7004=ADVANCED_FACE('',(#6260),#6632,.F.);
#7005=ADVANCED_FACE('',(#6261),#6633,.T.);
#7006=ADVANCED_FACE('',(#6262),#6634,.F.);
#7007=ADVANCED_FACE('',(#6263),#6635,.F.);
#7008=ADVANCED_FACE('',(#6264),#6636,.T.);
#7009=ADVANCED_FACE('',(#6265),#6637,.F.);
#7010=ADVANCED_FACE('',(#6266),#6638,.F.);
#7011=ADVANCED_FACE('',(#6267),#6639,.T.);
#7012=ADVANCED_FACE('',(#6268),#6640,.F.);
#7013=ADVANCED_FACE('',(#6269),#6641,.F.);
#7014=ADVANCED_FACE('',(#6270),#6642,.T.);
#7015=ADVANCED_FACE('',(#6271),#6643,.T.);
#7016=ADVANCED_FACE('',(#6272),#6644,.F.);
#7017=ADVANCED_FACE('',(#6273),#6645,.F.);
#7018=ADVANCED_FACE('',(#6274),#6646,.F.);
#7019=ADVANCED_FACE('',(#6275),#6647,.F.);
#7020=ADVANCED_FACE('',(#6276),#6648,.F.);
#7021=ADVANCED_FACE('',(#6277),#6649,.F.);
#7022=ADVANCED_FACE('',(#6278),#44,.T.);
#7023=ADVANCED_FACE('',(#6279),#6650,.T.);
#7024=ADVANCED_FACE('',(#6280),#6651,.F.);
#7025=ADVANCED_FACE('',(#6281),#6652,.F.);
#7026=ADVANCED_FACE('',(#6282),#45,.T.);
#7027=ADVANCED_FACE('',(#6283),#6653,.T.);
#7028=ADVANCED_FACE('',(#6284),#6654,.F.);
#7029=ADVANCED_FACE('',(#6285),#6655,.T.);
#7030=ADVANCED_FACE('',(#6286),#6656,.T.);
#7031=ADVANCED_FACE('',(#6287),#6657,.T.);
#7032=ADVANCED_FACE('',(#6288),#6658,.F.);
#7033=ADVANCED_FACE('',(#6289),#6659,.T.);
#7034=ADVANCED_FACE('',(#6290),#6660,.T.);
#7035=ADVANCED_FACE('',(#6291),#46,.T.);
#7036=ADVANCED_FACE('',(#6292),#6661,.F.);
#7037=ADVANCED_FACE('',(#6293),#6662,.T.);
#7038=ADVANCED_FACE('',(#6294),#6663,.T.);
#7039=ADVANCED_FACE('',(#6295),#47,.T.);
#7040=ADVANCED_FACE('',(#6296),#6664,.F.);
#7041=ADVANCED_FACE('',(#6297),#6665,.T.);
#7042=ADVANCED_FACE('',(#6298),#6666,.T.);
#7043=ADVANCED_FACE('',(#6299),#6667,.T.);
#7044=ADVANCED_FACE('',(#6300),#6668,.F.);
#7045=ADVANCED_FACE('',(#6301),#6669,.F.);
#7046=ADVANCED_FACE('',(#6302),#6670,.T.);
#7047=ADVANCED_FACE('',(#6303),#6671,.F.);
#7048=ADVANCED_FACE('',(#6304),#6672,.T.);
#7049=ADVANCED_FACE('',(#6305),#6673,.T.);
#7050=ADVANCED_FACE('',(#6306),#6674,.T.);
#7051=ADVANCED_FACE('',(#6307),#6675,.T.);
#7052=ADVANCED_FACE('',(#6308),#6676,.T.);
#7053=ADVANCED_FACE('',(#6309),#6677,.T.);
#7054=ADVANCED_FACE('',(#6310),#6678,.T.);
#7055=ADVANCED_FACE('',(#6311),#6679,.T.);
#7056=ADVANCED_FACE('',(#6312),#6680,.T.);
#7057=ADVANCED_FACE('',(#6313),#6681,.T.);
#7058=ADVANCED_FACE('',(#6314),#6682,.T.);
#7059=ADVANCED_FACE('',(#6315),#6683,.T.);
#7060=ADVANCED_FACE('',(#6316),#6684,.T.);
#7061=ADVANCED_FACE('',(#6317),#6685,.T.);
#7062=ADVANCED_FACE('',(#6318),#6686,.T.);
#7063=ADVANCED_FACE('',(#6319),#6687,.T.);
#7064=ADVANCED_FACE('',(#6320),#6688,.T.);
#7065=ADVANCED_FACE('',(#6321),#6689,.T.);
#7066=ADVANCED_FACE('',(#6322),#6690,.T.);
#7067=ADVANCED_FACE('',(#6323),#6691,.T.);
#7068=ADVANCED_FACE('',(#6324),#6692,.T.);
#7069=ADVANCED_FACE('',(#6325),#6693,.T.);
#7070=ADVANCED_FACE('',(#6326),#6694,.T.);
#7071=ADVANCED_FACE('',(#6327),#6695,.T.);
#7072=ADVANCED_FACE('',(#6328),#6696,.T.);
#7073=ADVANCED_FACE('',(#6329),#6697,.T.);
#7074=ADVANCED_FACE('',(#6330),#6698,.T.);
#7075=ADVANCED_FACE('',(#6331),#6699,.T.);
#7076=ADVANCED_FACE('',(#6332),#6700,.T.);
#7077=ADVANCED_FACE('',(#6333),#6701,.T.);
#7078=ADVANCED_FACE('',(#6334),#6702,.T.);
#7079=ADVANCED_FACE('',(#6335),#6703,.T.);
#7080=ADVANCED_FACE('',(#6336),#6704,.T.);
#7081=ADVANCED_FACE('',(#6337),#6705,.T.);
#7082=ADVANCED_FACE('',(#6338),#6706,.T.);
#7083=ADVANCED_FACE('',(#6339,#6340),#68,.F.);
#7084=ADVANCED_FACE('',(#6341,#6342),#69,.F.);
#7085=ADVANCED_FACE('',(#6343,#6344),#70,.F.);
#7086=ADVANCED_FACE('',(#6345,#6346),#71,.F.);
#7087=ADVANCED_FACE('',(#6347),#6707,.T.);
#7088=ADVANCED_FACE('',(#6348),#6708,.T.);
#7089=ADVANCED_FACE('',(#6349,#6350),#48,.F.);
#7090=ADVANCED_FACE('',(#6351,#6352),#49,.F.);
#7091=ADVANCED_FACE('',(#6353,#6354),#50,.F.);
#7092=ADVANCED_FACE('',(#6355,#6356),#51,.F.);
#7093=ADVANCED_FACE('',(#6357,#6358),#52,.F.);
#7094=ADVANCED_FACE('',(#6359,#6360),#53,.F.);
#7095=ADVANCED_FACE('',(#6361,#6362),#54,.F.);
#7096=ADVANCED_FACE('',(#6363,#6364),#55,.F.);
#7097=ADVANCED_FACE('',(#6365),#6709,.F.);
#7098=ADVANCED_FACE('',(#6366),#6710,.F.);
#7099=ADVANCED_FACE('',(#6367),#6711,.F.);
#7100=ADVANCED_FACE('',(#6368),#6712,.F.);
#7101=ADVANCED_FACE('',(#6369),#6713,.F.);
#7102=ADVANCED_FACE('',(#6370),#6714,.F.);
#7103=ADVANCED_FACE('',(#6371),#6715,.F.);
#7104=ADVANCED_FACE('',(#6372),#6716,.F.);
#7105=ADVANCED_FACE('',(#6373),#6717,.T.);
#7106=ADVANCED_FACE('',(#6374),#6718,.F.);
#7107=ADVANCED_FACE('',(#6375),#6719,.F.);
#7108=ADVANCED_FACE('',(#6376),#6720,.T.);
#7109=ADVANCED_FACE('',(#6377),#6721,.F.);
#7110=ADVANCED_FACE('',(#6378),#6722,.F.);
#7111=ADVANCED_FACE('',(#6379),#6723,.T.);
#7112=ADVANCED_FACE('',(#6380),#6724,.F.);
#7113=ADVANCED_FACE('',(#6381),#6725,.F.);
#7114=ADVANCED_FACE('',(#6382),#6726,.F.);
#7115=ADVANCED_FACE('',(#6383),#6727,.F.);
#7116=ADVANCED_FACE('',(#6384),#6728,.T.);
#7117=CLOSED_SHELL('',(#6729,#6730,#6731,#6732,#6733,#6734,#6735,#6736,
#6737,#6738,#6739,#6740,#6741,#6742,#6743,#6744,#6745,#6746,#6747,#6748,
#6749,#6750,#6751,#6752,#6753,#6754,#6755,#6756,#6757,#6758,#6759,#6760,
#6761,#6762,#6763,#6764,#6765,#6766,#6767,#6768,#6769,#6770,#6771,#6772,
#6773,#6774,#6775,#6776,#6777,#6778,#6779,#6780,#6781,#6782,#6783,#6784,
#6785,#6786,#6787,#6788,#6789,#6790,#6791,#6792,#6793,#6794,#6795,#6796,
#6797,#6798,#6799,#6800,#6801,#6802,#6803,#6804,#6805,#6806,#6807,#6808,
#6809,#6810,#6811,#6812,#6813,#6814,#6815,#6816,#6817,#6818,#6819,#6820,
#6821,#6822,#6823,#6824,#6825,#6826,#6827,#6828,#6829,#6830,#6831,#6832,
#6833,#6834,#6835,#6836,#6837,#6838,#6839,#6840,#6841,#6842,#6843,#6844,
#6845,#6846,#6847,#6848,#6849,#6850,#6851,#6852,#6853,#6854,#6855,#6856,
#6857,#6858,#6859,#6860,#6861,#6862,#6863,#6864,#6865,#6866,#6867,#6868,
#6869,#6870,#6871,#6872,#6873,#6874,#6875,#6876,#6877,#6878,#6879,#6880,
#6881,#6882,#6883,#6884,#6885,#6886,#6887,#6888,#6889,#6890,#6891,#6892,
#6893,#6894,#6895,#6896,#6897,#6898,#6899,#6900,#6901,#6902,#6903,#6904,
#6905,#6906,#6907,#6908,#6909,#6910,#6911,#6912,#6913,#6914,#6915,#6916,
#6917,#6918,#6919,#6920,#6921,#6922,#6923,#6924,#6925,#6926,#6927,#6928,
#6929,#6930,#6931,#6932,#6933,#6934,#6935,#6936,#6937,#6938,#6939,#6940,
#6941,#6942,#6943,#6944,#6945,#6946,#6947,#6948,#6949,#6950,#6951,#6952,
#6953,#6954,#6955,#6956,#6957,#6958,#6959,#6960,#6961,#6962,#6963,#6964,
#6965,#6966,#6967,#6968,#6969,#6970,#6971,#6972,#6973,#6974,#6975,#6976,
#6977,#6978,#6979,#6980,#6981,#6982,#6983,#6984,#6985,#6986,#6987,#6988,
#6989,#6990,#6991,#6992,#6993,#6994,#6995,#6996,#6997,#6998,#6999,#7000,
#7001,#7002,#7003,#7004,#7005,#7006,#7007,#7008,#7009,#7010,#7011,#7012,
#7013,#7014,#7015,#7016,#7017,#7018,#7019,#7020,#7021,#7022,#7023,#7024,
#7025,#7026,#7027,#7028,#7029,#7030,#7031,#7032,#7033,#7034,#7035,#7036,
#7037,#7038,#7039,#7040,#7041,#7042,#7043,#7044,#7045,#7046,#7047,#7048,
#7049,#7050,#7051,#7052,#7053,#7054,#7055,#7056,#7057,#7058,#7059,#7060,
#7061,#7062,#7063,#7064,#7065,#7066,#7067,#7068,#7069,#7070,#7071,#7072,
#7073,#7074,#7075,#7076,#7077,#7078,#7079,#7080,#7081,#7082,#7083,#7084,
#7085,#7086,#7087,#7088,#7089,#7090,#7091,#7092,#7093,#7094,#7095,#7096,
#7097,#7098,#7099,#7100,#7101,#7102,#7103,#7104,#7105,#7106,#7107,#7108,
#7109,#7110,#7111,#7112,#7113,#7114,#7115,#7116));
#7118=STYLED_ITEM('',(#7119),#7126);
#7119=PRESENTATION_STYLE_ASSIGNMENT((#7120));
#7120=SURFACE_STYLE_USAGE(.BOTH.,#7121);
#7121=SURFACE_SIDE_STYLE('',(#7122));
#7122=SURFACE_STYLE_FILL_AREA(#7123);
#7123=FILL_AREA_STYLE('',(#7124));
#7124=FILL_AREA_STYLE_COLOUR('',#7125);
#7125=COLOUR_RGB('',0.615686274509804,0.811764705882353,0.929411764705882);
#7126=MANIFOLD_SOLID_BREP('Cover_HDMI',#7117);
#7127=SHAPE_DEFINITION_REPRESENTATION(#11407,#7128);
#7128=SHAPE_REPRESENTATION('Cover_HDMI',(#7129),#11402);
#7129=AXIS2_PLACEMENT_3D('',#9373,#7578,#7579);
#7130=AXIS2_PLACEMENT_3D('',#9374,#7580,#7581);
#7131=AXIS2_PLACEMENT_3D('',#9385,#7587,#7588);
#7132=AXIS2_PLACEMENT_3D('',#9406,#7599,#7600);
#7133=AXIS2_PLACEMENT_3D('',#9414,#7605,#7606);
#7134=AXIS2_PLACEMENT_3D('',#9430,#7615,#7616);
#7135=AXIS2_PLACEMENT_3D('',#9451,#7627,#7628);
#7136=AXIS2_PLACEMENT_3D('',#9459,#7633,#7634);
#7137=AXIS2_PLACEMENT_3D('',#9475,#7643,#7644);
#7138=AXIS2_PLACEMENT_3D('',#9494,#7654,#7655);
#7139=AXIS2_PLACEMENT_3D('',#9513,#7665,#7666);
#7140=AXIS2_PLACEMENT_3D('',#9526,#7673,#7674);
#7141=AXIS2_PLACEMENT_3D('',#9540,#7682,#7683);
#7142=AXIS2_PLACEMENT_3D('',#9548,#7688,#7689);
#7143=AXIS2_PLACEMENT_3D('',#9553,#7693,#7694);
#7144=AXIS2_PLACEMENT_3D('',#9573,#7705,#7706);
#7145=AXIS2_PLACEMENT_3D('',#9585,#7713,#7714);
#7146=AXIS2_PLACEMENT_3D('',#9602,#7723,#7724);
#7147=AXIS2_PLACEMENT_3D('',#9610,#7729,#7730);
#7148=AXIS2_PLACEMENT_3D('',#9622,#7737,#7738);
#7149=AXIS2_PLACEMENT_3D('',#9639,#7747,#7748);
#7150=AXIS2_PLACEMENT_3D('',#9647,#7753,#7754);
#7151=AXIS2_PLACEMENT_3D('',#9659,#7761,#7762);
#7152=AXIS2_PLACEMENT_3D('',#9674,#7770,#7771);
#7153=AXIS2_PLACEMENT_3D('',#9684,#7777,#7778);
#7154=AXIS2_PLACEMENT_3D('',#9692,#7783,#7784);
#7155=AXIS2_PLACEMENT_3D('',#9697,#7788,#7789);
#7156=AXIS2_PLACEMENT_3D('',#9711,#7797,#7798);
#7157=AXIS2_PLACEMENT_3D('',#9725,#7806,#7807);
#7158=AXIS2_PLACEMENT_3D('',#9735,#7813,#7814);
#7159=AXIS2_PLACEMENT_3D('',#9745,#7820,#7821);
#7160=AXIS2_PLACEMENT_3D('',#9753,#7826,#7827);
#7161=AXIS2_PLACEMENT_3D('',#9763,#7833,#7834);
#7162=AXIS2_PLACEMENT_3D('',#9773,#7840,#7841);
#7163=AXIS2_PLACEMENT_3D('',#9783,#7847,#7848);
#7164=AXIS2_PLACEMENT_3D('',#9790,#7853,#7854);
#7165=AXIS2_PLACEMENT_3D('',#9793,#7857,#7858);
#7166=AXIS2_PLACEMENT_3D('',#9796,#7861,#7862);
#7167=AXIS2_PLACEMENT_3D('',#9799,#7865,#7866);
#7168=AXIS2_PLACEMENT_3D('',#9805,#7870,#7871);
#7169=AXIS2_PLACEMENT_3D('',#9814,#7877,#7878);
#7170=AXIS2_PLACEMENT_3D('',#9826,#7885,#7886);
#7171=AXIS2_PLACEMENT_3D('',#9837,#7892,#7893);
#7172=AXIS2_PLACEMENT_3D('',#9845,#7898,#7899);
#7173=AXIS2_PLACEMENT_3D('',#9846,#7900,#7901);
#7174=AXIS2_PLACEMENT_3D('',#9848,#7902,#7903);
#7175=AXIS2_PLACEMENT_3D('',#9850,#7904,#7905);
#7176=AXIS2_PLACEMENT_3D('',#9852,#7906,#7907);
#7177=AXIS2_PLACEMENT_3D('',#9926,#7946,#7947);
#7178=AXIS2_PLACEMENT_3D('',#9934,#7951,#7952);
#7179=AXIS2_PLACEMENT_3D('',#9958,#7964,#7965);
#7180=AXIS2_PLACEMENT_3D('',#9966,#7969,#7970);
#7181=AXIS2_PLACEMENT_3D('',#10025,#8002,#8003);
#7182=AXIS2_PLACEMENT_3D('',#10043,#8013,#8014);
#7183=AXIS2_PLACEMENT_3D('',#10052,#8020,#8021);
#7184=AXIS2_PLACEMENT_3D('',#10061,#8027,#8028);
#7185=AXIS2_PLACEMENT_3D('',#10070,#8034,#8035);
#7186=AXIS2_PLACEMENT_3D('',#10076,#8040,#8041);
#7187=AXIS2_PLACEMENT_3D('',#10083,#8046,#8047);
#7188=AXIS2_PLACEMENT_3D('',#10092,#8052,#8053);
#7189=AXIS2_PLACEMENT_3D('',#10095,#8056,#8057);
#7190=AXIS2_PLACEMENT_3D('',#10101,#8061,#8062);
#7191=AXIS2_PLACEMENT_3D('',#10110,#8067,#8068);
#7192=AXIS2_PLACEMENT_3D('',#10119,#8073,#8074);
#7193=AXIS2_PLACEMENT_3D('',#10148,#8089,#8090);
#7194=AXIS2_PLACEMENT_3D('',#10149,#8091,#8092);
#7195=AXIS2_PLACEMENT_3D('',#10151,#8093,#8094);
#7196=AXIS2_PLACEMENT_3D('',#10170,#8103,#8104);
#7197=AXIS2_PLACEMENT_3D('',#10178,#8108,#8109);
#7198=AXIS2_PLACEMENT_3D('',#10193,#8117,#8118);
#7199=AXIS2_PLACEMENT_3D('',#10202,#8123,#8124);
#7200=AXIS2_PLACEMENT_3D('',#10211,#8129,#8130);
#7201=AXIS2_PLACEMENT_3D('',#10212,#8131,#8132);
#7202=AXIS2_PLACEMENT_3D('',#10214,#8133,#8134);
#7203=AXIS2_PLACEMENT_3D('',#10216,#8135,#8136);
#7204=AXIS2_PLACEMENT_3D('',#10218,#8137,#8138);
#7205=AXIS2_PLACEMENT_3D('',#10220,#8139,#8140);
#7206=AXIS2_PLACEMENT_3D('',#10222,#8141,#8142);
#7207=AXIS2_PLACEMENT_3D('',#10224,#8143,#8144);
#7208=AXIS2_PLACEMENT_3D('',#10226,#8145,#8146);
#7209=AXIS2_PLACEMENT_3D('',#10318,#8196,#8197);
#7210=AXIS2_PLACEMENT_3D('',#10319,#8198,#8199);
#7211=AXIS2_PLACEMENT_3D('',#10321,#8200,#8201);
#7212=AXIS2_PLACEMENT_3D('',#10323,#8202,#8203);
#7213=AXIS2_PLACEMENT_3D('',#10324,#8204,#8205);
#7214=AXIS2_PLACEMENT_3D('',#10326,#8206,#8207);
#7215=AXIS2_PLACEMENT_3D('',#10328,#8208,#8209);
#7216=AXIS2_PLACEMENT_3D('',#10329,#8210,#8211);
#7217=AXIS2_PLACEMENT_3D('',#10331,#8212,#8213);
#7218=AXIS2_PLACEMENT_3D('',#10333,#8214,#8215);
#7219=AXIS2_PLACEMENT_3D('',#10334,#8216,#8217);
#7220=AXIS2_PLACEMENT_3D('',#10336,#8218,#8219);
#7221=AXIS2_PLACEMENT_3D('',#10338,#8220,#8221);
#7222=AXIS2_PLACEMENT_3D('',#10347,#8226,#8227);
#7223=AXIS2_PLACEMENT_3D('',#10356,#8232,#8233);
#7224=AXIS2_PLACEMENT_3D('',#10365,#8238,#8239);
#7225=AXIS2_PLACEMENT_3D('',#10374,#8244,#8245);
#7226=AXIS2_PLACEMENT_3D('',#10375,#8246,#8247);
#7227=AXIS2_PLACEMENT_3D('',#10377,#8248,#8249);
#7228=AXIS2_PLACEMENT_3D('',#10400,#8260,#8261);
#7229=AXIS2_PLACEMENT_3D('',#10408,#8265,#8266);
#7230=AXIS2_PLACEMENT_3D('',#10419,#8272,#8273);
#7231=AXIS2_PLACEMENT_3D('',#10428,#8278,#8279);
#7232=AXIS2_PLACEMENT_3D('',#10449,#8290,#8291);
#7233=AXIS2_PLACEMENT_3D('',#10458,#8296,#8297);
#7234=AXIS2_PLACEMENT_3D('',#10464,#8301,#8302);
#7235=AXIS2_PLACEMENT_3D('',#10470,#8306,#8307);
#7236=AXIS2_PLACEMENT_3D('',#10476,#8311,#8312);
#7237=AXIS2_PLACEMENT_3D('',#10482,#8316,#8317);
#7238=AXIS2_PLACEMENT_3D('',#10488,#8321,#8322);
#7239=AXIS2_PLACEMENT_3D('',#10492,#8324,#8325);
#7240=AXIS2_PLACEMENT_3D('',#10493,#8326,#8327);
#7241=AXIS2_PLACEMENT_3D('',#10494,#8328,#8329);
#7242=AXIS2_PLACEMENT_3D('',#10497,#8332,#8333);
#7243=AXIS2_PLACEMENT_3D('',#10503,#8337,#8338);
#7244=AXIS2_PLACEMENT_3D('',#10509,#8342,#8343);
#7245=AXIS2_PLACEMENT_3D('',#10510,#8344,#8345);
#7246=AXIS2_PLACEMENT_3D('',#10511,#8346,#8347);
#7247=AXIS2_PLACEMENT_3D('',#10512,#8348,#8349);
#7248=AXIS2_PLACEMENT_3D('',#10518,#8353,#8354);
#7249=AXIS2_PLACEMENT_3D('',#10524,#8358,#8359);
#7250=AXIS2_PLACEMENT_3D('',#10525,#8360,#8361);
#7251=AXIS2_PLACEMENT_3D('',#10526,#8362,#8363);
#7252=AXIS2_PLACEMENT_3D('',#10527,#8364,#8365);
#7253=AXIS2_PLACEMENT_3D('',#10533,#8369,#8370);
#7254=AXIS2_PLACEMENT_3D('',#10539,#8374,#8375);
#7255=AXIS2_PLACEMENT_3D('',#10540,#8376,#8377);
#7256=AXIS2_PLACEMENT_3D('',#10541,#8378,#8379);
#7257=AXIS2_PLACEMENT_3D('',#10542,#8380,#8381);
#7258=AXIS2_PLACEMENT_3D('',#10543,#8382,#8383);
#7259=AXIS2_PLACEMENT_3D('',#10545,#8384,#8385);
#7260=AXIS2_PLACEMENT_3D('',#10547,#8386,#8387);
#7261=AXIS2_PLACEMENT_3D('',#10548,#8388,#8389);
#7262=AXIS2_PLACEMENT_3D('',#10550,#8390,#8391);
#7263=AXIS2_PLACEMENT_3D('',#10551,#8392,#8393);
#7264=AXIS2_PLACEMENT_3D('',#10553,#8394,#8395);
#7265=AXIS2_PLACEMENT_3D('',#10555,#8396,#8397);
#7266=AXIS2_PLACEMENT_3D('',#10556,#8398,#8399);
#7267=AXIS2_PLACEMENT_3D('',#10558,#8400,#8401);
#7268=AXIS2_PLACEMENT_3D('',#10559,#8402,#8403);
#7269=AXIS2_PLACEMENT_3D('',#10561,#8404,#8405);
#7270=AXIS2_PLACEMENT_3D('',#10563,#8406,#8407);
#7271=AXIS2_PLACEMENT_3D('',#10564,#8408,#8409);
#7272=AXIS2_PLACEMENT_3D('',#10566,#8410,#8411);
#7273=AXIS2_PLACEMENT_3D('',#10567,#8412,#8413);
#7274=AXIS2_PLACEMENT_3D('',#10569,#8414,#8415);
#7275=AXIS2_PLACEMENT_3D('',#10571,#8416,#8417);
#7276=AXIS2_PLACEMENT_3D('',#10572,#8418,#8419);
#7277=AXIS2_PLACEMENT_3D('',#10574,#8420,#8421);
#7278=AXIS2_PLACEMENT_3D('',#10575,#8422,#8423);
#7279=AXIS2_PLACEMENT_3D('',#10576,#8424,#8425);
#7280=AXIS2_PLACEMENT_3D('',#10577,#8426,#8427);
#7281=AXIS2_PLACEMENT_3D('',#10578,#8428,#8429);
#7282=AXIS2_PLACEMENT_3D('',#10587,#8434,#8435);
#7283=AXIS2_PLACEMENT_3D('',#10596,#8440,#8441);
#7284=AXIS2_PLACEMENT_3D('',#10611,#8449,#8450);
#7285=AXIS2_PLACEMENT_3D('',#10626,#8458,#8459);
#7286=AXIS2_PLACEMENT_3D('',#10638,#8466,#8467);
#7287=AXIS2_PLACEMENT_3D('',#10650,#8474,#8475);
#7288=AXIS2_PLACEMENT_3D('',#10652,#8477,#8478);
#7289=AXIS2_PLACEMENT_3D('',#10656,#8481,#8482);
#7290=AXIS2_PLACEMENT_3D('',#10669,#8490,#8491);
#7291=AXIS2_PLACEMENT_3D('',#10681,#8501,#8502);
#7292=AXIS2_PLACEMENT_3D('',#10690,#8507,#8508);
#7293=AXIS2_PLACEMENT_3D('',#10699,#8513,#8514);
#7294=AXIS2_PLACEMENT_3D('',#10703,#8517,#8518);
#7295=AXIS2_PLACEMENT_3D('',#10712,#8523,#8524);
#7296=AXIS2_PLACEMENT_3D('',#10717,#8528,#8529);
#7297=AXIS2_PLACEMENT_3D('',#10723,#8533,#8534);
#7298=AXIS2_PLACEMENT_3D('',#10729,#8539,#8540);
#7299=AXIS2_PLACEMENT_3D('',#10738,#8545,#8546);
#7300=AXIS2_PLACEMENT_3D('',#10743,#8550,#8551);
#7301=AXIS2_PLACEMENT_3D('',#10749,#8555,#8556);
#7302=AXIS2_PLACEMENT_3D('',#10755,#8561,#8562);
#7303=AXIS2_PLACEMENT_3D('',#10764,#8567,#8568);
#7304=AXIS2_PLACEMENT_3D('',#10769,#8572,#8573);
#7305=AXIS2_PLACEMENT_3D('',#10775,#8577,#8578);
#7306=AXIS2_PLACEMENT_3D('',#10781,#8583,#8584);
#7307=AXIS2_PLACEMENT_3D('',#10790,#8589,#8590);
#7308=AXIS2_PLACEMENT_3D('',#10795,#8594,#8595);
#7309=AXIS2_PLACEMENT_3D('',#10801,#8599,#8600);
#7310=AXIS2_PLACEMENT_3D('',#10807,#8605,#8606);
#7311=AXIS2_PLACEMENT_3D('',#10810,#8609,#8610);
#7312=AXIS2_PLACEMENT_3D('',#10813,#8613,#8614);
#7313=AXIS2_PLACEMENT_3D('',#10816,#8617,#8618);
#7314=AXIS2_PLACEMENT_3D('',#10818,#8620,#8621);
#7315=AXIS2_PLACEMENT_3D('',#10821,#8624,#8625);
#7316=AXIS2_PLACEMENT_3D('',#10824,#8628,#8629);
#7317=AXIS2_PLACEMENT_3D('',#10830,#8633,#8634);
#7318=AXIS2_PLACEMENT_3D('',#10835,#8638,#8639);
#7319=AXIS2_PLACEMENT_3D('',#10844,#8644,#8645);
#7320=AXIS2_PLACEMENT_3D('',#10849,#8649,#8650);
#7321=AXIS2_PLACEMENT_3D('',#10855,#8654,#8655);
#7322=AXIS2_PLACEMENT_3D('',#10861,#8660,#8661);
#7323=AXIS2_PLACEMENT_3D('',#10864,#8664,#8665);
#7324=AXIS2_PLACEMENT_3D('',#10866,#8667,#8668);
#7325=AXIS2_PLACEMENT_3D('',#10874,#8673,#8674);
#7326=AXIS2_PLACEMENT_3D('',#10877,#8677,#8678);
#7327=AXIS2_PLACEMENT_3D('',#10881,#8682,#8683);
#7328=AXIS2_PLACEMENT_3D('',#10882,#8684,#8685);
#7329=AXIS2_PLACEMENT_3D('',#10883,#8686,#8687);
#7330=AXIS2_PLACEMENT_3D('',#10884,#8688,#8689);
#7331=AXIS2_PLACEMENT_3D('',#10885,#8690,#8691);
#7332=AXIS2_PLACEMENT_3D('',#10886,#8692,#8693);
#7333=AXIS2_PLACEMENT_3D('',#10887,#8694,#8695);
#7334=AXIS2_PLACEMENT_3D('',#10890,#8698,#8699);
#7335=AXIS2_PLACEMENT_3D('',#10892,#8701,#8702);
#7336=AXIS2_PLACEMENT_3D('',#10894,#8704,#8705);
#7337=AXIS2_PLACEMENT_3D('',#10896,#8707,#8708);
#7338=AXIS2_PLACEMENT_3D('',#10898,#8710,#8711);
#7339=AXIS2_PLACEMENT_3D('',#10899,#8712,#8713);
#7340=AXIS2_PLACEMENT_3D('',#10901,#8715,#8716);
#7341=AXIS2_PLACEMENT_3D('',#10903,#8718,#8719);
#7342=AXIS2_PLACEMENT_3D('',#10904,#8720,#8721);
#7343=AXIS2_PLACEMENT_3D('',#10906,#8723,#8724);
#7344=AXIS2_PLACEMENT_3D('',#10908,#8726,#8727);
#7345=AXIS2_PLACEMENT_3D('',#10909,#8728,#8729);
#7346=AXIS2_PLACEMENT_3D('',#10911,#8731,#8732);
#7347=AXIS2_PLACEMENT_3D('',#10913,#8734,#8735);
#7348=AXIS2_PLACEMENT_3D('',#10914,#8736,#8737);
#7349=AXIS2_PLACEMENT_3D('',#10915,#8738,#8739);
#7350=AXIS2_PLACEMENT_3D('',#10916,#8740,#8741);
#7351=AXIS2_PLACEMENT_3D('',#10918,#8743,#8744);
#7352=AXIS2_PLACEMENT_3D('',#10920,#8746,#8747);
#7353=AXIS2_PLACEMENT_3D('',#10921,#8748,#8749);
#7354=AXIS2_PLACEMENT_3D('',#10925,#8753,#8754);
#7355=AXIS2_PLACEMENT_3D('',#10926,#8755,#8756);
#7356=AXIS2_PLACEMENT_3D('',#10927,#8757,#8758);
#7357=AXIS2_PLACEMENT_3D('',#10928,#8759,#8760);
#7358=AXIS2_PLACEMENT_3D('',#10929,#8761,#8762);
#7359=AXIS2_PLACEMENT_3D('',#10930,#8763,#8764);
#7360=AXIS2_PLACEMENT_3D('',#10934,#8768,#8769);
#7361=AXIS2_PLACEMENT_3D('',#10936,#8771,#8772);
#7362=AXIS2_PLACEMENT_3D('',#10938,#8774,#8775);
#7363=AXIS2_PLACEMENT_3D('',#10941,#8778,#8779);
#7364=AXIS2_PLACEMENT_3D('',#10945,#8783,#8784);
#7365=AXIS2_PLACEMENT_3D('',#10946,#8785,#8786);
#7366=AXIS2_PLACEMENT_3D('',#10950,#8789,#8790);
#7367=AXIS2_PLACEMENT_3D('',#10953,#8793,#8794);
#7368=AXIS2_PLACEMENT_3D('',#10958,#8798,#8799);
#7369=AXIS2_PLACEMENT_3D('',#10960,#8801,#8802);
#7370=AXIS2_PLACEMENT_3D('',#10962,#8804,#8805);
#7371=AXIS2_PLACEMENT_3D('',#10964,#8807,#8808);
#7372=AXIS2_PLACEMENT_3D('',#10966,#8810,#8811);
#7373=AXIS2_PLACEMENT_3D('',#10970,#8814,#8815);
#7374=AXIS2_PLACEMENT_3D('',#10973,#8818,#8819);
#7375=AXIS2_PLACEMENT_3D('',#10975,#8821,#8822);
#7376=AXIS2_PLACEMENT_3D('',#10979,#8825,#8826);
#7377=AXIS2_PLACEMENT_3D('',#10982,#8829,#8830);
#7378=AXIS2_PLACEMENT_3D('',#10984,#8832,#8833);
#7379=AXIS2_PLACEMENT_3D('',#10986,#8835,#8836);
#7380=AXIS2_PLACEMENT_3D('',#10988,#8838,#8839);
#7381=AXIS2_PLACEMENT_3D('',#10990,#8841,#8842);
#7382=AXIS2_PLACEMENT_3D('',#10993,#8845,#8846);
#7383=AXIS2_PLACEMENT_3D('',#10995,#8848,#8849);
#7384=AXIS2_PLACEMENT_3D('',#10997,#8851,#8852);
#7385=AXIS2_PLACEMENT_3D('',#11002,#8853,#8854);
#7386=AXIS2_PLACEMENT_3D('',#11004,#8856,#8857);
#7387=AXIS2_PLACEMENT_3D('',#11009,#8858,#8859);
#7388=AXIS2_PLACEMENT_3D('',#11011,#8861,#8862);
#7389=AXIS2_PLACEMENT_3D('',#11013,#8864,#8865);
#7390=AXIS2_PLACEMENT_3D('',#11018,#8866,#8867);
#7391=AXIS2_PLACEMENT_3D('',#11020,#8869,#8870);
#7392=AXIS2_PLACEMENT_3D('',#11025,#8871,#8872);
#7393=AXIS2_PLACEMENT_3D('',#11030,#8873,#8874);
#7394=AXIS2_PLACEMENT_3D('',#11033,#8877,#8878);
#7395=AXIS2_PLACEMENT_3D('',#11035,#8880,#8881);
#7396=AXIS2_PLACEMENT_3D('',#11040,#8882,#8883);
#7397=AXIS2_PLACEMENT_3D('',#11043,#8886,#8887);
#7398=AXIS2_PLACEMENT_3D('',#11045,#8889,#8890);
#7399=AXIS2_PLACEMENT_3D('',#11047,#8892,#8893);
#7400=AXIS2_PLACEMENT_3D('',#11050,#8896,#8897);
#7401=AXIS2_PLACEMENT_3D('',#11052,#8899,#8900);
#7402=AXIS2_PLACEMENT_3D('',#11054,#8902,#8903);
#7403=AXIS2_PLACEMENT_3D('',#11057,#8906,#8907);
#7404=AXIS2_PLACEMENT_3D('',#11062,#8908,#8909);
#7405=AXIS2_PLACEMENT_3D('',#11064,#8911,#8912);
#7406=AXIS2_PLACEMENT_3D('',#11066,#8914,#8915);
#7407=AXIS2_PLACEMENT_3D('',#11068,#8917,#8918);
#7408=AXIS2_PLACEMENT_3D('',#11073,#8919,#8920);
#7409=AXIS2_PLACEMENT_3D('',#11076,#8923,#8924);
#7410=AXIS2_PLACEMENT_3D('',#11078,#8926,#8927);
#7411=AXIS2_PLACEMENT_3D('',#11083,#8931,#8932);
#7412=AXIS2_PLACEMENT_3D('',#11085,#8934,#8935);
#7413=AXIS2_PLACEMENT_3D('',#11087,#8937,#8938);
#7414=AXIS2_PLACEMENT_3D('',#11090,#8941,#8942);
#7415=AXIS2_PLACEMENT_3D('',#11092,#8944,#8945);
#7416=AXIS2_PLACEMENT_3D('',#11094,#8947,#8948);
#7417=AXIS2_PLACEMENT_3D('',#11096,#8950,#8951);
#7418=AXIS2_PLACEMENT_3D('',#11098,#8953,#8954);
#7419=AXIS2_PLACEMENT_3D('',#11100,#8956,#8957);
#7420=AXIS2_PLACEMENT_3D('',#11102,#8959,#8960);
#7421=AXIS2_PLACEMENT_3D('',#11104,#8962,#8963);
#7422=AXIS2_PLACEMENT_3D('',#11106,#8965,#8966);
#7423=AXIS2_PLACEMENT_3D('',#11111,#8970,#8971);
#7424=AXIS2_PLACEMENT_3D('',#11113,#8973,#8974);
#7425=AXIS2_PLACEMENT_3D('',#11116,#8977,#8978);
#7426=AXIS2_PLACEMENT_3D('',#11118,#8980,#8981);
#7427=AXIS2_PLACEMENT_3D('',#11120,#8983,#8984);
#7428=AXIS2_PLACEMENT_3D('',#11122,#8986,#8987);
#7429=AXIS2_PLACEMENT_3D('',#11124,#8989,#8990);
#7430=AXIS2_PLACEMENT_3D('',#11126,#8992,#8993);
#7431=AXIS2_PLACEMENT_3D('',#11128,#8995,#8996);
#7432=AXIS2_PLACEMENT_3D('',#11130,#8998,#8999);
#7433=AXIS2_PLACEMENT_3D('',#11132,#9001,#9002);
#7434=AXIS2_PLACEMENT_3D('',#11133,#9003,#9004);
#7435=AXIS2_PLACEMENT_3D('',#11134,#9005,#9006);
#7436=AXIS2_PLACEMENT_3D('',#11135,#9007,#9008);
#7437=AXIS2_PLACEMENT_3D('',#11139,#9011,#9012);
#7438=AXIS2_PLACEMENT_3D('',#11144,#9016,#9017);
#7439=AXIS2_PLACEMENT_3D('',#11147,#9020,#9021);
#7440=AXIS2_PLACEMENT_3D('',#11149,#9023,#9024);
#7441=AXIS2_PLACEMENT_3D('',#11151,#9026,#9027);
#7442=AXIS2_PLACEMENT_3D('',#11154,#9030,#9031);
#7443=AXIS2_PLACEMENT_3D('',#11156,#9033,#9034);
#7444=AXIS2_PLACEMENT_3D('',#11157,#9035,#9036);
#7445=AXIS2_PLACEMENT_3D('',#11158,#9037,#9038);
#7446=AXIS2_PLACEMENT_3D('',#11159,#9039,#9040);
#7447=AXIS2_PLACEMENT_3D('',#11161,#9042,#9043);
#7448=AXIS2_PLACEMENT_3D('',#11162,#9044,#9045);
#7449=AXIS2_PLACEMENT_3D('',#11163,#9046,#9047);
#7450=AXIS2_PLACEMENT_3D('',#11164,#9048,#9049);
#7451=AXIS2_PLACEMENT_3D('',#11165,#9050,#9051);
#7452=AXIS2_PLACEMENT_3D('',#11166,#9052,#9053);
#7453=AXIS2_PLACEMENT_3D('',#11167,#9054,#9055);
#7454=AXIS2_PLACEMENT_3D('',#11168,#9056,#9057);
#7455=AXIS2_PLACEMENT_3D('',#11169,#9058,#9059);
#7456=AXIS2_PLACEMENT_3D('',#11170,#9060,#9061);
#7457=AXIS2_PLACEMENT_3D('',#11173,#9064,#9065);
#7458=AXIS2_PLACEMENT_3D('',#11175,#9067,#9068);
#7459=AXIS2_PLACEMENT_3D('',#11177,#9070,#9071);
#7460=AXIS2_PLACEMENT_3D('',#11179,#9073,#9074);
#7461=AXIS2_PLACEMENT_3D('',#11181,#9076,#9077);
#7462=AXIS2_PLACEMENT_3D('',#11183,#9079,#9080);
#7463=AXIS2_PLACEMENT_3D('',#11185,#9082,#9083);
#7464=AXIS2_PLACEMENT_3D('',#11187,#9085,#9086);
#7465=AXIS2_PLACEMENT_3D('',#11189,#9088,#9089);
#7466=AXIS2_PLACEMENT_3D('',#11192,#9092,#9093);
#7467=AXIS2_PLACEMENT_3D('',#11194,#9095,#9096);
#7468=AXIS2_PLACEMENT_3D('',#11196,#9098,#9099);
#7469=AXIS2_PLACEMENT_3D('',#11197,#9100,#9101);
#7470=AXIS2_PLACEMENT_3D('',#11198,#9102,#9103);
#7471=AXIS2_PLACEMENT_3D('',#11200,#9105,#9106);
#7472=AXIS2_PLACEMENT_3D('',#11202,#9108,#9109);
#7473=AXIS2_PLACEMENT_3D('',#11204,#9111,#9112);
#7474=AXIS2_PLACEMENT_3D('',#11206,#9114,#9115);
#7475=AXIS2_PLACEMENT_3D('',#11211,#9116,#9117);
#7476=AXIS2_PLACEMENT_3D('',#11216,#9118,#9119);
#7477=AXIS2_PLACEMENT_3D('',#11218,#9121,#9122);
#7478=AXIS2_PLACEMENT_3D('',#11220,#9124,#9125);
#7479=AXIS2_PLACEMENT_3D('',#11225,#9126,#9127);
#7480=AXIS2_PLACEMENT_3D('',#11230,#9128,#9129);
#7481=AXIS2_PLACEMENT_3D('',#11232,#9131,#9132);
#7482=AXIS2_PLACEMENT_3D('',#11234,#9134,#9135);
#7483=AXIS2_PLACEMENT_3D('',#11235,#9136,#9137);
#7484=AXIS2_PLACEMENT_3D('',#11237,#9139,#9140);
#7485=AXIS2_PLACEMENT_3D('',#11239,#9142,#9143);
#7486=AXIS2_PLACEMENT_3D('',#11241,#9145,#9146);
#7487=AXIS2_PLACEMENT_3D('',#11243,#9148,#9149);
#7488=AXIS2_PLACEMENT_3D('',#11248,#9150,#9151);
#7489=AXIS2_PLACEMENT_3D('',#11253,#9152,#9153);
#7490=AXIS2_PLACEMENT_3D('',#11255,#9155,#9156);
#7491=AXIS2_PLACEMENT_3D('',#11257,#9158,#9159);
#7492=AXIS2_PLACEMENT_3D('',#11262,#9160,#9161);
#7493=AXIS2_PLACEMENT_3D('',#11267,#9162,#9163);
#7494=AXIS2_PLACEMENT_3D('',#11269,#9165,#9166);
#7495=AXIS2_PLACEMENT_3D('',#11271,#9168,#9169);
#7496=AXIS2_PLACEMENT_3D('',#11273,#9171,#9172);
#7497=AXIS2_PLACEMENT_3D('',#11275,#9174,#9175);
#7498=AXIS2_PLACEMENT_3D('',#11277,#9177,#9178);
#7499=AXIS2_PLACEMENT_3D('',#11279,#9180,#9181);
#7500=AXIS2_PLACEMENT_3D('',#11281,#9183,#9184);
#7501=AXIS2_PLACEMENT_3D('',#11283,#9186,#9187);
#7502=AXIS2_PLACEMENT_3D('',#11284,#9188,#9189);
#7503=AXIS2_PLACEMENT_3D('',#11286,#9191,#9192);
#7504=AXIS2_PLACEMENT_3D('',#11287,#9193,#9194);
#7505=AXIS2_PLACEMENT_3D('',#11289,#9196,#9197);
#7506=AXIS2_PLACEMENT_3D('',#11290,#9198,#9199);
#7507=AXIS2_PLACEMENT_3D('',#11292,#9201,#9202);
#7508=AXIS2_PLACEMENT_3D('',#11293,#9203,#9204);
#7509=AXIS2_PLACEMENT_3D('',#11295,#9206,#9207);
#7510=AXIS2_PLACEMENT_3D('',#11296,#9208,#9209);
#7511=AXIS2_PLACEMENT_3D('',#11298,#9211,#9212);
#7512=AXIS2_PLACEMENT_3D('',#11299,#9213,#9214);
#7513=AXIS2_PLACEMENT_3D('',#11301,#9216,#9217);
#7514=AXIS2_PLACEMENT_3D('',#11302,#9218,#9219);
#7515=AXIS2_PLACEMENT_3D('',#11304,#9221,#9222);
#7516=AXIS2_PLACEMENT_3D('',#11306,#9224,#9225);
#7517=AXIS2_PLACEMENT_3D('',#11308,#9227,#9228);
#7518=AXIS2_PLACEMENT_3D('',#11309,#9229,#9230);
#7519=AXIS2_PLACEMENT_3D('',#11311,#9232,#9233);
#7520=AXIS2_PLACEMENT_3D('',#11313,#9235,#9236);
#7521=AXIS2_PLACEMENT_3D('',#11314,#9237,#9238);
#7522=AXIS2_PLACEMENT_3D('',#11316,#9240,#9241);
#7523=AXIS2_PLACEMENT_3D('',#11318,#9243,#9244);
#7524=AXIS2_PLACEMENT_3D('',#11319,#9245,#9246);
#7525=AXIS2_PLACEMENT_3D('',#11321,#9248,#9249);
#7526=AXIS2_PLACEMENT_3D('',#11323,#9251,#9252);
#7527=AXIS2_PLACEMENT_3D('',#11324,#9253,#9254);
#7528=AXIS2_PLACEMENT_3D('',#11326,#9256,#9257);
#7529=AXIS2_PLACEMENT_3D('',#11328,#9259,#9260);
#7530=AXIS2_PLACEMENT_3D('',#11329,#9261,#9262);
#7531=AXIS2_PLACEMENT_3D('',#11331,#9264,#9265);
#7532=AXIS2_PLACEMENT_3D('',#11333,#9267,#9268);
#7533=AXIS2_PLACEMENT_3D('',#11334,#9269,#9270);
#7534=AXIS2_PLACEMENT_3D('',#11336,#9272,#9273);
#7535=AXIS2_PLACEMENT_3D('',#11338,#9275,#9276);
#7536=AXIS2_PLACEMENT_3D('',#11339,#9277,#9278);
#7537=AXIS2_PLACEMENT_3D('',#11340,#9279,#9280);
#7538=AXIS2_PLACEMENT_3D('',#11342,#9281,#9282);
#7539=AXIS2_PLACEMENT_3D('',#11344,#9283,#9284);
#7540=AXIS2_PLACEMENT_3D('',#11345,#9285,#9286);
#7541=AXIS2_PLACEMENT_3D('',#11347,#9287,#9288);
#7542=AXIS2_PLACEMENT_3D('',#11349,#9289,#9290);
#7543=AXIS2_PLACEMENT_3D('',#11350,#9291,#9292);
#7544=AXIS2_PLACEMENT_3D('',#11352,#9293,#9294);
#7545=AXIS2_PLACEMENT_3D('',#11354,#9295,#9296);
#7546=AXIS2_PLACEMENT_3D('',#11355,#9297,#9298);
#7547=AXIS2_PLACEMENT_3D('',#11357,#9299,#9300);
#7548=AXIS2_PLACEMENT_3D('',#11359,#9301,#9302);
#7549=AXIS2_PLACEMENT_3D('',#11360,#9303,#9304);
#7550=AXIS2_PLACEMENT_3D('',#11361,#9305,#9306);
#7551=AXIS2_PLACEMENT_3D('',#11362,#9307,#9308);
#7552=AXIS2_PLACEMENT_3D('',#11363,#9309,#9310);
#7553=AXIS2_PLACEMENT_3D('',#11364,#9311,#9312);
#7554=AXIS2_PLACEMENT_3D('',#11365,#9313,#9314);
#7555=AXIS2_PLACEMENT_3D('',#11366,#9315,#9316);
#7556=AXIS2_PLACEMENT_3D('',#11367,#9317,#9318);
#7557=AXIS2_PLACEMENT_3D('',#11368,#9319,#9320);
#7558=AXIS2_PLACEMENT_3D('',#11369,#9321,#9322);
#7559=AXIS2_PLACEMENT_3D('',#11371,#9324,#9325);
#7560=AXIS2_PLACEMENT_3D('',#11372,#9326,#9327);
#7561=AXIS2_PLACEMENT_3D('',#11374,#9329,#9330);
#7562=AXIS2_PLACEMENT_3D('',#11375,#9331,#9332);
#7563=AXIS2_PLACEMENT_3D('',#11377,#9334,#9335);
#7564=AXIS2_PLACEMENT_3D('',#11378,#9336,#9337);
#7565=AXIS2_PLACEMENT_3D('',#11380,#9339,#9340);
#7566=AXIS2_PLACEMENT_3D('',#11381,#9341,#9342);
#7567=AXIS2_PLACEMENT_3D('',#11383,#9344,#9345);
#7568=AXIS2_PLACEMENT_3D('',#11385,#9347,#9348);
#7569=AXIS2_PLACEMENT_3D('',#11386,#9349,#9350);
#7570=AXIS2_PLACEMENT_3D('',#11388,#9352,#9353);
#7571=AXIS2_PLACEMENT_3D('',#11390,#9355,#9356);
#7572=AXIS2_PLACEMENT_3D('',#11391,#9357,#9358);
#7573=AXIS2_PLACEMENT_3D('',#11393,#9360,#9361);
#7574=AXIS2_PLACEMENT_3D('',#11395,#9363,#9364);
#7575=AXIS2_PLACEMENT_3D('',#11396,#9365,#9366);
#7576=AXIS2_PLACEMENT_3D('',#11398,#9368,#9369);
#7577=AXIS2_PLACEMENT_3D('',#11400,#9371,#9372);
#7578=DIRECTION('',(0.,0.,1.));
#7579=DIRECTION('',(1.,0.,0.));
#7580=DIRECTION('',(-1.,0.,0.));
#7581=DIRECTION('',(0.,0.,1.));
#7582=DIRECTION('',(0.,-1.,0.));
#7583=DIRECTION('',(0.,0.707106781186548,-0.707106781186548));
#7584=DIRECTION('',(0.,0.466583903686789,0.884476941938227));
#7585=DIRECTION('',(0.,-1.,0.));
#7586=DIRECTION('',(0.,0.707106781186548,-0.707106781186548));
#7587=DIRECTION('',(0.377964473009228,-0.654653670707977,-0.654653670707977));
#7588=DIRECTION('',(0.,0.707106781186548,-0.707106781186548));
#7589=DIRECTION('',(0.,0.707106781186548,-0.707106781186548));
#7590=DIRECTION('',(0.866025403784438,0.5,0.));
#7591=DIRECTION('',(0.,0.707106781186548,-0.707106781186548));
#7592=DIRECTION('',(-0.472032538778592,-0.744560652108666,0.472032538778583));
#7593=DIRECTION('',(0.866025403784438,0.5,0.));
#7594=DIRECTION('',(-0.914678386983032,-0.154673925136518,-0.37341588781007));
#7595=DIRECTION('',(0.,0.707106781186548,-0.707106781186548));
#7596=DIRECTION('',(0.866025403784438,0.5,0.));
#7597=DIRECTION('',(0.,0.707106781186548,-0.707106781186548));
#7598=DIRECTION('',(0.866025403784438,0.5,0.));
#7599=DIRECTION('',(-1.,0.,0.));
#7600=DIRECTION('',(0.,0.,1.));
#7601=DIRECTION('',(0.,-1.,0.));
#7602=DIRECTION('',(0.,0.707106781186548,-0.707106781186548));
#7603=DIRECTION('',(0.,0.466583903686772,0.884476941938236));
#7604=DIRECTION('',(0.,-1.,0.));
#7605=DIRECTION('',(-0.377964473009228,0.654653670707977,0.654653670707977));
#7606=DIRECTION('',(0.,-0.707106781186548,0.707106781186548));
#7607=DIRECTION('',(0.,-0.707106781186548,0.707106781186548));
#7608=DIRECTION('',(-0.866025403784438,-0.5,0.));
#7609=DIRECTION('',(0.,-0.707106781186548,0.707106781186548));
#7610=DIRECTION('',(0.866025403784438,0.5,0.));
#7611=DIRECTION('',(0.,0.707106781186548,-0.707106781186548));
#7612=DIRECTION('',(0.914678386983032,0.154673925136518,0.37341588781007));
#7613=DIRECTION('',(-0.866025403784438,-0.5,0.));
#7614=DIRECTION('',(-0.866025403784438,-0.5,0.));
#7615=DIRECTION('',(0.377964473009228,-0.654653670707977,-0.654653670707977));
#7616=DIRECTION('',(0.,0.707106781186548,-0.707106781186548));
#7617=DIRECTION('',(0.,0.707106781186548,-0.707106781186548));
#7618=DIRECTION('',(0.866025403784438,0.5,0.));
#7619=DIRECTION('',(0.,0.707106781186548,-0.707106781186548));
#7620=DIRECTION('',(-0.472032538778592,-0.744560652108666,0.472032538778583));
#7621=DIRECTION('',(0.866025403784438,0.5,0.));
#7622=DIRECTION('',(-0.914678386983033,-0.154673925136524,-0.373415887810064));
#7623=DIRECTION('',(0.,0.707106781186548,-0.707106781186548));
#7624=DIRECTION('',(0.866025403784438,0.5,0.));
#7625=DIRECTION('',(0.,0.707106781186548,-0.707106781186548));
#7626=DIRECTION('',(0.866025403784438,0.5,0.));
#7627=DIRECTION('',(-1.,0.,0.));
#7628=DIRECTION('',(0.,0.,1.));
#7629=DIRECTION('',(0.,-1.,0.));
#7630=DIRECTION('',(0.,0.707106781186548,-0.707106781186548));
#7631=DIRECTION('',(0.,0.466583903686777,0.884476941938233));
#7632=DIRECTION('',(0.,-1.,0.));
#7633=DIRECTION('',(-0.377964473009228,0.654653670707977,0.654653670707977));
#7634=DIRECTION('',(0.,-0.707106781186548,0.707106781186548));
#7635=DIRECTION('',(0.,-0.707106781186548,0.707106781186548));
#7636=DIRECTION('',(-0.866025403784438,-0.5,0.));
#7637=DIRECTION('',(0.,-0.707106781186548,0.707106781186548));
#7638=DIRECTION('',(0.866025403784438,0.5,0.));
#7639=DIRECTION('',(0.,0.707106781186548,-0.707106781186548));
#7640=DIRECTION('',(0.914678386983033,0.154673925136524,0.373415887810064));
#7641=DIRECTION('',(-0.866025403784438,-0.5,0.));
#7642=DIRECTION('',(-0.866025403784438,-0.5,0.));
#7643=DIRECTION('',(0.377964473009228,-0.654653670707977,-0.654653670707977));
#7644=DIRECTION('',(0.,0.707106781186548,-0.707106781186548));
#7645=DIRECTION('',(0.,0.707106781186548,-0.707106781186548));
#7646=DIRECTION('',(0.866025403784438,0.5,0.));
#7647=DIRECTION('',(0.,0.707106781186548,-0.707106781186548));
#7648=DIRECTION('',(0.866025403784438,0.5,0.));
#7649=DIRECTION('',(-0.677497944020818,0.286344323664967,-0.677497944020805));
#7650=DIRECTION('',(0.,0.707106781186548,-0.707106781186548));
#7651=DIRECTION('',(0.866025403784438,0.5,0.));
#7652=DIRECTION('',(0.,0.707106781186548,-0.707106781186548));
#7653=DIRECTION('',(0.866025403784438,0.5,0.));
#7654=DIRECTION('',(-0.377964473009228,0.654653670707977,0.654653670707977));
#7655=DIRECTION('',(0.,-0.707106781186548,0.707106781186548));
#7656=DIRECTION('',(0.,-0.707106781186548,0.707106781186548));
#7657=DIRECTION('',(-0.866025403784438,-0.5,0.));
#7658=DIRECTION('',(0.,-0.707106781186548,0.707106781186548));
#7659=DIRECTION('',(0.866025403784438,0.5,0.));
#7660=DIRECTION('',(0.,0.707106781186548,-0.707106781186548));
#7661=DIRECTION('',(0.914678386983032,0.154673925136518,0.373415887810069));
#7662=DIRECTION('',(-0.866025403784438,-0.5,5.56473164166677E-18));
#7663=DIRECTION('',(0.,0.707106781186548,-0.707106781186548));
#7664=DIRECTION('',(-0.866025403784438,-0.5,0.));
#7665=DIRECTION('',(0.,0.707106781186548,0.707106781186548));
#7666=DIRECTION('',(0.,-0.707106781186548,0.707106781186548));
#7667=DIRECTION('',(0.,-0.707106781186548,0.707106781186548));
#7668=DIRECTION('',(1.,0.,0.));
#7669=DIRECTION('',(0.,0.707106781186548,-0.707106781186548));
#7670=DIRECTION('',(-1.,0.,0.));
#7671=DIRECTION('',(0.,0.707106781186548,-0.707106781186548));
#7672=DIRECTION('',(-1.,0.,0.));
#7673=DIRECTION('',(0.377964473009228,-0.654653670707977,-0.654653670707977));
#7674=DIRECTION('',(0.,0.707106781186548,-0.707106781186548));
#7675=DIRECTION('',(0.,0.707106781186548,-0.707106781186548));
#7676=DIRECTION('',(0.866025403784438,0.5,0.));
#7677=DIRECTION('',(0.,0.707106781186548,-0.707106781186548));
#7678=DIRECTION('',(-0.472032538778577,-0.744560652108669,0.472032538778595));
#7679=DIRECTION('',(0.866025403784438,0.5,0.));
#7680=DIRECTION('',(-0.914678386983032,-0.154673925136518,-0.373415887810069));
#7681=DIRECTION('',(0.866025403784438,0.5,0.));
#7682=DIRECTION('',(-1.,0.,0.));
#7683=DIRECTION('',(0.,0.,1.));
#7684=DIRECTION('',(0.,-1.,0.));
#7685=DIRECTION('',(0.,0.707106781186548,-0.707106781186548));
#7686=DIRECTION('',(0.,0.466583903686775,0.884476941938234));
#7687=DIRECTION('',(0.,-1.,0.));
#7688=DIRECTION('',(-0.377964473009228,0.654653670707977,0.654653670707977));
#7689=DIRECTION('',(0.,-0.707106781186548,0.707106781186548));
#7690=DIRECTION('',(-0.866025403784438,-0.5,0.));
#7691=DIRECTION('',(0.914678386983031,0.154673925136518,0.37341588781007));
#7692=DIRECTION('',(-0.866025403784438,-0.5,3.07758472771018E-17));
#7693=DIRECTION('',(0.377964473009228,-0.654653670707977,-0.654653670707977));
#7694=DIRECTION('',(0.,0.707106781186548,-0.707106781186548));
#7695=DIRECTION('',(0.,0.707106781186548,-0.707106781186548));
#7696=DIRECTION('',(0.866025403784438,0.5,0.));
#7697=DIRECTION('',(-0.472032538778592,-0.744560652108666,0.472032538778583));
#7698=DIRECTION('',(0.866025403784438,0.5,0.));
#7699=DIRECTION('',(-0.914678386983033,-0.154673925136523,-0.373415887810065));
#7700=DIRECTION('',(0.,0.707106781186548,-0.707106781186548));
#7701=DIRECTION('',(0.866025403784438,0.5,0.));
#7702=DIRECTION('',(0.866025403784438,0.,0.5));
#7703=DIRECTION('',(0.,0.707106781186548,-0.707106781186548));
#7704=DIRECTION('',(0.866025403784438,0.5,0.));
#7705=DIRECTION('',(-0.377964473009228,0.654653670707977,0.654653670707977));
#7706=DIRECTION('',(0.,-0.707106781186548,0.707106781186548));
#7707=DIRECTION('',(0.,-0.707106781186548,0.707106781186548));
#7708=DIRECTION('',(0.866025403784438,0.5,0.));
#7709=DIRECTION('',(0.,0.707106781186548,-0.707106781186548));
#7710=DIRECTION('',(0.914678386983033,0.154673925136523,0.373415887810065));
#7711=DIRECTION('',(-0.866025403784438,-0.5,-5.56473164166677E-18));
#7712=DIRECTION('',(-0.866025403784438,-0.5,0.));
#7713=DIRECTION('',(0.377964473009228,-0.654653670707977,-0.654653670707977));
#7714=DIRECTION('',(0.,0.707106781186548,-0.707106781186548));
#7715=DIRECTION('',(0.,0.707106781186548,-0.707106781186548));
#7716=DIRECTION('',(0.866025403784438,0.5,0.));
#7717=DIRECTION('',(0.,0.707106781186548,-0.707106781186548));
#7718=DIRECTION('',(-0.472032538778577,-0.744560652108669,0.472032538778595));
#7719=DIRECTION('',(0.866025403784438,0.5,0.));
#7720=DIRECTION('',(-0.914678386983033,-0.154673925136524,-0.373415887810064));
#7721=DIRECTION('',(0.,0.707106781186548,-0.707106781186548));
#7722=DIRECTION('',(0.866025403784438,0.5,0.));
#7723=DIRECTION('',(-1.,0.,0.));
#7724=DIRECTION('',(0.,0.,1.));
#7725=DIRECTION('',(0.,-1.,0.));
#7726=DIRECTION('',(0.,0.707106781186548,-0.707106781186548));
#7727=DIRECTION('',(0.,0.466583903686784,0.88447694193823));
#7728=DIRECTION('',(0.,-1.,0.));
#7729=DIRECTION('',(-0.377964473009228,0.654653670707977,0.654653670707977));
#7730=DIRECTION('',(0.,-0.707106781186548,0.707106781186548));
#7731=DIRECTION('',(0.,-0.707106781186548,0.707106781186548));
#7732=DIRECTION('',(0.866025403784438,0.5,0.));
#7733=DIRECTION('',(0.,0.707106781186548,-0.707106781186548));
#7734=DIRECTION('',(0.914678386983033,0.154673925136524,0.373415887810064));
#7735=DIRECTION('',(-0.866025403784438,-0.5,0.));
#7736=DIRECTION('',(-0.866025403784438,-0.5,0.));
#7737=DIRECTION('',(0.377964473009228,-0.654653670707977,-0.654653670707977));
#7738=DIRECTION('',(0.,0.707106781186548,-0.707106781186548));
#7739=DIRECTION('',(0.,0.707106781186548,-0.707106781186548));
#7740=DIRECTION('',(0.866025403784438,0.5,0.));
#7741=DIRECTION('',(0.,0.707106781186548,-0.707106781186548));
#7742=DIRECTION('',(-0.472032538778577,-0.744560652108669,0.472032538778595));
#7743=DIRECTION('',(0.866025403784438,0.5,0.));
#7744=DIRECTION('',(-0.914678386983032,-0.154673925136518,-0.37341588781007));
#7745=DIRECTION('',(0.,0.707106781186548,-0.707106781186548));
#7746=DIRECTION('',(0.866025403784438,0.5,0.));
#7747=DIRECTION('',(-1.,0.,0.));
#7748=DIRECTION('',(0.,0.,1.));
#7749=DIRECTION('',(0.,-1.,0.));
#7750=DIRECTION('',(0.,0.707106781186548,-0.707106781186548));
#7751=DIRECTION('',(0.,0.466583903686768,0.884476941938238));
#7752=DIRECTION('',(0.,-1.,0.));
#7753=DIRECTION('',(-0.377964473009228,0.654653670707977,0.654653670707977));
#7754=DIRECTION('',(0.,-0.707106781186548,0.707106781186548));
#7755=DIRECTION('',(0.,-0.707106781186548,0.707106781186548));
#7756=DIRECTION('',(0.866025403784438,0.5,0.));
#7757=DIRECTION('',(0.,0.707106781186548,-0.707106781186548));
#7758=DIRECTION('',(0.914678386983032,0.154673925136518,0.37341588781007));
#7759=DIRECTION('',(-0.866025403784438,-0.5,-6.79728382423566E-18));
#7760=DIRECTION('',(-0.866025403784438,-0.5,0.));
#7761=DIRECTION('',(4.08878244448898E-16,-0.707106781186548,-0.707106781186548));
#7762=DIRECTION('',(0.,0.707106781186548,-0.707106781186548));
#7763=DIRECTION('',(0.,0.707106781186548,-0.707106781186548));
#7764=DIRECTION('',(1.,5.78241158658932E-16,0.));
#7765=DIRECTION('',(0.,0.707106781186548,-0.707106781186548));
#7766=DIRECTION('',(-0.881917103688198,-0.333333333333332,0.333333333333332));
#7767=DIRECTION('',(1.,5.78241158658933E-16,0.));
#7768=DIRECTION('',(0.,0.707106781186548,-0.707106781186548));
#7769=DIRECTION('',(1.,5.78241158658933E-16,0.));
#7770=DIRECTION('',(-0.377964473009228,0.654653670707977,0.654653670707977));
#7771=DIRECTION('',(0.,-0.707106781186548,0.707106781186548));
#7772=DIRECTION('',(0.,-0.707106781186548,0.707106781186548));
#7773=DIRECTION('',(0.866025403784438,0.5,0.));
#7774=DIRECTION('',(0.,0.707106781186548,-0.707106781186548));
#7775=DIRECTION('',(-0.866025403784438,-0.5,5.56473164166677E-18));
#7776=DIRECTION('',(-0.866025403784438,-0.5,0.));
#7777=DIRECTION('',(0.,-0.707106781186548,-0.707106781186548));
#7778=DIRECTION('',(0.,0.707106781186548,-0.707106781186548));
#7779=DIRECTION('',(1.,0.,0.));
#7780=DIRECTION('',(0.,0.707106781186548,-0.707106781186548));
#7781=DIRECTION('',(-0.577350269189633,-0.577350269189622,0.577350269189622));
#7782=DIRECTION('',(1.,0.,0.));
#7783=DIRECTION('',(-1.,0.,0.));
#7784=DIRECTION('',(0.,0.,1.));
#7785=DIRECTION('',(0.,-1.,0.));
#7786=DIRECTION('',(0.,0.46658390368677,0.884476941938237));
#7787=DIRECTION('',(0.,-1.,0.));
#7788=DIRECTION('',(-0.377964473009228,0.654653670707977,-0.654653670707977));
#7789=DIRECTION('',(0.,0.707106781186548,0.707106781186548));
#7790=DIRECTION('',(0.,0.707106781186548,0.707106781186548));
#7791=DIRECTION('',(-0.866025403784438,-0.5,0.));
#7792=DIRECTION('',(-0.866025403784438,0.,0.5));
#7793=DIRECTION('',(0.,0.707106781186548,0.707106781186548));
#7794=DIRECTION('',(0.67749794402081,-0.286344323664975,-0.677497944020809));
#7795=DIRECTION('',(0.866025403784438,0.5,0.));
#7796=DIRECTION('',(0.,-0.707106781186548,-0.707106781186548));
#7797=DIRECTION('',(0.377964473009228,-0.654653670707977,0.654653670707977));
#7798=DIRECTION('',(0.,-0.707106781186548,-0.707106781186548));
#7799=DIRECTION('',(0.,-0.707106781186548,-0.707106781186548));
#7800=DIRECTION('',(0.,-0.707106781186548,-0.707106781186548));
#7801=DIRECTION('',(-0.866025403784438,-0.5,0.));
#7802=DIRECTION('',(-0.925820099772551,-0.267261241912425,0.267261241912426));
#7803=DIRECTION('',(0.866025403784438,0.,-0.5));
#7804=DIRECTION('',(0.,-0.707106781186548,-0.707106781186548));
#7805=DIRECTION('',(0.866025403784438,0.5,0.));
#7806=DIRECTION('',(-0.377964473009228,0.654653670707977,-0.654653670707977));
#7807=DIRECTION('',(0.,0.707106781186548,0.707106781186548));
#7808=DIRECTION('',(0.,0.707106781186548,0.707106781186548));
#7809=DIRECTION('',(-0.866025403784438,-0.5,0.));
#7810=DIRECTION('',(0.,-0.707106781186548,-0.707106781186548));
#7811=DIRECTION('',(0.866025403784438,0.5,0.));
#7812=DIRECTION('',(0.,-0.707106781186548,-0.707106781186548));
#7813=DIRECTION('',(0.,0.707106781186548,-0.707106781186548));
#7814=DIRECTION('',(0.,0.707106781186548,0.707106781186548));
#7815=DIRECTION('',(0.,0.707106781186548,0.707106781186548));
#7816=DIRECTION('',(-1.,0.,0.));
#7817=DIRECTION('',(0.,-0.707106781186548,-0.707106781186548));
#7818=DIRECTION('',(1.,0.,0.));
#7819=DIRECTION('',(0.,-0.707106781186548,-0.707106781186548));
#7820=DIRECTION('',(0.377964473009228,-0.654653670707977,0.654653670707977));
#7821=DIRECTION('',(0.,-0.707106781186548,-0.707106781186548));
#7822=DIRECTION('',(0.,-0.707106781186548,-0.707106781186548));
#7823=DIRECTION('',(-0.866025403784438,-0.5,0.));
#7824=DIRECTION('',(0.,-0.707106781186548,-0.707106781186548));
#7825=DIRECTION('',(0.866025403784438,0.5,0.));
#7826=DIRECTION('',(0.377964473009228,-0.654653670707977,0.654653670707977));
#7827=DIRECTION('',(0.,-0.707106781186548,-0.707106781186548));
#7828=DIRECTION('',(0.,-0.707106781186548,-0.707106781186548));
#7829=DIRECTION('',(0.,-0.707106781186548,-0.707106781186548));
#7830=DIRECTION('',(-0.866025403784438,-0.5,0.));
#7831=DIRECTION('',(0.,-0.707106781186548,-0.707106781186548));
#7832=DIRECTION('',(0.866025403784438,0.5,0.));
#7833=DIRECTION('',(-0.377964473009228,0.654653670707977,-0.654653670707977));
#7834=DIRECTION('',(0.,0.707106781186548,0.707106781186548));
#7835=DIRECTION('',(0.,0.707106781186548,0.707106781186548));
#7836=DIRECTION('',(-0.866025403784438,-0.5,0.));
#7837=DIRECTION('',(0.,-0.707106781186548,-0.707106781186548));
#7838=DIRECTION('',(0.866025403784438,0.5,0.));
#7839=DIRECTION('',(0.,-0.707106781186548,-0.707106781186548));
#7840=DIRECTION('',(4.08878244448898E-16,-0.707106781186548,0.707106781186548));
#7841=DIRECTION('',(0.,-0.707106781186548,-0.707106781186548));
#7842=DIRECTION('',(0.,-0.707106781186548,-0.707106781186548));
#7843=DIRECTION('',(0.,-0.707106781186548,-0.707106781186548));
#7844=DIRECTION('',(-1.,-5.78241158658933E-16,0.));
#7845=DIRECTION('',(0.,-0.707106781186548,-0.707106781186548));
#7846=DIRECTION('',(1.,5.78241158658933E-16,0.));
#7847=DIRECTION('',(-0.377964473009228,0.654653670707977,-0.654653670707977));
#7848=DIRECTION('',(0.,0.707106781186548,0.707106781186548));
#7849=DIRECTION('',(0.,0.707106781186548,0.707106781186548));
#7850=DIRECTION('',(-0.866025403784438,-0.5,0.));
#7851=DIRECTION('',(0.866025403784438,0.5,0.));
#7852=DIRECTION('',(0.,-0.707106781186548,-0.707106781186548));
#7853=DIRECTION('',(0.,0.,-1.));
#7854=DIRECTION('',(1.,0.,0.));
#7855=DIRECTION('',(0.,1.,0.));
#7856=DIRECTION('',(0.,1.,0.));
#7857=DIRECTION('',(0.,0.,-1.));
#7858=DIRECTION('',(1.,0.,0.));
#7859=DIRECTION('',(0.,1.,0.));
#7860=DIRECTION('',(0.,1.,0.));
#7861=DIRECTION('',(0.,0.,-1.));
#7862=DIRECTION('',(1.,0.,0.));
#7863=DIRECTION('',(0.,1.,0.));
#7864=DIRECTION('',(0.,1.,0.));
#7865=DIRECTION('',(0.,0.,-1.));
#7866=DIRECTION('',(1.,0.,0.));
#7867=DIRECTION('',(0.,1.,0.));
#7868=DIRECTION('',(0.,1.,0.));
#7869=DIRECTION('',(1.,0.,0.));
#7870=DIRECTION('',(0.,1.,0.));
#7871=DIRECTION('',(0.,0.,1.));
#7872=DIRECTION('',(1.,0.,0.));
#7873=DIRECTION('',(0.,0.,1.));
#7874=DIRECTION('',(0.,0.,-1.));
#7875=DIRECTION('',(-0.866025403784438,0.,0.5));
#7876=DIRECTION('',(0.,0.,-1.));
#7877=DIRECTION('',(-0.377964473009228,0.654653670707977,-0.654653670707977));
#7878=DIRECTION('',(0.,0.707106781186548,0.707106781186548));
#7879=DIRECTION('',(-0.749619044198594,0.198583442318032,0.631376199275762));
#7880=DIRECTION('',(0.866025403784438,0.5,0.));
#7881=DIRECTION('',(0.,-0.707106781186548,-0.707106781186548));
#7882=DIRECTION('',(0.,0.707106781186548,0.707106781186548));
#7883=DIRECTION('',(-0.866025403784438,-0.5,0.));
#7884=DIRECTION('',(0.,0.707106781186548,0.707106781186548));
#7885=DIRECTION('',(-0.377964473009228,0.654653670707977,-0.654653670707977));
#7886=DIRECTION('',(0.,0.707106781186548,0.707106781186548));
#7887=DIRECTION('',(-0.866025403784438,-0.5,0.));
#7888=DIRECTION('',(0.,-0.707106781186548,-0.707106781186548));
#7889=DIRECTION('',(0.866025403784438,0.5,0.));
#7890=DIRECTION('',(0.13232932430947,-0.661646383958614,-0.738046754970368));
#7891=DIRECTION('',(-0.866025403784438,0.,0.5));
#7892=DIRECTION('',(1.,0.,0.));
#7893=DIRECTION('',(0.,0.,-1.));
#7894=DIRECTION('',(0.,-0.707106781186548,-0.707106781186548));
#7895=DIRECTION('',(0.,-1.,0.));
#7896=DIRECTION('',(0.,0.,-1.));
#7897=DIRECTION('',(0.,-1.,0.));
#7898=DIRECTION('',(0.,0.,-1.));
#7899=DIRECTION('',(1.,0.,0.));
#7900=DIRECTION('',(0.,0.,-1.));
#7901=DIRECTION('',(-1.,0.,0.));
#7902=DIRECTION('',(0.,0.,-1.));
#7903=DIRECTION('',(-1.,0.,0.));
#7904=DIRECTION('',(0.,0.,-1.));
#7905=DIRECTION('',(-1.,0.,0.));
#7906=DIRECTION('',(0.,0.,-1.));
#7907=DIRECTION('',(-1.,0.,0.));
#7908=DIRECTION('',(-1.,0.,0.));
#7909=DIRECTION('',(4.24397180667109E-16,1.,0.));
#7910=DIRECTION('',(1.,0.,0.));
#7911=DIRECTION('',(0.,1.,0.));
#7912=DIRECTION('',(-0.866025403784438,-0.5,0.));
#7913=DIRECTION('',(1.,0.,0.));
#7914=DIRECTION('',(0.196116202852404,-0.980580662148074,0.));
#7915=DIRECTION('',(0.,1.,0.));
#7916=DIRECTION('',(-1.,0.,0.));
#7917=DIRECTION('',(-0.866025403784438,-0.5,0.));
#7918=DIRECTION('',(0.,-1.,0.));
#7919=DIRECTION('',(1.,0.,0.));
#7920=DIRECTION('',(-0.966655806619225,0.256079189957591,0.));
#7921=DIRECTION('',(0.,1.,0.));
#7922=DIRECTION('',(-0.866025403784438,-0.5,0.));
#7923=DIRECTION('',(1.,0.,0.));
#7924=DIRECTION('',(0.866025403784438,0.5,0.));
#7925=DIRECTION('',(0.,1.,0.));
#7926=DIRECTION('',(-0.866025403784438,-0.5,0.));
#7927=DIRECTION('',(1.,0.,0.));
#7928=DIRECTION('',(0.866025403784438,0.5,0.));
#7929=DIRECTION('',(0.,1.,0.));
#7930=DIRECTION('',(-0.866025403784438,-0.5,0.));
#7931=DIRECTION('',(1.,1.15648231731787E-15,0.));
#7932=DIRECTION('',(0.,1.,0.));
#7933=DIRECTION('',(-1.,0.,0.));
#7934=DIRECTION('',(1.,0.,0.));
#7935=DIRECTION('',(0.,1.,0.));
#7936=DIRECTION('',(-1.,0.,0.));
#7937=DIRECTION('',(4.24397180667109E-16,1.,0.));
#7938=DIRECTION('',(-0.707106781186545,0.707106781186551,0.));
#7939=DIRECTION('',(-1.,0.,0.));
#7940=DIRECTION('',(0.,1.,0.));
#7941=DIRECTION('',(1.,0.,0.));
#7942=DIRECTION('',(0.707106781186545,0.707106781186551,0.));
#7943=DIRECTION('',(4.24397180667109E-16,1.,0.));
#7944=DIRECTION('',(1.,-5.38733998750561E-16,0.));
#7945=DIRECTION('',(0.,-1.,0.));
#7946=DIRECTION('',(0.,0.,-1.));
#7947=DIRECTION('',(-1.,0.,0.));
#7948=DIRECTION('',(0.,1.,0.));
#7949=DIRECTION('',(1.,-5.38733998750561E-16,0.));
#7950=DIRECTION('',(0.,-1.,0.));
#7951=DIRECTION('',(0.,0.,-1.));
#7952=DIRECTION('',(-1.,0.,0.));
#7953=DIRECTION('',(0.,1.,0.));
#7954=DIRECTION('',(1.,-5.38733998750561E-16,0.));
#7955=DIRECTION('',(-4.24397180667109E-16,-1.,0.));
#7956=DIRECTION('',(0.707106781186545,-0.707106781186551,0.));
#7957=DIRECTION('',(1.,-4.95635278850516E-16,0.));
#7958=DIRECTION('',(0.,1.,0.));
#7959=DIRECTION('',(-1.,4.95635278850516E-16,0.));
#7960=DIRECTION('',(-0.707106781186546,-0.707106781186549,0.));
#7961=DIRECTION('',(-4.24397180667109E-16,-1.,0.));
#7962=DIRECTION('',(-1.,5.38733998750561E-16,0.));
#7963=DIRECTION('',(0.,1.,0.));
#7964=DIRECTION('',(0.,0.,-1.));
#7965=DIRECTION('',(-1.,0.,0.));
#7966=DIRECTION('',(0.,-1.,0.));
#7967=DIRECTION('',(-1.,5.38733998750561E-16,0.));
#7968=DIRECTION('',(0.,1.,0.));
#7969=DIRECTION('',(0.,0.,-1.));
#7970=DIRECTION('',(-1.,0.,0.));
#7971=DIRECTION('',(0.,-1.,0.));
#7972=DIRECTION('',(-1.,5.38733998750561E-16,0.));
#7973=DIRECTION('',(4.24397180667109E-16,1.,0.));
#7974=DIRECTION('',(1.,0.,0.));
#7975=DIRECTION('',(0.,1.,0.));
#7976=DIRECTION('',(0.,-1.,0.));
#7977=DIRECTION('',(0.866025403784438,0.5,0.));
#7978=DIRECTION('',(-1.,0.,0.));
#7979=DIRECTION('',(-0.866025403784438,-0.5,0.));
#7980=DIRECTION('',(2.00308613164954E-15,-1.,0.));
#7981=DIRECTION('',(-0.866025403784438,-0.5,0.));
#7982=DIRECTION('',(1.,0.,0.));
#7983=DIRECTION('',(0.,1.,0.));
#7984=DIRECTION('',(0.,-1.,0.));
#7985=DIRECTION('',(0.866025403784438,0.5,0.));
#7986=DIRECTION('',(-1.,0.,0.));
#7987=DIRECTION('',(-0.866025403784438,-0.5,0.));
#7988=DIRECTION('',(0.,-1.,0.));
#7989=DIRECTION('',(0.866025403784438,0.5,0.));
#7990=DIRECTION('',(-1.,-5.78241158658935E-16,0.));
#7991=DIRECTION('',(-0.866025403784438,-0.5,0.));
#7992=DIRECTION('',(0.,-1.,0.));
#7993=DIRECTION('',(0.866025403784438,0.5,0.));
#7994=DIRECTION('',(-1.,-5.78241158658933E-16,0.));
#7995=DIRECTION('',(-0.866025403784438,-0.5,0.));
#7996=DIRECTION('',(0.,-1.,0.));
#7997=DIRECTION('',(0.866025403784438,0.5,0.));
#7998=DIRECTION('',(-1.,-5.78241158658933E-16,0.));
#7999=DIRECTION('',(-0.866025403784438,-0.5,0.));
#8000=DIRECTION('',(0.866025403784438,0.5,0.));
#8001=DIRECTION('',(0.,1.,0.));
#8002=DIRECTION('',(0.,1.,0.));
#8003=DIRECTION('',(0.,0.,1.));
#8004=DIRECTION('',(-1.,0.,0.));
#8005=DIRECTION('',(0.,0.,1.));
#8006=DIRECTION('',(1.,0.,0.));
#8007=DIRECTION('',(0.,0.,-1.));
#8008=DIRECTION('',(-1.,0.,0.));
#8009=DIRECTION('',(0.866025403784438,0.,-0.5));
#8010=DIRECTION('',(0.,0.,1.));
#8011=DIRECTION('',(-1.,0.,0.));
#8012=DIRECTION('',(0.,0.,-1.));
#8013=DIRECTION('',(0.377964473009228,-0.654653670707977,0.654653670707977));
#8014=DIRECTION('',(0.,-0.707106781186548,-0.707106781186548));
#8015=DIRECTION('',(-0.67749794402081,0.286344323664975,0.677497944020809));
#8016=DIRECTION('',(0.,-0.707106781186548,-0.707106781186548));
#8017=DIRECTION('',(0.866025403784438,0.5,0.));
#8018=DIRECTION('',(0.,-0.707106781186548,-0.707106781186548));
#8019=DIRECTION('',(0.,-0.707106781186548,-0.707106781186548));
#8020=DIRECTION('',(-0.377964473009228,0.654653670707977,-0.654653670707977));
#8021=DIRECTION('',(0.,0.707106781186548,0.707106781186548));
#8022=DIRECTION('',(0.,0.707106781186548,0.707106781186548));
#8023=DIRECTION('',(0.67749794402081,-0.286344323664975,-0.677497944020809));
#8024=DIRECTION('',(0.,-0.707106781186548,-0.707106781186548));
#8025=DIRECTION('',(0.,0.707106781186548,0.707106781186548));
#8026=DIRECTION('',(-0.866025403784438,-0.5,0.));
#8027=DIRECTION('',(-0.377964473009228,0.654653670707977,-0.654653670707977));
#8028=DIRECTION('',(0.,0.707106781186548,0.707106781186548));
#8029=DIRECTION('',(0.,0.707106781186548,0.707106781186548));
#8030=DIRECTION('',(0.67749794402081,-0.286344323664975,-0.677497944020809));
#8031=DIRECTION('',(0.,-0.707106781186548,-0.707106781186548));
#8032=DIRECTION('',(0.,0.707106781186548,0.707106781186548));
#8033=DIRECTION('',(-0.866025403784438,-0.5,0.));
#8034=DIRECTION('',(0.377964473009228,-0.654653670707977,0.654653670707977));
#8035=DIRECTION('',(0.,-0.707106781186548,-0.707106781186548));
#8036=DIRECTION('',(-0.67749794402081,0.286344323664975,0.677497944020809));
#8037=DIRECTION('',(0.866025403784438,0.5,0.));
#8038=DIRECTION('',(0.,-0.707106781186548,-0.707106781186548));
#8039=DIRECTION('',(0.,-0.707106781186548,-0.707106781186548));
#8040=DIRECTION('',(0.377964473009228,-0.654653670707977,0.654653670707977));
#8041=DIRECTION('',(0.,-0.707106781186548,-0.707106781186548));
#8042=DIRECTION('',(0.,-0.707106781186548,-0.707106781186548));
#8043=DIRECTION('',(0.866025403784438,0.5,0.));
#8044=DIRECTION('',(0.,-0.707106781186548,-0.707106781186548));
#8045=DIRECTION('',(0.,-0.707106781186548,-0.707106781186548));
#8046=DIRECTION('',(0.,0.,-1.));
#8047=DIRECTION('',(1.,0.,0.));
#8048=DIRECTION('',(1.,0.,0.));
#8049=DIRECTION('',(0.,1.,0.));
#8050=DIRECTION('',(1.,0.,0.));
#8051=DIRECTION('',(0.,1.,0.));
#8052=DIRECTION('',(1.,0.,0.));
#8053=DIRECTION('',(0.,0.,-1.));
#8054=DIRECTION('',(0.,-1.,0.));
#8055=DIRECTION('',(0.,-1.,0.));
#8056=DIRECTION('',(1.,0.,0.));
#8057=DIRECTION('',(0.,0.,-1.));
#8058=DIRECTION('',(0.,-0.707106781186548,-0.707106781186548));
#8059=DIRECTION('',(0.,-1.,0.));
#8060=DIRECTION('',(0.,-1.,0.));
#8061=DIRECTION('',(1.,-4.24397180667109E-16,0.));
#8062=DIRECTION('',(4.24397180667109E-16,1.,0.));
#8063=DIRECTION('',(0.,0.,1.));
#8064=DIRECTION('',(-4.24397180667109E-16,-1.,0.));
#8065=DIRECTION('',(0.,0.,-1.));
#8066=DIRECTION('',(4.24397180667109E-16,1.,0.));
#8067=DIRECTION('',(1.,-4.24397180667109E-16,0.));
#8068=DIRECTION('',(4.24397180667109E-16,1.,0.));
#8069=DIRECTION('',(0.,0.,1.));
#8070=DIRECTION('',(-4.24397180667109E-16,-1.,0.));
#8071=DIRECTION('',(0.,0.,-1.));
#8072=DIRECTION('',(4.24397180667109E-16,1.,0.));
#8073=DIRECTION('',(-1.,0.,0.));
#8074=DIRECTION('',(0.,0.,1.));
#8075=DIRECTION('',(0.,0.,-1.));
#8076=DIRECTION('',(0.,-1.,0.));
#8077=DIRECTION('',(0.,0.,1.));
#8078=DIRECTION('',(0.,-1.,0.));
#8079=DIRECTION('',(0.,0.,-1.));
#8080=DIRECTION('',(0.,-1.,0.));
#8081=DIRECTION('',(0.,0.,1.));
#8082=DIRECTION('',(0.,0.289784148688427,0.957092026489054));
#8083=DIRECTION('',(0.,0.55470019622523,0.832050294337843));
#8084=DIRECTION('',(0.,0.881674598767943,0.471857925532026));
#8085=DIRECTION('',(0.,1.,0.));
#8086=DIRECTION('',(0.,0.881674598767943,-0.471857925532026));
#8087=DIRECTION('',(0.,0.554700196225229,-0.832050294337844));
#8088=DIRECTION('',(0.,0.289784148688428,-0.957092026489054));
#8089=DIRECTION('',(0.,0.,1.));
#8090=DIRECTION('',(1.,0.,0.));
#8091=DIRECTION('',(0.,0.,1.));
#8092=DIRECTION('',(1.,0.,0.));
#8093=DIRECTION('',(0.,0.,1.));
#8094=DIRECTION('',(1.,0.,0.));
#8095=DIRECTION('',(-1.,0.,0.));
#8096=DIRECTION('',(0.,1.,0.));
#8097=DIRECTION('',(1.,1.98254111540206E-16,0.));
#8098=DIRECTION('',(0.,-1.,0.));
#8099=DIRECTION('',(-1.,4.95635278850516E-16,0.));
#8100=DIRECTION('',(4.24397180667109E-16,1.,0.));
#8101=DIRECTION('',(-1.,5.38733998750561E-16,0.));
#8102=DIRECTION('',(0.,-1.,0.));
#8103=DIRECTION('',(0.,0.,1.));
#8104=DIRECTION('',(1.,0.,0.));
#8105=DIRECTION('',(0.,1.,0.));
#8106=DIRECTION('',(-1.,5.38733998750561E-16,0.));
#8107=DIRECTION('',(0.,-1.,0.));
#8108=DIRECTION('',(0.,0.,1.));
#8109=DIRECTION('',(1.,0.,0.));
#8110=DIRECTION('',(0.,1.,0.));
#8111=DIRECTION('',(-1.,5.38733998750561E-16,0.));
#8112=DIRECTION('',(-4.24397180667109E-16,-1.,0.));
#8113=DIRECTION('',(-1.,0.,0.));
#8114=DIRECTION('',(0.,1.,0.));
#8115=DIRECTION('',(1.,0.,0.));
#8116=DIRECTION('',(-4.24397180667109E-16,-1.,0.));
#8117=DIRECTION('',(1.,-4.24397180667109E-16,0.));
#8118=DIRECTION('',(4.24397180667109E-16,1.,0.));
#8119=DIRECTION('',(0.,0.,1.));
#8120=DIRECTION('',(4.24397180667109E-16,1.,0.));
#8121=DIRECTION('',(0.,0.,-1.));
#8122=DIRECTION('',(-4.24397180667109E-16,-1.,0.));
#8123=DIRECTION('',(1.,-4.24397180667109E-16,0.));
#8124=DIRECTION('',(4.24397180667109E-16,1.,0.));
#8125=DIRECTION('',(0.,0.,1.));
#8126=DIRECTION('',(-4.24397180667109E-16,-1.,0.));
#8127=DIRECTION('',(0.,0.,-1.));
#8128=DIRECTION('',(4.24397180667109E-16,1.,0.));
#8129=DIRECTION('',(0.,0.,1.));
#8130=DIRECTION('',(1.,0.,0.));
#8131=DIRECTION('',(0.,0.,1.));
#8132=DIRECTION('',(1.,0.,0.));
#8133=DIRECTION('',(0.,0.,1.));
#8134=DIRECTION('',(1.,0.,0.));
#8135=DIRECTION('',(0.,0.,1.));
#8136=DIRECTION('',(1.,0.,0.));
#8137=DIRECTION('',(0.,0.,1.));
#8138=DIRECTION('',(1.,0.,0.));
#8139=DIRECTION('',(0.,0.,1.));
#8140=DIRECTION('',(1.,0.,0.));
#8141=DIRECTION('',(0.,0.,1.));
#8142=DIRECTION('',(1.,0.,0.));
#8143=DIRECTION('',(0.,0.,1.));
#8144=DIRECTION('',(1.,0.,0.));
#8145=DIRECTION('',(0.,0.,1.));
#8146=DIRECTION('',(1.,0.,0.));
#8147=DIRECTION('',(0.,-1.,0.));
#8148=DIRECTION('',(0.,1.,0.));
#8149=DIRECTION('',(0.866025403784438,0.5,0.));
#8150=DIRECTION('',(1.,0.,0.));
#8151=DIRECTION('',(1.,0.,0.));
#8152=DIRECTION('',(0.,1.,0.));
#8153=DIRECTION('',(0.866025403784438,0.5,0.));
#8154=DIRECTION('',(0.,-1.,0.));
#8155=DIRECTION('',(0.866025403784438,0.5,0.));
#8156=DIRECTION('',(1.,0.,0.));
#8157=DIRECTION('',(0.866025403784438,0.5,0.));
#8158=DIRECTION('',(2.00308613164954E-15,-1.,0.));
#8159=DIRECTION('',(0.866025403784438,0.5,0.));
#8160=DIRECTION('',(0.866025403784438,0.5,0.));
#8161=DIRECTION('',(1.,0.,0.));
#8162=DIRECTION('',(0.,1.,0.));
#8163=DIRECTION('',(0.866025403784438,0.5,0.));
#8164=DIRECTION('',(1.,0.,0.));
#8165=DIRECTION('',(0.,1.,0.));
#8166=DIRECTION('',(0.866025403784438,0.5,0.));
#8167=DIRECTION('',(1.,0.,0.));
#8168=DIRECTION('',(0.,1.,0.));
#8169=DIRECTION('',(0.866025403784438,0.5,0.));
#8170=DIRECTION('',(1.,1.15648231731787E-15,0.));
#8171=DIRECTION('',(0.,1.,0.));
#8172=DIRECTION('',(0.866025403784438,0.5,0.));
#8173=DIRECTION('',(0.,-1.,0.));
#8174=DIRECTION('',(0.866025403784438,0.5,0.));
#8175=DIRECTION('',(1.,0.,0.));
#8176=DIRECTION('',(0.866025403784438,0.5,0.));
#8177=DIRECTION('',(0.,-1.,0.));
#8178=DIRECTION('',(0.866025403784438,0.5,0.));
#8179=DIRECTION('',(1.,5.78241158658935E-16,0.));
#8180=DIRECTION('',(0.866025403784438,0.5,0.));
#8181=DIRECTION('',(0.,-1.,0.));
#8182=DIRECTION('',(0.866025403784438,0.5,0.));
#8183=DIRECTION('',(1.,5.78241158658933E-16,0.));
#8184=DIRECTION('',(0.866025403784438,0.5,0.));
#8185=DIRECTION('',(0.,-1.,0.));
#8186=DIRECTION('',(0.866025403784438,0.5,0.));
#8187=DIRECTION('',(1.,5.78241158658933E-16,0.));
#8188=DIRECTION('',(0.866025403784438,0.5,0.));
#8189=DIRECTION('',(1.,0.,0.));
#8190=DIRECTION('',(0.,1.,0.));
#8191=DIRECTION('',(0.866025403784438,0.5,0.));
#8192=DIRECTION('',(-1.,-1.98254111540206E-16,0.));
#8193=DIRECTION('',(0.,-1.,0.));
#8194=DIRECTION('',(1.,1.98254111540206E-16,0.));
#8195=DIRECTION('',(0.,1.,0.));
#8196=DIRECTION('',(0.,0.,1.));
#8197=DIRECTION('',(1.,0.,0.));
#8198=DIRECTION('',(0.,0.,1.));
#8199=DIRECTION('',(1.,0.,0.));
#8200=DIRECTION('',(0.,0.,1.));
#8201=DIRECTION('',(1.,0.,0.));
#8202=DIRECTION('',(0.,0.,1.));
#8203=DIRECTION('',(1.,0.,0.));
#8204=DIRECTION('',(0.,0.,1.));
#8205=DIRECTION('',(1.,0.,0.));
#8206=DIRECTION('',(0.,0.,1.));
#8207=DIRECTION('',(1.,0.,0.));
#8208=DIRECTION('',(0.,0.,1.));
#8209=DIRECTION('',(1.,0.,0.));
#8210=DIRECTION('',(0.,0.,1.));
#8211=DIRECTION('',(1.,0.,0.));
#8212=DIRECTION('',(0.,0.,1.));
#8213=DIRECTION('',(1.,0.,0.));
#8214=DIRECTION('',(0.,0.,1.));
#8215=DIRECTION('',(1.,0.,0.));
#8216=DIRECTION('',(0.,0.,1.));
#8217=DIRECTION('',(1.,0.,0.));
#8218=DIRECTION('',(0.,0.,1.));
#8219=DIRECTION('',(1.,0.,0.));
#8220=DIRECTION('',(-5.38733998750561E-16,-1.,0.));
#8221=DIRECTION('',(1.,-5.38733998750561E-16,0.));
#8222=DIRECTION('',(0.,0.,1.));
#8223=DIRECTION('',(-1.,5.38733998750561E-16,0.));
#8224=DIRECTION('',(0.,0.,1.));
#8225=DIRECTION('',(1.,-5.38733998750561E-16,0.));
#8226=DIRECTION('',(-5.38733998750561E-16,-1.,0.));
#8227=DIRECTION('',(1.,-5.38733998750561E-16,0.));
#8228=DIRECTION('',(0.,0.,1.));
#8229=DIRECTION('',(-1.,5.38733998750561E-16,0.));
#8230=DIRECTION('',(0.,0.,-1.));
#8231=DIRECTION('',(1.,-5.38733998750561E-16,0.));
#8232=DIRECTION('',(-5.38733998750561E-16,-1.,0.));
#8233=DIRECTION('',(1.,-5.38733998750561E-16,0.));
#8234=DIRECTION('',(0.,0.,-1.));
#8235=DIRECTION('',(1.,-5.38733998750561E-16,0.));
#8236=DIRECTION('',(0.,0.,-1.));
#8237=DIRECTION('',(-1.,5.38733998750561E-16,0.));
#8238=DIRECTION('',(-5.38733998750561E-16,-1.,0.));
#8239=DIRECTION('',(1.,-5.38733998750561E-16,0.));
#8240=DIRECTION('',(0.,0.,-1.));
#8241=DIRECTION('',(1.,-5.38733998750561E-16,0.));
#8242=DIRECTION('',(0.,0.,-1.));
#8243=DIRECTION('',(-1.,5.38733998750561E-16,0.));
#8244=DIRECTION('',(0.,0.,1.));
#8245=DIRECTION('',(1.,0.,0.));
#8246=DIRECTION('',(0.,0.,1.));
#8247=DIRECTION('',(1.,0.,0.));
#8248=DIRECTION('',(0.,0.,1.));
#8249=DIRECTION('',(1.,0.,0.));
#8250=DIRECTION('',(-1.,-1.98254111540206E-16,0.));
#8251=DIRECTION('',(0.,1.,0.));
#8252=DIRECTION('',(1.,0.,0.));
#8253=DIRECTION('',(-4.24397180667109E-16,-1.,0.));
#8254=DIRECTION('',(-1.,0.,0.));
#8255=DIRECTION('',(0.,-1.,0.));
#8256=DIRECTION('',(1.,0.,0.));
#8257=DIRECTION('',(-4.24397180667109E-16,-1.,0.));
#8258=DIRECTION('',(1.,-5.38733998750561E-16,0.));
#8259=DIRECTION('',(0.,1.,0.));
#8260=DIRECTION('',(0.,0.,1.));
#8261=DIRECTION('',(1.,0.,0.));
#8262=DIRECTION('',(0.,-1.,0.));
#8263=DIRECTION('',(1.,-5.38733998750561E-16,0.));
#8264=DIRECTION('',(0.,1.,0.));
#8265=DIRECTION('',(0.,0.,1.));
#8266=DIRECTION('',(1.,0.,0.));
#8267=DIRECTION('',(0.,-1.,0.));
#8268=DIRECTION('',(1.,-5.38733998750561E-16,0.));
#8269=DIRECTION('',(4.24397180667109E-16,1.,0.));
#8270=DIRECTION('',(1.,-4.95635278850516E-16,0.));
#8271=DIRECTION('',(0.,-1.,0.));
#8272=DIRECTION('',(1.98254111540206E-16,-1.,0.));
#8273=DIRECTION('',(1.,1.98254111540206E-16,0.));
#8274=DIRECTION('',(-1.,-1.98254111540206E-16,-4.44418506716139E-32));
#8275=DIRECTION('',(0.,0.,-1.));
#8276=DIRECTION('',(1.,1.98254111540206E-16,0.));
#8277=DIRECTION('',(0.,0.,1.));
#8278=DIRECTION('',(-1.,0.,0.));
#8279=DIRECTION('',(0.,0.,1.));
#8280=DIRECTION('',(0.,0.,1.));
#8281=DIRECTION('',(0.,-0.554700196225229,0.832050294337844));
#8282=DIRECTION('',(0.,-1.,0.));
#8283=DIRECTION('',(0.,-0.55470019622523,-0.832050294337843));
#8284=DIRECTION('',(0.,0.,-1.));
#8285=DIRECTION('',(0.,1.,0.));
#8286=DIRECTION('',(0.,0.,1.));
#8287=DIRECTION('',(0.,1.,0.));
#8288=DIRECTION('',(0.,0.,-1.));
#8289=DIRECTION('',(0.,1.,0.));
#8290=DIRECTION('',(1.98254111540206E-16,-1.,0.));
#8291=DIRECTION('',(1.,1.98254111540206E-16,0.));
#8292=DIRECTION('',(-1.,-1.98254111540206E-16,0.));
#8293=DIRECTION('',(0.,0.,1.));
#8294=DIRECTION('',(1.,1.98254111540206E-16,-4.4441850671614E-32));
#8295=DIRECTION('',(0.,0.,-1.));
#8296=DIRECTION('',(-5.38733998750561E-16,-1.,0.));
#8297=DIRECTION('',(1.,-5.38733998750561E-16,0.));
#8298=DIRECTION('',(-1.,5.38733998750561E-16,0.));
#8299=DIRECTION('',(0.,0.,1.));
#8300=DIRECTION('',(1.,-5.38733998750561E-16,0.));
#8301=DIRECTION('',(1.,-4.24397180667109E-16,0.));
#8302=DIRECTION('',(4.24397180667109E-16,1.,0.));
#8303=DIRECTION('',(4.24397180667109E-16,1.,0.));
#8304=DIRECTION('',(0.,0.,-1.));
#8305=DIRECTION('',(-4.24397180667109E-16,-1.,0.));
#8306=DIRECTION('',(-5.38733998750561E-16,-1.,0.));
#8307=DIRECTION('',(1.,-5.38733998750561E-16,0.));
#8308=DIRECTION('',(1.,-5.38733998750561E-16,0.));
#8309=DIRECTION('',(0.,0.,-1.));
#8310=DIRECTION('',(-1.,5.38733998750561E-16,0.));
#8311=DIRECTION('',(1.,-4.24397180667109E-16,0.));
#8312=DIRECTION('',(4.24397180667109E-16,1.,0.));
#8313=DIRECTION('',(-4.24397180667109E-16,-1.,0.));
#8314=DIRECTION('',(0.,0.,-1.));
#8315=DIRECTION('',(4.24397180667109E-16,1.,0.));
#8316=DIRECTION('',(1.,0.,0.));
#8317=DIRECTION('',(0.,0.,-1.));
#8318=DIRECTION('',(0.,0.,1.));
#8319=DIRECTION('',(0.,1.,0.));
#8320=DIRECTION('',(0.,-1.,0.));
#8321=DIRECTION('',(0.,0.,1.));
#8322=DIRECTION('',(1.,0.,0.));
#8323=DIRECTION('',(0.,0.,1.));
#8324=DIRECTION('',(0.,0.,-1.));
#8325=DIRECTION('',(-1.,0.,0.));
#8326=DIRECTION('',(0.,0.,1.));
#8327=DIRECTION('',(1.,0.,0.));
#8328=DIRECTION('',(1.,0.,0.));
#8329=DIRECTION('',(0.,0.,-1.));
#8330=DIRECTION('',(0.,-1.,0.));
#8331=DIRECTION('',(0.,1.,0.));
#8332=DIRECTION('',(1.,0.,0.));
#8333=DIRECTION('',(0.,0.,-1.));
#8334=DIRECTION('',(0.,0.,1.));
#8335=DIRECTION('',(0.,1.,0.));
#8336=DIRECTION('',(0.,-1.,0.));
#8337=DIRECTION('',(1.,0.,0.));
#8338=DIRECTION('',(0.,0.,-1.));
#8339=DIRECTION('',(0.,-1.,0.));
#8340=DIRECTION('',(0.,0.,1.));
#8341=DIRECTION('',(0.,1.,0.));
#8342=DIRECTION('',(0.,0.,1.));
#8343=DIRECTION('',(1.,0.,0.));
#8344=DIRECTION('',(0.,0.,-1.));
#8345=DIRECTION('',(-1.,0.,0.));
#8346=DIRECTION('',(0.,0.,1.));
#8347=DIRECTION('',(1.,0.,0.));
#8348=DIRECTION('',(-1.,0.,0.));
#8349=DIRECTION('',(0.,0.,1.));
#8350=DIRECTION('',(0.,0.,1.));
#8351=DIRECTION('',(0.,-1.,0.));
#8352=DIRECTION('',(0.,1.,0.));
#8353=DIRECTION('',(-1.,0.,0.));
#8354=DIRECTION('',(0.,0.,1.));
#8355=DIRECTION('',(0.,1.,0.));
#8356=DIRECTION('',(0.,0.,1.));
#8357=DIRECTION('',(0.,-1.,0.));
#8358=DIRECTION('',(0.,0.,1.));
#8359=DIRECTION('',(1.,0.,0.));
#8360=DIRECTION('',(0.,0.,-1.));
#8361=DIRECTION('',(-1.,0.,0.));
#8362=DIRECTION('',(0.,0.,1.));
#8363=DIRECTION('',(1.,0.,0.));
#8364=DIRECTION('',(-1.,0.,0.));
#8365=DIRECTION('',(0.,0.,1.));
#8366=DIRECTION('',(0.,0.,1.));
#8367=DIRECTION('',(0.,-1.,0.));
#8368=DIRECTION('',(0.,1.,0.));
#8369=DIRECTION('',(-1.,0.,0.));
#8370=DIRECTION('',(0.,0.,1.));
#8371=DIRECTION('',(0.,1.,0.));
#8372=DIRECTION('',(0.,0.,1.));
#8373=DIRECTION('',(0.,-1.,0.));
#8374=DIRECTION('',(0.,0.,1.));
#8375=DIRECTION('',(1.,0.,0.));
#8376=DIRECTION('',(0.,0.,-1.));
#8377=DIRECTION('',(-1.,0.,0.));
#8378=DIRECTION('',(0.,0.,1.));
#8379=DIRECTION('',(1.,0.,0.));
#8380=DIRECTION('',(0.,0.,1.));
#8381=DIRECTION('',(1.,0.,0.));
#8382=DIRECTION('',(0.,0.,1.));
#8383=DIRECTION('',(1.,0.,0.));
#8384=DIRECTION('',(0.,0.,-1.));
#8385=DIRECTION('',(1.,0.,0.));
#8386=DIRECTION('',(0.,0.,1.));
#8387=DIRECTION('',(1.,0.,0.));
#8388=DIRECTION('',(0.,0.,1.));
#8389=DIRECTION('',(1.,0.,0.));
#8390=DIRECTION('',(0.,0.,1.));
#8391=DIRECTION('',(1.,0.,0.));
#8392=DIRECTION('',(0.,0.,1.));
#8393=DIRECTION('',(1.,0.,0.));
#8394=DIRECTION('',(0.,0.,-1.));
#8395=DIRECTION('',(1.,0.,0.));
#8396=DIRECTION('',(0.,0.,1.));
#8397=DIRECTION('',(1.,0.,0.));
#8398=DIRECTION('',(0.,0.,1.));
#8399=DIRECTION('',(1.,0.,0.));
#8400=DIRECTION('',(0.,0.,1.));
#8401=DIRECTION('',(1.,0.,0.));
#8402=DIRECTION('',(0.,0.,1.));
#8403=DIRECTION('',(1.,0.,0.));
#8404=DIRECTION('',(0.,0.,1.));
#8405=DIRECTION('',(1.,0.,0.));
#8406=DIRECTION('',(0.,0.,1.));
#8407=DIRECTION('',(1.,0.,0.));
#8408=DIRECTION('',(0.,0.,1.));
#8409=DIRECTION('',(1.,0.,0.));
#8410=DIRECTION('',(0.,0.,1.));
#8411=DIRECTION('',(1.,0.,0.));
#8412=DIRECTION('',(0.,0.,1.));
#8413=DIRECTION('',(1.,0.,0.));
#8414=DIRECTION('',(0.,0.,1.));
#8415=DIRECTION('',(1.,0.,0.));
#8416=DIRECTION('',(0.,0.,1.));
#8417=DIRECTION('',(1.,0.,0.));
#8418=DIRECTION('',(0.,0.,1.));
#8419=DIRECTION('',(1.,0.,0.));
#8420=DIRECTION('',(0.,0.,1.));
#8421=DIRECTION('',(1.,0.,0.));
#8422=DIRECTION('',(0.,0.,1.));
#8423=DIRECTION('',(1.,0.,0.));
#8424=DIRECTION('',(0.,0.,1.));
#8425=DIRECTION('',(1.,0.,0.));
#8426=DIRECTION('',(0.,0.,1.));
#8427=DIRECTION('',(1.,0.,0.));
#8428=DIRECTION('',(0.,1.,0.));
#8429=DIRECTION('',(0.,0.,1.));
#8430=DIRECTION('',(0.,0.,-1.));
#8431=DIRECTION('',(1.,0.,0.));
#8432=DIRECTION('',(0.,0.,-1.));
#8433=DIRECTION('',(-1.,0.,0.));
#8434=DIRECTION('',(0.,1.,0.));
#8435=DIRECTION('',(0.,0.,1.));
#8436=DIRECTION('',(0.,0.,1.));
#8437=DIRECTION('',(-1.,0.,0.));
#8438=DIRECTION('',(0.,0.,-1.));
#8439=DIRECTION('',(1.,0.,0.));
#8440=DIRECTION('',(-4.95635278850516E-16,-1.,0.));
#8441=DIRECTION('',(1.,-4.95635278850516E-16,0.));
#8442=DIRECTION('',(0.,0.,-1.));
#8443=DIRECTION('',(-1.,4.95635278850516E-16,0.));
#8444=DIRECTION('',(0.,0.,-1.));
#8445=DIRECTION('',(1.,-4.95635278850516E-16,0.));
#8446=DIRECTION('',(0.,0.,1.));
#8447=DIRECTION('',(1.,0.,0.));
#8448=DIRECTION('',(-0.707106781186545,3.50467066670484E-16,0.70710678118655));
#8449=DIRECTION('',(-4.95635278850516E-16,-1.,0.));
#8450=DIRECTION('',(1.,-4.95635278850516E-16,0.));
#8451=DIRECTION('',(0.,0.,1.));
#8452=DIRECTION('',(1.,-4.95635278850516E-16,0.));
#8453=DIRECTION('',(0.,0.,1.));
#8454=DIRECTION('',(0.707106781186545,-3.50467066670484E-16,-0.70710678118655));
#8455=DIRECTION('',(1.,-4.95635278850516E-16,0.));
#8456=DIRECTION('',(0.,0.,-1.));
#8457=DIRECTION('',(-1.,4.95635278850516E-16,0.));
#8458=DIRECTION('',(0.,1.,0.));
#8459=DIRECTION('',(0.,0.,1.));
#8460=DIRECTION('',(0.,0.,-1.));
#8461=DIRECTION('',(0.707106781186545,0.,0.70710678118655));
#8462=DIRECTION('',(0.,0.,-1.));
#8463=DIRECTION('',(-1.,0.,0.));
#8464=DIRECTION('',(0.,0.,-1.));
#8465=DIRECTION('',(-1.,0.,0.));
#8466=DIRECTION('',(0.,1.,0.));
#8467=DIRECTION('',(0.,0.,1.));
#8468=DIRECTION('',(-0.707106781186545,0.,-0.70710678118655));
#8469=DIRECTION('',(0.,0.,-1.));
#8470=DIRECTION('',(1.,0.,0.));
#8471=DIRECTION('',(0.,0.,1.));
#8472=DIRECTION('',(1.,0.,0.));
#8473=DIRECTION('',(0.,0.,-1.));
#8474=DIRECTION('',(-1.,0.,0.));
#8475=DIRECTION('',(0.,0.,1.));
#8476=DIRECTION('',(0.,-1.,0.));
#8477=DIRECTION('',(1.,0.,0.));
#8478=DIRECTION('',(0.,0.,-1.));
#8479=DIRECTION('',(0.,0.,-1.));
#8480=DIRECTION('',(0.,-1.,0.));
#8481=DIRECTION('',(0.,1.,0.));
#8482=DIRECTION('',(0.,0.,1.));
#8483=DIRECTION('',(1.,0.,0.));
#8484=DIRECTION('',(0.,0.,-1.));
#8485=DIRECTION('',(1.,0.,0.));
#8486=DIRECTION('',(0.,0.,1.));
#8487=DIRECTION('',(1.,0.,0.));
#8488=DIRECTION('',(0.,0.,1.));
#8489=DIRECTION('',(1.,0.,0.));
#8490=DIRECTION('',(0.,0.,-1.));
#8491=DIRECTION('',(1.,0.,0.));
#8492=DIRECTION('',(0.,1.,0.));
#8493=DIRECTION('',(1.,0.,0.));
#8494=DIRECTION('',(0.,-1.,0.));
#8495=DIRECTION('',(0.,1.,0.));
#8496=DIRECTION('',(0.,1.,0.));
#8497=DIRECTION('',(0.,1.,0.));
#8498=DIRECTION('',(0.866025403784438,0.5,0.));
#8499=DIRECTION('',(0.,1.,0.));
#8500=DIRECTION('',(0.,1.,0.));
#8501=DIRECTION('',(-1.64957391860716E-16,0.832050294337844,0.554700196225229));
#8502=DIRECTION('',(1.,1.98254111540206E-16,0.));
#8503=DIRECTION('',(-1.,-1.98254111540206E-16,4.10030027640543E-32));
#8504=DIRECTION('',(0.,-0.554700196225229,0.832050294337844));
#8505=DIRECTION('',(1.,1.98254111540206E-16,-6.83315899368429E-33));
#8506=DIRECTION('',(0.,0.554700196225229,-0.832050294337844));
#8507=DIRECTION('',(-1.64957391860716E-16,0.832050294337844,-0.55470019622523));
#8508=DIRECTION('',(-1.,-1.98254111540206E-16,0.));
#8509=DIRECTION('',(1.,1.98254111540206E-16,2.05116233868988E-32));
#8510=DIRECTION('',(0.,0.55470019622523,0.832050294337844));
#8511=DIRECTION('',(-1.,-1.98254111540206E-16,-3.52217218927751E-32));
#8512=DIRECTION('',(0.,-0.55470019622523,-0.832050294337844));
#8513=DIRECTION('',(-1.,0.,0.));
#8514=DIRECTION('',(0.,0.,1.));
#8515=DIRECTION('',(0.,-0.707106781186548,-0.707106781186548));
#8516=DIRECTION('',(0.,-1.,0.));
#8517=DIRECTION('',(-0.377964473009228,0.654653670707977,0.654653670707977));
#8518=DIRECTION('',(0.,-0.707106781186548,0.707106781186548));
#8519=DIRECTION('',(0.,0.707106781186548,-0.707106781186548));
#8520=DIRECTION('',(-0.866025403784438,-0.5,-6.79728382423566E-18));
#8521=DIRECTION('',(0.,0.707106781186548,-0.707106781186548));
#8522=DIRECTION('',(0.866025403784438,0.5,0.));
#8523=DIRECTION('',(4.08878244448898E-16,-0.707106781186548,-0.707106781186548));
#8524=DIRECTION('',(0.,0.707106781186548,-0.707106781186548));
#8525=DIRECTION('',(-0.881917103688194,-0.333333333333337,0.333333333333337));
#8526=DIRECTION('',(0.,0.707106781186548,-0.707106781186548));
#8527=DIRECTION('',(1.,5.78241158658933E-16,0.));
#8528=DIRECTION('',(0.377964473009228,-0.654653670707977,-0.654653670707977));
#8529=DIRECTION('',(0.,0.707106781186548,-0.707106781186548));
#8530=DIRECTION('',(-0.677497944020792,0.286344323664995,-0.677497944020818));
#8531=DIRECTION('',(0.,0.707106781186548,-0.707106781186548));
#8532=DIRECTION('',(0.866025403784438,0.5,0.));
#8533=DIRECTION('',(1.,0.,0.));
#8534=DIRECTION('',(0.,0.,-1.));
#8535=DIRECTION('',(0.,1.,0.));
#8536=DIRECTION('',(0.,-0.466583903686761,-0.884476941938242));
#8537=DIRECTION('',(0.,-0.707106781186548,-0.707106781186548));
#8538=DIRECTION('',(0.,-0.707106781186548,-0.707106781186548));
#8539=DIRECTION('',(-0.377964473009228,0.654653670707977,0.654653670707977));
#8540=DIRECTION('',(0.,-0.707106781186548,0.707106781186548));
#8541=DIRECTION('',(0.,0.707106781186548,-0.707106781186548));
#8542=DIRECTION('',(-0.866025403784438,-0.5,7.39137100201061E-17));
#8543=DIRECTION('',(0.,0.707106781186548,-0.707106781186548));
#8544=DIRECTION('',(0.866025403784438,0.5,0.));
#8545=DIRECTION('',(4.08878244448898E-16,-0.707106781186548,-0.707106781186548));
#8546=DIRECTION('',(0.,0.707106781186548,-0.707106781186548));
#8547=DIRECTION('',(-0.881917103688196,-0.333333333333335,0.333333333333335));
#8548=DIRECTION('',(0.,0.707106781186548,-0.707106781186548));
#8549=DIRECTION('',(1.,5.78241158658933E-16,0.));
#8550=DIRECTION('',(0.377964473009228,-0.654653670707977,-0.654653670707977));
#8551=DIRECTION('',(0.,0.707106781186548,-0.707106781186548));
#8552=DIRECTION('',(-0.677497944020835,0.286344323664948,-0.677497944020796));
#8553=DIRECTION('',(0.,0.707106781186548,-0.707106781186548));
#8554=DIRECTION('',(0.866025403784438,0.5,0.));
#8555=DIRECTION('',(1.,0.,0.));
#8556=DIRECTION('',(0.,0.,-1.));
#8557=DIRECTION('',(0.,1.,0.));
#8558=DIRECTION('',(0.,-0.46658390368677,-0.884476941938237));
#8559=DIRECTION('',(0.,-0.707106781186548,-0.707106781186548));
#8560=DIRECTION('',(0.,-0.707106781186548,-0.707106781186548));
#8561=DIRECTION('',(-0.377964473009228,0.654653670707977,0.654653670707977));
#8562=DIRECTION('',(0.,-0.707106781186548,0.707106781186548));
#8563=DIRECTION('',(0.,0.707106781186548,-0.707106781186548));
#8564=DIRECTION('',(-0.866025403784438,-0.5,-6.79728382423566E-18));
#8565=DIRECTION('',(0.,0.707106781186548,-0.707106781186548));
#8566=DIRECTION('',(0.866025403784438,0.5,0.));
#8567=DIRECTION('',(4.08878244448899E-16,-0.707106781186548,-0.707106781186548));
#8568=DIRECTION('',(0.,0.707106781186548,-0.707106781186548));
#8569=DIRECTION('',(-0.881917103688195,-0.333333333333336,0.333333333333336));
#8570=DIRECTION('',(0.,0.707106781186548,-0.707106781186548));
#8571=DIRECTION('',(1.,5.78241158658935E-16,0.));
#8572=DIRECTION('',(0.377964473009228,-0.654653670707977,-0.654653670707977));
#8573=DIRECTION('',(0.,0.707106781186548,-0.707106781186548));
#8574=DIRECTION('',(-0.677497944020835,0.286344323664948,-0.677497944020796));
#8575=DIRECTION('',(0.,0.707106781186548,-0.707106781186548));
#8576=DIRECTION('',(0.866025403784438,0.5,0.));
#8577=DIRECTION('',(1.,0.,0.));
#8578=DIRECTION('',(0.,0.,-1.));
#8579=DIRECTION('',(0.,1.,0.));
#8580=DIRECTION('',(0.,-0.466583903686765,-0.884476941938239));
#8581=DIRECTION('',(0.,-0.707106781186548,-0.707106781186548));
#8582=DIRECTION('',(0.,-0.707106781186548,-0.707106781186548));
#8583=DIRECTION('',(-0.377964473009228,0.654653670707977,0.654653670707977));
#8584=DIRECTION('',(0.,-0.707106781186548,0.707106781186548));
#8585=DIRECTION('',(0.,0.707106781186548,-0.707106781186548));
#8586=DIRECTION('',(-0.866025403784438,-0.5,5.56473164166677E-18));
#8587=DIRECTION('',(0.,0.707106781186548,-0.707106781186548));
#8588=DIRECTION('',(0.866025403784438,0.5,0.));
#8589=DIRECTION('',(0.,-0.707106781186548,-0.707106781186548));
#8590=DIRECTION('',(0.,0.707106781186548,-0.707106781186548));
#8591=DIRECTION('',(-0.881917103688196,-0.333333333333335,0.333333333333335));
#8592=DIRECTION('',(0.,0.707106781186548,-0.707106781186548));
#8593=DIRECTION('',(1.,0.,0.));
#8594=DIRECTION('',(0.377964473009228,-0.654653670707977,-0.654653670707977));
#8595=DIRECTION('',(0.,0.707106781186548,-0.707106781186548));
#8596=DIRECTION('',(-0.677497944020792,0.286344323664995,-0.677497944020818));
#8597=DIRECTION('',(0.,0.707106781186548,-0.707106781186548));
#8598=DIRECTION('',(0.866025403784438,0.5,0.));
#8599=DIRECTION('',(1.,0.,0.));
#8600=DIRECTION('',(0.,0.,-1.));
#8601=DIRECTION('',(0.,1.,0.));
#8602=DIRECTION('',(0.,-0.46658390368677,-0.884476941938237));
#8603=DIRECTION('',(0.,-0.707106781186548,-0.707106781186548));
#8604=DIRECTION('',(0.,-0.707106781186548,-0.707106781186548));
#8605=DIRECTION('',(-8.17756488897798E-16,0.707106781186548,0.707106781186548));
#8606=DIRECTION('',(0.,-0.707106781186548,0.707106781186548));
#8607=DIRECTION('',(-1.,-1.15648231731787E-15,0.));
#8608=DIRECTION('',(1.,1.15648231731787E-15,0.));
#8609=DIRECTION('',(0.,0.707106781186548,0.707106781186548));
#8610=DIRECTION('',(0.,-0.707106781186548,0.707106781186548));
#8611=DIRECTION('',(-1.,0.,0.));
#8612=DIRECTION('',(1.,0.,0.));
#8613=DIRECTION('',(0.,0.707106781186548,0.707106781186548));
#8614=DIRECTION('',(0.,-0.707106781186548,0.707106781186548));
#8615=DIRECTION('',(-1.,0.,0.));
#8616=DIRECTION('',(1.,0.,0.));
#8617=DIRECTION('',(-1.,0.,0.));
#8618=DIRECTION('',(0.,0.,1.));
#8619=DIRECTION('',(0.,-1.,0.));
#8620=DIRECTION('',(-1.,0.,0.));
#8621=DIRECTION('',(0.,0.,1.));
#8622=DIRECTION('',(0.,-1.,0.));
#8623=DIRECTION('',(0.,0.707106781186549,-0.707106781186546));
#8624=DIRECTION('',(0.,0.707106781186548,0.707106781186548));
#8625=DIRECTION('',(0.,-0.707106781186548,0.707106781186548));
#8626=DIRECTION('',(-1.,0.,0.));
#8627=DIRECTION('',(1.,0.,0.));
#8628=DIRECTION('',(0.377964473009228,-0.654653670707977,-0.654653670707977));
#8629=DIRECTION('',(0.,0.707106781186548,-0.707106781186548));
#8630=DIRECTION('',(-0.677497944020822,0.286344323664963,-0.677497944020803));
#8631=DIRECTION('',(0.,0.707106781186548,-0.707106781186548));
#8632=DIRECTION('',(0.866025403784438,0.5,0.));
#8633=DIRECTION('',(1.,2.00308613164954E-15,2.00308613164954E-15));
#8634=DIRECTION('',(2.00308613164954E-15,0.,-1.));
#8635=DIRECTION('',(-2.00308613164954E-15,1.,0.));
#8636=DIRECTION('',(2.67794430694759E-15,-0.466583903686778,-0.884476941938233));
#8637=DIRECTION('',(0.,-0.707106781186548,-0.707106781186548));
#8638=DIRECTION('',(-0.377964473009228,0.654653670707977,0.654653670707977));
#8639=DIRECTION('',(0.,-0.707106781186548,0.707106781186548));
#8640=DIRECTION('',(0.,0.707106781186548,-0.707106781186548));
#8641=DIRECTION('',(-0.866025403784438,-0.5,5.56473164166677E-18));
#8642=DIRECTION('',(0.,0.707106781186548,-0.707106781186548));
#8643=DIRECTION('',(0.866025403784438,0.5,0.));
#8644=DIRECTION('',(0.,-0.707106781186548,-0.707106781186548));
#8645=DIRECTION('',(0.,0.707106781186548,-0.707106781186548));
#8646=DIRECTION('',(-0.881917103688197,-0.333333333333333,0.333333333333333));
#8647=DIRECTION('',(0.,0.707106781186548,-0.707106781186548));
#8648=DIRECTION('',(1.,0.,0.));
#8649=DIRECTION('',(0.377964473009228,-0.654653670707977,-0.654653670707977));
#8650=DIRECTION('',(0.,0.707106781186548,-0.707106781186548));
#8651=DIRECTION('',(-0.677497944020835,0.286344323664948,-0.677497944020796));
#8652=DIRECTION('',(0.,0.707106781186548,-0.707106781186548));
#8653=DIRECTION('',(0.866025403784438,0.5,0.));
#8654=DIRECTION('',(1.,0.,0.));
#8655=DIRECTION('',(0.,0.,-1.));
#8656=DIRECTION('',(0.,1.,0.));
#8657=DIRECTION('',(0.,-0.466583903686777,-0.884476941938233));
#8658=DIRECTION('',(0.,-0.707106781186548,-0.707106781186548));
#8659=DIRECTION('',(0.,-0.707106781186548,-0.707106781186548));
#8660=DIRECTION('',(0.,0.707106781186548,0.707106781186548));
#8661=DIRECTION('',(0.,-0.707106781186548,0.707106781186548));
#8662=DIRECTION('',(-1.,0.,0.));
#8663=DIRECTION('',(1.,0.,0.));
#8664=DIRECTION('',(-1.,0.,0.));
#8665=DIRECTION('',(0.,0.,1.));
#8666=DIRECTION('',(0.,-0.707106781186548,-0.707106781186548));
#8667=DIRECTION('',(1.,0.,0.));
#8668=DIRECTION('',(0.,0.,-1.));
#8669=DIRECTION('',(0.,1.,0.));
#8670=DIRECTION('',(0.,-0.382683432365084,-0.923879532511289));
#8671=DIRECTION('',(0.,0.707106781186548,-0.707106781186548));
#8672=DIRECTION('',(0.,-0.707106781186548,-0.707106781186548));
#8673=DIRECTION('',(0.,0.707106781186548,0.707106781186548));
#8674=DIRECTION('',(0.,-0.707106781186548,0.707106781186548));
#8675=DIRECTION('',(-1.,0.,0.));
#8676=DIRECTION('',(1.,0.,0.));
#8677=DIRECTION('',(0.377964473009228,-0.654653670707977,0.654653670707977));
#8678=DIRECTION('',(0.,-0.707106781186548,-0.707106781186548));
#8679=DIRECTION('',(-0.67749794402081,0.286344323664975,0.677497944020809));
#8680=DIRECTION('',(0.,-0.707106781186548,-0.707106781186548));
#8681=DIRECTION('',(0.,-0.707106781186548,-0.707106781186548));
#8682=DIRECTION('',(-8.17756488897798E-16,0.707106781186548,-0.707106781186548));
#8683=DIRECTION('',(0.,0.707106781186548,0.707106781186548));
#8684=DIRECTION('',(0.,0.707106781186548,-0.707106781186548));
#8685=DIRECTION('',(0.,0.707106781186548,0.707106781186548));
#8686=DIRECTION('',(0.,0.707106781186548,-0.707106781186548));
#8687=DIRECTION('',(0.,0.707106781186548,0.707106781186548));
#8688=DIRECTION('',(0.,-0.707106781186548,0.707106781186548));
#8689=DIRECTION('',(0.,-0.707106781186548,-0.707106781186548));
#8690=DIRECTION('',(0.,0.707106781186548,-0.707106781186548));
#8691=DIRECTION('',(0.,0.707106781186548,0.707106781186548));
#8692=DIRECTION('',(0.,0.707106781186548,-0.707106781186548));
#8693=DIRECTION('',(0.,0.707106781186548,0.707106781186548));
#8694=DIRECTION('',(0.377964473009228,-0.654653670707977,0.654653670707977));
#8695=DIRECTION('',(0.,-0.707106781186548,-0.707106781186548));
#8696=DIRECTION('',(2.65981826681981E-16,0.707106781186548,0.707106781186548));
#8697=DIRECTION('',(0.,-0.707106781186548,-0.707106781186548));
#8698=DIRECTION('',(-1.,0.,0.));
#8699=DIRECTION('',(0.,0.,1.));
#8700=DIRECTION('',(0.,-0.70710678118655,-0.707106781186545));
#8701=DIRECTION('',(-0.377964473009228,0.654653670707977,-0.654653670707977));
#8702=DIRECTION('',(0.,0.707106781186548,0.707106781186548));
#8703=DIRECTION('',(-0.866025403784438,-0.5,0.));
#8704=DIRECTION('',(-0.377964473009228,0.654653670707977,-0.654653670707977));
#8705=DIRECTION('',(0.,0.707106781186548,0.707106781186548));
#8706=DIRECTION('',(0.,-0.707106781186548,-0.707106781186548));
#8707=DIRECTION('',(4.08878244448898E-16,-0.707106781186548,0.707106781186548));
#8708=DIRECTION('',(0.,-0.707106781186548,-0.707106781186548));
#8709=DIRECTION('',(0.,-0.707106781186548,-0.707106781186548));
#8710=DIRECTION('',(0.377964473009228,-0.654653670707977,0.654653670707977));
#8711=DIRECTION('',(0.,-0.707106781186547,-0.707106781186548));
#8712=DIRECTION('',(-0.377964473009228,0.654653670707977,-0.654653670707977));
#8713=DIRECTION('',(0.,0.707106781186547,0.707106781186548));
#8714=DIRECTION('',(0.,-0.707106781186548,-0.707106781186548));
#8715=DIRECTION('',(4.08878244448898E-16,-0.707106781186548,0.707106781186548));
#8716=DIRECTION('',(0.,-0.707106781186548,-0.707106781186548));
#8717=DIRECTION('',(0.,-0.707106781186548,-0.707106781186548));
#8718=DIRECTION('',(0.377964473009228,-0.654653670707977,0.654653670707977));
#8719=DIRECTION('',(0.,-0.707106781186548,-0.707106781186548));
#8720=DIRECTION('',(-0.377964473009228,0.654653670707977,-0.654653670707977));
#8721=DIRECTION('',(0.,0.707106781186548,0.707106781186548));
#8722=DIRECTION('',(0.,-0.707106781186548,-0.707106781186548));
#8723=DIRECTION('',(4.08878244448899E-16,-0.707106781186548,0.707106781186548));
#8724=DIRECTION('',(0.,-0.707106781186548,-0.707106781186548));
#8725=DIRECTION('',(0.,-0.707106781186548,-0.707106781186548));
#8726=DIRECTION('',(0.377964473009228,-0.654653670707977,0.654653670707977));
#8727=DIRECTION('',(0.,-0.707106781186547,-0.707106781186548));
#8728=DIRECTION('',(-0.377964473009228,0.654653670707977,-0.654653670707977));
#8729=DIRECTION('',(0.,0.707106781186548,0.707106781186548));
#8730=DIRECTION('',(0.,-0.707106781186548,-0.707106781186548));
#8731=DIRECTION('',(0.,-0.707106781186548,0.707106781186548));
#8732=DIRECTION('',(0.,-0.707106781186548,-0.707106781186548));
#8733=DIRECTION('',(0.,-0.707106781186548,-0.707106781186548));
#8734=DIRECTION('',(0.377964473009228,-0.654653670707977,0.654653670707977));
#8735=DIRECTION('',(0.,-0.707106781186548,-0.707106781186548));
#8736=DIRECTION('',(0.,0.707106781186548,-0.707106781186548));
#8737=DIRECTION('',(0.,0.707106781186548,0.707106781186548));
#8738=DIRECTION('',(0.377964473009228,-0.654653670707977,0.654653670707977));
#8739=DIRECTION('',(0.,-0.707106781186548,-0.707106781186548));
#8740=DIRECTION('',(-0.377964473009228,0.654653670707977,-0.654653670707977));
#8741=DIRECTION('',(0.,0.707106781186548,0.707106781186548));
#8742=DIRECTION('',(0.,-0.707106781186548,-0.707106781186548));
#8743=DIRECTION('',(0.,-0.707106781186548,0.707106781186548));
#8744=DIRECTION('',(0.,-0.707106781186548,-0.707106781186548));
#8745=DIRECTION('',(0.,-0.707106781186548,-0.707106781186548));
#8746=DIRECTION('',(0.377964473009228,-0.654653670707977,0.654653670707977));
#8747=DIRECTION('',(0.,-0.707106781186548,-0.707106781186548));
#8748=DIRECTION('',(-1.,0.,0.));
#8749=DIRECTION('',(0.,-1.,0.));
#8750=DIRECTION('',(0.,-1.,0.));
#8751=DIRECTION('',(0.,-0.707106781186548,-0.707106781186547));
#8752=DIRECTION('',(0.,0.707106781186547,-0.707106781186548));
#8753=DIRECTION('',(-1.,0.,0.));
#8754=DIRECTION('',(0.,0.,1.));
#8755=DIRECTION('',(-1.,0.,0.));
#8756=DIRECTION('',(0.,0.,1.));
#8757=DIRECTION('',(-1.,0.,0.));
#8758=DIRECTION('',(0.,0.,1.));
#8759=DIRECTION('',(-1.,0.,0.));
#8760=DIRECTION('',(0.,0.,1.));
#8761=DIRECTION('',(-1.,0.,0.));
#8762=DIRECTION('',(0.,0.,1.));
#8763=DIRECTION('',(-1.,0.,0.));
#8764=DIRECTION('',(0.,-1.,0.));
#8765=DIRECTION('',(0.,-1.,0.));
#8766=DIRECTION('',(0.,-0.707106781186548,-0.707106781186547));
#8767=DIRECTION('',(0.,0.707106781186548,-0.707106781186547));
#8768=DIRECTION('',(0.980580662148074,0.196116202852404,0.));
#8769=DIRECTION('',(-0.196116202852404,0.980580662148074,0.));
#8770=DIRECTION('',(0.140028057699137,-0.70014003708437,-0.70014003708437));
#8771=DIRECTION('',(-0.256079189957591,-0.966655806619224,0.));
#8772=DIRECTION('',(0.966655806619225,-0.256079189957591,0.));
#8773=DIRECTION('',(0.695018060385504,-0.18411896012075,-0.695018060385502));
#8774=DIRECTION('',(0.,0.,-1.));
#8775=DIRECTION('',(-1.,0.,0.));
#8776=DIRECTION('',(0.,1.,0.));
#8777=DIRECTION('',(0.,-1.,0.));
#8778=DIRECTION('',(1.,0.,0.));
#8779=DIRECTION('',(0.,1.,0.));
#8780=DIRECTION('',(0.,0.707106781186545,0.70710678118655));
#8781=DIRECTION('',(0.,-0.707106781186547,0.707106781186548));
#8782=DIRECTION('',(0.,-1.,0.));
#8783=DIRECTION('',(-0.70710678118655,0.,-0.707106781186545));
#8784=DIRECTION('',(0.,-1.,0.));
#8785=DIRECTION('',(0.,-0.707106781186545,0.70710678118655));
#8786=DIRECTION('',(1.,0.,0.));
#8787=DIRECTION('',(-0.577350269189622,-0.577350269189629,-0.577350269189626));
#8788=DIRECTION('',(0.577350269189625,-0.577350269189628,-0.577350269189625));
#8789=DIRECTION('',(-0.70710678118655,-0.707106781186545,0.));
#8790=DIRECTION('',(0.,0.,1.));
#8791=DIRECTION('',(-0.577350269189623,0.577350269189627,-0.577350269189627));
#8792=DIRECTION('',(-0.707106781186545,0.70710678118655,6.24808732500312E-15));
#8793=DIRECTION('',(0.,0.707106781186548,-0.707106781186548));
#8794=DIRECTION('',(-1.,0.,0.));
#8795=DIRECTION('',(-0.577350269189622,0.577350269189627,0.577350269189627));
#8796=DIRECTION('',(-0.577350269189623,-0.577350269189627,-0.577350269189627));
#8797=DIRECTION('',(1.21146649242165E-14,0.707106781186548,0.707106781186548));
#8798=DIRECTION('',(0.577350269189622,0.577350269189623,-0.577350269189633));
#8799=DIRECTION('',(0.,0.707106781186554,0.707106781186542));
#8800=DIRECTION('',(-0.707106781186545,-1.83642936549631E-14,-0.70710678118655));
#8801=DIRECTION('',(0.70710678118655,-3.00094124366166E-16,-0.707106781186545));
#8802=DIRECTION('',(4.24397180667109E-16,1.,0.));
#8803=DIRECTION('',(0.707106781186545,1.23903709934807E-16,0.70710678118655));
#8804=DIRECTION('',(0.,0.707106781186548,0.707106781186547));
#8805=DIRECTION('',(1.,0.,0.));
#8806=DIRECTION('',(9.61481343191778E-17,-0.707106781186547,0.707106781186548));
#8807=DIRECTION('',(0.577350269189628,-0.577350269189625,-0.577350269189624));
#8808=DIRECTION('',(0.707106781186546,0.707106781186549,0.));
#8809=DIRECTION('',(-0.707106781186546,-0.707106781186549,-9.18543318284148E-17));
#8810=DIRECTION('',(0.707106781186549,-0.707106781186546,0.));
#8811=DIRECTION('',(0.,0.,-1.));
#8812=DIRECTION('',(-0.577350269189624,-0.577350269189626,-0.577350269189627));
#8813=DIRECTION('',(0.577350269189625,0.577350269189628,-0.577350269189625));
#8814=DIRECTION('',(0.,-0.707106781186546,-0.707106781186549));
#8815=DIRECTION('',(-1.,0.,0.));
#8816=DIRECTION('',(-0.577350269189622,0.577350269189629,-0.577350269189626));
#8817=DIRECTION('',(-0.577350269189628,-0.577350269189626,0.577350269189623));
#8818=DIRECTION('',(0.707106781186545,0.,0.707106781186551));
#8819=DIRECTION('',(0.,1.,0.));
#8820=DIRECTION('',(0.577350269189627,-0.577350269189627,-0.577350269189622));
#8821=DIRECTION('',(0.,-0.707106781186545,0.707106781186551));
#8822=DIRECTION('',(1.,0.,0.));
#8823=DIRECTION('',(-0.577350269189622,-0.57735026918963,-0.577350269189625));
#8824=DIRECTION('',(0.577350269189631,-0.577350269189626,-0.577350269189621));
#8825=DIRECTION('',(-0.707106781186545,-0.707106781186551,0.));
#8826=DIRECTION('',(0.,0.,1.));
#8827=DIRECTION('',(-0.577350269189626,0.577350269189621,-0.57735026918963));
#8828=DIRECTION('',(-0.707106781186551,0.707106781186545,5.97252432951802E-15));
#8829=DIRECTION('',(0.,0.707106781186547,-0.707106781186548));
#8830=DIRECTION('',(-1.,0.,0.));
#8831=DIRECTION('',(-1.21424204998322E-14,0.707106781186548,0.707106781186547));
#8832=DIRECTION('',(0.577350269189622,0.577350269189632,-0.577350269189623));
#8833=DIRECTION('',(0.,0.707106781186542,0.707106781186553));
#8834=DIRECTION('',(-0.707106781186545,-6.02957688649253E-15,-0.70710678118655));
#8835=DIRECTION('',(0.70710678118655,-3.00094124366166E-16,-0.707106781186545));
#8836=DIRECTION('',(4.24397180667109E-16,1.,0.));
#8837=DIRECTION('',(-0.577350269189624,-0.577350269189625,-0.577350269189628));
#8838=DIRECTION('',(0.,0.707106781186547,0.707106781186548));
#8839=DIRECTION('',(1.,0.,0.));
#8840=DIRECTION('',(9.61481343191783E-17,-0.707106781186548,0.707106781186547));
#8841=DIRECTION('',(0.707106781186551,-0.707106781186545,0.));
#8842=DIRECTION('',(0.,0.,-1.));
#8843=DIRECTION('',(-0.707106781186545,-0.707106781186551,0.));
#8844=DIRECTION('',(-0.707106781186545,-0.707106781186551,6.1562329931748E-15));
#8845=DIRECTION('',(-3.80942463772268E-16,-0.707106781186549,0.707106781186546));
#8846=DIRECTION('',(-1.,5.38733998750561E-16,0.));
#8847=DIRECTION('',(0.577350269189624,-0.577350269189626,-0.577350269189628));
#8848=DIRECTION('',(0.577350269189625,-0.577350269189625,-0.577350269189627));
#8849=DIRECTION('',(-0.707106781186548,0.,-0.707106781186547));
#8850=DIRECTION('',(0.707106781186545,-6.15348059642741E-15,0.70710678118655));
#8851=DIRECTION('',(-0.70710678118655,0.,-0.707106781186546));
#8852=DIRECTION('',(0.,-1.,0.));
#8853=DIRECTION('',(0.70710678118655,-3.00094124366166E-16,-0.707106781186545));
#8854=DIRECTION('',(4.24397180667109E-16,1.,0.));
#8855=DIRECTION('',(-0.577350269189625,0.577350269189624,-0.577350269189629));
#8856=DIRECTION('',(0.,0.,1.));
#8857=DIRECTION('',(1.,0.,0.));
#8858=DIRECTION('',(-3.80942463772268E-16,-0.707106781186551,-0.707106781186545));
#8859=DIRECTION('',(1.,-5.38733998750561E-16,0.));
#8860=DIRECTION('',(-0.577350269189625,-0.577350269189623,0.577350269189629));
#8861=DIRECTION('',(-0.70710678118655,0.,0.707106781186546));
#8862=DIRECTION('',(0.,1.,0.));
#8863=DIRECTION('',(0.577350269189624,0.577350269189625,0.577350269189628));
#8864=DIRECTION('',(0.70710678118655,0.,0.707106781186546));
#8865=DIRECTION('',(0.,-1.,0.));
#8866=DIRECTION('',(-3.80942463772268E-16,-0.707106781186549,0.707106781186546));
#8867=DIRECTION('',(-1.,5.38733998750561E-16,0.));
#8868=DIRECTION('',(0.577350269189624,-0.577350269189626,-0.577350269189628));
#8869=DIRECTION('',(0.,0.,1.));
#8870=DIRECTION('',(1.,0.,0.));
#8871=DIRECTION('',(-0.70710678118655,0.,-0.707106781186546));
#8872=DIRECTION('',(0.,-1.,0.));
#8873=DIRECTION('',(9.35477737995567E-17,-0.471857925532026,0.881674598767943));
#8874=DIRECTION('',(-1.,-1.98254111540206E-16,0.));
#8875=DIRECTION('',(0.,-0.881674598767943,-0.471857925532026));
#8876=DIRECTION('',(-7.31440405779518E-16,-0.881674598767943,-0.471857925532026));
#8877=DIRECTION('',(0.70710678118655,0.,-0.707106781186546));
#8878=DIRECTION('',(0.,1.,0.));
#8879=DIRECTION('',(-0.577350269189625,0.577350269189624,-0.577350269189629));
#8880=DIRECTION('',(0.,0.,1.));
#8881=DIRECTION('',(1.,0.,0.));
#8882=DIRECTION('',(0.55220468306572,-0.39339199868977,0.735059673337585));
#8883=DIRECTION('',(0.799524679267961,0.,-0.60063323854201));
#8884=DIRECTION('',(-0.671753312982629,0.312241850163813,0.671753312982632));
#8885=DIRECTION('',(-0.671753312982623,-0.732133157345223,0.112820771193009));
#8886=DIRECTION('',(-3.80942463772268E-16,-0.707106781186551,-0.707106781186545));
#8887=DIRECTION('',(1.,-5.38733998750561E-16,0.));
#8888=DIRECTION('',(-0.577350269189625,-0.577350269189623,0.577350269189629));
#8889=DIRECTION('',(-0.70710678118655,0.,0.707106781186546));
#8890=DIRECTION('',(0.,1.,0.));
#8891=DIRECTION('',(0.577350269189624,0.577350269189625,0.577350269189628));
#8892=DIRECTION('',(1.89747429373803E-16,-0.957092026489054,0.289784148688427));
#8893=DIRECTION('',(1.,1.98254111540206E-16,3.07674350803481E-32));
#8894=DIRECTION('',(6.16297582203916E-33,-0.289784148688427,-0.957092026489054));
#8895=DIRECTION('',(4.70065708198596E-16,-0.289784148688427,-0.957092026489054));
#8896=DIRECTION('',(-0.707106781186552,0.588348405414548,-0.392232270276366));
#8897=DIRECTION('',(0.,-0.55470019622523,-0.832050294337844));
#8898=DIRECTION('',(0.634218342260764,0.282417303359078,-0.719727421391874));
#8899=DIRECTION('',(0.707106781186549,0.,0.707106781186546));
#8900=DIRECTION('',(0.,-1.,0.));
#8901=DIRECTION('',(0.671753312982627,0.312241850163819,-0.67175331298263));
#8902=DIRECTION('',(9.35477737995567E-17,-0.471857925532026,-0.881674598767943));
#8903=DIRECTION('',(-1.,-1.98254111540206E-16,0.));
#8904=DIRECTION('',(0.,0.881674598767943,-0.471857925532026));
#8905=DIRECTION('',(9.97986960221918E-15,0.881674598767943,-0.471857925532026));
#8906=DIRECTION('',(0.70710678118655,0.,0.707106781186546));
#8907=DIRECTION('',(0.,-1.,0.));
#8908=DIRECTION('',(-3.80942463772268E-16,-0.707106781186549,0.707106781186546));
#8909=DIRECTION('',(-1.,5.38733998750561E-16,0.));
#8910=DIRECTION('',(-0.577350269189624,0.577350269189626,0.577350269189628));
#8911=DIRECTION('',(0.602574923715871,-0.763819079938307,0.231265809040184));
#8912=DIRECTION('',(0.785102741785268,0.61936555025385,0.));
#8913=DIRECTION('',(0.634218342260771,0.634218342260771,0.442192479221436));
#8914=DIRECTION('',(0.55220468306572,0.393391998689764,0.735059673337587));
#8915=DIRECTION('',(0.799524679267962,0.,-0.60063323854201));
#8916=DIRECTION('',(-0.671753312982622,0.732133157345223,0.112820771193014));
#8917=DIRECTION('',(0.,0.,1.));
#8918=DIRECTION('',(1.,0.,0.));
#8919=DIRECTION('',(0.707106781186549,-0.707106781186546,0.));
#8920=DIRECTION('',(0.,0.,-1.));
#8921=DIRECTION('',(-0.707106781186546,-0.707106781186549,0.));
#8922=DIRECTION('',(-0.707106781186546,-0.707106781186549,9.18543318284148E-17));
#8923=DIRECTION('',(0.70710678118655,-3.00094124366166E-16,0.707106781186545));
#8924=DIRECTION('',(-4.24397180667109E-16,-1.,0.));
#8925=DIRECTION('',(0.707106781186545,1.23903709934807E-16,-0.70710678118655));
#8926=DIRECTION('',(1.40186826668194E-16,-0.707106781186549,-0.707106781186546));
#8927=DIRECTION('',(1.,1.98254111540206E-16,0.));
#8928=DIRECTION('',(0.577350269189619,-0.577350269189629,0.57735026918963));
#8929=DIRECTION('',(0.577350269189623,0.577350269189626,-0.577350269189628));
#8930=DIRECTION('',(9.33725767576152E-16,0.707106781186546,-0.707106781186549));
#8931=DIRECTION('',(0.707106781186548,-0.707106781186548,0.));
#8932=DIRECTION('',(0.,0.,1.));
#8933=DIRECTION('',(-0.707106781186548,-0.707106781186548,9.18543318284148E-17));
#8934=DIRECTION('',(0.707106781186554,0.588348405414547,0.392232270276365));
#8935=DIRECTION('',(0.,0.554700196225229,-0.832050294337844));
#8936=DIRECTION('',(0.634218342260766,-0.282417303359089,-0.719727421391867));
#8937=DIRECTION('',(-1.89747429373803E-16,0.957092026489054,0.289784148688428));
#8938=DIRECTION('',(-1.,-1.98254111540206E-16,4.30933867244264E-32));
#8939=DIRECTION('',(6.16297582203916E-33,-0.289784148688428,0.957092026489054));
#8940=DIRECTION('',(8.7794628893705E-15,-0.289784148688428,0.957092026489054));
#8941=DIRECTION('',(0.70710678118655,0.,-0.707106781186546));
#8942=DIRECTION('',(0.,1.,0.));
#8943=DIRECTION('',(-0.577350269189625,0.577350269189624,-0.577350269189629));
#8944=DIRECTION('',(-0.577350269189628,0.577350269189625,-0.577350269189624));
#8945=DIRECTION('',(-0.707106781186546,-0.707106781186549,0.));
#8946=DIRECTION('',(-7.96940650169051E-16,0.707106781186546,0.707106781186549));
#8947=DIRECTION('',(0.577350269189627,-0.577350269189627,-0.577350269189624));
#8948=DIRECTION('',(0.707106781186548,0.707106781186548,0.));
#8949=DIRECTION('',(-0.707106781186546,9.61481343191781E-17,-0.707106781186549));
#8950=DIRECTION('',(0.602574923715873,0.763819079938307,0.231265809040178));
#8951=DIRECTION('',(-0.785102741785267,0.619365550253852,0.));
#8952=DIRECTION('',(0.63421834226077,-0.63421834226077,0.442192479221438));
#8953=DIRECTION('',(-3.80942463772268E-16,-0.707106781186551,-0.707106781186545));
#8954=DIRECTION('',(1.,-5.38733998750561E-16,0.));
#8955=DIRECTION('',(-0.577350269189625,-0.577350269189623,0.577350269189629));
#8956=DIRECTION('',(-3.50467066670486E-16,-0.707106781186549,0.707106781186546));
#8957=DIRECTION('',(-1.,4.95635278850516E-16,0.));
#8958=DIRECTION('',(2.11525895502191E-15,-0.707106781186546,-0.707106781186549));
#8959=DIRECTION('',(-0.707106781186549,0.,0.707106781186546));
#8960=DIRECTION('',(0.,1.,0.));
#8961=DIRECTION('',(0.707106781186546,-6.05733246210823E-15,0.707106781186549));
#8962=DIRECTION('',(-0.707106781186548,-0.707106781186548,0.));
#8963=DIRECTION('',(0.,0.,-1.));
#8964=DIRECTION('',(-0.707106781186548,0.707106781186548,0.));
#8965=DIRECTION('',(1.40186826668195E-16,-0.707106781186549,0.707106781186546));
#8966=DIRECTION('',(-1.,-1.98254111540206E-16,0.));
#8967=DIRECTION('',(0.577350269189624,-0.577350269189625,-0.577350269189629));
#8968=DIRECTION('',(-0.577350269189618,-0.577350269189628,-0.577350269189631));
#8969=DIRECTION('',(-9.6148134319178E-16,-0.707106781186546,-0.70710678118655));
#8970=DIRECTION('',(0.70710678118655,-3.00094124366166E-16,0.707106781186545));
#8971=DIRECTION('',(-4.24397180667109E-16,-1.,0.));
#8972=DIRECTION('',(-0.707106781186545,0.,0.70710678118655));
#8973=DIRECTION('',(-0.707106781186551,-0.707106781186545,0.));
#8974=DIRECTION('',(0.,0.,1.));
#8975=DIRECTION('',(-0.707106781186545,0.707106781186551,0.));
#8976=DIRECTION('',(-0.707106781186545,0.707106781186551,2.77555756156289E-17));
#8977=DIRECTION('',(0.57735026918963,0.577350269189626,-0.577350269189622));
#8978=DIRECTION('',(-0.707106781186545,0.70710678118655,0.));
#8979=DIRECTION('',(-0.707106781186545,0.707106781186551,1.46108170427311E-15));
#8980=DIRECTION('',(0.577350269189627,0.577350269189627,-0.577350269189624));
#8981=DIRECTION('',(-0.707106781186548,0.707106781186548,0.));
#8982=DIRECTION('',(0.707106781186546,9.61481343191781E-17,0.707106781186549));
#8983=DIRECTION('',(-0.577350269189629,-0.577350269189624,-0.577350269189625));
#8984=DIRECTION('',(-0.707106781186545,0.,0.70710678118655));
#8985=DIRECTION('',(8.93088784488229E-16,-0.707106781186549,0.707106781186546));
#8986=DIRECTION('',(-0.707106781186551,-0.707106781186545,0.));
#8987=DIRECTION('',(0.,0.,-1.));
#8988=DIRECTION('',(-0.577350269189622,0.577350269189627,-0.577350269189627));
#8989=DIRECTION('',(-0.707106781186549,0.,0.707106781186546));
#8990=DIRECTION('',(0.,1.,0.));
#8991=DIRECTION('',(-0.707106781186546,-5.96118432778908E-15,-0.707106781186549));
#8992=DIRECTION('',(-3.50467066670485E-16,-0.707106781186546,-0.707106781186549));
#8993=DIRECTION('',(1.,-4.95635278850516E-16,0.));
#8994=DIRECTION('',(6.45281364618612E-16,0.707106781186549,-0.707106781186546));
#8995=DIRECTION('',(0.707106781186551,0.,-0.707106781186545));
#8996=DIRECTION('',(0.,-1.,0.));
#8997=DIRECTION('',(0.577350269189621,0.577350269189631,0.577350269189626));
#8998=DIRECTION('',(0.577350269189631,-0.577350269189622,-0.577350269189624));
#8999=DIRECTION('',(-0.707106781186543,0.,-0.707106781186552));
#9000=DIRECTION('',(-0.707106781186541,-0.707106781186554,1.34147179682907E-15));
#9001=DIRECTION('',(0.707106781186554,-0.707106781186541,0.));
#9002=DIRECTION('',(0.,0.,1.));
#9003=DIRECTION('',(-0.707106781186547,0.,-0.707106781186548));
#9004=DIRECTION('',(0.,1.,0.));
#9005=DIRECTION('',(0.,-0.707106781186548,0.707106781186548));
#9006=DIRECTION('',(1.,0.,0.));
#9007=DIRECTION('',(0.,-0.707106781186546,-0.707106781186549));
#9008=DIRECTION('',(-1.,0.,0.));
#9009=DIRECTION('',(-0.577350269189632,-0.577350269189624,0.577350269189622));
#9010=DIRECTION('',(-0.577350269189622,0.577350269189629,-0.577350269189626));
#9011=DIRECTION('',(0.,0.707106781186548,0.707106781186547));
#9012=DIRECTION('',(1.,0.,0.));
#9013=DIRECTION('',(0.577350269189624,-0.577350269189626,0.577350269189628));
#9014=DIRECTION('',(-0.577350269189623,-0.577350269189627,0.577350269189628));
#9015=DIRECTION('',(-1.23069611928549E-14,-0.707106781186547,0.707106781186548));
#9016=DIRECTION('',(0.707106781186543,-0.707106781186552,0.));
#9017=DIRECTION('',(0.,0.,-1.));
#9018=DIRECTION('',(-0.707106781186552,-0.707106781186543,6.15623299317486E-15));
#9019=DIRECTION('',(-0.577350269189627,-0.57735026918962,-0.577350269189631));
#9020=DIRECTION('',(0.577350269189621,-0.577350269189634,-0.577350269189622));
#9021=DIRECTION('',(0.,0.707106781186541,-0.707106781186555));
#9022=DIRECTION('',(0.707106781186545,-6.02957688649252E-15,0.70710678118655));
#9023=DIRECTION('',(0.70710678118655,-3.00094124366166E-16,-0.707106781186545));
#9024=DIRECTION('',(4.24397180667109E-16,1.,0.));
#9025=DIRECTION('',(-0.707106781186545,0.,-0.70710678118655));
#9026=DIRECTION('',(-0.707106781186551,-0.707106781186545,0.));
#9027=DIRECTION('',(0.,0.,1.));
#9028=DIRECTION('',(-0.707106781186545,0.707106781186551,0.));
#9029=DIRECTION('',(-0.707106781186545,0.707106781186551,-2.77555756156289E-17));
#9030=DIRECTION('',(0.577350269189629,0.577350269189624,-0.577350269189625));
#9031=DIRECTION('',(-0.707106781186545,0.,-0.70710678118655));
#9032=DIRECTION('',(1.23903709934807E-16,0.707106781186548,0.707106781186547));
#9033=DIRECTION('',(0.,0.707106781186547,-0.707106781186548));
#9034=DIRECTION('',(-1.,0.,0.));
#9035=DIRECTION('',(-0.707106781186547,0.,-0.707106781186548));
#9036=DIRECTION('',(0.,1.,0.));
#9037=DIRECTION('',(-0.707106781186547,0.,-0.707106781186548));
#9038=DIRECTION('',(0.,1.,0.));
#9039=DIRECTION('',(0.,-0.707106781186548,-0.707106781186547));
#9040=DIRECTION('',(-1.,0.,0.));
#9041=DIRECTION('',(-0.577350269189627,-0.577350269189625,0.577350269189626));
#9042=DIRECTION('',(-0.707106781186547,0.,-0.707106781186548));
#9043=DIRECTION('',(0.,1.,0.));
#9044=DIRECTION('',(0.,0.,1.));
#9045=DIRECTION('',(1.,0.,0.));
#9046=DIRECTION('',(0.,0.,1.));
#9047=DIRECTION('',(1.,0.,0.));
#9048=DIRECTION('',(0.,0.,1.));
#9049=DIRECTION('',(1.,0.,0.));
#9050=DIRECTION('',(0.,0.,1.));
#9051=DIRECTION('',(1.,0.,0.));
#9052=DIRECTION('',(0.,0.,-1.));
#9053=DIRECTION('',(-1.,0.,0.));
#9054=DIRECTION('',(0.,0.,-1.));
#9055=DIRECTION('',(-1.,0.,0.));
#9056=DIRECTION('',(0.,0.,-1.));
#9057=DIRECTION('',(-1.,0.,0.));
#9058=DIRECTION('',(0.,0.,-1.));
#9059=DIRECTION('',(-1.,0.,0.));
#9060=DIRECTION('',(0.707106781186554,0.707106781186541,0.));
#9061=DIRECTION('',(0.,0.,-1.));
#9062=DIRECTION('',(-0.577350269189621,0.577350269189631,0.577350269189626));
#9063=DIRECTION('',(-0.70326264315446,0.703262643154472,-0.104131212836445));
#9064=DIRECTION('',(0.70710678118655,0.676766262149983,-0.204908336617957));
#9065=DIRECTION('',(0.,0.289784148688427,0.957092026489054));
#9066=DIRECTION('',(0.703262643154458,-0.642911493427029,0.303457519865356));
#9067=DIRECTION('',(-0.707106781186557,-0.588348405414544,0.392232270276363));
#9068=DIRECTION('',(0.,-0.55470019622523,-0.832050294337844));
#9069=DIRECTION('',(0.69624597628793,-0.482464317755904,0.531478807286985));
#9070=DIRECTION('',(0.707106781186554,0.333653938900309,-0.623438087588736));
#9071=DIRECTION('',(0.,0.881674598767943,0.471857925532026));
#9072=DIRECTION('',(-0.696245976287933,0.174594046306615,-0.69624597628794));
#9073=DIRECTION('',(0.707106781186551,0.,-0.707106781186545));
#9074=DIRECTION('',(0.,1.,0.));
#9075=DIRECTION('',(0.696245976287933,0.174594046306621,0.696245976287939));
#9076=DIRECTION('',(-0.707106781186555,0.333653938900309,0.623438087588734));
#9077=DIRECTION('',(0.,-0.881674598767943,0.471857925532026));
#9078=DIRECTION('',(0.696245976287932,0.482464317755885,0.531478807287));
#9079=DIRECTION('',(0.707106781186552,-0.588348405414548,-0.392232270276365));
#9080=DIRECTION('',(0.,0.554700196225229,-0.832050294337844));
#9081=DIRECTION('',(-0.703262643154458,-0.642911493427056,-0.303457519865298));
#9082=DIRECTION('',(0.707106781186555,-0.676766262149978,-0.204908336617956));
#9083=DIRECTION('',(0.,0.289784148688428,-0.957092026489054));
#9084=DIRECTION('',(0.703262643154457,0.703262643154469,0.104131212836478));
#9085=DIRECTION('',(-0.707106781186554,0.707106781186541,0.));
#9086=DIRECTION('',(0.,0.,1.));
#9087=DIRECTION('',(-0.577350269189621,-0.577350269189631,0.577350269189626));
#9088=DIRECTION('',(0.70710678118655,-0.707106781186545,0.));
#9089=DIRECTION('',(0.,0.,-1.));
#9090=DIRECTION('',(0.577350269189623,0.577350269189627,-0.577350269189628));
#9091=DIRECTION('',(0.577350269189624,0.577350269189628,-0.577350269189626));
#9092=DIRECTION('',(0.707106781186549,0.,0.707106781186546));
#9093=DIRECTION('',(0.,1.,0.));
#9094=DIRECTION('',(-0.577350269189624,0.577350269189627,0.577350269189627));
#9095=DIRECTION('',(-0.707106781186549,-0.707106781186546,0.));
#9096=DIRECTION('',(0.,0.,1.));
#9097=DIRECTION('',(0.577350269189623,-0.577350269189626,-0.577350269189628));
#9098=DIRECTION('',(0.70710678118655,-3.00094124366166E-16,-0.707106781186545));
#9099=DIRECTION('',(4.24397180667109E-16,1.,0.));
#9100=DIRECTION('',(-0.70710678118655,0.,0.707106781186545));
#9101=DIRECTION('',(0.,1.,0.));
#9102=DIRECTION('',(-3.50467066670487E-16,-0.70710678118655,0.707106781186545));
#9103=DIRECTION('',(1.,-4.95635278850516E-16,0.));
#9104=DIRECTION('',(-0.281084637714816,0.678598344545846,0.67859834454585));
#9105=DIRECTION('',(0.5,-0.5,0.707106781186544));
#9106=DIRECTION('',(-0.707106781186546,-0.707106781186549,0.));
#9107=DIRECTION('',(-0.678598344545846,0.281084637714815,0.67859834454585));
#9108=DIRECTION('',(0.70710678118655,-3.00094124366166E-16,0.707106781186545));
#9109=DIRECTION('',(-4.24397180667109E-16,-1.,0.));
#9110=DIRECTION('',(-0.577350269189624,0.577350269189625,0.577350269189628));
#9111=DIRECTION('',(-3.80942463772268E-16,-0.70710678118655,0.707106781186546));
#9112=DIRECTION('',(-1.,5.38733998750561E-16,0.));
#9113=DIRECTION('',(0.577350269189625,0.577350269189625,0.577350269189628));
#9114=DIRECTION('',(-0.70710678118655,0.,0.707106781186545));
#9115=DIRECTION('',(0.,1.,0.));
#9116=DIRECTION('',(0.,0.,1.));
#9117=DIRECTION('',(1.,0.,0.));
#9118=DIRECTION('',(-0.70710678118655,0.,-0.707106781186545));
#9119=DIRECTION('',(0.,-1.,0.));
#9120=DIRECTION('',(0.577350269189624,-0.577350269189625,-0.577350269189628));
#9121=DIRECTION('',(-3.80942463772268E-16,-0.70710678118655,0.707106781186546));
#9122=DIRECTION('',(-1.,5.38733998750561E-16,0.));
#9123=DIRECTION('',(0.577350269189625,0.577350269189625,0.577350269189628));
#9124=DIRECTION('',(-0.70710678118655,0.,0.707106781186545));
#9125=DIRECTION('',(0.,1.,0.));
#9126=DIRECTION('',(0.,0.,1.));
#9127=DIRECTION('',(1.,0.,0.));
#9128=DIRECTION('',(-0.70710678118655,0.,-0.707106781186545));
#9129=DIRECTION('',(0.,-1.,0.));
#9130=DIRECTION('',(0.577350269189624,-0.577350269189625,-0.577350269189628));
#9131=DIRECTION('',(-3.80942463772268E-16,-0.70710678118655,0.707106781186546));
#9132=DIRECTION('',(-1.,5.38733998750561E-16,0.));
#9133=DIRECTION('',(-0.577350269189625,-0.577350269189625,-0.577350269189628));
#9134=DIRECTION('',(0.70710678118655,-3.00094124366166E-16,-0.707106781186545));
#9135=DIRECTION('',(4.24397180667109E-16,1.,0.));
#9136=DIRECTION('',(-3.50467066670486E-16,-0.707106781186548,-0.707106781186547));
#9137=DIRECTION('',(-1.,4.95635278850516E-16,0.));
#9138=DIRECTION('',(0.281084637714818,0.678598344545847,-0.678598344545848));
#9139=DIRECTION('',(-0.5,-0.5,-0.707106781186545));
#9140=DIRECTION('',(-0.707106781186545,0.707106781186551,0.));
#9141=DIRECTION('',(-0.678598344545845,-0.281084637714818,0.67859834454585));
#9142=DIRECTION('',(0.70710678118655,-3.00094124366166E-16,0.707106781186545));
#9143=DIRECTION('',(-4.24397180667109E-16,-1.,0.));
#9144=DIRECTION('',(-0.577350269189625,-0.577350269189624,0.577350269189629));
#9145=DIRECTION('',(-3.80942463772268E-16,-0.70710678118655,-0.707106781186545));
#9146=DIRECTION('',(1.,-5.38733998750561E-16,0.));
#9147=DIRECTION('',(-0.577350269189625,0.577350269189624,-0.577350269189629));
#9148=DIRECTION('',(0.70710678118655,0.,-0.707106781186545));
#9149=DIRECTION('',(0.,1.,0.));
#9150=DIRECTION('',(0.,0.,1.));
#9151=DIRECTION('',(1.,0.,0.));
#9152=DIRECTION('',(0.70710678118655,0.,0.707106781186545));
#9153=DIRECTION('',(0.,-1.,0.));
#9154=DIRECTION('',(-0.577350269189625,-0.577350269189624,0.577350269189629));
#9155=DIRECTION('',(-3.80942463772268E-16,-0.70710678118655,-0.707106781186545));
#9156=DIRECTION('',(1.,-5.38733998750561E-16,0.));
#9157=DIRECTION('',(-0.577350269189625,0.577350269189624,-0.577350269189629));
#9158=DIRECTION('',(0.70710678118655,0.,-0.707106781186545));
#9159=DIRECTION('',(0.,1.,0.));
#9160=DIRECTION('',(0.,0.,1.));
#9161=DIRECTION('',(1.,0.,0.));
#9162=DIRECTION('',(0.70710678118655,0.,0.707106781186545));
#9163=DIRECTION('',(0.,-1.,0.));
#9164=DIRECTION('',(-0.577350269189625,-0.577350269189624,0.577350269189629));
#9165=DIRECTION('',(-3.80942463772268E-16,-0.70710678118655,-0.707106781186545));
#9166=DIRECTION('',(1.,-5.38733998750561E-16,0.));
#9167=DIRECTION('',(-0.577350269189625,0.577350269189624,-0.577350269189629));
#9168=DIRECTION('',(0.70710678118655,-3.00094124366166E-16,-0.707106781186545));
#9169=DIRECTION('',(4.24397180667109E-16,1.,0.));
#9170=DIRECTION('',(-0.678598344545846,0.281084637714813,-0.678598344545851));
#9171=DIRECTION('',(0.5,-0.5,-0.707106781186543));
#9172=DIRECTION('',(-0.707106781186545,-0.707106781186551,0.));
#9173=DIRECTION('',(0.281084637714816,-0.678598344545846,0.67859834454585));
#9174=DIRECTION('',(0.,0.70710678118655,0.707106781186545));
#9175=DIRECTION('',(-1.,0.,0.));
#9176=DIRECTION('',(-0.577350269189625,0.577350269189625,-0.577350269189628));
#9177=DIRECTION('',(-0.70710678118655,0.,0.707106781186545));
#9178=DIRECTION('',(0.,-1.,0.));
#9179=DIRECTION('',(0.577350269189625,0.577350269189625,0.577350269189628));
#9180=DIRECTION('',(0.,0.70710678118655,-0.707106781186545));
#9181=DIRECTION('',(1.,0.,0.));
#9182=DIRECTION('',(0.281084637714821,0.678598344545845,0.678598344545849));
#9183=DIRECTION('',(-0.5,-0.5,0.707106781186545));
#9184=DIRECTION('',(-0.707106781186545,0.707106781186551,0.));
#9185=DIRECTION('',(0.678598344545845,0.281084637714818,0.67859834454585));
#9186=DIRECTION('',(0.70710678118655,-3.00094124366166E-16,-0.707106781186545));
#9187=DIRECTION('',(4.24397180667109E-16,1.,0.));
#9188=DIRECTION('',(0.454787542527826,-0.787715130307585,0.415539606591244));
#9189=DIRECTION('',(-0.866025403784438,-0.5,0.));
#9190=DIRECTION('',(0.557213334538967,0.615651362074321,0.557213334538935));
#9191=DIRECTION('',(-0.707106781186527,0.,0.707106781186568));
#9192=DIRECTION('',(0.,1.,0.));
#9193=DIRECTION('',(0.454787542527825,-0.787715130307583,0.415539606591248));
#9194=DIRECTION('',(-0.866025403784438,-0.5,0.));
#9195=DIRECTION('',(0.557213334538939,0.615651362074323,0.557213334538961));
#9196=DIRECTION('',(-0.707106781186561,0.,0.707106781186534));
#9197=DIRECTION('',(0.,1.,0.));
#9198=DIRECTION('',(0.454787542527827,-0.787715130307587,0.415539606591239));
#9199=DIRECTION('',(-0.866025403784438,-0.5,0.));
#9200=DIRECTION('',(0.557213334538942,0.615651362074318,0.557213334538963));
#9201=DIRECTION('',(-0.707106781186561,0.,0.707106781186534));
#9202=DIRECTION('',(0.,1.,0.));
#9203=DIRECTION('',(0.454787542527825,-0.787715130307583,0.415539606591248));
#9204=DIRECTION('',(-0.866025403784438,-0.5,0.));
#9205=DIRECTION('',(0.557213334538965,0.615651362074323,0.557213334538934));
#9206=DIRECTION('',(-0.707106781186527,0.,0.707106781186568));
#9207=DIRECTION('',(0.,1.,0.));
#9208=DIRECTION('',(0.454787542527824,-0.787715130307581,0.415539606591254));
#9209=DIRECTION('',(-0.866025403784438,-0.5,0.));
#9210=DIRECTION('',(0.557213334538964,0.615651362074327,0.557213334538932));
#9211=DIRECTION('',(-0.707106781186527,0.,0.707106781186568));
#9212=DIRECTION('',(0.,1.,0.));
#9213=DIRECTION('',(0.454787542527823,-0.78771513030758,0.415539606591256));
#9214=DIRECTION('',(-0.866025403784438,-0.5,0.));
#9215=DIRECTION('',(0.557213334538954,0.615651362074328,0.55721333453894));
#9216=DIRECTION('',(-0.707106781186538,-1.4163957869901E-15,0.707106781186557));
#9217=DIRECTION('',(-2.00308613164954E-15,1.,0.));
#9218=DIRECTION('',(0.707106781186541,0.,0.707106781186554));
#9219=DIRECTION('',(0.,-1.,0.));
#9220=DIRECTION('',(-0.706668335094802,-0.0352097763227986,0.706668335094788));
#9221=DIRECTION('',(0.454787542527825,-0.787715130307583,0.415539606591248));
#9222=DIRECTION('',(-0.866025403784438,-0.5,0.));
#9223=DIRECTION('',(-0.17841286347004,0.376543550518981,0.90905654648706));
#9224=DIRECTION('',(0.,-0.923879532511289,0.382683432365084));
#9225=DIRECTION('',(-1.,0.,0.));
#9226=DIRECTION('',(0.678598344545855,0.281084637714813,0.678598344545842));
#9227=DIRECTION('',(-0.707106781186541,0.,0.707106781186554));
#9228=DIRECTION('',(0.,1.,0.));
#9229=DIRECTION('',(0.707106781186541,0.,0.707106781186554));
#9230=DIRECTION('',(0.,-1.,0.));
#9231=DIRECTION('',(-0.706668335094802,-0.0352097763227917,0.706668335094788));
#9232=DIRECTION('',(0.454787542527824,-0.787715130307581,0.415539606591254));
#9233=DIRECTION('',(-0.866025403784438,-0.5,0.));
#9234=DIRECTION('',(-0.17841286347002,0.376543550519,0.909056546487056));
#9235=DIRECTION('',(0.,-0.923879532511282,0.382683432365101));
#9236=DIRECTION('',(-1.,0.,0.));
#9237=DIRECTION('',(0.707106781186541,0.,0.707106781186554));
#9238=DIRECTION('',(0.,-1.,0.));
#9239=DIRECTION('',(-0.706668335094802,-0.0352097763227971,0.706668335094788));
#9240=DIRECTION('',(0.454787542527825,-0.787715130307582,0.415539606591249));
#9241=DIRECTION('',(-0.866025403784438,-0.5,0.));
#9242=DIRECTION('',(-0.178412863470044,0.376543550518981,0.909056546487059));
#9243=DIRECTION('',(0.,-0.923879532511289,0.382683432365084));
#9244=DIRECTION('',(-1.,0.,0.));
#9245=DIRECTION('',(0.707106781186541,0.,0.707106781186554));
#9246=DIRECTION('',(0.,-1.,0.));
#9247=DIRECTION('',(-0.706668335094802,-0.035209776322779,0.706668335094789));
#9248=DIRECTION('',(0.454787542527821,-0.787715130307576,0.415539606591266));
#9249=DIRECTION('',(-0.866025403784438,-0.5,0.));
#9250=DIRECTION('',(-0.178412863470057,0.376543550518993,0.909056546487052));
#9251=DIRECTION('',(1.0684503426812E-15,-0.923879532511284,0.382683432365096));
#9252=DIRECTION('',(-1.,-1.15648231731787E-15,0.));
#9253=DIRECTION('',(0.707106781186561,0.,0.707106781186534));
#9254=DIRECTION('',(0.,-1.,0.));
#9255=DIRECTION('',(-0.706668335094782,-0.0352097763227788,0.706668335094809));
#9256=DIRECTION('',(0.454787542527826,-0.787715130307584,0.415539606591246));
#9257=DIRECTION('',(-0.866025403784438,-0.5,0.));
#9258=DIRECTION('',(-0.178412863470035,0.376543550518982,0.909056546487061));
#9259=DIRECTION('',(0.,-0.923879532511289,0.382683432365084));
#9260=DIRECTION('',(-1.,0.,0.));
#9261=DIRECTION('',(0.707106781186561,0.,0.707106781186534));
#9262=DIRECTION('',(0.,-1.,0.));
#9263=DIRECTION('',(-0.706668335094782,-0.0352097763227625,0.706668335094809));
#9264=DIRECTION('',(0.454787542527822,-0.787715130307578,0.41553960659126));
#9265=DIRECTION('',(-0.866025403784438,-0.5,0.));
#9266=DIRECTION('',(-0.178412863470035,0.376543550518999,0.909056546487054));
#9267=DIRECTION('',(0.,-0.923879532511282,0.382683432365101));
#9268=DIRECTION('',(-1.,0.,0.));
#9269=DIRECTION('',(0.707106781186561,0.,0.707106781186534));
#9270=DIRECTION('',(0.,-1.,0.));
#9271=DIRECTION('',(-0.706668335094782,-0.035209776322772,0.706668335094809));
#9272=DIRECTION('',(0.454787542527824,-0.787715130307581,0.415539606591252));
#9273=DIRECTION('',(-0.866025403784438,-0.5,0.));
#9274=DIRECTION('',(-0.17841286347005,0.376543550518981,0.909056546487058));
#9275=DIRECTION('',(0.,-0.923879532511289,0.382683432365084));
#9276=DIRECTION('',(-1.,0.,0.));
#9277=DIRECTION('',(0.,0.,1.));
#9278=DIRECTION('',(1.,0.,0.));
#9279=DIRECTION('',(0.,0.,1.));
#9280=DIRECTION('',(1.,0.,0.));
#9281=DIRECTION('',(0.,0.,-1.));
#9282=DIRECTION('',(-1.,0.,0.));
#9283=DIRECTION('',(0.,0.,1.));
#9284=DIRECTION('',(1.,0.,0.));
#9285=DIRECTION('',(0.,0.,1.));
#9286=DIRECTION('',(1.,0.,0.));
#9287=DIRECTION('',(0.,0.,-1.));
#9288=DIRECTION('',(-1.,0.,0.));
#9289=DIRECTION('',(0.,0.,1.));
#9290=DIRECTION('',(1.,0.,0.));
#9291=DIRECTION('',(0.,0.,1.));
#9292=DIRECTION('',(1.,0.,0.));
#9293=DIRECTION('',(0.,0.,-1.));
#9294=DIRECTION('',(-1.,0.,0.));
#9295=DIRECTION('',(0.,0.,1.));
#9296=DIRECTION('',(1.,0.,0.));
#9297=DIRECTION('',(0.,0.,1.));
#9298=DIRECTION('',(1.,0.,0.));
#9299=DIRECTION('',(0.,0.,-1.));
#9300=DIRECTION('',(-1.,0.,0.));
#9301=DIRECTION('',(-0.707106781186551,0.,-0.707106781186545));
#9302=DIRECTION('',(0.,-1.,0.));
#9303=DIRECTION('',(-0.707106781186551,0.,-0.707106781186545));
#9304=DIRECTION('',(0.,-1.,0.));
#9305=DIRECTION('',(0.,0.,1.));
#9306=DIRECTION('',(1.,0.,0.));
#9307=DIRECTION('',(0.,0.,1.));
#9308=DIRECTION('',(1.,0.,0.));
#9309=DIRECTION('',(0.,0.,1.));
#9310=DIRECTION('',(1.,0.,0.));
#9311=DIRECTION('',(0.,0.,1.));
#9312=DIRECTION('',(1.,0.,0.));
#9313=DIRECTION('',(0.,0.,-1.));
#9314=DIRECTION('',(-1.,0.,0.));
#9315=DIRECTION('',(0.,0.,-1.));
#9316=DIRECTION('',(-1.,0.,0.));
#9317=DIRECTION('',(0.,0.,-1.));
#9318=DIRECTION('',(-1.,0.,0.));
#9319=DIRECTION('',(0.,0.,-1.));
#9320=DIRECTION('',(-1.,0.,0.));
#9321=DIRECTION('',(-1.,0.,0.));
#9322=DIRECTION('',(0.,0.,1.));
#9323=DIRECTION('',(0.,1.,0.));
#9324=DIRECTION('',(0.,0.,-1.));
#9325=DIRECTION('',(1.,0.,0.));
#9326=DIRECTION('',(-1.,0.,0.));
#9327=DIRECTION('',(0.,0.,1.));
#9328=DIRECTION('',(0.,1.,0.));
#9329=DIRECTION('',(0.,0.,-1.));
#9330=DIRECTION('',(1.,0.,0.));
#9331=DIRECTION('',(-1.,0.,0.));
#9332=DIRECTION('',(0.,0.,1.));
#9333=DIRECTION('',(0.,1.,0.));
#9334=DIRECTION('',(0.,0.,-1.));
#9335=DIRECTION('',(1.,0.,0.));
#9336=DIRECTION('',(-1.,0.,0.));
#9337=DIRECTION('',(0.,0.,1.));
#9338=DIRECTION('',(0.,1.,0.));
#9339=DIRECTION('',(0.,0.,-1.));
#9340=DIRECTION('',(1.,0.,0.));
#9341=DIRECTION('',(0.,0.,-1.));
#9342=DIRECTION('',(1.,0.,0.));
#9343=DIRECTION('',(0.,1.,0.));
#9344=DIRECTION('',(-1.,0.,0.));
#9345=DIRECTION('',(0.,0.,1.));
#9346=DIRECTION('',(0.,1.,0.));
#9347=DIRECTION('',(0.,0.,-1.));
#9348=DIRECTION('',(1.,0.,0.));
#9349=DIRECTION('',(0.,0.,-1.));
#9350=DIRECTION('',(1.,0.,0.));
#9351=DIRECTION('',(0.,1.,0.));
#9352=DIRECTION('',(-1.,0.,0.));
#9353=DIRECTION('',(0.,0.,1.));
#9354=DIRECTION('',(0.,1.,0.));
#9355=DIRECTION('',(0.,0.,-1.));
#9356=DIRECTION('',(1.,0.,0.));
#9357=DIRECTION('',(0.,0.,-1.));
#9358=DIRECTION('',(1.,0.,0.));
#9359=DIRECTION('',(0.,1.,0.));
#9360=DIRECTION('',(-1.,0.,0.));
#9361=DIRECTION('',(0.,0.,1.));
#9362=DIRECTION('',(0.,1.,0.));
#9363=DIRECTION('',(0.,0.,-1.));
#9364=DIRECTION('',(1.,0.,0.));
#9365=DIRECTION('',(0.,0.,-1.));
#9366=DIRECTION('',(1.,0.,0.));
#9367=DIRECTION('',(0.,1.,0.));
#9368=DIRECTION('',(-1.,0.,0.));
#9369=DIRECTION('',(0.,0.,1.));
#9370=DIRECTION('',(0.,1.,0.));
#9371=DIRECTION('',(0.,0.,-1.));
#9372=DIRECTION('',(1.,0.,0.));
#9373=CARTESIAN_POINT('',(0.,0.,0.));
#9374=CARTESIAN_POINT('',(-0.03,0.00311309353220728,0.009));
#9375=CARTESIAN_POINT('',(-0.03,0.00311309353220728,0.0085));
#9376=CARTESIAN_POINT('',(-0.03,0.00447911893599171,0.0085));
#9377=CARTESIAN_POINT('',(-0.03,0.00274706812842283,0.0085));
#9378=CARTESIAN_POINT('',(-0.03,0.00397911893599171,0.009));
#9379=CARTESIAN_POINT('',(-0.03,0.00413030472519541,0.00884881421079631));
#9380=CARTESIAN_POINT('',(-0.03,0.00397124906036124,0.00854730130621717));
#9381=CARTESIAN_POINT('',(-0.03,0.00416185903669086,0.00890862994965043));
#9382=CARTESIAN_POINT('',(-0.03,0.00224706812842283,0.00890862994965043));
#9383=CARTESIAN_POINT('',(-0.03,0.00233843817877241,0.00890862994965043));
#9384=CARTESIAN_POINT('',(-0.03,0.00224706812842283,0.009));
#9385=CARTESIAN_POINT('',(-0.00839345919999093,0.00952545785285812,0.009));
#9386=CARTESIAN_POINT('',(-0.0229258192007593,0.00533032687365603,0.00480486902079792));
#9387=CARTESIAN_POINT('',(-0.0229258192007593,0.00163519589445395,0.0085));
#9388=CARTESIAN_POINT('',(-0.0229258192007593,0.00263519589445395,0.0075));
#9389=CARTESIAN_POINT('',(-0.00860996555093705,0.00990045785285812,0.0085));
#9390=CARTESIAN_POINT('',(-0.03,-0.00244908429428378,0.0085));
#9391=CARTESIAN_POINT('',(-0.03,-0.00294908429428378,0.009));
#9392=CARTESIAN_POINT('',(-0.03,-0.00285771424393421,0.00890862994965043));
#9393=CARTESIAN_POINT('',(-0.0208539525851899,0.0115688061078374,-0.000237417465159479));
#9394=CARTESIAN_POINT('',(-0.0300913700503496,-0.00300183681744898,0.009));
#9395=CARTESIAN_POINT('',(-0.00839345919999093,0.00952545785285812,0.009));
#9396=CARTESIAN_POINT('',(0.0135951491706426,0.0222205868147487,0.009));
#9397=CARTESIAN_POINT('',(-0.00659739175567161,0.018805988188608,0.000756429686710585));
#9398=CARTESIAN_POINT('',(0.0132130816000181,0.0221559784325491,0.00884402156745089));
#9399=CARTESIAN_POINT('',(0.0132130816000181,0.022,0.009));
#9400=CARTESIAN_POINT('',(0.0132130816000181,0.0239798989873224,0.00702010101267767));
#9401=CARTESIAN_POINT('',(-0.00839345919999093,0.0115053568401804,0.00702010101267767));
#9402=CARTESIAN_POINT('',(-0.0215,0.00393829198115038,0.00702010101267767));
#9403=CARTESIAN_POINT('',(-0.0215,0.00574192542334309,0.00521646757048497));
#9404=CARTESIAN_POINT('',(-0.0215,0.00345839299382806,0.0075));
#9405=CARTESIAN_POINT('',(-0.00904297825282926,0.0106504578528581,0.0075));
#9406=CARTESIAN_POINT('',(-0.03,-0.00208305889049934,0.009));
#9407=CARTESIAN_POINT('',(-0.03,-0.00208305889049934,0.0085));
#9408=CARTESIAN_POINT('',(-0.03,-0.000717033486714898,0.0085));
#9409=CARTESIAN_POINT('',(-0.03,-0.0012170334867149,0.009));
#9410=CARTESIAN_POINT('',(-0.03,-0.00106584769751121,0.00884881421079631));
#9411=CARTESIAN_POINT('',(-0.03,-0.00122490336234537,0.00854730130621718));
#9412=CARTESIAN_POINT('',(-0.03,-0.00103429338601576,0.00890862994965043));
#9413=CARTESIAN_POINT('',(-0.03,-0.00294908429428378,0.00890862994965043));
#9414=CARTESIAN_POINT('',(-0.00989345919999093,0.0103914832566426,0.009));
#9415=CARTESIAN_POINT('',(-0.0229258192007593,0.00662936497933269,0.00523788172269013));
#9416=CARTESIAN_POINT('',(-0.0229258192007593,0.00436724670202282,0.0075));
#9417=CARTESIAN_POINT('',(-0.0229258192007593,0.00336724670202283,0.0085));
#9418=CARTESIAN_POINT('',(-0.0105429782528293,0.0115164832566426,0.0075));
#9419=CARTESIAN_POINT('',(-0.0215,0.00519044380139693,0.0075));
#9420=CARTESIAN_POINT('',(-0.0215,0.00704096352901974,0.00564948027237719));
#9421=CARTESIAN_POINT('',(-0.0215,0.00567034278871926,0.00702010101267767));
#9422=CARTESIAN_POINT('',(-0.00989345919999093,0.0123713822439649,0.00702010101267767));
#9423=CARTESIAN_POINT('',(0.0102130816000181,0.0239798989873224,0.00702010101267767));
#9424=CARTESIAN_POINT('',(0.0102130816000181,0.022,0.009));
#9425=CARTESIAN_POINT('',(0.0102130816000181,0.0221559784325492,0.0088440215674509));
#9426=CARTESIAN_POINT('',(-0.0082199143419612,0.0190389223449165,0.00131878248601045));
#9427=CARTESIAN_POINT('',(0.0102248211307336,0.0221579636104224,0.00884881421079631));
#9428=CARTESIAN_POINT('',(-0.0300654653670708,-0.00110364414481214,0.00884881421079631));
#9429=CARTESIAN_POINT('',(-0.010109965550937,0.0107664832566426,0.0085));
#9430=CARTESIAN_POINT('',(-0.00389345919999074,0.00692738164150469,0.009));
#9431=CARTESIAN_POINT('',(-0.0229258192007593,0.00143321255662589,0.0035058309151212));
#9432=CARTESIAN_POINT('',(-0.0229258192007593,-0.00356095652825291,0.0085));
#9433=CARTESIAN_POINT('',(-0.0229258192007593,-0.00256095652825291,0.0075));
#9434=CARTESIAN_POINT('',(-0.00410996555093685,0.00730238164150469,0.0085));
#9435=CARTESIAN_POINT('',(-0.03,-0.00764523671699062,0.0085));
#9436=CARTESIAN_POINT('',(-0.03,-0.00814523671699062,0.009));
#9437=CARTESIAN_POINT('',(-0.03,-0.00805386666664105,0.00890862994965043));
#9438=CARTESIAN_POINT('',(-0.0189381746616885,0.0093945065084731,-0.00215319538866091));
#9439=CARTESIAN_POINT('',(-0.0300913700503496,-0.00819798924015583,0.009));
#9440=CARTESIAN_POINT('',(-0.00389345919999074,0.00692738164150469,0.009));
#9441=CARTESIAN_POINT('',(0.0225951491706429,0.0222205868147487,0.009));
#9442=CARTESIAN_POINT('',(-0.00172982399680277,0.0181071857196824,-0.000930628711188977));
#9443=CARTESIAN_POINT('',(0.0222130816000185,0.0221559784325491,0.00884402156745089));
#9444=CARTESIAN_POINT('',(0.0222130816000185,0.022,0.009));
#9445=CARTESIAN_POINT('',(0.0222130816000185,0.0239798989873224,0.00702010101267767));
#9446=CARTESIAN_POINT('',(-0.00389345919999074,0.00890728062882703,0.00702010101267767));
#9447=CARTESIAN_POINT('',(-0.0215,-0.00125786044155647,0.00702010101267767));
#9448=CARTESIAN_POINT('',(-0.0215,0.00184481110631295,0.00391742946480826));
#9449=CARTESIAN_POINT('',(-0.0215,-0.0017377594288788,0.0075));
#9450=CARTESIAN_POINT('',(-0.00454297825282907,0.00805238164150469,0.0075));
#9451=CARTESIAN_POINT('',(-0.03,-0.00727921131320608,0.009));
#9452=CARTESIAN_POINT('',(-0.03,-0.00727921131320608,0.0085));
#9453=CARTESIAN_POINT('',(-0.03,-0.00591318590942155,0.0085));
#9454=CARTESIAN_POINT('',(-0.03,-0.00641318590942155,0.009));
#9455=CARTESIAN_POINT('',(-0.03,-0.00626200012021786,0.00884881421079631));
#9456=CARTESIAN_POINT('',(-0.03,-0.00642105578505204,0.00854730130621714));
#9457=CARTESIAN_POINT('',(-0.03,-0.00623044580872241,0.00890862994965043));
#9458=CARTESIAN_POINT('',(-0.03,-0.00814523671699062,0.00890862994965043));
#9459=CARTESIAN_POINT('',(-0.00539345919999093,0.00779340704528923,0.009));
#9460=CARTESIAN_POINT('',(-0.0229258192007593,0.0027322506623027,0.00393884361701347));
#9461=CARTESIAN_POINT('',(-0.0229258192007593,-0.000828905720683823,0.0075));
#9462=CARTESIAN_POINT('',(-0.0229258192007593,-0.00182890572068382,0.0085));
#9463=CARTESIAN_POINT('',(-0.00604297825282926,0.00891840704528923,0.0075));
#9464=CARTESIAN_POINT('',(-0.0215,-5.70862130971239E-6,0.0075));
#9465=CARTESIAN_POINT('',(-0.0215,0.00314384921198976,0.00435044216670052));
#9466=CARTESIAN_POINT('',(-0.0215,0.000474190366012612,0.00702010101267767));
#9467=CARTESIAN_POINT('',(-0.00539345919999093,0.00977330603261157,0.00702010101267767));
#9468=CARTESIAN_POINT('',(0.0192130816000181,0.0239798989873224,0.00702010101267767));
#9469=CARTESIAN_POINT('',(0.0192130816000181,0.022,0.009));
#9470=CARTESIAN_POINT('',(0.0192130816000181,0.0221559784325492,0.00884402156745089));
#9471=CARTESIAN_POINT('',(-0.00335234658309255,0.0183401198759909,-0.000368275911889055));
#9472=CARTESIAN_POINT('',(0.0192248211307336,0.0221579636104224,0.00884881421079632));
#9473=CARTESIAN_POINT('',(-0.0300654653670708,-0.00629979656751878,0.00884881421079631));
#9474=CARTESIAN_POINT('',(-0.00560996555093704,0.00816840704528923,0.0085));
#9475=CARTESIAN_POINT('',(0.000295651667553951,0.00414981350584016,0.009));
#9476=CARTESIAN_POINT('',(-0.0229258192007593,-0.0025536477225597,0.00229653877160014));
#9477=CARTESIAN_POINT('',(-0.0229258192007593,-0.00875710895095956,0.0085));
#9478=CARTESIAN_POINT('',(-0.0229258192007593,-0.00775710895095956,0.0075));
#9479=CARTESIAN_POINT('',(7.91453166078405E-5,0.00452481350584016,0.0085));
#9480=CARTESIAN_POINT('',(-0.0294086966648921,-0.0125,0.0085));
#9481=CARTESIAN_POINT('',(-0.0294086966648921,-0.013,0.009));
#9482=CARTESIAN_POINT('',(-0.0294086966648921,-0.013,0.009));
#9483=CARTESIAN_POINT('',(0.000295651667553951,0.00414981350584016,0.009));
#9484=CARTESIAN_POINT('',(0.0300913700503496,0.0213523795348456,0.009));
#9485=CARTESIAN_POINT('',(0.0197522901771558,0.0257221888600777,-0.00133907987319361));
#9486=CARTESIAN_POINT('',(0.03,0.0213909970620299,0.00890862994965043));
#9487=CARTESIAN_POINT('',(0.03,0.0212996270116803,0.009));
#9488=CARTESIAN_POINT('',(0.03,0.0232795259990027,0.00702010101267767));
#9489=CARTESIAN_POINT('',(0.000295651667553951,0.00612971249316249,0.00702010101267767));
#9490=CARTESIAN_POINT('',(-0.0215,-0.00645401286426313,0.00702010101267767));
#9491=CARTESIAN_POINT('',(-0.0215,-0.00214204917287265,0.00270813732128719));
#9492=CARTESIAN_POINT('',(-0.0215,-0.00693391185158545,0.0075));
#9493=CARTESIAN_POINT('',(-0.000353867385284379,0.00527481350584016,0.0075));
#9494=CARTESIAN_POINT('',(-0.000893459199990737,0.00519533083393581,0.009));
#9495=CARTESIAN_POINT('',(-0.0229258192007593,-0.00116486365472743,0.00263980551133676));
#9496=CARTESIAN_POINT('',(-0.0229258192007593,-0.00602505814339067,0.0075));
#9497=CARTESIAN_POINT('',(-0.0229258192007593,-0.00702505814339067,0.0085));
#9498=CARTESIAN_POINT('',(-0.00154297825282906,0.00632033083393581,0.0075));
#9499=CARTESIAN_POINT('',(-0.0215,-0.00520186104401656,0.0075));
#9500=CARTESIAN_POINT('',(-0.0215,-0.000753265105040378,0.00305140406102382));
#9501=CARTESIAN_POINT('',(-0.0215,-0.00472196205669423,0.00702010101267767));
#9502=CARTESIAN_POINT('',(-0.000893459199990737,0.00717522982125814,0.00702010101267767));
#9503=CARTESIAN_POINT('',(0.0282130816000185,0.0239798989873224,0.00702010101267767));
#9504=CARTESIAN_POINT('',(0.0282130816000185,0.022,0.009));
#9505=CARTESIAN_POINT('',(0.0282130816000185,0.0221559784325492,0.00884402156745089));
#9506=CARTESIAN_POINT('',(0.00151522117577656,0.0176413174070656,-0.00205533430978879));
#9507=CARTESIAN_POINT('',(0.0282248211307339,0.0221579636104224,0.00884881421079631));
#9508=CARTESIAN_POINT('',(-0.0300654653670708,-0.0114959489902256,0.00884881421079631));
#9509=CARTESIAN_POINT('',(-0.03,-0.0114581525429247,0.00884881421079631));
#9510=CARTESIAN_POINT('',(-0.03,-0.0116093383321284,0.009));
#9511=CARTESIAN_POINT('',(-0.03,-0.0111093383321284,0.0085));
#9512=CARTESIAN_POINT('',(-0.00110996555093685,0.00557033083393581,0.0085));
#9513=CARTESIAN_POINT('',(-0.0242869183999818,0.022,0.009));
#9514=CARTESIAN_POINT('',(-0.0229258192007593,0.022,0.009));
#9515=CARTESIAN_POINT('',(-0.0229258192007593,0.0239798989873224,0.00702010101267767));
#9516=CARTESIAN_POINT('',(-0.0229258192007593,0.0225,0.0085));
#9517=CARTESIAN_POINT('',(-0.0242869183999818,0.0239798989873224,0.00702010101267767));
#9518=CARTESIAN_POINT('',(-0.0227869183999817,0.0239798989873224,0.00702010101267767));
#9519=CARTESIAN_POINT('',(-0.0227869183999817,0.022,0.009));
#9520=CARTESIAN_POINT('',(-0.0227869183999817,0.0221559784325491,0.0088440215674509));
#9521=CARTESIAN_POINT('',(-0.0257869183999818,0.0221559784325491,0.00884402156745089));
#9522=CARTESIAN_POINT('',(-0.0257869183999818,0.0221559784325491,0.00884402156745089));
#9523=CARTESIAN_POINT('',(-0.0257869183999818,0.022,0.009));
#9524=CARTESIAN_POINT('',(-0.0257869183999818,0.0225,0.0085));
#9525=CARTESIAN_POINT('',(-0.0242869183999818,0.0225,0.0085));
#9526=CARTESIAN_POINT('',(-0.0263934591999909,0.0199177626982713,0.009));
#9527=CARTESIAN_POINT('',(-0.0229258192007593,0.0209187841417759,0.0100010214435045));
#9528=CARTESIAN_POINT('',(-0.0229258192007593,0.0224198055852805,0.0085));
#9529=CARTESIAN_POINT('',(-0.0229258192007593,0.0238997045726028,0.00702010101267767));
#9530=CARTESIAN_POINT('',(-0.026609965550937,0.0202927626982713,0.0085));
#9531=CARTESIAN_POINT('',(-0.03,0.0183355253965427,0.0085));
#9532=CARTESIAN_POINT('',(-0.03,0.0178355253965427,0.009));
#9533=CARTESIAN_POINT('',(-0.03,0.0179268954468923,0.00890862994965043));
#9534=CARTESIAN_POINT('',(-0.0285170642791956,0.0202660045052942,0.00742569422884592));
#9535=CARTESIAN_POINT('',(-0.0300913700503496,0.0177827728733776,0.009));
#9536=CARTESIAN_POINT('',(-0.0263934591999909,0.0199177626982713,0.009));
#9537=CARTESIAN_POINT('',(-0.0224048508293574,0.0222205868147487,0.009));
#9538=CARTESIAN_POINT('',(-0.0260676627911467,0.0216011980643097,0.00750466327830891));
#9539=CARTESIAN_POINT('',(-0.0263934591999909,0.0218976616855937,0.00702010101267767));
#9540=CARTESIAN_POINT('',(-0.03,0.0187015508003272,0.009));
#9541=CARTESIAN_POINT('',(-0.03,0.0187015508003272,0.0085));
#9542=CARTESIAN_POINT('',(-0.03,0.0200675762041116,0.0085));
#9543=CARTESIAN_POINT('',(-0.03,0.0195675762041116,0.009));
#9544=CARTESIAN_POINT('',(-0.03,0.0197187619933153,0.00884881421079631));
#9545=CARTESIAN_POINT('',(-0.03,0.0195597063284811,0.00854730130621718));
#9546=CARTESIAN_POINT('',(-0.03,0.0197503163048107,0.00890862994965043));
#9547=CARTESIAN_POINT('',(-0.03,0.0178355253965427,0.00890862994965043));
#9548=CARTESIAN_POINT('',(-0.0278934591999909,0.0207837881020558,0.009));
#9549=CARTESIAN_POINT('',(-0.028109965550937,0.0211587881020558,0.0085));
#9550=CARTESIAN_POINT('',(-0.0276901853774362,0.0218341322206181,0.00806701607760877));
#9551=CARTESIAN_POINT('',(-0.0257751788692663,0.0221579636104224,0.00884881421079631));
#9552=CARTESIAN_POINT('',(-0.0300654653670708,0.0196809655460144,0.00884881421079631));
#9553=CARTESIAN_POINT('',(-0.0128934591999909,0.0121235340642114,0.009));
#9554=CARTESIAN_POINT('',(-0.0229258192007593,0.00922744119068599,0.00610390712647457));
#9555=CARTESIAN_POINT('',(-0.0229258192007593,0.00683134831716057,0.0085));
#9556=CARTESIAN_POINT('',(-0.0229258192007593,0.00783134831716056,0.0075));
#9557=CARTESIAN_POINT('',(-0.013109965550937,0.0124985340642114,0.0085));
#9558=CARTESIAN_POINT('',(-0.0227697305086913,0.0137431057072016,0.00167836045834187));
#9559=CARTESIAN_POINT('',(-0.0300913700503496,0.00219431560525764,0.009));
#9560=CARTESIAN_POINT('',(-0.0128934591999909,0.0121235340642114,0.009));
#9561=CARTESIAN_POINT('',(0.00459514917064263,0.0222205868147487,0.009));
#9562=CARTESIAN_POINT('',(-0.0114649595145404,0.0195047906575333,0.00244348808461021));
#9563=CARTESIAN_POINT('',(0.00421308160001818,0.0221559784325491,0.00884402156745089));
#9564=CARTESIAN_POINT('',(0.00421308160001818,0.022,0.009));
#9565=CARTESIAN_POINT('',(0.00421308160001818,0.0239798989873224,0.00702010101267767));
#9566=CARTESIAN_POINT('',(-0.0128934591999909,0.0141034330515338,0.00702010101267767));
#9567=CARTESIAN_POINT('',(-0.0222524797805443,0.0087,0.00702010101267767));
#9568=CARTESIAN_POINT('',(-0.0143758929351551,0.0087,0.0115676505481586));
#9569=CARTESIAN_POINT('',(-0.0215,0.0087,0.00745454541653467));
#9570=CARTESIAN_POINT('',(-0.0215,0.00963903974037305,0.00651550567616162));
#9571=CARTESIAN_POINT('',(-0.0215,0.00865454541653467,0.0075));
#9572=CARTESIAN_POINT('',(-0.0135429782528292,0.0132485340642114,0.0075));
#9573=CARTESIAN_POINT('',(-0.0143934591999909,0.0129895594679959,0.009));
#9574=CARTESIAN_POINT('',(-0.0229258192007593,0.0105264792963626,0.00653691982836679));
#9575=CARTESIAN_POINT('',(-0.0229258192007593,0.0100432981120518,0.00702010101267767));
#9576=CARTESIAN_POINT('',(-0.0229258192007593,0.00856339912472944,0.0085));
#9577=CARTESIAN_POINT('',(-0.0143934591999909,0.0149694584553182,0.00702010101267767));
#9578=CARTESIAN_POINT('',(0.00121308160001818,0.0239798989873224,0.00702010101267767));
#9579=CARTESIAN_POINT('',(0.00121308160001818,0.022,0.009));
#9580=CARTESIAN_POINT('',(0.00121308160001818,0.0221559784325491,0.00884402156745089));
#9581=CARTESIAN_POINT('',(-0.01308748210083,0.0197377248138418,0.00300584088391007));
#9582=CARTESIAN_POINT('',(0.0012248211307336,0.0221579636104224,0.00884881421079631));
#9583=CARTESIAN_POINT('',(-0.0300654653670708,0.00409250827789448,0.00884881421079631));
#9584=CARTESIAN_POINT('',(-0.014609965550937,0.0133645594679959,0.0085));
#9585=CARTESIAN_POINT('',(-0.0218934591999909,0.017319686486918,0.009));
#9586=CARTESIAN_POINT('',(-0.0229258192007593,0.017021669824746,0.00870198333782789));
#9587=CARTESIAN_POINT('',(-0.0229258192007593,0.0172236531625738,0.0085));
#9588=CARTESIAN_POINT('',(-0.0229258192007593,0.0187035521498961,0.00702010101267767));
#9589=CARTESIAN_POINT('',(-0.022109965550937,0.017694686486918,0.0085));
#9590=CARTESIAN_POINT('',(-0.03,0.0131393729738361,0.0085));
#9591=CARTESIAN_POINT('',(-0.03,0.0126393729738361,0.009));
#9592=CARTESIAN_POINT('',(-0.03,0.0127307430241857,0.00890862994965043));
#9593=CARTESIAN_POINT('',(-0.0266012863556943,0.01809170490593,0.00550991630534455));
#9594=CARTESIAN_POINT('',(-0.0300913700503496,0.0125866204506709,0.009));
#9595=CARTESIAN_POINT('',(-0.0218934591999909,0.017319686486918,0.009));
#9596=CARTESIAN_POINT('',(-0.0134048508293573,0.0222205868147487,0.009));
#9597=CARTESIAN_POINT('',(-0.0212000950322779,0.0209023955953842,0.00581760488040935));
#9598=CARTESIAN_POINT('',(-0.0137869183999818,0.0221559784325491,0.00884402156745089));
#9599=CARTESIAN_POINT('',(-0.0137869183999818,0.022,0.009));
#9600=CARTESIAN_POINT('',(-0.0137869183999818,0.0239798989873224,0.00702010101267767));
#9601=CARTESIAN_POINT('',(-0.0218934591999909,0.0192995854742404,0.00702010101267767));
#9602=CARTESIAN_POINT('',(-0.03,0.0135053983776205,0.009));
#9603=CARTESIAN_POINT('',(-0.03,0.0135053983776205,0.0085));
#9604=CARTESIAN_POINT('',(-0.03,0.014871423781405,0.0085));
#9605=CARTESIAN_POINT('',(-0.03,0.014371423781405,0.009));
#9606=CARTESIAN_POINT('',(-0.03,0.0145226095706087,0.00884881421079631));
#9607=CARTESIAN_POINT('',(-0.03,0.0143635539057745,0.00854730130621717));
#9608=CARTESIAN_POINT('',(-0.03,0.0145541638821041,0.00890862994965043));
#9609=CARTESIAN_POINT('',(-0.03,0.0126393729738361,0.00890862994965043));
#9610=CARTESIAN_POINT('',(-0.0233934591999909,0.0181857118907025,0.009));
#9611=CARTESIAN_POINT('',(-0.0229258192007593,0.0183207079304226,0.00913499603972011));
#9612=CARTESIAN_POINT('',(-0.0229258192007593,0.020435602957465,0.00702010101267767));
#9613=CARTESIAN_POINT('',(-0.0229258192007593,0.0189557039701427,0.0085));
#9614=CARTESIAN_POINT('',(-0.0233934591999909,0.0201656108780248,0.00702010101267767));
#9615=CARTESIAN_POINT('',(-0.0167869183999818,0.0239798989873224,0.00702010101267767));
#9616=CARTESIAN_POINT('',(-0.0167869183999818,0.022,0.009));
#9617=CARTESIAN_POINT('',(-0.0167869183999818,0.0221559784325491,0.00884402156745089));
#9618=CARTESIAN_POINT('',(-0.0228226176185676,0.0211353297516927,0.00637995767970921));
#9619=CARTESIAN_POINT('',(-0.0167751788692664,0.0221579636104224,0.00884881421079631));
#9620=CARTESIAN_POINT('',(-0.0300654653670708,0.0144848131233077,0.00884881421079631));
#9621=CARTESIAN_POINT('',(-0.023609965550937,0.0185607118907025,0.0085));
#9622=CARTESIAN_POINT('',(-0.0173934591999909,0.0147216102755647,0.009));
#9623=CARTESIAN_POINT('',(-0.0229258192007593,0.013124555507716,0.00740294523215123));
#9624=CARTESIAN_POINT('',(-0.0229258192007593,0.0120275007398672,0.0085));
#9625=CARTESIAN_POINT('',(-0.0229258192007593,0.0135073997271895,0.00702010101267767));
#9626=CARTESIAN_POINT('',(-0.017609965550937,0.0150966102755647,0.0085));
#9627=CARTESIAN_POINT('',(-0.03,0.00794322055112949,0.0085));
#9628=CARTESIAN_POINT('',(-0.03,0.00744322055112949,0.009));
#9629=CARTESIAN_POINT('',(-0.03,0.00753459060147906,0.00890862994965043));
#9630=CARTESIAN_POINT('',(-0.0246855084321929,0.0159174053065657,0.00359413838184318));
#9631=CARTESIAN_POINT('',(-0.0300913700503496,0.0073904680279643,0.009));
#9632=CARTESIAN_POINT('',(-0.0173934591999909,0.0147216102755647,0.009));
#9633=CARTESIAN_POINT('',(-0.0044048508293574,0.0222205868147487,0.009));
#9634=CARTESIAN_POINT('',(-0.0163325272734092,0.0202035931264588,0.00413054648250975));
#9635=CARTESIAN_POINT('',(-0.00478691839998184,0.0221559784325491,0.00884402156745089));
#9636=CARTESIAN_POINT('',(-0.00478691839998184,0.022,0.009));
#9637=CARTESIAN_POINT('',(-0.00478691839998184,0.0239798989873224,0.00702010101267767));
#9638=CARTESIAN_POINT('',(-0.0173934591999909,0.0167015092628871,0.00702010101267767));
#9639=CARTESIAN_POINT('',(-0.03,0.00830924595491392,0.009));
#9640=CARTESIAN_POINT('',(-0.03,0.00830924595491392,0.0085));
#9641=CARTESIAN_POINT('',(-0.03,0.00967527135869834,0.0085));
#9642=CARTESIAN_POINT('',(-0.03,0.00917527135869834,0.009));
#9643=CARTESIAN_POINT('',(-0.03,0.00932645714790203,0.00884881421079631));
#9644=CARTESIAN_POINT('',(-0.03,0.00916740148306789,0.00854730130621719));
#9645=CARTESIAN_POINT('',(-0.03,0.00935801145939749,0.00890862994965043));
#9646=CARTESIAN_POINT('',(-0.03,0.00744322055112949,0.00890862994965043));
#9647=CARTESIAN_POINT('',(-0.0188934591999909,0.0155876356793492,0.009));
#9648=CARTESIAN_POINT('',(-0.0229258192007593,0.0144235936133926,0.00783595793404345));
#9649=CARTESIAN_POINT('',(-0.0229258192007593,0.0152394505347584,0.00702010101267767));
#9650=CARTESIAN_POINT('',(-0.0229258192007593,0.0137595515474361,0.0085));
#9651=CARTESIAN_POINT('',(-0.0188934591999909,0.0175675346666715,0.00702010101267767));
#9652=CARTESIAN_POINT('',(-0.00778691839998179,0.0239798989873224,0.00702010101267767));
#9653=CARTESIAN_POINT('',(-0.00778691839998179,0.022,0.009));
#9654=CARTESIAN_POINT('',(-0.00778691839998179,0.0221559784325491,0.00884402156745089));
#9655=CARTESIAN_POINT('',(-0.0179550498596987,0.0204365272827673,0.0046928992818096));
#9656=CARTESIAN_POINT('',(-0.00777517886926637,0.0221579636104224,0.00884881421079631));
#9657=CARTESIAN_POINT('',(-0.0300654653670708,0.00928866070060111,0.00884881421079631));
#9658=CARTESIAN_POINT('',(-0.019109965550937,0.0159626356793492,0.0085));
#9659=CARTESIAN_POINT('',(-0.0219086966648921,-0.013,0.009));
#9660=CARTESIAN_POINT('',(-0.0229258192007593,-0.013,0.009));
#9661=CARTESIAN_POINT('',(-0.0229258192007593,-0.0125,0.0085));
#9662=CARTESIAN_POINT('',(-0.0229258192007593,-0.0110201010126777,0.00702010101267767));
#9663=CARTESIAN_POINT('',(-0.0219086966648921,-0.0125,0.0085));
#9664=CARTESIAN_POINT('',(-0.0234086966648921,-0.0125,0.0085));
#9665=CARTESIAN_POINT('',(-0.0234086966648921,-0.013,0.009));
#9666=CARTESIAN_POINT('',(-0.0234086966648921,-0.0128488142107963,0.00884881421079631));
#9667=CARTESIAN_POINT('',(-0.0223309188871143,-0.0124414525009975,0.00844145250099747));
#9668=CARTESIAN_POINT('',(-0.0238086966648921,-0.013,0.009));
#9669=CARTESIAN_POINT('',(-0.0219086966648921,-0.013,0.009));
#9670=CARTESIAN_POINT('',(-0.020408696664892,-0.013,0.009));
#9671=CARTESIAN_POINT('',(-0.020408696664892,-0.013,0.009));
#9672=CARTESIAN_POINT('',(-0.020408696664892,-0.0110201010126777,0.00702010101267767));
#9673=CARTESIAN_POINT('',(-0.0219086966648921,-0.0110201010126777,0.00702010101267767));
#9674=CARTESIAN_POINT('',(0.00329565166755395,0.00241776269827127,0.009));
#9675=CARTESIAN_POINT('',(-0.0229258192007593,-0.00515172393391303,0.0014305133678157));
#9676=CARTESIAN_POINT('',(-0.0229258192007593,-0.010741311578775,0.00702010101267767));
#9677=CARTESIAN_POINT('',(-0.0229258192007593,-0.0122212105660973,0.0085));
#9678=CARTESIAN_POINT('',(0.00329565166755395,0.0043976616855936,0.00702010101267767));
#9679=CARTESIAN_POINT('',(0.03,0.0198154243838649,0.00702010101267767));
#9680=CARTESIAN_POINT('',(0.03,0.0178355253965426,0.009));
#9681=CARTESIAN_POINT('',(0.03,0.0179867111857463,0.00884881421079631));
#9682=CARTESIAN_POINT('',(-0.0234741620319629,-0.0128866106580972,0.00884881421079631));
#9683=CARTESIAN_POINT('',(0.00307914531660784,0.00279276269827128,0.0085));
#9684=CARTESIAN_POINT('',(-0.029704348332446,-0.013,0.009));
#9685=CARTESIAN_POINT('',(-0.029704348332446,-0.0125,0.0085));
#9686=CARTESIAN_POINT('',(-0.03,-0.0125,0.0085));
#9687=CARTESIAN_POINT('',(-0.03,-0.013,0.009));
#9688=CARTESIAN_POINT('',(-0.03,-0.0129086299496504,0.00890862994965043));
#9689=CARTESIAN_POINT('',(-0.0299623628110484,-0.0128709927606988,0.00887099276069883));
#9690=CARTESIAN_POINT('',(-0.0300913700503496,-0.013,0.009));
#9691=CARTESIAN_POINT('',(-0.029704348332446,-0.013,0.009));
#9692=CARTESIAN_POINT('',(-0.03,-0.0123046691660642,0.009));
#9693=CARTESIAN_POINT('',(-0.03,-0.0123046691660642,0.0085));
#9694=CARTESIAN_POINT('',(-0.03,-0.0115800479078678,0.00861774400291001));
#9695=CARTESIAN_POINT('',(-0.03,-0.0114265982314292,0.00890862994965043));
#9696=CARTESIAN_POINT('',(-0.03,-0.013,0.00890862994965043));
#9697=CARTESIAN_POINT('',(-0.0143934591999909,0.0149694584553182,0.00702010101267767));
#9698=CARTESIAN_POINT('',(-0.0229258192007593,0.012506378283685,0.00948318118431088));
#9699=CARTESIAN_POINT('',(-0.0229258192007593,0.0095231970993741,0.0065));
#9700=CARTESIAN_POINT('',(-0.0141682488552345,0.0145793826958099,0.0065));
#9701=CARTESIAN_POINT('',(-0.0248712536437892,0.0084,0.0065));
#9702=CARTESIAN_POINT('',(-0.0279678134109473,0.0084,0.00828779961513049));
#9703=CARTESIAN_POINT('',(-0.023,0.0084,0.00541963120503623));
#9704=CARTESIAN_POINT('',(-0.023,0.00494018439748189,0.00195981560251811));
#9705=CARTESIAN_POINT('',(-0.023,0.00838036879496377,0.0054));
#9706=CARTESIAN_POINT('',(-0.0214518268839196,0.00772603384420455,0.00385182688391964));
#9707=CARTESIAN_POINT('',(-0.0226,0.00821130890263962,0.005));
#9708=CARTESIAN_POINT('',(-0.00920560105400364,0.0159445687397439,0.005));
#9709=CARTESIAN_POINT('',(0.00121308160001818,0.0219597979746447,0.005));
#9710=CARTESIAN_POINT('',(0.00121308160001818,0.0239798989873224,0.00702010101267767));
#9711=CARTESIAN_POINT('',(-0.0173934591999909,0.0167015092628871,0.00702010101267767));
#9712=CARTESIAN_POINT('',(-0.0229258192007593,0.0151044544950383,0.00861715578052644));
#9713=CARTESIAN_POINT('',(-0.0229258192007593,0.0129872987145119,0.0065));
#9714=CARTESIAN_POINT('',(-0.00478691839998184,0.0239798989873224,0.00702010101267767));
#9715=CARTESIAN_POINT('',(-0.00478691839998184,0.0219597979746447,0.005));
#9716=CARTESIAN_POINT('',(-0.0107056010540036,0.0185426449510972,0.005));
#9717=CARTESIAN_POINT('',(-0.0275803571094084,0.0088,0.005));
#9718=CARTESIAN_POINT('',(-0.0289951425364948,0.00839158662641305,0.00540841337358695));
#9719=CARTESIAN_POINT('',(-0.0289659977554635,0.0084,0.0054));
#9720=CARTESIAN_POINT('',(-0.0294678134109473,0.0084,0.00568972340377716));
#9721=CARTESIAN_POINT('',(-0.03,0.0084,0.00599698147422584));
#9722=CARTESIAN_POINT('',(-0.03,0.00942311953845182,0.00702010101267767));
#9723=CARTESIAN_POINT('',(-0.03,0.00890301852577416,0.0065));
#9724=CARTESIAN_POINT('',(-0.0171682488552345,0.0163114335033788,0.0065));
#9725=CARTESIAN_POINT('',(-0.0188934591999909,0.0175675346666715,0.00702010101267767));
#9726=CARTESIAN_POINT('',(-0.0229258192007593,0.0164034926007149,0.00818414307863422));
#9727=CARTESIAN_POINT('',(-0.0229258192007593,0.0147193495220807,0.0065));
#9728=CARTESIAN_POINT('',(-0.0186682488552344,0.0171774589071633,0.0065));
#9729=CARTESIAN_POINT('',(-0.03,0.010635069333343,0.0065));
#9730=CARTESIAN_POINT('',(-0.03,0.0111551703460207,0.00702010101267767));
#9731=CARTESIAN_POINT('',(-0.03,0.00913506933334301,0.005));
#9732=CARTESIAN_POINT('',(-0.0114556010540036,0.0198416830567738,0.005));
#9733=CARTESIAN_POINT('',(-0.00778691839998179,0.0219597979746447,0.005));
#9734=CARTESIAN_POINT('',(-0.00778691839998179,0.0239798989873224,0.00702010101267767));
#9735=CARTESIAN_POINT('',(-0.0242869183999818,0.0239798989873224,0.00702010101267767));
#9736=CARTESIAN_POINT('',(-0.0229258192007593,0.0239798989873224,0.00702010101267767));
#9737=CARTESIAN_POINT('',(-0.0229258192007593,0.0234597979746447,0.0065));
#9738=CARTESIAN_POINT('',(-0.0242869183999818,0.0234597979746447,0.0065));
#9739=CARTESIAN_POINT('',(-0.0257869183999818,0.0234597979746447,0.0065));
#9740=CARTESIAN_POINT('',(-0.0257869183999818,0.0239798989873224,0.00702010101267767));
#9741=CARTESIAN_POINT('',(-0.0257869183999818,0.0219597979746447,0.005));
#9742=CARTESIAN_POINT('',(0.,0.0219597979746447,0.005));
#9743=CARTESIAN_POINT('',(-0.0227869183999817,0.0219597979746447,0.005));
#9744=CARTESIAN_POINT('',(-0.0227869183999817,0.0239798989873224,0.00702010101267767));
#9745=CARTESIAN_POINT('',(-0.0263934591999909,0.0218976616855937,0.00702010101267767));
#9746=CARTESIAN_POINT('',(-0.0229258192007593,0.0228986831290983,0.00601907956917313));
#9747=CARTESIAN_POINT('',(-0.0229258192007593,0.0233796035599251,0.0065));
#9748=CARTESIAN_POINT('',(-0.0152056010540036,0.0263368735851571,0.005));
#9749=CARTESIAN_POINT('',(-0.03,0.0177953233711874,0.005));
#9750=CARTESIAN_POINT('',(-0.03,0.019815424383865,0.00702010101267767));
#9751=CARTESIAN_POINT('',(-0.03,0.0192953233711874,0.0065));
#9752=CARTESIAN_POINT('',(-0.0261682488552344,0.0215075859260855,0.0065));
#9753=CARTESIAN_POINT('',(-0.0218934591999909,0.0192995854742404,0.00702010101267767));
#9754=CARTESIAN_POINT('',(-0.0229258192007593,0.0190015688120682,0.00731811767484978));
#9755=CARTESIAN_POINT('',(-0.0229258192007593,0.0181834511372185,0.0065));
#9756=CARTESIAN_POINT('',(-0.0137869183999818,0.0239798989873224,0.00702010101267767));
#9757=CARTESIAN_POINT('',(-0.0137869183999818,0.0219597979746447,0.005));
#9758=CARTESIAN_POINT('',(-0.0129556010540036,0.0224397592681271,0.005));
#9759=CARTESIAN_POINT('',(-0.03,0.0125991709484808,0.005));
#9760=CARTESIAN_POINT('',(-0.03,0.0146192719611584,0.00702010101267767));
#9761=CARTESIAN_POINT('',(-0.03,0.0140991709484808,0.0065));
#9762=CARTESIAN_POINT('',(-0.0216682488552345,0.0189095097147321,0.0065));
#9763=CARTESIAN_POINT('',(-0.0233934591999909,0.0201656108780248,0.00702010101267767));
#9764=CARTESIAN_POINT('',(-0.0229258192007593,0.020300606917745,0.00688510497295756));
#9765=CARTESIAN_POINT('',(-0.0229258192007593,0.0199155019447874,0.0065));
#9766=CARTESIAN_POINT('',(-0.0231682488552345,0.0197755351185166,0.0065));
#9767=CARTESIAN_POINT('',(-0.03,0.0158312217560496,0.0065));
#9768=CARTESIAN_POINT('',(-0.03,0.0163513227687273,0.00702010101267767));
#9769=CARTESIAN_POINT('',(-0.03,0.0143312217560496,0.005));
#9770=CARTESIAN_POINT('',(-0.0137056010540036,0.0237387973738038,0.005));
#9771=CARTESIAN_POINT('',(-0.0167869183999818,0.0219597979746447,0.005));
#9772=CARTESIAN_POINT('',(-0.0167869183999818,0.0239798989873224,0.00702010101267767));
#9773=CARTESIAN_POINT('',(-0.0219086966648921,-0.0110201010126777,0.00702010101267767));
#9774=CARTESIAN_POINT('',(-0.0229258192007593,-0.0110201010126777,0.00702010101267767));
#9775=CARTESIAN_POINT('',(-0.0229258192007593,-0.0115402020253553,0.0065));
#9776=CARTESIAN_POINT('',(-0.020408696664892,-0.0110201010126777,0.00702010101267767));
#9777=CARTESIAN_POINT('',(-0.020408696664892,-0.0130402020253553,0.005));
#9778=CARTESIAN_POINT('',(7.54038152828803E-18,-0.0130402020253553,0.005));
#9779=CARTESIAN_POINT('',(-0.0234086966648921,-0.0130402020253553,0.005));
#9780=CARTESIAN_POINT('',(-0.0234086966648921,-0.0110201010126777,0.00702010101267767));
#9781=CARTESIAN_POINT('',(-0.0234086966648921,-0.0115402020253553,0.0065));
#9782=CARTESIAN_POINT('',(-0.0219086966648921,-0.0115402020253553,0.0065));
#9783=CARTESIAN_POINT('',(0.00329565166755395,0.0043976616855936,0.00702010101267767));
#9784=CARTESIAN_POINT('',(-0.0229258192007593,-0.00317182494659069,0.014589587644862));
#9785=CARTESIAN_POINT('',(-0.0229258192007593,-0.0112614125914527,0.0065));
#9786=CARTESIAN_POINT('',(0.00352086201231039,0.00400758592608536,0.0065));
#9787=CARTESIAN_POINT('',(-0.000205601054003522,0.000356111471623818,0.005));
#9788=CARTESIAN_POINT('',(0.03,0.0177953233711872,0.005));
#9789=CARTESIAN_POINT('',(0.03,0.0198154243838649,0.00702010101267767));
#9790=CARTESIAN_POINT('',(-0.02825,0.0004,0.0075));
#9791=CARTESIAN_POINT('',(-0.0229258192007593,0.0004,0.0075));
#9792=CARTESIAN_POINT('',(-0.0215,0.0004,0.0075));
#9793=CARTESIAN_POINT('',(-0.02825,0.0004,0.0075));
#9794=CARTESIAN_POINT('',(-0.0229258192007593,0.0004,0.0075));
#9795=CARTESIAN_POINT('',(-0.0215,0.0004,0.0075));
#9796=CARTESIAN_POINT('',(-0.02825,0.0004,0.0075));
#9797=CARTESIAN_POINT('',(-0.0229258192007593,0.0004,0.0075));
#9798=CARTESIAN_POINT('',(-0.0215,0.0004,0.0075));
#9799=CARTESIAN_POINT('',(-0.02825,0.0004,0.0075));
#9800=CARTESIAN_POINT('',(-0.0229258192007593,0.0004,0.0075));
#9801=CARTESIAN_POINT('',(-0.0229258192007593,0.0087,0.0075));
#9802=CARTESIAN_POINT('',(-0.0215,0.0004,0.0075));
#9803=CARTESIAN_POINT('',(-0.0215,0.0087,0.0075));
#9804=CARTESIAN_POINT('',(-0.02825,0.0087,0.0075));
#9805=CARTESIAN_POINT('',(-0.02825,0.0087,0.0075));
#9806=CARTESIAN_POINT('',(-0.02825,0.0087,0.0065));
#9807=CARTESIAN_POINT('',(-0.0229258192007593,0.0087,0.0065));
#9808=CARTESIAN_POINT('',(-0.0215,0.0087,0.0065));
#9809=CARTESIAN_POINT('',(-0.0229258192007593,0.0087,0.0075));
#9810=CARTESIAN_POINT('',(-0.0215,0.0087,0.0075));
#9811=CARTESIAN_POINT('',(-0.0152332143451292,0.0087,0.00296752622402735));
#9812=CARTESIAN_POINT('',(-0.0215,0.0087,0.00658565660882067));
#9813=CARTESIAN_POINT('',(-0.0215,0.0087,0.0075));
#9814=CARTESIAN_POINT('',(-0.000893459199990737,0.00717522982125814,0.00702010101267767));
#9815=CARTESIAN_POINT('',(-0.0133393204105378,-0.0095321908393863,-0.00250169832776071));
#9816=CARTESIAN_POINT('',(-0.0222459214778138,-0.00717272103538202,0.005));
#9817=CARTESIAN_POINT('',(-0.023,-0.00697295622167731,0.00563513225147903));
#9818=CARTESIAN_POINT('',(-0.00245560105400354,0.0042532257886538,0.005));
#9819=CARTESIAN_POINT('',(0.0282130816000185,0.0219597979746447,0.005));
#9820=CARTESIAN_POINT('',(0.0282130816000185,0.0239798989873224,0.00702010101267767));
#9821=CARTESIAN_POINT('',(-0.0215,0.00122663388228195,0.0129686969516539));
#9822=CARTESIAN_POINT('',(-0.0215,-0.0052420630693719,0.0065));
#9823=CARTESIAN_POINT('',(-0.000668248855234301,0.00678515406174989,0.0065));
#9824=CARTESIAN_POINT('',(-0.023,-0.00610808847315634,0.0065));
#9825=CARTESIAN_POINT('',(-0.023,-0.00285404423657817,0.00975404423657817));
#9826=CARTESIAN_POINT('',(-0.000893459199990737,0.00717522982125814,0.00702010101267767));
#9827=CARTESIAN_POINT('',(-0.000668248855234301,0.00678515406174989,0.0065));
#9828=CARTESIAN_POINT('',(-0.0255840665648909,-0.0076,0.0065));
#9829=CARTESIAN_POINT('',(-0.03,-0.0101495403574837,0.0065));
#9830=CARTESIAN_POINT('',(-0.03,-0.00962943934480606,0.00702010101267767));
#9831=CARTESIAN_POINT('',(-0.03,-0.0116495403574837,0.005));
#9832=CARTESIAN_POINT('',(-0.00245560105400354,0.0042532257886538,0.005));
#9833=CARTESIAN_POINT('',(-0.0241250582547937,-0.00825764115941549,0.005));
#9834=CARTESIAN_POINT('',(-0.0252667705845631,-0.00254908156043919,0.0113677275199058));
#9835=CARTESIAN_POINT('',(-0.0242565865339069,-0.0076,0.00573357904676755));
#9836=CARTESIAN_POINT('',(-0.0281460166412227,-0.0076,0.00797914256622057));
#9837=CARTESIAN_POINT('',(-0.023,0.0004,0.0065));
#9838=CARTESIAN_POINT('',(-0.023,-0.00112199342900929,0.00802199342900929));
#9839=CARTESIAN_POINT('',(-0.023,-0.00264398685801858,0.0065));
#9840=CARTESIAN_POINT('',(-0.023,-0.00374398685801858,0.0054));
#9841=CARTESIAN_POINT('',(-0.023,-0.00697295622167731,0.0054));
#9842=CARTESIAN_POINT('',(-0.023,-0.00697295622167731,0.0054));
#9843=CARTESIAN_POINT('',(-0.023,-0.00697295622167731,0.0065));
#9844=CARTESIAN_POINT('',(-0.023,0.0004,0.0065));
#9845=CARTESIAN_POINT('',(0.,6.93889390390723E-18,0.005));
#9846=CARTESIAN_POINT('',(0.0113,-0.0305,0.005));
#9847=CARTESIAN_POINT('',(0.00975,-0.0305,0.005));
#9848=CARTESIAN_POINT('',(0.000599999999999993,-0.0305,0.005));
#9849=CARTESIAN_POINT('',(-0.000950000000000007,-0.0305,0.005));
#9850=CARTESIAN_POINT('',(-0.0101,-0.0305,0.005));
#9851=CARTESIAN_POINT('',(-0.01165,-0.0305,0.005));
#9852=CARTESIAN_POINT('',(-0.0208,-0.0305,0.005));
#9853=CARTESIAN_POINT('',(-0.02235,-0.0305,0.005));
#9854=CARTESIAN_POINT('',(-0.033,-0.0152,0.005));
#9855=CARTESIAN_POINT('',(-0.0216,-0.0152,0.005));
#9856=CARTESIAN_POINT('',(-0.0326,-0.0152,0.005));
#9857=CARTESIAN_POINT('',(-0.0326,-0.008,0.005));
#9858=CARTESIAN_POINT('',(-0.0326,-0.008,0.005));
#9859=CARTESIAN_POINT('',(0.,-0.008,0.005));
#9860=CARTESIAN_POINT('',(-0.03,-0.008,0.005));
#9861=CARTESIAN_POINT('',(-0.03,6.93889390390723E-18,0.005));
#9862=CARTESIAN_POINT('',(-0.03,-0.00818543874234596,0.005));
#9863=CARTESIAN_POINT('',(-0.00395560105400354,0.00685130200000713,0.005));
#9864=CARTESIAN_POINT('',(-0.0296788106765651,-0.008,0.005));
#9865=CARTESIAN_POINT('',(0.,-0.008,0.005));
#9866=CARTESIAN_POINT('',(-0.0241765865051799,-0.008,0.005));
#9867=CARTESIAN_POINT('',(-0.0242334185379499,-0.00771583993818841,0.005));
#9868=CARTESIAN_POINT('',(-0.03,6.93889390390723E-18,0.005));
#9869=CARTESIAN_POINT('',(-0.03,-0.0130402020253553,0.005));
#9870=CARTESIAN_POINT('',(0.,-0.0130402020253553,0.005));
#9871=CARTESIAN_POINT('',(-0.0294086966648921,-0.0130402020253553,0.005));
#9872=CARTESIAN_POINT('',(-0.00170560105400353,0.00295418768297714,0.005));
#9873=CARTESIAN_POINT('',(0.03,0.021259424986325,0.005));
#9874=CARTESIAN_POINT('',(0.03,6.93889390390723E-18,0.005));
#9875=CARTESIAN_POINT('',(0.03,0.0219597979746447,0.005));
#9876=CARTESIAN_POINT('',(0.,0.0219597979746447,0.005));
#9877=CARTESIAN_POINT('',(-0.0230462670682152,-0.00696069949775435,0.005));
#9878=CARTESIAN_POINT('',(-0.0226,-0.00707892121488547,0.005));
#9879=CARTESIAN_POINT('',(-0.0226,-0.00414398685801858,0.005));
#9880=CARTESIAN_POINT('',(-0.0226,-0.00391304675034273,0.005));
#9881=CARTESIAN_POINT('',(-0.00395560105400354,0.00685130200000713,0.005));
#9882=CARTESIAN_POINT('',(0.0222130816000185,0.0219597979746447,0.005));
#9883=CARTESIAN_POINT('',(0.,0.0219597979746447,0.005));
#9884=CARTESIAN_POINT('',(0.0192130816000181,0.0219597979746447,0.005));
#9885=CARTESIAN_POINT('',(-0.00470560105400363,0.00815034010568394,0.005));
#9886=CARTESIAN_POINT('',(-0.0226,-0.00218099594277364,0.005));
#9887=CARTESIAN_POINT('',(-0.0226,0.00105216556468828,0.005));
#9888=CARTESIAN_POINT('',(-0.0226,0.00128310567236413,0.005));
#9889=CARTESIAN_POINT('',(-0.00620560105400364,0.0107484163170373,0.005));
#9890=CARTESIAN_POINT('',(0.0132130816000181,0.0219597979746447,0.005));
#9891=CARTESIAN_POINT('',(0.,0.0219597979746447,0.005));
#9892=CARTESIAN_POINT('',(0.0102130816000181,0.0219597979746447,0.005));
#9893=CARTESIAN_POINT('',(-0.00695560105400364,0.0120474544227139,0.005));
#9894=CARTESIAN_POINT('',(-0.0226,0.00301515647993301,0.005));
#9895=CARTESIAN_POINT('',(-0.0226,0.00624831798739489,0.005));
#9896=CARTESIAN_POINT('',(-0.0226,0.00647925809507074,0.005));
#9897=CARTESIAN_POINT('',(-0.00845560105400364,0.0146455306340672,0.005));
#9898=CARTESIAN_POINT('',(0.00421308160001818,0.0219597979746447,0.005));
#9899=CARTESIAN_POINT('',(-2.53961180495493E-17,0.0219597979746447,0.005));
#9900=CARTESIAN_POINT('',(-0.0226,0.0084,0.005));
#9901=CARTESIAN_POINT('',(-0.0226,0.0088,0.005));
#9902=CARTESIAN_POINT('',(-0.0282731774324359,0.0088,0.005));
#9903=CARTESIAN_POINT('',(0.,0.0219597979746447,0.005));
#9904=CARTESIAN_POINT('',(-0.03,6.93889390390723E-18,0.005));
#9905=CARTESIAN_POINT('',(-0.03,0.0088,0.005));
#9906=CARTESIAN_POINT('',(-0.033,0.0088,0.005));
#9907=CARTESIAN_POINT('',(-0.0326,0.0088,0.005));
#9908=CARTESIAN_POINT('',(-0.0326,0.0158,0.005));
#9909=CARTESIAN_POINT('',(-0.0326,0.0159656854249492,0.005));
#9910=CARTESIAN_POINT('',(-0.0331171572875254,0.0164828427124746,0.005));
#9911=CARTESIAN_POINT('',(-0.0332343145750508,0.0166,0.005));
#9912=CARTESIAN_POINT('',(-0.03455,0.0166,0.005));
#9913=CARTESIAN_POINT('',(-0.03415,0.0166,0.005));
#9914=CARTESIAN_POINT('',(-0.03415,6.93889390390723E-18,0.005));
#9915=CARTESIAN_POINT('',(-0.03415,0.0258,0.005));
#9916=CARTESIAN_POINT('',(0.,0.0258,0.005));
#9917=CARTESIAN_POINT('',(-0.0332343145750508,0.0258,0.005));
#9918=CARTESIAN_POINT('',(-0.0327171572875254,0.0263171572875254,0.005));
#9919=CARTESIAN_POINT('',(-0.0326,0.0264343145750508,0.005));
#9920=CARTESIAN_POINT('',(-0.0326,0.0327,0.005));
#9921=CARTESIAN_POINT('',(-0.0326,0.0323,0.005));
#9922=CARTESIAN_POINT('',(-0.0308,0.0323,0.005));
#9923=CARTESIAN_POINT('',(-0.0312,0.0323,0.005));
#9924=CARTESIAN_POINT('',(-0.0312,6.93889390390723E-18,0.005));
#9925=CARTESIAN_POINT('',(-0.0312,0.0311908902300207,0.005));
#9926=CARTESIAN_POINT('',(-0.0293,0.029,0.005));
#9927=CARTESIAN_POINT('',(-0.0274,0.0311908902300207,0.005));
#9928=CARTESIAN_POINT('',(-0.0274,0.0327,0.005));
#9929=CARTESIAN_POINT('',(-0.0274,0.0323,0.005));
#9930=CARTESIAN_POINT('',(0.0182,0.0323,0.005));
#9931=CARTESIAN_POINT('',(0.0178,0.0323,0.005));
#9932=CARTESIAN_POINT('',(0.0178,6.93889390390723E-18,0.005));
#9933=CARTESIAN_POINT('',(0.0178,0.0311908902300207,0.005));
#9934=CARTESIAN_POINT('',(0.0197,0.029,0.005));
#9935=CARTESIAN_POINT('',(0.0216,0.0311908902300207,0.005));
#9936=CARTESIAN_POINT('',(0.0216,0.0327,0.005));
#9937=CARTESIAN_POINT('',(0.0216,0.0323,0.005));
#9938=CARTESIAN_POINT('',(0.0314,0.0323,0.005));
#9939=CARTESIAN_POINT('',(0.031,0.0323,0.005));
#9940=CARTESIAN_POINT('',(0.031,-6.21741869677315E-18,0.005));
#9941=CARTESIAN_POINT('',(0.031,0.0177343145750508,0.005));
#9942=CARTESIAN_POINT('',(0.0315171572875254,0.0172171572875253,0.005));
#9943=CARTESIAN_POINT('',(0.0316343145750508,0.0171,0.005));
#9944=CARTESIAN_POINT('',(0.034,0.0171,0.005));
#9945=CARTESIAN_POINT('',(0.034,0.0171,0.005));
#9946=CARTESIAN_POINT('',(0.034,-0.00321708423157987,0.005));
#9947=CARTESIAN_POINT('',(0.034,-0.0151,0.005));
#9948=CARTESIAN_POINT('',(-7.4840927106428E-18,-0.0151,0.005));
#9949=CARTESIAN_POINT('',(0.0316343145750508,-0.0151,0.005));
#9950=CARTESIAN_POINT('',(0.0311171572875254,-0.0156171572875254,0.005));
#9951=CARTESIAN_POINT('',(0.031,-0.0157343145750508,0.005));
#9952=CARTESIAN_POINT('',(0.031,-6.21741869677315E-18,0.005));
#9953=CARTESIAN_POINT('',(0.031,-0.0323,0.005));
#9954=CARTESIAN_POINT('',(-1.74011081596431E-17,-0.0323,0.005));
#9955=CARTESIAN_POINT('',(0.0216,-0.0323,0.005));
#9956=CARTESIAN_POINT('',(0.0216,6.93889390390723E-18,0.005));
#9957=CARTESIAN_POINT('',(0.0216,-0.0311908902300207,0.005));
#9958=CARTESIAN_POINT('',(0.0197,-0.029,0.005));
#9959=CARTESIAN_POINT('',(0.0178,-0.0311908902300207,0.005));
#9960=CARTESIAN_POINT('',(0.0178,-0.0327,0.005));
#9961=CARTESIAN_POINT('',(0.0178,-0.0323,0.005));
#9962=CARTESIAN_POINT('',(-1.74011081596431E-17,-0.0323,0.005));
#9963=CARTESIAN_POINT('',(-0.0274,-0.0323,0.005));
#9964=CARTESIAN_POINT('',(-0.0274,6.93889390390723E-18,0.005));
#9965=CARTESIAN_POINT('',(-0.0274,-0.0311908902300207,0.005));
#9966=CARTESIAN_POINT('',(-0.0293,-0.029,0.005));
#9967=CARTESIAN_POINT('',(-0.0312,-0.0311908902300207,0.005));
#9968=CARTESIAN_POINT('',(-0.0312,-0.0327,0.005));
#9969=CARTESIAN_POINT('',(-0.0312,-0.0323,0.005));
#9970=CARTESIAN_POINT('',(-1.74011081596431E-17,-0.0323,0.005));
#9971=CARTESIAN_POINT('',(-0.0326,-0.0323,0.005));
#9972=CARTESIAN_POINT('',(-0.0326,-0.024,0.005));
#9973=CARTESIAN_POINT('',(-0.0326,-0.024,0.005));
#9974=CARTESIAN_POINT('',(0.,-0.024,0.005));
#9975=CARTESIAN_POINT('',(-0.0216,-0.024,0.005));
#9976=CARTESIAN_POINT('',(-0.0216,6.93889390390723E-18,0.005));
#9977=CARTESIAN_POINT('',(0.03,6.93889390390723E-18,0.005));
#9978=CARTESIAN_POINT('',(0.03,0.0125991709484806,0.005));
#9979=CARTESIAN_POINT('',(0.03,0.0108671201409117,0.005));
#9980=CARTESIAN_POINT('',(0.00204439894599649,-0.00354100284540616,0.005));
#9981=CARTESIAN_POINT('',(-0.0144086966648921,-0.0130402020253553,0.005));
#9982=CARTESIAN_POINT('',(0.,-0.0130402020253553,0.005));
#9983=CARTESIAN_POINT('',(-0.0114086966648921,-0.0130402020253553,0.005));
#9984=CARTESIAN_POINT('',(0.0027943989459965,-0.00484004095108283,0.005));
#9985=CARTESIAN_POINT('',(0.03,6.70314778533934E-17,0.005));
#9986=CARTESIAN_POINT('',(0.03,0.0160632725636183,0.005));
#9987=CARTESIAN_POINT('',(0.000544398945996484,-0.000942926634052846,0.005));
#9988=CARTESIAN_POINT('',(0.,0.0219597979746447,0.005));
#9989=CARTESIAN_POINT('',(-0.03,6.93889390390723E-18,0.005));
#9990=CARTESIAN_POINT('',(0.03,6.93889390390723E-18,0.005));
#9991=CARTESIAN_POINT('',(0.03,-0.00298928631963938,0.005));
#9992=CARTESIAN_POINT('',(0.03,-0.00472133712720827,0.005));
#9993=CARTESIAN_POINT('',(0.00879439894599652,-0.0152323457964962,0.005));
#9994=CARTESIAN_POINT('',(0.012591303335108,-0.0130402020253553,0.005));
#9995=CARTESIAN_POINT('',(0.,-0.0130402020253553,0.005));
#9996=CARTESIAN_POINT('',(0.015591303335108,-0.0130402020253553,0.005));
#9997=CARTESIAN_POINT('',(0.00954439894599653,-0.0165313839021728,0.005));
#9998=CARTESIAN_POINT('',(0.03,6.93889390390723E-18,0.005));
#9999=CARTESIAN_POINT('',(0.03,-0.00818543874234603,0.005));
#10000=CARTESIAN_POINT('',(0.03,-0.00991748954991491,0.005));
#10001=CARTESIAN_POINT('',(0.0110443989459965,-0.0191294601135261,0.005));
#10002=CARTESIAN_POINT('',(0.021591303335108,-0.0130402020253553,0.005));
#10003=CARTESIAN_POINT('',(7.54038152828806E-18,-0.0130402020253553,0.005));
#10004=CARTESIAN_POINT('',(0.024591303335108,-0.0130402020253553,0.005));
#10005=CARTESIAN_POINT('',(0.0117943989459965,-0.0204284982192027,0.005));
#10006=CARTESIAN_POINT('',(0.03,6.93889390390723E-18,0.005));
#10007=CARTESIAN_POINT('',(0.03,0.00740301852577392,0.005));
#10008=CARTESIAN_POINT('',(0.03,0.00567096771820504,0.005));
#10009=CARTESIAN_POINT('',(0.0042943989459965,-0.00743811716243615,0.005));
#10010=CARTESIAN_POINT('',(-0.00540869666489204,-0.0130402020253553,0.005));
#10011=CARTESIAN_POINT('',(7.54038152828804E-18,-0.0130402020253553,0.005));
#10012=CARTESIAN_POINT('',(-0.00240869666489203,-0.0130402020253553,0.005));
#10013=CARTESIAN_POINT('',(0.0050443989459965,-0.00873715526811282,0.005));
#10014=CARTESIAN_POINT('',(0.03,6.93889390390723E-18,0.005));
#10015=CARTESIAN_POINT('',(0.03,0.00220686610306727,0.005));
#10016=CARTESIAN_POINT('',(0.03,0.000474815295498388,0.005));
#10017=CARTESIAN_POINT('',(0.00654439894599651,-0.0113352314794661,0.005));
#10018=CARTESIAN_POINT('',(0.00359130333510798,-0.0130402020253553,0.005));
#10019=CARTESIAN_POINT('',(7.54038152828804E-18,-0.0130402020253553,0.005));
#10020=CARTESIAN_POINT('',(0.00659130333510799,-0.0130402020253553,0.005));
#10021=CARTESIAN_POINT('',(0.00729439894599651,-0.0126342695851428,0.005));
#10022=CARTESIAN_POINT('',(-0.0159556010540037,0.0276359116908338,0.005));
#10023=CARTESIAN_POINT('',(-0.03,0.0195273741787563,0.005));
#10024=CARTESIAN_POINT('',(-0.03,6.93889390390723E-18,0.005));
#10025=CARTESIAN_POINT('',(-0.029,-0.0076,0.0065));
#10026=CARTESIAN_POINT('',(-0.035,-0.0076,0.0004));
#10027=CARTESIAN_POINT('',(-0.0334,-0.0076,0.0004));
#10028=CARTESIAN_POINT('',(-0.0346,-0.0076,0.0004));
#10029=CARTESIAN_POINT('',(-0.0346,-0.0076,0.0065));
#10030=CARTESIAN_POINT('',(-0.0346,-0.0076,0.0065));
#10031=CARTESIAN_POINT('',(-0.029,-0.0076,0.0065));
#10032=CARTESIAN_POINT('',(-0.0242565865339069,-0.0076,0.0065));
#10033=CARTESIAN_POINT('',(-0.0242565865339069,-0.0076,0.0054));
#10034=CARTESIAN_POINT('',(-0.029,-0.0076,0.0054));
#10035=CARTESIAN_POINT('',(-0.0296788106765651,-0.0076,0.0054));
#10036=CARTESIAN_POINT('',(-0.0296460166412227,-0.0076,0.00538106635486726));
#10037=CARTESIAN_POINT('',(-0.03,-0.0076,0.00558543874234595));
#10038=CARTESIAN_POINT('',(-0.03,-0.0076,0.0065));
#10039=CARTESIAN_POINT('',(-0.03,-0.0076,0.0054));
#10040=CARTESIAN_POINT('',(-0.029,-0.0076,0.0054));
#10041=CARTESIAN_POINT('',(-0.0334,-0.0076,0.0054));
#10042=CARTESIAN_POINT('',(-0.0334,-0.0076,0.0065));
#10043=CARTESIAN_POINT('',(-0.00839345919999093,0.0115053568401804,0.00702010101267767));
#10044=CARTESIAN_POINT('',(-0.0227958823103584,0.00136589527810762,0.0051958823103584));
#10045=CARTESIAN_POINT('',(-0.023,0.00145216556468828,0.0054));
#10046=CARTESIAN_POINT('',(-0.023,0.00147608278234414,0.00542391721765586));
#10047=CARTESIAN_POINT('',(-0.023,0.00255216556468828,0.0065));
#10048=CARTESIAN_POINT('',(-0.0081682488552345,0.0111152810806722,0.0065));
#10049=CARTESIAN_POINT('',(-0.0215,0.00341819096847272,0.0065));
#10050=CARTESIAN_POINT('',(-0.0215,0.00772182441066542,0.0108036334421927));
#10051=CARTESIAN_POINT('',(0.0132130816000181,0.0239798989873224,0.00702010101267767));
#10052=CARTESIAN_POINT('',(-0.00989345919999093,0.0123713822439649,0.00702010101267767));
#10053=CARTESIAN_POINT('',(-0.023,0.00234210818612858,0.00455789181387143));
#10054=CARTESIAN_POINT('',(-0.023,0.00318421637225715,0.0054));
#10055=CARTESIAN_POINT('',(-0.023,0.00428421637225716,0.0065));
#10056=CARTESIAN_POINT('',(-0.0224598684537487,0.00295592991963186,0.00485986845374871));
#10057=CARTESIAN_POINT('',(0.0102130816000181,0.0239798989873224,0.00702010101267767));
#10058=CARTESIAN_POINT('',(-0.0215,0.00902086251634207,0.0103706207403005));
#10059=CARTESIAN_POINT('',(-0.0215,0.0051502417760416,0.0065));
#10060=CARTESIAN_POINT('',(-0.00966824885523449,0.0119813064844566,0.0065));
#10061=CARTESIAN_POINT('',(-0.00539345919999093,0.00977330603261157,0.00702010101267767));
#10062=CARTESIAN_POINT('',(-0.023,-0.000255968025224746,0.00715596802522475));
#10063=CARTESIAN_POINT('',(-0.023,-0.0020119360504495,0.0054));
#10064=CARTESIAN_POINT('',(-0.023,-0.000911936050449494,0.0065));
#10065=CARTESIAN_POINT('',(-0.0234679100235778,-0.00181417400494086,0.00586791002357779));
#10066=CARTESIAN_POINT('',(0.0192130816000181,0.0239798989873224,0.00702010101267767));
#10067=CARTESIAN_POINT('',(-0.0215,0.00512374819931209,0.0116696588459771));
#10068=CARTESIAN_POINT('',(-0.0215,-4.59106466650542E-5,0.0065));
#10069=CARTESIAN_POINT('',(-0.00516824885523449,0.00938323027310332,0.0065));
#10070=CARTESIAN_POINT('',(-0.00389345919999074,0.00890728062882703,0.00702010101267767));
#10071=CARTESIAN_POINT('',(-0.0238039238801876,-0.0034042086464653,0.00620392388018752));
#10072=CARTESIAN_POINT('',(-0.00366824885523431,0.00851720486931878,0.0065));
#10073=CARTESIAN_POINT('',(-0.0215,-0.00177796145423413,0.0065));
#10074=CARTESIAN_POINT('',(-0.0215,0.00382471009363527,0.0121026715478694));
#10075=CARTESIAN_POINT('',(0.0222130816000185,0.0239798989873224,0.00702010101267767));
#10076=CARTESIAN_POINT('',(0.000295651667553951,0.00612971249316249,0.00702010101267767));
#10077=CARTESIAN_POINT('',(-0.0294086966648921,-0.0110201010126777,0.00702010101267767));
#10078=CARTESIAN_POINT('',(-0.0294086966648921,-0.0115402020253553,0.0065));
#10079=CARTESIAN_POINT('',(0.000520862012310387,0.00573963673365424,0.0065));
#10080=CARTESIAN_POINT('',(-0.0215,-0.00697411387694079,0.0065));
#10081=CARTESIAN_POINT('',(-0.0215,-0.000162150185550318,0.0133119636913905));
#10082=CARTESIAN_POINT('',(0.03,0.0232795259990027,0.00702010101267767));
#10083=CARTESIAN_POINT('',(0.,6.93889390390723E-18,0.0065));
#10084=CARTESIAN_POINT('',(-0.0285,-0.0236,0.0065));
#10085=CARTESIAN_POINT('',(-0.03415,-0.0236,0.0065));
#10086=CARTESIAN_POINT('',(-0.022,-0.0236,0.0065));
#10087=CARTESIAN_POINT('',(-0.03415,6.93889390390723E-18,0.0065));
#10088=CARTESIAN_POINT('',(-0.03415,-0.0156,0.0065));
#10089=CARTESIAN_POINT('',(-0.0285,-0.0156,0.0065));
#10090=CARTESIAN_POINT('',(-0.022,-0.0156,0.0065));
#10091=CARTESIAN_POINT('',(-0.022,-0.0196,0.0065));
#10092=CARTESIAN_POINT('',(-0.023,0.0004,0.0065));
#10093=CARTESIAN_POINT('',(-0.023,-0.0024119360504495,0.0054));
#10094=CARTESIAN_POINT('',(-0.023,0.0004,0.0065));
#10095=CARTESIAN_POINT('',(-0.023,0.0004,0.0065));
#10096=CARTESIAN_POINT('',(-0.023,0.00407415899369745,0.00282584100630255));
#10097=CARTESIAN_POINT('',(-0.023,0.00774831798739489,0.0065));
#10098=CARTESIAN_POINT('',(-0.023,0.00664831798739489,0.0054));
#10099=CARTESIAN_POINT('',(-0.023,0.00278421637225716,0.0054));
#10100=CARTESIAN_POINT('',(-0.023,0.0004,0.0065));
#10101=CARTESIAN_POINT('',(-0.033,0.,0.005));
#10102=CARTESIAN_POINT('',(-0.033,-0.008,0.005));
#10103=CARTESIAN_POINT('',(-0.033,-0.008,0.0004));
#10104=CARTESIAN_POINT('',(-0.033,-0.008,0.0046));
#10105=CARTESIAN_POINT('',(-0.033,-0.0152,0.0046));
#10106=CARTESIAN_POINT('',(-0.033,-0.0152,0.0046));
#10107=CARTESIAN_POINT('',(-0.033,-0.0152,0.));
#10108=CARTESIAN_POINT('',(-0.033,-0.0152,0.0004));
#10109=CARTESIAN_POINT('',(-0.033,-0.0076,0.0004));
#10110=CARTESIAN_POINT('',(-0.033,0.,0.005));
#10111=CARTESIAN_POINT('',(-0.033,-0.024,0.005));
#10112=CARTESIAN_POINT('',(-0.033,-0.024,0.0004));
#10113=CARTESIAN_POINT('',(-0.033,-0.024,0.0046));
#10114=CARTESIAN_POINT('',(-0.033,-0.0327,0.0046));
#10115=CARTESIAN_POINT('',(-0.033,-0.0327,0.0046));
#10116=CARTESIAN_POINT('',(-0.033,-0.0327,0.005));
#10117=CARTESIAN_POINT('',(-0.033,-0.0327,0.0004));
#10118=CARTESIAN_POINT('',(-0.033,-0.0236,0.0004));
#10119=CARTESIAN_POINT('',(-0.035,0.,0.009));
#10120=CARTESIAN_POINT('',(-0.035,0.0346,0.0004));
#10121=CARTESIAN_POINT('',(-0.035,0.0346,0.00554077250435517));
#10122=CARTESIAN_POINT('',(-0.035,0.0346,0.0002));
#10123=CARTESIAN_POINT('',(-0.035,0.0088,0.0002));
#10124=CARTESIAN_POINT('',(-0.035,0.0088,0.0002));
#10125=CARTESIAN_POINT('',(-0.035,0.0088,0.0065));
#10126=CARTESIAN_POINT('',(-0.035,0.0088,0.0069));
#10127=CARTESIAN_POINT('',(-0.035,0.,0.0069));
#10128=CARTESIAN_POINT('',(-0.035,-0.008,0.0069));
#10129=CARTESIAN_POINT('',(-0.035,-0.008,0.009));
#10130=CARTESIAN_POINT('',(-0.035,-0.008,0.0002));
#10131=CARTESIAN_POINT('',(-0.035,-0.0346,0.0002));
#10132=CARTESIAN_POINT('',(-0.035,-0.0346,0.0002));
#10133=CARTESIAN_POINT('',(-0.035,-0.0346,0.009));
#10134=CARTESIAN_POINT('',(-0.035,-0.0346,0.00554077250435519));
#10135=CARTESIAN_POINT('',(-0.035,-0.0307350530067338,0.0183058252748404));
#10136=CARTESIAN_POINT('',(-0.035,-0.0344124463003187,0.00616022029442919));
#10137=CARTESIAN_POINT('',(-0.035,-0.0225133337284187,0.0240088891522791));
#10138=CARTESIAN_POINT('',(-0.035,-0.0329446996944378,0.00836184020325051));
#10139=CARTESIAN_POINT('',(-0.035,-0.007069643631316,0.0222097499581997));
#10140=CARTESIAN_POINT('',(-0.035,-0.0324996940436267,0.0086));
#10141=CARTESIAN_POINT('',(-0.035,0.,0.0086));
#10142=CARTESIAN_POINT('',(-0.035,0.0324996940436267,0.0086));
#10143=CARTESIAN_POINT('',(-0.035,0.00706964363131601,0.0222097499581997));
#10144=CARTESIAN_POINT('',(-0.035,0.0329446996944378,0.0083618402032505));
#10145=CARTESIAN_POINT('',(-0.035,0.0225133337284187,0.0240088891522791));
#10146=CARTESIAN_POINT('',(-0.035,0.0344124463003187,0.00616022029442922));
#10147=CARTESIAN_POINT('',(-0.035,0.0307350530067338,0.0183058252748404));
#10148=CARTESIAN_POINT('',(-0.00248598035881277,0.,0.));
#10149=CARTESIAN_POINT('',(0.0197,0.029,0.));
#10150=CARTESIAN_POINT('',(0.02145,0.029,0.));
#10151=CARTESIAN_POINT('',(-0.0293,0.029,0.));
#10152=CARTESIAN_POINT('',(-0.02755,0.029,0.));
#10153=CARTESIAN_POINT('',(-0.00248598035881277,0.0088,0.));
#10154=CARTESIAN_POINT('',(-0.0334,0.0088,0.));
#10155=CARTESIAN_POINT('',(-0.0348,0.0088,0.));
#10156=CARTESIAN_POINT('',(-0.0348,0.0346,0.));
#10157=CARTESIAN_POINT('',(-0.0348,0.0346,0.));
#10158=CARTESIAN_POINT('',(-0.00248598035881278,0.0346,0.));
#10159=CARTESIAN_POINT('',(0.0346,0.0346,0.));
#10160=CARTESIAN_POINT('',(0.0346,0.,0.));
#10161=CARTESIAN_POINT('',(0.0346,0.0179,0.));
#10162=CARTESIAN_POINT('',(0.0314,0.0179,0.));
#10163=CARTESIAN_POINT('',(0.0318,0.0179,0.));
#10164=CARTESIAN_POINT('',(0.0318,-1.4550873400688E-17,0.));
#10165=CARTESIAN_POINT('',(0.0318,0.0331,0.));
#10166=CARTESIAN_POINT('',(0.0212,0.0331,0.));
#10167=CARTESIAN_POINT('',(0.0208,0.0331,0.));
#10168=CARTESIAN_POINT('',(0.0208,0.031,0.));
#10169=CARTESIAN_POINT('',(0.0208,0.0307888543819999,0.));
#10170=CARTESIAN_POINT('',(0.0197,0.029,0.));
#10171=CARTESIAN_POINT('',(0.0186,0.0307888543819999,0.));
#10172=CARTESIAN_POINT('',(0.0186,0.,0.));
#10173=CARTESIAN_POINT('',(0.0186,0.0331,0.));
#10174=CARTESIAN_POINT('',(-0.0278,0.0331,0.));
#10175=CARTESIAN_POINT('',(-0.0282,0.0331,0.));
#10176=CARTESIAN_POINT('',(-0.0282,0.031,0.));
#10177=CARTESIAN_POINT('',(-0.0282,0.0307888543819999,0.));
#10178=CARTESIAN_POINT('',(-0.0293,0.029,0.));
#10179=CARTESIAN_POINT('',(-0.0304,0.0307888543819999,0.));
#10180=CARTESIAN_POINT('',(-0.0304,0.,0.));
#10181=CARTESIAN_POINT('',(-0.0304,0.0331,0.));
#10182=CARTESIAN_POINT('',(-0.033,0.0331,0.));
#10183=CARTESIAN_POINT('',(-0.0334,0.0331,0.));
#10184=CARTESIAN_POINT('',(-0.0334,0.0262,0.));
#10185=CARTESIAN_POINT('',(-0.0334,0.0266,0.));
#10186=CARTESIAN_POINT('',(-0.00248598035881277,0.0266,0.));
#10187=CARTESIAN_POINT('',(-0.03455,0.0266,0.));
#10188=CARTESIAN_POINT('',(-0.03455,0.0212,0.));
#10189=CARTESIAN_POINT('',(-0.03455,0.0158,0.));
#10190=CARTESIAN_POINT('',(-0.033,0.0158,0.));
#10191=CARTESIAN_POINT('',(-0.0334,0.0158,0.));
#10192=CARTESIAN_POINT('',(-0.0334,0.0084,0.));
#10193=CARTESIAN_POINT('',(0.0314,-3.46944695195361E-17,0.005));
#10194=CARTESIAN_POINT('',(0.0314,0.0179,0.005));
#10195=CARTESIAN_POINT('',(0.0314,0.0179,0.0004));
#10196=CARTESIAN_POINT('',(0.0314,0.0179,0.0046));
#10197=CARTESIAN_POINT('',(0.0314,-3.46944695195361E-17,0.0046));
#10198=CARTESIAN_POINT('',(0.0314,0.0327,0.0046));
#10199=CARTESIAN_POINT('',(0.0314,0.0327,0.005));
#10200=CARTESIAN_POINT('',(0.0314,0.0327,0.0004));
#10201=CARTESIAN_POINT('',(0.0314,-3.46944695195361E-17,0.0004));
#10202=CARTESIAN_POINT('',(-0.033,0.,0.005));
#10203=CARTESIAN_POINT('',(-0.033,0.0158,0.005));
#10204=CARTESIAN_POINT('',(-0.033,0.0158,0.0004));
#10205=CARTESIAN_POINT('',(-0.033,0.0158,0.0046));
#10206=CARTESIAN_POINT('',(-0.033,0.0088,0.0046));
#10207=CARTESIAN_POINT('',(-0.033,0.0088,0.0046));
#10208=CARTESIAN_POINT('',(-0.033,0.0088,0.));
#10209=CARTESIAN_POINT('',(-0.033,0.0088,0.0004));
#10210=CARTESIAN_POINT('',(-0.033,0.0162,0.0004));
#10211=CARTESIAN_POINT('',(-0.00248598035881277,0.,0.009));
#10212=CARTESIAN_POINT('',(0.0113,-0.0305,0.009));
#10213=CARTESIAN_POINT('',(0.01285,-0.0305,0.009));
#10214=CARTESIAN_POINT('',(0.000599999999999993,-0.0305,0.009));
#10215=CARTESIAN_POINT('',(0.00214999999999999,-0.0305,0.009));
#10216=CARTESIAN_POINT('',(-0.0101,-0.0305,0.009));
#10217=CARTESIAN_POINT('',(-0.00855,-0.0305,0.009));
#10218=CARTESIAN_POINT('',(-0.0208,-0.0305,0.009));
#10219=CARTESIAN_POINT('',(-0.01925,-0.0305,0.009));
#10220=CARTESIAN_POINT('',(-0.0293,-0.029,0.009));
#10221=CARTESIAN_POINT('',(-0.0264,-0.029,0.009));
#10222=CARTESIAN_POINT('',(0.0197,-0.029,0.009));
#10223=CARTESIAN_POINT('',(0.0226,-0.029,0.009));
#10224=CARTESIAN_POINT('',(0.0197,0.029,0.009));
#10225=CARTESIAN_POINT('',(0.0226,0.029,0.009));
#10226=CARTESIAN_POINT('',(-0.0293,0.029,0.009));
#10227=CARTESIAN_POINT('',(-0.0264,0.029,0.009));
#10228=CARTESIAN_POINT('',(0.0300913700503496,0.0212996270116803,0.009));
#10229=CARTESIAN_POINT('',(0.0300913700503496,0.0222205868147487,0.009));
#10230=CARTESIAN_POINT('',(-0.0300913700503496,-0.0116093383321284,0.009));
#10231=CARTESIAN_POINT('',(-0.0300913700503496,-0.0114311507476177,0.009));
#10232=CARTESIAN_POINT('',(0.0281130816000186,0.0221732050807569,0.009));
#10233=CARTESIAN_POINT('',(0.028195149170643,0.0222205868147487,0.009));
#10234=CARTESIAN_POINT('',(0.03,0.0222205868147487,0.009));
#10235=CARTESIAN_POINT('',(0.0222130816000185,0.0222205868147487,0.009));
#10236=CARTESIAN_POINT('',(0.0191951491706426,0.0222205868147487,0.009));
#10237=CARTESIAN_POINT('',(-0.0300913700503496,-0.00641318590942155,0.009));
#10238=CARTESIAN_POINT('',(-0.0300913700503496,-0.00623499832491089,0.009));
#10239=CARTESIAN_POINT('',(0.0191130816000182,0.0221732050807569,0.009));
#10240=CARTESIAN_POINT('',(0.0300913700503496,0.010907322166267,0.009));
#10241=CARTESIAN_POINT('',(0.0300913700503496,0.012923065604677,0.009));
#10242=CARTESIAN_POINT('',(0.0300913700503496,0.0109600746894322,0.009));
#10243=CARTESIAN_POINT('',(0.00929565166755397,-0.00104633891686649,0.009));
#10244=CARTESIAN_POINT('',(-0.0114086966648921,-0.013,0.009));
#10245=CARTESIAN_POINT('',(-0.0129086966648921,-0.013,0.009));
#10246=CARTESIAN_POINT('',(-0.0148086966648921,-0.013,0.009));
#10247=CARTESIAN_POINT('',(0.0299,0.0128125780545928,0.009));
#10248=CARTESIAN_POINT('',(0.0300913700503496,0.0161034745889737,0.009));
#10249=CARTESIAN_POINT('',(0.0300913700503496,0.0181192180273836,0.009));
#10250=CARTESIAN_POINT('',(0.0300913700503496,0.0161562271121389,0.009));
#10251=CARTESIAN_POINT('',(0.00479565166755396,0.00155173729448683,0.009));
#10252=CARTESIAN_POINT('',(0.0299,0.0180087304772995,0.009));
#10253=CARTESIAN_POINT('',(-0.00478691839998184,0.0222205868147487,0.009));
#10254=CARTESIAN_POINT('',(-0.00780485082935735,0.0222205868147487,0.009));
#10255=CARTESIAN_POINT('',(-0.0300913700503496,0.00917527135869834,0.009));
#10256=CARTESIAN_POINT('',(-0.0300913700503496,0.009353458943209,0.009));
#10257=CARTESIAN_POINT('',(-0.00788691839998179,0.0221732050807569,0.009));
#10258=CARTESIAN_POINT('',(-0.0137869183999818,0.0222205868147487,0.009));
#10259=CARTESIAN_POINT('',(-0.0168048508293574,0.0222205868147487,0.009));
#10260=CARTESIAN_POINT('',(-0.0300913700503496,0.014371423781405,0.009));
#10261=CARTESIAN_POINT('',(-0.0300913700503496,0.0145496113659156,0.009));
#10262=CARTESIAN_POINT('',(-0.0168869183999818,0.0221732050807569,0.009));
#10263=CARTESIAN_POINT('',(0.0132130816000181,0.0222205868147487,0.009));
#10264=CARTESIAN_POINT('',(0.0101951491706426,0.0222205868147487,0.009));
#10265=CARTESIAN_POINT('',(-0.0300913700503496,-0.0012170334867149,0.009));
#10266=CARTESIAN_POINT('',(-0.0300913700503496,-0.00103884590220425,0.009));
#10267=CARTESIAN_POINT('',(0.0101130816000182,0.0221732050807569,0.009));
#10268=CARTESIAN_POINT('',(0.00421308160001818,0.0222205868147487,0.009));
#10269=CARTESIAN_POINT('',(0.00119514917064262,0.0222205868147487,0.009));
#10270=CARTESIAN_POINT('',(-0.0300913700503496,0.00397911893599171,0.009));
#10271=CARTESIAN_POINT('',(-0.0300913700503496,0.00415730652050237,0.009));
#10272=CARTESIAN_POINT('',(0.00111308160001818,0.0221732050807569,0.009));
#10273=CARTESIAN_POINT('',(0.0300913700503496,-0.00468113510185294,0.009));
#10274=CARTESIAN_POINT('',(0.0300913700503496,-0.00266539166344301,0.009));
#10275=CARTESIAN_POINT('',(0.0300913700503496,-0.00462838257868774,0.009));
#10276=CARTESIAN_POINT('',(0.022795651667554,-0.00884056755092647,0.009));
#10277=CARTESIAN_POINT('',(0.015591303335108,-0.013,0.009));
#10278=CARTESIAN_POINT('',(0.014091303335108,-0.013,0.009));
#10279=CARTESIAN_POINT('',(0.012191303335108,-0.013,0.009));
#10280=CARTESIAN_POINT('',(0.0299,-0.00277587921352716,0.009));
#10281=CARTESIAN_POINT('',(0.0300913700503496,-0.00987728752455958,0.009));
#10282=CARTESIAN_POINT('',(0.0300913700503496,-0.00786154408614965,0.009));
#10283=CARTESIAN_POINT('',(0.0300913700503496,-0.00982453500139439,0.009));
#10284=CARTESIAN_POINT('',(0.027295651667554,-0.0114386437622798,0.009));
#10285=CARTESIAN_POINT('',(0.024591303335108,-0.013,0.009));
#10286=CARTESIAN_POINT('',(0.023091303335108,-0.013,0.009));
#10287=CARTESIAN_POINT('',(0.021191303335108,-0.013,0.009));
#10288=CARTESIAN_POINT('',(0.0299,-0.00797203163623381,0.009));
#10289=CARTESIAN_POINT('',(0.0300913700503496,0.00571116974356037,0.009));
#10290=CARTESIAN_POINT('',(0.0300913700503496,0.0077269131819703,0.009));
#10291=CARTESIAN_POINT('',(0.0300913700503496,0.00576392226672557,0.009));
#10292=CARTESIAN_POINT('',(0.013795651667554,-0.00364441512821982,0.009));
#10293=CARTESIAN_POINT('',(-0.00240869666489203,-0.013,0.009));
#10294=CARTESIAN_POINT('',(-0.00390869666489203,-0.013,0.009));
#10295=CARTESIAN_POINT('',(-0.00580869666489205,-0.013,0.009));
#10296=CARTESIAN_POINT('',(0.0299,0.00761642563188614,0.009));
#10297=CARTESIAN_POINT('',(0.0300913700503496,0.000515017320853718,0.009));
#10298=CARTESIAN_POINT('',(0.0300913700503496,0.00253076075926364,0.009));
#10299=CARTESIAN_POINT('',(0.0300913700503496,0.000567769844018913,0.009));
#10300=CARTESIAN_POINT('',(0.018295651667554,-0.00624249133957314,0.009));
#10301=CARTESIAN_POINT('',(0.00659130333510799,-0.013,0.009));
#10302=CARTESIAN_POINT('',(0.00509130333510799,-0.013,0.009));
#10303=CARTESIAN_POINT('',(0.003191303335108,-0.013,0.009));
#10304=CARTESIAN_POINT('',(0.0299,0.00242027320917949,0.009));
#10305=CARTESIAN_POINT('',(-0.0227869183999817,0.0222205868147487,0.009));
#10306=CARTESIAN_POINT('',(-0.0258048508293574,0.0222205868147487,0.009));
#10307=CARTESIAN_POINT('',(-0.0300913700503496,0.0195675762041116,0.009));
#10308=CARTESIAN_POINT('',(-0.0300913700503496,0.0197457637886223,0.009));
#10309=CARTESIAN_POINT('',(-0.0258869183999818,0.0221732050807569,0.009));
#10310=CARTESIAN_POINT('',(-0.00248598035881278,0.0326,0.009));
#10311=CARTESIAN_POINT('',(0.0346,0.0326,0.009));
#10312=CARTESIAN_POINT('',(-0.0346,0.0326,0.009));
#10313=CARTESIAN_POINT('',(-0.0346,0.,0.009));
#10314=CARTESIAN_POINT('',(-0.0346,-0.0326,0.009));
#10315=CARTESIAN_POINT('',(-0.00248598035881277,-0.0326,0.009));
#10316=CARTESIAN_POINT('',(0.0346,-0.0326,0.009));
#10317=CARTESIAN_POINT('',(0.0346,0.033,0.009));
#10318=CARTESIAN_POINT('',(-0.0293,0.029,-2.00000000000027E-6));
#10319=CARTESIAN_POINT('',(-0.0293,0.029,0.0004));
#10320=CARTESIAN_POINT('',(-0.02795,0.029,0.0004));
#10321=CARTESIAN_POINT('',(-0.0293,0.029,0.006));
#10322=CARTESIAN_POINT('',(-0.02795,0.029,0.006));
#10323=CARTESIAN_POINT('',(0.0197,0.029,-2.00000000000027E-6));
#10324=CARTESIAN_POINT('',(0.0197,0.029,0.0004));
#10325=CARTESIAN_POINT('',(0.02105,0.029,0.0004));
#10326=CARTESIAN_POINT('',(0.0197,0.029,0.006));
#10327=CARTESIAN_POINT('',(0.02105,0.029,0.006));
#10328=CARTESIAN_POINT('',(0.0197,-0.029,-2.00000000000027E-6));
#10329=CARTESIAN_POINT('',(0.0197,-0.029,0.0004));
#10330=CARTESIAN_POINT('',(0.02105,-0.029,0.0004));
#10331=CARTESIAN_POINT('',(0.0197,-0.029,0.006));
#10332=CARTESIAN_POINT('',(0.02105,-0.029,0.006));
#10333=CARTESIAN_POINT('',(-0.0293,-0.029,-2.00000000000027E-6));
#10334=CARTESIAN_POINT('',(-0.0293,-0.029,0.0004));
#10335=CARTESIAN_POINT('',(-0.02795,-0.029,0.0004));
#10336=CARTESIAN_POINT('',(-0.0293,-0.029,0.006));
#10337=CARTESIAN_POINT('',(-0.02795,-0.029,0.006));
#10338=CARTESIAN_POINT('',(-0.000799999999999981,0.0327,0.005));
#10339=CARTESIAN_POINT('',(0.0182,0.0327,0.005));
#10340=CARTESIAN_POINT('',(0.0182,0.0327,0.0004));
#10341=CARTESIAN_POINT('',(0.0182,0.0327,0.0046));
#10342=CARTESIAN_POINT('',(-0.0278,0.0327,0.0046));
#10343=CARTESIAN_POINT('',(-0.0278,0.0327,0.0046));
#10344=CARTESIAN_POINT('',(-0.0278,0.0327,0.005));
#10345=CARTESIAN_POINT('',(-0.0278,0.0327,0.0004));
#10346=CARTESIAN_POINT('',(0.0182,0.0327,0.0004));
#10347=CARTESIAN_POINT('',(-0.000799999999999981,0.0327,0.005));
#10348=CARTESIAN_POINT('',(-0.0308,0.0327,0.005));
#10349=CARTESIAN_POINT('',(-0.0308,0.0327,0.0004));
#10350=CARTESIAN_POINT('',(-0.0308,0.0327,0.0046));
#10351=CARTESIAN_POINT('',(-0.033,0.0327,0.0046));
#10352=CARTESIAN_POINT('',(-0.033,0.0327,0.0046));
#10353=CARTESIAN_POINT('',(-0.033,0.0327,0.005));
#10354=CARTESIAN_POINT('',(-0.033,0.0327,0.0004));
#10355=CARTESIAN_POINT('',(-0.0308,0.0327,0.0004));
#10356=CARTESIAN_POINT('',(-0.000800000000000009,-0.0327,0.005));
#10357=CARTESIAN_POINT('',(-0.0278,-0.0327,0.005));
#10358=CARTESIAN_POINT('',(-0.0278,-0.0327,0.0046));
#10359=CARTESIAN_POINT('',(-0.0278,-0.0327,0.0004));
#10360=CARTESIAN_POINT('',(-0.000800000000000009,-0.0327,0.0046));
#10361=CARTESIAN_POINT('',(0.0182,-0.0327,0.0046));
#10362=CARTESIAN_POINT('',(0.0182,-0.0327,0.005));
#10363=CARTESIAN_POINT('',(0.0182,-0.0327,0.0004));
#10364=CARTESIAN_POINT('',(-0.000800000000000009,-0.0327,0.0004));
#10365=CARTESIAN_POINT('',(-0.000800000000000009,-0.0327,0.005));
#10366=CARTESIAN_POINT('',(0.0212,-0.0327,0.005));
#10367=CARTESIAN_POINT('',(0.0212,-0.0327,0.0046));
#10368=CARTESIAN_POINT('',(0.0212,-0.0327,0.0004));
#10369=CARTESIAN_POINT('',(-0.000800000000000009,-0.0327,0.0046));
#10370=CARTESIAN_POINT('',(0.0314,-0.0327,0.0046));
#10371=CARTESIAN_POINT('',(0.0314,-0.0327,0.005));
#10372=CARTESIAN_POINT('',(0.0314,-0.0327,0.0004));
#10373=CARTESIAN_POINT('',(-0.000800000000000009,-0.0327,0.0004));
#10374=CARTESIAN_POINT('',(-0.00248598035881277,0.,0.));
#10375=CARTESIAN_POINT('',(-0.0293,-0.029,0.));
#10376=CARTESIAN_POINT('',(-0.02755,-0.029,0.));
#10377=CARTESIAN_POINT('',(0.0197,-0.029,0.));
#10378=CARTESIAN_POINT('',(0.02145,-0.029,0.));
#10379=CARTESIAN_POINT('',(-0.035,-0.0346,0.));
#10380=CARTESIAN_POINT('',(0.0346,-0.0346,0.));
#10381=CARTESIAN_POINT('',(-0.0348,-0.0346,0.));
#10382=CARTESIAN_POINT('',(-0.0348,-0.008,0.));
#10383=CARTESIAN_POINT('',(-0.0348,-0.008,0.));
#10384=CARTESIAN_POINT('',(-0.033,-0.008,0.));
#10385=CARTESIAN_POINT('',(-0.0334,-0.008,0.));
#10386=CARTESIAN_POINT('',(-0.0334,-0.0156,0.));
#10387=CARTESIAN_POINT('',(-0.0334,-0.0152,0.));
#10388=CARTESIAN_POINT('',(-0.00248598035881277,-0.0152,0.));
#10389=CARTESIAN_POINT('',(-0.03455,-0.0152,0.));
#10390=CARTESIAN_POINT('',(-0.03455,-0.0196,0.));
#10391=CARTESIAN_POINT('',(-0.03455,-0.024,0.));
#10392=CARTESIAN_POINT('',(-0.033,-0.024,0.));
#10393=CARTESIAN_POINT('',(-0.0334,-0.024,0.));
#10394=CARTESIAN_POINT('',(-0.0334,-0.0327,0.));
#10395=CARTESIAN_POINT('',(-0.0334,-0.0331,0.));
#10396=CARTESIAN_POINT('',(-0.00248598035881279,-0.0331,0.));
#10397=CARTESIAN_POINT('',(-0.0304,-0.0331,0.));
#10398=CARTESIAN_POINT('',(-0.0304,-0.031,0.));
#10399=CARTESIAN_POINT('',(-0.0304,-0.0307888543819999,0.));
#10400=CARTESIAN_POINT('',(-0.0293,-0.029,0.));
#10401=CARTESIAN_POINT('',(-0.0282,-0.0307888543819999,0.));
#10402=CARTESIAN_POINT('',(-0.0282,0.,0.));
#10403=CARTESIAN_POINT('',(-0.0282,-0.0331,0.));
#10404=CARTESIAN_POINT('',(-0.00248598035881279,-0.0331,0.));
#10405=CARTESIAN_POINT('',(0.0186,-0.0331,0.));
#10406=CARTESIAN_POINT('',(0.0186,-0.031,0.));
#10407=CARTESIAN_POINT('',(0.0186,-0.0307888543819999,0.));
#10408=CARTESIAN_POINT('',(0.0197,-0.029,0.));
#10409=CARTESIAN_POINT('',(0.0208,-0.0307888543819999,0.));
#10410=CARTESIAN_POINT('',(0.0208,0.,0.));
#10411=CARTESIAN_POINT('',(0.0208,-0.0331,0.));
#10412=CARTESIAN_POINT('',(-0.00248598035881279,-0.0331,0.));
#10413=CARTESIAN_POINT('',(0.0318,-0.0331,0.));
#10414=CARTESIAN_POINT('',(0.0318,-1.4550873400688E-17,0.));
#10415=CARTESIAN_POINT('',(0.0318,-0.0159,0.));
#10416=CARTESIAN_POINT('',(-0.00248598035881278,-0.0159,0.));
#10417=CARTESIAN_POINT('',(0.0346,-0.0159,0.));
#10418=CARTESIAN_POINT('',(0.0346,0.,0.));
#10419=CARTESIAN_POINT('',(0.,-0.035,0.009));
#10420=CARTESIAN_POINT('',(1.51102292283488E-34,-0.035,0.0056));
#10421=CARTESIAN_POINT('',(0.0346,-0.035,0.0056));
#10422=CARTESIAN_POINT('',(-0.0346,-0.035,0.0056));
#10423=CARTESIAN_POINT('',(-0.0346,-0.035,0.009));
#10424=CARTESIAN_POINT('',(-0.0346,-0.035,0.0004));
#10425=CARTESIAN_POINT('',(0.035,-0.035,0.0004));
#10426=CARTESIAN_POINT('',(0.0346,-0.035,0.0004));
#10427=CARTESIAN_POINT('',(0.0346,-0.035,0.006));
#10428=CARTESIAN_POINT('',(0.035,6.93889390390723E-18,0.009));
#10429=CARTESIAN_POINT('',(0.035,0.0346,0.009));
#10430=CARTESIAN_POINT('',(0.035,0.0346,0.0004));
#10431=CARTESIAN_POINT('',(0.035,0.0346,0.0058788897449072));
#10432=CARTESIAN_POINT('',(0.035,0.0326671798822649,0.00877811992150991));
#10433=CARTESIAN_POINT('',(0.035,0.0327859264966048,0.0086));
#10434=CARTESIAN_POINT('',(0.035,-0.033,0.0086));
#10435=CARTESIAN_POINT('',(0.035,-0.0327859264966048,0.0086));
#10436=CARTESIAN_POINT('',(0.035,-0.0346671798822649,0.00577811992150991));
#10437=CARTESIAN_POINT('',(0.035,-0.0346,0.0058788897449072));
#10438=CARTESIAN_POINT('',(0.035,-0.0346,0.));
#10439=CARTESIAN_POINT('',(0.035,-0.0346,0.0004));
#10440=CARTESIAN_POINT('',(0.035,6.93889390390723E-18,0.0004));
#10441=CARTESIAN_POINT('',(0.035,-0.0159,0.0004));
#10442=CARTESIAN_POINT('',(0.035,-0.0159,0.009));
#10443=CARTESIAN_POINT('',(0.035,-0.0159,0.0034));
#10444=CARTESIAN_POINT('',(0.035,0.0175,0.0034));
#10445=CARTESIAN_POINT('',(0.035,0.0179,0.0034));
#10446=CARTESIAN_POINT('',(0.035,0.0179,0.));
#10447=CARTESIAN_POINT('',(0.035,0.0179,0.0004));
#10448=CARTESIAN_POINT('',(0.035,6.93889390390723E-18,0.0004));
#10449=CARTESIAN_POINT('',(0.,0.035,0.009));
#10450=CARTESIAN_POINT('',(0.,0.035,0.0004));
#10451=CARTESIAN_POINT('',(0.0346,0.035,0.0004));
#10452=CARTESIAN_POINT('',(-0.0346,0.035,0.0004));
#10453=CARTESIAN_POINT('',(-0.0346,0.035,0.0056));
#10454=CARTESIAN_POINT('',(-0.0346,0.035,0.0056));
#10455=CARTESIAN_POINT('',(0.035,0.035,0.0056));
#10456=CARTESIAN_POINT('',(0.0346,0.035,0.0056));
#10457=CARTESIAN_POINT('',(0.0346,0.035,0.009));
#10458=CARTESIAN_POINT('',(-0.000799999999999981,0.0327,0.005));
#10459=CARTESIAN_POINT('',(0.0212,0.0327,0.0046));
#10460=CARTESIAN_POINT('',(0.0212,0.0327,0.0046));
#10461=CARTESIAN_POINT('',(0.0212,0.0327,0.005));
#10462=CARTESIAN_POINT('',(0.0212,0.0327,0.0004));
#10463=CARTESIAN_POINT('',(0.0314,0.0327,0.0004));
#10464=CARTESIAN_POINT('',(0.0314,-3.46944695195361E-17,0.005));
#10465=CARTESIAN_POINT('',(0.0314,-3.46944695195361E-17,0.0046));
#10466=CARTESIAN_POINT('',(0.0314,-0.0159,0.0046));
#10467=CARTESIAN_POINT('',(0.0314,-0.0159,0.005));
#10468=CARTESIAN_POINT('',(0.0314,-0.0159,0.0004));
#10469=CARTESIAN_POINT('',(0.0314,-3.46944695195361E-17,0.0004));
#10470=CARTESIAN_POINT('',(-0.000800000000000009,-0.0327,0.005));
#10471=CARTESIAN_POINT('',(-0.000800000000000009,-0.0327,0.0046));
#10472=CARTESIAN_POINT('',(-0.0308,-0.0327,0.0046));
#10473=CARTESIAN_POINT('',(-0.0308,-0.0327,0.005));
#10474=CARTESIAN_POINT('',(-0.0308,-0.0327,0.0004));
#10475=CARTESIAN_POINT('',(-0.000800000000000009,-0.0327,0.0004));
#10476=CARTESIAN_POINT('',(-0.033,0.,0.005));
#10477=CARTESIAN_POINT('',(-0.033,0.0266,0.0046));
#10478=CARTESIAN_POINT('',(-0.033,0.0266,0.0046));
#10479=CARTESIAN_POINT('',(-0.033,0.0266,0.));
#10480=CARTESIAN_POINT('',(-0.033,0.0266,0.0004));
#10481=CARTESIAN_POINT('',(-0.033,0.0327,0.0004));
#10482=CARTESIAN_POINT('',(-0.0308,0.033,-2.00000000000027E-6));
#10483=CARTESIAN_POINT('',(-0.0308,0.031,-2.00000000000027E-6));
#10484=CARTESIAN_POINT('',(-0.0308,0.031,0.0004));
#10485=CARTESIAN_POINT('',(-0.0308,0.031,0.0046));
#10486=CARTESIAN_POINT('',(-0.0308,0.033,0.0046));
#10487=CARTESIAN_POINT('',(-0.0308,0.033,0.0004));
#10488=CARTESIAN_POINT('',(-0.0293,0.029,-2.00000000000027E-6));
#10489=CARTESIAN_POINT('',(-0.0278,0.031,-2.00000000000027E-6));
#10490=CARTESIAN_POINT('',(-0.0278,0.031,0.0004));
#10491=CARTESIAN_POINT('',(-0.0278,0.031,0.0046));
#10492=CARTESIAN_POINT('',(-0.0293,0.029,0.0046));
#10493=CARTESIAN_POINT('',(-0.0293,0.029,0.0004));
#10494=CARTESIAN_POINT('',(-0.0278,0.033,-2.00000000000027E-6));
#10495=CARTESIAN_POINT('',(-0.0278,0.031,0.0046));
#10496=CARTESIAN_POINT('',(-0.0278,0.0327,0.0004));
#10497=CARTESIAN_POINT('',(0.0182,0.033,-2.00000000000027E-6));
#10498=CARTESIAN_POINT('',(0.0182,0.031,-2.00000000000027E-6));
#10499=CARTESIAN_POINT('',(0.0182,0.031,0.0004));
#10500=CARTESIAN_POINT('',(0.0182,0.031,0.0046));
#10501=CARTESIAN_POINT('',(0.0182,0.033,0.0046));
#10502=CARTESIAN_POINT('',(0.0182,0.033,0.0004));
#10503=CARTESIAN_POINT('',(0.0212,0.033,-2.00000000000027E-6));
#10504=CARTESIAN_POINT('',(0.0212,0.031,0.0046));
#10505=CARTESIAN_POINT('',(0.0212,0.031,0.0046));
#10506=CARTESIAN_POINT('',(0.0212,0.031,-2.00000000000027E-6));
#10507=CARTESIAN_POINT('',(0.0212,0.031,0.0004));
#10508=CARTESIAN_POINT('',(0.0212,0.0327,0.0004));
#10509=CARTESIAN_POINT('',(0.0197,0.029,-2.00000000000027E-6));
#10510=CARTESIAN_POINT('',(0.0197,0.029,0.0046));
#10511=CARTESIAN_POINT('',(0.0197,0.029,0.0004));
#10512=CARTESIAN_POINT('',(0.0212,-0.033,-2.00000000000027E-6));
#10513=CARTESIAN_POINT('',(0.0212,-0.031,-2.00000000000027E-6));
#10514=CARTESIAN_POINT('',(0.0212,-0.031,0.0004));
#10515=CARTESIAN_POINT('',(0.0212,-0.031,0.0046));
#10516=CARTESIAN_POINT('',(0.0212,-0.033,0.0046));
#10517=CARTESIAN_POINT('',(0.0212,-0.033,0.0004));
#10518=CARTESIAN_POINT('',(0.0182,-0.033,-2.00000000000027E-6));
#10519=CARTESIAN_POINT('',(0.0182,-0.031,0.0046));
#10520=CARTESIAN_POINT('',(0.0182,-0.031,0.0046));
#10521=CARTESIAN_POINT('',(0.0182,-0.031,-2.00000000000027E-6));
#10522=CARTESIAN_POINT('',(0.0182,-0.031,0.0004));
#10523=CARTESIAN_POINT('',(0.0182,-0.0327,0.0004));
#10524=CARTESIAN_POINT('',(0.0197,-0.029,-2.00000000000027E-6));
#10525=CARTESIAN_POINT('',(0.0197,-0.029,0.0046));
#10526=CARTESIAN_POINT('',(0.0197,-0.029,0.0004));
#10527=CARTESIAN_POINT('',(-0.0278,-0.033,-2.00000000000027E-6));
#10528=CARTESIAN_POINT('',(-0.0278,-0.031,-2.00000000000027E-6));
#10529=CARTESIAN_POINT('',(-0.0278,-0.031,0.0004));
#10530=CARTESIAN_POINT('',(-0.0278,-0.031,0.0046));
#10531=CARTESIAN_POINT('',(-0.0278,-0.033,0.0046));
#10532=CARTESIAN_POINT('',(-0.0278,-0.033,0.0004));
#10533=CARTESIAN_POINT('',(-0.0308,-0.033,-2.00000000000027E-6));
#10534=CARTESIAN_POINT('',(-0.0308,-0.031,0.0046));
#10535=CARTESIAN_POINT('',(-0.0308,-0.031,0.0046));
#10536=CARTESIAN_POINT('',(-0.0308,-0.031,-2.00000000000027E-6));
#10537=CARTESIAN_POINT('',(-0.0308,-0.031,0.0004));
#10538=CARTESIAN_POINT('',(-0.0308,-0.0327,0.0004));
#10539=CARTESIAN_POINT('',(-0.0293,-0.029,-2.00000000000027E-6));
#10540=CARTESIAN_POINT('',(-0.0293,-0.029,0.0046));
#10541=CARTESIAN_POINT('',(-0.0293,-0.029,0.0004));
#10542=CARTESIAN_POINT('',(-0.0293,-0.029,0.007));
#10543=CARTESIAN_POINT('',(-0.0293,-0.029,0.0086));
#10544=CARTESIAN_POINT('',(-0.0268,-0.029,0.0086));
#10545=CARTESIAN_POINT('',(-0.0293,-0.029,0.007));
#10546=CARTESIAN_POINT('',(-0.0268,-0.029,0.007));
#10547=CARTESIAN_POINT('',(0.,0.,0.007));
#10548=CARTESIAN_POINT('',(-0.0293,-0.029,0.007));
#10549=CARTESIAN_POINT('',(-0.02695,-0.029,0.007));
#10550=CARTESIAN_POINT('',(0.0197,-0.029,0.007));
#10551=CARTESIAN_POINT('',(0.0197,-0.029,0.0086));
#10552=CARTESIAN_POINT('',(0.0222,-0.029,0.0086));
#10553=CARTESIAN_POINT('',(0.0197,-0.029,0.007));
#10554=CARTESIAN_POINT('',(0.0222,-0.029,0.007));
#10555=CARTESIAN_POINT('',(0.,0.,0.007));
#10556=CARTESIAN_POINT('',(0.0197,-0.029,0.007));
#10557=CARTESIAN_POINT('',(0.02205,-0.029,0.007));
#10558=CARTESIAN_POINT('',(0.0197,0.029,0.007));
#10559=CARTESIAN_POINT('',(0.0197,0.029,0.0086));
#10560=CARTESIAN_POINT('',(0.0222,0.029,0.0086));
#10561=CARTESIAN_POINT('',(0.0197,0.029,0.007));
#10562=CARTESIAN_POINT('',(0.0222,0.029,0.007));
#10563=CARTESIAN_POINT('',(0.,0.,0.007));
#10564=CARTESIAN_POINT('',(0.0197,0.029,0.007));
#10565=CARTESIAN_POINT('',(0.02205,0.029,0.007));
#10566=CARTESIAN_POINT('',(-0.0293,0.029,0.007));
#10567=CARTESIAN_POINT('',(-0.0293,0.029,0.0086));
#10568=CARTESIAN_POINT('',(-0.0268,0.029,0.0086));
#10569=CARTESIAN_POINT('',(-0.0293,0.029,0.007));
#10570=CARTESIAN_POINT('',(-0.0268,0.029,0.007));
#10571=CARTESIAN_POINT('',(0.,0.,0.007));
#10572=CARTESIAN_POINT('',(-0.0293,0.029,0.007));
#10573=CARTESIAN_POINT('',(-0.02695,0.029,0.007));
#10574=CARTESIAN_POINT('',(-0.0293,-0.029,0.007));
#10575=CARTESIAN_POINT('',(0.0197,-0.029,0.007));
#10576=CARTESIAN_POINT('',(0.0197,0.029,0.006));
#10577=CARTESIAN_POINT('',(-0.0293,0.029,0.006));
#10578=CARTESIAN_POINT('',(-0.031,0.0162,0.005002));
#10579=CARTESIAN_POINT('',(-0.03455,0.0162,0.005002));
#10580=CARTESIAN_POINT('',(-0.03455,0.0162,0.0046));
#10581=CARTESIAN_POINT('',(-0.03455,0.0162,0.0004));
#10582=CARTESIAN_POINT('',(-0.0334,0.0162,0.0046));
#10583=CARTESIAN_POINT('',(-0.0334,0.0162,0.0046));
#10584=CARTESIAN_POINT('',(-0.0334,0.0162,0.005002));
#10585=CARTESIAN_POINT('',(-0.0334,0.0162,0.0004));
#10586=CARTESIAN_POINT('',(-0.03455,0.0162,0.0004));
#10587=CARTESIAN_POINT('',(-0.031,0.0262,0.005002));
#10588=CARTESIAN_POINT('',(-0.0334,0.0262,0.005));
#10589=CARTESIAN_POINT('',(-0.0334,0.0262,0.0004));
#10590=CARTESIAN_POINT('',(-0.0334,0.0262,0.0046));
#10591=CARTESIAN_POINT('',(-0.031,0.0262,0.0046));
#10592=CARTESIAN_POINT('',(-0.03455,0.0262,0.0046));
#10593=CARTESIAN_POINT('',(-0.03455,0.0262,0.005002));
#10594=CARTESIAN_POINT('',(-0.03455,0.0262,0.0004));
#10595=CARTESIAN_POINT('',(-0.031,0.0262,0.0004));
#10596=CARTESIAN_POINT('',(0.0315,0.0175,0.005002));
#10597=CARTESIAN_POINT('',(0.034,0.0175,0.005002));
#10598=CARTESIAN_POINT('',(0.034,0.0175,0.0046));
#10599=CARTESIAN_POINT('',(0.034,0.0175,0.0034));
#10600=CARTESIAN_POINT('',(0.0318,0.0175,0.0046));
#10601=CARTESIAN_POINT('',(0.0318,0.0175,0.0046));
#10602=CARTESIAN_POINT('',(0.0318,0.0175,0.));
#10603=CARTESIAN_POINT('',(0.0318,0.0175,0.0004));
#10604=CARTESIAN_POINT('',(0.035,0.0175,0.0004));
#10605=CARTESIAN_POINT('',(0.0346,0.0175,0.0004));
#10606=CARTESIAN_POINT('',(0.0346,0.0175,0.003));
#10607=CARTESIAN_POINT('',(0.0346,0.0175,0.003));
#10608=CARTESIAN_POINT('',(0.034,0.0175,0.003));
#10609=CARTESIAN_POINT('',(0.0344,0.0175,0.003));
#10610=CARTESIAN_POINT('',(0.0344,0.0175,0.003));
#10611=CARTESIAN_POINT('',(0.0315,-0.0155,0.005002));
#10612=CARTESIAN_POINT('',(0.0318,-0.0155,0.005002));
#10613=CARTESIAN_POINT('',(0.0318,-0.0155,0.0004));
#10614=CARTESIAN_POINT('',(0.0318,-0.0155,0.0046));
#10615=CARTESIAN_POINT('',(0.0315,-0.0155,0.0046));
#10616=CARTESIAN_POINT('',(0.034,-0.0155,0.0046));
#10617=CARTESIAN_POINT('',(0.034,-0.0155,0.005002));
#10618=CARTESIAN_POINT('',(0.034,-0.0155,0.0034));
#10619=CARTESIAN_POINT('',(0.031949,-0.0155,0.005451));
#10620=CARTESIAN_POINT('',(0.0344,-0.0155,0.003));
#10621=CARTESIAN_POINT('',(0.0315,-0.0155,0.003));
#10622=CARTESIAN_POINT('',(0.0346,-0.0155,0.003));
#10623=CARTESIAN_POINT('',(0.0346,-0.0155,0.005002));
#10624=CARTESIAN_POINT('',(0.0346,-0.0155,0.0004));
#10625=CARTESIAN_POINT('',(0.0315,-0.0155,0.0004));
#10626=CARTESIAN_POINT('',(-0.0285,-0.0236,0.0065));
#10627=CARTESIAN_POINT('',(-0.03455,-0.0236,0.0065));
#10628=CARTESIAN_POINT('',(-0.03455,-0.0236,0.0061));
#10629=CARTESIAN_POINT('',(-0.03455,-0.0236,0.0004));
#10630=CARTESIAN_POINT('',(-0.031325,-0.0236,0.009325));
#10631=CARTESIAN_POINT('',(-0.022,-0.0236,0.0065));
#10632=CARTESIAN_POINT('',(-0.022,-0.0236,0.0054));
#10633=CARTESIAN_POINT('',(-0.0285,-0.0236,0.0054));
#10634=CARTESIAN_POINT('',(-0.0334,-0.0236,0.0054));
#10635=CARTESIAN_POINT('',(-0.0334,-0.0236,0.0065));
#10636=CARTESIAN_POINT('',(-0.0334,-0.0236,0.0004));
#10637=CARTESIAN_POINT('',(-0.03455,-0.0236,0.0004));
#10638=CARTESIAN_POINT('',(-0.0285,-0.0156,0.0065));
#10639=CARTESIAN_POINT('',(-0.03415,-0.0156,0.0065));
#10640=CARTESIAN_POINT('',(-0.03455,-0.0156,0.0061));
#10641=CARTESIAN_POINT('',(-0.03455,-0.0156,0.0065));
#10642=CARTESIAN_POINT('',(-0.03455,-0.0156,0.0004));
#10643=CARTESIAN_POINT('',(-0.0285,-0.0156,0.0004));
#10644=CARTESIAN_POINT('',(-0.0334,-0.0156,0.0004));
#10645=CARTESIAN_POINT('',(-0.0334,-0.0156,0.005));
#10646=CARTESIAN_POINT('',(-0.0334,-0.0156,0.0054));
#10647=CARTESIAN_POINT('',(-0.022,-0.0156,0.0054));
#10648=CARTESIAN_POINT('',(-0.022,-0.0156,0.0054));
#10649=CARTESIAN_POINT('',(-0.022,-0.0156,0.0065));
#10650=CARTESIAN_POINT('',(-0.022,-0.0196,0.0065));
#10651=CARTESIAN_POINT('',(-0.022,-0.0196,0.0054));
#10652=CARTESIAN_POINT('',(-0.023,0.0004,0.0065));
#10653=CARTESIAN_POINT('',(-0.023,0.0084,0.0065));
#10654=CARTESIAN_POINT('',(-0.023,0.0084,0.0054));
#10655=CARTESIAN_POINT('',(-0.023,0.00798036879496377,0.0054));
#10656=CARTESIAN_POINT('',(-0.029,0.0084,0.0065));
#10657=CARTESIAN_POINT('',(-0.029,0.0084,0.0065));
#10658=CARTESIAN_POINT('',(-0.0346,0.0084,0.0065));
#10659=CARTESIAN_POINT('',(-0.0346,0.0084,0.0004));
#10660=CARTESIAN_POINT('',(-0.0346,0.0084,0.0004));
#10661=CARTESIAN_POINT('',(-0.029,0.0084,0.0004));
#10662=CARTESIAN_POINT('',(-0.0334,0.0084,0.0004));
#10663=CARTESIAN_POINT('',(-0.0334,0.0084,0.005));
#10664=CARTESIAN_POINT('',(-0.0334,0.0084,0.0054));
#10665=CARTESIAN_POINT('',(-0.03,0.0084,0.0054));
#10666=CARTESIAN_POINT('',(-0.03,0.0084,0.0054));
#10667=CARTESIAN_POINT('',(-0.03,0.0084,0.0065));
#10668=CARTESIAN_POINT('',(-0.023,0.0084,0.0054));
#10669=CARTESIAN_POINT('',(0.,6.93889390390723E-18,0.0065));
#10670=CARTESIAN_POINT('',(-0.0215,0.0004,0.0065));
#10671=CARTESIAN_POINT('',(-0.029704348332446,-0.0115402020253553,0.0065));
#10672=CARTESIAN_POINT('',(-0.03,-0.0115402020253553,0.0065));
#10673=CARTESIAN_POINT('',(-0.03,-0.0123046691660642,0.0065));
#10674=CARTESIAN_POINT('',(-0.0346,6.93889390390723E-18,0.0065));
#10675=CARTESIAN_POINT('',(-0.0229258192007593,0.0047,0.0065));
#10676=CARTESIAN_POINT('',(-0.0215,0.0004,0.0065));
#10677=CARTESIAN_POINT('',(-0.0215,0.00861434339117933,0.0065));
#10678=CARTESIAN_POINT('',(-0.0126682488552345,0.0137133572920255,0.0065));
#10679=CARTESIAN_POINT('',(-0.0215,0.0004,0.0065));
#10680=CARTESIAN_POINT('',(-0.0215,0.0004,0.0065));
#10681=CARTESIAN_POINT('',(-0.00248598035881278,0.033,0.009));
#10682=CARTESIAN_POINT('',(-0.035,0.0347781199215099,0.00633282011773514));
#10683=CARTESIAN_POINT('',(0.0346,0.0347781199215099,0.00633282011773514));
#10684=CARTESIAN_POINT('',(-0.0346,0.0347781199215099,0.00633282011773514));
#10685=CARTESIAN_POINT('',(-0.0346,0.033,0.009));
#10686=CARTESIAN_POINT('',(-0.0346,0.0332218800784901,0.00866717988226486));
#10687=CARTESIAN_POINT('',(-0.00248598035881278,0.0332218800784901,0.00866717988226486));
#10688=CARTESIAN_POINT('',(0.0346,0.0332218800784901,0.00866717988226486));
#10689=CARTESIAN_POINT('',(0.0346,0.035,0.006));
#10690=CARTESIAN_POINT('',(0.,-0.035,0.006));
#10691=CARTESIAN_POINT('',(-3.52519585250889E-19,-0.0332218800784901,0.00866717988226486));
#10692=CARTESIAN_POINT('',(0.0346,-0.0332218800784901,0.00866717988226486));
#10693=CARTESIAN_POINT('',(-0.0346,-0.0332218800784901,0.00866717988226486));
#10694=CARTESIAN_POINT('',(-0.0346,-0.035,0.006));
#10695=CARTESIAN_POINT('',(-0.0346,-0.0347781199215099,0.00633282011773514));
#10696=CARTESIAN_POINT('',(-4.3988637829524E-20,-0.0347781199215099,0.00633282011773514));
#10697=CARTESIAN_POINT('',(0.0346,-0.0347781199215099,0.00633282011773514));
#10698=CARTESIAN_POINT('',(0.0346,-0.033,0.009));
#10699=CARTESIAN_POINT('',(-0.03,0.0187015508003272,0.009));
#10700=CARTESIAN_POINT('',(-0.03,0.021547475191434,0.00702010101267767));
#10701=CARTESIAN_POINT('',(-0.03,0.0210273741787563,0.0065));
#10702=CARTESIAN_POINT('',(-0.03,0.0187015508003272,0.0065));
#10703=CARTESIAN_POINT('',(0.016795651667554,-0.0053764659357887,0.009));
#10704=CARTESIAN_POINT('',(0.03,0.00224706812842261,0.009));
#10705=CARTESIAN_POINT('',(0.03,0.0023982539176263,0.00884881421079631));
#10706=CARTESIAN_POINT('',(0.03,0.00422696711574494,0.00702010101267767));
#10707=CARTESIAN_POINT('',(0.00352583796803718,-0.0128866106580972,0.00884881421079631));
#10708=CARTESIAN_POINT('',(0.00359130333510798,-0.0128488142107963,0.00884881421079631));
#10709=CARTESIAN_POINT('',(0.00359130333510798,-0.013,0.009));
#10710=CARTESIAN_POINT('',(0.00359130333510798,-0.0110201010126777,0.00702010101267767));
#10711=CARTESIAN_POINT('',(0.016795651667554,-0.00339656694846637,0.00702010101267767));
#10712=CARTESIAN_POINT('',(0.00509130333510799,-0.013,0.009));
#10713=CARTESIAN_POINT('',(0.00466908111288576,-0.0124414525009975,0.00844145250099748));
#10714=CARTESIAN_POINT('',(0.00659130333510799,-0.013,0.009));
#10715=CARTESIAN_POINT('',(0.00659130333510799,-0.0110201010126777,0.00702010101267767));
#10716=CARTESIAN_POINT('',(0.00509130333510799,-0.0110201010126777,0.00702010101267767));
#10717=CARTESIAN_POINT('',(0.018295651667554,-0.00624249133957314,0.009));
#10718=CARTESIAN_POINT('',(0.025998269392242,0.00229771773534801,0.00490689934189224));
#10719=CARTESIAN_POINT('',(0.03,0.00060638737120329,0.00890862994965043));
#10720=CARTESIAN_POINT('',(0.03,0.000515017320853718,0.009));
#10721=CARTESIAN_POINT('',(0.03,0.00249491630817605,0.00702010101267767));
#10722=CARTESIAN_POINT('',(0.018295651667554,-0.00426259235225081,0.00702010101267767));
#10723=CARTESIAN_POINT('',(0.03,0.00138104272463816,0.009));
#10724=CARTESIAN_POINT('',(0.03,0.00224706812842261,0.00890862994965043));
#10725=CARTESIAN_POINT('',(0.03,0.00242980822912174,0.00890862994965043));
#10726=CARTESIAN_POINT('',(0.03,0.00223919825279214,0.00854730130621719));
#10727=CARTESIAN_POINT('',(0.03,0.00422696711574494,0.00702010101267767));
#10728=CARTESIAN_POINT('',(0.03,0.00249491630817605,0.00702010101267767));
#10729=CARTESIAN_POINT('',(0.012295651667554,-0.00277838972443538,0.009));
#10730=CARTESIAN_POINT('',(0.03,0.00744322055112925,0.009));
#10731=CARTESIAN_POINT('',(0.03,0.00759440634033294,0.00884881421079631));
#10732=CARTESIAN_POINT('',(0.03,0.00942311953845159,0.00702010101267767));
#10733=CARTESIAN_POINT('',(-0.00547416203196284,-0.0128866106580972,0.00884881421079631));
#10734=CARTESIAN_POINT('',(-0.00540869666489204,-0.0128488142107963,0.00884881421079631));
#10735=CARTESIAN_POINT('',(-0.00540869666489204,-0.013,0.009));
#10736=CARTESIAN_POINT('',(-0.00540869666489204,-0.0110201010126777,0.00702010101267767));
#10737=CARTESIAN_POINT('',(0.012295651667554,-0.000798490737113043,0.00702010101267767));
#10738=CARTESIAN_POINT('',(-0.00390869666489203,-0.013,0.009));
#10739=CARTESIAN_POINT('',(-0.00433091888711427,-0.0124414525009975,0.00844145250099748));
#10740=CARTESIAN_POINT('',(-0.00240869666489203,-0.013,0.009));
#10741=CARTESIAN_POINT('',(-0.00240869666489203,-0.0110201010126777,0.00702010101267767));
#10742=CARTESIAN_POINT('',(-0.00390869666489203,-0.0110201010126777,0.00702010101267767));
#10743=CARTESIAN_POINT('',(0.013795651667554,-0.00364441512821982,0.009));
#10744=CARTESIAN_POINT('',(0.0244367745884696,0.00815383551653037,0.00334540453812036));
#10745=CARTESIAN_POINT('',(0.03,0.00580253979390994,0.00890862994965043));
#10746=CARTESIAN_POINT('',(0.03,0.00571116974356037,0.009));
#10747=CARTESIAN_POINT('',(0.03,0.0076910687308827,0.00702010101267767));
#10748=CARTESIAN_POINT('',(0.013795651667554,-0.00166451614089749,0.00702010101267767));
#10749=CARTESIAN_POINT('',(0.03,0.00657719514734481,0.009));
#10750=CARTESIAN_POINT('',(0.03,0.00744322055112925,0.00890862994965043));
#10751=CARTESIAN_POINT('',(0.03,0.0076259606518284,0.00890862994965043));
#10752=CARTESIAN_POINT('',(0.03,0.00743535067549879,0.00854730130621718));
#10753=CARTESIAN_POINT('',(0.03,0.00942311953845159,0.00702010101267767));
#10754=CARTESIAN_POINT('',(0.03,0.0076910687308827,0.00702010101267767));
#10755=CARTESIAN_POINT('',(0.025795651667554,-0.0105726183584953,0.009));
#10756=CARTESIAN_POINT('',(0.03,-0.0081452367169907,0.009));
#10757=CARTESIAN_POINT('',(0.03,-0.00799405092778701,0.00884881421079631));
#10758=CARTESIAN_POINT('',(0.03,-0.00616533772966836,0.00702010101267767));
#10759=CARTESIAN_POINT('',(0.0215258379680373,-0.0128866106580972,0.00884881421079631));
#10760=CARTESIAN_POINT('',(0.021591303335108,-0.0128488142107963,0.00884881421079631));
#10761=CARTESIAN_POINT('',(0.021591303335108,-0.013,0.009));
#10762=CARTESIAN_POINT('',(0.021591303335108,-0.0110201010126777,0.00702010101267767));
#10763=CARTESIAN_POINT('',(0.025795651667554,-0.00859271937117302,0.00702010101267767));
#10764=CARTESIAN_POINT('',(0.023091303335108,-0.013,0.009));
#10765=CARTESIAN_POINT('',(0.0226690811128858,-0.0124414525009975,0.00844145250099747));
#10766=CARTESIAN_POINT('',(0.024591303335108,-0.013,0.009));
#10767=CARTESIAN_POINT('',(0.024591303335108,-0.0110201010126777,0.00702010101267767));
#10768=CARTESIAN_POINT('',(0.023091303335108,-0.0110201010126777,0.00702010101267767));
#10769=CARTESIAN_POINT('',(0.027295651667554,-0.0114386437622798,0.009));
#10770=CARTESIAN_POINT('',(0.0291212589997843,-0.00941451782701684,0.00802988894943475));
#10771=CARTESIAN_POINT('',(0.03,-0.00978591747421001,0.00890862994965043));
#10772=CARTESIAN_POINT('',(0.03,-0.00987728752455958,0.009));
#10773=CARTESIAN_POINT('',(0.03,-0.00789738853723725,0.00702010101267767));
#10774=CARTESIAN_POINT('',(0.027295651667554,-0.00945874477495746,0.00702010101267767));
#10775=CARTESIAN_POINT('',(0.03,-0.00901126212077514,0.009));
#10776=CARTESIAN_POINT('',(0.03,-0.00814523671699069,0.00890862994965043));
#10777=CARTESIAN_POINT('',(0.03,-0.00796249661629155,0.00890862994965043));
#10778=CARTESIAN_POINT('',(0.03,-0.00815310659262116,0.00854730130621718));
#10779=CARTESIAN_POINT('',(0.03,-0.00616533772966836,0.00702010101267767));
#10780=CARTESIAN_POINT('',(0.03,-0.00789738853723725,0.00702010101267767));
#10781=CARTESIAN_POINT('',(0.021295651667554,-0.00797454214714202,0.009));
#10782=CARTESIAN_POINT('',(0.03,-0.00294908429428404,0.009));
#10783=CARTESIAN_POINT('',(0.03,-0.00279789850508035,0.00884881421079631));
#10784=CARTESIAN_POINT('',(0.03,-0.000969185306961711,0.00702010101267767));
#10785=CARTESIAN_POINT('',(0.0125258379680372,-0.0128866106580972,0.00884881421079631));
#10786=CARTESIAN_POINT('',(0.012591303335108,-0.0128488142107963,0.00884881421079631));
#10787=CARTESIAN_POINT('',(0.012591303335108,-0.013,0.009));
#10788=CARTESIAN_POINT('',(0.012591303335108,-0.0110201010126777,0.00702010101267767));
#10789=CARTESIAN_POINT('',(0.021295651667554,-0.00599464315981969,0.00702010101267767));
#10790=CARTESIAN_POINT('',(0.014091303335108,-0.013,0.009));
#10791=CARTESIAN_POINT('',(0.0136690811128858,-0.0124414525009975,0.00844145250099748));
#10792=CARTESIAN_POINT('',(0.015591303335108,-0.013,0.009));
#10793=CARTESIAN_POINT('',(0.015591303335108,-0.0110201010126777,0.00702010101267767));
#10794=CARTESIAN_POINT('',(0.014091303335108,-0.0110201010126777,0.00702010101267767));
#10795=CARTESIAN_POINT('',(0.022795651667554,-0.00884056755092647,0.009));
#10796=CARTESIAN_POINT('',(0.0275597641960132,-0.00355840004583442,0.00646839414566355));
#10797=CARTESIAN_POINT('',(0.03,-0.00458976505150337,0.00890862994965043));
#10798=CARTESIAN_POINT('',(0.03,-0.00468113510185294,0.009));
#10799=CARTESIAN_POINT('',(0.03,-0.00270123611453061,0.00702010101267767));
#10800=CARTESIAN_POINT('',(0.022795651667554,-0.00686066856360414,0.00702010101267767));
#10801=CARTESIAN_POINT('',(0.03,-0.00381510969806849,0.009));
#10802=CARTESIAN_POINT('',(0.03,-0.00294908429428404,0.00890862994965043));
#10803=CARTESIAN_POINT('',(0.03,-0.00276634419358491,0.00890862994965043));
#10804=CARTESIAN_POINT('',(0.03,-0.00295695416991452,0.00854730130621718));
#10805=CARTESIAN_POINT('',(0.03,-0.000969185306961711,0.00702010101267767));
#10806=CARTESIAN_POINT('',(0.03,-0.00270123611453061,0.00702010101267767));
#10807=CARTESIAN_POINT('',(0.00271308160001818,0.022,0.009));
#10808=CARTESIAN_POINT('',(0.00121308160001818,0.0221559784325491,0.00884402156745089));
#10809=CARTESIAN_POINT('',(0.00271308160001818,0.0239798989873224,0.00702010101267767));
#10810=CARTESIAN_POINT('',(0.0117130816000181,0.022,0.009));
#10811=CARTESIAN_POINT('',(0.0102130816000181,0.0221559784325491,0.00884402156745089));
#10812=CARTESIAN_POINT('',(0.0117130816000181,0.0239798989873224,0.00702010101267767));
#10813=CARTESIAN_POINT('',(-0.0152869183999818,0.022,0.009));
#10814=CARTESIAN_POINT('',(-0.0167869183999818,0.0221559784325491,0.00884402156745089));
#10815=CARTESIAN_POINT('',(-0.0152869183999818,0.0239798989873224,0.00702010101267767));
#10816=CARTESIAN_POINT('',(-0.03,0.0135053983776205,0.009));
#10817=CARTESIAN_POINT('',(-0.03,0.0135053983776205,0.0065));
#10818=CARTESIAN_POINT('',(-0.03,0.00830924595491392,0.009));
#10819=CARTESIAN_POINT('',(-0.03,0.00830924595491392,0.0065));
#10820=CARTESIAN_POINT('',(-0.03,0.0084,0.0054));
#10821=CARTESIAN_POINT('',(-0.00628691839998181,0.022,0.009));
#10822=CARTESIAN_POINT('',(-0.00778691839998179,0.0221559784325491,0.00884402156745089));
#10823=CARTESIAN_POINT('',(-0.00628691839998181,0.0239798989873224,0.00702010101267767));
#10824=CARTESIAN_POINT('',(0.00479565166755396,0.00155173729448683,0.009));
#10825=CARTESIAN_POINT('',(0.0213137849809271,0.0198660710788952,0.000222414930577708));
#10826=CARTESIAN_POINT('',(0.03,0.0161948446393233,0.00890862994965043));
#10827=CARTESIAN_POINT('',(0.03,0.0161034745889737,0.009));
#10828=CARTESIAN_POINT('',(0.03,0.018083373576296,0.00702010101267767));
#10829=CARTESIAN_POINT('',(0.00479565166755396,0.00353163628180916,0.00702010101267767));
#10830=CARTESIAN_POINT('',(0.03,0.0169694999927581,0.009));
#10831=CARTESIAN_POINT('',(0.03,0.0178355253965426,0.00890862994965043));
#10832=CARTESIAN_POINT('',(0.03,0.0180182654972417,0.00890862994965043));
#10833=CARTESIAN_POINT('',(0.03,0.0178276555209121,0.00854730130621717));
#10834=CARTESIAN_POINT('',(0.03,0.018083373576296,0.00702010101267767));
#10835=CARTESIAN_POINT('',(0.00779565166755396,-0.000180313513082049,0.009));
#10836=CARTESIAN_POINT('',(0.03,0.0126393729738359,0.009));
#10837=CARTESIAN_POINT('',(0.03,0.0127905587630396,0.00884881421079631));
#10838=CARTESIAN_POINT('',(0.03,0.0146192719611582,0.00702010101267767));
#10839=CARTESIAN_POINT('',(-0.0144741620319629,-0.0128866106580972,0.00884881421079631));
#10840=CARTESIAN_POINT('',(-0.0144086966648921,-0.0128488142107963,0.00884881421079631));
#10841=CARTESIAN_POINT('',(-0.0144086966648921,-0.013,0.009));
#10842=CARTESIAN_POINT('',(-0.0144086966648921,-0.0110201010126777,0.00702010101267767));
#10843=CARTESIAN_POINT('',(0.00779565166755396,0.00179958547424029,0.00702010101267767));
#10844=CARTESIAN_POINT('',(-0.0129086966648921,-0.013,0.009));
#10845=CARTESIAN_POINT('',(-0.0133309188871143,-0.0124414525009975,0.00844145250099747));
#10846=CARTESIAN_POINT('',(-0.0114086966648921,-0.013,0.009));
#10847=CARTESIAN_POINT('',(-0.0114086966648921,-0.0110201010126777,0.00702010101267767));
#10848=CARTESIAN_POINT('',(-0.0129086966648921,-0.0110201010126777,0.00702010101267767));
#10849=CARTESIAN_POINT('',(0.00929565166755397,-0.00104633891686649,0.009));
#10850=CARTESIAN_POINT('',(0.0228752797846981,0.0140099532977128,0.0017839097343489));
#10851=CARTESIAN_POINT('',(0.03,0.0109986922166166,0.00890862994965043));
#10852=CARTESIAN_POINT('',(0.03,0.010907322166267,0.009));
#10853=CARTESIAN_POINT('',(0.03,0.0128872211535894,0.00702010101267767));
#10854=CARTESIAN_POINT('',(0.00929565166755397,0.000933560070455841,0.00702010101267767));
#10855=CARTESIAN_POINT('',(0.03,0.0117733475700515,0.009));
#10856=CARTESIAN_POINT('',(0.03,0.0126393729738359,0.00890862994965043));
#10857=CARTESIAN_POINT('',(0.03,0.0128221130745351,0.00890862994965043));
#10858=CARTESIAN_POINT('',(0.03,0.0126315030982054,0.00854730130621717));
#10859=CARTESIAN_POINT('',(0.03,0.0146192719611582,0.00702010101267767));
#10860=CARTESIAN_POINT('',(0.03,0.0128872211535894,0.00702010101267767));
#10861=CARTESIAN_POINT('',(0.0207130816000183,0.022,0.009));
#10862=CARTESIAN_POINT('',(0.0192130816000181,0.0221559784325492,0.00884402156745089));
#10863=CARTESIAN_POINT('',(0.0207130816000183,0.0239798989873224,0.00702010101267767));
#10864=CARTESIAN_POINT('',(-0.03,-0.0123046691660642,0.009));
#10865=CARTESIAN_POINT('',(-0.03,-0.0110201010126777,0.00702010101267767));
#10866=CARTESIAN_POINT('',(0.03,0.0216498135058402,0.009));
#10867=CARTESIAN_POINT('',(0.03,0.022,0.00890862994965043));
#10868=CARTESIAN_POINT('',(0.03,0.0221827401006991,0.00890862994965043));
#10869=CARTESIAN_POINT('',(0.03,0.0221369989989192,0.00879820116137526));
#10870=CARTESIAN_POINT('',(0.03,0.0221559784325492,0.00884402156745089));
#10871=CARTESIAN_POINT('',(0.03,0.022,0.009));
#10872=CARTESIAN_POINT('',(0.03,0.0239798989873224,0.00702010101267767));
#10873=CARTESIAN_POINT('',(0.03,0.0239798989873224,0.00702010101267767));
#10874=CARTESIAN_POINT('',(0.0291065408000093,0.022,0.009));
#10875=CARTESIAN_POINT('',(0.0282130816000185,0.0221559784325492,0.00884402156745089));
#10876=CARTESIAN_POINT('',(0.0291065408000093,0.0239798989873224,0.00702010101267767));
#10877=CARTESIAN_POINT('',(-0.0128934591999909,0.0141034330515338,0.00702010101267767));
#10878=CARTESIAN_POINT('',(-0.0217878407405294,0.00613599920268032,0.00418784074052933));
#10879=CARTESIAN_POINT('',(-0.0215,0.0116189387276954,0.00950459533651605));
#10880=CARTESIAN_POINT('',(0.00421308160001818,0.0239798989873224,0.00702010101267767));
#10881=CARTESIAN_POINT('',(0.00271308160001818,0.0239798989873224,0.00702010101267767));
#10882=CARTESIAN_POINT('',(0.0117130816000181,0.0239798989873224,0.00702010101267767));
#10883=CARTESIAN_POINT('',(0.0207130816000183,0.0239798989873224,0.00702010101267767));
#10884=CARTESIAN_POINT('',(-0.029704348332446,-0.0110201010126777,0.00702010101267767));
#10885=CARTESIAN_POINT('',(0.0291065408000093,0.0239798989873224,0.00702010101267767));
#10886=CARTESIAN_POINT('',(-0.00628691839998181,0.0239798989873224,0.00702010101267767));
#10887=CARTESIAN_POINT('',(-0.00389345919999074,0.00890728062882703,0.00702010101267767));
#10888=CARTESIAN_POINT('',(-0.0296788106765652,-0.008,0.005));
#10889=CARTESIAN_POINT('',(-0.03,-0.00616533772966829,0.00702010101267767));
#10890=CARTESIAN_POINT('',(-0.03,-0.00529931232588375,0.00702010101267767));
#10891=CARTESIAN_POINT('',(-0.03,-0.008,0.005));
#10892=CARTESIAN_POINT('',(-0.0278934591999909,0.0227636870893782,0.00702010101267767));
#10893=CARTESIAN_POINT('',(-0.0276682488552344,0.0223736113298699,0.0065));
#10894=CARTESIAN_POINT('',(0.016795651667554,-0.00339656694846637,0.00702010101267767));
#10895=CARTESIAN_POINT('',(0.00359130333510798,-0.0110201010126777,0.00702010101267767));
#10896=CARTESIAN_POINT('',(0.00509130333510799,-0.0110201010126777,0.00702010101267767));
#10897=CARTESIAN_POINT('',(0.00659130333510799,-0.0110201010126777,0.00702010101267767));
#10898=CARTESIAN_POINT('',(0.018295651667554,-0.00426259235225081,0.00702010101267767));
#10899=CARTESIAN_POINT('',(0.012295651667554,-0.000798490737113043,0.00702010101267767));
#10900=CARTESIAN_POINT('',(-0.00540869666489204,-0.0110201010126777,0.00702010101267767));
#10901=CARTESIAN_POINT('',(-0.00390869666489203,-0.0110201010126777,0.00702010101267767));
#10902=CARTESIAN_POINT('',(-0.00240869666489203,-0.0110201010126777,0.00702010101267767));
#10903=CARTESIAN_POINT('',(0.013795651667554,-0.00166451614089749,0.00702010101267767));
#10904=CARTESIAN_POINT('',(0.025795651667554,-0.00859271937117302,0.00702010101267767));
#10905=CARTESIAN_POINT('',(0.021591303335108,-0.0110201010126777,0.00702010101267767));
#10906=CARTESIAN_POINT('',(0.023091303335108,-0.0110201010126777,0.00702010101267767));
#10907=CARTESIAN_POINT('',(0.024591303335108,-0.0110201010126777,0.00702010101267767));
#10908=CARTESIAN_POINT('',(0.027295651667554,-0.00945874477495746,0.00702010101267767));
#10909=CARTESIAN_POINT('',(0.021295651667554,-0.00599464315981969,0.00702010101267767));
#10910=CARTESIAN_POINT('',(0.012591303335108,-0.0110201010126777,0.00702010101267767));
#10911=CARTESIAN_POINT('',(0.014091303335108,-0.0110201010126777,0.00702010101267767));
#10912=CARTESIAN_POINT('',(0.015591303335108,-0.0110201010126777,0.00702010101267767));
#10913=CARTESIAN_POINT('',(0.022795651667554,-0.00686066856360414,0.00702010101267767));
#10914=CARTESIAN_POINT('',(-0.0152869183999818,0.0239798989873224,0.00702010101267767));
#10915=CARTESIAN_POINT('',(0.00479565166755396,0.00353163628180916,0.00702010101267767));
#10916=CARTESIAN_POINT('',(0.00779565166755396,0.00179958547424029,0.00702010101267767));
#10917=CARTESIAN_POINT('',(-0.0144086966648921,-0.0110201010126777,0.00702010101267767));
#10918=CARTESIAN_POINT('',(-0.0129086966648921,-0.0110201010126777,0.00702010101267767));
#10919=CARTESIAN_POINT('',(-0.0114086966648921,-0.0110201010126777,0.00702010101267767));
#10920=CARTESIAN_POINT('',(0.00929565166755397,0.000933560070455841,0.00702010101267767));
#10921=CARTESIAN_POINT('',(-0.03455,0.,0.0045));
#10922=CARTESIAN_POINT('',(-0.03455,0.,0.0061));
#10923=CARTESIAN_POINT('',(-0.03455,-0.00975,0.01425));
#10924=CARTESIAN_POINT('',(-0.03455,-0.00985,-0.00535));
#10925=CARTESIAN_POINT('',(-0.0215,0.0004,0.0075));
#10926=CARTESIAN_POINT('',(-0.0215,0.0004,0.0075));
#10927=CARTESIAN_POINT('',(-0.0215,0.0004,0.0075));
#10928=CARTESIAN_POINT('',(-0.0215,0.0004,0.0075));
#10929=CARTESIAN_POINT('',(-0.0215,0.0004,0.0075));
#10930=CARTESIAN_POINT('',(-0.03455,0.,0.0045));
#10931=CARTESIAN_POINT('',(-0.03455,0.,0.0046));
#10932=CARTESIAN_POINT('',(-0.03455,0.01015,-0.00565));
#10933=CARTESIAN_POINT('',(-0.03455,0.01105,0.01555));
#10934=CARTESIAN_POINT('',(-0.0242334185379499,-0.00771583993818841,0.006502));
#10935=CARTESIAN_POINT('',(-0.0243528146515136,-0.00711885958473794,0.00588114041526207));
#10936=CARTESIAN_POINT('',(-0.0230462670682152,-0.00696069949775435,0.006502));
#10937=CARTESIAN_POINT('',(-0.0235562389709867,-0.00682560157472051,0.0059562389709867));
#10938=CARTESIAN_POINT('',(0.034,-0.00321708423157987,0.003));
#10939=CARTESIAN_POINT('',(0.0344,0.0175,0.003));
#10940=CARTESIAN_POINT('',(0.0346,-0.0155,0.003));
#10941=CARTESIAN_POINT('',(0.034,1.38777878078145E-17,0.0045));
#10942=CARTESIAN_POINT('',(0.034,-0.0155,0.0046));
#10943=CARTESIAN_POINT('',(0.034,0.0171,0.005));
#10944=CARTESIAN_POINT('',(0.034,-0.0155,0.0034));
#10945=CARTESIAN_POINT('',(0.0344,-0.00321708423157987,0.003));
#10946=CARTESIAN_POINT('',(0.,-0.008,0.005));
#10947=CARTESIAN_POINT('',(-0.0302,-0.0056,0.0074));
#10948=CARTESIAN_POINT('',(-0.0328,-0.0082,0.0048));
#10949=CARTESIAN_POINT('',(-0.022,-0.019,-0.006));
#10950=CARTESIAN_POINT('',(-0.033,-0.008,0.005));
#10951=CARTESIAN_POINT('',(-0.0356666666666667,-0.00533333333333332,0.00193333333333332));
#10952=CARTESIAN_POINT('',(-0.033,-0.008,0.0004));
#10953=CARTESIAN_POINT('',(-0.00248598035881277,-0.008,0.));
#10954=CARTESIAN_POINT('',(-0.0240286601196044,-0.0187713398803957,-0.0107713398803957));
#10955=CARTESIAN_POINT('',(-0.0349,-0.0079,0.0001));
#10956=CARTESIAN_POINT('',(-0.0241619934529377,0.00283800654706239,0.0108380065470624));
#10957=CARTESIAN_POINT('',(-0.0334,-0.0078,0.000200000000000005));
#10958=CARTESIAN_POINT('',(-0.033,-0.008,0.0004));
#10959=CARTESIAN_POINT('',(-0.033,-0.008,0.0004));
#10960=CARTESIAN_POINT('',(-0.0334,1.31198227788075E-17,0.));
#10961=CARTESIAN_POINT('',(-0.0332,-0.0152,0.0002));
#10962=CARTESIAN_POINT('',(-0.0285,-0.0156,0.0004));
#10963=CARTESIAN_POINT('',(-0.0334,-0.0156,0.0004));
#10964=CARTESIAN_POINT('',(-0.0334,-0.0156,0.0004));
#10965=CARTESIAN_POINT('',(-0.0334,-0.0156,0.0004));
#10966=CARTESIAN_POINT('',(-0.0334,-0.0156,0.0065));
#10967=CARTESIAN_POINT('',(-0.0279333333333334,-0.0101333333333333,0.00966666666666669));
#10968=CARTESIAN_POINT('',(-0.0328,-0.015,0.0048));
#10969=CARTESIAN_POINT('',(-0.0337666666666667,-0.0159666666666667,0.00576666666666666));
#10970=CARTESIAN_POINT('',(-0.0285,-0.0156,0.0054));
#10971=CARTESIAN_POINT('',(-0.0379333333333333,-0.00986666666666662,-0.000333333333333364));
#10972=CARTESIAN_POINT('',(-0.0241666666666667,-0.0177666666666667,0.00756666666666667));
#10973=CARTESIAN_POINT('',(-0.0216,6.93889390390723E-18,0.005));
#10974=CARTESIAN_POINT('',(-0.0296,-0.016,0.013));
#10975=CARTESIAN_POINT('',(0.,-0.024,0.005));
#10976=CARTESIAN_POINT('',(-0.0248666666666667,-0.0162666666666666,0.0127333333333334));
#10977=CARTESIAN_POINT('',(-0.0328,-0.0242,0.0048));
#10978=CARTESIAN_POINT('',(-0.022,-0.035,-0.006));
#10979=CARTESIAN_POINT('',(-0.033,-0.024,0.005));
#10980=CARTESIAN_POINT('',(-0.041,-0.016,-0.0034));
#10981=CARTESIAN_POINT('',(-0.0332,-0.0238,0.0004));
#10982=CARTESIAN_POINT('',(-0.00248598035881277,-0.024,0.));
#10983=CARTESIAN_POINT('',(-0.0334,-0.024,0.));
#10984=CARTESIAN_POINT('',(-0.0334,-0.024,0.));
#10985=CARTESIAN_POINT('',(-0.0334,-0.024,1.62331921605168E-18));
#10986=CARTESIAN_POINT('',(-0.0334,1.31198227788075E-17,0.));
#10987=CARTESIAN_POINT('',(-0.0223666666666667,-0.0220666666666667,0.0110333333333334));
#10988=CARTESIAN_POINT('',(-0.031,0.0262,0.0004));
#10989=CARTESIAN_POINT('',(-0.0334,0.0262,0.0004));
#10990=CARTESIAN_POINT('',(-0.0334,0.0262,0.005002));
#10991=CARTESIAN_POINT('',(-0.0334,0.0262,0.0046));
#10992=CARTESIAN_POINT('',(-0.0334,0.0262,0.0004));
#10993=CARTESIAN_POINT('',(-0.000800000000000009,-0.0327,0.0004));
#10994=CARTESIAN_POINT('',(-0.0208,-0.0427,-0.0096));
#10995=CARTESIAN_POINT('',(-0.0334,0.0262,0.0004));
#10996=CARTESIAN_POINT('',(-0.0332,0.0266,0.000200000000000005));
#10997=CARTESIAN_POINT('',(-0.0304,0.,0.));
#10998=CARTESIAN_POINT('',(-0.0304,-0.0307888543819999,0.));
#10999=CARTESIAN_POINT('',(-0.0305323779861706,-0.0308628559259504,0.000132377986170617));
#11000=CARTESIAN_POINT('',(-0.0306658004199562,-0.0309329002099781,0.000265800419956206));
#11001=CARTESIAN_POINT('',(-0.0308,-0.031,0.0004));
#11002=CARTESIAN_POINT('',(-0.0334,1.31198227788075E-17,0.));
#11003=CARTESIAN_POINT('',(-0.0223666666666667,0.0220666666666667,0.0110333333333333));
#11004=CARTESIAN_POINT('',(-0.0293,-0.029,0.0004));
#11005=CARTESIAN_POINT('',(-0.0282,-0.0307888543819999,0.));
#11006=CARTESIAN_POINT('',(-0.0280676220138294,-0.0308628559259504,0.000132377986170617));
#11007=CARTESIAN_POINT('',(-0.0279341995800438,-0.0309329002099781,0.000265800419956206));
#11008=CARTESIAN_POINT('',(-0.0278,-0.031,0.0004));
#11009=CARTESIAN_POINT('',(-0.00248598035881275,0.0331,0.));
#11010=CARTESIAN_POINT('',(-0.0210953267862709,0.0424046732137291,-0.00930467321372912));
#11011=CARTESIAN_POINT('',(-0.0278,-0.033,0.0004));
#11012=CARTESIAN_POINT('',(-0.0279,-0.0328,0.000300000000000006));
#11013=CARTESIAN_POINT('',(-0.0308,0.033,0.0004));
#11014=CARTESIAN_POINT('',(-0.0308,0.031,0.0004));
#11015=CARTESIAN_POINT('',(-0.0306658004199562,0.0309329002099781,0.000265800419956206));
#11016=CARTESIAN_POINT('',(-0.0305323779861706,0.0308628559259504,0.000132377986170617));
#11017=CARTESIAN_POINT('',(-0.0304,0.0307888543819999,1.94327236758811E-19));
#11018=CARTESIAN_POINT('',(-0.000800000000000009,-0.0327,0.0004));
#11019=CARTESIAN_POINT('',(0.0118666666666667,-0.0263666666666667,0.00673333333333334));
#11020=CARTESIAN_POINT('',(-0.0293,0.029,0.));
#11021=CARTESIAN_POINT('',(-0.0278,0.031,0.0004));
#11022=CARTESIAN_POINT('',(-0.0279341995800438,0.0309329002099781,0.000265800419956206));
#11023=CARTESIAN_POINT('',(-0.0280676220138294,0.0308628559259504,0.000132377986170618));
#11024=CARTESIAN_POINT('',(-0.0282,0.0307888543819999,3.93509746184942E-19));
#11025=CARTESIAN_POINT('',(0.0186,0.,0.));
#11026=CARTESIAN_POINT('',(0.0186,-0.0307888543819999,0.));
#11027=CARTESIAN_POINT('',(0.0184676220138294,-0.0308628559259504,0.000132377986170617));
#11028=CARTESIAN_POINT('',(0.0183341995800438,-0.0309329002099781,0.000265800419956207));
#11029=CARTESIAN_POINT('',(0.0182,-0.031,0.0004));
#11030=CARTESIAN_POINT('',(-0.00248598035881277,-0.0326,0.009));
#11031=CARTESIAN_POINT('',(-0.0346,-0.0326,0.009));
#11032=CARTESIAN_POINT('',(0.0346,-0.0329109400392451,0.00883358994113244));
#11033=CARTESIAN_POINT('',(-0.0282,0.,0.));
#11034=CARTESIAN_POINT('',(-0.0171666666666667,0.0220666666666667,0.0110333333333333));
#11035=CARTESIAN_POINT('',(0.0197,-0.029,0.0004));
#11036=CARTESIAN_POINT('',(0.0208,-0.0307888543819999,0.));
#11037=CARTESIAN_POINT('',(0.0209323779861706,-0.0308628559259504,0.000132377986170617));
#11038=CARTESIAN_POINT('',(0.0210658004199562,-0.0309329002099781,0.000265800419956211));
#11039=CARTESIAN_POINT('',(0.0212,-0.031,0.000400000000000005));
#11040=CARTESIAN_POINT('',(0.035,-0.0327859264966048,0.0086));
#11041=CARTESIAN_POINT('',(0.035,-0.0327859264966048,0.0086));
#11042=CARTESIAN_POINT('',(0.035,-0.0327859264966048,0.0086));
#11043=CARTESIAN_POINT('',(-0.00248598035881275,0.0331,0.));
#11044=CARTESIAN_POINT('',(0.0115713398803958,0.0260713398803958,0.00702866011960427));
#11045=CARTESIAN_POINT('',(0.0212,-0.033,0.0004));
#11046=CARTESIAN_POINT('',(0.0211,-0.0328,0.000300000000000012));
#11047=CARTESIAN_POINT('',(1.04609279273184E-34,-0.035,0.0056));
#11048=CARTESIAN_POINT('',(-0.0346,-0.035,0.0056));
#11049=CARTESIAN_POINT('',(0.0346,-0.035,0.0056));
#11050=CARTESIAN_POINT('',(0.035,-0.0225133337284187,0.0240088891522791));
#11051=CARTESIAN_POINT('',(0.0348947643652827,-0.0346468614074898,0.0059983138721622));
#11052=CARTESIAN_POINT('',(0.0346,0.,0.009));
#11053=CARTESIAN_POINT('',(0.0346,0.0326,0.009));
#11054=CARTESIAN_POINT('',(-0.00248598035881278,0.0326,0.009));
#11055=CARTESIAN_POINT('',(-0.0346,0.0326,0.009));
#11056=CARTESIAN_POINT('',(0.0346,0.0326,0.009));
#11057=CARTESIAN_POINT('',(0.0182,0.033,0.0004));
#11058=CARTESIAN_POINT('',(0.0182,0.031,0.0004));
#11059=CARTESIAN_POINT('',(0.0183341995800438,0.0309329002099781,0.000265800419956207));
#11060=CARTESIAN_POINT('',(0.0184676220138294,0.0308628559259504,0.000132377986170616));
#11061=CARTESIAN_POINT('',(0.0186,0.0307888543819999,-3.59990539566533E-19));
#11062=CARTESIAN_POINT('',(-0.000800000000000009,-0.0327,0.0004));
#11063=CARTESIAN_POINT('',(0.0206666666666667,-0.0219666666666667,0.0111333333333333));
#11064=CARTESIAN_POINT('',(0.0346,-0.035,0.0056));
#11065=CARTESIAN_POINT('',(0.0346,-0.035,0.0056));
#11066=CARTESIAN_POINT('',(0.0346,0.0326,0.009));
#11067=CARTESIAN_POINT('',(0.0348806249485162,0.0329160314498101,0.00862004900476011));
#11068=CARTESIAN_POINT('',(0.0197,0.029,0.));
#11069=CARTESIAN_POINT('',(0.0212,0.031,0.0004));
#11070=CARTESIAN_POINT('',(0.0210658004199562,0.0309329002099781,0.000265800419956206));
#11071=CARTESIAN_POINT('',(0.0209323779861706,0.0308628559259504,0.000132377986170617));
#11072=CARTESIAN_POINT('',(0.0208,0.0307888543819999,1.7652408059501E-19));
#11073=CARTESIAN_POINT('',(0.0314,-0.0159,0.005));
#11074=CARTESIAN_POINT('',(0.0318,-0.0155,0.0046));
#11075=CARTESIAN_POINT('',(0.0318,-0.0155,0.0004));
#11076=CARTESIAN_POINT('',(0.0314,-3.46944695195361E-17,0.0004));
#11077=CARTESIAN_POINT('',(0.0316,-0.0159,0.0002));
#11078=CARTESIAN_POINT('',(-0.00248598035881277,-0.0346,0.));
#11079=CARTESIAN_POINT('',(-0.0241619934529379,-0.0454380065470623,0.0108380065470624));
#11080=CARTESIAN_POINT('',(-0.0349,-0.0347,9.99999999999977E-5));
#11081=CARTESIAN_POINT('',(-0.0240286601196044,-0.0238286601196043,-0.0107713398803957));
#11082=CARTESIAN_POINT('',(0.0346,-0.0348,0.0002));
#11083=CARTESIAN_POINT('',(0.035,-0.0346,0.009));
#11084=CARTESIAN_POINT('',(0.035,-0.0346,0.0004));
#11085=CARTESIAN_POINT('',(0.035,0.0225133337284187,0.0240088891522791));
#11086=CARTESIAN_POINT('',(0.035,0.0346,0.0058788897449072));
#11087=CARTESIAN_POINT('',(-1.4651751486305E-34,0.035,0.0056));
#11088=CARTESIAN_POINT('',(-0.0346,0.035,0.0056));
#11089=CARTESIAN_POINT('',(0.0346,0.0348890599607549,0.00596641005886757));
#11090=CARTESIAN_POINT('',(0.0208,0.,0.));
#11091=CARTESIAN_POINT('',(0.0318333333333333,0.0220666666666667,0.0110333333333333));
#11092=CARTESIAN_POINT('',(0.0318,-0.0155,0.0004));
#11093=CARTESIAN_POINT('',(0.0318,-0.0155,0.0004));
#11094=CARTESIAN_POINT('',(0.035,-0.0346,0.0004));
#11095=CARTESIAN_POINT('',(0.035,-0.0346,0.0004));
#11096=CARTESIAN_POINT('',(0.035,0.0346,0.0058788897449072));
#11097=CARTESIAN_POINT('',(0.035,0.0346,0.0058788897449072));
#11098=CARTESIAN_POINT('',(-0.00248598035881275,0.0331,0.));
#11099=CARTESIAN_POINT('',(0.0203713398803958,0.0216713398803958,0.0114286601196043));
#11100=CARTESIAN_POINT('',(0.0315,-0.0155,0.0004));
#11101=CARTESIAN_POINT('',(0.0346,-0.0155,0.0004));
#11102=CARTESIAN_POINT('',(0.035,6.93889390390723E-18,0.0004));
#11103=CARTESIAN_POINT('',(0.0348,-0.0159,0.0002));
#11104=CARTESIAN_POINT('',(0.0346,0.035,0.009));
#11105=CARTESIAN_POINT('',(0.0346,0.035,0.0004));
#11106=CARTESIAN_POINT('',(0.,0.035,0.0004));
#11107=CARTESIAN_POINT('',(-0.0234666666666668,0.0232666666666667,-0.0113333333333333));
#11108=CARTESIAN_POINT('',(-0.0349,0.0347,9.99999999999977E-5));
#11109=CARTESIAN_POINT('',(-0.023066666666667,0.0465333333333332,0.0119333333333333));
#11110=CARTESIAN_POINT('',(0.0346,0.035,0.0004));
#11111=CARTESIAN_POINT('',(0.0314,-3.46944695195361E-17,0.0004));
#11112=CARTESIAN_POINT('',(0.0318,0.0179,3.06658683336674E-19));
#11113=CARTESIAN_POINT('',(0.0318,0.0175,0.005002));
#11114=CARTESIAN_POINT('',(0.0314,0.0179,0.0046));
#11115=CARTESIAN_POINT('',(0.0316,0.0177,0.0004));
#11116=CARTESIAN_POINT('',(0.0346,-0.0155,0.0004));
#11117=CARTESIAN_POINT('',(0.0346,-0.0155,0.0004));
#11118=CARTESIAN_POINT('',(0.0346,0.035,0.0004));
#11119=CARTESIAN_POINT('',(0.0348,0.0346,0.0002));
#11120=CARTESIAN_POINT('',(0.0318,0.0179,0.));
#11121=CARTESIAN_POINT('',(0.0318,0.0179,1.76946661982288E-19));
#11122=CARTESIAN_POINT('',(0.0346,-0.0155,0.005002));
#11123=CARTESIAN_POINT('',(0.0297,-0.0106,-0.00190000000000003));
#11124=CARTESIAN_POINT('',(0.035,6.93889390390723E-18,0.0004));
#11125=CARTESIAN_POINT('',(0.035,0.0179,0.0004));
#11126=CARTESIAN_POINT('',(-0.00248598035881276,0.0179,0.));
#11127=CARTESIAN_POINT('',(0.0346,0.0177,0.000199999999999997));
#11128=CARTESIAN_POINT('',(0.035,6.93889390390723E-18,0.0034));
#11129=CARTESIAN_POINT('',(0.0368666666666667,0.0197666666666667,0.00526666666666667));
#11130=CARTESIAN_POINT('',(0.035,0.0179,0.0004));
#11131=CARTESIAN_POINT('',(0.035,0.0179,0.0004));
#11132=CARTESIAN_POINT('',(0.035,0.0179,0.009));
#11133=CARTESIAN_POINT('',(-0.023,0.0004,0.0054));
#11134=CARTESIAN_POINT('',(0.,-0.008,0.005));
#11135=CARTESIAN_POINT('',(-0.029,0.0084,0.0054));
#11136=CARTESIAN_POINT('',(-0.0319333333333333,0.00986666666666667,0.00393333333333333));
#11137=CARTESIAN_POINT('',(-0.0328,0.009,0.0048));
#11138=CARTESIAN_POINT('',(-0.0299333333333333,0.0061333333333333,0.00766666666666668));
#11139=CARTESIAN_POINT('',(-0.029,0.0084,0.0004));
#11140=CARTESIAN_POINT('',(-0.0327333333333334,0.00653333333333334,0.00226666666666667));
#11141=CARTESIAN_POINT('',(-0.0349,0.0087,0.0001));
#11142=CARTESIAN_POINT('',(-0.0331333333333333,0.0104666666666667,-0.00166666666666667));
#11143=CARTESIAN_POINT('',(-0.0334,0.0088,0.));
#11144=CARTESIAN_POINT('',(-0.0334,0.0084,0.0065));
#11145=CARTESIAN_POINT('',(-0.0332,0.0086,0.0004));
#11146=CARTESIAN_POINT('',(-0.0359333333333333,0.00586666666666672,0.00166666666666668));
#11147=CARTESIAN_POINT('',(-0.0334,0.0088,0.));
#11148=CARTESIAN_POINT('',(-0.0334,0.0088,1.60209935701832E-18));
#11149=CARTESIAN_POINT('',(-0.0334,1.31198227788075E-17,0.));
#11150=CARTESIAN_POINT('',(-0.0334,0.0158,1.16709224683458E-19));
#11151=CARTESIAN_POINT('',(-0.033,0.0158,0.005));
#11152=CARTESIAN_POINT('',(-0.033,0.0158,0.0046));
#11153=CARTESIAN_POINT('',(-0.0332,0.016,0.0004));
#11154=CARTESIAN_POINT('',(-0.0334,0.0158,0.));
#11155=CARTESIAN_POINT('',(-0.0334,0.0158,0.));
#11156=CARTESIAN_POINT('',(-0.00248598035881277,0.0158,0.));
#11157=CARTESIAN_POINT('',(-0.023,0.0004,0.0054));
#11158=CARTESIAN_POINT('',(-0.023,0.0004,0.0054));
#11159=CARTESIAN_POINT('',(-0.029,0.0084,0.0054));
#11160=CARTESIAN_POINT('',(-0.0256666666666667,0.00573333333333335,0.00806666666666666));
#11161=CARTESIAN_POINT('',(-0.023,0.0004,0.0054));
#11162=CARTESIAN_POINT('',(-0.0293,-0.029,0.009));
#11163=CARTESIAN_POINT('',(0.0197,-0.029,0.009));
#11164=CARTESIAN_POINT('',(0.0197,0.029,0.0086));
#11165=CARTESIAN_POINT('',(-0.0293,0.029,0.0086));
#11166=CARTESIAN_POINT('',(-0.0293,-0.029,0.));
#11167=CARTESIAN_POINT('',(0.0197,-0.029,0.));
#11168=CARTESIAN_POINT('',(0.0197,0.029,0.0004));
#11169=CARTESIAN_POINT('',(-0.0293,0.029,0.0004));
#11170=CARTESIAN_POINT('',(-0.0346,-0.035,0.009));
#11171=CARTESIAN_POINT('',(-0.0376666666666667,-0.0319333333333333,0.00286666666666667));
#11172=CARTESIAN_POINT('',(-0.0343510125872876,-0.0352489874127124,0.00563686725225508));
#11173=CARTESIAN_POINT('',(-0.035,-0.0307350530067338,0.0183058252748404));
#11174=CARTESIAN_POINT('',(-0.0340706828982066,-0.0352620131749381,0.00656122021334105));
#11175=CARTESIAN_POINT('',(-0.035,-0.0225133337284187,0.0240088891522791));
#11176=CARTESIAN_POINT('',(-0.0327140065007865,-0.0345287810845704,0.0101068515064473));
#11177=CARTESIAN_POINT('',(-0.035,-0.007069643631316,0.0222097499581997));
#11178=CARTESIAN_POINT('',(-0.0314938457328395,-0.0333789144360266,0.0121061542671605));
#11179=CARTESIAN_POINT('',(-0.035,0.,0.0086));
#11180=CARTESIAN_POINT('',(-0.0389506758801266,0.0315090032374338,0.00464932411987332));
#11181=CARTESIAN_POINT('',(-0.035,0.00706964363131601,0.0222097499581997));
#11182=CARTESIAN_POINT('',(-0.038567509177442,0.0304725907846541,0.00563858493544815));
#11183=CARTESIAN_POINT('',(-0.035,0.0225133337284187,0.0240088891522791));
#11184=CARTESIAN_POINT('',(-0.0365709223877171,0.0329763341050013,0.00548236797806097));
#11185=CARTESIAN_POINT('',(-0.035,0.0307350530067338,0.0183058252748404));
#11186=CARTESIAN_POINT('',(-0.035976713952416,0.033623286047584,0.00539615170094781));
#11187=CARTESIAN_POINT('',(-0.035,0.0346,0.009));
#11188=CARTESIAN_POINT('',(-0.0379333333333333,0.0316666666666666,0.00313333333333333));
#11189=CARTESIAN_POINT('',(-0.035,-0.008,0.009));
#11190=CARTESIAN_POINT('',(-0.0379333333333333,-0.0109333333333333,0.00313333333333335));
#11191=CARTESIAN_POINT('',(-0.0320666666666667,-0.00506666666666665,0.00396666666666665));
#11192=CARTESIAN_POINT('',(-0.0346,6.93889390390723E-18,0.0065));
#11193=CARTESIAN_POINT('',(-0.0346,0.0084,0.0065));
#11194=CARTESIAN_POINT('',(-0.0346,0.0084,0.0065));
#11195=CARTESIAN_POINT('',(-0.0368333333333333,0.0106333333333333,0.00203333333333335));
#11196=CARTESIAN_POINT('',(-0.033,0.,0.0046));
#11197=CARTESIAN_POINT('',(-0.03415,6.93889390390723E-18,0.0065));
#11198=CARTESIAN_POINT('',(0.0315,-0.0155,0.0046));
#11199=CARTESIAN_POINT('',(0.0317762974279322,-0.0154427769290509,0.00465722307094917));
#11200=CARTESIAN_POINT('',(0.0233671572875254,-0.0233671572875254,0.005));
#11201=CARTESIAN_POINT('',(0.0289410243181526,-0.0148814589230332,0.00705897568184739));
#11202=CARTESIAN_POINT('',(0.031,-6.21741869677315E-18,0.005));
#11203=CARTESIAN_POINT('',(0.0206666666666667,-0.0219666666666667,0.0153333333333333));
#11204=CARTESIAN_POINT('',(-1.74011081596431E-17,-0.0323,0.005));
#11205=CARTESIAN_POINT('',(0.0323666666666667,-0.0215333333333334,0.0157666666666667));
#11206=CARTESIAN_POINT('',(0.0216,6.93889390390723E-18,0.005));
#11207=CARTESIAN_POINT('',(0.0212,-0.031,0.0046));
#11208=CARTESIAN_POINT('',(0.0213326859956545,-0.0310663429978273,0.00473268599565451));
#11209=CARTESIAN_POINT('',(0.0214660701914225,-0.0311297599156204,0.00486607019142247));
#11210=CARTESIAN_POINT('',(0.0216,-0.0311908902300207,0.005));
#11211=CARTESIAN_POINT('',(0.0197,-0.029,0.005));
#11212=CARTESIAN_POINT('',(0.0182,-0.031,0.0046));
#11213=CARTESIAN_POINT('',(0.0180673140043455,-0.0310663429978273,0.00473268599565451));
#11214=CARTESIAN_POINT('',(0.0179339298085775,-0.0311297599156204,0.00486607019142247));
#11215=CARTESIAN_POINT('',(0.0178,-0.0311908902300207,0.005));
#11216=CARTESIAN_POINT('',(0.0182,-0.033,0.0046));
#11217=CARTESIAN_POINT('',(0.0118666666666667,-0.0263666666666667,0.0109333333333333));
#11218=CARTESIAN_POINT('',(-1.74011081596431E-17,-0.0323,0.005));
#11219=CARTESIAN_POINT('',(-0.0166333333333334,-0.0215333333333334,0.0157666666666667));
#11220=CARTESIAN_POINT('',(-0.0274,6.93889390390723E-18,0.005));
#11221=CARTESIAN_POINT('',(-0.0278,-0.031,0.0046));
#11222=CARTESIAN_POINT('',(-0.0276673140043455,-0.0310663429978273,0.00473268599565451));
#11223=CARTESIAN_POINT('',(-0.0275339298085775,-0.0311297599156204,0.00486607019142247));
#11224=CARTESIAN_POINT('',(-0.0274,-0.0311908902300207,0.005));
#11225=CARTESIAN_POINT('',(-0.0293,-0.029,0.005));
#11226=CARTESIAN_POINT('',(-0.0308,-0.031,0.0046));
#11227=CARTESIAN_POINT('',(-0.0309326859956545,-0.0310663429978273,0.00473268599565451));
#11228=CARTESIAN_POINT('',(-0.0310660701914225,-0.0311297599156204,0.00486607019142247));
#11229=CARTESIAN_POINT('',(-0.0312,-0.0311908902300207,0.005));
#11230=CARTESIAN_POINT('',(-0.0308,-0.033,0.0046));
#11231=CARTESIAN_POINT('',(-0.0208,-0.0427,-0.0054));
#11232=CARTESIAN_POINT('',(-1.74011081596431E-17,-0.0323,0.005));
#11233=CARTESIAN_POINT('',(-0.0221,-0.0218,0.0155));
#11234=CARTESIAN_POINT('',(-0.033,0.,0.0046));
#11235=CARTESIAN_POINT('',(8.47536326834383E-18,0.0171,0.005));
#11236=CARTESIAN_POINT('',(0.0291349325049508,0.0110659579088124,0.0110340420911876));
#11237=CARTESIAN_POINT('',(0.0243671572875255,0.0243671572875253,0.005));
#11238=CARTESIAN_POINT('',(0.0292107764615425,0.0169931939193045,0.00678922353845753));
#11239=CARTESIAN_POINT('',(0.031,-6.21741869677315E-18,0.005));
#11240=CARTESIAN_POINT('',(0.0206666666666667,0.0219666666666667,0.0153333333333333));
#11241=CARTESIAN_POINT('',(-0.000799999999999981,0.0327,0.0046));
#11242=CARTESIAN_POINT('',(0.0211,0.0328,0.0045));
#11243=CARTESIAN_POINT('',(0.0212,0.033,0.0046));
#11244=CARTESIAN_POINT('',(0.0216,0.0311908902300207,0.005));
#11245=CARTESIAN_POINT('',(0.0214660701914225,0.0311297599156204,0.00486607019142247));
#11246=CARTESIAN_POINT('',(0.0213326859956545,0.0310663429978273,0.00473268599565451));
#11247=CARTESIAN_POINT('',(0.0212,0.031,0.0046));
#11248=CARTESIAN_POINT('',(0.0197,0.029,0.0046));
#11249=CARTESIAN_POINT('',(0.0178,0.0311908902300207,0.005));
#11250=CARTESIAN_POINT('',(0.0179339298085775,0.0311297599156204,0.00486607019142247));
#11251=CARTESIAN_POINT('',(0.0180673140043455,0.0310663429978273,0.00473268599565451));
#11252=CARTESIAN_POINT('',(0.0182,0.031,0.0046));
#11253=CARTESIAN_POINT('',(0.0178,6.93889390390723E-18,0.005));
#11254=CARTESIAN_POINT('',(0.0118666666666667,0.0263666666666667,0.0109333333333333));
#11255=CARTESIAN_POINT('',(-0.000799999999999981,0.0327,0.0046));
#11256=CARTESIAN_POINT('',(-0.0279,0.0328,0.0045));
#11257=CARTESIAN_POINT('',(-0.0278,0.033,0.0046));
#11258=CARTESIAN_POINT('',(-0.0274,0.0311908902300207,0.005));
#11259=CARTESIAN_POINT('',(-0.0275339298085775,0.0311297599156204,0.00486607019142247));
#11260=CARTESIAN_POINT('',(-0.0276673140043455,0.0310663429978273,0.00473268599565451));
#11261=CARTESIAN_POINT('',(-0.0278,0.031,0.0046));
#11262=CARTESIAN_POINT('',(-0.0293,0.029,0.0046));
#11263=CARTESIAN_POINT('',(-0.0312,0.0311908902300207,0.005));
#11264=CARTESIAN_POINT('',(-0.0310660701914225,0.0311297599156204,0.00486607019142247));
#11265=CARTESIAN_POINT('',(-0.0309326859956545,0.0310663429978273,0.00473268599565451));
#11266=CARTESIAN_POINT('',(-0.0308,0.031,0.0046));
#11267=CARTESIAN_POINT('',(-0.0312,6.93889390390723E-18,0.005));
#11268=CARTESIAN_POINT('',(-0.0208,0.0427,-0.0054));
#11269=CARTESIAN_POINT('',(-0.000799999999999981,0.0327,0.0046));
#11270=CARTESIAN_POINT('',(-0.0221,0.0218,0.0155));
#11271=CARTESIAN_POINT('',(-0.033,0.,0.0046));
#11272=CARTESIAN_POINT('',(-0.0279262210425076,0.0244983719433235,0.00967377895749242));
#11273=CARTESIAN_POINT('',(-0.0295171572875255,0.0295171572875253,0.005));
#11274=CARTESIAN_POINT('',(-0.0336496511307121,0.0268027111456271,0.00399728885437296));
#11275=CARTESIAN_POINT('',(-0.031,0.0262,0.0046));
#11276=CARTESIAN_POINT('',(-0.0258166666666667,0.0174666666666667,0.0133333333333333));
#11277=CARTESIAN_POINT('',(-0.03455,0.,0.0046));
#11278=CARTESIAN_POINT('',(-0.0227666666666667,0.0279833333333333,0.0163833333333334));
#11279=CARTESIAN_POINT('',(0.,0.0166,0.005));
#11280=CARTESIAN_POINT('',(-0.0306085187872558,0.0229392318029165,0.0113392318029166));
#11281=CARTESIAN_POINT('',(-0.00831715728752553,-0.00831715728752545,0.005));
#11282=CARTESIAN_POINT('',(-0.0260496511307123,0.0186789287648835,0.0115503488692878));
#11283=CARTESIAN_POINT('',(-0.033,0.,0.0046));
#11284=CARTESIAN_POINT('',(0.0090625056892663,-0.0200025645857732,0.009));
#11285=CARTESIAN_POINT('',(0.0327882660540149,-0.00488180976338244,0.0116968960036651));
#11286=CARTESIAN_POINT('',(0.0300913700503496,0.,0.009));
#11287=CARTESIAN_POINT('',(0.00681250568926629,-0.0161054502687433,0.009));
#11288=CARTESIAN_POINT('',(0.0310057303905792,-0.00165513732458213,0.00991436034022965));
#11289=CARTESIAN_POINT('',(0.0300913700503496,0.,0.009));
#11290=CARTESIAN_POINT('',(0.00456250568926628,-0.0122083359517133,0.009));
#11291=CARTESIAN_POINT('',(0.0292231947271436,0.00157153511421819,0.00813182467679403));
#11292=CARTESIAN_POINT('',(0.0300913700503496,0.,0.009));
#11293=CARTESIAN_POINT('',(0.00231250568926627,-0.00831122163468328,0.009));
#11294=CARTESIAN_POINT('',(0.0274406590637079,0.00479820755301847,0.00634928901335853));
#11295=CARTESIAN_POINT('',(0.0300913700503496,0.,0.009));
#11296=CARTESIAN_POINT('',(6.25056892662565E-5,-0.00441410731765329,0.009));
#11297=CARTESIAN_POINT('',(0.0256581234002723,0.00802487999181872,0.00456675334992299));
#11298=CARTESIAN_POINT('',(0.0300913700503496,0.,0.009));
#11299=CARTESIAN_POINT('',(-0.00218749431073376,-0.000516993000623302,0.009));
#11300=CARTESIAN_POINT('',(0.0238755877368368,0.011251552430619,0.00278421768648738));
#11301=CARTESIAN_POINT('',(0.0300913700503496,6.52552388104805E-17,0.009));
#11302=CARTESIAN_POINT('',(-0.0300913700503496,0.,0.009));
#11303=CARTESIAN_POINT('',(-0.0169118054482803,-0.0107744784465892,-0.00417956460206906));
#11304=CARTESIAN_POINT('',(-0.00443749431073376,0.00338012131640668,0.009));
#11305=CARTESIAN_POINT('',(0.0272185335389751,0.0242817516337433,0.0139760920603032));
#11306=CARTESIAN_POINT('',(-0.00248598035881277,0.0222205868147487,0.009));
#11307=CARTESIAN_POINT('',(0.0258529359975749,0.0204649699468655,0.00476156594722542));
#11308=CARTESIAN_POINT('',(0.0300913700503496,0.,0.009));
#11309=CARTESIAN_POINT('',(-0.0300913700503496,0.,0.009));
#11310=CARTESIAN_POINT('',(-0.0180677329446026,-0.00563592015477755,-0.00302363710574673));
#11311=CARTESIAN_POINT('',(-0.00668749431073386,0.00727723563343682,0.009));
#11312=CARTESIAN_POINT('',(0.0185050138876392,0.0236771297161198,0.0125164056266682));
#11313=CARTESIAN_POINT('',(-0.00248598035881277,0.0222205868147487,0.009));
#11314=CARTESIAN_POINT('',(-0.0300913700503496,0.,0.009));
#11315=CARTESIAN_POINT('',(-0.0192236604409248,-0.000497361862965923,-0.00186770960942455));
#11316=CARTESIAN_POINT('',(-0.00893749431073387,0.0111743499504668,0.009));
#11317=CARTESIAN_POINT('',(0.00979149423630318,0.0230725077984965,0.0110567191930342));
#11318=CARTESIAN_POINT('',(-0.00248598035881277,0.0222205868147487,0.009));
#11319=CARTESIAN_POINT('',(-0.0300913700503496,0.,0.009));
#11320=CARTESIAN_POINT('',(-0.0203795879372472,0.00464119642884534,-0.000711782113102213));
#11321=CARTESIAN_POINT('',(-0.0111874943107339,0.0150714642674968,0.009));
#11322=CARTESIAN_POINT('',(0.00107797458496742,0.0224678858808731,0.00959703275939976));
#11323=CARTESIAN_POINT('',(-0.0024859803588128,0.0222205868147487,0.009));
#11324=CARTESIAN_POINT('',(-0.0300913700503496,0.,0.009));
#11325=CARTESIAN_POINT('',(-0.0215355154335699,0.00977975472065688,0.000444145383219982));
#11326=CARTESIAN_POINT('',(-0.0134374943107339,0.0189685785845267,0.009));
#11327=CARTESIAN_POINT('',(-0.00763554506636831,0.0218632639632496,0.00813734632576525));
#11328=CARTESIAN_POINT('',(-0.00248598035881277,0.0222205868147487,0.009));
#11329=CARTESIAN_POINT('',(-0.0300913700503496,0.,0.009));
#11330=CARTESIAN_POINT('',(-0.0226914429298922,0.0149183130124683,0.00160007287954228));
#11331=CARTESIAN_POINT('',(-0.0156874943107339,0.0228656929015567,0.009));
#11332=CARTESIAN_POINT('',(-0.0163490647177041,0.0212586420456262,0.00667765989213083));
#11333=CARTESIAN_POINT('',(-0.00248598035881277,0.0222205868147487,0.009));
#11334=CARTESIAN_POINT('',(-0.0300913700503496,0.,0.009));
#11335=CARTESIAN_POINT('',(-0.0238473704262143,0.02005687130428,0.00275600037586443));
#11336=CARTESIAN_POINT('',(-0.0179374943107339,0.0267628072185867,0.009));
#11337=CARTESIAN_POINT('',(-0.0250625843690398,0.0206540201280028,0.00521797345849607));
#11338=CARTESIAN_POINT('',(-0.00248598035881277,0.0222205868147487,0.009));
#11339=CARTESIAN_POINT('',(0.0113,-0.0305,-0.016));
#11340=CARTESIAN_POINT('',(0.0113,-0.0305,0.0087));
#11341=CARTESIAN_POINT('',(0.01255,-0.0305,0.0087));
#11342=CARTESIAN_POINT('',(0.0113,-0.0305,0.0053));
#11343=CARTESIAN_POINT('',(0.01005,-0.0305,0.0053));
#11344=CARTESIAN_POINT('',(0.000599999999999993,-0.0305,-0.016));
#11345=CARTESIAN_POINT('',(0.000599999999999993,-0.0305,0.0087));
#11346=CARTESIAN_POINT('',(0.00184999999999999,-0.0305,0.0087));
#11347=CARTESIAN_POINT('',(0.000599999999999993,-0.0305,0.0053));
#11348=CARTESIAN_POINT('',(-0.000650000000000007,-0.0305,0.0053));
#11349=CARTESIAN_POINT('',(-0.0101,-0.0305,-0.016));
#11350=CARTESIAN_POINT('',(-0.0101,-0.0305,0.0087));
#11351=CARTESIAN_POINT('',(-0.00885,-0.0305,0.0087));
#11352=CARTESIAN_POINT('',(-0.0101,-0.0305,0.0053));
#11353=CARTESIAN_POINT('',(-0.01135,-0.0305,0.0053));
#11354=CARTESIAN_POINT('',(-0.0208,-0.0305,-0.016));
#11355=CARTESIAN_POINT('',(-0.0208,-0.0305,0.0087));
#11356=CARTESIAN_POINT('',(-0.01955,-0.0305,0.0087));
#11357=CARTESIAN_POINT('',(-0.0208,-0.0305,0.0053));
#11358=CARTESIAN_POINT('',(-0.02205,-0.0305,0.0053));
#11359=CARTESIAN_POINT('',(-0.0348,0.,0.));
#11360=CARTESIAN_POINT('',(-0.0348,0.,0.));
#11361=CARTESIAN_POINT('',(0.0113,-0.0305,0.0087));
#11362=CARTESIAN_POINT('',(0.000599999999999993,-0.0305,0.0087));
#11363=CARTESIAN_POINT('',(-0.0101,-0.0305,0.0087));
#11364=CARTESIAN_POINT('',(-0.0208,-0.0305,0.0087));
#11365=CARTESIAN_POINT('',(0.0113,-0.0305,0.0053));
#11366=CARTESIAN_POINT('',(0.000599999999999993,-0.0305,0.0053));
#11367=CARTESIAN_POINT('',(-0.0101,-0.0305,0.0053));
#11368=CARTESIAN_POINT('',(-0.0208,-0.0305,0.0053));
#11369=CARTESIAN_POINT('',(-0.0229258192007593,0.0047,0.0085));
#11370=CARTESIAN_POINT('',(-0.0229258192007593,0.0047,0.0085));
#11371=CARTESIAN_POINT('',(-0.02805,0.0047,0.0085));
#11372=CARTESIAN_POINT('',(-0.0229258192007593,0.0047,0.0085));
#11373=CARTESIAN_POINT('',(-0.0229258192007593,0.0047,0.0085));
#11374=CARTESIAN_POINT('',(-0.02805,0.0047,0.0085));
#11375=CARTESIAN_POINT('',(-0.0229258192007593,0.0047,0.0085));
#11376=CARTESIAN_POINT('',(-0.0229258192007593,0.0047,0.0085));
#11377=CARTESIAN_POINT('',(-0.02805,0.0047,0.0085));
#11378=CARTESIAN_POINT('',(-0.0229258192007593,0.0047,0.0085));
#11379=CARTESIAN_POINT('',(-0.0229258192007593,0.0047,0.0085));
#11380=CARTESIAN_POINT('',(-0.02805,0.0047,0.0085));
#11381=CARTESIAN_POINT('',(-0.02805,0.0047,0.0065));
#11382=CARTESIAN_POINT('',(-0.0229258192007593,0.0047,0.0065));
#11383=CARTESIAN_POINT('',(-0.0229258192007593,0.0047,0.0085));
#11384=CARTESIAN_POINT('',(-0.0229258192007593,0.0047,0.0085));
#11385=CARTESIAN_POINT('',(-0.02805,0.0047,0.0085));
#11386=CARTESIAN_POINT('',(-0.02805,0.0047,0.0065));
#11387=CARTESIAN_POINT('',(-0.0229258192007593,0.0047,0.0065));
#11388=CARTESIAN_POINT('',(-0.0229258192007593,0.0047,0.0085));
#11389=CARTESIAN_POINT('',(-0.0229258192007593,0.0047,0.0085));
#11390=CARTESIAN_POINT('',(-0.02805,0.0047,0.0085));
#11391=CARTESIAN_POINT('',(-0.02805,0.0047,0.0065));
#11392=CARTESIAN_POINT('',(-0.0229258192007593,0.0047,0.0065));
#11393=CARTESIAN_POINT('',(-0.0229258192007593,0.0047,0.0085));
#11394=CARTESIAN_POINT('',(-0.0229258192007593,0.0047,0.0085));
#11395=CARTESIAN_POINT('',(-0.02805,0.0047,0.0085));
#11396=CARTESIAN_POINT('',(-0.02805,0.0047,0.0085));
#11397=CARTESIAN_POINT('',(-0.0229258192007593,0.0047,0.0085));
#11398=CARTESIAN_POINT('',(-0.0229258192007593,0.0047,0.0085));
#11399=CARTESIAN_POINT('',(-0.0229258192007593,0.0047,0.0065));
#11400=CARTESIAN_POINT('',(-0.02805,0.0047,0.0065));
#11401=MECHANICAL_DESIGN_GEOMETRIC_PRESENTATION_REPRESENTATION('',(#7118),
#11402);
#11402=(
GEOMETRIC_REPRESENTATION_CONTEXT(3)
GLOBAL_UNCERTAINTY_ASSIGNED_CONTEXT((#11403))
GLOBAL_UNIT_ASSIGNED_CONTEXT((#11406,#11405,#11404))
REPRESENTATION_CONTEXT('Cover_HDMI','TOP_LEVEL_ASSEMBLY_PART')
);
#11403=UNCERTAINTY_MEASURE_WITH_UNIT(LENGTH_MEASURE(2.E-5),#11406,
'DISTANCE_ACCURACY_VALUE','Maximum Tolerance applied to model');
#11404=(
NAMED_UNIT(*)
SI_UNIT($,.STERADIAN.)
SOLID_ANGLE_UNIT()
);
#11405=(
NAMED_UNIT(*)
PLANE_ANGLE_UNIT()
SI_UNIT($,.RADIAN.)
);
#11406=(
LENGTH_UNIT()
NAMED_UNIT(*)
SI_UNIT($,.METRE.)
);
#11407=PRODUCT_DEFINITION_SHAPE('','',#11408);
#11408=PRODUCT_DEFINITION('','',#11410,#11409);
#11409=PRODUCT_DEFINITION_CONTEXT('',#11416,'design');
#11410=PRODUCT_DEFINITION_FORMATION_WITH_SPECIFIED_SOURCE('','',#11412,
 .NOT_KNOWN.);
#11411=PRODUCT_RELATED_PRODUCT_CATEGORY('','',(#11412));
#11412=PRODUCT('Cover_HDMI','Cover_HDMI','Cover_HDMI',(#11414));
#11413=PRODUCT_CATEGORY('','');
#11414=PRODUCT_CONTEXT('',#11416,'mechanical');
#11415=APPLICATION_PROTOCOL_DEFINITION('international standard',
'ap242_managed_model_based_3d_engineering',2020,#11416);
#11416=APPLICATION_CONTEXT('managed model based 3d engineering');
ENDSEC;
END-ISO-10303-21;
