ISO-10303-21;
HEADER;
/* Generated by software containing ST-Developer
 * from STEP Tools, Inc. (www.steptools.com) 
 */
/* OPTION: using custom renumber hook */

FILE_DESCRIPTION(
/* description */ ('STEP AP242 Edition 2',
'CAx-IF Rec.Pracs.---Representation and Presentation of Product Manufa
cturing Information (PMI)---4.0---2014-10-13',
'CAx-IF Rec.Pracs.---3D Tessellated Geometry---0.4---2014-09-14','2;1',
'CAx-IF Rec.Pracs.---User Defined Attributes---1.5---2016-08-15'),
/* implementation_level */ '2;1');

FILE_NAME(
/* name */ 'Part Studio 1 - Eyepiece_Body',
/* time_stamp */ '2026-08-27T18:28:05Z',
/* author */ (''),
/* organization */ (''),
/* preprocessor_version */ 'ST-DEVELOPER v20',
/* originating_system */ 'ONSHAPE BY PTC INC, 1.219',
/* authorisation */ '  ');

FILE_SCHEMA (('AP242_MANAGED_MODEL_BASED_3D_ENGINEERING_MIM_LF { 1 0 10303 442 3 1 4 }'));
ENDSEC;

DATA;
#10=SHAPE_REPRESENTATION_RELATIONSHIP('','',#7347,#11);
#11=ADVANCED_BREP_SHAPE_REPRESENTATION('',(#7345),#15601);
#12=(
BOUNDED_SURFACE()
B_SPLINE_SURFACE(1,2,((#12600,#12601,#12602),(#12603,#12604,#12605)),
 .UNSPECIFIED.,.F.,.F.,.F.)
B_SPLINE_SURFACE_WITH_KNOTS((2,2),(3,3),(0.,1.),(0.265808145386199,0.276090195004732),
 .PIECEWISE_BEZIER_KNOTS.)
GEOMETRIC_REPRESENTATION_ITEM()
RATIONAL_B_SPLINE_SURFACE(((0.971233074157292,0.965045070490967,0.962977385421604),
(0.971233074157292,0.965045070490967,0.962977385421604)))
REPRESENTATION_ITEM('')
SURFACE()
);
#13=(
BOUNDED_SURFACE()
B_SPLINE_SURFACE(1,2,((#12649,#12650,#12651),(#12652,#12653,#12654)),
 .UNSPECIFIED.,.F.,.F.,.F.)
B_SPLINE_SURFACE_WITH_KNOTS((2,2),(3,3),(0.,1.),(0.140808145386199,0.151090195004732),
 .PIECEWISE_BEZIER_KNOTS.)
GEOMETRIC_REPRESENTATION_ITEM()
RATIONAL_B_SPLINE_SURFACE(((0.971233074157292,0.965045070490967,0.962977385421604),
(0.971233074157292,0.965045070490967,0.962977385421604)))
REPRESENTATION_ITEM('')
SURFACE()
);
#14=(
BOUNDED_SURFACE()
B_SPLINE_SURFACE(1,2,((#12698,#12699,#12700),(#12701,#12702,#12703)),
 .UNSPECIFIED.,.F.,.F.,.F.)
B_SPLINE_SURFACE_WITH_KNOTS((2,2),(3,3),(0.,1.),(0.0158081453861993,0.026090195004732),
 .PIECEWISE_BEZIER_KNOTS.)
GEOMETRIC_REPRESENTATION_ITEM()
RATIONAL_B_SPLINE_SURFACE(((0.971233074157292,0.965045070490967,0.962977385421604),
(0.971233074157292,0.965045070490967,0.962977385421604)))
REPRESENTATION_ITEM('')
SURFACE()
);
#15=(
BOUNDED_SURFACE()
B_SPLINE_SURFACE(1,2,((#12747,#12748,#12749),(#12750,#12751,#12752)),
 .UNSPECIFIED.,.F.,.F.,.F.)
B_SPLINE_SURFACE_WITH_KNOTS((2,2),(3,3),(0.,1.),(0.515808145386199,0.526090195004732),
 .PIECEWISE_BEZIER_KNOTS.)
GEOMETRIC_REPRESENTATION_ITEM()
RATIONAL_B_SPLINE_SURFACE(((0.971233074157292,0.965045070490967,0.962977385421603),
(0.971233074157292,0.965045070490967,0.962977385421603)))
REPRESENTATION_ITEM('')
SURFACE()
);
#16=(
BOUNDED_SURFACE()
B_SPLINE_SURFACE(1,2,((#12796,#12797,#12798),(#12799,#12800,#12801)),
 .UNSPECIFIED.,.F.,.F.,.F.)
B_SPLINE_SURFACE_WITH_KNOTS((2,2),(3,3),(0.,1.),(0.390808145386199,0.401090195004732),
 .PIECEWISE_BEZIER_KNOTS.)
GEOMETRIC_REPRESENTATION_ITEM()
RATIONAL_B_SPLINE_SURFACE(((0.971233074157292,0.965045070490967,0.962977385421604),
(0.971233074157292,0.965045070490967,0.962977385421604)))
REPRESENTATION_ITEM('')
SURFACE()
);
#17=(
BOUNDED_SURFACE()
B_SPLINE_SURFACE(1,2,((#12845,#12846,#12847),(#12848,#12849,#12850)),
 .UNSPECIFIED.,.F.,.F.,.F.)
B_SPLINE_SURFACE_WITH_KNOTS((2,2),(3,3),(0.,1.),(0.265794352057422,0.276076216639671),
 .PIECEWISE_BEZIER_KNOTS.)
GEOMETRIC_REPRESENTATION_ITEM()
RATIONAL_B_SPLINE_SURFACE(((0.97124968393701,0.965056264338729,0.96298301503982),
(0.97124968393701,0.965056264338729,0.96298301503982)))
REPRESENTATION_ITEM('')
SURFACE()
);
#18=(
BOUNDED_SURFACE()
B_SPLINE_SURFACE(1,2,((#12894,#12895,#12896),(#12897,#12898,#12899)),
 .UNSPECIFIED.,.F.,.F.,.F.)
B_SPLINE_SURFACE_WITH_KNOTS((2,2),(3,3),(0.,1.),(0.140794352057422,0.151076216639671),
 .PIECEWISE_BEZIER_KNOTS.)
GEOMETRIC_REPRESENTATION_ITEM()
RATIONAL_B_SPLINE_SURFACE(((0.97124968393701,0.965056264338729,0.962983015039821),
(0.97124968393701,0.965056264338729,0.962983015039821)))
REPRESENTATION_ITEM('')
SURFACE()
);
#19=(
BOUNDED_SURFACE()
B_SPLINE_SURFACE(1,2,((#12943,#12944,#12945),(#12946,#12947,#12948)),
 .UNSPECIFIED.,.F.,.F.,.F.)
B_SPLINE_SURFACE_WITH_KNOTS((2,2),(3,3),(0.,1.),(0.0157943520574216,0.0260762166396713),
 .PIECEWISE_BEZIER_KNOTS.)
GEOMETRIC_REPRESENTATION_ITEM()
RATIONAL_B_SPLINE_SURFACE(((0.97124968393701,0.965056264338729,0.962983015039821),
(0.97124968393701,0.965056264338729,0.962983015039821)))
REPRESENTATION_ITEM('')
SURFACE()
);
#20=(
BOUNDED_SURFACE()
B_SPLINE_SURFACE(1,2,((#12992,#12993,#12994),(#12995,#12996,#12997)),
 .UNSPECIFIED.,.F.,.F.,.F.)
B_SPLINE_SURFACE_WITH_KNOTS((2,2),(3,3),(0.,1.),(0.515794352057422,0.526076216639671),
 .PIECEWISE_BEZIER_KNOTS.)
GEOMETRIC_REPRESENTATION_ITEM()
RATIONAL_B_SPLINE_SURFACE(((0.97124968393701,0.965056264338729,0.96298301503982),
(0.97124968393701,0.965056264338729,0.96298301503982)))
REPRESENTATION_ITEM('')
SURFACE()
);
#21=(
BOUNDED_SURFACE()
B_SPLINE_SURFACE(1,2,((#13041,#13042,#13043),(#13044,#13045,#13046)),
 .UNSPECIFIED.,.F.,.F.,.F.)
B_SPLINE_SURFACE_WITH_KNOTS((2,2),(3,3),(0.,1.),(0.390794352057422,0.401076216639671),
 .PIECEWISE_BEZIER_KNOTS.)
GEOMETRIC_REPRESENTATION_ITEM()
RATIONAL_B_SPLINE_SURFACE(((0.97124968393701,0.965056264338729,0.96298301503982),
(0.97124968393701,0.965056264338729,0.96298301503982)))
REPRESENTATION_ITEM('')
SURFACE()
);
#22=(
BOUNDED_SURFACE()
B_SPLINE_SURFACE(1,2,((#13125,#13126,#13127),(#13128,#13129,#13130)),
 .UNSPECIFIED.,.F.,.F.,.F.)
B_SPLINE_SURFACE_WITH_KNOTS((2,2),(3,3),(0.,1.),(0.390808145386199,0.401090195004732),
 .PIECEWISE_BEZIER_KNOTS.)
GEOMETRIC_REPRESENTATION_ITEM()
RATIONAL_B_SPLINE_SURFACE(((0.971233074157292,0.965045070490967,0.962977385421604),
(0.971233074157292,0.965045070490967,0.962977385421604)))
REPRESENTATION_ITEM('')
SURFACE()
);
#23=(
BOUNDED_SURFACE()
B_SPLINE_SURFACE(1,2,((#13174,#13175,#13176),(#13177,#13178,#13179)),
 .UNSPECIFIED.,.F.,.F.,.F.)
B_SPLINE_SURFACE_WITH_KNOTS((2,2),(3,3),(0.,1.),(0.265808145386199,0.276090195004732),
 .PIECEWISE_BEZIER_KNOTS.)
GEOMETRIC_REPRESENTATION_ITEM()
RATIONAL_B_SPLINE_SURFACE(((0.971233074157292,0.965045070490967,0.962977385421604),
(0.971233074157292,0.965045070490967,0.962977385421604)))
REPRESENTATION_ITEM('')
SURFACE()
);
#24=(
BOUNDED_SURFACE()
B_SPLINE_SURFACE(1,2,((#13223,#13224,#13225),(#13226,#13227,#13228)),
 .UNSPECIFIED.,.F.,.F.,.F.)
B_SPLINE_SURFACE_WITH_KNOTS((2,2),(3,3),(0.,1.),(0.140808145386199,0.151090195004732),
 .PIECEWISE_BEZIER_KNOTS.)
GEOMETRIC_REPRESENTATION_ITEM()
RATIONAL_B_SPLINE_SURFACE(((0.971233074157292,0.965045070490967,0.962977385421604),
(0.971233074157292,0.965045070490967,0.962977385421604)))
REPRESENTATION_ITEM('')
SURFACE()
);
#25=(
BOUNDED_SURFACE()
B_SPLINE_SURFACE(1,2,((#13272,#13273,#13274),(#13275,#13276,#13277)),
 .UNSPECIFIED.,.F.,.F.,.F.)
B_SPLINE_SURFACE_WITH_KNOTS((2,2),(3,3),(0.,1.),(0.0158081453861993,0.0260901950047319),
 .PIECEWISE_BEZIER_KNOTS.)
GEOMETRIC_REPRESENTATION_ITEM()
RATIONAL_B_SPLINE_SURFACE(((0.971233074157292,0.965045070490967,0.962977385421604),
(0.971233074157292,0.965045070490967,0.962977385421604)))
REPRESENTATION_ITEM('')
SURFACE()
);
#26=(
BOUNDED_SURFACE()
B_SPLINE_SURFACE(1,2,((#13321,#13322,#13323),(#13324,#13325,#13326)),
 .UNSPECIFIED.,.F.,.F.,.F.)
B_SPLINE_SURFACE_WITH_KNOTS((2,2),(3,3),(0.,1.),(0.515808145386199,0.526090195004732),
 .PIECEWISE_BEZIER_KNOTS.)
GEOMETRIC_REPRESENTATION_ITEM()
RATIONAL_B_SPLINE_SURFACE(((0.971233074157292,0.965045070490967,0.962977385421603),
(0.971233074157292,0.965045070490967,0.962977385421603)))
REPRESENTATION_ITEM('')
SURFACE()
);
#27=(
BOUNDED_SURFACE()
B_SPLINE_SURFACE(1,2,((#13370,#13371,#13372),(#13373,#13374,#13375)),
 .UNSPECIFIED.,.F.,.F.,.F.)
B_SPLINE_SURFACE_WITH_KNOTS((2,2),(3,3),(0.,1.),(0.390794352057422,0.401076216639671),
 .PIECEWISE_BEZIER_KNOTS.)
GEOMETRIC_REPRESENTATION_ITEM()
RATIONAL_B_SPLINE_SURFACE(((0.97124968393701,0.965056264338729,0.96298301503982),
(0.97124968393701,0.965056264338729,0.96298301503982)))
REPRESENTATION_ITEM('')
SURFACE()
);
#28=(
BOUNDED_SURFACE()
B_SPLINE_SURFACE(1,2,((#13419,#13420,#13421),(#13422,#13423,#13424)),
 .UNSPECIFIED.,.F.,.F.,.F.)
B_SPLINE_SURFACE_WITH_KNOTS((2,2),(3,3),(0.,1.),(0.265794352057422,0.276076216639671),
 .PIECEWISE_BEZIER_KNOTS.)
GEOMETRIC_REPRESENTATION_ITEM()
RATIONAL_B_SPLINE_SURFACE(((0.97124968393701,0.965056264338729,0.96298301503982),
(0.97124968393701,0.965056264338729,0.96298301503982)))
REPRESENTATION_ITEM('')
SURFACE()
);
#29=(
BOUNDED_SURFACE()
B_SPLINE_SURFACE(1,2,((#13468,#13469,#13470),(#13471,#13472,#13473)),
 .UNSPECIFIED.,.F.,.F.,.F.)
B_SPLINE_SURFACE_WITH_KNOTS((2,2),(3,3),(0.,1.),(0.140794352057422,0.151076216639671),
 .PIECEWISE_BEZIER_KNOTS.)
GEOMETRIC_REPRESENTATION_ITEM()
RATIONAL_B_SPLINE_SURFACE(((0.97124968393701,0.965056264338729,0.962983015039821),
(0.97124968393701,0.965056264338729,0.962983015039821)))
REPRESENTATION_ITEM('')
SURFACE()
);
#30=(
BOUNDED_SURFACE()
B_SPLINE_SURFACE(1,2,((#13517,#13518,#13519),(#13520,#13521,#13522)),
 .UNSPECIFIED.,.F.,.F.,.F.)
B_SPLINE_SURFACE_WITH_KNOTS((2,2),(3,3),(0.,1.),(0.0157943520574216,0.0260762166396713),
 .PIECEWISE_BEZIER_KNOTS.)
GEOMETRIC_REPRESENTATION_ITEM()
RATIONAL_B_SPLINE_SURFACE(((0.97124968393701,0.965056264338729,0.962983015039821),
(0.97124968393701,0.965056264338729,0.962983015039821)))
REPRESENTATION_ITEM('')
SURFACE()
);
#31=(
BOUNDED_SURFACE()
B_SPLINE_SURFACE(1,2,((#13566,#13567,#13568),(#13569,#13570,#13571)),
 .UNSPECIFIED.,.F.,.F.,.F.)
B_SPLINE_SURFACE_WITH_KNOTS((2,2),(3,3),(0.,1.),(0.515794352057422,0.526076216639671),
 .PIECEWISE_BEZIER_KNOTS.)
GEOMETRIC_REPRESENTATION_ITEM()
RATIONAL_B_SPLINE_SURFACE(((0.97124968393701,0.965056264338729,0.96298301503982),
(0.97124968393701,0.965056264338729,0.96298301503982)))
REPRESENTATION_ITEM('')
SURFACE()
);
#32=(
BOUNDED_SURFACE()
B_SPLINE_SURFACE(1,2,((#13650,#13651,#13652),(#13653,#13654,#13655)),
 .UNSPECIFIED.,.F.,.F.,.F.)
B_SPLINE_SURFACE_WITH_KNOTS((2,2),(3,3),(0.,1.),(0.0158081453861993,0.0260901950047319),
 .PIECEWISE_BEZIER_KNOTS.)
GEOMETRIC_REPRESENTATION_ITEM()
RATIONAL_B_SPLINE_SURFACE(((0.971233074157292,0.965045070490967,0.962977385421604),
(0.971233074157292,0.965045070490967,0.962977385421604)))
REPRESENTATION_ITEM('')
SURFACE()
);
#33=(
BOUNDED_SURFACE()
B_SPLINE_SURFACE(1,2,((#13699,#13700,#13701),(#13702,#13703,#13704)),
 .UNSPECIFIED.,.F.,.F.,.F.)
B_SPLINE_SURFACE_WITH_KNOTS((2,2),(3,3),(0.,1.),(0.515808145386199,0.526090195004732),
 .PIECEWISE_BEZIER_KNOTS.)
GEOMETRIC_REPRESENTATION_ITEM()
RATIONAL_B_SPLINE_SURFACE(((0.971233074157292,0.965045070490967,0.962977385421603),
(0.971233074157292,0.965045070490967,0.962977385421603)))
REPRESENTATION_ITEM('')
SURFACE()
);
#34=(
BOUNDED_SURFACE()
B_SPLINE_SURFACE(1,2,((#13748,#13749,#13750),(#13751,#13752,#13753)),
 .UNSPECIFIED.,.F.,.F.,.F.)
B_SPLINE_SURFACE_WITH_KNOTS((2,2),(3,3),(0.,1.),(0.390808145386199,0.401090195004732),
 .PIECEWISE_BEZIER_KNOTS.)
GEOMETRIC_REPRESENTATION_ITEM()
RATIONAL_B_SPLINE_SURFACE(((0.971233074157292,0.965045070490967,0.962977385421604),
(0.971233074157292,0.965045070490967,0.962977385421604)))
REPRESENTATION_ITEM('')
SURFACE()
);
#35=(
BOUNDED_SURFACE()
B_SPLINE_SURFACE(1,2,((#13797,#13798,#13799),(#13800,#13801,#13802)),
 .UNSPECIFIED.,.F.,.F.,.F.)
B_SPLINE_SURFACE_WITH_KNOTS((2,2),(3,3),(0.,1.),(0.265808145386199,0.276090195004732),
 .PIECEWISE_BEZIER_KNOTS.)
GEOMETRIC_REPRESENTATION_ITEM()
RATIONAL_B_SPLINE_SURFACE(((0.971233074157292,0.965045070490967,0.962977385421604),
(0.971233074157292,0.965045070490967,0.962977385421604)))
REPRESENTATION_ITEM('')
SURFACE()
);
#36=(
BOUNDED_SURFACE()
B_SPLINE_SURFACE(1,2,((#13846,#13847,#13848),(#13849,#13850,#13851)),
 .UNSPECIFIED.,.F.,.F.,.F.)
B_SPLINE_SURFACE_WITH_KNOTS((2,2),(3,3),(0.,1.),(0.140808145386199,0.151090195004732),
 .PIECEWISE_BEZIER_KNOTS.)
GEOMETRIC_REPRESENTATION_ITEM()
RATIONAL_B_SPLINE_SURFACE(((0.971233074157292,0.965045070490967,0.962977385421604),
(0.971233074157292,0.965045070490967,0.962977385421604)))
REPRESENTATION_ITEM('')
SURFACE()
);
#37=(
BOUNDED_SURFACE()
B_SPLINE_SURFACE(1,2,((#13895,#13896,#13897),(#13898,#13899,#13900)),
 .UNSPECIFIED.,.F.,.F.,.F.)
B_SPLINE_SURFACE_WITH_KNOTS((2,2),(3,3),(0.,1.),(0.0157943520574216,0.0260762166396713),
 .PIECEWISE_BEZIER_KNOTS.)
GEOMETRIC_REPRESENTATION_ITEM()
RATIONAL_B_SPLINE_SURFACE(((0.97124968393701,0.965056264338729,0.96298301503982),
(0.97124968393701,0.965056264338729,0.96298301503982)))
REPRESENTATION_ITEM('')
SURFACE()
);
#38=(
BOUNDED_SURFACE()
B_SPLINE_SURFACE(1,2,((#13944,#13945,#13946),(#13947,#13948,#13949)),
 .UNSPECIFIED.,.F.,.F.,.F.)
B_SPLINE_SURFACE_WITH_KNOTS((2,2),(3,3),(0.,1.),(0.515794352057422,0.526076216639671),
 .PIECEWISE_BEZIER_KNOTS.)
GEOMETRIC_REPRESENTATION_ITEM()
RATIONAL_B_SPLINE_SURFACE(((0.97124968393701,0.965056264338729,0.96298301503982),
(0.97124968393701,0.965056264338729,0.96298301503982)))
REPRESENTATION_ITEM('')
SURFACE()
);
#39=(
BOUNDED_SURFACE()
B_SPLINE_SURFACE(1,2,((#13993,#13994,#13995),(#13996,#13997,#13998)),
 .UNSPECIFIED.,.F.,.F.,.F.)
B_SPLINE_SURFACE_WITH_KNOTS((2,2),(3,3),(0.,1.),(0.390794352057422,0.401076216639671),
 .PIECEWISE_BEZIER_KNOTS.)
GEOMETRIC_REPRESENTATION_ITEM()
RATIONAL_B_SPLINE_SURFACE(((0.97124968393701,0.965056264338729,0.96298301503982),
(0.97124968393701,0.965056264338729,0.96298301503982)))
REPRESENTATION_ITEM('')
SURFACE()
);
#40=(
BOUNDED_SURFACE()
B_SPLINE_SURFACE(1,2,((#14042,#14043,#14044),(#14045,#14046,#14047)),
 .UNSPECIFIED.,.F.,.F.,.F.)
B_SPLINE_SURFACE_WITH_KNOTS((2,2),(3,3),(0.,1.),(0.265794352057422,0.276076216639671),
 .PIECEWISE_BEZIER_KNOTS.)
GEOMETRIC_REPRESENTATION_ITEM()
RATIONAL_B_SPLINE_SURFACE(((0.97124968393701,0.965056264338729,0.96298301503982),
(0.97124968393701,0.965056264338729,0.96298301503982)))
REPRESENTATION_ITEM('')
SURFACE()
);
#41=(
BOUNDED_SURFACE()
B_SPLINE_SURFACE(1,2,((#14091,#14092,#14093),(#14094,#14095,#14096)),
 .UNSPECIFIED.,.F.,.F.,.F.)
B_SPLINE_SURFACE_WITH_KNOTS((2,2),(3,3),(0.,1.),(0.140794352057422,0.151076216639671),
 .PIECEWISE_BEZIER_KNOTS.)
GEOMETRIC_REPRESENTATION_ITEM()
RATIONAL_B_SPLINE_SURFACE(((0.97124968393701,0.965056264338729,0.962983015039821),
(0.97124968393701,0.965056264338729,0.962983015039821)))
REPRESENTATION_ITEM('')
SURFACE()
);
#42=(
BOUNDED_SURFACE()
B_SPLINE_SURFACE(1,2,((#14560,#14561,#14562),(#14563,#14564,#14565)),
 .UNSPECIFIED.,.F.,.F.,.F.)
B_SPLINE_SURFACE_WITH_KNOTS((2,2),(3,3),(0.,1.),(0.140794352057422,0.151076216639671),
 .PIECEWISE_BEZIER_KNOTS.)
GEOMETRIC_REPRESENTATION_ITEM()
RATIONAL_B_SPLINE_SURFACE(((0.97124968393701,0.965056264338729,0.962983015039821),
(0.97124968393701,0.965056264338729,0.962983015039821)))
REPRESENTATION_ITEM('')
SURFACE()
);
#43=(
BOUNDED_SURFACE()
B_SPLINE_SURFACE(1,2,((#14574,#14575,#14576),(#14577,#14578,#14579)),
 .UNSPECIFIED.,.F.,.F.,.F.)
B_SPLINE_SURFACE_WITH_KNOTS((2,2),(3,3),(0.,1.),(0.0157943520574216,0.0260762166396713),
 .PIECEWISE_BEZIER_KNOTS.)
GEOMETRIC_REPRESENTATION_ITEM()
RATIONAL_B_SPLINE_SURFACE(((0.97124968393701,0.965056264338729,0.962983015039821),
(0.97124968393701,0.965056264338729,0.962983015039821)))
REPRESENTATION_ITEM('')
SURFACE()
);
#44=(
BOUNDED_SURFACE()
B_SPLINE_SURFACE(1,2,((#14588,#14589,#14590),(#14591,#14592,#14593)),
 .UNSPECIFIED.,.F.,.F.,.F.)
B_SPLINE_SURFACE_WITH_KNOTS((2,2),(3,3),(0.,1.),(0.515794352057422,0.526076216639671),
 .PIECEWISE_BEZIER_KNOTS.)
GEOMETRIC_REPRESENTATION_ITEM()
RATIONAL_B_SPLINE_SURFACE(((0.97124968393701,0.965056264338729,0.96298301503982),
(0.97124968393701,0.965056264338729,0.96298301503982)))
REPRESENTATION_ITEM('')
SURFACE()
);
#45=(
BOUNDED_SURFACE()
B_SPLINE_SURFACE(1,2,((#14602,#14603,#14604),(#14605,#14606,#14607)),
 .UNSPECIFIED.,.F.,.F.,.F.)
B_SPLINE_SURFACE_WITH_KNOTS((2,2),(3,3),(0.,1.),(0.390794352057422,0.401076216639671),
 .PIECEWISE_BEZIER_KNOTS.)
GEOMETRIC_REPRESENTATION_ITEM()
RATIONAL_B_SPLINE_SURFACE(((0.97124968393701,0.965056264338729,0.96298301503982),
(0.97124968393701,0.965056264338729,0.96298301503982)))
REPRESENTATION_ITEM('')
SURFACE()
);
#46=(
BOUNDED_SURFACE()
B_SPLINE_SURFACE(1,2,((#14616,#14617,#14618),(#14619,#14620,#14621)),
 .UNSPECIFIED.,.F.,.F.,.F.)
B_SPLINE_SURFACE_WITH_KNOTS((2,2),(3,3),(0.,1.),(0.265794352057422,0.276076216639671),
 .PIECEWISE_BEZIER_KNOTS.)
GEOMETRIC_REPRESENTATION_ITEM()
RATIONAL_B_SPLINE_SURFACE(((0.97124968393701,0.965056264338729,0.96298301503982),
(0.97124968393701,0.965056264338729,0.96298301503982)))
REPRESENTATION_ITEM('')
SURFACE()
);
#47=(
BOUNDED_SURFACE()
B_SPLINE_SURFACE(1,2,((#14630,#14631,#14632),(#14633,#14634,#14635)),
 .UNSPECIFIED.,.F.,.F.,.F.)
B_SPLINE_SURFACE_WITH_KNOTS((2,2),(3,3),(0.,1.),(0.140808145386199,0.151090195004732),
 .PIECEWISE_BEZIER_KNOTS.)
GEOMETRIC_REPRESENTATION_ITEM()
RATIONAL_B_SPLINE_SURFACE(((0.971233074157292,0.965045070490967,0.962977385421604),
(0.971233074157292,0.965045070490967,0.962977385421604)))
REPRESENTATION_ITEM('')
SURFACE()
);
#48=(
BOUNDED_SURFACE()
B_SPLINE_SURFACE(1,2,((#14644,#14645,#14646),(#14647,#14648,#14649)),
 .UNSPECIFIED.,.F.,.F.,.F.)
B_SPLINE_SURFACE_WITH_KNOTS((2,2),(3,3),(0.,1.),(0.0158081453861993,0.0260901950047319),
 .PIECEWISE_BEZIER_KNOTS.)
GEOMETRIC_REPRESENTATION_ITEM()
RATIONAL_B_SPLINE_SURFACE(((0.971233074157292,0.965045070490967,0.962977385421604),
(0.971233074157292,0.965045070490967,0.962977385421604)))
REPRESENTATION_ITEM('')
SURFACE()
);
#49=(
BOUNDED_SURFACE()
B_SPLINE_SURFACE(1,2,((#14658,#14659,#14660),(#14661,#14662,#14663)),
 .UNSPECIFIED.,.F.,.F.,.F.)
B_SPLINE_SURFACE_WITH_KNOTS((2,2),(3,3),(0.,1.),(0.515808145386199,0.526090195004732),
 .PIECEWISE_BEZIER_KNOTS.)
GEOMETRIC_REPRESENTATION_ITEM()
RATIONAL_B_SPLINE_SURFACE(((0.971233074157292,0.965045070490967,0.962977385421603),
(0.971233074157292,0.965045070490967,0.962977385421603)))
REPRESENTATION_ITEM('')
SURFACE()
);
#50=(
BOUNDED_SURFACE()
B_SPLINE_SURFACE(1,2,((#14672,#14673,#14674),(#14675,#14676,#14677)),
 .UNSPECIFIED.,.F.,.F.,.F.)
B_SPLINE_SURFACE_WITH_KNOTS((2,2),(3,3),(0.,1.),(0.390808145386199,0.401090195004732),
 .PIECEWISE_BEZIER_KNOTS.)
GEOMETRIC_REPRESENTATION_ITEM()
RATIONAL_B_SPLINE_SURFACE(((0.971233074157292,0.965045070490968,0.962977385421604),
(0.971233074157292,0.965045070490968,0.962977385421604)))
REPRESENTATION_ITEM('')
SURFACE()
);
#51=(
BOUNDED_SURFACE()
B_SPLINE_SURFACE(1,2,((#14686,#14687,#14688),(#14689,#14690,#14691)),
 .UNSPECIFIED.,.F.,.F.,.F.)
B_SPLINE_SURFACE_WITH_KNOTS((2,2),(3,3),(0.,1.),(0.265808145386199,0.276090195004732),
 .PIECEWISE_BEZIER_KNOTS.)
GEOMETRIC_REPRESENTATION_ITEM()
RATIONAL_B_SPLINE_SURFACE(((0.971233074157292,0.965045070490968,0.962977385421604),
(0.971233074157292,0.965045070490968,0.962977385421604)))
REPRESENTATION_ITEM('')
SURFACE()
);
#52=CONICAL_SURFACE('',#7579,0.02495,1.39626340159546);
#53=CONICAL_SURFACE('',#7725,0.0254435897435898,0.112345458174388);
#54=CONICAL_SURFACE('',#7728,0.0254435897435898,0.785398163397442);
#55=CONICAL_SURFACE('',#7730,0.026009275168539,0.785398163397448);
#56=CONICAL_SURFACE('',#7732,0.0252866367527097,0.112345458174379);
#57=CONICAL_SURFACE('',#7734,0.0252866367527097,0.785398163397445);
#58=CONICAL_SURFACE('',#7736,0.025852322177659,0.785398163397443);
#59=CONICAL_SURFACE('',#7738,0.0251296837618297,0.112345458174405);
#60=CONICAL_SURFACE('',#7740,0.0251296837618297,0.785398163397448);
#61=CONICAL_SURFACE('',#7742,0.025695369186779,0.785398163397446);
#62=CONICAL_SURFACE('',#7744,0.0249727307709498,0.112345458174398);
#63=CONICAL_SURFACE('',#7746,0.0249727307709498,0.785398163397452);
#64=CONICAL_SURFACE('',#7748,0.0255384161958989,0.785398163397446);
#65=CONICAL_SURFACE('',#7750,0.0248157777800697,0.112345458174477);
#66=CONICAL_SURFACE('',#7752,0.0248157777800697,0.785398163397456);
#67=CONICAL_SURFACE('',#7754,0.0253814632050189,0.785398163397442);
#68=CONICAL_SURFACE('',#7756,0.0246588247891897,0.11234545817447);
#69=CONICAL_SURFACE('',#7758,0.0246588247891897,0.78539816339746);
#70=CONICAL_SURFACE('',#7760,0.025224510214139,0.785398163397426);
#71=CONICAL_SURFACE('',#7762,0.0245018717983097,0.112345458174523);
#72=CONICAL_SURFACE('',#7764,0.0245018717983097,0.785398163397467);
#73=CONICAL_SURFACE('',#7766,0.025067557223259,0.785398163397438);
#74=CONICAL_SURFACE('',#7768,0.0243449188074297,0.112345458174473);
#75=CONICAL_SURFACE('',#7770,0.0243449188074297,0.785398163397467);
#76=CONICAL_SURFACE('',#7772,0.0249106042323789,0.78539816339745);
#77=CONICAL_SURFACE('',#7774,0.0241879658165497,0.112345458174476);
#78=CONICAL_SURFACE('',#7776,0.0241879658165497,0.785398163397467);
#79=CONICAL_SURFACE('',#7778,0.024753651241499,0.785398163397419);
#80=CONICAL_SURFACE('',#7780,0.0240310128256697,0.112345458174493);
#81=CONICAL_SURFACE('',#7782,0.0240310128256697,0.785398163397476);
#82=CONICAL_SURFACE('',#7784,0.0245966982506189,0.785398163397446);
#83=CONICAL_SURFACE('',#7786,0.0238740598347897,0.11234545817439);
#84=CONICAL_SURFACE('',#7788,0.0238740598347897,0.785398163397453);
#85=CONICAL_SURFACE('',#7790,0.024439745259739,0.78539816339745);
#86=CONICAL_SURFACE('',#7792,0.0237171068439097,0.112345458174372);
#87=CONICAL_SURFACE('',#7794,0.0237171068439097,0.785398163397455);
#88=CONICAL_SURFACE('',#7796,0.0242827922688589,0.785398163397446);
#89=CONICAL_SURFACE('',#7798,0.0235601538530297,0.112345458174405);
#90=CONICAL_SURFACE('',#7800,0.0235601538530297,0.785398163397452);
#91=CONICAL_SURFACE('',#7802,0.0241258392779789,0.785398163397448);
#92=CONICAL_SURFACE('',#7804,0.0234032008621497,0.112345458174428);
#93=CONICAL_SURFACE('',#7806,0.0234032008621497,0.785398163397463);
#94=CONICAL_SURFACE('',#7808,0.023968886287099,0.785398163397446);
#95=CONICAL_SURFACE('',#7810,0.0232462478712697,0.112345458174421);
#96=CONICAL_SURFACE('',#7812,0.0232462478712697,0.78539816339746);
#97=CONICAL_SURFACE('',#7814,0.0238119332962189,0.785398163397443);
#98=CONICAL_SURFACE('',#7816,0.0230892948803897,0.112345458174398);
#99=CONICAL_SURFACE('',#7818,0.0230892948803897,0.785398163397455);
#100=CONICAL_SURFACE('',#7820,0.0236549803053389,0.785398163397446);
#101=CONICAL_SURFACE('',#7822,0.0229323418895096,0.112345458174398);
#102=CONICAL_SURFACE('',#7824,0.0229323418895096,0.785398163397455);
#103=CONICAL_SURFACE('',#7826,0.0234980273144589,0.785398163397446);
#104=CONICAL_SURFACE('',#7828,0.0227753888986297,0.112345458174398);
#105=CONICAL_SURFACE('',#7830,0.0227753888986297,0.785398163397457);
#106=CONICAL_SURFACE('',#7832,0.0233410743235789,0.785398163397446);
#107=CONICAL_SURFACE('',#7834,0.0226184359077497,0.112345458174428);
#108=CONICAL_SURFACE('',#7836,0.0226184359077497,0.785398163397457);
#109=CONICAL_SURFACE('',#7838,0.0231841213326989,0.785398163397446);
#110=CONICAL_SURFACE('',#7840,0.0224614829168697,0.112345458174431);
#111=CONICAL_SURFACE('',#7842,0.0224614829168697,0.785398163397455);
#112=CONICAL_SURFACE('',#7844,0.0230271683418189,0.785398163397446);
#113=CONICAL_SURFACE('',#7846,0.0223045299259897,0.112345458174421);
#114=CONICAL_SURFACE('',#7848,0.0223045299259897,0.785398163397463);
#115=CONICAL_SURFACE('',#7850,0.0228702153509389,0.785398163397446);
#116=CONICAL_SURFACE('',#7852,0.0221475769351097,0.112345458174431);
#117=CONICAL_SURFACE('',#7854,0.0221475769351097,0.785398163397457);
#118=CONICAL_SURFACE('',#7856,0.0227132623600589,0.785398163397441);
#119=CONICAL_SURFACE('',#7858,0.0219906239442297,0.112345458174484);
#120=CONICAL_SURFACE('',#7860,0.0219906239442297,0.785398163397463);
#121=CONICAL_SURFACE('',#7862,0.0225563093691789,0.785398163397453);
#122=CONICAL_SURFACE('',#7864,0.0218336709533497,0.112345458174398);
#123=CONICAL_SURFACE('',#7866,0.0218336709533497,0.785398163397452);
#124=CONICAL_SURFACE('',#7868,0.0223993563782989,0.785398163397443);
#125=CONICAL_SURFACE('',#7870,0.0216767179624697,0.112345458174421);
#126=CONICAL_SURFACE('',#7872,0.0216767179624697,0.78539816339747);
#127=CONICAL_SURFACE('',#7874,0.0222424033874189,0.78539816339745);
#128=CONICAL_SURFACE('',#7876,0.0215197649715896,0.112345458174398);
#129=CONICAL_SURFACE('',#7878,0.0215197649715896,0.785398163397457);
#130=CONICAL_SURFACE('',#7880,0.0220854503965389,0.785398163397446);
#131=CONICAL_SURFACE('',#7882,0.0213628119807096,0.112345458174457);
#132=CONICAL_SURFACE('',#7884,0.0213628119807096,0.785398163397457);
#133=CONICAL_SURFACE('',#7886,0.0219284974056588,0.785398163397458);
#134=CONICAL_SURFACE('',#7888,0.0212058589898296,0.112345458174332);
#135=CONICAL_SURFACE('',#7890,0.0212058589898296,0.785398163397448);
#136=CONICAL_SURFACE('',#7892,0.0217715444147788,0.785398163397443);
#137=CONICAL_SURFACE('',#7896,0.0211,0.785398163397445);
#138=CONICAL_SURFACE('',#7898,0.0216145914238989,0.785398163397455);
#139=CONICAL_SURFACE('',#7902,0.0211,0.785398163397448);
#140=CONICAL_SURFACE('',#7904,0.0214576384330188,0.785398163397458);
#141=CONICAL_SURFACE('',#8029,0.034,0.785398163397449);
#142=CONICAL_SURFACE('',#8064,0.025075,0.785398163397448);
#143=CONICAL_SURFACE('',#8065,0.025075,0.785398163397452);
#144=CONICAL_SURFACE('',#8066,0.025075,0.785398163397448);
#145=CONICAL_SURFACE('',#8067,0.025075,0.785398163397452);
#146=CONICAL_SURFACE('',#8068,0.025025,0.785398163397428);
#147=CONICAL_SURFACE('',#8071,0.023975,0.785398163397435);
#148=CONICAL_SURFACE('',#8072,0.023975,0.785398163397435);
#149=CONICAL_SURFACE('',#8075,0.025025,0.785398163397428);
#150=CONICAL_SURFACE('',#8076,0.025025,0.785398163397435);
#151=CONICAL_SURFACE('',#8079,0.023975,0.785398163397428);
#152=CONICAL_SURFACE('',#8080,0.023975,0.785398163397435);
#153=CONICAL_SURFACE('',#8083,0.025025,0.785398163397428);
#154=CONICAL_SURFACE('',#8084,0.02135,0.785398163397448);
#155=CONICAL_SURFACE('',#8092,0.0298000000000032,0.785398163397448);
#156=CONICAL_SURFACE('',#8093,0.0283000000000031,0.785398163397448);
#157=CONICAL_SURFACE('',#8098,0.0218,0.785398163397448);
#158=CONICAL_SURFACE('',#8099,0.0218,0.785398163397448);
#159=CONICAL_SURFACE('',#8100,0.0218,0.785398163397443);
#160=CONICAL_SURFACE('',#8101,0.0218,0.785398163397443);
#161=CONICAL_SURFACE('',#8109,0.0231,0.78539816339746);
#162=CONICAL_SURFACE('',#8110,0.0218,0.78539816339746);
#163=CONICAL_SURFACE('',#8118,0.003,0.785398163397448);
#164=CONICAL_SURFACE('',#8121,0.0034,0.785398163397448);
#165=CONICAL_SURFACE('',#8156,0.0034,0.785398163397449);
#166=CONICAL_SURFACE('',#8159,0.003,0.785398163397449);
#167=CONICAL_SURFACE('',#8167,0.00205,0.785398163397444);
#168=CONICAL_SURFACE('',#8168,0.00165,0.785398163397448);
#169=CONICAL_SURFACE('',#8169,0.00205,0.785398163397448);
#170=CONICAL_SURFACE('',#8170,0.00165,0.785398163397444);
#171=CONICAL_SURFACE('',#8171,0.00205,0.785398163397448);
#172=CONICAL_SURFACE('',#8172,0.00165,0.785398163397444);
#173=CONICAL_SURFACE('',#8173,0.00205,0.785398163397444);
#174=CONICAL_SURFACE('',#8174,0.00165,0.785398163397448);
#175=CONICAL_SURFACE('',#8175,0.02545515628832,0.841570892484639);
#176=(
BOUNDED_CURVE()
B_SPLINE_CURVE(2,(#10645,#10646,#10647,#10648,#10649,#10650,#10651,#10652,
#10653,#10654,#10655,#10656,#10657,#10658,#10659,#10660,#10661,#10662,#10663,
#10664,#10665,#10666,#10667,#10668,#10669,#10670,#10671,#10672,#10673,#10674,
#10675,#10676,#10677),.UNSPECIFIED.,.F.,.F.)
B_SPLINE_CURVE_WITH_KNOTS((3,2,2,2,2,2,2,2,2,2,2,2,2,2,2,2,3),(0.,0.0625,
0.125,0.1875,0.25,0.3125,0.375,0.4375,0.5,0.5625,0.625,0.6875,0.75,0.8125,
0.875,0.9375,1.),.UNSPECIFIED.)
CURVE()
GEOMETRIC_REPRESENTATION_ITEM()
RATIONAL_B_SPLINE_CURVE((1.,0.923879532511287,1.,0.923879532511287,1.,0.923879532511287,
1.,0.923879532511287,1.,0.923879532511287,1.,0.923879532511287,1.,0.923879532511287,
1.,0.923879532511287,1.,0.923879532511287,1.,0.923879532511287,1.,0.923879532511287,
1.,0.923879532511287,1.,0.923879532511287,1.,0.923879532511287,1.,0.923879532511287,
1.,0.923879532511287,1.))
REPRESENTATION_ITEM('')
);
#177=(
BOUNDED_CURVE()
B_SPLINE_CURVE(2,(#10691,#10692,#10693,#10694,#10695,#10696,#10697,#10698,
#10699,#10700,#10701,#10702,#10703,#10704,#10705,#10706,#10707,#10708,#10709,
#10710,#10711,#10712,#10713,#10714,#10715,#10716,#10717,#10718,#10719,#10720,
#10721,#10722,#10723),.UNSPECIFIED.,.F.,.F.)
B_SPLINE_CURVE_WITH_KNOTS((3,2,2,2,2,2,2,2,2,2,2,2,2,2,2,2,3),(0.,0.0625,
0.125,0.1875,0.25,0.3125,0.375,0.4375,0.5,0.5625,0.625,0.6875,0.75,0.8125,
0.875,0.9375,1.),.UNSPECIFIED.)
CURVE()
GEOMETRIC_REPRESENTATION_ITEM()
RATIONAL_B_SPLINE_CURVE((1.,0.923879532511287,1.,0.923879532511287,1.,0.923879532511287,
1.,0.923879532511287,1.,0.923879532511287,1.,0.923879532511287,1.,0.923879532511287,
1.,0.923879532511287,1.,0.923879532511287,1.,0.923879532511287,1.,0.923879532511287,
1.,0.923879532511287,1.,0.923879532511287,1.,0.923879532511287,1.,0.923879532511287,
1.,0.923879532511287,1.))
REPRESENTATION_ITEM('')
);
#178=(
BOUNDED_CURVE()
B_SPLINE_CURVE(2,(#10737,#10738,#10739,#10740,#10741,#10742,#10743,#10744,
#10745,#10746,#10747,#10748,#10749,#10750,#10751,#10752,#10753,#10754,#10755,
#10756,#10757,#10758,#10759,#10760,#10761,#10762,#10763,#10764,#10765,#10766,
#10767,#10768,#10769),.UNSPECIFIED.,.F.,.F.)
B_SPLINE_CURVE_WITH_KNOTS((3,2,2,2,2,2,2,2,2,2,2,2,2,2,2,2,3),(0.,0.0625,
0.125,0.1875,0.25,0.3125,0.375,0.4375,0.5,0.5625,0.625,0.6875,0.75,0.8125,
0.875,0.9375,1.),.UNSPECIFIED.)
CURVE()
GEOMETRIC_REPRESENTATION_ITEM()
RATIONAL_B_SPLINE_CURVE((1.,0.923879532511287,1.,0.923879532511287,1.,0.923879532511287,
1.,0.923879532511287,1.,0.923879532511287,1.,0.923879532511287,1.,0.923879532511287,
1.,0.923879532511287,1.,0.923879532511287,1.,0.923879532511287,1.,0.923879532511287,
1.,0.923879532511287,1.,0.923879532511287,1.,0.923879532511287,1.,0.923879532511287,
1.,0.923879532511287,1.))
REPRESENTATION_ITEM('')
);
#179=(
BOUNDED_CURVE()
B_SPLINE_CURVE(2,(#10775,#10776,#10777,#10778,#10779,#10780,#10781,#10782,
#10783,#10784,#10785,#10786,#10787,#10788,#10789,#10790,#10791,#10792,#10793,
#10794,#10795,#10796,#10797,#10798,#10799,#10800,#10801,#10802,#10803,#10804,
#10805,#10806,#10807),.UNSPECIFIED.,.F.,.F.)
B_SPLINE_CURVE_WITH_KNOTS((3,2,2,2,2,2,2,2,2,2,2,2,2,2,2,2,3),(0.,0.0625,
0.125,0.1875,0.25,0.3125,0.375,0.4375,0.5,0.5625,0.625,0.6875,0.75,0.8125,
0.875,0.9375,1.),.UNSPECIFIED.)
CURVE()
GEOMETRIC_REPRESENTATION_ITEM()
RATIONAL_B_SPLINE_CURVE((1.,0.923879532511287,1.,0.923879532511287,1.,0.923879532511287,
1.,0.923879532511287,1.,0.923879532511287,1.,0.923879532511287,1.,0.923879532511287,
1.,0.923879532511287,1.,0.923879532511287,1.,0.923879532511287,1.,0.923879532511287,
1.,0.923879532511287,1.,0.923879532511287,1.,0.923879532511287,1.,0.923879532511287,
1.,0.923879532511287,1.))
REPRESENTATION_ITEM('')
);
#180=(
BOUNDED_CURVE()
B_SPLINE_CURVE(2,(#10905,#10906,#10907,#10908,#10909,#10910,#10911,#10912,
#10913,#10914,#10915,#10916,#10917,#10918,#10919,#10920,#10921,#10922,#10923,
#10924,#10925,#10926,#10927,#10928,#10929,#10930,#10931,#10932,#10933,#10934,
#10935,#10936,#10937),.UNSPECIFIED.,.F.,.F.)
B_SPLINE_CURVE_WITH_KNOTS((3,2,2,2,2,2,2,2,2,2,2,2,2,2,2,2,3),(0.,0.0625,
0.125,0.1875,0.25,0.3125,0.375,0.4375,0.5,0.5625,0.625,0.6875,0.75,0.8125,
0.875,0.9375,1.),.UNSPECIFIED.)
CURVE()
GEOMETRIC_REPRESENTATION_ITEM()
RATIONAL_B_SPLINE_CURVE((1.,0.923879532511287,1.,0.923879532511287,1.,0.923879532511287,
1.,0.923879532511287,1.,0.923879532511287,1.,0.923879532511287,1.,0.923879532511287,
1.,0.923879532511287,1.,0.923879532511287,1.,0.923879532511287,1.,0.923879532511287,
1.,0.923879532511287,1.,0.923879532511287,1.,0.923879532511287,1.,0.923879532511287,
1.,0.923879532511287,1.))
REPRESENTATION_ITEM('')
);
#181=(
BOUNDED_CURVE()
B_SPLINE_CURVE(2,(#10955,#10956,#10957,#10958,#10959,#10960,#10961,#10962,
#10963,#10964,#10965,#10966,#10967,#10968,#10969,#10970,#10971,#10972,#10973,
#10974,#10975,#10976,#10977,#10978,#10979,#10980,#10981,#10982,#10983,#10984,
#10985,#10986,#10987),.UNSPECIFIED.,.F.,.F.)
B_SPLINE_CURVE_WITH_KNOTS((3,2,2,2,2,2,2,2,2,2,2,2,2,2,2,2,3),(0.,0.0625,
0.125,0.1875,0.25,0.3125,0.375,0.4375,0.5,0.5625,0.625,0.6875,0.75,0.8125,
0.875,0.9375,1.),.UNSPECIFIED.)
CURVE()
GEOMETRIC_REPRESENTATION_ITEM()
RATIONAL_B_SPLINE_CURVE((1.,0.923879532511287,1.,0.923879532511287,1.,0.923879532511287,
1.,0.923879532511287,1.,0.923879532511287,1.,0.923879532511287,1.,0.923879532511287,
1.,0.923879532511287,1.,0.923879532511287,1.,0.923879532511287,1.,0.923879532511287,
1.,0.923879532511287,1.,0.923879532511287,1.,0.923879532511287,1.,0.923879532511287,
1.,0.923879532511287,1.))
REPRESENTATION_ITEM('')
);
#182=(
BOUNDED_CURVE()
B_SPLINE_CURVE(2,(#10993,#10994,#10995,#10996,#10997,#10998,#10999,#11000,
#11001,#11002,#11003,#11004,#11005,#11006,#11007,#11008,#11009,#11010,#11011,
#11012,#11013,#11014,#11015,#11016,#11017,#11018,#11019,#11020,#11021,#11022,
#11023,#11024,#11025),.UNSPECIFIED.,.F.,.F.)
B_SPLINE_CURVE_WITH_KNOTS((3,2,2,2,2,2,2,2,2,2,2,2,2,2,2,2,3),(0.,0.0625,
0.125,0.1875,0.25,0.3125,0.375,0.4375,0.5,0.5625,0.625,0.6875,0.75,0.8125,
0.875,0.9375,1.),.UNSPECIFIED.)
CURVE()
GEOMETRIC_REPRESENTATION_ITEM()
RATIONAL_B_SPLINE_CURVE((1.,0.923879532511287,1.,0.923879532511287,1.,0.923879532511287,
1.,0.923879532511287,1.,0.923879532511287,1.,0.923879532511287,1.,0.923879532511287,
1.,0.923879532511287,1.,0.923879532511287,1.,0.923879532511287,1.,0.923879532511287,
1.,0.923879532511287,1.,0.923879532511287,1.,0.923879532511287,1.,0.923879532511287,
1.,0.923879532511287,1.))
REPRESENTATION_ITEM('')
);
#183=(
BOUNDED_CURVE()
B_SPLINE_CURVE(2,(#11123,#11124,#11125,#11126,#11127,#11128,#11129,#11130,
#11131,#11132,#11133,#11134,#11135,#11136,#11137,#11138,#11139,#11140,#11141,
#11142,#11143,#11144,#11145,#11146,#11147,#11148,#11149,#11150,#11151,#11152,
#11153,#11154,#11155),.UNSPECIFIED.,.F.,.F.)
B_SPLINE_CURVE_WITH_KNOTS((3,2,2,2,2,2,2,2,2,2,2,2,2,2,2,2,3),(0.,0.0625,
0.125,0.1875,0.25,0.3125,0.375,0.4375,0.5,0.5625,0.625,0.6875,0.75,0.8125,
0.875,0.9375,1.),.UNSPECIFIED.)
CURVE()
GEOMETRIC_REPRESENTATION_ITEM()
RATIONAL_B_SPLINE_CURVE((1.,0.923879532511287,1.,0.923879532511287,1.,0.923879532511287,
1.,0.923879532511287,1.,0.923879532511287,1.,0.923879532511287,1.,0.923879532511287,
1.,0.923879532511287,1.,0.923879532511287,1.,0.923879532511287,1.,0.923879532511287,
1.,0.923879532511287,1.,0.923879532511287,1.,0.923879532511287,1.,0.923879532511287,
1.,0.923879532511287,1.))
REPRESENTATION_ITEM('')
);
#184=(
BOUNDED_CURVE()
B_SPLINE_CURVE(2,(#11529,#11530,#11531,#11532,#11533,#11534,#11535,#11536,
#11537,#11538,#11539,#11540,#11541,#11542,#11543,#11544,#11545,#11546,#11547,
#11548,#11549,#11550,#11551,#11552,#11553,#11554,#11555,#11556,#11557,#11558,
#11559,#11560,#11561),.UNSPECIFIED.,.F.,.F.)
B_SPLINE_CURVE_WITH_KNOTS((3,2,2,2,2,2,2,2,2,2,2,2,2,2,2,2,3),(0.,0.0625,
0.125,0.1875,0.25,0.3125,0.375,0.4375,0.5,0.5625,0.625,0.6875,0.75,0.8125,
0.875,0.9375,1.),.UNSPECIFIED.)
CURVE()
GEOMETRIC_REPRESENTATION_ITEM()
RATIONAL_B_SPLINE_CURVE((1.,0.923879532511287,1.,0.923879532511287,1.,0.923879532511287,
1.,0.923879532511287,1.,0.923879532511287,1.,0.923879532511287,1.,0.923879532511287,
1.,0.923879532511287,1.,0.923879532511287,1.,0.923879532511287,1.,0.923879532511287,
1.,0.923879532511287,1.,0.923879532511287,1.,0.923879532511287,1.,0.923879532511287,
1.,0.923879532511287,1.))
REPRESENTATION_ITEM('')
);
#185=(
BOUNDED_CURVE()
B_SPLINE_CURVE(2,(#11562,#11563,#11564,#11565,#11566,#11567,#11568,#11569,
#11570,#11571,#11572,#11573,#11574,#11575,#11576,#11577,#11578,#11579,#11580,
#11581,#11582,#11583,#11584,#11585,#11586,#11587,#11588,#11589,#11590,#11591,
#11592,#11593,#11594),.UNSPECIFIED.,.F.,.F.)
B_SPLINE_CURVE_WITH_KNOTS((3,2,2,2,2,2,2,2,2,2,2,2,2,2,2,2,3),(0.,0.0625,
0.125,0.1875,0.25,0.3125,0.375,0.4375,0.5,0.5625,0.625,0.6875,0.75,0.8125,
0.875,0.9375,1.),.UNSPECIFIED.)
CURVE()
GEOMETRIC_REPRESENTATION_ITEM()
RATIONAL_B_SPLINE_CURVE((1.,0.923879532511287,1.,0.923879532511287,1.,0.923879532511287,
1.,0.923879532511287,1.,0.923879532511287,1.,0.923879532511287,1.,0.923879532511287,
1.,0.923879532511287,1.,0.923879532511287,1.,0.923879532511287,1.,0.923879532511287,
1.,0.923879532511287,1.,0.923879532511287,1.,0.923879532511287,1.,0.923879532511287,
1.,0.923879532511287,1.))
REPRESENTATION_ITEM('')
);
#186=(
BOUNDED_CURVE()
B_SPLINE_CURVE(2,(#11596,#11597,#11598,#11599,#11600,#11601,#11602,#11603,
#11604,#11605,#11606,#11607,#11608,#11609,#11610,#11611,#11612,#11613,#11614,
#11615,#11616,#11617,#11618,#11619,#11620,#11621,#11622,#11623,#11624,#11625,
#11626,#11627,#11628),.UNSPECIFIED.,.F.,.F.)
B_SPLINE_CURVE_WITH_KNOTS((3,2,2,2,2,2,2,2,2,2,2,2,2,2,2,2,3),(0.,0.0625,
0.125,0.1875,0.25,0.3125,0.375,0.4375,0.5,0.5625,0.625,0.6875,0.75,0.8125,
0.875,0.9375,1.),.UNSPECIFIED.)
CURVE()
GEOMETRIC_REPRESENTATION_ITEM()
RATIONAL_B_SPLINE_CURVE((1.,0.923879532511287,1.,0.923879532511287,1.,0.923879532511287,
1.,0.923879532511287,1.,0.923879532511287,1.,0.923879532511287,1.,0.923879532511287,
1.,0.923879532511287,1.,0.923879532511287,1.,0.923879532511287,1.,0.923879532511287,
1.,0.923879532511287,1.,0.923879532511287,1.,0.923879532511287,1.,0.923879532511287,
1.,0.923879532511287,1.))
REPRESENTATION_ITEM('')
);
#187=(
BOUNDED_CURVE()
B_SPLINE_CURVE(2,(#11629,#11630,#11631,#11632,#11633,#11634,#11635,#11636,
#11637,#11638,#11639,#11640,#11641,#11642,#11643,#11644,#11645,#11646,#11647,
#11648,#11649,#11650,#11651,#11652,#11653,#11654,#11655,#11656,#11657,#11658,
#11659,#11660,#11661),.UNSPECIFIED.,.F.,.F.)
B_SPLINE_CURVE_WITH_KNOTS((3,2,2,2,2,2,2,2,2,2,2,2,2,2,2,2,3),(0.,0.0625,
0.125,0.1875,0.25,0.3125,0.375,0.4375,0.5,0.5625,0.625,0.6875,0.75,0.8125,
0.875,0.9375,1.),.UNSPECIFIED.)
CURVE()
GEOMETRIC_REPRESENTATION_ITEM()
RATIONAL_B_SPLINE_CURVE((1.,0.923879532511287,1.,0.923879532511287,1.,0.923879532511287,
1.,0.923879532511287,1.,0.923879532511287,1.,0.923879532511287,1.,0.923879532511287,
1.,0.923879532511287,1.,0.923879532511287,1.,0.923879532511287,1.,0.923879532511287,
1.,0.923879532511287,1.,0.923879532511287,1.,0.923879532511287,1.,0.923879532511287,
1.,0.923879532511287,1.))
REPRESENTATION_ITEM('')
);
#188=(
BOUNDED_CURVE()
B_SPLINE_CURVE(2,(#11663,#11664,#11665,#11666,#11667,#11668,#11669,#11670,
#11671,#11672,#11673,#11674,#11675,#11676,#11677,#11678,#11679,#11680,#11681,
#11682,#11683,#11684,#11685,#11686,#11687,#11688,#11689,#11690,#11691,#11692,
#11693,#11694,#11695),.UNSPECIFIED.,.F.,.F.)
B_SPLINE_CURVE_WITH_KNOTS((3,2,2,2,2,2,2,2,2,2,2,2,2,2,2,2,3),(0.,0.0625,
0.125,0.1875,0.25,0.3125,0.375,0.4375,0.5,0.5625,0.625,0.6875,0.75,0.8125,
0.875,0.9375,1.),.UNSPECIFIED.)
CURVE()
GEOMETRIC_REPRESENTATION_ITEM()
RATIONAL_B_SPLINE_CURVE((1.,0.923879532511287,1.,0.923879532511287,1.,0.923879532511287,
1.,0.923879532511287,1.,0.923879532511287,1.,0.923879532511287,1.,0.923879532511287,
1.,0.923879532511287,1.,0.923879532511287,1.,0.923879532511287,1.,0.923879532511287,
1.,0.923879532511287,1.,0.923879532511287,1.,0.923879532511287,1.,0.923879532511287,
1.,0.923879532511287,1.))
REPRESENTATION_ITEM('')
);
#189=(
BOUNDED_CURVE()
B_SPLINE_CURVE(2,(#11696,#11697,#11698,#11699,#11700,#11701,#11702,#11703,
#11704,#11705,#11706,#11707,#11708,#11709,#11710,#11711,#11712,#11713,#11714,
#11715,#11716,#11717,#11718,#11719,#11720,#11721,#11722,#11723,#11724,#11725,
#11726,#11727,#11728),.UNSPECIFIED.,.F.,.F.)
B_SPLINE_CURVE_WITH_KNOTS((3,2,2,2,2,2,2,2,2,2,2,2,2,2,2,2,3),(0.,0.0625,
0.125,0.1875,0.25,0.3125,0.375,0.4375,0.5,0.5625,0.625,0.6875,0.75,0.8125,
0.875,0.9375,1.),.UNSPECIFIED.)
CURVE()
GEOMETRIC_REPRESENTATION_ITEM()
RATIONAL_B_SPLINE_CURVE((1.,0.923879532511287,1.,0.923879532511287,1.,0.923879532511287,
1.,0.923879532511287,1.,0.923879532511287,1.,0.923879532511287,1.,0.923879532511287,
1.,0.923879532511287,1.,0.923879532511287,1.,0.923879532511287,1.,0.923879532511287,
1.,0.923879532511287,1.,0.923879532511287,1.,0.923879532511287,1.,0.923879532511287,
1.,0.923879532511287,1.))
REPRESENTATION_ITEM('')
);
#190=(
BOUNDED_CURVE()
B_SPLINE_CURVE(2,(#11730,#11731,#11732,#11733,#11734,#11735,#11736,#11737,
#11738,#11739,#11740,#11741,#11742,#11743,#11744,#11745,#11746,#11747,#11748,
#11749,#11750,#11751,#11752,#11753,#11754,#11755,#11756,#11757,#11758,#11759,
#11760,#11761,#11762),.UNSPECIFIED.,.F.,.F.)
B_SPLINE_CURVE_WITH_KNOTS((3,2,2,2,2,2,2,2,2,2,2,2,2,2,2,2,3),(0.,0.0625,
0.125,0.1875,0.25,0.3125,0.375,0.4375,0.5,0.5625,0.625,0.6875,0.75,0.8125,
0.875,0.9375,1.),.UNSPECIFIED.)
CURVE()
GEOMETRIC_REPRESENTATION_ITEM()
RATIONAL_B_SPLINE_CURVE((1.,0.923879532511287,1.,0.923879532511287,1.,0.923879532511287,
1.,0.923879532511287,1.,0.923879532511287,1.,0.923879532511287,1.,0.923879532511287,
1.,0.923879532511287,1.,0.923879532511287,1.,0.923879532511287,1.,0.923879532511287,
1.,0.923879532511287,1.,0.923879532511287,1.,0.923879532511287,1.,0.923879532511287,
1.,0.923879532511287,1.))
REPRESENTATION_ITEM('')
);
#191=(
BOUNDED_CURVE()
B_SPLINE_CURVE(2,(#11763,#11764,#11765,#11766,#11767,#11768,#11769,#11770,
#11771,#11772,#11773,#11774,#11775,#11776,#11777,#11778,#11779,#11780,#11781,
#11782,#11783,#11784,#11785,#11786,#11787,#11788,#11789,#11790,#11791,#11792,
#11793,#11794,#11795),.UNSPECIFIED.,.F.,.F.)
B_SPLINE_CURVE_WITH_KNOTS((3,2,2,2,2,2,2,2,2,2,2,2,2,2,2,2,3),(0.,0.0625,
0.125,0.1875,0.25,0.3125,0.375,0.4375,0.5,0.5625,0.625,0.6875,0.75,0.8125,
0.875,0.9375,1.),.UNSPECIFIED.)
CURVE()
GEOMETRIC_REPRESENTATION_ITEM()
RATIONAL_B_SPLINE_CURVE((1.,0.923879532511287,1.,0.923879532511287,1.,0.923879532511287,
1.,0.923879532511287,1.,0.923879532511287,1.,0.923879532511287,1.,0.923879532511287,
1.,0.923879532511287,1.,0.923879532511287,1.,0.923879532511287,1.,0.923879532511287,
1.,0.923879532511287,1.,0.923879532511287,1.,0.923879532511287,1.,0.923879532511287,
1.,0.923879532511287,1.))
REPRESENTATION_ITEM('')
);
#192=(
BOUNDED_CURVE()
B_SPLINE_CURVE(2,(#11797,#11798,#11799,#11800,#11801,#11802,#11803,#11804,
#11805,#11806,#11807,#11808,#11809,#11810,#11811,#11812,#11813,#11814,#11815,
#11816,#11817,#11818,#11819,#11820,#11821,#11822,#11823,#11824,#11825,#11826,
#11827,#11828,#11829),.UNSPECIFIED.,.F.,.F.)
B_SPLINE_CURVE_WITH_KNOTS((3,2,2,2,2,2,2,2,2,2,2,2,2,2,2,2,3),(0.,0.0625,
0.125,0.1875,0.25,0.3125,0.375,0.4375,0.5,0.5625,0.625,0.6875,0.75,0.8125,
0.875,0.9375,1.),.UNSPECIFIED.)
CURVE()
GEOMETRIC_REPRESENTATION_ITEM()
RATIONAL_B_SPLINE_CURVE((1.,0.923879532511287,1.,0.923879532511287,1.,0.923879532511287,
1.,0.923879532511287,1.,0.923879532511287,1.,0.923879532511287,1.,0.923879532511287,
1.,0.923879532511287,1.,0.923879532511287,1.,0.923879532511287,1.,0.923879532511287,
1.,0.923879532511287,1.,0.923879532511287,1.,0.923879532511287,1.,0.923879532511287,
1.,0.923879532511287,1.))
REPRESENTATION_ITEM('')
);
#193=(
BOUNDED_CURVE()
B_SPLINE_CURVE(2,(#11830,#11831,#11832,#11833,#11834,#11835,#11836,#11837,
#11838,#11839,#11840,#11841,#11842,#11843,#11844,#11845,#11846,#11847,#11848,
#11849,#11850,#11851,#11852,#11853,#11854,#11855,#11856,#11857,#11858,#11859,
#11860,#11861,#11862),.UNSPECIFIED.,.F.,.F.)
B_SPLINE_CURVE_WITH_KNOTS((3,2,2,2,2,2,2,2,2,2,2,2,2,2,2,2,3),(0.,0.0625,
0.125,0.1875,0.25,0.3125,0.375,0.4375,0.5,0.5625,0.625,0.6875,0.75,0.8125,
0.875,0.9375,1.),.UNSPECIFIED.)
CURVE()
GEOMETRIC_REPRESENTATION_ITEM()
RATIONAL_B_SPLINE_CURVE((1.,0.923879532511287,1.,0.923879532511287,1.,0.923879532511287,
1.,0.923879532511287,1.,0.923879532511287,1.,0.923879532511287,1.,0.923879532511287,
1.,0.923879532511287,1.,0.923879532511287,1.,0.923879532511287,1.,0.923879532511287,
1.,0.923879532511287,1.,0.923879532511287,1.,0.923879532511287,1.,0.923879532511287,
1.,0.923879532511287,1.))
REPRESENTATION_ITEM('')
);
#194=(
BOUNDED_CURVE()
B_SPLINE_CURVE(2,(#11864,#11865,#11866,#11867,#11868,#11869,#11870,#11871,
#11872,#11873,#11874,#11875,#11876,#11877,#11878,#11879,#11880,#11881,#11882,
#11883,#11884,#11885,#11886,#11887,#11888,#11889,#11890,#11891,#11892,#11893,
#11894,#11895,#11896),.UNSPECIFIED.,.F.,.F.)
B_SPLINE_CURVE_WITH_KNOTS((3,2,2,2,2,2,2,2,2,2,2,2,2,2,2,2,3),(0.,0.0625,
0.125,0.1875,0.25,0.3125,0.375,0.4375,0.5,0.5625,0.625,0.6875,0.75,0.8125,
0.875,0.9375,1.),.UNSPECIFIED.)
CURVE()
GEOMETRIC_REPRESENTATION_ITEM()
RATIONAL_B_SPLINE_CURVE((1.,0.923879532511287,1.,0.923879532511287,1.,0.923879532511287,
1.,0.923879532511287,1.,0.923879532511287,1.,0.923879532511287,1.,0.923879532511287,
1.,0.923879532511287,1.,0.923879532511287,1.,0.923879532511287,1.,0.923879532511287,
1.,0.923879532511287,1.,0.923879532511287,1.,0.923879532511287,1.,0.923879532511287,
1.,0.923879532511287,1.))
REPRESENTATION_ITEM('')
);
#195=(
BOUNDED_CURVE()
B_SPLINE_CURVE(2,(#11897,#11898,#11899,#11900,#11901,#11902,#11903,#11904,
#11905,#11906,#11907,#11908,#11909,#11910,#11911,#11912,#11913,#11914,#11915,
#11916,#11917,#11918,#11919,#11920,#11921,#11922,#11923,#11924,#11925,#11926,
#11927,#11928,#11929),.UNSPECIFIED.,.F.,.F.)
B_SPLINE_CURVE_WITH_KNOTS((3,2,2,2,2,2,2,2,2,2,2,2,2,2,2,2,3),(0.,0.0625,
0.125,0.1875,0.25,0.3125,0.375,0.4375,0.5,0.5625,0.625,0.6875,0.75,0.8125,
0.875,0.9375,1.),.UNSPECIFIED.)
CURVE()
GEOMETRIC_REPRESENTATION_ITEM()
RATIONAL_B_SPLINE_CURVE((1.,0.923879532511287,1.,0.923879532511287,1.,0.923879532511287,
1.,0.923879532511287,1.,0.923879532511287,1.,0.923879532511287,1.,0.923879532511287,
1.,0.923879532511287,1.,0.923879532511287,1.,0.923879532511287,1.,0.923879532511287,
1.,0.923879532511287,1.,0.923879532511287,1.,0.923879532511287,1.,0.923879532511287,
1.,0.923879532511287,1.))
REPRESENTATION_ITEM('')
);
#196=(
BOUNDED_CURVE()
B_SPLINE_CURVE(2,(#11931,#11932,#11933,#11934,#11935,#11936,#11937,#11938,
#11939,#11940,#11941,#11942,#11943,#11944,#11945,#11946,#11947,#11948,#11949,
#11950,#11951,#11952,#11953,#11954,#11955,#11956,#11957,#11958,#11959,#11960,
#11961,#11962,#11963),.UNSPECIFIED.,.F.,.F.)
B_SPLINE_CURVE_WITH_KNOTS((3,2,2,2,2,2,2,2,2,2,2,2,2,2,2,2,3),(0.,0.0625,
0.125,0.1875,0.25,0.3125,0.375,0.4375,0.5,0.5625,0.625,0.6875,0.75,0.8125,
0.875,0.9375,1.),.UNSPECIFIED.)
CURVE()
GEOMETRIC_REPRESENTATION_ITEM()
RATIONAL_B_SPLINE_CURVE((1.,0.923879532511287,1.,0.923879532511287,1.,0.923879532511287,
1.,0.923879532511287,1.,0.923879532511287,1.,0.923879532511287,1.,0.923879532511287,
1.,0.923879532511287,1.,0.923879532511287,1.,0.923879532511287,1.,0.923879532511287,
1.,0.923879532511287,1.,0.923879532511287,1.,0.923879532511287,1.,0.923879532511287,
1.,0.923879532511287,1.))
REPRESENTATION_ITEM('')
);
#197=(
BOUNDED_CURVE()
B_SPLINE_CURVE(2,(#11964,#11965,#11966,#11967,#11968,#11969,#11970,#11971,
#11972,#11973,#11974,#11975,#11976,#11977,#11978,#11979,#11980,#11981,#11982,
#11983,#11984,#11985,#11986,#11987,#11988,#11989,#11990,#11991,#11992,#11993,
#11994,#11995,#11996),.UNSPECIFIED.,.F.,.F.)
B_SPLINE_CURVE_WITH_KNOTS((3,2,2,2,2,2,2,2,2,2,2,2,2,2,2,2,3),(0.,0.0625,
0.125,0.1875,0.25,0.3125,0.375,0.4375,0.5,0.5625,0.625,0.6875,0.75,0.8125,
0.875,0.9375,1.),.UNSPECIFIED.)
CURVE()
GEOMETRIC_REPRESENTATION_ITEM()
RATIONAL_B_SPLINE_CURVE((1.,0.923879532511287,1.,0.923879532511287,1.,0.923879532511287,
1.,0.923879532511287,1.,0.923879532511287,1.,0.923879532511287,1.,0.923879532511287,
1.,0.923879532511287,1.,0.923879532511287,1.,0.923879532511287,1.,0.923879532511287,
1.,0.923879532511287,1.,0.923879532511287,1.,0.923879532511287,1.,0.923879532511287,
1.,0.923879532511287,1.))
REPRESENTATION_ITEM('')
);
#198=(
BOUNDED_CURVE()
B_SPLINE_CURVE(2,(#11998,#11999,#12000,#12001,#12002,#12003,#12004,#12005,
#12006,#12007,#12008,#12009,#12010,#12011,#12012,#12013,#12014,#12015,#12016,
#12017,#12018,#12019,#12020,#12021,#12022,#12023,#12024,#12025,#12026,#12027,
#12028,#12029,#12030),.UNSPECIFIED.,.F.,.F.)
B_SPLINE_CURVE_WITH_KNOTS((3,2,2,2,2,2,2,2,2,2,2,2,2,2,2,2,3),(0.,0.0625,
0.125,0.1875,0.25,0.3125,0.375,0.4375,0.5,0.5625,0.625,0.6875,0.75,0.8125,
0.875,0.9375,1.),.UNSPECIFIED.)
CURVE()
GEOMETRIC_REPRESENTATION_ITEM()
RATIONAL_B_SPLINE_CURVE((1.,0.923879532511287,1.,0.923879532511287,1.,0.923879532511287,
1.,0.923879532511287,1.,0.923879532511287,1.,0.923879532511287,1.,0.923879532511287,
1.,0.923879532511287,1.,0.923879532511287,1.,0.923879532511287,1.,0.923879532511287,
1.,0.923879532511287,1.,0.923879532511287,1.,0.923879532511287,1.,0.923879532511287,
1.,0.923879532511287,1.))
REPRESENTATION_ITEM('')
);
#199=(
BOUNDED_CURVE()
B_SPLINE_CURVE(2,(#12031,#12032,#12033,#12034,#12035,#12036,#12037,#12038,
#12039,#12040,#12041,#12042,#12043,#12044,#12045,#12046,#12047,#12048,#12049,
#12050,#12051,#12052,#12053,#12054,#12055,#12056,#12057,#12058,#12059,#12060,
#12061,#12062,#12063),.UNSPECIFIED.,.F.,.F.)
B_SPLINE_CURVE_WITH_KNOTS((3,2,2,2,2,2,2,2,2,2,2,2,2,2,2,2,3),(0.,0.0625,
0.125,0.1875,0.25,0.3125,0.375,0.4375,0.5,0.5625,0.625,0.6875,0.75,0.8125,
0.875,0.9375,1.),.UNSPECIFIED.)
CURVE()
GEOMETRIC_REPRESENTATION_ITEM()
RATIONAL_B_SPLINE_CURVE((1.,0.923879532511287,1.,0.923879532511287,1.,0.923879532511287,
1.,0.923879532511287,1.,0.923879532511287,1.,0.923879532511287,1.,0.923879532511287,
1.,0.923879532511287,1.,0.923879532511287,1.,0.923879532511287,1.,0.923879532511287,
1.,0.923879532511287,1.,0.923879532511287,1.,0.923879532511287,1.,0.923879532511287,
1.,0.923879532511287,1.))
REPRESENTATION_ITEM('')
);
#200=(
BOUNDED_CURVE()
B_SPLINE_CURVE(2,(#12065,#12066,#12067,#12068,#12069,#12070,#12071,#12072,
#12073,#12074,#12075,#12076,#12077,#12078,#12079,#12080,#12081,#12082,#12083,
#12084,#12085,#12086,#12087,#12088,#12089,#12090,#12091,#12092,#12093,#12094,
#12095,#12096,#12097),.UNSPECIFIED.,.F.,.F.)
B_SPLINE_CURVE_WITH_KNOTS((3,2,2,2,2,2,2,2,2,2,2,2,2,2,2,2,3),(0.,0.0625,
0.125,0.1875,0.25,0.3125,0.375,0.4375,0.5,0.5625,0.625,0.6875,0.75,0.8125,
0.875,0.9375,1.),.UNSPECIFIED.)
CURVE()
GEOMETRIC_REPRESENTATION_ITEM()
RATIONAL_B_SPLINE_CURVE((1.,0.923879532511287,1.,0.923879532511287,1.,0.923879532511287,
1.,0.923879532511287,1.,0.923879532511287,1.,0.923879532511287,1.,0.923879532511287,
1.,0.923879532511287,1.,0.923879532511287,1.,0.923879532511287,1.,0.923879532511287,
1.,0.923879532511287,1.,0.923879532511287,1.,0.923879532511287,1.,0.923879532511287,
1.,0.923879532511287,1.))
REPRESENTATION_ITEM('')
);
#201=(
BOUNDED_CURVE()
B_SPLINE_CURVE(2,(#12098,#12099,#12100,#12101,#12102,#12103,#12104,#12105,
#12106,#12107,#12108,#12109,#12110,#12111,#12112,#12113,#12114,#12115,#12116,
#12117,#12118,#12119,#12120,#12121,#12122,#12123,#12124,#12125,#12126,#12127,
#12128,#12129,#12130),.UNSPECIFIED.,.F.,.F.)
B_SPLINE_CURVE_WITH_KNOTS((3,2,2,2,2,2,2,2,2,2,2,2,2,2,2,2,3),(0.,0.0625,
0.125,0.1875,0.25,0.3125,0.375,0.4375,0.5,0.5625,0.625,0.6875,0.75,0.8125,
0.875,0.9375,1.),.UNSPECIFIED.)
CURVE()
GEOMETRIC_REPRESENTATION_ITEM()
RATIONAL_B_SPLINE_CURVE((1.,0.923879532511287,1.,0.923879532511287,1.,0.923879532511287,
1.,0.923879532511287,1.,0.923879532511287,1.,0.923879532511287,1.,0.923879532511287,
1.,0.923879532511287,1.,0.923879532511287,1.,0.923879532511287,1.,0.923879532511287,
1.,0.923879532511287,1.,0.923879532511287,1.,0.923879532511287,1.,0.923879532511287,
1.,0.923879532511287,1.))
REPRESENTATION_ITEM('')
);
#202=(
BOUNDED_CURVE()
B_SPLINE_CURVE(2,(#12132,#12133,#12134,#12135,#12136,#12137,#12138,#12139,
#12140,#12141,#12142,#12143,#12144,#12145,#12146,#12147,#12148,#12149,#12150,
#12151,#12152,#12153,#12154,#12155,#12156,#12157,#12158,#12159,#12160,#12161,
#12162,#12163,#12164),.UNSPECIFIED.,.F.,.F.)
B_SPLINE_CURVE_WITH_KNOTS((3,2,2,2,2,2,2,2,2,2,2,2,2,2,2,2,3),(0.,0.0625,
0.125,0.1875,0.25,0.3125,0.375,0.4375,0.5,0.5625,0.625,0.6875,0.75,0.8125,
0.875,0.9375,1.),.UNSPECIFIED.)
CURVE()
GEOMETRIC_REPRESENTATION_ITEM()
RATIONAL_B_SPLINE_CURVE((1.,0.923879532511287,1.,0.923879532511287,1.,0.923879532511287,
1.,0.923879532511287,1.,0.923879532511287,1.,0.923879532511287,1.,0.923879532511287,
1.,0.923879532511287,1.,0.923879532511287,1.,0.923879532511287,1.,0.923879532511287,
1.,0.923879532511287,1.,0.923879532511287,1.,0.923879532511287,1.,0.923879532511287,
1.,0.923879532511287,1.))
REPRESENTATION_ITEM('')
);
#203=(
BOUNDED_CURVE()
B_SPLINE_CURVE(2,(#12165,#12166,#12167,#12168,#12169,#12170,#12171,#12172,
#12173,#12174,#12175,#12176,#12177,#12178,#12179,#12180,#12181,#12182,#12183,
#12184,#12185,#12186,#12187,#12188,#12189,#12190,#12191,#12192,#12193,#12194,
#12195,#12196,#12197),.UNSPECIFIED.,.F.,.F.)
B_SPLINE_CURVE_WITH_KNOTS((3,2,2,2,2,2,2,2,2,2,2,2,2,2,2,2,3),(0.,0.0625,
0.125,0.1875,0.25,0.3125,0.375,0.4375,0.5,0.5625,0.625,0.6875,0.75,0.8125,
0.875,0.9375,1.),.UNSPECIFIED.)
CURVE()
GEOMETRIC_REPRESENTATION_ITEM()
RATIONAL_B_SPLINE_CURVE((1.,0.923879532511287,1.,0.923879532511287,1.,0.923879532511287,
1.,0.923879532511287,1.,0.923879532511287,1.,0.923879532511287,1.,0.923879532511287,
1.,0.923879532511287,1.,0.923879532511287,1.,0.923879532511287,1.,0.923879532511287,
1.,0.923879532511287,1.,0.923879532511287,1.,0.923879532511287,1.,0.923879532511287,
1.,0.923879532511287,1.))
REPRESENTATION_ITEM('')
);
#204=(
BOUNDED_CURVE()
B_SPLINE_CURVE(2,(#12199,#12200,#12201,#12202,#12203,#12204,#12205,#12206,
#12207,#12208,#12209,#12210,#12211,#12212,#12213,#12214,#12215,#12216,#12217,
#12218,#12219,#12220,#12221,#12222,#12223,#12224,#12225,#12226,#12227,#12228,
#12229,#12230,#12231),.UNSPECIFIED.,.F.,.F.)
B_SPLINE_CURVE_WITH_KNOTS((3,2,2,2,2,2,2,2,2,2,2,2,2,2,2,2,3),(0.,0.0625,
0.125,0.1875,0.25,0.3125,0.375,0.4375,0.5,0.5625,0.625,0.6875,0.75,0.8125,
0.875,0.9375,1.),.UNSPECIFIED.)
CURVE()
GEOMETRIC_REPRESENTATION_ITEM()
RATIONAL_B_SPLINE_CURVE((1.,0.923879532511287,1.,0.923879532511287,1.,0.923879532511287,
1.,0.923879532511287,1.,0.923879532511287,1.,0.923879532511287,1.,0.923879532511287,
1.,0.923879532511287,1.,0.923879532511287,1.,0.923879532511287,1.,0.923879532511287,
1.,0.923879532511287,1.,0.923879532511287,1.,0.923879532511287,1.,0.923879532511287,
1.,0.923879532511287,1.))
REPRESENTATION_ITEM('')
);
#205=(
BOUNDED_CURVE()
B_SPLINE_CURVE(2,(#12232,#12233,#12234,#12235,#12236,#12237,#12238,#12239,
#12240,#12241,#12242,#12243,#12244,#12245,#12246,#12247,#12248,#12249,#12250,
#12251,#12252,#12253,#12254,#12255,#12256,#12257,#12258,#12259,#12260,#12261,
#12262,#12263,#12264),.UNSPECIFIED.,.F.,.F.)
B_SPLINE_CURVE_WITH_KNOTS((3,2,2,2,2,2,2,2,2,2,2,2,2,2,2,2,3),(0.,0.0625,
0.125,0.1875,0.25,0.3125,0.375,0.4375,0.5,0.5625,0.625,0.6875,0.75,0.8125,
0.875,0.9375,1.),.UNSPECIFIED.)
CURVE()
GEOMETRIC_REPRESENTATION_ITEM()
RATIONAL_B_SPLINE_CURVE((1.,0.923879532511287,1.,0.923879532511287,1.,0.923879532511287,
1.,0.923879532511287,1.,0.923879532511287,1.,0.923879532511287,1.,0.923879532511287,
1.,0.923879532511287,1.,0.923879532511287,1.,0.923879532511287,1.,0.923879532511287,
1.,0.923879532511287,1.,0.923879532511287,1.,0.923879532511287,1.,0.923879532511287,
1.,0.923879532511287,1.))
REPRESENTATION_ITEM('')
);
#206=(
BOUNDED_CURVE()
B_SPLINE_CURVE(2,(#12266,#12267,#12268,#12269,#12270,#12271,#12272,#12273,
#12274,#12275,#12276,#12277,#12278,#12279,#12280,#12281,#12282,#12283,#12284,
#12285,#12286,#12287,#12288,#12289,#12290,#12291,#12292,#12293,#12294,#12295,
#12296,#12297,#12298),.UNSPECIFIED.,.F.,.F.)
B_SPLINE_CURVE_WITH_KNOTS((3,2,2,2,2,2,2,2,2,2,2,2,2,2,2,2,3),(0.,0.0625,
0.125,0.1875,0.25,0.3125,0.375,0.4375,0.5,0.5625,0.625,0.6875,0.75,0.8125,
0.875,0.9375,1.),.UNSPECIFIED.)
CURVE()
GEOMETRIC_REPRESENTATION_ITEM()
RATIONAL_B_SPLINE_CURVE((1.,0.923879532511287,1.,0.923879532511287,1.,0.923879532511287,
1.,0.923879532511287,1.,0.923879532511287,1.,0.923879532511287,1.,0.923879532511287,
1.,0.923879532511287,1.,0.923879532511287,1.,0.923879532511287,1.,0.923879532511287,
1.,0.923879532511287,1.,0.923879532511287,1.,0.923879532511287,1.,0.923879532511287,
1.,0.923879532511287,1.))
REPRESENTATION_ITEM('')
);
#207=(
BOUNDED_CURVE()
B_SPLINE_CURVE(2,(#12299,#12300,#12301,#12302,#12303,#12304,#12305,#12306,
#12307,#12308,#12309,#12310,#12311,#12312,#12313,#12314,#12315,#12316,#12317,
#12318,#12319,#12320,#12321,#12322,#12323,#12324,#12325,#12326,#12327,#12328,
#12329,#12330,#12331),.UNSPECIFIED.,.F.,.F.)
B_SPLINE_CURVE_WITH_KNOTS((3,2,2,2,2,2,2,2,2,2,2,2,2,2,2,2,3),(0.,0.0625,
0.125,0.1875,0.25,0.3125,0.375,0.4375,0.5,0.5625,0.625,0.6875,0.75,0.8125,
0.875,0.9375,1.),.UNSPECIFIED.)
CURVE()
GEOMETRIC_REPRESENTATION_ITEM()
RATIONAL_B_SPLINE_CURVE((1.,0.923879532511287,1.,0.923879532511287,1.,0.923879532511287,
1.,0.923879532511287,1.,0.923879532511287,1.,0.923879532511287,1.,0.923879532511287,
1.,0.923879532511287,1.,0.923879532511287,1.,0.923879532511287,1.,0.923879532511287,
1.,0.923879532511287,1.,0.923879532511287,1.,0.923879532511287,1.,0.923879532511287,
1.,0.923879532511287,1.))
REPRESENTATION_ITEM('')
);
#208=(
BOUNDED_CURVE()
B_SPLINE_CURVE(2,(#12333,#12334,#12335,#12336,#12337,#12338,#12339,#12340,
#12341,#12342,#12343,#12344,#12345,#12346,#12347,#12348,#12349,#12350,#12351,
#12352,#12353,#12354,#12355,#12356,#12357,#12358,#12359,#12360,#12361,#12362,
#12363,#12364,#12365),.UNSPECIFIED.,.F.,.F.)
B_SPLINE_CURVE_WITH_KNOTS((3,2,2,2,2,2,2,2,2,2,2,2,2,2,2,2,3),(0.,0.0625,
0.125,0.1875,0.25,0.3125,0.375,0.4375,0.5,0.5625,0.625,0.6875,0.75,0.8125,
0.875,0.9375,1.),.UNSPECIFIED.)
CURVE()
GEOMETRIC_REPRESENTATION_ITEM()
RATIONAL_B_SPLINE_CURVE((1.,0.923879532511287,1.,0.923879532511287,1.,0.923879532511287,
1.,0.923879532511287,1.,0.923879532511287,1.,0.923879532511287,1.,0.923879532511287,
1.,0.923879532511287,1.,0.923879532511287,1.,0.923879532511287,1.,0.923879532511287,
1.,0.923879532511287,1.,0.923879532511287,1.,0.923879532511287,1.,0.923879532511287,
1.,0.923879532511287,1.))
REPRESENTATION_ITEM('')
);
#209=(
BOUNDED_CURVE()
B_SPLINE_CURVE(2,(#12366,#12367,#12368,#12369,#12370,#12371,#12372,#12373,
#12374,#12375,#12376,#12377,#12378,#12379,#12380,#12381,#12382,#12383,#12384,
#12385,#12386,#12387,#12388,#12389,#12390,#12391,#12392,#12393,#12394,#12395,
#12396,#12397,#12398),.UNSPECIFIED.,.F.,.F.)
B_SPLINE_CURVE_WITH_KNOTS((3,2,2,2,2,2,2,2,2,2,2,2,2,2,2,2,3),(0.,0.0625,
0.125,0.1875,0.25,0.3125,0.375,0.4375,0.5,0.5625,0.625,0.6875,0.75,0.8125,
0.875,0.9375,1.),.UNSPECIFIED.)
CURVE()
GEOMETRIC_REPRESENTATION_ITEM()
RATIONAL_B_SPLINE_CURVE((1.,0.923879532511287,1.,0.923879532511287,1.,0.923879532511287,
1.,0.923879532511287,1.,0.923879532511287,1.,0.923879532511287,1.,0.923879532511287,
1.,0.923879532511287,1.,0.923879532511287,1.,0.923879532511287,1.,0.923879532511287,
1.,0.923879532511287,1.,0.923879532511287,1.,0.923879532511287,1.,0.923879532511287,
1.,0.923879532511287,1.))
REPRESENTATION_ITEM('')
);
#210=(
BOUNDED_CURVE()
B_SPLINE_CURVE(2,(#12400,#12401,#12402,#12403,#12404,#12405,#12406,#12407,
#12408,#12409,#12410,#12411,#12412,#12413,#12414,#12415,#12416,#12417,#12418,
#12419,#12420,#12421,#12422,#12423,#12424,#12425,#12426,#12427,#12428,#12429,
#12430,#12431,#12432),.UNSPECIFIED.,.F.,.F.)
B_SPLINE_CURVE_WITH_KNOTS((3,2,2,2,2,2,2,2,2,2,2,2,2,2,2,2,3),(0.,0.0625,
0.125,0.1875,0.25,0.3125,0.375,0.4375,0.5,0.5625,0.625,0.6875,0.75,0.8125,
0.875,0.9375,1.),.UNSPECIFIED.)
CURVE()
GEOMETRIC_REPRESENTATION_ITEM()
RATIONAL_B_SPLINE_CURVE((1.,0.923879532511287,1.,0.923879532511287,1.,0.923879532511287,
1.,0.923879532511287,1.,0.923879532511287,1.,0.923879532511287,1.,0.923879532511287,
1.,0.923879532511287,1.,0.923879532511287,1.,0.923879532511287,1.,0.923879532511287,
1.,0.923879532511287,1.,0.923879532511287,1.,0.923879532511287,1.,0.923879532511287,
1.,0.923879532511287,1.))
REPRESENTATION_ITEM('')
);
#211=(
BOUNDED_CURVE()
B_SPLINE_CURVE(2,(#12433,#12434,#12435,#12436,#12437,#12438,#12439,#12440,
#12441,#12442,#12443,#12444,#12445,#12446,#12447,#12448,#12449,#12450,#12451,
#12452,#12453,#12454,#12455,#12456,#12457,#12458,#12459,#12460,#12461,#12462,
#12463,#12464,#12465),.UNSPECIFIED.,.F.,.F.)
B_SPLINE_CURVE_WITH_KNOTS((3,2,2,2,2,2,2,2,2,2,2,2,2,2,2,2,3),(0.,0.0625,
0.125,0.1875,0.25,0.3125,0.375,0.4375,0.5,0.5625,0.625,0.6875,0.75,0.8125,
0.875,0.9375,1.),.UNSPECIFIED.)
CURVE()
GEOMETRIC_REPRESENTATION_ITEM()
RATIONAL_B_SPLINE_CURVE((1.,0.923879532511287,1.,0.923879532511287,1.,0.923879532511287,
1.,0.923879532511287,1.,0.923879532511287,1.,0.923879532511287,1.,0.923879532511287,
1.,0.923879532511287,1.,0.923879532511287,1.,0.923879532511287,1.,0.923879532511287,
1.,0.923879532511287,1.,0.923879532511287,1.,0.923879532511287,1.,0.923879532511287,
1.,0.923879532511287,1.))
REPRESENTATION_ITEM('')
);
#212=(
BOUNDED_CURVE()
B_SPLINE_CURVE(2,(#12467,#12468,#12469,#12470,#12471,#12472,#12473,#12474,
#12475,#12476,#12477,#12478,#12479,#12480,#12481,#12482,#12483,#12484,#12485,
#12486,#12487,#12488,#12489,#12490,#12491,#12492,#12493,#12494,#12495,#12496,
#12497,#12498,#12499),.UNSPECIFIED.,.F.,.F.)
B_SPLINE_CURVE_WITH_KNOTS((3,2,2,2,2,2,2,2,2,2,2,2,2,2,2,2,3),(0.,0.0625,
0.125,0.1875,0.25,0.3125,0.375,0.4375,0.5,0.5625,0.625,0.6875,0.75,0.8125,
0.875,0.9375,1.),.UNSPECIFIED.)
CURVE()
GEOMETRIC_REPRESENTATION_ITEM()
RATIONAL_B_SPLINE_CURVE((1.,0.923879532511287,1.,0.923879532511287,1.,0.923879532511287,
1.,0.923879532511287,1.,0.923879532511287,1.,0.923879532511287,1.,0.923879532511287,
1.,0.923879532511287,1.,0.923879532511287,1.,0.923879532511287,1.,0.923879532511287,
1.,0.923879532511287,1.,0.923879532511287,1.,0.923879532511287,1.,0.923879532511287,
1.,0.923879532511287,1.))
REPRESENTATION_ITEM('')
);
#213=(
BOUNDED_CURVE()
B_SPLINE_CURVE(2,(#12500,#12501,#12502,#12503,#12504,#12505,#12506,#12507,
#12508,#12509,#12510,#12511,#12512,#12513,#12514,#12515,#12516,#12517,#12518,
#12519,#12520,#12521,#12522,#12523,#12524,#12525,#12526,#12527,#12528,#12529,
#12530,#12531,#12532),.UNSPECIFIED.,.F.,.F.)
B_SPLINE_CURVE_WITH_KNOTS((3,2,2,2,2,2,2,2,2,2,2,2,2,2,2,2,3),(0.,0.0625,
0.125,0.1875,0.25,0.3125,0.375,0.4375,0.5,0.5625,0.625,0.6875,0.75,0.8125,
0.875,0.9375,1.),.UNSPECIFIED.)
CURVE()
GEOMETRIC_REPRESENTATION_ITEM()
RATIONAL_B_SPLINE_CURVE((1.,0.923879532511287,1.,0.923879532511287,1.,0.923879532511287,
1.,0.923879532511287,1.,0.923879532511287,1.,0.923879532511287,1.,0.923879532511287,
1.,0.923879532511287,1.,0.923879532511287,1.,0.923879532511287,1.,0.923879532511287,
1.,0.923879532511287,1.,0.923879532511287,1.,0.923879532511287,1.,0.923879532511287,
1.,0.923879532511287,1.))
REPRESENTATION_ITEM('')
);
#214=(
BOUNDED_CURVE()
B_SPLINE_CURVE(2,(#12534,#12535,#12536,#12537,#12538,#12539,#12540,#12541,
#12542,#12543,#12544,#12545,#12546,#12547,#12548,#12549,#12550,#12551,#12552,
#12553,#12554,#12555,#12556,#12557,#12558,#12559,#12560,#12561,#12562,#12563,
#12564,#12565,#12566),.UNSPECIFIED.,.F.,.F.)
B_SPLINE_CURVE_WITH_KNOTS((3,2,2,2,2,2,2,2,2,2,2,2,2,2,2,2,3),(0.,0.0625,
0.125,0.1875,0.25,0.3125,0.375,0.4375,0.5,0.5625,0.625,0.6875,0.75,0.8125,
0.875,0.9375,1.),.UNSPECIFIED.)
CURVE()
GEOMETRIC_REPRESENTATION_ITEM()
RATIONAL_B_SPLINE_CURVE((1.,0.923879532511287,1.,0.923879532511287,1.,0.923879532511287,
1.,0.923879532511287,1.,0.923879532511287,1.,0.923879532511287,1.,0.923879532511287,
1.,0.923879532511287,1.,0.923879532511287,1.,0.923879532511287,1.,0.923879532511287,
1.,0.923879532511287,1.,0.923879532511287,1.,0.923879532511287,1.,0.923879532511287,
1.,0.923879532511287,1.))
REPRESENTATION_ITEM('')
);
#215=(
BOUNDED_CURVE()
B_SPLINE_CURVE(2,(#12567,#12568,#12569,#12570,#12571,#12572,#12573,#12574,
#12575,#12576,#12577,#12578,#12579,#12580,#12581,#12582,#12583,#12584,#12585,
#12586,#12587,#12588,#12589,#12590,#12591,#12592,#12593,#12594,#12595,#12596,
#12597,#12598,#12599),.UNSPECIFIED.,.F.,.F.)
B_SPLINE_CURVE_WITH_KNOTS((3,2,2,2,2,2,2,2,2,2,2,2,2,2,2,2,3),(0.,0.0625,
0.125,0.1875,0.25,0.3125,0.375,0.4375,0.5,0.5625,0.625,0.6875,0.75,0.8125,
0.875,0.9375,1.),.UNSPECIFIED.)
CURVE()
GEOMETRIC_REPRESENTATION_ITEM()
RATIONAL_B_SPLINE_CURVE((1.,0.923879532511287,1.,0.923879532511287,1.,0.923879532511287,
1.,0.923879532511287,1.,0.923879532511287,1.,0.923879532511287,1.,0.923879532511287,
1.,0.923879532511287,1.,0.923879532511287,1.,0.923879532511287,1.,0.923879532511287,
1.,0.923879532511287,1.,0.923879532511287,1.,0.923879532511287,1.,0.923879532511287,
1.,0.923879532511287,1.))
REPRESENTATION_ITEM('')
);
#216=(
BOUNDED_CURVE()
B_SPLINE_CURVE(2,(#12606,#12607,#12608,#12609,#12610,#12611,#12612,#12613,
#12614,#12615,#12616,#12617,#12618,#12619,#12620,#12621,#12622,#12623,#12624,
#12625,#12626,#12627,#12628,#12629,#12630,#12631,#12632,#12633,#12634,#12635,
#12636,#12637,#12638),.UNSPECIFIED.,.F.,.F.)
B_SPLINE_CURVE_WITH_KNOTS((3,2,2,2,2,2,2,2,2,2,2,2,2,2,2,2,3),(0.,0.0625,
0.125,0.1875,0.25,0.3125,0.375,0.4375,0.5,0.5625,0.625,0.6875,0.75,0.8125,
0.875,0.9375,1.),.UNSPECIFIED.)
CURVE()
GEOMETRIC_REPRESENTATION_ITEM()
RATIONAL_B_SPLINE_CURVE((1.,0.923879532511287,1.,0.923879532511287,1.,0.923879532511287,
1.,0.923879532511287,1.,0.923879532511287,1.,0.923879532511287,1.,0.923879532511287,
1.,0.923879532511287,1.,0.923879532511287,1.,0.923879532511287,1.,0.923879532511287,
1.,0.923879532511287,1.,0.923879532511287,1.,0.923879532511287,1.,0.923879532511287,
1.,0.923879532511287,1.))
REPRESENTATION_ITEM('')
);
#217=(
BOUNDED_CURVE()
B_SPLINE_CURVE(2,(#12655,#12656,#12657,#12658,#12659,#12660,#12661,#12662,
#12663,#12664,#12665,#12666,#12667,#12668,#12669,#12670,#12671,#12672,#12673,
#12674,#12675,#12676,#12677,#12678,#12679,#12680,#12681,#12682,#12683,#12684,
#12685,#12686,#12687),.UNSPECIFIED.,.F.,.F.)
B_SPLINE_CURVE_WITH_KNOTS((3,2,2,2,2,2,2,2,2,2,2,2,2,2,2,2,3),(0.,0.0625,
0.125,0.1875,0.25,0.3125,0.375,0.4375,0.5,0.5625,0.625,0.6875,0.75,0.8125,
0.875,0.9375,1.),.UNSPECIFIED.)
CURVE()
GEOMETRIC_REPRESENTATION_ITEM()
RATIONAL_B_SPLINE_CURVE((1.,0.923879532511287,1.,0.923879532511287,1.,0.923879532511287,
1.,0.923879532511287,1.,0.923879532511287,1.,0.923879532511287,1.,0.923879532511287,
1.,0.923879532511287,1.,0.923879532511287,1.,0.923879532511287,1.,0.923879532511287,
1.,0.923879532511287,1.,0.923879532511287,1.,0.923879532511287,1.,0.923879532511287,
1.,0.923879532511287,1.))
REPRESENTATION_ITEM('')
);
#218=(
BOUNDED_CURVE()
B_SPLINE_CURVE(2,(#12704,#12705,#12706,#12707,#12708,#12709,#12710,#12711,
#12712,#12713,#12714,#12715,#12716,#12717,#12718,#12719,#12720,#12721,#12722,
#12723,#12724,#12725,#12726,#12727,#12728,#12729,#12730,#12731,#12732,#12733,
#12734,#12735,#12736),.UNSPECIFIED.,.F.,.F.)
B_SPLINE_CURVE_WITH_KNOTS((3,2,2,2,2,2,2,2,2,2,2,2,2,2,2,2,3),(0.,0.0625,
0.125,0.1875,0.25,0.3125,0.375,0.4375,0.5,0.5625,0.625,0.6875,0.75,0.8125,
0.875,0.9375,1.),.UNSPECIFIED.)
CURVE()
GEOMETRIC_REPRESENTATION_ITEM()
RATIONAL_B_SPLINE_CURVE((1.,0.923879532511287,1.,0.923879532511287,1.,0.923879532511287,
1.,0.923879532511287,1.,0.923879532511287,1.,0.923879532511287,1.,0.923879532511287,
1.,0.923879532511287,1.,0.923879532511287,1.,0.923879532511287,1.,0.923879532511287,
1.,0.923879532511287,1.,0.923879532511287,1.,0.923879532511287,1.,0.923879532511287,
1.,0.923879532511287,1.))
REPRESENTATION_ITEM('')
);
#219=(
BOUNDED_CURVE()
B_SPLINE_CURVE(2,(#12753,#12754,#12755,#12756,#12757,#12758,#12759,#12760,
#12761,#12762,#12763,#12764,#12765,#12766,#12767,#12768,#12769,#12770,#12771,
#12772,#12773,#12774,#12775,#12776,#12777,#12778,#12779,#12780,#12781,#12782,
#12783,#12784,#12785),.UNSPECIFIED.,.F.,.F.)
B_SPLINE_CURVE_WITH_KNOTS((3,2,2,2,2,2,2,2,2,2,2,2,2,2,2,2,3),(0.,0.0625,
0.125,0.1875,0.25,0.3125,0.375,0.4375,0.5,0.5625,0.625,0.6875,0.75,0.8125,
0.875,0.9375,1.),.UNSPECIFIED.)
CURVE()
GEOMETRIC_REPRESENTATION_ITEM()
RATIONAL_B_SPLINE_CURVE((1.,0.923879532511287,1.,0.923879532511287,1.,0.923879532511287,
1.,0.923879532511287,1.,0.923879532511287,1.,0.923879532511287,1.,0.923879532511287,
1.,0.923879532511287,1.,0.923879532511287,1.,0.923879532511287,1.,0.923879532511287,
1.,0.923879532511287,1.,0.923879532511287,1.,0.923879532511287,1.,0.923879532511287,
1.,0.923879532511287,1.))
REPRESENTATION_ITEM('')
);
#220=(
BOUNDED_CURVE()
B_SPLINE_CURVE(2,(#12802,#12803,#12804,#12805,#12806,#12807,#12808,#12809,
#12810,#12811,#12812,#12813,#12814,#12815,#12816,#12817,#12818,#12819,#12820,
#12821,#12822,#12823,#12824,#12825,#12826,#12827,#12828,#12829,#12830,#12831,
#12832,#12833,#12834),.UNSPECIFIED.,.F.,.F.)
B_SPLINE_CURVE_WITH_KNOTS((3,2,2,2,2,2,2,2,2,2,2,2,2,2,2,2,3),(0.,0.0625,
0.125,0.1875,0.25,0.3125,0.375,0.4375,0.5,0.5625,0.625,0.6875,0.75,0.8125,
0.875,0.9375,1.),.UNSPECIFIED.)
CURVE()
GEOMETRIC_REPRESENTATION_ITEM()
RATIONAL_B_SPLINE_CURVE((1.,0.923879532511287,1.,0.923879532511287,1.,0.923879532511287,
1.,0.923879532511287,1.,0.923879532511287,1.,0.923879532511287,1.,0.923879532511287,
1.,0.923879532511287,1.,0.923879532511287,1.,0.923879532511287,1.,0.923879532511287,
1.,0.923879532511287,1.,0.923879532511287,1.,0.923879532511287,1.,0.923879532511287,
1.,0.923879532511287,1.))
REPRESENTATION_ITEM('')
);
#221=(
BOUNDED_CURVE()
B_SPLINE_CURVE(2,(#12856,#12857,#12858,#12859,#12860,#12861,#12862,#12863,
#12864,#12865,#12866,#12867,#12868,#12869,#12870,#12871,#12872,#12873,#12874,
#12875,#12876,#12877,#12878,#12879,#12880,#12881,#12882,#12883,#12884,#12885,
#12886,#12887,#12888),.UNSPECIFIED.,.F.,.F.)
B_SPLINE_CURVE_WITH_KNOTS((3,2,2,2,2,2,2,2,2,2,2,2,2,2,2,2,3),(0.,0.0625,
0.125,0.1875,0.25,0.3125,0.375,0.4375,0.5,0.5625,0.625,0.6875,0.75,0.8125,
0.875,0.9375,1.),.UNSPECIFIED.)
CURVE()
GEOMETRIC_REPRESENTATION_ITEM()
RATIONAL_B_SPLINE_CURVE((1.,0.923879532511287,1.,0.923879532511287,1.,0.923879532511287,
1.,0.923879532511287,1.,0.923879532511287,1.,0.923879532511287,1.,0.923879532511287,
1.,0.923879532511287,1.,0.923879532511287,1.,0.923879532511287,1.,0.923879532511287,
1.,0.923879532511287,1.,0.923879532511287,1.,0.923879532511287,1.,0.923879532511287,
1.,0.923879532511287,1.))
REPRESENTATION_ITEM('')
);
#222=(
BOUNDED_CURVE()
B_SPLINE_CURVE(2,(#12905,#12906,#12907,#12908,#12909,#12910,#12911,#12912,
#12913,#12914,#12915,#12916,#12917,#12918,#12919,#12920,#12921,#12922,#12923,
#12924,#12925,#12926,#12927,#12928,#12929,#12930,#12931,#12932,#12933,#12934,
#12935,#12936,#12937),.UNSPECIFIED.,.F.,.F.)
B_SPLINE_CURVE_WITH_KNOTS((3,2,2,2,2,2,2,2,2,2,2,2,2,2,2,2,3),(0.,0.0625,
0.125,0.1875,0.25,0.3125,0.375,0.4375,0.5,0.5625,0.625,0.6875,0.75,0.8125,
0.875,0.9375,1.),.UNSPECIFIED.)
CURVE()
GEOMETRIC_REPRESENTATION_ITEM()
RATIONAL_B_SPLINE_CURVE((1.,0.923879532511287,1.,0.923879532511287,1.,0.923879532511287,
1.,0.923879532511287,1.,0.923879532511287,1.,0.923879532511287,1.,0.923879532511287,
1.,0.923879532511287,1.,0.923879532511287,1.,0.923879532511287,1.,0.923879532511287,
1.,0.923879532511287,1.,0.923879532511287,1.,0.923879532511287,1.,0.923879532511287,
1.,0.923879532511287,1.))
REPRESENTATION_ITEM('')
);
#223=(
BOUNDED_CURVE()
B_SPLINE_CURVE(2,(#12954,#12955,#12956,#12957,#12958,#12959,#12960,#12961,
#12962,#12963,#12964,#12965,#12966,#12967,#12968,#12969,#12970,#12971,#12972,
#12973,#12974,#12975,#12976,#12977,#12978,#12979,#12980,#12981,#12982,#12983,
#12984,#12985,#12986),.UNSPECIFIED.,.F.,.F.)
B_SPLINE_CURVE_WITH_KNOTS((3,2,2,2,2,2,2,2,2,2,2,2,2,2,2,2,3),(0.,0.0625,
0.125,0.1875,0.25,0.3125,0.375,0.4375,0.5,0.5625,0.625,0.6875,0.75,0.8125,
0.875,0.9375,1.),.UNSPECIFIED.)
CURVE()
GEOMETRIC_REPRESENTATION_ITEM()
RATIONAL_B_SPLINE_CURVE((1.,0.923879532511287,1.,0.923879532511287,1.,0.923879532511287,
1.,0.923879532511287,1.,0.923879532511287,1.,0.923879532511287,1.,0.923879532511287,
1.,0.923879532511287,1.,0.923879532511287,1.,0.923879532511287,1.,0.923879532511287,
1.,0.923879532511287,1.,0.923879532511287,1.,0.923879532511287,1.,0.923879532511287,
1.,0.923879532511287,1.))
REPRESENTATION_ITEM('')
);
#224=(
BOUNDED_CURVE()
B_SPLINE_CURVE(2,(#13003,#13004,#13005,#13006,#13007,#13008,#13009,#13010,
#13011,#13012,#13013,#13014,#13015,#13016,#13017,#13018,#13019,#13020,#13021,
#13022,#13023,#13024,#13025,#13026,#13027,#13028,#13029,#13030,#13031,#13032,
#13033,#13034,#13035),.UNSPECIFIED.,.F.,.F.)
B_SPLINE_CURVE_WITH_KNOTS((3,2,2,2,2,2,2,2,2,2,2,2,2,2,2,2,3),(0.,0.0625,
0.125,0.1875,0.25,0.3125,0.375,0.4375,0.5,0.5625,0.625,0.6875,0.75,0.8125,
0.875,0.9375,1.),.UNSPECIFIED.)
CURVE()
GEOMETRIC_REPRESENTATION_ITEM()
RATIONAL_B_SPLINE_CURVE((1.,0.923879532511287,1.,0.923879532511287,1.,0.923879532511287,
1.,0.923879532511287,1.,0.923879532511287,1.,0.923879532511287,1.,0.923879532511287,
1.,0.923879532511287,1.,0.923879532511287,1.,0.923879532511287,1.,0.923879532511287,
1.,0.923879532511287,1.,0.923879532511287,1.,0.923879532511287,1.,0.923879532511287,
1.,0.923879532511287,1.))
REPRESENTATION_ITEM('')
);
#225=(
BOUNDED_CURVE()
B_SPLINE_CURVE(2,(#13052,#13053,#13054,#13055,#13056,#13057,#13058,#13059,
#13060,#13061,#13062,#13063,#13064,#13065,#13066,#13067,#13068,#13069,#13070,
#13071,#13072,#13073,#13074,#13075,#13076,#13077,#13078,#13079,#13080,#13081,
#13082,#13083,#13084),.UNSPECIFIED.,.F.,.F.)
B_SPLINE_CURVE_WITH_KNOTS((3,2,2,2,2,2,2,2,2,2,2,2,2,2,2,2,3),(0.,0.0625,
0.125,0.1875,0.25,0.3125,0.375,0.4375,0.5,0.5625,0.625,0.6875,0.75,0.8125,
0.875,0.9375,1.),.UNSPECIFIED.)
CURVE()
GEOMETRIC_REPRESENTATION_ITEM()
RATIONAL_B_SPLINE_CURVE((1.,0.923879532511287,1.,0.923879532511287,1.,0.923879532511287,
1.,0.923879532511287,1.,0.923879532511287,1.,0.923879532511287,1.,0.923879532511287,
1.,0.923879532511287,1.,0.923879532511287,1.,0.923879532511287,1.,0.923879532511287,
1.,0.923879532511287,1.,0.923879532511287,1.,0.923879532511287,1.,0.923879532511287,
1.,0.923879532511287,1.))
REPRESENTATION_ITEM('')
);
#226=(
BOUNDED_CURVE()
B_SPLINE_CURVE(2,(#13131,#13132,#13133,#13134,#13135,#13136,#13137,#13138,
#13139,#13140,#13141,#13142,#13143,#13144,#13145,#13146,#13147,#13148,#13149,
#13150,#13151,#13152,#13153,#13154,#13155,#13156,#13157,#13158,#13159,#13160,
#13161,#13162,#13163),.UNSPECIFIED.,.F.,.F.)
B_SPLINE_CURVE_WITH_KNOTS((3,2,2,2,2,2,2,2,2,2,2,2,2,2,2,2,3),(0.,0.0625,
0.125,0.1875,0.25,0.3125,0.375,0.4375,0.5,0.5625,0.625,0.6875,0.75,0.8125,
0.875,0.9375,1.),.UNSPECIFIED.)
CURVE()
GEOMETRIC_REPRESENTATION_ITEM()
RATIONAL_B_SPLINE_CURVE((1.,0.923879532511287,1.,0.923879532511287,1.,0.923879532511287,
1.,0.923879532511287,1.,0.923879532511287,1.,0.923879532511287,1.,0.923879532511287,
1.,0.923879532511287,1.,0.923879532511287,1.,0.923879532511287,1.,0.923879532511287,
1.,0.923879532511287,1.,0.923879532511287,1.,0.923879532511287,1.,0.923879532511287,
1.,0.923879532511287,1.))
REPRESENTATION_ITEM('')
);
#227=(
BOUNDED_CURVE()
B_SPLINE_CURVE(2,(#13180,#13181,#13182,#13183,#13184,#13185,#13186,#13187,
#13188,#13189,#13190,#13191,#13192,#13193,#13194,#13195,#13196,#13197,#13198,
#13199,#13200,#13201,#13202,#13203,#13204,#13205,#13206,#13207,#13208,#13209,
#13210,#13211,#13212),.UNSPECIFIED.,.F.,.F.)
B_SPLINE_CURVE_WITH_KNOTS((3,2,2,2,2,2,2,2,2,2,2,2,2,2,2,2,3),(0.,0.0625,
0.125,0.1875,0.25,0.3125,0.375,0.4375,0.5,0.5625,0.625,0.6875,0.75,0.8125,
0.875,0.9375,1.),.UNSPECIFIED.)
CURVE()
GEOMETRIC_REPRESENTATION_ITEM()
RATIONAL_B_SPLINE_CURVE((1.,0.923879532511287,1.,0.923879532511287,1.,0.923879532511287,
1.,0.923879532511287,1.,0.923879532511287,1.,0.923879532511287,1.,0.923879532511287,
1.,0.923879532511287,1.,0.923879532511287,1.,0.923879532511287,1.,0.923879532511287,
1.,0.923879532511287,1.,0.923879532511287,1.,0.923879532511287,1.,0.923879532511287,
1.,0.923879532511287,1.))
REPRESENTATION_ITEM('')
);
#228=(
BOUNDED_CURVE()
B_SPLINE_CURVE(2,(#13229,#13230,#13231,#13232,#13233,#13234,#13235,#13236,
#13237,#13238,#13239,#13240,#13241,#13242,#13243,#13244,#13245,#13246,#13247,
#13248,#13249,#13250,#13251,#13252,#13253,#13254,#13255,#13256,#13257,#13258,
#13259,#13260,#13261),.UNSPECIFIED.,.F.,.F.)
B_SPLINE_CURVE_WITH_KNOTS((3,2,2,2,2,2,2,2,2,2,2,2,2,2,2,2,3),(0.,0.0625,
0.125,0.1875,0.25,0.3125,0.375,0.4375,0.5,0.5625,0.625,0.6875,0.75,0.8125,
0.875,0.9375,1.),.UNSPECIFIED.)
CURVE()
GEOMETRIC_REPRESENTATION_ITEM()
RATIONAL_B_SPLINE_CURVE((1.,0.923879532511287,1.,0.923879532511287,1.,0.923879532511287,
1.,0.923879532511287,1.,0.923879532511287,1.,0.923879532511287,1.,0.923879532511287,
1.,0.923879532511287,1.,0.923879532511287,1.,0.923879532511287,1.,0.923879532511287,
1.,0.923879532511287,1.,0.923879532511287,1.,0.923879532511287,1.,0.923879532511287,
1.,0.923879532511287,1.))
REPRESENTATION_ITEM('')
);
#229=(
BOUNDED_CURVE()
B_SPLINE_CURVE(2,(#13278,#13279,#13280,#13281,#13282,#13283,#13284,#13285,
#13286,#13287,#13288,#13289,#13290,#13291,#13292,#13293,#13294,#13295,#13296,
#13297,#13298,#13299,#13300,#13301,#13302,#13303,#13304,#13305,#13306,#13307,
#13308,#13309,#13310),.UNSPECIFIED.,.F.,.F.)
B_SPLINE_CURVE_WITH_KNOTS((3,2,2,2,2,2,2,2,2,2,2,2,2,2,2,2,3),(0.,0.0625,
0.125,0.1875,0.25,0.3125,0.375,0.4375,0.5,0.5625,0.625,0.6875,0.75,0.8125,
0.875,0.9375,1.),.UNSPECIFIED.)
CURVE()
GEOMETRIC_REPRESENTATION_ITEM()
RATIONAL_B_SPLINE_CURVE((1.,0.923879532511287,1.,0.923879532511287,1.,0.923879532511287,
1.,0.923879532511287,1.,0.923879532511287,1.,0.923879532511287,1.,0.923879532511287,
1.,0.923879532511287,1.,0.923879532511287,1.,0.923879532511287,1.,0.923879532511287,
1.,0.923879532511287,1.,0.923879532511287,1.,0.923879532511287,1.,0.923879532511287,
1.,0.923879532511287,1.))
REPRESENTATION_ITEM('')
);
#230=(
BOUNDED_CURVE()
B_SPLINE_CURVE(2,(#13327,#13328,#13329,#13330,#13331,#13332,#13333,#13334,
#13335,#13336,#13337,#13338,#13339,#13340,#13341,#13342,#13343,#13344,#13345,
#13346,#13347,#13348,#13349,#13350,#13351,#13352,#13353,#13354,#13355,#13356,
#13357,#13358,#13359),.UNSPECIFIED.,.F.,.F.)
B_SPLINE_CURVE_WITH_KNOTS((3,2,2,2,2,2,2,2,2,2,2,2,2,2,2,2,3),(0.,0.0625,
0.125,0.1875,0.25,0.3125,0.375,0.4375,0.5,0.5625,0.625,0.6875,0.75,0.8125,
0.875,0.9375,1.),.UNSPECIFIED.)
CURVE()
GEOMETRIC_REPRESENTATION_ITEM()
RATIONAL_B_SPLINE_CURVE((1.,0.923879532511287,1.,0.923879532511287,1.,0.923879532511287,
1.,0.923879532511287,1.,0.923879532511287,1.,0.923879532511287,1.,0.923879532511287,
1.,0.923879532511287,1.,0.923879532511287,1.,0.923879532511287,1.,0.923879532511287,
1.,0.923879532511287,1.,0.923879532511287,1.,0.923879532511287,1.,0.923879532511287,
1.,0.923879532511287,1.))
REPRESENTATION_ITEM('')
);
#231=(
BOUNDED_CURVE()
B_SPLINE_CURVE(2,(#13381,#13382,#13383,#13384,#13385,#13386,#13387,#13388,
#13389,#13390,#13391,#13392,#13393,#13394,#13395,#13396,#13397,#13398,#13399,
#13400,#13401,#13402,#13403,#13404,#13405,#13406,#13407,#13408,#13409,#13410,
#13411,#13412,#13413),.UNSPECIFIED.,.F.,.F.)
B_SPLINE_CURVE_WITH_KNOTS((3,2,2,2,2,2,2,2,2,2,2,2,2,2,2,2,3),(0.,0.0625,
0.125,0.1875,0.25,0.3125,0.375,0.4375,0.5,0.5625,0.625,0.6875,0.75,0.8125,
0.875,0.9375,1.),.UNSPECIFIED.)
CURVE()
GEOMETRIC_REPRESENTATION_ITEM()
RATIONAL_B_SPLINE_CURVE((1.,0.923879532511287,1.,0.923879532511287,1.,0.923879532511287,
1.,0.923879532511287,1.,0.923879532511287,1.,0.923879532511287,1.,0.923879532511287,
1.,0.923879532511287,1.,0.923879532511287,1.,0.923879532511287,1.,0.923879532511287,
1.,0.923879532511287,1.,0.923879532511287,1.,0.923879532511287,1.,0.923879532511287,
1.,0.923879532511287,1.))
REPRESENTATION_ITEM('')
);
#232=(
BOUNDED_CURVE()
B_SPLINE_CURVE(2,(#13430,#13431,#13432,#13433,#13434,#13435,#13436,#13437,
#13438,#13439,#13440,#13441,#13442,#13443,#13444,#13445,#13446,#13447,#13448,
#13449,#13450,#13451,#13452,#13453,#13454,#13455,#13456,#13457,#13458,#13459,
#13460,#13461,#13462),.UNSPECIFIED.,.F.,.F.)
B_SPLINE_CURVE_WITH_KNOTS((3,2,2,2,2,2,2,2,2,2,2,2,2,2,2,2,3),(0.,0.0625,
0.125,0.1875,0.25,0.3125,0.375,0.4375,0.5,0.5625,0.625,0.6875,0.75,0.8125,
0.875,0.9375,1.),.UNSPECIFIED.)
CURVE()
GEOMETRIC_REPRESENTATION_ITEM()
RATIONAL_B_SPLINE_CURVE((1.,0.923879532511287,1.,0.923879532511287,1.,0.923879532511287,
1.,0.923879532511287,1.,0.923879532511287,1.,0.923879532511287,1.,0.923879532511287,
1.,0.923879532511287,1.,0.923879532511287,1.,0.923879532511287,1.,0.923879532511287,
1.,0.923879532511287,1.,0.923879532511287,1.,0.923879532511287,1.,0.923879532511287,
1.,0.923879532511287,1.))
REPRESENTATION_ITEM('')
);
#233=(
BOUNDED_CURVE()
B_SPLINE_CURVE(2,(#13479,#13480,#13481,#13482,#13483,#13484,#13485,#13486,
#13487,#13488,#13489,#13490,#13491,#13492,#13493,#13494,#13495,#13496,#13497,
#13498,#13499,#13500,#13501,#13502,#13503,#13504,#13505,#13506,#13507,#13508,
#13509,#13510,#13511),.UNSPECIFIED.,.F.,.F.)
B_SPLINE_CURVE_WITH_KNOTS((3,2,2,2,2,2,2,2,2,2,2,2,2,2,2,2,3),(0.,0.0625,
0.125,0.1875,0.25,0.3125,0.375,0.4375,0.5,0.5625,0.625,0.6875,0.75,0.8125,
0.875,0.9375,1.),.UNSPECIFIED.)
CURVE()
GEOMETRIC_REPRESENTATION_ITEM()
RATIONAL_B_SPLINE_CURVE((1.,0.923879532511287,1.,0.923879532511287,1.,0.923879532511287,
1.,0.923879532511287,1.,0.923879532511287,1.,0.923879532511287,1.,0.923879532511287,
1.,0.923879532511287,1.,0.923879532511287,1.,0.923879532511287,1.,0.923879532511287,
1.,0.923879532511287,1.,0.923879532511287,1.,0.923879532511287,1.,0.923879532511287,
1.,0.923879532511287,1.))
REPRESENTATION_ITEM('')
);
#234=(
BOUNDED_CURVE()
B_SPLINE_CURVE(2,(#13528,#13529,#13530,#13531,#13532,#13533,#13534,#13535,
#13536,#13537,#13538,#13539,#13540,#13541,#13542,#13543,#13544,#13545,#13546,
#13547,#13548,#13549,#13550,#13551,#13552,#13553,#13554,#13555,#13556,#13557,
#13558,#13559,#13560),.UNSPECIFIED.,.F.,.F.)
B_SPLINE_CURVE_WITH_KNOTS((3,2,2,2,2,2,2,2,2,2,2,2,2,2,2,2,3),(0.,0.0625,
0.125,0.1875,0.25,0.3125,0.375,0.4375,0.5,0.5625,0.625,0.6875,0.75,0.8125,
0.875,0.9375,1.),.UNSPECIFIED.)
CURVE()
GEOMETRIC_REPRESENTATION_ITEM()
RATIONAL_B_SPLINE_CURVE((1.,0.923879532511287,1.,0.923879532511287,1.,0.923879532511287,
1.,0.923879532511287,1.,0.923879532511287,1.,0.923879532511287,1.,0.923879532511287,
1.,0.923879532511287,1.,0.923879532511287,1.,0.923879532511287,1.,0.923879532511287,
1.,0.923879532511287,1.,0.923879532511287,1.,0.923879532511287,1.,0.923879532511287,
1.,0.923879532511287,1.))
REPRESENTATION_ITEM('')
);
#235=(
BOUNDED_CURVE()
B_SPLINE_CURVE(2,(#13577,#13578,#13579,#13580,#13581,#13582,#13583,#13584,
#13585,#13586,#13587,#13588,#13589,#13590,#13591,#13592,#13593,#13594,#13595,
#13596,#13597,#13598,#13599,#13600,#13601,#13602,#13603,#13604,#13605,#13606,
#13607,#13608,#13609),.UNSPECIFIED.,.F.,.F.)
B_SPLINE_CURVE_WITH_KNOTS((3,2,2,2,2,2,2,2,2,2,2,2,2,2,2,2,3),(0.,0.0625,
0.125,0.1875,0.25,0.3125,0.375,0.4375,0.5,0.5625,0.625,0.6875,0.75,0.8125,
0.875,0.9375,1.),.UNSPECIFIED.)
CURVE()
GEOMETRIC_REPRESENTATION_ITEM()
RATIONAL_B_SPLINE_CURVE((1.,0.923879532511287,1.,0.923879532511287,1.,0.923879532511287,
1.,0.923879532511287,1.,0.923879532511287,1.,0.923879532511287,1.,0.923879532511287,
1.,0.923879532511287,1.,0.923879532511287,1.,0.923879532511287,1.,0.923879532511287,
1.,0.923879532511287,1.,0.923879532511287,1.,0.923879532511287,1.,0.923879532511287,
1.,0.923879532511287,1.))
REPRESENTATION_ITEM('')
);
#236=(
BOUNDED_CURVE()
B_SPLINE_CURVE(2,(#13656,#13657,#13658,#13659,#13660,#13661,#13662,#13663,
#13664,#13665,#13666,#13667,#13668,#13669,#13670,#13671,#13672,#13673,#13674,
#13675,#13676,#13677,#13678,#13679,#13680,#13681,#13682,#13683,#13684,#13685,
#13686,#13687,#13688),.UNSPECIFIED.,.F.,.F.)
B_SPLINE_CURVE_WITH_KNOTS((3,2,2,2,2,2,2,2,2,2,2,2,2,2,2,2,3),(0.,0.0625,
0.125,0.1875,0.25,0.3125,0.375,0.4375,0.5,0.5625,0.625,0.6875,0.75,0.8125,
0.875,0.9375,1.),.UNSPECIFIED.)
CURVE()
GEOMETRIC_REPRESENTATION_ITEM()
RATIONAL_B_SPLINE_CURVE((1.,0.923879532511287,1.,0.923879532511287,1.,0.923879532511287,
1.,0.923879532511287,1.,0.923879532511287,1.,0.923879532511287,1.,0.923879532511287,
1.,0.923879532511287,1.,0.923879532511287,1.,0.923879532511287,1.,0.923879532511287,
1.,0.923879532511287,1.,0.923879532511287,1.,0.923879532511287,1.,0.923879532511287,
1.,0.923879532511287,1.))
REPRESENTATION_ITEM('')
);
#237=(
BOUNDED_CURVE()
B_SPLINE_CURVE(2,(#13705,#13706,#13707,#13708,#13709,#13710,#13711,#13712,
#13713,#13714,#13715,#13716,#13717,#13718,#13719,#13720,#13721,#13722,#13723,
#13724,#13725,#13726,#13727,#13728,#13729,#13730,#13731,#13732,#13733,#13734,
#13735,#13736,#13737),.UNSPECIFIED.,.F.,.F.)
B_SPLINE_CURVE_WITH_KNOTS((3,2,2,2,2,2,2,2,2,2,2,2,2,2,2,2,3),(0.,0.0625,
0.125,0.1875,0.25,0.3125,0.375,0.4375,0.5,0.5625,0.625,0.6875,0.75,0.8125,
0.875,0.9375,1.),.UNSPECIFIED.)
CURVE()
GEOMETRIC_REPRESENTATION_ITEM()
RATIONAL_B_SPLINE_CURVE((1.,0.923879532511287,1.,0.923879532511287,1.,0.923879532511287,
1.,0.923879532511287,1.,0.923879532511287,1.,0.923879532511287,1.,0.923879532511287,
1.,0.923879532511287,1.,0.923879532511287,1.,0.923879532511287,1.,0.923879532511287,
1.,0.923879532511287,1.,0.923879532511287,1.,0.923879532511287,1.,0.923879532511287,
1.,0.923879532511287,1.))
REPRESENTATION_ITEM('')
);
#238=(
BOUNDED_CURVE()
B_SPLINE_CURVE(2,(#13754,#13755,#13756,#13757,#13758,#13759,#13760,#13761,
#13762,#13763,#13764,#13765,#13766,#13767,#13768,#13769,#13770,#13771,#13772,
#13773,#13774,#13775,#13776,#13777,#13778,#13779,#13780,#13781,#13782,#13783,
#13784,#13785,#13786),.UNSPECIFIED.,.F.,.F.)
B_SPLINE_CURVE_WITH_KNOTS((3,2,2,2,2,2,2,2,2,2,2,2,2,2,2,2,3),(0.,0.0625,
0.125,0.1875,0.25,0.3125,0.375,0.4375,0.5,0.5625,0.625,0.6875,0.75,0.8125,
0.875,0.9375,1.),.UNSPECIFIED.)
CURVE()
GEOMETRIC_REPRESENTATION_ITEM()
RATIONAL_B_SPLINE_CURVE((1.,0.923879532511287,1.,0.923879532511287,1.,0.923879532511287,
1.,0.923879532511287,1.,0.923879532511287,1.,0.923879532511287,1.,0.923879532511287,
1.,0.923879532511287,1.,0.923879532511287,1.,0.923879532511287,1.,0.923879532511287,
1.,0.923879532511287,1.,0.923879532511287,1.,0.923879532511287,1.,0.923879532511287,
1.,0.923879532511287,1.))
REPRESENTATION_ITEM('')
);
#239=(
BOUNDED_CURVE()
B_SPLINE_CURVE(2,(#13803,#13804,#13805,#13806,#13807,#13808,#13809,#13810,
#13811,#13812,#13813,#13814,#13815,#13816,#13817,#13818,#13819,#13820,#13821,
#13822,#13823,#13824,#13825,#13826,#13827,#13828,#13829,#13830,#13831,#13832,
#13833,#13834,#13835),.UNSPECIFIED.,.F.,.F.)
B_SPLINE_CURVE_WITH_KNOTS((3,2,2,2,2,2,2,2,2,2,2,2,2,2,2,2,3),(0.,0.0625,
0.125,0.1875,0.25,0.3125,0.375,0.4375,0.5,0.5625,0.625,0.6875,0.75,0.8125,
0.875,0.9375,1.),.UNSPECIFIED.)
CURVE()
GEOMETRIC_REPRESENTATION_ITEM()
RATIONAL_B_SPLINE_CURVE((1.,0.923879532511287,1.,0.923879532511287,1.,0.923879532511287,
1.,0.923879532511287,1.,0.923879532511287,1.,0.923879532511287,1.,0.923879532511287,
1.,0.923879532511287,1.,0.923879532511287,1.,0.923879532511287,1.,0.923879532511287,
1.,0.923879532511287,1.,0.923879532511287,1.,0.923879532511287,1.,0.923879532511287,
1.,0.923879532511287,1.))
REPRESENTATION_ITEM('')
);
#240=(
BOUNDED_CURVE()
B_SPLINE_CURVE(2,(#13852,#13853,#13854,#13855,#13856,#13857,#13858,#13859,
#13860,#13861,#13862,#13863,#13864,#13865,#13866,#13867,#13868,#13869,#13870,
#13871,#13872,#13873,#13874,#13875,#13876,#13877,#13878,#13879,#13880,#13881,
#13882,#13883,#13884),.UNSPECIFIED.,.F.,.F.)
B_SPLINE_CURVE_WITH_KNOTS((3,2,2,2,2,2,2,2,2,2,2,2,2,2,2,2,3),(0.,0.0625,
0.125,0.1875,0.25,0.3125,0.375,0.4375,0.5,0.5625,0.625,0.6875,0.75,0.8125,
0.875,0.9375,1.),.UNSPECIFIED.)
CURVE()
GEOMETRIC_REPRESENTATION_ITEM()
RATIONAL_B_SPLINE_CURVE((1.,0.923879532511287,1.,0.923879532511287,1.,0.923879532511287,
1.,0.923879532511287,1.,0.923879532511287,1.,0.923879532511287,1.,0.923879532511287,
1.,0.923879532511287,1.,0.923879532511287,1.,0.923879532511287,1.,0.923879532511287,
1.,0.923879532511287,1.,0.923879532511287,1.,0.923879532511287,1.,0.923879532511287,
1.,0.923879532511287,1.))
REPRESENTATION_ITEM('')
);
#241=(
BOUNDED_CURVE()
B_SPLINE_CURVE(2,(#13906,#13907,#13908,#13909,#13910,#13911,#13912,#13913,
#13914,#13915,#13916,#13917,#13918,#13919,#13920,#13921,#13922,#13923,#13924,
#13925,#13926,#13927,#13928,#13929,#13930,#13931,#13932,#13933,#13934,#13935,
#13936,#13937,#13938),.UNSPECIFIED.,.F.,.F.)
B_SPLINE_CURVE_WITH_KNOTS((3,2,2,2,2,2,2,2,2,2,2,2,2,2,2,2,3),(0.,0.0625,
0.125,0.1875,0.25,0.3125,0.375,0.4375,0.5,0.5625,0.625,0.6875,0.75,0.8125,
0.875,0.9375,1.),.UNSPECIFIED.)
CURVE()
GEOMETRIC_REPRESENTATION_ITEM()
RATIONAL_B_SPLINE_CURVE((1.,0.923879532511287,1.,0.923879532511287,1.,0.923879532511287,
1.,0.923879532511287,1.,0.923879532511287,1.,0.923879532511287,1.,0.923879532511287,
1.,0.923879532511287,1.,0.923879532511287,1.,0.923879532511287,1.,0.923879532511287,
1.,0.923879532511287,1.,0.923879532511287,1.,0.923879532511287,1.,0.923879532511287,
1.,0.923879532511287,1.))
REPRESENTATION_ITEM('')
);
#242=(
BOUNDED_CURVE()
B_SPLINE_CURVE(2,(#13955,#13956,#13957,#13958,#13959,#13960,#13961,#13962,
#13963,#13964,#13965,#13966,#13967,#13968,#13969,#13970,#13971,#13972,#13973,
#13974,#13975,#13976,#13977,#13978,#13979,#13980,#13981,#13982,#13983,#13984,
#13985,#13986,#13987),.UNSPECIFIED.,.F.,.F.)
B_SPLINE_CURVE_WITH_KNOTS((3,2,2,2,2,2,2,2,2,2,2,2,2,2,2,2,3),(0.,0.0625,
0.125,0.1875,0.25,0.3125,0.375,0.4375,0.5,0.5625,0.625,0.6875,0.75,0.8125,
0.875,0.9375,1.),.UNSPECIFIED.)
CURVE()
GEOMETRIC_REPRESENTATION_ITEM()
RATIONAL_B_SPLINE_CURVE((1.,0.923879532511287,1.,0.923879532511287,1.,0.923879532511287,
1.,0.923879532511287,1.,0.923879532511287,1.,0.923879532511287,1.,0.923879532511287,
1.,0.923879532511287,1.,0.923879532511287,1.,0.923879532511287,1.,0.923879532511287,
1.,0.923879532511287,1.,0.923879532511287,1.,0.923879532511287,1.,0.923879532511287,
1.,0.923879532511287,1.))
REPRESENTATION_ITEM('')
);
#243=(
BOUNDED_CURVE()
B_SPLINE_CURVE(2,(#14004,#14005,#14006,#14007,#14008,#14009,#14010,#14011,
#14012,#14013,#14014,#14015,#14016,#14017,#14018,#14019,#14020,#14021,#14022,
#14023,#14024,#14025,#14026,#14027,#14028,#14029,#14030,#14031,#14032,#14033,
#14034,#14035,#14036),.UNSPECIFIED.,.F.,.F.)
B_SPLINE_CURVE_WITH_KNOTS((3,2,2,2,2,2,2,2,2,2,2,2,2,2,2,2,3),(0.,0.0625,
0.125,0.1875,0.25,0.3125,0.375,0.4375,0.5,0.5625,0.625,0.6875,0.75,0.8125,
0.875,0.9375,1.),.UNSPECIFIED.)
CURVE()
GEOMETRIC_REPRESENTATION_ITEM()
RATIONAL_B_SPLINE_CURVE((1.,0.923879532511287,1.,0.923879532511287,1.,0.923879532511287,
1.,0.923879532511287,1.,0.923879532511287,1.,0.923879532511287,1.,0.923879532511287,
1.,0.923879532511287,1.,0.923879532511287,1.,0.923879532511287,1.,0.923879532511287,
1.,0.923879532511287,1.,0.923879532511287,1.,0.923879532511287,1.,0.923879532511287,
1.,0.923879532511287,1.))
REPRESENTATION_ITEM('')
);
#244=(
BOUNDED_CURVE()
B_SPLINE_CURVE(2,(#14053,#14054,#14055,#14056,#14057,#14058,#14059,#14060,
#14061,#14062,#14063,#14064,#14065,#14066,#14067,#14068,#14069,#14070,#14071,
#14072,#14073,#14074,#14075,#14076,#14077,#14078,#14079,#14080,#14081,#14082,
#14083,#14084,#14085),.UNSPECIFIED.,.F.,.F.)
B_SPLINE_CURVE_WITH_KNOTS((3,2,2,2,2,2,2,2,2,2,2,2,2,2,2,2,3),(0.,0.0625,
0.125,0.1875,0.25,0.3125,0.375,0.4375,0.5,0.5625,0.625,0.6875,0.75,0.8125,
0.875,0.9375,1.),.UNSPECIFIED.)
CURVE()
GEOMETRIC_REPRESENTATION_ITEM()
RATIONAL_B_SPLINE_CURVE((1.,0.923879532511287,1.,0.923879532511287,1.,0.923879532511287,
1.,0.923879532511287,1.,0.923879532511287,1.,0.923879532511287,1.,0.923879532511287,
1.,0.923879532511287,1.,0.923879532511287,1.,0.923879532511287,1.,0.923879532511287,
1.,0.923879532511287,1.,0.923879532511287,1.,0.923879532511287,1.,0.923879532511287,
1.,0.923879532511287,1.))
REPRESENTATION_ITEM('')
);
#245=(
BOUNDED_CURVE()
B_SPLINE_CURVE(2,(#14102,#14103,#14104,#14105,#14106,#14107,#14108,#14109,
#14110,#14111,#14112,#14113,#14114,#14115,#14116,#14117,#14118,#14119,#14120,
#14121,#14122,#14123,#14124,#14125,#14126,#14127,#14128,#14129,#14130,#14131,
#14132,#14133,#14134),.UNSPECIFIED.,.F.,.F.)
B_SPLINE_CURVE_WITH_KNOTS((3,2,2,2,2,2,2,2,2,2,2,2,2,2,2,2,3),(0.,0.0625,
0.125,0.1875,0.25,0.3125,0.375,0.4375,0.5,0.5625,0.625,0.6875,0.75,0.8125,
0.875,0.9375,1.),.UNSPECIFIED.)
CURVE()
GEOMETRIC_REPRESENTATION_ITEM()
RATIONAL_B_SPLINE_CURVE((1.,0.923879532511287,1.,0.923879532511287,1.,0.923879532511287,
1.,0.923879532511287,1.,0.923879532511287,1.,0.923879532511287,1.,0.923879532511287,
1.,0.923879532511287,1.,0.923879532511287,1.,0.923879532511287,1.,0.923879532511287,
1.,0.923879532511287,1.,0.923879532511287,1.,0.923879532511287,1.,0.923879532511287,
1.,0.923879532511287,1.))
REPRESENTATION_ITEM('')
);
#246=(
BOUNDED_CURVE()
B_SPLINE_CURVE(2,(#14176,#14177,#14178,#14179,#14180,#14181,#14182,#14183,
#14184,#14185,#14186,#14187,#14188,#14189,#14190,#14191,#14192,#14193,#14194,
#14195,#14196,#14197,#14198,#14199,#14200,#14201,#14202,#14203,#14204,#14205,
#14206,#14207,#14208),.UNSPECIFIED.,.F.,.F.)
B_SPLINE_CURVE_WITH_KNOTS((3,2,2,2,2,2,2,2,2,2,2,2,2,2,2,2,3),(0.,0.0625,
0.125,0.1875,0.25,0.3125,0.375,0.4375,0.5,0.5625,0.625,0.6875,0.75,0.8125,
0.875,0.9375,1.),.UNSPECIFIED.)
CURVE()
GEOMETRIC_REPRESENTATION_ITEM()
RATIONAL_B_SPLINE_CURVE((1.,0.923879532511287,1.,0.923879532511287,1.,0.923879532511287,
1.,0.923879532511287,1.,0.923879532511287,1.,0.923879532511287,1.,0.923879532511287,
1.,0.923879532511287,1.,0.923879532511287,1.,0.923879532511287,1.,0.923879532511287,
1.,0.923879532511287,1.,0.923879532511287,1.,0.923879532511287,1.,0.923879532511287,
1.,0.923879532511287,1.))
REPRESENTATION_ITEM('')
);
#247=(
BOUNDED_CURVE()
B_SPLINE_CURVE(2,(#14215,#14216,#14217,#14218,#14219,#14220,#14221,#14222,
#14223,#14224,#14225,#14226,#14227,#14228,#14229,#14230,#14231,#14232,#14233,
#14234,#14235,#14236,#14237,#14238,#14239,#14240,#14241,#14242,#14243,#14244,
#14245,#14246,#14247),.UNSPECIFIED.,.F.,.F.)
B_SPLINE_CURVE_WITH_KNOTS((3,2,2,2,2,2,2,2,2,2,2,2,2,2,2,2,3),(0.,0.0625,
0.125,0.1875,0.25,0.3125,0.375,0.4375,0.5,0.5625,0.625,0.6875,0.75,0.8125,
0.875,0.9375,1.),.UNSPECIFIED.)
CURVE()
GEOMETRIC_REPRESENTATION_ITEM()
RATIONAL_B_SPLINE_CURVE((1.,0.923879532511287,1.,0.923879532511287,1.,0.923879532511287,
1.,0.923879532511287,1.,0.923879532511287,1.,0.923879532511287,1.,0.923879532511287,
1.,0.923879532511287,1.,0.923879532511287,1.,0.923879532511287,1.,0.923879532511287,
1.,0.923879532511287,1.,0.923879532511287,1.,0.923879532511287,1.,0.923879532511287,
1.,0.923879532511287,1.))
REPRESENTATION_ITEM('')
);
#248=(
BOUNDED_CURVE()
B_SPLINE_CURVE(2,(#14253,#14254,#14255,#14256,#14257,#14258,#14259,#14260,
#14261,#14262,#14263,#14264,#14265,#14266,#14267,#14268,#14269,#14270,#14271,
#14272,#14273,#14274,#14275,#14276,#14277,#14278,#14279,#14280,#14281,#14282,
#14283,#14284,#14285),.UNSPECIFIED.,.F.,.F.)
B_SPLINE_CURVE_WITH_KNOTS((3,2,2,2,2,2,2,2,2,2,2,2,2,2,2,2,3),(0.,0.0625,
0.125,0.1875,0.25,0.3125,0.375,0.4375,0.5,0.5625,0.625,0.6875,0.75,0.8125,
0.875,0.9375,1.),.UNSPECIFIED.)
CURVE()
GEOMETRIC_REPRESENTATION_ITEM()
RATIONAL_B_SPLINE_CURVE((1.,0.923879532511287,1.,0.923879532511287,1.,0.923879532511287,
1.,0.923879532511287,1.,0.923879532511287,1.,0.923879532511287,1.,0.923879532511287,
1.,0.923879532511287,1.,0.923879532511287,1.,0.923879532511287,1.,0.923879532511287,
1.,0.923879532511287,1.,0.923879532511287,1.,0.923879532511287,1.,0.923879532511287,
1.,0.923879532511287,1.))
REPRESENTATION_ITEM('')
);
#249=(
BOUNDED_CURVE()
B_SPLINE_CURVE(2,(#14292,#14293,#14294,#14295,#14296,#14297,#14298,#14299,
#14300,#14301,#14302,#14303,#14304,#14305,#14306,#14307,#14308,#14309,#14310,
#14311,#14312,#14313,#14314,#14315,#14316,#14317,#14318,#14319,#14320,#14321,
#14322,#14323,#14324),.UNSPECIFIED.,.F.,.F.)
B_SPLINE_CURVE_WITH_KNOTS((3,2,2,2,2,2,2,2,2,2,2,2,2,2,2,2,3),(0.,0.0625,
0.125,0.1875,0.25,0.3125,0.375,0.4375,0.5,0.5625,0.625,0.6875,0.75,0.8125,
0.875,0.9375,1.),.UNSPECIFIED.)
CURVE()
GEOMETRIC_REPRESENTATION_ITEM()
RATIONAL_B_SPLINE_CURVE((1.,0.923879532511287,1.,0.923879532511287,1.,0.923879532511287,
1.,0.923879532511287,1.,0.923879532511287,1.,0.923879532511287,1.,0.923879532511287,
1.,0.923879532511287,1.,0.923879532511287,1.,0.923879532511287,1.,0.923879532511287,
1.,0.923879532511287,1.,0.923879532511287,1.,0.923879532511287,1.,0.923879532511287,
1.,0.923879532511287,1.))
REPRESENTATION_ITEM('')
);
#250=(
BOUNDED_CURVE()
B_SPLINE_CURVE(2,(#14330,#14331,#14332,#14333,#14334,#14335,#14336,#14337,
#14338,#14339,#14340,#14341,#14342,#14343,#14344,#14345,#14346,#14347,#14348,
#14349,#14350,#14351,#14352,#14353,#14354,#14355,#14356,#14357,#14358,#14359,
#14360,#14361,#14362),.UNSPECIFIED.,.F.,.F.)
B_SPLINE_CURVE_WITH_KNOTS((3,2,2,2,2,2,2,2,2,2,2,2,2,2,2,2,3),(0.,0.0625,
0.125,0.1875,0.25,0.3125,0.375,0.4375,0.5,0.5625,0.625,0.6875,0.75,0.8125,
0.875,0.9375,1.),.UNSPECIFIED.)
CURVE()
GEOMETRIC_REPRESENTATION_ITEM()
RATIONAL_B_SPLINE_CURVE((1.,0.923879532511287,1.,0.923879532511287,1.,0.923879532511287,
1.,0.923879532511287,1.,0.923879532511287,1.,0.923879532511287,1.,0.923879532511287,
1.,0.923879532511287,1.,0.923879532511287,1.,0.923879532511287,1.,0.923879532511287,
1.,0.923879532511287,1.,0.923879532511287,1.,0.923879532511287,1.,0.923879532511287,
1.,0.923879532511287,1.))
REPRESENTATION_ITEM('')
);
#251=(
BOUNDED_CURVE()
B_SPLINE_CURVE(2,(#14369,#14370,#14371,#14372,#14373,#14374,#14375,#14376,
#14377,#14378,#14379,#14380,#14381,#14382,#14383,#14384,#14385,#14386,#14387,
#14388,#14389,#14390,#14391,#14392,#14393,#14394,#14395,#14396,#14397,#14398,
#14399,#14400,#14401),.UNSPECIFIED.,.F.,.F.)
B_SPLINE_CURVE_WITH_KNOTS((3,2,2,2,2,2,2,2,2,2,2,2,2,2,2,2,3),(0.,0.0625,
0.125,0.1875,0.25,0.3125,0.375,0.4375,0.5,0.5625,0.625,0.6875,0.75,0.8125,
0.875,0.9375,1.),.UNSPECIFIED.)
CURVE()
GEOMETRIC_REPRESENTATION_ITEM()
RATIONAL_B_SPLINE_CURVE((1.,0.923879532511287,1.,0.923879532511287,1.,0.923879532511287,
1.,0.923879532511287,1.,0.923879532511287,1.,0.923879532511287,1.,0.923879532511287,
1.,0.923879532511287,1.,0.923879532511287,1.,0.923879532511287,1.,0.923879532511287,
1.,0.923879532511287,1.,0.923879532511287,1.,0.923879532511287,1.,0.923879532511287,
1.,0.923879532511287,1.))
REPRESENTATION_ITEM('')
);
#252=(
BOUNDED_CURVE()
B_SPLINE_CURVE(2,(#14407,#14408,#14409,#14410,#14411,#14412,#14413,#14414,
#14415,#14416,#14417,#14418,#14419,#14420,#14421,#14422,#14423,#14424,#14425,
#14426,#14427,#14428,#14429,#14430,#14431,#14432,#14433,#14434,#14435,#14436,
#14437,#14438,#14439),.UNSPECIFIED.,.F.,.F.)
B_SPLINE_CURVE_WITH_KNOTS((3,2,2,2,2,2,2,2,2,2,2,2,2,2,2,2,3),(0.,0.0625,
0.125,0.1875,0.25,0.3125,0.375,0.4375,0.5,0.5625,0.625,0.6875,0.75,0.8125,
0.875,0.9375,1.),.UNSPECIFIED.)
CURVE()
GEOMETRIC_REPRESENTATION_ITEM()
RATIONAL_B_SPLINE_CURVE((1.,0.923879532511287,1.,0.923879532511287,1.,0.923879532511287,
1.,0.923879532511287,1.,0.923879532511287,1.,0.923879532511287,1.,0.923879532511287,
1.,0.923879532511287,1.,0.923879532511287,1.,0.923879532511287,1.,0.923879532511287,
1.,0.923879532511287,1.,0.923879532511287,1.,0.923879532511287,1.,0.923879532511287,
1.,0.923879532511287,1.))
REPRESENTATION_ITEM('')
);
#253=(
BOUNDED_CURVE()
B_SPLINE_CURVE(2,(#14446,#14447,#14448,#14449,#14450,#14451,#14452,#14453,
#14454,#14455,#14456,#14457,#14458,#14459,#14460,#14461,#14462,#14463,#14464,
#14465,#14466,#14467,#14468,#14469,#14470,#14471,#14472,#14473,#14474,#14475,
#14476,#14477,#14478),.UNSPECIFIED.,.F.,.F.)
B_SPLINE_CURVE_WITH_KNOTS((3,2,2,2,2,2,2,2,2,2,2,2,2,2,2,2,3),(0.,0.0625,
0.125,0.1875,0.25,0.3125,0.375,0.4375,0.5,0.5625,0.625,0.6875,0.75,0.8125,
0.875,0.9375,1.),.UNSPECIFIED.)
CURVE()
GEOMETRIC_REPRESENTATION_ITEM()
RATIONAL_B_SPLINE_CURVE((1.,0.923879532511287,1.,0.923879532511287,1.,0.923879532511287,
1.,0.923879532511287,1.,0.923879532511287,1.,0.923879532511287,1.,0.923879532511287,
1.,0.923879532511287,1.,0.923879532511287,1.,0.923879532511287,1.,0.923879532511287,
1.,0.923879532511287,1.,0.923879532511287,1.,0.923879532511287,1.,0.923879532511287,
1.,0.923879532511287,1.))
REPRESENTATION_ITEM('')
);
#254=(
BOUNDED_CURVE()
B_SPLINE_CURVE(2,(#14484,#14485,#14486,#14487,#14488,#14489,#14490,#14491,
#14492,#14493,#14494,#14495,#14496,#14497,#14498,#14499,#14500,#14501,#14502,
#14503,#14504,#14505,#14506,#14507,#14508,#14509,#14510,#14511,#14512,#14513,
#14514,#14515,#14516),.UNSPECIFIED.,.F.,.F.)
B_SPLINE_CURVE_WITH_KNOTS((3,2,2,2,2,2,2,2,2,2,2,2,2,2,2,2,3),(0.,0.0625,
0.125,0.1875,0.25,0.3125,0.375,0.4375,0.5,0.5625,0.625,0.6875,0.75,0.8125,
0.875,0.9375,1.),.UNSPECIFIED.)
CURVE()
GEOMETRIC_REPRESENTATION_ITEM()
RATIONAL_B_SPLINE_CURVE((1.,0.923879532511287,1.,0.923879532511287,1.,0.923879532511287,
1.,0.923879532511287,1.,0.923879532511287,1.,0.923879532511287,1.,0.923879532511287,
1.,0.923879532511287,1.,0.923879532511287,1.,0.923879532511287,1.,0.923879532511287,
1.,0.923879532511287,1.,0.923879532511287,1.,0.923879532511287,1.,0.923879532511287,
1.,0.923879532511287,1.))
REPRESENTATION_ITEM('')
);
#255=(
BOUNDED_CURVE()
B_SPLINE_CURVE(2,(#14523,#14524,#14525,#14526,#14527,#14528,#14529,#14530,
#14531,#14532,#14533,#14534,#14535,#14536,#14537,#14538,#14539,#14540,#14541,
#14542,#14543,#14544,#14545,#14546,#14547,#14548,#14549,#14550,#14551,#14552,
#14553,#14554,#14555),.UNSPECIFIED.,.F.,.F.)
B_SPLINE_CURVE_WITH_KNOTS((3,2,2,2,2,2,2,2,2,2,2,2,2,2,2,2,3),(0.,0.0625,
0.125,0.1875,0.25,0.3125,0.375,0.4375,0.5,0.5625,0.625,0.6875,0.75,0.8125,
0.875,0.9375,1.),.UNSPECIFIED.)
CURVE()
GEOMETRIC_REPRESENTATION_ITEM()
RATIONAL_B_SPLINE_CURVE((1.,0.923879532511287,1.,0.923879532511287,1.,0.923879532511287,
1.,0.923879532511287,1.,0.923879532511287,1.,0.923879532511287,1.,0.923879532511287,
1.,0.923879532511287,1.,0.923879532511287,1.,0.923879532511287,1.,0.923879532511287,
1.,0.923879532511287,1.,0.923879532511287,1.,0.923879532511287,1.,0.923879532511287,
1.,0.923879532511287,1.))
REPRESENTATION_ITEM('')
);
#256=B_SPLINE_CURVE_WITH_KNOTS('',3,(#10320,#10321,#10322,#10323),
 .UNSPECIFIED.,.F.,.F.,(4,4),(0.,0.00139696777755629),.UNSPECIFIED.);
#257=B_SPLINE_CURVE_WITH_KNOTS('',3,(#10389,#10390,#10391,#10392),
 .UNSPECIFIED.,.F.,.F.,(4,4),(2.16840434497101E-18,0.00139696777755631),
 .UNSPECIFIED.);
#258=B_SPLINE_CURVE_WITH_KNOTS('',3,(#10401,#10402,#10403,#10404),
 .UNSPECIFIED.,.F.,.F.,(4,4),(0.,0.00139696777755629),.UNSPECIFIED.);
#259=B_SPLINE_CURVE_WITH_KNOTS('',3,(#10470,#10471,#10472,#10473),
 .UNSPECIFIED.,.F.,.F.,(4,4),(2.16840434497101E-18,0.00139696777755631),
 .UNSPECIFIED.);
#260=B_SPLINE_CURVE_WITH_KNOTS('',3,(#10482,#10483,#10484,#10485),
 .UNSPECIFIED.,.F.,.F.,(4,4),(0.,0.0013969677775563),.UNSPECIFIED.);
#261=B_SPLINE_CURVE_WITH_KNOTS('',3,(#10551,#10552,#10553,#10554),
 .UNSPECIFIED.,.F.,.F.,(4,4),(2.16840434497101E-18,0.00139696777755632),
 .UNSPECIFIED.);
#262=B_SPLINE_CURVE_WITH_KNOTS('',3,(#10563,#10564,#10565,#10566),
 .UNSPECIFIED.,.F.,.F.,(4,4),(0.,0.00139696777755629),.UNSPECIFIED.);
#263=B_SPLINE_CURVE_WITH_KNOTS('',3,(#10632,#10633,#10634,#10635),
 .UNSPECIFIED.,.F.,.F.,(4,4),(2.16840434497101E-18,0.00139696777755631),
 .UNSPECIFIED.);
#264=B_SPLINE_CURVE_WITH_KNOTS('',3,(#10638,#10639,#10640,#10641),
 .UNSPECIFIED.,.F.,.F.,(4,4),(0.,0.000139294906338512),.UNSPECIFIED.);
#265=B_SPLINE_CURVE_WITH_KNOTS('',3,(#10684,#10685,#10686,#10687),
 .UNSPECIFIED.,.F.,.F.,(4,4),(0.,0.000139294906338476),.UNSPECIFIED.);
#266=B_SPLINE_CURVE_WITH_KNOTS('',3,(#10730,#10731,#10732,#10733),
 .UNSPECIFIED.,.F.,.F.,(4,4),(0.,0.000139294906338489),.UNSPECIFIED.);
#267=B_SPLINE_CURVE_WITH_KNOTS('',3,(#10810,#10811,#10812,#10813),
 .UNSPECIFIED.,.F.,.F.,(4,4),(0.,0.000139365428133734),.UNSPECIFIED.);
#268=B_SPLINE_CURVE_WITH_KNOTS('',3,(#10821,#10822,#10823,#10824),
 .UNSPECIFIED.,.F.,.F.,(4,4),(0.,0.000139365428133706),.UNSPECIFIED.);
#269=B_SPLINE_CURVE_WITH_KNOTS('',3,(#10832,#10833,#10834,#10835),
 .UNSPECIFIED.,.F.,.F.,(4,4),(0.,0.000139365428133651),.UNSPECIFIED.);
#270=B_SPLINE_CURVE_WITH_KNOTS('',3,(#10843,#10844,#10845,#10846),
 .UNSPECIFIED.,.F.,.F.,(4,4),(0.,0.000139365428133693),.UNSPECIFIED.);
#271=B_SPLINE_CURVE_WITH_KNOTS('',3,(#10854,#10855,#10856,#10857),
 .UNSPECIFIED.,.F.,.F.,(4,4),(0.,0.000139365428133666),.UNSPECIFIED.);
#272=B_SPLINE_CURVE_WITH_KNOTS('',3,(#10865,#10866,#10867,#10868),
 .UNSPECIFIED.,.F.,.F.,(4,4),(0.,0.000139294906338494),.UNSPECIFIED.);
#273=B_SPLINE_CURVE_WITH_KNOTS('',3,(#10876,#10877,#10878,#10879),
 .UNSPECIFIED.,.F.,.F.,(4,4),(0.,0.000139294906338492),.UNSPECIFIED.);
#274=B_SPLINE_CURVE_WITH_KNOTS('',3,(#10887,#10888,#10889,#10890),
 .UNSPECIFIED.,.F.,.F.,(4,4),(0.,0.000139294906338515),.UNSPECIFIED.);
#275=B_SPLINE_CURVE_WITH_KNOTS('',3,(#10898,#10899,#10900,#10901),
 .UNSPECIFIED.,.F.,.F.,(4,4),(0.,0.000139294906338506),.UNSPECIFIED.);
#276=B_SPLINE_CURVE_WITH_KNOTS('',3,(#10940,#10941,#10942,#10943),
 .UNSPECIFIED.,.F.,.F.,(4,4),(0.,0.000139365428133672),.UNSPECIFIED.);
#277=B_SPLINE_CURVE_WITH_KNOTS('',3,(#10948,#10949,#10950,#10951),
 .UNSPECIFIED.,.F.,.F.,(4,4),(0.,0.000139294906338494),.UNSPECIFIED.);
#278=B_SPLINE_CURVE_WITH_KNOTS('',3,(#11028,#11029,#11030,#11031),
 .UNSPECIFIED.,.F.,.F.,(4,4),(0.,0.000139365428133706),.UNSPECIFIED.);
#279=B_SPLINE_CURVE_WITH_KNOTS('',3,(#11039,#11040,#11041,#11042),
 .UNSPECIFIED.,.F.,.F.,(4,4),(0.,0.000139365428133706),.UNSPECIFIED.);
#280=B_SPLINE_CURVE_WITH_KNOTS('',3,(#11050,#11051,#11052,#11053),
 .UNSPECIFIED.,.F.,.F.,(4,4),(0.,0.000139365428133697),.UNSPECIFIED.);
#281=B_SPLINE_CURVE_WITH_KNOTS('',3,(#11061,#11062,#11063,#11064),
 .UNSPECIFIED.,.F.,.F.,(4,4),(0.,0.000139365428133758),.UNSPECIFIED.);
#282=B_SPLINE_CURVE_WITH_KNOTS('',3,(#11072,#11073,#11074,#11075),
 .UNSPECIFIED.,.F.,.F.,(4,4),(0.,0.0001393654281337),.UNSPECIFIED.);
#283=B_SPLINE_CURVE_WITH_KNOTS('',3,(#11083,#11084,#11085,#11086),
 .UNSPECIFIED.,.F.,.F.,(4,4),(0.,0.000139294906338498),.UNSPECIFIED.);
#284=B_SPLINE_CURVE_WITH_KNOTS('',3,(#11094,#11095,#11096,#11097),
 .UNSPECIFIED.,.F.,.F.,(4,4),(0.,0.000139294906338488),.UNSPECIFIED.);
#285=B_SPLINE_CURVE_WITH_KNOTS('',3,(#11105,#11106,#11107,#11108),
 .UNSPECIFIED.,.F.,.F.,(4,4),(0.,0.00013929490633851),.UNSPECIFIED.);
#286=B_SPLINE_CURVE_WITH_KNOTS('',3,(#11116,#11117,#11118,#11119),
 .UNSPECIFIED.,.F.,.F.,(4,4),(0.,0.000139294906338487),.UNSPECIFIED.);
#287=B_SPLINE_CURVE_WITH_KNOTS('',3,(#11158,#11159,#11160,#11161),
 .UNSPECIFIED.,.F.,.F.,(4,4),(0.,0.00013936542813369),.UNSPECIFIED.);
#288=B_SPLINE_CURVE_WITH_KNOTS('',3,(#11169,#11170,#11171,#11172),
 .UNSPECIFIED.,.F.,.F.,(4,4),(0.,0.000139365428133689),.UNSPECIFIED.);
#289=B_SPLINE_CURVE_WITH_KNOTS('',3,(#11180,#11181,#11182,#11183),
 .UNSPECIFIED.,.F.,.F.,(4,4),(0.,0.000139365428133697),.UNSPECIFIED.);
#290=B_SPLINE_CURVE_WITH_KNOTS('',3,(#11191,#11192,#11193,#11194),
 .UNSPECIFIED.,.F.,.F.,(4,4),(0.,0.000139365428133684),.UNSPECIFIED.);
#291=B_SPLINE_CURVE_WITH_KNOTS('',3,(#11202,#11203,#11204,#11205),
 .UNSPECIFIED.,.F.,.F.,(4,4),(0.,0.000139365428133691),.UNSPECIFIED.);
#292=B_SPLINE_CURVE_WITH_KNOTS('',3,(#11213,#11214,#11215,#11216),
 .UNSPECIFIED.,.F.,.F.,(4,4),(0.,0.000139294906338494),.UNSPECIFIED.);
#293=B_SPLINE_CURVE_WITH_KNOTS('',3,(#11224,#11225,#11226,#11227),
 .UNSPECIFIED.,.F.,.F.,(4,4),(0.,0.000139294906338515),.UNSPECIFIED.);
#294=B_SPLINE_CURVE_WITH_KNOTS('',3,(#11235,#11236,#11237,#11238),
 .UNSPECIFIED.,.F.,.F.,(4,4),(0.,0.000139294906338506),.UNSPECIFIED.);
#295=B_SPLINE_CURVE_WITH_KNOTS('',3,(#11246,#11247,#11248,#11249),
 .UNSPECIFIED.,.F.,.F.,(4,4),(0.,0.000139294906338497),.UNSPECIFIED.);
#296=B_SPLINE_CURVE_WITH_KNOTS('',3,(#11257,#11258,#11259,#11260),
 .UNSPECIFIED.,.F.,.F.,(4,4),(0.,0.000139365428133681),.UNSPECIFIED.);
#297=B_SPLINE_CURVE_WITH_KNOTS('',3,(#11268,#11269,#11270,#11271),
 .UNSPECIFIED.,.F.,.F.,(4,4),(0.,0.000139365428133739),.UNSPECIFIED.);
#298=B_SPLINE_CURVE_WITH_KNOTS('',3,(#11279,#11280,#11281,#11282),
 .UNSPECIFIED.,.F.,.F.,(4,4),(0.,0.000139365428133675),.UNSPECIFIED.);
#299=B_SPLINE_CURVE_WITH_KNOTS('',3,(#11290,#11291,#11292,#11293),
 .UNSPECIFIED.,.F.,.F.,(4,4),(0.,0.000139365428133691),.UNSPECIFIED.);
#300=B_SPLINE_CURVE_WITH_KNOTS('',3,(#11301,#11302,#11303,#11304),
 .UNSPECIFIED.,.F.,.F.,(4,4),(0.,0.000139294906338485),.UNSPECIFIED.);
#301=B_SPLINE_CURVE_WITH_KNOTS('',3,(#11312,#11313,#11314,#11315),
 .UNSPECIFIED.,.F.,.F.,(4,4),(0.,0.000139294906338506),.UNSPECIFIED.);
#302=B_SPLINE_CURVE_WITH_KNOTS('',3,(#11323,#11324,#11325,#11326),
 .UNSPECIFIED.,.F.,.F.,(4,4),(0.,0.000139294906338483),.UNSPECIFIED.);
#303=B_SPLINE_CURVE_WITH_KNOTS('',3,(#11334,#11335,#11336,#11337),
 .UNSPECIFIED.,.F.,.F.,(4,4),(0.,0.000139294906338483),.UNSPECIFIED.);
#304=B_SPLINE_CURVE_WITH_KNOTS('',3,(#11403,#11404,#11405,#11406,#11407),
 .UNSPECIFIED.,.F.,.F.,(4,1,4),(0.,0.000283576318073162,0.000567152636146324),
 .UNSPECIFIED.);
#305=B_SPLINE_CURVE_WITH_KNOTS('',3,(#11409,#11410,#11411,#11412),
 .UNSPECIFIED.,.F.,.F.,(4,4),(0.00365095001048559,0.00851527449963506),
 .UNSPECIFIED.);
#306=B_SPLINE_CURVE_WITH_KNOTS('',3,(#11416,#11417,#11418,#11419),
 .UNSPECIFIED.,.F.,.F.,(4,4),(2.10639628465691E-7,0.00933942574369832),
 .UNSPECIFIED.);
#307=B_SPLINE_CURVE_WITH_KNOTS('',3,(#12641,#12642,#12643,#12644),
 .UNSPECIFIED.,.F.,.F.,(4,4),(0.,1.),.UNSPECIFIED.);
#308=B_SPLINE_CURVE_WITH_KNOTS('',3,(#12645,#12646,#12647,#12648),
 .UNSPECIFIED.,.F.,.F.,(4,4),(0.,0.999998233012413),.UNSPECIFIED.);
#309=B_SPLINE_CURVE_WITH_KNOTS('',3,(#12690,#12691,#12692,#12693),
 .UNSPECIFIED.,.F.,.F.,(4,4),(0.,1.),.UNSPECIFIED.);
#310=B_SPLINE_CURVE_WITH_KNOTS('',3,(#12694,#12695,#12696,#12697),
 .UNSPECIFIED.,.F.,.F.,(4,4),(0.,0.9999982330124),.UNSPECIFIED.);
#311=B_SPLINE_CURVE_WITH_KNOTS('',3,(#12739,#12740,#12741,#12742),
 .UNSPECIFIED.,.F.,.F.,(4,4),(0.,1.),.UNSPECIFIED.);
#312=B_SPLINE_CURVE_WITH_KNOTS('',3,(#12743,#12744,#12745,#12746),
 .UNSPECIFIED.,.F.,.F.,(4,4),(0.,0.999998233012415),.UNSPECIFIED.);
#313=B_SPLINE_CURVE_WITH_KNOTS('',3,(#12788,#12789,#12790,#12791),
 .UNSPECIFIED.,.F.,.F.,(4,4),(0.,1.),.UNSPECIFIED.);
#314=B_SPLINE_CURVE_WITH_KNOTS('',3,(#12792,#12793,#12794,#12795),
 .UNSPECIFIED.,.F.,.F.,(4,4),(0.,1.),.UNSPECIFIED.);
#315=B_SPLINE_CURVE_WITH_KNOTS('',3,(#12837,#12838,#12839,#12840),
 .UNSPECIFIED.,.F.,.F.,(4,4),(0.,1.),.UNSPECIFIED.);
#316=B_SPLINE_CURVE_WITH_KNOTS('',3,(#12841,#12842,#12843,#12844),
 .UNSPECIFIED.,.F.,.F.,(4,4),(0.,0.999998233012415),.UNSPECIFIED.);
#317=B_SPLINE_CURVE_WITH_KNOTS('',3,(#12851,#12852,#12853,#12854),
 .UNSPECIFIED.,.F.,.F.,(4,4),(0.,0.99999820895301),.UNSPECIFIED.);
#318=B_SPLINE_CURVE_WITH_KNOTS('',3,(#12890,#12891,#12892,#12893),
 .UNSPECIFIED.,.F.,.F.,(4,4),(0.,1.),.UNSPECIFIED.);
#319=B_SPLINE_CURVE_WITH_KNOTS('',3,(#12900,#12901,#12902,#12903),
 .UNSPECIFIED.,.F.,.F.,(4,4),(0.,0.999998208953008),.UNSPECIFIED.);
#320=B_SPLINE_CURVE_WITH_KNOTS('',3,(#12939,#12940,#12941,#12942),
 .UNSPECIFIED.,.F.,.F.,(4,4),(0.,1.),.UNSPECIFIED.);
#321=B_SPLINE_CURVE_WITH_KNOTS('',3,(#12949,#12950,#12951,#12952),
 .UNSPECIFIED.,.F.,.F.,(4,4),(0.,1.),.UNSPECIFIED.);
#322=B_SPLINE_CURVE_WITH_KNOTS('',3,(#12988,#12989,#12990,#12991),
 .UNSPECIFIED.,.F.,.F.,(4,4),(0.,1.),.UNSPECIFIED.);
#323=B_SPLINE_CURVE_WITH_KNOTS('',3,(#12998,#12999,#13000,#13001),
 .UNSPECIFIED.,.F.,.F.,(4,4),(0.,0.99999820895301),.UNSPECIFIED.);
#324=B_SPLINE_CURVE_WITH_KNOTS('',3,(#13037,#13038,#13039,#13040),
 .UNSPECIFIED.,.F.,.F.,(4,4),(0.,1.),.UNSPECIFIED.);
#325=B_SPLINE_CURVE_WITH_KNOTS('',3,(#13047,#13048,#13049,#13050),
 .UNSPECIFIED.,.F.,.F.,(4,4),(0.,0.999998208953019),.UNSPECIFIED.);
#326=B_SPLINE_CURVE_WITH_KNOTS('',3,(#13086,#13087,#13088,#13089),
 .UNSPECIFIED.,.F.,.F.,(4,4),(0.,1.),.UNSPECIFIED.);
#327=B_SPLINE_CURVE_WITH_KNOTS('',3,(#13166,#13167,#13168,#13169),
 .UNSPECIFIED.,.F.,.F.,(4,4),(0.,1.),.UNSPECIFIED.);
#328=B_SPLINE_CURVE_WITH_KNOTS('',3,(#13170,#13171,#13172,#13173),
 .UNSPECIFIED.,.F.,.F.,(4,4),(0.,0.999998233012419),.UNSPECIFIED.);
#329=B_SPLINE_CURVE_WITH_KNOTS('',3,(#13215,#13216,#13217,#13218),
 .UNSPECIFIED.,.F.,.F.,(4,4),(0.,1.),.UNSPECIFIED.);
#330=B_SPLINE_CURVE_WITH_KNOTS('',3,(#13219,#13220,#13221,#13222),
 .UNSPECIFIED.,.F.,.F.,(4,4),(0.,0.999998233012413),.UNSPECIFIED.);
#331=B_SPLINE_CURVE_WITH_KNOTS('',3,(#13264,#13265,#13266,#13267),
 .UNSPECIFIED.,.F.,.F.,(4,4),(0.,1.),.UNSPECIFIED.);
#332=B_SPLINE_CURVE_WITH_KNOTS('',3,(#13268,#13269,#13270,#13271),
 .UNSPECIFIED.,.F.,.F.,(4,4),(0.,0.999998233012411),.UNSPECIFIED.);
#333=B_SPLINE_CURVE_WITH_KNOTS('',3,(#13313,#13314,#13315,#13316),
 .UNSPECIFIED.,.F.,.F.,(4,4),(0.,1.),.UNSPECIFIED.);
#334=B_SPLINE_CURVE_WITH_KNOTS('',3,(#13317,#13318,#13319,#13320),
 .UNSPECIFIED.,.F.,.F.,(4,4),(0.,0.999998233012404),.UNSPECIFIED.);
#335=B_SPLINE_CURVE_WITH_KNOTS('',3,(#13362,#13363,#13364,#13365),
 .UNSPECIFIED.,.F.,.F.,(4,4),(0.,1.),.UNSPECIFIED.);
#336=B_SPLINE_CURVE_WITH_KNOTS('',3,(#13366,#13367,#13368,#13369),
 .UNSPECIFIED.,.F.,.F.,(4,4),(0.,1.),.UNSPECIFIED.);
#337=B_SPLINE_CURVE_WITH_KNOTS('',3,(#13376,#13377,#13378,#13379),
 .UNSPECIFIED.,.F.,.F.,(4,4),(0.,0.99999820895301),.UNSPECIFIED.);
#338=B_SPLINE_CURVE_WITH_KNOTS('',3,(#13415,#13416,#13417,#13418),
 .UNSPECIFIED.,.F.,.F.,(4,4),(0.,1.),.UNSPECIFIED.);
#339=B_SPLINE_CURVE_WITH_KNOTS('',3,(#13425,#13426,#13427,#13428),
 .UNSPECIFIED.,.F.,.F.,(4,4),(0.,0.99999820895301),.UNSPECIFIED.);
#340=B_SPLINE_CURVE_WITH_KNOTS('',3,(#13464,#13465,#13466,#13467),
 .UNSPECIFIED.,.F.,.F.,(4,4),(0.,1.),.UNSPECIFIED.);
#341=B_SPLINE_CURVE_WITH_KNOTS('',3,(#13474,#13475,#13476,#13477),
 .UNSPECIFIED.,.F.,.F.,(4,4),(0.,0.999998208953028),.UNSPECIFIED.);
#342=B_SPLINE_CURVE_WITH_KNOTS('',3,(#13513,#13514,#13515,#13516),
 .UNSPECIFIED.,.F.,.F.,(4,4),(0.,1.),.UNSPECIFIED.);
#343=B_SPLINE_CURVE_WITH_KNOTS('',3,(#13523,#13524,#13525,#13526),
 .UNSPECIFIED.,.F.,.F.,(4,4),(0.,1.),.UNSPECIFIED.);
#344=B_SPLINE_CURVE_WITH_KNOTS('',3,(#13562,#13563,#13564,#13565),
 .UNSPECIFIED.,.F.,.F.,(4,4),(0.,1.),.UNSPECIFIED.);
#345=B_SPLINE_CURVE_WITH_KNOTS('',3,(#13572,#13573,#13574,#13575),
 .UNSPECIFIED.,.F.,.F.,(4,4),(0.,0.999998208953004),.UNSPECIFIED.);
#346=B_SPLINE_CURVE_WITH_KNOTS('',3,(#13611,#13612,#13613,#13614),
 .UNSPECIFIED.,.F.,.F.,(4,4),(0.,1.),.UNSPECIFIED.);
#347=B_SPLINE_CURVE_WITH_KNOTS('',3,(#13691,#13692,#13693,#13694),
 .UNSPECIFIED.,.F.,.F.,(4,4),(0.,1.),.UNSPECIFIED.);
#348=B_SPLINE_CURVE_WITH_KNOTS('',3,(#13695,#13696,#13697,#13698),
 .UNSPECIFIED.,.F.,.F.,(4,4),(0.,0.999998233012437),.UNSPECIFIED.);
#349=B_SPLINE_CURVE_WITH_KNOTS('',3,(#13740,#13741,#13742,#13743),
 .UNSPECIFIED.,.F.,.F.,(4,4),(0.,1.),.UNSPECIFIED.);
#350=B_SPLINE_CURVE_WITH_KNOTS('',3,(#13744,#13745,#13746,#13747),
 .UNSPECIFIED.,.F.,.F.,(4,4),(0.,1.),.UNSPECIFIED.);
#351=B_SPLINE_CURVE_WITH_KNOTS('',3,(#13789,#13790,#13791,#13792),
 .UNSPECIFIED.,.F.,.F.,(4,4),(0.,1.),.UNSPECIFIED.);
#352=B_SPLINE_CURVE_WITH_KNOTS('',3,(#13793,#13794,#13795,#13796),
 .UNSPECIFIED.,.F.,.F.,(4,4),(0.,0.999998233012424),.UNSPECIFIED.);
#353=B_SPLINE_CURVE_WITH_KNOTS('',3,(#13838,#13839,#13840,#13841),
 .UNSPECIFIED.,.F.,.F.,(4,4),(0.,1.),.UNSPECIFIED.);
#354=B_SPLINE_CURVE_WITH_KNOTS('',3,(#13842,#13843,#13844,#13845),
 .UNSPECIFIED.,.F.,.F.,(4,4),(0.,0.999998233012402),.UNSPECIFIED.);
#355=B_SPLINE_CURVE_WITH_KNOTS('',3,(#13887,#13888,#13889,#13890),
 .UNSPECIFIED.,.F.,.F.,(4,4),(0.,1.),.UNSPECIFIED.);
#356=B_SPLINE_CURVE_WITH_KNOTS('',3,(#13891,#13892,#13893,#13894),
 .UNSPECIFIED.,.F.,.F.,(4,4),(0.,0.9999982330124),.UNSPECIFIED.);
#357=B_SPLINE_CURVE_WITH_KNOTS('',3,(#13901,#13902,#13903,#13904),
 .UNSPECIFIED.,.F.,.F.,(4,4),(0.,1.),.UNSPECIFIED.);
#358=B_SPLINE_CURVE_WITH_KNOTS('',3,(#13940,#13941,#13942,#13943),
 .UNSPECIFIED.,.F.,.F.,(4,4),(0.,1.),.UNSPECIFIED.);
#359=B_SPLINE_CURVE_WITH_KNOTS('',3,(#13950,#13951,#13952,#13953),
 .UNSPECIFIED.,.F.,.F.,(4,4),(0.,0.99999820895301),.UNSPECIFIED.);
#360=B_SPLINE_CURVE_WITH_KNOTS('',3,(#13989,#13990,#13991,#13992),
 .UNSPECIFIED.,.F.,.F.,(4,4),(0.,1.),.UNSPECIFIED.);
#361=B_SPLINE_CURVE_WITH_KNOTS('',3,(#13999,#14000,#14001,#14002),
 .UNSPECIFIED.,.F.,.F.,(4,4),(0.,0.99999820895301),.UNSPECIFIED.);
#362=B_SPLINE_CURVE_WITH_KNOTS('',3,(#14038,#14039,#14040,#14041),
 .UNSPECIFIED.,.F.,.F.,(4,4),(0.,1.),.UNSPECIFIED.);
#363=B_SPLINE_CURVE_WITH_KNOTS('',3,(#14048,#14049,#14050,#14051),
 .UNSPECIFIED.,.F.,.F.,(4,4),(0.,0.999998208953008),.UNSPECIFIED.);
#364=B_SPLINE_CURVE_WITH_KNOTS('',3,(#14087,#14088,#14089,#14090),
 .UNSPECIFIED.,.F.,.F.,(4,4),(0.,1.),.UNSPECIFIED.);
#365=B_SPLINE_CURVE_WITH_KNOTS('',3,(#14097,#14098,#14099,#14100),
 .UNSPECIFIED.,.F.,.F.,(4,4),(0.,0.999998208953021),.UNSPECIFIED.);
#366=B_SPLINE_CURVE_WITH_KNOTS('',3,(#14136,#14137,#14138,#14139),
 .UNSPECIFIED.,.F.,.F.,(4,4),(0.,1.),.UNSPECIFIED.);
#367=B_SPLINE_CURVE_WITH_KNOTS('',3,(#14566,#14567,#14568,#14569),
 .UNSPECIFIED.,.F.,.F.,(4,4),(0.,0.999998208953023),.UNSPECIFIED.);
#368=B_SPLINE_CURVE_WITH_KNOTS('',3,(#14570,#14571,#14572,#14573),
 .UNSPECIFIED.,.F.,.F.,(4,4),(0.,1.),.UNSPECIFIED.);
#369=B_SPLINE_CURVE_WITH_KNOTS('',3,(#14580,#14581,#14582,#14583),
 .UNSPECIFIED.,.F.,.F.,(4,4),(0.,1.),.UNSPECIFIED.);
#370=B_SPLINE_CURVE_WITH_KNOTS('',3,(#14584,#14585,#14586,#14587),
 .UNSPECIFIED.,.F.,.F.,(4,4),(0.,1.),.UNSPECIFIED.);
#371=B_SPLINE_CURVE_WITH_KNOTS('',3,(#14594,#14595,#14596,#14597),
 .UNSPECIFIED.,.F.,.F.,(4,4),(0.,0.999998208953008),.UNSPECIFIED.);
#372=B_SPLINE_CURVE_WITH_KNOTS('',3,(#14598,#14599,#14600,#14601),
 .UNSPECIFIED.,.F.,.F.,(4,4),(0.,1.),.UNSPECIFIED.);
#373=B_SPLINE_CURVE_WITH_KNOTS('',3,(#14608,#14609,#14610,#14611),
 .UNSPECIFIED.,.F.,.F.,(4,4),(0.,0.99999820895301),.UNSPECIFIED.);
#374=B_SPLINE_CURVE_WITH_KNOTS('',3,(#14612,#14613,#14614,#14615),
 .UNSPECIFIED.,.F.,.F.,(4,4),(0.,1.),.UNSPECIFIED.);
#375=B_SPLINE_CURVE_WITH_KNOTS('',3,(#14622,#14623,#14624,#14625),
 .UNSPECIFIED.,.F.,.F.,(4,4),(0.,0.999998208953012),.UNSPECIFIED.);
#376=B_SPLINE_CURVE_WITH_KNOTS('',3,(#14626,#14627,#14628,#14629),
 .UNSPECIFIED.,.F.,.F.,(4,4),(0.,1.),.UNSPECIFIED.);
#377=B_SPLINE_CURVE_WITH_KNOTS('',3,(#14636,#14637,#14638,#14639),
 .UNSPECIFIED.,.F.,.F.,(4,4),(0.,1.),.UNSPECIFIED.);
#378=B_SPLINE_CURVE_WITH_KNOTS('',3,(#14640,#14641,#14642,#14643),
 .UNSPECIFIED.,.F.,.F.,(4,4),(0.,0.999998233012422),.UNSPECIFIED.);
#379=B_SPLINE_CURVE_WITH_KNOTS('',3,(#14650,#14651,#14652,#14653),
 .UNSPECIFIED.,.F.,.F.,(4,4),(0.,1.),.UNSPECIFIED.);
#380=B_SPLINE_CURVE_WITH_KNOTS('',3,(#14654,#14655,#14656,#14657),
 .UNSPECIFIED.,.F.,.F.,(4,4),(0.,0.999998233012398),.UNSPECIFIED.);
#381=B_SPLINE_CURVE_WITH_KNOTS('',3,(#14664,#14665,#14666,#14667),
 .UNSPECIFIED.,.F.,.F.,(4,4),(0.,1.),.UNSPECIFIED.);
#382=B_SPLINE_CURVE_WITH_KNOTS('',3,(#14668,#14669,#14670,#14671),
 .UNSPECIFIED.,.F.,.F.,(4,4),(0.,1.),.UNSPECIFIED.);
#383=B_SPLINE_CURVE_WITH_KNOTS('',3,(#14678,#14679,#14680,#14681),
 .UNSPECIFIED.,.F.,.F.,(4,4),(0.,1.),.UNSPECIFIED.);
#384=B_SPLINE_CURVE_WITH_KNOTS('',3,(#14682,#14683,#14684,#14685),
 .UNSPECIFIED.,.F.,.F.,(4,4),(0.,0.999998233012422),.UNSPECIFIED.);
#385=B_SPLINE_CURVE_WITH_KNOTS('',3,(#14692,#14693,#14694,#14695),
 .UNSPECIFIED.,.F.,.F.,(4,4),(0.,1.),.UNSPECIFIED.);
#386=B_SPLINE_CURVE_WITH_KNOTS('',3,(#14696,#14697,#14698,#14699),
 .UNSPECIFIED.,.F.,.F.,(4,4),(0.,0.999998233012424),.UNSPECIFIED.);
#387=B_SPLINE_CURVE_WITH_KNOTS('',3,(#15355,#15356,#15357,#15358),
 .UNSPECIFIED.,.F.,.F.,(4,4),(0.,0.000368678947642449),.UNSPECIFIED.);
#388=B_SPLINE_CURVE_WITH_KNOTS('',3,(#15359,#15360,#15361,#15362),
 .UNSPECIFIED.,.F.,.F.,(4,4),(0.,0.000368678947642441),.UNSPECIFIED.);
#389=B_SPLINE_CURVE_WITH_KNOTS('',3,(#15364,#15365,#15366,#15367),
 .UNSPECIFIED.,.F.,.F.,(4,4),(0.,0.000367331043226971),.UNSPECIFIED.);
#390=B_SPLINE_CURVE_WITH_KNOTS('',3,(#15369,#15370,#15371,#15372),
 .UNSPECIFIED.,.F.,.F.,(4,4),(0.,0.00036733104322694),.UNSPECIFIED.);
#391=B_SPLINE_CURVE_WITH_KNOTS('',3,(#15374,#15375,#15376,#15377),
 .UNSPECIFIED.,.F.,.F.,(4,4),(0.,0.000367331043226976),.UNSPECIFIED.);
#392=B_SPLINE_CURVE_WITH_KNOTS('',3,(#15379,#15380,#15381,#15382),
 .UNSPECIFIED.,.F.,.F.,(4,4),(0.,0.000367331043226966),.UNSPECIFIED.);
#393=B_SPLINE_CURVE_WITH_KNOTS('',3,(#15384,#15385,#15386,#15387),
 .UNSPECIFIED.,.F.,.F.,(4,4),(0.,0.000368678947642447),.UNSPECIFIED.);
#394=B_SPLINE_CURVE_WITH_KNOTS('',3,(#15389,#15390,#15391,#15392),
 .UNSPECIFIED.,.F.,.F.,(4,4),(0.,0.00036867894764244),.UNSPECIFIED.);
#395=B_SPLINE_CURVE_WITH_KNOTS('',3,(#15394,#15395,#15396,#15397),
 .UNSPECIFIED.,.F.,.F.,(4,4),(0.,0.000368678947642441),.UNSPECIFIED.);
#396=B_SPLINE_CURVE_WITH_KNOTS('',3,(#15399,#15400,#15401,#15402),
 .UNSPECIFIED.,.F.,.F.,(4,4),(0.,0.000368678947642448),.UNSPECIFIED.);
#397=B_SPLINE_CURVE_WITH_KNOTS('',3,(#15404,#15405,#15406,#15407),
 .UNSPECIFIED.,.F.,.F.,(4,4),(0.,0.000367331043226971),.UNSPECIFIED.);
#398=B_SPLINE_CURVE_WITH_KNOTS('',3,(#15409,#15410,#15411,#15412),
 .UNSPECIFIED.,.F.,.F.,(4,4),(0.,0.000367331043226976),.UNSPECIFIED.);
#399=B_SPLINE_CURVE_WITH_KNOTS('',3,(#15414,#15415,#15416,#15417),
 .UNSPECIFIED.,.F.,.F.,(4,4),(0.,0.000367331043226978),.UNSPECIFIED.);
#400=B_SPLINE_CURVE_WITH_KNOTS('',3,(#15419,#15420,#15421,#15422),
 .UNSPECIFIED.,.F.,.F.,(4,4),(0.,0.000367331043226971),.UNSPECIFIED.);
#401=B_SPLINE_CURVE_WITH_KNOTS('',3,(#15424,#15425,#15426,#15427),
 .UNSPECIFIED.,.F.,.F.,(4,4),(0.,0.000368678947642451),.UNSPECIFIED.);
#402=B_SPLINE_CURVE_WITH_KNOTS('',3,(#15429,#15430,#15431,#15432),
 .UNSPECIFIED.,.F.,.F.,(4,4),(0.,0.000368678947642441),.UNSPECIFIED.);
#403=ELLIPSE('',#7381,0.036240721140187,0.025025);
#404=ELLIPSE('',#7382,0.036240721140187,0.025025);
#405=ELLIPSE('',#7385,0.0362407211401865,0.025025);
#406=ELLIPSE('',#7386,0.0362407211401865,0.025025);
#407=ELLIPSE('',#7389,0.0362407211401872,0.025025);
#408=ELLIPSE('',#7390,0.0362407211401872,0.025025);
#409=ELLIPSE('',#7393,0.0362407211401876,0.025025);
#410=ELLIPSE('',#7394,0.0362407211401876,0.025025);
#411=ELLIPSE('',#7405,0.0370402031700828,0.025025);
#412=ELLIPSE('',#7406,0.0362317986970501,0.025025);
#413=ELLIPSE('',#7407,0.0362317986970501,0.025025);
#414=ELLIPSE('',#7410,0.0370402031700825,0.025025);
#415=ELLIPSE('',#7411,0.0362317986970507,0.025025);
#416=ELLIPSE('',#7412,0.0362317986970507,0.025025);
#417=ELLIPSE('',#7415,0.0370402031700818,0.025025);
#418=ELLIPSE('',#7416,0.0362317986970512,0.025025);
#419=ELLIPSE('',#7417,0.0362317986970512,0.025025);
#420=ELLIPSE('',#7420,0.0370515217858851,0.025025);
#421=ELLIPSE('',#7422,0.0362317986970506,0.025025);
#422=ELLIPSE('',#7423,0.0362317986970506,0.025025);
#423=ELLIPSE('',#7424,0.0370515217858856,0.025025);
#424=ELLIPSE('',#7426,0.0362317986970506,0.025025);
#425=ELLIPSE('',#7427,0.0362317986970506,0.025025);
#426=ELLIPSE('',#7428,0.0370515217858845,0.025025);
#427=ELLIPSE('',#7430,0.0362317986970517,0.025025);
#428=ELLIPSE('',#7431,0.0362317986970517,0.025025);
#429=ELLIPSE('',#7432,0.037051521785885,0.025025);
#430=ELLIPSE('',#7434,0.0362317986970501,0.025025);
#431=ELLIPSE('',#7435,0.0362317986970501,0.025025);
#432=ELLIPSE('',#7436,0.0370515217858841,0.025025);
#433=ELLIPSE('',#7438,0.0362407211401868,0.025025);
#434=ELLIPSE('',#7439,0.0362407211401868,0.025025);
#435=ELLIPSE('',#7440,0.0370402031700831,0.025025);
#436=ELLIPSE('',#7442,0.036240721140187,0.025025);
#437=ELLIPSE('',#7443,0.036240721140187,0.025025);
#438=ELLIPSE('',#7444,0.0370402031700826,0.025025);
#439=ELLIPSE('',#7446,0.0362407211401881,0.025025);
#440=ELLIPSE('',#7447,0.0362407211401881,0.025025);
#441=ELLIPSE('',#7448,0.0370402031700826,0.025025);
#442=ELLIPSE('',#7450,0.0362407211401887,0.025025);
#443=ELLIPSE('',#7451,0.0362407211401887,0.025025);
#444=ELLIPSE('',#7452,0.0370402031700827,0.025025);
#445=ELLIPSE('',#7455,0.037051521785886,0.025025);
#446=ELLIPSE('',#7458,0.0370402031700823,0.025025);
#447=ELLIPSE('',#7459,0.03623179869705,0.025025);
#448=ELLIPSE('',#7460,0.03623179869705,0.025025);
#449=ELLIPSE('',#7463,0.0370515217858845,0.025025);
#450=ELLIPSE('',#7465,0.0362317986970512,0.025025);
#451=ELLIPSE('',#7466,0.0362317986970512,0.025025);
#452=ELLIPSE('',#7467,0.0370515217858847,0.025025);
#453=ELLIPSE('',#7469,0.036231798697052,0.025025);
#454=ELLIPSE('',#7470,0.036231798697052,0.025025);
#455=ELLIPSE('',#7471,0.0370515217858852,0.025025);
#456=ELLIPSE('',#7473,0.0362317986970507,0.025025);
#457=ELLIPSE('',#7474,0.0362317986970507,0.025025);
#458=ELLIPSE('',#7475,0.0370515217858839,0.025025);
#459=ELLIPSE('',#7477,0.0362317986970505,0.025025);
#460=ELLIPSE('',#7478,0.0362317986970505,0.025025);
#461=ELLIPSE('',#7479,0.0370515217858842,0.025025);
#462=ELLIPSE('',#7481,0.0362407211401866,0.025025);
#463=ELLIPSE('',#7482,0.0362407211401866,0.025025);
#464=ELLIPSE('',#7483,0.0370402031700819,0.025025);
#465=ELLIPSE('',#7485,0.0362407211401879,0.025025);
#466=ELLIPSE('',#7486,0.0362407211401879,0.025025);
#467=ELLIPSE('',#7487,0.0370402031700831,0.025025);
#468=ELLIPSE('',#7489,0.0362407211401865,0.025025);
#469=ELLIPSE('',#7490,0.0362407211401865,0.025025);
#470=ELLIPSE('',#7491,0.037040203170082,0.025025);
#471=ELLIPSE('',#7493,0.0362407211401876,0.025025);
#472=ELLIPSE('',#7494,0.0362407211401876,0.025025);
#473=ELLIPSE('',#7495,0.037040203170083,0.025025);
#474=ELLIPSE('',#7498,0.0370515217858847,0.025025);
#475=ELLIPSE('',#7500,0.0362317986970497,0.025025);
#476=ELLIPSE('',#7501,0.0362317986970497,0.025025);
#477=ELLIPSE('',#7502,0.0370515217858852,0.025025);
#478=ELLIPSE('',#7504,0.0362317986970505,0.025025);
#479=ELLIPSE('',#7505,0.0362317986970505,0.025025);
#480=ELLIPSE('',#7506,0.0370515217858846,0.025025);
#481=ELLIPSE('',#7508,0.0362317986970509,0.025025);
#482=ELLIPSE('',#7509,0.0362317986970509,0.025025);
#483=ELLIPSE('',#7510,0.0370515217858849,0.025025);
#484=ELLIPSE('',#7512,0.0362317986970503,0.025025);
#485=ELLIPSE('',#7513,0.0362317986970503,0.025025);
#486=ELLIPSE('',#7514,0.037051521785885,0.025025);
#487=ELLIPSE('',#7516,0.0362407211401863,0.025025);
#488=ELLIPSE('',#7517,0.0362407211401863,0.025025);
#489=ELLIPSE('',#7518,0.0370402031700836,0.025025);
#490=ELLIPSE('',#7520,0.0362407211401873,0.025025);
#491=ELLIPSE('',#7521,0.0362407211401873,0.025025);
#492=ELLIPSE('',#7522,0.0370402031700841,0.025025);
#493=ELLIPSE('',#7524,0.0362407211401857,0.025025);
#494=ELLIPSE('',#7525,0.0362407211401857,0.025025);
#495=ELLIPSE('',#7526,0.0370402031700824,0.025025);
#496=ELLIPSE('',#7528,0.0362407211401884,0.025025);
#497=ELLIPSE('',#7529,0.0362407211401884,0.025025);
#498=ELLIPSE('',#7530,0.0370402031700824,0.025025);
#499=ELLIPSE('',#7532,0.0362317986970515,0.025025);
#500=ELLIPSE('',#7533,0.0362317986970515,0.025025);
#501=ELLIPSE('',#7534,0.037051521785885,0.025025);
#502=ELLIPSE('',#7536,0.0362317986970504,0.025025);
#503=ELLIPSE('',#7537,0.0362317986970504,0.025025);
#504=ELLIPSE('',#7538,0.0370515217858833,0.025025);
#505=ELLIPSE('',#7540,0.0362317986970502,0.025025);
#506=ELLIPSE('',#7541,0.0362317986970502,0.025025);
#507=ELLIPSE('',#7542,0.0370515217858848,0.025025);
#508=ELLIPSE('',#7544,0.036231798697051,0.025025);
#509=ELLIPSE('',#7545,0.036231798697051,0.025025);
#510=ELLIPSE('',#7546,0.0370515217858849,0.025025);
#511=ELLIPSE('',#7548,0.0362407211401873,0.025025);
#512=ELLIPSE('',#7549,0.0362407211401873,0.025025);
#513=ELLIPSE('',#7550,0.0370402031700828,0.025025);
#514=ELLIPSE('',#7552,0.036240721140187,0.025025);
#515=ELLIPSE('',#7553,0.036240721140187,0.025025);
#516=ELLIPSE('',#7554,0.0370402031700827,0.025025);
#517=ELLIPSE('',#7556,0.0362407211401877,0.025025);
#518=ELLIPSE('',#7557,0.0362407211401877,0.025025);
#519=ELLIPSE('',#7558,0.0370402031700825,0.025025);
#520=ELLIPSE('',#7560,0.0362407211401874,0.025025);
#521=ELLIPSE('',#7561,0.0362407211401874,0.025025);
#522=ELLIPSE('',#7562,0.0370402031700827,0.025025);
#523=ELLIPSE('',#7564,0.0381837661840736,0.027);
#524=ELLIPSE('',#7565,0.0381837661840736,0.027);
#525=ELLIPSE('',#7568,0.0335349404142349,0.027);
#526=ELLIPSE('',#7624,0.0382359860188006,0.025825);
#527=ELLIPSE('',#7625,0.0373900579960574,0.025825);
#528=ELLIPSE('',#7626,0.0382243055691277,0.025825);
#529=ELLIPSE('',#7627,0.0373992656721397,0.025825);
#530=ELLIPSE('',#7629,0.0382359860188006,0.025825);
#531=ELLIPSE('',#7630,0.0373900579960571,0.025825);
#532=ELLIPSE('',#7631,0.0382243055691261,0.025825);
#533=ELLIPSE('',#7632,0.0373992656721414,0.025825);
#534=ELLIPSE('',#7634,0.0382359860188015,0.025825);
#535=ELLIPSE('',#7635,0.0373900579960581,0.025825);
#536=ELLIPSE('',#7636,0.0382243055691263,0.025825);
#537=ELLIPSE('',#7637,0.037399265672141,0.025825);
#538=ELLIPSE('',#7639,0.0382359860188003,0.025825);
#539=ELLIPSE('',#7640,0.0373900579960566,0.025825);
#540=ELLIPSE('',#7641,0.0382243055691259,0.025825);
#541=ELLIPSE('',#7642,0.0373992656721408,0.025825);
#542=ELLIPSE('',#7644,0.0382359860188004,0.025825);
#543=ELLIPSE('',#7645,0.0373900579960567,0.025825);
#544=ELLIPSE('',#7646,0.0382243055691255,0.025825);
#545=ELLIPSE('',#7647,0.037399265672142,0.025825);
#546=ELLIPSE('',#7649,0.0382359860187992,0.025825);
#547=ELLIPSE('',#7650,0.0373900579960571,0.025825);
#548=ELLIPSE('',#7651,0.0382243055691273,0.025825);
#549=ELLIPSE('',#7652,0.0373992656721414,0.025825);
#550=ELLIPSE('',#7654,0.0382359860188,0.025825);
#551=ELLIPSE('',#7655,0.0373900579960576,0.025825);
#552=ELLIPSE('',#7656,0.0382243055691263,0.025825);
#553=ELLIPSE('',#7657,0.0373992656721418,0.025825);
#554=ELLIPSE('',#7659,0.0382359860188004,0.025825);
#555=ELLIPSE('',#7660,0.037390057996057,0.025825);
#556=ELLIPSE('',#7661,0.0382243055691262,0.025825);
#557=ELLIPSE('',#7662,0.0373992656721428,0.025825);
#558=ELLIPSE('',#7664,0.0382359860188005,0.025825);
#559=ELLIPSE('',#7665,0.0373900579960572,0.025825);
#560=ELLIPSE('',#7666,0.0382243055691266,0.025825);
#561=ELLIPSE('',#7667,0.0373992656721405,0.025825);
#562=ELLIPSE('',#7669,0.0382359860187995,0.025825);
#563=ELLIPSE('',#7670,0.0373900579960578,0.025825);
#564=ELLIPSE('',#7671,0.0382243055691254,0.025825);
#565=ELLIPSE('',#7672,0.0373992656721406,0.025825);
#566=ELLIPSE('',#7674,0.0382359860187999,0.025825);
#567=ELLIPSE('',#7675,0.0373900579960578,0.025825);
#568=ELLIPSE('',#7676,0.038224305569126,0.025825);
#569=ELLIPSE('',#7677,0.0373992656721413,0.025825);
#570=ELLIPSE('',#7679,0.0382359860187996,0.025825);
#571=ELLIPSE('',#7680,0.0373900579960573,0.025825);
#572=ELLIPSE('',#7681,0.0382243055691261,0.025825);
#573=ELLIPSE('',#7682,0.0373992656721403,0.025825);
#574=ELLIPSE('',#7684,0.0382359860188003,0.025825);
#575=ELLIPSE('',#7685,0.0373900579960569,0.025825);
#576=ELLIPSE('',#7686,0.0382243055691264,0.025825);
#577=ELLIPSE('',#7687,0.0373992656721411,0.025825);
#578=ELLIPSE('',#7689,0.0382359860187986,0.025825);
#579=ELLIPSE('',#7690,0.0373900579960568,0.025825);
#580=ELLIPSE('',#7691,0.0382243055691262,0.025825);
#581=ELLIPSE('',#7692,0.0373992656721422,0.025825);
#582=ELLIPSE('',#7694,0.038235986018801,0.025825);
#583=ELLIPSE('',#7695,0.0373900579960572,0.025825);
#584=ELLIPSE('',#7696,0.0382243055691256,0.025825);
#585=ELLIPSE('',#7697,0.0373992656721417,0.025825);
#586=ELLIPSE('',#7699,0.0382359860188001,0.025825);
#587=ELLIPSE('',#7700,0.0373900579960586,0.025825);
#588=ELLIPSE('',#7701,0.038224305569126,0.025825);
#589=ELLIPSE('',#7702,0.0373992656721424,0.025825);
#590=ELLIPSE('',#7704,0.0382359860188,0.025825);
#591=ELLIPSE('',#7705,0.0373900579960563,0.025825);
#592=ELLIPSE('',#7706,0.0382243055691263,0.025825);
#593=ELLIPSE('',#7707,0.0373992656721416,0.025825);
#594=ELLIPSE('',#7709,0.0382359860188004,0.025825);
#595=ELLIPSE('',#7710,0.0373900579960567,0.025825);
#596=ELLIPSE('',#7711,0.0382243055691264,0.025825);
#597=ELLIPSE('',#7712,0.0373992656721413,0.025825);
#598=ELLIPSE('',#7714,0.0382359860188002,0.025825);
#599=ELLIPSE('',#7715,0.0373900579960577,0.025825);
#600=ELLIPSE('',#7716,0.0382243055691268,0.025825);
#601=ELLIPSE('',#7717,0.037399265672141,0.025825);
#602=ELLIPSE('',#7719,0.0382359860187999,0.025825);
#603=ELLIPSE('',#7720,0.0373900579960584,0.025825);
#604=ELLIPSE('',#7721,0.0382243055691267,0.025825);
#605=ELLIPSE('',#7722,0.0373992656721405,0.025825);
#606=LINE('',#10268,#997);
#607=LINE('',#10273,#998);
#608=LINE('',#10277,#999);
#609=LINE('',#10286,#1000);
#610=LINE('',#10295,#1001);
#611=LINE('',#10304,#1002);
#612=LINE('',#10313,#1003);
#613=LINE('',#10316,#1004);
#614=LINE('',#10318,#1005);
#615=LINE('',#10325,#1006);
#616=LINE('',#10327,#1007);
#617=LINE('',#10329,#1008);
#618=LINE('',#10331,#1009);
#619=LINE('',#10333,#1010);
#620=LINE('',#10335,#1011);
#621=LINE('',#10337,#1012);
#622=LINE('',#10339,#1013);
#623=LINE('',#10341,#1014);
#624=LINE('',#10343,#1015);
#625=LINE('',#10345,#1016);
#626=LINE('',#10347,#1017);
#627=LINE('',#10349,#1018);
#628=LINE('',#10351,#1019);
#629=LINE('',#10353,#1020);
#630=LINE('',#10355,#1021);
#631=LINE('',#10358,#1022);
#632=LINE('',#10359,#1023);
#633=LINE('',#10361,#1024);
#634=LINE('',#10363,#1025);
#635=LINE('',#10365,#1026);
#636=LINE('',#10367,#1027);
#637=LINE('',#10369,#1028);
#638=LINE('',#10371,#1029);
#639=LINE('',#10373,#1030);
#640=LINE('',#10375,#1031);
#641=LINE('',#10377,#1032);
#642=LINE('',#10379,#1033);
#643=LINE('',#10381,#1034);
#644=LINE('',#10383,#1035);
#645=LINE('',#10385,#1036);
#646=LINE('',#10387,#1037);
#647=LINE('',#10394,#1038);
#648=LINE('',#10397,#1039);
#649=LINE('',#10399,#1040);
#650=LINE('',#10406,#1041);
#651=LINE('',#10408,#1042);
#652=LINE('',#10410,#1043);
#653=LINE('',#10412,#1044);
#654=LINE('',#10414,#1045);
#655=LINE('',#10416,#1046);
#656=LINE('',#10418,#1047);
#657=LINE('',#10420,#1048);
#658=LINE('',#10422,#1049);
#659=LINE('',#10424,#1050);
#660=LINE('',#10426,#1051);
#661=LINE('',#10428,#1052);
#662=LINE('',#10430,#1053);
#663=LINE('',#10432,#1054);
#664=LINE('',#10434,#1055);
#665=LINE('',#10436,#1056);
#666=LINE('',#10439,#1057);
#667=LINE('',#10440,#1058);
#668=LINE('',#10442,#1059);
#669=LINE('',#10444,#1060);
#670=LINE('',#10446,#1061);
#671=LINE('',#10448,#1062);
#672=LINE('',#10450,#1063);
#673=LINE('',#10452,#1064);
#674=LINE('',#10454,#1065);
#675=LINE('',#10456,#1066);
#676=LINE('',#10458,#1067);
#677=LINE('',#10460,#1068);
#678=LINE('',#10462,#1069);
#679=LINE('',#10464,#1070);
#680=LINE('',#10466,#1071);
#681=LINE('',#10468,#1072);
#682=LINE('',#10475,#1073);
#683=LINE('',#10478,#1074);
#684=LINE('',#10480,#1075);
#685=LINE('',#10487,#1076);
#686=LINE('',#10489,#1077);
#687=LINE('',#10491,#1078);
#688=LINE('',#10493,#1079);
#689=LINE('',#10495,#1080);
#690=LINE('',#10497,#1081);
#691=LINE('',#10499,#1082);
#692=LINE('',#10501,#1083);
#693=LINE('',#10503,#1084);
#694=LINE('',#10505,#1085);
#695=LINE('',#10507,#1086);
#696=LINE('',#10509,#1087);
#697=LINE('',#10511,#1088);
#698=LINE('',#10513,#1089);
#699=LINE('',#10515,#1090);
#700=LINE('',#10517,#1091);
#701=LINE('',#10520,#1092);
#702=LINE('',#10521,#1093);
#703=LINE('',#10523,#1094);
#704=LINE('',#10525,#1095);
#705=LINE('',#10527,#1096);
#706=LINE('',#10529,#1097);
#707=LINE('',#10531,#1098);
#708=LINE('',#10533,#1099);
#709=LINE('',#10535,#1100);
#710=LINE('',#10537,#1101);
#711=LINE('',#10539,#1102);
#712=LINE('',#10541,#1103);
#713=LINE('',#10543,#1104);
#714=LINE('',#10545,#1105);
#715=LINE('',#10547,#1106);
#716=LINE('',#10549,#1107);
#717=LINE('',#10556,#1108);
#718=LINE('',#10559,#1109);
#719=LINE('',#10561,#1110);
#720=LINE('',#10568,#1111);
#721=LINE('',#10570,#1112);
#722=LINE('',#10572,#1113);
#723=LINE('',#10574,#1114);
#724=LINE('',#10576,#1115);
#725=LINE('',#10578,#1116);
#726=LINE('',#10580,#1117);
#727=LINE('',#10582,#1118);
#728=LINE('',#10584,#1119);
#729=LINE('',#10586,#1120);
#730=LINE('',#10588,#1121);
#731=LINE('',#10590,#1122);
#732=LINE('',#10592,#1123);
#733=LINE('',#10594,#1124);
#734=LINE('',#10596,#1125);
#735=LINE('',#10598,#1126);
#736=LINE('',#10601,#1127);
#737=LINE('',#10602,#1128);
#738=LINE('',#10604,#1129);
#739=LINE('',#10606,#1130);
#740=LINE('',#10608,#1131);
#741=LINE('',#10610,#1132);
#742=LINE('',#10612,#1133);
#743=LINE('',#10614,#1134);
#744=LINE('',#10616,#1135);
#745=LINE('',#10618,#1136);
#746=LINE('',#10620,#1137);
#747=LINE('',#10622,#1138);
#748=LINE('',#10624,#1139);
#749=LINE('',#10626,#1140);
#750=LINE('',#10628,#1141);
#751=LINE('',#10630,#1142);
#752=LINE('',#11341,#1143);
#753=LINE('',#11346,#1144);
#754=LINE('',#11349,#1145);
#755=LINE('',#11353,#1146);
#756=LINE('',#11359,#1147);
#757=LINE('',#11363,#1148);
#758=LINE('',#11367,#1149);
#759=LINE('',#11369,#1150);
#760=LINE('',#11379,#1151);
#761=LINE('',#11381,#1152);
#762=LINE('',#11382,#1153);
#763=LINE('',#11384,#1154);
#764=LINE('',#11386,#1155);
#765=LINE('',#11390,#1156);
#766=LINE('',#11391,#1157);
#767=LINE('',#11393,#1158);
#768=LINE('',#11395,#1159);
#769=LINE('',#11397,#1160);
#770=LINE('',#11399,#1161);
#771=LINE('',#11414,#1162);
#772=LINE('',#11422,#1163);
#773=LINE('',#11425,#1164);
#774=LINE('',#11429,#1165);
#775=LINE('',#11431,#1166);
#776=LINE('',#11433,#1167);
#777=LINE('',#11437,#1168);
#778=LINE('',#11439,#1169);
#779=LINE('',#11441,#1170);
#780=LINE('',#11443,#1171);
#781=LINE('',#11445,#1172);
#782=LINE('',#11449,#1173);
#783=LINE('',#11451,#1174);
#784=LINE('',#11453,#1175);
#785=LINE('',#11457,#1176);
#786=LINE('',#11459,#1177);
#787=LINE('',#11461,#1178);
#788=LINE('',#11465,#1179);
#789=LINE('',#11468,#1180);
#790=LINE('',#11470,#1181);
#791=LINE('',#11472,#1182);
#792=LINE('',#11474,#1183);
#793=LINE('',#11476,#1184);
#794=LINE('',#11478,#1185);
#795=LINE('',#11480,#1186);
#796=LINE('',#11482,#1187);
#797=LINE('',#11484,#1188);
#798=LINE('',#11486,#1189);
#799=LINE('',#11488,#1190);
#800=LINE('',#11518,#1191);
#801=LINE('',#11521,#1192);
#802=LINE('',#11523,#1193);
#803=LINE('',#11525,#1194);
#804=LINE('',#14981,#1195);
#805=LINE('',#14986,#1196);
#806=LINE('',#14990,#1197);
#807=LINE('',#14994,#1198);
#808=LINE('',#14998,#1199);
#809=LINE('',#15002,#1200);
#810=LINE('',#15006,#1201);
#811=LINE('',#15010,#1202);
#812=LINE('',#15014,#1203);
#813=LINE('',#15017,#1204);
#814=LINE('',#15019,#1205);
#815=LINE('',#15021,#1206);
#816=LINE('',#15023,#1207);
#817=LINE('',#15025,#1208);
#818=LINE('',#15027,#1209);
#819=LINE('',#15029,#1210);
#820=LINE('',#15031,#1211);
#821=LINE('',#15033,#1212);
#822=LINE('',#15035,#1213);
#823=LINE('',#15037,#1214);
#824=LINE('',#15039,#1215);
#825=LINE('',#15042,#1216);
#826=LINE('',#15044,#1217);
#827=LINE('',#15046,#1218);
#828=LINE('',#15048,#1219);
#829=LINE('',#15051,#1220);
#830=LINE('',#15053,#1221);
#831=LINE('',#15055,#1222);
#832=LINE('',#15057,#1223);
#833=LINE('',#15060,#1224);
#834=LINE('',#15063,#1225);
#835=LINE('',#15066,#1226);
#836=LINE('',#15069,#1227);
#837=LINE('',#15072,#1228);
#838=LINE('',#15075,#1229);
#839=LINE('',#15078,#1230);
#840=LINE('',#15081,#1231);
#841=LINE('',#15084,#1232);
#842=LINE('',#15087,#1233);
#843=LINE('',#15090,#1234);
#844=LINE('',#15093,#1235);
#845=LINE('',#15096,#1236);
#846=LINE('',#15099,#1237);
#847=LINE('',#15102,#1238);
#848=LINE('',#15105,#1239);
#849=LINE('',#15108,#1240);
#850=LINE('',#15111,#1241);
#851=LINE('',#15114,#1242);
#852=LINE('',#15117,#1243);
#853=LINE('',#15120,#1244);
#854=LINE('',#15123,#1245);
#855=LINE('',#15126,#1246);
#856=LINE('',#15129,#1247);
#857=LINE('',#15132,#1248);
#858=LINE('',#15135,#1249);
#859=LINE('',#15138,#1250);
#860=LINE('',#15141,#1251);
#861=LINE('',#15144,#1252);
#862=LINE('',#15147,#1253);
#863=LINE('',#15150,#1254);
#864=LINE('',#15153,#1255);
#865=LINE('',#15156,#1256);
#866=LINE('',#15159,#1257);
#867=LINE('',#15162,#1258);
#868=LINE('',#15165,#1259);
#869=LINE('',#15168,#1260);
#870=LINE('',#15171,#1261);
#871=LINE('',#15174,#1262);
#872=LINE('',#15177,#1263);
#873=LINE('',#15182,#1264);
#874=LINE('',#15186,#1265);
#875=LINE('',#15188,#1266);
#876=LINE('',#15190,#1267);
#877=LINE('',#15192,#1268);
#878=LINE('',#15195,#1269);
#879=LINE('',#15196,#1270);
#880=LINE('',#15200,#1271);
#881=LINE('',#15202,#1272);
#882=LINE('',#15205,#1273);
#883=LINE('',#15207,#1274);
#884=LINE('',#15209,#1275);
#885=LINE('',#15213,#1276);
#886=LINE('',#15217,#1277);
#887=LINE('',#15219,#1278);
#888=LINE('',#15221,#1279);
#889=LINE('',#15225,#1280);
#890=LINE('',#15227,#1281);
#891=LINE('',#15230,#1282);
#892=LINE('',#15232,#1283);
#893=LINE('',#15234,#1284);
#894=LINE('',#15238,#1285);
#895=LINE('',#15242,#1286);
#896=LINE('',#15244,#1287);
#897=LINE('',#15246,#1288);
#898=LINE('',#15250,#1289);
#899=LINE('',#15252,#1290);
#900=LINE('',#15255,#1291);
#901=LINE('',#15257,#1292);
#902=LINE('',#15259,#1293);
#903=LINE('',#15263,#1294);
#904=LINE('',#15267,#1295);
#905=LINE('',#15269,#1296);
#906=LINE('',#15271,#1297);
#907=LINE('',#15275,#1298);
#908=LINE('',#15278,#1299);
#909=LINE('',#15280,#1300);
#910=LINE('',#15282,#1301);
#911=LINE('',#15283,#1302);
#912=LINE('',#15285,#1303);
#913=LINE('',#15287,#1304);
#914=LINE('',#15289,#1305);
#915=LINE('',#15291,#1306);
#916=LINE('',#15293,#1307);
#917=LINE('',#15295,#1308);
#918=LINE('',#15297,#1309);
#919=LINE('',#15302,#1310);
#920=LINE('',#15304,#1311);
#921=LINE('',#15307,#1312);
#922=LINE('',#15309,#1313);
#923=LINE('',#15311,#1314);
#924=LINE('',#15313,#1315);
#925=LINE('',#15319,#1316);
#926=LINE('',#15322,#1317);
#927=LINE('',#15324,#1318);
#928=LINE('',#15326,#1319);
#929=LINE('',#15328,#1320);
#930=LINE('',#15329,#1321);
#931=LINE('',#15331,#1322);
#932=LINE('',#15333,#1323);
#933=LINE('',#15472,#1324);
#934=LINE('',#15473,#1325);
#935=LINE('',#15475,#1326);
#936=LINE('',#15476,#1327);
#937=LINE('',#15478,#1328);
#938=LINE('',#15479,#1329);
#939=LINE('',#15481,#1330);
#940=LINE('',#15483,#1331);
#941=LINE('',#15485,#1332);
#942=LINE('',#15487,#1333);
#943=LINE('',#15489,#1334);
#944=LINE('',#15491,#1335);
#945=LINE('',#15493,#1336);
#946=LINE('',#15495,#1337);
#947=LINE('',#15497,#1338);
#948=LINE('',#15499,#1339);
#949=LINE('',#15501,#1340);
#950=LINE('',#15502,#1341);
#951=LINE('',#15504,#1342);
#952=LINE('',#15506,#1343);
#953=LINE('',#15508,#1344);
#954=LINE('',#15510,#1345);
#955=LINE('',#15511,#1346);
#956=LINE('',#15513,#1347);
#957=LINE('',#15514,#1348);
#958=LINE('',#15516,#1349);
#959=LINE('',#15518,#1350);
#960=LINE('',#15520,#1351);
#961=LINE('',#15522,#1352);
#962=LINE('',#15524,#1353);
#963=LINE('',#15525,#1354);
#964=LINE('',#15527,#1355);
#965=LINE('',#15529,#1356);
#966=LINE('',#15531,#1357);
#967=LINE('',#15533,#1358);
#968=LINE('',#15535,#1359);
#969=LINE('',#15537,#1360);
#970=LINE('',#15539,#1361);
#971=LINE('',#15541,#1362);
#972=LINE('',#15543,#1363);
#973=LINE('',#15545,#1364);
#974=LINE('',#15547,#1365);
#975=LINE('',#15549,#1366);
#976=LINE('',#15551,#1367);
#977=LINE('',#15553,#1368);
#978=LINE('',#15555,#1369);
#979=LINE('',#15557,#1370);
#980=LINE('',#15558,#1371);
#981=LINE('',#15560,#1372);
#982=LINE('',#15561,#1373);
#983=LINE('',#15563,#1374);
#984=LINE('',#15565,#1375);
#985=LINE('',#15567,#1376);
#986=LINE('',#15569,#1377);
#987=LINE('',#15571,#1378);
#988=LINE('',#15573,#1379);
#989=LINE('',#15575,#1380);
#990=LINE('',#15577,#1381);
#991=LINE('',#15579,#1382);
#992=LINE('',#15581,#1383);
#993=LINE('',#15583,#1384);
#994=LINE('',#15585,#1385);
#995=LINE('',#15587,#1386);
#996=LINE('',#15589,#1387);
#997=VECTOR('',#8234,1.);
#998=VECTOR('',#8237,1.);
#999=VECTOR('',#8242,1.);
#1000=VECTOR('',#8251,1.);
#1001=VECTOR('',#8260,1.);
#1002=VECTOR('',#8269,1.);
#1003=VECTOR('',#8278,1.);
#1004=VECTOR('',#8279,1.);
#1005=VECTOR('',#8280,1.);
#1006=VECTOR('',#8281,1.);
#1007=VECTOR('',#8282,1.);
#1008=VECTOR('',#8283,1.);
#1009=VECTOR('',#8284,1.);
#1010=VECTOR('',#8285,1.);
#1011=VECTOR('',#8286,1.);
#1012=VECTOR('',#8287,1.);
#1013=VECTOR('',#8288,1.);
#1014=VECTOR('',#8289,1.);
#1015=VECTOR('',#8290,1.);
#1016=VECTOR('',#8291,1.);
#1017=VECTOR('',#8292,1.);
#1018=VECTOR('',#8293,1.);
#1019=VECTOR('',#8294,1.);
#1020=VECTOR('',#8295,1.);
#1021=VECTOR('',#8298,1.);
#1022=VECTOR('',#8299,1.);
#1023=VECTOR('',#8300,1.);
#1024=VECTOR('',#8301,1.);
#1025=VECTOR('',#8302,1.);
#1026=VECTOR('',#8303,1.);
#1027=VECTOR('',#8304,1.);
#1028=VECTOR('',#8305,1.);
#1029=VECTOR('',#8306,1.);
#1030=VECTOR('',#8307,1.);
#1031=VECTOR('',#8308,1.);
#1032=VECTOR('',#8309,1.);
#1033=VECTOR('',#8310,1.);
#1034=VECTOR('',#8311,1.);
#1035=VECTOR('',#8312,1.);
#1036=VECTOR('',#8313,1.);
#1037=VECTOR('',#8314,1.);
#1038=VECTOR('',#8317,1.);
#1039=VECTOR('',#8318,1.);
#1040=VECTOR('',#8319,1.);
#1041=VECTOR('',#8320,1.);
#1042=VECTOR('',#8321,1.);
#1043=VECTOR('',#8322,1.);
#1044=VECTOR('',#8323,1.);
#1045=VECTOR('',#8324,1.);
#1046=VECTOR('',#8325,1.);
#1047=VECTOR('',#8326,1.);
#1048=VECTOR('',#8327,1.);
#1049=VECTOR('',#8328,1.);
#1050=VECTOR('',#8329,1.);
#1051=VECTOR('',#8330,1.);
#1052=VECTOR('',#8331,1.);
#1053=VECTOR('',#8332,1.);
#1054=VECTOR('',#8333,1.);
#1055=VECTOR('',#8334,1.);
#1056=VECTOR('',#8337,1.);
#1057=VECTOR('',#8338,1.);
#1058=VECTOR('',#8339,1.);
#1059=VECTOR('',#8340,1.);
#1060=VECTOR('',#8341,1.);
#1061=VECTOR('',#8342,1.);
#1062=VECTOR('',#8343,1.);
#1063=VECTOR('',#8344,1.);
#1064=VECTOR('',#8345,1.);
#1065=VECTOR('',#8346,1.);
#1066=VECTOR('',#8347,1.);
#1067=VECTOR('',#8348,1.);
#1068=VECTOR('',#8349,1.);
#1069=VECTOR('',#8350,1.);
#1070=VECTOR('',#8351,1.);
#1071=VECTOR('',#8352,1.);
#1072=VECTOR('',#8353,1.);
#1073=VECTOR('',#8356,1.);
#1074=VECTOR('',#8357,1.);
#1075=VECTOR('',#8358,1.);
#1076=VECTOR('',#8359,1.);
#1077=VECTOR('',#8360,1.);
#1078=VECTOR('',#8361,1.);
#1079=VECTOR('',#8362,1.);
#1080=VECTOR('',#8363,1.);
#1081=VECTOR('',#8364,1.);
#1082=VECTOR('',#8365,1.);
#1083=VECTOR('',#8366,1.);
#1084=VECTOR('',#8367,1.);
#1085=VECTOR('',#8368,1.);
#1086=VECTOR('',#8369,1.);
#1087=VECTOR('',#8370,1.);
#1088=VECTOR('',#8371,1.);
#1089=VECTOR('',#8372,1.);
#1090=VECTOR('',#8373,1.);
#1091=VECTOR('',#8376,1.);
#1092=VECTOR('',#8377,1.);
#1093=VECTOR('',#8378,1.);
#1094=VECTOR('',#8379,1.);
#1095=VECTOR('',#8380,1.);
#1096=VECTOR('',#8381,1.);
#1097=VECTOR('',#8382,1.);
#1098=VECTOR('',#8383,1.);
#1099=VECTOR('',#8384,1.);
#1100=VECTOR('',#8385,1.);
#1101=VECTOR('',#8386,1.);
#1102=VECTOR('',#8387,1.);
#1103=VECTOR('',#8388,1.);
#1104=VECTOR('',#8389,1.);
#1105=VECTOR('',#8390,1.);
#1106=VECTOR('',#8391,1.);
#1107=VECTOR('',#8392,1.);
#1108=VECTOR('',#8395,1.);
#1109=VECTOR('',#8396,1.);
#1110=VECTOR('',#8397,1.);
#1111=VECTOR('',#8398,1.);
#1112=VECTOR('',#8399,1.);
#1113=VECTOR('',#8400,1.);
#1114=VECTOR('',#8401,1.);
#1115=VECTOR('',#8402,1.);
#1116=VECTOR('',#8403,1.);
#1117=VECTOR('',#8404,1.);
#1118=VECTOR('',#8405,1.);
#1119=VECTOR('',#8406,1.);
#1120=VECTOR('',#8407,1.);
#1121=VECTOR('',#8408,1.);
#1122=VECTOR('',#8409,1.);
#1123=VECTOR('',#8410,1.);
#1124=VECTOR('',#8411,1.);
#1125=VECTOR('',#8412,1.);
#1126=VECTOR('',#8415,1.);
#1127=VECTOR('',#8416,1.);
#1128=VECTOR('',#8417,1.);
#1129=VECTOR('',#8418,1.);
#1130=VECTOR('',#8419,1.);
#1131=VECTOR('',#8420,1.);
#1132=VECTOR('',#8421,1.);
#1133=VECTOR('',#8422,1.);
#1134=VECTOR('',#8423,1.);
#1135=VECTOR('',#8424,1.);
#1136=VECTOR('',#8425,1.);
#1137=VECTOR('',#8426,1.);
#1138=VECTOR('',#8427,1.);
#1139=VECTOR('',#8428,1.);
#1140=VECTOR('',#8429,1.);
#1141=VECTOR('',#8430,1.);
#1142=VECTOR('',#8431,1.);
#1143=VECTOR('',#8754,1.);
#1144=VECTOR('',#8757,1.);
#1145=VECTOR('',#8760,1.);
#1146=VECTOR('',#8763,1.);
#1147=VECTOR('',#8768,1.);
#1148=VECTOR('',#8771,1.);
#1149=VECTOR('',#8774,1.);
#1150=VECTOR('',#8775,1.);
#1151=VECTOR('',#8786,1.);
#1152=VECTOR('',#8787,1.);
#1153=VECTOR('',#8788,1.);
#1154=VECTOR('',#8789,1.);
#1155=VECTOR('',#8792,1.);
#1156=VECTOR('',#8795,1.);
#1157=VECTOR('',#8796,1.);
#1158=VECTOR('',#8797,1.);
#1159=VECTOR('',#8798,1.);
#1160=VECTOR('',#8801,1.);
#1161=VECTOR('',#8802,1.);
#1162=VECTOR('',#8807,1.);
#1163=VECTOR('',#8812,1.);
#1164=VECTOR('',#8813,1.);
#1165=VECTOR('',#8816,1.);
#1166=VECTOR('',#8817,1.);
#1167=VECTOR('',#8818,1.);
#1168=VECTOR('',#8821,1.);
#1169=VECTOR('',#8822,1.);
#1170=VECTOR('',#8823,1.);
#1171=VECTOR('',#8824,1.);
#1172=VECTOR('',#8825,1.);
#1173=VECTOR('',#8828,1.);
#1174=VECTOR('',#8829,1.);
#1175=VECTOR('',#8830,1.);
#1176=VECTOR('',#8833,1.);
#1177=VECTOR('',#8834,1.);
#1178=VECTOR('',#8835,1.);
#1179=VECTOR('',#8840,1.);
#1180=VECTOR('',#8841,1.);
#1181=VECTOR('',#8842,1.);
#1182=VECTOR('',#8843,1.);
#1183=VECTOR('',#8844,1.);
#1184=VECTOR('',#8845,1.);
#1185=VECTOR('',#8846,1.);
#1186=VECTOR('',#8847,1.);
#1187=VECTOR('',#8848,1.);
#1188=VECTOR('',#8849,1.);
#1189=VECTOR('',#8850,1.);
#1190=VECTOR('',#8851,1.);
#1191=VECTOR('',#8886,1.);
#1192=VECTOR('',#8887,1.);
#1193=VECTOR('',#8888,1.);
#1194=VECTOR('',#8889,1.);
#1195=VECTOR('',#9498,1.);
#1196=VECTOR('',#9501,1.);
#1197=VECTOR('',#9504,1.);
#1198=VECTOR('',#9507,1.);
#1199=VECTOR('',#9510,1.);
#1200=VECTOR('',#9513,1.);
#1201=VECTOR('',#9516,1.);
#1202=VECTOR('',#9519,1.);
#1203=VECTOR('',#9524,1.);
#1204=VECTOR('',#9525,1.);
#1205=VECTOR('',#9526,1.);
#1206=VECTOR('',#9527,1.);
#1207=VECTOR('',#9528,1.);
#1208=VECTOR('',#9529,1.);
#1209=VECTOR('',#9530,1.);
#1210=VECTOR('',#9531,1.);
#1211=VECTOR('',#9532,1.);
#1212=VECTOR('',#9533,1.);
#1213=VECTOR('',#9534,1.);
#1214=VECTOR('',#9535,1.);
#1215=VECTOR('',#9538,1.);
#1216=VECTOR('',#9539,1.);
#1217=VECTOR('',#9540,1.);
#1218=VECTOR('',#9541,1.);
#1219=VECTOR('',#9544,1.);
#1220=VECTOR('',#9545,1.);
#1221=VECTOR('',#9546,1.);
#1222=VECTOR('',#9547,1.);
#1223=VECTOR('',#9550,1.);
#1224=VECTOR('',#9555,1.);
#1225=VECTOR('',#9560,1.);
#1226=VECTOR('',#9565,1.);
#1227=VECTOR('',#9570,1.);
#1228=VECTOR('',#9575,1.);
#1229=VECTOR('',#9580,1.);
#1230=VECTOR('',#9585,1.);
#1231=VECTOR('',#9590,1.);
#1232=VECTOR('',#9595,1.);
#1233=VECTOR('',#9600,1.);
#1234=VECTOR('',#9605,1.);
#1235=VECTOR('',#9610,1.);
#1236=VECTOR('',#9615,1.);
#1237=VECTOR('',#9620,1.);
#1238=VECTOR('',#9625,1.);
#1239=VECTOR('',#9630,1.);
#1240=VECTOR('',#9635,1.);
#1241=VECTOR('',#9640,1.);
#1242=VECTOR('',#9645,1.);
#1243=VECTOR('',#9650,1.);
#1244=VECTOR('',#9655,1.);
#1245=VECTOR('',#9660,1.);
#1246=VECTOR('',#9665,1.);
#1247=VECTOR('',#9670,1.);
#1248=VECTOR('',#9675,1.);
#1249=VECTOR('',#9680,1.);
#1250=VECTOR('',#9685,1.);
#1251=VECTOR('',#9690,1.);
#1252=VECTOR('',#9695,1.);
#1253=VECTOR('',#9700,1.);
#1254=VECTOR('',#9705,1.);
#1255=VECTOR('',#9710,1.);
#1256=VECTOR('',#9715,1.);
#1257=VECTOR('',#9720,1.);
#1258=VECTOR('',#9725,1.);
#1259=VECTOR('',#9730,1.);
#1260=VECTOR('',#9735,1.);
#1261=VECTOR('',#9740,1.);
#1262=VECTOR('',#9745,1.);
#1263=VECTOR('',#9750,1.);
#1264=VECTOR('',#9753,1.);
#1265=VECTOR('',#9758,1.);
#1266=VECTOR('',#9759,1.);
#1267=VECTOR('',#9760,1.);
#1268=VECTOR('',#9763,1.);
#1269=VECTOR('',#9764,1.);
#1270=VECTOR('',#9765,1.);
#1271=VECTOR('',#9770,1.);
#1272=VECTOR('',#9773,1.);
#1273=VECTOR('',#9774,1.);
#1274=VECTOR('',#9775,1.);
#1275=VECTOR('',#9776,1.);
#1276=VECTOR('',#9781,1.);
#1277=VECTOR('',#9786,1.);
#1278=VECTOR('',#9787,1.);
#1279=VECTOR('',#9788,1.);
#1280=VECTOR('',#9793,1.);
#1281=VECTOR('',#9796,1.);
#1282=VECTOR('',#9797,1.);
#1283=VECTOR('',#9798,1.);
#1284=VECTOR('',#9799,1.);
#1285=VECTOR('',#9804,1.);
#1286=VECTOR('',#9809,1.);
#1287=VECTOR('',#9810,1.);
#1288=VECTOR('',#9811,1.);
#1289=VECTOR('',#9816,1.);
#1290=VECTOR('',#9819,1.);
#1291=VECTOR('',#9820,1.);
#1292=VECTOR('',#9821,1.);
#1293=VECTOR('',#9822,1.);
#1294=VECTOR('',#9827,1.);
#1295=VECTOR('',#9832,1.);
#1296=VECTOR('',#9833,1.);
#1297=VECTOR('',#9834,1.);
#1298=VECTOR('',#9839,1.);
#1299=VECTOR('',#9844,1.);
#1300=VECTOR('',#9845,1.);
#1301=VECTOR('',#9846,1.);
#1302=VECTOR('',#9847,1.);
#1303=VECTOR('',#9848,1.);
#1304=VECTOR('',#9851,1.);
#1305=VECTOR('',#9854,1.);
#1306=VECTOR('',#9855,1.);
#1307=VECTOR('',#9856,1.);
#1308=VECTOR('',#9859,1.);
#1309=VECTOR('',#9860,1.);
#1310=VECTOR('',#9869,1.);
#1311=VECTOR('',#9872,1.);
#1312=VECTOR('',#9877,1.);
#1313=VECTOR('',#9878,1.);
#1314=VECTOR('',#9881,1.);
#1315=VECTOR('',#9882,1.);
#1316=VECTOR('',#9893,1.);
#1317=VECTOR('',#9894,1.);
#1318=VECTOR('',#9895,1.);
#1319=VECTOR('',#9896,1.);
#1320=VECTOR('',#9899,1.);
#1321=VECTOR('',#9900,1.);
#1322=VECTOR('',#9903,1.);
#1323=VECTOR('',#9906,1.);
#1324=VECTOR('',#10031,1.);
#1325=VECTOR('',#10032,1.);
#1326=VECTOR('',#10035,1.);
#1327=VECTOR('',#10036,1.);
#1328=VECTOR('',#10039,1.);
#1329=VECTOR('',#10040,1.);
#1330=VECTOR('',#10043,1.);
#1331=VECTOR('',#10046,1.);
#1332=VECTOR('',#10049,1.);
#1333=VECTOR('',#10052,1.);
#1334=VECTOR('',#10055,1.);
#1335=VECTOR('',#10058,1.);
#1336=VECTOR('',#10061,1.);
#1337=VECTOR('',#10064,1.);
#1338=VECTOR('',#10067,1.);
#1339=VECTOR('',#10070,1.);
#1340=VECTOR('',#10073,1.);
#1341=VECTOR('',#10074,1.);
#1342=VECTOR('',#10077,1.);
#1343=VECTOR('',#10080,1.);
#1344=VECTOR('',#10083,1.);
#1345=VECTOR('',#10086,1.);
#1346=VECTOR('',#10087,1.);
#1347=VECTOR('',#10090,1.);
#1348=VECTOR('',#10091,1.);
#1349=VECTOR('',#10094,1.);
#1350=VECTOR('',#10097,1.);
#1351=VECTOR('',#10100,1.);
#1352=VECTOR('',#10103,1.);
#1353=VECTOR('',#10106,1.);
#1354=VECTOR('',#10107,1.);
#1355=VECTOR('',#10110,1.);
#1356=VECTOR('',#10113,1.);
#1357=VECTOR('',#10116,1.);
#1358=VECTOR('',#10119,1.);
#1359=VECTOR('',#10122,1.);
#1360=VECTOR('',#10125,1.);
#1361=VECTOR('',#10128,1.);
#1362=VECTOR('',#10131,1.);
#1363=VECTOR('',#10134,1.);
#1364=VECTOR('',#10137,1.);
#1365=VECTOR('',#10140,1.);
#1366=VECTOR('',#10143,1.);
#1367=VECTOR('',#10146,1.);
#1368=VECTOR('',#10149,1.);
#1369=VECTOR('',#10152,1.);
#1370=VECTOR('',#10155,1.);
#1371=VECTOR('',#10156,1.);
#1372=VECTOR('',#10159,1.);
#1373=VECTOR('',#10160,1.);
#1374=VECTOR('',#10163,1.);
#1375=VECTOR('',#10166,1.);
#1376=VECTOR('',#10169,1.);
#1377=VECTOR('',#10172,1.);
#1378=VECTOR('',#10175,1.);
#1379=VECTOR('',#10178,1.);
#1380=VECTOR('',#10181,1.);
#1381=VECTOR('',#10184,1.);
#1382=VECTOR('',#10187,1.);
#1383=VECTOR('',#10190,1.);
#1384=VECTOR('',#10193,1.);
#1385=VECTOR('',#10196,1.);
#1386=VECTOR('',#10199,1.);
#1387=VECTOR('',#10202,1.);
#1388=CYLINDRICAL_SURFACE('',#7352,0.0211);
#1389=CYLINDRICAL_SURFACE('',#7355,0.0211);
#1390=CYLINDRICAL_SURFACE('',#7358,0.0211);
#1391=CYLINDRICAL_SURFACE('',#7361,0.0218);
#1392=CYLINDRICAL_SURFACE('',#7365,0.0218);
#1393=CYLINDRICAL_SURFACE('',#7369,0.0218);
#1394=CYLINDRICAL_SURFACE('',#7373,0.0211);
#1395=CYLINDRICAL_SURFACE('',#7379,0.025025);
#1396=CYLINDRICAL_SURFACE('',#7383,0.025025);
#1397=CYLINDRICAL_SURFACE('',#7387,0.025025);
#1398=CYLINDRICAL_SURFACE('',#7391,0.025025);
#1399=CYLINDRICAL_SURFACE('',#7403,0.025025);
#1400=CYLINDRICAL_SURFACE('',#7408,0.025025);
#1401=CYLINDRICAL_SURFACE('',#7413,0.025025);
#1402=CYLINDRICAL_SURFACE('',#7418,0.025025);
#1403=CYLINDRICAL_SURFACE('',#7421,0.025025);
#1404=CYLINDRICAL_SURFACE('',#7425,0.025025);
#1405=CYLINDRICAL_SURFACE('',#7429,0.025025);
#1406=CYLINDRICAL_SURFACE('',#7433,0.025025);
#1407=CYLINDRICAL_SURFACE('',#7437,0.025025);
#1408=CYLINDRICAL_SURFACE('',#7441,0.025025);
#1409=CYLINDRICAL_SURFACE('',#7445,0.025025);
#1410=CYLINDRICAL_SURFACE('',#7449,0.025025);
#1411=CYLINDRICAL_SURFACE('',#7453,0.025025);
#1412=CYLINDRICAL_SURFACE('',#7456,0.025025);
#1413=CYLINDRICAL_SURFACE('',#7461,0.025025);
#1414=CYLINDRICAL_SURFACE('',#7464,0.025025);
#1415=CYLINDRICAL_SURFACE('',#7468,0.025025);
#1416=CYLINDRICAL_SURFACE('',#7472,0.025025);
#1417=CYLINDRICAL_SURFACE('',#7476,0.025025);
#1418=CYLINDRICAL_SURFACE('',#7480,0.025025);
#1419=CYLINDRICAL_SURFACE('',#7484,0.025025);
#1420=CYLINDRICAL_SURFACE('',#7488,0.025025);
#1421=CYLINDRICAL_SURFACE('',#7492,0.025025);
#1422=CYLINDRICAL_SURFACE('',#7496,0.025025);
#1423=CYLINDRICAL_SURFACE('',#7499,0.025025);
#1424=CYLINDRICAL_SURFACE('',#7503,0.025025);
#1425=CYLINDRICAL_SURFACE('',#7507,0.025025);
#1426=CYLINDRICAL_SURFACE('',#7511,0.025025);
#1427=CYLINDRICAL_SURFACE('',#7515,0.025025);
#1428=CYLINDRICAL_SURFACE('',#7519,0.025025);
#1429=CYLINDRICAL_SURFACE('',#7523,0.025025);
#1430=CYLINDRICAL_SURFACE('',#7527,0.025025);
#1431=CYLINDRICAL_SURFACE('',#7531,0.025025);
#1432=CYLINDRICAL_SURFACE('',#7535,0.025025);
#1433=CYLINDRICAL_SURFACE('',#7539,0.025025);
#1434=CYLINDRICAL_SURFACE('',#7543,0.025025);
#1435=CYLINDRICAL_SURFACE('',#7547,0.025025);
#1436=CYLINDRICAL_SURFACE('',#7551,0.025025);
#1437=CYLINDRICAL_SURFACE('',#7555,0.025025);
#1438=CYLINDRICAL_SURFACE('',#7559,0.025025);
#1439=CYLINDRICAL_SURFACE('',#7563,0.027);
#1440=CYLINDRICAL_SURFACE('',#7589,0.00165);
#1441=CYLINDRICAL_SURFACE('',#7592,0.00165);
#1442=CYLINDRICAL_SURFACE('',#7595,0.00165);
#1443=CYLINDRICAL_SURFACE('',#7598,0.00165);
#1444=CYLINDRICAL_SURFACE('',#7607,0.025025);
#1445=CYLINDRICAL_SURFACE('',#7608,0.025025);
#1446=CYLINDRICAL_SURFACE('',#7609,0.025025);
#1447=CYLINDRICAL_SURFACE('',#7610,0.025025);
#1448=CYLINDRICAL_SURFACE('',#7611,0.025025);
#1449=CYLINDRICAL_SURFACE('',#7612,0.025025);
#1450=CYLINDRICAL_SURFACE('',#7613,0.025025);
#1451=CYLINDRICAL_SURFACE('',#7614,0.025025);
#1452=CYLINDRICAL_SURFACE('',#7615,0.025025);
#1453=CYLINDRICAL_SURFACE('',#7616,0.025025);
#1454=CYLINDRICAL_SURFACE('',#7617,0.025025);
#1455=CYLINDRICAL_SURFACE('',#7618,0.025025);
#1456=CYLINDRICAL_SURFACE('',#7619,0.025025);
#1457=CYLINDRICAL_SURFACE('',#7620,0.025025);
#1458=CYLINDRICAL_SURFACE('',#7621,0.025025);
#1459=CYLINDRICAL_SURFACE('',#7622,0.025025);
#1460=CYLINDRICAL_SURFACE('',#7623,0.025825);
#1461=CYLINDRICAL_SURFACE('',#7628,0.025825);
#1462=CYLINDRICAL_SURFACE('',#7633,0.025825);
#1463=CYLINDRICAL_SURFACE('',#7638,0.025825);
#1464=CYLINDRICAL_SURFACE('',#7643,0.025825);
#1465=CYLINDRICAL_SURFACE('',#7648,0.025825);
#1466=CYLINDRICAL_SURFACE('',#7653,0.025825);
#1467=CYLINDRICAL_SURFACE('',#7658,0.025825);
#1468=CYLINDRICAL_SURFACE('',#7663,0.025825);
#1469=CYLINDRICAL_SURFACE('',#7668,0.025825);
#1470=CYLINDRICAL_SURFACE('',#7673,0.025825);
#1471=CYLINDRICAL_SURFACE('',#7678,0.025825);
#1472=CYLINDRICAL_SURFACE('',#7683,0.025825);
#1473=CYLINDRICAL_SURFACE('',#7688,0.025825);
#1474=CYLINDRICAL_SURFACE('',#7693,0.025825);
#1475=CYLINDRICAL_SURFACE('',#7698,0.025825);
#1476=CYLINDRICAL_SURFACE('',#7703,0.025825);
#1477=CYLINDRICAL_SURFACE('',#7708,0.025825);
#1478=CYLINDRICAL_SURFACE('',#7713,0.025825);
#1479=CYLINDRICAL_SURFACE('',#7718,0.025825);
#1480=CYLINDRICAL_SURFACE('',#7723,0.0325);
#1481=CYLINDRICAL_SURFACE('',#7894,0.0211);
#1482=CYLINDRICAL_SURFACE('',#7900,0.0211);
#1483=CYLINDRICAL_SURFACE('',#7905,0.0211);
#1484=CYLINDRICAL_SURFACE('',#8001,0.003);
#1485=CYLINDRICAL_SURFACE('',#8009,0.003);
#1486=CYLINDRICAL_SURFACE('',#8016,0.003);
#1487=CYLINDRICAL_SURFACE('',#8023,0.003);
#1488=CYLINDRICAL_SURFACE('',#8035,0.0002);
#1489=CYLINDRICAL_SURFACE('',#8036,0.0259);
#1490=CYLINDRICAL_SURFACE('',#8042,0.0283000000000016);
#1491=CYLINDRICAL_SURFACE('',#8051,0.024225);
#1492=CYLINDRICAL_SURFACE('',#8061,0.025225);
#1493=CYLINDRICAL_SURFACE('',#8085,0.0286000000000032);
#1494=CYLINDRICAL_SURFACE('',#8088,0.0298000000000032);
#1495=CYLINDRICAL_SURFACE('',#8096,0.0218);
#1496=CYLINDRICAL_SURFACE('',#8102,0.0221);
#1497=CYLINDRICAL_SURFACE('',#8105,0.0231);
#1498=ORIENTED_EDGE('',*,*,#3530,.T.);
#1499=ORIENTED_EDGE('',*,*,#3531,.T.);
#1500=ORIENTED_EDGE('',*,*,#3532,.T.);
#1501=ORIENTED_EDGE('',*,*,#3533,.F.);
#1502=ORIENTED_EDGE('',*,*,#3534,.T.);
#1503=ORIENTED_EDGE('',*,*,#3535,.F.);
#1504=ORIENTED_EDGE('',*,*,#3536,.T.);
#1505=ORIENTED_EDGE('',*,*,#3537,.F.);
#1506=ORIENTED_EDGE('',*,*,#3538,.T.);
#1507=ORIENTED_EDGE('',*,*,#3539,.F.);
#1508=ORIENTED_EDGE('',*,*,#3539,.T.);
#1509=ORIENTED_EDGE('',*,*,#3537,.T.);
#1510=ORIENTED_EDGE('',*,*,#3540,.T.);
#1511=ORIENTED_EDGE('',*,*,#3541,.F.);
#1512=ORIENTED_EDGE('',*,*,#3541,.T.);
#1513=ORIENTED_EDGE('',*,*,#3535,.T.);
#1514=ORIENTED_EDGE('',*,*,#3542,.T.);
#1515=ORIENTED_EDGE('',*,*,#3543,.F.);
#1516=ORIENTED_EDGE('',*,*,#3543,.T.);
#1517=ORIENTED_EDGE('',*,*,#3533,.T.);
#1518=ORIENTED_EDGE('',*,*,#3544,.T.);
#1519=ORIENTED_EDGE('',*,*,#3545,.F.);
#1520=ORIENTED_EDGE('',*,*,#3546,.T.);
#1521=ORIENTED_EDGE('',*,*,#3547,.T.);
#1522=ORIENTED_EDGE('',*,*,#3548,.F.);
#1523=ORIENTED_EDGE('',*,*,#3549,.T.);
#1524=ORIENTED_EDGE('',*,*,#3550,.T.);
#1525=ORIENTED_EDGE('',*,*,#3551,.T.);
#1526=ORIENTED_EDGE('',*,*,#3552,.T.);
#1527=ORIENTED_EDGE('',*,*,#3553,.T.);
#1528=ORIENTED_EDGE('',*,*,#3554,.T.);
#1529=ORIENTED_EDGE('',*,*,#3555,.T.);
#1530=ORIENTED_EDGE('',*,*,#3556,.T.);
#1531=ORIENTED_EDGE('',*,*,#3557,.T.);
#1532=ORIENTED_EDGE('',*,*,#3558,.T.);
#1533=ORIENTED_EDGE('',*,*,#3559,.T.);
#1534=ORIENTED_EDGE('',*,*,#3560,.T.);
#1535=ORIENTED_EDGE('',*,*,#3561,.T.);
#1536=ORIENTED_EDGE('',*,*,#3562,.T.);
#1537=ORIENTED_EDGE('',*,*,#3563,.T.);
#1538=ORIENTED_EDGE('',*,*,#3564,.T.);
#1539=ORIENTED_EDGE('',*,*,#3565,.T.);
#1540=ORIENTED_EDGE('',*,*,#3566,.F.);
#1541=ORIENTED_EDGE('',*,*,#3567,.T.);
#1542=ORIENTED_EDGE('',*,*,#3568,.F.);
#1543=ORIENTED_EDGE('',*,*,#3569,.T.);
#1544=ORIENTED_EDGE('',*,*,#3570,.F.);
#1545=ORIENTED_EDGE('',*,*,#3571,.F.);
#1546=ORIENTED_EDGE('',*,*,#3572,.F.);
#1547=ORIENTED_EDGE('',*,*,#3573,.F.);
#1548=ORIENTED_EDGE('',*,*,#3574,.F.);
#1549=ORIENTED_EDGE('',*,*,#3575,.F.);
#1550=ORIENTED_EDGE('',*,*,#3576,.F.);
#1551=ORIENTED_EDGE('',*,*,#3577,.F.);
#1552=ORIENTED_EDGE('',*,*,#3578,.F.);
#1553=ORIENTED_EDGE('',*,*,#3579,.F.);
#1554=ORIENTED_EDGE('',*,*,#3580,.F.);
#1555=ORIENTED_EDGE('',*,*,#3581,.F.);
#1556=ORIENTED_EDGE('',*,*,#3582,.F.);
#1557=ORIENTED_EDGE('',*,*,#3583,.F.);
#1558=ORIENTED_EDGE('',*,*,#3584,.F.);
#1559=ORIENTED_EDGE('',*,*,#3585,.F.);
#1560=ORIENTED_EDGE('',*,*,#3586,.T.);
#1561=ORIENTED_EDGE('',*,*,#3562,.F.);
#1562=ORIENTED_EDGE('',*,*,#3587,.F.);
#1563=ORIENTED_EDGE('',*,*,#3588,.F.);
#1564=ORIENTED_EDGE('',*,*,#3589,.F.);
#1565=ORIENTED_EDGE('',*,*,#3590,.F.);
#1566=ORIENTED_EDGE('',*,*,#3591,.F.);
#1567=ORIENTED_EDGE('',*,*,#3592,.F.);
#1568=ORIENTED_EDGE('',*,*,#3593,.F.);
#1569=ORIENTED_EDGE('',*,*,#3594,.F.);
#1570=ORIENTED_EDGE('',*,*,#3595,.F.);
#1571=ORIENTED_EDGE('',*,*,#3596,.F.);
#1572=ORIENTED_EDGE('',*,*,#3597,.F.);
#1573=ORIENTED_EDGE('',*,*,#3598,.F.);
#1574=ORIENTED_EDGE('',*,*,#3599,.F.);
#1575=ORIENTED_EDGE('',*,*,#3600,.F.);
#1576=ORIENTED_EDGE('',*,*,#3601,.F.);
#1577=ORIENTED_EDGE('',*,*,#3602,.T.);
#1578=ORIENTED_EDGE('',*,*,#3603,.F.);
#1579=ORIENTED_EDGE('',*,*,#3604,.T.);
#1580=ORIENTED_EDGE('',*,*,#3605,.F.);
#1581=ORIENTED_EDGE('',*,*,#3606,.T.);
#1582=ORIENTED_EDGE('',*,*,#3607,.F.);
#1583=ORIENTED_EDGE('',*,*,#3608,.F.);
#1584=ORIENTED_EDGE('',*,*,#3609,.F.);
#1585=ORIENTED_EDGE('',*,*,#3610,.F.);
#1586=ORIENTED_EDGE('',*,*,#3611,.F.);
#1587=ORIENTED_EDGE('',*,*,#3612,.F.);
#1588=ORIENTED_EDGE('',*,*,#3613,.F.);
#1589=ORIENTED_EDGE('',*,*,#3614,.F.);
#1590=ORIENTED_EDGE('',*,*,#3615,.F.);
#1591=ORIENTED_EDGE('',*,*,#3616,.F.);
#1592=ORIENTED_EDGE('',*,*,#3617,.F.);
#1593=ORIENTED_EDGE('',*,*,#3618,.F.);
#1594=ORIENTED_EDGE('',*,*,#3619,.F.);
#1595=ORIENTED_EDGE('',*,*,#3620,.F.);
#1596=ORIENTED_EDGE('',*,*,#3621,.F.);
#1597=ORIENTED_EDGE('',*,*,#3622,.F.);
#1598=ORIENTED_EDGE('',*,*,#3623,.T.);
#1599=ORIENTED_EDGE('',*,*,#3550,.F.);
#1600=ORIENTED_EDGE('',*,*,#3624,.F.);
#1601=ORIENTED_EDGE('',*,*,#3625,.F.);
#1602=ORIENTED_EDGE('',*,*,#3626,.F.);
#1603=ORIENTED_EDGE('',*,*,#3627,.F.);
#1604=ORIENTED_EDGE('',*,*,#3628,.F.);
#1605=ORIENTED_EDGE('',*,*,#3629,.F.);
#1606=ORIENTED_EDGE('',*,*,#3630,.F.);
#1607=ORIENTED_EDGE('',*,*,#3631,.F.);
#1608=ORIENTED_EDGE('',*,*,#3632,.F.);
#1609=ORIENTED_EDGE('',*,*,#3633,.F.);
#1610=ORIENTED_EDGE('',*,*,#3634,.F.);
#1611=ORIENTED_EDGE('',*,*,#3635,.F.);
#1612=ORIENTED_EDGE('',*,*,#3636,.F.);
#1613=ORIENTED_EDGE('',*,*,#3637,.F.);
#1614=ORIENTED_EDGE('',*,*,#3638,.F.);
#1615=ORIENTED_EDGE('',*,*,#3639,.T.);
#1616=ORIENTED_EDGE('',*,*,#3640,.F.);
#1617=ORIENTED_EDGE('',*,*,#3641,.T.);
#1618=ORIENTED_EDGE('',*,*,#3642,.F.);
#1619=ORIENTED_EDGE('',*,*,#3643,.T.);
#1620=ORIENTED_EDGE('',*,*,#3644,.F.);
#1621=ORIENTED_EDGE('',*,*,#3645,.F.);
#1622=ORIENTED_EDGE('',*,*,#3646,.F.);
#1623=ORIENTED_EDGE('',*,*,#3647,.F.);
#1624=ORIENTED_EDGE('',*,*,#3648,.F.);
#1625=ORIENTED_EDGE('',*,*,#3649,.F.);
#1626=ORIENTED_EDGE('',*,*,#3650,.F.);
#1627=ORIENTED_EDGE('',*,*,#3651,.F.);
#1628=ORIENTED_EDGE('',*,*,#3652,.F.);
#1629=ORIENTED_EDGE('',*,*,#3653,.F.);
#1630=ORIENTED_EDGE('',*,*,#3654,.F.);
#1631=ORIENTED_EDGE('',*,*,#3655,.F.);
#1632=ORIENTED_EDGE('',*,*,#3656,.F.);
#1633=ORIENTED_EDGE('',*,*,#3657,.F.);
#1634=ORIENTED_EDGE('',*,*,#3658,.F.);
#1635=ORIENTED_EDGE('',*,*,#3659,.F.);
#1636=ORIENTED_EDGE('',*,*,#3660,.T.);
#1637=ORIENTED_EDGE('',*,*,#3554,.F.);
#1638=ORIENTED_EDGE('',*,*,#3661,.F.);
#1639=ORIENTED_EDGE('',*,*,#3662,.F.);
#1640=ORIENTED_EDGE('',*,*,#3663,.F.);
#1641=ORIENTED_EDGE('',*,*,#3664,.F.);
#1642=ORIENTED_EDGE('',*,*,#3665,.F.);
#1643=ORIENTED_EDGE('',*,*,#3666,.F.);
#1644=ORIENTED_EDGE('',*,*,#3667,.F.);
#1645=ORIENTED_EDGE('',*,*,#3668,.F.);
#1646=ORIENTED_EDGE('',*,*,#3669,.F.);
#1647=ORIENTED_EDGE('',*,*,#3670,.F.);
#1648=ORIENTED_EDGE('',*,*,#3671,.F.);
#1649=ORIENTED_EDGE('',*,*,#3672,.F.);
#1650=ORIENTED_EDGE('',*,*,#3673,.F.);
#1651=ORIENTED_EDGE('',*,*,#3674,.F.);
#1652=ORIENTED_EDGE('',*,*,#3675,.F.);
#1653=ORIENTED_EDGE('',*,*,#3676,.T.);
#1654=ORIENTED_EDGE('',*,*,#3677,.F.);
#1655=ORIENTED_EDGE('',*,*,#3678,.T.);
#1656=ORIENTED_EDGE('',*,*,#3679,.F.);
#1657=ORIENTED_EDGE('',*,*,#3680,.T.);
#1658=ORIENTED_EDGE('',*,*,#3681,.F.);
#1659=ORIENTED_EDGE('',*,*,#3682,.F.);
#1660=ORIENTED_EDGE('',*,*,#3683,.F.);
#1661=ORIENTED_EDGE('',*,*,#3684,.F.);
#1662=ORIENTED_EDGE('',*,*,#3685,.F.);
#1663=ORIENTED_EDGE('',*,*,#3686,.F.);
#1664=ORIENTED_EDGE('',*,*,#3687,.F.);
#1665=ORIENTED_EDGE('',*,*,#3688,.F.);
#1666=ORIENTED_EDGE('',*,*,#3689,.F.);
#1667=ORIENTED_EDGE('',*,*,#3690,.F.);
#1668=ORIENTED_EDGE('',*,*,#3691,.F.);
#1669=ORIENTED_EDGE('',*,*,#3692,.F.);
#1670=ORIENTED_EDGE('',*,*,#3693,.F.);
#1671=ORIENTED_EDGE('',*,*,#3694,.F.);
#1672=ORIENTED_EDGE('',*,*,#3695,.F.);
#1673=ORIENTED_EDGE('',*,*,#3696,.F.);
#1674=ORIENTED_EDGE('',*,*,#3697,.T.);
#1675=ORIENTED_EDGE('',*,*,#3558,.F.);
#1676=ORIENTED_EDGE('',*,*,#3698,.F.);
#1677=ORIENTED_EDGE('',*,*,#3699,.F.);
#1678=ORIENTED_EDGE('',*,*,#3700,.F.);
#1679=ORIENTED_EDGE('',*,*,#3701,.F.);
#1680=ORIENTED_EDGE('',*,*,#3702,.F.);
#1681=ORIENTED_EDGE('',*,*,#3703,.F.);
#1682=ORIENTED_EDGE('',*,*,#3704,.F.);
#1683=ORIENTED_EDGE('',*,*,#3705,.F.);
#1684=ORIENTED_EDGE('',*,*,#3706,.F.);
#1685=ORIENTED_EDGE('',*,*,#3707,.F.);
#1686=ORIENTED_EDGE('',*,*,#3708,.F.);
#1687=ORIENTED_EDGE('',*,*,#3709,.F.);
#1688=ORIENTED_EDGE('',*,*,#3710,.F.);
#1689=ORIENTED_EDGE('',*,*,#3711,.F.);
#1690=ORIENTED_EDGE('',*,*,#3712,.F.);
#1691=ORIENTED_EDGE('',*,*,#3713,.T.);
#1692=ORIENTED_EDGE('',*,*,#3681,.T.);
#1693=ORIENTED_EDGE('',*,*,#3714,.T.);
#1694=ORIENTED_EDGE('',*,*,#3601,.T.);
#1695=ORIENTED_EDGE('',*,*,#3715,.F.);
#1696=ORIENTED_EDGE('',*,*,#3716,.T.);
#1697=ORIENTED_EDGE('',*,*,#3717,.T.);
#1698=ORIENTED_EDGE('',*,*,#3718,.T.);
#1699=ORIENTED_EDGE('',*,*,#3719,.T.);
#1700=ORIENTED_EDGE('',*,*,#3644,.T.);
#1701=ORIENTED_EDGE('',*,*,#3720,.T.);
#1702=ORIENTED_EDGE('',*,*,#3712,.T.);
#1703=ORIENTED_EDGE('',*,*,#3721,.F.);
#1704=ORIENTED_EDGE('',*,*,#3722,.T.);
#1705=ORIENTED_EDGE('',*,*,#3723,.T.);
#1706=ORIENTED_EDGE('',*,*,#3724,.T.);
#1707=ORIENTED_EDGE('',*,*,#3725,.T.);
#1708=ORIENTED_EDGE('',*,*,#3607,.T.);
#1709=ORIENTED_EDGE('',*,*,#3726,.T.);
#1710=ORIENTED_EDGE('',*,*,#3675,.T.);
#1711=ORIENTED_EDGE('',*,*,#3727,.F.);
#1712=ORIENTED_EDGE('',*,*,#3728,.T.);
#1713=ORIENTED_EDGE('',*,*,#3729,.T.);
#1714=ORIENTED_EDGE('',*,*,#3730,.T.);
#1715=ORIENTED_EDGE('',*,*,#3731,.T.);
#1716=ORIENTED_EDGE('',*,*,#3732,.F.);
#1717=ORIENTED_EDGE('',*,*,#3733,.T.);
#1718=ORIENTED_EDGE('',*,*,#3603,.T.);
#1719=ORIENTED_EDGE('',*,*,#3734,.F.);
#1720=ORIENTED_EDGE('',*,*,#3735,.T.);
#1721=ORIENTED_EDGE('',*,*,#3736,.T.);
#1722=ORIENTED_EDGE('',*,*,#3737,.T.);
#1723=ORIENTED_EDGE('',*,*,#3619,.T.);
#1724=ORIENTED_EDGE('',*,*,#3738,.F.);
#1725=ORIENTED_EDGE('',*,*,#3739,.T.);
#1726=ORIENTED_EDGE('',*,*,#3740,.T.);
#1727=ORIENTED_EDGE('',*,*,#3741,.T.);
#1728=ORIENTED_EDGE('',*,*,#3616,.T.);
#1729=ORIENTED_EDGE('',*,*,#3742,.F.);
#1730=ORIENTED_EDGE('',*,*,#3743,.T.);
#1731=ORIENTED_EDGE('',*,*,#3744,.T.);
#1732=ORIENTED_EDGE('',*,*,#3745,.T.);
#1733=ORIENTED_EDGE('',*,*,#3613,.T.);
#1734=ORIENTED_EDGE('',*,*,#3746,.F.);
#1735=ORIENTED_EDGE('',*,*,#3747,.T.);
#1736=ORIENTED_EDGE('',*,*,#3748,.T.);
#1737=ORIENTED_EDGE('',*,*,#3749,.T.);
#1738=ORIENTED_EDGE('',*,*,#3610,.T.);
#1739=ORIENTED_EDGE('',*,*,#3750,.F.);
#1740=ORIENTED_EDGE('',*,*,#3751,.T.);
#1741=ORIENTED_EDGE('',*,*,#3752,.T.);
#1742=ORIENTED_EDGE('',*,*,#3753,.T.);
#1743=ORIENTED_EDGE('',*,*,#3635,.T.);
#1744=ORIENTED_EDGE('',*,*,#3754,.F.);
#1745=ORIENTED_EDGE('',*,*,#3755,.T.);
#1746=ORIENTED_EDGE('',*,*,#3756,.T.);
#1747=ORIENTED_EDGE('',*,*,#3757,.T.);
#1748=ORIENTED_EDGE('',*,*,#3632,.T.);
#1749=ORIENTED_EDGE('',*,*,#3758,.F.);
#1750=ORIENTED_EDGE('',*,*,#3759,.T.);
#1751=ORIENTED_EDGE('',*,*,#3760,.T.);
#1752=ORIENTED_EDGE('',*,*,#3761,.T.);
#1753=ORIENTED_EDGE('',*,*,#3629,.T.);
#1754=ORIENTED_EDGE('',*,*,#3762,.F.);
#1755=ORIENTED_EDGE('',*,*,#3763,.T.);
#1756=ORIENTED_EDGE('',*,*,#3764,.T.);
#1757=ORIENTED_EDGE('',*,*,#3765,.T.);
#1758=ORIENTED_EDGE('',*,*,#3626,.T.);
#1759=ORIENTED_EDGE('',*,*,#3766,.F.);
#1760=ORIENTED_EDGE('',*,*,#3767,.T.);
#1761=ORIENTED_EDGE('',*,*,#3768,.F.);
#1762=ORIENTED_EDGE('',*,*,#3769,.T.);
#1763=ORIENTED_EDGE('',*,*,#3566,.T.);
#1764=ORIENTED_EDGE('',*,*,#3770,.F.);
#1765=ORIENTED_EDGE('',*,*,#3771,.T.);
#1766=ORIENTED_EDGE('',*,*,#3570,.T.);
#1767=ORIENTED_EDGE('',*,*,#3772,.T.);
#1768=ORIENTED_EDGE('',*,*,#3638,.T.);
#1769=ORIENTED_EDGE('',*,*,#3773,.F.);
#1770=ORIENTED_EDGE('',*,*,#3774,.T.);
#1771=ORIENTED_EDGE('',*,*,#3775,.T.);
#1772=ORIENTED_EDGE('',*,*,#3776,.T.);
#1773=ORIENTED_EDGE('',*,*,#3777,.T.);
#1774=ORIENTED_EDGE('',*,*,#3778,.F.);
#1775=ORIENTED_EDGE('',*,*,#3779,.T.);
#1776=ORIENTED_EDGE('',*,*,#3640,.T.);
#1777=ORIENTED_EDGE('',*,*,#3780,.F.);
#1778=ORIENTED_EDGE('',*,*,#3781,.T.);
#1779=ORIENTED_EDGE('',*,*,#3782,.T.);
#1780=ORIENTED_EDGE('',*,*,#3783,.T.);
#1781=ORIENTED_EDGE('',*,*,#3656,.T.);
#1782=ORIENTED_EDGE('',*,*,#3784,.F.);
#1783=ORIENTED_EDGE('',*,*,#3785,.T.);
#1784=ORIENTED_EDGE('',*,*,#3786,.T.);
#1785=ORIENTED_EDGE('',*,*,#3787,.T.);
#1786=ORIENTED_EDGE('',*,*,#3653,.T.);
#1787=ORIENTED_EDGE('',*,*,#3788,.F.);
#1788=ORIENTED_EDGE('',*,*,#3789,.T.);
#1789=ORIENTED_EDGE('',*,*,#3790,.T.);
#1790=ORIENTED_EDGE('',*,*,#3791,.T.);
#1791=ORIENTED_EDGE('',*,*,#3650,.T.);
#1792=ORIENTED_EDGE('',*,*,#3792,.F.);
#1793=ORIENTED_EDGE('',*,*,#3793,.T.);
#1794=ORIENTED_EDGE('',*,*,#3794,.T.);
#1795=ORIENTED_EDGE('',*,*,#3795,.T.);
#1796=ORIENTED_EDGE('',*,*,#3647,.T.);
#1797=ORIENTED_EDGE('',*,*,#3796,.F.);
#1798=ORIENTED_EDGE('',*,*,#3797,.T.);
#1799=ORIENTED_EDGE('',*,*,#3798,.T.);
#1800=ORIENTED_EDGE('',*,*,#3799,.T.);
#1801=ORIENTED_EDGE('',*,*,#3672,.T.);
#1802=ORIENTED_EDGE('',*,*,#3800,.F.);
#1803=ORIENTED_EDGE('',*,*,#3801,.T.);
#1804=ORIENTED_EDGE('',*,*,#3802,.T.);
#1805=ORIENTED_EDGE('',*,*,#3803,.T.);
#1806=ORIENTED_EDGE('',*,*,#3669,.T.);
#1807=ORIENTED_EDGE('',*,*,#3804,.F.);
#1808=ORIENTED_EDGE('',*,*,#3805,.T.);
#1809=ORIENTED_EDGE('',*,*,#3806,.T.);
#1810=ORIENTED_EDGE('',*,*,#3807,.T.);
#1811=ORIENTED_EDGE('',*,*,#3666,.T.);
#1812=ORIENTED_EDGE('',*,*,#3808,.F.);
#1813=ORIENTED_EDGE('',*,*,#3809,.T.);
#1814=ORIENTED_EDGE('',*,*,#3810,.T.);
#1815=ORIENTED_EDGE('',*,*,#3811,.T.);
#1816=ORIENTED_EDGE('',*,*,#3663,.T.);
#1817=ORIENTED_EDGE('',*,*,#3812,.F.);
#1818=ORIENTED_EDGE('',*,*,#3813,.T.);
#1819=ORIENTED_EDGE('',*,*,#3814,.F.);
#1820=ORIENTED_EDGE('',*,*,#3815,.T.);
#1821=ORIENTED_EDGE('',*,*,#3677,.T.);
#1822=ORIENTED_EDGE('',*,*,#3816,.F.);
#1823=ORIENTED_EDGE('',*,*,#3817,.T.);
#1824=ORIENTED_EDGE('',*,*,#3818,.T.);
#1825=ORIENTED_EDGE('',*,*,#3819,.T.);
#1826=ORIENTED_EDGE('',*,*,#3693,.T.);
#1827=ORIENTED_EDGE('',*,*,#3820,.F.);
#1828=ORIENTED_EDGE('',*,*,#3821,.T.);
#1829=ORIENTED_EDGE('',*,*,#3822,.T.);
#1830=ORIENTED_EDGE('',*,*,#3823,.T.);
#1831=ORIENTED_EDGE('',*,*,#3690,.T.);
#1832=ORIENTED_EDGE('',*,*,#3824,.F.);
#1833=ORIENTED_EDGE('',*,*,#3825,.T.);
#1834=ORIENTED_EDGE('',*,*,#3826,.T.);
#1835=ORIENTED_EDGE('',*,*,#3827,.T.);
#1836=ORIENTED_EDGE('',*,*,#3687,.T.);
#1837=ORIENTED_EDGE('',*,*,#3828,.F.);
#1838=ORIENTED_EDGE('',*,*,#3829,.T.);
#1839=ORIENTED_EDGE('',*,*,#3830,.T.);
#1840=ORIENTED_EDGE('',*,*,#3831,.T.);
#1841=ORIENTED_EDGE('',*,*,#3684,.T.);
#1842=ORIENTED_EDGE('',*,*,#3832,.F.);
#1843=ORIENTED_EDGE('',*,*,#3833,.T.);
#1844=ORIENTED_EDGE('',*,*,#3834,.T.);
#1845=ORIENTED_EDGE('',*,*,#3835,.T.);
#1846=ORIENTED_EDGE('',*,*,#3709,.T.);
#1847=ORIENTED_EDGE('',*,*,#3836,.F.);
#1848=ORIENTED_EDGE('',*,*,#3837,.T.);
#1849=ORIENTED_EDGE('',*,*,#3838,.T.);
#1850=ORIENTED_EDGE('',*,*,#3839,.T.);
#1851=ORIENTED_EDGE('',*,*,#3706,.T.);
#1852=ORIENTED_EDGE('',*,*,#3840,.F.);
#1853=ORIENTED_EDGE('',*,*,#3841,.T.);
#1854=ORIENTED_EDGE('',*,*,#3842,.T.);
#1855=ORIENTED_EDGE('',*,*,#3843,.T.);
#1856=ORIENTED_EDGE('',*,*,#3703,.T.);
#1857=ORIENTED_EDGE('',*,*,#3844,.F.);
#1858=ORIENTED_EDGE('',*,*,#3845,.T.);
#1859=ORIENTED_EDGE('',*,*,#3846,.T.);
#1860=ORIENTED_EDGE('',*,*,#3847,.T.);
#1861=ORIENTED_EDGE('',*,*,#3700,.T.);
#1862=ORIENTED_EDGE('',*,*,#3848,.F.);
#1863=ORIENTED_EDGE('',*,*,#3849,.T.);
#1864=ORIENTED_EDGE('',*,*,#3850,.T.);
#1865=ORIENTED_EDGE('',*,*,#3851,.T.);
#1866=ORIENTED_EDGE('',*,*,#3582,.T.);
#1867=ORIENTED_EDGE('',*,*,#3852,.F.);
#1868=ORIENTED_EDGE('',*,*,#3853,.T.);
#1869=ORIENTED_EDGE('',*,*,#3854,.T.);
#1870=ORIENTED_EDGE('',*,*,#3855,.T.);
#1871=ORIENTED_EDGE('',*,*,#3579,.T.);
#1872=ORIENTED_EDGE('',*,*,#3856,.F.);
#1873=ORIENTED_EDGE('',*,*,#3857,.T.);
#1874=ORIENTED_EDGE('',*,*,#3858,.T.);
#1875=ORIENTED_EDGE('',*,*,#3859,.T.);
#1876=ORIENTED_EDGE('',*,*,#3576,.T.);
#1877=ORIENTED_EDGE('',*,*,#3860,.F.);
#1878=ORIENTED_EDGE('',*,*,#3861,.T.);
#1879=ORIENTED_EDGE('',*,*,#3862,.T.);
#1880=ORIENTED_EDGE('',*,*,#3863,.T.);
#1881=ORIENTED_EDGE('',*,*,#3573,.T.);
#1882=ORIENTED_EDGE('',*,*,#3864,.F.);
#1883=ORIENTED_EDGE('',*,*,#3865,.T.);
#1884=ORIENTED_EDGE('',*,*,#3866,.T.);
#1885=ORIENTED_EDGE('',*,*,#3867,.T.);
#1886=ORIENTED_EDGE('',*,*,#3598,.T.);
#1887=ORIENTED_EDGE('',*,*,#3868,.F.);
#1888=ORIENTED_EDGE('',*,*,#3869,.T.);
#1889=ORIENTED_EDGE('',*,*,#3870,.T.);
#1890=ORIENTED_EDGE('',*,*,#3871,.T.);
#1891=ORIENTED_EDGE('',*,*,#3595,.T.);
#1892=ORIENTED_EDGE('',*,*,#3872,.F.);
#1893=ORIENTED_EDGE('',*,*,#3873,.T.);
#1894=ORIENTED_EDGE('',*,*,#3874,.T.);
#1895=ORIENTED_EDGE('',*,*,#3875,.T.);
#1896=ORIENTED_EDGE('',*,*,#3592,.T.);
#1897=ORIENTED_EDGE('',*,*,#3876,.F.);
#1898=ORIENTED_EDGE('',*,*,#3877,.T.);
#1899=ORIENTED_EDGE('',*,*,#3878,.T.);
#1900=ORIENTED_EDGE('',*,*,#3879,.T.);
#1901=ORIENTED_EDGE('',*,*,#3589,.T.);
#1902=ORIENTED_EDGE('',*,*,#3880,.F.);
#1903=ORIENTED_EDGE('',*,*,#3881,.T.);
#1904=ORIENTED_EDGE('',*,*,#3882,.T.);
#1905=ORIENTED_EDGE('',*,*,#3883,.T.);
#1906=ORIENTED_EDGE('',*,*,#3884,.T.);
#1907=ORIENTED_EDGE('',*,*,#3885,.T.);
#1908=ORIENTED_EDGE('',*,*,#3886,.F.);
#1909=ORIENTED_EDGE('',*,*,#3887,.F.);
#1910=ORIENTED_EDGE('',*,*,#3888,.T.);
#1911=ORIENTED_EDGE('',*,*,#3549,.F.);
#1912=ORIENTED_EDGE('',*,*,#3889,.F.);
#1913=ORIENTED_EDGE('',*,*,#3890,.T.);
#1914=ORIENTED_EDGE('',*,*,#3891,.T.);
#1915=ORIENTED_EDGE('',*,*,#3892,.F.);
#1916=ORIENTED_EDGE('',*,*,#3893,.T.);
#1917=ORIENTED_EDGE('',*,*,#3894,.T.);
#1918=ORIENTED_EDGE('',*,*,#3895,.T.);
#1919=ORIENTED_EDGE('',*,*,#3896,.F.);
#1920=ORIENTED_EDGE('',*,*,#3897,.T.);
#1921=ORIENTED_EDGE('',*,*,#3898,.F.);
#1922=ORIENTED_EDGE('',*,*,#3899,.T.);
#1923=ORIENTED_EDGE('',*,*,#3900,.T.);
#1924=ORIENTED_EDGE('',*,*,#3901,.T.);
#1925=ORIENTED_EDGE('',*,*,#3896,.T.);
#1926=ORIENTED_EDGE('',*,*,#3902,.F.);
#1927=ORIENTED_EDGE('',*,*,#3903,.T.);
#1928=ORIENTED_EDGE('',*,*,#3904,.F.);
#1929=ORIENTED_EDGE('',*,*,#3889,.T.);
#1930=ORIENTED_EDGE('',*,*,#3901,.F.);
#1931=ORIENTED_EDGE('',*,*,#3905,.F.);
#1932=ORIENTED_EDGE('',*,*,#3906,.T.);
#1933=ORIENTED_EDGE('',*,*,#3892,.T.);
#1934=ORIENTED_EDGE('',*,*,#3907,.F.);
#1935=ORIENTED_EDGE('',*,*,#3908,.T.);
#1936=ORIENTED_EDGE('',*,*,#3909,.F.);
#1937=ORIENTED_EDGE('',*,*,#3910,.F.);
#1938=ORIENTED_EDGE('',*,*,#3911,.F.);
#1939=ORIENTED_EDGE('',*,*,#3893,.F.);
#1940=ORIENTED_EDGE('',*,*,#3906,.F.);
#1941=ORIENTED_EDGE('',*,*,#3912,.T.);
#1942=ORIENTED_EDGE('',*,*,#3899,.F.);
#1943=ORIENTED_EDGE('',*,*,#3913,.T.);
#1944=ORIENTED_EDGE('',*,*,#3914,.T.);
#1945=ORIENTED_EDGE('',*,*,#3915,.F.);
#1946=ORIENTED_EDGE('',*,*,#3916,.T.);
#1947=ORIENTED_EDGE('',*,*,#3894,.F.);
#1948=ORIENTED_EDGE('',*,*,#3911,.T.);
#1949=ORIENTED_EDGE('',*,*,#3917,.F.);
#1950=ORIENTED_EDGE('',*,*,#3918,.T.);
#1951=ORIENTED_EDGE('',*,*,#3919,.T.);
#1952=ORIENTED_EDGE('',*,*,#3920,.T.);
#1953=ORIENTED_EDGE('',*,*,#3921,.T.);
#1954=ORIENTED_EDGE('',*,*,#3922,.T.);
#1955=ORIENTED_EDGE('',*,*,#3923,.T.);
#1956=ORIENTED_EDGE('',*,*,#3924,.T.);
#1957=ORIENTED_EDGE('',*,*,#3925,.T.);
#1958=ORIENTED_EDGE('',*,*,#3926,.T.);
#1959=ORIENTED_EDGE('',*,*,#3927,.T.);
#1960=ORIENTED_EDGE('',*,*,#3928,.T.);
#1961=ORIENTED_EDGE('',*,*,#3929,.T.);
#1962=ORIENTED_EDGE('',*,*,#3930,.T.);
#1963=ORIENTED_EDGE('',*,*,#3931,.T.);
#1964=ORIENTED_EDGE('',*,*,#3932,.T.);
#1965=ORIENTED_EDGE('',*,*,#3933,.T.);
#1966=ORIENTED_EDGE('',*,*,#3934,.T.);
#1967=ORIENTED_EDGE('',*,*,#3935,.T.);
#1968=ORIENTED_EDGE('',*,*,#3936,.T.);
#1969=ORIENTED_EDGE('',*,*,#3937,.T.);
#1970=ORIENTED_EDGE('',*,*,#3938,.T.);
#1971=ORIENTED_EDGE('',*,*,#3939,.T.);
#1972=ORIENTED_EDGE('',*,*,#3940,.T.);
#1973=ORIENTED_EDGE('',*,*,#3941,.T.);
#1974=ORIENTED_EDGE('',*,*,#3942,.T.);
#1975=ORIENTED_EDGE('',*,*,#3943,.T.);
#1976=ORIENTED_EDGE('',*,*,#3944,.T.);
#1977=ORIENTED_EDGE('',*,*,#3945,.T.);
#1978=ORIENTED_EDGE('',*,*,#3946,.T.);
#1979=ORIENTED_EDGE('',*,*,#3947,.T.);
#1980=ORIENTED_EDGE('',*,*,#3948,.T.);
#1981=ORIENTED_EDGE('',*,*,#3949,.T.);
#1982=ORIENTED_EDGE('',*,*,#3950,.T.);
#1983=ORIENTED_EDGE('',*,*,#3951,.T.);
#1984=ORIENTED_EDGE('',*,*,#3952,.T.);
#1985=ORIENTED_EDGE('',*,*,#3953,.T.);
#1986=ORIENTED_EDGE('',*,*,#3954,.T.);
#1987=ORIENTED_EDGE('',*,*,#3955,.T.);
#1988=ORIENTED_EDGE('',*,*,#3956,.T.);
#1989=ORIENTED_EDGE('',*,*,#3957,.T.);
#1990=ORIENTED_EDGE('',*,*,#3958,.T.);
#1991=ORIENTED_EDGE('',*,*,#3959,.T.);
#1992=ORIENTED_EDGE('',*,*,#3960,.T.);
#1993=ORIENTED_EDGE('',*,*,#3961,.T.);
#1994=ORIENTED_EDGE('',*,*,#3962,.T.);
#1995=ORIENTED_EDGE('',*,*,#3963,.T.);
#1996=ORIENTED_EDGE('',*,*,#3964,.T.);
#1997=ORIENTED_EDGE('',*,*,#3965,.T.);
#1998=ORIENTED_EDGE('',*,*,#3966,.T.);
#1999=ORIENTED_EDGE('',*,*,#3967,.T.);
#2000=ORIENTED_EDGE('',*,*,#3968,.F.);
#2001=ORIENTED_EDGE('',*,*,#3969,.T.);
#2002=ORIENTED_EDGE('',*,*,#3970,.F.);
#2003=ORIENTED_EDGE('',*,*,#3971,.T.);
#2004=ORIENTED_EDGE('',*,*,#3972,.F.);
#2005=ORIENTED_EDGE('',*,*,#3973,.T.);
#2006=ORIENTED_EDGE('',*,*,#3974,.F.);
#2007=ORIENTED_EDGE('',*,*,#3975,.T.);
#2008=ORIENTED_EDGE('',*,*,#3976,.F.);
#2009=ORIENTED_EDGE('',*,*,#3977,.T.);
#2010=ORIENTED_EDGE('',*,*,#3978,.T.);
#2011=ORIENTED_EDGE('',*,*,#3979,.F.);
#2012=ORIENTED_EDGE('',*,*,#3980,.T.);
#2013=ORIENTED_EDGE('',*,*,#3981,.F.);
#2014=ORIENTED_EDGE('',*,*,#3982,.F.);
#2015=ORIENTED_EDGE('',*,*,#3983,.T.);
#2016=ORIENTED_EDGE('',*,*,#3984,.T.);
#2017=ORIENTED_EDGE('',*,*,#3985,.F.);
#2018=ORIENTED_EDGE('',*,*,#3986,.T.);
#2019=ORIENTED_EDGE('',*,*,#3987,.F.);
#2020=ORIENTED_EDGE('',*,*,#3988,.T.);
#2021=ORIENTED_EDGE('',*,*,#3989,.F.);
#2022=ORIENTED_EDGE('',*,*,#3990,.F.);
#2023=ORIENTED_EDGE('',*,*,#3991,.T.);
#2024=ORIENTED_EDGE('',*,*,#3992,.T.);
#2025=ORIENTED_EDGE('',*,*,#3993,.F.);
#2026=ORIENTED_EDGE('',*,*,#3994,.T.);
#2027=ORIENTED_EDGE('',*,*,#3995,.F.);
#2028=ORIENTED_EDGE('',*,*,#3996,.T.);
#2029=ORIENTED_EDGE('',*,*,#3997,.F.);
#2030=ORIENTED_EDGE('',*,*,#3998,.T.);
#2031=ORIENTED_EDGE('',*,*,#3999,.F.);
#2032=ORIENTED_EDGE('',*,*,#4000,.T.);
#2033=ORIENTED_EDGE('',*,*,#4001,.T.);
#2034=ORIENTED_EDGE('',*,*,#3978,.F.);
#2035=ORIENTED_EDGE('',*,*,#4002,.T.);
#2036=ORIENTED_EDGE('',*,*,#4003,.T.);
#2037=ORIENTED_EDGE('',*,*,#4004,.T.);
#2038=ORIENTED_EDGE('',*,*,#3986,.F.);
#2039=ORIENTED_EDGE('',*,*,#4005,.T.);
#2040=ORIENTED_EDGE('',*,*,#4006,.T.);
#2041=ORIENTED_EDGE('',*,*,#4007,.T.);
#2042=ORIENTED_EDGE('',*,*,#3996,.F.);
#2043=ORIENTED_EDGE('',*,*,#4008,.T.);
#2044=ORIENTED_EDGE('',*,*,#4009,.T.);
#2045=ORIENTED_EDGE('',*,*,#4010,.T.);
#2046=ORIENTED_EDGE('',*,*,#3775,.F.);
#2047=ORIENTED_EDGE('',*,*,#4011,.T.);
#2048=ORIENTED_EDGE('',*,*,#4012,.T.);
#2049=ORIENTED_EDGE('',*,*,#4013,.T.);
#2050=ORIENTED_EDGE('',*,*,#3971,.F.);
#2051=ORIENTED_EDGE('',*,*,#4014,.T.);
#2052=ORIENTED_EDGE('',*,*,#3982,.T.);
#2053=ORIENTED_EDGE('',*,*,#4015,.T.);
#2054=ORIENTED_EDGE('',*,*,#4016,.F.);
#2055=ORIENTED_EDGE('',*,*,#4017,.T.);
#2056=ORIENTED_EDGE('',*,*,#3990,.T.);
#2057=ORIENTED_EDGE('',*,*,#4018,.T.);
#2058=ORIENTED_EDGE('',*,*,#4019,.F.);
#2059=ORIENTED_EDGE('',*,*,#4020,.T.);
#2060=ORIENTED_EDGE('',*,*,#3768,.T.);
#2061=ORIENTED_EDGE('',*,*,#4021,.T.);
#2062=ORIENTED_EDGE('',*,*,#4022,.F.);
#2063=ORIENTED_EDGE('',*,*,#4023,.T.);
#2064=ORIENTED_EDGE('',*,*,#3993,.T.);
#2065=ORIENTED_EDGE('',*,*,#4024,.T.);
#2066=ORIENTED_EDGE('',*,*,#4025,.F.);
#2067=ORIENTED_EDGE('',*,*,#4026,.T.);
#2068=ORIENTED_EDGE('',*,*,#3968,.T.);
#2069=ORIENTED_EDGE('',*,*,#4027,.T.);
#2070=ORIENTED_EDGE('',*,*,#4028,.F.);
#2071=ORIENTED_EDGE('',*,*,#4029,.T.);
#2072=ORIENTED_EDGE('',*,*,#4016,.T.);
#2073=ORIENTED_EDGE('',*,*,#4030,.T.);
#2074=ORIENTED_EDGE('',*,*,#4031,.T.);
#2075=ORIENTED_EDGE('',*,*,#4000,.F.);
#2076=ORIENTED_EDGE('',*,*,#4032,.T.);
#2077=ORIENTED_EDGE('',*,*,#4033,.T.);
#2078=ORIENTED_EDGE('',*,*,#4019,.T.);
#2079=ORIENTED_EDGE('',*,*,#4034,.T.);
#2080=ORIENTED_EDGE('',*,*,#4035,.T.);
#2081=ORIENTED_EDGE('',*,*,#4003,.F.);
#2082=ORIENTED_EDGE('',*,*,#4036,.T.);
#2083=ORIENTED_EDGE('',*,*,#4037,.T.);
#2084=ORIENTED_EDGE('',*,*,#4022,.T.);
#2085=ORIENTED_EDGE('',*,*,#4038,.T.);
#2086=ORIENTED_EDGE('',*,*,#4039,.T.);
#2087=ORIENTED_EDGE('',*,*,#4006,.F.);
#2088=ORIENTED_EDGE('',*,*,#4040,.T.);
#2089=ORIENTED_EDGE('',*,*,#4041,.T.);
#2090=ORIENTED_EDGE('',*,*,#4025,.T.);
#2091=ORIENTED_EDGE('',*,*,#4042,.T.);
#2092=ORIENTED_EDGE('',*,*,#4043,.T.);
#2093=ORIENTED_EDGE('',*,*,#4009,.F.);
#2094=ORIENTED_EDGE('',*,*,#4044,.T.);
#2095=ORIENTED_EDGE('',*,*,#4045,.T.);
#2096=ORIENTED_EDGE('',*,*,#4028,.T.);
#2097=ORIENTED_EDGE('',*,*,#4046,.T.);
#2098=ORIENTED_EDGE('',*,*,#4047,.T.);
#2099=ORIENTED_EDGE('',*,*,#4012,.F.);
#2100=ORIENTED_EDGE('',*,*,#4048,.T.);
#2101=ORIENTED_EDGE('',*,*,#4049,.T.);
#2102=ORIENTED_EDGE('',*,*,#4050,.T.);
#2103=ORIENTED_EDGE('',*,*,#4051,.T.);
#2104=ORIENTED_EDGE('',*,*,#3977,.F.);
#2105=ORIENTED_EDGE('',*,*,#4052,.T.);
#2106=ORIENTED_EDGE('',*,*,#4053,.T.);
#2107=ORIENTED_EDGE('',*,*,#4054,.T.);
#2108=ORIENTED_EDGE('',*,*,#3984,.F.);
#2109=ORIENTED_EDGE('',*,*,#4055,.T.);
#2110=ORIENTED_EDGE('',*,*,#4056,.T.);
#2111=ORIENTED_EDGE('',*,*,#4057,.T.);
#2112=ORIENTED_EDGE('',*,*,#3994,.F.);
#2113=ORIENTED_EDGE('',*,*,#4058,.T.);
#2114=ORIENTED_EDGE('',*,*,#4059,.T.);
#2115=ORIENTED_EDGE('',*,*,#4060,.T.);
#2116=ORIENTED_EDGE('',*,*,#3973,.F.);
#2117=ORIENTED_EDGE('',*,*,#4061,.T.);
#2118=ORIENTED_EDGE('',*,*,#4062,.T.);
#2119=ORIENTED_EDGE('',*,*,#4063,.T.);
#2120=ORIENTED_EDGE('',*,*,#3729,.F.);
#2121=ORIENTED_EDGE('',*,*,#4064,.T.);
#2122=ORIENTED_EDGE('',*,*,#3979,.T.);
#2123=ORIENTED_EDGE('',*,*,#4065,.T.);
#2124=ORIENTED_EDGE('',*,*,#4066,.F.);
#2125=ORIENTED_EDGE('',*,*,#4067,.T.);
#2126=ORIENTED_EDGE('',*,*,#3987,.T.);
#2127=ORIENTED_EDGE('',*,*,#4068,.T.);
#2128=ORIENTED_EDGE('',*,*,#4069,.F.);
#2129=ORIENTED_EDGE('',*,*,#4070,.T.);
#2130=ORIENTED_EDGE('',*,*,#3997,.T.);
#2131=ORIENTED_EDGE('',*,*,#4071,.T.);
#2132=ORIENTED_EDGE('',*,*,#4072,.F.);
#2133=ORIENTED_EDGE('',*,*,#4073,.T.);
#2134=ORIENTED_EDGE('',*,*,#3732,.T.);
#2135=ORIENTED_EDGE('',*,*,#4074,.T.);
#2136=ORIENTED_EDGE('',*,*,#4075,.F.);
#2137=ORIENTED_EDGE('',*,*,#4076,.T.);
#2138=ORIENTED_EDGE('',*,*,#3970,.T.);
#2139=ORIENTED_EDGE('',*,*,#4077,.T.);
#2140=ORIENTED_EDGE('',*,*,#4078,.F.);
#2141=ORIENTED_EDGE('',*,*,#4079,.T.);
#2142=ORIENTED_EDGE('',*,*,#4066,.T.);
#2143=ORIENTED_EDGE('',*,*,#4080,.T.);
#2144=ORIENTED_EDGE('',*,*,#4081,.T.);
#2145=ORIENTED_EDGE('',*,*,#4050,.F.);
#2146=ORIENTED_EDGE('',*,*,#4082,.T.);
#2147=ORIENTED_EDGE('',*,*,#4083,.T.);
#2148=ORIENTED_EDGE('',*,*,#4069,.T.);
#2149=ORIENTED_EDGE('',*,*,#4084,.T.);
#2150=ORIENTED_EDGE('',*,*,#4085,.T.);
#2151=ORIENTED_EDGE('',*,*,#4053,.F.);
#2152=ORIENTED_EDGE('',*,*,#4086,.T.);
#2153=ORIENTED_EDGE('',*,*,#4087,.T.);
#2154=ORIENTED_EDGE('',*,*,#4072,.T.);
#2155=ORIENTED_EDGE('',*,*,#4088,.T.);
#2156=ORIENTED_EDGE('',*,*,#4089,.T.);
#2157=ORIENTED_EDGE('',*,*,#4056,.F.);
#2158=ORIENTED_EDGE('',*,*,#4090,.T.);
#2159=ORIENTED_EDGE('',*,*,#4091,.T.);
#2160=ORIENTED_EDGE('',*,*,#4075,.T.);
#2161=ORIENTED_EDGE('',*,*,#4092,.T.);
#2162=ORIENTED_EDGE('',*,*,#4093,.T.);
#2163=ORIENTED_EDGE('',*,*,#4059,.F.);
#2164=ORIENTED_EDGE('',*,*,#4094,.T.);
#2165=ORIENTED_EDGE('',*,*,#4095,.T.);
#2166=ORIENTED_EDGE('',*,*,#4078,.T.);
#2167=ORIENTED_EDGE('',*,*,#4096,.T.);
#2168=ORIENTED_EDGE('',*,*,#4097,.T.);
#2169=ORIENTED_EDGE('',*,*,#4062,.F.);
#2170=ORIENTED_EDGE('',*,*,#4098,.T.);
#2171=ORIENTED_EDGE('',*,*,#4099,.T.);
#2172=ORIENTED_EDGE('',*,*,#4100,.T.);
#2173=ORIENTED_EDGE('',*,*,#4101,.T.);
#2174=ORIENTED_EDGE('',*,*,#3980,.F.);
#2175=ORIENTED_EDGE('',*,*,#4102,.T.);
#2176=ORIENTED_EDGE('',*,*,#4103,.T.);
#2177=ORIENTED_EDGE('',*,*,#4104,.T.);
#2178=ORIENTED_EDGE('',*,*,#3723,.F.);
#2179=ORIENTED_EDGE('',*,*,#4105,.T.);
#2180=ORIENTED_EDGE('',*,*,#4106,.T.);
#2181=ORIENTED_EDGE('',*,*,#4107,.T.);
#2182=ORIENTED_EDGE('',*,*,#3988,.F.);
#2183=ORIENTED_EDGE('',*,*,#4108,.T.);
#2184=ORIENTED_EDGE('',*,*,#4109,.T.);
#2185=ORIENTED_EDGE('',*,*,#4110,.T.);
#2186=ORIENTED_EDGE('',*,*,#3998,.F.);
#2187=ORIENTED_EDGE('',*,*,#4111,.T.);
#2188=ORIENTED_EDGE('',*,*,#4112,.T.);
#2189=ORIENTED_EDGE('',*,*,#4113,.T.);
#2190=ORIENTED_EDGE('',*,*,#3975,.F.);
#2191=ORIENTED_EDGE('',*,*,#4114,.T.);
#2192=ORIENTED_EDGE('',*,*,#3778,.T.);
#2193=ORIENTED_EDGE('',*,*,#4115,.T.);
#2194=ORIENTED_EDGE('',*,*,#4116,.F.);
#2195=ORIENTED_EDGE('',*,*,#4117,.T.);
#2196=ORIENTED_EDGE('',*,*,#3976,.T.);
#2197=ORIENTED_EDGE('',*,*,#4118,.T.);
#2198=ORIENTED_EDGE('',*,*,#4119,.F.);
#2199=ORIENTED_EDGE('',*,*,#4120,.T.);
#2200=ORIENTED_EDGE('',*,*,#3985,.T.);
#2201=ORIENTED_EDGE('',*,*,#4121,.T.);
#2202=ORIENTED_EDGE('',*,*,#4122,.F.);
#2203=ORIENTED_EDGE('',*,*,#4123,.T.);
#2204=ORIENTED_EDGE('',*,*,#3995,.T.);
#2205=ORIENTED_EDGE('',*,*,#4124,.T.);
#2206=ORIENTED_EDGE('',*,*,#4125,.F.);
#2207=ORIENTED_EDGE('',*,*,#4126,.T.);
#2208=ORIENTED_EDGE('',*,*,#3972,.T.);
#2209=ORIENTED_EDGE('',*,*,#4127,.T.);
#2210=ORIENTED_EDGE('',*,*,#4128,.F.);
#2211=ORIENTED_EDGE('',*,*,#4129,.T.);
#2212=ORIENTED_EDGE('',*,*,#4116,.T.);
#2213=ORIENTED_EDGE('',*,*,#4130,.T.);
#2214=ORIENTED_EDGE('',*,*,#4131,.T.);
#2215=ORIENTED_EDGE('',*,*,#4100,.F.);
#2216=ORIENTED_EDGE('',*,*,#4132,.T.);
#2217=ORIENTED_EDGE('',*,*,#4133,.T.);
#2218=ORIENTED_EDGE('',*,*,#4119,.T.);
#2219=ORIENTED_EDGE('',*,*,#4134,.T.);
#2220=ORIENTED_EDGE('',*,*,#4135,.T.);
#2221=ORIENTED_EDGE('',*,*,#4103,.F.);
#2222=ORIENTED_EDGE('',*,*,#4136,.T.);
#2223=ORIENTED_EDGE('',*,*,#4137,.T.);
#2224=ORIENTED_EDGE('',*,*,#4122,.T.);
#2225=ORIENTED_EDGE('',*,*,#4138,.T.);
#2226=ORIENTED_EDGE('',*,*,#4139,.T.);
#2227=ORIENTED_EDGE('',*,*,#4106,.F.);
#2228=ORIENTED_EDGE('',*,*,#4140,.T.);
#2229=ORIENTED_EDGE('',*,*,#4141,.T.);
#2230=ORIENTED_EDGE('',*,*,#4125,.T.);
#2231=ORIENTED_EDGE('',*,*,#4142,.T.);
#2232=ORIENTED_EDGE('',*,*,#4143,.T.);
#2233=ORIENTED_EDGE('',*,*,#4109,.F.);
#2234=ORIENTED_EDGE('',*,*,#4144,.T.);
#2235=ORIENTED_EDGE('',*,*,#4145,.T.);
#2236=ORIENTED_EDGE('',*,*,#4128,.T.);
#2237=ORIENTED_EDGE('',*,*,#4146,.T.);
#2238=ORIENTED_EDGE('',*,*,#4147,.T.);
#2239=ORIENTED_EDGE('',*,*,#4112,.F.);
#2240=ORIENTED_EDGE('',*,*,#4148,.T.);
#2241=ORIENTED_EDGE('',*,*,#4149,.T.);
#2242=ORIENTED_EDGE('',*,*,#4150,.T.);
#2243=ORIENTED_EDGE('',*,*,#4151,.T.);
#2244=ORIENTED_EDGE('',*,*,#4152,.T.);
#2245=ORIENTED_EDGE('',*,*,#4153,.F.);
#2246=ORIENTED_EDGE('',*,*,#4154,.T.);
#2247=ORIENTED_EDGE('',*,*,#4155,.T.);
#2248=ORIENTED_EDGE('',*,*,#4156,.T.);
#2249=ORIENTED_EDGE('',*,*,#4157,.T.);
#2250=ORIENTED_EDGE('',*,*,#4158,.T.);
#2251=ORIENTED_EDGE('',*,*,#4159,.F.);
#2252=ORIENTED_EDGE('',*,*,#4160,.T.);
#2253=ORIENTED_EDGE('',*,*,#4161,.T.);
#2254=ORIENTED_EDGE('',*,*,#4162,.T.);
#2255=ORIENTED_EDGE('',*,*,#4163,.T.);
#2256=ORIENTED_EDGE('',*,*,#4164,.T.);
#2257=ORIENTED_EDGE('',*,*,#4165,.F.);
#2258=ORIENTED_EDGE('',*,*,#4166,.T.);
#2259=ORIENTED_EDGE('',*,*,#4167,.T.);
#2260=ORIENTED_EDGE('',*,*,#4168,.T.);
#2261=ORIENTED_EDGE('',*,*,#4169,.T.);
#2262=ORIENTED_EDGE('',*,*,#4170,.T.);
#2263=ORIENTED_EDGE('',*,*,#4171,.F.);
#2264=ORIENTED_EDGE('',*,*,#4172,.T.);
#2265=ORIENTED_EDGE('',*,*,#4173,.T.);
#2266=ORIENTED_EDGE('',*,*,#4174,.T.);
#2267=ORIENTED_EDGE('',*,*,#4175,.T.);
#2268=ORIENTED_EDGE('',*,*,#4176,.T.);
#2269=ORIENTED_EDGE('',*,*,#4177,.F.);
#2270=ORIENTED_EDGE('',*,*,#4178,.T.);
#2271=ORIENTED_EDGE('',*,*,#4179,.T.);
#2272=ORIENTED_EDGE('',*,*,#3981,.T.);
#2273=ORIENTED_EDGE('',*,*,#4180,.T.);
#2274=ORIENTED_EDGE('',*,*,#4150,.F.);
#2275=ORIENTED_EDGE('',*,*,#4181,.T.);
#2276=ORIENTED_EDGE('',*,*,#3814,.T.);
#2277=ORIENTED_EDGE('',*,*,#4182,.T.);
#2278=ORIENTED_EDGE('',*,*,#4156,.F.);
#2279=ORIENTED_EDGE('',*,*,#4183,.T.);
#2280=ORIENTED_EDGE('',*,*,#3989,.T.);
#2281=ORIENTED_EDGE('',*,*,#4184,.T.);
#2282=ORIENTED_EDGE('',*,*,#4162,.F.);
#2283=ORIENTED_EDGE('',*,*,#4185,.T.);
#2284=ORIENTED_EDGE('',*,*,#3999,.T.);
#2285=ORIENTED_EDGE('',*,*,#4186,.T.);
#2286=ORIENTED_EDGE('',*,*,#4168,.F.);
#2287=ORIENTED_EDGE('',*,*,#4187,.T.);
#2288=ORIENTED_EDGE('',*,*,#3974,.T.);
#2289=ORIENTED_EDGE('',*,*,#4188,.T.);
#2290=ORIENTED_EDGE('',*,*,#4174,.F.);
#2291=ORIENTED_EDGE('',*,*,#4189,.T.);
#2292=ORIENTED_EDGE('',*,*,#4153,.T.);
#2293=ORIENTED_EDGE('',*,*,#4190,.T.);
#2294=ORIENTED_EDGE('',*,*,#3983,.F.);
#2295=ORIENTED_EDGE('',*,*,#4191,.T.);
#2296=ORIENTED_EDGE('',*,*,#4159,.T.);
#2297=ORIENTED_EDGE('',*,*,#4192,.T.);
#2298=ORIENTED_EDGE('',*,*,#3991,.F.);
#2299=ORIENTED_EDGE('',*,*,#4193,.T.);
#2300=ORIENTED_EDGE('',*,*,#4165,.T.);
#2301=ORIENTED_EDGE('',*,*,#4194,.T.);
#2302=ORIENTED_EDGE('',*,*,#3717,.F.);
#2303=ORIENTED_EDGE('',*,*,#4195,.T.);
#2304=ORIENTED_EDGE('',*,*,#4171,.T.);
#2305=ORIENTED_EDGE('',*,*,#4196,.T.);
#2306=ORIENTED_EDGE('',*,*,#3992,.F.);
#2307=ORIENTED_EDGE('',*,*,#4197,.T.);
#2308=ORIENTED_EDGE('',*,*,#4177,.T.);
#2309=ORIENTED_EDGE('',*,*,#4198,.T.);
#2310=ORIENTED_EDGE('',*,*,#3969,.F.);
#2311=ORIENTED_EDGE('',*,*,#4199,.T.);
#2312=ORIENTED_EDGE('',*,*,#4200,.T.);
#2313=ORIENTED_EDGE('',*,*,#3898,.T.);
#2314=ORIENTED_EDGE('',*,*,#4201,.T.);
#2315=ORIENTED_EDGE('',*,*,#4202,.F.);
#2316=ORIENTED_EDGE('',*,*,#4203,.F.);
#2317=ORIENTED_EDGE('',*,*,#4202,.T.);
#2318=ORIENTED_EDGE('',*,*,#4204,.F.);
#2319=ORIENTED_EDGE('',*,*,#4203,.T.);
#2320=ORIENTED_EDGE('',*,*,#4204,.T.);
#2321=ORIENTED_EDGE('',*,*,#4205,.F.);
#2322=ORIENTED_EDGE('',*,*,#4206,.F.);
#2323=ORIENTED_EDGE('',*,*,#4205,.T.);
#2324=ORIENTED_EDGE('',*,*,#4207,.F.);
#2325=ORIENTED_EDGE('',*,*,#4206,.T.);
#2326=ORIENTED_EDGE('',*,*,#4207,.T.);
#2327=ORIENTED_EDGE('',*,*,#4208,.F.);
#2328=ORIENTED_EDGE('',*,*,#4209,.F.);
#2329=ORIENTED_EDGE('',*,*,#4208,.T.);
#2330=ORIENTED_EDGE('',*,*,#4210,.F.);
#2331=ORIENTED_EDGE('',*,*,#4209,.T.);
#2332=ORIENTED_EDGE('',*,*,#4210,.T.);
#2333=ORIENTED_EDGE('',*,*,#4211,.F.);
#2334=ORIENTED_EDGE('',*,*,#4212,.F.);
#2335=ORIENTED_EDGE('',*,*,#4211,.T.);
#2336=ORIENTED_EDGE('',*,*,#4213,.F.);
#2337=ORIENTED_EDGE('',*,*,#4212,.T.);
#2338=ORIENTED_EDGE('',*,*,#4213,.T.);
#2339=ORIENTED_EDGE('',*,*,#4214,.F.);
#2340=ORIENTED_EDGE('',*,*,#4215,.F.);
#2341=ORIENTED_EDGE('',*,*,#4214,.T.);
#2342=ORIENTED_EDGE('',*,*,#4216,.F.);
#2343=ORIENTED_EDGE('',*,*,#4215,.T.);
#2344=ORIENTED_EDGE('',*,*,#4216,.T.);
#2345=ORIENTED_EDGE('',*,*,#4217,.F.);
#2346=ORIENTED_EDGE('',*,*,#4218,.F.);
#2347=ORIENTED_EDGE('',*,*,#4217,.T.);
#2348=ORIENTED_EDGE('',*,*,#4219,.F.);
#2349=ORIENTED_EDGE('',*,*,#4218,.T.);
#2350=ORIENTED_EDGE('',*,*,#4219,.T.);
#2351=ORIENTED_EDGE('',*,*,#4220,.F.);
#2352=ORIENTED_EDGE('',*,*,#4221,.F.);
#2353=ORIENTED_EDGE('',*,*,#4220,.T.);
#2354=ORIENTED_EDGE('',*,*,#4222,.F.);
#2355=ORIENTED_EDGE('',*,*,#4221,.T.);
#2356=ORIENTED_EDGE('',*,*,#4222,.T.);
#2357=ORIENTED_EDGE('',*,*,#4223,.F.);
#2358=ORIENTED_EDGE('',*,*,#4224,.F.);
#2359=ORIENTED_EDGE('',*,*,#4223,.T.);
#2360=ORIENTED_EDGE('',*,*,#4225,.F.);
#2361=ORIENTED_EDGE('',*,*,#4224,.T.);
#2362=ORIENTED_EDGE('',*,*,#4225,.T.);
#2363=ORIENTED_EDGE('',*,*,#4226,.F.);
#2364=ORIENTED_EDGE('',*,*,#4227,.F.);
#2365=ORIENTED_EDGE('',*,*,#4226,.T.);
#2366=ORIENTED_EDGE('',*,*,#4228,.F.);
#2367=ORIENTED_EDGE('',*,*,#4227,.T.);
#2368=ORIENTED_EDGE('',*,*,#4228,.T.);
#2369=ORIENTED_EDGE('',*,*,#4229,.F.);
#2370=ORIENTED_EDGE('',*,*,#4230,.F.);
#2371=ORIENTED_EDGE('',*,*,#4229,.T.);
#2372=ORIENTED_EDGE('',*,*,#4231,.F.);
#2373=ORIENTED_EDGE('',*,*,#4230,.T.);
#2374=ORIENTED_EDGE('',*,*,#4231,.T.);
#2375=ORIENTED_EDGE('',*,*,#4232,.F.);
#2376=ORIENTED_EDGE('',*,*,#4233,.F.);
#2377=ORIENTED_EDGE('',*,*,#4232,.T.);
#2378=ORIENTED_EDGE('',*,*,#4234,.F.);
#2379=ORIENTED_EDGE('',*,*,#4233,.T.);
#2380=ORIENTED_EDGE('',*,*,#4234,.T.);
#2381=ORIENTED_EDGE('',*,*,#4235,.F.);
#2382=ORIENTED_EDGE('',*,*,#4236,.F.);
#2383=ORIENTED_EDGE('',*,*,#4235,.T.);
#2384=ORIENTED_EDGE('',*,*,#4237,.F.);
#2385=ORIENTED_EDGE('',*,*,#4236,.T.);
#2386=ORIENTED_EDGE('',*,*,#4237,.T.);
#2387=ORIENTED_EDGE('',*,*,#4238,.F.);
#2388=ORIENTED_EDGE('',*,*,#4239,.F.);
#2389=ORIENTED_EDGE('',*,*,#4238,.T.);
#2390=ORIENTED_EDGE('',*,*,#4240,.F.);
#2391=ORIENTED_EDGE('',*,*,#4239,.T.);
#2392=ORIENTED_EDGE('',*,*,#4240,.T.);
#2393=ORIENTED_EDGE('',*,*,#4241,.F.);
#2394=ORIENTED_EDGE('',*,*,#4242,.F.);
#2395=ORIENTED_EDGE('',*,*,#4241,.T.);
#2396=ORIENTED_EDGE('',*,*,#4243,.F.);
#2397=ORIENTED_EDGE('',*,*,#4242,.T.);
#2398=ORIENTED_EDGE('',*,*,#4243,.T.);
#2399=ORIENTED_EDGE('',*,*,#4244,.F.);
#2400=ORIENTED_EDGE('',*,*,#4245,.F.);
#2401=ORIENTED_EDGE('',*,*,#4244,.T.);
#2402=ORIENTED_EDGE('',*,*,#4246,.F.);
#2403=ORIENTED_EDGE('',*,*,#4245,.T.);
#2404=ORIENTED_EDGE('',*,*,#4246,.T.);
#2405=ORIENTED_EDGE('',*,*,#4247,.F.);
#2406=ORIENTED_EDGE('',*,*,#4248,.F.);
#2407=ORIENTED_EDGE('',*,*,#4247,.T.);
#2408=ORIENTED_EDGE('',*,*,#4249,.F.);
#2409=ORIENTED_EDGE('',*,*,#4248,.T.);
#2410=ORIENTED_EDGE('',*,*,#4249,.T.);
#2411=ORIENTED_EDGE('',*,*,#4250,.F.);
#2412=ORIENTED_EDGE('',*,*,#4251,.F.);
#2413=ORIENTED_EDGE('',*,*,#4250,.T.);
#2414=ORIENTED_EDGE('',*,*,#4252,.F.);
#2415=ORIENTED_EDGE('',*,*,#4251,.T.);
#2416=ORIENTED_EDGE('',*,*,#4252,.T.);
#2417=ORIENTED_EDGE('',*,*,#4253,.F.);
#2418=ORIENTED_EDGE('',*,*,#4254,.F.);
#2419=ORIENTED_EDGE('',*,*,#4253,.T.);
#2420=ORIENTED_EDGE('',*,*,#4255,.F.);
#2421=ORIENTED_EDGE('',*,*,#4254,.T.);
#2422=ORIENTED_EDGE('',*,*,#4255,.T.);
#2423=ORIENTED_EDGE('',*,*,#4256,.F.);
#2424=ORIENTED_EDGE('',*,*,#4257,.F.);
#2425=ORIENTED_EDGE('',*,*,#4256,.T.);
#2426=ORIENTED_EDGE('',*,*,#4258,.F.);
#2427=ORIENTED_EDGE('',*,*,#4257,.T.);
#2428=ORIENTED_EDGE('',*,*,#4258,.T.);
#2429=ORIENTED_EDGE('',*,*,#4259,.F.);
#2430=ORIENTED_EDGE('',*,*,#4260,.F.);
#2431=ORIENTED_EDGE('',*,*,#4259,.T.);
#2432=ORIENTED_EDGE('',*,*,#4261,.F.);
#2433=ORIENTED_EDGE('',*,*,#4260,.T.);
#2434=ORIENTED_EDGE('',*,*,#4261,.T.);
#2435=ORIENTED_EDGE('',*,*,#4262,.F.);
#2436=ORIENTED_EDGE('',*,*,#4263,.F.);
#2437=ORIENTED_EDGE('',*,*,#4262,.T.);
#2438=ORIENTED_EDGE('',*,*,#4264,.F.);
#2439=ORIENTED_EDGE('',*,*,#4263,.T.);
#2440=ORIENTED_EDGE('',*,*,#4264,.T.);
#2441=ORIENTED_EDGE('',*,*,#4265,.F.);
#2442=ORIENTED_EDGE('',*,*,#4266,.F.);
#2443=ORIENTED_EDGE('',*,*,#4265,.T.);
#2444=ORIENTED_EDGE('',*,*,#4267,.F.);
#2445=ORIENTED_EDGE('',*,*,#4266,.T.);
#2446=ORIENTED_EDGE('',*,*,#4267,.T.);
#2447=ORIENTED_EDGE('',*,*,#4268,.F.);
#2448=ORIENTED_EDGE('',*,*,#4269,.F.);
#2449=ORIENTED_EDGE('',*,*,#4268,.T.);
#2450=ORIENTED_EDGE('',*,*,#4270,.F.);
#2451=ORIENTED_EDGE('',*,*,#4269,.T.);
#2452=ORIENTED_EDGE('',*,*,#4270,.T.);
#2453=ORIENTED_EDGE('',*,*,#4271,.F.);
#2454=ORIENTED_EDGE('',*,*,#4272,.F.);
#2455=ORIENTED_EDGE('',*,*,#4271,.T.);
#2456=ORIENTED_EDGE('',*,*,#4273,.F.);
#2457=ORIENTED_EDGE('',*,*,#4272,.T.);
#2458=ORIENTED_EDGE('',*,*,#4273,.T.);
#2459=ORIENTED_EDGE('',*,*,#4274,.F.);
#2460=ORIENTED_EDGE('',*,*,#4275,.F.);
#2461=ORIENTED_EDGE('',*,*,#4274,.T.);
#2462=ORIENTED_EDGE('',*,*,#4276,.F.);
#2463=ORIENTED_EDGE('',*,*,#4275,.T.);
#2464=ORIENTED_EDGE('',*,*,#4276,.T.);
#2465=ORIENTED_EDGE('',*,*,#4277,.F.);
#2466=ORIENTED_EDGE('',*,*,#4278,.F.);
#2467=ORIENTED_EDGE('',*,*,#4277,.T.);
#2468=ORIENTED_EDGE('',*,*,#4279,.F.);
#2469=ORIENTED_EDGE('',*,*,#4278,.T.);
#2470=ORIENTED_EDGE('',*,*,#4279,.T.);
#2471=ORIENTED_EDGE('',*,*,#4280,.F.);
#2472=ORIENTED_EDGE('',*,*,#4281,.F.);
#2473=ORIENTED_EDGE('',*,*,#4280,.T.);
#2474=ORIENTED_EDGE('',*,*,#4282,.F.);
#2475=ORIENTED_EDGE('',*,*,#4281,.T.);
#2476=ORIENTED_EDGE('',*,*,#4282,.T.);
#2477=ORIENTED_EDGE('',*,*,#4283,.F.);
#2478=ORIENTED_EDGE('',*,*,#4284,.F.);
#2479=ORIENTED_EDGE('',*,*,#4283,.T.);
#2480=ORIENTED_EDGE('',*,*,#4285,.F.);
#2481=ORIENTED_EDGE('',*,*,#4284,.T.);
#2482=ORIENTED_EDGE('',*,*,#4286,.F.);
#2483=ORIENTED_EDGE('',*,*,#4285,.T.);
#2484=ORIENTED_EDGE('',*,*,#4287,.F.);
#2485=ORIENTED_EDGE('',*,*,#4286,.T.);
#2486=ORIENTED_EDGE('',*,*,#4288,.F.);
#2487=ORIENTED_EDGE('',*,*,#4287,.T.);
#2488=ORIENTED_EDGE('',*,*,#4289,.F.);
#2489=ORIENTED_EDGE('',*,*,#4288,.T.);
#2490=ORIENTED_EDGE('',*,*,#4290,.F.);
#2491=ORIENTED_EDGE('',*,*,#4289,.T.);
#2492=ORIENTED_EDGE('',*,*,#3536,.F.);
#2493=ORIENTED_EDGE('',*,*,#4290,.T.);
#2494=ORIENTED_EDGE('',*,*,#4291,.T.);
#2495=ORIENTED_EDGE('',*,*,#4292,.T.);
#2496=ORIENTED_EDGE('',*,*,#4293,.T.);
#2497=ORIENTED_EDGE('',*,*,#4294,.T.);
#2498=ORIENTED_EDGE('',*,*,#4295,.T.);
#2499=ORIENTED_EDGE('',*,*,#4296,.T.);
#2500=ORIENTED_EDGE('',*,*,#4297,.T.);
#2501=ORIENTED_EDGE('',*,*,#4298,.T.);
#2502=ORIENTED_EDGE('',*,*,#4299,.T.);
#2503=ORIENTED_EDGE('',*,*,#4300,.T.);
#2504=ORIENTED_EDGE('',*,*,#4301,.T.);
#2505=ORIENTED_EDGE('',*,*,#4302,.T.);
#2506=ORIENTED_EDGE('',*,*,#4303,.T.);
#2507=ORIENTED_EDGE('',*,*,#4304,.T.);
#2508=ORIENTED_EDGE('',*,*,#4305,.T.);
#2509=ORIENTED_EDGE('',*,*,#4306,.T.);
#2510=ORIENTED_EDGE('',*,*,#4307,.T.);
#2511=ORIENTED_EDGE('',*,*,#4308,.T.);
#2512=ORIENTED_EDGE('',*,*,#4309,.T.);
#2513=ORIENTED_EDGE('',*,*,#4310,.T.);
#2514=ORIENTED_EDGE('',*,*,#4311,.T.);
#2515=ORIENTED_EDGE('',*,*,#4312,.T.);
#2516=ORIENTED_EDGE('',*,*,#4313,.T.);
#2517=ORIENTED_EDGE('',*,*,#4314,.T.);
#2518=ORIENTED_EDGE('',*,*,#4315,.T.);
#2519=ORIENTED_EDGE('',*,*,#4316,.T.);
#2520=ORIENTED_EDGE('',*,*,#4317,.T.);
#2521=ORIENTED_EDGE('',*,*,#4318,.T.);
#2522=ORIENTED_EDGE('',*,*,#4319,.T.);
#2523=ORIENTED_EDGE('',*,*,#4320,.T.);
#2524=ORIENTED_EDGE('',*,*,#4321,.T.);
#2525=ORIENTED_EDGE('',*,*,#4322,.T.);
#2526=ORIENTED_EDGE('',*,*,#4323,.T.);
#2527=ORIENTED_EDGE('',*,*,#4324,.T.);
#2528=ORIENTED_EDGE('',*,*,#4325,.T.);
#2529=ORIENTED_EDGE('',*,*,#4326,.T.);
#2530=ORIENTED_EDGE('',*,*,#4327,.T.);
#2531=ORIENTED_EDGE('',*,*,#4328,.T.);
#2532=ORIENTED_EDGE('',*,*,#4329,.T.);
#2533=ORIENTED_EDGE('',*,*,#4007,.F.);
#2534=ORIENTED_EDGE('',*,*,#4039,.F.);
#2535=ORIENTED_EDGE('',*,*,#4330,.F.);
#2536=ORIENTED_EDGE('',*,*,#3583,.T.);
#2537=ORIENTED_EDGE('',*,*,#3851,.F.);
#2538=ORIENTED_EDGE('',*,*,#3850,.F.);
#2539=ORIENTED_EDGE('',*,*,#3771,.F.);
#2540=ORIENTED_EDGE('',*,*,#3770,.T.);
#2541=ORIENTED_EDGE('',*,*,#3584,.T.);
#2542=ORIENTED_EDGE('',*,*,#4330,.T.);
#2543=ORIENTED_EDGE('',*,*,#4038,.F.);
#2544=ORIENTED_EDGE('',*,*,#4021,.F.);
#2545=ORIENTED_EDGE('',*,*,#4010,.F.);
#2546=ORIENTED_EDGE('',*,*,#4043,.F.);
#2547=ORIENTED_EDGE('',*,*,#4331,.F.);
#2548=ORIENTED_EDGE('',*,*,#3571,.T.);
#2549=ORIENTED_EDGE('',*,*,#3777,.F.);
#2550=ORIENTED_EDGE('',*,*,#3776,.F.);
#2551=ORIENTED_EDGE('',*,*,#3865,.F.);
#2552=ORIENTED_EDGE('',*,*,#3864,.T.);
#2553=ORIENTED_EDGE('',*,*,#3572,.T.);
#2554=ORIENTED_EDGE('',*,*,#4331,.T.);
#2555=ORIENTED_EDGE('',*,*,#4042,.F.);
#2556=ORIENTED_EDGE('',*,*,#4024,.F.);
#2557=ORIENTED_EDGE('',*,*,#3767,.F.);
#2558=ORIENTED_EDGE('',*,*,#3766,.T.);
#2559=ORIENTED_EDGE('',*,*,#3625,.T.);
#2560=ORIENTED_EDGE('',*,*,#4332,.F.);
#2561=ORIENTED_EDGE('',*,*,#4040,.F.);
#2562=ORIENTED_EDGE('',*,*,#4008,.F.);
#2563=ORIENTED_EDGE('',*,*,#3552,.F.);
#2564=ORIENTED_EDGE('',*,*,#4023,.F.);
#2565=ORIENTED_EDGE('',*,*,#4041,.F.);
#2566=ORIENTED_EDGE('',*,*,#4332,.T.);
#2567=ORIENTED_EDGE('',*,*,#3624,.T.);
#2568=ORIENTED_EDGE('',*,*,#3553,.F.);
#2569=ORIENTED_EDGE('',*,*,#3774,.F.);
#2570=ORIENTED_EDGE('',*,*,#3773,.T.);
#2571=ORIENTED_EDGE('',*,*,#3637,.T.);
#2572=ORIENTED_EDGE('',*,*,#4333,.F.);
#2573=ORIENTED_EDGE('',*,*,#4044,.F.);
#2574=ORIENTED_EDGE('',*,*,#4011,.F.);
#2575=ORIENTED_EDGE('',*,*,#3752,.F.);
#2576=ORIENTED_EDGE('',*,*,#4026,.F.);
#2577=ORIENTED_EDGE('',*,*,#4045,.F.);
#2578=ORIENTED_EDGE('',*,*,#4333,.T.);
#2579=ORIENTED_EDGE('',*,*,#3636,.T.);
#2580=ORIENTED_EDGE('',*,*,#3753,.F.);
#2581=ORIENTED_EDGE('',*,*,#4060,.F.);
#2582=ORIENTED_EDGE('',*,*,#4093,.F.);
#2583=ORIENTED_EDGE('',*,*,#4334,.F.);
#2584=ORIENTED_EDGE('',*,*,#3620,.T.);
#2585=ORIENTED_EDGE('',*,*,#3737,.F.);
#2586=ORIENTED_EDGE('',*,*,#3736,.F.);
#2587=ORIENTED_EDGE('',*,*,#3735,.F.);
#2588=ORIENTED_EDGE('',*,*,#3734,.T.);
#2589=ORIENTED_EDGE('',*,*,#3621,.T.);
#2590=ORIENTED_EDGE('',*,*,#4334,.T.);
#2591=ORIENTED_EDGE('',*,*,#4092,.F.);
#2592=ORIENTED_EDGE('',*,*,#4074,.F.);
#2593=ORIENTED_EDGE('',*,*,#4063,.F.);
#2594=ORIENTED_EDGE('',*,*,#4097,.F.);
#2595=ORIENTED_EDGE('',*,*,#4335,.F.);
#2596=ORIENTED_EDGE('',*,*,#3608,.T.);
#2597=ORIENTED_EDGE('',*,*,#3731,.F.);
#2598=ORIENTED_EDGE('',*,*,#3730,.F.);
#2599=ORIENTED_EDGE('',*,*,#3751,.F.);
#2600=ORIENTED_EDGE('',*,*,#3750,.T.);
#2601=ORIENTED_EDGE('',*,*,#3609,.T.);
#2602=ORIENTED_EDGE('',*,*,#4335,.T.);
#2603=ORIENTED_EDGE('',*,*,#4096,.F.);
#2604=ORIENTED_EDGE('',*,*,#4077,.F.);
#2605=ORIENTED_EDGE('',*,*,#3813,.F.);
#2606=ORIENTED_EDGE('',*,*,#3812,.T.);
#2607=ORIENTED_EDGE('',*,*,#3662,.T.);
#2608=ORIENTED_EDGE('',*,*,#4336,.F.);
#2609=ORIENTED_EDGE('',*,*,#4094,.F.);
#2610=ORIENTED_EDGE('',*,*,#4061,.F.);
#2611=ORIENTED_EDGE('',*,*,#3556,.F.);
#2612=ORIENTED_EDGE('',*,*,#4076,.F.);
#2613=ORIENTED_EDGE('',*,*,#4095,.F.);
#2614=ORIENTED_EDGE('',*,*,#4336,.T.);
#2615=ORIENTED_EDGE('',*,*,#3661,.T.);
#2616=ORIENTED_EDGE('',*,*,#3557,.F.);
#2617=ORIENTED_EDGE('',*,*,#3728,.F.);
#2618=ORIENTED_EDGE('',*,*,#3727,.T.);
#2619=ORIENTED_EDGE('',*,*,#3674,.T.);
#2620=ORIENTED_EDGE('',*,*,#4337,.F.);
#2621=ORIENTED_EDGE('',*,*,#4098,.F.);
#2622=ORIENTED_EDGE('',*,*,#4064,.F.);
#2623=ORIENTED_EDGE('',*,*,#3798,.F.);
#2624=ORIENTED_EDGE('',*,*,#4079,.F.);
#2625=ORIENTED_EDGE('',*,*,#4099,.F.);
#2626=ORIENTED_EDGE('',*,*,#4337,.T.);
#2627=ORIENTED_EDGE('',*,*,#3673,.T.);
#2628=ORIENTED_EDGE('',*,*,#3799,.F.);
#2629=ORIENTED_EDGE('',*,*,#4101,.F.);
#2630=ORIENTED_EDGE('',*,*,#4131,.F.);
#2631=ORIENTED_EDGE('',*,*,#4338,.F.);
#2632=ORIENTED_EDGE('',*,*,#3657,.T.);
#2633=ORIENTED_EDGE('',*,*,#3783,.F.);
#2634=ORIENTED_EDGE('',*,*,#3782,.F.);
#2635=ORIENTED_EDGE('',*,*,#3781,.F.);
#2636=ORIENTED_EDGE('',*,*,#3780,.T.);
#2637=ORIENTED_EDGE('',*,*,#3658,.T.);
#2638=ORIENTED_EDGE('',*,*,#4338,.T.);
#2639=ORIENTED_EDGE('',*,*,#4130,.F.);
#2640=ORIENTED_EDGE('',*,*,#4115,.F.);
#2641=ORIENTED_EDGE('',*,*,#4104,.F.);
#2642=ORIENTED_EDGE('',*,*,#4135,.F.);
#2643=ORIENTED_EDGE('',*,*,#4339,.F.);
#2644=ORIENTED_EDGE('',*,*,#3645,.T.);
#2645=ORIENTED_EDGE('',*,*,#3725,.F.);
#2646=ORIENTED_EDGE('',*,*,#3724,.F.);
#2647=ORIENTED_EDGE('',*,*,#3797,.F.);
#2648=ORIENTED_EDGE('',*,*,#3796,.T.);
#2649=ORIENTED_EDGE('',*,*,#3646,.T.);
#2650=ORIENTED_EDGE('',*,*,#4339,.T.);
#2651=ORIENTED_EDGE('',*,*,#4134,.F.);
#2652=ORIENTED_EDGE('',*,*,#4118,.F.);
#2653=ORIENTED_EDGE('',*,*,#3849,.F.);
#2654=ORIENTED_EDGE('',*,*,#3848,.T.);
#2655=ORIENTED_EDGE('',*,*,#3699,.T.);
#2656=ORIENTED_EDGE('',*,*,#4340,.F.);
#2657=ORIENTED_EDGE('',*,*,#4132,.F.);
#2658=ORIENTED_EDGE('',*,*,#4102,.F.);
#2659=ORIENTED_EDGE('',*,*,#3560,.F.);
#2660=ORIENTED_EDGE('',*,*,#4117,.F.);
#2661=ORIENTED_EDGE('',*,*,#4133,.F.);
#2662=ORIENTED_EDGE('',*,*,#4340,.T.);
#2663=ORIENTED_EDGE('',*,*,#3698,.T.);
#2664=ORIENTED_EDGE('',*,*,#3561,.F.);
#2665=ORIENTED_EDGE('',*,*,#3722,.F.);
#2666=ORIENTED_EDGE('',*,*,#3721,.T.);
#2667=ORIENTED_EDGE('',*,*,#3711,.T.);
#2668=ORIENTED_EDGE('',*,*,#4341,.F.);
#2669=ORIENTED_EDGE('',*,*,#4136,.F.);
#2670=ORIENTED_EDGE('',*,*,#4105,.F.);
#2671=ORIENTED_EDGE('',*,*,#3834,.F.);
#2672=ORIENTED_EDGE('',*,*,#4120,.F.);
#2673=ORIENTED_EDGE('',*,*,#4137,.F.);
#2674=ORIENTED_EDGE('',*,*,#4341,.T.);
#2675=ORIENTED_EDGE('',*,*,#3710,.T.);
#2676=ORIENTED_EDGE('',*,*,#3835,.F.);
#2677=ORIENTED_EDGE('',*,*,#4192,.F.);
#2678=ORIENTED_EDGE('',*,*,#4158,.F.);
#2679=ORIENTED_EDGE('',*,*,#4342,.F.);
#2680=ORIENTED_EDGE('',*,*,#3694,.T.);
#2681=ORIENTED_EDGE('',*,*,#3819,.F.);
#2682=ORIENTED_EDGE('',*,*,#3818,.F.);
#2683=ORIENTED_EDGE('',*,*,#3817,.F.);
#2684=ORIENTED_EDGE('',*,*,#3816,.T.);
#2685=ORIENTED_EDGE('',*,*,#3695,.T.);
#2686=ORIENTED_EDGE('',*,*,#4342,.T.);
#2687=ORIENTED_EDGE('',*,*,#4157,.F.);
#2688=ORIENTED_EDGE('',*,*,#4182,.F.);
#2689=ORIENTED_EDGE('',*,*,#4194,.F.);
#2690=ORIENTED_EDGE('',*,*,#4164,.F.);
#2691=ORIENTED_EDGE('',*,*,#4343,.F.);
#2692=ORIENTED_EDGE('',*,*,#3682,.T.);
#2693=ORIENTED_EDGE('',*,*,#3719,.F.);
#2694=ORIENTED_EDGE('',*,*,#3718,.F.);
#2695=ORIENTED_EDGE('',*,*,#3833,.F.);
#2696=ORIENTED_EDGE('',*,*,#3832,.T.);
#2697=ORIENTED_EDGE('',*,*,#3683,.T.);
#2698=ORIENTED_EDGE('',*,*,#4343,.T.);
#2699=ORIENTED_EDGE('',*,*,#4163,.F.);
#2700=ORIENTED_EDGE('',*,*,#4184,.F.);
#2701=ORIENTED_EDGE('',*,*,#3881,.F.);
#2702=ORIENTED_EDGE('',*,*,#3880,.T.);
#2703=ORIENTED_EDGE('',*,*,#3588,.T.);
#2704=ORIENTED_EDGE('',*,*,#4344,.F.);
#2705=ORIENTED_EDGE('',*,*,#4160,.F.);
#2706=ORIENTED_EDGE('',*,*,#4193,.F.);
#2707=ORIENTED_EDGE('',*,*,#3564,.F.);
#2708=ORIENTED_EDGE('',*,*,#4183,.F.);
#2709=ORIENTED_EDGE('',*,*,#4161,.F.);
#2710=ORIENTED_EDGE('',*,*,#4344,.T.);
#2711=ORIENTED_EDGE('',*,*,#3587,.T.);
#2712=ORIENTED_EDGE('',*,*,#3565,.F.);
#2713=ORIENTED_EDGE('',*,*,#3716,.F.);
#2714=ORIENTED_EDGE('',*,*,#3715,.T.);
#2715=ORIENTED_EDGE('',*,*,#3600,.T.);
#2716=ORIENTED_EDGE('',*,*,#4345,.F.);
#2717=ORIENTED_EDGE('',*,*,#4166,.F.);
#2718=ORIENTED_EDGE('',*,*,#4195,.F.);
#2719=ORIENTED_EDGE('',*,*,#3866,.F.);
#2720=ORIENTED_EDGE('',*,*,#4185,.F.);
#2721=ORIENTED_EDGE('',*,*,#4167,.F.);
#2722=ORIENTED_EDGE('',*,*,#4345,.T.);
#2723=ORIENTED_EDGE('',*,*,#3599,.T.);
#2724=ORIENTED_EDGE('',*,*,#3867,.F.);
#2725=ORIENTED_EDGE('',*,*,#4004,.F.);
#2726=ORIENTED_EDGE('',*,*,#4035,.F.);
#2727=ORIENTED_EDGE('',*,*,#4346,.F.);
#2728=ORIENTED_EDGE('',*,*,#3691,.T.);
#2729=ORIENTED_EDGE('',*,*,#3823,.F.);
#2730=ORIENTED_EDGE('',*,*,#3822,.F.);
#2731=ORIENTED_EDGE('',*,*,#3821,.F.);
#2732=ORIENTED_EDGE('',*,*,#3820,.T.);
#2733=ORIENTED_EDGE('',*,*,#3692,.T.);
#2734=ORIENTED_EDGE('',*,*,#4346,.T.);
#2735=ORIENTED_EDGE('',*,*,#4034,.F.);
#2736=ORIENTED_EDGE('',*,*,#4018,.F.);
#2737=ORIENTED_EDGE('',*,*,#3877,.F.);
#2738=ORIENTED_EDGE('',*,*,#3876,.T.);
#2739=ORIENTED_EDGE('',*,*,#3591,.T.);
#2740=ORIENTED_EDGE('',*,*,#4347,.F.);
#2741=ORIENTED_EDGE('',*,*,#4036,.F.);
#2742=ORIENTED_EDGE('',*,*,#4005,.F.);
#2743=ORIENTED_EDGE('',*,*,#3878,.F.);
#2744=ORIENTED_EDGE('',*,*,#4020,.F.);
#2745=ORIENTED_EDGE('',*,*,#4037,.F.);
#2746=ORIENTED_EDGE('',*,*,#4347,.T.);
#2747=ORIENTED_EDGE('',*,*,#3590,.T.);
#2748=ORIENTED_EDGE('',*,*,#3879,.F.);
#2749=ORIENTED_EDGE('',*,*,#4001,.F.);
#2750=ORIENTED_EDGE('',*,*,#4031,.F.);
#2751=ORIENTED_EDGE('',*,*,#4348,.F.);
#2752=ORIENTED_EDGE('',*,*,#3651,.T.);
#2753=ORIENTED_EDGE('',*,*,#3791,.F.);
#2754=ORIENTED_EDGE('',*,*,#3790,.F.);
#2755=ORIENTED_EDGE('',*,*,#3789,.F.);
#2756=ORIENTED_EDGE('',*,*,#3788,.T.);
#2757=ORIENTED_EDGE('',*,*,#3652,.T.);
#2758=ORIENTED_EDGE('',*,*,#4348,.T.);
#2759=ORIENTED_EDGE('',*,*,#4030,.F.);
#2760=ORIENTED_EDGE('',*,*,#4015,.F.);
#2761=ORIENTED_EDGE('',*,*,#3841,.F.);
#2762=ORIENTED_EDGE('',*,*,#3840,.T.);
#2763=ORIENTED_EDGE('',*,*,#3705,.T.);
#2764=ORIENTED_EDGE('',*,*,#4349,.F.);
#2765=ORIENTED_EDGE('',*,*,#4032,.F.);
#2766=ORIENTED_EDGE('',*,*,#4002,.F.);
#2767=ORIENTED_EDGE('',*,*,#3842,.F.);
#2768=ORIENTED_EDGE('',*,*,#4017,.F.);
#2769=ORIENTED_EDGE('',*,*,#4033,.F.);
#2770=ORIENTED_EDGE('',*,*,#4349,.T.);
#2771=ORIENTED_EDGE('',*,*,#3704,.T.);
#2772=ORIENTED_EDGE('',*,*,#3843,.F.);
#2773=ORIENTED_EDGE('',*,*,#4013,.F.);
#2774=ORIENTED_EDGE('',*,*,#4047,.F.);
#2775=ORIENTED_EDGE('',*,*,#4350,.F.);
#2776=ORIENTED_EDGE('',*,*,#3611,.T.);
#2777=ORIENTED_EDGE('',*,*,#3749,.F.);
#2778=ORIENTED_EDGE('',*,*,#3748,.F.);
#2779=ORIENTED_EDGE('',*,*,#3747,.F.);
#2780=ORIENTED_EDGE('',*,*,#3746,.T.);
#2781=ORIENTED_EDGE('',*,*,#3612,.T.);
#2782=ORIENTED_EDGE('',*,*,#4350,.T.);
#2783=ORIENTED_EDGE('',*,*,#4046,.F.);
#2784=ORIENTED_EDGE('',*,*,#4027,.F.);
#2785=ORIENTED_EDGE('',*,*,#3801,.F.);
#2786=ORIENTED_EDGE('',*,*,#3800,.T.);
#2787=ORIENTED_EDGE('',*,*,#3671,.T.);
#2788=ORIENTED_EDGE('',*,*,#4351,.F.);
#2789=ORIENTED_EDGE('',*,*,#4048,.F.);
#2790=ORIENTED_EDGE('',*,*,#4014,.F.);
#2791=ORIENTED_EDGE('',*,*,#3802,.F.);
#2792=ORIENTED_EDGE('',*,*,#4029,.F.);
#2793=ORIENTED_EDGE('',*,*,#4049,.F.);
#2794=ORIENTED_EDGE('',*,*,#4351,.T.);
#2795=ORIENTED_EDGE('',*,*,#3670,.T.);
#2796=ORIENTED_EDGE('',*,*,#3803,.F.);
#2797=ORIENTED_EDGE('',*,*,#4054,.F.);
#2798=ORIENTED_EDGE('',*,*,#4085,.F.);
#2799=ORIENTED_EDGE('',*,*,#4352,.F.);
#2800=ORIENTED_EDGE('',*,*,#3688,.T.);
#2801=ORIENTED_EDGE('',*,*,#3827,.F.);
#2802=ORIENTED_EDGE('',*,*,#3826,.F.);
#2803=ORIENTED_EDGE('',*,*,#3825,.F.);
#2804=ORIENTED_EDGE('',*,*,#3824,.T.);
#2805=ORIENTED_EDGE('',*,*,#3689,.T.);
#2806=ORIENTED_EDGE('',*,*,#4352,.T.);
#2807=ORIENTED_EDGE('',*,*,#4084,.F.);
#2808=ORIENTED_EDGE('',*,*,#4068,.F.);
#2809=ORIENTED_EDGE('',*,*,#3873,.F.);
#2810=ORIENTED_EDGE('',*,*,#3872,.T.);
#2811=ORIENTED_EDGE('',*,*,#3594,.T.);
#2812=ORIENTED_EDGE('',*,*,#4353,.F.);
#2813=ORIENTED_EDGE('',*,*,#4086,.F.);
#2814=ORIENTED_EDGE('',*,*,#4055,.F.);
#2815=ORIENTED_EDGE('',*,*,#3874,.F.);
#2816=ORIENTED_EDGE('',*,*,#4070,.F.);
#2817=ORIENTED_EDGE('',*,*,#4087,.F.);
#2818=ORIENTED_EDGE('',*,*,#4353,.T.);
#2819=ORIENTED_EDGE('',*,*,#3593,.T.);
#2820=ORIENTED_EDGE('',*,*,#3875,.F.);
#2821=ORIENTED_EDGE('',*,*,#4051,.F.);
#2822=ORIENTED_EDGE('',*,*,#4081,.F.);
#2823=ORIENTED_EDGE('',*,*,#4354,.F.);
#2824=ORIENTED_EDGE('',*,*,#3648,.T.);
#2825=ORIENTED_EDGE('',*,*,#3795,.F.);
#2826=ORIENTED_EDGE('',*,*,#3794,.F.);
#2827=ORIENTED_EDGE('',*,*,#3793,.F.);
#2828=ORIENTED_EDGE('',*,*,#3792,.T.);
#2829=ORIENTED_EDGE('',*,*,#3649,.T.);
#2830=ORIENTED_EDGE('',*,*,#4354,.T.);
#2831=ORIENTED_EDGE('',*,*,#4080,.F.);
#2832=ORIENTED_EDGE('',*,*,#4065,.F.);
#2833=ORIENTED_EDGE('',*,*,#3837,.F.);
#2834=ORIENTED_EDGE('',*,*,#3836,.T.);
#2835=ORIENTED_EDGE('',*,*,#3708,.T.);
#2836=ORIENTED_EDGE('',*,*,#4355,.F.);
#2837=ORIENTED_EDGE('',*,*,#4082,.F.);
#2838=ORIENTED_EDGE('',*,*,#4052,.F.);
#2839=ORIENTED_EDGE('',*,*,#3838,.F.);
#2840=ORIENTED_EDGE('',*,*,#4067,.F.);
#2841=ORIENTED_EDGE('',*,*,#4083,.F.);
#2842=ORIENTED_EDGE('',*,*,#4355,.T.);
#2843=ORIENTED_EDGE('',*,*,#3707,.T.);
#2844=ORIENTED_EDGE('',*,*,#3839,.F.);
#2845=ORIENTED_EDGE('',*,*,#4057,.F.);
#2846=ORIENTED_EDGE('',*,*,#4089,.F.);
#2847=ORIENTED_EDGE('',*,*,#4356,.F.);
#2848=ORIENTED_EDGE('',*,*,#3580,.T.);
#2849=ORIENTED_EDGE('',*,*,#3855,.F.);
#2850=ORIENTED_EDGE('',*,*,#3854,.F.);
#2851=ORIENTED_EDGE('',*,*,#3853,.F.);
#2852=ORIENTED_EDGE('',*,*,#3852,.T.);
#2853=ORIENTED_EDGE('',*,*,#3581,.T.);
#2854=ORIENTED_EDGE('',*,*,#4356,.T.);
#2855=ORIENTED_EDGE('',*,*,#4088,.F.);
#2856=ORIENTED_EDGE('',*,*,#4071,.F.);
#2857=ORIENTED_EDGE('',*,*,#3763,.F.);
#2858=ORIENTED_EDGE('',*,*,#3762,.T.);
#2859=ORIENTED_EDGE('',*,*,#3628,.T.);
#2860=ORIENTED_EDGE('',*,*,#4357,.F.);
#2861=ORIENTED_EDGE('',*,*,#4090,.F.);
#2862=ORIENTED_EDGE('',*,*,#4058,.F.);
#2863=ORIENTED_EDGE('',*,*,#3764,.F.);
#2864=ORIENTED_EDGE('',*,*,#4073,.F.);
#2865=ORIENTED_EDGE('',*,*,#4091,.F.);
#2866=ORIENTED_EDGE('',*,*,#4357,.T.);
#2867=ORIENTED_EDGE('',*,*,#3627,.T.);
#2868=ORIENTED_EDGE('',*,*,#3765,.F.);
#2869=ORIENTED_EDGE('',*,*,#4107,.F.);
#2870=ORIENTED_EDGE('',*,*,#4139,.F.);
#2871=ORIENTED_EDGE('',*,*,#4358,.F.);
#2872=ORIENTED_EDGE('',*,*,#3685,.T.);
#2873=ORIENTED_EDGE('',*,*,#3831,.F.);
#2874=ORIENTED_EDGE('',*,*,#3830,.F.);
#2875=ORIENTED_EDGE('',*,*,#3829,.F.);
#2876=ORIENTED_EDGE('',*,*,#3828,.T.);
#2877=ORIENTED_EDGE('',*,*,#3686,.T.);
#2878=ORIENTED_EDGE('',*,*,#4358,.T.);
#2879=ORIENTED_EDGE('',*,*,#4138,.F.);
#2880=ORIENTED_EDGE('',*,*,#4121,.F.);
#2881=ORIENTED_EDGE('',*,*,#3869,.F.);
#2882=ORIENTED_EDGE('',*,*,#3868,.T.);
#2883=ORIENTED_EDGE('',*,*,#3597,.T.);
#2884=ORIENTED_EDGE('',*,*,#4359,.F.);
#2885=ORIENTED_EDGE('',*,*,#4140,.F.);
#2886=ORIENTED_EDGE('',*,*,#4108,.F.);
#2887=ORIENTED_EDGE('',*,*,#3870,.F.);
#2888=ORIENTED_EDGE('',*,*,#4123,.F.);
#2889=ORIENTED_EDGE('',*,*,#4141,.F.);
#2890=ORIENTED_EDGE('',*,*,#4359,.T.);
#2891=ORIENTED_EDGE('',*,*,#3596,.T.);
#2892=ORIENTED_EDGE('',*,*,#3871,.F.);
#2893=ORIENTED_EDGE('',*,*,#4113,.F.);
#2894=ORIENTED_EDGE('',*,*,#4147,.F.);
#2895=ORIENTED_EDGE('',*,*,#4360,.F.);
#2896=ORIENTED_EDGE('',*,*,#3617,.T.);
#2897=ORIENTED_EDGE('',*,*,#3741,.F.);
#2898=ORIENTED_EDGE('',*,*,#3740,.F.);
#2899=ORIENTED_EDGE('',*,*,#3739,.F.);
#2900=ORIENTED_EDGE('',*,*,#3738,.T.);
#2901=ORIENTED_EDGE('',*,*,#3618,.T.);
#2902=ORIENTED_EDGE('',*,*,#4360,.T.);
#2903=ORIENTED_EDGE('',*,*,#4146,.F.);
#2904=ORIENTED_EDGE('',*,*,#4127,.F.);
#2905=ORIENTED_EDGE('',*,*,#3809,.F.);
#2906=ORIENTED_EDGE('',*,*,#3808,.T.);
#2907=ORIENTED_EDGE('',*,*,#3665,.T.);
#2908=ORIENTED_EDGE('',*,*,#4361,.F.);
#2909=ORIENTED_EDGE('',*,*,#4148,.F.);
#2910=ORIENTED_EDGE('',*,*,#4114,.F.);
#2911=ORIENTED_EDGE('',*,*,#3810,.F.);
#2912=ORIENTED_EDGE('',*,*,#4129,.F.);
#2913=ORIENTED_EDGE('',*,*,#4149,.F.);
#2914=ORIENTED_EDGE('',*,*,#4361,.T.);
#2915=ORIENTED_EDGE('',*,*,#3664,.T.);
#2916=ORIENTED_EDGE('',*,*,#3811,.F.);
#2917=ORIENTED_EDGE('',*,*,#4110,.F.);
#2918=ORIENTED_EDGE('',*,*,#4143,.F.);
#2919=ORIENTED_EDGE('',*,*,#4362,.F.);
#2920=ORIENTED_EDGE('',*,*,#3577,.T.);
#2921=ORIENTED_EDGE('',*,*,#3859,.F.);
#2922=ORIENTED_EDGE('',*,*,#3858,.F.);
#2923=ORIENTED_EDGE('',*,*,#3857,.F.);
#2924=ORIENTED_EDGE('',*,*,#3856,.T.);
#2925=ORIENTED_EDGE('',*,*,#3578,.T.);
#2926=ORIENTED_EDGE('',*,*,#4362,.T.);
#2927=ORIENTED_EDGE('',*,*,#4142,.F.);
#2928=ORIENTED_EDGE('',*,*,#4124,.F.);
#2929=ORIENTED_EDGE('',*,*,#3759,.F.);
#2930=ORIENTED_EDGE('',*,*,#3758,.T.);
#2931=ORIENTED_EDGE('',*,*,#3631,.T.);
#2932=ORIENTED_EDGE('',*,*,#4363,.F.);
#2933=ORIENTED_EDGE('',*,*,#4144,.F.);
#2934=ORIENTED_EDGE('',*,*,#4111,.F.);
#2935=ORIENTED_EDGE('',*,*,#3760,.F.);
#2936=ORIENTED_EDGE('',*,*,#4126,.F.);
#2937=ORIENTED_EDGE('',*,*,#4145,.F.);
#2938=ORIENTED_EDGE('',*,*,#4363,.T.);
#2939=ORIENTED_EDGE('',*,*,#3630,.T.);
#2940=ORIENTED_EDGE('',*,*,#3761,.F.);
#2941=ORIENTED_EDGE('',*,*,#4190,.F.);
#2942=ORIENTED_EDGE('',*,*,#4152,.F.);
#2943=ORIENTED_EDGE('',*,*,#4364,.F.);
#2944=ORIENTED_EDGE('',*,*,#3654,.T.);
#2945=ORIENTED_EDGE('',*,*,#3787,.F.);
#2946=ORIENTED_EDGE('',*,*,#3786,.F.);
#2947=ORIENTED_EDGE('',*,*,#3785,.F.);
#2948=ORIENTED_EDGE('',*,*,#3784,.T.);
#2949=ORIENTED_EDGE('',*,*,#3655,.T.);
#2950=ORIENTED_EDGE('',*,*,#4364,.T.);
#2951=ORIENTED_EDGE('',*,*,#4151,.F.);
#2952=ORIENTED_EDGE('',*,*,#4180,.F.);
#2953=ORIENTED_EDGE('',*,*,#3845,.F.);
#2954=ORIENTED_EDGE('',*,*,#3844,.T.);
#2955=ORIENTED_EDGE('',*,*,#3702,.T.);
#2956=ORIENTED_EDGE('',*,*,#4365,.F.);
#2957=ORIENTED_EDGE('',*,*,#4154,.F.);
#2958=ORIENTED_EDGE('',*,*,#4191,.F.);
#2959=ORIENTED_EDGE('',*,*,#3846,.F.);
#2960=ORIENTED_EDGE('',*,*,#4181,.F.);
#2961=ORIENTED_EDGE('',*,*,#4155,.F.);
#2962=ORIENTED_EDGE('',*,*,#4365,.T.);
#2963=ORIENTED_EDGE('',*,*,#3701,.T.);
#2964=ORIENTED_EDGE('',*,*,#3847,.F.);
#2965=ORIENTED_EDGE('',*,*,#4198,.F.);
#2966=ORIENTED_EDGE('',*,*,#4176,.F.);
#2967=ORIENTED_EDGE('',*,*,#4366,.F.);
#2968=ORIENTED_EDGE('',*,*,#3614,.T.);
#2969=ORIENTED_EDGE('',*,*,#3745,.F.);
#2970=ORIENTED_EDGE('',*,*,#3744,.F.);
#2971=ORIENTED_EDGE('',*,*,#3743,.F.);
#2972=ORIENTED_EDGE('',*,*,#3742,.T.);
#2973=ORIENTED_EDGE('',*,*,#3615,.T.);
#2974=ORIENTED_EDGE('',*,*,#4366,.T.);
#2975=ORIENTED_EDGE('',*,*,#4175,.F.);
#2976=ORIENTED_EDGE('',*,*,#4188,.F.);
#2977=ORIENTED_EDGE('',*,*,#3805,.F.);
#2978=ORIENTED_EDGE('',*,*,#3804,.T.);
#2979=ORIENTED_EDGE('',*,*,#3668,.T.);
#2980=ORIENTED_EDGE('',*,*,#4367,.F.);
#2981=ORIENTED_EDGE('',*,*,#4178,.F.);
#2982=ORIENTED_EDGE('',*,*,#4199,.F.);
#2983=ORIENTED_EDGE('',*,*,#3806,.F.);
#2984=ORIENTED_EDGE('',*,*,#4189,.F.);
#2985=ORIENTED_EDGE('',*,*,#4179,.F.);
#2986=ORIENTED_EDGE('',*,*,#4367,.T.);
#2987=ORIENTED_EDGE('',*,*,#3667,.T.);
#2988=ORIENTED_EDGE('',*,*,#3807,.F.);
#2989=ORIENTED_EDGE('',*,*,#4196,.F.);
#2990=ORIENTED_EDGE('',*,*,#4170,.F.);
#2991=ORIENTED_EDGE('',*,*,#4368,.F.);
#2992=ORIENTED_EDGE('',*,*,#3574,.T.);
#2993=ORIENTED_EDGE('',*,*,#3863,.F.);
#2994=ORIENTED_EDGE('',*,*,#3862,.F.);
#2995=ORIENTED_EDGE('',*,*,#3861,.F.);
#2996=ORIENTED_EDGE('',*,*,#3860,.T.);
#2997=ORIENTED_EDGE('',*,*,#3575,.T.);
#2998=ORIENTED_EDGE('',*,*,#4368,.T.);
#2999=ORIENTED_EDGE('',*,*,#4169,.F.);
#3000=ORIENTED_EDGE('',*,*,#4186,.F.);
#3001=ORIENTED_EDGE('',*,*,#3755,.F.);
#3002=ORIENTED_EDGE('',*,*,#3754,.T.);
#3003=ORIENTED_EDGE('',*,*,#3634,.T.);
#3004=ORIENTED_EDGE('',*,*,#4369,.F.);
#3005=ORIENTED_EDGE('',*,*,#4172,.F.);
#3006=ORIENTED_EDGE('',*,*,#4197,.F.);
#3007=ORIENTED_EDGE('',*,*,#3756,.F.);
#3008=ORIENTED_EDGE('',*,*,#4187,.F.);
#3009=ORIENTED_EDGE('',*,*,#4173,.F.);
#3010=ORIENTED_EDGE('',*,*,#4369,.T.);
#3011=ORIENTED_EDGE('',*,*,#3633,.T.);
#3012=ORIENTED_EDGE('',*,*,#3757,.F.);
#3013=ORIENTED_EDGE('',*,*,#4370,.T.);
#3014=ORIENTED_EDGE('',*,*,#4371,.T.);
#3015=ORIENTED_EDGE('',*,*,#4372,.F.);
#3016=ORIENTED_EDGE('',*,*,#4373,.T.);
#3017=ORIENTED_EDGE('',*,*,#4372,.T.);
#3018=ORIENTED_EDGE('',*,*,#4374,.T.);
#3019=ORIENTED_EDGE('',*,*,#4375,.T.);
#3020=ORIENTED_EDGE('',*,*,#4376,.F.);
#3021=ORIENTED_EDGE('',*,*,#4377,.T.);
#3022=ORIENTED_EDGE('',*,*,#4378,.T.);
#3023=ORIENTED_EDGE('',*,*,#4370,.F.);
#3024=ORIENTED_EDGE('',*,*,#4379,.T.);
#3025=ORIENTED_EDGE('',*,*,#4380,.T.);
#3026=ORIENTED_EDGE('',*,*,#4376,.T.);
#3027=ORIENTED_EDGE('',*,*,#4381,.T.);
#3028=ORIENTED_EDGE('',*,*,#4379,.F.);
#3029=ORIENTED_EDGE('',*,*,#4373,.F.);
#3030=ORIENTED_EDGE('',*,*,#4382,.T.);
#3031=ORIENTED_EDGE('',*,*,#4383,.T.);
#3032=ORIENTED_EDGE('',*,*,#4384,.F.);
#3033=ORIENTED_EDGE('',*,*,#4385,.T.);
#3034=ORIENTED_EDGE('',*,*,#4384,.T.);
#3035=ORIENTED_EDGE('',*,*,#4386,.T.);
#3036=ORIENTED_EDGE('',*,*,#4387,.F.);
#3037=ORIENTED_EDGE('',*,*,#4388,.F.);
#3038=ORIENTED_EDGE('',*,*,#4387,.T.);
#3039=ORIENTED_EDGE('',*,*,#4389,.T.);
#3040=ORIENTED_EDGE('',*,*,#4390,.T.);
#3041=ORIENTED_EDGE('',*,*,#4391,.F.);
#3042=ORIENTED_EDGE('',*,*,#4392,.T.);
#3043=ORIENTED_EDGE('',*,*,#4391,.T.);
#3044=ORIENTED_EDGE('',*,*,#4393,.T.);
#3045=ORIENTED_EDGE('',*,*,#4385,.F.);
#3046=ORIENTED_EDGE('',*,*,#4388,.T.);
#3047=ORIENTED_EDGE('',*,*,#4394,.T.);
#3048=ORIENTED_EDGE('',*,*,#4395,.T.);
#3049=ORIENTED_EDGE('',*,*,#4396,.F.);
#3050=ORIENTED_EDGE('',*,*,#4397,.T.);
#3051=ORIENTED_EDGE('',*,*,#4396,.T.);
#3052=ORIENTED_EDGE('',*,*,#4398,.T.);
#3053=ORIENTED_EDGE('',*,*,#4399,.F.);
#3054=ORIENTED_EDGE('',*,*,#4400,.T.);
#3055=ORIENTED_EDGE('',*,*,#4399,.T.);
#3056=ORIENTED_EDGE('',*,*,#4401,.T.);
#3057=ORIENTED_EDGE('',*,*,#4402,.T.);
#3058=ORIENTED_EDGE('',*,*,#4403,.F.);
#3059=ORIENTED_EDGE('',*,*,#4404,.T.);
#3060=ORIENTED_EDGE('',*,*,#4403,.T.);
#3061=ORIENTED_EDGE('',*,*,#4405,.T.);
#3062=ORIENTED_EDGE('',*,*,#4397,.F.);
#3063=ORIENTED_EDGE('',*,*,#4400,.F.);
#3064=ORIENTED_EDGE('',*,*,#4406,.T.);
#3065=ORIENTED_EDGE('',*,*,#4407,.T.);
#3066=ORIENTED_EDGE('',*,*,#4408,.F.);
#3067=ORIENTED_EDGE('',*,*,#4409,.T.);
#3068=ORIENTED_EDGE('',*,*,#4408,.T.);
#3069=ORIENTED_EDGE('',*,*,#4410,.T.);
#3070=ORIENTED_EDGE('',*,*,#4411,.F.);
#3071=ORIENTED_EDGE('',*,*,#4412,.F.);
#3072=ORIENTED_EDGE('',*,*,#4411,.T.);
#3073=ORIENTED_EDGE('',*,*,#4413,.T.);
#3074=ORIENTED_EDGE('',*,*,#4414,.T.);
#3075=ORIENTED_EDGE('',*,*,#4415,.F.);
#3076=ORIENTED_EDGE('',*,*,#4416,.T.);
#3077=ORIENTED_EDGE('',*,*,#4415,.T.);
#3078=ORIENTED_EDGE('',*,*,#4417,.T.);
#3079=ORIENTED_EDGE('',*,*,#4409,.F.);
#3080=ORIENTED_EDGE('',*,*,#4412,.T.);
#3081=ORIENTED_EDGE('',*,*,#4200,.F.);
#3082=ORIENTED_EDGE('',*,*,#3938,.F.);
#3083=ORIENTED_EDGE('',*,*,#4418,.F.);
#3084=ORIENTED_EDGE('',*,*,#3915,.T.);
#3085=ORIENTED_EDGE('',*,*,#4419,.T.);
#3086=ORIENTED_EDGE('',*,*,#4420,.F.);
#3087=ORIENTED_EDGE('',*,*,#3907,.T.);
#3088=ORIENTED_EDGE('',*,*,#3891,.F.);
#3089=ORIENTED_EDGE('',*,*,#4421,.T.);
#3090=ORIENTED_EDGE('',*,*,#4422,.T.);
#3091=ORIENTED_EDGE('',*,*,#3916,.F.);
#3092=ORIENTED_EDGE('',*,*,#4418,.T.);
#3093=ORIENTED_EDGE('',*,*,#4423,.F.);
#3094=ORIENTED_EDGE('',*,*,#3895,.F.);
#3095=ORIENTED_EDGE('',*,*,#3914,.F.);
#3096=ORIENTED_EDGE('',*,*,#4424,.T.);
#3097=ORIENTED_EDGE('',*,*,#4425,.F.);
#3098=ORIENTED_EDGE('',*,*,#4426,.F.);
#3099=ORIENTED_EDGE('',*,*,#4419,.F.);
#3100=ORIENTED_EDGE('',*,*,#4427,.T.);
#3101=ORIENTED_EDGE('',*,*,#4428,.T.);
#3102=ORIENTED_EDGE('',*,*,#4425,.T.);
#3103=ORIENTED_EDGE('',*,*,#4429,.T.);
#3104=ORIENTED_EDGE('',*,*,#3902,.T.);
#3105=ORIENTED_EDGE('',*,*,#4423,.T.);
#3106=ORIENTED_EDGE('',*,*,#4422,.F.);
#3107=ORIENTED_EDGE('',*,*,#3913,.F.);
#3108=ORIENTED_EDGE('',*,*,#3903,.F.);
#3109=ORIENTED_EDGE('',*,*,#4429,.F.);
#3110=ORIENTED_EDGE('',*,*,#4424,.F.);
#3111=ORIENTED_EDGE('',*,*,#3900,.F.);
#3112=ORIENTED_EDGE('',*,*,#3917,.T.);
#3113=ORIENTED_EDGE('',*,*,#3910,.T.);
#3114=ORIENTED_EDGE('',*,*,#3905,.T.);
#3115=ORIENTED_EDGE('',*,*,#3890,.F.);
#3116=ORIENTED_EDGE('',*,*,#3904,.T.);
#3117=ORIENTED_EDGE('',*,*,#4430,.T.);
#3118=ORIENTED_EDGE('',*,*,#4427,.F.);
#3119=ORIENTED_EDGE('',*,*,#4421,.F.);
#3120=ORIENTED_EDGE('',*,*,#4430,.F.);
#3121=ORIENTED_EDGE('',*,*,#3909,.T.);
#3122=ORIENTED_EDGE('',*,*,#4431,.T.);
#3123=ORIENTED_EDGE('',*,*,#4428,.F.);
#3124=ORIENTED_EDGE('',*,*,#3908,.F.);
#3125=ORIENTED_EDGE('',*,*,#4420,.T.);
#3126=ORIENTED_EDGE('',*,*,#4426,.T.);
#3127=ORIENTED_EDGE('',*,*,#4431,.F.);
#3128=ORIENTED_EDGE('',*,*,#3546,.F.);
#3129=ORIENTED_EDGE('',*,*,#3888,.F.);
#3130=ORIENTED_EDGE('',*,*,#4432,.T.);
#3131=ORIENTED_EDGE('',*,*,#4433,.T.);
#3132=ORIENTED_EDGE('',*,*,#3548,.T.);
#3133=ORIENTED_EDGE('',*,*,#4434,.F.);
#3134=ORIENTED_EDGE('',*,*,#4435,.F.);
#3135=ORIENTED_EDGE('',*,*,#3886,.T.);
#3136=ORIENTED_EDGE('',*,*,#4436,.T.);
#3137=ORIENTED_EDGE('',*,*,#4433,.F.);
#3138=ORIENTED_EDGE('',*,*,#4437,.F.);
#3139=ORIENTED_EDGE('',*,*,#4434,.T.);
#3140=ORIENTED_EDGE('',*,*,#4432,.F.);
#3141=ORIENTED_EDGE('',*,*,#3887,.T.);
#3142=ORIENTED_EDGE('',*,*,#4435,.T.);
#3143=ORIENTED_EDGE('',*,*,#4437,.T.);
#3144=ORIENTED_EDGE('',*,*,#4438,.T.);
#3145=ORIENTED_EDGE('',*,*,#4439,.T.);
#3146=ORIENTED_EDGE('',*,*,#4440,.T.);
#3147=ORIENTED_EDGE('',*,*,#4441,.T.);
#3148=ORIENTED_EDGE('',*,*,#4442,.F.);
#3149=ORIENTED_EDGE('',*,*,#4441,.F.);
#3150=ORIENTED_EDGE('',*,*,#4443,.F.);
#3151=ORIENTED_EDGE('',*,*,#3884,.F.);
#3152=ORIENTED_EDGE('',*,*,#4443,.T.);
#3153=ORIENTED_EDGE('',*,*,#4440,.F.);
#3154=ORIENTED_EDGE('',*,*,#4444,.F.);
#3155=ORIENTED_EDGE('',*,*,#3885,.F.);
#3156=ORIENTED_EDGE('',*,*,#4442,.T.);
#3157=ORIENTED_EDGE('',*,*,#3883,.F.);
#3158=ORIENTED_EDGE('',*,*,#4445,.F.);
#3159=ORIENTED_EDGE('',*,*,#4438,.F.);
#3160=ORIENTED_EDGE('',*,*,#4444,.T.);
#3161=ORIENTED_EDGE('',*,*,#4439,.F.);
#3162=ORIENTED_EDGE('',*,*,#4445,.T.);
#3163=ORIENTED_EDGE('',*,*,#3882,.F.);
#3164=ORIENTED_EDGE('',*,*,#3679,.T.);
#3165=ORIENTED_EDGE('',*,*,#4446,.T.);
#3166=ORIENTED_EDGE('',*,*,#3696,.T.);
#3167=ORIENTED_EDGE('',*,*,#4447,.T.);
#3168=ORIENTED_EDGE('',*,*,#3642,.T.);
#3169=ORIENTED_EDGE('',*,*,#4448,.T.);
#3170=ORIENTED_EDGE('',*,*,#3659,.T.);
#3171=ORIENTED_EDGE('',*,*,#4449,.T.);
#3172=ORIENTED_EDGE('',*,*,#3605,.T.);
#3173=ORIENTED_EDGE('',*,*,#4450,.T.);
#3174=ORIENTED_EDGE('',*,*,#3622,.T.);
#3175=ORIENTED_EDGE('',*,*,#4451,.T.);
#3176=ORIENTED_EDGE('',*,*,#3568,.T.);
#3177=ORIENTED_EDGE('',*,*,#4452,.T.);
#3178=ORIENTED_EDGE('',*,*,#3585,.T.);
#3179=ORIENTED_EDGE('',*,*,#4453,.T.);
#3180=ORIENTED_EDGE('',*,*,#4454,.T.);
#3181=ORIENTED_EDGE('',*,*,#4455,.F.);
#3182=ORIENTED_EDGE('',*,*,#3912,.F.);
#3183=ORIENTED_EDGE('',*,*,#4454,.F.);
#3184=ORIENTED_EDGE('',*,*,#4455,.T.);
#3185=ORIENTED_EDGE('',*,*,#3643,.F.);
#3186=ORIENTED_EDGE('',*,*,#4447,.F.);
#3187=ORIENTED_EDGE('',*,*,#3713,.F.);
#3188=ORIENTED_EDGE('',*,*,#3720,.F.);
#3189=ORIENTED_EDGE('',*,*,#3606,.F.);
#3190=ORIENTED_EDGE('',*,*,#4449,.F.);
#3191=ORIENTED_EDGE('',*,*,#3676,.F.);
#3192=ORIENTED_EDGE('',*,*,#3726,.F.);
#3193=ORIENTED_EDGE('',*,*,#3680,.F.);
#3194=ORIENTED_EDGE('',*,*,#4453,.F.);
#3195=ORIENTED_EDGE('',*,*,#3602,.F.);
#3196=ORIENTED_EDGE('',*,*,#3714,.F.);
#3197=ORIENTED_EDGE('',*,*,#3569,.F.);
#3198=ORIENTED_EDGE('',*,*,#4451,.F.);
#3199=ORIENTED_EDGE('',*,*,#3639,.F.);
#3200=ORIENTED_EDGE('',*,*,#3772,.F.);
#3201=ORIENTED_EDGE('',*,*,#4456,.F.);
#3202=ORIENTED_EDGE('',*,*,#4303,.F.);
#3203=ORIENTED_EDGE('',*,*,#4457,.F.);
#3204=ORIENTED_EDGE('',*,*,#3733,.F.);
#3205=ORIENTED_EDGE('',*,*,#3555,.F.);
#3206=ORIENTED_EDGE('',*,*,#4457,.T.);
#3207=ORIENTED_EDGE('',*,*,#4302,.F.);
#3208=ORIENTED_EDGE('',*,*,#4458,.F.);
#3209=ORIENTED_EDGE('',*,*,#3604,.F.);
#3210=ORIENTED_EDGE('',*,*,#4456,.T.);
#3211=ORIENTED_EDGE('',*,*,#3660,.F.);
#3212=ORIENTED_EDGE('',*,*,#4459,.F.);
#3213=ORIENTED_EDGE('',*,*,#4304,.F.);
#3214=ORIENTED_EDGE('',*,*,#4458,.T.);
#3215=ORIENTED_EDGE('',*,*,#4301,.F.);
#3216=ORIENTED_EDGE('',*,*,#4460,.F.);
#3217=ORIENTED_EDGE('',*,*,#4450,.F.);
#3218=ORIENTED_EDGE('',*,*,#4459,.T.);
#3219=ORIENTED_EDGE('',*,*,#4448,.F.);
#3220=ORIENTED_EDGE('',*,*,#4461,.F.);
#3221=ORIENTED_EDGE('',*,*,#4305,.F.);
#3222=ORIENTED_EDGE('',*,*,#4460,.T.);
#3223=ORIENTED_EDGE('',*,*,#4300,.F.);
#3224=ORIENTED_EDGE('',*,*,#4462,.F.);
#3225=ORIENTED_EDGE('',*,*,#3623,.F.);
#3226=ORIENTED_EDGE('',*,*,#4461,.T.);
#3227=ORIENTED_EDGE('',*,*,#3641,.F.);
#3228=ORIENTED_EDGE('',*,*,#4463,.F.);
#3229=ORIENTED_EDGE('',*,*,#4306,.F.);
#3230=ORIENTED_EDGE('',*,*,#4462,.T.);
#3231=ORIENTED_EDGE('',*,*,#4299,.F.);
#3232=ORIENTED_EDGE('',*,*,#4464,.F.);
#3233=ORIENTED_EDGE('',*,*,#3769,.F.);
#3234=ORIENTED_EDGE('',*,*,#3551,.F.);
#3235=ORIENTED_EDGE('',*,*,#3779,.F.);
#3236=ORIENTED_EDGE('',*,*,#3559,.F.);
#3237=ORIENTED_EDGE('',*,*,#4465,.F.);
#3238=ORIENTED_EDGE('',*,*,#4307,.F.);
#3239=ORIENTED_EDGE('',*,*,#4463,.T.);
#3240=ORIENTED_EDGE('',*,*,#4464,.T.);
#3241=ORIENTED_EDGE('',*,*,#4298,.F.);
#3242=ORIENTED_EDGE('',*,*,#4466,.F.);
#3243=ORIENTED_EDGE('',*,*,#3567,.F.);
#3244=ORIENTED_EDGE('',*,*,#4465,.T.);
#3245=ORIENTED_EDGE('',*,*,#3697,.F.);
#3246=ORIENTED_EDGE('',*,*,#4467,.F.);
#3247=ORIENTED_EDGE('',*,*,#4308,.F.);
#3248=ORIENTED_EDGE('',*,*,#4466,.T.);
#3249=ORIENTED_EDGE('',*,*,#4297,.F.);
#3250=ORIENTED_EDGE('',*,*,#4468,.F.);
#3251=ORIENTED_EDGE('',*,*,#4452,.F.);
#3252=ORIENTED_EDGE('',*,*,#4467,.T.);
#3253=ORIENTED_EDGE('',*,*,#4446,.F.);
#3254=ORIENTED_EDGE('',*,*,#4469,.F.);
#3255=ORIENTED_EDGE('',*,*,#4309,.F.);
#3256=ORIENTED_EDGE('',*,*,#4468,.T.);
#3257=ORIENTED_EDGE('',*,*,#4296,.F.);
#3258=ORIENTED_EDGE('',*,*,#4470,.F.);
#3259=ORIENTED_EDGE('',*,*,#3586,.F.);
#3260=ORIENTED_EDGE('',*,*,#4469,.T.);
#3261=ORIENTED_EDGE('',*,*,#3678,.F.);
#3262=ORIENTED_EDGE('',*,*,#4471,.F.);
#3263=ORIENTED_EDGE('',*,*,#4294,.F.);
#3264=ORIENTED_EDGE('',*,*,#4470,.T.);
#3265=ORIENTED_EDGE('',*,*,#4295,.F.);
#3266=ORIENTED_EDGE('',*,*,#4471,.T.);
#3267=ORIENTED_EDGE('',*,*,#3815,.F.);
#3268=ORIENTED_EDGE('',*,*,#3563,.F.);
#3269=ORIENTED_EDGE('',*,*,#4292,.F.);
#3270=ORIENTED_EDGE('',*,*,#3531,.F.);
#3271=ORIENTED_EDGE('',*,*,#4472,.T.);
#3272=ORIENTED_EDGE('',*,*,#4473,.T.);
#3273=ORIENTED_EDGE('',*,*,#4474,.T.);
#3274=ORIENTED_EDGE('',*,*,#4475,.F.);
#3275=ORIENTED_EDGE('',*,*,#4473,.F.);
#3276=ORIENTED_EDGE('',*,*,#4475,.T.);
#3277=ORIENTED_EDGE('',*,*,#3897,.F.);
#3278=ORIENTED_EDGE('',*,*,#4474,.F.);
#3279=ORIENTED_EDGE('',*,*,#4472,.F.);
#3280=ORIENTED_EDGE('',*,*,#3547,.F.);
#3281=ORIENTED_EDGE('',*,*,#4436,.F.);
#3282=ORIENTED_EDGE('',*,*,#4476,.T.);
#3283=ORIENTED_EDGE('',*,*,#3545,.T.);
#3284=ORIENTED_EDGE('',*,*,#4477,.T.);
#3285=ORIENTED_EDGE('',*,*,#4476,.F.);
#3286=ORIENTED_EDGE('',*,*,#3534,.F.);
#3287=ORIENTED_EDGE('',*,*,#3538,.F.);
#3288=ORIENTED_EDGE('',*,*,#3532,.F.);
#3289=ORIENTED_EDGE('',*,*,#3540,.F.);
#3290=ORIENTED_EDGE('',*,*,#3544,.F.);
#3291=ORIENTED_EDGE('',*,*,#3542,.F.);
#3292=ORIENTED_EDGE('',*,*,#4291,.F.);
#3293=ORIENTED_EDGE('',*,*,#4477,.F.);
#3294=ORIENTED_EDGE('',*,*,#4478,.T.);
#3295=ORIENTED_EDGE('',*,*,#4479,.T.);
#3296=ORIENTED_EDGE('',*,*,#4480,.T.);
#3297=ORIENTED_EDGE('',*,*,#4481,.F.);
#3298=ORIENTED_EDGE('',*,*,#4479,.F.);
#3299=ORIENTED_EDGE('',*,*,#4481,.T.);
#3300=ORIENTED_EDGE('',*,*,#4293,.F.);
#3301=ORIENTED_EDGE('',*,*,#4480,.F.);
#3302=ORIENTED_EDGE('',*,*,#4478,.F.);
#3303=ORIENTED_EDGE('',*,*,#3530,.F.);
#3304=ORIENTED_EDGE('',*,*,#4482,.F.);
#3305=ORIENTED_EDGE('',*,*,#4314,.F.);
#3306=ORIENTED_EDGE('',*,*,#4483,.F.);
#3307=ORIENTED_EDGE('',*,*,#3932,.F.);
#3308=ORIENTED_EDGE('',*,*,#4484,.F.);
#3309=ORIENTED_EDGE('',*,*,#4482,.T.);
#3310=ORIENTED_EDGE('',*,*,#4485,.F.);
#3311=ORIENTED_EDGE('',*,*,#4486,.F.);
#3312=ORIENTED_EDGE('',*,*,#4483,.T.);
#3313=ORIENTED_EDGE('',*,*,#4487,.F.);
#3314=ORIENTED_EDGE('',*,*,#4485,.T.);
#3315=ORIENTED_EDGE('',*,*,#3931,.F.);
#3316=ORIENTED_EDGE('',*,*,#4488,.F.);
#3317=ORIENTED_EDGE('',*,*,#4383,.F.);
#3318=ORIENTED_EDGE('',*,*,#4484,.T.);
#3319=ORIENTED_EDGE('',*,*,#4382,.F.);
#3320=ORIENTED_EDGE('',*,*,#4489,.F.);
#3321=ORIENTED_EDGE('',*,*,#4315,.F.);
#3322=ORIENTED_EDGE('',*,*,#4487,.T.);
#3323=ORIENTED_EDGE('',*,*,#4313,.F.);
#3324=ORIENTED_EDGE('',*,*,#4490,.F.);
#3325=ORIENTED_EDGE('',*,*,#4402,.F.);
#3326=ORIENTED_EDGE('',*,*,#4486,.T.);
#3327=ORIENTED_EDGE('',*,*,#4401,.F.);
#3328=ORIENTED_EDGE('',*,*,#4491,.F.);
#3329=ORIENTED_EDGE('',*,*,#3933,.F.);
#3330=ORIENTED_EDGE('',*,*,#4488,.T.);
#3331=ORIENTED_EDGE('',*,*,#3930,.F.);
#3332=ORIENTED_EDGE('',*,*,#4492,.F.);
#3333=ORIENTED_EDGE('',*,*,#4386,.F.);
#3334=ORIENTED_EDGE('',*,*,#4489,.T.);
#3335=ORIENTED_EDGE('',*,*,#4393,.F.);
#3336=ORIENTED_EDGE('',*,*,#4493,.F.);
#3337=ORIENTED_EDGE('',*,*,#4316,.F.);
#3338=ORIENTED_EDGE('',*,*,#4490,.T.);
#3339=ORIENTED_EDGE('',*,*,#4312,.F.);
#3340=ORIENTED_EDGE('',*,*,#4494,.F.);
#3341=ORIENTED_EDGE('',*,*,#4405,.F.);
#3342=ORIENTED_EDGE('',*,*,#4491,.T.);
#3343=ORIENTED_EDGE('',*,*,#4398,.F.);
#3344=ORIENTED_EDGE('',*,*,#4495,.F.);
#3345=ORIENTED_EDGE('',*,*,#3934,.F.);
#3346=ORIENTED_EDGE('',*,*,#4492,.T.);
#3347=ORIENTED_EDGE('',*,*,#3929,.F.);
#3348=ORIENTED_EDGE('',*,*,#4496,.F.);
#3349=ORIENTED_EDGE('',*,*,#4389,.F.);
#3350=ORIENTED_EDGE('',*,*,#4493,.T.);
#3351=ORIENTED_EDGE('',*,*,#4390,.F.);
#3352=ORIENTED_EDGE('',*,*,#4497,.F.);
#3353=ORIENTED_EDGE('',*,*,#4317,.F.);
#3354=ORIENTED_EDGE('',*,*,#4498,.F.);
#3355=ORIENTED_EDGE('',*,*,#4320,.F.);
#3356=ORIENTED_EDGE('',*,*,#4499,.F.);
#3357=ORIENTED_EDGE('',*,*,#3965,.F.);
#3358=ORIENTED_EDGE('',*,*,#4494,.T.);
#3359=ORIENTED_EDGE('',*,*,#4311,.F.);
#3360=ORIENTED_EDGE('',*,*,#4500,.F.);
#3361=ORIENTED_EDGE('',*,*,#4394,.F.);
#3362=ORIENTED_EDGE('',*,*,#4495,.T.);
#3363=ORIENTED_EDGE('',*,*,#4395,.F.);
#3364=ORIENTED_EDGE('',*,*,#4501,.F.);
#3365=ORIENTED_EDGE('',*,*,#3935,.F.);
#3366=ORIENTED_EDGE('',*,*,#4497,.T.);
#3367=ORIENTED_EDGE('',*,*,#4496,.T.);
#3368=ORIENTED_EDGE('',*,*,#4502,.F.);
#3369=ORIENTED_EDGE('',*,*,#4503,.F.);
#3370=ORIENTED_EDGE('',*,*,#4499,.T.);
#3371=ORIENTED_EDGE('',*,*,#4504,.F.);
#3372=ORIENTED_EDGE('',*,*,#4505,.F.);
#3373=ORIENTED_EDGE('',*,*,#4498,.T.);
#3374=ORIENTED_EDGE('',*,*,#4506,.F.);
#3375=ORIENTED_EDGE('',*,*,#4501,.T.);
#3376=ORIENTED_EDGE('',*,*,#4500,.T.);
#3377=ORIENTED_EDGE('',*,*,#4507,.F.);
#3378=ORIENTED_EDGE('',*,*,#4502,.T.);
#3379=ORIENTED_EDGE('',*,*,#3928,.F.);
#3380=ORIENTED_EDGE('',*,*,#4508,.F.);
#3381=ORIENTED_EDGE('',*,*,#4318,.F.);
#3382=ORIENTED_EDGE('',*,*,#4504,.T.);
#3383=ORIENTED_EDGE('',*,*,#4319,.F.);
#3384=ORIENTED_EDGE('',*,*,#4509,.F.);
#3385=ORIENTED_EDGE('',*,*,#4325,.F.);
#3386=ORIENTED_EDGE('',*,*,#4503,.T.);
#3387=ORIENTED_EDGE('',*,*,#4324,.F.);
#3388=ORIENTED_EDGE('',*,*,#4510,.F.);
#3389=ORIENTED_EDGE('',*,*,#3966,.F.);
#3390=ORIENTED_EDGE('',*,*,#4511,.F.);
#3391=ORIENTED_EDGE('',*,*,#3963,.F.);
#3392=ORIENTED_EDGE('',*,*,#4512,.F.);
#3393=ORIENTED_EDGE('',*,*,#3943,.F.);
#3394=ORIENTED_EDGE('',*,*,#4506,.T.);
#3395=ORIENTED_EDGE('',*,*,#3964,.F.);
#3396=ORIENTED_EDGE('',*,*,#4513,.F.);
#3397=ORIENTED_EDGE('',*,*,#4326,.F.);
#3398=ORIENTED_EDGE('',*,*,#4505,.T.);
#3399=ORIENTED_EDGE('',*,*,#4329,.F.);
#3400=ORIENTED_EDGE('',*,*,#4514,.F.);
#3401=ORIENTED_EDGE('',*,*,#4321,.F.);
#3402=ORIENTED_EDGE('',*,*,#4507,.T.);
#3403=ORIENTED_EDGE('',*,*,#4310,.F.);
#3404=ORIENTED_EDGE('',*,*,#4515,.F.);
#3405=ORIENTED_EDGE('',*,*,#3936,.F.);
#3406=ORIENTED_EDGE('',*,*,#4509,.T.);
#3407=ORIENTED_EDGE('',*,*,#4508,.T.);
#3408=ORIENTED_EDGE('',*,*,#4516,.F.);
#3409=ORIENTED_EDGE('',*,*,#4512,.T.);
#3410=ORIENTED_EDGE('',*,*,#4510,.T.);
#3411=ORIENTED_EDGE('',*,*,#4517,.F.);
#3412=ORIENTED_EDGE('',*,*,#4513,.T.);
#3413=ORIENTED_EDGE('',*,*,#4511,.T.);
#3414=ORIENTED_EDGE('',*,*,#4518,.F.);
#3415=ORIENTED_EDGE('',*,*,#4515,.T.);
#3416=ORIENTED_EDGE('',*,*,#4514,.T.);
#3417=ORIENTED_EDGE('',*,*,#4519,.F.);
#3418=ORIENTED_EDGE('',*,*,#4516,.T.);
#3419=ORIENTED_EDGE('',*,*,#3927,.F.);
#3420=ORIENTED_EDGE('',*,*,#4520,.F.);
#3421=ORIENTED_EDGE('',*,*,#4322,.F.);
#3422=ORIENTED_EDGE('',*,*,#4517,.T.);
#3423=ORIENTED_EDGE('',*,*,#4323,.F.);
#3424=ORIENTED_EDGE('',*,*,#4521,.F.);
#3425=ORIENTED_EDGE('',*,*,#3944,.F.);
#3426=ORIENTED_EDGE('',*,*,#4518,.T.);
#3427=ORIENTED_EDGE('',*,*,#3942,.F.);
#3428=ORIENTED_EDGE('',*,*,#4522,.F.);
#3429=ORIENTED_EDGE('',*,*,#4327,.F.);
#3430=ORIENTED_EDGE('',*,*,#4519,.T.);
#3431=ORIENTED_EDGE('',*,*,#4328,.F.);
#3432=ORIENTED_EDGE('',*,*,#4523,.F.);
#3433=ORIENTED_EDGE('',*,*,#3937,.F.);
#3434=ORIENTED_EDGE('',*,*,#4521,.T.);
#3435=ORIENTED_EDGE('',*,*,#4520,.T.);
#3436=ORIENTED_EDGE('',*,*,#4524,.F.);
#3437=ORIENTED_EDGE('',*,*,#4523,.T.);
#3438=ORIENTED_EDGE('',*,*,#4522,.T.);
#3439=ORIENTED_EDGE('',*,*,#4525,.F.);
#3440=ORIENTED_EDGE('',*,*,#4524,.T.);
#3441=ORIENTED_EDGE('',*,*,#3926,.F.);
#3442=ORIENTED_EDGE('',*,*,#4526,.F.);
#3443=ORIENTED_EDGE('',*,*,#3945,.F.);
#3444=ORIENTED_EDGE('',*,*,#4525,.T.);
#3445=ORIENTED_EDGE('',*,*,#3941,.F.);
#3446=ORIENTED_EDGE('',*,*,#4527,.F.);
#3447=ORIENTED_EDGE('',*,*,#3918,.F.);
#3448=ORIENTED_EDGE('',*,*,#4528,.F.);
#3449=ORIENTED_EDGE('',*,*,#4526,.T.);
#3450=ORIENTED_EDGE('',*,*,#4529,.F.);
#3451=ORIENTED_EDGE('',*,*,#4530,.F.);
#3452=ORIENTED_EDGE('',*,*,#4527,.T.);
#3453=ORIENTED_EDGE('',*,*,#4531,.F.);
#3454=ORIENTED_EDGE('',*,*,#4529,.T.);
#3455=ORIENTED_EDGE('',*,*,#3925,.F.);
#3456=ORIENTED_EDGE('',*,*,#4532,.F.);
#3457=ORIENTED_EDGE('',*,*,#4378,.F.);
#3458=ORIENTED_EDGE('',*,*,#4528,.T.);
#3459=ORIENTED_EDGE('',*,*,#4377,.F.);
#3460=ORIENTED_EDGE('',*,*,#4533,.F.);
#3461=ORIENTED_EDGE('',*,*,#3946,.F.);
#3462=ORIENTED_EDGE('',*,*,#4531,.T.);
#3463=ORIENTED_EDGE('',*,*,#3940,.F.);
#3464=ORIENTED_EDGE('',*,*,#4534,.F.);
#3465=ORIENTED_EDGE('',*,*,#4414,.F.);
#3466=ORIENTED_EDGE('',*,*,#4530,.T.);
#3467=ORIENTED_EDGE('',*,*,#4413,.F.);
#3468=ORIENTED_EDGE('',*,*,#4535,.F.);
#3469=ORIENTED_EDGE('',*,*,#3919,.F.);
#3470=ORIENTED_EDGE('',*,*,#4532,.T.);
#3471=ORIENTED_EDGE('',*,*,#3924,.F.);
#3472=ORIENTED_EDGE('',*,*,#4536,.F.);
#3473=ORIENTED_EDGE('',*,*,#4371,.F.);
#3474=ORIENTED_EDGE('',*,*,#4533,.T.);
#3475=ORIENTED_EDGE('',*,*,#4381,.F.);
#3476=ORIENTED_EDGE('',*,*,#4537,.F.);
#3477=ORIENTED_EDGE('',*,*,#3947,.F.);
#3478=ORIENTED_EDGE('',*,*,#4534,.T.);
#3479=ORIENTED_EDGE('',*,*,#3939,.F.);
#3480=ORIENTED_EDGE('',*,*,#4538,.F.);
#3481=ORIENTED_EDGE('',*,*,#4417,.F.);
#3482=ORIENTED_EDGE('',*,*,#4535,.T.);
#3483=ORIENTED_EDGE('',*,*,#4410,.F.);
#3484=ORIENTED_EDGE('',*,*,#4539,.F.);
#3485=ORIENTED_EDGE('',*,*,#3920,.F.);
#3486=ORIENTED_EDGE('',*,*,#4536,.T.);
#3487=ORIENTED_EDGE('',*,*,#3923,.F.);
#3488=ORIENTED_EDGE('',*,*,#4540,.F.);
#3489=ORIENTED_EDGE('',*,*,#4374,.F.);
#3490=ORIENTED_EDGE('',*,*,#4537,.T.);
#3491=ORIENTED_EDGE('',*,*,#4375,.F.);
#3492=ORIENTED_EDGE('',*,*,#4541,.F.);
#3493=ORIENTED_EDGE('',*,*,#3948,.F.);
#3494=ORIENTED_EDGE('',*,*,#4538,.T.);
#3495=ORIENTED_EDGE('',*,*,#3950,.F.);
#3496=ORIENTED_EDGE('',*,*,#4542,.F.);
#3497=ORIENTED_EDGE('',*,*,#4406,.F.);
#3498=ORIENTED_EDGE('',*,*,#4539,.T.);
#3499=ORIENTED_EDGE('',*,*,#4407,.F.);
#3500=ORIENTED_EDGE('',*,*,#4543,.F.);
#3501=ORIENTED_EDGE('',*,*,#3921,.F.);
#3502=ORIENTED_EDGE('',*,*,#4541,.T.);
#3503=ORIENTED_EDGE('',*,*,#4540,.T.);
#3504=ORIENTED_EDGE('',*,*,#4544,.F.);
#3505=ORIENTED_EDGE('',*,*,#4543,.T.);
#3506=ORIENTED_EDGE('',*,*,#4542,.T.);
#3507=ORIENTED_EDGE('',*,*,#4545,.F.);
#3508=ORIENTED_EDGE('',*,*,#4544,.T.);
#3509=ORIENTED_EDGE('',*,*,#3922,.F.);
#3510=ORIENTED_EDGE('',*,*,#4545,.T.);
#3511=ORIENTED_EDGE('',*,*,#3949,.F.);
#3512=ORIENTED_EDGE('',*,*,#3957,.F.);
#3513=ORIENTED_EDGE('',*,*,#4380,.F.);
#3514=ORIENTED_EDGE('',*,*,#4392,.F.);
#3515=ORIENTED_EDGE('',*,*,#3955,.F.);
#3516=ORIENTED_EDGE('',*,*,#3953,.F.);
#3517=ORIENTED_EDGE('',*,*,#4404,.F.);
#3518=ORIENTED_EDGE('',*,*,#4416,.F.);
#3519=ORIENTED_EDGE('',*,*,#3951,.F.);
#3520=ORIENTED_EDGE('',*,*,#3958,.F.);
#3521=ORIENTED_EDGE('',*,*,#3959,.F.);
#3522=ORIENTED_EDGE('',*,*,#3960,.F.);
#3523=ORIENTED_EDGE('',*,*,#3956,.F.);
#3524=ORIENTED_EDGE('',*,*,#3954,.F.);
#3525=ORIENTED_EDGE('',*,*,#3961,.F.);
#3526=ORIENTED_EDGE('',*,*,#3962,.F.);
#3527=ORIENTED_EDGE('',*,*,#3952,.F.);
#3528=ORIENTED_EDGE('',*,*,#3967,.F.);
#3529=ORIENTED_EDGE('',*,*,#4201,.F.);
#3530=EDGE_CURVE('',#4546,#4546,#5235,.F.);
#3531=EDGE_CURVE('',#4547,#4547,#5236,.T.);
#3532=EDGE_CURVE('',#4548,#4548,#5237,.F.);
#3533=EDGE_CURVE('',#4549,#4549,#5238,.F.);
#3534=EDGE_CURVE('',#4550,#4550,#5239,.F.);
#3535=EDGE_CURVE('',#4551,#4551,#5240,.F.);
#3536=EDGE_CURVE('',#4552,#4552,#5241,.T.);
#3537=EDGE_CURVE('',#4553,#4553,#5242,.F.);
#3538=EDGE_CURVE('',#4554,#4554,#5243,.T.);
#3539=EDGE_CURVE('',#4555,#4555,#5244,.T.);
#3540=EDGE_CURVE('',#4556,#4556,#5245,.T.);
#3541=EDGE_CURVE('',#4557,#4557,#5246,.T.);
#3542=EDGE_CURVE('',#4558,#4558,#5247,.T.);
#3543=EDGE_CURVE('',#4559,#4559,#5248,.T.);
#3544=EDGE_CURVE('',#4560,#4560,#5249,.F.);
#3545=EDGE_CURVE('',#4561,#4561,#5250,.F.);
#3546=EDGE_CURVE('',#4562,#4563,#606,.T.);
#3547=EDGE_CURVE('',#4563,#4564,#5251,.F.);
#3548=EDGE_CURVE('',#4565,#4564,#607,.T.);
#3549=EDGE_CURVE('',#4565,#4562,#5252,.T.);
#3550=EDGE_CURVE('',#4566,#4567,#608,.T.);
#3551=EDGE_CURVE('',#4567,#4568,#5253,.T.);
#3552=EDGE_CURVE('',#4568,#4569,#403,.T.);
#3553=EDGE_CURVE('',#4569,#4566,#404,.T.);
#3554=EDGE_CURVE('',#4570,#4571,#609,.T.);
#3555=EDGE_CURVE('',#4571,#4572,#5254,.T.);
#3556=EDGE_CURVE('',#4572,#4573,#405,.T.);
#3557=EDGE_CURVE('',#4573,#4570,#406,.T.);
#3558=EDGE_CURVE('',#4574,#4575,#610,.T.);
#3559=EDGE_CURVE('',#4575,#4576,#5255,.T.);
#3560=EDGE_CURVE('',#4576,#4577,#407,.T.);
#3561=EDGE_CURVE('',#4577,#4574,#408,.T.);
#3562=EDGE_CURVE('',#4578,#4579,#611,.T.);
#3563=EDGE_CURVE('',#4579,#4580,#5256,.T.);
#3564=EDGE_CURVE('',#4580,#4581,#409,.T.);
#3565=EDGE_CURVE('',#4581,#4578,#410,.T.);
#3566=EDGE_CURVE('',#4582,#4583,#612,.F.);
#3567=EDGE_CURVE('',#4582,#4584,#613,.T.);
#3568=EDGE_CURVE('',#4585,#4584,#614,.T.);
#3569=EDGE_CURVE('',#4585,#4586,#256,.T.);
#3570=EDGE_CURVE('',#4587,#4586,#615,.F.);
#3571=EDGE_CURVE('',#4588,#4587,#616,.T.);
#3572=EDGE_CURVE('',#4589,#4588,#617,.T.);
#3573=EDGE_CURVE('',#4590,#4589,#618,.F.);
#3574=EDGE_CURVE('',#4591,#4590,#619,.T.);
#3575=EDGE_CURVE('',#4592,#4591,#620,.T.);
#3576=EDGE_CURVE('',#4593,#4592,#621,.F.);
#3577=EDGE_CURVE('',#4594,#4593,#622,.T.);
#3578=EDGE_CURVE('',#4595,#4594,#623,.T.);
#3579=EDGE_CURVE('',#4596,#4595,#624,.F.);
#3580=EDGE_CURVE('',#4597,#4596,#625,.T.);
#3581=EDGE_CURVE('',#4598,#4597,#626,.T.);
#3582=EDGE_CURVE('',#4599,#4598,#627,.F.);
#3583=EDGE_CURVE('',#4600,#4599,#628,.T.);
#3584=EDGE_CURVE('',#4583,#4600,#629,.T.);
#3585=EDGE_CURVE('',#4601,#4602,#630,.F.);
#3586=EDGE_CURVE('',#4601,#4579,#631,.T.);
#3587=EDGE_CURVE('',#4603,#4578,#632,.T.);
#3588=EDGE_CURVE('',#4604,#4603,#633,.T.);
#3589=EDGE_CURVE('',#4605,#4604,#634,.T.);
#3590=EDGE_CURVE('',#4606,#4605,#635,.T.);
#3591=EDGE_CURVE('',#4607,#4606,#636,.T.);
#3592=EDGE_CURVE('',#4608,#4607,#637,.T.);
#3593=EDGE_CURVE('',#4609,#4608,#638,.T.);
#3594=EDGE_CURVE('',#4610,#4609,#639,.T.);
#3595=EDGE_CURVE('',#4611,#4610,#640,.T.);
#3596=EDGE_CURVE('',#4612,#4611,#641,.T.);
#3597=EDGE_CURVE('',#4613,#4612,#642,.T.);
#3598=EDGE_CURVE('',#4614,#4613,#643,.T.);
#3599=EDGE_CURVE('',#4615,#4614,#644,.T.);
#3600=EDGE_CURVE('',#4616,#4615,#645,.T.);
#3601=EDGE_CURVE('',#4617,#4616,#646,.T.);
#3602=EDGE_CURVE('',#4617,#4602,#257,.T.);
#3603=EDGE_CURVE('',#4618,#4619,#647,.F.);
#3604=EDGE_CURVE('',#4618,#4620,#648,.T.);
#3605=EDGE_CURVE('',#4621,#4620,#649,.T.);
#3606=EDGE_CURVE('',#4621,#4622,#258,.T.);
#3607=EDGE_CURVE('',#4623,#4622,#650,.F.);
#3608=EDGE_CURVE('',#4624,#4623,#651,.T.);
#3609=EDGE_CURVE('',#4625,#4624,#652,.T.);
#3610=EDGE_CURVE('',#4626,#4625,#653,.F.);
#3611=EDGE_CURVE('',#4627,#4626,#654,.T.);
#3612=EDGE_CURVE('',#4628,#4627,#655,.T.);
#3613=EDGE_CURVE('',#4629,#4628,#656,.F.);
#3614=EDGE_CURVE('',#4630,#4629,#657,.T.);
#3615=EDGE_CURVE('',#4631,#4630,#658,.T.);
#3616=EDGE_CURVE('',#4632,#4631,#659,.F.);
#3617=EDGE_CURVE('',#4633,#4632,#660,.T.);
#3618=EDGE_CURVE('',#4634,#4633,#661,.T.);
#3619=EDGE_CURVE('',#4635,#4634,#662,.F.);
#3620=EDGE_CURVE('',#4636,#4635,#663,.T.);
#3621=EDGE_CURVE('',#4619,#4636,#664,.T.);
#3622=EDGE_CURVE('',#4637,#4638,#665,.F.);
#3623=EDGE_CURVE('',#4637,#4567,#666,.T.);
#3624=EDGE_CURVE('',#4639,#4566,#667,.T.);
#3625=EDGE_CURVE('',#4640,#4639,#668,.T.);
#3626=EDGE_CURVE('',#4641,#4640,#669,.T.);
#3627=EDGE_CURVE('',#4642,#4641,#670,.T.);
#3628=EDGE_CURVE('',#4643,#4642,#671,.T.);
#3629=EDGE_CURVE('',#4644,#4643,#672,.T.);
#3630=EDGE_CURVE('',#4645,#4644,#673,.T.);
#3631=EDGE_CURVE('',#4646,#4645,#674,.T.);
#3632=EDGE_CURVE('',#4647,#4646,#675,.T.);
#3633=EDGE_CURVE('',#4648,#4647,#676,.T.);
#3634=EDGE_CURVE('',#4649,#4648,#677,.T.);
#3635=EDGE_CURVE('',#4650,#4649,#678,.T.);
#3636=EDGE_CURVE('',#4651,#4650,#679,.T.);
#3637=EDGE_CURVE('',#4652,#4651,#680,.T.);
#3638=EDGE_CURVE('',#4653,#4652,#681,.T.);
#3639=EDGE_CURVE('',#4653,#4638,#259,.T.);
#3640=EDGE_CURVE('',#4654,#4655,#682,.F.);
#3641=EDGE_CURVE('',#4654,#4656,#683,.T.);
#3642=EDGE_CURVE('',#4657,#4656,#684,.T.);
#3643=EDGE_CURVE('',#4657,#4658,#260,.T.);
#3644=EDGE_CURVE('',#4659,#4658,#685,.F.);
#3645=EDGE_CURVE('',#4660,#4659,#686,.T.);
#3646=EDGE_CURVE('',#4661,#4660,#687,.T.);
#3647=EDGE_CURVE('',#4662,#4661,#688,.F.);
#3648=EDGE_CURVE('',#4663,#4662,#689,.T.);
#3649=EDGE_CURVE('',#4664,#4663,#690,.T.);
#3650=EDGE_CURVE('',#4665,#4664,#691,.F.);
#3651=EDGE_CURVE('',#4666,#4665,#692,.T.);
#3652=EDGE_CURVE('',#4667,#4666,#693,.T.);
#3653=EDGE_CURVE('',#4668,#4667,#694,.F.);
#3654=EDGE_CURVE('',#4669,#4668,#695,.T.);
#3655=EDGE_CURVE('',#4670,#4669,#696,.T.);
#3656=EDGE_CURVE('',#4671,#4670,#697,.F.);
#3657=EDGE_CURVE('',#4672,#4671,#698,.T.);
#3658=EDGE_CURVE('',#4655,#4672,#699,.T.);
#3659=EDGE_CURVE('',#4673,#4674,#700,.F.);
#3660=EDGE_CURVE('',#4673,#4571,#701,.T.);
#3661=EDGE_CURVE('',#4675,#4570,#702,.T.);
#3662=EDGE_CURVE('',#4676,#4675,#703,.T.);
#3663=EDGE_CURVE('',#4677,#4676,#704,.T.);
#3664=EDGE_CURVE('',#4678,#4677,#705,.T.);
#3665=EDGE_CURVE('',#4679,#4678,#706,.T.);
#3666=EDGE_CURVE('',#4680,#4679,#707,.T.);
#3667=EDGE_CURVE('',#4681,#4680,#708,.T.);
#3668=EDGE_CURVE('',#4682,#4681,#709,.T.);
#3669=EDGE_CURVE('',#4683,#4682,#710,.T.);
#3670=EDGE_CURVE('',#4684,#4683,#711,.T.);
#3671=EDGE_CURVE('',#4685,#4684,#712,.T.);
#3672=EDGE_CURVE('',#4686,#4685,#713,.T.);
#3673=EDGE_CURVE('',#4687,#4686,#714,.T.);
#3674=EDGE_CURVE('',#4688,#4687,#715,.T.);
#3675=EDGE_CURVE('',#4689,#4688,#716,.T.);
#3676=EDGE_CURVE('',#4689,#4674,#261,.T.);
#3677=EDGE_CURVE('',#4690,#4691,#717,.F.);
#3678=EDGE_CURVE('',#4690,#4692,#718,.T.);
#3679=EDGE_CURVE('',#4693,#4692,#719,.T.);
#3680=EDGE_CURVE('',#4693,#4694,#262,.T.);
#3681=EDGE_CURVE('',#4695,#4694,#720,.F.);
#3682=EDGE_CURVE('',#4696,#4695,#721,.T.);
#3683=EDGE_CURVE('',#4697,#4696,#722,.T.);
#3684=EDGE_CURVE('',#4698,#4697,#723,.F.);
#3685=EDGE_CURVE('',#4699,#4698,#724,.T.);
#3686=EDGE_CURVE('',#4700,#4699,#725,.T.);
#3687=EDGE_CURVE('',#4701,#4700,#726,.F.);
#3688=EDGE_CURVE('',#4702,#4701,#727,.T.);
#3689=EDGE_CURVE('',#4703,#4702,#728,.T.);
#3690=EDGE_CURVE('',#4704,#4703,#729,.F.);
#3691=EDGE_CURVE('',#4705,#4704,#730,.T.);
#3692=EDGE_CURVE('',#4706,#4705,#731,.T.);
#3693=EDGE_CURVE('',#4707,#4706,#732,.F.);
#3694=EDGE_CURVE('',#4708,#4707,#733,.T.);
#3695=EDGE_CURVE('',#4691,#4708,#734,.T.);
#3696=EDGE_CURVE('',#4709,#4710,#735,.F.);
#3697=EDGE_CURVE('',#4709,#4575,#736,.T.);
#3698=EDGE_CURVE('',#4711,#4574,#737,.T.);
#3699=EDGE_CURVE('',#4712,#4711,#738,.T.);
#3700=EDGE_CURVE('',#4713,#4712,#739,.T.);
#3701=EDGE_CURVE('',#4714,#4713,#740,.T.);
#3702=EDGE_CURVE('',#4715,#4714,#741,.T.);
#3703=EDGE_CURVE('',#4716,#4715,#742,.T.);
#3704=EDGE_CURVE('',#4717,#4716,#743,.T.);
#3705=EDGE_CURVE('',#4718,#4717,#744,.T.);
#3706=EDGE_CURVE('',#4719,#4718,#745,.T.);
#3707=EDGE_CURVE('',#4720,#4719,#746,.T.);
#3708=EDGE_CURVE('',#4721,#4720,#747,.T.);
#3709=EDGE_CURVE('',#4722,#4721,#748,.T.);
#3710=EDGE_CURVE('',#4723,#4722,#749,.T.);
#3711=EDGE_CURVE('',#4724,#4723,#750,.T.);
#3712=EDGE_CURVE('',#4725,#4724,#751,.T.);
#3713=EDGE_CURVE('',#4725,#4710,#263,.T.);
#3714=EDGE_CURVE('',#4694,#4617,#5257,.T.);
#3715=EDGE_CURVE('',#4726,#4616,#264,.T.);
#3716=EDGE_CURVE('',#4726,#4727,#411,.T.);
#3717=EDGE_CURVE('',#4727,#4728,#176,.T.);
#3718=EDGE_CURVE('',#4728,#4729,#412,.T.);
#3719=EDGE_CURVE('',#4729,#4695,#413,.T.);
#3720=EDGE_CURVE('',#4658,#4725,#5258,.T.);
#3721=EDGE_CURVE('',#4730,#4724,#265,.T.);
#3722=EDGE_CURVE('',#4730,#4731,#414,.T.);
#3723=EDGE_CURVE('',#4731,#4732,#177,.T.);
#3724=EDGE_CURVE('',#4732,#4733,#415,.T.);
#3725=EDGE_CURVE('',#4733,#4659,#416,.T.);
#3726=EDGE_CURVE('',#4622,#4689,#5259,.T.);
#3727=EDGE_CURVE('',#4734,#4688,#266,.T.);
#3728=EDGE_CURVE('',#4734,#4735,#417,.T.);
#3729=EDGE_CURVE('',#4735,#4736,#178,.T.);
#3730=EDGE_CURVE('',#4736,#4737,#418,.T.);
#3731=EDGE_CURVE('',#4737,#4623,#419,.T.);
#3732=EDGE_CURVE('',#4572,#4738,#179,.T.);
#3733=EDGE_CURVE('',#4572,#4618,#5260,.T.);
#3734=EDGE_CURVE('',#4739,#4619,#267,.T.);
#3735=EDGE_CURVE('',#4739,#4738,#420,.T.);
#3736=EDGE_CURVE('',#4740,#4741,#421,.T.);
#3737=EDGE_CURVE('',#4741,#4635,#422,.T.);
#3738=EDGE_CURVE('',#4742,#4634,#268,.T.);
#3739=EDGE_CURVE('',#4742,#4740,#423,.T.);
#3740=EDGE_CURVE('',#4743,#4744,#424,.T.);
#3741=EDGE_CURVE('',#4744,#4632,#425,.T.);
#3742=EDGE_CURVE('',#4745,#4631,#269,.T.);
#3743=EDGE_CURVE('',#4745,#4743,#426,.T.);
#3744=EDGE_CURVE('',#4746,#4747,#427,.T.);
#3745=EDGE_CURVE('',#4747,#4629,#428,.T.);
#3746=EDGE_CURVE('',#4748,#4628,#270,.T.);
#3747=EDGE_CURVE('',#4748,#4746,#429,.T.);
#3748=EDGE_CURVE('',#4749,#4750,#430,.T.);
#3749=EDGE_CURVE('',#4750,#4626,#431,.T.);
#3750=EDGE_CURVE('',#4751,#4625,#271,.T.);
#3751=EDGE_CURVE('',#4751,#4749,#432,.T.);
#3752=EDGE_CURVE('',#4752,#4753,#433,.T.);
#3753=EDGE_CURVE('',#4753,#4650,#434,.T.);
#3754=EDGE_CURVE('',#4754,#4649,#272,.T.);
#3755=EDGE_CURVE('',#4754,#4752,#435,.T.);
#3756=EDGE_CURVE('',#4755,#4756,#436,.T.);
#3757=EDGE_CURVE('',#4756,#4647,#437,.T.);
#3758=EDGE_CURVE('',#4757,#4646,#273,.T.);
#3759=EDGE_CURVE('',#4757,#4755,#438,.T.);
#3760=EDGE_CURVE('',#4758,#4759,#439,.T.);
#3761=EDGE_CURVE('',#4759,#4644,#440,.T.);
#3762=EDGE_CURVE('',#4760,#4643,#274,.T.);
#3763=EDGE_CURVE('',#4760,#4758,#441,.T.);
#3764=EDGE_CURVE('',#4761,#4762,#442,.T.);
#3765=EDGE_CURVE('',#4762,#4641,#443,.T.);
#3766=EDGE_CURVE('',#4763,#4640,#275,.T.);
#3767=EDGE_CURVE('',#4763,#4761,#444,.T.);
#3768=EDGE_CURVE('',#4568,#4764,#180,.T.);
#3769=EDGE_CURVE('',#4568,#4582,#5261,.T.);
#3770=EDGE_CURVE('',#4765,#4583,#276,.T.);
#3771=EDGE_CURVE('',#4765,#4764,#445,.T.);
#3772=EDGE_CURVE('',#4586,#4653,#5262,.T.);
#3773=EDGE_CURVE('',#4766,#4652,#277,.T.);
#3774=EDGE_CURVE('',#4766,#4767,#446,.T.);
#3775=EDGE_CURVE('',#4767,#4768,#181,.T.);
#3776=EDGE_CURVE('',#4768,#4769,#447,.T.);
#3777=EDGE_CURVE('',#4769,#4587,#448,.T.);
#3778=EDGE_CURVE('',#4576,#4770,#182,.T.);
#3779=EDGE_CURVE('',#4576,#4654,#5263,.T.);
#3780=EDGE_CURVE('',#4771,#4655,#278,.T.);
#3781=EDGE_CURVE('',#4771,#4770,#449,.T.);
#3782=EDGE_CURVE('',#4772,#4773,#450,.T.);
#3783=EDGE_CURVE('',#4773,#4671,#451,.T.);
#3784=EDGE_CURVE('',#4774,#4670,#279,.T.);
#3785=EDGE_CURVE('',#4774,#4772,#452,.T.);
#3786=EDGE_CURVE('',#4775,#4776,#453,.T.);
#3787=EDGE_CURVE('',#4776,#4668,#454,.T.);
#3788=EDGE_CURVE('',#4777,#4667,#280,.T.);
#3789=EDGE_CURVE('',#4777,#4775,#455,.T.);
#3790=EDGE_CURVE('',#4778,#4779,#456,.T.);
#3791=EDGE_CURVE('',#4779,#4665,#457,.T.);
#3792=EDGE_CURVE('',#4780,#4664,#281,.T.);
#3793=EDGE_CURVE('',#4780,#4778,#458,.T.);
#3794=EDGE_CURVE('',#4781,#4782,#459,.T.);
#3795=EDGE_CURVE('',#4782,#4662,#460,.T.);
#3796=EDGE_CURVE('',#4783,#4661,#282,.T.);
#3797=EDGE_CURVE('',#4783,#4781,#461,.T.);
#3798=EDGE_CURVE('',#4784,#4785,#462,.T.);
#3799=EDGE_CURVE('',#4785,#4686,#463,.T.);
#3800=EDGE_CURVE('',#4786,#4685,#283,.T.);
#3801=EDGE_CURVE('',#4786,#4784,#464,.T.);
#3802=EDGE_CURVE('',#4787,#4788,#465,.T.);
#3803=EDGE_CURVE('',#4788,#4683,#466,.T.);
#3804=EDGE_CURVE('',#4789,#4682,#284,.T.);
#3805=EDGE_CURVE('',#4789,#4787,#467,.T.);
#3806=EDGE_CURVE('',#4790,#4791,#468,.T.);
#3807=EDGE_CURVE('',#4791,#4680,#469,.T.);
#3808=EDGE_CURVE('',#4792,#4679,#285,.T.);
#3809=EDGE_CURVE('',#4792,#4790,#470,.T.);
#3810=EDGE_CURVE('',#4793,#4794,#471,.T.);
#3811=EDGE_CURVE('',#4794,#4677,#472,.T.);
#3812=EDGE_CURVE('',#4795,#4676,#286,.T.);
#3813=EDGE_CURVE('',#4795,#4793,#473,.T.);
#3814=EDGE_CURVE('',#4580,#4796,#183,.T.);
#3815=EDGE_CURVE('',#4580,#4690,#5264,.T.);
#3816=EDGE_CURVE('',#4797,#4691,#287,.T.);
#3817=EDGE_CURVE('',#4797,#4796,#474,.T.);
#3818=EDGE_CURVE('',#4798,#4799,#475,.T.);
#3819=EDGE_CURVE('',#4799,#4707,#476,.T.);
#3820=EDGE_CURVE('',#4800,#4706,#288,.T.);
#3821=EDGE_CURVE('',#4800,#4798,#477,.T.);
#3822=EDGE_CURVE('',#4801,#4802,#478,.T.);
#3823=EDGE_CURVE('',#4802,#4704,#479,.T.);
#3824=EDGE_CURVE('',#4803,#4703,#289,.T.);
#3825=EDGE_CURVE('',#4803,#4801,#480,.T.);
#3826=EDGE_CURVE('',#4804,#4805,#481,.T.);
#3827=EDGE_CURVE('',#4805,#4701,#482,.T.);
#3828=EDGE_CURVE('',#4806,#4700,#290,.T.);
#3829=EDGE_CURVE('',#4806,#4804,#483,.T.);
#3830=EDGE_CURVE('',#4807,#4808,#484,.T.);
#3831=EDGE_CURVE('',#4808,#4698,#485,.T.);
#3832=EDGE_CURVE('',#4809,#4697,#291,.T.);
#3833=EDGE_CURVE('',#4809,#4807,#486,.T.);
#3834=EDGE_CURVE('',#4810,#4811,#487,.T.);
#3835=EDGE_CURVE('',#4811,#4722,#488,.T.);
#3836=EDGE_CURVE('',#4812,#4721,#292,.T.);
#3837=EDGE_CURVE('',#4812,#4810,#489,.T.);
#3838=EDGE_CURVE('',#4813,#4814,#490,.T.);
#3839=EDGE_CURVE('',#4814,#4719,#491,.T.);
#3840=EDGE_CURVE('',#4815,#4718,#293,.T.);
#3841=EDGE_CURVE('',#4815,#4813,#492,.T.);
#3842=EDGE_CURVE('',#4816,#4817,#493,.T.);
#3843=EDGE_CURVE('',#4817,#4716,#494,.T.);
#3844=EDGE_CURVE('',#4818,#4715,#294,.T.);
#3845=EDGE_CURVE('',#4818,#4816,#495,.T.);
#3846=EDGE_CURVE('',#4819,#4820,#496,.T.);
#3847=EDGE_CURVE('',#4820,#4713,#497,.T.);
#3848=EDGE_CURVE('',#4821,#4712,#295,.T.);
#3849=EDGE_CURVE('',#4821,#4819,#498,.T.);
#3850=EDGE_CURVE('',#4822,#4823,#499,.T.);
#3851=EDGE_CURVE('',#4823,#4599,#500,.T.);
#3852=EDGE_CURVE('',#4824,#4598,#296,.T.);
#3853=EDGE_CURVE('',#4824,#4822,#501,.T.);
#3854=EDGE_CURVE('',#4825,#4826,#502,.T.);
#3855=EDGE_CURVE('',#4826,#4596,#503,.T.);
#3856=EDGE_CURVE('',#4827,#4595,#297,.T.);
#3857=EDGE_CURVE('',#4827,#4825,#504,.T.);
#3858=EDGE_CURVE('',#4828,#4829,#505,.T.);
#3859=EDGE_CURVE('',#4829,#4593,#506,.T.);
#3860=EDGE_CURVE('',#4830,#4592,#298,.T.);
#3861=EDGE_CURVE('',#4830,#4828,#507,.T.);
#3862=EDGE_CURVE('',#4831,#4832,#508,.T.);
#3863=EDGE_CURVE('',#4832,#4590,#509,.T.);
#3864=EDGE_CURVE('',#4833,#4589,#299,.T.);
#3865=EDGE_CURVE('',#4833,#4831,#510,.T.);
#3866=EDGE_CURVE('',#4834,#4835,#511,.T.);
#3867=EDGE_CURVE('',#4835,#4614,#512,.T.);
#3868=EDGE_CURVE('',#4836,#4613,#300,.T.);
#3869=EDGE_CURVE('',#4836,#4834,#513,.T.);
#3870=EDGE_CURVE('',#4837,#4838,#514,.T.);
#3871=EDGE_CURVE('',#4838,#4611,#515,.T.);
#3872=EDGE_CURVE('',#4839,#4610,#301,.T.);
#3873=EDGE_CURVE('',#4839,#4837,#516,.T.);
#3874=EDGE_CURVE('',#4840,#4841,#517,.T.);
#3875=EDGE_CURVE('',#4841,#4608,#518,.T.);
#3876=EDGE_CURVE('',#4842,#4607,#302,.T.);
#3877=EDGE_CURVE('',#4842,#4840,#519,.T.);
#3878=EDGE_CURVE('',#4843,#4844,#520,.T.);
#3879=EDGE_CURVE('',#4844,#4605,#521,.T.);
#3880=EDGE_CURVE('',#4845,#4604,#303,.T.);
#3881=EDGE_CURVE('',#4845,#4843,#522,.T.);
#3882=EDGE_CURVE('',#4846,#4847,#752,.F.);
#3883=EDGE_CURVE('',#4847,#4848,#523,.T.);
#3884=EDGE_CURVE('',#4848,#4849,#753,.T.);
#3885=EDGE_CURVE('',#4849,#4846,#524,.F.);
#3886=EDGE_CURVE('',#4850,#4565,#754,.T.);
#3887=EDGE_CURVE('',#4851,#4850,#5265,.T.);
#3888=EDGE_CURVE('',#4851,#4562,#755,.T.);
#3889=EDGE_CURVE('',#4852,#4853,#5266,.T.);
#3890=EDGE_CURVE('',#4852,#4854,#525,.T.);
#3891=EDGE_CURVE('',#4854,#4855,#756,.F.);
#3892=EDGE_CURVE('',#4856,#4855,#5267,.T.);
#3893=EDGE_CURVE('',#4856,#4857,#757,.F.);
#3894=EDGE_CURVE('',#4857,#4858,#5268,.T.);
#3895=EDGE_CURVE('',#4858,#4859,#758,.T.);
#3896=EDGE_CURVE('',#4853,#4859,#759,.T.);
#3897=EDGE_CURVE('',#4860,#4860,#5269,.T.);
#3898=EDGE_CURVE('',#4861,#4861,#5270,.T.);
#3899=EDGE_CURVE('',#4862,#4863,#5271,.T.);
#3900=EDGE_CURVE('',#4863,#4864,#760,.T.);
#3901=EDGE_CURVE('',#4864,#4853,#761,.T.);
#3902=EDGE_CURVE('',#4865,#4859,#762,.T.);
#3903=EDGE_CURVE('',#4865,#4862,#763,.F.);
#3904=EDGE_CURVE('',#4852,#4866,#764,.T.);
#3905=EDGE_CURVE('',#4867,#4864,#5272,.T.);
#3906=EDGE_CURVE('',#4867,#4856,#765,.T.);
#3907=EDGE_CURVE('',#4868,#4855,#766,.T.);
#3908=EDGE_CURVE('',#4868,#4869,#767,.T.);
#3909=EDGE_CURVE('',#4866,#4869,#768,.T.);
#3910=EDGE_CURVE('',#4870,#4867,#769,.T.);
#3911=EDGE_CURVE('',#4857,#4870,#770,.T.);
#3912=EDGE_CURVE('',#4871,#4871,#5273,.T.);
#3913=EDGE_CURVE('',#4862,#4872,#304,.T.);
#3914=EDGE_CURVE('',#4872,#4873,#305,.T.);
#3915=EDGE_CURVE('',#4874,#4873,#771,.F.);
#3916=EDGE_CURVE('',#4874,#4858,#306,.T.);
#3917=EDGE_CURVE('',#4863,#4870,#5274,.T.);
#3918=EDGE_CURVE('',#4875,#4876,#772,.T.);
#3919=EDGE_CURVE('',#4876,#4877,#773,.T.);
#3920=EDGE_CURVE('',#4877,#4878,#5275,.T.);
#3921=EDGE_CURVE('',#4878,#4879,#774,.T.);
#3922=EDGE_CURVE('',#4879,#4880,#775,.T.);
#3923=EDGE_CURVE('',#4880,#4881,#776,.T.);
#3924=EDGE_CURVE('',#4881,#4882,#5276,.T.);
#3925=EDGE_CURVE('',#4882,#4883,#777,.T.);
#3926=EDGE_CURVE('',#4883,#4884,#778,.T.);
#3927=EDGE_CURVE('',#4884,#4885,#779,.T.);
#3928=EDGE_CURVE('',#4885,#4886,#780,.T.);
#3929=EDGE_CURVE('',#4886,#4887,#781,.T.);
#3930=EDGE_CURVE('',#4887,#4888,#5277,.T.);
#3931=EDGE_CURVE('',#4888,#4889,#782,.T.);
#3932=EDGE_CURVE('',#4889,#4890,#783,.T.);
#3933=EDGE_CURVE('',#4890,#4891,#784,.T.);
#3934=EDGE_CURVE('',#4891,#4892,#5278,.T.);
#3935=EDGE_CURVE('',#4892,#4893,#785,.T.);
#3936=EDGE_CURVE('',#4893,#4894,#786,.T.);
#3937=EDGE_CURVE('',#4894,#4875,#787,.T.);
#3938=EDGE_CURVE('',#4895,#4895,#5279,.T.);
#3939=EDGE_CURVE('',#4896,#4897,#788,.T.);
#3940=EDGE_CURVE('',#4897,#4898,#789,.T.);
#3941=EDGE_CURVE('',#4898,#4899,#790,.T.);
#3942=EDGE_CURVE('',#4899,#4900,#791,.T.);
#3943=EDGE_CURVE('',#4900,#4901,#792,.T.);
#3944=EDGE_CURVE('',#4901,#4902,#793,.T.);
#3945=EDGE_CURVE('',#4902,#4903,#794,.T.);
#3946=EDGE_CURVE('',#4903,#4904,#795,.T.);
#3947=EDGE_CURVE('',#4904,#4905,#796,.T.);
#3948=EDGE_CURVE('',#4905,#4906,#797,.T.);
#3949=EDGE_CURVE('',#4906,#4907,#798,.T.);
#3950=EDGE_CURVE('',#4907,#4896,#799,.T.);
#3951=EDGE_CURVE('',#4908,#4908,#5280,.T.);
#3952=EDGE_CURVE('',#4909,#4909,#5281,.T.);
#3953=EDGE_CURVE('',#4910,#4910,#5282,.T.);
#3954=EDGE_CURVE('',#4911,#4911,#5283,.T.);
#3955=EDGE_CURVE('',#4912,#4912,#5284,.T.);
#3956=EDGE_CURVE('',#4913,#4913,#5285,.T.);
#3957=EDGE_CURVE('',#4914,#4914,#5286,.T.);
#3958=EDGE_CURVE('',#4915,#4915,#5287,.T.);
#3959=EDGE_CURVE('',#4916,#4916,#5288,.F.);
#3960=EDGE_CURVE('',#4917,#4917,#5289,.F.);
#3961=EDGE_CURVE('',#4918,#4918,#5290,.F.);
#3962=EDGE_CURVE('',#4919,#4919,#5291,.F.);
#3963=EDGE_CURVE('',#4920,#4921,#800,.T.);
#3964=EDGE_CURVE('',#4921,#4922,#801,.T.);
#3965=EDGE_CURVE('',#4922,#4923,#802,.T.);
#3966=EDGE_CURVE('',#4923,#4920,#803,.T.);
#3967=EDGE_CURVE('',#4924,#4924,#5292,.F.);
#3968=EDGE_CURVE('',#4787,#4746,#184,.T.);
#3969=EDGE_CURVE('',#4787,#4746,#185,.T.);
#3970=EDGE_CURVE('',#4784,#4749,#186,.T.);
#3971=EDGE_CURVE('',#4784,#4749,#187,.T.);
#3972=EDGE_CURVE('',#4793,#4740,#188,.T.);
#3973=EDGE_CURVE('',#4793,#4740,#189,.T.);
#3974=EDGE_CURVE('',#4790,#4743,#190,.T.);
#3975=EDGE_CURVE('',#4790,#4743,#191,.T.);
#3976=EDGE_CURVE('',#4810,#4781,#192,.T.);
#3977=EDGE_CURVE('',#4810,#4781,#193,.T.);
#3978=EDGE_CURVE('',#4813,#4778,#194,.T.);
#3979=EDGE_CURVE('',#4813,#4778,#195,.T.);
#3980=EDGE_CURVE('',#4819,#4772,#196,.T.);
#3981=EDGE_CURVE('',#4819,#4772,#197,.T.);
#3982=EDGE_CURVE('',#4816,#4775,#198,.T.);
#3983=EDGE_CURVE('',#4816,#4775,#199,.T.);
#3984=EDGE_CURVE('',#4837,#4804,#200,.T.);
#3985=EDGE_CURVE('',#4837,#4804,#201,.T.);
#3986=EDGE_CURVE('',#4840,#4801,#202,.T.);
#3987=EDGE_CURVE('',#4840,#4801,#203,.T.);
#3988=EDGE_CURVE('',#4834,#4807,#204,.T.);
#3989=EDGE_CURVE('',#4834,#4807,#205,.T.);
#3990=EDGE_CURVE('',#4843,#4798,#206,.T.);
#3991=EDGE_CURVE('',#4843,#4798,#207,.T.);
#3992=EDGE_CURVE('',#4752,#4831,#208,.T.);
#3993=EDGE_CURVE('',#4752,#4831,#209,.T.);
#3994=EDGE_CURVE('',#4758,#4825,#210,.T.);
#3995=EDGE_CURVE('',#4758,#4825,#211,.T.);
#3996=EDGE_CURVE('',#4761,#4822,#212,.T.);
#3997=EDGE_CURVE('',#4761,#4822,#213,.T.);
#3998=EDGE_CURVE('',#4755,#4828,#214,.T.);
#3999=EDGE_CURVE('',#4755,#4828,#215,.T.);
#4000=EDGE_CURVE('',#4925,#4926,#216,.T.);
#4001=EDGE_CURVE('',#4926,#4778,#307,.F.);
#4002=EDGE_CURVE('',#4813,#4925,#308,.F.);
#4003=EDGE_CURVE('',#4927,#4928,#217,.T.);
#4004=EDGE_CURVE('',#4928,#4801,#309,.F.);
#4005=EDGE_CURVE('',#4840,#4927,#310,.F.);
#4006=EDGE_CURVE('',#4929,#4930,#218,.T.);
#4007=EDGE_CURVE('',#4930,#4822,#311,.F.);
#4008=EDGE_CURVE('',#4761,#4929,#312,.F.);
#4009=EDGE_CURVE('',#4931,#4932,#219,.T.);
#4010=EDGE_CURVE('',#4932,#4768,#313,.F.);
#4011=EDGE_CURVE('',#4767,#4931,#314,.F.);
#4012=EDGE_CURVE('',#4933,#4934,#220,.T.);
#4013=EDGE_CURVE('',#4934,#4749,#315,.F.);
#4014=EDGE_CURVE('',#4784,#4933,#316,.F.);
#4015=EDGE_CURVE('',#4775,#4935,#317,.F.);
#4016=EDGE_CURVE('',#4936,#4935,#221,.T.);
#4017=EDGE_CURVE('',#4936,#4816,#318,.F.);
#4018=EDGE_CURVE('',#4798,#4937,#319,.F.);
#4019=EDGE_CURVE('',#4938,#4937,#222,.T.);
#4020=EDGE_CURVE('',#4938,#4843,#320,.F.);
#4021=EDGE_CURVE('',#4764,#4939,#321,.F.);
#4022=EDGE_CURVE('',#4940,#4939,#223,.T.);
#4023=EDGE_CURVE('',#4940,#4568,#322,.F.);
#4024=EDGE_CURVE('',#4831,#4941,#323,.F.);
#4025=EDGE_CURVE('',#4942,#4941,#224,.T.);
#4026=EDGE_CURVE('',#4942,#4752,#324,.F.);
#4027=EDGE_CURVE('',#4746,#4943,#325,.F.);
#4028=EDGE_CURVE('',#4944,#4943,#225,.T.);
#4029=EDGE_CURVE('',#4944,#4787,#326,.F.);
#4030=EDGE_CURVE('',#4935,#4945,#526,.F.);
#4031=EDGE_CURVE('',#4945,#4926,#527,.F.);
#4032=EDGE_CURVE('',#4925,#4946,#528,.F.);
#4033=EDGE_CURVE('',#4946,#4936,#529,.F.);
#4034=EDGE_CURVE('',#4937,#4947,#530,.F.);
#4035=EDGE_CURVE('',#4947,#4928,#531,.F.);
#4036=EDGE_CURVE('',#4927,#4948,#532,.F.);
#4037=EDGE_CURVE('',#4948,#4938,#533,.F.);
#4038=EDGE_CURVE('',#4939,#4949,#534,.F.);
#4039=EDGE_CURVE('',#4949,#4930,#535,.F.);
#4040=EDGE_CURVE('',#4929,#4950,#536,.F.);
#4041=EDGE_CURVE('',#4950,#4940,#537,.F.);
#4042=EDGE_CURVE('',#4941,#4951,#538,.F.);
#4043=EDGE_CURVE('',#4951,#4932,#539,.F.);
#4044=EDGE_CURVE('',#4931,#4952,#540,.F.);
#4045=EDGE_CURVE('',#4952,#4942,#541,.F.);
#4046=EDGE_CURVE('',#4943,#4953,#542,.F.);
#4047=EDGE_CURVE('',#4953,#4934,#543,.F.);
#4048=EDGE_CURVE('',#4933,#4954,#544,.F.);
#4049=EDGE_CURVE('',#4954,#4944,#545,.F.);
#4050=EDGE_CURVE('',#4955,#4956,#226,.T.);
#4051=EDGE_CURVE('',#4956,#4781,#327,.F.);
#4052=EDGE_CURVE('',#4810,#4955,#328,.F.);
#4053=EDGE_CURVE('',#4957,#4958,#227,.T.);
#4054=EDGE_CURVE('',#4958,#4804,#329,.F.);
#4055=EDGE_CURVE('',#4837,#4957,#330,.F.);
#4056=EDGE_CURVE('',#4959,#4960,#228,.T.);
#4057=EDGE_CURVE('',#4960,#4825,#331,.F.);
#4058=EDGE_CURVE('',#4758,#4959,#332,.F.);
#4059=EDGE_CURVE('',#4961,#4962,#229,.T.);
#4060=EDGE_CURVE('',#4962,#4740,#333,.F.);
#4061=EDGE_CURVE('',#4793,#4961,#334,.F.);
#4062=EDGE_CURVE('',#4963,#4964,#230,.T.);
#4063=EDGE_CURVE('',#4964,#4736,#335,.F.);
#4064=EDGE_CURVE('',#4735,#4963,#336,.F.);
#4065=EDGE_CURVE('',#4778,#4965,#337,.F.);
#4066=EDGE_CURVE('',#4966,#4965,#231,.T.);
#4067=EDGE_CURVE('',#4966,#4813,#338,.F.);
#4068=EDGE_CURVE('',#4801,#4967,#339,.F.);
#4069=EDGE_CURVE('',#4968,#4967,#232,.T.);
#4070=EDGE_CURVE('',#4968,#4840,#340,.F.);
#4071=EDGE_CURVE('',#4822,#4969,#341,.F.);
#4072=EDGE_CURVE('',#4970,#4969,#233,.T.);
#4073=EDGE_CURVE('',#4970,#4761,#342,.F.);
#4074=EDGE_CURVE('',#4738,#4971,#343,.F.);
#4075=EDGE_CURVE('',#4972,#4971,#234,.T.);
#4076=EDGE_CURVE('',#4972,#4572,#344,.F.);
#4077=EDGE_CURVE('',#4749,#4973,#345,.F.);
#4078=EDGE_CURVE('',#4974,#4973,#235,.T.);
#4079=EDGE_CURVE('',#4974,#4784,#346,.F.);
#4080=EDGE_CURVE('',#4965,#4975,#546,.F.);
#4081=EDGE_CURVE('',#4975,#4956,#547,.F.);
#4082=EDGE_CURVE('',#4955,#4976,#548,.F.);
#4083=EDGE_CURVE('',#4976,#4966,#549,.F.);
#4084=EDGE_CURVE('',#4967,#4977,#550,.F.);
#4085=EDGE_CURVE('',#4977,#4958,#551,.F.);
#4086=EDGE_CURVE('',#4957,#4978,#552,.F.);
#4087=EDGE_CURVE('',#4978,#4968,#553,.F.);
#4088=EDGE_CURVE('',#4969,#4979,#554,.F.);
#4089=EDGE_CURVE('',#4979,#4960,#555,.F.);
#4090=EDGE_CURVE('',#4959,#4980,#556,.F.);
#4091=EDGE_CURVE('',#4980,#4970,#557,.F.);
#4092=EDGE_CURVE('',#4971,#4981,#558,.F.);
#4093=EDGE_CURVE('',#4981,#4962,#559,.F.);
#4094=EDGE_CURVE('',#4961,#4982,#560,.F.);
#4095=EDGE_CURVE('',#4982,#4972,#561,.F.);
#4096=EDGE_CURVE('',#4973,#4983,#562,.F.);
#4097=EDGE_CURVE('',#4983,#4964,#563,.F.);
#4098=EDGE_CURVE('',#4963,#4984,#564,.F.);
#4099=EDGE_CURVE('',#4984,#4974,#565,.F.);
#4100=EDGE_CURVE('',#4985,#4986,#236,.T.);
#4101=EDGE_CURVE('',#4986,#4772,#347,.F.);
#4102=EDGE_CURVE('',#4819,#4985,#348,.F.);
#4103=EDGE_CURVE('',#4987,#4988,#237,.T.);
#4104=EDGE_CURVE('',#4988,#4732,#349,.F.);
#4105=EDGE_CURVE('',#4731,#4987,#350,.F.);
#4106=EDGE_CURVE('',#4989,#4990,#238,.T.);
#4107=EDGE_CURVE('',#4990,#4807,#351,.F.);
#4108=EDGE_CURVE('',#4834,#4989,#352,.F.);
#4109=EDGE_CURVE('',#4991,#4992,#239,.T.);
#4110=EDGE_CURVE('',#4992,#4828,#353,.F.);
#4111=EDGE_CURVE('',#4755,#4991,#354,.F.);
#4112=EDGE_CURVE('',#4993,#4994,#240,.T.);
#4113=EDGE_CURVE('',#4994,#4743,#355,.F.);
#4114=EDGE_CURVE('',#4790,#4993,#356,.F.);
#4115=EDGE_CURVE('',#4770,#4995,#357,.F.);
#4116=EDGE_CURVE('',#4996,#4995,#241,.T.);
#4117=EDGE_CURVE('',#4996,#4576,#358,.F.);
#4118=EDGE_CURVE('',#4781,#4997,#359,.F.);
#4119=EDGE_CURVE('',#4998,#4997,#242,.T.);
#4120=EDGE_CURVE('',#4998,#4810,#360,.F.);
#4121=EDGE_CURVE('',#4804,#4999,#361,.F.);
#4122=EDGE_CURVE('',#5000,#4999,#243,.T.);
#4123=EDGE_CURVE('',#5000,#4837,#362,.F.);
#4124=EDGE_CURVE('',#4825,#5001,#363,.F.);
#4125=EDGE_CURVE('',#5002,#5001,#244,.T.);
#4126=EDGE_CURVE('',#5002,#4758,#364,.F.);
#4127=EDGE_CURVE('',#4740,#5003,#365,.F.);
#4128=EDGE_CURVE('',#5004,#5003,#245,.T.);
#4129=EDGE_CURVE('',#5004,#4793,#366,.F.);
#4130=EDGE_CURVE('',#4995,#5005,#566,.F.);
#4131=EDGE_CURVE('',#5005,#4986,#567,.F.);
#4132=EDGE_CURVE('',#4985,#5006,#568,.F.);
#4133=EDGE_CURVE('',#5006,#4996,#569,.F.);
#4134=EDGE_CURVE('',#4997,#5007,#570,.F.);
#4135=EDGE_CURVE('',#5007,#4988,#571,.F.);
#4136=EDGE_CURVE('',#4987,#5008,#572,.F.);
#4137=EDGE_CURVE('',#5008,#4998,#573,.F.);
#4138=EDGE_CURVE('',#4999,#5009,#574,.F.);
#4139=EDGE_CURVE('',#5009,#4990,#575,.F.);
#4140=EDGE_CURVE('',#4989,#5010,#576,.F.);
#4141=EDGE_CURVE('',#5010,#5000,#577,.F.);
#4142=EDGE_CURVE('',#5001,#5011,#578,.F.);
#4143=EDGE_CURVE('',#5011,#4992,#579,.F.);
#4144=EDGE_CURVE('',#4991,#5012,#580,.F.);
#4145=EDGE_CURVE('',#5012,#5002,#581,.F.);
#4146=EDGE_CURVE('',#5003,#5013,#582,.F.);
#4147=EDGE_CURVE('',#5013,#4994,#583,.F.);
#4148=EDGE_CURVE('',#4993,#5014,#584,.F.);
#4149=EDGE_CURVE('',#5014,#5004,#585,.F.);
#4150=EDGE_CURVE('',#5015,#5016,#246,.T.);
#4151=EDGE_CURVE('',#5016,#5017,#586,.F.);
#4152=EDGE_CURVE('',#5017,#5018,#587,.F.);
#4153=EDGE_CURVE('',#5019,#5018,#247,.T.);
#4154=EDGE_CURVE('',#5019,#5020,#588,.F.);
#4155=EDGE_CURVE('',#5020,#5015,#589,.F.);
#4156=EDGE_CURVE('',#5021,#5022,#248,.T.);
#4157=EDGE_CURVE('',#5022,#5023,#590,.F.);
#4158=EDGE_CURVE('',#5023,#5024,#591,.F.);
#4159=EDGE_CURVE('',#5025,#5024,#249,.T.);
#4160=EDGE_CURVE('',#5025,#5026,#592,.F.);
#4161=EDGE_CURVE('',#5026,#5021,#593,.F.);
#4162=EDGE_CURVE('',#5027,#5028,#250,.T.);
#4163=EDGE_CURVE('',#5028,#5029,#594,.F.);
#4164=EDGE_CURVE('',#5029,#5030,#595,.F.);
#4165=EDGE_CURVE('',#5031,#5030,#251,.T.);
#4166=EDGE_CURVE('',#5031,#5032,#596,.F.);
#4167=EDGE_CURVE('',#5032,#5027,#597,.F.);
#4168=EDGE_CURVE('',#5033,#5034,#252,.T.);
#4169=EDGE_CURVE('',#5034,#5035,#598,.F.);
#4170=EDGE_CURVE('',#5035,#5036,#599,.F.);
#4171=EDGE_CURVE('',#5037,#5036,#253,.T.);
#4172=EDGE_CURVE('',#5037,#5038,#600,.F.);
#4173=EDGE_CURVE('',#5038,#5033,#601,.F.);
#4174=EDGE_CURVE('',#5039,#5040,#254,.T.);
#4175=EDGE_CURVE('',#5040,#5041,#602,.F.);
#4176=EDGE_CURVE('',#5041,#5042,#603,.F.);
#4177=EDGE_CURVE('',#5043,#5042,#255,.T.);
#4178=EDGE_CURVE('',#5043,#5044,#604,.F.);
#4179=EDGE_CURVE('',#5044,#5039,#605,.F.);
#4180=EDGE_CURVE('',#4772,#5016,#367,.F.);
#4181=EDGE_CURVE('',#5015,#4819,#368,.F.);
#4182=EDGE_CURVE('',#4796,#5022,#369,.F.);
#4183=EDGE_CURVE('',#5021,#4580,#370,.F.);
#4184=EDGE_CURVE('',#4807,#5028,#371,.F.);
#4185=EDGE_CURVE('',#5027,#4834,#372,.F.);
#4186=EDGE_CURVE('',#4828,#5034,#373,.F.);
#4187=EDGE_CURVE('',#5033,#4755,#374,.F.);
#4188=EDGE_CURVE('',#4743,#5040,#375,.F.);
#4189=EDGE_CURVE('',#5039,#4790,#376,.F.);
#4190=EDGE_CURVE('',#5018,#4775,#377,.F.);
#4191=EDGE_CURVE('',#4816,#5019,#378,.F.);
#4192=EDGE_CURVE('',#5024,#4798,#379,.F.);
#4193=EDGE_CURVE('',#4843,#5025,#380,.F.);
#4194=EDGE_CURVE('',#5030,#4728,#381,.F.);
#4195=EDGE_CURVE('',#4727,#5031,#382,.F.);
#4196=EDGE_CURVE('',#5036,#4831,#383,.F.);
#4197=EDGE_CURVE('',#4752,#5037,#384,.F.);
#4198=EDGE_CURVE('',#5042,#4746,#385,.F.);
#4199=EDGE_CURVE('',#4787,#5043,#386,.F.);
#4200=EDGE_CURVE('',#5045,#5045,#5293,.F.);
#4201=EDGE_CURVE('',#5046,#5046,#5294,.F.);
#4202=EDGE_CURVE('',#5047,#5047,#5295,.T.);
#4203=EDGE_CURVE('',#5048,#5048,#5296,.T.);
#4204=EDGE_CURVE('',#5049,#5049,#5297,.T.);
#4205=EDGE_CURVE('',#5050,#5050,#5298,.T.);
#4206=EDGE_CURVE('',#5051,#5051,#5299,.T.);
#4207=EDGE_CURVE('',#5052,#5052,#5300,.T.);
#4208=EDGE_CURVE('',#5053,#5053,#5301,.T.);
#4209=EDGE_CURVE('',#5054,#5054,#5302,.T.);
#4210=EDGE_CURVE('',#5055,#5055,#5303,.T.);
#4211=EDGE_CURVE('',#5056,#5056,#5304,.T.);
#4212=EDGE_CURVE('',#5057,#5057,#5305,.T.);
#4213=EDGE_CURVE('',#5058,#5058,#5306,.T.);
#4214=EDGE_CURVE('',#5059,#5059,#5307,.T.);
#4215=EDGE_CURVE('',#5060,#5060,#5308,.T.);
#4216=EDGE_CURVE('',#5061,#5061,#5309,.T.);
#4217=EDGE_CURVE('',#5062,#5062,#5310,.T.);
#4218=EDGE_CURVE('',#5063,#5063,#5311,.T.);
#4219=EDGE_CURVE('',#5064,#5064,#5312,.T.);
#4220=EDGE_CURVE('',#5065,#5065,#5313,.T.);
#4221=EDGE_CURVE('',#5066,#5066,#5314,.T.);
#4222=EDGE_CURVE('',#5067,#5067,#5315,.T.);
#4223=EDGE_CURVE('',#5068,#5068,#5316,.T.);
#4224=EDGE_CURVE('',#5069,#5069,#5317,.T.);
#4225=EDGE_CURVE('',#5070,#5070,#5318,.T.);
#4226=EDGE_CURVE('',#5071,#5071,#5319,.T.);
#4227=EDGE_CURVE('',#5072,#5072,#5320,.T.);
#4228=EDGE_CURVE('',#5073,#5073,#5321,.T.);
#4229=EDGE_CURVE('',#5074,#5074,#5322,.T.);
#4230=EDGE_CURVE('',#5075,#5075,#5323,.T.);
#4231=EDGE_CURVE('',#5076,#5076,#5324,.T.);
#4232=EDGE_CURVE('',#5077,#5077,#5325,.T.);
#4233=EDGE_CURVE('',#5078,#5078,#5326,.T.);
#4234=EDGE_CURVE('',#5079,#5079,#5327,.T.);
#4235=EDGE_CURVE('',#5080,#5080,#5328,.T.);
#4236=EDGE_CURVE('',#5081,#5081,#5329,.T.);
#4237=EDGE_CURVE('',#5082,#5082,#5330,.T.);
#4238=EDGE_CURVE('',#5083,#5083,#5331,.T.);
#4239=EDGE_CURVE('',#5084,#5084,#5332,.T.);
#4240=EDGE_CURVE('',#5085,#5085,#5333,.T.);
#4241=EDGE_CURVE('',#5086,#5086,#5334,.T.);
#4242=EDGE_CURVE('',#5087,#5087,#5335,.T.);
#4243=EDGE_CURVE('',#5088,#5088,#5336,.T.);
#4244=EDGE_CURVE('',#5089,#5089,#5337,.T.);
#4245=EDGE_CURVE('',#5090,#5090,#5338,.T.);
#4246=EDGE_CURVE('',#5091,#5091,#5339,.T.);
#4247=EDGE_CURVE('',#5092,#5092,#5340,.T.);
#4248=EDGE_CURVE('',#5093,#5093,#5341,.T.);
#4249=EDGE_CURVE('',#5094,#5094,#5342,.T.);
#4250=EDGE_CURVE('',#5095,#5095,#5343,.T.);
#4251=EDGE_CURVE('',#5096,#5096,#5344,.T.);
#4252=EDGE_CURVE('',#5097,#5097,#5345,.T.);
#4253=EDGE_CURVE('',#5098,#5098,#5346,.T.);
#4254=EDGE_CURVE('',#5099,#5099,#5347,.T.);
#4255=EDGE_CURVE('',#5100,#5100,#5348,.T.);
#4256=EDGE_CURVE('',#5101,#5101,#5349,.T.);
#4257=EDGE_CURVE('',#5102,#5102,#5350,.T.);
#4258=EDGE_CURVE('',#5103,#5103,#5351,.T.);
#4259=EDGE_CURVE('',#5104,#5104,#5352,.T.);
#4260=EDGE_CURVE('',#5105,#5105,#5353,.T.);
#4261=EDGE_CURVE('',#5106,#5106,#5354,.T.);
#4262=EDGE_CURVE('',#5107,#5107,#5355,.T.);
#4263=EDGE_CURVE('',#5108,#5108,#5356,.T.);
#4264=EDGE_CURVE('',#5109,#5109,#5357,.T.);
#4265=EDGE_CURVE('',#5110,#5110,#5358,.T.);
#4266=EDGE_CURVE('',#5111,#5111,#5359,.T.);
#4267=EDGE_CURVE('',#5112,#5112,#5360,.T.);
#4268=EDGE_CURVE('',#5113,#5113,#5361,.T.);
#4269=EDGE_CURVE('',#5114,#5114,#5362,.T.);
#4270=EDGE_CURVE('',#5115,#5115,#5363,.T.);
#4271=EDGE_CURVE('',#5116,#5116,#5364,.T.);
#4272=EDGE_CURVE('',#5117,#5117,#5365,.T.);
#4273=EDGE_CURVE('',#5118,#5118,#5366,.T.);
#4274=EDGE_CURVE('',#5119,#5119,#5367,.T.);
#4275=EDGE_CURVE('',#5120,#5120,#5368,.T.);
#4276=EDGE_CURVE('',#5121,#5121,#5369,.T.);
#4277=EDGE_CURVE('',#5122,#5122,#5370,.T.);
#4278=EDGE_CURVE('',#5123,#5123,#5371,.T.);
#4279=EDGE_CURVE('',#5124,#5124,#5372,.T.);
#4280=EDGE_CURVE('',#5125,#5125,#5373,.T.);
#4281=EDGE_CURVE('',#5126,#5126,#5374,.T.);
#4282=EDGE_CURVE('',#5127,#5127,#5375,.T.);
#4283=EDGE_CURVE('',#5128,#5128,#5376,.T.);
#4284=EDGE_CURVE('',#5129,#5129,#5377,.T.);
#4285=EDGE_CURVE('',#5130,#5130,#5378,.T.);
#4286=EDGE_CURVE('',#5131,#5131,#5379,.T.);
#4287=EDGE_CURVE('',#5132,#5132,#5380,.T.);
#4288=EDGE_CURVE('',#5133,#5133,#5381,.T.);
#4289=EDGE_CURVE('',#5134,#5134,#5382,.T.);
#4290=EDGE_CURVE('',#5135,#5135,#5383,.T.);
#4291=EDGE_CURVE('',#5136,#5136,#5384,.F.);
#4292=EDGE_CURVE('',#5137,#5137,#5385,.F.);
#4293=EDGE_CURVE('',#5138,#5138,#5386,.T.);
#4294=EDGE_CURVE('',#5139,#5140,#804,.T.);
#4295=EDGE_CURVE('',#5140,#5141,#5387,.F.);
#4296=EDGE_CURVE('',#5141,#5142,#805,.T.);
#4297=EDGE_CURVE('',#5142,#5143,#5388,.F.);
#4298=EDGE_CURVE('',#5143,#5144,#806,.T.);
#4299=EDGE_CURVE('',#5144,#5145,#5389,.F.);
#4300=EDGE_CURVE('',#5145,#5146,#807,.T.);
#4301=EDGE_CURVE('',#5146,#5147,#5390,.F.);
#4302=EDGE_CURVE('',#5147,#5148,#808,.T.);
#4303=EDGE_CURVE('',#5148,#5149,#5391,.F.);
#4304=EDGE_CURVE('',#5149,#5150,#809,.T.);
#4305=EDGE_CURVE('',#5150,#5151,#5392,.F.);
#4306=EDGE_CURVE('',#5151,#5152,#810,.T.);
#4307=EDGE_CURVE('',#5152,#5153,#5393,.F.);
#4308=EDGE_CURVE('',#5153,#5154,#811,.T.);
#4309=EDGE_CURVE('',#5154,#5139,#5394,.F.);
#4310=EDGE_CURVE('',#5155,#5156,#812,.T.);
#4311=EDGE_CURVE('',#5156,#5157,#813,.T.);
#4312=EDGE_CURVE('',#5157,#5158,#814,.T.);
#4313=EDGE_CURVE('',#5158,#5159,#815,.T.);
#4314=EDGE_CURVE('',#5159,#5160,#816,.T.);
#4315=EDGE_CURVE('',#5160,#5161,#817,.T.);
#4316=EDGE_CURVE('',#5161,#5162,#818,.T.);
#4317=EDGE_CURVE('',#5162,#5163,#819,.T.);
#4318=EDGE_CURVE('',#5163,#5164,#820,.T.);
#4319=EDGE_CURVE('',#5164,#5165,#821,.T.);
#4320=EDGE_CURVE('',#5165,#5166,#822,.T.);
#4321=EDGE_CURVE('',#5166,#5155,#823,.T.);
#4322=EDGE_CURVE('',#5167,#5168,#824,.T.);
#4323=EDGE_CURVE('',#5168,#5169,#825,.T.);
#4324=EDGE_CURVE('',#5169,#5170,#826,.T.);
#4325=EDGE_CURVE('',#5170,#5167,#827,.T.);
#4326=EDGE_CURVE('',#5171,#5172,#828,.T.);
#4327=EDGE_CURVE('',#5172,#5173,#829,.T.);
#4328=EDGE_CURVE('',#5173,#5174,#830,.T.);
#4329=EDGE_CURVE('',#5174,#5171,#831,.T.);
#4330=EDGE_CURVE('',#4600,#4949,#832,.T.);
#4331=EDGE_CURVE('',#4588,#4951,#833,.T.);
#4332=EDGE_CURVE('',#4950,#4639,#834,.T.);
#4333=EDGE_CURVE('',#4952,#4651,#835,.T.);
#4334=EDGE_CURVE('',#4636,#4981,#836,.T.);
#4335=EDGE_CURVE('',#4624,#4983,#837,.T.);
#4336=EDGE_CURVE('',#4982,#4675,#838,.T.);
#4337=EDGE_CURVE('',#4984,#4687,#839,.T.);
#4338=EDGE_CURVE('',#4672,#5005,#840,.T.);
#4339=EDGE_CURVE('',#4660,#5007,#841,.T.);
#4340=EDGE_CURVE('',#5006,#4711,#842,.T.);
#4341=EDGE_CURVE('',#5008,#4723,#843,.T.);
#4342=EDGE_CURVE('',#4708,#5023,#844,.T.);
#4343=EDGE_CURVE('',#4696,#5029,#845,.T.);
#4344=EDGE_CURVE('',#5026,#4603,#846,.T.);
#4345=EDGE_CURVE('',#5032,#4615,#847,.T.);
#4346=EDGE_CURVE('',#4705,#4947,#848,.T.);
#4347=EDGE_CURVE('',#4948,#4606,#849,.T.);
#4348=EDGE_CURVE('',#4666,#4945,#850,.T.);
#4349=EDGE_CURVE('',#4946,#4717,#851,.T.);
#4350=EDGE_CURVE('',#4627,#4953,#852,.T.);
#4351=EDGE_CURVE('',#4954,#4684,#853,.T.);
#4352=EDGE_CURVE('',#4702,#4977,#854,.T.);
#4353=EDGE_CURVE('',#4978,#4609,#855,.T.);
#4354=EDGE_CURVE('',#4663,#4975,#856,.T.);
#4355=EDGE_CURVE('',#4976,#4720,#857,.T.);
#4356=EDGE_CURVE('',#4597,#4979,#858,.T.);
#4357=EDGE_CURVE('',#4980,#4642,#859,.T.);
#4358=EDGE_CURVE('',#4699,#5009,#860,.T.);
#4359=EDGE_CURVE('',#5010,#4612,#861,.T.);
#4360=EDGE_CURVE('',#4633,#5013,#862,.T.);
#4361=EDGE_CURVE('',#5014,#4678,#863,.T.);
#4362=EDGE_CURVE('',#4594,#5011,#864,.T.);
#4363=EDGE_CURVE('',#5012,#4645,#865,.T.);
#4364=EDGE_CURVE('',#4669,#5017,#866,.T.);
#4365=EDGE_CURVE('',#5020,#4714,#867,.T.);
#4366=EDGE_CURVE('',#4630,#5041,#868,.T.);
#4367=EDGE_CURVE('',#5044,#4681,#869,.T.);
#4368=EDGE_CURVE('',#4591,#5035,#870,.T.);
#4369=EDGE_CURVE('',#5038,#4648,#871,.T.);
#4370=EDGE_CURVE('',#5175,#5176,#872,.T.);
#4371=EDGE_CURVE('',#5176,#5177,#5395,.F.);
#4372=EDGE_CURVE('',#5178,#5177,#873,.T.);
#4373=EDGE_CURVE('',#5178,#5175,#5396,.T.);
#4374=EDGE_CURVE('',#5177,#5179,#874,.T.);
#4375=EDGE_CURVE('',#5179,#5180,#875,.T.);
#4376=EDGE_CURVE('',#5178,#5180,#876,.T.);
#4377=EDGE_CURVE('',#5181,#5182,#877,.T.);
#4378=EDGE_CURVE('',#5182,#5176,#878,.T.);
#4379=EDGE_CURVE('',#5175,#5181,#879,.T.);
#4380=EDGE_CURVE('',#5183,#5183,#5397,.F.);
#4381=EDGE_CURVE('',#5180,#5181,#880,.T.);
#4382=EDGE_CURVE('',#5184,#5185,#881,.T.);
#4383=EDGE_CURVE('',#5185,#5186,#882,.T.);
#4384=EDGE_CURVE('',#5187,#5186,#883,.T.);
#4385=EDGE_CURVE('',#5187,#5184,#884,.T.);
#4386=EDGE_CURVE('',#5186,#5188,#5398,.F.);
#4387=EDGE_CURVE('',#5189,#5188,#885,.T.);
#4388=EDGE_CURVE('',#5187,#5189,#5399,.T.);
#4389=EDGE_CURVE('',#5188,#5190,#886,.T.);
#4390=EDGE_CURVE('',#5190,#5191,#887,.T.);
#4391=EDGE_CURVE('',#5189,#5191,#888,.T.);
#4392=EDGE_CURVE('',#5192,#5192,#5400,.F.);
#4393=EDGE_CURVE('',#5191,#5184,#889,.T.);
#4394=EDGE_CURVE('',#5193,#5194,#890,.T.);
#4395=EDGE_CURVE('',#5194,#5195,#891,.T.);
#4396=EDGE_CURVE('',#5196,#5195,#892,.T.);
#4397=EDGE_CURVE('',#5196,#5193,#893,.T.);
#4398=EDGE_CURVE('',#5195,#5197,#5401,.F.);
#4399=EDGE_CURVE('',#5198,#5197,#894,.T.);
#4400=EDGE_CURVE('',#5198,#5196,#5402,.T.);
#4401=EDGE_CURVE('',#5197,#5199,#895,.T.);
#4402=EDGE_CURVE('',#5199,#5200,#896,.T.);
#4403=EDGE_CURVE('',#5198,#5200,#897,.T.);
#4404=EDGE_CURVE('',#5201,#5201,#5403,.F.);
#4405=EDGE_CURVE('',#5200,#5193,#898,.T.);
#4406=EDGE_CURVE('',#5202,#5203,#899,.T.);
#4407=EDGE_CURVE('',#5203,#5204,#900,.T.);
#4408=EDGE_CURVE('',#5205,#5204,#901,.T.);
#4409=EDGE_CURVE('',#5205,#5202,#902,.T.);
#4410=EDGE_CURVE('',#5204,#5206,#5404,.F.);
#4411=EDGE_CURVE('',#5207,#5206,#903,.T.);
#4412=EDGE_CURVE('',#5205,#5207,#5405,.T.);
#4413=EDGE_CURVE('',#5206,#5208,#904,.T.);
#4414=EDGE_CURVE('',#5208,#5209,#905,.T.);
#4415=EDGE_CURVE('',#5207,#5209,#906,.T.);
#4416=EDGE_CURVE('',#5210,#5210,#5406,.F.);
#4417=EDGE_CURVE('',#5209,#5202,#907,.T.);
#4418=EDGE_CURVE('',#4874,#5211,#908,.T.);
#4419=EDGE_CURVE('',#4873,#5212,#909,.T.);
#4420=EDGE_CURVE('',#4868,#5212,#910,.T.);
#4421=EDGE_CURVE('',#4854,#5213,#911,.T.);
#4422=EDGE_CURVE('',#5213,#5211,#912,.T.);
#4423=EDGE_CURVE('',#4859,#5211,#913,.T.);
#4424=EDGE_CURVE('',#4872,#5214,#914,.T.);
#4425=EDGE_CURVE('',#5215,#5214,#915,.T.);
#4426=EDGE_CURVE('',#5212,#5215,#916,.T.);
#4427=EDGE_CURVE('',#5213,#5216,#917,.T.);
#4428=EDGE_CURVE('',#5216,#5215,#918,.T.);
#4429=EDGE_CURVE('',#5214,#4865,#5407,.T.);
#4430=EDGE_CURVE('',#4866,#5216,#919,.T.);
#4431=EDGE_CURVE('',#4869,#5215,#920,.T.);
#4432=EDGE_CURVE('',#4851,#5217,#921,.T.);
#4433=EDGE_CURVE('',#5217,#4563,#922,.T.);
#4434=EDGE_CURVE('',#5218,#4564,#923,.T.);
#4435=EDGE_CURVE('',#4850,#5218,#924,.T.);
#4436=EDGE_CURVE('',#4564,#4563,#5408,.T.);
#4437=EDGE_CURVE('',#5218,#5217,#5409,.T.);
#4438=EDGE_CURVE('',#5219,#5220,#925,.T.);
#4439=EDGE_CURVE('',#5220,#5221,#926,.T.);
#4440=EDGE_CURVE('',#5221,#5222,#927,.T.);
#4441=EDGE_CURVE('',#5222,#5219,#928,.T.);
#4442=EDGE_CURVE('',#5219,#4848,#929,.T.);
#4443=EDGE_CURVE('',#4849,#5222,#930,.T.);
#4444=EDGE_CURVE('',#4846,#5221,#931,.F.);
#4445=EDGE_CURVE('',#5220,#4847,#932,.T.);
#4446=EDGE_CURVE('',#4692,#4709,#5410,.T.);
#4447=EDGE_CURVE('',#4710,#4657,#5411,.F.);
#4448=EDGE_CURVE('',#4656,#4673,#5412,.T.);
#4449=EDGE_CURVE('',#4674,#4621,#5413,.F.);
#4450=EDGE_CURVE('',#4620,#4637,#5414,.T.);
#4451=EDGE_CURVE('',#4638,#4585,#5415,.F.);
#4452=EDGE_CURVE('',#4584,#4601,#5416,.T.);
#4453=EDGE_CURVE('',#4602,#4693,#5417,.F.);
#4454=EDGE_CURVE('',#5223,#5223,#5418,.T.);
#4455=EDGE_CURVE('',#5224,#5224,#5419,.T.);
#4456=EDGE_CURVE('',#5149,#4571,#387,.F.);
#4457=EDGE_CURVE('',#4618,#5148,#388,.T.);
#4458=EDGE_CURVE('',#4620,#5147,#389,.T.);
#4459=EDGE_CURVE('',#5150,#4673,#390,.F.);
#4460=EDGE_CURVE('',#4637,#5146,#391,.T.);
#4461=EDGE_CURVE('',#5151,#4656,#392,.F.);
#4462=EDGE_CURVE('',#4567,#5145,#393,.T.);
#4463=EDGE_CURVE('',#5152,#4654,#394,.F.);
#4464=EDGE_CURVE('',#4582,#5144,#395,.T.);
#4465=EDGE_CURVE('',#5153,#4575,#396,.F.);
#4466=EDGE_CURVE('',#4584,#5143,#397,.T.);
#4467=EDGE_CURVE('',#5154,#4709,#398,.F.);
#4468=EDGE_CURVE('',#4601,#5142,#399,.T.);
#4469=EDGE_CURVE('',#5139,#4692,#400,.F.);
#4470=EDGE_CURVE('',#4579,#5141,#401,.F.);
#4471=EDGE_CURVE('',#5140,#4690,#402,.F.);
#4472=EDGE_CURVE('',#5225,#5225,#5420,.T.);
#4473=EDGE_CURVE('',#5226,#5226,#5421,.T.);
#4474=EDGE_CURVE('',#5227,#5227,#5422,.F.);
#4475=EDGE_CURVE('',#5228,#5228,#5423,.T.);
#4476=EDGE_CURVE('',#5229,#5229,#5424,.T.);
#4477=EDGE_CURVE('',#5230,#5230,#5425,.T.);
#4478=EDGE_CURVE('',#5231,#5231,#5426,.T.);
#4479=EDGE_CURVE('',#5232,#5232,#5427,.T.);
#4480=EDGE_CURVE('',#5233,#5233,#5428,.F.);
#4481=EDGE_CURVE('',#5234,#5234,#5429,.T.);
#4482=EDGE_CURVE('',#5160,#4889,#933,.F.);
#4483=EDGE_CURVE('',#4890,#5159,#934,.F.);
#4484=EDGE_CURVE('',#5160,#5185,#935,.F.);
#4485=EDGE_CURVE('',#5185,#4889,#936,.F.);
#4486=EDGE_CURVE('',#4890,#5199,#937,.T.);
#4487=EDGE_CURVE('',#5199,#5159,#938,.T.);
#4488=EDGE_CURVE('',#5186,#4888,#939,.T.);
#4489=EDGE_CURVE('',#5161,#5184,#940,.T.);
#4490=EDGE_CURVE('',#5200,#5158,#941,.T.);
#4491=EDGE_CURVE('',#4891,#5197,#942,.T.);
#4492=EDGE_CURVE('',#5188,#4887,#943,.T.);
#4493=EDGE_CURVE('',#5162,#5191,#944,.F.);
#4494=EDGE_CURVE('',#5193,#5157,#945,.F.);
#4495=EDGE_CURVE('',#4892,#5195,#946,.T.);
#4496=EDGE_CURVE('',#5190,#4886,#947,.F.);
#4497=EDGE_CURVE('',#5163,#5190,#948,.F.);
#4498=EDGE_CURVE('',#5166,#4922,#949,.T.);
#4499=EDGE_CURVE('',#4923,#5165,#950,.T.);
#4500=EDGE_CURVE('',#5194,#5156,#951,.T.);
#4501=EDGE_CURVE('',#4893,#5194,#952,.T.);
#4502=EDGE_CURVE('',#5163,#4886,#953,.T.);
#4503=EDGE_CURVE('',#4923,#5170,#954,.T.);
#4504=EDGE_CURVE('',#5170,#5165,#955,.F.);
#4505=EDGE_CURVE('',#5166,#5171,#956,.T.);
#4506=EDGE_CURVE('',#5171,#4922,#957,.F.);
#4507=EDGE_CURVE('',#4893,#5156,#958,.T.);
#4508=EDGE_CURVE('',#5164,#4885,#959,.F.);
#4509=EDGE_CURVE('',#5167,#5164,#960,.T.);
#4510=EDGE_CURVE('',#4920,#5169,#961,.F.);
#4511=EDGE_CURVE('',#4921,#4900,#962,.F.);
#4512=EDGE_CURVE('',#4901,#4920,#963,.F.);
#4513=EDGE_CURVE('',#5172,#4921,#964,.T.);
#4514=EDGE_CURVE('',#5155,#5174,#965,.F.);
#4515=EDGE_CURVE('',#4894,#5155,#966,.F.);
#4516=EDGE_CURVE('',#5167,#4885,#967,.F.);
#4517=EDGE_CURVE('',#4901,#5169,#968,.T.);
#4518=EDGE_CURVE('',#5172,#4900,#969,.F.);
#4519=EDGE_CURVE('',#4894,#5174,#970,.T.);
#4520=EDGE_CURVE('',#5168,#4884,#971,.T.);
#4521=EDGE_CURVE('',#4902,#5168,#972,.F.);
#4522=EDGE_CURVE('',#5173,#4899,#973,.T.);
#4523=EDGE_CURVE('',#4875,#5173,#974,.F.);
#4524=EDGE_CURVE('',#4902,#4884,#975,.F.);
#4525=EDGE_CURVE('',#4875,#4899,#976,.F.);
#4526=EDGE_CURVE('',#4903,#4883,#977,.T.);
#4527=EDGE_CURVE('',#4876,#4898,#978,.T.);
#4528=EDGE_CURVE('',#4903,#5182,#979,.T.);
#4529=EDGE_CURVE('',#5182,#4883,#980,.F.);
#4530=EDGE_CURVE('',#4876,#5208,#981,.T.);
#4531=EDGE_CURVE('',#5208,#4898,#982,.F.);
#4532=EDGE_CURVE('',#5176,#4882,#983,.T.);
#4533=EDGE_CURVE('',#4904,#5181,#984,.F.);
#4534=EDGE_CURVE('',#5209,#4897,#985,.F.);
#4535=EDGE_CURVE('',#4877,#5206,#986,.T.);
#4536=EDGE_CURVE('',#5177,#4881,#987,.T.);
#4537=EDGE_CURVE('',#4905,#5180,#988,.T.);
#4538=EDGE_CURVE('',#5202,#4896,#989,.T.);
#4539=EDGE_CURVE('',#4878,#5204,#990,.T.);
#4540=EDGE_CURVE('',#5179,#4880,#991,.F.);
#4541=EDGE_CURVE('',#4906,#5179,#992,.T.);
#4542=EDGE_CURVE('',#5203,#4907,#993,.F.);
#4543=EDGE_CURVE('',#4879,#5203,#994,.T.);
#4544=EDGE_CURVE('',#4906,#4880,#995,.F.);
#4545=EDGE_CURVE('',#4879,#4907,#996,.F.);
#4546=VERTEX_POINT('',#10226);
#4547=VERTEX_POINT('',#10228);
#4548=VERTEX_POINT('',#10231);
#4549=VERTEX_POINT('',#10233);
#4550=VERTEX_POINT('',#10236);
#4551=VERTEX_POINT('',#10238);
#4552=VERTEX_POINT('',#10241);
#4553=VERTEX_POINT('',#10243);
#4554=VERTEX_POINT('',#10246);
#4555=VERTEX_POINT('',#10248);
#4556=VERTEX_POINT('',#10252);
#4557=VERTEX_POINT('',#10254);
#4558=VERTEX_POINT('',#10258);
#4559=VERTEX_POINT('',#10260);
#4560=VERTEX_POINT('',#10264);
#4561=VERTEX_POINT('',#10266);
#4562=VERTEX_POINT('',#10269);
#4563=VERTEX_POINT('',#10270);
#4564=VERTEX_POINT('',#10272);
#4565=VERTEX_POINT('',#10274);
#4566=VERTEX_POINT('',#10278);
#4567=VERTEX_POINT('',#10279);
#4568=VERTEX_POINT('',#10281);
#4569=VERTEX_POINT('',#10283);
#4570=VERTEX_POINT('',#10287);
#4571=VERTEX_POINT('',#10288);
#4572=VERTEX_POINT('',#10290);
#4573=VERTEX_POINT('',#10292);
#4574=VERTEX_POINT('',#10296);
#4575=VERTEX_POINT('',#10297);
#4576=VERTEX_POINT('',#10299);
#4577=VERTEX_POINT('',#10301);
#4578=VERTEX_POINT('',#10305);
#4579=VERTEX_POINT('',#10306);
#4580=VERTEX_POINT('',#10308);
#4581=VERTEX_POINT('',#10310);
#4582=VERTEX_POINT('',#10314);
#4583=VERTEX_POINT('',#10315);
#4584=VERTEX_POINT('',#10317);
#4585=VERTEX_POINT('',#10319);
#4586=VERTEX_POINT('',#10324);
#4587=VERTEX_POINT('',#10326);
#4588=VERTEX_POINT('',#10328);
#4589=VERTEX_POINT('',#10330);
#4590=VERTEX_POINT('',#10332);
#4591=VERTEX_POINT('',#10334);
#4592=VERTEX_POINT('',#10336);
#4593=VERTEX_POINT('',#10338);
#4594=VERTEX_POINT('',#10340);
#4595=VERTEX_POINT('',#10342);
#4596=VERTEX_POINT('',#10344);
#4597=VERTEX_POINT('',#10346);
#4598=VERTEX_POINT('',#10348);
#4599=VERTEX_POINT('',#10350);
#4600=VERTEX_POINT('',#10352);
#4601=VERTEX_POINT('',#10356);
#4602=VERTEX_POINT('',#10357);
#4603=VERTEX_POINT('',#10360);
#4604=VERTEX_POINT('',#10362);
#4605=VERTEX_POINT('',#10364);
#4606=VERTEX_POINT('',#10366);
#4607=VERTEX_POINT('',#10368);
#4608=VERTEX_POINT('',#10370);
#4609=VERTEX_POINT('',#10372);
#4610=VERTEX_POINT('',#10374);
#4611=VERTEX_POINT('',#10376);
#4612=VERTEX_POINT('',#10378);
#4613=VERTEX_POINT('',#10380);
#4614=VERTEX_POINT('',#10382);
#4615=VERTEX_POINT('',#10384);
#4616=VERTEX_POINT('',#10386);
#4617=VERTEX_POINT('',#10388);
#4618=VERTEX_POINT('',#10395);
#4619=VERTEX_POINT('',#10396);
#4620=VERTEX_POINT('',#10398);
#4621=VERTEX_POINT('',#10400);
#4622=VERTEX_POINT('',#10405);
#4623=VERTEX_POINT('',#10407);
#4624=VERTEX_POINT('',#10409);
#4625=VERTEX_POINT('',#10411);
#4626=VERTEX_POINT('',#10413);
#4627=VERTEX_POINT('',#10415);
#4628=VERTEX_POINT('',#10417);
#4629=VERTEX_POINT('',#10419);
#4630=VERTEX_POINT('',#10421);
#4631=VERTEX_POINT('',#10423);
#4632=VERTEX_POINT('',#10425);
#4633=VERTEX_POINT('',#10427);
#4634=VERTEX_POINT('',#10429);
#4635=VERTEX_POINT('',#10431);
#4636=VERTEX_POINT('',#10433);
#4637=VERTEX_POINT('',#10437);
#4638=VERTEX_POINT('',#10438);
#4639=VERTEX_POINT('',#10441);
#4640=VERTEX_POINT('',#10443);
#4641=VERTEX_POINT('',#10445);
#4642=VERTEX_POINT('',#10447);
#4643=VERTEX_POINT('',#10449);
#4644=VERTEX_POINT('',#10451);
#4645=VERTEX_POINT('',#10453);
#4646=VERTEX_POINT('',#10455);
#4647=VERTEX_POINT('',#10457);
#4648=VERTEX_POINT('',#10459);
#4649=VERTEX_POINT('',#10461);
#4650=VERTEX_POINT('',#10463);
#4651=VERTEX_POINT('',#10465);
#4652=VERTEX_POINT('',#10467);
#4653=VERTEX_POINT('',#10469);
#4654=VERTEX_POINT('',#10476);
#4655=VERTEX_POINT('',#10477);
#4656=VERTEX_POINT('',#10479);
#4657=VERTEX_POINT('',#10481);
#4658=VERTEX_POINT('',#10486);
#4659=VERTEX_POINT('',#10488);
#4660=VERTEX_POINT('',#10490);
#4661=VERTEX_POINT('',#10492);
#4662=VERTEX_POINT('',#10494);
#4663=VERTEX_POINT('',#10496);
#4664=VERTEX_POINT('',#10498);
#4665=VERTEX_POINT('',#10500);
#4666=VERTEX_POINT('',#10502);
#4667=VERTEX_POINT('',#10504);
#4668=VERTEX_POINT('',#10506);
#4669=VERTEX_POINT('',#10508);
#4670=VERTEX_POINT('',#10510);
#4671=VERTEX_POINT('',#10512);
#4672=VERTEX_POINT('',#10514);
#4673=VERTEX_POINT('',#10518);
#4674=VERTEX_POINT('',#10519);
#4675=VERTEX_POINT('',#10522);
#4676=VERTEX_POINT('',#10524);
#4677=VERTEX_POINT('',#10526);
#4678=VERTEX_POINT('',#10528);
#4679=VERTEX_POINT('',#10530);
#4680=VERTEX_POINT('',#10532);
#4681=VERTEX_POINT('',#10534);
#4682=VERTEX_POINT('',#10536);
#4683=VERTEX_POINT('',#10538);
#4684=VERTEX_POINT('',#10540);
#4685=VERTEX_POINT('',#10542);
#4686=VERTEX_POINT('',#10544);
#4687=VERTEX_POINT('',#10546);
#4688=VERTEX_POINT('',#10548);
#4689=VERTEX_POINT('',#10550);
#4690=VERTEX_POINT('',#10557);
#4691=VERTEX_POINT('',#10558);
#4692=VERTEX_POINT('',#10560);
#4693=VERTEX_POINT('',#10562);
#4694=VERTEX_POINT('',#10567);
#4695=VERTEX_POINT('',#10569);
#4696=VERTEX_POINT('',#10571);
#4697=VERTEX_POINT('',#10573);
#4698=VERTEX_POINT('',#10575);
#4699=VERTEX_POINT('',#10577);
#4700=VERTEX_POINT('',#10579);
#4701=VERTEX_POINT('',#10581);
#4702=VERTEX_POINT('',#10583);
#4703=VERTEX_POINT('',#10585);
#4704=VERTEX_POINT('',#10587);
#4705=VERTEX_POINT('',#10589);
#4706=VERTEX_POINT('',#10591);
#4707=VERTEX_POINT('',#10593);
#4708=VERTEX_POINT('',#10595);
#4709=VERTEX_POINT('',#10599);
#4710=VERTEX_POINT('',#10600);
#4711=VERTEX_POINT('',#10603);
#4712=VERTEX_POINT('',#10605);
#4713=VERTEX_POINT('',#10607);
#4714=VERTEX_POINT('',#10609);
#4715=VERTEX_POINT('',#10611);
#4716=VERTEX_POINT('',#10613);
#4717=VERTEX_POINT('',#10615);
#4718=VERTEX_POINT('',#10617);
#4719=VERTEX_POINT('',#10619);
#4720=VERTEX_POINT('',#10621);
#4721=VERTEX_POINT('',#10623);
#4722=VERTEX_POINT('',#10625);
#4723=VERTEX_POINT('',#10627);
#4724=VERTEX_POINT('',#10629);
#4725=VERTEX_POINT('',#10631);
#4726=VERTEX_POINT('',#10642);
#4727=VERTEX_POINT('',#10644);
#4728=VERTEX_POINT('',#10678);
#4729=VERTEX_POINT('',#10680);
#4730=VERTEX_POINT('',#10688);
#4731=VERTEX_POINT('',#10690);
#4732=VERTEX_POINT('',#10724);
#4733=VERTEX_POINT('',#10726);
#4734=VERTEX_POINT('',#10734);
#4735=VERTEX_POINT('',#10736);
#4736=VERTEX_POINT('',#10770);
#4737=VERTEX_POINT('',#10772);
#4738=VERTEX_POINT('',#10808);
#4739=VERTEX_POINT('',#10814);
#4740=VERTEX_POINT('',#10818);
#4741=VERTEX_POINT('',#10819);
#4742=VERTEX_POINT('',#10825);
#4743=VERTEX_POINT('',#10829);
#4744=VERTEX_POINT('',#10830);
#4745=VERTEX_POINT('',#10836);
#4746=VERTEX_POINT('',#10840);
#4747=VERTEX_POINT('',#10841);
#4748=VERTEX_POINT('',#10847);
#4749=VERTEX_POINT('',#10851);
#4750=VERTEX_POINT('',#10852);
#4751=VERTEX_POINT('',#10858);
#4752=VERTEX_POINT('',#10862);
#4753=VERTEX_POINT('',#10863);
#4754=VERTEX_POINT('',#10869);
#4755=VERTEX_POINT('',#10873);
#4756=VERTEX_POINT('',#10874);
#4757=VERTEX_POINT('',#10880);
#4758=VERTEX_POINT('',#10884);
#4759=VERTEX_POINT('',#10885);
#4760=VERTEX_POINT('',#10891);
#4761=VERTEX_POINT('',#10895);
#4762=VERTEX_POINT('',#10896);
#4763=VERTEX_POINT('',#10902);
#4764=VERTEX_POINT('',#10938);
#4765=VERTEX_POINT('',#10944);
#4766=VERTEX_POINT('',#10952);
#4767=VERTEX_POINT('',#10954);
#4768=VERTEX_POINT('',#10988);
#4769=VERTEX_POINT('',#10990);
#4770=VERTEX_POINT('',#11026);
#4771=VERTEX_POINT('',#11032);
#4772=VERTEX_POINT('',#11036);
#4773=VERTEX_POINT('',#11037);
#4774=VERTEX_POINT('',#11043);
#4775=VERTEX_POINT('',#11047);
#4776=VERTEX_POINT('',#11048);
#4777=VERTEX_POINT('',#11054);
#4778=VERTEX_POINT('',#11058);
#4779=VERTEX_POINT('',#11059);
#4780=VERTEX_POINT('',#11065);
#4781=VERTEX_POINT('',#11069);
#4782=VERTEX_POINT('',#11070);
#4783=VERTEX_POINT('',#11076);
#4784=VERTEX_POINT('',#11080);
#4785=VERTEX_POINT('',#11081);
#4786=VERTEX_POINT('',#11087);
#4787=VERTEX_POINT('',#11091);
#4788=VERTEX_POINT('',#11092);
#4789=VERTEX_POINT('',#11098);
#4790=VERTEX_POINT('',#11102);
#4791=VERTEX_POINT('',#11103);
#4792=VERTEX_POINT('',#11109);
#4793=VERTEX_POINT('',#11113);
#4794=VERTEX_POINT('',#11114);
#4795=VERTEX_POINT('',#11120);
#4796=VERTEX_POINT('',#11156);
#4797=VERTEX_POINT('',#11162);
#4798=VERTEX_POINT('',#11166);
#4799=VERTEX_POINT('',#11167);
#4800=VERTEX_POINT('',#11173);
#4801=VERTEX_POINT('',#11177);
#4802=VERTEX_POINT('',#11178);
#4803=VERTEX_POINT('',#11184);
#4804=VERTEX_POINT('',#11188);
#4805=VERTEX_POINT('',#11189);
#4806=VERTEX_POINT('',#11195);
#4807=VERTEX_POINT('',#11199);
#4808=VERTEX_POINT('',#11200);
#4809=VERTEX_POINT('',#11206);
#4810=VERTEX_POINT('',#11210);
#4811=VERTEX_POINT('',#11211);
#4812=VERTEX_POINT('',#11217);
#4813=VERTEX_POINT('',#11221);
#4814=VERTEX_POINT('',#11222);
#4815=VERTEX_POINT('',#11228);
#4816=VERTEX_POINT('',#11232);
#4817=VERTEX_POINT('',#11233);
#4818=VERTEX_POINT('',#11239);
#4819=VERTEX_POINT('',#11243);
#4820=VERTEX_POINT('',#11244);
#4821=VERTEX_POINT('',#11250);
#4822=VERTEX_POINT('',#11254);
#4823=VERTEX_POINT('',#11255);
#4824=VERTEX_POINT('',#11261);
#4825=VERTEX_POINT('',#11265);
#4826=VERTEX_POINT('',#11266);
#4827=VERTEX_POINT('',#11272);
#4828=VERTEX_POINT('',#11276);
#4829=VERTEX_POINT('',#11277);
#4830=VERTEX_POINT('',#11283);
#4831=VERTEX_POINT('',#11287);
#4832=VERTEX_POINT('',#11288);
#4833=VERTEX_POINT('',#11294);
#4834=VERTEX_POINT('',#11298);
#4835=VERTEX_POINT('',#11299);
#4836=VERTEX_POINT('',#11305);
#4837=VERTEX_POINT('',#11309);
#4838=VERTEX_POINT('',#11310);
#4839=VERTEX_POINT('',#11316);
#4840=VERTEX_POINT('',#11320);
#4841=VERTEX_POINT('',#11321);
#4842=VERTEX_POINT('',#11327);
#4843=VERTEX_POINT('',#11331);
#4844=VERTEX_POINT('',#11332);
#4845=VERTEX_POINT('',#11338);
#4846=VERTEX_POINT('',#11342);
#4847=VERTEX_POINT('',#11343);
#4848=VERTEX_POINT('',#11345);
#4849=VERTEX_POINT('',#11347);
#4850=VERTEX_POINT('',#11350);
#4851=VERTEX_POINT('',#11352);
#4852=VERTEX_POINT('',#11355);
#4853=VERTEX_POINT('',#11356);
#4854=VERTEX_POINT('',#11358);
#4855=VERTEX_POINT('',#11360);
#4856=VERTEX_POINT('',#11362);
#4857=VERTEX_POINT('',#11364);
#4858=VERTEX_POINT('',#11366);
#4859=VERTEX_POINT('',#11368);
#4860=VERTEX_POINT('',#11372);
#4861=VERTEX_POINT('',#11374);
#4862=VERTEX_POINT('',#11377);
#4863=VERTEX_POINT('',#11378);
#4864=VERTEX_POINT('',#11380);
#4865=VERTEX_POINT('',#11383);
#4866=VERTEX_POINT('',#11387);
#4867=VERTEX_POINT('',#11389);
#4868=VERTEX_POINT('',#11392);
#4869=VERTEX_POINT('',#11394);
#4870=VERTEX_POINT('',#11398);
#4871=VERTEX_POINT('',#11402);
#4872=VERTEX_POINT('',#11408);
#4873=VERTEX_POINT('',#11413);
#4874=VERTEX_POINT('',#11415);
#4875=VERTEX_POINT('',#11423);
#4876=VERTEX_POINT('',#11424);
#4877=VERTEX_POINT('',#11426);
#4878=VERTEX_POINT('',#11428);
#4879=VERTEX_POINT('',#11430);
#4880=VERTEX_POINT('',#11432);
#4881=VERTEX_POINT('',#11434);
#4882=VERTEX_POINT('',#11436);
#4883=VERTEX_POINT('',#11438);
#4884=VERTEX_POINT('',#11440);
#4885=VERTEX_POINT('',#11442);
#4886=VERTEX_POINT('',#11444);
#4887=VERTEX_POINT('',#11446);
#4888=VERTEX_POINT('',#11448);
#4889=VERTEX_POINT('',#11450);
#4890=VERTEX_POINT('',#11452);
#4891=VERTEX_POINT('',#11454);
#4892=VERTEX_POINT('',#11456);
#4893=VERTEX_POINT('',#11458);
#4894=VERTEX_POINT('',#11460);
#4895=VERTEX_POINT('',#11463);
#4896=VERTEX_POINT('',#11466);
#4897=VERTEX_POINT('',#11467);
#4898=VERTEX_POINT('',#11469);
#4899=VERTEX_POINT('',#11471);
#4900=VERTEX_POINT('',#11473);
#4901=VERTEX_POINT('',#11475);
#4902=VERTEX_POINT('',#11477);
#4903=VERTEX_POINT('',#11479);
#4904=VERTEX_POINT('',#11481);
#4905=VERTEX_POINT('',#11483);
#4906=VERTEX_POINT('',#11485);
#4907=VERTEX_POINT('',#11487);
#4908=VERTEX_POINT('',#11491);
#4909=VERTEX_POINT('',#11493);
#4910=VERTEX_POINT('',#11496);
#4911=VERTEX_POINT('',#11498);
#4912=VERTEX_POINT('',#11501);
#4913=VERTEX_POINT('',#11503);
#4914=VERTEX_POINT('',#11506);
#4915=VERTEX_POINT('',#11508);
#4916=VERTEX_POINT('',#11511);
#4917=VERTEX_POINT('',#11513);
#4918=VERTEX_POINT('',#11515);
#4919=VERTEX_POINT('',#11517);
#4920=VERTEX_POINT('',#11519);
#4921=VERTEX_POINT('',#11520);
#4922=VERTEX_POINT('',#11522);
#4923=VERTEX_POINT('',#11524);
#4924=VERTEX_POINT('',#11527);
#4925=VERTEX_POINT('',#12639);
#4926=VERTEX_POINT('',#12640);
#4927=VERTEX_POINT('',#12688);
#4928=VERTEX_POINT('',#12689);
#4929=VERTEX_POINT('',#12737);
#4930=VERTEX_POINT('',#12738);
#4931=VERTEX_POINT('',#12786);
#4932=VERTEX_POINT('',#12787);
#4933=VERTEX_POINT('',#12835);
#4934=VERTEX_POINT('',#12836);
#4935=VERTEX_POINT('',#12855);
#4936=VERTEX_POINT('',#12889);
#4937=VERTEX_POINT('',#12904);
#4938=VERTEX_POINT('',#12938);
#4939=VERTEX_POINT('',#12953);
#4940=VERTEX_POINT('',#12987);
#4941=VERTEX_POINT('',#13002);
#4942=VERTEX_POINT('',#13036);
#4943=VERTEX_POINT('',#13051);
#4944=VERTEX_POINT('',#13085);
#4945=VERTEX_POINT('',#13092);
#4946=VERTEX_POINT('',#13095);
#4947=VERTEX_POINT('',#13099);
#4948=VERTEX_POINT('',#13102);
#4949=VERTEX_POINT('',#13106);
#4950=VERTEX_POINT('',#13109);
#4951=VERTEX_POINT('',#13113);
#4952=VERTEX_POINT('',#13116);
#4953=VERTEX_POINT('',#13120);
#4954=VERTEX_POINT('',#13123);
#4955=VERTEX_POINT('',#13164);
#4956=VERTEX_POINT('',#13165);
#4957=VERTEX_POINT('',#13213);
#4958=VERTEX_POINT('',#13214);
#4959=VERTEX_POINT('',#13262);
#4960=VERTEX_POINT('',#13263);
#4961=VERTEX_POINT('',#13311);
#4962=VERTEX_POINT('',#13312);
#4963=VERTEX_POINT('',#13360);
#4964=VERTEX_POINT('',#13361);
#4965=VERTEX_POINT('',#13380);
#4966=VERTEX_POINT('',#13414);
#4967=VERTEX_POINT('',#13429);
#4968=VERTEX_POINT('',#13463);
#4969=VERTEX_POINT('',#13478);
#4970=VERTEX_POINT('',#13512);
#4971=VERTEX_POINT('',#13527);
#4972=VERTEX_POINT('',#13561);
#4973=VERTEX_POINT('',#13576);
#4974=VERTEX_POINT('',#13610);
#4975=VERTEX_POINT('',#13617);
#4976=VERTEX_POINT('',#13620);
#4977=VERTEX_POINT('',#13624);
#4978=VERTEX_POINT('',#13627);
#4979=VERTEX_POINT('',#13631);
#4980=VERTEX_POINT('',#13634);
#4981=VERTEX_POINT('',#13638);
#4982=VERTEX_POINT('',#13641);
#4983=VERTEX_POINT('',#13645);
#4984=VERTEX_POINT('',#13648);
#4985=VERTEX_POINT('',#13689);
#4986=VERTEX_POINT('',#13690);
#4987=VERTEX_POINT('',#13738);
#4988=VERTEX_POINT('',#13739);
#4989=VERTEX_POINT('',#13787);
#4990=VERTEX_POINT('',#13788);
#4991=VERTEX_POINT('',#13836);
#4992=VERTEX_POINT('',#13837);
#4993=VERTEX_POINT('',#13885);
#4994=VERTEX_POINT('',#13886);
#4995=VERTEX_POINT('',#13905);
#4996=VERTEX_POINT('',#13939);
#4997=VERTEX_POINT('',#13954);
#4998=VERTEX_POINT('',#13988);
#4999=VERTEX_POINT('',#14003);
#5000=VERTEX_POINT('',#14037);
#5001=VERTEX_POINT('',#14052);
#5002=VERTEX_POINT('',#14086);
#5003=VERTEX_POINT('',#14101);
#5004=VERTEX_POINT('',#14135);
#5005=VERTEX_POINT('',#14142);
#5006=VERTEX_POINT('',#14145);
#5007=VERTEX_POINT('',#14149);
#5008=VERTEX_POINT('',#14152);
#5009=VERTEX_POINT('',#14156);
#5010=VERTEX_POINT('',#14159);
#5011=VERTEX_POINT('',#14163);
#5012=VERTEX_POINT('',#14166);
#5013=VERTEX_POINT('',#14170);
#5014=VERTEX_POINT('',#14173);
#5015=VERTEX_POINT('',#14209);
#5016=VERTEX_POINT('',#14210);
#5017=VERTEX_POINT('',#14212);
#5018=VERTEX_POINT('',#14214);
#5019=VERTEX_POINT('',#14248);
#5020=VERTEX_POINT('',#14250);
#5021=VERTEX_POINT('',#14286);
#5022=VERTEX_POINT('',#14287);
#5023=VERTEX_POINT('',#14289);
#5024=VERTEX_POINT('',#14291);
#5025=VERTEX_POINT('',#14325);
#5026=VERTEX_POINT('',#14327);
#5027=VERTEX_POINT('',#14363);
#5028=VERTEX_POINT('',#14364);
#5029=VERTEX_POINT('',#14366);
#5030=VERTEX_POINT('',#14368);
#5031=VERTEX_POINT('',#14402);
#5032=VERTEX_POINT('',#14404);
#5033=VERTEX_POINT('',#14440);
#5034=VERTEX_POINT('',#14441);
#5035=VERTEX_POINT('',#14443);
#5036=VERTEX_POINT('',#14445);
#5037=VERTEX_POINT('',#14479);
#5038=VERTEX_POINT('',#14481);
#5039=VERTEX_POINT('',#14517);
#5040=VERTEX_POINT('',#14518);
#5041=VERTEX_POINT('',#14520);
#5042=VERTEX_POINT('',#14522);
#5043=VERTEX_POINT('',#14556);
#5044=VERTEX_POINT('',#14558);
#5045=VERTEX_POINT('',#14702);
#5046=VERTEX_POINT('',#14705);
#5047=VERTEX_POINT('',#14707);
#5048=VERTEX_POINT('',#14710);
#5049=VERTEX_POINT('',#14713);
#5050=VERTEX_POINT('',#14716);
#5051=VERTEX_POINT('',#14719);
#5052=VERTEX_POINT('',#14722);
#5053=VERTEX_POINT('',#14725);
#5054=VERTEX_POINT('',#14728);
#5055=VERTEX_POINT('',#14731);
#5056=VERTEX_POINT('',#14734);
#5057=VERTEX_POINT('',#14737);
#5058=VERTEX_POINT('',#14740);
#5059=VERTEX_POINT('',#14743);
#5060=VERTEX_POINT('',#14746);
#5061=VERTEX_POINT('',#14749);
#5062=VERTEX_POINT('',#14752);
#5063=VERTEX_POINT('',#14755);
#5064=VERTEX_POINT('',#14758);
#5065=VERTEX_POINT('',#14761);
#5066=VERTEX_POINT('',#14764);
#5067=VERTEX_POINT('',#14767);
#5068=VERTEX_POINT('',#14770);
#5069=VERTEX_POINT('',#14773);
#5070=VERTEX_POINT('',#14776);
#5071=VERTEX_POINT('',#14779);
#5072=VERTEX_POINT('',#14782);
#5073=VERTEX_POINT('',#14785);
#5074=VERTEX_POINT('',#14788);
#5075=VERTEX_POINT('',#14791);
#5076=VERTEX_POINT('',#14794);
#5077=VERTEX_POINT('',#14797);
#5078=VERTEX_POINT('',#14800);
#5079=VERTEX_POINT('',#14803);
#5080=VERTEX_POINT('',#14806);
#5081=VERTEX_POINT('',#14809);
#5082=VERTEX_POINT('',#14812);
#5083=VERTEX_POINT('',#14815);
#5084=VERTEX_POINT('',#14818);
#5085=VERTEX_POINT('',#14821);
#5086=VERTEX_POINT('',#14824);
#5087=VERTEX_POINT('',#14827);
#5088=VERTEX_POINT('',#14830);
#5089=VERTEX_POINT('',#14833);
#5090=VERTEX_POINT('',#14836);
#5091=VERTEX_POINT('',#14839);
#5092=VERTEX_POINT('',#14842);
#5093=VERTEX_POINT('',#14845);
#5094=VERTEX_POINT('',#14848);
#5095=VERTEX_POINT('',#14851);
#5096=VERTEX_POINT('',#14854);
#5097=VERTEX_POINT('',#14857);
#5098=VERTEX_POINT('',#14860);
#5099=VERTEX_POINT('',#14863);
#5100=VERTEX_POINT('',#14866);
#5101=VERTEX_POINT('',#14869);
#5102=VERTEX_POINT('',#14872);
#5103=VERTEX_POINT('',#14875);
#5104=VERTEX_POINT('',#14878);
#5105=VERTEX_POINT('',#14881);
#5106=VERTEX_POINT('',#14884);
#5107=VERTEX_POINT('',#14887);
#5108=VERTEX_POINT('',#14890);
#5109=VERTEX_POINT('',#14893);
#5110=VERTEX_POINT('',#14896);
#5111=VERTEX_POINT('',#14899);
#5112=VERTEX_POINT('',#14902);
#5113=VERTEX_POINT('',#14905);
#5114=VERTEX_POINT('',#14908);
#5115=VERTEX_POINT('',#14911);
#5116=VERTEX_POINT('',#14914);
#5117=VERTEX_POINT('',#14917);
#5118=VERTEX_POINT('',#14920);
#5119=VERTEX_POINT('',#14923);
#5120=VERTEX_POINT('',#14926);
#5121=VERTEX_POINT('',#14929);
#5122=VERTEX_POINT('',#14932);
#5123=VERTEX_POINT('',#14935);
#5124=VERTEX_POINT('',#14938);
#5125=VERTEX_POINT('',#14941);
#5126=VERTEX_POINT('',#14944);
#5127=VERTEX_POINT('',#14947);
#5128=VERTEX_POINT('',#14950);
#5129=VERTEX_POINT('',#14953);
#5130=VERTEX_POINT('',#14956);
#5131=VERTEX_POINT('',#14959);
#5132=VERTEX_POINT('',#14962);
#5133=VERTEX_POINT('',#14965);
#5134=VERTEX_POINT('',#14968);
#5135=VERTEX_POINT('',#14971);
#5136=VERTEX_POINT('',#14975);
#5137=VERTEX_POINT('',#14977);
#5138=VERTEX_POINT('',#14980);
#5139=VERTEX_POINT('',#14982);
#5140=VERTEX_POINT('',#14983);
#5141=VERTEX_POINT('',#14985);
#5142=VERTEX_POINT('',#14987);
#5143=VERTEX_POINT('',#14989);
#5144=VERTEX_POINT('',#14991);
#5145=VERTEX_POINT('',#14993);
#5146=VERTEX_POINT('',#14995);
#5147=VERTEX_POINT('',#14997);
#5148=VERTEX_POINT('',#14999);
#5149=VERTEX_POINT('',#15001);
#5150=VERTEX_POINT('',#15003);
#5151=VERTEX_POINT('',#15005);
#5152=VERTEX_POINT('',#15007);
#5153=VERTEX_POINT('',#15009);
#5154=VERTEX_POINT('',#15011);
#5155=VERTEX_POINT('',#15015);
#5156=VERTEX_POINT('',#15016);
#5157=VERTEX_POINT('',#15018);
#5158=VERTEX_POINT('',#15020);
#5159=VERTEX_POINT('',#15022);
#5160=VERTEX_POINT('',#15024);
#5161=VERTEX_POINT('',#15026);
#5162=VERTEX_POINT('',#15028);
#5163=VERTEX_POINT('',#15030);
#5164=VERTEX_POINT('',#15032);
#5165=VERTEX_POINT('',#15034);
#5166=VERTEX_POINT('',#15036);
#5167=VERTEX_POINT('',#15040);
#5168=VERTEX_POINT('',#15041);
#5169=VERTEX_POINT('',#15043);
#5170=VERTEX_POINT('',#15045);
#5171=VERTEX_POINT('',#15049);
#5172=VERTEX_POINT('',#15050);
#5173=VERTEX_POINT('',#15052);
#5174=VERTEX_POINT('',#15054);
#5175=VERTEX_POINT('',#15178);
#5176=VERTEX_POINT('',#15179);
#5177=VERTEX_POINT('',#15181);
#5178=VERTEX_POINT('',#15183);
#5179=VERTEX_POINT('',#15187);
#5180=VERTEX_POINT('',#15189);
#5181=VERTEX_POINT('',#15193);
#5182=VERTEX_POINT('',#15194);
#5183=VERTEX_POINT('',#15199);
#5184=VERTEX_POINT('',#15203);
#5185=VERTEX_POINT('',#15204);
#5186=VERTEX_POINT('',#15206);
#5187=VERTEX_POINT('',#15208);
#5188=VERTEX_POINT('',#15212);
#5189=VERTEX_POINT('',#15214);
#5190=VERTEX_POINT('',#15218);
#5191=VERTEX_POINT('',#15220);
#5192=VERTEX_POINT('',#15224);
#5193=VERTEX_POINT('',#15228);
#5194=VERTEX_POINT('',#15229);
#5195=VERTEX_POINT('',#15231);
#5196=VERTEX_POINT('',#15233);
#5197=VERTEX_POINT('',#15237);
#5198=VERTEX_POINT('',#15239);
#5199=VERTEX_POINT('',#15243);
#5200=VERTEX_POINT('',#15245);
#5201=VERTEX_POINT('',#15249);
#5202=VERTEX_POINT('',#15253);
#5203=VERTEX_POINT('',#15254);
#5204=VERTEX_POINT('',#15256);
#5205=VERTEX_POINT('',#15258);
#5206=VERTEX_POINT('',#15262);
#5207=VERTEX_POINT('',#15264);
#5208=VERTEX_POINT('',#15268);
#5209=VERTEX_POINT('',#15270);
#5210=VERTEX_POINT('',#15274);
#5211=VERTEX_POINT('',#15279);
#5212=VERTEX_POINT('',#15281);
#5213=VERTEX_POINT('',#15284);
#5214=VERTEX_POINT('',#15290);
#5215=VERTEX_POINT('',#15292);
#5216=VERTEX_POINT('',#15296);
#5217=VERTEX_POINT('',#15308);
#5218=VERTEX_POINT('',#15312);
#5219=VERTEX_POINT('',#15320);
#5220=VERTEX_POINT('',#15321);
#5221=VERTEX_POINT('',#15323);
#5222=VERTEX_POINT('',#15325);
#5223=VERTEX_POINT('',#15345);
#5224=VERTEX_POINT('',#15348);
#5225=VERTEX_POINT('',#15437);
#5226=VERTEX_POINT('',#15439);
#5227=VERTEX_POINT('',#15442);
#5228=VERTEX_POINT('',#15444);
#5229=VERTEX_POINT('',#15450);
#5230=VERTEX_POINT('',#15453);
#5231=VERTEX_POINT('',#15460);
#5232=VERTEX_POINT('',#15462);
#5233=VERTEX_POINT('',#15465);
#5234=VERTEX_POINT('',#15467);
#5235=CIRCLE('',#7350,0.0218);
#5236=CIRCLE('',#7351,0.02135);
#5237=CIRCLE('',#7353,0.0211);
#5238=CIRCLE('',#7354,0.0211);
#5239=CIRCLE('',#7356,0.0211);
#5240=CIRCLE('',#7357,0.0211);
#5241=CIRCLE('',#7359,0.0211);
#5242=CIRCLE('',#7360,0.0211);
#5243=CIRCLE('',#7362,0.0218);
#5244=CIRCLE('',#7363,0.0218);
#5245=CIRCLE('',#7366,0.0218);
#5246=CIRCLE('',#7367,0.0218);
#5247=CIRCLE('',#7370,0.0218);
#5248=CIRCLE('',#7371,0.0218);
#5249=CIRCLE('',#7374,0.0211);
#5250=CIRCLE('',#7375,0.0211);
#5251=CIRCLE('',#7377,0.0283000000000031);
#5252=CIRCLE('',#7378,0.027);
#5253=CIRCLE('',#7380,0.025025);
#5254=CIRCLE('',#7384,0.025025);
#5255=CIRCLE('',#7388,0.025025);
#5256=CIRCLE('',#7392,0.025025);
#5257=CIRCLE('',#7404,0.025025);
#5258=CIRCLE('',#7409,0.025025);
#5259=CIRCLE('',#7414,0.025025);
#5260=CIRCLE('',#7419,0.025025);
#5261=CIRCLE('',#7454,0.025025);
#5262=CIRCLE('',#7457,0.025025);
#5263=CIRCLE('',#7462,0.025025);
#5264=CIRCLE('',#7497,0.025025);
#5265=CIRCLE('',#7566,0.027);
#5266=CIRCLE('',#7567,0.027);
#5267=CIRCLE('',#7569,0.027);
#5268=CIRCLE('',#7570,0.027);
#5269=CIRCLE('',#7572,0.0301000000000031);
#5270=CIRCLE('',#7573,0.0325);
#5271=CIRCLE('',#7575,0.0259);
#5272=CIRCLE('',#7577,0.0259);
#5273=CIRCLE('',#7580,0.025225);
#5274=CIRCLE('',#7581,0.0259);
#5275=CIRCLE('',#7583,0.0034);
#5276=CIRCLE('',#7584,0.0034);
#5277=CIRCLE('',#7585,0.0034);
#5278=CIRCLE('',#7586,0.0034);
#5279=CIRCLE('',#7587,0.034);
#5280=CIRCLE('',#7590,0.00165);
#5281=CIRCLE('',#7591,0.00165);
#5282=CIRCLE('',#7593,0.00165);
#5283=CIRCLE('',#7594,0.00165);
#5284=CIRCLE('',#7596,0.00165);
#5285=CIRCLE('',#7597,0.00165);
#5286=CIRCLE('',#7599,0.00165);
#5287=CIRCLE('',#7600,0.00165);
#5288=CIRCLE('',#7602,0.00205);
#5289=CIRCLE('',#7603,0.00205);
#5290=CIRCLE('',#7604,0.00205);
#5291=CIRCLE('',#7605,0.00205);
#5292=CIRCLE('',#7606,0.0259);
#5293=CIRCLE('',#7724,0.0325);
#5294=CIRCLE('',#7726,0.02545515628832);
#5295=CIRCLE('',#7727,0.0254435897435898);
#5296=CIRCLE('',#7729,0.026009275168539);
#5297=CIRCLE('',#7731,0.0252997159938916);
#5298=CIRCLE('',#7733,0.0252866367527097);
#5299=CIRCLE('',#7735,0.025852322177659);
#5300=CIRCLE('',#7737,0.0251427630030116);
#5301=CIRCLE('',#7739,0.0251296837618297);
#5302=CIRCLE('',#7741,0.025695369186779);
#5303=CIRCLE('',#7743,0.0249858100121317);
#5304=CIRCLE('',#7745,0.0249727307709498);
#5305=CIRCLE('',#7747,0.0255384161958989);
#5306=CIRCLE('',#7749,0.0248288570212516);
#5307=CIRCLE('',#7751,0.0248157777800697);
#5308=CIRCLE('',#7753,0.0253814632050189);
#5309=CIRCLE('',#7755,0.0246719040303717);
#5310=CIRCLE('',#7757,0.0246588247891897);
#5311=CIRCLE('',#7759,0.025224510214139);
#5312=CIRCLE('',#7761,0.0245149510394916);
#5313=CIRCLE('',#7763,0.0245018717983097);
#5314=CIRCLE('',#7765,0.025067557223259);
#5315=CIRCLE('',#7767,0.0243579980486116);
#5316=CIRCLE('',#7769,0.0243449188074297);
#5317=CIRCLE('',#7771,0.0249106042323789);
#5318=CIRCLE('',#7773,0.0242010450577317);
#5319=CIRCLE('',#7775,0.0241879658165497);
#5320=CIRCLE('',#7777,0.024753651241499);
#5321=CIRCLE('',#7779,0.0240440920668516);
#5322=CIRCLE('',#7781,0.0240310128256697);
#5323=CIRCLE('',#7783,0.0245966982506189);
#5324=CIRCLE('',#7785,0.0238871390759717);
#5325=CIRCLE('',#7787,0.0238740598347897);
#5326=CIRCLE('',#7789,0.024439745259739);
#5327=CIRCLE('',#7791,0.0237301860850916);
#5328=CIRCLE('',#7793,0.0237171068439097);
#5329=CIRCLE('',#7795,0.0242827922688589);
#5330=CIRCLE('',#7797,0.0235732330942116);
#5331=CIRCLE('',#7799,0.0235601538530297);
#5332=CIRCLE('',#7801,0.0241258392779789);
#5333=CIRCLE('',#7803,0.0234162801033316);
#5334=CIRCLE('',#7805,0.0234032008621497);
#5335=CIRCLE('',#7807,0.023968886287099);
#5336=CIRCLE('',#7809,0.0232593271124516);
#5337=CIRCLE('',#7811,0.0232462478712697);
#5338=CIRCLE('',#7813,0.0238119332962189);
#5339=CIRCLE('',#7815,0.0231023741215716);
#5340=CIRCLE('',#7817,0.0230892948803897);
#5341=CIRCLE('',#7819,0.0236549803053389);
#5342=CIRCLE('',#7821,0.0229454211306916);
#5343=CIRCLE('',#7823,0.0229323418895096);
#5344=CIRCLE('',#7825,0.0234980273144589);
#5345=CIRCLE('',#7827,0.0227884681398116);
#5346=CIRCLE('',#7829,0.0227753888986297);
#5347=CIRCLE('',#7831,0.0233410743235789);
#5348=CIRCLE('',#7833,0.0226315151489316);
#5349=CIRCLE('',#7835,0.0226184359077497);
#5350=CIRCLE('',#7837,0.0231841213326989);
#5351=CIRCLE('',#7839,0.0224745621580516);
#5352=CIRCLE('',#7841,0.0224614829168697);
#5353=CIRCLE('',#7843,0.0230271683418189);
#5354=CIRCLE('',#7845,0.0223176091671716);
#5355=CIRCLE('',#7847,0.0223045299259897);
#5356=CIRCLE('',#7849,0.0228702153509389);
#5357=CIRCLE('',#7851,0.0221606561762916);
#5358=CIRCLE('',#7853,0.0221475769351097);
#5359=CIRCLE('',#7855,0.0227132623600589);
#5360=CIRCLE('',#7857,0.0220037031854116);
#5361=CIRCLE('',#7859,0.0219906239442297);
#5362=CIRCLE('',#7861,0.0225563093691789);
#5363=CIRCLE('',#7863,0.0218467501945315);
#5364=CIRCLE('',#7865,0.0218336709533497);
#5365=CIRCLE('',#7867,0.0223993563782989);
#5366=CIRCLE('',#7869,0.0216897972036516);
#5367=CIRCLE('',#7871,0.0216767179624697);
#5368=CIRCLE('',#7873,0.0222424033874189);
#5369=CIRCLE('',#7875,0.0215328442127716);
#5370=CIRCLE('',#7877,0.0215197649715896);
#5371=CIRCLE('',#7879,0.0220854503965389);
#5372=CIRCLE('',#7881,0.0213758912218915);
#5373=CIRCLE('',#7883,0.0213628119807096);
#5374=CIRCLE('',#7885,0.0219284974056588);
#5375=CIRCLE('',#7887,0.0212189382310115);
#5376=CIRCLE('',#7889,0.0212058589898296);
#5377=CIRCLE('',#7891,0.0217715444147788);
#5378=CIRCLE('',#7893,0.0211);
#5379=CIRCLE('',#7895,0.0211);
#5380=CIRCLE('',#7897,0.0216145914238989);
#5381=CIRCLE('',#7899,0.0211);
#5382=CIRCLE('',#7901,0.0211);
#5383=CIRCLE('',#7903,0.0214576384330188);
#5384=CIRCLE('',#7906,0.0211);
#5385=CIRCLE('',#7907,0.0211);
#5386=CIRCLE('',#7909,0.0234);
#5387=CIRCLE('',#7910,0.024775);
#5388=CIRCLE('',#7911,0.023975);
#5389=CIRCLE('',#7912,0.024775);
#5390=CIRCLE('',#7913,0.023975);
#5391=CIRCLE('',#7914,0.024775);
#5392=CIRCLE('',#7915,0.023975);
#5393=CIRCLE('',#7916,0.024775);
#5394=CIRCLE('',#7917,0.023975);
#5395=CIRCLE('',#8002,0.003);
#5396=CIRCLE('',#8003,0.003);
#5397=CIRCLE('',#8007,0.00205);
#5398=CIRCLE('',#8010,0.003);
#5399=CIRCLE('',#8011,0.003);
#5400=CIRCLE('',#8014,0.00205);
#5401=CIRCLE('',#8017,0.003);
#5402=CIRCLE('',#8018,0.003);
#5403=CIRCLE('',#8021,0.00205);
#5404=CIRCLE('',#8024,0.003);
#5405=CIRCLE('',#8025,0.003);
#5406=CIRCLE('',#8028,0.00205);
#5407=CIRCLE('',#8034,0.0002);
#5408=CIRCLE('',#8043,0.0283000000000016);
#5409=CIRCLE('',#8044,0.0283000000000016);
#5410=CIRCLE('',#8052,0.024225);
#5411=CIRCLE('',#8053,0.024225);
#5412=CIRCLE('',#8054,0.024225);
#5413=CIRCLE('',#8055,0.024225);
#5414=CIRCLE('',#8056,0.024225);
#5415=CIRCLE('',#8057,0.024225);
#5416=CIRCLE('',#8058,0.024225);
#5417=CIRCLE('',#8059,0.024225);
#5418=CIRCLE('',#8060,0.024225);
#5419=CIRCLE('',#8062,0.025225);
#5420=CIRCLE('',#8086,0.0286000000000032);
#5421=CIRCLE('',#8087,0.0286000000000032);
#5422=CIRCLE('',#8089,0.0298000000000032);
#5423=CIRCLE('',#8090,0.0298000000000032);
#5424=CIRCLE('',#8095,0.0218);
#5425=CIRCLE('',#8097,0.0218);
#5426=CIRCLE('',#8103,0.0221);
#5427=CIRCLE('',#8104,0.0221);
#5428=CIRCLE('',#8106,0.0231);
#5429=CIRCLE('',#8107,0.0231);
#5430=EDGE_LOOP('',(#1498));
#5431=EDGE_LOOP('',(#1499));
#5432=EDGE_LOOP('',(#1500));
#5433=EDGE_LOOP('',(#1501));
#5434=EDGE_LOOP('',(#1502));
#5435=EDGE_LOOP('',(#1503));
#5436=EDGE_LOOP('',(#1504));
#5437=EDGE_LOOP('',(#1505));
#5438=EDGE_LOOP('',(#1506));
#5439=EDGE_LOOP('',(#1507));
#5440=EDGE_LOOP('',(#1508));
#5441=EDGE_LOOP('',(#1509));
#5442=EDGE_LOOP('',(#1510));
#5443=EDGE_LOOP('',(#1511));
#5444=EDGE_LOOP('',(#1512));
#5445=EDGE_LOOP('',(#1513));
#5446=EDGE_LOOP('',(#1514));
#5447=EDGE_LOOP('',(#1515));
#5448=EDGE_LOOP('',(#1516));
#5449=EDGE_LOOP('',(#1517));
#5450=EDGE_LOOP('',(#1518));
#5451=EDGE_LOOP('',(#1519));
#5452=EDGE_LOOP('',(#1520,#1521,#1522,#1523));
#5453=EDGE_LOOP('',(#1524,#1525,#1526,#1527));
#5454=EDGE_LOOP('',(#1528,#1529,#1530,#1531));
#5455=EDGE_LOOP('',(#1532,#1533,#1534,#1535));
#5456=EDGE_LOOP('',(#1536,#1537,#1538,#1539));
#5457=EDGE_LOOP('',(#1540,#1541,#1542,#1543,#1544,#1545,#1546,#1547,#1548,
#1549,#1550,#1551,#1552,#1553,#1554,#1555,#1556,#1557,#1558));
#5458=EDGE_LOOP('',(#1559,#1560,#1561,#1562,#1563,#1564,#1565,#1566,#1567,
#1568,#1569,#1570,#1571,#1572,#1573,#1574,#1575,#1576,#1577));
#5459=EDGE_LOOP('',(#1578,#1579,#1580,#1581,#1582,#1583,#1584,#1585,#1586,
#1587,#1588,#1589,#1590,#1591,#1592,#1593,#1594,#1595,#1596));
#5460=EDGE_LOOP('',(#1597,#1598,#1599,#1600,#1601,#1602,#1603,#1604,#1605,
#1606,#1607,#1608,#1609,#1610,#1611,#1612,#1613,#1614,#1615));
#5461=EDGE_LOOP('',(#1616,#1617,#1618,#1619,#1620,#1621,#1622,#1623,#1624,
#1625,#1626,#1627,#1628,#1629,#1630,#1631,#1632,#1633,#1634));
#5462=EDGE_LOOP('',(#1635,#1636,#1637,#1638,#1639,#1640,#1641,#1642,#1643,
#1644,#1645,#1646,#1647,#1648,#1649,#1650,#1651,#1652,#1653));
#5463=EDGE_LOOP('',(#1654,#1655,#1656,#1657,#1658,#1659,#1660,#1661,#1662,
#1663,#1664,#1665,#1666,#1667,#1668,#1669,#1670,#1671,#1672));
#5464=EDGE_LOOP('',(#1673,#1674,#1675,#1676,#1677,#1678,#1679,#1680,#1681,
#1682,#1683,#1684,#1685,#1686,#1687,#1688,#1689,#1690,#1691));
#5465=EDGE_LOOP('',(#1692,#1693,#1694,#1695,#1696,#1697,#1698,#1699));
#5466=EDGE_LOOP('',(#1700,#1701,#1702,#1703,#1704,#1705,#1706,#1707));
#5467=EDGE_LOOP('',(#1708,#1709,#1710,#1711,#1712,#1713,#1714,#1715));
#5468=EDGE_LOOP('',(#1716,#1717,#1718,#1719,#1720));
#5469=EDGE_LOOP('',(#1721,#1722,#1723,#1724,#1725));
#5470=EDGE_LOOP('',(#1726,#1727,#1728,#1729,#1730));
#5471=EDGE_LOOP('',(#1731,#1732,#1733,#1734,#1735));
#5472=EDGE_LOOP('',(#1736,#1737,#1738,#1739,#1740));
#5473=EDGE_LOOP('',(#1741,#1742,#1743,#1744,#1745));
#5474=EDGE_LOOP('',(#1746,#1747,#1748,#1749,#1750));
#5475=EDGE_LOOP('',(#1751,#1752,#1753,#1754,#1755));
#5476=EDGE_LOOP('',(#1756,#1757,#1758,#1759,#1760));
#5477=EDGE_LOOP('',(#1761,#1762,#1763,#1764,#1765));
#5478=EDGE_LOOP('',(#1766,#1767,#1768,#1769,#1770,#1771,#1772,#1773));
#5479=EDGE_LOOP('',(#1774,#1775,#1776,#1777,#1778));
#5480=EDGE_LOOP('',(#1779,#1780,#1781,#1782,#1783));
#5481=EDGE_LOOP('',(#1784,#1785,#1786,#1787,#1788));
#5482=EDGE_LOOP('',(#1789,#1790,#1791,#1792,#1793));
#5483=EDGE_LOOP('',(#1794,#1795,#1796,#1797,#1798));
#5484=EDGE_LOOP('',(#1799,#1800,#1801,#1802,#1803));
#5485=EDGE_LOOP('',(#1804,#1805,#1806,#1807,#1808));
#5486=EDGE_LOOP('',(#1809,#1810,#1811,#1812,#1813));
#5487=EDGE_LOOP('',(#1814,#1815,#1816,#1817,#1818));
#5488=EDGE_LOOP('',(#1819,#1820,#1821,#1822,#1823));
#5489=EDGE_LOOP('',(#1824,#1825,#1826,#1827,#1828));
#5490=EDGE_LOOP('',(#1829,#1830,#1831,#1832,#1833));
#5491=EDGE_LOOP('',(#1834,#1835,#1836,#1837,#1838));
#5492=EDGE_LOOP('',(#1839,#1840,#1841,#1842,#1843));
#5493=EDGE_LOOP('',(#1844,#1845,#1846,#1847,#1848));
#5494=EDGE_LOOP('',(#1849,#1850,#1851,#1852,#1853));
#5495=EDGE_LOOP('',(#1854,#1855,#1856,#1857,#1858));
#5496=EDGE_LOOP('',(#1859,#1860,#1861,#1862,#1863));
#5497=EDGE_LOOP('',(#1864,#1865,#1866,#1867,#1868));
#5498=EDGE_LOOP('',(#1869,#1870,#1871,#1872,#1873));
#5499=EDGE_LOOP('',(#1874,#1875,#1876,#1877,#1878));
#5500=EDGE_LOOP('',(#1879,#1880,#1881,#1882,#1883));
#5501=EDGE_LOOP('',(#1884,#1885,#1886,#1887,#1888));
#5502=EDGE_LOOP('',(#1889,#1890,#1891,#1892,#1893));
#5503=EDGE_LOOP('',(#1894,#1895,#1896,#1897,#1898));
#5504=EDGE_LOOP('',(#1899,#1900,#1901,#1902,#1903));
#5505=EDGE_LOOP('',(#1904,#1905,#1906,#1907));
#5506=EDGE_LOOP('',(#1908,#1909,#1910,#1911));
#5507=EDGE_LOOP('',(#1912,#1913,#1914,#1915,#1916,#1917,#1918,#1919));
#5508=EDGE_LOOP('',(#1920));
#5509=EDGE_LOOP('',(#1921));
#5510=EDGE_LOOP('',(#1922,#1923,#1924,#1925,#1926,#1927));
#5511=EDGE_LOOP('',(#1928,#1929,#1930,#1931,#1932,#1933,#1934,#1935,#1936));
#5512=EDGE_LOOP('',(#1937,#1938,#1939,#1940));
#5513=EDGE_LOOP('',(#1941));
#5514=EDGE_LOOP('',(#1942,#1943,#1944,#1945,#1946,#1947,#1948,#1949));
#5515=EDGE_LOOP('',(#1950,#1951,#1952,#1953,#1954,#1955,#1956,#1957,#1958,
#1959,#1960,#1961,#1962,#1963,#1964,#1965,#1966,#1967,#1968,#1969));
#5516=EDGE_LOOP('',(#1970));
#5517=EDGE_LOOP('',(#1971,#1972,#1973,#1974,#1975,#1976,#1977,#1978,#1979,
#1980,#1981,#1982));
#5518=EDGE_LOOP('',(#1983));
#5519=EDGE_LOOP('',(#1984));
#5520=EDGE_LOOP('',(#1985));
#5521=EDGE_LOOP('',(#1986));
#5522=EDGE_LOOP('',(#1987));
#5523=EDGE_LOOP('',(#1988));
#5524=EDGE_LOOP('',(#1989));
#5525=EDGE_LOOP('',(#1990));
#5526=EDGE_LOOP('',(#1991));
#5527=EDGE_LOOP('',(#1992));
#5528=EDGE_LOOP('',(#1993));
#5529=EDGE_LOOP('',(#1994));
#5530=EDGE_LOOP('',(#1995,#1996,#1997,#1998));
#5531=EDGE_LOOP('',(#1999));
#5532=EDGE_LOOP('',(#2000,#2001));
#5533=EDGE_LOOP('',(#2002,#2003));
#5534=EDGE_LOOP('',(#2004,#2005));
#5535=EDGE_LOOP('',(#2006,#2007));
#5536=EDGE_LOOP('',(#2008,#2009));
#5537=EDGE_LOOP('',(#2010,#2011));
#5538=EDGE_LOOP('',(#2012,#2013));
#5539=EDGE_LOOP('',(#2014,#2015));
#5540=EDGE_LOOP('',(#2016,#2017));
#5541=EDGE_LOOP('',(#2018,#2019));
#5542=EDGE_LOOP('',(#2020,#2021));
#5543=EDGE_LOOP('',(#2022,#2023));
#5544=EDGE_LOOP('',(#2024,#2025));
#5545=EDGE_LOOP('',(#2026,#2027));
#5546=EDGE_LOOP('',(#2028,#2029));
#5547=EDGE_LOOP('',(#2030,#2031));
#5548=EDGE_LOOP('',(#2032,#2033,#2034,#2035));
#5549=EDGE_LOOP('',(#2036,#2037,#2038,#2039));
#5550=EDGE_LOOP('',(#2040,#2041,#2042,#2043));
#5551=EDGE_LOOP('',(#2044,#2045,#2046,#2047));
#5552=EDGE_LOOP('',(#2048,#2049,#2050,#2051));
#5553=EDGE_LOOP('',(#2052,#2053,#2054,#2055));
#5554=EDGE_LOOP('',(#2056,#2057,#2058,#2059));
#5555=EDGE_LOOP('',(#2060,#2061,#2062,#2063));
#5556=EDGE_LOOP('',(#2064,#2065,#2066,#2067));
#5557=EDGE_LOOP('',(#2068,#2069,#2070,#2071));
#5558=EDGE_LOOP('',(#2072,#2073,#2074,#2075,#2076,#2077));
#5559=EDGE_LOOP('',(#2078,#2079,#2080,#2081,#2082,#2083));
#5560=EDGE_LOOP('',(#2084,#2085,#2086,#2087,#2088,#2089));
#5561=EDGE_LOOP('',(#2090,#2091,#2092,#2093,#2094,#2095));
#5562=EDGE_LOOP('',(#2096,#2097,#2098,#2099,#2100,#2101));
#5563=EDGE_LOOP('',(#2102,#2103,#2104,#2105));
#5564=EDGE_LOOP('',(#2106,#2107,#2108,#2109));
#5565=EDGE_LOOP('',(#2110,#2111,#2112,#2113));
#5566=EDGE_LOOP('',(#2114,#2115,#2116,#2117));
#5567=EDGE_LOOP('',(#2118,#2119,#2120,#2121));
#5568=EDGE_LOOP('',(#2122,#2123,#2124,#2125));
#5569=EDGE_LOOP('',(#2126,#2127,#2128,#2129));
#5570=EDGE_LOOP('',(#2130,#2131,#2132,#2133));
#5571=EDGE_LOOP('',(#2134,#2135,#2136,#2137));
#5572=EDGE_LOOP('',(#2138,#2139,#2140,#2141));
#5573=EDGE_LOOP('',(#2142,#2143,#2144,#2145,#2146,#2147));
#5574=EDGE_LOOP('',(#2148,#2149,#2150,#2151,#2152,#2153));
#5575=EDGE_LOOP('',(#2154,#2155,#2156,#2157,#2158,#2159));
#5576=EDGE_LOOP('',(#2160,#2161,#2162,#2163,#2164,#2165));
#5577=EDGE_LOOP('',(#2166,#2167,#2168,#2169,#2170,#2171));
#5578=EDGE_LOOP('',(#2172,#2173,#2174,#2175));
#5579=EDGE_LOOP('',(#2176,#2177,#2178,#2179));
#5580=EDGE_LOOP('',(#2180,#2181,#2182,#2183));
#5581=EDGE_LOOP('',(#2184,#2185,#2186,#2187));
#5582=EDGE_LOOP('',(#2188,#2189,#2190,#2191));
#5583=EDGE_LOOP('',(#2192,#2193,#2194,#2195));
#5584=EDGE_LOOP('',(#2196,#2197,#2198,#2199));
#5585=EDGE_LOOP('',(#2200,#2201,#2202,#2203));
#5586=EDGE_LOOP('',(#2204,#2205,#2206,#2207));
#5587=EDGE_LOOP('',(#2208,#2209,#2210,#2211));
#5588=EDGE_LOOP('',(#2212,#2213,#2214,#2215,#2216,#2217));
#5589=EDGE_LOOP('',(#2218,#2219,#2220,#2221,#2222,#2223));
#5590=EDGE_LOOP('',(#2224,#2225,#2226,#2227,#2228,#2229));
#5591=EDGE_LOOP('',(#2230,#2231,#2232,#2233,#2234,#2235));
#5592=EDGE_LOOP('',(#2236,#2237,#2238,#2239,#2240,#2241));
#5593=EDGE_LOOP('',(#2242,#2243,#2244,#2245,#2246,#2247));
#5594=EDGE_LOOP('',(#2248,#2249,#2250,#2251,#2252,#2253));
#5595=EDGE_LOOP('',(#2254,#2255,#2256,#2257,#2258,#2259));
#5596=EDGE_LOOP('',(#2260,#2261,#2262,#2263,#2264,#2265));
#5597=EDGE_LOOP('',(#2266,#2267,#2268,#2269,#2270,#2271));
#5598=EDGE_LOOP('',(#2272,#2273,#2274,#2275));
#5599=EDGE_LOOP('',(#2276,#2277,#2278,#2279));
#5600=EDGE_LOOP('',(#2280,#2281,#2282,#2283));
#5601=EDGE_LOOP('',(#2284,#2285,#2286,#2287));
#5602=EDGE_LOOP('',(#2288,#2289,#2290,#2291));
#5603=EDGE_LOOP('',(#2292,#2293,#2294,#2295));
#5604=EDGE_LOOP('',(#2296,#2297,#2298,#2299));
#5605=EDGE_LOOP('',(#2300,#2301,#2302,#2303));
#5606=EDGE_LOOP('',(#2304,#2305,#2306,#2307));
#5607=EDGE_LOOP('',(#2308,#2309,#2310,#2311));
#5608=EDGE_LOOP('',(#2312));
#5609=EDGE_LOOP('',(#2313));
#5610=EDGE_LOOP('',(#2314));
#5611=EDGE_LOOP('',(#2315));
#5612=EDGE_LOOP('',(#2316));
#5613=EDGE_LOOP('',(#2317));
#5614=EDGE_LOOP('',(#2318));
#5615=EDGE_LOOP('',(#2319));
#5616=EDGE_LOOP('',(#2320));
#5617=EDGE_LOOP('',(#2321));
#5618=EDGE_LOOP('',(#2322));
#5619=EDGE_LOOP('',(#2323));
#5620=EDGE_LOOP('',(#2324));
#5621=EDGE_LOOP('',(#2325));
#5622=EDGE_LOOP('',(#2326));
#5623=EDGE_LOOP('',(#2327));
#5624=EDGE_LOOP('',(#2328));
#5625=EDGE_LOOP('',(#2329));
#5626=EDGE_LOOP('',(#2330));
#5627=EDGE_LOOP('',(#2331));
#5628=EDGE_LOOP('',(#2332));
#5629=EDGE_LOOP('',(#2333));
#5630=EDGE_LOOP('',(#2334));
#5631=EDGE_LOOP('',(#2335));
#5632=EDGE_LOOP('',(#2336));
#5633=EDGE_LOOP('',(#2337));
#5634=EDGE_LOOP('',(#2338));
#5635=EDGE_LOOP('',(#2339));
#5636=EDGE_LOOP('',(#2340));
#5637=EDGE_LOOP('',(#2341));
#5638=EDGE_LOOP('',(#2342));
#5639=EDGE_LOOP('',(#2343));
#5640=EDGE_LOOP('',(#2344));
#5641=EDGE_LOOP('',(#2345));
#5642=EDGE_LOOP('',(#2346));
#5643=EDGE_LOOP('',(#2347));
#5644=EDGE_LOOP('',(#2348));
#5645=EDGE_LOOP('',(#2349));
#5646=EDGE_LOOP('',(#2350));
#5647=EDGE_LOOP('',(#2351));
#5648=EDGE_LOOP('',(#2352));
#5649=EDGE_LOOP('',(#2353));
#5650=EDGE_LOOP('',(#2354));
#5651=EDGE_LOOP('',(#2355));
#5652=EDGE_LOOP('',(#2356));
#5653=EDGE_LOOP('',(#2357));
#5654=EDGE_LOOP('',(#2358));
#5655=EDGE_LOOP('',(#2359));
#5656=EDGE_LOOP('',(#2360));
#5657=EDGE_LOOP('',(#2361));
#5658=EDGE_LOOP('',(#2362));
#5659=EDGE_LOOP('',(#2363));
#5660=EDGE_LOOP('',(#2364));
#5661=EDGE_LOOP('',(#2365));
#5662=EDGE_LOOP('',(#2366));
#5663=EDGE_LOOP('',(#2367));
#5664=EDGE_LOOP('',(#2368));
#5665=EDGE_LOOP('',(#2369));
#5666=EDGE_LOOP('',(#2370));
#5667=EDGE_LOOP('',(#2371));
#5668=EDGE_LOOP('',(#2372));
#5669=EDGE_LOOP('',(#2373));
#5670=EDGE_LOOP('',(#2374));
#5671=EDGE_LOOP('',(#2375));
#5672=EDGE_LOOP('',(#2376));
#5673=EDGE_LOOP('',(#2377));
#5674=EDGE_LOOP('',(#2378));
#5675=EDGE_LOOP('',(#2379));
#5676=EDGE_LOOP('',(#2380));
#5677=EDGE_LOOP('',(#2381));
#5678=EDGE_LOOP('',(#2382));
#5679=EDGE_LOOP('',(#2383));
#5680=EDGE_LOOP('',(#2384));
#5681=EDGE_LOOP('',(#2385));
#5682=EDGE_LOOP('',(#2386));
#5683=EDGE_LOOP('',(#2387));
#5684=EDGE_LOOP('',(#2388));
#5685=EDGE_LOOP('',(#2389));
#5686=EDGE_LOOP('',(#2390));
#5687=EDGE_LOOP('',(#2391));
#5688=EDGE_LOOP('',(#2392));
#5689=EDGE_LOOP('',(#2393));
#5690=EDGE_LOOP('',(#2394));
#5691=EDGE_LOOP('',(#2395));
#5692=EDGE_LOOP('',(#2396));
#5693=EDGE_LOOP('',(#2397));
#5694=EDGE_LOOP('',(#2398));
#5695=EDGE_LOOP('',(#2399));
#5696=EDGE_LOOP('',(#2400));
#5697=EDGE_LOOP('',(#2401));
#5698=EDGE_LOOP('',(#2402));
#5699=EDGE_LOOP('',(#2403));
#5700=EDGE_LOOP('',(#2404));
#5701=EDGE_LOOP('',(#2405));
#5702=EDGE_LOOP('',(#2406));
#5703=EDGE_LOOP('',(#2407));
#5704=EDGE_LOOP('',(#2408));
#5705=EDGE_LOOP('',(#2409));
#5706=EDGE_LOOP('',(#2410));
#5707=EDGE_LOOP('',(#2411));
#5708=EDGE_LOOP('',(#2412));
#5709=EDGE_LOOP('',(#2413));
#5710=EDGE_LOOP('',(#2414));
#5711=EDGE_LOOP('',(#2415));
#5712=EDGE_LOOP('',(#2416));
#5713=EDGE_LOOP('',(#2417));
#5714=EDGE_LOOP('',(#2418));
#5715=EDGE_LOOP('',(#2419));
#5716=EDGE_LOOP('',(#2420));
#5717=EDGE_LOOP('',(#2421));
#5718=EDGE_LOOP('',(#2422));
#5719=EDGE_LOOP('',(#2423));
#5720=EDGE_LOOP('',(#2424));
#5721=EDGE_LOOP('',(#2425));
#5722=EDGE_LOOP('',(#2426));
#5723=EDGE_LOOP('',(#2427));
#5724=EDGE_LOOP('',(#2428));
#5725=EDGE_LOOP('',(#2429));
#5726=EDGE_LOOP('',(#2430));
#5727=EDGE_LOOP('',(#2431));
#5728=EDGE_LOOP('',(#2432));
#5729=EDGE_LOOP('',(#2433));
#5730=EDGE_LOOP('',(#2434));
#5731=EDGE_LOOP('',(#2435));
#5732=EDGE_LOOP('',(#2436));
#5733=EDGE_LOOP('',(#2437));
#5734=EDGE_LOOP('',(#2438));
#5735=EDGE_LOOP('',(#2439));
#5736=EDGE_LOOP('',(#2440));
#5737=EDGE_LOOP('',(#2441));
#5738=EDGE_LOOP('',(#2442));
#5739=EDGE_LOOP('',(#2443));
#5740=EDGE_LOOP('',(#2444));
#5741=EDGE_LOOP('',(#2445));
#5742=EDGE_LOOP('',(#2446));
#5743=EDGE_LOOP('',(#2447));
#5744=EDGE_LOOP('',(#2448));
#5745=EDGE_LOOP('',(#2449));
#5746=EDGE_LOOP('',(#2450));
#5747=EDGE_LOOP('',(#2451));
#5748=EDGE_LOOP('',(#2452));
#5749=EDGE_LOOP('',(#2453));
#5750=EDGE_LOOP('',(#2454));
#5751=EDGE_LOOP('',(#2455));
#5752=EDGE_LOOP('',(#2456));
#5753=EDGE_LOOP('',(#2457));
#5754=EDGE_LOOP('',(#2458));
#5755=EDGE_LOOP('',(#2459));
#5756=EDGE_LOOP('',(#2460));
#5757=EDGE_LOOP('',(#2461));
#5758=EDGE_LOOP('',(#2462));
#5759=EDGE_LOOP('',(#2463));
#5760=EDGE_LOOP('',(#2464));
#5761=EDGE_LOOP('',(#2465));
#5762=EDGE_LOOP('',(#2466));
#5763=EDGE_LOOP('',(#2467));
#5764=EDGE_LOOP('',(#2468));
#5765=EDGE_LOOP('',(#2469));
#5766=EDGE_LOOP('',(#2470));
#5767=EDGE_LOOP('',(#2471));
#5768=EDGE_LOOP('',(#2472));
#5769=EDGE_LOOP('',(#2473));
#5770=EDGE_LOOP('',(#2474));
#5771=EDGE_LOOP('',(#2475));
#5772=EDGE_LOOP('',(#2476));
#5773=EDGE_LOOP('',(#2477));
#5774=EDGE_LOOP('',(#2478));
#5775=EDGE_LOOP('',(#2479));
#5776=EDGE_LOOP('',(#2480));
#5777=EDGE_LOOP('',(#2481));
#5778=EDGE_LOOP('',(#2482));
#5779=EDGE_LOOP('',(#2483));
#5780=EDGE_LOOP('',(#2484));
#5781=EDGE_LOOP('',(#2485));
#5782=EDGE_LOOP('',(#2486));
#5783=EDGE_LOOP('',(#2487));
#5784=EDGE_LOOP('',(#2488));
#5785=EDGE_LOOP('',(#2489));
#5786=EDGE_LOOP('',(#2490));
#5787=EDGE_LOOP('',(#2491));
#5788=EDGE_LOOP('',(#2492));
#5789=EDGE_LOOP('',(#2493));
#5790=EDGE_LOOP('',(#2494));
#5791=EDGE_LOOP('',(#2495));
#5792=EDGE_LOOP('',(#2496));
#5793=EDGE_LOOP('',(#2497,#2498,#2499,#2500,#2501,#2502,#2503,#2504,#2505,
#2506,#2507,#2508,#2509,#2510,#2511,#2512));
#5794=EDGE_LOOP('',(#2513,#2514,#2515,#2516,#2517,#2518,#2519,#2520,#2521,
#2522,#2523,#2524));
#5795=EDGE_LOOP('',(#2525,#2526,#2527,#2528));
#5796=EDGE_LOOP('',(#2529,#2530,#2531,#2532));
#5797=EDGE_LOOP('',(#2533,#2534,#2535,#2536,#2537,#2538));
#5798=EDGE_LOOP('',(#2539,#2540,#2541,#2542,#2543,#2544));
#5799=EDGE_LOOP('',(#2545,#2546,#2547,#2548,#2549,#2550));
#5800=EDGE_LOOP('',(#2551,#2552,#2553,#2554,#2555,#2556));
#5801=EDGE_LOOP('',(#2557,#2558,#2559,#2560,#2561,#2562));
#5802=EDGE_LOOP('',(#2563,#2564,#2565,#2566,#2567,#2568));
#5803=EDGE_LOOP('',(#2569,#2570,#2571,#2572,#2573,#2574));
#5804=EDGE_LOOP('',(#2575,#2576,#2577,#2578,#2579,#2580));
#5805=EDGE_LOOP('',(#2581,#2582,#2583,#2584,#2585,#2586));
#5806=EDGE_LOOP('',(#2587,#2588,#2589,#2590,#2591,#2592));
#5807=EDGE_LOOP('',(#2593,#2594,#2595,#2596,#2597,#2598));
#5808=EDGE_LOOP('',(#2599,#2600,#2601,#2602,#2603,#2604));
#5809=EDGE_LOOP('',(#2605,#2606,#2607,#2608,#2609,#2610));
#5810=EDGE_LOOP('',(#2611,#2612,#2613,#2614,#2615,#2616));
#5811=EDGE_LOOP('',(#2617,#2618,#2619,#2620,#2621,#2622));
#5812=EDGE_LOOP('',(#2623,#2624,#2625,#2626,#2627,#2628));
#5813=EDGE_LOOP('',(#2629,#2630,#2631,#2632,#2633,#2634));
#5814=EDGE_LOOP('',(#2635,#2636,#2637,#2638,#2639,#2640));
#5815=EDGE_LOOP('',(#2641,#2642,#2643,#2644,#2645,#2646));
#5816=EDGE_LOOP('',(#2647,#2648,#2649,#2650,#2651,#2652));
#5817=EDGE_LOOP('',(#2653,#2654,#2655,#2656,#2657,#2658));
#5818=EDGE_LOOP('',(#2659,#2660,#2661,#2662,#2663,#2664));
#5819=EDGE_LOOP('',(#2665,#2666,#2667,#2668,#2669,#2670));
#5820=EDGE_LOOP('',(#2671,#2672,#2673,#2674,#2675,#2676));
#5821=EDGE_LOOP('',(#2677,#2678,#2679,#2680,#2681,#2682));
#5822=EDGE_LOOP('',(#2683,#2684,#2685,#2686,#2687,#2688));
#5823=EDGE_LOOP('',(#2689,#2690,#2691,#2692,#2693,#2694));
#5824=EDGE_LOOP('',(#2695,#2696,#2697,#2698,#2699,#2700));
#5825=EDGE_LOOP('',(#2701,#2702,#2703,#2704,#2705,#2706));
#5826=EDGE_LOOP('',(#2707,#2708,#2709,#2710,#2711,#2712));
#5827=EDGE_LOOP('',(#2713,#2714,#2715,#2716,#2717,#2718));
#5828=EDGE_LOOP('',(#2719,#2720,#2721,#2722,#2723,#2724));
#5829=EDGE_LOOP('',(#2725,#2726,#2727,#2728,#2729,#2730));
#5830=EDGE_LOOP('',(#2731,#2732,#2733,#2734,#2735,#2736));
#5831=EDGE_LOOP('',(#2737,#2738,#2739,#2740,#2741,#2742));
#5832=EDGE_LOOP('',(#2743,#2744,#2745,#2746,#2747,#2748));
#5833=EDGE_LOOP('',(#2749,#2750,#2751,#2752,#2753,#2754));
#5834=EDGE_LOOP('',(#2755,#2756,#2757,#2758,#2759,#2760));
#5835=EDGE_LOOP('',(#2761,#2762,#2763,#2764,#2765,#2766));
#5836=EDGE_LOOP('',(#2767,#2768,#2769,#2770,#2771,#2772));
#5837=EDGE_LOOP('',(#2773,#2774,#2775,#2776,#2777,#2778));
#5838=EDGE_LOOP('',(#2779,#2780,#2781,#2782,#2783,#2784));
#5839=EDGE_LOOP('',(#2785,#2786,#2787,#2788,#2789,#2790));
#5840=EDGE_LOOP('',(#2791,#2792,#2793,#2794,#2795,#2796));
#5841=EDGE_LOOP('',(#2797,#2798,#2799,#2800,#2801,#2802));
#5842=EDGE_LOOP('',(#2803,#2804,#2805,#2806,#2807,#2808));
#5843=EDGE_LOOP('',(#2809,#2810,#2811,#2812,#2813,#2814));
#5844=EDGE_LOOP('',(#2815,#2816,#2817,#2818,#2819,#2820));
#5845=EDGE_LOOP('',(#2821,#2822,#2823,#2824,#2825,#2826));
#5846=EDGE_LOOP('',(#2827,#2828,#2829,#2830,#2831,#2832));
#5847=EDGE_LOOP('',(#2833,#2834,#2835,#2836,#2837,#2838));
#5848=EDGE_LOOP('',(#2839,#2840,#2841,#2842,#2843,#2844));
#5849=EDGE_LOOP('',(#2845,#2846,#2847,#2848,#2849,#2850));
#5850=EDGE_LOOP('',(#2851,#2852,#2853,#2854,#2855,#2856));
#5851=EDGE_LOOP('',(#2857,#2858,#2859,#2860,#2861,#2862));
#5852=EDGE_LOOP('',(#2863,#2864,#2865,#2866,#2867,#2868));
#5853=EDGE_LOOP('',(#2869,#2870,#2871,#2872,#2873,#2874));
#5854=EDGE_LOOP('',(#2875,#2876,#2877,#2878,#2879,#2880));
#5855=EDGE_LOOP('',(#2881,#2882,#2883,#2884,#2885,#2886));
#5856=EDGE_LOOP('',(#2887,#2888,#2889,#2890,#2891,#2892));
#5857=EDGE_LOOP('',(#2893,#2894,#2895,#2896,#2897,#2898));
#5858=EDGE_LOOP('',(#2899,#2900,#2901,#2902,#2903,#2904));
#5859=EDGE_LOOP('',(#2905,#2906,#2907,#2908,#2909,#2910));
#5860=EDGE_LOOP('',(#2911,#2912,#2913,#2914,#2915,#2916));
#5861=EDGE_LOOP('',(#2917,#2918,#2919,#2920,#2921,#2922));
#5862=EDGE_LOOP('',(#2923,#2924,#2925,#2926,#2927,#2928));
#5863=EDGE_LOOP('',(#2929,#2930,#2931,#2932,#2933,#2934));
#5864=EDGE_LOOP('',(#2935,#2936,#2937,#2938,#2939,#2940));
#5865=EDGE_LOOP('',(#2941,#2942,#2943,#2944,#2945,#2946));
#5866=EDGE_LOOP('',(#2947,#2948,#2949,#2950,#2951,#2952));
#5867=EDGE_LOOP('',(#2953,#2954,#2955,#2956,#2957,#2958));
#5868=EDGE_LOOP('',(#2959,#2960,#2961,#2962,#2963,#2964));
#5869=EDGE_LOOP('',(#2965,#2966,#2967,#2968,#2969,#2970));
#5870=EDGE_LOOP('',(#2971,#2972,#2973,#2974,#2975,#2976));
#5871=EDGE_LOOP('',(#2977,#2978,#2979,#2980,#2981,#2982));
#5872=EDGE_LOOP('',(#2983,#2984,#2985,#2986,#2987,#2988));
#5873=EDGE_LOOP('',(#2989,#2990,#2991,#2992,#2993,#2994));
#5874=EDGE_LOOP('',(#2995,#2996,#2997,#2998,#2999,#3000));
#5875=EDGE_LOOP('',(#3001,#3002,#3003,#3004,#3005,#3006));
#5876=EDGE_LOOP('',(#3007,#3008,#3009,#3010,#3011,#3012));
#5877=EDGE_LOOP('',(#3013,#3014,#3015,#3016));
#5878=EDGE_LOOP('',(#3017,#3018,#3019,#3020));
#5879=EDGE_LOOP('',(#3021,#3022,#3023,#3024));
#5880=EDGE_LOOP('',(#3025));
#5881=EDGE_LOOP('',(#3026,#3027,#3028,#3029));
#5882=EDGE_LOOP('',(#3030,#3031,#3032,#3033));
#5883=EDGE_LOOP('',(#3034,#3035,#3036,#3037));
#5884=EDGE_LOOP('',(#3038,#3039,#3040,#3041));
#5885=EDGE_LOOP('',(#3042));
#5886=EDGE_LOOP('',(#3043,#3044,#3045,#3046));
#5887=EDGE_LOOP('',(#3047,#3048,#3049,#3050));
#5888=EDGE_LOOP('',(#3051,#3052,#3053,#3054));
#5889=EDGE_LOOP('',(#3055,#3056,#3057,#3058));
#5890=EDGE_LOOP('',(#3059));
#5891=EDGE_LOOP('',(#3060,#3061,#3062,#3063));
#5892=EDGE_LOOP('',(#3064,#3065,#3066,#3067));
#5893=EDGE_LOOP('',(#3068,#3069,#3070,#3071));
#5894=EDGE_LOOP('',(#3072,#3073,#3074,#3075));
#5895=EDGE_LOOP('',(#3076));
#5896=EDGE_LOOP('',(#3077,#3078,#3079,#3080));
#5897=EDGE_LOOP('',(#3081));
#5898=EDGE_LOOP('',(#3082));
#5899=EDGE_LOOP('',(#3083,#3084,#3085,#3086,#3087,#3088,#3089,#3090));
#5900=EDGE_LOOP('',(#3091,#3092,#3093,#3094));
#5901=EDGE_LOOP('',(#3095,#3096,#3097,#3098,#3099));
#5902=EDGE_LOOP('',(#3100,#3101,#3102,#3103,#3104,#3105,#3106));
#5903=EDGE_LOOP('',(#3107,#3108,#3109,#3110));
#5904=EDGE_LOOP('',(#3111,#3112,#3113,#3114));
#5905=EDGE_LOOP('',(#3115,#3116,#3117,#3118,#3119));
#5906=EDGE_LOOP('',(#3120,#3121,#3122,#3123));
#5907=EDGE_LOOP('',(#3124,#3125,#3126,#3127));
#5908=EDGE_LOOP('',(#3128,#3129,#3130,#3131));
#5909=EDGE_LOOP('',(#3132,#3133,#3134,#3135));
#5910=EDGE_LOOP('',(#3136,#3137,#3138,#3139));
#5911=EDGE_LOOP('',(#3140,#3141,#3142,#3143));
#5912=EDGE_LOOP('',(#3144,#3145,#3146,#3147));
#5913=EDGE_LOOP('',(#3148,#3149,#3150,#3151));
#5914=EDGE_LOOP('',(#3152,#3153,#3154,#3155));
#5915=EDGE_LOOP('',(#3156,#3157,#3158,#3159));
#5916=EDGE_LOOP('',(#3160,#3161,#3162,#3163));
#5917=EDGE_LOOP('',(#3164,#3165,#3166,#3167,#3168,#3169,#3170,#3171,#3172,
#3173,#3174,#3175,#3176,#3177,#3178,#3179));
#5918=EDGE_LOOP('',(#3180));
#5919=EDGE_LOOP('',(#3181));
#5920=EDGE_LOOP('',(#3182));
#5921=EDGE_LOOP('',(#3183));
#5922=EDGE_LOOP('',(#3184));
#5923=EDGE_LOOP('',(#3185,#3186,#3187,#3188));
#5924=EDGE_LOOP('',(#3189,#3190,#3191,#3192));
#5925=EDGE_LOOP('',(#3193,#3194,#3195,#3196));
#5926=EDGE_LOOP('',(#3197,#3198,#3199,#3200));
#5927=EDGE_LOOP('',(#3201,#3202,#3203,#3204,#3205));
#5928=EDGE_LOOP('',(#3206,#3207,#3208,#3209));
#5929=EDGE_LOOP('',(#3210,#3211,#3212,#3213));
#5930=EDGE_LOOP('',(#3214,#3215,#3216,#3217));
#5931=EDGE_LOOP('',(#3218,#3219,#3220,#3221));
#5932=EDGE_LOOP('',(#3222,#3223,#3224,#3225));
#5933=EDGE_LOOP('',(#3226,#3227,#3228,#3229));
#5934=EDGE_LOOP('',(#3230,#3231,#3232,#3233,#3234));
#5935=EDGE_LOOP('',(#3235,#3236,#3237,#3238,#3239));
#5936=EDGE_LOOP('',(#3240,#3241,#3242,#3243));
#5937=EDGE_LOOP('',(#3244,#3245,#3246,#3247));
#5938=EDGE_LOOP('',(#3248,#3249,#3250,#3251));
#5939=EDGE_LOOP('',(#3252,#3253,#3254,#3255));
#5940=EDGE_LOOP('',(#3256,#3257,#3258,#3259));
#5941=EDGE_LOOP('',(#3260,#3261,#3262,#3263));
#5942=EDGE_LOOP('',(#3264,#3265,#3266,#3267,#3268));
#5943=EDGE_LOOP('',(#3269));
#5944=EDGE_LOOP('',(#3270));
#5945=EDGE_LOOP('',(#3271));
#5946=EDGE_LOOP('',(#3272));
#5947=EDGE_LOOP('',(#3273));
#5948=EDGE_LOOP('',(#3274));
#5949=EDGE_LOOP('',(#3275));
#5950=EDGE_LOOP('',(#3276));
#5951=EDGE_LOOP('',(#3277));
#5952=EDGE_LOOP('',(#3278));
#5953=EDGE_LOOP('',(#3279));
#5954=EDGE_LOOP('',(#3280,#3281));
#5955=EDGE_LOOP('',(#3282));
#5956=EDGE_LOOP('',(#3283));
#5957=EDGE_LOOP('',(#3284));
#5958=EDGE_LOOP('',(#3285));
#5959=EDGE_LOOP('',(#3286));
#5960=EDGE_LOOP('',(#3287));
#5961=EDGE_LOOP('',(#3288));
#5962=EDGE_LOOP('',(#3289));
#5963=EDGE_LOOP('',(#3290));
#5964=EDGE_LOOP('',(#3291));
#5965=EDGE_LOOP('',(#3292));
#5966=EDGE_LOOP('',(#3293));
#5967=EDGE_LOOP('',(#3294));
#5968=EDGE_LOOP('',(#3295));
#5969=EDGE_LOOP('',(#3296));
#5970=EDGE_LOOP('',(#3297));
#5971=EDGE_LOOP('',(#3298));
#5972=EDGE_LOOP('',(#3299));
#5973=EDGE_LOOP('',(#3300));
#5974=EDGE_LOOP('',(#3301));
#5975=EDGE_LOOP('',(#3302));
#5976=EDGE_LOOP('',(#3303));
#5977=EDGE_LOOP('',(#3304,#3305,#3306,#3307));
#5978=EDGE_LOOP('',(#3308,#3309,#3310));
#5979=EDGE_LOOP('',(#3311,#3312,#3313));
#5980=EDGE_LOOP('',(#3314,#3315,#3316,#3317));
#5981=EDGE_LOOP('',(#3318,#3319,#3320,#3321));
#5982=EDGE_LOOP('',(#3322,#3323,#3324,#3325));
#5983=EDGE_LOOP('',(#3326,#3327,#3328,#3329));
#5984=EDGE_LOOP('',(#3330,#3331,#3332,#3333));
#5985=EDGE_LOOP('',(#3334,#3335,#3336,#3337));
#5986=EDGE_LOOP('',(#3338,#3339,#3340,#3341));
#5987=EDGE_LOOP('',(#3342,#3343,#3344,#3345));
#5988=EDGE_LOOP('',(#3346,#3347,#3348,#3349));
#5989=EDGE_LOOP('',(#3350,#3351,#3352,#3353));
#5990=EDGE_LOOP('',(#3354,#3355,#3356,#3357));
#5991=EDGE_LOOP('',(#3358,#3359,#3360,#3361));
#5992=EDGE_LOOP('',(#3362,#3363,#3364,#3365));
#5993=EDGE_LOOP('',(#3366,#3367,#3368));
#5994=EDGE_LOOP('',(#3369,#3370,#3371));
#5995=EDGE_LOOP('',(#3372,#3373,#3374));
#5996=EDGE_LOOP('',(#3375,#3376,#3377));
#5997=EDGE_LOOP('',(#3378,#3379,#3380,#3381));
#5998=EDGE_LOOP('',(#3382,#3383,#3384,#3385));
#5999=EDGE_LOOP('',(#3386,#3387,#3388,#3389));
#6000=EDGE_LOOP('',(#3390,#3391,#3392,#3393));
#6001=EDGE_LOOP('',(#3394,#3395,#3396,#3397));
#6002=EDGE_LOOP('',(#3398,#3399,#3400,#3401));
#6003=EDGE_LOOP('',(#3402,#3403,#3404,#3405));
#6004=EDGE_LOOP('',(#3406,#3407,#3408));
#6005=EDGE_LOOP('',(#3409,#3410,#3411));
#6006=EDGE_LOOP('',(#3412,#3413,#3414));
#6007=EDGE_LOOP('',(#3415,#3416,#3417));
#6008=EDGE_LOOP('',(#3418,#3419,#3420,#3421));
#6009=EDGE_LOOP('',(#3422,#3423,#3424,#3425));
#6010=EDGE_LOOP('',(#3426,#3427,#3428,#3429));
#6011=EDGE_LOOP('',(#3430,#3431,#3432,#3433));
#6012=EDGE_LOOP('',(#3434,#3435,#3436));
#6013=EDGE_LOOP('',(#3437,#3438,#3439));
#6014=EDGE_LOOP('',(#3440,#3441,#3442,#3443));
#6015=EDGE_LOOP('',(#3444,#3445,#3446,#3447));
#6016=EDGE_LOOP('',(#3448,#3449,#3450));
#6017=EDGE_LOOP('',(#3451,#3452,#3453));
#6018=EDGE_LOOP('',(#3454,#3455,#3456,#3457));
#6019=EDGE_LOOP('',(#3458,#3459,#3460,#3461));
#6020=EDGE_LOOP('',(#3462,#3463,#3464,#3465));
#6021=EDGE_LOOP('',(#3466,#3467,#3468,#3469));
#6022=EDGE_LOOP('',(#3470,#3471,#3472,#3473));
#6023=EDGE_LOOP('',(#3474,#3475,#3476,#3477));
#6024=EDGE_LOOP('',(#3478,#3479,#3480,#3481));
#6025=EDGE_LOOP('',(#3482,#3483,#3484,#3485));
#6026=EDGE_LOOP('',(#3486,#3487,#3488,#3489));
#6027=EDGE_LOOP('',(#3490,#3491,#3492,#3493));
#6028=EDGE_LOOP('',(#3494,#3495,#3496,#3497));
#6029=EDGE_LOOP('',(#3498,#3499,#3500,#3501));
#6030=EDGE_LOOP('',(#3502,#3503,#3504));
#6031=EDGE_LOOP('',(#3505,#3506,#3507));
#6032=EDGE_LOOP('',(#3508,#3509,#3510,#3511));
#6033=EDGE_LOOP('',(#3512));
#6034=EDGE_LOOP('',(#3513));
#6035=EDGE_LOOP('',(#3514));
#6036=EDGE_LOOP('',(#3515));
#6037=EDGE_LOOP('',(#3516));
#6038=EDGE_LOOP('',(#3517));
#6039=EDGE_LOOP('',(#3518));
#6040=EDGE_LOOP('',(#3519));
#6041=EDGE_LOOP('',(#3520));
#6042=EDGE_LOOP('',(#3521));
#6043=EDGE_LOOP('',(#3522));
#6044=EDGE_LOOP('',(#3523));
#6045=EDGE_LOOP('',(#3524));
#6046=EDGE_LOOP('',(#3525));
#6047=EDGE_LOOP('',(#3526));
#6048=EDGE_LOOP('',(#3527));
#6049=EDGE_LOOP('',(#3528));
#6050=EDGE_LOOP('',(#3529));
#6051=FACE_BOUND('',#5430,.T.);
#6052=FACE_BOUND('',#5431,.T.);
#6053=FACE_BOUND('',#5432,.T.);
#6054=FACE_BOUND('',#5433,.T.);
#6055=FACE_BOUND('',#5434,.T.);
#6056=FACE_BOUND('',#5435,.T.);
#6057=FACE_BOUND('',#5436,.T.);
#6058=FACE_BOUND('',#5437,.T.);
#6059=FACE_BOUND('',#5438,.T.);
#6060=FACE_BOUND('',#5439,.T.);
#6061=FACE_BOUND('',#5440,.T.);
#6062=FACE_BOUND('',#5441,.T.);
#6063=FACE_BOUND('',#5442,.T.);
#6064=FACE_BOUND('',#5443,.T.);
#6065=FACE_BOUND('',#5444,.T.);
#6066=FACE_BOUND('',#5445,.T.);
#6067=FACE_BOUND('',#5446,.T.);
#6068=FACE_BOUND('',#5447,.T.);
#6069=FACE_BOUND('',#5448,.T.);
#6070=FACE_BOUND('',#5449,.T.);
#6071=FACE_BOUND('',#5450,.T.);
#6072=FACE_BOUND('',#5451,.T.);
#6073=FACE_BOUND('',#5452,.T.);
#6074=FACE_BOUND('',#5453,.T.);
#6075=FACE_BOUND('',#5454,.T.);
#6076=FACE_BOUND('',#5455,.T.);
#6077=FACE_BOUND('',#5456,.T.);
#6078=FACE_BOUND('',#5457,.T.);
#6079=FACE_BOUND('',#5458,.T.);
#6080=FACE_BOUND('',#5459,.T.);
#6081=FACE_BOUND('',#5460,.T.);
#6082=FACE_BOUND('',#5461,.T.);
#6083=FACE_BOUND('',#5462,.T.);
#6084=FACE_BOUND('',#5463,.T.);
#6085=FACE_BOUND('',#5464,.T.);
#6086=FACE_BOUND('',#5465,.T.);
#6087=FACE_BOUND('',#5466,.T.);
#6088=FACE_BOUND('',#5467,.T.);
#6089=FACE_BOUND('',#5468,.T.);
#6090=FACE_BOUND('',#5469,.T.);
#6091=FACE_BOUND('',#5470,.T.);
#6092=FACE_BOUND('',#5471,.T.);
#6093=FACE_BOUND('',#5472,.T.);
#6094=FACE_BOUND('',#5473,.T.);
#6095=FACE_BOUND('',#5474,.T.);
#6096=FACE_BOUND('',#5475,.T.);
#6097=FACE_BOUND('',#5476,.T.);
#6098=FACE_BOUND('',#5477,.T.);
#6099=FACE_BOUND('',#5478,.T.);
#6100=FACE_BOUND('',#5479,.T.);
#6101=FACE_BOUND('',#5480,.T.);
#6102=FACE_BOUND('',#5481,.T.);
#6103=FACE_BOUND('',#5482,.T.);
#6104=FACE_BOUND('',#5483,.T.);
#6105=FACE_BOUND('',#5484,.T.);
#6106=FACE_BOUND('',#5485,.T.);
#6107=FACE_BOUND('',#5486,.T.);
#6108=FACE_BOUND('',#5487,.T.);
#6109=FACE_BOUND('',#5488,.T.);
#6110=FACE_BOUND('',#5489,.T.);
#6111=FACE_BOUND('',#5490,.T.);
#6112=FACE_BOUND('',#5491,.T.);
#6113=FACE_BOUND('',#5492,.T.);
#6114=FACE_BOUND('',#5493,.T.);
#6115=FACE_BOUND('',#5494,.T.);
#6116=FACE_BOUND('',#5495,.T.);
#6117=FACE_BOUND('',#5496,.T.);
#6118=FACE_BOUND('',#5497,.T.);
#6119=FACE_BOUND('',#5498,.T.);
#6120=FACE_BOUND('',#5499,.T.);
#6121=FACE_BOUND('',#5500,.T.);
#6122=FACE_BOUND('',#5501,.T.);
#6123=FACE_BOUND('',#5502,.T.);
#6124=FACE_BOUND('',#5503,.T.);
#6125=FACE_BOUND('',#5504,.T.);
#6126=FACE_BOUND('',#5505,.T.);
#6127=FACE_BOUND('',#5506,.T.);
#6128=FACE_BOUND('',#5507,.T.);
#6129=FACE_BOUND('',#5508,.T.);
#6130=FACE_BOUND('',#5509,.T.);
#6131=FACE_BOUND('',#5510,.T.);
#6132=FACE_BOUND('',#5511,.T.);
#6133=FACE_BOUND('',#5512,.T.);
#6134=FACE_BOUND('',#5513,.T.);
#6135=FACE_BOUND('',#5514,.T.);
#6136=FACE_BOUND('',#5515,.T.);
#6137=FACE_BOUND('',#5516,.T.);
#6138=FACE_BOUND('',#5517,.T.);
#6139=FACE_BOUND('',#5518,.T.);
#6140=FACE_BOUND('',#5519,.T.);
#6141=FACE_BOUND('',#5520,.T.);
#6142=FACE_BOUND('',#5521,.T.);
#6143=FACE_BOUND('',#5522,.T.);
#6144=FACE_BOUND('',#5523,.T.);
#6145=FACE_BOUND('',#5524,.T.);
#6146=FACE_BOUND('',#5525,.T.);
#6147=FACE_BOUND('',#5526,.T.);
#6148=FACE_BOUND('',#5527,.T.);
#6149=FACE_BOUND('',#5528,.T.);
#6150=FACE_BOUND('',#5529,.T.);
#6151=FACE_BOUND('',#5530,.T.);
#6152=FACE_BOUND('',#5531,.T.);
#6153=FACE_BOUND('',#5532,.T.);
#6154=FACE_BOUND('',#5533,.T.);
#6155=FACE_BOUND('',#5534,.T.);
#6156=FACE_BOUND('',#5535,.T.);
#6157=FACE_BOUND('',#5536,.T.);
#6158=FACE_BOUND('',#5537,.T.);
#6159=FACE_BOUND('',#5538,.T.);
#6160=FACE_BOUND('',#5539,.T.);
#6161=FACE_BOUND('',#5540,.T.);
#6162=FACE_BOUND('',#5541,.T.);
#6163=FACE_BOUND('',#5542,.T.);
#6164=FACE_BOUND('',#5543,.T.);
#6165=FACE_BOUND('',#5544,.T.);
#6166=FACE_BOUND('',#5545,.T.);
#6167=FACE_BOUND('',#5546,.T.);
#6168=FACE_BOUND('',#5547,.T.);
#6169=FACE_BOUND('',#5548,.T.);
#6170=FACE_BOUND('',#5549,.T.);
#6171=FACE_BOUND('',#5550,.T.);
#6172=FACE_BOUND('',#5551,.T.);
#6173=FACE_BOUND('',#5552,.T.);
#6174=FACE_BOUND('',#5553,.T.);
#6175=FACE_BOUND('',#5554,.T.);
#6176=FACE_BOUND('',#5555,.T.);
#6177=FACE_BOUND('',#5556,.T.);
#6178=FACE_BOUND('',#5557,.T.);
#6179=FACE_BOUND('',#5558,.T.);
#6180=FACE_BOUND('',#5559,.T.);
#6181=FACE_BOUND('',#5560,.T.);
#6182=FACE_BOUND('',#5561,.T.);
#6183=FACE_BOUND('',#5562,.T.);
#6184=FACE_BOUND('',#5563,.T.);
#6185=FACE_BOUND('',#5564,.T.);
#6186=FACE_BOUND('',#5565,.T.);
#6187=FACE_BOUND('',#5566,.T.);
#6188=FACE_BOUND('',#5567,.T.);
#6189=FACE_BOUND('',#5568,.T.);
#6190=FACE_BOUND('',#5569,.T.);
#6191=FACE_BOUND('',#5570,.T.);
#6192=FACE_BOUND('',#5571,.T.);
#6193=FACE_BOUND('',#5572,.T.);
#6194=FACE_BOUND('',#5573,.T.);
#6195=FACE_BOUND('',#5574,.T.);
#6196=FACE_BOUND('',#5575,.T.);
#6197=FACE_BOUND('',#5576,.T.);
#6198=FACE_BOUND('',#5577,.T.);
#6199=FACE_BOUND('',#5578,.T.);
#6200=FACE_BOUND('',#5579,.T.);
#6201=FACE_BOUND('',#5580,.T.);
#6202=FACE_BOUND('',#5581,.T.);
#6203=FACE_BOUND('',#5582,.T.);
#6204=FACE_BOUND('',#5583,.T.);
#6205=FACE_BOUND('',#5584,.T.);
#6206=FACE_BOUND('',#5585,.T.);
#6207=FACE_BOUND('',#5586,.T.);
#6208=FACE_BOUND('',#5587,.T.);
#6209=FACE_BOUND('',#5588,.T.);
#6210=FACE_BOUND('',#5589,.T.);
#6211=FACE_BOUND('',#5590,.T.);
#6212=FACE_BOUND('',#5591,.T.);
#6213=FACE_BOUND('',#5592,.T.);
#6214=FACE_BOUND('',#5593,.T.);
#6215=FACE_BOUND('',#5594,.T.);
#6216=FACE_BOUND('',#5595,.T.);
#6217=FACE_BOUND('',#5596,.T.);
#6218=FACE_BOUND('',#5597,.T.);
#6219=FACE_BOUND('',#5598,.T.);
#6220=FACE_BOUND('',#5599,.T.);
#6221=FACE_BOUND('',#5600,.T.);
#6222=FACE_BOUND('',#5601,.T.);
#6223=FACE_BOUND('',#5602,.T.);
#6224=FACE_BOUND('',#5603,.T.);
#6225=FACE_BOUND('',#5604,.T.);
#6226=FACE_BOUND('',#5605,.T.);
#6227=FACE_BOUND('',#5606,.T.);
#6228=FACE_BOUND('',#5607,.T.);
#6229=FACE_BOUND('',#5608,.T.);
#6230=FACE_BOUND('',#5609,.T.);
#6231=FACE_BOUND('',#5610,.T.);
#6232=FACE_BOUND('',#5611,.T.);
#6233=FACE_BOUND('',#5612,.T.);
#6234=FACE_BOUND('',#5613,.T.);
#6235=FACE_BOUND('',#5614,.T.);
#6236=FACE_BOUND('',#5615,.T.);
#6237=FACE_BOUND('',#5616,.T.);
#6238=FACE_BOUND('',#5617,.T.);
#6239=FACE_BOUND('',#5618,.T.);
#6240=FACE_BOUND('',#5619,.T.);
#6241=FACE_BOUND('',#5620,.T.);
#6242=FACE_BOUND('',#5621,.T.);
#6243=FACE_BOUND('',#5622,.T.);
#6244=FACE_BOUND('',#5623,.T.);
#6245=FACE_BOUND('',#5624,.T.);
#6246=FACE_BOUND('',#5625,.T.);
#6247=FACE_BOUND('',#5626,.T.);
#6248=FACE_BOUND('',#5627,.T.);
#6249=FACE_BOUND('',#5628,.T.);
#6250=FACE_BOUND('',#5629,.T.);
#6251=FACE_BOUND('',#5630,.T.);
#6252=FACE_BOUND('',#5631,.T.);
#6253=FACE_BOUND('',#5632,.T.);
#6254=FACE_BOUND('',#5633,.T.);
#6255=FACE_BOUND('',#5634,.T.);
#6256=FACE_BOUND('',#5635,.T.);
#6257=FACE_BOUND('',#5636,.T.);
#6258=FACE_BOUND('',#5637,.T.);
#6259=FACE_BOUND('',#5638,.T.);
#6260=FACE_BOUND('',#5639,.T.);
#6261=FACE_BOUND('',#5640,.T.);
#6262=FACE_BOUND('',#5641,.T.);
#6263=FACE_BOUND('',#5642,.T.);
#6264=FACE_BOUND('',#5643,.T.);
#6265=FACE_BOUND('',#5644,.T.);
#6266=FACE_BOUND('',#5645,.T.);
#6267=FACE_BOUND('',#5646,.T.);
#6268=FACE_BOUND('',#5647,.T.);
#6269=FACE_BOUND('',#5648,.T.);
#6270=FACE_BOUND('',#5649,.T.);
#6271=FACE_BOUND('',#5650,.T.);
#6272=FACE_BOUND('',#5651,.T.);
#6273=FACE_BOUND('',#5652,.T.);
#6274=FACE_BOUND('',#5653,.T.);
#6275=FACE_BOUND('',#5654,.T.);
#6276=FACE_BOUND('',#5655,.T.);
#6277=FACE_BOUND('',#5656,.T.);
#6278=FACE_BOUND('',#5657,.T.);
#6279=FACE_BOUND('',#5658,.T.);
#6280=FACE_BOUND('',#5659,.T.);
#6281=FACE_BOUND('',#5660,.T.);
#6282=FACE_BOUND('',#5661,.T.);
#6283=FACE_BOUND('',#5662,.T.);
#6284=FACE_BOUND('',#5663,.T.);
#6285=FACE_BOUND('',#5664,.T.);
#6286=FACE_BOUND('',#5665,.T.);
#6287=FACE_BOUND('',#5666,.T.);
#6288=FACE_BOUND('',#5667,.T.);
#6289=FACE_BOUND('',#5668,.T.);
#6290=FACE_BOUND('',#5669,.T.);
#6291=FACE_BOUND('',#5670,.T.);
#6292=FACE_BOUND('',#5671,.T.);
#6293=FACE_BOUND('',#5672,.T.);
#6294=FACE_BOUND('',#5673,.T.);
#6295=FACE_BOUND('',#5674,.T.);
#6296=FACE_BOUND('',#5675,.T.);
#6297=FACE_BOUND('',#5676,.T.);
#6298=FACE_BOUND('',#5677,.T.);
#6299=FACE_BOUND('',#5678,.T.);
#6300=FACE_BOUND('',#5679,.T.);
#6301=FACE_BOUND('',#5680,.T.);
#6302=FACE_BOUND('',#5681,.T.);
#6303=FACE_BOUND('',#5682,.T.);
#6304=FACE_BOUND('',#5683,.T.);
#6305=FACE_BOUND('',#5684,.T.);
#6306=FACE_BOUND('',#5685,.T.);
#6307=FACE_BOUND('',#5686,.T.);
#6308=FACE_BOUND('',#5687,.T.);
#6309=FACE_BOUND('',#5688,.T.);
#6310=FACE_BOUND('',#5689,.T.);
#6311=FACE_BOUND('',#5690,.T.);
#6312=FACE_BOUND('',#5691,.T.);
#6313=FACE_BOUND('',#5692,.T.);
#6314=FACE_BOUND('',#5693,.T.);
#6315=FACE_BOUND('',#5694,.T.);
#6316=FACE_BOUND('',#5695,.T.);
#6317=FACE_BOUND('',#5696,.T.);
#6318=FACE_BOUND('',#5697,.T.);
#6319=FACE_BOUND('',#5698,.T.);
#6320=FACE_BOUND('',#5699,.T.);
#6321=FACE_BOUND('',#5700,.T.);
#6322=FACE_BOUND('',#5701,.T.);
#6323=FACE_BOUND('',#5702,.T.);
#6324=FACE_BOUND('',#5703,.T.);
#6325=FACE_BOUND('',#5704,.T.);
#6326=FACE_BOUND('',#5705,.T.);
#6327=FACE_BOUND('',#5706,.T.);
#6328=FACE_BOUND('',#5707,.T.);
#6329=FACE_BOUND('',#5708,.T.);
#6330=FACE_BOUND('',#5709,.T.);
#6331=FACE_BOUND('',#5710,.T.);
#6332=FACE_BOUND('',#5711,.T.);
#6333=FACE_BOUND('',#5712,.T.);
#6334=FACE_BOUND('',#5713,.T.);
#6335=FACE_BOUND('',#5714,.T.);
#6336=FACE_BOUND('',#5715,.T.);
#6337=FACE_BOUND('',#5716,.T.);
#6338=FACE_BOUND('',#5717,.T.);
#6339=FACE_BOUND('',#5718,.T.);
#6340=FACE_BOUND('',#5719,.T.);
#6341=FACE_BOUND('',#5720,.T.);
#6342=FACE_BOUND('',#5721,.T.);
#6343=FACE_BOUND('',#5722,.T.);
#6344=FACE_BOUND('',#5723,.T.);
#6345=FACE_BOUND('',#5724,.T.);
#6346=FACE_BOUND('',#5725,.T.);
#6347=FACE_BOUND('',#5726,.T.);
#6348=FACE_BOUND('',#5727,.T.);
#6349=FACE_BOUND('',#5728,.T.);
#6350=FACE_BOUND('',#5729,.T.);
#6351=FACE_BOUND('',#5730,.T.);
#6352=FACE_BOUND('',#5731,.T.);
#6353=FACE_BOUND('',#5732,.T.);
#6354=FACE_BOUND('',#5733,.T.);
#6355=FACE_BOUND('',#5734,.T.);
#6356=FACE_BOUND('',#5735,.T.);
#6357=FACE_BOUND('',#5736,.T.);
#6358=FACE_BOUND('',#5737,.T.);
#6359=FACE_BOUND('',#5738,.T.);
#6360=FACE_BOUND('',#5739,.T.);
#6361=FACE_BOUND('',#5740,.T.);
#6362=FACE_BOUND('',#5741,.T.);
#6363=FACE_BOUND('',#5742,.T.);
#6364=FACE_BOUND('',#5743,.T.);
#6365=FACE_BOUND('',#5744,.T.);
#6366=FACE_BOUND('',#5745,.T.);
#6367=FACE_BOUND('',#5746,.T.);
#6368=FACE_BOUND('',#5747,.T.);
#6369=FACE_BOUND('',#5748,.T.);
#6370=FACE_BOUND('',#5749,.T.);
#6371=FACE_BOUND('',#5750,.T.);
#6372=FACE_BOUND('',#5751,.T.);
#6373=FACE_BOUND('',#5752,.T.);
#6374=FACE_BOUND('',#5753,.T.);
#6375=FACE_BOUND('',#5754,.T.);
#6376=FACE_BOUND('',#5755,.T.);
#6377=FACE_BOUND('',#5756,.T.);
#6378=FACE_BOUND('',#5757,.T.);
#6379=FACE_BOUND('',#5758,.T.);
#6380=FACE_BOUND('',#5759,.T.);
#6381=FACE_BOUND('',#5760,.T.);
#6382=FACE_BOUND('',#5761,.T.);
#6383=FACE_BOUND('',#5762,.T.);
#6384=FACE_BOUND('',#5763,.T.);
#6385=FACE_BOUND('',#5764,.T.);
#6386=FACE_BOUND('',#5765,.T.);
#6387=FACE_BOUND('',#5766,.T.);
#6388=FACE_BOUND('',#5767,.T.);
#6389=FACE_BOUND('',#5768,.T.);
#6390=FACE_BOUND('',#5769,.T.);
#6391=FACE_BOUND('',#5770,.T.);
#6392=FACE_BOUND('',#5771,.T.);
#6393=FACE_BOUND('',#5772,.T.);
#6394=FACE_BOUND('',#5773,.T.);
#6395=FACE_BOUND('',#5774,.T.);
#6396=FACE_BOUND('',#5775,.T.);
#6397=FACE_BOUND('',#5776,.T.);
#6398=FACE_BOUND('',#5777,.T.);
#6399=FACE_BOUND('',#5778,.T.);
#6400=FACE_BOUND('',#5779,.T.);
#6401=FACE_BOUND('',#5780,.T.);
#6402=FACE_BOUND('',#5781,.T.);
#6403=FACE_BOUND('',#5782,.T.);
#6404=FACE_BOUND('',#5783,.T.);
#6405=FACE_BOUND('',#5784,.T.);
#6406=FACE_BOUND('',#5785,.T.);
#6407=FACE_BOUND('',#5786,.T.);
#6408=FACE_BOUND('',#5787,.T.);
#6409=FACE_BOUND('',#5788,.T.);
#6410=FACE_BOUND('',#5789,.T.);
#6411=FACE_BOUND('',#5790,.T.);
#6412=FACE_BOUND('',#5791,.T.);
#6413=FACE_BOUND('',#5792,.T.);
#6414=FACE_BOUND('',#5793,.T.);
#6415=FACE_BOUND('',#5794,.T.);
#6416=FACE_BOUND('',#5795,.T.);
#6417=FACE_BOUND('',#5796,.T.);
#6418=FACE_BOUND('',#5797,.T.);
#6419=FACE_BOUND('',#5798,.T.);
#6420=FACE_BOUND('',#5799,.T.);
#6421=FACE_BOUND('',#5800,.T.);
#6422=FACE_BOUND('',#5801,.T.);
#6423=FACE_BOUND('',#5802,.T.);
#6424=FACE_BOUND('',#5803,.T.);
#6425=FACE_BOUND('',#5804,.T.);
#6426=FACE_BOUND('',#5805,.T.);
#6427=FACE_BOUND('',#5806,.T.);
#6428=FACE_BOUND('',#5807,.T.);
#6429=FACE_BOUND('',#5808,.T.);
#6430=FACE_BOUND('',#5809,.T.);
#6431=FACE_BOUND('',#5810,.T.);
#6432=FACE_BOUND('',#5811,.T.);
#6433=FACE_BOUND('',#5812,.T.);
#6434=FACE_BOUND('',#5813,.T.);
#6435=FACE_BOUND('',#5814,.T.);
#6436=FACE_BOUND('',#5815,.T.);
#6437=FACE_BOUND('',#5816,.T.);
#6438=FACE_BOUND('',#5817,.T.);
#6439=FACE_BOUND('',#5818,.T.);
#6440=FACE_BOUND('',#5819,.T.);
#6441=FACE_BOUND('',#5820,.T.);
#6442=FACE_BOUND('',#5821,.T.);
#6443=FACE_BOUND('',#5822,.T.);
#6444=FACE_BOUND('',#5823,.T.);
#6445=FACE_BOUND('',#5824,.T.);
#6446=FACE_BOUND('',#5825,.T.);
#6447=FACE_BOUND('',#5826,.T.);
#6448=FACE_BOUND('',#5827,.T.);
#6449=FACE_BOUND('',#5828,.T.);
#6450=FACE_BOUND('',#5829,.T.);
#6451=FACE_BOUND('',#5830,.T.);
#6452=FACE_BOUND('',#5831,.T.);
#6453=FACE_BOUND('',#5832,.T.);
#6454=FACE_BOUND('',#5833,.T.);
#6455=FACE_BOUND('',#5834,.T.);
#6456=FACE_BOUND('',#5835,.T.);
#6457=FACE_BOUND('',#5836,.T.);
#6458=FACE_BOUND('',#5837,.T.);
#6459=FACE_BOUND('',#5838,.T.);
#6460=FACE_BOUND('',#5839,.T.);
#6461=FACE_BOUND('',#5840,.T.);
#6462=FACE_BOUND('',#5841,.T.);
#6463=FACE_BOUND('',#5842,.T.);
#6464=FACE_BOUND('',#5843,.T.);
#6465=FACE_BOUND('',#5844,.T.);
#6466=FACE_BOUND('',#5845,.T.);
#6467=FACE_BOUND('',#5846,.T.);
#6468=FACE_BOUND('',#5847,.T.);
#6469=FACE_BOUND('',#5848,.T.);
#6470=FACE_BOUND('',#5849,.T.);
#6471=FACE_BOUND('',#5850,.T.);
#6472=FACE_BOUND('',#5851,.T.);
#6473=FACE_BOUND('',#5852,.T.);
#6474=FACE_BOUND('',#5853,.T.);
#6475=FACE_BOUND('',#5854,.T.);
#6476=FACE_BOUND('',#5855,.T.);
#6477=FACE_BOUND('',#5856,.T.);
#6478=FACE_BOUND('',#5857,.T.);
#6479=FACE_BOUND('',#5858,.T.);
#6480=FACE_BOUND('',#5859,.T.);
#6481=FACE_BOUND('',#5860,.T.);
#6482=FACE_BOUND('',#5861,.T.);
#6483=FACE_BOUND('',#5862,.T.);
#6484=FACE_BOUND('',#5863,.T.);
#6485=FACE_BOUND('',#5864,.T.);
#6486=FACE_BOUND('',#5865,.T.);
#6487=FACE_BOUND('',#5866,.T.);
#6488=FACE_BOUND('',#5867,.T.);
#6489=FACE_BOUND('',#5868,.T.);
#6490=FACE_BOUND('',#5869,.T.);
#6491=FACE_BOUND('',#5870,.T.);
#6492=FACE_BOUND('',#5871,.T.);
#6493=FACE_BOUND('',#5872,.T.);
#6494=FACE_BOUND('',#5873,.T.);
#6495=FACE_BOUND('',#5874,.T.);
#6496=FACE_BOUND('',#5875,.T.);
#6497=FACE_BOUND('',#5876,.T.);
#6498=FACE_BOUND('',#5877,.T.);
#6499=FACE_BOUND('',#5878,.T.);
#6500=FACE_BOUND('',#5879,.T.);
#6501=FACE_BOUND('',#5880,.T.);
#6502=FACE_BOUND('',#5881,.T.);
#6503=FACE_BOUND('',#5882,.T.);
#6504=FACE_BOUND('',#5883,.T.);
#6505=FACE_BOUND('',#5884,.T.);
#6506=FACE_BOUND('',#5885,.T.);
#6507=FACE_BOUND('',#5886,.T.);
#6508=FACE_BOUND('',#5887,.T.);
#6509=FACE_BOUND('',#5888,.T.);
#6510=FACE_BOUND('',#5889,.T.);
#6511=FACE_BOUND('',#5890,.T.);
#6512=FACE_BOUND('',#5891,.T.);
#6513=FACE_BOUND('',#5892,.T.);
#6514=FACE_BOUND('',#5893,.T.);
#6515=FACE_BOUND('',#5894,.T.);
#6516=FACE_BOUND('',#5895,.T.);
#6517=FACE_BOUND('',#5896,.T.);
#6518=FACE_BOUND('',#5897,.T.);
#6519=FACE_BOUND('',#5898,.T.);
#6520=FACE_BOUND('',#5899,.T.);
#6521=FACE_BOUND('',#5900,.T.);
#6522=FACE_BOUND('',#5901,.T.);
#6523=FACE_BOUND('',#5902,.T.);
#6524=FACE_BOUND('',#5903,.T.);
#6525=FACE_BOUND('',#5904,.T.);
#6526=FACE_BOUND('',#5905,.T.);
#6527=FACE_BOUND('',#5906,.T.);
#6528=FACE_BOUND('',#5907,.T.);
#6529=FACE_BOUND('',#5908,.T.);
#6530=FACE_BOUND('',#5909,.T.);
#6531=FACE_BOUND('',#5910,.T.);
#6532=FACE_BOUND('',#5911,.T.);
#6533=FACE_BOUND('',#5912,.T.);
#6534=FACE_BOUND('',#5913,.T.);
#6535=FACE_BOUND('',#5914,.T.);
#6536=FACE_BOUND('',#5915,.T.);
#6537=FACE_BOUND('',#5916,.T.);
#6538=FACE_BOUND('',#5917,.T.);
#6539=FACE_BOUND('',#5918,.T.);
#6540=FACE_BOUND('',#5919,.T.);
#6541=FACE_BOUND('',#5920,.T.);
#6542=FACE_BOUND('',#5921,.T.);
#6543=FACE_BOUND('',#5922,.T.);
#6544=FACE_BOUND('',#5923,.T.);
#6545=FACE_BOUND('',#5924,.T.);
#6546=FACE_BOUND('',#5925,.T.);
#6547=FACE_BOUND('',#5926,.T.);
#6548=FACE_BOUND('',#5927,.T.);
#6549=FACE_BOUND('',#5928,.T.);
#6550=FACE_BOUND('',#5929,.T.);
#6551=FACE_BOUND('',#5930,.T.);
#6552=FACE_BOUND('',#5931,.T.);
#6553=FACE_BOUND('',#5932,.T.);
#6554=FACE_BOUND('',#5933,.T.);
#6555=FACE_BOUND('',#5934,.T.);
#6556=FACE_BOUND('',#5935,.T.);
#6557=FACE_BOUND('',#5936,.T.);
#6558=FACE_BOUND('',#5937,.T.);
#6559=FACE_BOUND('',#5938,.T.);
#6560=FACE_BOUND('',#5939,.T.);
#6561=FACE_BOUND('',#5940,.T.);
#6562=FACE_BOUND('',#5941,.T.);
#6563=FACE_BOUND('',#5942,.T.);
#6564=FACE_BOUND('',#5943,.T.);
#6565=FACE_BOUND('',#5944,.T.);
#6566=FACE_BOUND('',#5945,.T.);
#6567=FACE_BOUND('',#5946,.T.);
#6568=FACE_BOUND('',#5947,.T.);
#6569=FACE_BOUND('',#5948,.T.);
#6570=FACE_BOUND('',#5949,.T.);
#6571=FACE_BOUND('',#5950,.T.);
#6572=FACE_BOUND('',#5951,.T.);
#6573=FACE_BOUND('',#5952,.T.);
#6574=FACE_BOUND('',#5953,.T.);
#6575=FACE_BOUND('',#5954,.T.);
#6576=FACE_BOUND('',#5955,.T.);
#6577=FACE_BOUND('',#5956,.T.);
#6578=FACE_BOUND('',#5957,.T.);
#6579=FACE_BOUND('',#5958,.T.);
#6580=FACE_BOUND('',#5959,.T.);
#6581=FACE_BOUND('',#5960,.T.);
#6582=FACE_BOUND('',#5961,.T.);
#6583=FACE_BOUND('',#5962,.T.);
#6584=FACE_BOUND('',#5963,.T.);
#6585=FACE_BOUND('',#5964,.T.);
#6586=FACE_BOUND('',#5965,.T.);
#6587=FACE_BOUND('',#5966,.T.);
#6588=FACE_BOUND('',#5967,.T.);
#6589=FACE_BOUND('',#5968,.T.);
#6590=FACE_BOUND('',#5969,.T.);
#6591=FACE_BOUND('',#5970,.T.);
#6592=FACE_BOUND('',#5971,.T.);
#6593=FACE_BOUND('',#5972,.T.);
#6594=FACE_BOUND('',#5973,.T.);
#6595=FACE_BOUND('',#5974,.T.);
#6596=FACE_BOUND('',#5975,.T.);
#6597=FACE_BOUND('',#5976,.T.);
#6598=FACE_BOUND('',#5977,.T.);
#6599=FACE_BOUND('',#5978,.T.);
#6600=FACE_BOUND('',#5979,.T.);
#6601=FACE_BOUND('',#5980,.T.);
#6602=FACE_BOUND('',#5981,.T.);
#6603=FACE_BOUND('',#5982,.T.);
#6604=FACE_BOUND('',#5983,.T.);
#6605=FACE_BOUND('',#5984,.T.);
#6606=FACE_BOUND('',#5985,.T.);
#6607=FACE_BOUND('',#5986,.T.);
#6608=FACE_BOUND('',#5987,.T.);
#6609=FACE_BOUND('',#5988,.T.);
#6610=FACE_BOUND('',#5989,.T.);
#6611=FACE_BOUND('',#5990,.T.);
#6612=FACE_BOUND('',#5991,.T.);
#6613=FACE_BOUND('',#5992,.T.);
#6614=FACE_BOUND('',#5993,.T.);
#6615=FACE_BOUND('',#5994,.T.);
#6616=FACE_BOUND('',#5995,.T.);
#6617=FACE_BOUND('',#5996,.T.);
#6618=FACE_BOUND('',#5997,.T.);
#6619=FACE_BOUND('',#5998,.T.);
#6620=FACE_BOUND('',#5999,.T.);
#6621=FACE_BOUND('',#6000,.T.);
#6622=FACE_BOUND('',#6001,.T.);
#6623=FACE_BOUND('',#6002,.T.);
#6624=FACE_BOUND('',#6003,.T.);
#6625=FACE_BOUND('',#6004,.T.);
#6626=FACE_BOUND('',#6005,.T.);
#6627=FACE_BOUND('',#6006,.T.);
#6628=FACE_BOUND('',#6007,.T.);
#6629=FACE_BOUND('',#6008,.T.);
#6630=FACE_BOUND('',#6009,.T.);
#6631=FACE_BOUND('',#6010,.T.);
#6632=FACE_BOUND('',#6011,.T.);
#6633=FACE_BOUND('',#6012,.T.);
#6634=FACE_BOUND('',#6013,.T.);
#6635=FACE_BOUND('',#6014,.T.);
#6636=FACE_BOUND('',#6015,.T.);
#6637=FACE_BOUND('',#6016,.T.);
#6638=FACE_BOUND('',#6017,.T.);
#6639=FACE_BOUND('',#6018,.T.);
#6640=FACE_BOUND('',#6019,.T.);
#6641=FACE_BOUND('',#6020,.T.);
#6642=FACE_BOUND('',#6021,.T.);
#6643=FACE_BOUND('',#6022,.T.);
#6644=FACE_BOUND('',#6023,.T.);
#6645=FACE_BOUND('',#6024,.T.);
#6646=FACE_BOUND('',#6025,.T.);
#6647=FACE_BOUND('',#6026,.T.);
#6648=FACE_BOUND('',#6027,.T.);
#6649=FACE_BOUND('',#6028,.T.);
#6650=FACE_BOUND('',#6029,.T.);
#6651=FACE_BOUND('',#6030,.T.);
#6652=FACE_BOUND('',#6031,.T.);
#6653=FACE_BOUND('',#6032,.T.);
#6654=FACE_BOUND('',#6033,.T.);
#6655=FACE_BOUND('',#6034,.T.);
#6656=FACE_BOUND('',#6035,.T.);
#6657=FACE_BOUND('',#6036,.T.);
#6658=FACE_BOUND('',#6037,.T.);
#6659=FACE_BOUND('',#6038,.T.);
#6660=FACE_BOUND('',#6039,.T.);
#6661=FACE_BOUND('',#6040,.T.);
#6662=FACE_BOUND('',#6041,.T.);
#6663=FACE_BOUND('',#6042,.T.);
#6664=FACE_BOUND('',#6043,.T.);
#6665=FACE_BOUND('',#6044,.T.);
#6666=FACE_BOUND('',#6045,.T.);
#6667=FACE_BOUND('',#6046,.T.);
#6668=FACE_BOUND('',#6047,.T.);
#6669=FACE_BOUND('',#6048,.T.);
#6670=FACE_BOUND('',#6049,.T.);
#6671=FACE_BOUND('',#6050,.T.);
#6672=PLANE('',#7349);
#6673=PLANE('',#7364);
#6674=PLANE('',#7368);
#6675=PLANE('',#7372);
#6676=PLANE('',#7376);
#6677=PLANE('',#7395);
#6678=PLANE('',#7396);
#6679=PLANE('',#7397);
#6680=PLANE('',#7398);
#6681=PLANE('',#7399);
#6682=PLANE('',#7400);
#6683=PLANE('',#7401);
#6684=PLANE('',#7402);
#6685=PLANE('',#7571);
#6686=PLANE('',#7574);
#6687=PLANE('',#7576);
#6688=PLANE('',#7578);
#6689=PLANE('',#7582);
#6690=PLANE('',#7588);
#6691=PLANE('',#7601);
#6692=PLANE('',#7908);
#6693=PLANE('',#7918);
#6694=PLANE('',#7919);
#6695=PLANE('',#7920);
#6696=PLANE('',#7921);
#6697=PLANE('',#7922);
#6698=PLANE('',#7923);
#6699=PLANE('',#7924);
#6700=PLANE('',#7925);
#6701=PLANE('',#7926);
#6702=PLANE('',#7927);
#6703=PLANE('',#7928);
#6704=PLANE('',#7929);
#6705=PLANE('',#7930);
#6706=PLANE('',#7931);
#6707=PLANE('',#7932);
#6708=PLANE('',#7933);
#6709=PLANE('',#7934);
#6710=PLANE('',#7935);
#6711=PLANE('',#7936);
#6712=PLANE('',#7937);
#6713=PLANE('',#7938);
#6714=PLANE('',#7939);
#6715=PLANE('',#7940);
#6716=PLANE('',#7941);
#6717=PLANE('',#7942);
#6718=PLANE('',#7943);
#6719=PLANE('',#7944);
#6720=PLANE('',#7945);
#6721=PLANE('',#7946);
#6722=PLANE('',#7947);
#6723=PLANE('',#7948);
#6724=PLANE('',#7949);
#6725=PLANE('',#7950);
#6726=PLANE('',#7951);
#6727=PLANE('',#7952);
#6728=PLANE('',#7953);
#6729=PLANE('',#7954);
#6730=PLANE('',#7955);
#6731=PLANE('',#7956);
#6732=PLANE('',#7957);
#6733=PLANE('',#7958);
#6734=PLANE('',#7959);
#6735=PLANE('',#7960);
#6736=PLANE('',#7961);
#6737=PLANE('',#7962);
#6738=PLANE('',#7963);
#6739=PLANE('',#7964);
#6740=PLANE('',#7965);
#6741=PLANE('',#7966);
#6742=PLANE('',#7967);
#6743=PLANE('',#7968);
#6744=PLANE('',#7969);
#6745=PLANE('',#7970);
#6746=PLANE('',#7971);
#6747=PLANE('',#7972);
#6748=PLANE('',#7973);
#6749=PLANE('',#7974);
#6750=PLANE('',#7975);
#6751=PLANE('',#7976);
#6752=PLANE('',#7977);
#6753=PLANE('',#7978);
#6754=PLANE('',#7979);
#6755=PLANE('',#7980);
#6756=PLANE('',#7981);
#6757=PLANE('',#7982);
#6758=PLANE('',#7983);
#6759=PLANE('',#7984);
#6760=PLANE('',#7985);
#6761=PLANE('',#7986);
#6762=PLANE('',#7987);
#6763=PLANE('',#7988);
#6764=PLANE('',#7989);
#6765=PLANE('',#7990);
#6766=PLANE('',#7991);
#6767=PLANE('',#7992);
#6768=PLANE('',#7993);
#6769=PLANE('',#7994);
#6770=PLANE('',#7995);
#6771=PLANE('',#7996);
#6772=PLANE('',#7997);
#6773=PLANE('',#7998);
#6774=PLANE('',#7999);
#6775=PLANE('',#8000);
#6776=PLANE('',#8004);
#6777=PLANE('',#8005);
#6778=PLANE('',#8006);
#6779=PLANE('',#8008);
#6780=PLANE('',#8012);
#6781=PLANE('',#8013);
#6782=PLANE('',#8015);
#6783=PLANE('',#8019);
#6784=PLANE('',#8020);
#6785=PLANE('',#8022);
#6786=PLANE('',#8026);
#6787=PLANE('',#8027);
#6788=PLANE('',#8030);
#6789=PLANE('',#8031);
#6790=PLANE('',#8032);
#6791=PLANE('',#8033);
#6792=PLANE('',#8037);
#6793=PLANE('',#8038);
#6794=PLANE('',#8039);
#6795=PLANE('',#8040);
#6796=PLANE('',#8041);
#6797=PLANE('',#8045);
#6798=PLANE('',#8046);
#6799=PLANE('',#8047);
#6800=PLANE('',#8048);
#6801=PLANE('',#8049);
#6802=PLANE('',#8050);
#6803=PLANE('',#8063);
#6804=PLANE('',#8069);
#6805=PLANE('',#8070);
#6806=PLANE('',#8073);
#6807=PLANE('',#8074);
#6808=PLANE('',#8077);
#6809=PLANE('',#8078);
#6810=PLANE('',#8081);
#6811=PLANE('',#8082);
#6812=PLANE('',#8091);
#6813=PLANE('',#8094);
#6814=PLANE('',#8108);
#6815=PLANE('',#8111);
#6816=PLANE('',#8112);
#6817=PLANE('',#8113);
#6818=PLANE('',#8114);
#6819=PLANE('',#8115);
#6820=PLANE('',#8116);
#6821=PLANE('',#8117);
#6822=PLANE('',#8119);
#6823=PLANE('',#8120);
#6824=PLANE('',#8122);
#6825=PLANE('',#8123);
#6826=PLANE('',#8124);
#6827=PLANE('',#8125);
#6828=PLANE('',#8126);
#6829=PLANE('',#8127);
#6830=PLANE('',#8128);
#6831=PLANE('',#8129);
#6832=PLANE('',#8130);
#6833=PLANE('',#8131);
#6834=PLANE('',#8132);
#6835=PLANE('',#8133);
#6836=PLANE('',#8134);
#6837=PLANE('',#8135);
#6838=PLANE('',#8136);
#6839=PLANE('',#8137);
#6840=PLANE('',#8138);
#6841=PLANE('',#8139);
#6842=PLANE('',#8140);
#6843=PLANE('',#8141);
#6844=PLANE('',#8142);
#6845=PLANE('',#8143);
#6846=PLANE('',#8144);
#6847=PLANE('',#8145);
#6848=PLANE('',#8146);
#6849=PLANE('',#8147);
#6850=PLANE('',#8148);
#6851=PLANE('',#8149);
#6852=PLANE('',#8150);
#6853=PLANE('',#8151);
#6854=PLANE('',#8152);
#6855=PLANE('',#8153);
#6856=PLANE('',#8154);
#6857=PLANE('',#8155);
#6858=PLANE('',#8157);
#6859=PLANE('',#8158);
#6860=PLANE('',#8160);
#6861=PLANE('',#8161);
#6862=PLANE('',#8162);
#6863=PLANE('',#8163);
#6864=PLANE('',#8164);
#6865=PLANE('',#8165);
#6866=PLANE('',#8166);
#6867=ADVANCED_FACE('',(#6051,#6052),#6672,.F.);
#6868=ADVANCED_FACE('',(#6053,#6054),#1388,.F.);
#6869=ADVANCED_FACE('',(#6055,#6056),#1389,.F.);
#6870=ADVANCED_FACE('',(#6057,#6058),#1390,.F.);
#6871=ADVANCED_FACE('',(#6059,#6060),#1391,.F.);
#6872=ADVANCED_FACE('',(#6061,#6062),#6673,.T.);
#6873=ADVANCED_FACE('',(#6063,#6064),#1392,.F.);
#6874=ADVANCED_FACE('',(#6065,#6066),#6674,.T.);
#6875=ADVANCED_FACE('',(#6067,#6068),#1393,.F.);
#6876=ADVANCED_FACE('',(#6069,#6070),#6675,.T.);
#6877=ADVANCED_FACE('',(#6071,#6072),#1394,.F.);
#6878=ADVANCED_FACE('',(#6073),#6676,.F.);
#6879=ADVANCED_FACE('',(#6074),#1395,.T.);
#6880=ADVANCED_FACE('',(#6075),#1396,.T.);
#6881=ADVANCED_FACE('',(#6076),#1397,.T.);
#6882=ADVANCED_FACE('',(#6077),#1398,.T.);
#6883=ADVANCED_FACE('',(#6078),#6677,.F.);
#6884=ADVANCED_FACE('',(#6079),#6678,.F.);
#6885=ADVANCED_FACE('',(#6080),#6679,.F.);
#6886=ADVANCED_FACE('',(#6081),#6680,.F.);
#6887=ADVANCED_FACE('',(#6082),#6681,.F.);
#6888=ADVANCED_FACE('',(#6083),#6682,.F.);
#6889=ADVANCED_FACE('',(#6084),#6683,.F.);
#6890=ADVANCED_FACE('',(#6085),#6684,.F.);
#6891=ADVANCED_FACE('',(#6086),#1399,.T.);
#6892=ADVANCED_FACE('',(#6087),#1400,.T.);
#6893=ADVANCED_FACE('',(#6088),#1401,.T.);
#6894=ADVANCED_FACE('',(#6089),#1402,.T.);
#6895=ADVANCED_FACE('',(#6090),#1403,.T.);
#6896=ADVANCED_FACE('',(#6091),#1404,.T.);
#6897=ADVANCED_FACE('',(#6092),#1405,.T.);
#6898=ADVANCED_FACE('',(#6093),#1406,.T.);
#6899=ADVANCED_FACE('',(#6094),#1407,.T.);
#6900=ADVANCED_FACE('',(#6095),#1408,.T.);
#6901=ADVANCED_FACE('',(#6096),#1409,.T.);
#6902=ADVANCED_FACE('',(#6097),#1410,.T.);
#6903=ADVANCED_FACE('',(#6098),#1411,.T.);
#6904=ADVANCED_FACE('',(#6099),#1412,.T.);
#6905=ADVANCED_FACE('',(#6100),#1413,.T.);
#6906=ADVANCED_FACE('',(#6101),#1414,.T.);
#6907=ADVANCED_FACE('',(#6102),#1415,.T.);
#6908=ADVANCED_FACE('',(#6103),#1416,.T.);
#6909=ADVANCED_FACE('',(#6104),#1417,.T.);
#6910=ADVANCED_FACE('',(#6105),#1418,.T.);
#6911=ADVANCED_FACE('',(#6106),#1419,.T.);
#6912=ADVANCED_FACE('',(#6107),#1420,.T.);
#6913=ADVANCED_FACE('',(#6108),#1421,.T.);
#6914=ADVANCED_FACE('',(#6109),#1422,.T.);
#6915=ADVANCED_FACE('',(#6110),#1423,.T.);
#6916=ADVANCED_FACE('',(#6111),#1424,.T.);
#6917=ADVANCED_FACE('',(#6112),#1425,.T.);
#6918=ADVANCED_FACE('',(#6113),#1426,.T.);
#6919=ADVANCED_FACE('',(#6114),#1427,.T.);
#6920=ADVANCED_FACE('',(#6115),#1428,.T.);
#6921=ADVANCED_FACE('',(#6116),#1429,.T.);
#6922=ADVANCED_FACE('',(#6117),#1430,.T.);
#6923=ADVANCED_FACE('',(#6118),#1431,.T.);
#6924=ADVANCED_FACE('',(#6119),#1432,.T.);
#6925=ADVANCED_FACE('',(#6120),#1433,.T.);
#6926=ADVANCED_FACE('',(#6121),#1434,.T.);
#6927=ADVANCED_FACE('',(#6122),#1435,.T.);
#6928=ADVANCED_FACE('',(#6123),#1436,.T.);
#6929=ADVANCED_FACE('',(#6124),#1437,.T.);
#6930=ADVANCED_FACE('',(#6125),#1438,.T.);
#6931=ADVANCED_FACE('',(#6126,#6127,#6128),#1439,.T.);
#6932=ADVANCED_FACE('',(#6129,#6130),#6685,.F.);
#6933=ADVANCED_FACE('',(#6131),#6686,.T.);
#6934=ADVANCED_FACE('',(#6132),#6687,.T.);
#6935=ADVANCED_FACE('',(#6133),#6688,.F.);
#6936=ADVANCED_FACE('',(#6134,#6135),#52,.T.);
#6937=ADVANCED_FACE('',(#6136,#6137),#6689,.F.);
#6938=ADVANCED_FACE('',(#6138),#6690,.T.);
#6939=ADVANCED_FACE('',(#6139,#6140),#1440,.F.);
#6940=ADVANCED_FACE('',(#6141,#6142),#1441,.F.);
#6941=ADVANCED_FACE('',(#6143,#6144),#1442,.F.);
#6942=ADVANCED_FACE('',(#6145,#6146),#1443,.F.);
#6943=ADVANCED_FACE('',(#6147,#6148,#6149,#6150,#6151,#6152),#6691,.T.);
#6944=ADVANCED_FACE('',(#6153),#1444,.T.);
#6945=ADVANCED_FACE('',(#6154),#1445,.T.);
#6946=ADVANCED_FACE('',(#6155),#1446,.T.);
#6947=ADVANCED_FACE('',(#6156),#1447,.T.);
#6948=ADVANCED_FACE('',(#6157),#1448,.T.);
#6949=ADVANCED_FACE('',(#6158),#1449,.T.);
#6950=ADVANCED_FACE('',(#6159),#1450,.T.);
#6951=ADVANCED_FACE('',(#6160),#1451,.T.);
#6952=ADVANCED_FACE('',(#6161),#1452,.T.);
#6953=ADVANCED_FACE('',(#6162),#1453,.T.);
#6954=ADVANCED_FACE('',(#6163),#1454,.T.);
#6955=ADVANCED_FACE('',(#6164),#1455,.T.);
#6956=ADVANCED_FACE('',(#6165),#1456,.T.);
#6957=ADVANCED_FACE('',(#6166),#1457,.T.);
#6958=ADVANCED_FACE('',(#6167),#1458,.T.);
#6959=ADVANCED_FACE('',(#6168),#1459,.T.);
#6960=ADVANCED_FACE('',(#6169),#12,.T.);
#6961=ADVANCED_FACE('',(#6170),#13,.T.);
#6962=ADVANCED_FACE('',(#6171),#14,.T.);
#6963=ADVANCED_FACE('',(#6172),#15,.T.);
#6964=ADVANCED_FACE('',(#6173),#16,.T.);
#6965=ADVANCED_FACE('',(#6174),#17,.T.);
#6966=ADVANCED_FACE('',(#6175),#18,.T.);
#6967=ADVANCED_FACE('',(#6176),#19,.T.);
#6968=ADVANCED_FACE('',(#6177),#20,.T.);
#6969=ADVANCED_FACE('',(#6178),#21,.T.);
#6970=ADVANCED_FACE('',(#6179),#1460,.T.);
#6971=ADVANCED_FACE('',(#6180),#1461,.T.);
#6972=ADVANCED_FACE('',(#6181),#1462,.T.);
#6973=ADVANCED_FACE('',(#6182),#1463,.T.);
#6974=ADVANCED_FACE('',(#6183),#1464,.T.);
#6975=ADVANCED_FACE('',(#6184),#22,.T.);
#6976=ADVANCED_FACE('',(#6185),#23,.T.);
#6977=ADVANCED_FACE('',(#6186),#24,.T.);
#6978=ADVANCED_FACE('',(#6187),#25,.T.);
#6979=ADVANCED_FACE('',(#6188),#26,.T.);
#6980=ADVANCED_FACE('',(#6189),#27,.T.);
#6981=ADVANCED_FACE('',(#6190),#28,.T.);
#6982=ADVANCED_FACE('',(#6191),#29,.T.);
#6983=ADVANCED_FACE('',(#6192),#30,.T.);
#6984=ADVANCED_FACE('',(#6193),#31,.T.);
#6985=ADVANCED_FACE('',(#6194),#1465,.T.);
#6986=ADVANCED_FACE('',(#6195),#1466,.T.);
#6987=ADVANCED_FACE('',(#6196),#1467,.T.);
#6988=ADVANCED_FACE('',(#6197),#1468,.T.);
#6989=ADVANCED_FACE('',(#6198),#1469,.T.);
#6990=ADVANCED_FACE('',(#6199),#32,.T.);
#6991=ADVANCED_FACE('',(#6200),#33,.T.);
#6992=ADVANCED_FACE('',(#6201),#34,.T.);
#6993=ADVANCED_FACE('',(#6202),#35,.T.);
#6994=ADVANCED_FACE('',(#6203),#36,.T.);
#6995=ADVANCED_FACE('',(#6204),#37,.T.);
#6996=ADVANCED_FACE('',(#6205),#38,.T.);
#6997=ADVANCED_FACE('',(#6206),#39,.T.);
#6998=ADVANCED_FACE('',(#6207),#40,.T.);
#6999=ADVANCED_FACE('',(#6208),#41,.T.);
#7000=ADVANCED_FACE('',(#6209),#1470,.T.);
#7001=ADVANCED_FACE('',(#6210),#1471,.T.);
#7002=ADVANCED_FACE('',(#6211),#1472,.T.);
#7003=ADVANCED_FACE('',(#6212),#1473,.T.);
#7004=ADVANCED_FACE('',(#6213),#1474,.T.);
#7005=ADVANCED_FACE('',(#6214),#1475,.T.);
#7006=ADVANCED_FACE('',(#6215),#1476,.T.);
#7007=ADVANCED_FACE('',(#6216),#1477,.T.);
#7008=ADVANCED_FACE('',(#6217),#1478,.T.);
#7009=ADVANCED_FACE('',(#6218),#1479,.T.);
#7010=ADVANCED_FACE('',(#6219),#42,.T.);
#7011=ADVANCED_FACE('',(#6220),#43,.T.);
#7012=ADVANCED_FACE('',(#6221),#44,.T.);
#7013=ADVANCED_FACE('',(#6222),#45,.T.);
#7014=ADVANCED_FACE('',(#6223),#46,.T.);
#7015=ADVANCED_FACE('',(#6224),#47,.T.);
#7016=ADVANCED_FACE('',(#6225),#48,.T.);
#7017=ADVANCED_FACE('',(#6226),#49,.T.);
#7018=ADVANCED_FACE('',(#6227),#50,.T.);
#7019=ADVANCED_FACE('',(#6228),#51,.T.);
#7020=ADVANCED_FACE('',(#6229,#6230),#1480,.T.);
#7021=ADVANCED_FACE('',(#6231,#6232),#53,.F.);
#7022=ADVANCED_FACE('',(#6233,#6234),#54,.F.);
#7023=ADVANCED_FACE('',(#6235,#6236),#55,.F.);
#7024=ADVANCED_FACE('',(#6237,#6238),#56,.F.);
#7025=ADVANCED_FACE('',(#6239,#6240),#57,.F.);
#7026=ADVANCED_FACE('',(#6241,#6242),#58,.F.);
#7027=ADVANCED_FACE('',(#6243,#6244),#59,.F.);
#7028=ADVANCED_FACE('',(#6245,#6246),#60,.F.);
#7029=ADVANCED_FACE('',(#6247,#6248),#61,.F.);
#7030=ADVANCED_FACE('',(#6249,#6250),#62,.F.);
#7031=ADVANCED_FACE('',(#6251,#6252),#63,.F.);
#7032=ADVANCED_FACE('',(#6253,#6254),#64,.F.);
#7033=ADVANCED_FACE('',(#6255,#6256),#65,.F.);
#7034=ADVANCED_FACE('',(#6257,#6258),#66,.F.);
#7035=ADVANCED_FACE('',(#6259,#6260),#67,.F.);
#7036=ADVANCED_FACE('',(#6261,#6262),#68,.F.);
#7037=ADVANCED_FACE('',(#6263,#6264),#69,.F.);
#7038=ADVANCED_FACE('',(#6265,#6266),#70,.F.);
#7039=ADVANCED_FACE('',(#6267,#6268),#71,.F.);
#7040=ADVANCED_FACE('',(#6269,#6270),#72,.F.);
#7041=ADVANCED_FACE('',(#6271,#6272),#73,.F.);
#7042=ADVANCED_FACE('',(#6273,#6274),#74,.F.);
#7043=ADVANCED_FACE('',(#6275,#6276),#75,.F.);
#7044=ADVANCED_FACE('',(#6277,#6278),#76,.F.);
#7045=ADVANCED_FACE('',(#6279,#6280),#77,.F.);
#7046=ADVANCED_FACE('',(#6281,#6282),#78,.F.);
#7047=ADVANCED_FACE('',(#6283,#6284),#79,.F.);
#7048=ADVANCED_FACE('',(#6285,#6286),#80,.F.);
#7049=ADVANCED_FACE('',(#6287,#6288),#81,.F.);
#7050=ADVANCED_FACE('',(#6289,#6290),#82,.F.);
#7051=ADVANCED_FACE('',(#6291,#6292),#83,.F.);
#7052=ADVANCED_FACE('',(#6293,#6294),#84,.F.);
#7053=ADVANCED_FACE('',(#6295,#6296),#85,.F.);
#7054=ADVANCED_FACE('',(#6297,#6298),#86,.F.);
#7055=ADVANCED_FACE('',(#6299,#6300),#87,.F.);
#7056=ADVANCED_FACE('',(#6301,#6302),#88,.F.);
#7057=ADVANCED_FACE('',(#6303,#6304),#89,.F.);
#7058=ADVANCED_FACE('',(#6305,#6306),#90,.F.);
#7059=ADVANCED_FACE('',(#6307,#6308),#91,.F.);
#7060=ADVANCED_FACE('',(#6309,#6310),#92,.F.);
#7061=ADVANCED_FACE('',(#6311,#6312),#93,.F.);
#7062=ADVANCED_FACE('',(#6313,#6314),#94,.F.);
#7063=ADVANCED_FACE('',(#6315,#6316),#95,.F.);
#7064=ADVANCED_FACE('',(#6317,#6318),#96,.F.);
#7065=ADVANCED_FACE('',(#6319,#6320),#97,.F.);
#7066=ADVANCED_FACE('',(#6321,#6322),#98,.F.);
#7067=ADVANCED_FACE('',(#6323,#6324),#99,.F.);
#7068=ADVANCED_FACE('',(#6325,#6326),#100,.F.);
#7069=ADVANCED_FACE('',(#6327,#6328),#101,.F.);
#7070=ADVANCED_FACE('',(#6329,#6330),#102,.F.);
#7071=ADVANCED_FACE('',(#6331,#6332),#103,.F.);
#7072=ADVANCED_FACE('',(#6333,#6334),#104,.F.);
#7073=ADVANCED_FACE('',(#6335,#6336),#105,.F.);
#7074=ADVANCED_FACE('',(#6337,#6338),#106,.F.);
#7075=ADVANCED_FACE('',(#6339,#6340),#107,.F.);
#7076=ADVANCED_FACE('',(#6341,#6342),#108,.F.);
#7077=ADVANCED_FACE('',(#6343,#6344),#109,.F.);
#7078=ADVANCED_FACE('',(#6345,#6346),#110,.F.);
#7079=ADVANCED_FACE('',(#6347,#6348),#111,.F.);
#7080=ADVANCED_FACE('',(#6349,#6350),#112,.F.);
#7081=ADVANCED_FACE('',(#6351,#6352),#113,.F.);
#7082=ADVANCED_FACE('',(#6353,#6354),#114,.F.);
#7083=ADVANCED_FACE('',(#6355,#6356),#115,.F.);
#7084=ADVANCED_FACE('',(#6357,#6358),#116,.F.);
#7085=ADVANCED_FACE('',(#6359,#6360),#117,.F.);
#7086=ADVANCED_FACE('',(#6361,#6362),#118,.F.);
#7087=ADVANCED_FACE('',(#6363,#6364),#119,.F.);
#7088=ADVANCED_FACE('',(#6365,#6366),#120,.F.);
#7089=ADVANCED_FACE('',(#6367,#6368),#121,.F.);
#7090=ADVANCED_FACE('',(#6369,#6370),#122,.F.);
#7091=ADVANCED_FACE('',(#6371,#6372),#123,.F.);
#7092=ADVANCED_FACE('',(#6373,#6374),#124,.F.);
#7093=ADVANCED_FACE('',(#6375,#6376),#125,.F.);
#7094=ADVANCED_FACE('',(#6377,#6378),#126,.F.);
#7095=ADVANCED_FACE('',(#6379,#6380),#127,.F.);
#7096=ADVANCED_FACE('',(#6381,#6382),#128,.F.);
#7097=ADVANCED_FACE('',(#6383,#6384),#129,.F.);
#7098=ADVANCED_FACE('',(#6385,#6386),#130,.F.);
#7099=ADVANCED_FACE('',(#6387,#6388),#131,.F.);
#7100=ADVANCED_FACE('',(#6389,#6390),#132,.F.);
#7101=ADVANCED_FACE('',(#6391,#6392),#133,.F.);
#7102=ADVANCED_FACE('',(#6393,#6394),#134,.F.);
#7103=ADVANCED_FACE('',(#6395,#6396),#135,.F.);
#7104=ADVANCED_FACE('',(#6397,#6398),#136,.F.);
#7105=ADVANCED_FACE('',(#6399,#6400),#1481,.F.);
#7106=ADVANCED_FACE('',(#6401,#6402),#137,.F.);
#7107=ADVANCED_FACE('',(#6403,#6404),#138,.F.);
#7108=ADVANCED_FACE('',(#6405,#6406),#1482,.F.);
#7109=ADVANCED_FACE('',(#6407,#6408),#139,.F.);
#7110=ADVANCED_FACE('',(#6409,#6410),#140,.F.);
#7111=ADVANCED_FACE('',(#6411,#6412),#1483,.F.);
#7112=ADVANCED_FACE('',(#6413,#6414),#6692,.F.);
#7113=ADVANCED_FACE('',(#6415),#6693,.F.);
#7114=ADVANCED_FACE('',(#6416),#6694,.T.);
#7115=ADVANCED_FACE('',(#6417),#6695,.F.);
#7116=ADVANCED_FACE('',(#6418),#6696,.T.);
#7117=ADVANCED_FACE('',(#6419),#6697,.T.);
#7118=ADVANCED_FACE('',(#6420),#6698,.T.);
#7119=ADVANCED_FACE('',(#6421),#6699,.T.);
#7120=ADVANCED_FACE('',(#6422),#6700,.T.);
#7121=ADVANCED_FACE('',(#6423),#6701,.T.);
#7122=ADVANCED_FACE('',(#6424),#6702,.T.);
#7123=ADVANCED_FACE('',(#6425),#6703,.T.);
#7124=ADVANCED_FACE('',(#6426),#6704,.T.);
#7125=ADVANCED_FACE('',(#6427),#6705,.T.);
#7126=ADVANCED_FACE('',(#6428),#6706,.T.);
#7127=ADVANCED_FACE('',(#6429),#6707,.T.);
#7128=ADVANCED_FACE('',(#6430),#6708,.T.);
#7129=ADVANCED_FACE('',(#6431),#6709,.T.);
#7130=ADVANCED_FACE('',(#6432),#6710,.T.);
#7131=ADVANCED_FACE('',(#6433),#6711,.T.);
#7132=ADVANCED_FACE('',(#6434),#6712,.T.);
#7133=ADVANCED_FACE('',(#6435),#6713,.T.);
#7134=ADVANCED_FACE('',(#6436),#6714,.T.);
#7135=ADVANCED_FACE('',(#6437),#6715,.T.);
#7136=ADVANCED_FACE('',(#6438),#6716,.T.);
#7137=ADVANCED_FACE('',(#6439),#6717,.T.);
#7138=ADVANCED_FACE('',(#6440),#6718,.T.);
#7139=ADVANCED_FACE('',(#6441),#6719,.T.);
#7140=ADVANCED_FACE('',(#6442),#6720,.T.);
#7141=ADVANCED_FACE('',(#6443),#6721,.T.);
#7142=ADVANCED_FACE('',(#6444),#6722,.T.);
#7143=ADVANCED_FACE('',(#6445),#6723,.T.);
#7144=ADVANCED_FACE('',(#6446),#6724,.T.);
#7145=ADVANCED_FACE('',(#6447),#6725,.T.);
#7146=ADVANCED_FACE('',(#6448),#6726,.T.);
#7147=ADVANCED_FACE('',(#6449),#6727,.T.);
#7148=ADVANCED_FACE('',(#6450),#6728,.T.);
#7149=ADVANCED_FACE('',(#6451),#6729,.T.);
#7150=ADVANCED_FACE('',(#6452),#6730,.T.);
#7151=ADVANCED_FACE('',(#6453),#6731,.T.);
#7152=ADVANCED_FACE('',(#6454),#6732,.T.);
#7153=ADVANCED_FACE('',(#6455),#6733,.T.);
#7154=ADVANCED_FACE('',(#6456),#6734,.T.);
#7155=ADVANCED_FACE('',(#6457),#6735,.T.);
#7156=ADVANCED_FACE('',(#6458),#6736,.T.);
#7157=ADVANCED_FACE('',(#6459),#6737,.T.);
#7158=ADVANCED_FACE('',(#6460),#6738,.T.);
#7159=ADVANCED_FACE('',(#6461),#6739,.T.);
#7160=ADVANCED_FACE('',(#6462),#6740,.T.);
#7161=ADVANCED_FACE('',(#6463),#6741,.T.);
#7162=ADVANCED_FACE('',(#6464),#6742,.T.);
#7163=ADVANCED_FACE('',(#6465),#6743,.T.);
#7164=ADVANCED_FACE('',(#6466),#6744,.T.);
#7165=ADVANCED_FACE('',(#6467),#6745,.T.);
#7166=ADVANCED_FACE('',(#6468),#6746,.T.);
#7167=ADVANCED_FACE('',(#6469),#6747,.T.);
#7168=ADVANCED_FACE('',(#6470),#6748,.T.);
#7169=ADVANCED_FACE('',(#6471),#6749,.T.);
#7170=ADVANCED_FACE('',(#6472),#6750,.T.);
#7171=ADVANCED_FACE('',(#6473),#6751,.T.);
#7172=ADVANCED_FACE('',(#6474),#6752,.T.);
#7173=ADVANCED_FACE('',(#6475),#6753,.T.);
#7174=ADVANCED_FACE('',(#6476),#6754,.T.);
#7175=ADVANCED_FACE('',(#6477),#6755,.T.);
#7176=ADVANCED_FACE('',(#6478),#6756,.T.);
#7177=ADVANCED_FACE('',(#6479),#6757,.T.);
#7178=ADVANCED_FACE('',(#6480),#6758,.T.);
#7179=ADVANCED_FACE('',(#6481),#6759,.T.);
#7180=ADVANCED_FACE('',(#6482),#6760,.T.);
#7181=ADVANCED_FACE('',(#6483),#6761,.T.);
#7182=ADVANCED_FACE('',(#6484),#6762,.T.);
#7183=ADVANCED_FACE('',(#6485),#6763,.T.);
#7184=ADVANCED_FACE('',(#6486),#6764,.T.);
#7185=ADVANCED_FACE('',(#6487),#6765,.T.);
#7186=ADVANCED_FACE('',(#6488),#6766,.T.);
#7187=ADVANCED_FACE('',(#6489),#6767,.T.);
#7188=ADVANCED_FACE('',(#6490),#6768,.T.);
#7189=ADVANCED_FACE('',(#6491),#6769,.T.);
#7190=ADVANCED_FACE('',(#6492),#6770,.T.);
#7191=ADVANCED_FACE('',(#6493),#6771,.T.);
#7192=ADVANCED_FACE('',(#6494),#6772,.T.);
#7193=ADVANCED_FACE('',(#6495),#6773,.T.);
#7194=ADVANCED_FACE('',(#6496),#6774,.T.);
#7195=ADVANCED_FACE('',(#6497),#6775,.T.);
#7196=ADVANCED_FACE('',(#6498),#1484,.F.);
#7197=ADVANCED_FACE('',(#6499),#6776,.F.);
#7198=ADVANCED_FACE('',(#6500),#6777,.T.);
#7199=ADVANCED_FACE('',(#6501,#6502),#6778,.T.);
#7200=ADVANCED_FACE('',(#6503),#6779,.T.);
#7201=ADVANCED_FACE('',(#6504),#1485,.F.);
#7202=ADVANCED_FACE('',(#6505),#6780,.F.);
#7203=ADVANCED_FACE('',(#6506,#6507),#6781,.T.);
#7204=ADVANCED_FACE('',(#6508),#6782,.T.);
#7205=ADVANCED_FACE('',(#6509),#1486,.F.);
#7206=ADVANCED_FACE('',(#6510),#6783,.F.);
#7207=ADVANCED_FACE('',(#6511,#6512),#6784,.T.);
#7208=ADVANCED_FACE('',(#6513),#6785,.T.);
#7209=ADVANCED_FACE('',(#6514),#1487,.F.);
#7210=ADVANCED_FACE('',(#6515),#6786,.F.);
#7211=ADVANCED_FACE('',(#6516,#6517),#6787,.T.);
#7212=ADVANCED_FACE('',(#6518,#6519),#141,.T.);
#7213=ADVANCED_FACE('',(#6520),#6788,.F.);
#7214=ADVANCED_FACE('',(#6521),#6789,.T.);
#7215=ADVANCED_FACE('',(#6522),#6790,.T.);
#7216=ADVANCED_FACE('',(#6523),#6791,.F.);
#7217=ADVANCED_FACE('',(#6524),#1488,.F.);
#7218=ADVANCED_FACE('',(#6525),#1489,.T.);
#7219=ADVANCED_FACE('',(#6526),#6792,.T.);
#7220=ADVANCED_FACE('',(#6527),#6793,.T.);
#7221=ADVANCED_FACE('',(#6528),#6794,.F.);
#7222=ADVANCED_FACE('',(#6529),#6795,.T.);
#7223=ADVANCED_FACE('',(#6530),#6796,.F.);
#7224=ADVANCED_FACE('',(#6531),#1490,.T.);
#7225=ADVANCED_FACE('',(#6532),#6797,.T.);
#7226=ADVANCED_FACE('',(#6533),#6798,.F.);
#7227=ADVANCED_FACE('',(#6534),#6799,.F.);
#7228=ADVANCED_FACE('',(#6535),#6800,.T.);
#7229=ADVANCED_FACE('',(#6536),#6801,.F.);
#7230=ADVANCED_FACE('',(#6537),#6802,.T.);
#7231=ADVANCED_FACE('',(#6538,#6539),#1491,.T.);
#7232=ADVANCED_FACE('',(#6540,#6541),#1492,.F.);
#7233=ADVANCED_FACE('',(#6542,#6543),#6803,.T.);
#7234=ADVANCED_FACE('',(#6544),#142,.T.);
#7235=ADVANCED_FACE('',(#6545),#143,.T.);
#7236=ADVANCED_FACE('',(#6546),#144,.T.);
#7237=ADVANCED_FACE('',(#6547),#145,.T.);
#7238=ADVANCED_FACE('',(#6548),#146,.T.);
#7239=ADVANCED_FACE('',(#6549),#6804,.F.);
#7240=ADVANCED_FACE('',(#6550),#6805,.F.);
#7241=ADVANCED_FACE('',(#6551),#147,.T.);
#7242=ADVANCED_FACE('',(#6552),#148,.T.);
#7243=ADVANCED_FACE('',(#6553),#6806,.F.);
#7244=ADVANCED_FACE('',(#6554),#6807,.F.);
#7245=ADVANCED_FACE('',(#6555),#149,.T.);
#7246=ADVANCED_FACE('',(#6556),#150,.T.);
#7247=ADVANCED_FACE('',(#6557),#6808,.F.);
#7248=ADVANCED_FACE('',(#6558),#6809,.F.);
#7249=ADVANCED_FACE('',(#6559),#151,.T.);
#7250=ADVANCED_FACE('',(#6560),#152,.T.);
#7251=ADVANCED_FACE('',(#6561),#6810,.F.);
#7252=ADVANCED_FACE('',(#6562),#6811,.F.);
#7253=ADVANCED_FACE('',(#6563),#153,.T.);
#7254=ADVANCED_FACE('',(#6564,#6565),#154,.F.);
#7255=ADVANCED_FACE('',(#6566,#6567),#1493,.T.);
#7256=ADVANCED_FACE('',(#6568,#6569),#1494,.F.);
#7257=ADVANCED_FACE('',(#6570,#6571),#6812,.T.);
#7258=ADVANCED_FACE('',(#6572,#6573),#155,.F.);
#7259=ADVANCED_FACE('',(#6574,#6575),#156,.T.);
#7260=ADVANCED_FACE('',(#6576,#6577),#6813,.T.);
#7261=ADVANCED_FACE('',(#6578,#6579),#1495,.F.);
#7262=ADVANCED_FACE('',(#6580,#6581),#157,.F.);
#7263=ADVANCED_FACE('',(#6582,#6583),#158,.F.);
#7264=ADVANCED_FACE('',(#6584,#6585),#159,.F.);
#7265=ADVANCED_FACE('',(#6586,#6587),#160,.F.);
#7266=ADVANCED_FACE('',(#6588,#6589),#1496,.T.);
#7267=ADVANCED_FACE('',(#6590,#6591),#1497,.F.);
#7268=ADVANCED_FACE('',(#6592,#6593),#6814,.T.);
#7269=ADVANCED_FACE('',(#6594,#6595),#161,.F.);
#7270=ADVANCED_FACE('',(#6596,#6597),#162,.T.);
#7271=ADVANCED_FACE('',(#6598),#6815,.F.);
#7272=ADVANCED_FACE('',(#6599),#6816,.T.);
#7273=ADVANCED_FACE('',(#6600),#6817,.T.);
#7274=ADVANCED_FACE('',(#6601),#6818,.T.);
#7275=ADVANCED_FACE('',(#6602),#6819,.T.);
#7276=ADVANCED_FACE('',(#6603),#6820,.F.);
#7277=ADVANCED_FACE('',(#6604),#6821,.F.);
#7278=ADVANCED_FACE('',(#6605),#163,.F.);
#7279=ADVANCED_FACE('',(#6606),#6822,.T.);
#7280=ADVANCED_FACE('',(#6607),#6823,.T.);
#7281=ADVANCED_FACE('',(#6608),#164,.F.);
#7282=ADVANCED_FACE('',(#6609),#6824,.F.);
#7283=ADVANCED_FACE('',(#6610),#6825,.F.);
#7284=ADVANCED_FACE('',(#6611),#6826,.T.);
#7285=ADVANCED_FACE('',(#6612),#6827,.T.);
#7286=ADVANCED_FACE('',(#6613),#6828,.T.);
#7287=ADVANCED_FACE('',(#6614),#6829,.T.);
#7288=ADVANCED_FACE('',(#6615),#6830,.T.);
#7289=ADVANCED_FACE('',(#6616),#6831,.T.);
#7290=ADVANCED_FACE('',(#6617),#6832,.T.);
#7291=ADVANCED_FACE('',(#6618),#6833,.F.);
#7292=ADVANCED_FACE('',(#6619),#6834,.T.);
#7293=ADVANCED_FACE('',(#6620),#6835,.F.);
#7294=ADVANCED_FACE('',(#6621),#6836,.F.);
#7295=ADVANCED_FACE('',(#6622),#6837,.T.);
#7296=ADVANCED_FACE('',(#6623),#6838,.F.);
#7297=ADVANCED_FACE('',(#6624),#6839,.F.);
#7298=ADVANCED_FACE('',(#6625),#6840,.T.);
#7299=ADVANCED_FACE('',(#6626),#6841,.T.);
#7300=ADVANCED_FACE('',(#6627),#6842,.T.);
#7301=ADVANCED_FACE('',(#6628),#6843,.T.);
#7302=ADVANCED_FACE('',(#6629),#6844,.T.);
#7303=ADVANCED_FACE('',(#6630),#6845,.F.);
#7304=ADVANCED_FACE('',(#6631),#6846,.T.);
#7305=ADVANCED_FACE('',(#6632),#6847,.F.);
#7306=ADVANCED_FACE('',(#6633),#6848,.T.);
#7307=ADVANCED_FACE('',(#6634),#6849,.T.);
#7308=ADVANCED_FACE('',(#6635),#6850,.T.);
#7309=ADVANCED_FACE('',(#6636),#6851,.T.);
#7310=ADVANCED_FACE('',(#6637),#6852,.T.);
#7311=ADVANCED_FACE('',(#6638),#6853,.T.);
#7312=ADVANCED_FACE('',(#6639),#6854,.T.);
#7313=ADVANCED_FACE('',(#6640),#6855,.F.);
#7314=ADVANCED_FACE('',(#6641),#6856,.T.);
#7315=ADVANCED_FACE('',(#6642),#6857,.F.);
#7316=ADVANCED_FACE('',(#6643),#165,.F.);
#7317=ADVANCED_FACE('',(#6644),#6858,.F.);
#7318=ADVANCED_FACE('',(#6645),#6859,.F.);
#7319=ADVANCED_FACE('',(#6646),#166,.F.);
#7320=ADVANCED_FACE('',(#6647),#6860,.F.);
#7321=ADVANCED_FACE('',(#6648),#6861,.T.);
#7322=ADVANCED_FACE('',(#6649),#6862,.F.);
#7323=ADVANCED_FACE('',(#6650),#6863,.T.);
#7324=ADVANCED_FACE('',(#6651),#6864,.T.);
#7325=ADVANCED_FACE('',(#6652),#6865,.T.);
#7326=ADVANCED_FACE('',(#6653),#6866,.T.);
#7327=ADVANCED_FACE('',(#6654,#6655),#167,.F.);
#7328=ADVANCED_FACE('',(#6656,#6657),#168,.F.);
#7329=ADVANCED_FACE('',(#6658,#6659),#169,.F.);
#7330=ADVANCED_FACE('',(#6660,#6661),#170,.F.);
#7331=ADVANCED_FACE('',(#6662,#6663),#171,.F.);
#7332=ADVANCED_FACE('',(#6664,#6665),#172,.F.);
#7333=ADVANCED_FACE('',(#6666,#6667),#173,.F.);
#7334=ADVANCED_FACE('',(#6668,#6669),#174,.F.);
#7335=ADVANCED_FACE('',(#6670,#6671),#175,.F.);
#7336=CLOSED_SHELL('',(#6867,#6868,#6869,#6870,#6871,#6872,#6873,#6874,
#6875,#6876,#6877,#6878,#6879,#6880,#6881,#6882,#6883,#6884,#6885,#6886,
#6887,#6888,#6889,#6890,#6891,#6892,#6893,#6894,#6895,#6896,#6897,#6898,
#6899,#6900,#6901,#6902,#6903,#6904,#6905,#6906,#6907,#6908,#6909,#6910,
#6911,#6912,#6913,#6914,#6915,#6916,#6917,#6918,#6919,#6920,#6921,#6922,
#6923,#6924,#6925,#6926,#6927,#6928,#6929,#6930,#6931,#6932,#6933,#6934,
#6935,#6936,#6937,#6938,#6939,#6940,#6941,#6942,#6943,#6944,#6945,#6946,
#6947,#6948,#6949,#6950,#6951,#6952,#6953,#6954,#6955,#6956,#6957,#6958,
#6959,#6960,#6961,#6962,#6963,#6964,#6965,#6966,#6967,#6968,#6969,#6970,
#6971,#6972,#6973,#6974,#6975,#6976,#6977,#6978,#6979,#6980,#6981,#6982,
#6983,#6984,#6985,#6986,#6987,#6988,#6989,#6990,#6991,#6992,#6993,#6994,
#6995,#6996,#6997,#6998,#6999,#7000,#7001,#7002,#7003,#7004,#7005,#7006,
#7007,#7008,#7009,#7010,#7011,#7012,#7013,#7014,#7015,#7016,#7017,#7018,
#7019,#7020,#7021,#7022,#7023,#7024,#7025,#7026,#7027,#7028,#7029,#7030,
#7031,#7032,#7033,#7034,#7035,#7036,#7037,#7038,#7039,#7040,#7041,#7042,
#7043,#7044,#7045,#7046,#7047,#7048,#7049,#7050,#7051,#7052,#7053,#7054,
#7055,#7056,#7057,#7058,#7059,#7060,#7061,#7062,#7063,#7064,#7065,#7066,
#7067,#7068,#7069,#7070,#7071,#7072,#7073,#7074,#7075,#7076,#7077,#7078,
#7079,#7080,#7081,#7082,#7083,#7084,#7085,#7086,#7087,#7088,#7089,#7090,
#7091,#7092,#7093,#7094,#7095,#7096,#7097,#7098,#7099,#7100,#7101,#7102,
#7103,#7104,#7105,#7106,#7107,#7108,#7109,#7110,#7111,#7112,#7113,#7114,
#7115,#7116,#7117,#7118,#7119,#7120,#7121,#7122,#7123,#7124,#7125,#7126,
#7127,#7128,#7129,#7130,#7131,#7132,#7133,#7134,#7135,#7136,#7137,#7138,
#7139,#7140,#7141,#7142,#7143,#7144,#7145,#7146,#7147,#7148,#7149,#7150,
#7151,#7152,#7153,#7154,#7155,#7156,#7157,#7158,#7159,#7160,#7161,#7162,
#7163,#7164,#7165,#7166,#7167,#7168,#7169,#7170,#7171,#7172,#7173,#7174,
#7175,#7176,#7177,#7178,#7179,#7180,#7181,#7182,#7183,#7184,#7185,#7186,
#7187,#7188,#7189,#7190,#7191,#7192,#7193,#7194,#7195,#7196,#7197,#7198,
#7199,#7200,#7201,#7202,#7203,#7204,#7205,#7206,#7207,#7208,#7209,#7210,
#7211,#7212,#7213,#7214,#7215,#7216,#7217,#7218,#7219,#7220,#7221,#7222,
#7223,#7224,#7225,#7226,#7227,#7228,#7229,#7230,#7231,#7232,#7233,#7234,
#7235,#7236,#7237,#7238,#7239,#7240,#7241,#7242,#7243,#7244,#7245,#7246,
#7247,#7248,#7249,#7250,#7251,#7252,#7253,#7254,#7255,#7256,#7257,#7258,
#7259,#7260,#7261,#7262,#7263,#7264,#7265,#7266,#7267,#7268,#7269,#7270,
#7271,#7272,#7273,#7274,#7275,#7276,#7277,#7278,#7279,#7280,#7281,#7282,
#7283,#7284,#7285,#7286,#7287,#7288,#7289,#7290,#7291,#7292,#7293,#7294,
#7295,#7296,#7297,#7298,#7299,#7300,#7301,#7302,#7303,#7304,#7305,#7306,
#7307,#7308,#7309,#7310,#7311,#7312,#7313,#7314,#7315,#7316,#7317,#7318,
#7319,#7320,#7321,#7322,#7323,#7324,#7325,#7326,#7327,#7328,#7329,#7330,
#7331,#7332,#7333,#7334,#7335));
#7337=STYLED_ITEM('',(#7338),#7345);
#7338=PRESENTATION_STYLE_ASSIGNMENT((#7339));
#7339=SURFACE_STYLE_USAGE(.BOTH.,#7340);
#7340=SURFACE_SIDE_STYLE('',(#7341));
#7341=SURFACE_STYLE_FILL_AREA(#7342);
#7342=FILL_AREA_STYLE('',(#7343));
#7343=FILL_AREA_STYLE_COLOUR('',#7344);
#7344=COLOUR_RGB('',0.615686274509804,0.811764705882353,0.929411764705882);
#7345=MANIFOLD_SOLID_BREP('Eyepiece_Body',#7336);
#7346=SHAPE_DEFINITION_REPRESENTATION(#15606,#7347);
#7347=SHAPE_REPRESENTATION('Eyepiece_Body',(#7348),#15601);
#7348=AXIS2_PLACEMENT_3D('',#10223,#8176,#8177);
#7349=AXIS2_PLACEMENT_3D('',#10224,#8178,#8179);
#7350=AXIS2_PLACEMENT_3D('',#10225,#8180,#8181);
#7351=AXIS2_PLACEMENT_3D('',#10227,#8182,#8183);
#7352=AXIS2_PLACEMENT_3D('',#10229,#8184,#8185);
#7353=AXIS2_PLACEMENT_3D('',#10230,#8186,#8187);
#7354=AXIS2_PLACEMENT_3D('',#10232,#8188,#8189);
#7355=AXIS2_PLACEMENT_3D('',#10234,#8190,#8191);
#7356=AXIS2_PLACEMENT_3D('',#10235,#8192,#8193);
#7357=AXIS2_PLACEMENT_3D('',#10237,#8194,#8195);
#7358=AXIS2_PLACEMENT_3D('',#10239,#8196,#8197);
#7359=AXIS2_PLACEMENT_3D('',#10240,#8198,#8199);
#7360=AXIS2_PLACEMENT_3D('',#10242,#8200,#8201);
#7361=AXIS2_PLACEMENT_3D('',#10244,#8202,#8203);
#7362=AXIS2_PLACEMENT_3D('',#10245,#8204,#8205);
#7363=AXIS2_PLACEMENT_3D('',#10247,#8206,#8207);
#7364=AXIS2_PLACEMENT_3D('',#10249,#8208,#8209);
#7365=AXIS2_PLACEMENT_3D('',#10250,#8210,#8211);
#7366=AXIS2_PLACEMENT_3D('',#10251,#8212,#8213);
#7367=AXIS2_PLACEMENT_3D('',#10253,#8214,#8215);
#7368=AXIS2_PLACEMENT_3D('',#10255,#8216,#8217);
#7369=AXIS2_PLACEMENT_3D('',#10256,#8218,#8219);
#7370=AXIS2_PLACEMENT_3D('',#10257,#8220,#8221);
#7371=AXIS2_PLACEMENT_3D('',#10259,#8222,#8223);
#7372=AXIS2_PLACEMENT_3D('',#10261,#8224,#8225);
#7373=AXIS2_PLACEMENT_3D('',#10262,#8226,#8227);
#7374=AXIS2_PLACEMENT_3D('',#10263,#8228,#8229);
#7375=AXIS2_PLACEMENT_3D('',#10265,#8230,#8231);
#7376=AXIS2_PLACEMENT_3D('',#10267,#8232,#8233);
#7377=AXIS2_PLACEMENT_3D('',#10271,#8235,#8236);
#7378=AXIS2_PLACEMENT_3D('',#10275,#8238,#8239);
#7379=AXIS2_PLACEMENT_3D('',#10276,#8240,#8241);
#7380=AXIS2_PLACEMENT_3D('',#10280,#8243,#8244);
#7381=AXIS2_PLACEMENT_3D('',#10282,#8245,#8246);
#7382=AXIS2_PLACEMENT_3D('',#10284,#8247,#8248);
#7383=AXIS2_PLACEMENT_3D('',#10285,#8249,#8250);
#7384=AXIS2_PLACEMENT_3D('',#10289,#8252,#8253);
#7385=AXIS2_PLACEMENT_3D('',#10291,#8254,#8255);
#7386=AXIS2_PLACEMENT_3D('',#10293,#8256,#8257);
#7387=AXIS2_PLACEMENT_3D('',#10294,#8258,#8259);
#7388=AXIS2_PLACEMENT_3D('',#10298,#8261,#8262);
#7389=AXIS2_PLACEMENT_3D('',#10300,#8263,#8264);
#7390=AXIS2_PLACEMENT_3D('',#10302,#8265,#8266);
#7391=AXIS2_PLACEMENT_3D('',#10303,#8267,#8268);
#7392=AXIS2_PLACEMENT_3D('',#10307,#8270,#8271);
#7393=AXIS2_PLACEMENT_3D('',#10309,#8272,#8273);
#7394=AXIS2_PLACEMENT_3D('',#10311,#8274,#8275);
#7395=AXIS2_PLACEMENT_3D('',#10312,#8276,#8277);
#7396=AXIS2_PLACEMENT_3D('',#10354,#8296,#8297);
#7397=AXIS2_PLACEMENT_3D('',#10393,#8315,#8316);
#7398=AXIS2_PLACEMENT_3D('',#10435,#8335,#8336);
#7399=AXIS2_PLACEMENT_3D('',#10474,#8354,#8355);
#7400=AXIS2_PLACEMENT_3D('',#10516,#8374,#8375);
#7401=AXIS2_PLACEMENT_3D('',#10555,#8393,#8394);
#7402=AXIS2_PLACEMENT_3D('',#10597,#8413,#8414);
#7403=AXIS2_PLACEMENT_3D('',#10636,#8432,#8433);
#7404=AXIS2_PLACEMENT_3D('',#10637,#8434,#8435);
#7405=AXIS2_PLACEMENT_3D('',#10643,#8436,#8437);
#7406=AXIS2_PLACEMENT_3D('',#10679,#8438,#8439);
#7407=AXIS2_PLACEMENT_3D('',#10681,#8440,#8441);
#7408=AXIS2_PLACEMENT_3D('',#10682,#8442,#8443);
#7409=AXIS2_PLACEMENT_3D('',#10683,#8444,#8445);
#7410=AXIS2_PLACEMENT_3D('',#10689,#8446,#8447);
#7411=AXIS2_PLACEMENT_3D('',#10725,#8448,#8449);
#7412=AXIS2_PLACEMENT_3D('',#10727,#8450,#8451);
#7413=AXIS2_PLACEMENT_3D('',#10728,#8452,#8453);
#7414=AXIS2_PLACEMENT_3D('',#10729,#8454,#8455);
#7415=AXIS2_PLACEMENT_3D('',#10735,#8456,#8457);
#7416=AXIS2_PLACEMENT_3D('',#10771,#8458,#8459);
#7417=AXIS2_PLACEMENT_3D('',#10773,#8460,#8461);
#7418=AXIS2_PLACEMENT_3D('',#10774,#8462,#8463);
#7419=AXIS2_PLACEMENT_3D('',#10809,#8464,#8465);
#7420=AXIS2_PLACEMENT_3D('',#10815,#8466,#8467);
#7421=AXIS2_PLACEMENT_3D('',#10816,#8468,#8469);
#7422=AXIS2_PLACEMENT_3D('',#10817,#8470,#8471);
#7423=AXIS2_PLACEMENT_3D('',#10820,#8472,#8473);
#7424=AXIS2_PLACEMENT_3D('',#10826,#8474,#8475);
#7425=AXIS2_PLACEMENT_3D('',#10827,#8476,#8477);
#7426=AXIS2_PLACEMENT_3D('',#10828,#8478,#8479);
#7427=AXIS2_PLACEMENT_3D('',#10831,#8480,#8481);
#7428=AXIS2_PLACEMENT_3D('',#10837,#8482,#8483);
#7429=AXIS2_PLACEMENT_3D('',#10838,#8484,#8485);
#7430=AXIS2_PLACEMENT_3D('',#10839,#8486,#8487);
#7431=AXIS2_PLACEMENT_3D('',#10842,#8488,#8489);
#7432=AXIS2_PLACEMENT_3D('',#10848,#8490,#8491);
#7433=AXIS2_PLACEMENT_3D('',#10849,#8492,#8493);
#7434=AXIS2_PLACEMENT_3D('',#10850,#8494,#8495);
#7435=AXIS2_PLACEMENT_3D('',#10853,#8496,#8497);
#7436=AXIS2_PLACEMENT_3D('',#10859,#8498,#8499);
#7437=AXIS2_PLACEMENT_3D('',#10860,#8500,#8501);
#7438=AXIS2_PLACEMENT_3D('',#10861,#8502,#8503);
#7439=AXIS2_PLACEMENT_3D('',#10864,#8504,#8505);
#7440=AXIS2_PLACEMENT_3D('',#10870,#8506,#8507);
#7441=AXIS2_PLACEMENT_3D('',#10871,#8508,#8509);
#7442=AXIS2_PLACEMENT_3D('',#10872,#8510,#8511);
#7443=AXIS2_PLACEMENT_3D('',#10875,#8512,#8513);
#7444=AXIS2_PLACEMENT_3D('',#10881,#8514,#8515);
#7445=AXIS2_PLACEMENT_3D('',#10882,#8516,#8517);
#7446=AXIS2_PLACEMENT_3D('',#10883,#8518,#8519);
#7447=AXIS2_PLACEMENT_3D('',#10886,#8520,#8521);
#7448=AXIS2_PLACEMENT_3D('',#10892,#8522,#8523);
#7449=AXIS2_PLACEMENT_3D('',#10893,#8524,#8525);
#7450=AXIS2_PLACEMENT_3D('',#10894,#8526,#8527);
#7451=AXIS2_PLACEMENT_3D('',#10897,#8528,#8529);
#7452=AXIS2_PLACEMENT_3D('',#10903,#8530,#8531);
#7453=AXIS2_PLACEMENT_3D('',#10904,#8532,#8533);
#7454=AXIS2_PLACEMENT_3D('',#10939,#8534,#8535);
#7455=AXIS2_PLACEMENT_3D('',#10945,#8536,#8537);
#7456=AXIS2_PLACEMENT_3D('',#10946,#8538,#8539);
#7457=AXIS2_PLACEMENT_3D('',#10947,#8540,#8541);
#7458=AXIS2_PLACEMENT_3D('',#10953,#8542,#8543);
#7459=AXIS2_PLACEMENT_3D('',#10989,#8544,#8545);
#7460=AXIS2_PLACEMENT_3D('',#10991,#8546,#8547);
#7461=AXIS2_PLACEMENT_3D('',#10992,#8548,#8549);
#7462=AXIS2_PLACEMENT_3D('',#11027,#8550,#8551);
#7463=AXIS2_PLACEMENT_3D('',#11033,#8552,#8553);
#7464=AXIS2_PLACEMENT_3D('',#11034,#8554,#8555);
#7465=AXIS2_PLACEMENT_3D('',#11035,#8556,#8557);
#7466=AXIS2_PLACEMENT_3D('',#11038,#8558,#8559);
#7467=AXIS2_PLACEMENT_3D('',#11044,#8560,#8561);
#7468=AXIS2_PLACEMENT_3D('',#11045,#8562,#8563);
#7469=AXIS2_PLACEMENT_3D('',#11046,#8564,#8565);
#7470=AXIS2_PLACEMENT_3D('',#11049,#8566,#8567);
#7471=AXIS2_PLACEMENT_3D('',#11055,#8568,#8569);
#7472=AXIS2_PLACEMENT_3D('',#11056,#8570,#8571);
#7473=AXIS2_PLACEMENT_3D('',#11057,#8572,#8573);
#7474=AXIS2_PLACEMENT_3D('',#11060,#8574,#8575);
#7475=AXIS2_PLACEMENT_3D('',#11066,#8576,#8577);
#7476=AXIS2_PLACEMENT_3D('',#11067,#8578,#8579);
#7477=AXIS2_PLACEMENT_3D('',#11068,#8580,#8581);
#7478=AXIS2_PLACEMENT_3D('',#11071,#8582,#8583);
#7479=AXIS2_PLACEMENT_3D('',#11077,#8584,#8585);
#7480=AXIS2_PLACEMENT_3D('',#11078,#8586,#8587);
#7481=AXIS2_PLACEMENT_3D('',#11079,#8588,#8589);
#7482=AXIS2_PLACEMENT_3D('',#11082,#8590,#8591);
#7483=AXIS2_PLACEMENT_3D('',#11088,#8592,#8593);
#7484=AXIS2_PLACEMENT_3D('',#11089,#8594,#8595);
#7485=AXIS2_PLACEMENT_3D('',#11090,#8596,#8597);
#7486=AXIS2_PLACEMENT_3D('',#11093,#8598,#8599);
#7487=AXIS2_PLACEMENT_3D('',#11099,#8600,#8601);
#7488=AXIS2_PLACEMENT_3D('',#11100,#8602,#8603);
#7489=AXIS2_PLACEMENT_3D('',#11101,#8604,#8605);
#7490=AXIS2_PLACEMENT_3D('',#11104,#8606,#8607);
#7491=AXIS2_PLACEMENT_3D('',#11110,#8608,#8609);
#7492=AXIS2_PLACEMENT_3D('',#11111,#8610,#8611);
#7493=AXIS2_PLACEMENT_3D('',#11112,#8612,#8613);
#7494=AXIS2_PLACEMENT_3D('',#11115,#8614,#8615);
#7495=AXIS2_PLACEMENT_3D('',#11121,#8616,#8617);
#7496=AXIS2_PLACEMENT_3D('',#11122,#8618,#8619);
#7497=AXIS2_PLACEMENT_3D('',#11157,#8620,#8621);
#7498=AXIS2_PLACEMENT_3D('',#11163,#8622,#8623);
#7499=AXIS2_PLACEMENT_3D('',#11164,#8624,#8625);
#7500=AXIS2_PLACEMENT_3D('',#11165,#8626,#8627);
#7501=AXIS2_PLACEMENT_3D('',#11168,#8628,#8629);
#7502=AXIS2_PLACEMENT_3D('',#11174,#8630,#8631);
#7503=AXIS2_PLACEMENT_3D('',#11175,#8632,#8633);
#7504=AXIS2_PLACEMENT_3D('',#11176,#8634,#8635);
#7505=AXIS2_PLACEMENT_3D('',#11179,#8636,#8637);
#7506=AXIS2_PLACEMENT_3D('',#11185,#8638,#8639);
#7507=AXIS2_PLACEMENT_3D('',#11186,#8640,#8641);
#7508=AXIS2_PLACEMENT_3D('',#11187,#8642,#8643);
#7509=AXIS2_PLACEMENT_3D('',#11190,#8644,#8645);
#7510=AXIS2_PLACEMENT_3D('',#11196,#8646,#8647);
#7511=AXIS2_PLACEMENT_3D('',#11197,#8648,#8649);
#7512=AXIS2_PLACEMENT_3D('',#11198,#8650,#8651);
#7513=AXIS2_PLACEMENT_3D('',#11201,#8652,#8653);
#7514=AXIS2_PLACEMENT_3D('',#11207,#8654,#8655);
#7515=AXIS2_PLACEMENT_3D('',#11208,#8656,#8657);
#7516=AXIS2_PLACEMENT_3D('',#11209,#8658,#8659);
#7517=AXIS2_PLACEMENT_3D('',#11212,#8660,#8661);
#7518=AXIS2_PLACEMENT_3D('',#11218,#8662,#8663);
#7519=AXIS2_PLACEMENT_3D('',#11219,#8664,#8665);
#7520=AXIS2_PLACEMENT_3D('',#11220,#8666,#8667);
#7521=AXIS2_PLACEMENT_3D('',#11223,#8668,#8669);
#7522=AXIS2_PLACEMENT_3D('',#11229,#8670,#8671);
#7523=AXIS2_PLACEMENT_3D('',#11230,#8672,#8673);
#7524=AXIS2_PLACEMENT_3D('',#11231,#8674,#8675);
#7525=AXIS2_PLACEMENT_3D('',#11234,#8676,#8677);
#7526=AXIS2_PLACEMENT_3D('',#11240,#8678,#8679);
#7527=AXIS2_PLACEMENT_3D('',#11241,#8680,#8681);
#7528=AXIS2_PLACEMENT_3D('',#11242,#8682,#8683);
#7529=AXIS2_PLACEMENT_3D('',#11245,#8684,#8685);
#7530=AXIS2_PLACEMENT_3D('',#11251,#8686,#8687);
#7531=AXIS2_PLACEMENT_3D('',#11252,#8688,#8689);
#7532=AXIS2_PLACEMENT_3D('',#11253,#8690,#8691);
#7533=AXIS2_PLACEMENT_3D('',#11256,#8692,#8693);
#7534=AXIS2_PLACEMENT_3D('',#11262,#8694,#8695);
#7535=AXIS2_PLACEMENT_3D('',#11263,#8696,#8697);
#7536=AXIS2_PLACEMENT_3D('',#11264,#8698,#8699);
#7537=AXIS2_PLACEMENT_3D('',#11267,#8700,#8701);
#7538=AXIS2_PLACEMENT_3D('',#11273,#8702,#8703);
#7539=AXIS2_PLACEMENT_3D('',#11274,#8704,#8705);
#7540=AXIS2_PLACEMENT_3D('',#11275,#8706,#8707);
#7541=AXIS2_PLACEMENT_3D('',#11278,#8708,#8709);
#7542=AXIS2_PLACEMENT_3D('',#11284,#8710,#8711);
#7543=AXIS2_PLACEMENT_3D('',#11285,#8712,#8713);
#7544=AXIS2_PLACEMENT_3D('',#11286,#8714,#8715);
#7545=AXIS2_PLACEMENT_3D('',#11289,#8716,#8717);
#7546=AXIS2_PLACEMENT_3D('',#11295,#8718,#8719);
#7547=AXIS2_PLACEMENT_3D('',#11296,#8720,#8721);
#7548=AXIS2_PLACEMENT_3D('',#11297,#8722,#8723);
#7549=AXIS2_PLACEMENT_3D('',#11300,#8724,#8725);
#7550=AXIS2_PLACEMENT_3D('',#11306,#8726,#8727);
#7551=AXIS2_PLACEMENT_3D('',#11307,#8728,#8729);
#7552=AXIS2_PLACEMENT_3D('',#11308,#8730,#8731);
#7553=AXIS2_PLACEMENT_3D('',#11311,#8732,#8733);
#7554=AXIS2_PLACEMENT_3D('',#11317,#8734,#8735);
#7555=AXIS2_PLACEMENT_3D('',#11318,#8736,#8737);
#7556=AXIS2_PLACEMENT_3D('',#11319,#8738,#8739);
#7557=AXIS2_PLACEMENT_3D('',#11322,#8740,#8741);
#7558=AXIS2_PLACEMENT_3D('',#11328,#8742,#8743);
#7559=AXIS2_PLACEMENT_3D('',#11329,#8744,#8745);
#7560=AXIS2_PLACEMENT_3D('',#11330,#8746,#8747);
#7561=AXIS2_PLACEMENT_3D('',#11333,#8748,#8749);
#7562=AXIS2_PLACEMENT_3D('',#11339,#8750,#8751);
#7563=AXIS2_PLACEMENT_3D('',#11340,#8752,#8753);
#7564=AXIS2_PLACEMENT_3D('',#11344,#8755,#8756);
#7565=AXIS2_PLACEMENT_3D('',#11348,#8758,#8759);
#7566=AXIS2_PLACEMENT_3D('',#11351,#8761,#8762);
#7567=AXIS2_PLACEMENT_3D('',#11354,#8764,#8765);
#7568=AXIS2_PLACEMENT_3D('',#11357,#8766,#8767);
#7569=AXIS2_PLACEMENT_3D('',#11361,#8769,#8770);
#7570=AXIS2_PLACEMENT_3D('',#11365,#8772,#8773);
#7571=AXIS2_PLACEMENT_3D('',#11370,#8776,#8777);
#7572=AXIS2_PLACEMENT_3D('',#11371,#8778,#8779);
#7573=AXIS2_PLACEMENT_3D('',#11373,#8780,#8781);
#7574=AXIS2_PLACEMENT_3D('',#11375,#8782,#8783);
#7575=AXIS2_PLACEMENT_3D('',#11376,#8784,#8785);
#7576=AXIS2_PLACEMENT_3D('',#11385,#8790,#8791);
#7577=AXIS2_PLACEMENT_3D('',#11388,#8793,#8794);
#7578=AXIS2_PLACEMENT_3D('',#11396,#8799,#8800);
#7579=AXIS2_PLACEMENT_3D('',#11400,#8803,#8804);
#7580=AXIS2_PLACEMENT_3D('',#11401,#8805,#8806);
#7581=AXIS2_PLACEMENT_3D('',#11420,#8808,#8809);
#7582=AXIS2_PLACEMENT_3D('',#11421,#8810,#8811);
#7583=AXIS2_PLACEMENT_3D('',#11427,#8814,#8815);
#7584=AXIS2_PLACEMENT_3D('',#11435,#8819,#8820);
#7585=AXIS2_PLACEMENT_3D('',#11447,#8826,#8827);
#7586=AXIS2_PLACEMENT_3D('',#11455,#8831,#8832);
#7587=AXIS2_PLACEMENT_3D('',#11462,#8836,#8837);
#7588=AXIS2_PLACEMENT_3D('',#11464,#8838,#8839);
#7589=AXIS2_PLACEMENT_3D('',#11489,#8852,#8853);
#7590=AXIS2_PLACEMENT_3D('',#11490,#8854,#8855);
#7591=AXIS2_PLACEMENT_3D('',#11492,#8856,#8857);
#7592=AXIS2_PLACEMENT_3D('',#11494,#8858,#8859);
#7593=AXIS2_PLACEMENT_3D('',#11495,#8860,#8861);
#7594=AXIS2_PLACEMENT_3D('',#11497,#8862,#8863);
#7595=AXIS2_PLACEMENT_3D('',#11499,#8864,#8865);
#7596=AXIS2_PLACEMENT_3D('',#11500,#8866,#8867);
#7597=AXIS2_PLACEMENT_3D('',#11502,#8868,#8869);
#7598=AXIS2_PLACEMENT_3D('',#11504,#8870,#8871);
#7599=AXIS2_PLACEMENT_3D('',#11505,#8872,#8873);
#7600=AXIS2_PLACEMENT_3D('',#11507,#8874,#8875);
#7601=AXIS2_PLACEMENT_3D('',#11509,#8876,#8877);
#7602=AXIS2_PLACEMENT_3D('',#11510,#8878,#8879);
#7603=AXIS2_PLACEMENT_3D('',#11512,#8880,#8881);
#7604=AXIS2_PLACEMENT_3D('',#11514,#8882,#8883);
#7605=AXIS2_PLACEMENT_3D('',#11516,#8884,#8885);
#7606=AXIS2_PLACEMENT_3D('',#11526,#8890,#8891);
#7607=AXIS2_PLACEMENT_3D('',#11528,#8892,#8893);
#7608=AXIS2_PLACEMENT_3D('',#11595,#8894,#8895);
#7609=AXIS2_PLACEMENT_3D('',#11662,#8896,#8897);
#7610=AXIS2_PLACEMENT_3D('',#11729,#8898,#8899);
#7611=AXIS2_PLACEMENT_3D('',#11796,#8900,#8901);
#7612=AXIS2_PLACEMENT_3D('',#11863,#8902,#8903);
#7613=AXIS2_PLACEMENT_3D('',#11930,#8904,#8905);
#7614=AXIS2_PLACEMENT_3D('',#11997,#8906,#8907);
#7615=AXIS2_PLACEMENT_3D('',#12064,#8908,#8909);
#7616=AXIS2_PLACEMENT_3D('',#12131,#8910,#8911);
#7617=AXIS2_PLACEMENT_3D('',#12198,#8912,#8913);
#7618=AXIS2_PLACEMENT_3D('',#12265,#8914,#8915);
#7619=AXIS2_PLACEMENT_3D('',#12332,#8916,#8917);
#7620=AXIS2_PLACEMENT_3D('',#12399,#8918,#8919);
#7621=AXIS2_PLACEMENT_3D('',#12466,#8920,#8921);
#7622=AXIS2_PLACEMENT_3D('',#12533,#8922,#8923);
#7623=AXIS2_PLACEMENT_3D('',#13090,#8924,#8925);
#7624=AXIS2_PLACEMENT_3D('',#13091,#8926,#8927);
#7625=AXIS2_PLACEMENT_3D('',#13093,#8928,#8929);
#7626=AXIS2_PLACEMENT_3D('',#13094,#8930,#8931);
#7627=AXIS2_PLACEMENT_3D('',#13096,#8932,#8933);
#7628=AXIS2_PLACEMENT_3D('',#13097,#8934,#8935);
#7629=AXIS2_PLACEMENT_3D('',#13098,#8936,#8937);
#7630=AXIS2_PLACEMENT_3D('',#13100,#8938,#8939);
#7631=AXIS2_PLACEMENT_3D('',#13101,#8940,#8941);
#7632=AXIS2_PLACEMENT_3D('',#13103,#8942,#8943);
#7633=AXIS2_PLACEMENT_3D('',#13104,#8944,#8945);
#7634=AXIS2_PLACEMENT_3D('',#13105,#8946,#8947);
#7635=AXIS2_PLACEMENT_3D('',#13107,#8948,#8949);
#7636=AXIS2_PLACEMENT_3D('',#13108,#8950,#8951);
#7637=AXIS2_PLACEMENT_3D('',#13110,#8952,#8953);
#7638=AXIS2_PLACEMENT_3D('',#13111,#8954,#8955);
#7639=AXIS2_PLACEMENT_3D('',#13112,#8956,#8957);
#7640=AXIS2_PLACEMENT_3D('',#13114,#8958,#8959);
#7641=AXIS2_PLACEMENT_3D('',#13115,#8960,#8961);
#7642=AXIS2_PLACEMENT_3D('',#13117,#8962,#8963);
#7643=AXIS2_PLACEMENT_3D('',#13118,#8964,#8965);
#7644=AXIS2_PLACEMENT_3D('',#13119,#8966,#8967);
#7645=AXIS2_PLACEMENT_3D('',#13121,#8968,#8969);
#7646=AXIS2_PLACEMENT_3D('',#13122,#8970,#8971);
#7647=AXIS2_PLACEMENT_3D('',#13124,#8972,#8973);
#7648=AXIS2_PLACEMENT_3D('',#13615,#8974,#8975);
#7649=AXIS2_PLACEMENT_3D('',#13616,#8976,#8977);
#7650=AXIS2_PLACEMENT_3D('',#13618,#8978,#8979);
#7651=AXIS2_PLACEMENT_3D('',#13619,#8980,#8981);
#7652=AXIS2_PLACEMENT_3D('',#13621,#8982,#8983);
#7653=AXIS2_PLACEMENT_3D('',#13622,#8984,#8985);
#7654=AXIS2_PLACEMENT_3D('',#13623,#8986,#8987);
#7655=AXIS2_PLACEMENT_3D('',#13625,#8988,#8989);
#7656=AXIS2_PLACEMENT_3D('',#13626,#8990,#8991);
#7657=AXIS2_PLACEMENT_3D('',#13628,#8992,#8993);
#7658=AXIS2_PLACEMENT_3D('',#13629,#8994,#8995);
#7659=AXIS2_PLACEMENT_3D('',#13630,#8996,#8997);
#7660=AXIS2_PLACEMENT_3D('',#13632,#8998,#8999);
#7661=AXIS2_PLACEMENT_3D('',#13633,#9000,#9001);
#7662=AXIS2_PLACEMENT_3D('',#13635,#9002,#9003);
#7663=AXIS2_PLACEMENT_3D('',#13636,#9004,#9005);
#7664=AXIS2_PLACEMENT_3D('',#13637,#9006,#9007);
#7665=AXIS2_PLACEMENT_3D('',#13639,#9008,#9009);
#7666=AXIS2_PLACEMENT_3D('',#13640,#9010,#9011);
#7667=AXIS2_PLACEMENT_3D('',#13642,#9012,#9013);
#7668=AXIS2_PLACEMENT_3D('',#13643,#9014,#9015);
#7669=AXIS2_PLACEMENT_3D('',#13644,#9016,#9017);
#7670=AXIS2_PLACEMENT_3D('',#13646,#9018,#9019);
#7671=AXIS2_PLACEMENT_3D('',#13647,#9020,#9021);
#7672=AXIS2_PLACEMENT_3D('',#13649,#9022,#9023);
#7673=AXIS2_PLACEMENT_3D('',#14140,#9024,#9025);
#7674=AXIS2_PLACEMENT_3D('',#14141,#9026,#9027);
#7675=AXIS2_PLACEMENT_3D('',#14143,#9028,#9029);
#7676=AXIS2_PLACEMENT_3D('',#14144,#9030,#9031);
#7677=AXIS2_PLACEMENT_3D('',#14146,#9032,#9033);
#7678=AXIS2_PLACEMENT_3D('',#14147,#9034,#9035);
#7679=AXIS2_PLACEMENT_3D('',#14148,#9036,#9037);
#7680=AXIS2_PLACEMENT_3D('',#14150,#9038,#9039);
#7681=AXIS2_PLACEMENT_3D('',#14151,#9040,#9041);
#7682=AXIS2_PLACEMENT_3D('',#14153,#9042,#9043);
#7683=AXIS2_PLACEMENT_3D('',#14154,#9044,#9045);
#7684=AXIS2_PLACEMENT_3D('',#14155,#9046,#9047);
#7685=AXIS2_PLACEMENT_3D('',#14157,#9048,#9049);
#7686=AXIS2_PLACEMENT_3D('',#14158,#9050,#9051);
#7687=AXIS2_PLACEMENT_3D('',#14160,#9052,#9053);
#7688=AXIS2_PLACEMENT_3D('',#14161,#9054,#9055);
#7689=AXIS2_PLACEMENT_3D('',#14162,#9056,#9057);
#7690=AXIS2_PLACEMENT_3D('',#14164,#9058,#9059);
#7691=AXIS2_PLACEMENT_3D('',#14165,#9060,#9061);
#7692=AXIS2_PLACEMENT_3D('',#14167,#9062,#9063);
#7693=AXIS2_PLACEMENT_3D('',#14168,#9064,#9065);
#7694=AXIS2_PLACEMENT_3D('',#14169,#9066,#9067);
#7695=AXIS2_PLACEMENT_3D('',#14171,#9068,#9069);
#7696=AXIS2_PLACEMENT_3D('',#14172,#9070,#9071);
#7697=AXIS2_PLACEMENT_3D('',#14174,#9072,#9073);
#7698=AXIS2_PLACEMENT_3D('',#14175,#9074,#9075);
#7699=AXIS2_PLACEMENT_3D('',#14211,#9076,#9077);
#7700=AXIS2_PLACEMENT_3D('',#14213,#9078,#9079);
#7701=AXIS2_PLACEMENT_3D('',#14249,#9080,#9081);
#7702=AXIS2_PLACEMENT_3D('',#14251,#9082,#9083);
#7703=AXIS2_PLACEMENT_3D('',#14252,#9084,#9085);
#7704=AXIS2_PLACEMENT_3D('',#14288,#9086,#9087);
#7705=AXIS2_PLACEMENT_3D('',#14290,#9088,#9089);
#7706=AXIS2_PLACEMENT_3D('',#14326,#9090,#9091);
#7707=AXIS2_PLACEMENT_3D('',#14328,#9092,#9093);
#7708=AXIS2_PLACEMENT_3D('',#14329,#9094,#9095);
#7709=AXIS2_PLACEMENT_3D('',#14365,#9096,#9097);
#7710=AXIS2_PLACEMENT_3D('',#14367,#9098,#9099);
#7711=AXIS2_PLACEMENT_3D('',#14403,#9100,#9101);
#7712=AXIS2_PLACEMENT_3D('',#14405,#9102,#9103);
#7713=AXIS2_PLACEMENT_3D('',#14406,#9104,#9105);
#7714=AXIS2_PLACEMENT_3D('',#14442,#9106,#9107);
#7715=AXIS2_PLACEMENT_3D('',#14444,#9108,#9109);
#7716=AXIS2_PLACEMENT_3D('',#14480,#9110,#9111);
#7717=AXIS2_PLACEMENT_3D('',#14482,#9112,#9113);
#7718=AXIS2_PLACEMENT_3D('',#14483,#9114,#9115);
#7719=AXIS2_PLACEMENT_3D('',#14519,#9116,#9117);
#7720=AXIS2_PLACEMENT_3D('',#14521,#9118,#9119);
#7721=AXIS2_PLACEMENT_3D('',#14557,#9120,#9121);
#7722=AXIS2_PLACEMENT_3D('',#14559,#9122,#9123);
#7723=AXIS2_PLACEMENT_3D('',#14700,#9124,#9125);
#7724=AXIS2_PLACEMENT_3D('',#14701,#9126,#9127);
#7725=AXIS2_PLACEMENT_3D('',#14703,#9128,#9129);
#7726=AXIS2_PLACEMENT_3D('',#14704,#9130,#9131);
#7727=AXIS2_PLACEMENT_3D('',#14706,#9132,#9133);
#7728=AXIS2_PLACEMENT_3D('',#14708,#9134,#9135);
#7729=AXIS2_PLACEMENT_3D('',#14709,#9136,#9137);
#7730=AXIS2_PLACEMENT_3D('',#14711,#9138,#9139);
#7731=AXIS2_PLACEMENT_3D('',#14712,#9140,#9141);
#7732=AXIS2_PLACEMENT_3D('',#14714,#9142,#9143);
#7733=AXIS2_PLACEMENT_3D('',#14715,#9144,#9145);
#7734=AXIS2_PLACEMENT_3D('',#14717,#9146,#9147);
#7735=AXIS2_PLACEMENT_3D('',#14718,#9148,#9149);
#7736=AXIS2_PLACEMENT_3D('',#14720,#9150,#9151);
#7737=AXIS2_PLACEMENT_3D('',#14721,#9152,#9153);
#7738=AXIS2_PLACEMENT_3D('',#14723,#9154,#9155);
#7739=AXIS2_PLACEMENT_3D('',#14724,#9156,#9157);
#7740=AXIS2_PLACEMENT_3D('',#14726,#9158,#9159);
#7741=AXIS2_PLACEMENT_3D('',#14727,#9160,#9161);
#7742=AXIS2_PLACEMENT_3D('',#14729,#9162,#9163);
#7743=AXIS2_PLACEMENT_3D('',#14730,#9164,#9165);
#7744=AXIS2_PLACEMENT_3D('',#14732,#9166,#9167);
#7745=AXIS2_PLACEMENT_3D('',#14733,#9168,#9169);
#7746=AXIS2_PLACEMENT_3D('',#14735,#9170,#9171);
#7747=AXIS2_PLACEMENT_3D('',#14736,#9172,#9173);
#7748=AXIS2_PLACEMENT_3D('',#14738,#9174,#9175);
#7749=AXIS2_PLACEMENT_3D('',#14739,#9176,#9177);
#7750=AXIS2_PLACEMENT_3D('',#14741,#9178,#9179);
#7751=AXIS2_PLACEMENT_3D('',#14742,#9180,#9181);
#7752=AXIS2_PLACEMENT_3D('',#14744,#9182,#9183);
#7753=AXIS2_PLACEMENT_3D('',#14745,#9184,#9185);
#7754=AXIS2_PLACEMENT_3D('',#14747,#9186,#9187);
#7755=AXIS2_PLACEMENT_3D('',#14748,#9188,#9189);
#7756=AXIS2_PLACEMENT_3D('',#14750,#9190,#9191);
#7757=AXIS2_PLACEMENT_3D('',#14751,#9192,#9193);
#7758=AXIS2_PLACEMENT_3D('',#14753,#9194,#9195);
#7759=AXIS2_PLACEMENT_3D('',#14754,#9196,#9197);
#7760=AXIS2_PLACEMENT_3D('',#14756,#9198,#9199);
#7761=AXIS2_PLACEMENT_3D('',#14757,#9200,#9201);
#7762=AXIS2_PLACEMENT_3D('',#14759,#9202,#9203);
#7763=AXIS2_PLACEMENT_3D('',#14760,#9204,#9205);
#7764=AXIS2_PLACEMENT_3D('',#14762,#9206,#9207);
#7765=AXIS2_PLACEMENT_3D('',#14763,#9208,#9209);
#7766=AXIS2_PLACEMENT_3D('',#14765,#9210,#9211);
#7767=AXIS2_PLACEMENT_3D('',#14766,#9212,#9213);
#7768=AXIS2_PLACEMENT_3D('',#14768,#9214,#9215);
#7769=AXIS2_PLACEMENT_3D('',#14769,#9216,#9217);
#7770=AXIS2_PLACEMENT_3D('',#14771,#9218,#9219);
#7771=AXIS2_PLACEMENT_3D('',#14772,#9220,#9221);
#7772=AXIS2_PLACEMENT_3D('',#14774,#9222,#9223);
#7773=AXIS2_PLACEMENT_3D('',#14775,#9224,#9225);
#7774=AXIS2_PLACEMENT_3D('',#14777,#9226,#9227);
#7775=AXIS2_PLACEMENT_3D('',#14778,#9228,#9229);
#7776=AXIS2_PLACEMENT_3D('',#14780,#9230,#9231);
#7777=AXIS2_PLACEMENT_3D('',#14781,#9232,#9233);
#7778=AXIS2_PLACEMENT_3D('',#14783,#9234,#9235);
#7779=AXIS2_PLACEMENT_3D('',#14784,#9236,#9237);
#7780=AXIS2_PLACEMENT_3D('',#14786,#9238,#9239);
#7781=AXIS2_PLACEMENT_3D('',#14787,#9240,#9241);
#7782=AXIS2_PLACEMENT_3D('',#14789,#9242,#9243);
#7783=AXIS2_PLACEMENT_3D('',#14790,#9244,#9245);
#7784=AXIS2_PLACEMENT_3D('',#14792,#9246,#9247);
#7785=AXIS2_PLACEMENT_3D('',#14793,#9248,#9249);
#7786=AXIS2_PLACEMENT_3D('',#14795,#9250,#9251);
#7787=AXIS2_PLACEMENT_3D('',#14796,#9252,#9253);
#7788=AXIS2_PLACEMENT_3D('',#14798,#9254,#9255);
#7789=AXIS2_PLACEMENT_3D('',#14799,#9256,#9257);
#7790=AXIS2_PLACEMENT_3D('',#14801,#9258,#9259);
#7791=AXIS2_PLACEMENT_3D('',#14802,#9260,#9261);
#7792=AXIS2_PLACEMENT_3D('',#14804,#9262,#9263);
#7793=AXIS2_PLACEMENT_3D('',#14805,#9264,#9265);
#7794=AXIS2_PLACEMENT_3D('',#14807,#9266,#9267);
#7795=AXIS2_PLACEMENT_3D('',#14808,#9268,#9269);
#7796=AXIS2_PLACEMENT_3D('',#14810,#9270,#9271);
#7797=AXIS2_PLACEMENT_3D('',#14811,#9272,#9273);
#7798=AXIS2_PLACEMENT_3D('',#14813,#9274,#9275);
#7799=AXIS2_PLACEMENT_3D('',#14814,#9276,#9277);
#7800=AXIS2_PLACEMENT_3D('',#14816,#9278,#9279);
#7801=AXIS2_PLACEMENT_3D('',#14817,#9280,#9281);
#7802=AXIS2_PLACEMENT_3D('',#14819,#9282,#9283);
#7803=AXIS2_PLACEMENT_3D('',#14820,#9284,#9285);
#7804=AXIS2_PLACEMENT_3D('',#14822,#9286,#9287);
#7805=AXIS2_PLACEMENT_3D('',#14823,#9288,#9289);
#7806=AXIS2_PLACEMENT_3D('',#14825,#9290,#9291);
#7807=AXIS2_PLACEMENT_3D('',#14826,#9292,#9293);
#7808=AXIS2_PLACEMENT_3D('',#14828,#9294,#9295);
#7809=AXIS2_PLACEMENT_3D('',#14829,#9296,#9297);
#7810=AXIS2_PLACEMENT_3D('',#14831,#9298,#9299);
#7811=AXIS2_PLACEMENT_3D('',#14832,#9300,#9301);
#7812=AXIS2_PLACEMENT_3D('',#14834,#9302,#9303);
#7813=AXIS2_PLACEMENT_3D('',#14835,#9304,#9305);
#7814=AXIS2_PLACEMENT_3D('',#14837,#9306,#9307);
#7815=AXIS2_PLACEMENT_3D('',#14838,#9308,#9309);
#7816=AXIS2_PLACEMENT_3D('',#14840,#9310,#9311);
#7817=AXIS2_PLACEMENT_3D('',#14841,#9312,#9313);
#7818=AXIS2_PLACEMENT_3D('',#14843,#9314,#9315);
#7819=AXIS2_PLACEMENT_3D('',#14844,#9316,#9317);
#7820=AXIS2_PLACEMENT_3D('',#14846,#9318,#9319);
#7821=AXIS2_PLACEMENT_3D('',#14847,#9320,#9321);
#7822=AXIS2_PLACEMENT_3D('',#14849,#9322,#9323);
#7823=AXIS2_PLACEMENT_3D('',#14850,#9324,#9325);
#7824=AXIS2_PLACEMENT_3D('',#14852,#9326,#9327);
#7825=AXIS2_PLACEMENT_3D('',#14853,#9328,#9329);
#7826=AXIS2_PLACEMENT_3D('',#14855,#9330,#9331);
#7827=AXIS2_PLACEMENT_3D('',#14856,#9332,#9333);
#7828=AXIS2_PLACEMENT_3D('',#14858,#9334,#9335);
#7829=AXIS2_PLACEMENT_3D('',#14859,#9336,#9337);
#7830=AXIS2_PLACEMENT_3D('',#14861,#9338,#9339);
#7831=AXIS2_PLACEMENT_3D('',#14862,#9340,#9341);
#7832=AXIS2_PLACEMENT_3D('',#14864,#9342,#9343);
#7833=AXIS2_PLACEMENT_3D('',#14865,#9344,#9345);
#7834=AXIS2_PLACEMENT_3D('',#14867,#9346,#9347);
#7835=AXIS2_PLACEMENT_3D('',#14868,#9348,#9349);
#7836=AXIS2_PLACEMENT_3D('',#14870,#9350,#9351);
#7837=AXIS2_PLACEMENT_3D('',#14871,#9352,#9353);
#7838=AXIS2_PLACEMENT_3D('',#14873,#9354,#9355);
#7839=AXIS2_PLACEMENT_3D('',#14874,#9356,#9357);
#7840=AXIS2_PLACEMENT_3D('',#14876,#9358,#9359);
#7841=AXIS2_PLACEMENT_3D('',#14877,#9360,#9361);
#7842=AXIS2_PLACEMENT_3D('',#14879,#9362,#9363);
#7843=AXIS2_PLACEMENT_3D('',#14880,#9364,#9365);
#7844=AXIS2_PLACEMENT_3D('',#14882,#9366,#9367);
#7845=AXIS2_PLACEMENT_3D('',#14883,#9368,#9369);
#7846=AXIS2_PLACEMENT_3D('',#14885,#9370,#9371);
#7847=AXIS2_PLACEMENT_3D('',#14886,#9372,#9373);
#7848=AXIS2_PLACEMENT_3D('',#14888,#9374,#9375);
#7849=AXIS2_PLACEMENT_3D('',#14889,#9376,#9377);
#7850=AXIS2_PLACEMENT_3D('',#14891,#9378,#9379);
#7851=AXIS2_PLACEMENT_3D('',#14892,#9380,#9381);
#7852=AXIS2_PLACEMENT_3D('',#14894,#9382,#9383);
#7853=AXIS2_PLACEMENT_3D('',#14895,#9384,#9385);
#7854=AXIS2_PLACEMENT_3D('',#14897,#9386,#9387);
#7855=AXIS2_PLACEMENT_3D('',#14898,#9388,#9389);
#7856=AXIS2_PLACEMENT_3D('',#14900,#9390,#9391);
#7857=AXIS2_PLACEMENT_3D('',#14901,#9392,#9393);
#7858=AXIS2_PLACEMENT_3D('',#14903,#9394,#9395);
#7859=AXIS2_PLACEMENT_3D('',#14904,#9396,#9397);
#7860=AXIS2_PLACEMENT_3D('',#14906,#9398,#9399);
#7861=AXIS2_PLACEMENT_3D('',#14907,#9400,#9401);
#7862=AXIS2_PLACEMENT_3D('',#14909,#9402,#9403);
#7863=AXIS2_PLACEMENT_3D('',#14910,#9404,#9405);
#7864=AXIS2_PLACEMENT_3D('',#14912,#9406,#9407);
#7865=AXIS2_PLACEMENT_3D('',#14913,#9408,#9409);
#7866=AXIS2_PLACEMENT_3D('',#14915,#9410,#9411);
#7867=AXIS2_PLACEMENT_3D('',#14916,#9412,#9413);
#7868=AXIS2_PLACEMENT_3D('',#14918,#9414,#9415);
#7869=AXIS2_PLACEMENT_3D('',#14919,#9416,#9417);
#7870=AXIS2_PLACEMENT_3D('',#14921,#9418,#9419);
#7871=AXIS2_PLACEMENT_3D('',#14922,#9420,#9421);
#7872=AXIS2_PLACEMENT_3D('',#14924,#9422,#9423);
#7873=AXIS2_PLACEMENT_3D('',#14925,#9424,#9425);
#7874=AXIS2_PLACEMENT_3D('',#14927,#9426,#9427);
#7875=AXIS2_PLACEMENT_3D('',#14928,#9428,#9429);
#7876=AXIS2_PLACEMENT_3D('',#14930,#9430,#9431);
#7877=AXIS2_PLACEMENT_3D('',#14931,#9432,#9433);
#7878=AXIS2_PLACEMENT_3D('',#14933,#9434,#9435);
#7879=AXIS2_PLACEMENT_3D('',#14934,#9436,#9437);
#7880=AXIS2_PLACEMENT_3D('',#14936,#9438,#9439);
#7881=AXIS2_PLACEMENT_3D('',#14937,#9440,#9441);
#7882=AXIS2_PLACEMENT_3D('',#14939,#9442,#9443);
#7883=AXIS2_PLACEMENT_3D('',#14940,#9444,#9445);
#7884=AXIS2_PLACEMENT_3D('',#14942,#9446,#9447);
#7885=AXIS2_PLACEMENT_3D('',#14943,#9448,#9449);
#7886=AXIS2_PLACEMENT_3D('',#14945,#9450,#9451);
#7887=AXIS2_PLACEMENT_3D('',#14946,#9452,#9453);
#7888=AXIS2_PLACEMENT_3D('',#14948,#9454,#9455);
#7889=AXIS2_PLACEMENT_3D('',#14949,#9456,#9457);
#7890=AXIS2_PLACEMENT_3D('',#14951,#9458,#9459);
#7891=AXIS2_PLACEMENT_3D('',#14952,#9460,#9461);
#7892=AXIS2_PLACEMENT_3D('',#14954,#9462,#9463);
#7893=AXIS2_PLACEMENT_3D('',#14955,#9464,#9465);
#7894=AXIS2_PLACEMENT_3D('',#14957,#9466,#9467);
#7895=AXIS2_PLACEMENT_3D('',#14958,#9468,#9469);
#7896=AXIS2_PLACEMENT_3D('',#14960,#9470,#9471);
#7897=AXIS2_PLACEMENT_3D('',#14961,#9472,#9473);
#7898=AXIS2_PLACEMENT_3D('',#14963,#9474,#9475);
#7899=AXIS2_PLACEMENT_3D('',#14964,#9476,#9477);
#7900=AXIS2_PLACEMENT_3D('',#14966,#9478,#9479);
#7901=AXIS2_PLACEMENT_3D('',#14967,#9480,#9481);
#7902=AXIS2_PLACEMENT_3D('',#14969,#9482,#9483);
#7903=AXIS2_PLACEMENT_3D('',#14970,#9484,#9485);
#7904=AXIS2_PLACEMENT_3D('',#14972,#9486,#9487);
#7905=AXIS2_PLACEMENT_3D('',#14973,#9488,#9489);
#7906=AXIS2_PLACEMENT_3D('',#14974,#9490,#9491);
#7907=AXIS2_PLACEMENT_3D('',#14976,#9492,#9493);
#7908=AXIS2_PLACEMENT_3D('',#14978,#9494,#9495);
#7909=AXIS2_PLACEMENT_3D('',#14979,#9496,#9497);
#7910=AXIS2_PLACEMENT_3D('',#14984,#9499,#9500);
#7911=AXIS2_PLACEMENT_3D('',#14988,#9502,#9503);
#7912=AXIS2_PLACEMENT_3D('',#14992,#9505,#9506);
#7913=AXIS2_PLACEMENT_3D('',#14996,#9508,#9509);
#7914=AXIS2_PLACEMENT_3D('',#15000,#9511,#9512);
#7915=AXIS2_PLACEMENT_3D('',#15004,#9514,#9515);
#7916=AXIS2_PLACEMENT_3D('',#15008,#9517,#9518);
#7917=AXIS2_PLACEMENT_3D('',#15012,#9520,#9521);
#7918=AXIS2_PLACEMENT_3D('',#15013,#9522,#9523);
#7919=AXIS2_PLACEMENT_3D('',#15038,#9536,#9537);
#7920=AXIS2_PLACEMENT_3D('',#15047,#9542,#9543);
#7921=AXIS2_PLACEMENT_3D('',#15056,#9548,#9549);
#7922=AXIS2_PLACEMENT_3D('',#15058,#9551,#9552);
#7923=AXIS2_PLACEMENT_3D('',#15059,#9553,#9554);
#7924=AXIS2_PLACEMENT_3D('',#15061,#9556,#9557);
#7925=AXIS2_PLACEMENT_3D('',#15062,#9558,#9559);
#7926=AXIS2_PLACEMENT_3D('',#15064,#9561,#9562);
#7927=AXIS2_PLACEMENT_3D('',#15065,#9563,#9564);
#7928=AXIS2_PLACEMENT_3D('',#15067,#9566,#9567);
#7929=AXIS2_PLACEMENT_3D('',#15068,#9568,#9569);
#7930=AXIS2_PLACEMENT_3D('',#15070,#9571,#9572);
#7931=AXIS2_PLACEMENT_3D('',#15071,#9573,#9574);
#7932=AXIS2_PLACEMENT_3D('',#15073,#9576,#9577);
#7933=AXIS2_PLACEMENT_3D('',#15074,#9578,#9579);
#7934=AXIS2_PLACEMENT_3D('',#15076,#9581,#9582);
#7935=AXIS2_PLACEMENT_3D('',#15077,#9583,#9584);
#7936=AXIS2_PLACEMENT_3D('',#15079,#9586,#9587);
#7937=AXIS2_PLACEMENT_3D('',#15080,#9588,#9589);
#7938=AXIS2_PLACEMENT_3D('',#15082,#9591,#9592);
#7939=AXIS2_PLACEMENT_3D('',#15083,#9593,#9594);
#7940=AXIS2_PLACEMENT_3D('',#15085,#9596,#9597);
#7941=AXIS2_PLACEMENT_3D('',#15086,#9598,#9599);
#7942=AXIS2_PLACEMENT_3D('',#15088,#9601,#9602);
#7943=AXIS2_PLACEMENT_3D('',#15089,#9603,#9604);
#7944=AXIS2_PLACEMENT_3D('',#15091,#9606,#9607);
#7945=AXIS2_PLACEMENT_3D('',#15092,#9608,#9609);
#7946=AXIS2_PLACEMENT_3D('',#15094,#9611,#9612);
#7947=AXIS2_PLACEMENT_3D('',#15095,#9613,#9614);
#7948=AXIS2_PLACEMENT_3D('',#15097,#9616,#9617);
#7949=AXIS2_PLACEMENT_3D('',#15098,#9618,#9619);
#7950=AXIS2_PLACEMENT_3D('',#15100,#9621,#9622);
#7951=AXIS2_PLACEMENT_3D('',#15101,#9623,#9624);
#7952=AXIS2_PLACEMENT_3D('',#15103,#9626,#9627);
#7953=AXIS2_PLACEMENT_3D('',#15104,#9628,#9629);
#7954=AXIS2_PLACEMENT_3D('',#15106,#9631,#9632);
#7955=AXIS2_PLACEMENT_3D('',#15107,#9633,#9634);
#7956=AXIS2_PLACEMENT_3D('',#15109,#9636,#9637);
#7957=AXIS2_PLACEMENT_3D('',#15110,#9638,#9639);
#7958=AXIS2_PLACEMENT_3D('',#15112,#9641,#9642);
#7959=AXIS2_PLACEMENT_3D('',#15113,#9643,#9644);
#7960=AXIS2_PLACEMENT_3D('',#15115,#9646,#9647);
#7961=AXIS2_PLACEMENT_3D('',#15116,#9648,#9649);
#7962=AXIS2_PLACEMENT_3D('',#15118,#9651,#9652);
#7963=AXIS2_PLACEMENT_3D('',#15119,#9653,#9654);
#7964=AXIS2_PLACEMENT_3D('',#15121,#9656,#9657);
#7965=AXIS2_PLACEMENT_3D('',#15122,#9658,#9659);
#7966=AXIS2_PLACEMENT_3D('',#15124,#9661,#9662);
#7967=AXIS2_PLACEMENT_3D('',#15125,#9663,#9664);
#7968=AXIS2_PLACEMENT_3D('',#15127,#9666,#9667);
#7969=AXIS2_PLACEMENT_3D('',#15128,#9668,#9669);
#7970=AXIS2_PLACEMENT_3D('',#15130,#9671,#9672);
#7971=AXIS2_PLACEMENT_3D('',#15131,#9673,#9674);
#7972=AXIS2_PLACEMENT_3D('',#15133,#9676,#9677);
#7973=AXIS2_PLACEMENT_3D('',#15134,#9678,#9679);
#7974=AXIS2_PLACEMENT_3D('',#15136,#9681,#9682);
#7975=AXIS2_PLACEMENT_3D('',#15137,#9683,#9684);
#7976=AXIS2_PLACEMENT_3D('',#15139,#9686,#9687);
#7977=AXIS2_PLACEMENT_3D('',#15140,#9688,#9689);
#7978=AXIS2_PLACEMENT_3D('',#15142,#9691,#9692);
#7979=AXIS2_PLACEMENT_3D('',#15143,#9693,#9694);
#7980=AXIS2_PLACEMENT_3D('',#15145,#9696,#9697);
#7981=AXIS2_PLACEMENT_3D('',#15146,#9698,#9699);
#7982=AXIS2_PLACEMENT_3D('',#15148,#9701,#9702);
#7983=AXIS2_PLACEMENT_3D('',#15149,#9703,#9704);
#7984=AXIS2_PLACEMENT_3D('',#15151,#9706,#9707);
#7985=AXIS2_PLACEMENT_3D('',#15152,#9708,#9709);
#7986=AXIS2_PLACEMENT_3D('',#15154,#9711,#9712);
#7987=AXIS2_PLACEMENT_3D('',#15155,#9713,#9714);
#7988=AXIS2_PLACEMENT_3D('',#15157,#9716,#9717);
#7989=AXIS2_PLACEMENT_3D('',#15158,#9718,#9719);
#7990=AXIS2_PLACEMENT_3D('',#15160,#9721,#9722);
#7991=AXIS2_PLACEMENT_3D('',#15161,#9723,#9724);
#7992=AXIS2_PLACEMENT_3D('',#15163,#9726,#9727);
#7993=AXIS2_PLACEMENT_3D('',#15164,#9728,#9729);
#7994=AXIS2_PLACEMENT_3D('',#15166,#9731,#9732);
#7995=AXIS2_PLACEMENT_3D('',#15167,#9733,#9734);
#7996=AXIS2_PLACEMENT_3D('',#15169,#9736,#9737);
#7997=AXIS2_PLACEMENT_3D('',#15170,#9738,#9739);
#7998=AXIS2_PLACEMENT_3D('',#15172,#9741,#9742);
#7999=AXIS2_PLACEMENT_3D('',#15173,#9743,#9744);
#8000=AXIS2_PLACEMENT_3D('',#15175,#9746,#9747);
#8001=AXIS2_PLACEMENT_3D('',#15176,#9748,#9749);
#8002=AXIS2_PLACEMENT_3D('',#15180,#9751,#9752);
#8003=AXIS2_PLACEMENT_3D('',#15184,#9754,#9755);
#8004=AXIS2_PLACEMENT_3D('',#15185,#9756,#9757);
#8005=AXIS2_PLACEMENT_3D('',#15191,#9761,#9762);
#8006=AXIS2_PLACEMENT_3D('',#15197,#9766,#9767);
#8007=AXIS2_PLACEMENT_3D('',#15198,#9768,#9769);
#8008=AXIS2_PLACEMENT_3D('',#15201,#9771,#9772);
#8009=AXIS2_PLACEMENT_3D('',#15210,#9777,#9778);
#8010=AXIS2_PLACEMENT_3D('',#15211,#9779,#9780);
#8011=AXIS2_PLACEMENT_3D('',#15215,#9782,#9783);
#8012=AXIS2_PLACEMENT_3D('',#15216,#9784,#9785);
#8013=AXIS2_PLACEMENT_3D('',#15222,#9789,#9790);
#8014=AXIS2_PLACEMENT_3D('',#15223,#9791,#9792);
#8015=AXIS2_PLACEMENT_3D('',#15226,#9794,#9795);
#8016=AXIS2_PLACEMENT_3D('',#15235,#9800,#9801);
#8017=AXIS2_PLACEMENT_3D('',#15236,#9802,#9803);
#8018=AXIS2_PLACEMENT_3D('',#15240,#9805,#9806);
#8019=AXIS2_PLACEMENT_3D('',#15241,#9807,#9808);
#8020=AXIS2_PLACEMENT_3D('',#15247,#9812,#9813);
#8021=AXIS2_PLACEMENT_3D('',#15248,#9814,#9815);
#8022=AXIS2_PLACEMENT_3D('',#15251,#9817,#9818);
#8023=AXIS2_PLACEMENT_3D('',#15260,#9823,#9824);
#8024=AXIS2_PLACEMENT_3D('',#15261,#9825,#9826);
#8025=AXIS2_PLACEMENT_3D('',#15265,#9828,#9829);
#8026=AXIS2_PLACEMENT_3D('',#15266,#9830,#9831);
#8027=AXIS2_PLACEMENT_3D('',#15272,#9835,#9836);
#8028=AXIS2_PLACEMENT_3D('',#15273,#9837,#9838);
#8029=AXIS2_PLACEMENT_3D('',#15276,#9840,#9841);
#8030=AXIS2_PLACEMENT_3D('',#15277,#9842,#9843);
#8031=AXIS2_PLACEMENT_3D('',#15286,#9849,#9850);
#8032=AXIS2_PLACEMENT_3D('',#15288,#9852,#9853);
#8033=AXIS2_PLACEMENT_3D('',#15294,#9857,#9858);
#8034=AXIS2_PLACEMENT_3D('',#15298,#9861,#9862);
#8035=AXIS2_PLACEMENT_3D('',#15299,#9863,#9864);
#8036=AXIS2_PLACEMENT_3D('',#15300,#9865,#9866);
#8037=AXIS2_PLACEMENT_3D('',#15301,#9867,#9868);
#8038=AXIS2_PLACEMENT_3D('',#15303,#9870,#9871);
#8039=AXIS2_PLACEMENT_3D('',#15305,#9873,#9874);
#8040=AXIS2_PLACEMENT_3D('',#15306,#9875,#9876);
#8041=AXIS2_PLACEMENT_3D('',#15310,#9879,#9880);
#8042=AXIS2_PLACEMENT_3D('',#15314,#9883,#9884);
#8043=AXIS2_PLACEMENT_3D('',#15315,#9885,#9886);
#8044=AXIS2_PLACEMENT_3D('',#15316,#9887,#9888);
#8045=AXIS2_PLACEMENT_3D('',#15317,#9889,#9890);
#8046=AXIS2_PLACEMENT_3D('',#15318,#9891,#9892);
#8047=AXIS2_PLACEMENT_3D('',#15327,#9897,#9898);
#8048=AXIS2_PLACEMENT_3D('',#15330,#9901,#9902);
#8049=AXIS2_PLACEMENT_3D('',#15332,#9904,#9905);
#8050=AXIS2_PLACEMENT_3D('',#15334,#9907,#9908);
#8051=AXIS2_PLACEMENT_3D('',#15335,#9909,#9910);
#8052=AXIS2_PLACEMENT_3D('',#15336,#9911,#9912);
#8053=AXIS2_PLACEMENT_3D('',#15337,#9913,#9914);
#8054=AXIS2_PLACEMENT_3D('',#15338,#9915,#9916);
#8055=AXIS2_PLACEMENT_3D('',#15339,#9917,#9918);
#8056=AXIS2_PLACEMENT_3D('',#15340,#9919,#9920);
#8057=AXIS2_PLACEMENT_3D('',#15341,#9921,#9922);
#8058=AXIS2_PLACEMENT_3D('',#15342,#9923,#9924);
#8059=AXIS2_PLACEMENT_3D('',#15343,#9925,#9926);
#8060=AXIS2_PLACEMENT_3D('',#15344,#9927,#9928);
#8061=AXIS2_PLACEMENT_3D('',#15346,#9929,#9930);
#8062=AXIS2_PLACEMENT_3D('',#15347,#9931,#9932);
#8063=AXIS2_PLACEMENT_3D('',#15349,#9933,#9934);
#8064=AXIS2_PLACEMENT_3D('',#15350,#9935,#9936);
#8065=AXIS2_PLACEMENT_3D('',#15351,#9937,#9938);
#8066=AXIS2_PLACEMENT_3D('',#15352,#9939,#9940);
#8067=AXIS2_PLACEMENT_3D('',#15353,#9941,#9942);
#8068=AXIS2_PLACEMENT_3D('',#15354,#9943,#9944);
#8069=AXIS2_PLACEMENT_3D('',#15363,#9945,#9946);
#8070=AXIS2_PLACEMENT_3D('',#15368,#9947,#9948);
#8071=AXIS2_PLACEMENT_3D('',#15373,#9949,#9950);
#8072=AXIS2_PLACEMENT_3D('',#15378,#9951,#9952);
#8073=AXIS2_PLACEMENT_3D('',#15383,#9953,#9954);
#8074=AXIS2_PLACEMENT_3D('',#15388,#9955,#9956);
#8075=AXIS2_PLACEMENT_3D('',#15393,#9957,#9958);
#8076=AXIS2_PLACEMENT_3D('',#15398,#9959,#9960);
#8077=AXIS2_PLACEMENT_3D('',#15403,#9961,#9962);
#8078=AXIS2_PLACEMENT_3D('',#15408,#9963,#9964);
#8079=AXIS2_PLACEMENT_3D('',#15413,#9965,#9966);
#8080=AXIS2_PLACEMENT_3D('',#15418,#9967,#9968);
#8081=AXIS2_PLACEMENT_3D('',#15423,#9969,#9970);
#8082=AXIS2_PLACEMENT_3D('',#15428,#9971,#9972);
#8083=AXIS2_PLACEMENT_3D('',#15433,#9973,#9974);
#8084=AXIS2_PLACEMENT_3D('',#15434,#9975,#9976);
#8085=AXIS2_PLACEMENT_3D('',#15435,#9977,#9978);
#8086=AXIS2_PLACEMENT_3D('',#15436,#9979,#9980);
#8087=AXIS2_PLACEMENT_3D('',#15438,#9981,#9982);
#8088=AXIS2_PLACEMENT_3D('',#15440,#9983,#9984);
#8089=AXIS2_PLACEMENT_3D('',#15441,#9985,#9986);
#8090=AXIS2_PLACEMENT_3D('',#15443,#9987,#9988);
#8091=AXIS2_PLACEMENT_3D('',#15445,#9989,#9990);
#8092=AXIS2_PLACEMENT_3D('',#15446,#9991,#9992);
#8093=AXIS2_PLACEMENT_3D('',#15447,#9993,#9994);
#8094=AXIS2_PLACEMENT_3D('',#15448,#9995,#9996);
#8095=AXIS2_PLACEMENT_3D('',#15449,#9997,#9998);
#8096=AXIS2_PLACEMENT_3D('',#15451,#9999,#10000);
#8097=AXIS2_PLACEMENT_3D('',#15452,#10001,#10002);
#8098=AXIS2_PLACEMENT_3D('',#15454,#10003,#10004);
#8099=AXIS2_PLACEMENT_3D('',#15455,#10005,#10006);
#8100=AXIS2_PLACEMENT_3D('',#15456,#10007,#10008);
#8101=AXIS2_PLACEMENT_3D('',#15457,#10009,#10010);
#8102=AXIS2_PLACEMENT_3D('',#15458,#10011,#10012);
#8103=AXIS2_PLACEMENT_3D('',#15459,#10013,#10014);
#8104=AXIS2_PLACEMENT_3D('',#15461,#10015,#10016);
#8105=AXIS2_PLACEMENT_3D('',#15463,#10017,#10018);
#8106=AXIS2_PLACEMENT_3D('',#15464,#10019,#10020);
#8107=AXIS2_PLACEMENT_3D('',#15466,#10021,#10022);
#8108=AXIS2_PLACEMENT_3D('',#15468,#10023,#10024);
#8109=AXIS2_PLACEMENT_3D('',#15469,#10025,#10026);
#8110=AXIS2_PLACEMENT_3D('',#15470,#10027,#10028);
#8111=AXIS2_PLACEMENT_3D('',#15471,#10029,#10030);
#8112=AXIS2_PLACEMENT_3D('',#15474,#10033,#10034);
#8113=AXIS2_PLACEMENT_3D('',#15477,#10037,#10038);
#8114=AXIS2_PLACEMENT_3D('',#15480,#10041,#10042);
#8115=AXIS2_PLACEMENT_3D('',#15482,#10044,#10045);
#8116=AXIS2_PLACEMENT_3D('',#15484,#10047,#10048);
#8117=AXIS2_PLACEMENT_3D('',#15486,#10050,#10051);
#8118=AXIS2_PLACEMENT_3D('',#15488,#10053,#10054);
#8119=AXIS2_PLACEMENT_3D('',#15490,#10056,#10057);
#8120=AXIS2_PLACEMENT_3D('',#15492,#10059,#10060);
#8121=AXIS2_PLACEMENT_3D('',#15494,#10062,#10063);
#8122=AXIS2_PLACEMENT_3D('',#15496,#10065,#10066);
#8123=AXIS2_PLACEMENT_3D('',#15498,#10068,#10069);
#8124=AXIS2_PLACEMENT_3D('',#15500,#10071,#10072);
#8125=AXIS2_PLACEMENT_3D('',#15503,#10075,#10076);
#8126=AXIS2_PLACEMENT_3D('',#15505,#10078,#10079);
#8127=AXIS2_PLACEMENT_3D('',#15507,#10081,#10082);
#8128=AXIS2_PLACEMENT_3D('',#15509,#10084,#10085);
#8129=AXIS2_PLACEMENT_3D('',#15512,#10088,#10089);
#8130=AXIS2_PLACEMENT_3D('',#15515,#10092,#10093);
#8131=AXIS2_PLACEMENT_3D('',#15517,#10095,#10096);
#8132=AXIS2_PLACEMENT_3D('',#15519,#10098,#10099);
#8133=AXIS2_PLACEMENT_3D('',#15521,#10101,#10102);
#8134=AXIS2_PLACEMENT_3D('',#15523,#10104,#10105);
#8135=AXIS2_PLACEMENT_3D('',#15526,#10108,#10109);
#8136=AXIS2_PLACEMENT_3D('',#15528,#10111,#10112);
#8137=AXIS2_PLACEMENT_3D('',#15530,#10114,#10115);
#8138=AXIS2_PLACEMENT_3D('',#15532,#10117,#10118);
#8139=AXIS2_PLACEMENT_3D('',#15534,#10120,#10121);
#8140=AXIS2_PLACEMENT_3D('',#15536,#10123,#10124);
#8141=AXIS2_PLACEMENT_3D('',#15538,#10126,#10127);
#8142=AXIS2_PLACEMENT_3D('',#15540,#10129,#10130);
#8143=AXIS2_PLACEMENT_3D('',#15542,#10132,#10133);
#8144=AXIS2_PLACEMENT_3D('',#15544,#10135,#10136);
#8145=AXIS2_PLACEMENT_3D('',#15546,#10138,#10139);
#8146=AXIS2_PLACEMENT_3D('',#15548,#10141,#10142);
#8147=AXIS2_PLACEMENT_3D('',#15550,#10144,#10145);
#8148=AXIS2_PLACEMENT_3D('',#15552,#10147,#10148);
#8149=AXIS2_PLACEMENT_3D('',#15554,#10150,#10151);
#8150=AXIS2_PLACEMENT_3D('',#15556,#10153,#10154);
#8151=AXIS2_PLACEMENT_3D('',#15559,#10157,#10158);
#8152=AXIS2_PLACEMENT_3D('',#15562,#10161,#10162);
#8153=AXIS2_PLACEMENT_3D('',#15564,#10164,#10165);
#8154=AXIS2_PLACEMENT_3D('',#15566,#10167,#10168);
#8155=AXIS2_PLACEMENT_3D('',#15568,#10170,#10171);
#8156=AXIS2_PLACEMENT_3D('',#15570,#10173,#10174);
#8157=AXIS2_PLACEMENT_3D('',#15572,#10176,#10177);
#8158=AXIS2_PLACEMENT_3D('',#15574,#10179,#10180);
#8159=AXIS2_PLACEMENT_3D('',#15576,#10182,#10183);
#8160=AXIS2_PLACEMENT_3D('',#15578,#10185,#10186);
#8161=AXIS2_PLACEMENT_3D('',#15580,#10188,#10189);
#8162=AXIS2_PLACEMENT_3D('',#15582,#10191,#10192);
#8163=AXIS2_PLACEMENT_3D('',#15584,#10194,#10195);
#8164=AXIS2_PLACEMENT_3D('',#15586,#10197,#10198);
#8165=AXIS2_PLACEMENT_3D('',#15588,#10200,#10201);
#8166=AXIS2_PLACEMENT_3D('',#15590,#10203,#10204);
#8167=AXIS2_PLACEMENT_3D('',#15591,#10205,#10206);
#8168=AXIS2_PLACEMENT_3D('',#15592,#10207,#10208);
#8169=AXIS2_PLACEMENT_3D('',#15593,#10209,#10210);
#8170=AXIS2_PLACEMENT_3D('',#15594,#10211,#10212);
#8171=AXIS2_PLACEMENT_3D('',#15595,#10213,#10214);
#8172=AXIS2_PLACEMENT_3D('',#15596,#10215,#10216);
#8173=AXIS2_PLACEMENT_3D('',#15597,#10217,#10218);
#8174=AXIS2_PLACEMENT_3D('',#15598,#10219,#10220);
#8175=AXIS2_PLACEMENT_3D('',#15599,#10221,#10222);
#8176=DIRECTION('',(0.,0.,1.));
#8177=DIRECTION('',(1.,0.,0.));
#8178=DIRECTION('',(0.,0.,-1.));
#8179=DIRECTION('',(-1.,0.,0.));
#8180=DIRECTION('',(0.,0.,-1.));
#8181=DIRECTION('',(-1.,0.,0.));
#8182=DIRECTION('',(0.,0.,-1.));
#8183=DIRECTION('',(-1.,0.,0.));
#8184=DIRECTION('',(0.,0.,-1.));
#8185=DIRECTION('',(-1.,0.,0.));
#8186=DIRECTION('',(0.,0.,1.));
#8187=DIRECTION('',(1.,0.,0.));
#8188=DIRECTION('',(0.,0.,1.));
#8189=DIRECTION('',(1.,0.,0.));
#8190=DIRECTION('',(0.,0.,-1.));
#8191=DIRECTION('',(-1.,0.,0.));
#8192=DIRECTION('',(0.,0.,1.));
#8193=DIRECTION('',(1.,0.,0.));
#8194=DIRECTION('',(0.,0.,1.));
#8195=DIRECTION('',(1.,0.,0.));
#8196=DIRECTION('',(0.,0.,-1.));
#8197=DIRECTION('',(-1.,0.,0.));
#8198=DIRECTION('',(0.,0.,-1.));
#8199=DIRECTION('',(-1.,0.,0.));
#8200=DIRECTION('',(0.,0.,1.));
#8201=DIRECTION('',(1.,0.,0.));
#8202=DIRECTION('',(0.,0.,1.));
#8203=DIRECTION('',(1.,0.,0.));
#8204=DIRECTION('',(0.,0.,1.));
#8205=DIRECTION('',(1.,0.,0.));
#8206=DIRECTION('',(0.,0.,1.));
#8207=DIRECTION('',(1.,0.,0.));
#8208=DIRECTION('',(0.,0.,1.));
#8209=DIRECTION('',(1.,0.,0.));
#8210=DIRECTION('',(0.,0.,1.));
#8211=DIRECTION('',(1.,0.,0.));
#8212=DIRECTION('',(0.,0.,1.));
#8213=DIRECTION('',(1.,0.,0.));
#8214=DIRECTION('',(0.,0.,1.));
#8215=DIRECTION('',(1.,0.,0.));
#8216=DIRECTION('',(0.,0.,1.));
#8217=DIRECTION('',(1.,0.,0.));
#8218=DIRECTION('',(0.,0.,1.));
#8219=DIRECTION('',(1.,0.,0.));
#8220=DIRECTION('',(0.,0.,1.));
#8221=DIRECTION('',(1.,0.,0.));
#8222=DIRECTION('',(0.,0.,1.));
#8223=DIRECTION('',(1.,0.,0.));
#8224=DIRECTION('',(0.,0.,1.));
#8225=DIRECTION('',(1.,0.,0.));
#8226=DIRECTION('',(0.,0.,-1.));
#8227=DIRECTION('',(-1.,0.,0.));
#8228=DIRECTION('',(0.,0.,1.));
#8229=DIRECTION('',(1.,0.,0.));
#8230=DIRECTION('',(0.,0.,1.));
#8231=DIRECTION('',(1.,0.,0.));
#8232=DIRECTION('',(0.,0.,-1.));
#8233=DIRECTION('',(-1.,0.,0.));
#8234=DIRECTION('',(0.669130606358857,0.743144825477395,0.));
#8235=DIRECTION('',(0.,0.,-1.));
#8236=DIRECTION('',(-1.,0.,0.));
#8237=DIRECTION('',(0.73135370161917,0.681998360062499,0.));
#8238=DIRECTION('',(0.,0.,-1.));
#8239=DIRECTION('',(-1.,0.,0.));
#8240=DIRECTION('',(0.,0.,1.));
#8241=DIRECTION('',(1.,0.,0.));
#8242=DIRECTION('',(0.,0.,1.));
#8243=DIRECTION('',(0.,0.,-1.));
#8244=DIRECTION('',(-1.,0.,0.));
#8245=DIRECTION('',(-0.147280451643443,0.708158468818038,0.690521579391256));
#8246=DIRECTION('',(0.140603721952411,-0.676055208528212,0.723311791964575));
#8247=DIRECTION('',(-0.147280451643443,0.708158468818038,0.690521579391256));
#8248=DIRECTION('',(0.140603721952411,-0.676055208528212,0.723311791964575));
#8249=DIRECTION('',(0.,0.,1.));
#8250=DIRECTION('',(1.,0.,0.));
#8251=DIRECTION('',(0.,0.,1.));
#8252=DIRECTION('',(0.,0.,-1.));
#8253=DIRECTION('',(-1.,0.,0.));
#8254=DIRECTION('',(-0.708158468818026,-0.147280451643461,0.690521579391265));
#8255=DIRECTION('',(0.676055208528217,0.140603721952432,0.723311791964567));
#8256=DIRECTION('',(-0.708158468818026,-0.147280451643461,0.690521579391265));
#8257=DIRECTION('',(0.676055208528217,0.140603721952432,0.723311791964567));
#8258=DIRECTION('',(0.,0.,1.));
#8259=DIRECTION('',(1.,0.,0.));
#8260=DIRECTION('',(0.,0.,1.));
#8261=DIRECTION('',(0.,0.,-1.));
#8262=DIRECTION('',(-1.,0.,0.));
#8263=DIRECTION('',(0.147280451643441,-0.708158468818044,0.690521579391251));
#8264=DIRECTION('',(-0.140603721952408,0.676055208528207,0.72331179196458));
#8265=DIRECTION('',(0.147280451643441,-0.708158468818044,0.690521579391251));
#8266=DIRECTION('',(-0.140603721952408,0.676055208528207,0.72331179196458));
#8267=DIRECTION('',(0.,0.,1.));
#8268=DIRECTION('',(1.,0.,0.));
#8269=DIRECTION('',(0.,0.,1.));
#8270=DIRECTION('',(0.,0.,-1.));
#8271=DIRECTION('',(-1.,0.,0.));
#8272=DIRECTION('',(0.708158468818046,0.147280451643458,0.690521579391245));
#8273=DIRECTION('',(-0.676055208528198,-0.140603721952421,0.723311791964586));
#8274=DIRECTION('',(0.708158468818046,0.147280451643458,0.690521579391245));
#8275=DIRECTION('',(-0.676055208528198,-0.140603721952421,0.723311791964586));
#8276=DIRECTION('',(-0.931528249281137,-0.363668971444116,0.));
#8277=DIRECTION('',(0.,0.,1.));
#8278=DIRECTION('',(0.,0.,1.));
#8279=DIRECTION('',(0.363668971444116,-0.931528249281137,0.));
#8280=DIRECTION('',(0.,0.,1.));
#8281=DIRECTION('',(0.,0.,1.));
#8282=DIRECTION('',(0.328463356166544,-0.841350016493903,-0.429234170822314));
#8283=DIRECTION('',(-0.336625416582059,0.862256913827486,-0.378412927194162));
#8284=DIRECTION('',(0.,0.,1.));
#8285=DIRECTION('',(0.328463356166537,-0.841350016493884,-0.429234170822356));
#8286=DIRECTION('',(-0.33662541658206,0.862256913827488,-0.378412927194157));
#8287=DIRECTION('',(0.,0.,1.));
#8288=DIRECTION('',(0.328463356166543,-0.8413500164939,-0.42923417082232));
#8289=DIRECTION('',(-0.336625416582065,0.862256913827501,-0.378412927194123));
#8290=DIRECTION('',(0.,0.,1.));
#8291=DIRECTION('',(0.328463356166542,-0.841350016493899,-0.429234170822323));
#8292=DIRECTION('',(-0.336625416582056,0.862256913827478,-0.378412927194184));
#8293=DIRECTION('',(0.,0.,1.));
#8294=DIRECTION('',(0.328463356166537,-0.841350016493885,-0.429234170822354));
#8295=DIRECTION('',(-0.336625416582055,0.862256913827476,-0.378412927194189));
#8296=DIRECTION('',(-0.780710692479288,-0.624892642498302,0.));
#8297=DIRECTION('',(0.,0.,1.));
#8298=DIRECTION('',(0.,0.,1.));
#8299=DIRECTION('',(0.624892642498302,-0.780710692479288,0.));
#8300=DIRECTION('',(-0.564596565270377,0.705379685191063,0.428567635507686));
#8301=DIRECTION('',(0.578236111225633,-0.722420275275878,0.379146337902639));
#8302=DIRECTION('',(0.,0.,1.));
#8303=DIRECTION('',(-0.56459656527038,0.705379685191067,0.428567635507676));
#8304=DIRECTION('',(0.578236111225638,-0.722420275275884,0.37914633790262));
#8305=DIRECTION('',(0.,0.,1.));
#8306=DIRECTION('',(-0.564596565270382,0.705379685191068,0.428567635507672));
#8307=DIRECTION('',(0.578236111225635,-0.722420275275882,0.379146337902628));
#8308=DIRECTION('',(0.,0.,1.));
#8309=DIRECTION('',(-0.564596565270379,0.705379685191066,0.42856763550768));
#8310=DIRECTION('',(0.578236111225637,-0.722420275275883,0.379146337902624));
#8311=DIRECTION('',(0.,0.,1.));
#8312=DIRECTION('',(-0.564596565270385,0.705379685191072,0.428567635507662));
#8313=DIRECTION('',(0.578236111225637,-0.722420275275884,0.37914633790262));
#8314=DIRECTION('',(0.,0.,1.));
#8315=DIRECTION('',(0.363668971444118,-0.931528249281136,0.));
#8316=DIRECTION('',(0.,0.,1.));
#8317=DIRECTION('',(0.,0.,1.));
#8318=DIRECTION('',(0.931528249281136,0.363668971444118,0.));
#8319=DIRECTION('',(0.,0.,1.));
#8320=DIRECTION('',(0.,0.,1.));
#8321=DIRECTION('',(0.841350016493892,0.328463356166542,-0.429234170822336));
#8322=DIRECTION('',(-0.862256913827502,-0.336625416582068,-0.378412927194119));
#8323=DIRECTION('',(0.,0.,1.));
#8324=DIRECTION('',(0.841350016493899,0.328463356166545,-0.429234170822322));
#8325=DIRECTION('',(-0.862256913827482,-0.33662541658206,-0.378412927194171));
#8326=DIRECTION('',(0.,0.,1.));
#8327=DIRECTION('',(0.841350016493887,0.32846335616654,-0.429234170822348));
#8328=DIRECTION('',(-0.862256913827492,-0.336625416582064,-0.378412927194144));
#8329=DIRECTION('',(0.,0.,1.));
#8330=DIRECTION('',(0.841350016493891,0.328463356166542,-0.429234170822339));
#8331=DIRECTION('',(-0.862256913827476,-0.336625416582058,-0.378412927194185));
#8332=DIRECTION('',(0.,0.,1.));
#8333=DIRECTION('',(0.841350016493887,0.32846335616654,-0.429234170822347));
#8334=DIRECTION('',(-0.862256913827485,-0.336625416582061,-0.378412927194162));
#8335=DIRECTION('',(0.624892642498295,-0.780710692479293,0.));
#8336=DIRECTION('',(0.,0.,1.));
#8337=DIRECTION('',(0.,0.,1.));
#8338=DIRECTION('',(0.780710692479293,0.624892642498295,0.));
#8339=DIRECTION('',(-0.70537968519107,-0.564596565270373,0.428567635507682));
#8340=DIRECTION('',(0.722420275275892,0.578236111225633,0.379146337902612));
#8341=DIRECTION('',(0.,0.,1.));
#8342=DIRECTION('',(-0.705379685191061,-0.564596565270366,0.428567635507706));
#8343=DIRECTION('',(0.722420275275886,0.578236111225629,0.37914633790263));
#8344=DIRECTION('',(0.,0.,1.));
#8345=DIRECTION('',(-0.705379685191072,-0.564596565270374,0.428567635507676));
#8346=DIRECTION('',(0.722420275275883,0.578236111225627,0.379146337902638));
#8347=DIRECTION('',(0.,0.,1.));
#8348=DIRECTION('',(-0.705379685191075,-0.564596565270377,0.428567635507666));
#8349=DIRECTION('',(0.722420275275883,0.578236111225626,0.37914633790264));
#8350=DIRECTION('',(0.,0.,1.));
#8351=DIRECTION('',(-0.705379685191071,-0.564596565270374,0.428567635507678));
#8352=DIRECTION('',(0.722420275275889,0.578236111225631,0.37914633790262));
#8353=DIRECTION('',(0.,0.,1.));
#8354=DIRECTION('',(0.931528249281132,0.363668971444128,0.));
#8355=DIRECTION('',(0.,0.,1.));
#8356=DIRECTION('',(0.,0.,1.));
#8357=DIRECTION('',(-0.363668971444128,0.931528249281132,0.));
#8358=DIRECTION('',(0.,0.,1.));
#8359=DIRECTION('',(0.,0.,1.));
#8360=DIRECTION('',(-0.32846335616655,0.841350016493886,-0.429234170822343));
#8361=DIRECTION('',(0.336625416582075,-0.862256913827491,-0.378412927194138));
#8362=DIRECTION('',(0.,0.,1.));
#8363=DIRECTION('',(-0.328463356166553,0.841350016493894,-0.429234170822325));
#8364=DIRECTION('',(0.336625416582074,-0.86225691382749,-0.37841292719414));
#8365=DIRECTION('',(0.,0.,1.));
#8366=DIRECTION('',(-0.328463356166552,0.84135001649389,-0.429234170822334));
#8367=DIRECTION('',(0.336625416582072,-0.862256913827483,-0.378412927194158));
#8368=DIRECTION('',(0.,0.,1.));
#8369=DIRECTION('',(-0.328463356166551,0.841350016493886,-0.429234170822341));
#8370=DIRECTION('',(0.336625416582073,-0.862256913827486,-0.37841292719415));
#8371=DIRECTION('',(0.,0.,1.));
#8372=DIRECTION('',(-0.328463356166551,0.841350016493886,-0.429234170822341));
#8373=DIRECTION('',(0.336625416582071,-0.862256913827482,-0.378412927194161));
#8374=DIRECTION('',(0.780710692479298,0.62489264249829,0.));
#8375=DIRECTION('',(0.,0.,1.));
#8376=DIRECTION('',(0.,0.,1.));
#8377=DIRECTION('',(-0.62489264249829,0.780710692479298,0.));
#8378=DIRECTION('',(0.564596565270378,-0.705379685191086,0.428567635507649));
#8379=DIRECTION('',(-0.578236111225625,0.722420275275892,0.379146337902623));
#8380=DIRECTION('',(0.,0.,1.));
#8381=DIRECTION('',(0.564596565270375,-0.705379685191083,0.428567635507656));
#8382=DIRECTION('',(-0.578236111225633,0.722420275275902,0.379146337902593));
#8383=DIRECTION('',(0.,0.,1.));
#8384=DIRECTION('',(0.564596565270377,-0.705379685191085,0.428567635507651));
#8385=DIRECTION('',(-0.578236111225625,0.722420275275892,0.379146337902623));
#8386=DIRECTION('',(0.,0.,1.));
#8387=DIRECTION('',(0.564596565270367,-0.705379685191073,0.428567635507683));
#8388=DIRECTION('',(-0.578236111225631,0.722420275275899,0.379146337902602));
#8389=DIRECTION('',(0.,0.,1.));
#8390=DIRECTION('',(0.564596565270372,-0.705379685191079,0.428567635507669));
#8391=DIRECTION('',(-0.578236111225625,0.722420275275892,0.379146337902624));
#8392=DIRECTION('',(0.,0.,1.));
#8393=DIRECTION('',(-0.363668971444112,0.931528249281138,0.));
#8394=DIRECTION('',(0.,0.,1.));
#8395=DIRECTION('',(0.,0.,1.));
#8396=DIRECTION('',(-0.931528249281138,-0.363668971444112,0.));
#8397=DIRECTION('',(0.,0.,1.));
#8398=DIRECTION('',(0.,0.,1.));
#8399=DIRECTION('',(-0.841350016493896,-0.328463356166538,-0.429234170822333));
#8400=DIRECTION('',(0.862256913827485,0.336625416582055,-0.378412927194169));
#8401=DIRECTION('',(0.,0.,1.));
#8402=DIRECTION('',(-0.841350016493897,-0.328463356166538,-0.429234170822331));
#8403=DIRECTION('',(0.862256913827487,0.336625416582056,-0.378412927194163));
#8404=DIRECTION('',(0.,0.,1.));
#8405=DIRECTION('',(-0.841350016493889,-0.328463356166535,-0.429234170822349));
#8406=DIRECTION('',(0.862256913827496,0.33662541658206,-0.37841292719414));
#8407=DIRECTION('',(0.,0.,1.));
#8408=DIRECTION('',(-0.841350016493898,-0.328463356166539,-0.429234170822328));
#8409=DIRECTION('',(0.862256913827481,0.336625416582054,-0.378412927194178));
#8410=DIRECTION('',(0.,0.,1.));
#8411=DIRECTION('',(-0.841350016493898,-0.328463356166539,-0.429234170822327));
#8412=DIRECTION('',(0.862256913827497,0.33662541658206,-0.378412927194135));
#8413=DIRECTION('',(-0.624892642498298,0.780710692479292,0.));
#8414=DIRECTION('',(0.,0.,1.));
#8415=DIRECTION('',(0.,0.,1.));
#8416=DIRECTION('',(-0.780710692479292,-0.624892642498298,0.));
#8417=DIRECTION('',(0.705379685191065,0.564596565270372,0.428567635507691));
#8418=DIRECTION('',(-0.722420275275888,-0.578236111225634,0.379146337902618));
#8419=DIRECTION('',(0.,0.,1.));
#8420=DIRECTION('',(0.705379685191057,0.564596565270366,0.428567635507711));
#8421=DIRECTION('',(-0.722420275275892,-0.578236111225637,0.379146337902605));
#8422=DIRECTION('',(0.,0.,1.));
#8423=DIRECTION('',(0.705379685191083,0.564596565270387,0.42856763550764));
#8424=DIRECTION('',(-0.722420275275881,-0.578236111225628,0.379146337902641));
#8425=DIRECTION('',(0.,0.,1.));
#8426=DIRECTION('',(0.705379685191071,0.564596565270377,0.428567635507675));
#8427=DIRECTION('',(-0.722420275275877,-0.578236111225625,0.379146337902653));
#8428=DIRECTION('',(0.,0.,1.));
#8429=DIRECTION('',(0.705379685191078,0.564596565270383,0.428567635507655));
#8430=DIRECTION('',(-0.722420275275886,-0.578236111225632,0.379146337902626));
#8431=DIRECTION('',(0.,0.,1.));
#8432=DIRECTION('',(0.,0.,1.));
#8433=DIRECTION('',(1.,0.,0.));
#8434=DIRECTION('',(0.,0.,1.));
#8435=DIRECTION('',(1.,0.,0.));
#8436=DIRECTION('',(0.70645193378309,0.210872009149552,-0.675617244459733));
#8437=DIRECTION('',(0.64739159138644,0.193242822411328,0.737252561195034));
#8438=DIRECTION('',(0.540103186798591,-0.480867573939713,-0.690691627242824));
#8439=DIRECTION('',(0.515861233320239,-0.459284347545899,0.723149414752345));
#8440=DIRECTION('',(0.540103186798591,-0.480867573939713,-0.690691627242824));
#8441=DIRECTION('',(0.515861233320239,-0.459284347545899,0.723149414752345));
#8442=DIRECTION('',(0.,0.,1.));
#8443=DIRECTION('',(1.,0.,0.));
#8444=DIRECTION('',(0.,0.,1.));
#8445=DIRECTION('',(1.,0.,0.));
#8446=DIRECTION('',(0.210872009149539,-0.70645193378309,-0.675617244459738));
#8447=DIRECTION('',(0.193242822411318,-0.647391591386447,0.73725256119503));
#8448=DIRECTION('',(-0.48086757393971,-0.540103186798607,-0.690691627242814));
#8449=DIRECTION('',(-0.459284347545884,-0.51586123332024,0.723149414752355));
#8450=DIRECTION('',(-0.48086757393971,-0.540103186798607,-0.690691627242814));
#8451=DIRECTION('',(-0.459284347545884,-0.51586123332024,0.723149414752355));
#8452=DIRECTION('',(0.,0.,1.));
#8453=DIRECTION('',(1.,0.,0.));
#8454=DIRECTION('',(0.,0.,1.));
#8455=DIRECTION('',(1.,0.,0.));
#8456=DIRECTION('',(-0.706451933783083,-0.21087200914952,-0.675617244459751));
#8457=DIRECTION('',(-0.647391591386464,-0.193242822411307,0.737252561195018));
#8458=DIRECTION('',(-0.540103186798597,0.480867573939734,-0.690691627242805));
#8459=DIRECTION('',(-0.515861233320217,0.459284347545895,0.723149414752364));
#8460=DIRECTION('',(-0.540103186798597,0.480867573939734,-0.690691627242805));
#8461=DIRECTION('',(-0.515861233320217,0.459284347545895,0.723149414752364));
#8462=DIRECTION('',(0.,0.,1.));
#8463=DIRECTION('',(1.,0.,0.));
#8464=DIRECTION('',(0.,0.,-1.));
#8465=DIRECTION('',(-1.,0.,0.));
#8466=DIRECTION('',(-0.505886966653046,0.536561789756808,0.675410854771783));
#8467=DIRECTION('',(0.463333677552082,-0.491428251110591,0.737441643288775));
#8468=DIRECTION('',(0.,0.,1.));
#8469=DIRECTION('',(1.,0.,0.));
#8470=DIRECTION('',(-0.540103186798605,0.480867573939712,-0.690691627242815));
#8471=DIRECTION('',(-0.515861233320238,0.459284347545886,0.723149414752354));
#8472=DIRECTION('',(-0.540103186798605,0.480867573939712,-0.690691627242815));
#8473=DIRECTION('',(-0.515861233320238,0.459284347545886,0.723149414752354));
#8474=DIRECTION('',(-0.505886966653062,0.536561789756804,0.675410854771775));
#8475=DIRECTION('',(0.463333677552085,-0.491428251110576,0.737441643288783));
#8476=DIRECTION('',(0.,0.,1.));
#8477=DIRECTION('',(1.,0.,0.));
#8478=DIRECTION('',(-0.540103186798599,0.480867573939717,-0.690691627242816));
#8479=DIRECTION('',(-0.515861233320234,0.459284347545892,0.723149414752353));
#8480=DIRECTION('',(-0.540103186798599,0.480867573939717,-0.690691627242816));
#8481=DIRECTION('',(-0.515861233320234,0.459284347545892,0.723149414752353));
#8482=DIRECTION('',(-0.505886966653034,0.536561789756806,0.675410854771794));
#8483=DIRECTION('',(0.463333677552084,-0.491428251110604,0.737441643288765));
#8484=DIRECTION('',(0.,0.,1.));
#8485=DIRECTION('',(1.,0.,0.));
#8486=DIRECTION('',(-0.540103186798606,0.48086757393974,-0.690691627242794));
#8487=DIRECTION('',(-0.51586123332021,0.459284347545886,0.723149414752374));
#8488=DIRECTION('',(-0.540103186798606,0.48086757393974,-0.690691627242794));
#8489=DIRECTION('',(-0.51586123332021,0.459284347545886,0.723149414752374));
#8490=DIRECTION('',(-0.505886966653052,0.536561789756801,0.675410854771784));
#8491=DIRECTION('',(0.463333677552088,-0.491428251110587,0.737441643288774));
#8492=DIRECTION('',(0.,0.,1.));
#8493=DIRECTION('',(1.,0.,0.));
#8494=DIRECTION('',(-0.540103186798586,0.480867573939719,-0.690691627242824));
#8495=DIRECTION('',(-0.515861233320234,0.459284347545904,0.723149414752346));
#8496=DIRECTION('',(-0.540103186798586,0.480867573939719,-0.690691627242824));
#8497=DIRECTION('',(-0.515861233320234,0.459284347545904,0.723149414752346));
#8498=DIRECTION('',(-0.505886966653016,0.536561789756813,0.675410854771802));
#8499=DIRECTION('',(0.463333677552077,-0.491428251110621,0.737441643288758));
#8500=DIRECTION('',(0.,0.,1.));
#8501=DIRECTION('',(1.,0.,0.));
#8502=DIRECTION('',(-0.147280451643443,0.708158468818035,0.690521579391259));
#8503=DIRECTION('',(0.140603721952413,-0.676055208528215,0.723311791964572));
#8504=DIRECTION('',(-0.147280451643443,0.708158468818035,0.690521579391259));
#8505=DIRECTION('',(0.140603721952413,-0.676055208528215,0.723311791964572));
#8506=DIRECTION('',(-0.210872009149536,0.706451933783102,-0.675617244459727));
#8507=DIRECTION('',(-0.193242822411309,0.647391591386438,0.73725256119504));
#8508=DIRECTION('',(0.,0.,1.));
#8509=DIRECTION('',(1.,0.,0.));
#8510=DIRECTION('',(-0.147280451643459,0.708158468818036,0.690521579391256));
#8511=DIRECTION('',(0.140603721952427,-0.676055208528208,0.723311791964576));
#8512=DIRECTION('',(-0.147280451643459,0.708158468818036,0.690521579391256));
#8513=DIRECTION('',(0.140603721952427,-0.676055208528208,0.723311791964576));
#8514=DIRECTION('',(-0.210872009149528,0.706451933783095,-0.675617244459737));
#8515=DIRECTION('',(-0.193242822411307,0.64739159138645,0.737252561195031));
#8516=DIRECTION('',(0.,0.,1.));
#8517=DIRECTION('',(1.,0.,0.));
#8518=DIRECTION('',(-0.147280451643475,0.708158468818053,0.690521579391234));
#8519=DIRECTION('',(0.140603721952434,-0.676055208528184,0.723311791964597));
#8520=DIRECTION('',(-0.147280451643475,0.708158468818053,0.690521579391234));
#8521=DIRECTION('',(0.140603721952434,-0.676055208528184,0.723311791964597));
#8522=DIRECTION('',(-0.210872009149534,0.706451933783093,-0.675617244459737));
#8523=DIRECTION('',(-0.193242822411312,0.647391591386448,0.73725256119503));
#8524=DIRECTION('',(0.,0.,1.));
#8525=DIRECTION('',(1.,0.,0.));
#8526=DIRECTION('',(-0.147280451643458,0.708158468818068,0.690521579391222));
#8527=DIRECTION('',(0.140603721952413,-0.676055208528177,0.723311791964607));
#8528=DIRECTION('',(-0.147280451643458,0.708158468818068,0.690521579391222));
#8529=DIRECTION('',(0.140603721952413,-0.676055208528177,0.723311791964607));
#8530=DIRECTION('',(-0.210872009149552,0.70645193378309,-0.675617244459734));
#8531=DIRECTION('',(-0.193242822411328,0.647391591386441,0.737252561195033));
#8532=DIRECTION('',(0.,0.,1.));
#8533=DIRECTION('',(1.,0.,0.));
#8534=DIRECTION('',(0.,0.,-1.));
#8535=DIRECTION('',(-1.,0.,0.));
#8536=DIRECTION('',(0.536561789756813,0.505886966653064,0.675410854771766));
#8537=DIRECTION('',(-0.491428251110573,-0.463333677552076,0.737441643288791));
#8538=DIRECTION('',(0.,0.,1.));
#8539=DIRECTION('',(1.,0.,0.));
#8540=DIRECTION('',(0.,0.,1.));
#8541=DIRECTION('',(1.,0.,0.));
#8542=DIRECTION('',(-0.210872009149538,0.706451933783086,-0.675617244459742));
#8543=DIRECTION('',(-0.193242822411319,0.647391591386452,0.737252561195026));
#8544=DIRECTION('',(0.480867573939722,0.54010318679858,-0.690691627242827));
#8545=DIRECTION('',(0.459284347545911,0.515861233320233,0.723149414752342));
#8546=DIRECTION('',(0.480867573939722,0.54010318679858,-0.690691627242827));
#8547=DIRECTION('',(0.459284347545911,0.515861233320233,0.723149414752342));
#8548=DIRECTION('',(0.,0.,1.));
#8549=DIRECTION('',(1.,0.,0.));
#8550=DIRECTION('',(0.,0.,-1.));
#8551=DIRECTION('',(-1.,0.,0.));
#8552=DIRECTION('',(-0.53656178975679,-0.505886966653051,0.675410854771794));
#8553=DIRECTION('',(0.491428251110589,0.4633336775521,0.737441643288765));
#8554=DIRECTION('',(0.,0.,1.));
#8555=DIRECTION('',(1.,0.,0.));
#8556=DIRECTION('',(-0.480867573939725,-0.540103186798606,-0.690691627242805));
#8557=DIRECTION('',(-0.459284347545885,-0.515861233320225,0.723149414752364));
#8558=DIRECTION('',(-0.480867573939725,-0.540103186798606,-0.690691627242805));
#8559=DIRECTION('',(-0.459284347545885,-0.515861233320225,0.723149414752364));
#8560=DIRECTION('',(-0.536561789756801,-0.505886966653044,0.67541085477179));
#8561=DIRECTION('',(0.491428251110595,0.463333677552089,0.737441643288769));
#8562=DIRECTION('',(0.,0.,1.));
#8563=DIRECTION('',(1.,0.,0.));
#8564=DIRECTION('',(-0.480867573939747,-0.540103186798606,-0.690691627242789));
#8565=DIRECTION('',(-0.459284347545886,-0.515861233320204,0.723149414752379));
#8566=DIRECTION('',(-0.480867573939747,-0.540103186798606,-0.690691627242789));
#8567=DIRECTION('',(-0.459284347545886,-0.515861233320204,0.723149414752379));
#8568=DIRECTION('',(-0.536561789756807,-0.505886966653049,0.675410854771781));
#8569=DIRECTION('',(0.491428251110588,0.463333677552082,0.737441643288777));
#8570=DIRECTION('',(0.,0.,1.));
#8571=DIRECTION('',(1.,0.,0.));
#8572=DIRECTION('',(-0.480867573939719,-0.540103186798601,-0.690691627242813));
#8573=DIRECTION('',(-0.45928434754589,-0.515861233320232,0.723149414752356));
#8574=DIRECTION('',(-0.480867573939719,-0.540103186798601,-0.690691627242813));
#8575=DIRECTION('',(-0.45928434754589,-0.515861233320232,0.723149414752356));
#8576=DIRECTION('',(-0.536561789756789,-0.505886966653036,0.675410854771806));
#8577=DIRECTION('',(0.491428251110604,0.463333677552101,0.737441643288755));
#8578=DIRECTION('',(0.,0.,1.));
#8579=DIRECTION('',(1.,0.,0.));
#8580=DIRECTION('',(-0.48086757393972,-0.540103186798594,-0.690691627242817));
#8581=DIRECTION('',(-0.459284347545897,-0.515861233320232,0.723149414752352));
#8582=DIRECTION('',(-0.48086757393972,-0.540103186798594,-0.690691627242817));
#8583=DIRECTION('',(-0.459284347545897,-0.515861233320232,0.723149414752352));
#8584=DIRECTION('',(-0.536561789756797,-0.505886966653035,0.6754108547718));
#8585=DIRECTION('',(0.491428251110604,0.463333677552093,0.73744164328876));
#8586=DIRECTION('',(0.,0.,1.));
#8587=DIRECTION('',(1.,0.,0.));
#8588=DIRECTION('',(-0.708158468818031,-0.147280451643443,0.690521579391263));
#8589=DIRECTION('',(0.676055208528218,0.140603721952414,0.723311791964569));
#8590=DIRECTION('',(-0.708158468818031,-0.147280451643443,0.690521579391263));
#8591=DIRECTION('',(0.676055208528218,0.140603721952414,0.723311791964569));
#8592=DIRECTION('',(-0.706451933783079,-0.210872009149542,-0.675617244459749));
#8593=DIRECTION('',(-0.647391591386457,-0.193242822411326,0.73725256119502));
#8594=DIRECTION('',(0.,0.,1.));
#8595=DIRECTION('',(1.,0.,0.));
#8596=DIRECTION('',(-0.708158468818053,-0.147280451643458,0.690521579391238));
#8597=DIRECTION('',(0.676055208528192,0.140603721952419,0.723311791964593));
#8598=DIRECTION('',(-0.708158468818053,-0.147280451643458,0.690521579391238));
#8599=DIRECTION('',(0.676055208528192,0.140603721952419,0.723311791964593));
#8600=DIRECTION('',(-0.706451933783099,-0.210872009149545,-0.675617244459727));
#8601=DIRECTION('',(-0.647391591386436,-0.193242822411318,0.73725256119504));
#8602=DIRECTION('',(0.,0.,1.));
#8603=DIRECTION('',(1.,0.,0.));
#8604=DIRECTION('',(-0.708158468818026,-0.147280451643458,0.690521579391266));
#8605=DIRECTION('',(0.676055208528218,0.14060372195243,0.723311791964566));
#8606=DIRECTION('',(-0.708158468818026,-0.147280451643458,0.690521579391266));
#8607=DIRECTION('',(0.676055208528218,0.14060372195243,0.723311791964566));
#8608=DIRECTION('',(-0.706451933783077,-0.21087200914955,-0.675617244459748));
#8609=DIRECTION('',(-0.647391591386453,-0.193242822411333,0.73725256119502));
#8610=DIRECTION('',(0.,0.,1.));
#8611=DIRECTION('',(1.,0.,0.));
#8612=DIRECTION('',(-0.708158468818043,-0.147280451643479,0.690521579391244));
#8613=DIRECTION('',(0.676055208528193,0.140603721952441,0.723311791964587));
#8614=DIRECTION('',(-0.708158468818043,-0.147280451643479,0.690521579391244));
#8615=DIRECTION('',(0.676055208528193,0.140603721952441,0.723311791964587));
#8616=DIRECTION('',(-0.706451933783097,-0.210872009149542,-0.67561724445973));
#8617=DIRECTION('',(-0.64739159138644,-0.193242822411316,0.737252561195037));
#8618=DIRECTION('',(0.,0.,1.));
#8619=DIRECTION('',(1.,0.,0.));
#8620=DIRECTION('',(0.,0.,-1.));
#8621=DIRECTION('',(-1.,0.,0.));
#8622=DIRECTION('',(0.505886966653025,-0.536561789756818,0.675410854771791));
#8623=DIRECTION('',(-0.463333677552072,0.491428251110612,0.737441643288768));
#8624=DIRECTION('',(0.,0.,1.));
#8625=DIRECTION('',(1.,0.,0.));
#8626=DIRECTION('',(0.540103186798587,-0.480867573939707,-0.690691627242832));
#8627=DIRECTION('',(0.515861233320246,-0.459284347545903,0.723149414752338));
#8628=DIRECTION('',(0.540103186798587,-0.480867573939707,-0.690691627242832));
#8629=DIRECTION('',(0.515861233320246,-0.459284347545903,0.723149414752338));
#8630=DIRECTION('',(0.505886966653054,-0.536561789756803,0.675410854771782));
#8631=DIRECTION('',(-0.463333677552087,0.491428251110585,0.737441643288777));
#8632=DIRECTION('',(0.,0.,1.));
#8633=DIRECTION('',(1.,0.,0.));
#8634=DIRECTION('',(0.540103186798588,-0.480867573939726,-0.690691627242818));
#8635=DIRECTION('',(0.515861233320227,-0.459284347545903,0.723149414752352));
#8636=DIRECTION('',(0.540103186798588,-0.480867573939726,-0.690691627242818));
#8637=DIRECTION('',(0.515861233320227,-0.459284347545903,0.723149414752352));
#8638=DIRECTION('',(0.505886966653028,-0.536561789756813,0.675410854771793));
#8639=DIRECTION('',(-0.463333677552077,0.491428251110609,0.737441643288766));
#8640=DIRECTION('',(0.,0.,1.));
#8641=DIRECTION('',(1.,0.,0.));
#8642=DIRECTION('',(0.540103186798603,-0.480867573939722,-0.690691627242809));
#8643=DIRECTION('',(0.515861233320228,-0.459284347545888,0.72314941475236));
#8644=DIRECTION('',(0.540103186798603,-0.480867573939722,-0.690691627242809));
#8645=DIRECTION('',(0.515861233320228,-0.459284347545888,0.72314941475236));
#8646=DIRECTION('',(0.505886966653044,-0.536561789756806,0.675410854771786));
#8647=DIRECTION('',(-0.463333677552083,0.491428251110594,0.737441643288772));
#8648=DIRECTION('',(0.,0.,1.));
#8649=DIRECTION('',(1.,0.,0.));
#8650=DIRECTION('',(0.54010318679859,-0.48086757393972,-0.690691627242821));
#8651=DIRECTION('',(0.515861233320233,-0.459284347545901,0.723149414752349));
#8652=DIRECTION('',(0.54010318679859,-0.48086757393972,-0.690691627242821));
#8653=DIRECTION('',(0.515861233320233,-0.459284347545901,0.723149414752349));
#8654=DIRECTION('',(0.505886966653047,-0.536561789756804,0.675410854771785));
#8655=DIRECTION('',(-0.463333677552085,0.491428251110591,0.737441643288773));
#8656=DIRECTION('',(0.,0.,1.));
#8657=DIRECTION('',(1.,0.,0.));
#8658=DIRECTION('',(0.147280451643457,-0.708158468818023,0.690521579391269));
#8659=DIRECTION('',(-0.14060372195243,0.676055208528221,0.723311791964564));
#8660=DIRECTION('',(0.147280451643457,-0.708158468818023,0.690521579391269));
#8661=DIRECTION('',(-0.14060372195243,0.676055208528221,0.723311791964564));
#8662=DIRECTION('',(0.210872009149536,-0.70645193378311,-0.675617244459718));
#8663=DIRECTION('',(0.193242822411304,-0.64739159138643,0.737252561195048));
#8664=DIRECTION('',(0.,0.,1.));
#8665=DIRECTION('',(1.,0.,0.));
#8666=DIRECTION('',(0.147280451643459,-0.708158468818041,0.69052157939125));
#8667=DIRECTION('',(-0.140603721952425,0.676055208528203,0.723311791964581));
#8668=DIRECTION('',(0.147280451643459,-0.708158468818041,0.69052157939125));
#8669=DIRECTION('',(-0.140603721952425,0.676055208528203,0.723311791964581));
#8670=DIRECTION('',(0.210872009149555,-0.706451933783113,-0.675617244459709));
#8671=DIRECTION('',(0.193242822411317,-0.647391591386418,0.737252561195056));
#8672=DIRECTION('',(0.,0.,1.));
#8673=DIRECTION('',(1.,0.,0.));
#8674=DIRECTION('',(0.147280451643459,-0.708158468818012,0.69052157939128));
#8675=DIRECTION('',(-0.140603721952436,0.676055208528231,0.723311791964553));
#8676=DIRECTION('',(0.147280451643459,-0.708158468818012,0.69052157939128));
#8677=DIRECTION('',(-0.140603721952436,0.676055208528231,0.723311791964553));
#8678=DIRECTION('',(0.210872009149556,-0.706451933783083,-0.67561724445974));
#8679=DIRECTION('',(0.193242822411334,-0.647391591386445,0.737252561195028));
#8680=DIRECTION('',(0.,0.,1.));
#8681=DIRECTION('',(1.,0.,0.));
#8682=DIRECTION('',(0.147280451643446,-0.708158468818063,0.69052157939123));
#8683=DIRECTION('',(-0.140603721952405,0.676055208528186,0.7233117919646));
#8684=DIRECTION('',(0.147280451643446,-0.708158468818063,0.69052157939123));
#8685=DIRECTION('',(-0.140603721952405,0.676055208528186,0.7233117919646));
#8686=DIRECTION('',(0.210872009149543,-0.706451933783087,-0.67561724445974));
#8687=DIRECTION('',(0.193242822411323,-0.647391591386449,0.737252561195027));
#8688=DIRECTION('',(0.,0.,1.));
#8689=DIRECTION('',(1.,0.,0.));
#8690=DIRECTION('',(0.480867573939731,0.540103186798608,-0.690691627242799));
#8691=DIRECTION('',(0.459284347545883,0.515861233320219,0.72314941475237));
#8692=DIRECTION('',(0.480867573939731,0.540103186798608,-0.690691627242799));
#8693=DIRECTION('',(0.459284347545883,0.515861233320219,0.72314941475237));
#8694=DIRECTION('',(0.536561789756794,0.505886966653059,0.675410854771785));
#8695=DIRECTION('',(-0.491428251110581,-0.463333677552096,0.737441643288774));
#8696=DIRECTION('',(0.,0.,1.));
#8697=DIRECTION('',(1.,0.,0.));
#8698=DIRECTION('',(0.480867573939726,0.540103186798586,-0.690691627242819));
#8699=DIRECTION('',(0.459284347545905,0.515861233320227,0.72314941475235));
#8700=DIRECTION('',(0.480867573939726,0.540103186798586,-0.690691627242819));
#8701=DIRECTION('',(0.459284347545905,0.515861233320227,0.72314941475235));
#8702=DIRECTION('',(0.536561789756793,0.505886966653017,0.675410854771817));
#8703=DIRECTION('',(-0.491428251110623,-0.463333677552097,0.737441643288745));
#8704=DIRECTION('',(0.,0.,1.));
#8705=DIRECTION('',(1.,0.,0.));
#8706=DIRECTION('',(0.480867573939724,0.540103186798584,-0.690691627242822));
#8707=DIRECTION('',(0.459284347545907,0.51586123332023,0.723149414752347));
#8708=DIRECTION('',(0.480867573939724,0.540103186798584,-0.690691627242822));
#8709=DIRECTION('',(0.459284347545907,0.51586123332023,0.723149414752347));
#8710=DIRECTION('',(0.536561789756806,0.505886966653041,0.675410854771788));
#8711=DIRECTION('',(-0.491428251110597,-0.463333677552083,0.737441643288771));
#8712=DIRECTION('',(0.,0.,1.));
#8713=DIRECTION('',(1.,0.,0.));
#8714=DIRECTION('',(0.480867573939717,0.54010318679861,-0.690691627242807));
#8715=DIRECTION('',(0.459284347545881,0.515861233320232,0.723149414752362));
#8716=DIRECTION('',(0.480867573939717,0.54010318679861,-0.690691627242807));
#8717=DIRECTION('',(0.459284347545881,0.515861233320232,0.723149414752362));
#8718=DIRECTION('',(0.536561789756805,0.505886966653045,0.675410854771786));
#8719=DIRECTION('',(-0.491428251110593,-0.463333677552084,0.737441643288772));
#8720=DIRECTION('',(0.,0.,1.));
#8721=DIRECTION('',(1.,0.,0.));
#8722=DIRECTION('',(0.708158468818037,0.147280451643476,0.69052157939125));
#8723=DIRECTION('',(-0.6760552085282,-0.140603721952441,0.723311791964581));
#8724=DIRECTION('',(0.708158468818037,0.147280451643476,0.69052157939125));
#8725=DIRECTION('',(-0.6760552085282,-0.140603721952441,0.723311791964581));
#8726=DIRECTION('',(0.706451933783092,0.21087200914955,-0.675617244459732));
#8727=DIRECTION('',(0.64739159138644,0.193242822411325,0.737252561195035));
#8728=DIRECTION('',(0.,0.,1.));
#8729=DIRECTION('',(1.,0.,0.));
#8730=DIRECTION('',(0.708158468818037,0.147280451643452,0.690521579391255));
#8731=DIRECTION('',(-0.676055208528209,-0.140603721952419,0.723311791964576));
#8732=DIRECTION('',(0.708158468818037,0.147280451643452,0.690521579391255));
#8733=DIRECTION('',(-0.676055208528209,-0.140603721952419,0.723311791964576));
#8734=DIRECTION('',(0.706451933783092,0.210872009149545,-0.675617244459734));
#8735=DIRECTION('',(0.647391591386442,0.193242822411321,0.737252561195033));
#8736=DIRECTION('',(0.,0.,1.));
#8737=DIRECTION('',(1.,0.,0.));
#8738=DIRECTION('',(0.708158468818046,0.147280451643476,0.690521579391242));
#8739=DIRECTION('',(-0.676055208528192,-0.140603721952437,0.723311791964589));
#8740=DIRECTION('',(0.708158468818046,0.147280451643476,0.690521579391242));
#8741=DIRECTION('',(-0.676055208528192,-0.140603721952437,0.723311791964589));
#8742=DIRECTION('',(0.706451933783087,0.210872009149547,-0.675617244459739));
#8743=DIRECTION('',(0.647391591386446,0.193242822411326,0.737252561195029));
#8744=DIRECTION('',(0.,0.,1.));
#8745=DIRECTION('',(1.,0.,0.));
#8746=DIRECTION('',(0.708158468818042,0.147280451643465,0.690521579391248));
#8747=DIRECTION('',(-0.6760552085282,-0.140603721952429,0.723311791964583));
#8748=DIRECTION('',(0.708158468818042,0.147280451643465,0.690521579391248));
#8749=DIRECTION('',(-0.6760552085282,-0.140603721952429,0.723311791964583));
#8750=DIRECTION('',(0.706451933783095,0.210872009149535,-0.675617244459734));
#8751=DIRECTION('',(0.647391591386446,0.193242822411312,0.737252561195033));
#8752=DIRECTION('',(0.,0.,-1.));
#8753=DIRECTION('',(-1.,0.,0.));
#8754=DIRECTION('',(0.,0.,-1.));
#8755=DIRECTION('',(0.707106781186548,0.,0.707106781186548));
#8756=DIRECTION('',(0.707106781186548,0.,-0.707106781186548));
#8757=DIRECTION('',(0.,0.,-1.));
#8758=DIRECTION('',(-0.707106781186548,0.,0.707106781186548));
#8759=DIRECTION('',(-0.707106781186548,0.,-0.707106781186548));
#8760=DIRECTION('',(0.,0.,-1.));
#8761=DIRECTION('',(0.,0.,-1.));
#8762=DIRECTION('',(-1.,0.,0.));
#8763=DIRECTION('',(0.,0.,-1.));
#8764=DIRECTION('',(0.,0.,1.));
#8765=DIRECTION('',(1.,0.,0.));
#8766=DIRECTION('',(-0.184232278693283,0.563758375537089,-0.805130400307468));
#8767=DIRECTION('',(0.250095347265453,-0.765302083347116,-0.593097832149753));
#8768=DIRECTION('',(0.,0.,-1.));
#8769=DIRECTION('',(0.,0.,1.));
#8770=DIRECTION('',(1.,0.,0.));
#8771=DIRECTION('',(0.,0.,-1.));
#8772=DIRECTION('',(0.,0.,-1.));
#8773=DIRECTION('',(-1.,0.,0.));
#8774=DIRECTION('',(0.,0.,-1.));
#8775=DIRECTION('',(0.,0.,1.));
#8776=DIRECTION('',(0.,0.,-1.));
#8777=DIRECTION('',(-1.,0.,0.));
#8778=DIRECTION('',(0.,0.,-1.));
#8779=DIRECTION('',(-1.,0.,0.));
#8780=DIRECTION('',(0.,0.,-1.));
#8781=DIRECTION('',(-1.,0.,0.));
#8782=DIRECTION('',(0.,1.,0.));
#8783=DIRECTION('',(0.,0.,1.));
#8784=DIRECTION('',(0.,0.,-1.));
#8785=DIRECTION('',(-1.,0.,0.));
#8786=DIRECTION('',(0.,0.,-1.));
#8787=DIRECTION('',(-1.,0.,0.));
#8788=DIRECTION('',(-1.,0.,0.));
#8789=DIRECTION('',(0.,0.,-1.));
#8790=DIRECTION('',(0.,0.,1.));
#8791=DIRECTION('',(1.,0.,0.));
#8792=DIRECTION('',(-0.950531843108716,-0.310627132163864,0.));
#8793=DIRECTION('',(0.,0.,1.));
#8794=DIRECTION('',(1.,0.,0.));
#8795=DIRECTION('',(0.,1.,0.));
#8796=DIRECTION('',(0.,1.,0.));
#8797=DIRECTION('',(-0.950531843108716,-0.310627132163864,0.));
#8798=DIRECTION('',(0.,-1.,0.));
#8799=DIRECTION('',(1.,0.,0.));
#8800=DIRECTION('',(0.,0.,-1.));
#8801=DIRECTION('',(0.,0.,-1.));
#8802=DIRECTION('',(0.,-0.984807753012208,0.17364817766693));
#8803=DIRECTION('',(0.,0.,-1.));
#8804=DIRECTION('',(-1.,0.,0.));
#8805=DIRECTION('',(0.,0.,-1.));
#8806=DIRECTION('',(-1.,0.,0.));
#8807=DIRECTION('',(0.,0.984807753012208,-0.17364817766693));
#8808=DIRECTION('',(0.,0.,-1.));
#8809=DIRECTION('',(-1.,0.,0.));
#8810=DIRECTION('',(0.,0.,-1.));
#8811=DIRECTION('',(1.,0.,0.));
#8812=DIRECTION('',(0.,-1.,0.));
#8813=DIRECTION('',(1.,0.,0.));
#8814=DIRECTION('',(0.,0.,-1.));
#8815=DIRECTION('',(-1.,0.,0.));
#8816=DIRECTION('',(-1.,0.,0.));
#8817=DIRECTION('',(0.,-1.,0.));
#8818=DIRECTION('',(1.,0.,0.));
#8819=DIRECTION('',(0.,0.,-1.));
#8820=DIRECTION('',(-1.,0.,0.));
#8821=DIRECTION('',(-1.,0.,0.));
#8822=DIRECTION('',(0.,-1.,0.));
#8823=DIRECTION('',(1.,0.,0.));
#8824=DIRECTION('',(0.,1.,0.));
#8825=DIRECTION('',(-1.,0.,0.));
#8826=DIRECTION('',(0.,0.,-1.));
#8827=DIRECTION('',(-1.,0.,0.));
#8828=DIRECTION('',(1.,0.,0.));
#8829=DIRECTION('',(0.,1.,0.));
#8830=DIRECTION('',(-1.,0.,0.));
#8831=DIRECTION('',(0.,0.,-1.));
#8832=DIRECTION('',(-1.,0.,0.));
#8833=DIRECTION('',(1.,0.,0.));
#8834=DIRECTION('',(0.,1.,0.));
#8835=DIRECTION('',(-1.,0.,0.));
#8836=DIRECTION('',(0.,0.,-1.));
#8837=DIRECTION('',(-1.,0.,0.));
#8838=DIRECTION('',(-1.,0.,0.));
#8839=DIRECTION('',(0.,0.,1.));
#8840=DIRECTION('',(0.,1.,0.));
#8841=DIRECTION('',(0.,0.,1.));
#8842=DIRECTION('',(0.,1.,0.));
#8843=DIRECTION('',(0.,0.,-1.));
#8844=DIRECTION('',(0.,-1.,0.));
#8845=DIRECTION('',(0.,0.,1.));
#8846=DIRECTION('',(0.,1.,0.));
#8847=DIRECTION('',(0.,0.,-1.));
#8848=DIRECTION('',(0.,1.,0.));
#8849=DIRECTION('',(0.,0.,1.));
#8850=DIRECTION('',(0.,1.,0.));
#8851=DIRECTION('',(0.,0.,-1.));
#8852=DIRECTION('',(0.,0.,1.));
#8853=DIRECTION('',(1.,0.,0.));
#8854=DIRECTION('',(0.,0.,1.));
#8855=DIRECTION('',(1.,0.,0.));
#8856=DIRECTION('',(0.,0.,-1.));
#8857=DIRECTION('',(-1.,0.,0.));
#8858=DIRECTION('',(0.,0.,1.));
#8859=DIRECTION('',(1.,0.,0.));
#8860=DIRECTION('',(0.,0.,1.));
#8861=DIRECTION('',(1.,0.,0.));
#8862=DIRECTION('',(0.,0.,-1.));
#8863=DIRECTION('',(-1.,0.,0.));
#8864=DIRECTION('',(0.,0.,1.));
#8865=DIRECTION('',(1.,0.,0.));
#8866=DIRECTION('',(0.,0.,1.));
#8867=DIRECTION('',(1.,0.,0.));
#8868=DIRECTION('',(0.,0.,-1.));
#8869=DIRECTION('',(-1.,0.,0.));
#8870=DIRECTION('',(0.,0.,1.));
#8871=DIRECTION('',(1.,0.,0.));
#8872=DIRECTION('',(0.,0.,1.));
#8873=DIRECTION('',(1.,0.,0.));
#8874=DIRECTION('',(0.,0.,-1.));
#8875=DIRECTION('',(-1.,0.,0.));
#8876=DIRECTION('',(0.,0.,-1.));
#8877=DIRECTION('',(-1.,0.,0.));
#8878=DIRECTION('',(0.,0.,-1.));
#8879=DIRECTION('',(-1.,0.,0.));
#8880=DIRECTION('',(0.,0.,-1.));
#8881=DIRECTION('',(-1.,0.,0.));
#8882=DIRECTION('',(0.,0.,-1.));
#8883=DIRECTION('',(-1.,0.,0.));
#8884=DIRECTION('',(0.,0.,-1.));
#8885=DIRECTION('',(-1.,0.,0.));
#8886=DIRECTION('',(0.,1.,0.));
#8887=DIRECTION('',(1.,0.,0.));
#8888=DIRECTION('',(0.,-1.,0.));
#8889=DIRECTION('',(-1.,0.,0.));
#8890=DIRECTION('',(0.,0.,-1.));
#8891=DIRECTION('',(-1.,0.,0.));
#8892=DIRECTION('',(0.,0.,1.));
#8893=DIRECTION('',(1.,0.,0.));
#8894=DIRECTION('',(0.,0.,1.));
#8895=DIRECTION('',(1.,0.,0.));
#8896=DIRECTION('',(0.,0.,1.));
#8897=DIRECTION('',(1.,0.,0.));
#8898=DIRECTION('',(0.,0.,1.));
#8899=DIRECTION('',(1.,0.,0.));
#8900=DIRECTION('',(0.,0.,1.));
#8901=DIRECTION('',(1.,0.,0.));
#8902=DIRECTION('',(0.,0.,1.));
#8903=DIRECTION('',(1.,0.,0.));
#8904=DIRECTION('',(0.,0.,1.));
#8905=DIRECTION('',(1.,0.,0.));
#8906=DIRECTION('',(0.,0.,1.));
#8907=DIRECTION('',(1.,0.,0.));
#8908=DIRECTION('',(0.,0.,1.));
#8909=DIRECTION('',(1.,0.,0.));
#8910=DIRECTION('',(0.,0.,1.));
#8911=DIRECTION('',(1.,0.,0.));
#8912=DIRECTION('',(0.,0.,1.));
#8913=DIRECTION('',(1.,0.,0.));
#8914=DIRECTION('',(0.,0.,1.));
#8915=DIRECTION('',(1.,0.,0.));
#8916=DIRECTION('',(0.,0.,1.));
#8917=DIRECTION('',(1.,0.,0.));
#8918=DIRECTION('',(0.,0.,1.));
#8919=DIRECTION('',(1.,0.,0.));
#8920=DIRECTION('',(0.,0.,1.));
#8921=DIRECTION('',(1.,0.,0.));
#8922=DIRECTION('',(0.,0.,1.));
#8923=DIRECTION('',(1.,0.,0.));
#8924=DIRECTION('',(0.,0.,-1.));
#8925=DIRECTION('',(1.83697019872103E-16,-1.,0.));
#8926=DIRECTION('',(-0.536561789756807,-0.505886966653049,0.675410854771781));
#8927=DIRECTION('',(-0.491428251110588,-0.463333677552082,-0.737441643288777));
#8928=DIRECTION('',(-0.480867573939719,-0.540103186798601,-0.690691627242813));
#8929=DIRECTION('',(0.45928434754589,0.515861233320232,-0.723149414752356));
#8930=DIRECTION('',(0.210872009149555,-0.706451933783113,-0.675617244459709));
#8931=DIRECTION('',(-0.193242822411317,0.647391591386418,-0.737252561195056));
#8932=DIRECTION('',(0.147280451643459,-0.708158468818012,0.69052157939128));
#8933=DIRECTION('',(0.140603721952436,-0.676055208528231,-0.723311791964553));
#8934=DIRECTION('',(0.,0.,-1.));
#8935=DIRECTION('',(1.83697019872103E-16,-1.,0.));
#8936=DIRECTION('',(0.505886966653054,-0.536561789756803,0.675410854771782));
#8937=DIRECTION('',(0.463333677552087,-0.491428251110585,-0.737441643288777));
#8938=DIRECTION('',(0.540103186798588,-0.480867573939726,-0.690691627242818));
#8939=DIRECTION('',(-0.515861233320227,0.459284347545903,-0.723149414752352));
#8940=DIRECTION('',(0.706451933783087,0.210872009149547,-0.675617244459739));
#8941=DIRECTION('',(-0.647391591386446,-0.193242822411326,-0.737252561195029));
#8942=DIRECTION('',(0.708158468818042,0.147280451643465,0.690521579391248));
#8943=DIRECTION('',(0.6760552085282,0.140603721952429,-0.723311791964583));
#8944=DIRECTION('',(0.,0.,-1.));
#8945=DIRECTION('',(1.83697019872103E-16,-1.,0.));
#8946=DIRECTION('',(0.536561789756813,0.505886966653064,0.675410854771766));
#8947=DIRECTION('',(0.491428251110573,0.463333677552076,-0.737441643288791));
#8948=DIRECTION('',(0.480867573939731,0.540103186798608,-0.690691627242799));
#8949=DIRECTION('',(-0.459284347545883,-0.515861233320219,-0.72314941475237));
#8950=DIRECTION('',(-0.210872009149552,0.70645193378309,-0.675617244459734));
#8951=DIRECTION('',(0.193242822411328,-0.647391591386441,-0.737252561195033));
#8952=DIRECTION('',(-0.147280451643443,0.708158468818038,0.690521579391256));
#8953=DIRECTION('',(-0.140603721952411,0.676055208528212,-0.723311791964575));
#8954=DIRECTION('',(0.,0.,-1.));
#8955=DIRECTION('',(1.83697019872103E-16,-1.,0.));
#8956=DIRECTION('',(0.536561789756805,0.505886966653045,0.675410854771786));
#8957=DIRECTION('',(0.491428251110593,0.463333677552084,-0.737441643288772));
#8958=DIRECTION('',(0.480867573939722,0.54010318679858,-0.690691627242827));
#8959=DIRECTION('',(-0.459284347545911,-0.515861233320233,-0.723149414752342));
#8960=DIRECTION('',(-0.210872009149538,0.706451933783086,-0.675617244459742));
#8961=DIRECTION('',(0.193242822411319,-0.647391591386452,-0.737252561195026));
#8962=DIRECTION('',(-0.147280451643443,0.708158468818035,0.690521579391259));
#8963=DIRECTION('',(-0.140603721952413,0.676055208528215,-0.723311791964572));
#8964=DIRECTION('',(0.,0.,-1.));
#8965=DIRECTION('',(1.83697019872103E-16,-1.,0.));
#8966=DIRECTION('',(-0.505886966653052,0.536561789756801,0.675410854771784));
#8967=DIRECTION('',(-0.463333677552088,0.491428251110587,-0.737441643288774));
#8968=DIRECTION('',(-0.540103186798586,0.480867573939719,-0.690691627242824));
#8969=DIRECTION('',(0.515861233320234,-0.459284347545904,-0.723149414752346));
#8970=DIRECTION('',(-0.706451933783079,-0.210872009149542,-0.675617244459749));
#8971=DIRECTION('',(0.647391591386457,0.193242822411326,-0.73725256119502));
#8972=DIRECTION('',(-0.708158468818053,-0.147280451643458,0.690521579391238));
#8973=DIRECTION('',(-0.676055208528192,-0.140603721952419,-0.723311791964593));
#8974=DIRECTION('',(0.,0.,-1.));
#8975=DIRECTION('',(1.,1.22464679914735E-16,0.));
#8976=DIRECTION('',(-0.536561789756789,-0.505886966653036,0.675410854771806));
#8977=DIRECTION('',(-0.491428251110604,-0.463333677552101,-0.737441643288755));
#8978=DIRECTION('',(-0.48086757393972,-0.540103186798594,-0.690691627242817));
#8979=DIRECTION('',(0.459284347545897,0.515861233320232,-0.723149414752352));
#8980=DIRECTION('',(0.210872009149536,-0.70645193378311,-0.675617244459718));
#8981=DIRECTION('',(-0.193242822411304,0.64739159138643,-0.737252561195048));
#8982=DIRECTION('',(0.147280451643459,-0.708158468818041,0.69052157939125));
#8983=DIRECTION('',(0.140603721952425,-0.676055208528203,-0.723311791964581));
#8984=DIRECTION('',(0.,0.,-1.));
#8985=DIRECTION('',(1.,1.22464679914735E-16,0.));
#8986=DIRECTION('',(0.505886966653028,-0.536561789756813,0.675410854771793));
#8987=DIRECTION('',(0.463333677552077,-0.491428251110609,-0.737441643288766));
#8988=DIRECTION('',(0.540103186798603,-0.480867573939722,-0.690691627242809));
#8989=DIRECTION('',(-0.515861233320228,0.459284347545888,-0.72314941475236));
#8990=DIRECTION('',(0.706451933783092,0.210872009149545,-0.675617244459734));
#8991=DIRECTION('',(-0.647391591386442,-0.193242822411321,-0.737252561195033));
#8992=DIRECTION('',(0.708158468818046,0.147280451643476,0.690521579391242));
#8993=DIRECTION('',(0.676055208528192,0.140603721952437,-0.723311791964589));
#8994=DIRECTION('',(0.,0.,-1.));
#8995=DIRECTION('',(1.,1.22464679914735E-16,0.));
#8996=DIRECTION('',(0.536561789756794,0.505886966653059,0.675410854771785));
#8997=DIRECTION('',(0.491428251110581,0.463333677552096,-0.737441643288774));
#8998=DIRECTION('',(0.480867573939726,0.540103186798586,-0.690691627242819));
#8999=DIRECTION('',(-0.459284347545905,-0.515861233320227,-0.72314941475235));
#9000=DIRECTION('',(-0.210872009149534,0.706451933783093,-0.675617244459737));
#9001=DIRECTION('',(0.193242822411312,-0.647391591386448,-0.73725256119503));
#9002=DIRECTION('',(-0.147280451643458,0.708158468818068,0.690521579391222));
#9003=DIRECTION('',(-0.140603721952413,0.676055208528177,-0.723311791964607));
#9004=DIRECTION('',(0.,0.,-1.));
#9005=DIRECTION('',(1.,1.22464679914735E-16,0.));
#9006=DIRECTION('',(-0.505886966653046,0.536561789756808,0.675410854771783));
#9007=DIRECTION('',(-0.463333677552082,0.491428251110591,-0.737441643288775));
#9008=DIRECTION('',(-0.540103186798605,0.480867573939712,-0.690691627242815));
#9009=DIRECTION('',(0.515861233320238,-0.459284347545886,-0.723149414752354));
#9010=DIRECTION('',(-0.706451933783097,-0.210872009149542,-0.67561724445973));
#9011=DIRECTION('',(0.64739159138644,0.193242822411316,-0.737252561195037));
#9012=DIRECTION('',(-0.708158468818026,-0.147280451643461,0.690521579391265));
#9013=DIRECTION('',(-0.676055208528217,-0.140603721952432,-0.723311791964567));
#9014=DIRECTION('',(0.,0.,-1.));
#9015=DIRECTION('',(1.,1.22464679914735E-16,0.));
#9016=DIRECTION('',(-0.505886966653016,0.536561789756813,0.675410854771802));
#9017=DIRECTION('',(-0.463333677552077,0.491428251110621,-0.737441643288758));
#9018=DIRECTION('',(-0.540103186798597,0.480867573939734,-0.690691627242805));
#9019=DIRECTION('',(0.515861233320217,-0.459284347545895,-0.723149414752364));
#9020=DIRECTION('',(-0.706451933783083,-0.21087200914952,-0.675617244459751));
#9021=DIRECTION('',(0.647391591386464,0.193242822411307,-0.737252561195018));
#9022=DIRECTION('',(-0.708158468818031,-0.147280451643443,0.690521579391263));
#9023=DIRECTION('',(-0.676055208528218,-0.140603721952414,-0.723311791964569));
#9024=DIRECTION('',(0.,0.,-1.));
#9025=DIRECTION('',(-6.12323399573677E-17,1.,0.));
#9026=DIRECTION('',(-0.53656178975679,-0.505886966653051,0.675410854771794));
#9027=DIRECTION('',(-0.491428251110589,-0.4633336775521,-0.737441643288765));
#9028=DIRECTION('',(-0.480867573939725,-0.540103186798606,-0.690691627242805));
#9029=DIRECTION('',(0.459284347545885,0.515861233320225,-0.723149414752364));
#9030=DIRECTION('',(0.210872009149543,-0.706451933783087,-0.67561724445974));
#9031=DIRECTION('',(-0.193242822411323,0.647391591386449,-0.737252561195027));
#9032=DIRECTION('',(0.147280451643441,-0.708158468818044,0.690521579391251));
#9033=DIRECTION('',(0.140603721952408,-0.676055208528207,-0.72331179196458));
#9034=DIRECTION('',(0.,0.,-1.));
#9035=DIRECTION('',(-6.12323399573677E-17,1.,0.));
#9036=DIRECTION('',(-0.536561789756797,-0.505886966653035,0.6754108547718));
#9037=DIRECTION('',(-0.491428251110604,-0.463333677552093,-0.73744164328876));
#9038=DIRECTION('',(-0.48086757393971,-0.540103186798607,-0.690691627242814));
#9039=DIRECTION('',(0.459284347545884,0.51586123332024,-0.723149414752355));
#9040=DIRECTION('',(0.210872009149539,-0.70645193378309,-0.675617244459738));
#9041=DIRECTION('',(-0.193242822411318,0.647391591386447,-0.73725256119503));
#9042=DIRECTION('',(0.147280451643457,-0.708158468818023,0.690521579391269));
#9043=DIRECTION('',(0.14060372195243,-0.676055208528221,-0.723311791964564));
#9044=DIRECTION('',(0.,0.,-1.));
#9045=DIRECTION('',(-6.12323399573677E-17,1.,0.));
#9046=DIRECTION('',(0.505886966653044,-0.536561789756806,0.675410854771786));
#9047=DIRECTION('',(0.463333677552083,-0.491428251110594,-0.737441643288772));
#9048=DIRECTION('',(0.54010318679859,-0.48086757393972,-0.690691627242821));
#9049=DIRECTION('',(-0.515861233320233,0.459284347545901,-0.723149414752349));
#9050=DIRECTION('',(0.706451933783092,0.21087200914955,-0.675617244459732));
#9051=DIRECTION('',(-0.64739159138644,-0.193242822411325,-0.737252561195035));
#9052=DIRECTION('',(0.708158468818037,0.147280451643452,0.690521579391255));
#9053=DIRECTION('',(0.676055208528209,0.140603721952419,-0.723311791964576));
#9054=DIRECTION('',(0.,0.,-1.));
#9055=DIRECTION('',(-6.12323399573677E-17,1.,0.));
#9056=DIRECTION('',(0.536561789756793,0.505886966653017,0.675410854771817));
#9057=DIRECTION('',(0.491428251110623,0.463333677552097,-0.737441643288745));
#9058=DIRECTION('',(0.480867573939724,0.540103186798584,-0.690691627242822));
#9059=DIRECTION('',(-0.459284347545907,-0.51586123332023,-0.723149414752347));
#9060=DIRECTION('',(-0.210872009149528,0.706451933783095,-0.675617244459737));
#9061=DIRECTION('',(0.193242822411307,-0.64739159138645,-0.737252561195031));
#9062=DIRECTION('',(-0.147280451643475,0.708158468818053,0.690521579391234));
#9063=DIRECTION('',(-0.140603721952434,0.676055208528184,-0.723311791964597));
#9064=DIRECTION('',(0.,0.,-1.));
#9065=DIRECTION('',(-6.12323399573677E-17,1.,0.));
#9066=DIRECTION('',(-0.505886966653062,0.536561789756804,0.675410854771775));
#9067=DIRECTION('',(-0.463333677552085,0.491428251110576,-0.737441643288783));
#9068=DIRECTION('',(-0.540103186798599,0.480867573939717,-0.690691627242816));
#9069=DIRECTION('',(0.515861233320234,-0.459284347545892,-0.723149414752353));
#9070=DIRECTION('',(-0.706451933783077,-0.21087200914955,-0.675617244459748));
#9071=DIRECTION('',(0.647391591386453,0.193242822411333,-0.73725256119502));
#9072=DIRECTION('',(-0.708158468818043,-0.147280451643479,0.690521579391244));
#9073=DIRECTION('',(-0.676055208528193,-0.140603721952441,-0.723311791964587));
#9074=DIRECTION('',(0.,0.,-1.));
#9075=DIRECTION('',(-1.,0.,0.));
#9076=DIRECTION('',(-0.536561789756801,-0.505886966653044,0.67541085477179));
#9077=DIRECTION('',(-0.491428251110595,-0.463333677552089,-0.737441643288769));
#9078=DIRECTION('',(-0.480867573939747,-0.540103186798606,-0.690691627242789));
#9079=DIRECTION('',(0.459284347545886,0.515861233320204,-0.723149414752379));
#9080=DIRECTION('',(0.210872009149556,-0.706451933783083,-0.67561724445974));
#9081=DIRECTION('',(-0.193242822411334,0.647391591386445,-0.737252561195028));
#9082=DIRECTION('',(0.147280451643446,-0.708158468818063,0.69052157939123));
#9083=DIRECTION('',(0.140603721952405,-0.676055208528186,-0.7233117919646));
#9084=DIRECTION('',(0.,0.,-1.));
#9085=DIRECTION('',(-1.,0.,0.));
#9086=DIRECTION('',(0.505886966653025,-0.536561789756818,0.675410854771791));
#9087=DIRECTION('',(0.463333677552072,-0.491428251110612,-0.737441643288768));
#9088=DIRECTION('',(0.540103186798587,-0.480867573939707,-0.690691627242832));
#9089=DIRECTION('',(-0.515861233320246,0.459284347545903,-0.723149414752338));
#9090=DIRECTION('',(0.706451933783095,0.210872009149535,-0.675617244459734));
#9091=DIRECTION('',(-0.647391591386446,-0.193242822411312,-0.737252561195033));
#9092=DIRECTION('',(0.708158468818046,0.147280451643458,0.690521579391245));
#9093=DIRECTION('',(0.676055208528198,0.140603721952421,-0.723311791964586));
#9094=DIRECTION('',(0.,0.,-1.));
#9095=DIRECTION('',(-1.,0.,0.));
#9096=DIRECTION('',(0.505886966653047,-0.536561789756804,0.675410854771785));
#9097=DIRECTION('',(0.463333677552085,-0.491428251110591,-0.737441643288773));
#9098=DIRECTION('',(0.540103186798591,-0.480867573939713,-0.690691627242824));
#9099=DIRECTION('',(-0.515861233320239,0.459284347545899,-0.723149414752345));
#9100=DIRECTION('',(0.70645193378309,0.210872009149552,-0.675617244459733));
#9101=DIRECTION('',(-0.64739159138644,-0.193242822411328,-0.737252561195034));
#9102=DIRECTION('',(0.708158468818037,0.147280451643476,0.69052157939125));
#9103=DIRECTION('',(0.6760552085282,0.140603721952441,-0.723311791964581));
#9104=DIRECTION('',(0.,0.,-1.));
#9105=DIRECTION('',(-1.,0.,0.));
#9106=DIRECTION('',(0.536561789756806,0.505886966653041,0.675410854771788));
#9107=DIRECTION('',(0.491428251110597,0.463333677552083,-0.737441643288771));
#9108=DIRECTION('',(0.480867573939717,0.54010318679861,-0.690691627242807));
#9109=DIRECTION('',(-0.459284347545881,-0.515861233320232,-0.723149414752362));
#9110=DIRECTION('',(-0.210872009149536,0.706451933783102,-0.675617244459727));
#9111=DIRECTION('',(0.193242822411309,-0.647391591386438,-0.73725256119504));
#9112=DIRECTION('',(-0.147280451643459,0.708158468818036,0.690521579391256));
#9113=DIRECTION('',(-0.140603721952427,0.676055208528208,-0.723311791964576));
#9114=DIRECTION('',(0.,0.,-1.));
#9115=DIRECTION('',(-1.,0.,0.));
#9116=DIRECTION('',(-0.505886966653034,0.536561789756806,0.675410854771794));
#9117=DIRECTION('',(-0.463333677552084,0.491428251110604,-0.737441643288765));
#9118=DIRECTION('',(-0.540103186798606,0.48086757393974,-0.690691627242794));
#9119=DIRECTION('',(0.51586123332021,-0.459284347545886,-0.723149414752374));
#9120=DIRECTION('',(-0.706451933783099,-0.210872009149545,-0.675617244459727));
#9121=DIRECTION('',(0.647391591386436,0.193242822411318,-0.73725256119504));
#9122=DIRECTION('',(-0.708158468818026,-0.147280451643458,0.690521579391266));
#9123=DIRECTION('',(-0.676055208528218,-0.14060372195243,-0.723311791964566));
#9124=DIRECTION('',(0.,0.,-1.));
#9125=DIRECTION('',(-1.,0.,0.));
#9126=DIRECTION('',(0.,0.,-1.));
#9127=DIRECTION('',(-1.,0.,0.));
#9128=DIRECTION('',(0.,0.,-1.));
#9129=DIRECTION('',(-1.,0.,0.));
#9130=DIRECTION('',(0.,0.,1.));
#9131=DIRECTION('',(1.,0.,0.));
#9132=DIRECTION('',(0.,0.,-1.));
#9133=DIRECTION('',(-1.,0.,0.));
#9134=DIRECTION('',(0.,0.,1.));
#9135=DIRECTION('',(1.,0.,0.));
#9136=DIRECTION('',(0.,0.,-1.));
#9137=DIRECTION('',(-1.,0.,0.));
#9138=DIRECTION('',(0.,0.,-1.));
#9139=DIRECTION('',(-1.,0.,0.));
#9140=DIRECTION('',(0.,0.,-1.));
#9141=DIRECTION('',(-1.,0.,0.));
#9142=DIRECTION('',(0.,0.,-1.));
#9143=DIRECTION('',(-1.,0.,0.));
#9144=DIRECTION('',(0.,0.,-1.));
#9145=DIRECTION('',(-1.,0.,0.));
#9146=DIRECTION('',(0.,0.,1.));
#9147=DIRECTION('',(1.,0.,0.));
#9148=DIRECTION('',(0.,0.,-1.));
#9149=DIRECTION('',(-1.,0.,0.));
#9150=DIRECTION('',(0.,0.,-1.));
#9151=DIRECTION('',(-1.,0.,0.));
#9152=DIRECTION('',(0.,0.,-1.));
#9153=DIRECTION('',(-1.,0.,0.));
#9154=DIRECTION('',(0.,0.,-1.));
#9155=DIRECTION('',(-1.,0.,0.));
#9156=DIRECTION('',(0.,0.,-1.));
#9157=DIRECTION('',(-1.,0.,0.));
#9158=DIRECTION('',(0.,0.,1.));
#9159=DIRECTION('',(1.,0.,0.));
#9160=DIRECTION('',(0.,0.,-1.));
#9161=DIRECTION('',(-1.,0.,0.));
#9162=DIRECTION('',(0.,0.,-1.));
#9163=DIRECTION('',(-1.,0.,0.));
#9164=DIRECTION('',(0.,0.,-1.));
#9165=DIRECTION('',(-1.,0.,0.));
#9166=DIRECTION('',(0.,0.,-1.));
#9167=DIRECTION('',(-1.,0.,0.));
#9168=DIRECTION('',(0.,0.,-1.));
#9169=DIRECTION('',(-1.,0.,0.));
#9170=DIRECTION('',(0.,0.,1.));
#9171=DIRECTION('',(1.,0.,0.));
#9172=DIRECTION('',(0.,0.,-1.));
#9173=DIRECTION('',(-1.,0.,0.));
#9174=DIRECTION('',(0.,0.,-1.));
#9175=DIRECTION('',(-1.,0.,0.));
#9176=DIRECTION('',(0.,0.,-1.));
#9177=DIRECTION('',(-1.,0.,0.));
#9178=DIRECTION('',(0.,0.,-1.));
#9179=DIRECTION('',(-1.,0.,0.));
#9180=DIRECTION('',(0.,0.,-1.));
#9181=DIRECTION('',(-1.,0.,0.));
#9182=DIRECTION('',(0.,0.,1.));
#9183=DIRECTION('',(1.,0.,0.));
#9184=DIRECTION('',(0.,0.,-1.));
#9185=DIRECTION('',(-1.,0.,0.));
#9186=DIRECTION('',(0.,0.,-1.));
#9187=DIRECTION('',(-1.,0.,0.));
#9188=DIRECTION('',(0.,0.,-1.));
#9189=DIRECTION('',(-1.,0.,0.));
#9190=DIRECTION('',(0.,0.,-1.));
#9191=DIRECTION('',(-1.,0.,0.));
#9192=DIRECTION('',(0.,0.,-1.));
#9193=DIRECTION('',(-1.,0.,0.));
#9194=DIRECTION('',(0.,0.,1.));
#9195=DIRECTION('',(1.,0.,0.));
#9196=DIRECTION('',(0.,0.,-1.));
#9197=DIRECTION('',(-1.,0.,0.));
#9198=DIRECTION('',(0.,0.,-1.));
#9199=DIRECTION('',(-1.,0.,0.));
#9200=DIRECTION('',(0.,0.,-1.));
#9201=DIRECTION('',(-1.,0.,0.));
#9202=DIRECTION('',(0.,0.,-1.));
#9203=DIRECTION('',(-1.,0.,0.));
#9204=DIRECTION('',(0.,0.,-1.));
#9205=DIRECTION('',(-1.,0.,0.));
#9206=DIRECTION('',(0.,0.,1.));
#9207=DIRECTION('',(1.,0.,0.));
#9208=DIRECTION('',(0.,0.,-1.));
#9209=DIRECTION('',(-1.,0.,0.));
#9210=DIRECTION('',(0.,0.,-1.));
#9211=DIRECTION('',(-1.,0.,0.));
#9212=DIRECTION('',(0.,0.,-1.));
#9213=DIRECTION('',(-1.,0.,0.));
#9214=DIRECTION('',(0.,0.,-1.));
#9215=DIRECTION('',(-1.,0.,0.));
#9216=DIRECTION('',(0.,0.,-1.));
#9217=DIRECTION('',(-1.,0.,0.));
#9218=DIRECTION('',(0.,0.,1.));
#9219=DIRECTION('',(1.,0.,0.));
#9220=DIRECTION('',(0.,0.,-1.));
#9221=DIRECTION('',(-1.,0.,0.));
#9222=DIRECTION('',(0.,0.,-1.));
#9223=DIRECTION('',(-1.,0.,0.));
#9224=DIRECTION('',(0.,0.,-1.));
#9225=DIRECTION('',(-1.,0.,0.));
#9226=DIRECTION('',(0.,0.,-1.));
#9227=DIRECTION('',(-1.,0.,0.));
#9228=DIRECTION('',(0.,0.,-1.));
#9229=DIRECTION('',(-1.,0.,0.));
#9230=DIRECTION('',(0.,0.,1.));
#9231=DIRECTION('',(1.,0.,0.));
#9232=DIRECTION('',(0.,0.,-1.));
#9233=DIRECTION('',(-1.,0.,0.));
#9234=DIRECTION('',(0.,0.,-1.));
#9235=DIRECTION('',(-1.,0.,0.));
#9236=DIRECTION('',(0.,0.,-1.));
#9237=DIRECTION('',(-1.,0.,0.));
#9238=DIRECTION('',(0.,0.,-1.));
#9239=DIRECTION('',(-1.,0.,0.));
#9240=DIRECTION('',(0.,0.,-1.));
#9241=DIRECTION('',(-1.,0.,0.));
#9242=DIRECTION('',(0.,0.,1.));
#9243=DIRECTION('',(1.,0.,0.));
#9244=DIRECTION('',(0.,0.,-1.));
#9245=DIRECTION('',(-1.,0.,0.));
#9246=DIRECTION('',(0.,0.,-1.));
#9247=DIRECTION('',(-1.,0.,0.));
#9248=DIRECTION('',(0.,0.,-1.));
#9249=DIRECTION('',(-1.,0.,0.));
#9250=DIRECTION('',(0.,0.,-1.));
#9251=DIRECTION('',(-1.,0.,0.));
#9252=DIRECTION('',(0.,0.,-1.));
#9253=DIRECTION('',(-1.,0.,0.));
#9254=DIRECTION('',(0.,0.,1.));
#9255=DIRECTION('',(1.,0.,0.));
#9256=DIRECTION('',(0.,0.,-1.));
#9257=DIRECTION('',(-1.,0.,0.));
#9258=DIRECTION('',(0.,0.,-1.));
#9259=DIRECTION('',(-1.,0.,0.));
#9260=DIRECTION('',(0.,0.,-1.));
#9261=DIRECTION('',(-1.,0.,0.));
#9262=DIRECTION('',(0.,0.,-1.));
#9263=DIRECTION('',(-1.,0.,0.));
#9264=DIRECTION('',(0.,0.,-1.));
#9265=DIRECTION('',(-1.,0.,0.));
#9266=DIRECTION('',(0.,0.,1.));
#9267=DIRECTION('',(1.,0.,0.));
#9268=DIRECTION('',(0.,0.,-1.));
#9269=DIRECTION('',(-1.,0.,0.));
#9270=DIRECTION('',(0.,0.,-1.));
#9271=DIRECTION('',(-1.,0.,0.));
#9272=DIRECTION('',(0.,0.,-1.));
#9273=DIRECTION('',(-1.,0.,0.));
#9274=DIRECTION('',(0.,0.,-1.));
#9275=DIRECTION('',(-1.,0.,0.));
#9276=DIRECTION('',(0.,0.,-1.));
#9277=DIRECTION('',(-1.,0.,0.));
#9278=DIRECTION('',(0.,0.,1.));
#9279=DIRECTION('',(1.,0.,0.));
#9280=DIRECTION('',(0.,0.,-1.));
#9281=DIRECTION('',(-1.,0.,0.));
#9282=DIRECTION('',(0.,0.,-1.));
#9283=DIRECTION('',(-1.,0.,0.));
#9284=DIRECTION('',(0.,0.,-1.));
#9285=DIRECTION('',(-1.,0.,0.));
#9286=DIRECTION('',(0.,0.,-1.));
#9287=DIRECTION('',(-1.,0.,0.));
#9288=DIRECTION('',(0.,0.,-1.));
#9289=DIRECTION('',(-1.,0.,0.));
#9290=DIRECTION('',(0.,0.,1.));
#9291=DIRECTION('',(1.,0.,0.));
#9292=DIRECTION('',(0.,0.,-1.));
#9293=DIRECTION('',(-1.,0.,0.));
#9294=DIRECTION('',(0.,0.,-1.));
#9295=DIRECTION('',(-1.,0.,0.));
#9296=DIRECTION('',(0.,0.,-1.));
#9297=DIRECTION('',(-1.,0.,0.));
#9298=DIRECTION('',(0.,0.,-1.));
#9299=DIRECTION('',(-1.,0.,0.));
#9300=DIRECTION('',(0.,0.,-1.));
#9301=DIRECTION('',(-1.,0.,0.));
#9302=DIRECTION('',(0.,0.,1.));
#9303=DIRECTION('',(1.,0.,0.));
#9304=DIRECTION('',(0.,0.,-1.));
#9305=DIRECTION('',(-1.,0.,0.));
#9306=DIRECTION('',(0.,0.,-1.));
#9307=DIRECTION('',(-1.,0.,0.));
#9308=DIRECTION('',(0.,0.,-1.));
#9309=DIRECTION('',(-1.,0.,0.));
#9310=DIRECTION('',(0.,0.,-1.));
#9311=DIRECTION('',(-1.,0.,0.));
#9312=DIRECTION('',(0.,0.,-1.));
#9313=DIRECTION('',(-1.,0.,0.));
#9314=DIRECTION('',(0.,0.,1.));
#9315=DIRECTION('',(1.,0.,0.));
#9316=DIRECTION('',(0.,0.,-1.));
#9317=DIRECTION('',(-1.,0.,0.));
#9318=DIRECTION('',(0.,0.,-1.));
#9319=DIRECTION('',(-1.,0.,0.));
#9320=DIRECTION('',(0.,0.,-1.));
#9321=DIRECTION('',(-1.,0.,0.));
#9322=DIRECTION('',(0.,0.,-1.));
#9323=DIRECTION('',(-1.,0.,0.));
#9324=DIRECTION('',(0.,0.,-1.));
#9325=DIRECTION('',(-1.,0.,0.));
#9326=DIRECTION('',(0.,0.,1.));
#9327=DIRECTION('',(1.,0.,0.));
#9328=DIRECTION('',(0.,0.,-1.));
#9329=DIRECTION('',(-1.,0.,0.));
#9330=DIRECTION('',(0.,0.,-1.));
#9331=DIRECTION('',(-1.,0.,0.));
#9332=DIRECTION('',(0.,0.,-1.));
#9333=DIRECTION('',(-1.,0.,0.));
#9334=DIRECTION('',(0.,0.,-1.));
#9335=DIRECTION('',(-1.,0.,0.));
#9336=DIRECTION('',(0.,0.,-1.));
#9337=DIRECTION('',(-1.,0.,0.));
#9338=DIRECTION('',(0.,0.,1.));
#9339=DIRECTION('',(1.,0.,0.));
#9340=DIRECTION('',(0.,0.,-1.));
#9341=DIRECTION('',(-1.,0.,0.));
#9342=DIRECTION('',(0.,0.,-1.));
#9343=DIRECTION('',(-1.,0.,0.));
#9344=DIRECTION('',(0.,0.,-1.));
#9345=DIRECTION('',(-1.,0.,0.));
#9346=DIRECTION('',(0.,0.,-1.));
#9347=DIRECTION('',(-1.,0.,0.));
#9348=DIRECTION('',(0.,0.,-1.));
#9349=DIRECTION('',(-1.,0.,0.));
#9350=DIRECTION('',(0.,0.,1.));
#9351=DIRECTION('',(1.,0.,0.));
#9352=DIRECTION('',(0.,0.,-1.));
#9353=DIRECTION('',(-1.,0.,0.));
#9354=DIRECTION('',(0.,0.,-1.));
#9355=DIRECTION('',(-1.,0.,0.));
#9356=DIRECTION('',(0.,0.,-1.));
#9357=DIRECTION('',(-1.,0.,0.));
#9358=DIRECTION('',(0.,0.,-1.));
#9359=DIRECTION('',(-1.,0.,0.));
#9360=DIRECTION('',(0.,0.,-1.));
#9361=DIRECTION('',(-1.,0.,0.));
#9362=DIRECTION('',(0.,0.,1.));
#9363=DIRECTION('',(1.,0.,0.));
#9364=DIRECTION('',(0.,0.,-1.));
#9365=DIRECTION('',(-1.,0.,0.));
#9366=DIRECTION('',(0.,0.,-1.));
#9367=DIRECTION('',(-1.,0.,0.));
#9368=DIRECTION('',(0.,0.,-1.));
#9369=DIRECTION('',(-1.,0.,0.));
#9370=DIRECTION('',(0.,0.,-1.));
#9371=DIRECTION('',(-1.,0.,0.));
#9372=DIRECTION('',(0.,0.,-1.));
#9373=DIRECTION('',(-1.,0.,0.));
#9374=DIRECTION('',(0.,0.,1.));
#9375=DIRECTION('',(1.,0.,0.));
#9376=DIRECTION('',(0.,0.,-1.));
#9377=DIRECTION('',(-1.,0.,0.));
#9378=DIRECTION('',(0.,0.,-1.));
#9379=DIRECTION('',(-1.,0.,0.));
#9380=DIRECTION('',(0.,0.,-1.));
#9381=DIRECTION('',(-1.,0.,0.));
#9382=DIRECTION('',(0.,0.,-1.));
#9383=DIRECTION('',(-1.,0.,0.));
#9384=DIRECTION('',(0.,0.,-1.));
#9385=DIRECTION('',(-1.,0.,0.));
#9386=DIRECTION('',(0.,0.,1.));
#9387=DIRECTION('',(1.,0.,0.));
#9388=DIRECTION('',(0.,0.,-1.));
#9389=DIRECTION('',(-1.,0.,0.));
#9390=DIRECTION('',(0.,0.,-1.));
#9391=DIRECTION('',(-1.,0.,0.));
#9392=DIRECTION('',(0.,0.,-1.));
#9393=DIRECTION('',(-1.,0.,0.));
#9394=DIRECTION('',(0.,0.,-1.));
#9395=DIRECTION('',(-1.,0.,0.));
#9396=DIRECTION('',(0.,0.,-1.));
#9397=DIRECTION('',(-1.,0.,0.));
#9398=DIRECTION('',(0.,0.,1.));
#9399=DIRECTION('',(1.,0.,0.));
#9400=DIRECTION('',(0.,0.,-1.));
#9401=DIRECTION('',(-1.,0.,0.));
#9402=DIRECTION('',(0.,0.,-1.));
#9403=DIRECTION('',(-1.,0.,0.));
#9404=DIRECTION('',(0.,0.,-1.));
#9405=DIRECTION('',(-1.,0.,0.));
#9406=DIRECTION('',(0.,0.,-1.));
#9407=DIRECTION('',(-1.,0.,0.));
#9408=DIRECTION('',(0.,0.,-1.));
#9409=DIRECTION('',(-1.,0.,0.));
#9410=DIRECTION('',(0.,0.,1.));
#9411=DIRECTION('',(1.,0.,0.));
#9412=DIRECTION('',(0.,0.,-1.));
#9413=DIRECTION('',(-1.,0.,0.));
#9414=DIRECTION('',(0.,0.,-1.));
#9415=DIRECTION('',(-1.,0.,0.));
#9416=DIRECTION('',(0.,0.,-1.));
#9417=DIRECTION('',(-1.,0.,0.));
#9418=DIRECTION('',(0.,0.,-1.));
#9419=DIRECTION('',(-1.,0.,0.));
#9420=DIRECTION('',(0.,0.,-1.));
#9421=DIRECTION('',(-1.,0.,0.));
#9422=DIRECTION('',(0.,0.,1.));
#9423=DIRECTION('',(1.,0.,0.));
#9424=DIRECTION('',(0.,0.,-1.));
#9425=DIRECTION('',(-1.,0.,0.));
#9426=DIRECTION('',(0.,0.,-1.));
#9427=DIRECTION('',(-1.,0.,0.));
#9428=DIRECTION('',(0.,0.,-1.));
#9429=DIRECTION('',(-1.,0.,0.));
#9430=DIRECTION('',(0.,0.,-1.));
#9431=DIRECTION('',(-1.,0.,0.));
#9432=DIRECTION('',(0.,0.,-1.));
#9433=DIRECTION('',(-1.,0.,0.));
#9434=DIRECTION('',(0.,0.,1.));
#9435=DIRECTION('',(1.,0.,0.));
#9436=DIRECTION('',(0.,0.,-1.));
#9437=DIRECTION('',(-1.,0.,0.));
#9438=DIRECTION('',(0.,0.,-1.));
#9439=DIRECTION('',(-1.,0.,0.));
#9440=DIRECTION('',(0.,0.,-1.));
#9441=DIRECTION('',(-1.,0.,0.));
#9442=DIRECTION('',(0.,0.,-1.));
#9443=DIRECTION('',(-1.,0.,0.));
#9444=DIRECTION('',(0.,0.,-1.));
#9445=DIRECTION('',(-1.,0.,0.));
#9446=DIRECTION('',(0.,0.,1.));
#9447=DIRECTION('',(1.,0.,0.));
#9448=DIRECTION('',(0.,0.,-1.));
#9449=DIRECTION('',(-1.,0.,0.));
#9450=DIRECTION('',(0.,0.,-1.));
#9451=DIRECTION('',(-1.,0.,0.));
#9452=DIRECTION('',(0.,0.,-1.));
#9453=DIRECTION('',(-1.,0.,0.));
#9454=DIRECTION('',(0.,0.,-1.));
#9455=DIRECTION('',(-1.,0.,0.));
#9456=DIRECTION('',(0.,0.,-1.));
#9457=DIRECTION('',(-1.,0.,0.));
#9458=DIRECTION('',(0.,0.,1.));
#9459=DIRECTION('',(1.,0.,0.));
#9460=DIRECTION('',(0.,0.,-1.));
#9461=DIRECTION('',(-1.,0.,0.));
#9462=DIRECTION('',(0.,0.,-1.));
#9463=DIRECTION('',(-1.,0.,0.));
#9464=DIRECTION('',(0.,0.,-1.));
#9465=DIRECTION('',(-1.,0.,0.));
#9466=DIRECTION('',(0.,0.,-1.));
#9467=DIRECTION('',(-1.,0.,0.));
#9468=DIRECTION('',(0.,0.,-1.));
#9469=DIRECTION('',(-1.,0.,0.));
#9470=DIRECTION('',(0.,0.,1.));
#9471=DIRECTION('',(1.,0.,0.));
#9472=DIRECTION('',(0.,0.,-1.));
#9473=DIRECTION('',(-1.,0.,0.));
#9474=DIRECTION('',(0.,0.,-1.));
#9475=DIRECTION('',(-1.,0.,0.));
#9476=DIRECTION('',(0.,0.,-1.));
#9477=DIRECTION('',(-1.,0.,0.));
#9478=DIRECTION('',(0.,0.,-1.));
#9479=DIRECTION('',(-1.,0.,0.));
#9480=DIRECTION('',(0.,0.,-1.));
#9481=DIRECTION('',(-1.,0.,0.));
#9482=DIRECTION('',(0.,0.,1.));
#9483=DIRECTION('',(1.,0.,0.));
#9484=DIRECTION('',(0.,0.,-1.));
#9485=DIRECTION('',(-1.,0.,0.));
#9486=DIRECTION('',(0.,0.,-1.));
#9487=DIRECTION('',(-1.,0.,0.));
#9488=DIRECTION('',(0.,0.,-1.));
#9489=DIRECTION('',(-1.,0.,0.));
#9490=DIRECTION('',(0.,0.,1.));
#9491=DIRECTION('',(1.,0.,0.));
#9492=DIRECTION('',(0.,0.,-1.));
#9493=DIRECTION('',(-1.,0.,0.));
#9494=DIRECTION('',(0.,0.,-1.));
#9495=DIRECTION('',(-1.,0.,0.));
#9496=DIRECTION('',(0.,0.,-1.));
#9497=DIRECTION('',(-1.,0.,0.));
#9498=DIRECTION('',(0.931528249281138,0.363668971444112,0.));
#9499=DIRECTION('',(0.,0.,-1.));
#9500=DIRECTION('',(-1.,0.,0.));
#9501=DIRECTION('',(-0.624892642498302,0.780710692479288,0.));
#9502=DIRECTION('',(0.,0.,-1.));
#9503=DIRECTION('',(-1.,0.,0.));
#9504=DIRECTION('',(-0.363668971444116,0.931528249281137,0.));
#9505=DIRECTION('',(0.,0.,-1.));
#9506=DIRECTION('',(-1.,0.,0.));
#9507=DIRECTION('',(-0.780710692479293,-0.624892642498295,0.));
#9508=DIRECTION('',(0.,0.,-1.));
#9509=DIRECTION('',(-1.,0.,0.));
#9510=DIRECTION('',(-0.931528249281136,-0.363668971444118,0.));
#9511=DIRECTION('',(0.,0.,-1.));
#9512=DIRECTION('',(-1.,0.,0.));
#9513=DIRECTION('',(0.62489264249829,-0.780710692479298,0.));
#9514=DIRECTION('',(0.,0.,-1.));
#9515=DIRECTION('',(-1.,0.,0.));
#9516=DIRECTION('',(0.363668971444128,-0.931528249281132,0.));
#9517=DIRECTION('',(0.,0.,-1.));
#9518=DIRECTION('',(-1.,0.,0.));
#9519=DIRECTION('',(0.780710692479292,0.624892642498298,0.));
#9520=DIRECTION('',(0.,0.,-1.));
#9521=DIRECTION('',(-1.,0.,0.));
#9522=DIRECTION('',(-1.,0.,0.));
#9523=DIRECTION('',(0.,0.,1.));
#9524=DIRECTION('',(0.,-1.,0.));
#9525=DIRECTION('',(0.,0.,-1.));
#9526=DIRECTION('',(0.,-1.,0.));
#9527=DIRECTION('',(0.,0.,1.));
#9528=DIRECTION('',(0.,-1.,0.));
#9529=DIRECTION('',(0.,0.,-1.));
#9530=DIRECTION('',(0.,-1.,0.));
#9531=DIRECTION('',(0.,0.,1.));
#9532=DIRECTION('',(0.,-1.,0.));
#9533=DIRECTION('',(0.,0.,-1.));
#9534=DIRECTION('',(0.,1.,0.));
#9535=DIRECTION('',(0.,0.,1.));
#9536=DIRECTION('',(0.,-1.,0.));
#9537=DIRECTION('',(0.,0.,-1.));
#9538=DIRECTION('',(-1.,0.,0.));
#9539=DIRECTION('',(0.,0.,-1.));
#9540=DIRECTION('',(1.,0.,0.));
#9541=DIRECTION('',(0.,0.,1.));
#9542=DIRECTION('',(0.,-1.,0.));
#9543=DIRECTION('',(0.,0.,-1.));
#9544=DIRECTION('',(-1.,0.,0.));
#9545=DIRECTION('',(0.,0.,1.));
#9546=DIRECTION('',(1.,0.,0.));
#9547=DIRECTION('',(0.,0.,-1.));
#9548=DIRECTION('',(0.480867573939731,0.540103186798608,-0.690691627242799));
#9549=DIRECTION('',(0.,0.787747441409178,0.615998351096246));
#9550=DIRECTION('',(-0.715705143006435,0.696844036118174,0.0466319375607768));
#9551=DIRECTION('',(0.536561789756813,0.505886966653064,0.675410854771766));
#9552=DIRECTION('',(0.7829944685978,0.,-0.622028666658739));
#9553=DIRECTION('',(0.480867573939722,0.54010318679858,-0.690691627242827));
#9554=DIRECTION('',(0.,0.787747441409206,0.61599835109621));
#9555=DIRECTION('',(-0.715705143006425,0.696844036118184,0.0466319375607708));
#9556=DIRECTION('',(0.536561789756805,0.505886966653045,0.675410854771786));
#9557=DIRECTION('',(0.782994468597814,0.,-0.622028666658722));
#9558=DIRECTION('',(-0.210872009149552,0.70645193378309,-0.675617244459734));
#9559=DIRECTION('',(0.,0.691158863419767,0.722702861151314));
#9560=DIRECTION('',(-0.968300045638553,-0.245633283104668,0.0453796413339631));
#9561=DIRECTION('',(-0.147280451643443,0.708158468818038,0.690521579391256));
#9562=DIRECTION('',(0.,-0.698134899444717,0.715966243741501));
#9563=DIRECTION('',(-0.210872009149538,0.706451933783086,-0.675617244459742));
#9564=DIRECTION('',(0.,0.691158863419773,0.722702861151309));
#9565=DIRECTION('',(-0.968300045638555,-0.245633283104659,0.0453796413339523));
#9566=DIRECTION('',(-0.147280451643443,0.708158468818035,0.690521579391259));
#9567=DIRECTION('',(0.,-0.698134899444721,0.715966243741498));
#9568=DIRECTION('',(-0.540103186798605,0.480867573939712,-0.690691627242815));
#9569=DIRECTION('',(-0.787747441409187,0.,0.615998351096234));
#9570=DIRECTION('',(-0.696844036118172,-0.715705143006436,0.0466319375607898));
#9571=DIRECTION('',(-0.505886966653046,0.536561789756808,0.675410854771783));
#9572=DIRECTION('',(0.,-0.782994468597811,0.622028666658725));
#9573=DIRECTION('',(-0.540103186798597,0.480867573939734,-0.690691627242805));
#9574=DIRECTION('',(-0.787747441409187,0.,0.615998351096235));
#9575=DIRECTION('',(-0.696844036118194,-0.715705143006414,0.0466319375607916));
#9576=DIRECTION('',(-0.505886966653016,0.536561789756813,0.675410854771802));
#9577=DIRECTION('',(0.,-0.782994468597816,0.622028666658718));
#9578=DIRECTION('',(-0.706451933783097,-0.210872009149542,-0.67561724445973));
#9579=DIRECTION('',(-0.691158863419761,0.,0.72270286115132));
#9580=DIRECTION('',(0.245633283104674,-0.968300045638552,0.0453796413339396));
#9581=DIRECTION('',(-0.708158468818026,-0.147280451643461,0.690521579391265));
#9582=DIRECTION('',(0.698134899444729,0.,0.71596624374149));
#9583=DIRECTION('',(-0.706451933783083,-0.21087200914952,-0.675617244459751));
#9584=DIRECTION('',(-0.691158863419779,0.,0.722702861151303));
#9585=DIRECTION('',(0.245633283104649,-0.968300045638559,0.0453796413339394));
#9586=DIRECTION('',(-0.708158468818031,-0.147280451643443,0.690521579391263));
#9587=DIRECTION('',(0.698134899444725,0.,0.715966243741494));
#9588=DIRECTION('',(-0.480867573939725,-0.540103186798606,-0.690691627242805));
#9589=DIRECTION('',(0.,0.787747441409182,-0.615998351096241));
#9590=DIRECTION('',(0.715705143006441,-0.696844036118168,0.0466319375607719));
#9591=DIRECTION('',(-0.53656178975679,-0.505886966653051,0.675410854771794));
#9592=DIRECTION('',(0.782994468597826,0.,0.622028666658706));
#9593=DIRECTION('',(-0.48086757393971,-0.540103186798607,-0.690691627242814));
#9594=DIRECTION('',(0.,0.787747441409186,-0.615998351096236));
#9595=DIRECTION('',(0.715705143006437,-0.69684403611817,0.0466319375607909));
#9596=DIRECTION('',(-0.536561789756797,-0.505886966653035,0.6754108547718));
#9597=DIRECTION('',(0.782994468597825,0.,0.622028666658708));
#9598=DIRECTION('',(0.210872009149543,-0.706451933783087,-0.67561724445974));
#9599=DIRECTION('',(0.,0.691158863419772,-0.72270286115131));
#9600=DIRECTION('',(0.968300045638555,0.24563328310466,0.0453796413339589));
#9601=DIRECTION('',(0.147280451643441,-0.708158468818044,0.690521579391251));
#9602=DIRECTION('',(0.,-0.698134899444712,-0.715966243741506));
#9603=DIRECTION('',(0.210872009149539,-0.70645193378309,-0.675617244459738));
#9604=DIRECTION('',(0.,0.691158863419769,-0.722702861151313));
#9605=DIRECTION('',(0.968300045638553,0.245633283104671,0.0453796413339402));
#9606=DIRECTION('',(0.147280451643457,-0.708158468818023,0.690521579391269));
#9607=DIRECTION('',(0.,-0.698134899444732,-0.715966243741487));
#9608=DIRECTION('',(0.540103186798587,-0.480867573939707,-0.690691627242832));
#9609=DIRECTION('',(-0.787747441409204,0.,-0.615998351096213));
#9610=DIRECTION('',(0.696844036118187,0.71570514300642,0.0466319375607986));
#9611=DIRECTION('',(0.505886966653025,-0.536561789756818,0.675410854771791));
#9612=DIRECTION('',(0.,-0.782994468597809,-0.622028666658728));
#9613=DIRECTION('',(0.540103186798591,-0.480867573939713,-0.690691627242824));
#9614=DIRECTION('',(-0.787747441409198,0.,-0.61599835109622));
#9615=DIRECTION('',(0.696844036118175,0.715705143006433,0.0466319375607795));
#9616=DIRECTION('',(0.505886966653047,-0.536561789756804,0.675410854771785));
#9617=DIRECTION('',(0.,-0.782994468597814,-0.622028666658721));
#9618=DIRECTION('',(0.706451933783095,0.210872009149535,-0.675617244459734));
#9619=DIRECTION('',(-0.691158863419764,0.,-0.722702861151317));
#9620=DIRECTION('',(-0.245633283104664,0.968300045638555,0.0453796413339409));
#9621=DIRECTION('',(0.708158468818046,0.147280451643458,0.690521579391245));
#9622=DIRECTION('',(0.698134899444708,0.,-0.71596624374151));
#9623=DIRECTION('',(0.70645193378309,0.210872009149552,-0.675617244459733));
#9624=DIRECTION('',(-0.691158863419766,0.,-0.722702861151315));
#9625=DIRECTION('',(-0.245633283104689,0.968300045638548,0.0453796413339391));
#9626=DIRECTION('',(0.708158468818037,0.147280451643476,0.69052157939125));
#9627=DIRECTION('',(0.698134899444715,0.,-0.715966243741503));
#9628=DIRECTION('',(0.540103186798588,-0.480867573939726,-0.690691627242818));
#9629=DIRECTION('',(-0.787747441409197,0.,-0.615998351096221));
#9630=DIRECTION('',(0.696844036118179,0.71570514300643,0.0466319375607675));
#9631=DIRECTION('',(0.505886966653054,-0.536561789756803,0.675410854771782));
#9632=DIRECTION('',(0.,-0.782994468597813,-0.622028666658722));
#9633=DIRECTION('',(0.706451933783087,0.210872009149547,-0.675617244459739));
#9634=DIRECTION('',(-0.691158863419771,0.,-0.72270286115131));
#9635=DIRECTION('',(-0.245633283104678,0.968300045638551,0.0453796413339452));
#9636=DIRECTION('',(0.708158468818042,0.147280451643465,0.690521579391248));
#9637=DIRECTION('',(0.698134899444712,0.,-0.715966243741507));
#9638=DIRECTION('',(-0.480867573939719,-0.540103186798601,-0.690691627242813));
#9639=DIRECTION('',(0.,0.787747441409188,-0.615998351096233));
#9640=DIRECTION('',(0.715705143006433,-0.696844036118175,0.0466319375607823));
#9641=DIRECTION('',(-0.536561789756807,-0.505886966653049,0.675410854771781));
#9642=DIRECTION('',(0.78299446859781,0.,0.622028666658726));
#9643=DIRECTION('',(0.210872009149555,-0.706451933783113,-0.675617244459709));
#9644=DIRECTION('',(0.,0.691158863419742,-0.722702861151338));
#9645=DIRECTION('',(0.96830004563855,0.245633283104682,0.0453796413339444));
#9646=DIRECTION('',(0.147280451643459,-0.708158468818012,0.69052157939128));
#9647=DIRECTION('',(0.,-0.698134899444743,-0.715966243741476));
#9648=DIRECTION('',(-0.540103186798586,0.480867573939719,-0.690691627242824));
#9649=DIRECTION('',(-0.787747441409201,0.,0.615998351096216));
#9650=DIRECTION('',(-0.696844036118177,-0.715705143006432,0.04663193756077));
#9651=DIRECTION('',(-0.505886966653052,0.536561789756801,0.675410854771784));
#9652=DIRECTION('',(0.,-0.782994468597816,0.62202866665872));
#9653=DIRECTION('',(-0.706451933783079,-0.210872009149542,-0.675617244459749));
#9654=DIRECTION('',(-0.69115886341978,0.,0.722702861151302));
#9655=DIRECTION('',(0.245633283104669,-0.968300045638553,0.0453796413339495));
#9656=DIRECTION('',(-0.708158468818053,-0.147280451643458,0.690521579391238));
#9657=DIRECTION('',(0.698134899444701,0.,0.715966243741517));
#9658=DIRECTION('',(0.540103186798603,-0.480867573939722,-0.690691627242809));
#9659=DIRECTION('',(-0.787747441409185,0.,-0.615998351096236));
#9660=DIRECTION('',(0.696844036118184,0.715705143006424,0.0466319375607952));
#9661=DIRECTION('',(0.505886966653028,-0.536561789756813,0.675410854771793));
#9662=DIRECTION('',(0.,-0.782994468597813,-0.622028666658723));
#9663=DIRECTION('',(0.706451933783092,0.210872009149545,-0.675617244459734));
#9664=DIRECTION('',(-0.691158863419766,0.,-0.722702861151316));
#9665=DIRECTION('',(-0.245633283104682,0.96830004563855,0.0453796413339358));
#9666=DIRECTION('',(0.708158468818046,0.147280451643476,0.690521579391242));
#9667=DIRECTION('',(0.698134899444706,0.,-0.715966243741512));
#9668=DIRECTION('',(-0.48086757393972,-0.540103186798594,-0.690691627242817));
#9669=DIRECTION('',(0.,0.787747441409194,-0.615998351096225));
#9670=DIRECTION('',(0.715705143006433,-0.696844036118175,0.0466319375607744));
#9671=DIRECTION('',(-0.536561789756789,-0.505886966653036,0.675410854771806));
#9672=DIRECTION('',(0.782994468597832,0.,0.622028666658699));
#9673=DIRECTION('',(0.210872009149536,-0.70645193378311,-0.675617244459718));
#9674=DIRECTION('',(0.,0.691158863419748,-0.722702861151333));
#9675=DIRECTION('',(0.968300045638555,0.245633283104664,0.0453796413339377));
#9676=DIRECTION('',(0.147280451643459,-0.708158468818041,0.69052157939125));
#9677=DIRECTION('',(0.,-0.698134899444713,-0.715966243741505));
#9678=DIRECTION('',(0.480867573939726,0.540103186798586,-0.690691627242819));
#9679=DIRECTION('',(0.,0.787747441409199,0.615998351096219));
#9680=DIRECTION('',(-0.715705143006435,0.696844036118174,0.0466319375607586));
#9681=DIRECTION('',(0.536561789756794,0.505886966653059,0.675410854771785));
#9682=DIRECTION('',(0.78299446859782,0.,-0.622028666658714));
#9683=DIRECTION('',(-0.210872009149534,0.706451933783093,-0.675617244459737));
#9684=DIRECTION('',(0.,0.691158863419767,0.722702861151314));
#9685=DIRECTION('',(-0.968300045638556,-0.245633283104659,0.0453796413339451));
#9686=DIRECTION('',(-0.147280451643458,0.708158468818068,0.690521579391222));
#9687=DIRECTION('',(0.,-0.698134899444685,0.715966243741533));
#9688=DIRECTION('',(0.54010318679859,-0.48086757393972,-0.690691627242821));
#9689=DIRECTION('',(-0.787747441409198,0.,-0.615998351096221));
#9690=DIRECTION('',(0.69684403611818,0.715705143006428,0.0466319375607784));
#9691=DIRECTION('',(0.505886966653044,-0.536561789756806,0.675410854771786));
#9692=DIRECTION('',(0.,-0.782994468597813,-0.622028666658722));
#9693=DIRECTION('',(0.706451933783092,0.21087200914955,-0.675617244459732));
#9694=DIRECTION('',(-0.691158863419765,0.,-0.722702861151316));
#9695=DIRECTION('',(-0.245633283104672,0.968300045638552,0.0453796413339549));
#9696=DIRECTION('',(0.708158468818037,0.147280451643452,0.690521579391255));
#9697=DIRECTION('',(0.698134899444717,0.,-0.715966243741501));
#9698=DIRECTION('',(-0.540103186798599,0.480867573939717,-0.690691627242816));
#9699=DIRECTION('',(-0.787747441409191,0.,0.61599835109623));
#9700=DIRECTION('',(-0.696844036118169,-0.715705143006439,0.0466319375607743));
#9701=DIRECTION('',(-0.505886966653062,0.536561789756804,0.675410854771775));
#9702=DIRECTION('',(0.,-0.78299446859781,0.622028666658727));
#9703=DIRECTION('',(-0.706451933783077,-0.21087200914955,-0.675617244459748));
#9704=DIRECTION('',(-0.691158863419781,0.,0.722702861151301));
#9705=DIRECTION('',(0.24563328310469,-0.968300045638548,0.0453796413339386));
#9706=DIRECTION('',(-0.708158468818043,-0.147280451643479,0.690521579391244));
#9707=DIRECTION('',(0.698134899444709,0.,0.715966243741509));
#9708=DIRECTION('',(0.480867573939724,0.540103186798584,-0.690691627242822));
#9709=DIRECTION('',(0.,0.787747441409201,0.615998351096216));
#9710=DIRECTION('',(-0.715705143006421,0.696844036118188,0.0466319375607787));
#9711=DIRECTION('',(0.536561789756793,0.505886966653017,0.675410854771817));
#9712=DIRECTION('',(0.782994468597834,0.,-0.622028666658696));
#9713=DIRECTION('',(-0.210872009149528,0.706451933783095,-0.675617244459737));
#9714=DIRECTION('',(0.,0.691158863419766,0.722702861151315));
#9715=DIRECTION('',(-0.968300045638554,-0.245633283104669,0.0453796413339251));
#9716=DIRECTION('',(-0.147280451643475,0.708158468818053,0.690521579391234));
#9717=DIRECTION('',(0.,-0.698134899444698,0.71596624374152));
#9718=DIRECTION('',(-0.480867573939747,-0.540103186798606,-0.690691627242789));
#9719=DIRECTION('',(0.,0.787747441409175,-0.61599835109625));
#9720=DIRECTION('',(0.715705143006428,-0.696844036118182,0.0466319375607704));
#9721=DIRECTION('',(-0.536561789756801,-0.505886966653044,0.67541085477179));
#9722=DIRECTION('',(0.782994468597818,0.,0.622028666658716));
#9723=DIRECTION('',(0.210872009149556,-0.706451933783083,-0.67561724445974));
#9724=DIRECTION('',(0.,0.691158863419773,-0.722702861151308));
#9725=DIRECTION('',(0.968300045638552,0.245633283104668,0.0453796413339691));
#9726=DIRECTION('',(0.147280451643446,-0.708158468818063,0.69052157939123));
#9727=DIRECTION('',(0.,-0.698134899444691,-0.715966243741526));
#9728=DIRECTION('',(-0.540103186798606,0.48086757393974,-0.690691627242794));
#9729=DIRECTION('',(-0.787747441409177,0.,0.615998351096247));
#9730=DIRECTION('',(-0.696844036118184,-0.715705143006424,0.0466319375607812));
#9731=DIRECTION('',(-0.505886966653034,0.536561789756806,0.675410854771794));
#9732=DIRECTION('',(0.,-0.782994468597817,0.622028666658717));
#9733=DIRECTION('',(-0.706451933783099,-0.210872009149545,-0.675617244459727));
#9734=DIRECTION('',(-0.691158863419759,0.,0.722702861151322));
#9735=DIRECTION('',(0.245633283104674,-0.968300045638552,0.0453796413339433));
#9736=DIRECTION('',(-0.708158468818026,-0.147280451643458,0.690521579391266));
#9737=DIRECTION('',(0.698134899444729,0.,0.71596624374149));
#9738=DIRECTION('',(0.480867573939717,0.54010318679861,-0.690691627242807));
#9739=DIRECTION('',(0.,0.78774744140918,0.615998351096243));
#9740=DIRECTION('',(-0.715705143006435,0.696844036118173,0.0466319375607916));
#9741=DIRECTION('',(0.536561789756806,0.505886966653041,0.675410854771788));
#9742=DIRECTION('',(0.782994468597814,0.,-0.622028666658721));
#9743=DIRECTION('',(-0.210872009149536,0.706451933783102,-0.675617244459727));
#9744=DIRECTION('',(0.,0.691158863419757,0.722702861151324));
#9745=DIRECTION('',(-0.968300045638554,-0.245633283104667,0.0453796413339375));
#9746=DIRECTION('',(-0.147280451643459,0.708158468818036,0.690521579391256));
#9747=DIRECTION('',(0.,-0.698134899444718,0.7159662437415));
#9748=DIRECTION('',(0.,0.,1.));
#9749=DIRECTION('',(1.,0.,0.));
#9750=DIRECTION('',(0.,0.,1.));
#9751=DIRECTION('',(0.,0.,-1.));
#9752=DIRECTION('',(-1.,0.,0.));
#9753=DIRECTION('',(0.,0.,1.));
#9754=DIRECTION('',(0.,0.,-1.));
#9755=DIRECTION('',(1.,0.,0.));
#9756=DIRECTION('',(0.,1.,0.));
#9757=DIRECTION('',(0.,0.,1.));
#9758=DIRECTION('',(-1.,0.,0.));
#9759=DIRECTION('',(0.,0.,-1.));
#9760=DIRECTION('',(-1.,0.,0.));
#9761=DIRECTION('',(0.,1.,0.));
#9762=DIRECTION('',(0.,0.,1.));
#9763=DIRECTION('',(0.,0.,1.));
#9764=DIRECTION('',(1.,0.,0.));
#9765=DIRECTION('',(-1.,0.,0.));
#9766=DIRECTION('',(0.,0.,1.));
#9767=DIRECTION('',(1.,0.,0.));
#9768=DIRECTION('',(0.,0.,1.));
#9769=DIRECTION('',(1.,0.,0.));
#9770=DIRECTION('',(0.,-1.,0.));
#9771=DIRECTION('',(0.,-1.,0.));
#9772=DIRECTION('',(0.,0.,-1.));
#9773=DIRECTION('',(0.,0.,1.));
#9774=DIRECTION('',(-1.,0.,0.));
#9775=DIRECTION('',(0.,0.,1.));
#9776=DIRECTION('',(1.,0.,0.));
#9777=DIRECTION('',(0.,0.,1.));
#9778=DIRECTION('',(1.,0.,0.));
#9779=DIRECTION('',(0.,0.,-1.));
#9780=DIRECTION('',(-1.,0.,0.));
#9781=DIRECTION('',(0.,0.,1.));
#9782=DIRECTION('',(0.,0.,1.));
#9783=DIRECTION('',(1.,0.,0.));
#9784=DIRECTION('',(0.,-1.,0.));
#9785=DIRECTION('',(0.,0.,-1.));
#9786=DIRECTION('',(1.,0.,0.));
#9787=DIRECTION('',(0.,0.,-1.));
#9788=DIRECTION('',(1.,0.,0.));
#9789=DIRECTION('',(0.,0.,1.));
#9790=DIRECTION('',(1.,0.,0.));
#9791=DIRECTION('',(0.,0.,1.));
#9792=DIRECTION('',(1.,0.,0.));
#9793=DIRECTION('',(0.,1.,0.));
#9794=DIRECTION('',(0.,-1.,0.));
#9795=DIRECTION('',(0.,0.,-1.));
#9796=DIRECTION('',(0.,0.,1.));
#9797=DIRECTION('',(-1.,0.,0.));
#9798=DIRECTION('',(0.,0.,1.));
#9799=DIRECTION('',(1.,0.,0.));
#9800=DIRECTION('',(0.,0.,1.));
#9801=DIRECTION('',(1.,0.,0.));
#9802=DIRECTION('',(0.,0.,-1.));
#9803=DIRECTION('',(-1.,0.,0.));
#9804=DIRECTION('',(0.,0.,1.));
#9805=DIRECTION('',(0.,0.,-1.));
#9806=DIRECTION('',(1.,0.,0.));
#9807=DIRECTION('',(0.,-1.,0.));
#9808=DIRECTION('',(0.,0.,-1.));
#9809=DIRECTION('',(1.,0.,0.));
#9810=DIRECTION('',(0.,0.,-1.));
#9811=DIRECTION('',(1.,0.,0.));
#9812=DIRECTION('',(0.,0.,1.));
#9813=DIRECTION('',(1.,0.,0.));
#9814=DIRECTION('',(0.,0.,1.));
#9815=DIRECTION('',(1.,0.,0.));
#9816=DIRECTION('',(0.,1.,0.));
#9817=DIRECTION('',(0.,1.,0.));
#9818=DIRECTION('',(0.,0.,1.));
#9819=DIRECTION('',(0.,0.,1.));
#9820=DIRECTION('',(1.,0.,0.));
#9821=DIRECTION('',(0.,0.,1.));
#9822=DIRECTION('',(-1.,0.,0.));
#9823=DIRECTION('',(0.,0.,1.));
#9824=DIRECTION('',(1.,0.,0.));
#9825=DIRECTION('',(0.,0.,-1.));
#9826=DIRECTION('',(-1.,0.,0.));
#9827=DIRECTION('',(0.,0.,1.));
#9828=DIRECTION('',(0.,0.,1.));
#9829=DIRECTION('',(1.,0.,0.));
#9830=DIRECTION('',(0.,1.,0.));
#9831=DIRECTION('',(0.,0.,1.));
#9832=DIRECTION('',(-1.,0.,0.));
#9833=DIRECTION('',(0.,0.,-1.));
#9834=DIRECTION('',(-1.,0.,0.));
#9835=DIRECTION('',(0.,0.,1.));
#9836=DIRECTION('',(1.,0.,0.));
#9837=DIRECTION('',(0.,0.,1.));
#9838=DIRECTION('',(1.,0.,0.));
#9839=DIRECTION('',(0.,-1.,0.));
#9840=DIRECTION('',(0.,0.,-1.));
#9841=DIRECTION('',(-1.,0.,0.));
#9842=DIRECTION('',(-1.,0.,0.));
#9843=DIRECTION('',(0.,0.,1.));
#9844=DIRECTION('',(0.,0.,-1.));
#9845=DIRECTION('',(0.,0.,-1.));
#9846=DIRECTION('',(0.,0.819152044288993,0.573576436351045));
#9847=DIRECTION('',(0.,0.819152044288993,0.573576436351045));
#9848=DIRECTION('',(0.,1.,0.));
#9849=DIRECTION('',(-0.310627132163864,0.950531843108716,0.));
#9850=DIRECTION('',(-0.950531843108716,-0.310627132163864,0.));
#9851=DIRECTION('',(0.950531843108716,0.310627132163864,0.));
#9852=DIRECTION('',(0.310627132163864,-0.950531843108716,0.));
#9853=DIRECTION('',(0.950531843108716,0.310627132163864,0.));
#9854=DIRECTION('',(0.,0.,-1.));
#9855=DIRECTION('',(-0.950531843108716,-0.310627132163864,0.));
#9856=DIRECTION('',(-0.950531843108716,-0.310627132163864,0.));
#9857=DIRECTION('',(0.,0.,1.));
#9858=DIRECTION('',(1.,0.,0.));
#9859=DIRECTION('',(-0.950531843108716,-0.310627132163864,0.));
#9860=DIRECTION('',(0.,-1.,0.));
#9861=DIRECTION('',(0.,0.,1.));
#9862=DIRECTION('',(1.,0.,0.));
#9863=DIRECTION('',(0.,0.,1.));
#9864=DIRECTION('',(1.,0.,0.));
#9865=DIRECTION('',(0.,0.,-1.));
#9866=DIRECTION('',(-1.,0.,0.));
#9867=DIRECTION('',(-0.184232278693283,0.563758375537089,-0.805130400307468));
#9868=DIRECTION('',(0.,0.819152044288993,0.573576436351045));
#9869=DIRECTION('',(0.,0.819152044288993,0.573576436351045));
#9870=DIRECTION('',(-1.,0.,0.));
#9871=DIRECTION('',(0.,0.,1.));
#9872=DIRECTION('',(0.,0.819152044288993,0.573576436351045));
#9873=DIRECTION('',(-0.184232278693283,0.563758375537089,-0.805130400307468));
#9874=DIRECTION('',(0.,0.819152044288993,0.573576436351045));
#9875=DIRECTION('',(-0.743144825477395,0.669130606358857,0.));
#9876=DIRECTION('',(-0.669130606358857,-0.743144825477395,0.));
#9877=DIRECTION('',(0.669130606358857,0.743144825477395,0.));
#9878=DIRECTION('',(0.,0.,-1.));
#9879=DIRECTION('',(-0.681998360062499,0.73135370161917,0.));
#9880=DIRECTION('',(-0.73135370161917,-0.681998360062499,0.));
#9881=DIRECTION('',(0.,0.,-1.));
#9882=DIRECTION('',(0.73135370161917,0.681998360062499,0.));
#9883=DIRECTION('',(0.,0.,-1.));
#9884=DIRECTION('',(-1.,0.,0.));
#9885=DIRECTION('',(0.,0.,1.));
#9886=DIRECTION('',(1.,0.,0.));
#9887=DIRECTION('',(0.,0.,1.));
#9888=DIRECTION('',(1.,0.,0.));
#9889=DIRECTION('',(0.,0.,1.));
#9890=DIRECTION('',(1.,0.,0.));
#9891=DIRECTION('',(1.,0.,0.));
#9892=DIRECTION('',(0.,1.,0.));
#9893=DIRECTION('',(0.,1.,0.));
#9894=DIRECTION('',(0.,1.85863229568943E-16,-1.));
#9895=DIRECTION('',(0.,-1.,0.));
#9896=DIRECTION('',(0.,-1.85863229568943E-16,1.));
#9897=DIRECTION('',(0.707106781186547,-0.707106781186548,-1.31425150001432E-16));
#9898=DIRECTION('',(0.,-1.85863229568943E-16,1.));
#9899=DIRECTION('',(-0.577350269189626,-0.577350269189625,0.577350269189626));
#9900=DIRECTION('',(0.577350269189626,0.577350269189625,0.577350269189626));
#9901=DIRECTION('',(-0.707106781186548,0.,0.707106781186548));
#9902=DIRECTION('',(0.,-1.,0.));
#9903=DIRECTION('',(-0.577350269189626,0.577350269189625,-0.577350269189626));
#9904=DIRECTION('',(0.707106781186548,0.,0.707106781186548));
#9905=DIRECTION('',(0.,1.,0.));
#9906=DIRECTION('',(-0.577350269189626,0.577350269189625,0.577350269189626));
#9907=DIRECTION('',(-0.707106781186547,-0.707106781186548,-1.31425150001432E-16));
#9908=DIRECTION('',(0.,1.85863229568943E-16,-1.));
#9909=DIRECTION('',(0.,0.,1.));
#9910=DIRECTION('',(1.,0.,0.));
#9911=DIRECTION('',(0.,0.,-1.));
#9912=DIRECTION('',(-1.,0.,0.));
#9913=DIRECTION('',(0.,0.,1.));
#9914=DIRECTION('',(1.,0.,0.));
#9915=DIRECTION('',(0.,0.,-1.));
#9916=DIRECTION('',(-1.,0.,0.));
#9917=DIRECTION('',(0.,0.,1.));
#9918=DIRECTION('',(1.,0.,0.));
#9919=DIRECTION('',(0.,0.,-1.));
#9920=DIRECTION('',(-1.,0.,0.));
#9921=DIRECTION('',(0.,0.,1.));
#9922=DIRECTION('',(1.,0.,0.));
#9923=DIRECTION('',(0.,0.,-1.));
#9924=DIRECTION('',(-1.,0.,0.));
#9925=DIRECTION('',(0.,0.,1.));
#9926=DIRECTION('',(1.,0.,0.));
#9927=DIRECTION('',(0.,0.,1.));
#9928=DIRECTION('',(1.,0.,0.));
#9929=DIRECTION('',(0.,0.,1.));
#9930=DIRECTION('',(1.,0.,0.));
#9931=DIRECTION('',(0.,0.,1.));
#9932=DIRECTION('',(1.,0.,0.));
#9933=DIRECTION('',(0.,0.,1.));
#9934=DIRECTION('',(1.,0.,0.));
#9935=DIRECTION('',(0.,0.,1.));
#9936=DIRECTION('',(1.,0.,0.));
#9937=DIRECTION('',(0.,0.,1.));
#9938=DIRECTION('',(1.,0.,0.));
#9939=DIRECTION('',(0.,0.,1.));
#9940=DIRECTION('',(1.,0.,0.));
#9941=DIRECTION('',(0.,0.,1.));
#9942=DIRECTION('',(1.,0.,0.));
#9943=DIRECTION('',(0.,0.,-1.));
#9944=DIRECTION('',(-1.,0.,0.));
#9945=DIRECTION('',(0.257152795815276,-0.658689941933532,-0.707106781186539));
#9946=DIRECTION('',(-0.931528249281136,-0.363668971444118,0.));
#9947=DIRECTION('',(0.552045824796961,0.441865825024124,-0.707106781186543));
#9948=DIRECTION('',(0.62489264249829,-0.780710692479298,0.));
#9949=DIRECTION('',(0.,0.,-1.));
#9950=DIRECTION('',(-1.,0.,0.));
#9951=DIRECTION('',(0.,0.,-1.));
#9952=DIRECTION('',(-1.,0.,0.));
#9953=DIRECTION('',(0.441865825024135,-0.552045824796965,-0.707106781186533));
#9954=DIRECTION('',(-0.780710692479293,-0.624892642498295,0.));
#9955=DIRECTION('',(0.658689941933528,0.257152795815282,-0.70710678118654));
#9956=DIRECTION('',(0.363668971444128,-0.931528249281132,0.));
#9957=DIRECTION('',(0.,0.,-1.));
#9958=DIRECTION('',(-1.,0.,0.));
#9959=DIRECTION('',(0.,0.,-1.));
#9960=DIRECTION('',(-1.,0.,0.));
#9961=DIRECTION('',(-0.65868994193354,-0.257152795815277,-0.707106781186531));
#9962=DIRECTION('',(-0.363668971444116,0.931528249281137,0.));
#9963=DIRECTION('',(-0.441865825024131,0.552045824796957,-0.707106781186541));
#9964=DIRECTION('',(0.780710692479292,0.624892642498298,0.));
#9965=DIRECTION('',(0.,0.,-1.));
#9966=DIRECTION('',(-1.,0.,0.));
#9967=DIRECTION('',(0.,0.,-1.));
#9968=DIRECTION('',(-1.,0.,0.));
#9969=DIRECTION('',(-0.552045824796954,-0.441865825024133,-0.707106781186543));
#9970=DIRECTION('',(-0.624892642498302,0.780710692479288,0.));
#9971=DIRECTION('',(-0.257152795815271,0.658689941933532,-0.70710678118654));
#9972=DIRECTION('',(0.931528249281138,0.363668971444112,0.));
#9973=DIRECTION('',(0.,0.,-1.));
#9974=DIRECTION('',(-1.,0.,0.));
#9975=DIRECTION('',(0.,0.,1.));
#9976=DIRECTION('',(1.,0.,0.));
#9977=DIRECTION('',(0.,0.,1.));
#9978=DIRECTION('',(1.,0.,0.));
#9979=DIRECTION('',(0.,0.,-1.));
#9980=DIRECTION('',(-1.,0.,0.));
#9981=DIRECTION('',(0.,0.,1.));
#9982=DIRECTION('',(1.,0.,0.));
#9983=DIRECTION('',(0.,0.,1.));
#9984=DIRECTION('',(1.,0.,0.));
#9985=DIRECTION('',(0.,0.,-1.));
#9986=DIRECTION('',(-1.,0.,0.));
#9987=DIRECTION('',(0.,0.,1.));
#9988=DIRECTION('',(1.,0.,0.));
#9989=DIRECTION('',(0.,0.,1.));
#9990=DIRECTION('',(1.,0.,0.));
#9991=DIRECTION('',(0.,0.,1.));
#9992=DIRECTION('',(1.,0.,0.));
#9993=DIRECTION('',(0.,0.,-1.));
#9994=DIRECTION('',(-1.,0.,0.));
#9995=DIRECTION('',(0.,0.,1.));
#9996=DIRECTION('',(1.,0.,0.));
#9997=DIRECTION('',(0.,0.,1.));
#9998=DIRECTION('',(1.,0.,0.));
#9999=DIRECTION('',(0.,0.,1.));
#10000=DIRECTION('',(1.,0.,0.));
#10001=DIRECTION('',(0.,0.,1.));
#10002=DIRECTION('',(1.,0.,0.));
#10003=DIRECTION('',(0.,0.,-1.));
#10004=DIRECTION('',(-1.,0.,0.));
#10005=DIRECTION('',(0.,0.,-1.));
#10006=DIRECTION('',(-1.,0.,0.));
#10007=DIRECTION('',(0.,0.,-1.));
#10008=DIRECTION('',(-1.,0.,0.));
#10009=DIRECTION('',(0.,0.,-1.));
#10010=DIRECTION('',(-1.,0.,0.));
#10011=DIRECTION('',(0.,0.,1.));
#10012=DIRECTION('',(1.,0.,0.));
#10013=DIRECTION('',(0.,0.,-1.));
#10014=DIRECTION('',(-1.,0.,0.));
#10015=DIRECTION('',(0.,0.,1.));
#10016=DIRECTION('',(1.,0.,0.));
#10017=DIRECTION('',(0.,0.,1.));
#10018=DIRECTION('',(1.,0.,0.));
#10019=DIRECTION('',(0.,0.,-1.));
#10020=DIRECTION('',(-1.,0.,0.));
#10021=DIRECTION('',(0.,0.,1.));
#10022=DIRECTION('',(1.,0.,0.));
#10023=DIRECTION('',(0.,0.,1.));
#10024=DIRECTION('',(1.,0.,0.));
#10025=DIRECTION('',(0.,0.,1.));
#10026=DIRECTION('',(1.,0.,0.));
#10027=DIRECTION('',(0.,0.,-1.));
#10028=DIRECTION('',(-1.,0.,0.));
#10029=DIRECTION('',(-0.70710678118655,0.,-0.707106781186545));
#10030=DIRECTION('',(0.,1.,0.));
#10031=DIRECTION('',(0.707106781186545,-2.77555756156289E-17,-0.70710678118655));
#10032=DIRECTION('',(-0.707106781186545,-2.77555756156289E-17,0.70710678118655));
#10033=DIRECTION('',(0.577350269189629,-0.577350269189624,0.577350269189625));
#10034=DIRECTION('',(0.707106781186545,0.,-0.70710678118655));
#10035=DIRECTION('',(0.707106781186545,0.707106781186551,-2.77555756156289E-17));
#10036=DIRECTION('',(1.23903709934807E-16,-0.707106781186548,-0.707106781186547));
#10037=DIRECTION('',(0.577350269189629,0.577350269189624,0.577350269189625));
#10038=DIRECTION('',(0.707106781186545,0.,-0.70710678118655));
#10039=DIRECTION('',(1.23903709934807E-16,0.707106781186548,-0.707106781186547));
#10040=DIRECTION('',(0.707106781186545,-0.707106781186551,-2.77555756156289E-17));
#10041=DIRECTION('',(0.,-0.707106781186547,0.707106781186548));
#10042=DIRECTION('',(-1.,0.,0.));
#10043=DIRECTION('',(0.,0.707106781186548,0.707106781186547));
#10044=DIRECTION('',(0.707106781186551,-0.707106781186545,0.));
#10045=DIRECTION('',(0.,0.,-1.));
#10046=DIRECTION('',(-0.577350269189623,-0.577350269189628,0.577350269189627));
#10047=DIRECTION('',(-0.707106781186551,-0.707106781186545,0.));
#10048=DIRECTION('',(0.,0.,1.));
#10049=DIRECTION('',(0.577350269189623,-0.577350269189628,-0.577350269189627));
#10050=DIRECTION('',(0.,-0.707106781186547,-0.707106781186548));
#10051=DIRECTION('',(1.,0.,0.));
#10052=DIRECTION('',(0.,0.707106781186548,-0.707106781186547));
#10053=DIRECTION('',(0.,0.,1.));
#10054=DIRECTION('',(1.,0.,0.));
#10055=DIRECTION('',(0.,-0.707106781186545,0.70710678118655));
#10056=DIRECTION('',(0.70710678118655,0.,0.707106781186545));
#10057=DIRECTION('',(0.,-1.,0.));
#10058=DIRECTION('',(0.577350269189623,-0.577350269189628,-0.577350269189627));
#10059=DIRECTION('',(0.70710678118655,0.,0.707106781186545));
#10060=DIRECTION('',(0.,-1.,0.));
#10061=DIRECTION('',(-0.577350269189623,-0.577350269189628,0.577350269189627));
#10062=DIRECTION('',(0.,0.,1.));
#10063=DIRECTION('',(1.,0.,0.));
#10064=DIRECTION('',(0.,-0.707106781186545,-0.70710678118655));
#10065=DIRECTION('',(0.,-0.707106781186547,-0.707106781186548));
#10066=DIRECTION('',(1.,0.,0.));
#10067=DIRECTION('',(1.23903709934807E-16,0.707106781186548,-0.707106781186547));
#10068=DIRECTION('',(-0.707106781186551,-0.707106781186545,0.));
#10069=DIRECTION('',(0.,0.,1.));
#10070=DIRECTION('',(0.707106781186545,-0.707106781186551,-2.77555756156289E-17));
#10071=DIRECTION('',(0.70710678118655,0.,-0.707106781186545));
#10072=DIRECTION('',(0.,-1.,0.));
#10073=DIRECTION('',(-0.707106781186545,-1.23903709934807E-16,-0.70710678118655));
#10074=DIRECTION('',(0.707106781186545,-1.23903709934807E-16,0.70710678118655));
#10075=DIRECTION('',(0.707106781186551,-0.707106781186545,0.));
#10076=DIRECTION('',(0.,0.,-1.));
#10077=DIRECTION('',(0.707106781186545,0.707106781186551,-2.77555756156289E-17));
#10078=DIRECTION('',(0.,-0.707106781186547,0.707106781186548));
#10079=DIRECTION('',(-1.,0.,0.));
#10080=DIRECTION('',(1.23903709934807E-16,-0.707106781186548,-0.707106781186547));
#10081=DIRECTION('',(0.577350269189629,0.577350269189624,0.577350269189625));
#10082=DIRECTION('',(0.707106781186545,0.,-0.70710678118655));
#10083=DIRECTION('',(-0.707106781186545,-2.77555756156289E-17,0.70710678118655));
#10084=DIRECTION('',(0.577350269189627,-0.577350269189627,-0.577350269189623));
#10085=DIRECTION('',(0.707106781186548,0.707106781186548,0.));
#10086=DIRECTION('',(1.23903709934807E-16,-0.707106781186545,0.70710678118655));
#10087=DIRECTION('',(-0.707106781186547,-0.707106781186547,0.));
#10088=DIRECTION('',(0.577350269189627,0.577350269189627,-0.577350269189623));
#10089=DIRECTION('',(-0.707106781186548,0.707106781186548,0.));
#10090=DIRECTION('',(-0.707106781186547,0.707106781186547,0.));
#10091=DIRECTION('',(1.23903709934807E-16,0.707106781186545,0.70710678118655));
#10092=DIRECTION('',(0.577350269189629,-0.577350269189624,0.577350269189625));
#10093=DIRECTION('',(0.707106781186545,0.,-0.70710678118655));
#10094=DIRECTION('',(0.707106781186545,-2.77555756156289E-17,-0.70710678118655));
#10095=DIRECTION('',(-0.70710678118655,0.,-0.707106781186545));
#10096=DIRECTION('',(0.,1.,0.));
#10097=DIRECTION('',(0.707106781186545,-1.23903709934807E-16,-0.70710678118655));
#10098=DIRECTION('',(0.707106781186548,-0.707106781186548,0.));
#10099=DIRECTION('',(0.,0.,1.));
#10100=DIRECTION('',(0.707106781186547,0.707106781186547,0.));
#10101=DIRECTION('',(0.,0.70710678118655,0.707106781186545));
#10102=DIRECTION('',(-1.,0.,0.));
#10103=DIRECTION('',(1.23903709934807E-16,0.707106781186545,-0.70710678118655));
#10104=DIRECTION('',(0.70710678118655,0.,0.707106781186545));
#10105=DIRECTION('',(0.,1.,0.));
#10106=DIRECTION('',(0.707106781186545,-1.23903709934807E-16,-0.70710678118655));
#10107=DIRECTION('',(-0.707106781186545,-1.23903709934807E-16,0.70710678118655));
#10108=DIRECTION('',(0.,0.70710678118655,-0.707106781186545));
#10109=DIRECTION('',(1.,0.,0.));
#10110=DIRECTION('',(1.23903709934807E-16,-0.707106781186545,-0.70710678118655));
#10111=DIRECTION('',(-0.707106781186548,-0.707106781186548,0.));
#10112=DIRECTION('',(0.,0.,-1.));
#10113=DIRECTION('',(0.707106781186547,-0.707106781186547,0.));
#10114=DIRECTION('',(-0.70710678118655,0.,-0.707106781186545));
#10115=DIRECTION('',(0.,1.,0.));
#10116=DIRECTION('',(-0.707106781186545,-1.23903709934807E-16,0.70710678118655));
#10117=DIRECTION('',(0.577350269189627,-0.577350269189627,0.577350269189623));
#10118=DIRECTION('',(0.707106781186548,0.707106781186548,0.));
#10119=DIRECTION('',(1.23903709934807E-16,-0.707106781186545,-0.70710678118655));
#10120=DIRECTION('',(-0.577350269189627,-0.577350269189627,-0.577350269189623));
#10121=DIRECTION('',(0.707106781186548,-0.707106781186548,0.));
#10122=DIRECTION('',(0.707106781186547,-0.707106781186547,0.));
#10123=DIRECTION('',(-0.577350269189627,0.577350269189627,-0.577350269189623));
#10124=DIRECTION('',(-0.707106781186548,-0.707106781186548,0.));
#10125=DIRECTION('',(0.707106781186547,0.707106781186547,0.));
#10126=DIRECTION('',(0.577350269189627,0.577350269189627,0.577350269189623));
#10127=DIRECTION('',(-0.707106781186548,0.707106781186548,0.));
#10128=DIRECTION('',(1.23903709934807E-16,0.707106781186545,-0.70710678118655));
#10129=DIRECTION('',(0.,-0.70710678118655,0.707106781186545));
#10130=DIRECTION('',(1.,0.,0.));
#10131=DIRECTION('',(1.23903709934807E-16,0.707106781186545,0.70710678118655));
#10132=DIRECTION('',(0.707106781186548,0.707106781186548,0.));
#10133=DIRECTION('',(0.,0.,-1.));
#10134=DIRECTION('',(-0.707106781186547,0.707106781186547,0.));
#10135=DIRECTION('',(-0.707106781186548,0.707106781186548,0.));
#10136=DIRECTION('',(0.,0.,1.));
#10137=DIRECTION('',(-0.707106781186547,-0.707106781186547,0.));
#10138=DIRECTION('',(0.,-0.70710678118655,-0.707106781186545));
#10139=DIRECTION('',(-1.,0.,0.));
#10140=DIRECTION('',(1.23903709934807E-16,-0.707106781186545,0.70710678118655));
#10141=DIRECTION('',(-0.577350269189627,-0.577350269189627,0.577350269189623));
#10142=DIRECTION('',(0.707106781186548,-0.707106781186548,0.));
#10143=DIRECTION('',(-0.707106781186545,-1.23903709934807E-16,-0.70710678118655));
#10144=DIRECTION('',(-0.577350269189627,0.577350269189627,0.577350269189623));
#10145=DIRECTION('',(-0.707106781186548,-0.707106781186548,0.));
#10146=DIRECTION('',(0.707106781186545,-1.23903709934807E-16,0.70710678118655));
#10147=DIRECTION('',(-0.70710678118655,0.,0.707106781186545));
#10148=DIRECTION('',(0.,-1.,0.));
#10149=DIRECTION('',(0.707106781186545,-2.77555756156289E-17,0.70710678118655));
#10150=DIRECTION('',(-0.70710678118655,0.,0.707106781186545));
#10151=DIRECTION('',(0.,-1.,0.));
#10152=DIRECTION('',(-0.707106781186545,-2.77555756156289E-17,-0.70710678118655));
#10153=DIRECTION('',(-0.577350269189629,0.577350269189624,0.577350269189625));
#10154=DIRECTION('',(0.707106781186545,0.,0.70710678118655));
#10155=DIRECTION('',(0.707106781186545,0.707106781186551,2.77555756156289E-17));
#10156=DIRECTION('',(-1.23903709934807E-16,0.707106781186548,-0.707106781186547));
#10157=DIRECTION('',(-0.577350269189629,-0.577350269189624,0.577350269189625));
#10158=DIRECTION('',(0.707106781186545,0.,0.70710678118655));
#10159=DIRECTION('',(-1.23903709934807E-16,-0.707106781186548,-0.707106781186547));
#10160=DIRECTION('',(0.707106781186545,-0.707106781186551,2.77555756156289E-17));
#10161=DIRECTION('',(0.,0.707106781186547,0.707106781186548));
#10162=DIRECTION('',(1.,0.,0.));
#10163=DIRECTION('',(0.,-0.707106781186548,0.707106781186547));
#10164=DIRECTION('',(0.707106781186551,-0.707106781186545,0.));
#10165=DIRECTION('',(0.,0.,1.));
#10166=DIRECTION('',(-0.577350269189623,-0.577350269189628,-0.577350269189627));
#10167=DIRECTION('',(-0.707106781186551,-0.707106781186545,0.));
#10168=DIRECTION('',(0.,0.,-1.));
#10169=DIRECTION('',(0.577350269189623,-0.577350269189628,0.577350269189627));
#10170=DIRECTION('',(0.,0.707106781186547,-0.707106781186548));
#10171=DIRECTION('',(-1.,0.,0.));
#10172=DIRECTION('',(0.,-0.707106781186548,-0.707106781186547));
#10173=DIRECTION('',(0.,0.,1.));
#10174=DIRECTION('',(1.,0.,0.));
#10175=DIRECTION('',(0.,0.707106781186548,0.707106781186547));
#10176=DIRECTION('',(0.70710678118655,0.,-0.707106781186545));
#10177=DIRECTION('',(0.,1.,0.));
#10178=DIRECTION('',(0.577350269189623,-0.577350269189628,0.577350269189627));
#10179=DIRECTION('',(0.70710678118655,0.,-0.707106781186545));
#10180=DIRECTION('',(0.,1.,0.));
#10181=DIRECTION('',(-0.577350269189623,-0.577350269189628,-0.577350269189627));
#10182=DIRECTION('',(0.,0.,1.));
#10183=DIRECTION('',(1.,0.,0.));
#10184=DIRECTION('',(0.,0.707106781186548,-0.707106781186547));
#10185=DIRECTION('',(0.,0.707106781186547,-0.707106781186548));
#10186=DIRECTION('',(-1.,0.,0.));
#10187=DIRECTION('',(-1.23903709934807E-16,-0.707106781186548,-0.707106781186547));
#10188=DIRECTION('',(-0.707106781186551,-0.707106781186545,0.));
#10189=DIRECTION('',(0.,0.,-1.));
#10190=DIRECTION('',(0.707106781186545,-0.707106781186551,2.77555756156289E-17));
#10191=DIRECTION('',(0.707106781186551,-0.707106781186545,0.));
#10192=DIRECTION('',(0.,0.,1.));
#10193=DIRECTION('',(0.707106781186545,0.707106781186551,2.77555756156289E-17));
#10194=DIRECTION('',(0.,0.707106781186547,0.707106781186548));
#10195=DIRECTION('',(1.,0.,0.));
#10196=DIRECTION('',(-1.23903709934807E-16,0.707106781186548,-0.707106781186547));
#10197=DIRECTION('',(-0.577350269189629,-0.577350269189624,0.577350269189625));
#10198=DIRECTION('',(0.707106781186545,0.,0.70710678118655));
#10199=DIRECTION('',(-0.707106781186545,-2.77555756156289E-17,-0.70710678118655));
#10200=DIRECTION('',(-0.577350269189629,0.577350269189624,0.577350269189625));
#10201=DIRECTION('',(0.707106781186545,0.,0.70710678118655));
#10202=DIRECTION('',(0.707106781186545,-2.77555756156289E-17,0.70710678118655));
#10203=DIRECTION('',(-0.70710678118655,0.,0.707106781186545));
#10204=DIRECTION('',(0.,-1.,0.));
#10205=DIRECTION('',(0.,0.,1.));
#10206=DIRECTION('',(1.,0.,0.));
#10207=DIRECTION('',(0.,0.,1.));
#10208=DIRECTION('',(1.,0.,0.));
#10209=DIRECTION('',(0.,0.,1.));
#10210=DIRECTION('',(1.,0.,0.));
#10211=DIRECTION('',(0.,0.,1.));
#10212=DIRECTION('',(1.,0.,0.));
#10213=DIRECTION('',(0.,0.,-1.));
#10214=DIRECTION('',(-1.,0.,0.));
#10215=DIRECTION('',(0.,0.,-1.));
#10216=DIRECTION('',(-1.,0.,0.));
#10217=DIRECTION('',(0.,0.,-1.));
#10218=DIRECTION('',(-1.,0.,0.));
#10219=DIRECTION('',(0.,0.,-1.));
#10220=DIRECTION('',(-1.,0.,0.));
#10221=DIRECTION('',(0.,0.,-1.));
#10222=DIRECTION('',(-1.,0.,0.));
#10223=CARTESIAN_POINT('',(0.,0.,0.));
#10224=CARTESIAN_POINT('',(-0.023025,0.,0.069));
#10225=CARTESIAN_POINT('',(0.,1.35323471305783E-18,0.069));
#10226=CARTESIAN_POINT('',(-0.0218,1.35323471305783E-18,0.069));
#10227=CARTESIAN_POINT('',(0.,0.,0.069));
#10228=CARTESIAN_POINT('',(-0.02135,0.,0.069));
#10229=CARTESIAN_POINT('',(0.,0.,0.017971029815598));
#10230=CARTESIAN_POINT('',(0.,0.,0.063));
#10231=CARTESIAN_POINT('',(0.0211,0.,0.063));
#10232=CARTESIAN_POINT('',(0.,0.,0.064));
#10233=CARTESIAN_POINT('',(0.0211,0.,0.064));
#10234=CARTESIAN_POINT('',(0.,0.,0.017971029815598));
#10235=CARTESIAN_POINT('',(0.,0.,0.061));
#10236=CARTESIAN_POINT('',(0.0211,0.,0.061));
#10237=CARTESIAN_POINT('',(0.,0.,0.062));
#10238=CARTESIAN_POINT('',(0.0211,0.,0.062));
#10239=CARTESIAN_POINT('',(0.,0.,0.017971029815598));
#10240=CARTESIAN_POINT('',(0.,0.,0.0417673767409874));
#10241=CARTESIAN_POINT('',(-0.0211,0.,0.0417673767409874));
#10242=CARTESIAN_POINT('',(0.,0.,0.06));
#10243=CARTESIAN_POINT('',(0.0211,0.,0.06));
#10244=CARTESIAN_POINT('',(0.,-3.99858464906192E-19,0.06));
#10245=CARTESIAN_POINT('',(0.,-3.99858464906192E-19,0.0603));
#10246=CARTESIAN_POINT('',(0.0218,-3.99858464906192E-19,0.0603));
#10247=CARTESIAN_POINT('',(0.,-3.99858464906192E-19,0.06));
#10248=CARTESIAN_POINT('',(0.0218,-3.99858464906192E-19,0.06));
#10249=CARTESIAN_POINT('',(0.,3.46944695195361E-18,0.06));
#10250=CARTESIAN_POINT('',(0.,-3.99858464906192E-19,0.062));
#10251=CARTESIAN_POINT('',(0.,-3.99858464906192E-19,0.0623));
#10252=CARTESIAN_POINT('',(0.0218,-3.99858464906192E-19,0.0623));
#10253=CARTESIAN_POINT('',(0.,-3.99858464906192E-19,0.062));
#10254=CARTESIAN_POINT('',(0.0218,-3.99858464906192E-19,0.062));
#10255=CARTESIAN_POINT('',(0.,3.46944695195361E-18,0.062));
#10256=CARTESIAN_POINT('',(0.,-3.99858464906192E-19,0.064));
#10257=CARTESIAN_POINT('',(0.,-3.99858464906192E-19,0.0643));
#10258=CARTESIAN_POINT('',(0.0218,-3.99858464906192E-19,0.0643));
#10259=CARTESIAN_POINT('',(0.,-3.99858464906192E-19,0.064));
#10260=CARTESIAN_POINT('',(0.0218,-3.99858464906192E-19,0.064));
#10261=CARTESIAN_POINT('',(0.,3.46944695195361E-18,0.064));
#10262=CARTESIAN_POINT('',(0.,0.,0.017971029815598));
#10263=CARTESIAN_POINT('',(0.,0.,0.065));
#10264=CARTESIAN_POINT('',(0.0211,0.,0.065));
#10265=CARTESIAN_POINT('',(0.,0.,0.066));
#10266=CARTESIAN_POINT('',(0.0211,0.,0.066));
#10267=CARTESIAN_POINT('',(-0.02975,0.,0.0275));
#10268=CARTESIAN_POINT('',(0.0185014612658225,0.02054795442445,0.0275));
#10269=CARTESIAN_POINT('',(0.0180665263716891,0.0200649102878897,0.0275));
#10270=CARTESIAN_POINT('',(0.0189363961599557,0.0210309985610103,0.0275));
#10271=CARTESIAN_POINT('',(0.,1.75124492278091E-18,0.0275));
#10272=CARTESIAN_POINT('',(0.0206973097558226,0.0193005535897687,0.0275));
#10273=CARTESIAN_POINT('',(0.02022192984977,0.0188572546557281,0.0275));
#10274=CARTESIAN_POINT('',(0.0197465499437176,0.0184139557216874,0.0275));
#10275=CARTESIAN_POINT('',(0.,0.,0.0275));
#10276=CARTESIAN_POINT('',(0.,1.53233930743313E-18,0.057));
#10277=CARTESIAN_POINT('',(0.00286888605053587,0.0248600104149021,0.0679510898619033));
#10278=CARTESIAN_POINT('',(0.00286888605053587,0.0248600104149021,0.0679510684739965));
#10279=CARTESIAN_POINT('',(0.00286888605053587,0.0248600104149021,0.06875));
#10280=CARTESIAN_POINT('',(0.,1.53233930743313E-18,0.06875));
#10281=CARTESIAN_POINT('',(0.00496867752134923,0.0245267786039615,0.0687403762199815));
#10282=CARTESIAN_POINT('',(0.,1.53233930743313E-18,0.0928341374319984));
#10283=CARTESIAN_POINT('',(0.00299586191843175,0.0248450284033987,0.0679935156651811));
#10284=CARTESIAN_POINT('',(0.,1.53233930743313E-18,0.0928341374319984));
#10285=CARTESIAN_POINT('',(0.,1.53233930743313E-18,0.057));
#10286=CARTESIAN_POINT('',(-0.0248600104149021,0.00286888605053587,0.0679510898619032));
#10287=CARTESIAN_POINT('',(-0.0248600104149021,0.00286888605053587,0.0679510684739964));
#10288=CARTESIAN_POINT('',(-0.0248600104149021,0.00286888605053587,0.06875));
#10289=CARTESIAN_POINT('',(0.,1.53233930743313E-18,0.06875));
#10290=CARTESIAN_POINT('',(-0.0245267786039615,0.00496867752134922,0.0687403762199815));
#10291=CARTESIAN_POINT('',(0.,1.53233930743313E-18,0.0928341374319975));
#10292=CARTESIAN_POINT('',(-0.0248450284033987,0.00299586191843178,0.0679935156651811));
#10293=CARTESIAN_POINT('',(0.,1.53233930743313E-18,0.0928341374319975));
#10294=CARTESIAN_POINT('',(0.,1.53233930743313E-18,0.057));
#10295=CARTESIAN_POINT('',(-0.00286888605053587,-0.0248600104149021,0.0679510898619033));
#10296=CARTESIAN_POINT('',(-0.00286888605053588,-0.0248600104149021,0.0679510684739965));
#10297=CARTESIAN_POINT('',(-0.00286888605053587,-0.0248600104149021,0.06875));
#10298=CARTESIAN_POINT('',(0.,1.53233930743313E-18,0.06875));
#10299=CARTESIAN_POINT('',(-0.00496867752134923,-0.0245267786039615,0.0687403762199815));
#10300=CARTESIAN_POINT('',(0.,1.53233930743313E-18,0.0928341374319988));
#10301=CARTESIAN_POINT('',(-0.00299586191843175,-0.0248450284033987,0.0679935156651811));
#10302=CARTESIAN_POINT('',(0.,1.53233930743313E-18,0.0928341374319988));
#10303=CARTESIAN_POINT('',(0.,1.53233930743313E-18,0.057));
#10304=CARTESIAN_POINT('',(0.0248600104149021,-0.00286888605053586,0.0679510898619033));
#10305=CARTESIAN_POINT('',(0.0248600104149021,-0.00286888605053588,0.0679510684739965));
#10306=CARTESIAN_POINT('',(0.0248600104149021,-0.00286888605053586,0.06875));
#10307=CARTESIAN_POINT('',(0.,1.53233930743313E-18,0.06875));
#10308=CARTESIAN_POINT('',(0.0245267786039615,-0.00496867752134922,0.0687403762199815));
#10309=CARTESIAN_POINT('',(0.,1.53233930743313E-18,0.092834137431999));
#10310=CARTESIAN_POINT('',(0.0248450284033987,-0.00299586191843178,0.0679935156651811));
#10311=CARTESIAN_POINT('',(0.,1.53233930743313E-18,0.092834137431999));
#10312=CARTESIAN_POINT('',(0.0103619564183785,0.0218970428182352,0.058));
#10313=CARTESIAN_POINT('',(0.00994547700712292,0.0229638435829194,0.069));
#10314=CARTESIAN_POINT('',(0.00994547700712292,0.0229638435829194,0.06875));
#10315=CARTESIAN_POINT('',(0.00994547700712292,0.0229638435829194,0.0675717373838871));
#10316=CARTESIAN_POINT('',(0.0103619564183785,0.0218970428182352,0.06875));
#10317=CARTESIAN_POINT('',(0.0103619564183785,0.0218970428182352,0.06875));
#10318=CARTESIAN_POINT('',(0.0103619564183785,0.0218970428182352,0.058));
#10319=CARTESIAN_POINT('',(0.0103619564183785,0.0218970428182352,0.05715));
#10320=CARTESIAN_POINT('',(0.0103619564183785,0.0218970428182352,0.05715));
#10321=CARTESIAN_POINT('',(0.0102223366641628,0.0222546750481532,0.0574135440430699));
#10322=CARTESIAN_POINT('',(0.0100835440933118,0.0226101884702213,0.0576803441494838));
#10323=CARTESIAN_POINT('',(0.00994547700712292,0.0229638435829194,0.05795));
#10324=CARTESIAN_POINT('',(0.00994547700712292,0.0229638435829194,0.05795));
#10325=CARTESIAN_POINT('',(0.00994547700712292,0.0229638435829194,0.0593763932202157));
#10326=CARTESIAN_POINT('',(0.00994547700712293,0.0229638435829194,0.0593764144875601));
#10327=CARTESIAN_POINT('',(0.0104792809375635,0.0215965192307534,0.0586788423439321));
#10328=CARTESIAN_POINT('',(0.00988240783023015,0.0231416934444947,0.0594801794728905));
#10329=CARTESIAN_POINT('',(0.010102104814037,0.0225626456853257,0.0597478084944856));
#10330=CARTESIAN_POINT('',(0.00994547700712292,0.0229638435829194,0.0595717373838871));
#10331=CARTESIAN_POINT('',(0.00994547700712292,0.0229638435829194,0.0613763932202157));
#10332=CARTESIAN_POINT('',(0.00994547700712293,0.0229638435829194,0.0613764144875601));
#10333=CARTESIAN_POINT('',(0.0107612563302228,0.0208742468773512,0.0603103583971289));
#10334=CARTESIAN_POINT('',(0.00988240783023015,0.0231416934444947,0.0614801794728905));
#10335=CARTESIAN_POINT('',(0.00984733799552351,0.0232152240108354,0.0614614158075503));
#10336=CARTESIAN_POINT('',(0.00994547700712292,0.0229638435829194,0.0615717373838871));
#10337=CARTESIAN_POINT('',(0.00994547700712292,0.0229638435829194,0.0633763932202157));
#10338=CARTESIAN_POINT('',(0.00994547700712293,0.0229638435829194,0.0633764144875602));
#10339=CARTESIAN_POINT('',(0.0110432317228822,0.020151974523949,0.061941874450326));
#10340=CARTESIAN_POINT('',(0.00988240783023014,0.0231416934444947,0.0634801794728906));
#10341=CARTESIAN_POINT('',(0.00959257117701003,0.023867802336345,0.0631750231206151));
#10342=CARTESIAN_POINT('',(0.00994547700712292,0.0229638435829194,0.0635717373838871));
#10343=CARTESIAN_POINT('',(0.00994547700712292,0.0229638435829194,0.0653763932202157));
#10344=CARTESIAN_POINT('',(0.00994547700712293,0.0229638435829194,0.0653764144875602));
#10345=CARTESIAN_POINT('',(0.0113252071155415,0.0194297021705468,0.0635733905035229));
#10346=CARTESIAN_POINT('',(0.00988240783023015,0.0231416934444947,0.0654801794728906));
#10347=CARTESIAN_POINT('',(0.00933780435849636,0.024520380661855,0.0648886304336796));
#10348=CARTESIAN_POINT('',(0.00994547700712292,0.0229638435829194,0.0655717373838871));
#10349=CARTESIAN_POINT('',(0.00994547700712292,0.0229638435829194,0.0673763932202157));
#10350=CARTESIAN_POINT('',(0.00994547700712292,0.0229638435829194,0.0673764144875602));
#10351=CARTESIAN_POINT('',(0.0116071825082009,0.0187074298171444,0.0652049065567196));
#10352=CARTESIAN_POINT('',(0.00988240783023015,0.0231416934444948,0.0674801794728905));
#10353=CARTESIAN_POINT('',(0.0090830375399828,0.0251729589873648,0.0666022377467441));
#10354=CARTESIAN_POINT('',(0.0249740944193975,-0.00301141709681981,0.058));
#10355=CARTESIAN_POINT('',(0.0241443735575366,-0.00197480391789332,0.058));
#10356=CARTESIAN_POINT('',(0.0241443735575366,-0.00197480391789332,0.06875));
#10357=CARTESIAN_POINT('',(0.0241443735575366,-0.00197480391789332,0.05715));
#10358=CARTESIAN_POINT('',(0.0249740944193975,-0.00301141709681981,0.06875));
#10359=CARTESIAN_POINT('',(0.0273609788809036,-0.00599347528422371,0.0660526613495389));
#10360=CARTESIAN_POINT('',(0.0249824988782955,-0.00301243055829575,0.0678474690187092));
#10361=CARTESIAN_POINT('',(0.0228188838023105,-0.000318801023476794,0.0664173859324809));
#10362=CARTESIAN_POINT('',(0.0248600104149021,-0.00286888605053587,0.0677557417568901));
#10363=CARTESIAN_POINT('',(0.0248600104149021,-0.00286888605053587,0.0659510898619032));
#10364=CARTESIAN_POINT('',(0.0248600104149021,-0.00286888605053587,0.0659510684739964));
#10365=CARTESIAN_POINT('',(0.0268770432509162,-0.00538886947658867,0.0644200017859482));
#10366=CARTESIAN_POINT('',(0.0249824988782955,-0.00301243055829574,0.0658474690187091));
#10367=CARTESIAN_POINT('',(0.0232573560103391,-0.000866607027071816,0.064704889823571));
#10368=CARTESIAN_POINT('',(0.0248600104149021,-0.00286888605053587,0.0657557417568901));
#10369=CARTESIAN_POINT('',(0.0248600104149021,-0.00286888605053587,0.0639510898619032));
#10370=CARTESIAN_POINT('',(0.0248600104149021,-0.00286888605053588,0.0639510684739963));
#10371=CARTESIAN_POINT('',(0.0263931076209288,-0.00478426366895368,0.0627873422223574));
#10372=CARTESIAN_POINT('',(0.0249824988782955,-0.00301243055829575,0.0638474690187091));
#10373=CARTESIAN_POINT('',(0.0236958282183676,-0.00141441303066669,0.0629923937146609));
#10374=CARTESIAN_POINT('',(0.0248600104149021,-0.00286888605053586,0.0637557417568901));
#10375=CARTESIAN_POINT('',(0.0248600104149021,-0.00286888605053586,0.0619510898619032));
#10376=CARTESIAN_POINT('',(0.0248600104149021,-0.00286888605053587,0.0619510684739964));
#10377=CARTESIAN_POINT('',(0.0259091719909415,-0.00417965786131875,0.0611546826587668));
#10378=CARTESIAN_POINT('',(0.0249824988782955,-0.00301243055829574,0.0618474690187092));
#10379=CARTESIAN_POINT('',(0.0241343004263961,-0.00196221903426161,0.0612798976057508));
#10380=CARTESIAN_POINT('',(0.0248600104149021,-0.00286888605053587,0.0617557417568901));
#10381=CARTESIAN_POINT('',(0.0248600104149021,-0.00286888605053587,0.0599510898619032));
#10382=CARTESIAN_POINT('',(0.0248600104149021,-0.00286888605053588,0.0599510684739964));
#10383=CARTESIAN_POINT('',(0.0254252363609541,-0.00357505205368375,0.059522023095176));
#10384=CARTESIAN_POINT('',(0.0249824988782955,-0.00301243055829575,0.0598474690187092));
#10385=CARTESIAN_POINT('',(0.0245727726344246,-0.00251002503785654,0.0595674014968408));
#10386=CARTESIAN_POINT('',(0.0248600104149021,-0.00286888605053587,0.0597557417568901));
#10387=CARTESIAN_POINT('',(0.0248600104149021,-0.00286888605053586,0.058));
#10388=CARTESIAN_POINT('',(0.0248600104149021,-0.00286888605053586,0.05795));
#10389=CARTESIAN_POINT('',(0.0248600104149021,-0.00286888605053587,0.05795));
#10390=CARTESIAN_POINT('',(0.0246227696462217,-0.00257248889012074,0.0576803441494838));
#10391=CARTESIAN_POINT('',(0.0243842822767499,-0.00227453428687317,0.0574135440430699));
#10392=CARTESIAN_POINT('',(0.0241443735575366,-0.00197480391789332,0.05715));
#10393=CARTESIAN_POINT('',(-0.0218970428182352,0.0103619564183785,0.058));
#10394=CARTESIAN_POINT('',(-0.0229638435829194,0.00994547700712292,0.069));
#10395=CARTESIAN_POINT('',(-0.0229638435829194,0.00994547700712292,0.06875));
#10396=CARTESIAN_POINT('',(-0.0229638435829194,0.00994547700712293,0.0675717373838871));
#10397=CARTESIAN_POINT('',(-0.0218970428182352,0.0103619564183785,0.06875));
#10398=CARTESIAN_POINT('',(-0.0218970428182352,0.0103619564183785,0.06875));
#10399=CARTESIAN_POINT('',(-0.0218970428182352,0.0103619564183785,0.058));
#10400=CARTESIAN_POINT('',(-0.0218970428182352,0.0103619564183785,0.05715));
#10401=CARTESIAN_POINT('',(-0.0218970428182352,0.0103619564183785,0.05715));
#10402=CARTESIAN_POINT('',(-0.0222546750481532,0.0102223366641628,0.0574135440430699));
#10403=CARTESIAN_POINT('',(-0.0226101884702213,0.0100835440933118,0.0576803441494838));
#10404=CARTESIAN_POINT('',(-0.0229638435829194,0.00994547700712292,0.05795));
#10405=CARTESIAN_POINT('',(-0.0229638435829194,0.00994547700712292,0.05795));
#10406=CARTESIAN_POINT('',(-0.0229638435829194,0.00994547700712292,0.0593763932202157));
#10407=CARTESIAN_POINT('',(-0.0229638435829194,0.00994547700712292,0.0593764144875601));
#10408=CARTESIAN_POINT('',(-0.0215965192307534,0.0104792809375635,0.0586788423439321));
#10409=CARTESIAN_POINT('',(-0.0231416934444947,0.00988240783023014,0.0594801794728905));
#10410=CARTESIAN_POINT('',(-0.0225626456853256,0.0101021048140371,0.0597478084944856));
#10411=CARTESIAN_POINT('',(-0.0229638435829194,0.00994547700712292,0.0595717373838871));
#10412=CARTESIAN_POINT('',(-0.0229638435829194,0.00994547700712292,0.0613763932202157));
#10413=CARTESIAN_POINT('',(-0.0229638435829194,0.00994547700712292,0.0613764144875601));
#10414=CARTESIAN_POINT('',(-0.0208742468773512,0.0107612563302228,0.060310358397129));
#10415=CARTESIAN_POINT('',(-0.0231416934444947,0.00988240783023015,0.0614801794728905));
#10416=CARTESIAN_POINT('',(-0.0232152240108355,0.00984733799552348,0.0614614158075503));
#10417=CARTESIAN_POINT('',(-0.0229638435829194,0.00994547700712293,0.0615717373838871));
#10418=CARTESIAN_POINT('',(-0.0229638435829194,0.00994547700712292,0.0633763932202157));
#10419=CARTESIAN_POINT('',(-0.0229638435829194,0.00994547700712292,0.0633764144875601));
#10420=CARTESIAN_POINT('',(-0.0201519745239489,0.0110432317228822,0.0619418744503258));
#10421=CARTESIAN_POINT('',(-0.0231416934444947,0.00988240783023014,0.0634801794728905));
#10422=CARTESIAN_POINT('',(-0.023867802336345,0.00959257117700999,0.063175023120615));
#10423=CARTESIAN_POINT('',(-0.0229638435829194,0.00994547700712292,0.0635717373838872));
#10424=CARTESIAN_POINT('',(-0.0229638435829194,0.00994547700712293,0.0653763932202157));
#10425=CARTESIAN_POINT('',(-0.0229638435829194,0.00994547700712292,0.0653764144875601));
#10426=CARTESIAN_POINT('',(-0.0194297021705467,0.0113252071155415,0.0635733905035228));
#10427=CARTESIAN_POINT('',(-0.0231416934444947,0.00988240783023015,0.0654801794728905));
#10428=CARTESIAN_POINT('',(-0.024520380661855,0.00933780435849636,0.0648886304336795));
#10429=CARTESIAN_POINT('',(-0.0229638435829194,0.00994547700712292,0.0655717373838871));
#10430=CARTESIAN_POINT('',(-0.0229638435829194,0.00994547700712293,0.0673763932202157));
#10431=CARTESIAN_POINT('',(-0.0229638435829194,0.00994547700712293,0.0673764144875601));
#10432=CARTESIAN_POINT('',(-0.0187074298171444,0.0116071825082009,0.0652049065567196));
#10433=CARTESIAN_POINT('',(-0.0231416934444947,0.00988240783023014,0.0674801794728905));
#10434=CARTESIAN_POINT('',(-0.0251729589873646,0.00908303753998286,0.0666022377467444));
#10435=CARTESIAN_POINT('',(0.00301141709681982,0.0249740944193975,0.058));
#10436=CARTESIAN_POINT('',(0.00197480391789331,0.0241443735575366,0.058));
#10437=CARTESIAN_POINT('',(0.00197480391789331,0.0241443735575366,0.06875));
#10438=CARTESIAN_POINT('',(0.00197480391789331,0.0241443735575366,0.05715));
#10439=CARTESIAN_POINT('',(0.00301141709681982,0.0249740944193975,0.06875));
#10440=CARTESIAN_POINT('',(0.00599347528422372,0.0273609788809036,0.0660526613495389));
#10441=CARTESIAN_POINT('',(0.00301243055829575,0.0249824988782955,0.0678474690187092));
#10442=CARTESIAN_POINT('',(0.000318801023476928,0.0228188838023106,0.0664173859324811));
#10443=CARTESIAN_POINT('',(0.00286888605053587,0.0248600104149021,0.0677557417568901));
#10444=CARTESIAN_POINT('',(0.00286888605053587,0.0248600104149021,0.0659510898619032));
#10445=CARTESIAN_POINT('',(0.00286888605053587,0.0248600104149021,0.0659510684739965));
#10446=CARTESIAN_POINT('',(0.00538886947658883,0.0268770432509163,0.064420001785948));
#10447=CARTESIAN_POINT('',(0.00301243055829575,0.0249824988782955,0.0658474690187091));
#10448=CARTESIAN_POINT('',(0.000866607027071758,0.0232573560103391,0.0647048898235709));
#10449=CARTESIAN_POINT('',(0.00286888605053586,0.0248600104149021,0.0657557417568901));
#10450=CARTESIAN_POINT('',(0.00286888605053587,0.0248600104149021,0.0639510898619032));
#10451=CARTESIAN_POINT('',(0.00286888605053588,0.0248600104149021,0.0639510684739963));
#10452=CARTESIAN_POINT('',(0.00478426366895371,0.0263931076209288,0.0627873422223574));
#10453=CARTESIAN_POINT('',(0.00301243055829575,0.0249824988782955,0.0638474690187091));
#10454=CARTESIAN_POINT('',(0.00141441303066665,0.0236958282183675,0.0629923937146608));
#10455=CARTESIAN_POINT('',(0.00286888605053588,0.0248600104149021,0.0637557417568901));
#10456=CARTESIAN_POINT('',(0.00286888605053587,0.0248600104149021,0.0619510898619032));
#10457=CARTESIAN_POINT('',(0.00286888605053588,0.0248600104149021,0.0619510684739964));
#10458=CARTESIAN_POINT('',(0.00417965786131872,0.0259091719909415,0.0611546826587668));
#10459=CARTESIAN_POINT('',(0.00301243055829575,0.0249824988782955,0.0618474690187091));
#10460=CARTESIAN_POINT('',(0.00196221903426158,0.0241343004263961,0.0612798976057508));
#10461=CARTESIAN_POINT('',(0.00286888605053587,0.0248600104149021,0.0617557417568901));
#10462=CARTESIAN_POINT('',(0.00286888605053587,0.0248600104149021,0.0599510898619033));
#10463=CARTESIAN_POINT('',(0.00286888605053588,0.0248600104149021,0.0599510684739965));
#10464=CARTESIAN_POINT('',(0.0035750520536838,0.0254252363609541,0.0595220230951761));
#10465=CARTESIAN_POINT('',(0.00301243055829576,0.0249824988782955,0.0598474690187092));
#10466=CARTESIAN_POINT('',(0.00251002503785654,0.0245727726344246,0.0595674014968408));
#10467=CARTESIAN_POINT('',(0.00286888605053587,0.0248600104149021,0.0597557417568901));
#10468=CARTESIAN_POINT('',(0.00286888605053586,0.0248600104149021,0.058));
#10469=CARTESIAN_POINT('',(0.00286888605053586,0.0248600104149021,0.05795));
#10470=CARTESIAN_POINT('',(0.00286888605053587,0.0248600104149021,0.05795));
#10471=CARTESIAN_POINT('',(0.00257248889012073,0.0246227696462217,0.0576803441494838));
#10472=CARTESIAN_POINT('',(0.00227453428687317,0.0243842822767499,0.0574135440430699));
#10473=CARTESIAN_POINT('',(0.00197480391789332,0.0241443735575366,0.05715));
#10474=CARTESIAN_POINT('',(-0.0103619564183785,-0.0218970428182352,0.058));
#10475=CARTESIAN_POINT('',(-0.00994547700712292,-0.0229638435829194,0.069));
#10476=CARTESIAN_POINT('',(-0.00994547700712292,-0.0229638435829194,0.06875));
#10477=CARTESIAN_POINT('',(-0.00994547700712292,-0.0229638435829194,0.0675717373838871));
#10478=CARTESIAN_POINT('',(-0.0103619564183785,-0.0218970428182352,0.06875));
#10479=CARTESIAN_POINT('',(-0.0103619564183785,-0.0218970428182352,0.06875));
#10480=CARTESIAN_POINT('',(-0.0103619564183785,-0.0218970428182352,0.058));
#10481=CARTESIAN_POINT('',(-0.0103619564183785,-0.0218970428182352,0.05715));
#10482=CARTESIAN_POINT('',(-0.0103619564183785,-0.0218970428182352,0.05715));
#10483=CARTESIAN_POINT('',(-0.0102223366641628,-0.0222546750481532,0.0574135440430699));
#10484=CARTESIAN_POINT('',(-0.0100835440933118,-0.0226101884702213,0.0576803441494838));
#10485=CARTESIAN_POINT('',(-0.00994547700712292,-0.0229638435829194,0.05795));
#10486=CARTESIAN_POINT('',(-0.00994547700712292,-0.0229638435829194,0.05795));
#10487=CARTESIAN_POINT('',(-0.00994547700712292,-0.0229638435829194,0.0593763932202157));
#10488=CARTESIAN_POINT('',(-0.00994547700712294,-0.0229638435829194,0.0593764144875601));
#10489=CARTESIAN_POINT('',(-0.0104792809375635,-0.0215965192307534,0.058678842343932));
#10490=CARTESIAN_POINT('',(-0.00988240783023014,-0.0231416934444948,0.0594801794728905));
#10491=CARTESIAN_POINT('',(-0.0101021048140371,-0.0225626456853256,0.0597478084944856));
#10492=CARTESIAN_POINT('',(-0.00994547700712292,-0.0229638435829194,0.0595717373838871));
#10493=CARTESIAN_POINT('',(-0.00994547700712292,-0.0229638435829194,0.0613763932202157));
#10494=CARTESIAN_POINT('',(-0.00994547700712293,-0.0229638435829194,0.0613764144875601));
#10495=CARTESIAN_POINT('',(-0.0107612563302229,-0.0208742468773512,0.060310358397129));
#10496=CARTESIAN_POINT('',(-0.00988240783023014,-0.0231416934444948,0.0614801794728906));
#10497=CARTESIAN_POINT('',(-0.00984733799552353,-0.0232152240108353,0.0614614158075504));
#10498=CARTESIAN_POINT('',(-0.00994547700712293,-0.0229638435829194,0.0615717373838871));
#10499=CARTESIAN_POINT('',(-0.00994547700712292,-0.0229638435829194,0.0633763932202157));
#10500=CARTESIAN_POINT('',(-0.00994547700712294,-0.0229638435829194,0.0633764144875601));
#10501=CARTESIAN_POINT('',(-0.0110432317228822,-0.020151974523949,0.0619418744503259));
#10502=CARTESIAN_POINT('',(-0.00988240783023014,-0.0231416934444947,0.0634801794728905));
#10503=CARTESIAN_POINT('',(-0.00959257117700996,-0.0238678023363451,0.063175023120615));
#10504=CARTESIAN_POINT('',(-0.00994547700712292,-0.0229638435829194,0.0635717373838871));
#10505=CARTESIAN_POINT('',(-0.00994547700712292,-0.0229638435829194,0.0653763932202157));
#10506=CARTESIAN_POINT('',(-0.00994547700712294,-0.0229638435829194,0.0653764144875602));
#10507=CARTESIAN_POINT('',(-0.0113252071155416,-0.0194297021705467,0.0635733905035228));
#10508=CARTESIAN_POINT('',(-0.00988240783023014,-0.0231416934444948,0.0654801794728906));
#10509=CARTESIAN_POINT('',(-0.00933780435849643,-0.0245203806618548,0.0648886304336797));
#10510=CARTESIAN_POINT('',(-0.00994547700712292,-0.0229638435829194,0.0655717373838871));
#10511=CARTESIAN_POINT('',(-0.00994547700712292,-0.0229638435829194,0.0673763932202157));
#10512=CARTESIAN_POINT('',(-0.00994547700712293,-0.0229638435829194,0.0673764144875601));
#10513=CARTESIAN_POINT('',(-0.0116071825082009,-0.0187074298171445,0.0652049065567197));
#10514=CARTESIAN_POINT('',(-0.00988240783023013,-0.0231416934444947,0.0674801794728906));
#10515=CARTESIAN_POINT('',(-0.00908303753998285,-0.0251729589873646,0.0666022377467444));
#10516=CARTESIAN_POINT('',(-0.0249740944193975,0.00301141709681981,0.058));
#10517=CARTESIAN_POINT('',(-0.0241443735575366,0.00197480391789331,0.058));
#10518=CARTESIAN_POINT('',(-0.0241443735575366,0.00197480391789331,0.06875));
#10519=CARTESIAN_POINT('',(-0.0241443735575366,0.00197480391789331,0.05715));
#10520=CARTESIAN_POINT('',(-0.0249740944193975,0.00301141709681981,0.06875));
#10521=CARTESIAN_POINT('',(-0.0273609788809034,0.00599347528422354,0.0660526613495392));
#10522=CARTESIAN_POINT('',(-0.0249824988782955,0.00301243055829575,0.0678474690187092));
#10523=CARTESIAN_POINT('',(-0.0228188838023106,0.000318801023476845,0.066417385932481));
#10524=CARTESIAN_POINT('',(-0.0248600104149021,0.00286888605053587,0.0677557417568901));
#10525=CARTESIAN_POINT('',(-0.0248600104149021,0.00286888605053587,0.0659510898619032));
#10526=CARTESIAN_POINT('',(-0.0248600104149021,0.00286888605053587,0.0659510684739964));
#10527=CARTESIAN_POINT('',(-0.0268770432509161,0.00538886947658861,0.0644200017859483));
#10528=CARTESIAN_POINT('',(-0.0249824988782955,0.00301243055829575,0.0658474690187092));
#10529=CARTESIAN_POINT('',(-0.0232573560103392,0.000866607027071907,0.0647048898235711));
#10530=CARTESIAN_POINT('',(-0.0248600104149021,0.00286888605053586,0.0657557417568902));
#10531=CARTESIAN_POINT('',(-0.0248600104149021,0.00286888605053587,0.0639510898619032));
#10532=CARTESIAN_POINT('',(-0.0248600104149021,0.00286888605053587,0.0639510684739964));
#10533=CARTESIAN_POINT('',(-0.0263931076209288,0.00478426366895366,0.0627873422223576));
#10534=CARTESIAN_POINT('',(-0.0249824988782955,0.00301243055829574,0.0638474690187091));
#10535=CARTESIAN_POINT('',(-0.0236958282183676,0.00141441303066669,0.0629923937146609));
#10536=CARTESIAN_POINT('',(-0.0248600104149021,0.00286888605053587,0.0637557417568901));
#10537=CARTESIAN_POINT('',(-0.0248600104149021,0.00286888605053587,0.0619510898619032));
#10538=CARTESIAN_POINT('',(-0.0248600104149021,0.00286888605053587,0.0619510684739964));
#10539=CARTESIAN_POINT('',(-0.0259091719909415,0.00417965786131877,0.0611546826587667));
#10540=CARTESIAN_POINT('',(-0.0249824988782955,0.00301243055829576,0.0618474690187092));
#10541=CARTESIAN_POINT('',(-0.0241343004263961,0.00196221903426166,0.0612798976057509));
#10542=CARTESIAN_POINT('',(-0.0248600104149021,0.00286888605053587,0.0617557417568901));
#10543=CARTESIAN_POINT('',(-0.0248600104149021,0.00286888605053587,0.0599510898619033));
#10544=CARTESIAN_POINT('',(-0.0248600104149021,0.00286888605053587,0.0599510684739965));
#10545=CARTESIAN_POINT('',(-0.0254252363609541,0.00357505205368379,0.0595220230951761));
#10546=CARTESIAN_POINT('',(-0.0249824988782955,0.00301243055829576,0.0598474690187091));
#10547=CARTESIAN_POINT('',(-0.0245727726344246,0.00251002503785654,0.0595674014968407));
#10548=CARTESIAN_POINT('',(-0.0248600104149021,0.00286888605053586,0.0597557417568901));
#10549=CARTESIAN_POINT('',(-0.0248600104149021,0.00286888605053586,0.058));
#10550=CARTESIAN_POINT('',(-0.0248600104149021,0.00286888605053586,0.05795));
#10551=CARTESIAN_POINT('',(-0.0248600104149021,0.00286888605053587,0.05795));
#10552=CARTESIAN_POINT('',(-0.0246227696462217,0.00257248889012073,0.0576803441494838));
#10553=CARTESIAN_POINT('',(-0.0243842822767499,0.00227453428687317,0.0574135440430699));
#10554=CARTESIAN_POINT('',(-0.0241443735575366,0.00197480391789331,0.05715));
#10555=CARTESIAN_POINT('',(0.0218970428182352,-0.0103619564183785,0.058));
#10556=CARTESIAN_POINT('',(0.0229638435829194,-0.00994547700712292,0.069));
#10557=CARTESIAN_POINT('',(0.0229638435829194,-0.00994547700712292,0.06875));
#10558=CARTESIAN_POINT('',(0.0229638435829194,-0.00994547700712292,0.0675717373838871));
#10559=CARTESIAN_POINT('',(0.0218970428182352,-0.0103619564183785,0.06875));
#10560=CARTESIAN_POINT('',(0.0218970428182352,-0.0103619564183785,0.06875));
#10561=CARTESIAN_POINT('',(0.0218970428182352,-0.0103619564183785,0.058));
#10562=CARTESIAN_POINT('',(0.0218970428182352,-0.0103619564183785,0.05715));
#10563=CARTESIAN_POINT('',(0.0218970428182352,-0.0103619564183785,0.05715));
#10564=CARTESIAN_POINT('',(0.0222546750481532,-0.0102223366641628,0.0574135440430699));
#10565=CARTESIAN_POINT('',(0.0226101884702213,-0.0100835440933118,0.0576803441494838));
#10566=CARTESIAN_POINT('',(0.0229638435829194,-0.00994547700712292,0.05795));
#10567=CARTESIAN_POINT('',(0.0229638435829194,-0.00994547700712292,0.05795));
#10568=CARTESIAN_POINT('',(0.0229638435829194,-0.00994547700712292,0.0593763932202157));
#10569=CARTESIAN_POINT('',(0.0229638435829194,-0.00994547700712293,0.0593764144875601));
#10570=CARTESIAN_POINT('',(0.0215965192307534,-0.0104792809375635,0.058678842343932));
#10571=CARTESIAN_POINT('',(0.0231416934444948,-0.00988240783023014,0.0594801794728906));
#10572=CARTESIAN_POINT('',(0.0225626456853257,-0.010102104814037,0.0597478084944856));
#10573=CARTESIAN_POINT('',(0.0229638435829194,-0.00994547700712292,0.0595717373838871));
#10574=CARTESIAN_POINT('',(0.0229638435829194,-0.00994547700712292,0.0613763932202157));
#10575=CARTESIAN_POINT('',(0.0229638435829194,-0.00994547700712294,0.0613764144875601));
#10576=CARTESIAN_POINT('',(0.0208742468773512,-0.0107612563302228,0.060310358397129));
#10577=CARTESIAN_POINT('',(0.0231416934444948,-0.00988240783023014,0.0614801794728906));
#10578=CARTESIAN_POINT('',(0.0232152240108354,-0.00984733799552351,0.0614614158075503));
#10579=CARTESIAN_POINT('',(0.0229638435829194,-0.00994547700712292,0.0615717373838871));
#10580=CARTESIAN_POINT('',(0.0229638435829194,-0.00994547700712292,0.0633763932202157));
#10581=CARTESIAN_POINT('',(0.0229638435829194,-0.00994547700712293,0.0633764144875601));
#10582=CARTESIAN_POINT('',(0.0201519745239489,-0.0110432317228822,0.0619418744503258));
#10583=CARTESIAN_POINT('',(0.0231416934444947,-0.00988240783023014,0.0634801794728905));
#10584=CARTESIAN_POINT('',(0.023867802336345,-0.00959257117701002,0.063175023120615));
#10585=CARTESIAN_POINT('',(0.0229638435829194,-0.00994547700712293,0.0635717373838871));
#10586=CARTESIAN_POINT('',(0.0229638435829194,-0.00994547700712292,0.0653763932202157));
#10587=CARTESIAN_POINT('',(0.0229638435829194,-0.00994547700712293,0.0653764144875602));
#10588=CARTESIAN_POINT('',(0.0194297021705467,-0.0113252071155415,0.0635733905035229));
#10589=CARTESIAN_POINT('',(0.0231416934444947,-0.00988240783023014,0.0654801794728905));
#10590=CARTESIAN_POINT('',(0.024520380661855,-0.00933780435849639,0.0648886304336796));
#10591=CARTESIAN_POINT('',(0.0229638435829194,-0.00994547700712292,0.0655717373838871));
#10592=CARTESIAN_POINT('',(0.0229638435829194,-0.00994547700712292,0.0673763932202157));
#10593=CARTESIAN_POINT('',(0.0229638435829194,-0.00994547700712293,0.0673764144875601));
#10594=CARTESIAN_POINT('',(0.0187074298171445,-0.0116071825082008,0.0652049065567198));
#10595=CARTESIAN_POINT('',(0.0231416934444948,-0.00988240783023014,0.0674801794728905));
#10596=CARTESIAN_POINT('',(0.0251729589873644,-0.00908303753998298,0.0666022377467445));
#10597=CARTESIAN_POINT('',(-0.00301141709681982,-0.0249740944193975,0.058));
#10598=CARTESIAN_POINT('',(-0.00197480391789332,-0.0241443735575366,0.058));
#10599=CARTESIAN_POINT('',(-0.00197480391789332,-0.0241443735575366,0.06875));
#10600=CARTESIAN_POINT('',(-0.00197480391789332,-0.0241443735575366,0.05715));
#10601=CARTESIAN_POINT('',(-0.00301141709681982,-0.0249740944193975,0.06875));
#10602=CARTESIAN_POINT('',(-0.00599347528422376,-0.0273609788809037,0.0660526613495388));
#10603=CARTESIAN_POINT('',(-0.00301243055829575,-0.0249824988782955,0.0678474690187091));
#10604=CARTESIAN_POINT('',(-0.000318801023476906,-0.0228188838023106,0.066417385932481));
#10605=CARTESIAN_POINT('',(-0.00286888605053587,-0.0248600104149021,0.0677557417568901));
#10606=CARTESIAN_POINT('',(-0.00286888605053587,-0.0248600104149021,0.0659510898619032));
#10607=CARTESIAN_POINT('',(-0.00286888605053587,-0.0248600104149021,0.0659510684739964));
#10608=CARTESIAN_POINT('',(-0.00538886947658884,-0.0268770432509163,0.064420001785948));
#10609=CARTESIAN_POINT('',(-0.00301243055829575,-0.0249824988782955,0.0658474690187092));
#10610=CARTESIAN_POINT('',(-0.000866607027071871,-0.0232573560103391,0.0647048898235711));
#10611=CARTESIAN_POINT('',(-0.00286888605053587,-0.0248600104149021,0.0657557417568902));
#10612=CARTESIAN_POINT('',(-0.00286888605053587,-0.0248600104149021,0.0639510898619033));
#10613=CARTESIAN_POINT('',(-0.00286888605053588,-0.0248600104149021,0.0639510684739964));
#10614=CARTESIAN_POINT('',(-0.00478426366895361,-0.0263931076209288,0.0627873422223577));
#10615=CARTESIAN_POINT('',(-0.00301243055829575,-0.0249824988782955,0.0638474690187092));
#10616=CARTESIAN_POINT('',(-0.00141441303066664,-0.0236958282183675,0.0629923937146608));
#10617=CARTESIAN_POINT('',(-0.00286888605053587,-0.0248600104149021,0.0637557417568901));
#10618=CARTESIAN_POINT('',(-0.00286888605053587,-0.0248600104149021,0.0619510898619032));
#10619=CARTESIAN_POINT('',(-0.00286888605053588,-0.0248600104149021,0.0619510684739964));
#10620=CARTESIAN_POINT('',(-0.00417965786131874,-0.0259091719909415,0.0611546826587667));
#10621=CARTESIAN_POINT('',(-0.00301243055829575,-0.0249824988782955,0.0618474690187091));
#10622=CARTESIAN_POINT('',(-0.00196221903426155,-0.024134300426396,0.0612798976057507));
#10623=CARTESIAN_POINT('',(-0.00286888605053587,-0.0248600104149021,0.0617557417568901));
#10624=CARTESIAN_POINT('',(-0.00286888605053587,-0.0248600104149021,0.0599510898619032));
#10625=CARTESIAN_POINT('',(-0.00286888605053588,-0.0248600104149021,0.0599510684739964));
#10626=CARTESIAN_POINT('',(-0.00357505205368377,-0.0254252363609541,0.0595220230951761));
#10627=CARTESIAN_POINT('',(-0.00301243055829576,-0.0249824988782955,0.0598474690187092));
#10628=CARTESIAN_POINT('',(-0.00251002503785653,-0.0245727726344246,0.0595674014968408));
#10629=CARTESIAN_POINT('',(-0.00286888605053587,-0.0248600104149021,0.0597557417568901));
#10630=CARTESIAN_POINT('',(-0.00286888605053586,-0.0248600104149021,0.058));
#10631=CARTESIAN_POINT('',(-0.00286888605053586,-0.0248600104149021,0.05795));
#10632=CARTESIAN_POINT('',(-0.00286888605053587,-0.0248600104149021,0.05795));
#10633=CARTESIAN_POINT('',(-0.00257248889012073,-0.0246227696462217,0.0576803441494838));
#10634=CARTESIAN_POINT('',(-0.00227453428687318,-0.0243842822767499,0.0574135440430699));
#10635=CARTESIAN_POINT('',(-0.00197480391789332,-0.0241443735575366,0.05715));
#10636=CARTESIAN_POINT('',(0.,1.53233930743313E-18,0.057));
#10637=CARTESIAN_POINT('',(-8.67361737988404E-18,8.67361737988404E-19,0.05795));
#10638=CARTESIAN_POINT('',(0.0248450293319382,-0.00299585421793751,0.0597004450793068));
#10639=CARTESIAN_POINT('',(0.0248501263887997,-0.00295358362730774,0.0597189690032824));
#10640=CARTESIAN_POINT('',(0.024855120275807,-0.00291126100258822,0.0597374014013817));
#10641=CARTESIAN_POINT('',(0.0248600104149021,-0.00286888605053587,0.0597557417568901));
#10642=CARTESIAN_POINT('',(0.0248450293314917,-0.00299585421771016,0.0597004450789108));
#10643=CARTESIAN_POINT('',(0.,1.53233930743313E-18,0.0346565679423902));
#10644=CARTESIAN_POINT('',(0.0245260913189117,-0.00497206894726979,0.0587501989017654));
#10645=CARTESIAN_POINT('',(0.025025,0.,0.067));
#10646=CARTESIAN_POINT('',(0.025025,-0.0103656943983867,0.0665));
#10647=CARTESIAN_POINT('',(0.0176953471991933,-0.0176953471991933,0.066));
#10648=CARTESIAN_POINT('',(0.0103656943983867,-0.025025,0.0655));
#10649=CARTESIAN_POINT('',(-5.77778983316171E-34,-0.025025,0.065));
#10650=CARTESIAN_POINT('',(-0.0103656943983867,-0.025025,0.0645));
#10651=CARTESIAN_POINT('',(-0.0176953471991933,-0.0176953471991933,0.064));
#10652=CARTESIAN_POINT('',(-0.025025,-0.0103656943983867,0.0635));
#10653=CARTESIAN_POINT('',(-0.025025,1.15555796663234E-33,0.063));
#10654=CARTESIAN_POINT('',(-0.025025,0.0103656943983867,0.0625));
#10655=CARTESIAN_POINT('',(-0.0176953471991933,0.0176953471991933,0.062));
#10656=CARTESIAN_POINT('',(-0.0103656943983867,0.025025,0.0614999999999999));
#10657=CARTESIAN_POINT('',(-3.06467861486625E-18,0.025025,0.061));
#10658=CARTESIAN_POINT('',(0.0103656943983867,0.025025,0.0605));
#10659=CARTESIAN_POINT('',(0.0176953471991933,0.0176953471991933,0.06));
#10660=CARTESIAN_POINT('',(0.025025,0.0103656943983867,0.0595));
#10661=CARTESIAN_POINT('',(0.025025,6.1293572297325E-18,0.059));
#10662=CARTESIAN_POINT('',(0.025025,-0.0103656943983867,0.0585));
#10663=CARTESIAN_POINT('',(0.0176953471991933,-0.0176953471991933,0.058));
#10664=CARTESIAN_POINT('',(0.0103656943983867,-0.025025,0.0575));
#10665=CARTESIAN_POINT('',(6.1293572297325E-18,-0.025025,0.057));
#10666=CARTESIAN_POINT('',(-0.0103656943983867,-0.025025,0.0565));
#10667=CARTESIAN_POINT('',(-0.0176953471991933,-0.0176953471991933,0.056));
#10668=CARTESIAN_POINT('',(-0.025025,-0.0103656943983867,0.0555));
#10669=CARTESIAN_POINT('',(-0.025025,-6.1293572297325E-18,0.055));
#10670=CARTESIAN_POINT('',(-0.025025,0.0103656943983867,0.0545));
#10671=CARTESIAN_POINT('',(-0.0176953471991933,0.0176953471991933,0.054));
#10672=CARTESIAN_POINT('',(-0.0103656943983867,0.025025,0.0535));
#10673=CARTESIAN_POINT('',(-9.19403584459875E-18,0.025025,0.053));
#10674=CARTESIAN_POINT('',(0.0103656943983867,0.025025,0.0525));
#10675=CARTESIAN_POINT('',(0.0176953471991933,0.0176953471991933,0.052));
#10676=CARTESIAN_POINT('',(0.025025,0.0103656943983867,0.0515));
#10677=CARTESIAN_POINT('',(0.025025,1.2258714459465E-17,0.051));
#10678=CARTESIAN_POINT('',(0.0237250866200722,-0.00796058351305099,0.0585900407207577));
#10679=CARTESIAN_POINT('',(0.,1.53233930743313E-18,0.034495118953445));
#10680=CARTESIAN_POINT('',(0.023014356681726,-0.00982802175039788,0.0593341407179708));
#10681=CARTESIAN_POINT('',(0.,1.53233930743313E-18,0.034495118953445));
#10682=CARTESIAN_POINT('',(0.,1.53233930743313E-18,0.057));
#10683=CARTESIAN_POINT('',(-8.67361737988404E-18,8.67361737988404E-19,0.05795));
#10684=CARTESIAN_POINT('',(-0.00299585421793747,-0.0248450293319382,0.0597004450793068));
#10685=CARTESIAN_POINT('',(-0.00295358362730771,-0.0248501263887997,0.0597189690032824));
#10686=CARTESIAN_POINT('',(-0.0029112610025882,-0.024855120275807,0.0597374014013817));
#10687=CARTESIAN_POINT('',(-0.00286888605053587,-0.0248600104149021,0.0597557417568901));
#10688=CARTESIAN_POINT('',(-0.00299585421771017,-0.0248450293314918,0.0597004450789109));
#10689=CARTESIAN_POINT('',(0.,1.53233930743313E-18,0.0346565679423903));
#10690=CARTESIAN_POINT('',(-0.00497206894726986,-0.0245260913189117,0.0587501989017654));
#10691=CARTESIAN_POINT('',(1.53233930743313E-18,-0.025025,0.067));
#10692=CARTESIAN_POINT('',(-0.0103656943983867,-0.025025,0.0665));
#10693=CARTESIAN_POINT('',(-0.0176953471991933,-0.0176953471991933,0.066));
#10694=CARTESIAN_POINT('',(-0.025025,-0.0103656943983867,0.0655));
#10695=CARTESIAN_POINT('',(-0.025025,-1.53233930743313E-18,0.065));
#10696=CARTESIAN_POINT('',(-0.025025,0.0103656943983867,0.0645));
#10697=CARTESIAN_POINT('',(-0.0176953471991933,0.0176953471991933,0.064));
#10698=CARTESIAN_POINT('',(-0.0103656943983867,0.025025,0.0635));
#10699=CARTESIAN_POINT('',(-1.53233930743313E-18,0.025025,0.063));
#10700=CARTESIAN_POINT('',(0.0103656943983867,0.025025,0.0625));
#10701=CARTESIAN_POINT('',(0.0176953471991933,0.0176953471991933,0.062));
#10702=CARTESIAN_POINT('',(0.025025,0.0103656943983867,0.0614999999999999));
#10703=CARTESIAN_POINT('',(0.025025,4.59701792229938E-18,0.061));
#10704=CARTESIAN_POINT('',(0.025025,-0.0103656943983867,0.0605));
#10705=CARTESIAN_POINT('',(0.0176953471991933,-0.0176953471991933,0.06));
#10706=CARTESIAN_POINT('',(0.0103656943983867,-0.025025,0.0595));
#10707=CARTESIAN_POINT('',(7.66169653716563E-18,-0.025025,0.059));
#10708=CARTESIAN_POINT('',(-0.0103656943983867,-0.025025,0.0585));
#10709=CARTESIAN_POINT('',(-0.0176953471991933,-0.0176953471991933,0.058));
#10710=CARTESIAN_POINT('',(-0.025025,-0.0103656943983867,0.0575));
#10711=CARTESIAN_POINT('',(-0.025025,-7.66169653716563E-18,0.057));
#10712=CARTESIAN_POINT('',(-0.025025,0.0103656943983867,0.0565));
#10713=CARTESIAN_POINT('',(-0.0176953471991933,0.0176953471991933,0.056));
#10714=CARTESIAN_POINT('',(-0.0103656943983867,0.025025,0.0555));
#10715=CARTESIAN_POINT('',(-7.66169653716562E-18,0.025025,0.055));
#10716=CARTESIAN_POINT('',(0.0103656943983867,0.025025,0.0545));
#10717=CARTESIAN_POINT('',(0.0176953471991933,0.0176953471991933,0.054));
#10718=CARTESIAN_POINT('',(0.025025,0.0103656943983867,0.0535));
#10719=CARTESIAN_POINT('',(0.025025,1.07263751520319E-17,0.053));
#10720=CARTESIAN_POINT('',(0.025025,-0.0103656943983867,0.0525));
#10721=CARTESIAN_POINT('',(0.0176953471991933,-0.0176953471991933,0.052));
#10722=CARTESIAN_POINT('',(0.0103656943983867,-0.025025,0.0515));
#10723=CARTESIAN_POINT('',(1.37910537668981E-17,-0.025025,0.051));
#10724=CARTESIAN_POINT('',(-0.0079605835130509,-0.0237250866200722,0.0585900407207577));
#10725=CARTESIAN_POINT('',(0.,1.53233930743313E-18,0.0344951189534442));
#10726=CARTESIAN_POINT('',(-0.00982802175039787,-0.023014356681726,0.0593341407179708));
#10727=CARTESIAN_POINT('',(0.,1.53233930743313E-18,0.0344951189534442));
#10728=CARTESIAN_POINT('',(0.,1.53233930743313E-18,0.057));
#10729=CARTESIAN_POINT('',(-8.67361737988404E-18,8.67361737988404E-19,0.05795));
#10730=CARTESIAN_POINT('',(-0.0248450293319382,0.00299585421793747,0.0597004450793068));
#10731=CARTESIAN_POINT('',(-0.0248501263887997,0.00295358362730771,0.0597189690032824));
#10732=CARTESIAN_POINT('',(-0.024855120275807,0.0029112610025882,0.0597374014013817));
#10733=CARTESIAN_POINT('',(-0.0248600104149021,0.00286888605053586,0.0597557417568901));
#10734=CARTESIAN_POINT('',(-0.0248450293314918,0.00299585421771016,0.0597004450789109));
#10735=CARTESIAN_POINT('',(0.,1.53233930743313E-18,0.0346565679423909));
#10736=CARTESIAN_POINT('',(-0.0245260913189117,0.00497206894726985,0.0587501989017654));
#10737=CARTESIAN_POINT('',(-0.025025,-3.06467861486625E-18,0.067));
#10738=CARTESIAN_POINT('',(-0.025025,0.0103656943983867,0.0665));
#10739=CARTESIAN_POINT('',(-0.0176953471991933,0.0176953471991933,0.066));
#10740=CARTESIAN_POINT('',(-0.0103656943983867,0.025025,0.0655));
#10741=CARTESIAN_POINT('',(-3.06467861486625E-18,0.025025,0.065));
#10742=CARTESIAN_POINT('',(0.0103656943983867,0.025025,0.0645));
#10743=CARTESIAN_POINT('',(0.0176953471991933,0.0176953471991933,0.064));
#10744=CARTESIAN_POINT('',(0.025025,0.0103656943983867,0.0635));
#10745=CARTESIAN_POINT('',(0.025025,3.06467861486625E-18,0.063));
#10746=CARTESIAN_POINT('',(0.025025,-0.0103656943983867,0.0625));
#10747=CARTESIAN_POINT('',(0.0176953471991933,-0.0176953471991933,0.062));
#10748=CARTESIAN_POINT('',(0.0103656943983867,-0.025025,0.0614999999999999));
#10749=CARTESIAN_POINT('',(6.1293572297325E-18,-0.025025,0.061));
#10750=CARTESIAN_POINT('',(-0.0103656943983867,-0.025025,0.0605));
#10751=CARTESIAN_POINT('',(-0.0176953471991933,-0.0176953471991933,0.06));
#10752=CARTESIAN_POINT('',(-0.025025,-0.0103656943983867,0.0595));
#10753=CARTESIAN_POINT('',(-0.025025,-9.19403584459875E-18,0.059));
#10754=CARTESIAN_POINT('',(-0.025025,0.0103656943983867,0.0585));
#10755=CARTESIAN_POINT('',(-0.0176953471991933,0.0176953471991933,0.058));
#10756=CARTESIAN_POINT('',(-0.0103656943983867,0.025025,0.0575));
#10757=CARTESIAN_POINT('',(-9.19403584459875E-18,0.025025,0.057));
#10758=CARTESIAN_POINT('',(0.0103656943983867,0.025025,0.0565));
#10759=CARTESIAN_POINT('',(0.0176953471991933,0.0176953471991933,0.056));
#10760=CARTESIAN_POINT('',(0.025025,0.0103656943983867,0.0555));
#10761=CARTESIAN_POINT('',(0.025025,9.19403584459875E-18,0.055));
#10762=CARTESIAN_POINT('',(0.025025,-0.0103656943983867,0.0545));
#10763=CARTESIAN_POINT('',(0.0176953471991933,-0.0176953471991933,0.054));
#10764=CARTESIAN_POINT('',(0.0103656943983867,-0.025025,0.0535));
#10765=CARTESIAN_POINT('',(1.2258714459465E-17,-0.025025,0.053));
#10766=CARTESIAN_POINT('',(-0.0103656943983867,-0.025025,0.0525));
#10767=CARTESIAN_POINT('',(-0.0176953471991933,-0.0176953471991934,0.052));
#10768=CARTESIAN_POINT('',(-0.025025,-0.0103656943983867,0.0515));
#10769=CARTESIAN_POINT('',(-0.025025,-1.53233930743312E-17,0.051));
#10770=CARTESIAN_POINT('',(-0.0237250866200722,0.00796058351305097,0.0585900407207577));
#10771=CARTESIAN_POINT('',(0.,1.53233930743313E-18,0.0344951189534439));
#10772=CARTESIAN_POINT('',(-0.023014356681726,0.00982802175039788,0.0593341407179708));
#10773=CARTESIAN_POINT('',(0.,1.53233930743313E-18,0.0344951189534439));
#10774=CARTESIAN_POINT('',(0.,1.53233930743313E-18,0.057));
#10775=CARTESIAN_POINT('',(-0.025025,-3.06467861486625E-18,0.06899));
#10776=CARTESIAN_POINT('',(-0.025025,0.0103656943983867,0.06849));
#10777=CARTESIAN_POINT('',(-0.0176953471991933,0.0176953471991933,0.06799));
#10778=CARTESIAN_POINT('',(-0.0103656943983867,0.025025,0.06749));
#10779=CARTESIAN_POINT('',(-3.06467861486625E-18,0.025025,0.06699));
#10780=CARTESIAN_POINT('',(0.0103656943983867,0.025025,0.06649));
#10781=CARTESIAN_POINT('',(0.0176953471991933,0.0176953471991933,0.06599));
#10782=CARTESIAN_POINT('',(0.025025,0.0103656943983867,0.06549));
#10783=CARTESIAN_POINT('',(0.025025,3.06467861486625E-18,0.06499));
#10784=CARTESIAN_POINT('',(0.025025,-0.0103656943983867,0.06449));
#10785=CARTESIAN_POINT('',(0.0176953471991933,-0.0176953471991933,0.06399));
#10786=CARTESIAN_POINT('',(0.0103656943983867,-0.025025,0.06349));
#10787=CARTESIAN_POINT('',(6.1293572297325E-18,-0.025025,0.06299));
#10788=CARTESIAN_POINT('',(-0.0103656943983867,-0.025025,0.06249));
#10789=CARTESIAN_POINT('',(-0.0176953471991933,-0.0176953471991933,0.06199));
#10790=CARTESIAN_POINT('',(-0.025025,-0.0103656943983867,0.06149));
#10791=CARTESIAN_POINT('',(-0.025025,-9.19403584459875E-18,0.06099));
#10792=CARTESIAN_POINT('',(-0.025025,0.0103656943983867,0.0604899999999999));
#10793=CARTESIAN_POINT('',(-0.0176953471991933,0.0176953471991933,0.05999));
#10794=CARTESIAN_POINT('',(-0.0103656943983867,0.025025,0.05949));
#10795=CARTESIAN_POINT('',(-9.19403584459875E-18,0.025025,0.05899));
#10796=CARTESIAN_POINT('',(0.0103656943983867,0.025025,0.05849));
#10797=CARTESIAN_POINT('',(0.0176953471991933,0.0176953471991933,0.05799));
#10798=CARTESIAN_POINT('',(0.025025,0.0103656943983867,0.05749));
#10799=CARTESIAN_POINT('',(0.025025,9.19403584459875E-18,0.05699));
#10800=CARTESIAN_POINT('',(0.025025,-0.0103656943983867,0.05649));
#10801=CARTESIAN_POINT('',(0.0176953471991933,-0.0176953471991933,0.05599));
#10802=CARTESIAN_POINT('',(0.0103656943983867,-0.025025,0.05549));
#10803=CARTESIAN_POINT('',(1.2258714459465E-17,-0.025025,0.05499));
#10804=CARTESIAN_POINT('',(-0.0103656943983867,-0.025025,0.05449));
#10805=CARTESIAN_POINT('',(-0.0176953471991933,-0.0176953471991934,0.05399));
#10806=CARTESIAN_POINT('',(-0.025025,-0.0103656943983867,0.05349));
#10807=CARTESIAN_POINT('',(-0.025025,-1.53233930743312E-17,0.05299));
#10808=CARTESIAN_POINT('',(-0.023726248783935,0.00795711905420697,0.0685802310498672));
#10809=CARTESIAN_POINT('',(0.,1.53233930743313E-18,0.06875));
#10810=CARTESIAN_POINT('',(-0.0230143536681933,0.00982802880720843,0.0676272114695611));
#10811=CARTESIAN_POINT('',(-0.0229976325885857,0.00986718465904323,0.0676086284975396));
#10812=CARTESIAN_POINT('',(-0.0229807961097928,0.00990633407057227,0.0675901369631743));
#10813=CARTESIAN_POINT('',(-0.0229638435829194,0.00994547700712293,0.0675717373838871));
#10814=CARTESIAN_POINT('',(-0.0230143536677231,0.00982802880718402,0.0676272114699327));
#10815=CARTESIAN_POINT('',(0.,1.53233930743313E-18,0.0926727141364533));
#10816=CARTESIAN_POINT('',(0.,1.53233930743313E-18,0.057));
#10817=CARTESIAN_POINT('',(0.,1.53233930743313E-18,0.0424951189534443));
#10818=CARTESIAN_POINT('',(-0.0237256677020036,0.00795885128362896,0.0665851358853124));
#10819=CARTESIAN_POINT('',(-0.023014356681726,0.00982802175039788,0.0673341407179708));
#10820=CARTESIAN_POINT('',(0.,1.53233930743313E-18,0.0424951189534443));
#10821=CARTESIAN_POINT('',(-0.0230143536681932,0.00982802880720844,0.0656272114695611));
#10822=CARTESIAN_POINT('',(-0.0229976325885857,0.00986718465904323,0.0656086284975396));
#10823=CARTESIAN_POINT('',(-0.0229807961097928,0.00990633407057228,0.0655901369631742));
#10824=CARTESIAN_POINT('',(-0.0229638435829194,0.00994547700712293,0.0655717373838871));
#10825=CARTESIAN_POINT('',(-0.0230143536677231,0.00982802880718403,0.0656272114699327));
#10826=CARTESIAN_POINT('',(0.,1.53233930743313E-18,0.090672714136454));
#10827=CARTESIAN_POINT('',(0.,1.53233930743313E-18,0.057));
#10828=CARTESIAN_POINT('',(0.,1.53233930743313E-18,0.0404951189534445));
#10829=CARTESIAN_POINT('',(-0.0237256677020036,0.00795885128362896,0.0645851358853124));
#10830=CARTESIAN_POINT('',(-0.023014356681726,0.0098280217503979,0.0653341407179708));
#10831=CARTESIAN_POINT('',(0.,1.53233930743313E-18,0.0404951189534445));
#10832=CARTESIAN_POINT('',(-0.0230143536681932,0.00982802880720846,0.0636272114695611));
#10833=CARTESIAN_POINT('',(-0.0229976325885857,0.00986718465904323,0.0636086284975396));
#10834=CARTESIAN_POINT('',(-0.0229807961097928,0.00990633407057229,0.0635901369631743));
#10835=CARTESIAN_POINT('',(-0.0229638435829194,0.00994547700712293,0.0635717373838872));
#10836=CARTESIAN_POINT('',(-0.0230143536677232,0.00982802880718405,0.0636272114699327));
#10837=CARTESIAN_POINT('',(0.,1.53233930743313E-18,0.0886727141364524));
#10838=CARTESIAN_POINT('',(0.,1.53233930743313E-18,0.057));
#10839=CARTESIAN_POINT('',(0.,1.53233930743313E-18,0.0384951189534431));
#10840=CARTESIAN_POINT('',(-0.0237256677020036,0.00795885128362893,0.0625851358853124));
#10841=CARTESIAN_POINT('',(-0.023014356681726,0.00982802175039788,0.0633341407179708));
#10842=CARTESIAN_POINT('',(0.,1.53233930743313E-18,0.0384951189534431));
#10843=CARTESIAN_POINT('',(-0.0230143536681932,0.00982802880720846,0.0616272114695611));
#10844=CARTESIAN_POINT('',(-0.0229976325885857,0.00986718465904324,0.0616086284975396));
#10845=CARTESIAN_POINT('',(-0.0229807961097928,0.00990633407057228,0.0615901369631742));
#10846=CARTESIAN_POINT('',(-0.0229638435829194,0.00994547700712293,0.0615717373838871));
#10847=CARTESIAN_POINT('',(-0.0230143536677232,0.00982802880718405,0.0616272114699327));
#10848=CARTESIAN_POINT('',(0.,1.53233930743313E-18,0.0866727141364533));
#10849=CARTESIAN_POINT('',(0.,1.53233930743313E-18,0.057));
#10850=CARTESIAN_POINT('',(0.,1.53233930743313E-18,0.0364951189534451));
#10851=CARTESIAN_POINT('',(-0.0237256677020036,0.00795885128362895,0.0605851358853124));
#10852=CARTESIAN_POINT('',(-0.023014356681726,0.00982802175039787,0.0613341407179708));
#10853=CARTESIAN_POINT('',(0.,1.53233930743313E-18,0.0364951189534451));
#10854=CARTESIAN_POINT('',(-0.0230143536681932,0.00982802880720846,0.0596272114695611));
#10855=CARTESIAN_POINT('',(-0.0229976325885857,0.00986718465904324,0.0596086284975396));
#10856=CARTESIAN_POINT('',(-0.0229807961097928,0.00990633407057227,0.0595901369631742));
#10857=CARTESIAN_POINT('',(-0.0229638435829194,0.00994547700712292,0.0595717373838871));
#10858=CARTESIAN_POINT('',(-0.0230143536677232,0.00982802880718403,0.0596272114699326));
#10859=CARTESIAN_POINT('',(0.,1.53233930743313E-18,0.0846727141364516));
#10860=CARTESIAN_POINT('',(0.,1.53233930743313E-18,0.057));
#10861=CARTESIAN_POINT('',(0.,1.53233930743313E-18,0.0848341374319982));
#10862=CARTESIAN_POINT('',(0.00497037323430952,0.0245264349614366,0.0607452875608734));
#10863=CARTESIAN_POINT('',(0.00299586191843179,0.0248450284033987,0.0599935156651811));
#10864=CARTESIAN_POINT('',(0.,1.53233930743313E-18,0.0848341374319982));
#10865=CARTESIAN_POINT('',(0.00299585421793749,0.0248450293319382,0.0617004450793068));
#10866=CARTESIAN_POINT('',(0.00295358362730773,0.0248501263887998,0.0617189690032824));
#10867=CARTESIAN_POINT('',(0.00291126100258822,0.024855120275807,0.0617374014013817));
#10868=CARTESIAN_POINT('',(0.00286888605053587,0.0248600104149021,0.0617557417568901));
#10869=CARTESIAN_POINT('',(0.00299585421771016,0.0248450293314917,0.0617004450789109));
#10870=CARTESIAN_POINT('',(0.,1.53233930743313E-18,0.0366565679423895));
#10871=CARTESIAN_POINT('',(0.,1.53233930743313E-18,0.057));
#10872=CARTESIAN_POINT('',(0.,1.53233930743313E-18,0.0868341374319982));
#10873=CARTESIAN_POINT('',(0.00497037323430951,0.0245264349614366,0.0627452875608734));
#10874=CARTESIAN_POINT('',(0.00299586191843177,0.0248450284033987,0.061993515665181));
#10875=CARTESIAN_POINT('',(0.,1.53233930743313E-18,0.0868341374319982));
#10876=CARTESIAN_POINT('',(0.00299585421793749,0.0248450293319382,0.0637004450793068));
#10877=CARTESIAN_POINT('',(0.00295358362730773,0.0248501263887997,0.0637189690032824));
#10878=CARTESIAN_POINT('',(0.00291126100258822,0.024855120275807,0.0637374014013817));
#10879=CARTESIAN_POINT('',(0.00286888605053588,0.0248600104149021,0.0637557417568901));
#10880=CARTESIAN_POINT('',(0.00299585421771017,0.0248450293314917,0.0637004450789108));
#10881=CARTESIAN_POINT('',(0.,1.53233930743313E-18,0.0386565679423901));
#10882=CARTESIAN_POINT('',(0.,1.53233930743313E-18,0.057));
#10883=CARTESIAN_POINT('',(0.,1.53233930743313E-18,0.0888341374319995));
#10884=CARTESIAN_POINT('',(0.00497037323430951,0.0245264349614366,0.0647452875608734));
#10885=CARTESIAN_POINT('',(0.00299586191843178,0.0248450284033987,0.063993515665181));
#10886=CARTESIAN_POINT('',(0.,1.53233930743313E-18,0.0888341374319995));
#10887=CARTESIAN_POINT('',(0.00299585421793749,0.0248450293319382,0.0657004450793068));
#10888=CARTESIAN_POINT('',(0.00295358362730772,0.0248501263887997,0.0657189690032824));
#10889=CARTESIAN_POINT('',(0.0029112610025882,0.024855120275807,0.0657374014013817));
#10890=CARTESIAN_POINT('',(0.00286888605053586,0.0248600104149021,0.0657557417568901));
#10891=CARTESIAN_POINT('',(0.00299585421771017,0.0248450293314917,0.0657004450789109));
#10892=CARTESIAN_POINT('',(0.,1.53233930743313E-18,0.0406565679423901));
#10893=CARTESIAN_POINT('',(0.,1.53233930743313E-18,0.057));
#10894=CARTESIAN_POINT('',(0.,1.53233930743313E-18,0.0908341374320006));
#10895=CARTESIAN_POINT('',(0.00497037323430953,0.0245264349614366,0.0667452875608734));
#10896=CARTESIAN_POINT('',(0.00299586191843174,0.0248450284033987,0.0659935156651811));
#10897=CARTESIAN_POINT('',(0.,1.53233930743313E-18,0.0908341374320006));
#10898=CARTESIAN_POINT('',(0.0029958542179375,0.0248450293319382,0.0677004450793068));
#10899=CARTESIAN_POINT('',(0.00295358362730773,0.0248501263887997,0.0677189690032824));
#10900=CARTESIAN_POINT('',(0.00291126100258821,0.024855120275807,0.0677374014013817));
#10901=CARTESIAN_POINT('',(0.00286888605053587,0.0248600104149021,0.0677557417568901));
#10902=CARTESIAN_POINT('',(0.00299585421771017,0.0248450293314917,0.0677004450789109));
#10903=CARTESIAN_POINT('',(0.,1.53233930743313E-18,0.0426565679423903));
#10904=CARTESIAN_POINT('',(0.,1.53233930743313E-18,0.057));
#10905=CARTESIAN_POINT('',(-4.59701792229938E-18,0.025025,0.06899));
#10906=CARTESIAN_POINT('',(0.0103656943983867,0.025025,0.06849));
#10907=CARTESIAN_POINT('',(0.0176953471991933,0.0176953471991933,0.06799));
#10908=CARTESIAN_POINT('',(0.025025,0.0103656943983867,0.06749));
#10909=CARTESIAN_POINT('',(0.025025,4.59701792229938E-18,0.06699));
#10910=CARTESIAN_POINT('',(0.025025,-0.0103656943983867,0.06649));
#10911=CARTESIAN_POINT('',(0.0176953471991933,-0.0176953471991933,0.06599));
#10912=CARTESIAN_POINT('',(0.0103656943983867,-0.025025,0.06549));
#10913=CARTESIAN_POINT('',(4.59701792229938E-18,-0.025025,0.06499));
#10914=CARTESIAN_POINT('',(-0.0103656943983867,-0.025025,0.06449));
#10915=CARTESIAN_POINT('',(-0.0176953471991933,-0.0176953471991933,0.06399));
#10916=CARTESIAN_POINT('',(-0.025025,-0.0103656943983867,0.06349));
#10917=CARTESIAN_POINT('',(-0.025025,-7.66169653716563E-18,0.06299));
#10918=CARTESIAN_POINT('',(-0.025025,0.0103656943983867,0.06249));
#10919=CARTESIAN_POINT('',(-0.0176953471991933,0.0176953471991933,0.06199));
#10920=CARTESIAN_POINT('',(-0.0103656943983867,0.025025,0.06149));
#10921=CARTESIAN_POINT('',(-1.07263751520319E-17,0.025025,0.06099));
#10922=CARTESIAN_POINT('',(0.0103656943983867,0.025025,0.0604899999999999));
#10923=CARTESIAN_POINT('',(0.0176953471991933,0.0176953471991933,0.05999));
#10924=CARTESIAN_POINT('',(0.025025,0.0103656943983867,0.05949));
#10925=CARTESIAN_POINT('',(0.025025,1.07263751520319E-17,0.05899));
#10926=CARTESIAN_POINT('',(0.025025,-0.0103656943983867,0.05849));
#10927=CARTESIAN_POINT('',(0.0176953471991933,-0.0176953471991933,0.05799));
#10928=CARTESIAN_POINT('',(0.0103656943983867,-0.025025,0.05749));
#10929=CARTESIAN_POINT('',(1.07263751520319E-17,-0.025025,0.05699));
#10930=CARTESIAN_POINT('',(-0.0103656943983867,-0.025025,0.05649));
#10931=CARTESIAN_POINT('',(-0.0176953471991933,-0.0176953471991933,0.05599));
#10932=CARTESIAN_POINT('',(-0.025025,-0.0103656943983867,0.05549));
#10933=CARTESIAN_POINT('',(-0.025025,-1.37910537668981E-17,0.05499));
#10934=CARTESIAN_POINT('',(-0.025025,0.0103656943983867,0.05449));
#10935=CARTESIAN_POINT('',(-0.0176953471991934,0.0176953471991933,0.05399));
#10936=CARTESIAN_POINT('',(-0.0103656943983867,0.025025,0.05349));
#10937=CARTESIAN_POINT('',(-1.68557323817644E-17,0.025025,0.05299));
#10938=CARTESIAN_POINT('',(0.00795711905420697,0.023726248783935,0.0685802310498672));
#10939=CARTESIAN_POINT('',(0.,1.53233930743313E-18,0.06875));
#10940=CARTESIAN_POINT('',(0.00982802880720847,0.0230143536681932,0.0676272114695611));
#10941=CARTESIAN_POINT('',(0.00986718465904325,0.0229976325885857,0.0676086284975396));
#10942=CARTESIAN_POINT('',(0.00990633407057227,0.0229807961097928,0.0675901369631742));
#10943=CARTESIAN_POINT('',(0.00994547700712292,0.0229638435829194,0.0675717373838871));
#10944=CARTESIAN_POINT('',(0.00982802880718404,0.0230143536677232,0.0676272114699326));
#10945=CARTESIAN_POINT('',(0.,1.53233930743313E-18,0.0926727141364546));
#10946=CARTESIAN_POINT('',(0.,1.53233930743313E-18,0.057));
#10947=CARTESIAN_POINT('',(-8.67361737988404E-18,8.67361737988404E-19,0.05795));
#10948=CARTESIAN_POINT('',(0.00299585421793748,0.0248450293319382,0.0597004450793068));
#10949=CARTESIAN_POINT('',(0.00295358362730772,0.0248501263887997,0.0597189690032824));
#10950=CARTESIAN_POINT('',(0.0029112610025882,0.024855120275807,0.0597374014013817));
#10951=CARTESIAN_POINT('',(0.00286888605053587,0.0248600104149021,0.0597557417568901));
#10952=CARTESIAN_POINT('',(0.00299585421771016,0.0248450293314917,0.0597004450789109));
#10953=CARTESIAN_POINT('',(0.,1.53233930743313E-18,0.0346565679423906));
#10954=CARTESIAN_POINT('',(0.00497206894726985,0.0245260913189117,0.0587501989017654));
#10955=CARTESIAN_POINT('',(-4.59701792229938E-18,0.025025,0.067));
#10956=CARTESIAN_POINT('',(0.0103656943983867,0.025025,0.0665));
#10957=CARTESIAN_POINT('',(0.0176953471991933,0.0176953471991933,0.066));
#10958=CARTESIAN_POINT('',(0.025025,0.0103656943983867,0.0655));
#10959=CARTESIAN_POINT('',(0.025025,4.59701792229938E-18,0.065));
#10960=CARTESIAN_POINT('',(0.025025,-0.0103656943983867,0.0645));
#10961=CARTESIAN_POINT('',(0.0176953471991933,-0.0176953471991933,0.064));
#10962=CARTESIAN_POINT('',(0.0103656943983867,-0.025025,0.0635));
#10963=CARTESIAN_POINT('',(4.59701792229938E-18,-0.025025,0.063));
#10964=CARTESIAN_POINT('',(-0.0103656943983867,-0.025025,0.0625));
#10965=CARTESIAN_POINT('',(-0.0176953471991933,-0.0176953471991933,0.062));
#10966=CARTESIAN_POINT('',(-0.025025,-0.0103656943983867,0.0614999999999999));
#10967=CARTESIAN_POINT('',(-0.025025,-7.66169653716562E-18,0.061));
#10968=CARTESIAN_POINT('',(-0.025025,0.0103656943983867,0.0605));
#10969=CARTESIAN_POINT('',(-0.0176953471991933,0.0176953471991933,0.06));
#10970=CARTESIAN_POINT('',(-0.0103656943983867,0.025025,0.0595));
#10971=CARTESIAN_POINT('',(-1.07263751520319E-17,0.025025,0.059));
#10972=CARTESIAN_POINT('',(0.0103656943983867,0.025025,0.0585));
#10973=CARTESIAN_POINT('',(0.0176953471991933,0.0176953471991933,0.058));
#10974=CARTESIAN_POINT('',(0.025025,0.0103656943983867,0.0575));
#10975=CARTESIAN_POINT('',(0.025025,1.07263751520319E-17,0.057));
#10976=CARTESIAN_POINT('',(0.025025,-0.0103656943983867,0.0565));
#10977=CARTESIAN_POINT('',(0.0176953471991933,-0.0176953471991933,0.056));
#10978=CARTESIAN_POINT('',(0.0103656943983867,-0.025025,0.0555));
#10979=CARTESIAN_POINT('',(1.07263751520319E-17,-0.025025,0.055));
#10980=CARTESIAN_POINT('',(-0.0103656943983867,-0.025025,0.0545));
#10981=CARTESIAN_POINT('',(-0.0176953471991933,-0.0176953471991933,0.054));
#10982=CARTESIAN_POINT('',(-0.025025,-0.0103656943983867,0.0535));
#10983=CARTESIAN_POINT('',(-0.025025,-1.37910537668981E-17,0.053));
#10984=CARTESIAN_POINT('',(-0.025025,0.0103656943983867,0.0525));
#10985=CARTESIAN_POINT('',(-0.0176953471991934,0.0176953471991933,0.052));
#10986=CARTESIAN_POINT('',(-0.0103656943983867,0.025025,0.0515));
#10987=CARTESIAN_POINT('',(-1.68557323817644E-17,0.025025,0.051));
#10988=CARTESIAN_POINT('',(0.00796058351305093,0.0237250866200722,0.0585900407207577));
#10989=CARTESIAN_POINT('',(0.,1.53233930743313E-18,0.0344951189534454));
#10990=CARTESIAN_POINT('',(0.00982802175039789,0.023014356681726,0.0593341407179708));
#10991=CARTESIAN_POINT('',(0.,1.53233930743313E-18,0.0344951189534454));
#10992=CARTESIAN_POINT('',(0.,1.53233930743313E-18,0.057));
#10993=CARTESIAN_POINT('',(1.53233930743313E-18,-0.025025,0.06899));
#10994=CARTESIAN_POINT('',(-0.0103656943983867,-0.025025,0.06849));
#10995=CARTESIAN_POINT('',(-0.0176953471991933,-0.0176953471991933,0.06799));
#10996=CARTESIAN_POINT('',(-0.025025,-0.0103656943983867,0.06749));
#10997=CARTESIAN_POINT('',(-0.025025,-1.53233930743313E-18,0.06699));
#10998=CARTESIAN_POINT('',(-0.025025,0.0103656943983867,0.06649));
#10999=CARTESIAN_POINT('',(-0.0176953471991933,0.0176953471991933,0.06599));
#11000=CARTESIAN_POINT('',(-0.0103656943983867,0.025025,0.06549));
#11001=CARTESIAN_POINT('',(-1.53233930743313E-18,0.025025,0.06499));
#11002=CARTESIAN_POINT('',(0.0103656943983867,0.025025,0.06449));
#11003=CARTESIAN_POINT('',(0.0176953471991933,0.0176953471991933,0.06399));
#11004=CARTESIAN_POINT('',(0.025025,0.0103656943983867,0.06349));
#11005=CARTESIAN_POINT('',(0.025025,4.59701792229938E-18,0.06299));
#11006=CARTESIAN_POINT('',(0.025025,-0.0103656943983867,0.06249));
#11007=CARTESIAN_POINT('',(0.0176953471991933,-0.0176953471991933,0.06199));
#11008=CARTESIAN_POINT('',(0.0103656943983867,-0.025025,0.06149));
#11009=CARTESIAN_POINT('',(7.66169653716563E-18,-0.025025,0.06099));
#11010=CARTESIAN_POINT('',(-0.0103656943983867,-0.025025,0.0604899999999999));
#11011=CARTESIAN_POINT('',(-0.0176953471991933,-0.0176953471991933,0.05999));
#11012=CARTESIAN_POINT('',(-0.025025,-0.0103656943983867,0.05949));
#11013=CARTESIAN_POINT('',(-0.025025,-7.66169653716563E-18,0.05899));
#11014=CARTESIAN_POINT('',(-0.025025,0.0103656943983867,0.05849));
#11015=CARTESIAN_POINT('',(-0.0176953471991933,0.0176953471991933,0.05799));
#11016=CARTESIAN_POINT('',(-0.0103656943983867,0.025025,0.05749));
#11017=CARTESIAN_POINT('',(-7.66169653716563E-18,0.025025,0.05699));
#11018=CARTESIAN_POINT('',(0.0103656943983867,0.025025,0.05649));
#11019=CARTESIAN_POINT('',(0.0176953471991933,0.0176953471991933,0.05599));
#11020=CARTESIAN_POINT('',(0.025025,0.0103656943983867,0.05549));
#11021=CARTESIAN_POINT('',(0.025025,1.07263751520319E-17,0.05499));
#11022=CARTESIAN_POINT('',(0.025025,-0.0103656943983867,0.05449));
#11023=CARTESIAN_POINT('',(0.0176953471991934,-0.0176953471991933,0.05399));
#11024=CARTESIAN_POINT('',(0.0103656943983867,-0.025025,0.05349));
#11025=CARTESIAN_POINT('',(1.37910537668981E-17,-0.025025,0.05299));
#11026=CARTESIAN_POINT('',(-0.00795711905420696,-0.023726248783935,0.0685802310498672));
#11027=CARTESIAN_POINT('',(0.,1.53233930743313E-18,0.06875));
#11028=CARTESIAN_POINT('',(-0.00982802880720843,-0.0230143536681932,0.0676272114695611));
#11029=CARTESIAN_POINT('',(-0.00986718465904322,-0.0229976325885857,0.0676086284975396));
#11030=CARTESIAN_POINT('',(-0.00990633407057227,-0.0229807961097928,0.0675901369631743));
#11031=CARTESIAN_POINT('',(-0.00994547700712292,-0.0229638435829194,0.0675717373838871));
#11032=CARTESIAN_POINT('',(-0.00982802880718404,-0.0230143536677232,0.0676272114699327));
#11033=CARTESIAN_POINT('',(0.,1.53233930743313E-18,0.0926727141364528));
#11034=CARTESIAN_POINT('',(0.,1.53233930743313E-18,0.057));
#11035=CARTESIAN_POINT('',(0.,1.53233930743313E-18,0.0424951189534437));
#11036=CARTESIAN_POINT('',(-0.00795885128362896,-0.0237256677020036,0.0665851358853124));
#11037=CARTESIAN_POINT('',(-0.0098280217503979,-0.023014356681726,0.0673341407179708));
#11038=CARTESIAN_POINT('',(0.,1.53233930743313E-18,0.0424951189534437));
#11039=CARTESIAN_POINT('',(-0.00982802880720843,-0.0230143536681932,0.0656272114695611));
#11040=CARTESIAN_POINT('',(-0.00986718465904322,-0.0229976325885857,0.0656086284975396));
#11041=CARTESIAN_POINT('',(-0.00990633407057227,-0.0229807961097928,0.0655901369631743));
#11042=CARTESIAN_POINT('',(-0.00994547700712292,-0.0229638435829194,0.0655717373838871));
#11043=CARTESIAN_POINT('',(-0.00982802880718401,-0.0230143536677231,0.0656272114699327));
#11044=CARTESIAN_POINT('',(0.,1.53233930743313E-18,0.0906727141364528));
#11045=CARTESIAN_POINT('',(0.,1.53233930743313E-18,0.057));
#11046=CARTESIAN_POINT('',(0.,1.53233930743313E-18,0.0404951189534428));
#11047=CARTESIAN_POINT('',(-0.00795885128362895,-0.0237256677020036,0.0645851358853124));
#11048=CARTESIAN_POINT('',(-0.00982802175039786,-0.023014356681726,0.0653341407179708));
#11049=CARTESIAN_POINT('',(0.,1.53233930743313E-18,0.0404951189534428));
#11050=CARTESIAN_POINT('',(-0.00982802880720844,-0.0230143536681932,0.0636272114695611));
#11051=CARTESIAN_POINT('',(-0.00986718465904323,-0.0229976325885857,0.0636086284975396));
#11052=CARTESIAN_POINT('',(-0.00990633407057227,-0.0229807961097928,0.0635901369631742));
#11053=CARTESIAN_POINT('',(-0.00994547700712292,-0.0229638435829194,0.0635717373838871));
#11054=CARTESIAN_POINT('',(-0.00982802880718402,-0.0230143536677231,0.0636272114699327));
#11055=CARTESIAN_POINT('',(0.,1.53233930743313E-18,0.0886727141364534));
#11056=CARTESIAN_POINT('',(0.,1.53233930743313E-18,0.057));
#11057=CARTESIAN_POINT('',(0.,1.53233930743313E-18,0.0384951189534442));
#11058=CARTESIAN_POINT('',(-0.00795885128362895,-0.0237256677020036,0.0625851358853124));
#11059=CARTESIAN_POINT('',(-0.00982802175039786,-0.023014356681726,0.0633341407179708));
#11060=CARTESIAN_POINT('',(0.,1.53233930743313E-18,0.0384951189534442));
#11061=CARTESIAN_POINT('',(-0.00982802880720845,-0.0230143536681933,0.0616272114695612));
#11062=CARTESIAN_POINT('',(-0.00986718465904326,-0.0229976325885857,0.0616086284975397));
#11063=CARTESIAN_POINT('',(-0.00990633407057226,-0.0229807961097928,0.0615901369631742));
#11064=CARTESIAN_POINT('',(-0.00994547700712293,-0.0229638435829194,0.0615717373838871));
#11065=CARTESIAN_POINT('',(-0.00982802880718403,-0.0230143536677232,0.0616272114699327));
#11066=CARTESIAN_POINT('',(0.,1.53233930743313E-18,0.0866727141364519));
#11067=CARTESIAN_POINT('',(0.,1.53233930743313E-18,0.057));
#11068=CARTESIAN_POINT('',(0.,1.53233930743313E-18,0.0364951189534446));
#11069=CARTESIAN_POINT('',(-0.00795885128362893,-0.0237256677020037,0.0605851358853124));
#11070=CARTESIAN_POINT('',(-0.00982802175039789,-0.023014356681726,0.0613341407179708));
#11071=CARTESIAN_POINT('',(0.,1.53233930743313E-18,0.0364951189534446));
#11072=CARTESIAN_POINT('',(-0.00982802880720845,-0.0230143536681932,0.0596272114695611));
#11073=CARTESIAN_POINT('',(-0.00986718465904324,-0.0229976325885857,0.0596086284975396));
#11074=CARTESIAN_POINT('',(-0.00990633407057228,-0.0229807961097928,0.0595901369631742));
#11075=CARTESIAN_POINT('',(-0.00994547700712293,-0.0229638435829194,0.0595717373838871));
#11076=CARTESIAN_POINT('',(-0.00982802880718404,-0.0230143536677232,0.0596272114699326));
#11077=CARTESIAN_POINT('',(0.,1.53233930743313E-18,0.0846727141364522));
#11078=CARTESIAN_POINT('',(0.,1.53233930743313E-18,0.057));
#11079=CARTESIAN_POINT('',(0.,1.53233930743313E-18,0.084834137431998));
#11080=CARTESIAN_POINT('',(-0.0245264349614366,0.00497037323430952,0.0607452875608734));
#11081=CARTESIAN_POINT('',(-0.0248450284033987,0.00299586191843175,0.0599935156651811));
#11082=CARTESIAN_POINT('',(0.,1.53233930743313E-18,0.084834137431998));
#11083=CARTESIAN_POINT('',(-0.0248450293319382,0.00299585421793749,0.0617004450793068));
#11084=CARTESIAN_POINT('',(-0.0248501263887997,0.00295358362730772,0.0617189690032824));
#11085=CARTESIAN_POINT('',(-0.024855120275807,0.00291126100258821,0.0617374014013817));
#11086=CARTESIAN_POINT('',(-0.0248600104149021,0.00286888605053587,0.0617557417568901));
#11087=CARTESIAN_POINT('',(-0.0248450293314917,0.00299585421771017,0.0617004450789109));
#11088=CARTESIAN_POINT('',(0.,1.53233930743313E-18,0.0366565679423911));
#11089=CARTESIAN_POINT('',(0.,1.53233930743313E-18,0.057));
#11090=CARTESIAN_POINT('',(0.,1.53233930743313E-18,0.0868341374319995));
#11091=CARTESIAN_POINT('',(-0.0245264349614366,0.00497037323430952,0.0627452875608734));
#11092=CARTESIAN_POINT('',(-0.0248450284033987,0.00299586191843177,0.0619935156651811));
#11093=CARTESIAN_POINT('',(0.,1.53233930743313E-18,0.0868341374319995));
#11094=CARTESIAN_POINT('',(-0.0248450293319382,0.00299585421793747,0.0637004450793068));
#11095=CARTESIAN_POINT('',(-0.0248501263887997,0.00295358362730771,0.0637189690032824));
#11096=CARTESIAN_POINT('',(-0.024855120275807,0.0029112610025882,0.0637374014013817));
#11097=CARTESIAN_POINT('',(-0.0248600104149021,0.00286888605053586,0.0637557417568901));
#11098=CARTESIAN_POINT('',(-0.0248450293314918,0.00299585421771017,0.0637004450789109));
#11099=CARTESIAN_POINT('',(0.,1.53233930743313E-18,0.0386565679423896));
#11100=CARTESIAN_POINT('',(0.,1.53233930743313E-18,0.057));
#11101=CARTESIAN_POINT('',(0.,1.53233930743313E-18,0.0888341374319975));
#11102=CARTESIAN_POINT('',(-0.0245264349614366,0.00497037323430954,0.0647452875608734));
#11103=CARTESIAN_POINT('',(-0.0248450284033988,0.00299586191843175,0.0639935156651811));
#11104=CARTESIAN_POINT('',(0.,1.53233930743313E-18,0.0888341374319975));
#11105=CARTESIAN_POINT('',(-0.0248450293319382,0.00299585421793749,0.0657004450793068));
#11106=CARTESIAN_POINT('',(-0.0248501263887997,0.00295358362730772,0.0657189690032824));
#11107=CARTESIAN_POINT('',(-0.024855120275807,0.0029112610025882,0.0657374014013817));
#11108=CARTESIAN_POINT('',(-0.0248600104149021,0.00286888605053586,0.0657557417568901));
#11109=CARTESIAN_POINT('',(-0.0248450293314917,0.00299585421771017,0.0657004450789109));
#11110=CARTESIAN_POINT('',(0.,1.53233930743313E-18,0.0406565679423912));
#11111=CARTESIAN_POINT('',(0.,1.53233930743313E-18,0.057));
#11112=CARTESIAN_POINT('',(0.,1.53233930743313E-18,0.0908341374319988));
#11113=CARTESIAN_POINT('',(-0.0245264349614366,0.00497037323430953,0.0667452875608734));
#11114=CARTESIAN_POINT('',(-0.0248450284033987,0.00299586191843181,0.0659935156651811));
#11115=CARTESIAN_POINT('',(0.,1.53233930743313E-18,0.0908341374319988));
#11116=CARTESIAN_POINT('',(-0.0248450293319382,0.00299585421793747,0.0677004450793068));
#11117=CARTESIAN_POINT('',(-0.0248501263887997,0.00295358362730771,0.0677189690032824));
#11118=CARTESIAN_POINT('',(-0.024855120275807,0.0029112610025882,0.0677374014013817));
#11119=CARTESIAN_POINT('',(-0.0248600104149021,0.00286888605053587,0.0677557417568901));
#11120=CARTESIAN_POINT('',(-0.0248450293314917,0.00299585421771017,0.0677004450789109));
#11121=CARTESIAN_POINT('',(0.,1.53233930743313E-18,0.0426565679423898));
#11122=CARTESIAN_POINT('',(0.,1.53233930743313E-18,0.057));
#11123=CARTESIAN_POINT('',(0.025025,0.,0.06899));
#11124=CARTESIAN_POINT('',(0.025025,-0.0103656943983867,0.06849));
#11125=CARTESIAN_POINT('',(0.0176953471991933,-0.0176953471991933,0.06799));
#11126=CARTESIAN_POINT('',(0.0103656943983867,-0.025025,0.06749));
#11127=CARTESIAN_POINT('',(0.,-0.025025,0.06699));
#11128=CARTESIAN_POINT('',(-0.0103656943983867,-0.025025,0.06649));
#11129=CARTESIAN_POINT('',(-0.0176953471991933,-0.0176953471991933,0.06599));
#11130=CARTESIAN_POINT('',(-0.025025,-0.0103656943983867,0.06549));
#11131=CARTESIAN_POINT('',(-0.025025,0.,0.06499));
#11132=CARTESIAN_POINT('',(-0.025025,0.0103656943983867,0.06449));
#11133=CARTESIAN_POINT('',(-0.0176953471991933,0.0176953471991933,0.06399));
#11134=CARTESIAN_POINT('',(-0.0103656943983867,0.025025,0.06349));
#11135=CARTESIAN_POINT('',(-3.06467861486625E-18,0.025025,0.06299));
#11136=CARTESIAN_POINT('',(0.0103656943983867,0.025025,0.06249));
#11137=CARTESIAN_POINT('',(0.0176953471991933,0.0176953471991933,0.06199));
#11138=CARTESIAN_POINT('',(0.025025,0.0103656943983867,0.06149));
#11139=CARTESIAN_POINT('',(0.025025,6.1293572297325E-18,0.06099));
#11140=CARTESIAN_POINT('',(0.025025,-0.0103656943983867,0.0604899999999999));
#11141=CARTESIAN_POINT('',(0.0176953471991933,-0.0176953471991933,0.05999));
#11142=CARTESIAN_POINT('',(0.0103656943983867,-0.025025,0.05949));
#11143=CARTESIAN_POINT('',(6.1293572297325E-18,-0.025025,0.05899));
#11144=CARTESIAN_POINT('',(-0.0103656943983867,-0.025025,0.05849));
#11145=CARTESIAN_POINT('',(-0.0176953471991933,-0.0176953471991933,0.05799));
#11146=CARTESIAN_POINT('',(-0.025025,-0.0103656943983867,0.05749));
#11147=CARTESIAN_POINT('',(-0.025025,-6.1293572297325E-18,0.05699));
#11148=CARTESIAN_POINT('',(-0.025025,0.0103656943983867,0.05649));
#11149=CARTESIAN_POINT('',(-0.0176953471991933,0.0176953471991933,0.05599));
#11150=CARTESIAN_POINT('',(-0.0103656943983867,0.025025,0.05549));
#11151=CARTESIAN_POINT('',(-9.19403584459875E-18,0.025025,0.05499));
#11152=CARTESIAN_POINT('',(0.0103656943983867,0.025025,0.05449));
#11153=CARTESIAN_POINT('',(0.0176953471991933,0.0176953471991934,0.05399));
#11154=CARTESIAN_POINT('',(0.025025,0.0103656943983867,0.05349));
#11155=CARTESIAN_POINT('',(0.025025,1.2258714459465E-17,0.05299));
#11156=CARTESIAN_POINT('',(0.023726248783935,-0.00795711905420697,0.0685802310498672));
#11157=CARTESIAN_POINT('',(0.,1.53233930743313E-18,0.06875));
#11158=CARTESIAN_POINT('',(0.0230143536681932,-0.00982802880720846,0.0676272114695611));
#11159=CARTESIAN_POINT('',(0.0229976325885857,-0.00986718465904324,0.0676086284975396));
#11160=CARTESIAN_POINT('',(0.0229807961097928,-0.00990633407057228,0.0675901369631742));
#11161=CARTESIAN_POINT('',(0.0229638435829194,-0.00994547700712293,0.0675717373838871));
#11162=CARTESIAN_POINT('',(0.0230143536677232,-0.00982802880718405,0.0676272114699326));
#11163=CARTESIAN_POINT('',(0.,1.53233930743313E-18,0.0926727141364523));
#11164=CARTESIAN_POINT('',(0.,1.53233930743313E-18,0.057));
#11165=CARTESIAN_POINT('',(0.,1.53233930743313E-18,0.0424951189534456));
#11166=CARTESIAN_POINT('',(0.0237256677020036,-0.00795885128362896,0.0665851358853124));
#11167=CARTESIAN_POINT('',(0.023014356681726,-0.00982802175039788,0.0673341407179708));
#11168=CARTESIAN_POINT('',(0.,1.53233930743313E-18,0.0424951189534456));
#11169=CARTESIAN_POINT('',(0.0230143536681932,-0.00982802880720845,0.0656272114695611));
#11170=CARTESIAN_POINT('',(0.0229976325885857,-0.00986718465904323,0.0656086284975396));
#11171=CARTESIAN_POINT('',(0.0229807961097928,-0.00990633407057227,0.0655901369631742));
#11172=CARTESIAN_POINT('',(0.0229638435829194,-0.00994547700712292,0.0655717373838871));
#11173=CARTESIAN_POINT('',(0.0230143536677232,-0.00982802880718404,0.0656272114699327));
#11174=CARTESIAN_POINT('',(0.,1.53233930743313E-18,0.0906727141364535));
#11175=CARTESIAN_POINT('',(0.,1.53233930743313E-18,0.057));
#11176=CARTESIAN_POINT('',(0.,1.53233930743313E-18,0.0404951189534448));
#11177=CARTESIAN_POINT('',(0.0237256677020036,-0.00795885128362896,0.0645851358853124));
#11178=CARTESIAN_POINT('',(0.023014356681726,-0.00982802175039787,0.0653341407179708));
#11179=CARTESIAN_POINT('',(0.,1.53233930743313E-18,0.0404951189534448));
#11180=CARTESIAN_POINT('',(0.0230143536681932,-0.00982802880720845,0.0636272114695611));
#11181=CARTESIAN_POINT('',(0.0229976325885857,-0.00986718465904324,0.0636086284975396));
#11182=CARTESIAN_POINT('',(0.0229807961097928,-0.00990633407057228,0.0635901369631742));
#11183=CARTESIAN_POINT('',(0.0229638435829194,-0.00994547700712293,0.0635717373838871));
#11184=CARTESIAN_POINT('',(0.0230143536677231,-0.00982802880718403,0.0636272114699327));
#11185=CARTESIAN_POINT('',(0.,1.53233930743313E-18,0.0886727141364523));
#11186=CARTESIAN_POINT('',(0.,1.53233930743313E-18,0.057));
#11187=CARTESIAN_POINT('',(0.,1.53233930743313E-18,0.038495118953444));
#11188=CARTESIAN_POINT('',(0.0237256677020036,-0.00795885128362896,0.0625851358853124));
#11189=CARTESIAN_POINT('',(0.023014356681726,-0.0098280217503979,0.0633341407179708));
#11190=CARTESIAN_POINT('',(0.,1.53233930743313E-18,0.038495118953444));
#11191=CARTESIAN_POINT('',(0.0230143536681932,-0.00982802880720846,0.0616272114695611));
#11192=CARTESIAN_POINT('',(0.0229976325885857,-0.00986718465904324,0.0616086284975396));
#11193=CARTESIAN_POINT('',(0.0229807961097928,-0.00990633407057227,0.0615901369631742));
#11194=CARTESIAN_POINT('',(0.0229638435829194,-0.00994547700712292,0.0615717373838871));
#11195=CARTESIAN_POINT('',(0.0230143536677232,-0.00982802880718404,0.0616272114699327));
#11196=CARTESIAN_POINT('',(0.,1.53233930743313E-18,0.0866727141364531));
#11197=CARTESIAN_POINT('',(0.,1.53233930743313E-18,0.057));
#11198=CARTESIAN_POINT('',(0.,1.53233930743313E-18,0.0364951189534449));
#11199=CARTESIAN_POINT('',(0.0237256677020036,-0.00795885128362897,0.0605851358853124));
#11200=CARTESIAN_POINT('',(0.023014356681726,-0.00982802175039789,0.0613341407179708));
#11201=CARTESIAN_POINT('',(0.,1.53233930743313E-18,0.0364951189534449));
#11202=CARTESIAN_POINT('',(0.0230143536681932,-0.00982802880720845,0.0596272114695611));
#11203=CARTESIAN_POINT('',(0.0229976325885857,-0.00986718465904324,0.0596086284975396));
#11204=CARTESIAN_POINT('',(0.0229807961097928,-0.00990633407057227,0.0595901369631742));
#11205=CARTESIAN_POINT('',(0.0229638435829194,-0.00994547700712292,0.0595717373838871));
#11206=CARTESIAN_POINT('',(0.0230143536677232,-0.00982802880718403,0.0596272114699327));
#11207=CARTESIAN_POINT('',(0.,1.53233930743313E-18,0.0846727141364532));
#11208=CARTESIAN_POINT('',(0.,1.53233930743313E-18,0.057));
#11209=CARTESIAN_POINT('',(0.,1.53233930743313E-18,0.0848341374319973));
#11210=CARTESIAN_POINT('',(-0.00497037323430952,-0.0245264349614366,0.0607452875608734));
#11211=CARTESIAN_POINT('',(-0.00299586191843176,-0.0248450284033987,0.0599935156651811));
#11212=CARTESIAN_POINT('',(0.,1.53233930743313E-18,0.0848341374319973));
#11213=CARTESIAN_POINT('',(-0.00299585421793748,-0.0248450293319382,0.0617004450793068));
#11214=CARTESIAN_POINT('',(-0.00295358362730772,-0.0248501263887997,0.0617189690032824));
#11215=CARTESIAN_POINT('',(-0.00291126100258821,-0.024855120275807,0.0617374014013817));
#11216=CARTESIAN_POINT('',(-0.00286888605053587,-0.0248600104149021,0.0617557417568901));
#11217=CARTESIAN_POINT('',(-0.00299585421771018,-0.0248450293314918,0.0617004450789109));
#11218=CARTESIAN_POINT('',(0.,1.53233930743313E-18,0.0366565679423888));
#11219=CARTESIAN_POINT('',(0.,1.53233930743313E-18,0.057));
#11220=CARTESIAN_POINT('',(0.,1.53233930743313E-18,0.0868341374319986));
#11221=CARTESIAN_POINT('',(-0.00497037323430951,-0.0245264349614366,0.0627452875608734));
#11222=CARTESIAN_POINT('',(-0.00299586191843177,-0.0248450284033987,0.061993515665181));
#11223=CARTESIAN_POINT('',(0.,1.53233930743313E-18,0.0868341374319986));
#11224=CARTESIAN_POINT('',(-0.0029958542179375,-0.0248450293319382,0.0637004450793068));
#11225=CARTESIAN_POINT('',(-0.00295358362730773,-0.0248501263887997,0.0637189690032824));
#11226=CARTESIAN_POINT('',(-0.00291126100258821,-0.024855120275807,0.0637374014013817));
#11227=CARTESIAN_POINT('',(-0.00286888605053587,-0.0248600104149021,0.0637557417568901));
#11228=CARTESIAN_POINT('',(-0.00299585421771017,-0.0248450293314917,0.0637004450789108));
#11229=CARTESIAN_POINT('',(0.,1.53233930743313E-18,0.0386565679423885));
#11230=CARTESIAN_POINT('',(0.,1.53233930743313E-18,0.057));
#11231=CARTESIAN_POINT('',(0.,1.53233930743313E-18,0.0888341374319965));
#11232=CARTESIAN_POINT('',(-0.00497037323430954,-0.0245264349614366,0.0647452875608734));
#11233=CARTESIAN_POINT('',(-0.0029958619184318,-0.0248450284033987,0.0639935156651811));
#11234=CARTESIAN_POINT('',(0.,1.53233930743313E-18,0.0888341374319965));
#11235=CARTESIAN_POINT('',(-0.00299585421793749,-0.0248450293319382,0.0657004450793068));
#11236=CARTESIAN_POINT('',(-0.00295358362730772,-0.0248501263887997,0.0657189690032824));
#11237=CARTESIAN_POINT('',(-0.0029112610025882,-0.024855120275807,0.0657374014013817));
#11238=CARTESIAN_POINT('',(-0.00286888605053586,-0.0248600104149021,0.0657557417568901));
#11239=CARTESIAN_POINT('',(-0.00299585421771017,-0.0248450293314917,0.0657004450789109));
#11240=CARTESIAN_POINT('',(0.,1.53233930743313E-18,0.0406565679423907));
#11241=CARTESIAN_POINT('',(0.,1.53233930743313E-18,0.057));
#11242=CARTESIAN_POINT('',(0.,1.53233930743313E-18,0.0908341374320002));
#11243=CARTESIAN_POINT('',(-0.00497037323430953,-0.0245264349614366,0.0667452875608735));
#11244=CARTESIAN_POINT('',(-0.00299586191843175,-0.0248450284033987,0.0659935156651811));
#11245=CARTESIAN_POINT('',(0.,1.53233930743313E-18,0.0908341374320002));
#11246=CARTESIAN_POINT('',(-0.00299585421793748,-0.0248450293319381,0.0677004450793068));
#11247=CARTESIAN_POINT('',(-0.00295358362730772,-0.0248501263887997,0.0677189690032824));
#11248=CARTESIAN_POINT('',(-0.00291126100258822,-0.024855120275807,0.0677374014013817));
#11249=CARTESIAN_POINT('',(-0.00286888605053587,-0.0248600104149021,0.0677557417568901));
#11250=CARTESIAN_POINT('',(-0.00299585421771017,-0.0248450293314917,0.0677004450789109));
#11251=CARTESIAN_POINT('',(0.,1.53233930743313E-18,0.0426565679423905));
#11252=CARTESIAN_POINT('',(0.,1.53233930743313E-18,0.057));
#11253=CARTESIAN_POINT('',(0.,1.53233930743313E-18,0.0424951189534433));
#11254=CARTESIAN_POINT('',(0.00795885128362897,0.0237256677020036,0.0665851358853124));
#11255=CARTESIAN_POINT('',(0.0098280217503979,0.023014356681726,0.0673341407179708));
#11256=CARTESIAN_POINT('',(0.,1.53233930743313E-18,0.0424951189534433));
#11257=CARTESIAN_POINT('',(0.00982802880720847,0.0230143536681932,0.0656272114695611));
#11258=CARTESIAN_POINT('',(0.00986718465904325,0.0229976325885857,0.0656086284975396));
#11259=CARTESIAN_POINT('',(0.00990633407057229,0.0229807961097928,0.0655901369631743));
#11260=CARTESIAN_POINT('',(0.00994547700712293,0.0229638435829194,0.0655717373838871));
#11261=CARTESIAN_POINT('',(0.00982802880718404,0.0230143536677232,0.0656272114699327));
#11262=CARTESIAN_POINT('',(0.,1.53233930743313E-18,0.0906727141364535));
#11263=CARTESIAN_POINT('',(0.,1.53233930743313E-18,0.057));
#11264=CARTESIAN_POINT('',(0.,1.53233930743313E-18,0.0404951189534449));
#11265=CARTESIAN_POINT('',(0.00795885128362895,0.0237256677020036,0.0645851358853124));
#11266=CARTESIAN_POINT('',(0.00982802175039786,0.023014356681726,0.0653341407179708));
#11267=CARTESIAN_POINT('',(0.,1.53233930743313E-18,0.0404951189534449));
#11268=CARTESIAN_POINT('',(0.00982802880720846,0.0230143536681933,0.0636272114695612));
#11269=CARTESIAN_POINT('',(0.00986718465904326,0.0229976325885857,0.0636086284975397));
#11270=CARTESIAN_POINT('',(0.00990633407057226,0.0229807961097928,0.0635901369631743));
#11271=CARTESIAN_POINT('',(0.00994547700712292,0.0229638435829194,0.0635717373838871));
#11272=CARTESIAN_POINT('',(0.00982802880718403,0.0230143536677231,0.0636272114699327));
#11273=CARTESIAN_POINT('',(0.,1.53233930743313E-18,0.0886727141364509));
#11274=CARTESIAN_POINT('',(0.,1.53233930743313E-18,0.057));
#11275=CARTESIAN_POINT('',(0.,1.53233930743313E-18,0.0384951189534451));
#11276=CARTESIAN_POINT('',(0.00795885128362895,0.0237256677020036,0.0625851358853124));
#11277=CARTESIAN_POINT('',(0.00982802175039787,0.023014356681726,0.0633341407179708));
#11278=CARTESIAN_POINT('',(0.,1.53233930743313E-18,0.0384951189534451));
#11279=CARTESIAN_POINT('',(0.00982802880720848,0.0230143536681932,0.0616272114695611));
#11280=CARTESIAN_POINT('',(0.00986718465904326,0.0229976325885857,0.0616086284975396));
#11281=CARTESIAN_POINT('',(0.00990633407057229,0.0229807961097928,0.0615901369631742));
#11282=CARTESIAN_POINT('',(0.00994547700712293,0.0229638435829194,0.0615717373838871));
#11283=CARTESIAN_POINT('',(0.00982802880718404,0.0230143536677232,0.0616272114699327));
#11284=CARTESIAN_POINT('',(0.,1.53233930743313E-18,0.0866727141364529));
#11285=CARTESIAN_POINT('',(0.,1.53233930743313E-18,0.057));
#11286=CARTESIAN_POINT('',(0.,1.53233930743313E-18,0.0364951189534437));
#11287=CARTESIAN_POINT('',(0.00795885128362895,0.0237256677020036,0.0605851358853124));
#11288=CARTESIAN_POINT('',(0.00982802175039788,0.023014356681726,0.0613341407179708));
#11289=CARTESIAN_POINT('',(0.,1.53233930743313E-18,0.0364951189534437));
#11290=CARTESIAN_POINT('',(0.00982802880720845,0.0230143536681932,0.0596272114695611));
#11291=CARTESIAN_POINT('',(0.00986718465904324,0.0229976325885857,0.0596086284975396));
#11292=CARTESIAN_POINT('',(0.00990633407057227,0.0229807961097928,0.0595901369631742));
#11293=CARTESIAN_POINT('',(0.00994547700712292,0.0229638435829194,0.0595717373838871));
#11294=CARTESIAN_POINT('',(0.00982802880718404,0.0230143536677232,0.0596272114699327));
#11295=CARTESIAN_POINT('',(0.,1.53233930743313E-18,0.0846727141364531));
#11296=CARTESIAN_POINT('',(0.,1.53233930743313E-18,0.057));
#11297=CARTESIAN_POINT('',(0.,1.53233930743313E-18,0.0848341374319984));
#11298=CARTESIAN_POINT('',(0.0245264349614366,-0.00497037323430952,0.0607452875608734));
#11299=CARTESIAN_POINT('',(0.0248450284033987,-0.0029958619184318,0.0599935156651811));
#11300=CARTESIAN_POINT('',(0.,1.53233930743313E-18,0.0848341374319984));
#11301=CARTESIAN_POINT('',(0.0248450293319382,-0.00299585421793747,0.0617004450793068));
#11302=CARTESIAN_POINT('',(0.0248501263887997,-0.00295358362730771,0.0617189690032824));
#11303=CARTESIAN_POINT('',(0.024855120275807,-0.00291126100258821,0.0617374014013817));
#11304=CARTESIAN_POINT('',(0.0248600104149021,-0.00286888605053587,0.0617557417568901));
#11305=CARTESIAN_POINT('',(0.0248450293314917,-0.00299585421771017,0.0617004450789109));
#11306=CARTESIAN_POINT('',(0.,1.53233930743313E-18,0.0366565679423901));
#11307=CARTESIAN_POINT('',(0.,1.53233930743313E-18,0.057));
#11308=CARTESIAN_POINT('',(0.,1.53233930743313E-18,0.0868341374319984));
#11309=CARTESIAN_POINT('',(0.0245264349614366,-0.00497037323430951,0.0627452875608734));
#11310=CARTESIAN_POINT('',(0.0248450284033987,-0.00299586191843174,0.0619935156651811));
#11311=CARTESIAN_POINT('',(0.,1.53233930743313E-18,0.0868341374319984));
#11312=CARTESIAN_POINT('',(0.0248450293319382,-0.00299585421793749,0.0637004450793068));
#11313=CARTESIAN_POINT('',(0.0248501263887997,-0.00295358362730772,0.0637189690032824));
#11314=CARTESIAN_POINT('',(0.024855120275807,-0.00291126100258821,0.0637374014013817));
#11315=CARTESIAN_POINT('',(0.0248600104149021,-0.00286888605053586,0.0637557417568901));
#11316=CARTESIAN_POINT('',(0.0248450293314917,-0.00299585421771016,0.0637004450789108));
#11317=CARTESIAN_POINT('',(0.,1.53233930743313E-18,0.0386565679423901));
#11318=CARTESIAN_POINT('',(0.,1.53233930743313E-18,0.057));
#11319=CARTESIAN_POINT('',(0.,1.53233930743313E-18,0.088834137431999));
#11320=CARTESIAN_POINT('',(0.0245264349614366,-0.00497037323430954,0.0647452875608734));
#11321=CARTESIAN_POINT('',(0.0248450284033987,-0.0029958619184318,0.063993515665181));
#11322=CARTESIAN_POINT('',(0.,1.53233930743313E-18,0.088834137431999));
#11323=CARTESIAN_POINT('',(0.0248450293319382,-0.00299585421793747,0.0657004450793068));
#11324=CARTESIAN_POINT('',(0.0248501263887997,-0.0029535836273077,0.0657189690032824));
#11325=CARTESIAN_POINT('',(0.024855120275807,-0.0029112610025882,0.0657374014013817));
#11326=CARTESIAN_POINT('',(0.0248600104149021,-0.00286888605053586,0.0657557417568901));
#11327=CARTESIAN_POINT('',(0.0248450293314918,-0.00299585421771017,0.0657004450789109));
#11328=CARTESIAN_POINT('',(0.,1.53233930743313E-18,0.0406565679423905));
#11329=CARTESIAN_POINT('',(0.,1.53233930743313E-18,0.057));
#11330=CARTESIAN_POINT('',(0.,1.53233930743313E-18,0.0908341374319987));
#11331=CARTESIAN_POINT('',(0.0245264349614366,-0.00497037323430952,0.0667452875608735));
#11332=CARTESIAN_POINT('',(0.0248450284033987,-0.00299586191843179,0.0659935156651811));
#11333=CARTESIAN_POINT('',(0.,1.53233930743313E-18,0.0908341374319987));
#11334=CARTESIAN_POINT('',(0.0248450293319382,-0.00299585421793747,0.0677004450793068));
#11335=CARTESIAN_POINT('',(0.0248501263887997,-0.00295358362730771,0.0677189690032824));
#11336=CARTESIAN_POINT('',(0.024855120275807,-0.0029112610025882,0.0677374014013817));
#11337=CARTESIAN_POINT('',(0.0248600104149021,-0.00286888605053587,0.0677557417568901));
#11338=CARTESIAN_POINT('',(0.0248450293314918,-0.00299585421771017,0.0677004450789109));
#11339=CARTESIAN_POINT('',(0.,1.53233930743313E-18,0.04265656794239));
#11340=CARTESIAN_POINT('',(0.,0.,0.017971029815598));
#11341=CARTESIAN_POINT('',(-0.0269821314541096,0.000982131454109579,0.0421385296895476));
#11342=CARTESIAN_POINT('',(-0.0269821314541096,0.000982131454109575,0.0386563982354381));
#11343=CARTESIAN_POINT('',(-0.0269821314541096,0.00098213145410957,0.0456206611436572));
#11344=CARTESIAN_POINT('',(0.,0.,0.0186385296895477));
#11345=CARTESIAN_POINT('',(-0.0269821314541096,-0.000982131454109563,0.0456206611436572));
#11346=CARTESIAN_POINT('',(-0.0269821314541096,-0.000982131454109553,0.0421385296895476));
#11347=CARTESIAN_POINT('',(-0.0269821314541096,-0.00098213145410956,0.038656398235438));
#11348=CARTESIAN_POINT('',(0.,0.,0.0656385296895476));
#11349=CARTESIAN_POINT('',(0.0197465499437176,0.0184139557216874,0.0295));
#11350=CARTESIAN_POINT('',(0.0197465499437176,0.0184139557216874,0.0295));
#11351=CARTESIAN_POINT('',(0.,0.,0.0295));
#11352=CARTESIAN_POINT('',(0.0180665263716891,0.0200649102878897,0.0295));
#11353=CARTESIAN_POINT('',(0.0180665263716891,0.0200649102878897,0.0295));
#11354=CARTESIAN_POINT('',(3.10387190486525E-17,-1.76941794549634E-16,0.044));
#11355=CARTESIAN_POINT('',(-0.000332919088070622,0.0269979474197725,0.044));
#11356=CARTESIAN_POINT('',(-0.00887411967464943,0.0255,0.044));
#11357=CARTESIAN_POINT('',(0.,0.,0.0250196541869658));
#11358=CARTESIAN_POINT('',(5.42101086242752E-20,0.027,0.0439252577186279));
#11359=CARTESIAN_POINT('',(0.,0.027,0.017971029815598));
#11360=CARTESIAN_POINT('',(6.16297582203916E-33,0.027,0.044));
#11361=CARTESIAN_POINT('',(3.10387190486525E-17,-1.76941794549634E-16,0.044));
#11362=CARTESIAN_POINT('',(0.001,0.0269814751264641,0.044));
#11363=CARTESIAN_POINT('',(0.001,0.0269814751264641,0.017971029815598));
#11364=CARTESIAN_POINT('',(0.000999823425684682,0.0269887366379705,0.0466385296895476));
#11365=CARTESIAN_POINT('',(0.,0.,0.0466385296895477));
#11366=CARTESIAN_POINT('',(-0.00887411967464943,0.0255,0.0466385296895476));
#11367=CARTESIAN_POINT('',(-0.00887411967464943,0.0255,0.047154816716614));
#11368=CARTESIAN_POINT('',(-0.00887411967464943,0.0255,0.0445));
#11369=CARTESIAN_POINT('',(-0.00887411967464943,0.0255,0.044));
#11370=CARTESIAN_POINT('',(-0.02975,0.,0.0275));
#11371=CARTESIAN_POINT('',(0.,1.82472373072975E-18,0.0275));
#11372=CARTESIAN_POINT('',(-0.0301000000000031,1.82472373072975E-18,0.0275));
#11373=CARTESIAN_POINT('',(0.,0.,0.0275));
#11374=CARTESIAN_POINT('',(-0.0325,0.,0.0275));
#11375=CARTESIAN_POINT('',(-0.00443705983732471,0.0255,0.044));
#11376=CARTESIAN_POINT('',(0.,0.,0.046832489368327));
#11377=CARTESIAN_POINT('',(-0.00455784235626225,0.0254979354892854,0.0468321195692494));
#11378=CARTESIAN_POINT('',(-0.00453431361950187,0.0255,0.046832489368327));
#11379=CARTESIAN_POINT('',(-0.00453431361950187,0.0255,0.0473631905951733));
#11380=CARTESIAN_POINT('',(-0.00453431361950187,0.0255,0.044));
#11381=CARTESIAN_POINT('',(-0.00443705983732471,0.0255,0.044));
#11382=CARTESIAN_POINT('',(-0.00443705983732471,0.0255,0.0445));
#11383=CARTESIAN_POINT('',(-0.0045582113945471,0.0255,0.0445));
#11384=CARTESIAN_POINT('',(-0.0045582113945471,0.0255,0.0467876288572635));
#11385=CARTESIAN_POINT('',(0.,0.0148942501991987,0.044));
#11386=CARTESIAN_POINT('',(-0.00360587261002574,0.0259283691898569,0.044));
#11387=CARTESIAN_POINT('',(-0.000950531843108713,0.0267961159079971,0.044));
#11388=CARTESIAN_POINT('',(7.69783542464708E-18,5.20417042793042E-18,0.044));
#11389=CARTESIAN_POINT('',(0.001,0.0258806877806599,0.044));
#11390=CARTESIAN_POINT('',(0.001,0.02625,0.044));
#11391=CARTESIAN_POINT('',(0.,0.0148942501991987,0.044));
#11392=CARTESIAN_POINT('',(3.46944695195361E-18,0.026685925996629,0.044));
#11393=CARTESIAN_POINT('',(-0.0034816217571602,0.0255481564526134,0.044));
#11394=CARTESIAN_POINT('',(-0.000950531843108714,0.0263752988644651,0.044));
#11395=CARTESIAN_POINT('',(-0.000950531843108713,0.0148942501991987,0.044));
#11396=CARTESIAN_POINT('',(0.001,0.02625,0.044));
#11397=CARTESIAN_POINT('',(0.001,0.0258806877806599,0.0473631905951733));
#11398=CARTESIAN_POINT('',(0.00100029299975322,0.0258806763963771,0.046833194048788));
#11399=CARTESIAN_POINT('',(0.001,0.,0.0513993581686762));
#11400=CARTESIAN_POINT('',(0.,0.,0.047));
#11401=CARTESIAN_POINT('',(0.,0.,0.0469515100803052));
#11402=CARTESIAN_POINT('',(-0.025225,0.,0.0469515100803052));
#11403=CARTESIAN_POINT('',(-0.0045582113945471,0.0255,0.0468317497701717));
#11404=CARTESIAN_POINT('',(-0.00465406568208503,0.0255,0.0468287756762101));
#11405=CARTESIAN_POINT('',(-0.00482866023126585,0.0256568099111532,0.046795954429215));
#11406=CARTESIAN_POINT('',(-0.00471146598042971,0.0258603259991774,0.0467644554544628));
#11407=CARTESIAN_POINT('',(-0.00462033682097988,0.0258901063686218,0.0467621090259007));
#11408=CARTESIAN_POINT('',(-0.00462033682097987,0.0258901063686218,0.0467621090259007));
#11409=CARTESIAN_POINT('',(-0.00462033682097987,0.0258901063686217,0.0467621090259007));
#11410=CARTESIAN_POINT('',(-0.00307955644317361,0.0263936225774917,0.0467224364215636));
#11411=CARTESIAN_POINT('',(-0.00153947155673976,0.0268969115046646,0.0466567069726759));
#11412=CARTESIAN_POINT('',(6.36699425648271E-19,0.0274,0.0465679988972643));
#11413=CARTESIAN_POINT('',(1.95156391047391E-18,0.0274,0.0465679988972643));
#11414=CARTESIAN_POINT('',(0.,0.,0.0513993581686762));
#11415=CARTESIAN_POINT('',(0.,0.0284,0.0463916719165558));
#11416=CARTESIAN_POINT('',(-5.43898885755954E-19,0.0284,0.0463916719165558));
#11417=CARTESIAN_POINT('',(-0.00295582723207014,0.0274340564149151,0.0465619938324485));
#11418=CARTESIAN_POINT('',(-0.00591374881552011,0.0264674284105048,0.0466489869297423));
#11419=CARTESIAN_POINT('',(-0.00887411967464943,0.0255,0.0466385296895476));
#11420=CARTESIAN_POINT('',(0.,0.,0.046832489368327));
#11421=CARTESIAN_POINT('',(0.,0.,0.006));
#11422=CARTESIAN_POINT('',(-0.0346,0.0255,0.006));
#11423=CARTESIAN_POINT('',(-0.0346,0.0396,0.006));
#11424=CARTESIAN_POINT('',(-0.0346,0.0259,0.006));
#11425=CARTESIAN_POINT('',(0.,0.0259,0.006));
#11426=CARTESIAN_POINT('',(-0.032,0.0259,0.006));
#11427=CARTESIAN_POINT('',(-0.032,0.0225,0.006));
#11428=CARTESIAN_POINT('',(-0.032,0.0191,0.006));
#11429=CARTESIAN_POINT('',(-0.035,0.0191,0.006));
#11430=CARTESIAN_POINT('',(-0.0346,0.0191,0.006));
#11431=CARTESIAN_POINT('',(-0.0346,-0.0195,0.006));
#11432=CARTESIAN_POINT('',(-0.0346,-0.0191,0.006));
#11433=CARTESIAN_POINT('',(0.,-0.0191,0.006));
#11434=CARTESIAN_POINT('',(-0.032,-0.0191,0.006));
#11435=CARTESIAN_POINT('',(-0.032,-0.0225,0.006));
#11436=CARTESIAN_POINT('',(-0.032,-0.0259,0.006));
#11437=CARTESIAN_POINT('',(-0.035,-0.0259,0.006));
#11438=CARTESIAN_POINT('',(-0.0346,-0.0259,0.006));
#11439=CARTESIAN_POINT('',(-0.0346,-0.04,0.006));
#11440=CARTESIAN_POINT('',(-0.0346,-0.0396,0.006));
#11441=CARTESIAN_POINT('',(0.035,-0.0396,0.006));
#11442=CARTESIAN_POINT('',(0.0346,-0.0396,0.006));
#11443=CARTESIAN_POINT('',(0.0346,0.,0.006));
#11444=CARTESIAN_POINT('',(0.0346,-0.0259,0.006));
#11445=CARTESIAN_POINT('',(0.,-0.0259,0.006));
#11446=CARTESIAN_POINT('',(0.032,-0.0259,0.006));
#11447=CARTESIAN_POINT('',(0.032,-0.0225,0.006));
#11448=CARTESIAN_POINT('',(0.032,-0.0191,0.006));
#11449=CARTESIAN_POINT('',(0.035,-0.0191,0.006));
#11450=CARTESIAN_POINT('',(0.0346,-0.0191,0.006));
#11451=CARTESIAN_POINT('',(0.0346,0.,0.006));
#11452=CARTESIAN_POINT('',(0.0346,0.0191,0.006));
#11453=CARTESIAN_POINT('',(0.,0.0191,0.006));
#11454=CARTESIAN_POINT('',(0.032,0.0191,0.006));
#11455=CARTESIAN_POINT('',(0.032,0.0225,0.006));
#11456=CARTESIAN_POINT('',(0.032,0.0259,0.006));
#11457=CARTESIAN_POINT('',(0.035,0.0259,0.006));
#11458=CARTESIAN_POINT('',(0.0346,0.0259,0.006));
#11459=CARTESIAN_POINT('',(0.0346,0.,0.006));
#11460=CARTESIAN_POINT('',(0.0346,0.0396,0.006));
#11461=CARTESIAN_POINT('',(0.,0.0396,0.006));
#11462=CARTESIAN_POINT('',(0.,0.,0.006));
#11463=CARTESIAN_POINT('',(-0.034,0.,0.006));
#11464=CARTESIAN_POINT('',(-0.035,0.,0.006));
#11465=CARTESIAN_POINT('',(-0.035,0.,0.0026));
#11466=CARTESIAN_POINT('',(-0.035,0.0191,0.0026));
#11467=CARTESIAN_POINT('',(-0.035,0.0259,0.0026));
#11468=CARTESIAN_POINT('',(-0.035,0.0259,0.006));
#11469=CARTESIAN_POINT('',(-0.035,0.0259,0.0056));
#11470=CARTESIAN_POINT('',(-0.035,0.04,0.0056));
#11471=CARTESIAN_POINT('',(-0.035,0.0396,0.0056));
#11472=CARTESIAN_POINT('',(-0.035,0.0396,2.88889491658086E-34));
#11473=CARTESIAN_POINT('',(-0.035,0.0396,0.0004));
#11474=CARTESIAN_POINT('',(-0.035,0.,0.0004));
#11475=CARTESIAN_POINT('',(-0.035,-0.0396,0.0004));
#11476=CARTESIAN_POINT('',(-0.035,-0.0396,0.006));
#11477=CARTESIAN_POINT('',(-0.035,-0.0396,0.0056));
#11478=CARTESIAN_POINT('',(-0.035,-0.0255,0.0056));
#11479=CARTESIAN_POINT('',(-0.035,-0.0259,0.0056));
#11480=CARTESIAN_POINT('',(-0.035,-0.0259,0.006));
#11481=CARTESIAN_POINT('',(-0.035,-0.0259,0.0026));
#11482=CARTESIAN_POINT('',(-0.035,0.,0.0026));
#11483=CARTESIAN_POINT('',(-0.035,-0.0191,0.0026));
#11484=CARTESIAN_POINT('',(-0.035,-0.0191,0.006));
#11485=CARTESIAN_POINT('',(-0.035,-0.0191,0.0056));
#11486=CARTESIAN_POINT('',(-0.035,0.0195,0.0056));
#11487=CARTESIAN_POINT('',(-0.035,0.0191,0.0056));
#11488=CARTESIAN_POINT('',(-0.035,0.0191,0.006));
#11489=CARTESIAN_POINT('',(-0.032,0.0225,-0.019));
#11490=CARTESIAN_POINT('',(-0.032,0.0225,0.0026));
#11491=CARTESIAN_POINT('',(-0.03035,0.0225,0.0026));
#11492=CARTESIAN_POINT('',(-0.032,0.0225,0.0004));
#11493=CARTESIAN_POINT('',(-0.03365,0.0225,0.0004));
#11494=CARTESIAN_POINT('',(0.032,0.0225,-0.019));
#11495=CARTESIAN_POINT('',(0.032,0.0225,0.0026));
#11496=CARTESIAN_POINT('',(0.03365,0.0225,0.0026));
#11497=CARTESIAN_POINT('',(0.032,0.0225,0.0004));
#11498=CARTESIAN_POINT('',(0.03035,0.0225,0.0004));
#11499=CARTESIAN_POINT('',(0.032,-0.0225,-0.019));
#11500=CARTESIAN_POINT('',(0.032,-0.0225,0.0026));
#11501=CARTESIAN_POINT('',(0.03365,-0.0225,0.0026));
#11502=CARTESIAN_POINT('',(0.032,-0.0225,0.0004));
#11503=CARTESIAN_POINT('',(0.03035,-0.0225,0.0004));
#11504=CARTESIAN_POINT('',(-0.032,-0.0225,-0.019));
#11505=CARTESIAN_POINT('',(-0.032,-0.0225,0.0026));
#11506=CARTESIAN_POINT('',(-0.03035,-0.0225,0.0026));
#11507=CARTESIAN_POINT('',(-0.032,-0.0225,0.0004));
#11508=CARTESIAN_POINT('',(-0.03365,-0.0225,0.0004));
#11509=CARTESIAN_POINT('',(-0.02975,0.,2.88889491658086E-34));
#11510=CARTESIAN_POINT('',(-0.032,-0.0225,2.88889491658086E-34));
#11511=CARTESIAN_POINT('',(-0.03405,-0.0225,2.88889491658086E-34));
#11512=CARTESIAN_POINT('',(0.032,-0.0225,2.88889491658086E-34));
#11513=CARTESIAN_POINT('',(0.02995,-0.0225,2.88889491658086E-34));
#11514=CARTESIAN_POINT('',(0.032,0.0225,2.88889491658086E-34));
#11515=CARTESIAN_POINT('',(0.02995,0.0225,2.88889491658086E-34));
#11516=CARTESIAN_POINT('',(-0.032,0.0225,2.88889491658086E-34));
#11517=CARTESIAN_POINT('',(-0.03405,0.0225,2.88889491658086E-34));
#11518=CARTESIAN_POINT('',(-0.0346,0.,2.88889491658086E-34));
#11519=CARTESIAN_POINT('',(-0.0346,-0.0396,2.88889491658086E-34));
#11520=CARTESIAN_POINT('',(-0.0346,0.0396,2.88889491658086E-34));
#11521=CARTESIAN_POINT('',(0.035,0.0396,2.88889491658086E-34));
#11522=CARTESIAN_POINT('',(0.0346,0.0396,2.88889491658086E-34));
#11523=CARTESIAN_POINT('',(0.0346,-0.04,2.88889491658086E-34));
#11524=CARTESIAN_POINT('',(0.0346,-0.0396,2.88889491658086E-34));
#11525=CARTESIAN_POINT('',(-0.02975,-0.0396,2.88889491658086E-34));
#11526=CARTESIAN_POINT('',(0.,0.,2.88889491658086E-34));
#11527=CARTESIAN_POINT('',(-0.0259,0.,2.88889491658086E-34));
#11528=CARTESIAN_POINT('',(0.,1.53233930743313E-18,0.057));
#11529=CARTESIAN_POINT('',(-4.59701792229938E-18,0.025025,0.06899));
#11530=CARTESIAN_POINT('',(0.0103656943983867,0.025025,0.06849));
#11531=CARTESIAN_POINT('',(0.0176953471991933,0.0176953471991933,0.06799));
#11532=CARTESIAN_POINT('',(0.025025,0.0103656943983867,0.06749));
#11533=CARTESIAN_POINT('',(0.025025,4.59701792229938E-18,0.06699));
#11534=CARTESIAN_POINT('',(0.025025,-0.0103656943983867,0.06649));
#11535=CARTESIAN_POINT('',(0.0176953471991933,-0.0176953471991933,0.06599));
#11536=CARTESIAN_POINT('',(0.0103656943983867,-0.025025,0.06549));
#11537=CARTESIAN_POINT('',(4.59701792229938E-18,-0.025025,0.06499));
#11538=CARTESIAN_POINT('',(-0.0103656943983867,-0.025025,0.06449));
#11539=CARTESIAN_POINT('',(-0.0176953471991933,-0.0176953471991933,0.06399));
#11540=CARTESIAN_POINT('',(-0.025025,-0.0103656943983867,0.06349));
#11541=CARTESIAN_POINT('',(-0.025025,-7.66169653716563E-18,0.06299));
#11542=CARTESIAN_POINT('',(-0.025025,0.0103656943983867,0.06249));
#11543=CARTESIAN_POINT('',(-0.0176953471991933,0.0176953471991933,0.06199));
#11544=CARTESIAN_POINT('',(-0.0103656943983867,0.025025,0.06149));
#11545=CARTESIAN_POINT('',(-1.07263751520319E-17,0.025025,0.06099));
#11546=CARTESIAN_POINT('',(0.0103656943983867,0.025025,0.0604899999999999));
#11547=CARTESIAN_POINT('',(0.0176953471991933,0.0176953471991933,0.05999));
#11548=CARTESIAN_POINT('',(0.025025,0.0103656943983867,0.05949));
#11549=CARTESIAN_POINT('',(0.025025,1.07263751520319E-17,0.05899));
#11550=CARTESIAN_POINT('',(0.025025,-0.0103656943983867,0.05849));
#11551=CARTESIAN_POINT('',(0.0176953471991933,-0.0176953471991933,0.05799));
#11552=CARTESIAN_POINT('',(0.0103656943983867,-0.025025,0.05749));
#11553=CARTESIAN_POINT('',(1.07263751520319E-17,-0.025025,0.05699));
#11554=CARTESIAN_POINT('',(-0.0103656943983867,-0.025025,0.05649));
#11555=CARTESIAN_POINT('',(-0.0176953471991933,-0.0176953471991933,0.05599));
#11556=CARTESIAN_POINT('',(-0.025025,-0.0103656943983867,0.05549));
#11557=CARTESIAN_POINT('',(-0.025025,-1.37910537668981E-17,0.05499));
#11558=CARTESIAN_POINT('',(-0.025025,0.0103656943983867,0.05449));
#11559=CARTESIAN_POINT('',(-0.0176953471991934,0.0176953471991933,0.05399));
#11560=CARTESIAN_POINT('',(-0.0103656943983867,0.025025,0.05349));
#11561=CARTESIAN_POINT('',(-1.68557323817644E-17,0.025025,0.05299));
#11562=CARTESIAN_POINT('',(0.025025,0.,0.067));
#11563=CARTESIAN_POINT('',(0.025025,-0.0103656943983867,0.0665));
#11564=CARTESIAN_POINT('',(0.0176953471991933,-0.0176953471991933,0.066));
#11565=CARTESIAN_POINT('',(0.0103656943983867,-0.025025,0.0655));
#11566=CARTESIAN_POINT('',(-5.77778983316171E-34,-0.025025,0.065));
#11567=CARTESIAN_POINT('',(-0.0103656943983867,-0.025025,0.0645));
#11568=CARTESIAN_POINT('',(-0.0176953471991933,-0.0176953471991933,0.064));
#11569=CARTESIAN_POINT('',(-0.025025,-0.0103656943983867,0.0635));
#11570=CARTESIAN_POINT('',(-0.025025,1.15555796663234E-33,0.063));
#11571=CARTESIAN_POINT('',(-0.025025,0.0103656943983867,0.0625));
#11572=CARTESIAN_POINT('',(-0.0176953471991933,0.0176953471991933,0.062));
#11573=CARTESIAN_POINT('',(-0.0103656943983867,0.025025,0.0614999999999999));
#11574=CARTESIAN_POINT('',(-3.06467861486625E-18,0.025025,0.061));
#11575=CARTESIAN_POINT('',(0.0103656943983867,0.025025,0.0605));
#11576=CARTESIAN_POINT('',(0.0176953471991933,0.0176953471991933,0.06));
#11577=CARTESIAN_POINT('',(0.025025,0.0103656943983867,0.0595));
#11578=CARTESIAN_POINT('',(0.025025,6.1293572297325E-18,0.059));
#11579=CARTESIAN_POINT('',(0.025025,-0.0103656943983867,0.0585));
#11580=CARTESIAN_POINT('',(0.0176953471991933,-0.0176953471991933,0.058));
#11581=CARTESIAN_POINT('',(0.0103656943983867,-0.025025,0.0575));
#11582=CARTESIAN_POINT('',(6.1293572297325E-18,-0.025025,0.057));
#11583=CARTESIAN_POINT('',(-0.0103656943983867,-0.025025,0.0565));
#11584=CARTESIAN_POINT('',(-0.0176953471991933,-0.0176953471991933,0.056));
#11585=CARTESIAN_POINT('',(-0.025025,-0.0103656943983867,0.0555));
#11586=CARTESIAN_POINT('',(-0.025025,-6.1293572297325E-18,0.055));
#11587=CARTESIAN_POINT('',(-0.025025,0.0103656943983867,0.0545));
#11588=CARTESIAN_POINT('',(-0.0176953471991933,0.0176953471991933,0.054));
#11589=CARTESIAN_POINT('',(-0.0103656943983867,0.025025,0.0535));
#11590=CARTESIAN_POINT('',(-9.19403584459875E-18,0.025025,0.053));
#11591=CARTESIAN_POINT('',(0.0103656943983867,0.025025,0.0525));
#11592=CARTESIAN_POINT('',(0.0176953471991933,0.0176953471991933,0.052));
#11593=CARTESIAN_POINT('',(0.025025,0.0103656943983867,0.0515));
#11594=CARTESIAN_POINT('',(0.025025,1.2258714459465E-17,0.051));
#11595=CARTESIAN_POINT('',(0.,1.53233930743313E-18,0.057));
#11596=CARTESIAN_POINT('',(-0.025025,-3.06467861486625E-18,0.06899));
#11597=CARTESIAN_POINT('',(-0.025025,0.0103656943983867,0.06849));
#11598=CARTESIAN_POINT('',(-0.0176953471991933,0.0176953471991933,0.06799));
#11599=CARTESIAN_POINT('',(-0.0103656943983867,0.025025,0.06749));
#11600=CARTESIAN_POINT('',(-3.06467861486625E-18,0.025025,0.06699));
#11601=CARTESIAN_POINT('',(0.0103656943983867,0.025025,0.06649));
#11602=CARTESIAN_POINT('',(0.0176953471991933,0.0176953471991933,0.06599));
#11603=CARTESIAN_POINT('',(0.025025,0.0103656943983867,0.06549));
#11604=CARTESIAN_POINT('',(0.025025,3.06467861486625E-18,0.06499));
#11605=CARTESIAN_POINT('',(0.025025,-0.0103656943983867,0.06449));
#11606=CARTESIAN_POINT('',(0.0176953471991933,-0.0176953471991933,0.06399));
#11607=CARTESIAN_POINT('',(0.0103656943983867,-0.025025,0.06349));
#11608=CARTESIAN_POINT('',(6.1293572297325E-18,-0.025025,0.06299));
#11609=CARTESIAN_POINT('',(-0.0103656943983867,-0.025025,0.06249));
#11610=CARTESIAN_POINT('',(-0.0176953471991933,-0.0176953471991933,0.06199));
#11611=CARTESIAN_POINT('',(-0.025025,-0.0103656943983867,0.06149));
#11612=CARTESIAN_POINT('',(-0.025025,-9.19403584459875E-18,0.06099));
#11613=CARTESIAN_POINT('',(-0.025025,0.0103656943983867,0.0604899999999999));
#11614=CARTESIAN_POINT('',(-0.0176953471991933,0.0176953471991933,0.05999));
#11615=CARTESIAN_POINT('',(-0.0103656943983867,0.025025,0.05949));
#11616=CARTESIAN_POINT('',(-9.19403584459875E-18,0.025025,0.05899));
#11617=CARTESIAN_POINT('',(0.0103656943983867,0.025025,0.05849));
#11618=CARTESIAN_POINT('',(0.0176953471991933,0.0176953471991933,0.05799));
#11619=CARTESIAN_POINT('',(0.025025,0.0103656943983867,0.05749));
#11620=CARTESIAN_POINT('',(0.025025,9.19403584459875E-18,0.05699));
#11621=CARTESIAN_POINT('',(0.025025,-0.0103656943983867,0.05649));
#11622=CARTESIAN_POINT('',(0.0176953471991933,-0.0176953471991933,0.05599));
#11623=CARTESIAN_POINT('',(0.0103656943983867,-0.025025,0.05549));
#11624=CARTESIAN_POINT('',(1.2258714459465E-17,-0.025025,0.05499));
#11625=CARTESIAN_POINT('',(-0.0103656943983867,-0.025025,0.05449));
#11626=CARTESIAN_POINT('',(-0.0176953471991933,-0.0176953471991934,0.05399));
#11627=CARTESIAN_POINT('',(-0.025025,-0.0103656943983867,0.05349));
#11628=CARTESIAN_POINT('',(-0.025025,-1.53233930743312E-17,0.05299));
#11629=CARTESIAN_POINT('',(-4.59701792229938E-18,0.025025,0.067));
#11630=CARTESIAN_POINT('',(0.0103656943983867,0.025025,0.0665));
#11631=CARTESIAN_POINT('',(0.0176953471991933,0.0176953471991933,0.066));
#11632=CARTESIAN_POINT('',(0.025025,0.0103656943983867,0.0655));
#11633=CARTESIAN_POINT('',(0.025025,4.59701792229938E-18,0.065));
#11634=CARTESIAN_POINT('',(0.025025,-0.0103656943983867,0.0645));
#11635=CARTESIAN_POINT('',(0.0176953471991933,-0.0176953471991933,0.064));
#11636=CARTESIAN_POINT('',(0.0103656943983867,-0.025025,0.0635));
#11637=CARTESIAN_POINT('',(4.59701792229938E-18,-0.025025,0.063));
#11638=CARTESIAN_POINT('',(-0.0103656943983867,-0.025025,0.0625));
#11639=CARTESIAN_POINT('',(-0.0176953471991933,-0.0176953471991933,0.062));
#11640=CARTESIAN_POINT('',(-0.025025,-0.0103656943983867,0.0614999999999999));
#11641=CARTESIAN_POINT('',(-0.025025,-7.66169653716562E-18,0.061));
#11642=CARTESIAN_POINT('',(-0.025025,0.0103656943983867,0.0605));
#11643=CARTESIAN_POINT('',(-0.0176953471991933,0.0176953471991933,0.06));
#11644=CARTESIAN_POINT('',(-0.0103656943983867,0.025025,0.0595));
#11645=CARTESIAN_POINT('',(-1.07263751520319E-17,0.025025,0.059));
#11646=CARTESIAN_POINT('',(0.0103656943983867,0.025025,0.0585));
#11647=CARTESIAN_POINT('',(0.0176953471991933,0.0176953471991933,0.058));
#11648=CARTESIAN_POINT('',(0.025025,0.0103656943983867,0.0575));
#11649=CARTESIAN_POINT('',(0.025025,1.07263751520319E-17,0.057));
#11650=CARTESIAN_POINT('',(0.025025,-0.0103656943983867,0.0565));
#11651=CARTESIAN_POINT('',(0.0176953471991933,-0.0176953471991933,0.056));
#11652=CARTESIAN_POINT('',(0.0103656943983867,-0.025025,0.0555));
#11653=CARTESIAN_POINT('',(1.07263751520319E-17,-0.025025,0.055));
#11654=CARTESIAN_POINT('',(-0.0103656943983867,-0.025025,0.0545));
#11655=CARTESIAN_POINT('',(-0.0176953471991933,-0.0176953471991933,0.054));
#11656=CARTESIAN_POINT('',(-0.025025,-0.0103656943983867,0.0535));
#11657=CARTESIAN_POINT('',(-0.025025,-1.37910537668981E-17,0.053));
#11658=CARTESIAN_POINT('',(-0.025025,0.0103656943983867,0.0525));
#11659=CARTESIAN_POINT('',(-0.0176953471991934,0.0176953471991933,0.052));
#11660=CARTESIAN_POINT('',(-0.0103656943983867,0.025025,0.0515));
#11661=CARTESIAN_POINT('',(-1.68557323817644E-17,0.025025,0.051));
#11662=CARTESIAN_POINT('',(0.,1.53233930743313E-18,0.057));
#11663=CARTESIAN_POINT('',(1.53233930743313E-18,-0.025025,0.06899));
#11664=CARTESIAN_POINT('',(-0.0103656943983867,-0.025025,0.06849));
#11665=CARTESIAN_POINT('',(-0.0176953471991933,-0.0176953471991933,0.06799));
#11666=CARTESIAN_POINT('',(-0.025025,-0.0103656943983867,0.06749));
#11667=CARTESIAN_POINT('',(-0.025025,-1.53233930743313E-18,0.06699));
#11668=CARTESIAN_POINT('',(-0.025025,0.0103656943983867,0.06649));
#11669=CARTESIAN_POINT('',(-0.0176953471991933,0.0176953471991933,0.06599));
#11670=CARTESIAN_POINT('',(-0.0103656943983867,0.025025,0.06549));
#11671=CARTESIAN_POINT('',(-1.53233930743313E-18,0.025025,0.06499));
#11672=CARTESIAN_POINT('',(0.0103656943983867,0.025025,0.06449));
#11673=CARTESIAN_POINT('',(0.0176953471991933,0.0176953471991933,0.06399));
#11674=CARTESIAN_POINT('',(0.025025,0.0103656943983867,0.06349));
#11675=CARTESIAN_POINT('',(0.025025,4.59701792229938E-18,0.06299));
#11676=CARTESIAN_POINT('',(0.025025,-0.0103656943983867,0.06249));
#11677=CARTESIAN_POINT('',(0.0176953471991933,-0.0176953471991933,0.06199));
#11678=CARTESIAN_POINT('',(0.0103656943983867,-0.025025,0.06149));
#11679=CARTESIAN_POINT('',(7.66169653716563E-18,-0.025025,0.06099));
#11680=CARTESIAN_POINT('',(-0.0103656943983867,-0.025025,0.0604899999999999));
#11681=CARTESIAN_POINT('',(-0.0176953471991933,-0.0176953471991933,0.05999));
#11682=CARTESIAN_POINT('',(-0.025025,-0.0103656943983867,0.05949));
#11683=CARTESIAN_POINT('',(-0.025025,-7.66169653716563E-18,0.05899));
#11684=CARTESIAN_POINT('',(-0.025025,0.0103656943983867,0.05849));
#11685=CARTESIAN_POINT('',(-0.0176953471991933,0.0176953471991933,0.05799));
#11686=CARTESIAN_POINT('',(-0.0103656943983867,0.025025,0.05749));
#11687=CARTESIAN_POINT('',(-7.66169653716563E-18,0.025025,0.05699));
#11688=CARTESIAN_POINT('',(0.0103656943983867,0.025025,0.05649));
#11689=CARTESIAN_POINT('',(0.0176953471991933,0.0176953471991933,0.05599));
#11690=CARTESIAN_POINT('',(0.025025,0.0103656943983867,0.05549));
#11691=CARTESIAN_POINT('',(0.025025,1.07263751520319E-17,0.05499));
#11692=CARTESIAN_POINT('',(0.025025,-0.0103656943983867,0.05449));
#11693=CARTESIAN_POINT('',(0.0176953471991934,-0.0176953471991933,0.05399));
#11694=CARTESIAN_POINT('',(0.0103656943983867,-0.025025,0.05349));
#11695=CARTESIAN_POINT('',(1.37910537668981E-17,-0.025025,0.05299));
#11696=CARTESIAN_POINT('',(-0.025025,-3.06467861486625E-18,0.067));
#11697=CARTESIAN_POINT('',(-0.025025,0.0103656943983867,0.0665));
#11698=CARTESIAN_POINT('',(-0.0176953471991933,0.0176953471991933,0.066));
#11699=CARTESIAN_POINT('',(-0.0103656943983867,0.025025,0.0655));
#11700=CARTESIAN_POINT('',(-3.06467861486625E-18,0.025025,0.065));
#11701=CARTESIAN_POINT('',(0.0103656943983867,0.025025,0.0645));
#11702=CARTESIAN_POINT('',(0.0176953471991933,0.0176953471991933,0.064));
#11703=CARTESIAN_POINT('',(0.025025,0.0103656943983867,0.0635));
#11704=CARTESIAN_POINT('',(0.025025,3.06467861486625E-18,0.063));
#11705=CARTESIAN_POINT('',(0.025025,-0.0103656943983867,0.0625));
#11706=CARTESIAN_POINT('',(0.0176953471991933,-0.0176953471991933,0.062));
#11707=CARTESIAN_POINT('',(0.0103656943983867,-0.025025,0.0614999999999999));
#11708=CARTESIAN_POINT('',(6.1293572297325E-18,-0.025025,0.061));
#11709=CARTESIAN_POINT('',(-0.0103656943983867,-0.025025,0.0605));
#11710=CARTESIAN_POINT('',(-0.0176953471991933,-0.0176953471991933,0.06));
#11711=CARTESIAN_POINT('',(-0.025025,-0.0103656943983867,0.0595));
#11712=CARTESIAN_POINT('',(-0.025025,-9.19403584459875E-18,0.059));
#11713=CARTESIAN_POINT('',(-0.025025,0.0103656943983867,0.0585));
#11714=CARTESIAN_POINT('',(-0.0176953471991933,0.0176953471991933,0.058));
#11715=CARTESIAN_POINT('',(-0.0103656943983867,0.025025,0.0575));
#11716=CARTESIAN_POINT('',(-9.19403584459875E-18,0.025025,0.057));
#11717=CARTESIAN_POINT('',(0.0103656943983867,0.025025,0.0565));
#11718=CARTESIAN_POINT('',(0.0176953471991933,0.0176953471991933,0.056));
#11719=CARTESIAN_POINT('',(0.025025,0.0103656943983867,0.0555));
#11720=CARTESIAN_POINT('',(0.025025,9.19403584459875E-18,0.055));
#11721=CARTESIAN_POINT('',(0.025025,-0.0103656943983867,0.0545));
#11722=CARTESIAN_POINT('',(0.0176953471991933,-0.0176953471991933,0.054));
#11723=CARTESIAN_POINT('',(0.0103656943983867,-0.025025,0.0535));
#11724=CARTESIAN_POINT('',(1.2258714459465E-17,-0.025025,0.053));
#11725=CARTESIAN_POINT('',(-0.0103656943983867,-0.025025,0.0525));
#11726=CARTESIAN_POINT('',(-0.0176953471991933,-0.0176953471991934,0.052));
#11727=CARTESIAN_POINT('',(-0.025025,-0.0103656943983867,0.0515));
#11728=CARTESIAN_POINT('',(-0.025025,-1.53233930743312E-17,0.051));
#11729=CARTESIAN_POINT('',(0.,1.53233930743313E-18,0.057));
#11730=CARTESIAN_POINT('',(0.025025,0.,0.06899));
#11731=CARTESIAN_POINT('',(0.025025,-0.0103656943983867,0.06849));
#11732=CARTESIAN_POINT('',(0.0176953471991933,-0.0176953471991933,0.06799));
#11733=CARTESIAN_POINT('',(0.0103656943983867,-0.025025,0.06749));
#11734=CARTESIAN_POINT('',(0.,-0.025025,0.06699));
#11735=CARTESIAN_POINT('',(-0.0103656943983867,-0.025025,0.06649));
#11736=CARTESIAN_POINT('',(-0.0176953471991933,-0.0176953471991933,0.06599));
#11737=CARTESIAN_POINT('',(-0.025025,-0.0103656943983867,0.06549));
#11738=CARTESIAN_POINT('',(-0.025025,0.,0.06499));
#11739=CARTESIAN_POINT('',(-0.025025,0.0103656943983867,0.06449));
#11740=CARTESIAN_POINT('',(-0.0176953471991933,0.0176953471991933,0.06399));
#11741=CARTESIAN_POINT('',(-0.0103656943983867,0.025025,0.06349));
#11742=CARTESIAN_POINT('',(-3.06467861486625E-18,0.025025,0.06299));
#11743=CARTESIAN_POINT('',(0.0103656943983867,0.025025,0.06249));
#11744=CARTESIAN_POINT('',(0.0176953471991933,0.0176953471991933,0.06199));
#11745=CARTESIAN_POINT('',(0.025025,0.0103656943983867,0.06149));
#11746=CARTESIAN_POINT('',(0.025025,6.1293572297325E-18,0.06099));
#11747=CARTESIAN_POINT('',(0.025025,-0.0103656943983867,0.0604899999999999));
#11748=CARTESIAN_POINT('',(0.0176953471991933,-0.0176953471991933,0.05999));
#11749=CARTESIAN_POINT('',(0.0103656943983867,-0.025025,0.05949));
#11750=CARTESIAN_POINT('',(6.1293572297325E-18,-0.025025,0.05899));
#11751=CARTESIAN_POINT('',(-0.0103656943983867,-0.025025,0.05849));
#11752=CARTESIAN_POINT('',(-0.0176953471991933,-0.0176953471991933,0.05799));
#11753=CARTESIAN_POINT('',(-0.025025,-0.0103656943983867,0.05749));
#11754=CARTESIAN_POINT('',(-0.025025,-6.1293572297325E-18,0.05699));
#11755=CARTESIAN_POINT('',(-0.025025,0.0103656943983867,0.05649));
#11756=CARTESIAN_POINT('',(-0.0176953471991933,0.0176953471991933,0.05599));
#11757=CARTESIAN_POINT('',(-0.0103656943983867,0.025025,0.05549));
#11758=CARTESIAN_POINT('',(-9.19403584459875E-18,0.025025,0.05499));
#11759=CARTESIAN_POINT('',(0.0103656943983867,0.025025,0.05449));
#11760=CARTESIAN_POINT('',(0.0176953471991933,0.0176953471991934,0.05399));
#11761=CARTESIAN_POINT('',(0.025025,0.0103656943983867,0.05349));
#11762=CARTESIAN_POINT('',(0.025025,1.2258714459465E-17,0.05299));
#11763=CARTESIAN_POINT('',(1.53233930743313E-18,-0.025025,0.067));
#11764=CARTESIAN_POINT('',(-0.0103656943983867,-0.025025,0.0665));
#11765=CARTESIAN_POINT('',(-0.0176953471991933,-0.0176953471991933,0.066));
#11766=CARTESIAN_POINT('',(-0.025025,-0.0103656943983867,0.0655));
#11767=CARTESIAN_POINT('',(-0.025025,-1.53233930743313E-18,0.065));
#11768=CARTESIAN_POINT('',(-0.025025,0.0103656943983867,0.0645));
#11769=CARTESIAN_POINT('',(-0.0176953471991933,0.0176953471991933,0.064));
#11770=CARTESIAN_POINT('',(-0.0103656943983867,0.025025,0.0635));
#11771=CARTESIAN_POINT('',(-1.53233930743313E-18,0.025025,0.063));
#11772=CARTESIAN_POINT('',(0.0103656943983867,0.025025,0.0625));
#11773=CARTESIAN_POINT('',(0.0176953471991933,0.0176953471991933,0.062));
#11774=CARTESIAN_POINT('',(0.025025,0.0103656943983867,0.0614999999999999));
#11775=CARTESIAN_POINT('',(0.025025,4.59701792229938E-18,0.061));
#11776=CARTESIAN_POINT('',(0.025025,-0.0103656943983867,0.0605));
#11777=CARTESIAN_POINT('',(0.0176953471991933,-0.0176953471991933,0.06));
#11778=CARTESIAN_POINT('',(0.0103656943983867,-0.025025,0.0595));
#11779=CARTESIAN_POINT('',(7.66169653716563E-18,-0.025025,0.059));
#11780=CARTESIAN_POINT('',(-0.0103656943983867,-0.025025,0.0585));
#11781=CARTESIAN_POINT('',(-0.0176953471991933,-0.0176953471991933,0.058));
#11782=CARTESIAN_POINT('',(-0.025025,-0.0103656943983867,0.0575));
#11783=CARTESIAN_POINT('',(-0.025025,-7.66169653716563E-18,0.057));
#11784=CARTESIAN_POINT('',(-0.025025,0.0103656943983867,0.0565));
#11785=CARTESIAN_POINT('',(-0.0176953471991933,0.0176953471991933,0.056));
#11786=CARTESIAN_POINT('',(-0.0103656943983867,0.025025,0.0555));
#11787=CARTESIAN_POINT('',(-7.66169653716562E-18,0.025025,0.055));
#11788=CARTESIAN_POINT('',(0.0103656943983867,0.025025,0.0545));
#11789=CARTESIAN_POINT('',(0.0176953471991933,0.0176953471991933,0.054));
#11790=CARTESIAN_POINT('',(0.025025,0.0103656943983867,0.0535));
#11791=CARTESIAN_POINT('',(0.025025,1.07263751520319E-17,0.053));
#11792=CARTESIAN_POINT('',(0.025025,-0.0103656943983867,0.0525));
#11793=CARTESIAN_POINT('',(0.0176953471991933,-0.0176953471991933,0.052));
#11794=CARTESIAN_POINT('',(0.0103656943983867,-0.025025,0.0515));
#11795=CARTESIAN_POINT('',(1.37910537668981E-17,-0.025025,0.051));
#11796=CARTESIAN_POINT('',(0.,1.53233930743313E-18,0.057));
#11797=CARTESIAN_POINT('',(1.53233930743313E-18,-0.025025,0.06899));
#11798=CARTESIAN_POINT('',(-0.0103656943983867,-0.025025,0.06849));
#11799=CARTESIAN_POINT('',(-0.0176953471991933,-0.0176953471991933,0.06799));
#11800=CARTESIAN_POINT('',(-0.025025,-0.0103656943983867,0.06749));
#11801=CARTESIAN_POINT('',(-0.025025,-1.53233930743313E-18,0.06699));
#11802=CARTESIAN_POINT('',(-0.025025,0.0103656943983867,0.06649));
#11803=CARTESIAN_POINT('',(-0.0176953471991933,0.0176953471991933,0.06599));
#11804=CARTESIAN_POINT('',(-0.0103656943983867,0.025025,0.06549));
#11805=CARTESIAN_POINT('',(-1.53233930743313E-18,0.025025,0.06499));
#11806=CARTESIAN_POINT('',(0.0103656943983867,0.025025,0.06449));
#11807=CARTESIAN_POINT('',(0.0176953471991933,0.0176953471991933,0.06399));
#11808=CARTESIAN_POINT('',(0.025025,0.0103656943983867,0.06349));
#11809=CARTESIAN_POINT('',(0.025025,4.59701792229938E-18,0.06299));
#11810=CARTESIAN_POINT('',(0.025025,-0.0103656943983867,0.06249));
#11811=CARTESIAN_POINT('',(0.0176953471991933,-0.0176953471991933,0.06199));
#11812=CARTESIAN_POINT('',(0.0103656943983867,-0.025025,0.06149));
#11813=CARTESIAN_POINT('',(7.66169653716563E-18,-0.025025,0.06099));
#11814=CARTESIAN_POINT('',(-0.0103656943983867,-0.025025,0.0604899999999999));
#11815=CARTESIAN_POINT('',(-0.0176953471991933,-0.0176953471991933,0.05999));
#11816=CARTESIAN_POINT('',(-0.025025,-0.0103656943983867,0.05949));
#11817=CARTESIAN_POINT('',(-0.025025,-7.66169653716563E-18,0.05899));
#11818=CARTESIAN_POINT('',(-0.025025,0.0103656943983867,0.05849));
#11819=CARTESIAN_POINT('',(-0.0176953471991933,0.0176953471991933,0.05799));
#11820=CARTESIAN_POINT('',(-0.0103656943983867,0.025025,0.05749));
#11821=CARTESIAN_POINT('',(-7.66169653716563E-18,0.025025,0.05699));
#11822=CARTESIAN_POINT('',(0.0103656943983867,0.025025,0.05649));
#11823=CARTESIAN_POINT('',(0.0176953471991933,0.0176953471991933,0.05599));
#11824=CARTESIAN_POINT('',(0.025025,0.0103656943983867,0.05549));
#11825=CARTESIAN_POINT('',(0.025025,1.07263751520319E-17,0.05499));
#11826=CARTESIAN_POINT('',(0.025025,-0.0103656943983867,0.05449));
#11827=CARTESIAN_POINT('',(0.0176953471991934,-0.0176953471991933,0.05399));
#11828=CARTESIAN_POINT('',(0.0103656943983867,-0.025025,0.05349));
#11829=CARTESIAN_POINT('',(1.37910537668981E-17,-0.025025,0.05299));
#11830=CARTESIAN_POINT('',(-0.025025,-3.06467861486625E-18,0.067));
#11831=CARTESIAN_POINT('',(-0.025025,0.0103656943983867,0.0665));
#11832=CARTESIAN_POINT('',(-0.0176953471991933,0.0176953471991933,0.066));
#11833=CARTESIAN_POINT('',(-0.0103656943983867,0.025025,0.0655));
#11834=CARTESIAN_POINT('',(-3.06467861486625E-18,0.025025,0.065));
#11835=CARTESIAN_POINT('',(0.0103656943983867,0.025025,0.0645));
#11836=CARTESIAN_POINT('',(0.0176953471991933,0.0176953471991933,0.064));
#11837=CARTESIAN_POINT('',(0.025025,0.0103656943983867,0.0635));
#11838=CARTESIAN_POINT('',(0.025025,3.06467861486625E-18,0.063));
#11839=CARTESIAN_POINT('',(0.025025,-0.0103656943983867,0.0625));
#11840=CARTESIAN_POINT('',(0.0176953471991933,-0.0176953471991933,0.062));
#11841=CARTESIAN_POINT('',(0.0103656943983867,-0.025025,0.0614999999999999));
#11842=CARTESIAN_POINT('',(6.1293572297325E-18,-0.025025,0.061));
#11843=CARTESIAN_POINT('',(-0.0103656943983867,-0.025025,0.0605));
#11844=CARTESIAN_POINT('',(-0.0176953471991933,-0.0176953471991933,0.06));
#11845=CARTESIAN_POINT('',(-0.025025,-0.0103656943983867,0.0595));
#11846=CARTESIAN_POINT('',(-0.025025,-9.19403584459875E-18,0.059));
#11847=CARTESIAN_POINT('',(-0.025025,0.0103656943983867,0.0585));
#11848=CARTESIAN_POINT('',(-0.0176953471991933,0.0176953471991933,0.058));
#11849=CARTESIAN_POINT('',(-0.0103656943983867,0.025025,0.0575));
#11850=CARTESIAN_POINT('',(-9.19403584459875E-18,0.025025,0.057));
#11851=CARTESIAN_POINT('',(0.0103656943983867,0.025025,0.0565));
#11852=CARTESIAN_POINT('',(0.0176953471991933,0.0176953471991933,0.056));
#11853=CARTESIAN_POINT('',(0.025025,0.0103656943983867,0.0555));
#11854=CARTESIAN_POINT('',(0.025025,9.19403584459875E-18,0.055));
#11855=CARTESIAN_POINT('',(0.025025,-0.0103656943983867,0.0545));
#11856=CARTESIAN_POINT('',(0.0176953471991933,-0.0176953471991933,0.054));
#11857=CARTESIAN_POINT('',(0.0103656943983867,-0.025025,0.0535));
#11858=CARTESIAN_POINT('',(1.2258714459465E-17,-0.025025,0.053));
#11859=CARTESIAN_POINT('',(-0.0103656943983867,-0.025025,0.0525));
#11860=CARTESIAN_POINT('',(-0.0176953471991933,-0.0176953471991934,0.052));
#11861=CARTESIAN_POINT('',(-0.025025,-0.0103656943983867,0.0515));
#11862=CARTESIAN_POINT('',(-0.025025,-1.53233930743312E-17,0.051));
#11863=CARTESIAN_POINT('',(0.,1.53233930743313E-18,0.057));
#11864=CARTESIAN_POINT('',(-4.59701792229938E-18,0.025025,0.067));
#11865=CARTESIAN_POINT('',(0.0103656943983867,0.025025,0.0665));
#11866=CARTESIAN_POINT('',(0.0176953471991933,0.0176953471991933,0.066));
#11867=CARTESIAN_POINT('',(0.025025,0.0103656943983867,0.0655));
#11868=CARTESIAN_POINT('',(0.025025,4.59701792229938E-18,0.065));
#11869=CARTESIAN_POINT('',(0.025025,-0.0103656943983867,0.0645));
#11870=CARTESIAN_POINT('',(0.0176953471991933,-0.0176953471991933,0.064));
#11871=CARTESIAN_POINT('',(0.0103656943983867,-0.025025,0.0635));
#11872=CARTESIAN_POINT('',(4.59701792229938E-18,-0.025025,0.063));
#11873=CARTESIAN_POINT('',(-0.0103656943983867,-0.025025,0.0625));
#11874=CARTESIAN_POINT('',(-0.0176953471991933,-0.0176953471991933,0.062));
#11875=CARTESIAN_POINT('',(-0.025025,-0.0103656943983867,0.0614999999999999));
#11876=CARTESIAN_POINT('',(-0.025025,-7.66169653716562E-18,0.061));
#11877=CARTESIAN_POINT('',(-0.025025,0.0103656943983867,0.0605));
#11878=CARTESIAN_POINT('',(-0.0176953471991933,0.0176953471991933,0.06));
#11879=CARTESIAN_POINT('',(-0.0103656943983867,0.025025,0.0595));
#11880=CARTESIAN_POINT('',(-1.07263751520319E-17,0.025025,0.059));
#11881=CARTESIAN_POINT('',(0.0103656943983867,0.025025,0.0585));
#11882=CARTESIAN_POINT('',(0.0176953471991933,0.0176953471991933,0.058));
#11883=CARTESIAN_POINT('',(0.025025,0.0103656943983867,0.0575));
#11884=CARTESIAN_POINT('',(0.025025,1.07263751520319E-17,0.057));
#11885=CARTESIAN_POINT('',(0.025025,-0.0103656943983867,0.0565));
#11886=CARTESIAN_POINT('',(0.0176953471991933,-0.0176953471991933,0.056));
#11887=CARTESIAN_POINT('',(0.0103656943983867,-0.025025,0.0555));
#11888=CARTESIAN_POINT('',(1.07263751520319E-17,-0.025025,0.055));
#11889=CARTESIAN_POINT('',(-0.0103656943983867,-0.025025,0.0545));
#11890=CARTESIAN_POINT('',(-0.0176953471991933,-0.0176953471991933,0.054));
#11891=CARTESIAN_POINT('',(-0.025025,-0.0103656943983867,0.0535));
#11892=CARTESIAN_POINT('',(-0.025025,-1.37910537668981E-17,0.053));
#11893=CARTESIAN_POINT('',(-0.025025,0.0103656943983867,0.0525));
#11894=CARTESIAN_POINT('',(-0.0176953471991934,0.0176953471991933,0.052));
#11895=CARTESIAN_POINT('',(-0.0103656943983867,0.025025,0.0515));
#11896=CARTESIAN_POINT('',(-1.68557323817644E-17,0.025025,0.051));
#11897=CARTESIAN_POINT('',(-0.025025,-3.06467861486625E-18,0.06899));
#11898=CARTESIAN_POINT('',(-0.025025,0.0103656943983867,0.06849));
#11899=CARTESIAN_POINT('',(-0.0176953471991933,0.0176953471991933,0.06799));
#11900=CARTESIAN_POINT('',(-0.0103656943983867,0.025025,0.06749));
#11901=CARTESIAN_POINT('',(-3.06467861486625E-18,0.025025,0.06699));
#11902=CARTESIAN_POINT('',(0.0103656943983867,0.025025,0.06649));
#11903=CARTESIAN_POINT('',(0.0176953471991933,0.0176953471991933,0.06599));
#11904=CARTESIAN_POINT('',(0.025025,0.0103656943983867,0.06549));
#11905=CARTESIAN_POINT('',(0.025025,3.06467861486625E-18,0.06499));
#11906=CARTESIAN_POINT('',(0.025025,-0.0103656943983867,0.06449));
#11907=CARTESIAN_POINT('',(0.0176953471991933,-0.0176953471991933,0.06399));
#11908=CARTESIAN_POINT('',(0.0103656943983867,-0.025025,0.06349));
#11909=CARTESIAN_POINT('',(6.1293572297325E-18,-0.025025,0.06299));
#11910=CARTESIAN_POINT('',(-0.0103656943983867,-0.025025,0.06249));
#11911=CARTESIAN_POINT('',(-0.0176953471991933,-0.0176953471991933,0.06199));
#11912=CARTESIAN_POINT('',(-0.025025,-0.0103656943983867,0.06149));
#11913=CARTESIAN_POINT('',(-0.025025,-9.19403584459875E-18,0.06099));
#11914=CARTESIAN_POINT('',(-0.025025,0.0103656943983867,0.0604899999999999));
#11915=CARTESIAN_POINT('',(-0.0176953471991933,0.0176953471991933,0.05999));
#11916=CARTESIAN_POINT('',(-0.0103656943983867,0.025025,0.05949));
#11917=CARTESIAN_POINT('',(-9.19403584459875E-18,0.025025,0.05899));
#11918=CARTESIAN_POINT('',(0.0103656943983867,0.025025,0.05849));
#11919=CARTESIAN_POINT('',(0.0176953471991933,0.0176953471991933,0.05799));
#11920=CARTESIAN_POINT('',(0.025025,0.0103656943983867,0.05749));
#11921=CARTESIAN_POINT('',(0.025025,9.19403584459875E-18,0.05699));
#11922=CARTESIAN_POINT('',(0.025025,-0.0103656943983867,0.05649));
#11923=CARTESIAN_POINT('',(0.0176953471991933,-0.0176953471991933,0.05599));
#11924=CARTESIAN_POINT('',(0.0103656943983867,-0.025025,0.05549));
#11925=CARTESIAN_POINT('',(1.2258714459465E-17,-0.025025,0.05499));
#11926=CARTESIAN_POINT('',(-0.0103656943983867,-0.025025,0.05449));
#11927=CARTESIAN_POINT('',(-0.0176953471991933,-0.0176953471991934,0.05399));
#11928=CARTESIAN_POINT('',(-0.025025,-0.0103656943983867,0.05349));
#11929=CARTESIAN_POINT('',(-0.025025,-1.53233930743312E-17,0.05299));
#11930=CARTESIAN_POINT('',(0.,1.53233930743313E-18,0.057));
#11931=CARTESIAN_POINT('',(1.53233930743313E-18,-0.025025,0.067));
#11932=CARTESIAN_POINT('',(-0.0103656943983867,-0.025025,0.0665));
#11933=CARTESIAN_POINT('',(-0.0176953471991933,-0.0176953471991933,0.066));
#11934=CARTESIAN_POINT('',(-0.025025,-0.0103656943983867,0.0655));
#11935=CARTESIAN_POINT('',(-0.025025,-1.53233930743313E-18,0.065));
#11936=CARTESIAN_POINT('',(-0.025025,0.0103656943983867,0.0645));
#11937=CARTESIAN_POINT('',(-0.0176953471991933,0.0176953471991933,0.064));
#11938=CARTESIAN_POINT('',(-0.0103656943983867,0.025025,0.0635));
#11939=CARTESIAN_POINT('',(-1.53233930743313E-18,0.025025,0.063));
#11940=CARTESIAN_POINT('',(0.0103656943983867,0.025025,0.0625));
#11941=CARTESIAN_POINT('',(0.0176953471991933,0.0176953471991933,0.062));
#11942=CARTESIAN_POINT('',(0.025025,0.0103656943983867,0.0614999999999999));
#11943=CARTESIAN_POINT('',(0.025025,4.59701792229938E-18,0.061));
#11944=CARTESIAN_POINT('',(0.025025,-0.0103656943983867,0.0605));
#11945=CARTESIAN_POINT('',(0.0176953471991933,-0.0176953471991933,0.06));
#11946=CARTESIAN_POINT('',(0.0103656943983867,-0.025025,0.0595));
#11947=CARTESIAN_POINT('',(7.66169653716563E-18,-0.025025,0.059));
#11948=CARTESIAN_POINT('',(-0.0103656943983867,-0.025025,0.0585));
#11949=CARTESIAN_POINT('',(-0.0176953471991933,-0.0176953471991933,0.058));
#11950=CARTESIAN_POINT('',(-0.025025,-0.0103656943983867,0.0575));
#11951=CARTESIAN_POINT('',(-0.025025,-7.66169653716563E-18,0.057));
#11952=CARTESIAN_POINT('',(-0.025025,0.0103656943983867,0.0565));
#11953=CARTESIAN_POINT('',(-0.0176953471991933,0.0176953471991933,0.056));
#11954=CARTESIAN_POINT('',(-0.0103656943983867,0.025025,0.0555));
#11955=CARTESIAN_POINT('',(-7.66169653716562E-18,0.025025,0.055));
#11956=CARTESIAN_POINT('',(0.0103656943983867,0.025025,0.0545));
#11957=CARTESIAN_POINT('',(0.0176953471991933,0.0176953471991933,0.054));
#11958=CARTESIAN_POINT('',(0.025025,0.0103656943983867,0.0535));
#11959=CARTESIAN_POINT('',(0.025025,1.07263751520319E-17,0.053));
#11960=CARTESIAN_POINT('',(0.025025,-0.0103656943983867,0.0525));
#11961=CARTESIAN_POINT('',(0.0176953471991933,-0.0176953471991933,0.052));
#11962=CARTESIAN_POINT('',(0.0103656943983867,-0.025025,0.0515));
#11963=CARTESIAN_POINT('',(1.37910537668981E-17,-0.025025,0.051));
#11964=CARTESIAN_POINT('',(0.025025,0.,0.06899));
#11965=CARTESIAN_POINT('',(0.025025,-0.0103656943983867,0.06849));
#11966=CARTESIAN_POINT('',(0.0176953471991933,-0.0176953471991933,0.06799));
#11967=CARTESIAN_POINT('',(0.0103656943983867,-0.025025,0.06749));
#11968=CARTESIAN_POINT('',(0.,-0.025025,0.06699));
#11969=CARTESIAN_POINT('',(-0.0103656943983867,-0.025025,0.06649));
#11970=CARTESIAN_POINT('',(-0.0176953471991933,-0.0176953471991933,0.06599));
#11971=CARTESIAN_POINT('',(-0.025025,-0.0103656943983867,0.06549));
#11972=CARTESIAN_POINT('',(-0.025025,0.,0.06499));
#11973=CARTESIAN_POINT('',(-0.025025,0.0103656943983867,0.06449));
#11974=CARTESIAN_POINT('',(-0.0176953471991933,0.0176953471991933,0.06399));
#11975=CARTESIAN_POINT('',(-0.0103656943983867,0.025025,0.06349));
#11976=CARTESIAN_POINT('',(-3.06467861486625E-18,0.025025,0.06299));
#11977=CARTESIAN_POINT('',(0.0103656943983867,0.025025,0.06249));
#11978=CARTESIAN_POINT('',(0.0176953471991933,0.0176953471991933,0.06199));
#11979=CARTESIAN_POINT('',(0.025025,0.0103656943983867,0.06149));
#11980=CARTESIAN_POINT('',(0.025025,6.1293572297325E-18,0.06099));
#11981=CARTESIAN_POINT('',(0.025025,-0.0103656943983867,0.0604899999999999));
#11982=CARTESIAN_POINT('',(0.0176953471991933,-0.0176953471991933,0.05999));
#11983=CARTESIAN_POINT('',(0.0103656943983867,-0.025025,0.05949));
#11984=CARTESIAN_POINT('',(6.1293572297325E-18,-0.025025,0.05899));
#11985=CARTESIAN_POINT('',(-0.0103656943983867,-0.025025,0.05849));
#11986=CARTESIAN_POINT('',(-0.0176953471991933,-0.0176953471991933,0.05799));
#11987=CARTESIAN_POINT('',(-0.025025,-0.0103656943983867,0.05749));
#11988=CARTESIAN_POINT('',(-0.025025,-6.1293572297325E-18,0.05699));
#11989=CARTESIAN_POINT('',(-0.025025,0.0103656943983867,0.05649));
#11990=CARTESIAN_POINT('',(-0.0176953471991933,0.0176953471991933,0.05599));
#11991=CARTESIAN_POINT('',(-0.0103656943983867,0.025025,0.05549));
#11992=CARTESIAN_POINT('',(-9.19403584459875E-18,0.025025,0.05499));
#11993=CARTESIAN_POINT('',(0.0103656943983867,0.025025,0.05449));
#11994=CARTESIAN_POINT('',(0.0176953471991933,0.0176953471991934,0.05399));
#11995=CARTESIAN_POINT('',(0.025025,0.0103656943983867,0.05349));
#11996=CARTESIAN_POINT('',(0.025025,1.2258714459465E-17,0.05299));
#11997=CARTESIAN_POINT('',(0.,1.53233930743313E-18,0.057));
#11998=CARTESIAN_POINT('',(-4.59701792229938E-18,0.025025,0.06899));
#11999=CARTESIAN_POINT('',(0.0103656943983867,0.025025,0.06849));
#12000=CARTESIAN_POINT('',(0.0176953471991933,0.0176953471991933,0.06799));
#12001=CARTESIAN_POINT('',(0.025025,0.0103656943983867,0.06749));
#12002=CARTESIAN_POINT('',(0.025025,4.59701792229938E-18,0.06699));
#12003=CARTESIAN_POINT('',(0.025025,-0.0103656943983867,0.06649));
#12004=CARTESIAN_POINT('',(0.0176953471991933,-0.0176953471991933,0.06599));
#12005=CARTESIAN_POINT('',(0.0103656943983867,-0.025025,0.06549));
#12006=CARTESIAN_POINT('',(4.59701792229938E-18,-0.025025,0.06499));
#12007=CARTESIAN_POINT('',(-0.0103656943983867,-0.025025,0.06449));
#12008=CARTESIAN_POINT('',(-0.0176953471991933,-0.0176953471991933,0.06399));
#12009=CARTESIAN_POINT('',(-0.025025,-0.0103656943983867,0.06349));
#12010=CARTESIAN_POINT('',(-0.025025,-7.66169653716563E-18,0.06299));
#12011=CARTESIAN_POINT('',(-0.025025,0.0103656943983867,0.06249));
#12012=CARTESIAN_POINT('',(-0.0176953471991933,0.0176953471991933,0.06199));
#12013=CARTESIAN_POINT('',(-0.0103656943983867,0.025025,0.06149));
#12014=CARTESIAN_POINT('',(-1.07263751520319E-17,0.025025,0.06099));
#12015=CARTESIAN_POINT('',(0.0103656943983867,0.025025,0.0604899999999999));
#12016=CARTESIAN_POINT('',(0.0176953471991933,0.0176953471991933,0.05999));
#12017=CARTESIAN_POINT('',(0.025025,0.0103656943983867,0.05949));
#12018=CARTESIAN_POINT('',(0.025025,1.07263751520319E-17,0.05899));
#12019=CARTESIAN_POINT('',(0.025025,-0.0103656943983867,0.05849));
#12020=CARTESIAN_POINT('',(0.0176953471991933,-0.0176953471991933,0.05799));
#12021=CARTESIAN_POINT('',(0.0103656943983867,-0.025025,0.05749));
#12022=CARTESIAN_POINT('',(1.07263751520319E-17,-0.025025,0.05699));
#12023=CARTESIAN_POINT('',(-0.0103656943983867,-0.025025,0.05649));
#12024=CARTESIAN_POINT('',(-0.0176953471991933,-0.0176953471991933,0.05599));
#12025=CARTESIAN_POINT('',(-0.025025,-0.0103656943983867,0.05549));
#12026=CARTESIAN_POINT('',(-0.025025,-1.37910537668981E-17,0.05499));
#12027=CARTESIAN_POINT('',(-0.025025,0.0103656943983867,0.05449));
#12028=CARTESIAN_POINT('',(-0.0176953471991934,0.0176953471991933,0.05399));
#12029=CARTESIAN_POINT('',(-0.0103656943983867,0.025025,0.05349));
#12030=CARTESIAN_POINT('',(-1.68557323817644E-17,0.025025,0.05299));
#12031=CARTESIAN_POINT('',(0.025025,0.,0.067));
#12032=CARTESIAN_POINT('',(0.025025,-0.0103656943983867,0.0665));
#12033=CARTESIAN_POINT('',(0.0176953471991933,-0.0176953471991933,0.066));
#12034=CARTESIAN_POINT('',(0.0103656943983867,-0.025025,0.0655));
#12035=CARTESIAN_POINT('',(-5.77778983316171E-34,-0.025025,0.065));
#12036=CARTESIAN_POINT('',(-0.0103656943983867,-0.025025,0.0645));
#12037=CARTESIAN_POINT('',(-0.0176953471991933,-0.0176953471991933,0.064));
#12038=CARTESIAN_POINT('',(-0.025025,-0.0103656943983867,0.0635));
#12039=CARTESIAN_POINT('',(-0.025025,1.15555796663234E-33,0.063));
#12040=CARTESIAN_POINT('',(-0.025025,0.0103656943983867,0.0625));
#12041=CARTESIAN_POINT('',(-0.0176953471991933,0.0176953471991933,0.062));
#12042=CARTESIAN_POINT('',(-0.0103656943983867,0.025025,0.0614999999999999));
#12043=CARTESIAN_POINT('',(-3.06467861486625E-18,0.025025,0.061));
#12044=CARTESIAN_POINT('',(0.0103656943983867,0.025025,0.0605));
#12045=CARTESIAN_POINT('',(0.0176953471991933,0.0176953471991933,0.06));
#12046=CARTESIAN_POINT('',(0.025025,0.0103656943983867,0.0595));
#12047=CARTESIAN_POINT('',(0.025025,6.1293572297325E-18,0.059));
#12048=CARTESIAN_POINT('',(0.025025,-0.0103656943983867,0.0585));
#12049=CARTESIAN_POINT('',(0.0176953471991933,-0.0176953471991933,0.058));
#12050=CARTESIAN_POINT('',(0.0103656943983867,-0.025025,0.0575));
#12051=CARTESIAN_POINT('',(6.1293572297325E-18,-0.025025,0.057));
#12052=CARTESIAN_POINT('',(-0.0103656943983867,-0.025025,0.0565));
#12053=CARTESIAN_POINT('',(-0.0176953471991933,-0.0176953471991933,0.056));
#12054=CARTESIAN_POINT('',(-0.025025,-0.0103656943983867,0.0555));
#12055=CARTESIAN_POINT('',(-0.025025,-6.1293572297325E-18,0.055));
#12056=CARTESIAN_POINT('',(-0.025025,0.0103656943983867,0.0545));
#12057=CARTESIAN_POINT('',(-0.0176953471991933,0.0176953471991933,0.054));
#12058=CARTESIAN_POINT('',(-0.0103656943983867,0.025025,0.0535));
#12059=CARTESIAN_POINT('',(-9.19403584459875E-18,0.025025,0.053));
#12060=CARTESIAN_POINT('',(0.0103656943983867,0.025025,0.0525));
#12061=CARTESIAN_POINT('',(0.0176953471991933,0.0176953471991933,0.052));
#12062=CARTESIAN_POINT('',(0.025025,0.0103656943983867,0.0515));
#12063=CARTESIAN_POINT('',(0.025025,1.2258714459465E-17,0.051));
#12064=CARTESIAN_POINT('',(0.,1.53233930743313E-18,0.057));
#12065=CARTESIAN_POINT('',(-0.025025,-3.06467861486625E-18,0.067));
#12066=CARTESIAN_POINT('',(-0.025025,0.0103656943983867,0.0665));
#12067=CARTESIAN_POINT('',(-0.0176953471991933,0.0176953471991933,0.066));
#12068=CARTESIAN_POINT('',(-0.0103656943983867,0.025025,0.0655));
#12069=CARTESIAN_POINT('',(-3.06467861486625E-18,0.025025,0.065));
#12070=CARTESIAN_POINT('',(0.0103656943983867,0.025025,0.0645));
#12071=CARTESIAN_POINT('',(0.0176953471991933,0.0176953471991933,0.064));
#12072=CARTESIAN_POINT('',(0.025025,0.0103656943983867,0.0635));
#12073=CARTESIAN_POINT('',(0.025025,3.06467861486625E-18,0.063));
#12074=CARTESIAN_POINT('',(0.025025,-0.0103656943983867,0.0625));
#12075=CARTESIAN_POINT('',(0.0176953471991933,-0.0176953471991933,0.062));
#12076=CARTESIAN_POINT('',(0.0103656943983867,-0.025025,0.0614999999999999));
#12077=CARTESIAN_POINT('',(6.1293572297325E-18,-0.025025,0.061));
#12078=CARTESIAN_POINT('',(-0.0103656943983867,-0.025025,0.0605));
#12079=CARTESIAN_POINT('',(-0.0176953471991933,-0.0176953471991933,0.06));
#12080=CARTESIAN_POINT('',(-0.025025,-0.0103656943983867,0.0595));
#12081=CARTESIAN_POINT('',(-0.025025,-9.19403584459875E-18,0.059));
#12082=CARTESIAN_POINT('',(-0.025025,0.0103656943983867,0.0585));
#12083=CARTESIAN_POINT('',(-0.0176953471991933,0.0176953471991933,0.058));
#12084=CARTESIAN_POINT('',(-0.0103656943983867,0.025025,0.0575));
#12085=CARTESIAN_POINT('',(-9.19403584459875E-18,0.025025,0.057));
#12086=CARTESIAN_POINT('',(0.0103656943983867,0.025025,0.0565));
#12087=CARTESIAN_POINT('',(0.0176953471991933,0.0176953471991933,0.056));
#12088=CARTESIAN_POINT('',(0.025025,0.0103656943983867,0.0555));
#12089=CARTESIAN_POINT('',(0.025025,9.19403584459875E-18,0.055));
#12090=CARTESIAN_POINT('',(0.025025,-0.0103656943983867,0.0545));
#12091=CARTESIAN_POINT('',(0.0176953471991933,-0.0176953471991933,0.054));
#12092=CARTESIAN_POINT('',(0.0103656943983867,-0.025025,0.0535));
#12093=CARTESIAN_POINT('',(1.2258714459465E-17,-0.025025,0.053));
#12094=CARTESIAN_POINT('',(-0.0103656943983867,-0.025025,0.0525));
#12095=CARTESIAN_POINT('',(-0.0176953471991933,-0.0176953471991934,0.052));
#12096=CARTESIAN_POINT('',(-0.025025,-0.0103656943983867,0.0515));
#12097=CARTESIAN_POINT('',(-0.025025,-1.53233930743312E-17,0.051));
#12098=CARTESIAN_POINT('',(1.53233930743313E-18,-0.025025,0.06899));
#12099=CARTESIAN_POINT('',(-0.0103656943983867,-0.025025,0.06849));
#12100=CARTESIAN_POINT('',(-0.0176953471991933,-0.0176953471991933,0.06799));
#12101=CARTESIAN_POINT('',(-0.025025,-0.0103656943983867,0.06749));
#12102=CARTESIAN_POINT('',(-0.025025,-1.53233930743313E-18,0.06699));
#12103=CARTESIAN_POINT('',(-0.025025,0.0103656943983867,0.06649));
#12104=CARTESIAN_POINT('',(-0.0176953471991933,0.0176953471991933,0.06599));
#12105=CARTESIAN_POINT('',(-0.0103656943983867,0.025025,0.06549));
#12106=CARTESIAN_POINT('',(-1.53233930743313E-18,0.025025,0.06499));
#12107=CARTESIAN_POINT('',(0.0103656943983867,0.025025,0.06449));
#12108=CARTESIAN_POINT('',(0.0176953471991933,0.0176953471991933,0.06399));
#12109=CARTESIAN_POINT('',(0.025025,0.0103656943983867,0.06349));
#12110=CARTESIAN_POINT('',(0.025025,4.59701792229938E-18,0.06299));
#12111=CARTESIAN_POINT('',(0.025025,-0.0103656943983867,0.06249));
#12112=CARTESIAN_POINT('',(0.0176953471991933,-0.0176953471991933,0.06199));
#12113=CARTESIAN_POINT('',(0.0103656943983867,-0.025025,0.06149));
#12114=CARTESIAN_POINT('',(7.66169653716563E-18,-0.025025,0.06099));
#12115=CARTESIAN_POINT('',(-0.0103656943983867,-0.025025,0.0604899999999999));
#12116=CARTESIAN_POINT('',(-0.0176953471991933,-0.0176953471991933,0.05999));
#12117=CARTESIAN_POINT('',(-0.025025,-0.0103656943983867,0.05949));
#12118=CARTESIAN_POINT('',(-0.025025,-7.66169653716563E-18,0.05899));
#12119=CARTESIAN_POINT('',(-0.025025,0.0103656943983867,0.05849));
#12120=CARTESIAN_POINT('',(-0.0176953471991933,0.0176953471991933,0.05799));
#12121=CARTESIAN_POINT('',(-0.0103656943983867,0.025025,0.05749));
#12122=CARTESIAN_POINT('',(-7.66169653716563E-18,0.025025,0.05699));
#12123=CARTESIAN_POINT('',(0.0103656943983867,0.025025,0.05649));
#12124=CARTESIAN_POINT('',(0.0176953471991933,0.0176953471991933,0.05599));
#12125=CARTESIAN_POINT('',(0.025025,0.0103656943983867,0.05549));
#12126=CARTESIAN_POINT('',(0.025025,1.07263751520319E-17,0.05499));
#12127=CARTESIAN_POINT('',(0.025025,-0.0103656943983867,0.05449));
#12128=CARTESIAN_POINT('',(0.0176953471991934,-0.0176953471991933,0.05399));
#12129=CARTESIAN_POINT('',(0.0103656943983867,-0.025025,0.05349));
#12130=CARTESIAN_POINT('',(1.37910537668981E-17,-0.025025,0.05299));
#12131=CARTESIAN_POINT('',(0.,1.53233930743313E-18,0.057));
#12132=CARTESIAN_POINT('',(-4.59701792229938E-18,0.025025,0.067));
#12133=CARTESIAN_POINT('',(0.0103656943983867,0.025025,0.0665));
#12134=CARTESIAN_POINT('',(0.0176953471991933,0.0176953471991933,0.066));
#12135=CARTESIAN_POINT('',(0.025025,0.0103656943983867,0.0655));
#12136=CARTESIAN_POINT('',(0.025025,4.59701792229938E-18,0.065));
#12137=CARTESIAN_POINT('',(0.025025,-0.0103656943983867,0.0645));
#12138=CARTESIAN_POINT('',(0.0176953471991933,-0.0176953471991933,0.064));
#12139=CARTESIAN_POINT('',(0.0103656943983867,-0.025025,0.0635));
#12140=CARTESIAN_POINT('',(4.59701792229938E-18,-0.025025,0.063));
#12141=CARTESIAN_POINT('',(-0.0103656943983867,-0.025025,0.0625));
#12142=CARTESIAN_POINT('',(-0.0176953471991933,-0.0176953471991933,0.062));
#12143=CARTESIAN_POINT('',(-0.025025,-0.0103656943983867,0.0614999999999999));
#12144=CARTESIAN_POINT('',(-0.025025,-7.66169653716562E-18,0.061));
#12145=CARTESIAN_POINT('',(-0.025025,0.0103656943983867,0.0605));
#12146=CARTESIAN_POINT('',(-0.0176953471991933,0.0176953471991933,0.06));
#12147=CARTESIAN_POINT('',(-0.0103656943983867,0.025025,0.0595));
#12148=CARTESIAN_POINT('',(-1.07263751520319E-17,0.025025,0.059));
#12149=CARTESIAN_POINT('',(0.0103656943983867,0.025025,0.0585));
#12150=CARTESIAN_POINT('',(0.0176953471991933,0.0176953471991933,0.058));
#12151=CARTESIAN_POINT('',(0.025025,0.0103656943983867,0.0575));
#12152=CARTESIAN_POINT('',(0.025025,1.07263751520319E-17,0.057));
#12153=CARTESIAN_POINT('',(0.025025,-0.0103656943983867,0.0565));
#12154=CARTESIAN_POINT('',(0.0176953471991933,-0.0176953471991933,0.056));
#12155=CARTESIAN_POINT('',(0.0103656943983867,-0.025025,0.0555));
#12156=CARTESIAN_POINT('',(1.07263751520319E-17,-0.025025,0.055));
#12157=CARTESIAN_POINT('',(-0.0103656943983867,-0.025025,0.0545));
#12158=CARTESIAN_POINT('',(-0.0176953471991933,-0.0176953471991933,0.054));
#12159=CARTESIAN_POINT('',(-0.025025,-0.0103656943983867,0.0535));
#12160=CARTESIAN_POINT('',(-0.025025,-1.37910537668981E-17,0.053));
#12161=CARTESIAN_POINT('',(-0.025025,0.0103656943983867,0.0525));
#12162=CARTESIAN_POINT('',(-0.0176953471991934,0.0176953471991933,0.052));
#12163=CARTESIAN_POINT('',(-0.0103656943983867,0.025025,0.0515));
#12164=CARTESIAN_POINT('',(-1.68557323817644E-17,0.025025,0.051));
#12165=CARTESIAN_POINT('',(-0.025025,-3.06467861486625E-18,0.06899));
#12166=CARTESIAN_POINT('',(-0.025025,0.0103656943983867,0.06849));
#12167=CARTESIAN_POINT('',(-0.0176953471991933,0.0176953471991933,0.06799));
#12168=CARTESIAN_POINT('',(-0.0103656943983867,0.025025,0.06749));
#12169=CARTESIAN_POINT('',(-3.06467861486625E-18,0.025025,0.06699));
#12170=CARTESIAN_POINT('',(0.0103656943983867,0.025025,0.06649));
#12171=CARTESIAN_POINT('',(0.0176953471991933,0.0176953471991933,0.06599));
#12172=CARTESIAN_POINT('',(0.025025,0.0103656943983867,0.06549));
#12173=CARTESIAN_POINT('',(0.025025,3.06467861486625E-18,0.06499));
#12174=CARTESIAN_POINT('',(0.025025,-0.0103656943983867,0.06449));
#12175=CARTESIAN_POINT('',(0.0176953471991933,-0.0176953471991933,0.06399));
#12176=CARTESIAN_POINT('',(0.0103656943983867,-0.025025,0.06349));
#12177=CARTESIAN_POINT('',(6.1293572297325E-18,-0.025025,0.06299));
#12178=CARTESIAN_POINT('',(-0.0103656943983867,-0.025025,0.06249));
#12179=CARTESIAN_POINT('',(-0.0176953471991933,-0.0176953471991933,0.06199));
#12180=CARTESIAN_POINT('',(-0.025025,-0.0103656943983867,0.06149));
#12181=CARTESIAN_POINT('',(-0.025025,-9.19403584459875E-18,0.06099));
#12182=CARTESIAN_POINT('',(-0.025025,0.0103656943983867,0.0604899999999999));
#12183=CARTESIAN_POINT('',(-0.0176953471991933,0.0176953471991933,0.05999));
#12184=CARTESIAN_POINT('',(-0.0103656943983867,0.025025,0.05949));
#12185=CARTESIAN_POINT('',(-9.19403584459875E-18,0.025025,0.05899));
#12186=CARTESIAN_POINT('',(0.0103656943983867,0.025025,0.05849));
#12187=CARTESIAN_POINT('',(0.0176953471991933,0.0176953471991933,0.05799));
#12188=CARTESIAN_POINT('',(0.025025,0.0103656943983867,0.05749));
#12189=CARTESIAN_POINT('',(0.025025,9.19403584459875E-18,0.05699));
#12190=CARTESIAN_POINT('',(0.025025,-0.0103656943983867,0.05649));
#12191=CARTESIAN_POINT('',(0.0176953471991933,-0.0176953471991933,0.05599));
#12192=CARTESIAN_POINT('',(0.0103656943983867,-0.025025,0.05549));
#12193=CARTESIAN_POINT('',(1.2258714459465E-17,-0.025025,0.05499));
#12194=CARTESIAN_POINT('',(-0.0103656943983867,-0.025025,0.05449));
#12195=CARTESIAN_POINT('',(-0.0176953471991933,-0.0176953471991934,0.05399));
#12196=CARTESIAN_POINT('',(-0.025025,-0.0103656943983867,0.05349));
#12197=CARTESIAN_POINT('',(-0.025025,-1.53233930743312E-17,0.05299));
#12198=CARTESIAN_POINT('',(0.,1.53233930743313E-18,0.057));
#12199=CARTESIAN_POINT('',(1.53233930743313E-18,-0.025025,0.067));
#12200=CARTESIAN_POINT('',(-0.0103656943983867,-0.025025,0.0665));
#12201=CARTESIAN_POINT('',(-0.0176953471991933,-0.0176953471991933,0.066));
#12202=CARTESIAN_POINT('',(-0.025025,-0.0103656943983867,0.0655));
#12203=CARTESIAN_POINT('',(-0.025025,-1.53233930743313E-18,0.065));
#12204=CARTESIAN_POINT('',(-0.025025,0.0103656943983867,0.0645));
#12205=CARTESIAN_POINT('',(-0.0176953471991933,0.0176953471991933,0.064));
#12206=CARTESIAN_POINT('',(-0.0103656943983867,0.025025,0.0635));
#12207=CARTESIAN_POINT('',(-1.53233930743313E-18,0.025025,0.063));
#12208=CARTESIAN_POINT('',(0.0103656943983867,0.025025,0.0625));
#12209=CARTESIAN_POINT('',(0.0176953471991933,0.0176953471991933,0.062));
#12210=CARTESIAN_POINT('',(0.025025,0.0103656943983867,0.0614999999999999));
#12211=CARTESIAN_POINT('',(0.025025,4.59701792229938E-18,0.061));
#12212=CARTESIAN_POINT('',(0.025025,-0.0103656943983867,0.0605));
#12213=CARTESIAN_POINT('',(0.0176953471991933,-0.0176953471991933,0.06));
#12214=CARTESIAN_POINT('',(0.0103656943983867,-0.025025,0.0595));
#12215=CARTESIAN_POINT('',(7.66169653716563E-18,-0.025025,0.059));
#12216=CARTESIAN_POINT('',(-0.0103656943983867,-0.025025,0.0585));
#12217=CARTESIAN_POINT('',(-0.0176953471991933,-0.0176953471991933,0.058));
#12218=CARTESIAN_POINT('',(-0.025025,-0.0103656943983867,0.0575));
#12219=CARTESIAN_POINT('',(-0.025025,-7.66169653716563E-18,0.057));
#12220=CARTESIAN_POINT('',(-0.025025,0.0103656943983867,0.0565));
#12221=CARTESIAN_POINT('',(-0.0176953471991933,0.0176953471991933,0.056));
#12222=CARTESIAN_POINT('',(-0.0103656943983867,0.025025,0.0555));
#12223=CARTESIAN_POINT('',(-7.66169653716562E-18,0.025025,0.055));
#12224=CARTESIAN_POINT('',(0.0103656943983867,0.025025,0.0545));
#12225=CARTESIAN_POINT('',(0.0176953471991933,0.0176953471991933,0.054));
#12226=CARTESIAN_POINT('',(0.025025,0.0103656943983867,0.0535));
#12227=CARTESIAN_POINT('',(0.025025,1.07263751520319E-17,0.053));
#12228=CARTESIAN_POINT('',(0.025025,-0.0103656943983867,0.0525));
#12229=CARTESIAN_POINT('',(0.0176953471991933,-0.0176953471991933,0.052));
#12230=CARTESIAN_POINT('',(0.0103656943983867,-0.025025,0.0515));
#12231=CARTESIAN_POINT('',(1.37910537668981E-17,-0.025025,0.051));
#12232=CARTESIAN_POINT('',(0.025025,0.,0.06899));
#12233=CARTESIAN_POINT('',(0.025025,-0.0103656943983867,0.06849));
#12234=CARTESIAN_POINT('',(0.0176953471991933,-0.0176953471991933,0.06799));
#12235=CARTESIAN_POINT('',(0.0103656943983867,-0.025025,0.06749));
#12236=CARTESIAN_POINT('',(0.,-0.025025,0.06699));
#12237=CARTESIAN_POINT('',(-0.0103656943983867,-0.025025,0.06649));
#12238=CARTESIAN_POINT('',(-0.0176953471991933,-0.0176953471991933,0.06599));
#12239=CARTESIAN_POINT('',(-0.025025,-0.0103656943983867,0.06549));
#12240=CARTESIAN_POINT('',(-0.025025,0.,0.06499));
#12241=CARTESIAN_POINT('',(-0.025025,0.0103656943983867,0.06449));
#12242=CARTESIAN_POINT('',(-0.0176953471991933,0.0176953471991933,0.06399));
#12243=CARTESIAN_POINT('',(-0.0103656943983867,0.025025,0.06349));
#12244=CARTESIAN_POINT('',(-3.06467861486625E-18,0.025025,0.06299));
#12245=CARTESIAN_POINT('',(0.0103656943983867,0.025025,0.06249));
#12246=CARTESIAN_POINT('',(0.0176953471991933,0.0176953471991933,0.06199));
#12247=CARTESIAN_POINT('',(0.025025,0.0103656943983867,0.06149));
#12248=CARTESIAN_POINT('',(0.025025,6.1293572297325E-18,0.06099));
#12249=CARTESIAN_POINT('',(0.025025,-0.0103656943983867,0.0604899999999999));
#12250=CARTESIAN_POINT('',(0.0176953471991933,-0.0176953471991933,0.05999));
#12251=CARTESIAN_POINT('',(0.0103656943983867,-0.025025,0.05949));
#12252=CARTESIAN_POINT('',(6.1293572297325E-18,-0.025025,0.05899));
#12253=CARTESIAN_POINT('',(-0.0103656943983867,-0.025025,0.05849));
#12254=CARTESIAN_POINT('',(-0.0176953471991933,-0.0176953471991933,0.05799));
#12255=CARTESIAN_POINT('',(-0.025025,-0.0103656943983867,0.05749));
#12256=CARTESIAN_POINT('',(-0.025025,-6.1293572297325E-18,0.05699));
#12257=CARTESIAN_POINT('',(-0.025025,0.0103656943983867,0.05649));
#12258=CARTESIAN_POINT('',(-0.0176953471991933,0.0176953471991933,0.05599));
#12259=CARTESIAN_POINT('',(-0.0103656943983867,0.025025,0.05549));
#12260=CARTESIAN_POINT('',(-9.19403584459875E-18,0.025025,0.05499));
#12261=CARTESIAN_POINT('',(0.0103656943983867,0.025025,0.05449));
#12262=CARTESIAN_POINT('',(0.0176953471991933,0.0176953471991934,0.05399));
#12263=CARTESIAN_POINT('',(0.025025,0.0103656943983867,0.05349));
#12264=CARTESIAN_POINT('',(0.025025,1.2258714459465E-17,0.05299));
#12265=CARTESIAN_POINT('',(0.,1.53233930743313E-18,0.057));
#12266=CARTESIAN_POINT('',(-4.59701792229938E-18,0.025025,0.06899));
#12267=CARTESIAN_POINT('',(0.0103656943983867,0.025025,0.06849));
#12268=CARTESIAN_POINT('',(0.0176953471991933,0.0176953471991933,0.06799));
#12269=CARTESIAN_POINT('',(0.025025,0.0103656943983867,0.06749));
#12270=CARTESIAN_POINT('',(0.025025,4.59701792229938E-18,0.06699));
#12271=CARTESIAN_POINT('',(0.025025,-0.0103656943983867,0.06649));
#12272=CARTESIAN_POINT('',(0.0176953471991933,-0.0176953471991933,0.06599));
#12273=CARTESIAN_POINT('',(0.0103656943983867,-0.025025,0.06549));
#12274=CARTESIAN_POINT('',(4.59701792229938E-18,-0.025025,0.06499));
#12275=CARTESIAN_POINT('',(-0.0103656943983867,-0.025025,0.06449));
#12276=CARTESIAN_POINT('',(-0.0176953471991933,-0.0176953471991933,0.06399));
#12277=CARTESIAN_POINT('',(-0.025025,-0.0103656943983867,0.06349));
#12278=CARTESIAN_POINT('',(-0.025025,-7.66169653716563E-18,0.06299));
#12279=CARTESIAN_POINT('',(-0.025025,0.0103656943983867,0.06249));
#12280=CARTESIAN_POINT('',(-0.0176953471991933,0.0176953471991933,0.06199));
#12281=CARTESIAN_POINT('',(-0.0103656943983867,0.025025,0.06149));
#12282=CARTESIAN_POINT('',(-1.07263751520319E-17,0.025025,0.06099));
#12283=CARTESIAN_POINT('',(0.0103656943983867,0.025025,0.0604899999999999));
#12284=CARTESIAN_POINT('',(0.0176953471991933,0.0176953471991933,0.05999));
#12285=CARTESIAN_POINT('',(0.025025,0.0103656943983867,0.05949));
#12286=CARTESIAN_POINT('',(0.025025,1.07263751520319E-17,0.05899));
#12287=CARTESIAN_POINT('',(0.025025,-0.0103656943983867,0.05849));
#12288=CARTESIAN_POINT('',(0.0176953471991933,-0.0176953471991933,0.05799));
#12289=CARTESIAN_POINT('',(0.0103656943983867,-0.025025,0.05749));
#12290=CARTESIAN_POINT('',(1.07263751520319E-17,-0.025025,0.05699));
#12291=CARTESIAN_POINT('',(-0.0103656943983867,-0.025025,0.05649));
#12292=CARTESIAN_POINT('',(-0.0176953471991933,-0.0176953471991933,0.05599));
#12293=CARTESIAN_POINT('',(-0.025025,-0.0103656943983867,0.05549));
#12294=CARTESIAN_POINT('',(-0.025025,-1.37910537668981E-17,0.05499));
#12295=CARTESIAN_POINT('',(-0.025025,0.0103656943983867,0.05449));
#12296=CARTESIAN_POINT('',(-0.0176953471991934,0.0176953471991933,0.05399));
#12297=CARTESIAN_POINT('',(-0.0103656943983867,0.025025,0.05349));
#12298=CARTESIAN_POINT('',(-1.68557323817644E-17,0.025025,0.05299));
#12299=CARTESIAN_POINT('',(0.025025,0.,0.067));
#12300=CARTESIAN_POINT('',(0.025025,-0.0103656943983867,0.0665));
#12301=CARTESIAN_POINT('',(0.0176953471991933,-0.0176953471991933,0.066));
#12302=CARTESIAN_POINT('',(0.0103656943983867,-0.025025,0.0655));
#12303=CARTESIAN_POINT('',(-5.77778983316171E-34,-0.025025,0.065));
#12304=CARTESIAN_POINT('',(-0.0103656943983867,-0.025025,0.0645));
#12305=CARTESIAN_POINT('',(-0.0176953471991933,-0.0176953471991933,0.064));
#12306=CARTESIAN_POINT('',(-0.025025,-0.0103656943983867,0.0635));
#12307=CARTESIAN_POINT('',(-0.025025,1.15555796663234E-33,0.063));
#12308=CARTESIAN_POINT('',(-0.025025,0.0103656943983867,0.0625));
#12309=CARTESIAN_POINT('',(-0.0176953471991933,0.0176953471991933,0.062));
#12310=CARTESIAN_POINT('',(-0.0103656943983867,0.025025,0.0614999999999999));
#12311=CARTESIAN_POINT('',(-3.06467861486625E-18,0.025025,0.061));
#12312=CARTESIAN_POINT('',(0.0103656943983867,0.025025,0.0605));
#12313=CARTESIAN_POINT('',(0.0176953471991933,0.0176953471991933,0.06));
#12314=CARTESIAN_POINT('',(0.025025,0.0103656943983867,0.0595));
#12315=CARTESIAN_POINT('',(0.025025,6.1293572297325E-18,0.059));
#12316=CARTESIAN_POINT('',(0.025025,-0.0103656943983867,0.0585));
#12317=CARTESIAN_POINT('',(0.0176953471991933,-0.0176953471991933,0.058));
#12318=CARTESIAN_POINT('',(0.0103656943983867,-0.025025,0.0575));
#12319=CARTESIAN_POINT('',(6.1293572297325E-18,-0.025025,0.057));
#12320=CARTESIAN_POINT('',(-0.0103656943983867,-0.025025,0.0565));
#12321=CARTESIAN_POINT('',(-0.0176953471991933,-0.0176953471991933,0.056));
#12322=CARTESIAN_POINT('',(-0.025025,-0.0103656943983867,0.0555));
#12323=CARTESIAN_POINT('',(-0.025025,-6.1293572297325E-18,0.055));
#12324=CARTESIAN_POINT('',(-0.025025,0.0103656943983867,0.0545));
#12325=CARTESIAN_POINT('',(-0.0176953471991933,0.0176953471991933,0.054));
#12326=CARTESIAN_POINT('',(-0.0103656943983867,0.025025,0.0535));
#12327=CARTESIAN_POINT('',(-9.19403584459875E-18,0.025025,0.053));
#12328=CARTESIAN_POINT('',(0.0103656943983867,0.025025,0.0525));
#12329=CARTESIAN_POINT('',(0.0176953471991933,0.0176953471991933,0.052));
#12330=CARTESIAN_POINT('',(0.025025,0.0103656943983867,0.0515));
#12331=CARTESIAN_POINT('',(0.025025,1.2258714459465E-17,0.051));
#12332=CARTESIAN_POINT('',(0.,1.53233930743313E-18,0.057));
#12333=CARTESIAN_POINT('',(0.025025,0.,0.067));
#12334=CARTESIAN_POINT('',(0.025025,-0.0103656943983867,0.0665));
#12335=CARTESIAN_POINT('',(0.0176953471991933,-0.0176953471991933,0.066));
#12336=CARTESIAN_POINT('',(0.0103656943983867,-0.025025,0.0655));
#12337=CARTESIAN_POINT('',(-5.77778983316171E-34,-0.025025,0.065));
#12338=CARTESIAN_POINT('',(-0.0103656943983867,-0.025025,0.0645));
#12339=CARTESIAN_POINT('',(-0.0176953471991933,-0.0176953471991933,0.064));
#12340=CARTESIAN_POINT('',(-0.025025,-0.0103656943983867,0.0635));
#12341=CARTESIAN_POINT('',(-0.025025,1.15555796663234E-33,0.063));
#12342=CARTESIAN_POINT('',(-0.025025,0.0103656943983867,0.0625));
#12343=CARTESIAN_POINT('',(-0.0176953471991933,0.0176953471991933,0.062));
#12344=CARTESIAN_POINT('',(-0.0103656943983867,0.025025,0.0614999999999999));
#12345=CARTESIAN_POINT('',(-3.06467861486625E-18,0.025025,0.061));
#12346=CARTESIAN_POINT('',(0.0103656943983867,0.025025,0.0605));
#12347=CARTESIAN_POINT('',(0.0176953471991933,0.0176953471991933,0.06));
#12348=CARTESIAN_POINT('',(0.025025,0.0103656943983867,0.0595));
#12349=CARTESIAN_POINT('',(0.025025,6.1293572297325E-18,0.059));
#12350=CARTESIAN_POINT('',(0.025025,-0.0103656943983867,0.0585));
#12351=CARTESIAN_POINT('',(0.0176953471991933,-0.0176953471991933,0.058));
#12352=CARTESIAN_POINT('',(0.0103656943983867,-0.025025,0.0575));
#12353=CARTESIAN_POINT('',(6.1293572297325E-18,-0.025025,0.057));
#12354=CARTESIAN_POINT('',(-0.0103656943983867,-0.025025,0.0565));
#12355=CARTESIAN_POINT('',(-0.0176953471991933,-0.0176953471991933,0.056));
#12356=CARTESIAN_POINT('',(-0.025025,-0.0103656943983867,0.0555));
#12357=CARTESIAN_POINT('',(-0.025025,-6.1293572297325E-18,0.055));
#12358=CARTESIAN_POINT('',(-0.025025,0.0103656943983867,0.0545));
#12359=CARTESIAN_POINT('',(-0.0176953471991933,0.0176953471991933,0.054));
#12360=CARTESIAN_POINT('',(-0.0103656943983867,0.025025,0.0535));
#12361=CARTESIAN_POINT('',(-9.19403584459875E-18,0.025025,0.053));
#12362=CARTESIAN_POINT('',(0.0103656943983867,0.025025,0.0525));
#12363=CARTESIAN_POINT('',(0.0176953471991933,0.0176953471991933,0.052));
#12364=CARTESIAN_POINT('',(0.025025,0.0103656943983867,0.0515));
#12365=CARTESIAN_POINT('',(0.025025,1.2258714459465E-17,0.051));
#12366=CARTESIAN_POINT('',(-4.59701792229938E-18,0.025025,0.06899));
#12367=CARTESIAN_POINT('',(0.0103656943983867,0.025025,0.06849));
#12368=CARTESIAN_POINT('',(0.0176953471991933,0.0176953471991933,0.06799));
#12369=CARTESIAN_POINT('',(0.025025,0.0103656943983867,0.06749));
#12370=CARTESIAN_POINT('',(0.025025,4.59701792229938E-18,0.06699));
#12371=CARTESIAN_POINT('',(0.025025,-0.0103656943983867,0.06649));
#12372=CARTESIAN_POINT('',(0.0176953471991933,-0.0176953471991933,0.06599));
#12373=CARTESIAN_POINT('',(0.0103656943983867,-0.025025,0.06549));
#12374=CARTESIAN_POINT('',(4.59701792229938E-18,-0.025025,0.06499));
#12375=CARTESIAN_POINT('',(-0.0103656943983867,-0.025025,0.06449));
#12376=CARTESIAN_POINT('',(-0.0176953471991933,-0.0176953471991933,0.06399));
#12377=CARTESIAN_POINT('',(-0.025025,-0.0103656943983867,0.06349));
#12378=CARTESIAN_POINT('',(-0.025025,-7.66169653716563E-18,0.06299));
#12379=CARTESIAN_POINT('',(-0.025025,0.0103656943983867,0.06249));
#12380=CARTESIAN_POINT('',(-0.0176953471991933,0.0176953471991933,0.06199));
#12381=CARTESIAN_POINT('',(-0.0103656943983867,0.025025,0.06149));
#12382=CARTESIAN_POINT('',(-1.07263751520319E-17,0.025025,0.06099));
#12383=CARTESIAN_POINT('',(0.0103656943983867,0.025025,0.0604899999999999));
#12384=CARTESIAN_POINT('',(0.0176953471991933,0.0176953471991933,0.05999));
#12385=CARTESIAN_POINT('',(0.025025,0.0103656943983867,0.05949));
#12386=CARTESIAN_POINT('',(0.025025,1.07263751520319E-17,0.05899));
#12387=CARTESIAN_POINT('',(0.025025,-0.0103656943983867,0.05849));
#12388=CARTESIAN_POINT('',(0.0176953471991933,-0.0176953471991933,0.05799));
#12389=CARTESIAN_POINT('',(0.0103656943983867,-0.025025,0.05749));
#12390=CARTESIAN_POINT('',(1.07263751520319E-17,-0.025025,0.05699));
#12391=CARTESIAN_POINT('',(-0.0103656943983867,-0.025025,0.05649));
#12392=CARTESIAN_POINT('',(-0.0176953471991933,-0.0176953471991933,0.05599));
#12393=CARTESIAN_POINT('',(-0.025025,-0.0103656943983867,0.05549));
#12394=CARTESIAN_POINT('',(-0.025025,-1.37910537668981E-17,0.05499));
#12395=CARTESIAN_POINT('',(-0.025025,0.0103656943983867,0.05449));
#12396=CARTESIAN_POINT('',(-0.0176953471991934,0.0176953471991933,0.05399));
#12397=CARTESIAN_POINT('',(-0.0103656943983867,0.025025,0.05349));
#12398=CARTESIAN_POINT('',(-1.68557323817644E-17,0.025025,0.05299));
#12399=CARTESIAN_POINT('',(0.,1.53233930743313E-18,0.057));
#12400=CARTESIAN_POINT('',(-0.025025,-3.06467861486625E-18,0.067));
#12401=CARTESIAN_POINT('',(-0.025025,0.0103656943983867,0.0665));
#12402=CARTESIAN_POINT('',(-0.0176953471991933,0.0176953471991933,0.066));
#12403=CARTESIAN_POINT('',(-0.0103656943983867,0.025025,0.0655));
#12404=CARTESIAN_POINT('',(-3.06467861486625E-18,0.025025,0.065));
#12405=CARTESIAN_POINT('',(0.0103656943983867,0.025025,0.0645));
#12406=CARTESIAN_POINT('',(0.0176953471991933,0.0176953471991933,0.064));
#12407=CARTESIAN_POINT('',(0.025025,0.0103656943983867,0.0635));
#12408=CARTESIAN_POINT('',(0.025025,3.06467861486625E-18,0.063));
#12409=CARTESIAN_POINT('',(0.025025,-0.0103656943983867,0.0625));
#12410=CARTESIAN_POINT('',(0.0176953471991933,-0.0176953471991933,0.062));
#12411=CARTESIAN_POINT('',(0.0103656943983867,-0.025025,0.0614999999999999));
#12412=CARTESIAN_POINT('',(6.1293572297325E-18,-0.025025,0.061));
#12413=CARTESIAN_POINT('',(-0.0103656943983867,-0.025025,0.0605));
#12414=CARTESIAN_POINT('',(-0.0176953471991933,-0.0176953471991933,0.06));
#12415=CARTESIAN_POINT('',(-0.025025,-0.0103656943983867,0.0595));
#12416=CARTESIAN_POINT('',(-0.025025,-9.19403584459875E-18,0.059));
#12417=CARTESIAN_POINT('',(-0.025025,0.0103656943983867,0.0585));
#12418=CARTESIAN_POINT('',(-0.0176953471991933,0.0176953471991933,0.058));
#12419=CARTESIAN_POINT('',(-0.0103656943983867,0.025025,0.0575));
#12420=CARTESIAN_POINT('',(-9.19403584459875E-18,0.025025,0.057));
#12421=CARTESIAN_POINT('',(0.0103656943983867,0.025025,0.0565));
#12422=CARTESIAN_POINT('',(0.0176953471991933,0.0176953471991933,0.056));
#12423=CARTESIAN_POINT('',(0.025025,0.0103656943983867,0.0555));
#12424=CARTESIAN_POINT('',(0.025025,9.19403584459875E-18,0.055));
#12425=CARTESIAN_POINT('',(0.025025,-0.0103656943983867,0.0545));
#12426=CARTESIAN_POINT('',(0.0176953471991933,-0.0176953471991933,0.054));
#12427=CARTESIAN_POINT('',(0.0103656943983867,-0.025025,0.0535));
#12428=CARTESIAN_POINT('',(1.2258714459465E-17,-0.025025,0.053));
#12429=CARTESIAN_POINT('',(-0.0103656943983867,-0.025025,0.0525));
#12430=CARTESIAN_POINT('',(-0.0176953471991933,-0.0176953471991934,0.052));
#12431=CARTESIAN_POINT('',(-0.025025,-0.0103656943983867,0.0515));
#12432=CARTESIAN_POINT('',(-0.025025,-1.53233930743312E-17,0.051));
#12433=CARTESIAN_POINT('',(1.53233930743313E-18,-0.025025,0.06899));
#12434=CARTESIAN_POINT('',(-0.0103656943983867,-0.025025,0.06849));
#12435=CARTESIAN_POINT('',(-0.0176953471991933,-0.0176953471991933,0.06799));
#12436=CARTESIAN_POINT('',(-0.025025,-0.0103656943983867,0.06749));
#12437=CARTESIAN_POINT('',(-0.025025,-1.53233930743313E-18,0.06699));
#12438=CARTESIAN_POINT('',(-0.025025,0.0103656943983867,0.06649));
#12439=CARTESIAN_POINT('',(-0.0176953471991933,0.0176953471991933,0.06599));
#12440=CARTESIAN_POINT('',(-0.0103656943983867,0.025025,0.06549));
#12441=CARTESIAN_POINT('',(-1.53233930743313E-18,0.025025,0.06499));
#12442=CARTESIAN_POINT('',(0.0103656943983867,0.025025,0.06449));
#12443=CARTESIAN_POINT('',(0.0176953471991933,0.0176953471991933,0.06399));
#12444=CARTESIAN_POINT('',(0.025025,0.0103656943983867,0.06349));
#12445=CARTESIAN_POINT('',(0.025025,4.59701792229938E-18,0.06299));
#12446=CARTESIAN_POINT('',(0.025025,-0.0103656943983867,0.06249));
#12447=CARTESIAN_POINT('',(0.0176953471991933,-0.0176953471991933,0.06199));
#12448=CARTESIAN_POINT('',(0.0103656943983867,-0.025025,0.06149));
#12449=CARTESIAN_POINT('',(7.66169653716563E-18,-0.025025,0.06099));
#12450=CARTESIAN_POINT('',(-0.0103656943983867,-0.025025,0.0604899999999999));
#12451=CARTESIAN_POINT('',(-0.0176953471991933,-0.0176953471991933,0.05999));
#12452=CARTESIAN_POINT('',(-0.025025,-0.0103656943983867,0.05949));
#12453=CARTESIAN_POINT('',(-0.025025,-7.66169653716563E-18,0.05899));
#12454=CARTESIAN_POINT('',(-0.025025,0.0103656943983867,0.05849));
#12455=CARTESIAN_POINT('',(-0.0176953471991933,0.0176953471991933,0.05799));
#12456=CARTESIAN_POINT('',(-0.0103656943983867,0.025025,0.05749));
#12457=CARTESIAN_POINT('',(-7.66169653716563E-18,0.025025,0.05699));
#12458=CARTESIAN_POINT('',(0.0103656943983867,0.025025,0.05649));
#12459=CARTESIAN_POINT('',(0.0176953471991933,0.0176953471991933,0.05599));
#12460=CARTESIAN_POINT('',(0.025025,0.0103656943983867,0.05549));
#12461=CARTESIAN_POINT('',(0.025025,1.07263751520319E-17,0.05499));
#12462=CARTESIAN_POINT('',(0.025025,-0.0103656943983867,0.05449));
#12463=CARTESIAN_POINT('',(0.0176953471991934,-0.0176953471991933,0.05399));
#12464=CARTESIAN_POINT('',(0.0103656943983867,-0.025025,0.05349));
#12465=CARTESIAN_POINT('',(1.37910537668981E-17,-0.025025,0.05299));
#12466=CARTESIAN_POINT('',(0.,1.53233930743313E-18,0.057));
#12467=CARTESIAN_POINT('',(-4.59701792229938E-18,0.025025,0.067));
#12468=CARTESIAN_POINT('',(0.0103656943983867,0.025025,0.0665));
#12469=CARTESIAN_POINT('',(0.0176953471991933,0.0176953471991933,0.066));
#12470=CARTESIAN_POINT('',(0.025025,0.0103656943983867,0.0655));
#12471=CARTESIAN_POINT('',(0.025025,4.59701792229938E-18,0.065));
#12472=CARTESIAN_POINT('',(0.025025,-0.0103656943983867,0.0645));
#12473=CARTESIAN_POINT('',(0.0176953471991933,-0.0176953471991933,0.064));
#12474=CARTESIAN_POINT('',(0.0103656943983867,-0.025025,0.0635));
#12475=CARTESIAN_POINT('',(4.59701792229938E-18,-0.025025,0.063));
#12476=CARTESIAN_POINT('',(-0.0103656943983867,-0.025025,0.0625));
#12477=CARTESIAN_POINT('',(-0.0176953471991933,-0.0176953471991933,0.062));
#12478=CARTESIAN_POINT('',(-0.025025,-0.0103656943983867,0.0614999999999999));
#12479=CARTESIAN_POINT('',(-0.025025,-7.66169653716562E-18,0.061));
#12480=CARTESIAN_POINT('',(-0.025025,0.0103656943983867,0.0605));
#12481=CARTESIAN_POINT('',(-0.0176953471991933,0.0176953471991933,0.06));
#12482=CARTESIAN_POINT('',(-0.0103656943983867,0.025025,0.0595));
#12483=CARTESIAN_POINT('',(-1.07263751520319E-17,0.025025,0.059));
#12484=CARTESIAN_POINT('',(0.0103656943983867,0.025025,0.0585));
#12485=CARTESIAN_POINT('',(0.0176953471991933,0.0176953471991933,0.058));
#12486=CARTESIAN_POINT('',(0.025025,0.0103656943983867,0.0575));
#12487=CARTESIAN_POINT('',(0.025025,1.07263751520319E-17,0.057));
#12488=CARTESIAN_POINT('',(0.025025,-0.0103656943983867,0.0565));
#12489=CARTESIAN_POINT('',(0.0176953471991933,-0.0176953471991933,0.056));
#12490=CARTESIAN_POINT('',(0.0103656943983867,-0.025025,0.0555));
#12491=CARTESIAN_POINT('',(1.07263751520319E-17,-0.025025,0.055));
#12492=CARTESIAN_POINT('',(-0.0103656943983867,-0.025025,0.0545));
#12493=CARTESIAN_POINT('',(-0.0176953471991933,-0.0176953471991933,0.054));
#12494=CARTESIAN_POINT('',(-0.025025,-0.0103656943983867,0.0535));
#12495=CARTESIAN_POINT('',(-0.025025,-1.37910537668981E-17,0.053));
#12496=CARTESIAN_POINT('',(-0.025025,0.0103656943983867,0.0525));
#12497=CARTESIAN_POINT('',(-0.0176953471991934,0.0176953471991933,0.052));
#12498=CARTESIAN_POINT('',(-0.0103656943983867,0.025025,0.0515));
#12499=CARTESIAN_POINT('',(-1.68557323817644E-17,0.025025,0.051));
#12500=CARTESIAN_POINT('',(-0.025025,-3.06467861486625E-18,0.06899));
#12501=CARTESIAN_POINT('',(-0.025025,0.0103656943983867,0.06849));
#12502=CARTESIAN_POINT('',(-0.0176953471991933,0.0176953471991933,0.06799));
#12503=CARTESIAN_POINT('',(-0.0103656943983867,0.025025,0.06749));
#12504=CARTESIAN_POINT('',(-3.06467861486625E-18,0.025025,0.06699));
#12505=CARTESIAN_POINT('',(0.0103656943983867,0.025025,0.06649));
#12506=CARTESIAN_POINT('',(0.0176953471991933,0.0176953471991933,0.06599));
#12507=CARTESIAN_POINT('',(0.025025,0.0103656943983867,0.06549));
#12508=CARTESIAN_POINT('',(0.025025,3.06467861486625E-18,0.06499));
#12509=CARTESIAN_POINT('',(0.025025,-0.0103656943983867,0.06449));
#12510=CARTESIAN_POINT('',(0.0176953471991933,-0.0176953471991933,0.06399));
#12511=CARTESIAN_POINT('',(0.0103656943983867,-0.025025,0.06349));
#12512=CARTESIAN_POINT('',(6.1293572297325E-18,-0.025025,0.06299));
#12513=CARTESIAN_POINT('',(-0.0103656943983867,-0.025025,0.06249));
#12514=CARTESIAN_POINT('',(-0.0176953471991933,-0.0176953471991933,0.06199));
#12515=CARTESIAN_POINT('',(-0.025025,-0.0103656943983867,0.06149));
#12516=CARTESIAN_POINT('',(-0.025025,-9.19403584459875E-18,0.06099));
#12517=CARTESIAN_POINT('',(-0.025025,0.0103656943983867,0.0604899999999999));
#12518=CARTESIAN_POINT('',(-0.0176953471991933,0.0176953471991933,0.05999));
#12519=CARTESIAN_POINT('',(-0.0103656943983867,0.025025,0.05949));
#12520=CARTESIAN_POINT('',(-9.19403584459875E-18,0.025025,0.05899));
#12521=CARTESIAN_POINT('',(0.0103656943983867,0.025025,0.05849));
#12522=CARTESIAN_POINT('',(0.0176953471991933,0.0176953471991933,0.05799));
#12523=CARTESIAN_POINT('',(0.025025,0.0103656943983867,0.05749));
#12524=CARTESIAN_POINT('',(0.025025,9.19403584459875E-18,0.05699));
#12525=CARTESIAN_POINT('',(0.025025,-0.0103656943983867,0.05649));
#12526=CARTESIAN_POINT('',(0.0176953471991933,-0.0176953471991933,0.05599));
#12527=CARTESIAN_POINT('',(0.0103656943983867,-0.025025,0.05549));
#12528=CARTESIAN_POINT('',(1.2258714459465E-17,-0.025025,0.05499));
#12529=CARTESIAN_POINT('',(-0.0103656943983867,-0.025025,0.05449));
#12530=CARTESIAN_POINT('',(-0.0176953471991933,-0.0176953471991934,0.05399));
#12531=CARTESIAN_POINT('',(-0.025025,-0.0103656943983867,0.05349));
#12532=CARTESIAN_POINT('',(-0.025025,-1.53233930743312E-17,0.05299));
#12533=CARTESIAN_POINT('',(0.,1.53233930743313E-18,0.057));
#12534=CARTESIAN_POINT('',(1.53233930743313E-18,-0.025025,0.067));
#12535=CARTESIAN_POINT('',(-0.0103656943983867,-0.025025,0.0665));
#12536=CARTESIAN_POINT('',(-0.0176953471991933,-0.0176953471991933,0.066));
#12537=CARTESIAN_POINT('',(-0.025025,-0.0103656943983867,0.0655));
#12538=CARTESIAN_POINT('',(-0.025025,-1.53233930743313E-18,0.065));
#12539=CARTESIAN_POINT('',(-0.025025,0.0103656943983867,0.0645));
#12540=CARTESIAN_POINT('',(-0.0176953471991933,0.0176953471991933,0.064));
#12541=CARTESIAN_POINT('',(-0.0103656943983867,0.025025,0.0635));
#12542=CARTESIAN_POINT('',(-1.53233930743313E-18,0.025025,0.063));
#12543=CARTESIAN_POINT('',(0.0103656943983867,0.025025,0.0625));
#12544=CARTESIAN_POINT('',(0.0176953471991933,0.0176953471991933,0.062));
#12545=CARTESIAN_POINT('',(0.025025,0.0103656943983867,0.0614999999999999));
#12546=CARTESIAN_POINT('',(0.025025,4.59701792229938E-18,0.061));
#12547=CARTESIAN_POINT('',(0.025025,-0.0103656943983867,0.0605));
#12548=CARTESIAN_POINT('',(0.0176953471991933,-0.0176953471991933,0.06));
#12549=CARTESIAN_POINT('',(0.0103656943983867,-0.025025,0.0595));
#12550=CARTESIAN_POINT('',(7.66169653716563E-18,-0.025025,0.059));
#12551=CARTESIAN_POINT('',(-0.0103656943983867,-0.025025,0.0585));
#12552=CARTESIAN_POINT('',(-0.0176953471991933,-0.0176953471991933,0.058));
#12553=CARTESIAN_POINT('',(-0.025025,-0.0103656943983867,0.0575));
#12554=CARTESIAN_POINT('',(-0.025025,-7.66169653716563E-18,0.057));
#12555=CARTESIAN_POINT('',(-0.025025,0.0103656943983867,0.0565));
#12556=CARTESIAN_POINT('',(-0.0176953471991933,0.0176953471991933,0.056));
#12557=CARTESIAN_POINT('',(-0.0103656943983867,0.025025,0.0555));
#12558=CARTESIAN_POINT('',(-7.66169653716562E-18,0.025025,0.055));
#12559=CARTESIAN_POINT('',(0.0103656943983867,0.025025,0.0545));
#12560=CARTESIAN_POINT('',(0.0176953471991933,0.0176953471991933,0.054));
#12561=CARTESIAN_POINT('',(0.025025,0.0103656943983867,0.0535));
#12562=CARTESIAN_POINT('',(0.025025,1.07263751520319E-17,0.053));
#12563=CARTESIAN_POINT('',(0.025025,-0.0103656943983867,0.0525));
#12564=CARTESIAN_POINT('',(0.0176953471991933,-0.0176953471991933,0.052));
#12565=CARTESIAN_POINT('',(0.0103656943983867,-0.025025,0.0515));
#12566=CARTESIAN_POINT('',(1.37910537668981E-17,-0.025025,0.051));
#12567=CARTESIAN_POINT('',(0.025025,0.,0.06899));
#12568=CARTESIAN_POINT('',(0.025025,-0.0103656943983867,0.06849));
#12569=CARTESIAN_POINT('',(0.0176953471991933,-0.0176953471991933,0.06799));
#12570=CARTESIAN_POINT('',(0.0103656943983867,-0.025025,0.06749));
#12571=CARTESIAN_POINT('',(0.,-0.025025,0.06699));
#12572=CARTESIAN_POINT('',(-0.0103656943983867,-0.025025,0.06649));
#12573=CARTESIAN_POINT('',(-0.0176953471991933,-0.0176953471991933,0.06599));
#12574=CARTESIAN_POINT('',(-0.025025,-0.0103656943983867,0.06549));
#12575=CARTESIAN_POINT('',(-0.025025,0.,0.06499));
#12576=CARTESIAN_POINT('',(-0.025025,0.0103656943983867,0.06449));
#12577=CARTESIAN_POINT('',(-0.0176953471991933,0.0176953471991933,0.06399));
#12578=CARTESIAN_POINT('',(-0.0103656943983867,0.025025,0.06349));
#12579=CARTESIAN_POINT('',(-3.06467861486625E-18,0.025025,0.06299));
#12580=CARTESIAN_POINT('',(0.0103656943983867,0.025025,0.06249));
#12581=CARTESIAN_POINT('',(0.0176953471991933,0.0176953471991933,0.06199));
#12582=CARTESIAN_POINT('',(0.025025,0.0103656943983867,0.06149));
#12583=CARTESIAN_POINT('',(0.025025,6.1293572297325E-18,0.06099));
#12584=CARTESIAN_POINT('',(0.025025,-0.0103656943983867,0.0604899999999999));
#12585=CARTESIAN_POINT('',(0.0176953471991933,-0.0176953471991933,0.05999));
#12586=CARTESIAN_POINT('',(0.0103656943983867,-0.025025,0.05949));
#12587=CARTESIAN_POINT('',(6.1293572297325E-18,-0.025025,0.05899));
#12588=CARTESIAN_POINT('',(-0.0103656943983867,-0.025025,0.05849));
#12589=CARTESIAN_POINT('',(-0.0176953471991933,-0.0176953471991933,0.05799));
#12590=CARTESIAN_POINT('',(-0.025025,-0.0103656943983867,0.05749));
#12591=CARTESIAN_POINT('',(-0.025025,-6.1293572297325E-18,0.05699));
#12592=CARTESIAN_POINT('',(-0.025025,0.0103656943983867,0.05649));
#12593=CARTESIAN_POINT('',(-0.0176953471991933,0.0176953471991933,0.05599));
#12594=CARTESIAN_POINT('',(-0.0103656943983867,0.025025,0.05549));
#12595=CARTESIAN_POINT('',(-9.19403584459875E-18,0.025025,0.05499));
#12596=CARTESIAN_POINT('',(0.0103656943983867,0.025025,0.05449));
#12597=CARTESIAN_POINT('',(0.0176953471991933,0.0176953471991934,0.05399));
#12598=CARTESIAN_POINT('',(0.025025,0.0103656943983867,0.05349));
#12599=CARTESIAN_POINT('',(0.025025,1.2258714459465E-17,0.05299));
#12600=CARTESIAN_POINT('',(-0.00489190589675748,-0.0245422061293859,0.0627543876237279));
#12601=CARTESIAN_POINT('',(-0.0064929575423739,-0.0242230745099662,0.062670782984041));
#12602=CARTESIAN_POINT('',(-0.00803897764571625,-0.0236986384294894,0.0625857308605312));
#12603=CARTESIAN_POINT('',(-0.00504829050084963,-0.0253267721594962,0.0635543876237279));
#12604=CARTESIAN_POINT('',(-0.00670052461665558,-0.0249974385302648,0.0634707829840411));
#12605=CARTESIAN_POINT('',(-0.0082959679400848,-0.0244562372604022,0.0633857308605312));
#12606=CARTESIAN_POINT('',(-4.74397553819706E-18,0.025825,0.0678));
#12607=CARTESIAN_POINT('',(0.0106970652482852,0.025825,0.0673));
#12608=CARTESIAN_POINT('',(0.0182610326241426,0.0182610326241426,0.0668));
#12609=CARTESIAN_POINT('',(0.025825,0.0106970652482852,0.0663));
#12610=CARTESIAN_POINT('',(0.025825,4.79296141016295E-18,0.0658));
#12611=CARTESIAN_POINT('',(0.025825,-0.0106970652482852,0.0653));
#12612=CARTESIAN_POINT('',(0.0182610326241426,-0.0182610326241426,0.0648));
#12613=CARTESIAN_POINT('',(0.0106970652482852,-0.025825,0.0643000000000001));
#12614=CARTESIAN_POINT('',(4.84194728212885E-18,-0.025825,0.0638));
#12615=CARTESIAN_POINT('',(-0.0106970652482852,-0.025825,0.0633));
#12616=CARTESIAN_POINT('',(-0.0182610326241426,-0.0182610326241426,0.0628));
#12617=CARTESIAN_POINT('',(-0.025825,-0.0106970652482852,0.0623));
#12618=CARTESIAN_POINT('',(-0.025825,-7.95561176896099E-18,0.0618));
#12619=CARTESIAN_POINT('',(-0.025825,0.0106970652482852,0.0613));
#12620=CARTESIAN_POINT('',(-0.0182610326241426,0.0182610326241426,0.0608));
#12621=CARTESIAN_POINT('',(-0.0106970652482852,0.025825,0.0603));
#12622=CARTESIAN_POINT('',(-1.10692762557931E-17,0.025825,0.0598));
#12623=CARTESIAN_POINT('',(0.0106970652482852,0.025825,0.0593));
#12624=CARTESIAN_POINT('',(0.0182610326241426,0.0182610326241426,0.0588));
#12625=CARTESIAN_POINT('',(0.025825,0.0106970652482852,0.0583));
#12626=CARTESIAN_POINT('',(0.025825,1.1118262127759E-17,0.0578));
#12627=CARTESIAN_POINT('',(0.025825,-0.0106970652482852,0.0573000000000001));
#12628=CARTESIAN_POINT('',(0.0182610326241426,-0.0182610326241426,0.0568));
#12629=CARTESIAN_POINT('',(0.0106970652482852,-0.025825,0.0563));
#12630=CARTESIAN_POINT('',(1.11672479997249E-17,-0.025825,0.0558));
#12631=CARTESIAN_POINT('',(-0.0106970652482852,-0.025825,0.0553));
#12632=CARTESIAN_POINT('',(-0.0182610326241426,-0.0182610326241426,0.0548));
#12633=CARTESIAN_POINT('',(-0.025825,-0.0106970652482852,0.0543));
#12634=CARTESIAN_POINT('',(-0.025825,-1.42809124865571E-17,0.0538));
#12635=CARTESIAN_POINT('',(-0.025825,0.0106970652482852,0.0533));
#12636=CARTESIAN_POINT('',(-0.0182610326241426,0.0182610326241426,0.0528));
#12637=CARTESIAN_POINT('',(-0.0106970652482852,0.025825,0.0523));
#12638=CARTESIAN_POINT('',(-1.73945769733892E-17,0.025825,0.0518));
#12639=CARTESIAN_POINT('',(-0.00506776699564803,-0.0253228821953154,0.0635534019435329));
#12640=CARTESIAN_POINT('',(-0.008277006769344,-0.0244626610151111,0.0633867415104881));
#12641=CARTESIAN_POINT('',(-0.00795964604338584,-0.023722881464918,0.0625874039981847));
#12642=CARTESIAN_POINT('',(-0.00806542172439226,-0.023969462037127,0.0628538659628314));
#12643=CARTESIAN_POINT('',(-0.00817119740539869,-0.024216042609336,0.063120327927478));
#12644=CARTESIAN_POINT('',(-0.00827697308640512,-0.0244626231815451,0.0633867898921246));
#12645=CARTESIAN_POINT('',(-0.0050677610923215,-0.0253228681814963,0.0635534165208713));
#12646=CARTESIAN_POINT('',(-0.00503638222197488,-0.0250565671330042,0.0632847555790002));
#12647=CARTESIAN_POINT('',(-0.00500438544867845,-0.0247901936672745,0.0630162117731845));
#12648=CARTESIAN_POINT('',(-0.00497177077243222,-0.0245237477843073,0.0627477851034242));
#12649=CARTESIAN_POINT('',(0.0245422061293859,-0.00489190589675749,0.0647543876237279));
#12650=CARTESIAN_POINT('',(0.0242230745099662,-0.0064929575423739,0.0646707829840411));
#12651=CARTESIAN_POINT('',(0.0236986384294894,-0.00803897764571624,0.0645857308605312));
#12652=CARTESIAN_POINT('',(0.0253267721594962,-0.00504829050084964,0.0655543876237279));
#12653=CARTESIAN_POINT('',(0.0249974385302648,-0.00670052461665558,0.065470782984041));
#12654=CARTESIAN_POINT('',(0.0244562372604022,-0.0082959679400848,0.0653857308605312));
#12655=CARTESIAN_POINT('',(-4.74397553819706E-18,0.025825,0.0678));
#12656=CARTESIAN_POINT('',(0.0106970652482852,0.025825,0.0673));
#12657=CARTESIAN_POINT('',(0.0182610326241426,0.0182610326241426,0.0668));
#12658=CARTESIAN_POINT('',(0.025825,0.0106970652482852,0.0663));
#12659=CARTESIAN_POINT('',(0.025825,4.79296141016295E-18,0.0658));
#12660=CARTESIAN_POINT('',(0.025825,-0.0106970652482852,0.0653));
#12661=CARTESIAN_POINT('',(0.0182610326241426,-0.0182610326241426,0.0648));
#12662=CARTESIAN_POINT('',(0.0106970652482852,-0.025825,0.0643000000000001));
#12663=CARTESIAN_POINT('',(4.84194728212885E-18,-0.025825,0.0638));
#12664=CARTESIAN_POINT('',(-0.0106970652482852,-0.025825,0.0633));
#12665=CARTESIAN_POINT('',(-0.0182610326241426,-0.0182610326241426,0.0628));
#12666=CARTESIAN_POINT('',(-0.025825,-0.0106970652482852,0.0623));
#12667=CARTESIAN_POINT('',(-0.025825,-7.95561176896099E-18,0.0618));
#12668=CARTESIAN_POINT('',(-0.025825,0.0106970652482852,0.0613));
#12669=CARTESIAN_POINT('',(-0.0182610326241426,0.0182610326241426,0.0608));
#12670=CARTESIAN_POINT('',(-0.0106970652482852,0.025825,0.0603));
#12671=CARTESIAN_POINT('',(-1.10692762557931E-17,0.025825,0.0598));
#12672=CARTESIAN_POINT('',(0.0106970652482852,0.025825,0.0593));
#12673=CARTESIAN_POINT('',(0.0182610326241426,0.0182610326241426,0.0588));
#12674=CARTESIAN_POINT('',(0.025825,0.0106970652482852,0.0583));
#12675=CARTESIAN_POINT('',(0.025825,1.1118262127759E-17,0.0578));
#12676=CARTESIAN_POINT('',(0.025825,-0.0106970652482852,0.0573000000000001));
#12677=CARTESIAN_POINT('',(0.0182610326241426,-0.0182610326241426,0.0568));
#12678=CARTESIAN_POINT('',(0.0106970652482852,-0.025825,0.0563));
#12679=CARTESIAN_POINT('',(1.11672479997249E-17,-0.025825,0.0558));
#12680=CARTESIAN_POINT('',(-0.0106970652482852,-0.025825,0.0553));
#12681=CARTESIAN_POINT('',(-0.0182610326241426,-0.0182610326241426,0.0548));
#12682=CARTESIAN_POINT('',(-0.025825,-0.0106970652482852,0.0543));
#12683=CARTESIAN_POINT('',(-0.025825,-1.42809124865571E-17,0.0538));
#12684=CARTESIAN_POINT('',(-0.025825,0.0106970652482852,0.0533));
#12685=CARTESIAN_POINT('',(-0.0182610326241426,0.0182610326241426,0.0528));
#12686=CARTESIAN_POINT('',(-0.0106970652482852,0.025825,0.0523));
#12687=CARTESIAN_POINT('',(-1.73945769733892E-17,0.025825,0.0518));
#12688=CARTESIAN_POINT('',(0.0253228821953154,-0.00506776699564802,0.0655534019435329));
#12689=CARTESIAN_POINT('',(0.0244626610151111,-0.00827700676934404,0.0653867415104881));
#12690=CARTESIAN_POINT('',(0.023722881464918,-0.00795964604338585,0.0645874039981847));
#12691=CARTESIAN_POINT('',(0.023969462037127,-0.00806542172439227,0.0648538659628314));
#12692=CARTESIAN_POINT('',(0.024216042609336,-0.00817119740539869,0.065120327927478));
#12693=CARTESIAN_POINT('',(0.0244626231815451,-0.0082769730864051,0.0653867898921246));
#12694=CARTESIAN_POINT('',(0.0253228681814964,-0.00506776109232151,0.0655534165208713));
#12695=CARTESIAN_POINT('',(0.0250565671330023,-0.00503638222197466,0.0652847555789983));
#12696=CARTESIAN_POINT('',(0.0247901936672726,-0.00500438544867823,0.0650162117731826));
#12697=CARTESIAN_POINT('',(0.0245237477843073,-0.00497177077243222,0.0647477851034242));
#12698=CARTESIAN_POINT('',(0.00489190589675748,0.0245422061293859,0.0667543876237279));
#12699=CARTESIAN_POINT('',(0.00649295754237391,0.0242230745099662,0.0666707829840411));
#12700=CARTESIAN_POINT('',(0.00803897764571628,0.0236986384294894,0.0665857308605312));
#12701=CARTESIAN_POINT('',(0.00504829050084963,0.0253267721594962,0.0675543876237279));
#12702=CARTESIAN_POINT('',(0.0067005246166556,0.0249974385302648,0.067470782984041));
#12703=CARTESIAN_POINT('',(0.00829596794008484,0.0244562372604022,0.0673857308605312));
#12704=CARTESIAN_POINT('',(-4.74397553819706E-18,0.025825,0.0678));
#12705=CARTESIAN_POINT('',(0.0106970652482852,0.025825,0.0673));
#12706=CARTESIAN_POINT('',(0.0182610326241426,0.0182610326241426,0.0668));
#12707=CARTESIAN_POINT('',(0.025825,0.0106970652482852,0.0663));
#12708=CARTESIAN_POINT('',(0.025825,4.79296141016295E-18,0.0658));
#12709=CARTESIAN_POINT('',(0.025825,-0.0106970652482852,0.0653));
#12710=CARTESIAN_POINT('',(0.0182610326241426,-0.0182610326241426,0.0648));
#12711=CARTESIAN_POINT('',(0.0106970652482852,-0.025825,0.0643000000000001));
#12712=CARTESIAN_POINT('',(4.84194728212885E-18,-0.025825,0.0638));
#12713=CARTESIAN_POINT('',(-0.0106970652482852,-0.025825,0.0633));
#12714=CARTESIAN_POINT('',(-0.0182610326241426,-0.0182610326241426,0.0628));
#12715=CARTESIAN_POINT('',(-0.025825,-0.0106970652482852,0.0623));
#12716=CARTESIAN_POINT('',(-0.025825,-7.95561176896099E-18,0.0618));
#12717=CARTESIAN_POINT('',(-0.025825,0.0106970652482852,0.0613));
#12718=CARTESIAN_POINT('',(-0.0182610326241426,0.0182610326241426,0.0608));
#12719=CARTESIAN_POINT('',(-0.0106970652482852,0.025825,0.0603));
#12720=CARTESIAN_POINT('',(-1.10692762557931E-17,0.025825,0.0598));
#12721=CARTESIAN_POINT('',(0.0106970652482852,0.025825,0.0593));
#12722=CARTESIAN_POINT('',(0.0182610326241426,0.0182610326241426,0.0588));
#12723=CARTESIAN_POINT('',(0.025825,0.0106970652482852,0.0583));
#12724=CARTESIAN_POINT('',(0.025825,1.1118262127759E-17,0.0578));
#12725=CARTESIAN_POINT('',(0.025825,-0.0106970652482852,0.0573000000000001));
#12726=CARTESIAN_POINT('',(0.0182610326241426,-0.0182610326241426,0.0568));
#12727=CARTESIAN_POINT('',(0.0106970652482852,-0.025825,0.0563));
#12728=CARTESIAN_POINT('',(1.11672479997249E-17,-0.025825,0.0558));
#12729=CARTESIAN_POINT('',(-0.0106970652482852,-0.025825,0.0553));
#12730=CARTESIAN_POINT('',(-0.0182610326241426,-0.0182610326241426,0.0548));
#12731=CARTESIAN_POINT('',(-0.025825,-0.0106970652482852,0.0543));
#12732=CARTESIAN_POINT('',(-0.025825,-1.42809124865571E-17,0.0538));
#12733=CARTESIAN_POINT('',(-0.025825,0.0106970652482852,0.0533));
#12734=CARTESIAN_POINT('',(-0.0182610326241426,0.0182610326241426,0.0528));
#12735=CARTESIAN_POINT('',(-0.0106970652482852,0.025825,0.0523));
#12736=CARTESIAN_POINT('',(-1.73945769733892E-17,0.025825,0.0518));
#12737=CARTESIAN_POINT('',(0.00506776699564804,0.0253228821953153,0.067553401943533));
#12738=CARTESIAN_POINT('',(0.00827700676934402,0.0244626610151111,0.067386741510488));
#12739=CARTESIAN_POINT('',(0.00795964604338582,0.023722881464918,0.0665874039981847));
#12740=CARTESIAN_POINT('',(0.00806542172439226,0.023969462037127,0.0668538659628314));
#12741=CARTESIAN_POINT('',(0.00817119740539871,0.024216042609336,0.067120327927478));
#12742=CARTESIAN_POINT('',(0.00827697308640515,0.024462623181545,0.0673867898921246));
#12743=CARTESIAN_POINT('',(0.00506776109232152,0.0253228681814964,0.0675534165208713));
#12744=CARTESIAN_POINT('',(0.00503638222197472,0.0250565671330028,0.0672847555789988));
#12745=CARTESIAN_POINT('',(0.00500438544867828,0.0247901936672731,0.0670162117731831));
#12746=CARTESIAN_POINT('',(0.00497177077243222,0.0245237477843073,0.0667477851034242));
#12747=CARTESIAN_POINT('',(0.00489190589675753,0.0245422061293859,0.0587543876237279));
#12748=CARTESIAN_POINT('',(0.00649295754237399,0.0242230745099662,0.0586707829840411));
#12749=CARTESIAN_POINT('',(0.00803897764571638,0.0236986384294894,0.0585857308605312));
#12750=CARTESIAN_POINT('',(0.00504829050084968,0.0253267721594962,0.0595543876237279));
#12751=CARTESIAN_POINT('',(0.00670052461665568,0.0249974385302648,0.059470782984041));
#12752=CARTESIAN_POINT('',(0.00829596794008494,0.0244562372604022,0.0593857308605312));
#12753=CARTESIAN_POINT('',(-4.74397553819706E-18,0.025825,0.0678));
#12754=CARTESIAN_POINT('',(0.0106970652482852,0.025825,0.0673));
#12755=CARTESIAN_POINT('',(0.0182610326241426,0.0182610326241426,0.0668));
#12756=CARTESIAN_POINT('',(0.025825,0.0106970652482852,0.0663));
#12757=CARTESIAN_POINT('',(0.025825,4.79296141016295E-18,0.0658));
#12758=CARTESIAN_POINT('',(0.025825,-0.0106970652482852,0.0653));
#12759=CARTESIAN_POINT('',(0.0182610326241426,-0.0182610326241426,0.0648));
#12760=CARTESIAN_POINT('',(0.0106970652482852,-0.025825,0.0643000000000001));
#12761=CARTESIAN_POINT('',(4.84194728212885E-18,-0.025825,0.0638));
#12762=CARTESIAN_POINT('',(-0.0106970652482852,-0.025825,0.0633));
#12763=CARTESIAN_POINT('',(-0.0182610326241426,-0.0182610326241426,0.0628));
#12764=CARTESIAN_POINT('',(-0.025825,-0.0106970652482852,0.0623));
#12765=CARTESIAN_POINT('',(-0.025825,-7.95561176896099E-18,0.0618));
#12766=CARTESIAN_POINT('',(-0.025825,0.0106970652482852,0.0613));
#12767=CARTESIAN_POINT('',(-0.0182610326241426,0.0182610326241426,0.0608));
#12768=CARTESIAN_POINT('',(-0.0106970652482852,0.025825,0.0603));
#12769=CARTESIAN_POINT('',(-1.10692762557931E-17,0.025825,0.0598));
#12770=CARTESIAN_POINT('',(0.0106970652482852,0.025825,0.0593));
#12771=CARTESIAN_POINT('',(0.0182610326241426,0.0182610326241426,0.0588));
#12772=CARTESIAN_POINT('',(0.025825,0.0106970652482852,0.0583));
#12773=CARTESIAN_POINT('',(0.025825,1.1118262127759E-17,0.0578));
#12774=CARTESIAN_POINT('',(0.025825,-0.0106970652482852,0.0573000000000001));
#12775=CARTESIAN_POINT('',(0.0182610326241426,-0.0182610326241426,0.0568));
#12776=CARTESIAN_POINT('',(0.0106970652482852,-0.025825,0.0563));
#12777=CARTESIAN_POINT('',(1.11672479997249E-17,-0.025825,0.0558));
#12778=CARTESIAN_POINT('',(-0.0106970652482852,-0.025825,0.0553));
#12779=CARTESIAN_POINT('',(-0.0182610326241426,-0.0182610326241426,0.0548));
#12780=CARTESIAN_POINT('',(-0.025825,-0.0106970652482852,0.0543));
#12781=CARTESIAN_POINT('',(-0.025825,-1.42809124865571E-17,0.0538));
#12782=CARTESIAN_POINT('',(-0.025825,0.0106970652482852,0.0533));
#12783=CARTESIAN_POINT('',(-0.0182610326241426,0.0182610326241426,0.0528));
#12784=CARTESIAN_POINT('',(-0.0106970652482852,0.025825,0.0523));
#12785=CARTESIAN_POINT('',(-1.73945769733892E-17,0.025825,0.0518));
#12786=CARTESIAN_POINT('',(0.00506776699564809,0.0253228821953153,0.0595534019435329));
#12787=CARTESIAN_POINT('',(0.008277006769344,0.0244626610151111,0.0593867415104881));
#12788=CARTESIAN_POINT('',(0.00796063619721979,0.0237252049159242,0.0585899102341032));
#12789=CARTESIAN_POINT('',(0.00806608182694828,0.0239710110044645,0.058855536786777));
#12790=CARTESIAN_POINT('',(0.00817152745667677,0.0242168170930047,0.0591211633394508));
#12791=CARTESIAN_POINT('',(0.00827697308640526,0.024462623181545,0.0593867898921246));
#12792=CARTESIAN_POINT('',(0.0050677610923215,0.0253228681814963,0.0595534165208713));
#12793=CARTESIAN_POINT('',(0.00503647527640885,0.0250573568521069,0.0592855522963963));
#12794=CARTESIAN_POINT('',(0.00500457521676939,0.0247917735332002,0.0590178045131102));
#12795=CARTESIAN_POINT('',(0.00497206091340313,0.0245261182247764,0.0587501731710129));
#12796=CARTESIAN_POINT('',(-0.0245422061293859,0.00489190589675748,0.0607543876237279));
#12797=CARTESIAN_POINT('',(-0.0242230745099662,0.0064929575423739,0.0606707829840411));
#12798=CARTESIAN_POINT('',(-0.0236986384294894,0.00803897764571625,0.0605857308605312));
#12799=CARTESIAN_POINT('',(-0.0253267721594962,0.00504829050084963,0.0615543876237279));
#12800=CARTESIAN_POINT('',(-0.0249974385302648,0.00670052461665559,0.0614707829840411));
#12801=CARTESIAN_POINT('',(-0.0244562372604022,0.00829596794008481,0.0613857308605312));
#12802=CARTESIAN_POINT('',(-4.74397553819706E-18,0.025825,0.0678));
#12803=CARTESIAN_POINT('',(0.0106970652482852,0.025825,0.0673));
#12804=CARTESIAN_POINT('',(0.0182610326241426,0.0182610326241426,0.0668));
#12805=CARTESIAN_POINT('',(0.025825,0.0106970652482852,0.0663));
#12806=CARTESIAN_POINT('',(0.025825,4.79296141016295E-18,0.0658));
#12807=CARTESIAN_POINT('',(0.025825,-0.0106970652482852,0.0653));
#12808=CARTESIAN_POINT('',(0.0182610326241426,-0.0182610326241426,0.0648));
#12809=CARTESIAN_POINT('',(0.0106970652482852,-0.025825,0.0643000000000001));
#12810=CARTESIAN_POINT('',(4.84194728212885E-18,-0.025825,0.0638));
#12811=CARTESIAN_POINT('',(-0.0106970652482852,-0.025825,0.0633));
#12812=CARTESIAN_POINT('',(-0.0182610326241426,-0.0182610326241426,0.0628));
#12813=CARTESIAN_POINT('',(-0.025825,-0.0106970652482852,0.0623));
#12814=CARTESIAN_POINT('',(-0.025825,-7.95561176896099E-18,0.0618));
#12815=CARTESIAN_POINT('',(-0.025825,0.0106970652482852,0.0613));
#12816=CARTESIAN_POINT('',(-0.0182610326241426,0.0182610326241426,0.0608));
#12817=CARTESIAN_POINT('',(-0.0106970652482852,0.025825,0.0603));
#12818=CARTESIAN_POINT('',(-1.10692762557931E-17,0.025825,0.0598));
#12819=CARTESIAN_POINT('',(0.0106970652482852,0.025825,0.0593));
#12820=CARTESIAN_POINT('',(0.0182610326241426,0.0182610326241426,0.0588));
#12821=CARTESIAN_POINT('',(0.025825,0.0106970652482852,0.0583));
#12822=CARTESIAN_POINT('',(0.025825,1.1118262127759E-17,0.0578));
#12823=CARTESIAN_POINT('',(0.025825,-0.0106970652482852,0.0573000000000001));
#12824=CARTESIAN_POINT('',(0.0182610326241426,-0.0182610326241426,0.0568));
#12825=CARTESIAN_POINT('',(0.0106970652482852,-0.025825,0.0563));
#12826=CARTESIAN_POINT('',(1.11672479997249E-17,-0.025825,0.0558));
#12827=CARTESIAN_POINT('',(-0.0106970652482852,-0.025825,0.0553));
#12828=CARTESIAN_POINT('',(-0.0182610326241426,-0.0182610326241426,0.0548));
#12829=CARTESIAN_POINT('',(-0.025825,-0.0106970652482852,0.0543));
#12830=CARTESIAN_POINT('',(-0.025825,-1.42809124865571E-17,0.0538));
#12831=CARTESIAN_POINT('',(-0.025825,0.0106970652482852,0.0533));
#12832=CARTESIAN_POINT('',(-0.0182610326241426,0.0182610326241426,0.0528));
#12833=CARTESIAN_POINT('',(-0.0106970652482852,0.025825,0.0523));
#12834=CARTESIAN_POINT('',(-1.73945769733892E-17,0.025825,0.0518));
#12835=CARTESIAN_POINT('',(-0.0253228821953154,0.00506776699564803,0.0615534019435329));
#12836=CARTESIAN_POINT('',(-0.0244626610151111,0.00827700676934401,0.0613867415104881));
#12837=CARTESIAN_POINT('',(-0.023722881464918,0.00795964604338584,0.0605874039981847));
#12838=CARTESIAN_POINT('',(-0.023969462037127,0.00806542172439227,0.0608538659628314));
#12839=CARTESIAN_POINT('',(-0.024216042609336,0.0081711974053987,0.061120327927478));
#12840=CARTESIAN_POINT('',(-0.0244626231815451,0.00827697308640513,0.0613867898921246));
#12841=CARTESIAN_POINT('',(-0.0253228681814963,0.0050677610923215,0.0615534165208713));
#12842=CARTESIAN_POINT('',(-0.0250565671330042,0.00503638222197488,0.0612847555790002));
#12843=CARTESIAN_POINT('',(-0.0247901936672745,0.00500438544867846,0.0610162117731845));
#12844=CARTESIAN_POINT('',(-0.0245237477843073,0.00497177077243222,0.0607477851034242));
#12845=CARTESIAN_POINT('',(-0.00504388577463163,-0.0253276497388224,0.0639446104994123));
#12846=CARTESIAN_POINT('',(-0.00669612824120932,-0.0249986131973608,0.0638610112213368));
#12847=CARTESIAN_POINT('',(-0.00829162052217373,-0.0244577115470002,0.0637759626104224));
#12848=CARTESIAN_POINT('',(-0.00488763761897992,-0.0245430565232925,0.0647446104994123));
#12849=CARTESIAN_POINT('',(-0.00648869735668008,-0.0242242127885364,0.0646610112213368));
#12850=CARTESIAN_POINT('',(-0.00803476490096408,-0.0237000670460283,0.0645759626104224));
#12851=CARTESIAN_POINT('',(-0.00827264010602292,-0.0244641234197926,0.0637769582403656));
#12852=CARTESIAN_POINT('',(-0.00816667031240937,-0.0242178350405868,0.0640456146025159));
#12853=CARTESIAN_POINT('',(-0.00806119312170863,-0.0239711528339723,0.0643141746088748));
#12854=CARTESIAN_POINT('',(-0.0079562085339207,-0.0237240767999493,0.0645826382594423));
#12855=CARTESIAN_POINT('',(-0.00827265866362289,-0.0244641317776696,0.0637769732242995));
#12856=CARTESIAN_POINT('',(-4.74397553819706E-18,0.025825,0.06819));
#12857=CARTESIAN_POINT('',(0.0106970652482852,0.025825,0.06769));
#12858=CARTESIAN_POINT('',(0.0182610326241426,0.0182610326241426,0.06719));
#12859=CARTESIAN_POINT('',(0.025825,0.0106970652482852,0.06669));
#12860=CARTESIAN_POINT('',(0.025825,4.79296141016295E-18,0.06619));
#12861=CARTESIAN_POINT('',(0.025825,-0.0106970652482852,0.06569));
#12862=CARTESIAN_POINT('',(0.0182610326241426,-0.0182610326241426,0.06519));
#12863=CARTESIAN_POINT('',(0.0106970652482852,-0.025825,0.0646899999999999));
#12864=CARTESIAN_POINT('',(4.84194728212885E-18,-0.025825,0.06419));
#12865=CARTESIAN_POINT('',(-0.0106970652482852,-0.025825,0.06369));
#12866=CARTESIAN_POINT('',(-0.0182610326241426,-0.0182610326241426,0.06319));
#12867=CARTESIAN_POINT('',(-0.025825,-0.0106970652482852,0.06269));
#12868=CARTESIAN_POINT('',(-0.025825,-7.95561176896099E-18,0.06219));
#12869=CARTESIAN_POINT('',(-0.025825,0.0106970652482852,0.06169));
#12870=CARTESIAN_POINT('',(-0.0182610326241426,0.0182610326241426,0.06119));
#12871=CARTESIAN_POINT('',(-0.0106970652482852,0.025825,0.06069));
#12872=CARTESIAN_POINT('',(-1.10692762557931E-17,0.025825,0.06019));
#12873=CARTESIAN_POINT('',(0.0106970652482852,0.025825,0.05969));
#12874=CARTESIAN_POINT('',(0.0182610326241426,0.0182610326241426,0.05919));
#12875=CARTESIAN_POINT('',(0.025825,0.0106970652482852,0.05869));
#12876=CARTESIAN_POINT('',(0.025825,1.1118262127759E-17,0.05819));
#12877=CARTESIAN_POINT('',(0.025825,-0.0106970652482852,0.0576899999999999));
#12878=CARTESIAN_POINT('',(0.0182610326241426,-0.0182610326241426,0.05719));
#12879=CARTESIAN_POINT('',(0.0106970652482852,-0.025825,0.0566900000000001));
#12880=CARTESIAN_POINT('',(1.11672479997249E-17,-0.025825,0.05619));
#12881=CARTESIAN_POINT('',(-0.0106970652482852,-0.025825,0.05569));
#12882=CARTESIAN_POINT('',(-0.0182610326241426,-0.0182610326241426,0.05519));
#12883=CARTESIAN_POINT('',(-0.025825,-0.0106970652482852,0.05469));
#12884=CARTESIAN_POINT('',(-0.025825,-1.42809124865571E-17,0.05419));
#12885=CARTESIAN_POINT('',(-0.025825,0.0106970652482852,0.05369));
#12886=CARTESIAN_POINT('',(-0.0182610326241426,0.0182610326241426,0.05319));
#12887=CARTESIAN_POINT('',(-0.0106970652482852,0.025825,0.05269));
#12888=CARTESIAN_POINT('',(-1.73945769733892E-17,0.025825,0.05219));
#12889=CARTESIAN_POINT('',(-0.00506335189360456,-0.0253237653717122,0.0639436254125674));
#12890=CARTESIAN_POINT('',(-0.00496831227235996,-0.0245244158073691,0.0647430185330208));
#12891=CARTESIAN_POINT('',(-0.00499999560646521,-0.0247908490239422,0.0644765379357073));
#12892=CARTESIAN_POINT('',(-0.00503167894057046,-0.0250572822405152,0.0642100573383938));
#12893=CARTESIAN_POINT('',(-0.00506336227467572,-0.0253237154570882,0.0639435767410803));
#12894=CARTESIAN_POINT('',(0.0253276497388224,-0.00504388577463165,0.0659446104994123));
#12895=CARTESIAN_POINT('',(0.0249986131973607,-0.00669612824120936,0.0658610112213368));
#12896=CARTESIAN_POINT('',(0.0244577115470002,-0.00829162052217379,0.0657759626104224));
#12897=CARTESIAN_POINT('',(0.0245430565232925,-0.00488763761897994,0.0667446104994123));
#12898=CARTESIAN_POINT('',(0.0242242127885364,-0.00648869735668012,0.0666610112213368));
#12899=CARTESIAN_POINT('',(0.0237000670460282,-0.00803476490096414,0.0665759626104224));
#12900=CARTESIAN_POINT('',(0.0244641234197926,-0.0082726401060229,0.0657769582403656));
#12901=CARTESIAN_POINT('',(0.0242178350405881,-0.00816667031240993,0.0660456146025144));
#12902=CARTESIAN_POINT('',(0.0239711528339736,-0.00806119312170919,0.0663141746088733));
#12903=CARTESIAN_POINT('',(0.0237240767999493,-0.0079562085339207,0.0665826382594422));
#12904=CARTESIAN_POINT('',(0.0244641317776696,-0.00827265866362293,0.0657769732242995));
#12905=CARTESIAN_POINT('',(-4.74397553819706E-18,0.025825,0.06819));
#12906=CARTESIAN_POINT('',(0.0106970652482852,0.025825,0.06769));
#12907=CARTESIAN_POINT('',(0.0182610326241426,0.0182610326241426,0.06719));
#12908=CARTESIAN_POINT('',(0.025825,0.0106970652482852,0.06669));
#12909=CARTESIAN_POINT('',(0.025825,4.79296141016295E-18,0.06619));
#12910=CARTESIAN_POINT('',(0.025825,-0.0106970652482852,0.06569));
#12911=CARTESIAN_POINT('',(0.0182610326241426,-0.0182610326241426,0.06519));
#12912=CARTESIAN_POINT('',(0.0106970652482852,-0.025825,0.0646899999999999));
#12913=CARTESIAN_POINT('',(4.84194728212885E-18,-0.025825,0.06419));
#12914=CARTESIAN_POINT('',(-0.0106970652482852,-0.025825,0.06369));
#12915=CARTESIAN_POINT('',(-0.0182610326241426,-0.0182610326241426,0.06319));
#12916=CARTESIAN_POINT('',(-0.025825,-0.0106970652482852,0.06269));
#12917=CARTESIAN_POINT('',(-0.025825,-7.95561176896099E-18,0.06219));
#12918=CARTESIAN_POINT('',(-0.025825,0.0106970652482852,0.06169));
#12919=CARTESIAN_POINT('',(-0.0182610326241426,0.0182610326241426,0.06119));
#12920=CARTESIAN_POINT('',(-0.0106970652482852,0.025825,0.06069));
#12921=CARTESIAN_POINT('',(-1.10692762557931E-17,0.025825,0.06019));
#12922=CARTESIAN_POINT('',(0.0106970652482852,0.025825,0.05969));
#12923=CARTESIAN_POINT('',(0.0182610326241426,0.0182610326241426,0.05919));
#12924=CARTESIAN_POINT('',(0.025825,0.0106970652482852,0.05869));
#12925=CARTESIAN_POINT('',(0.025825,1.1118262127759E-17,0.05819));
#12926=CARTESIAN_POINT('',(0.025825,-0.0106970652482852,0.0576899999999999));
#12927=CARTESIAN_POINT('',(0.0182610326241426,-0.0182610326241426,0.05719));
#12928=CARTESIAN_POINT('',(0.0106970652482852,-0.025825,0.0566900000000001));
#12929=CARTESIAN_POINT('',(1.11672479997249E-17,-0.025825,0.05619));
#12930=CARTESIAN_POINT('',(-0.0106970652482852,-0.025825,0.05569));
#12931=CARTESIAN_POINT('',(-0.0182610326241426,-0.0182610326241426,0.05519));
#12932=CARTESIAN_POINT('',(-0.025825,-0.0106970652482852,0.05469));
#12933=CARTESIAN_POINT('',(-0.025825,-1.42809124865571E-17,0.05419));
#12934=CARTESIAN_POINT('',(-0.025825,0.0106970652482852,0.05369));
#12935=CARTESIAN_POINT('',(-0.0182610326241426,0.0182610326241426,0.05319));
#12936=CARTESIAN_POINT('',(-0.0106970652482852,0.025825,0.05269));
#12937=CARTESIAN_POINT('',(-1.73945769733892E-17,0.025825,0.05219));
#12938=CARTESIAN_POINT('',(0.0253237653717122,-0.00506335189360453,0.0659436254125674));
#12939=CARTESIAN_POINT('',(0.0245244158073691,-0.00496831227235992,0.0667430185330208));
#12940=CARTESIAN_POINT('',(0.0247908490239421,-0.00499999560646519,0.0664765379357073));
#12941=CARTESIAN_POINT('',(0.0250572822405152,-0.00503167894057046,0.0662100573383938));
#12942=CARTESIAN_POINT('',(0.0253237154570882,-0.00506336227467573,0.0659435767410803));
#12943=CARTESIAN_POINT('',(0.00504388577463161,0.0253276497388224,0.0679446104994123));
#12944=CARTESIAN_POINT('',(0.00669612824120935,0.0249986131973607,0.0678610112213368));
#12945=CARTESIAN_POINT('',(0.00829162052217379,0.0244577115470002,0.0677759626104224));
#12946=CARTESIAN_POINT('',(0.00488763761897991,0.0245430565232925,0.0687446104994123));
#12947=CARTESIAN_POINT('',(0.00648869735668011,0.0242242127885364,0.0686610112213367));
#12948=CARTESIAN_POINT('',(0.00803476490096415,0.0237000670460282,0.0685759626104224));
#12949=CARTESIAN_POINT('',(0.00827264010602291,0.0244641234197926,0.0677769582403656));
#12950=CARTESIAN_POINT('',(0.00816698361879404,0.024218563207728,0.0680448203030209));
#12951=CARTESIAN_POINT('',(0.00806181682551004,0.0239726114925028,0.068312586579959));
#12952=CARTESIAN_POINT('',(0.00795713972617091,0.023726268274117,0.06858025707118));
#12953=CARTESIAN_POINT('',(0.00827265866362294,0.0244641317776696,0.0677769732242995));
#12954=CARTESIAN_POINT('',(-4.74397553819706E-18,0.025825,0.06819));
#12955=CARTESIAN_POINT('',(0.0106970652482852,0.025825,0.06769));
#12956=CARTESIAN_POINT('',(0.0182610326241426,0.0182610326241426,0.06719));
#12957=CARTESIAN_POINT('',(0.025825,0.0106970652482852,0.06669));
#12958=CARTESIAN_POINT('',(0.025825,4.79296141016295E-18,0.06619));
#12959=CARTESIAN_POINT('',(0.025825,-0.0106970652482852,0.06569));
#12960=CARTESIAN_POINT('',(0.0182610326241426,-0.0182610326241426,0.06519));
#12961=CARTESIAN_POINT('',(0.0106970652482852,-0.025825,0.0646899999999999));
#12962=CARTESIAN_POINT('',(4.84194728212885E-18,-0.025825,0.06419));
#12963=CARTESIAN_POINT('',(-0.0106970652482852,-0.025825,0.06369));
#12964=CARTESIAN_POINT('',(-0.0182610326241426,-0.0182610326241426,0.06319));
#12965=CARTESIAN_POINT('',(-0.025825,-0.0106970652482852,0.06269));
#12966=CARTESIAN_POINT('',(-0.025825,-7.95561176896099E-18,0.06219));
#12967=CARTESIAN_POINT('',(-0.025825,0.0106970652482852,0.06169));
#12968=CARTESIAN_POINT('',(-0.0182610326241426,0.0182610326241426,0.06119));
#12969=CARTESIAN_POINT('',(-0.0106970652482852,0.025825,0.06069));
#12970=CARTESIAN_POINT('',(-1.10692762557931E-17,0.025825,0.06019));
#12971=CARTESIAN_POINT('',(0.0106970652482852,0.025825,0.05969));
#12972=CARTESIAN_POINT('',(0.0182610326241426,0.0182610326241426,0.05919));
#12973=CARTESIAN_POINT('',(0.025825,0.0106970652482852,0.05869));
#12974=CARTESIAN_POINT('',(0.025825,1.1118262127759E-17,0.05819));
#12975=CARTESIAN_POINT('',(0.025825,-0.0106970652482852,0.0576899999999999));
#12976=CARTESIAN_POINT('',(0.0182610326241426,-0.0182610326241426,0.05719));
#12977=CARTESIAN_POINT('',(0.0106970652482852,-0.025825,0.0566900000000001));
#12978=CARTESIAN_POINT('',(1.11672479997249E-17,-0.025825,0.05619));
#12979=CARTESIAN_POINT('',(-0.0106970652482852,-0.025825,0.05569));
#12980=CARTESIAN_POINT('',(-0.0182610326241426,-0.0182610326241426,0.05519));
#12981=CARTESIAN_POINT('',(-0.025825,-0.0106970652482852,0.05469));
#12982=CARTESIAN_POINT('',(-0.025825,-1.42809124865571E-17,0.05419));
#12983=CARTESIAN_POINT('',(-0.025825,0.0106970652482852,0.05369));
#12984=CARTESIAN_POINT('',(-0.0182610326241426,0.0182610326241426,0.05319));
#12985=CARTESIAN_POINT('',(-0.0106970652482852,0.025825,0.05269));
#12986=CARTESIAN_POINT('',(-1.73945769733892E-17,0.025825,0.05219));
#12987=CARTESIAN_POINT('',(0.00506335189360453,0.0253237653717122,0.0679436254125674));
#12988=CARTESIAN_POINT('',(0.00496861637278018,0.0245269224688985,0.0687405127090251));
#12989=CARTESIAN_POINT('',(0.00500019834007869,0.0247925201316284,0.0684748673863768));
#12990=CARTESIAN_POINT('',(0.00503178030737719,0.0250581177943583,0.0682092220637286));
#12991=CARTESIAN_POINT('',(0.0050633622746757,0.0253237154570882,0.0679435767410803));
#12992=CARTESIAN_POINT('',(0.00504388577463165,0.0253276497388224,0.0599446104994123));
#12993=CARTESIAN_POINT('',(0.00669612824120937,0.0249986131973607,0.0598610112213368));
#12994=CARTESIAN_POINT('',(0.0082916205221738,0.0244577115470002,0.0597759626104224));
#12995=CARTESIAN_POINT('',(0.00488763761897994,0.0245430565232925,0.0607446104994123));
#12996=CARTESIAN_POINT('',(0.00648869735668013,0.0242242127885364,0.0606610112213367));
#12997=CARTESIAN_POINT('',(0.00803476490096415,0.0237000670460282,0.0605759626104224));
#12998=CARTESIAN_POINT('',(0.00827264010602294,0.0244641234197926,0.0597769582403656));
#12999=CARTESIAN_POINT('',(0.00816667031240979,0.0242178350405876,0.0600456146025149));
#13000=CARTESIAN_POINT('',(0.00806119312170909,0.0239711528339731,0.0603141746088738));
#13001=CARTESIAN_POINT('',(0.00795620853392083,0.0237240767999492,0.0605826382594422));
#13002=CARTESIAN_POINT('',(0.00827265866362293,0.0244641317776696,0.0597769732242995));
#13003=CARTESIAN_POINT('',(-4.74397553819706E-18,0.025825,0.06819));
#13004=CARTESIAN_POINT('',(0.0106970652482852,0.025825,0.06769));
#13005=CARTESIAN_POINT('',(0.0182610326241426,0.0182610326241426,0.06719));
#13006=CARTESIAN_POINT('',(0.025825,0.0106970652482852,0.06669));
#13007=CARTESIAN_POINT('',(0.025825,4.79296141016295E-18,0.06619));
#13008=CARTESIAN_POINT('',(0.025825,-0.0106970652482852,0.06569));
#13009=CARTESIAN_POINT('',(0.0182610326241426,-0.0182610326241426,0.06519));
#13010=CARTESIAN_POINT('',(0.0106970652482852,-0.025825,0.0646899999999999));
#13011=CARTESIAN_POINT('',(4.84194728212885E-18,-0.025825,0.06419));
#13012=CARTESIAN_POINT('',(-0.0106970652482852,-0.025825,0.06369));
#13013=CARTESIAN_POINT('',(-0.0182610326241426,-0.0182610326241426,0.06319));
#13014=CARTESIAN_POINT('',(-0.025825,-0.0106970652482852,0.06269));
#13015=CARTESIAN_POINT('',(-0.025825,-7.95561176896099E-18,0.06219));
#13016=CARTESIAN_POINT('',(-0.025825,0.0106970652482852,0.06169));
#13017=CARTESIAN_POINT('',(-0.0182610326241426,0.0182610326241426,0.06119));
#13018=CARTESIAN_POINT('',(-0.0106970652482852,0.025825,0.06069));
#13019=CARTESIAN_POINT('',(-1.10692762557931E-17,0.025825,0.06019));
#13020=CARTESIAN_POINT('',(0.0106970652482852,0.025825,0.05969));
#13021=CARTESIAN_POINT('',(0.0182610326241426,0.0182610326241426,0.05919));
#13022=CARTESIAN_POINT('',(0.025825,0.0106970652482852,0.05869));
#13023=CARTESIAN_POINT('',(0.025825,1.1118262127759E-17,0.05819));
#13024=CARTESIAN_POINT('',(0.025825,-0.0106970652482852,0.0576899999999999));
#13025=CARTESIAN_POINT('',(0.0182610326241426,-0.0182610326241426,0.05719));
#13026=CARTESIAN_POINT('',(0.0106970652482852,-0.025825,0.0566900000000001));
#13027=CARTESIAN_POINT('',(1.11672479997249E-17,-0.025825,0.05619));
#13028=CARTESIAN_POINT('',(-0.0106970652482852,-0.025825,0.05569));
#13029=CARTESIAN_POINT('',(-0.0182610326241426,-0.0182610326241426,0.05519));
#13030=CARTESIAN_POINT('',(-0.025825,-0.0106970652482852,0.05469));
#13031=CARTESIAN_POINT('',(-0.025825,-1.42809124865571E-17,0.05419));
#13032=CARTESIAN_POINT('',(-0.025825,0.0106970652482852,0.05369));
#13033=CARTESIAN_POINT('',(-0.0182610326241426,0.0182610326241426,0.05319));
#13034=CARTESIAN_POINT('',(-0.0106970652482852,0.025825,0.05269));
#13035=CARTESIAN_POINT('',(-1.73945769733892E-17,0.025825,0.05219));
#13036=CARTESIAN_POINT('',(0.00506335189360453,0.0253237653717122,0.0599436254125674));
#13037=CARTESIAN_POINT('',(0.00496831227236006,0.0245244158073692,0.0607430185330208));
#13038=CARTESIAN_POINT('',(0.00499999560646529,0.0247908490239422,0.0604765379357073));
#13039=CARTESIAN_POINT('',(0.00503167894057051,0.0250572822405152,0.0602100573383938));
#13040=CARTESIAN_POINT('',(0.00506336227467574,0.0253237154570882,0.0599435767410803));
#13041=CARTESIAN_POINT('',(-0.0253276497388224,0.00504388577463163,0.0619446104994123));
#13042=CARTESIAN_POINT('',(-0.0249986131973607,0.00669612824120936,0.0618610112213368));
#13043=CARTESIAN_POINT('',(-0.0244577115470002,0.0082916205221738,0.0617759626104224));
#13044=CARTESIAN_POINT('',(-0.0245430565232925,0.00488763761897992,0.0627446104994123));
#13045=CARTESIAN_POINT('',(-0.0242242127885364,0.00648869735668012,0.0626610112213368));
#13046=CARTESIAN_POINT('',(-0.0237000670460282,0.00803476490096415,0.0625759626104224));
#13047=CARTESIAN_POINT('',(-0.0244641234197926,0.00827264010602293,0.0617769582403656));
#13048=CARTESIAN_POINT('',(-0.0242178350405871,0.00816667031240954,0.0620456146025155));
#13049=CARTESIAN_POINT('',(-0.0239711528339727,0.0080611931217088,0.0623141746088743));
#13050=CARTESIAN_POINT('',(-0.0237240767999493,0.0079562085339207,0.0625826382594423));
#13051=CARTESIAN_POINT('',(-0.0244641317776696,0.00827265866362293,0.0617769732242995));
#13052=CARTESIAN_POINT('',(-4.74397553819706E-18,0.025825,0.06819));
#13053=CARTESIAN_POINT('',(0.0106970652482852,0.025825,0.06769));
#13054=CARTESIAN_POINT('',(0.0182610326241426,0.0182610326241426,0.06719));
#13055=CARTESIAN_POINT('',(0.025825,0.0106970652482852,0.06669));
#13056=CARTESIAN_POINT('',(0.025825,4.79296141016295E-18,0.06619));
#13057=CARTESIAN_POINT('',(0.025825,-0.0106970652482852,0.06569));
#13058=CARTESIAN_POINT('',(0.0182610326241426,-0.0182610326241426,0.06519));
#13059=CARTESIAN_POINT('',(0.0106970652482852,-0.025825,0.0646899999999999));
#13060=CARTESIAN_POINT('',(4.84194728212885E-18,-0.025825,0.06419));
#13061=CARTESIAN_POINT('',(-0.0106970652482852,-0.025825,0.06369));
#13062=CARTESIAN_POINT('',(-0.0182610326241426,-0.0182610326241426,0.06319));
#13063=CARTESIAN_POINT('',(-0.025825,-0.0106970652482852,0.06269));
#13064=CARTESIAN_POINT('',(-0.025825,-7.95561176896099E-18,0.06219));
#13065=CARTESIAN_POINT('',(-0.025825,0.0106970652482852,0.06169));
#13066=CARTESIAN_POINT('',(-0.0182610326241426,0.0182610326241426,0.06119));
#13067=CARTESIAN_POINT('',(-0.0106970652482852,0.025825,0.06069));
#13068=CARTESIAN_POINT('',(-1.10692762557931E-17,0.025825,0.06019));
#13069=CARTESIAN_POINT('',(0.0106970652482852,0.025825,0.05969));
#13070=CARTESIAN_POINT('',(0.0182610326241426,0.0182610326241426,0.05919));
#13071=CARTESIAN_POINT('',(0.025825,0.0106970652482852,0.05869));
#13072=CARTESIAN_POINT('',(0.025825,1.1118262127759E-17,0.05819));
#13073=CARTESIAN_POINT('',(0.025825,-0.0106970652482852,0.0576899999999999));
#13074=CARTESIAN_POINT('',(0.0182610326241426,-0.0182610326241426,0.05719));
#13075=CARTESIAN_POINT('',(0.0106970652482852,-0.025825,0.0566900000000001));
#13076=CARTESIAN_POINT('',(1.11672479997249E-17,-0.025825,0.05619));
#13077=CARTESIAN_POINT('',(-0.0106970652482852,-0.025825,0.05569));
#13078=CARTESIAN_POINT('',(-0.0182610326241426,-0.0182610326241426,0.05519));
#13079=CARTESIAN_POINT('',(-0.025825,-0.0106970652482852,0.05469));
#13080=CARTESIAN_POINT('',(-0.025825,-1.42809124865571E-17,0.05419));
#13081=CARTESIAN_POINT('',(-0.025825,0.0106970652482852,0.05369));
#13082=CARTESIAN_POINT('',(-0.0182610326241426,0.0182610326241426,0.05319));
#13083=CARTESIAN_POINT('',(-0.0106970652482852,0.025825,0.05269));
#13084=CARTESIAN_POINT('',(-1.73945769733892E-17,0.025825,0.05219));
#13085=CARTESIAN_POINT('',(-0.0253237653717122,0.00506335189360452,0.0619436254125674));
#13086=CARTESIAN_POINT('',(-0.0245244158073692,0.00496831227235995,0.0627430185330208));
#13087=CARTESIAN_POINT('',(-0.0247908490239422,0.00499999560646521,0.0624765379357073));
#13088=CARTESIAN_POINT('',(-0.0250572822405152,0.00503167894057046,0.0622100573383938));
#13089=CARTESIAN_POINT('',(-0.0253237154570882,0.00506336227467572,0.0619435767410803));
#13090=CARTESIAN_POINT('',(-1.53233930743313E-18,-2.81486164208347E-34,
0.067));
#13091=CARTESIAN_POINT('',(-1.53233930743313E-18,-2.81486164208347E-34,
0.0886727141364534));
#13092=CARTESIAN_POINT('',(-0.00868156437755361,-0.0243220283890631,0.0635585295404224));
#13093=CARTESIAN_POINT('',(-1.53233930743313E-18,-2.81486164208347E-34,
0.0384951189534442));
#13094=CARTESIAN_POINT('',(-1.53233930743313E-18,-2.81486164208347E-34,
0.0386565679423885));
#13095=CARTESIAN_POINT('',(-0.00464261220163656,-0.025404266904306,0.0637712266598361));
#13096=CARTESIAN_POINT('',(-1.53233930743313E-18,-2.81486164208347E-34,
0.0888341374319965));
#13097=CARTESIAN_POINT('',(-1.53233930743313E-18,-2.81486164208347E-34,
0.067));
#13098=CARTESIAN_POINT('',(-1.53233930743313E-18,-2.81486164208347E-34,
0.0906727141364535));
#13099=CARTESIAN_POINT('',(0.0243220283890631,-0.0086815643775536,0.0655585295404224));
#13100=CARTESIAN_POINT('',(-1.53233930743313E-18,-2.81486164208347E-34,
0.0404951189534448));
#13101=CARTESIAN_POINT('',(-1.53233930743313E-18,-2.81486164208347E-34,
0.0406565679423905));
#13102=CARTESIAN_POINT('',(0.025404266904306,-0.00464261220163658,0.065771226659836));
#13103=CARTESIAN_POINT('',(-1.53233930743313E-18,-2.81486164208347E-34,
0.0908341374319987));
#13104=CARTESIAN_POINT('',(-1.53233930743313E-18,-2.81486164208347E-34,
0.067));
#13105=CARTESIAN_POINT('',(-1.53233930743313E-18,-2.81486164208347E-34,
0.0926727141364546));
#13106=CARTESIAN_POINT('',(0.00868156437755354,0.0243220283890631,0.0675585295404224));
#13107=CARTESIAN_POINT('',(-1.53233930743313E-18,-2.81486164208347E-34,
0.0424951189534433));
#13108=CARTESIAN_POINT('',(-1.53233930743313E-18,-2.81486164208347E-34,
0.0426565679423903));
#13109=CARTESIAN_POINT('',(0.00464261220163655,0.025404266904306,0.0677712266598361));
#13110=CARTESIAN_POINT('',(-1.53233930743313E-18,-2.81486164208347E-34,
0.0928341374319984));
#13111=CARTESIAN_POINT('',(-1.53233930743313E-18,-2.81486164208347E-34,
0.067));
#13112=CARTESIAN_POINT('',(-1.53233930743313E-18,-2.81486164208347E-34,
0.0846727141364531));
#13113=CARTESIAN_POINT('',(0.00868156437755367,0.0243220283890631,0.0595585295404224));
#13114=CARTESIAN_POINT('',(-1.53233930743313E-18,-2.81486164208347E-34,
0.0344951189534454));
#13115=CARTESIAN_POINT('',(-1.53233930743313E-18,-2.81486164208347E-34,
0.0346565679423906));
#13116=CARTESIAN_POINT('',(0.00464261220163656,0.025404266904306,0.0597712266598361));
#13117=CARTESIAN_POINT('',(-1.53233930743313E-18,-2.81486164208347E-34,
0.0848341374319982));
#13118=CARTESIAN_POINT('',(-1.53233930743313E-18,-2.81486164208347E-34,
0.067));
#13119=CARTESIAN_POINT('',(-1.53233930743313E-18,-2.81486164208347E-34,
0.0866727141364533));
#13120=CARTESIAN_POINT('',(-0.0243220283890631,0.00868156437755365,0.0615585295404224));
#13121=CARTESIAN_POINT('',(-1.53233930743313E-18,-2.81486164208347E-34,
0.0364951189534451));
#13122=CARTESIAN_POINT('',(-1.53233930743313E-18,-2.81486164208347E-34,
0.0366565679423911));
#13123=CARTESIAN_POINT('',(-0.025404266904306,0.0046426122016366,0.061771226659836));
#13124=CARTESIAN_POINT('',(-1.53233930743313E-18,-2.81486164208347E-34,
0.0868341374319995));
#13125=CARTESIAN_POINT('',(-0.00489190589675748,-0.0245422061293859,0.0607543876237279));
#13126=CARTESIAN_POINT('',(-0.0064929575423739,-0.0242230745099662,0.0606707829840411));
#13127=CARTESIAN_POINT('',(-0.00803897764571625,-0.0236986384294894,0.0605857308605312));
#13128=CARTESIAN_POINT('',(-0.00504829050084963,-0.0253267721594962,0.0615543876237279));
#13129=CARTESIAN_POINT('',(-0.00670052461665559,-0.0249974385302648,0.0614707829840411));
#13130=CARTESIAN_POINT('',(-0.00829596794008481,-0.0244562372604022,0.0613857308605312));
#13131=CARTESIAN_POINT('',(-0.025825,-3.16265035879804E-18,0.0678));
#13132=CARTESIAN_POINT('',(-0.025825,0.0106970652482852,0.0673));
#13133=CARTESIAN_POINT('',(-0.0182610326241426,0.0182610326241426,0.0668));
#13134=CARTESIAN_POINT('',(-0.0106970652482852,0.025825,0.0663));
#13135=CARTESIAN_POINT('',(-3.21163623076393E-18,0.025825,0.0658));
#13136=CARTESIAN_POINT('',(0.0106970652482852,0.025825,0.0653));
#13137=CARTESIAN_POINT('',(0.0182610326241426,0.0182610326241426,0.0648));
#13138=CARTESIAN_POINT('',(0.025825,0.0106970652482852,0.0643000000000001));
#13139=CARTESIAN_POINT('',(0.025825,3.26062210272983E-18,0.0638));
#13140=CARTESIAN_POINT('',(0.025825,-0.0106970652482852,0.0633));
#13141=CARTESIAN_POINT('',(0.0182610326241426,-0.0182610326241426,0.0628));
#13142=CARTESIAN_POINT('',(0.0106970652482852,-0.025825,0.0623));
#13143=CARTESIAN_POINT('',(6.37428658956197E-18,-0.025825,0.0618));
#13144=CARTESIAN_POINT('',(-0.0106970652482852,-0.025825,0.0613));
#13145=CARTESIAN_POINT('',(-0.0182610326241426,-0.0182610326241426,0.0608));
#13146=CARTESIAN_POINT('',(-0.025825,-0.0106970652482852,0.0603));
#13147=CARTESIAN_POINT('',(-0.025825,-9.48795107639412E-18,0.0598));
#13148=CARTESIAN_POINT('',(-0.025825,0.0106970652482852,0.0593));
#13149=CARTESIAN_POINT('',(-0.0182610326241426,0.0182610326241426,0.0588));
#13150=CARTESIAN_POINT('',(-0.0106970652482852,0.025825,0.0583));
#13151=CARTESIAN_POINT('',(-9.53693694836001E-18,0.025825,0.0578));
#13152=CARTESIAN_POINT('',(0.0106970652482852,0.025825,0.0573000000000001));
#13153=CARTESIAN_POINT('',(0.0182610326241426,0.0182610326241426,0.0568));
#13154=CARTESIAN_POINT('',(0.025825,0.0106970652482852,0.0563));
#13155=CARTESIAN_POINT('',(0.025825,9.5859228203259E-18,0.0558));
#13156=CARTESIAN_POINT('',(0.025825,-0.0106970652482852,0.0553));
#13157=CARTESIAN_POINT('',(0.0182610326241426,-0.0182610326241426,0.0548));
#13158=CARTESIAN_POINT('',(0.0106970652482852,-0.025825,0.0543));
#13159=CARTESIAN_POINT('',(1.2699587307158E-17,-0.025825,0.0538));
#13160=CARTESIAN_POINT('',(-0.0106970652482852,-0.025825,0.0533));
#13161=CARTESIAN_POINT('',(-0.0182610326241426,-0.0182610326241426,0.0528));
#13162=CARTESIAN_POINT('',(-0.025825,-0.0106970652482852,0.0523));
#13163=CARTESIAN_POINT('',(-0.025825,-1.58132517939902E-17,0.0518));
#13164=CARTESIAN_POINT('',(-0.00506776699564803,-0.0253228821953154,0.0615534019435329));
#13165=CARTESIAN_POINT('',(-0.00827700676934401,-0.0244626610151111,0.0613867415104881));
#13166=CARTESIAN_POINT('',(-0.00795964604338587,-0.023722881464918,0.0605874039981847));
#13167=CARTESIAN_POINT('',(-0.00806542172439229,-0.023969462037127,0.0608538659628314));
#13168=CARTESIAN_POINT('',(-0.00817119740539871,-0.0242160426093361,0.061120327927478));
#13169=CARTESIAN_POINT('',(-0.00827697308640513,-0.0244626231815451,0.0613867898921246));
#13170=CARTESIAN_POINT('',(-0.00506776109232151,-0.0253228681814963,0.0615534165208713));
#13171=CARTESIAN_POINT('',(-0.00503638222197486,-0.025056567133004,0.0612847555790001));
#13172=CARTESIAN_POINT('',(-0.00500438544867843,-0.0247901936672743,0.0610162117731844));
#13173=CARTESIAN_POINT('',(-0.00497177077243222,-0.0245237477843073,0.0607477851034242));
#13174=CARTESIAN_POINT('',(0.0245422061293859,-0.00489190589675748,0.0627543876237279));
#13175=CARTESIAN_POINT('',(0.0242230745099662,-0.0064929575423739,0.062670782984041));
#13176=CARTESIAN_POINT('',(0.0236986384294894,-0.00803897764571625,0.0625857308605312));
#13177=CARTESIAN_POINT('',(0.0253267721594962,-0.00504829050084963,0.0635543876237279));
#13178=CARTESIAN_POINT('',(0.0249974385302648,-0.00670052461665558,0.0634707829840411));
#13179=CARTESIAN_POINT('',(0.0244562372604022,-0.00829596794008481,0.0633857308605312));
#13180=CARTESIAN_POINT('',(-0.025825,-3.16265035879804E-18,0.0678));
#13181=CARTESIAN_POINT('',(-0.025825,0.0106970652482852,0.0673));
#13182=CARTESIAN_POINT('',(-0.0182610326241426,0.0182610326241426,0.0668));
#13183=CARTESIAN_POINT('',(-0.0106970652482852,0.025825,0.0663));
#13184=CARTESIAN_POINT('',(-3.21163623076393E-18,0.025825,0.0658));
#13185=CARTESIAN_POINT('',(0.0106970652482852,0.025825,0.0653));
#13186=CARTESIAN_POINT('',(0.0182610326241426,0.0182610326241426,0.0648));
#13187=CARTESIAN_POINT('',(0.025825,0.0106970652482852,0.0643000000000001));
#13188=CARTESIAN_POINT('',(0.025825,3.26062210272983E-18,0.0638));
#13189=CARTESIAN_POINT('',(0.025825,-0.0106970652482852,0.0633));
#13190=CARTESIAN_POINT('',(0.0182610326241426,-0.0182610326241426,0.0628));
#13191=CARTESIAN_POINT('',(0.0106970652482852,-0.025825,0.0623));
#13192=CARTESIAN_POINT('',(6.37428658956197E-18,-0.025825,0.0618));
#13193=CARTESIAN_POINT('',(-0.0106970652482852,-0.025825,0.0613));
#13194=CARTESIAN_POINT('',(-0.0182610326241426,-0.0182610326241426,0.0608));
#13195=CARTESIAN_POINT('',(-0.025825,-0.0106970652482852,0.0603));
#13196=CARTESIAN_POINT('',(-0.025825,-9.48795107639412E-18,0.0598));
#13197=CARTESIAN_POINT('',(-0.025825,0.0106970652482852,0.0593));
#13198=CARTESIAN_POINT('',(-0.0182610326241426,0.0182610326241426,0.0588));
#13199=CARTESIAN_POINT('',(-0.0106970652482852,0.025825,0.0583));
#13200=CARTESIAN_POINT('',(-9.53693694836001E-18,0.025825,0.0578));
#13201=CARTESIAN_POINT('',(0.0106970652482852,0.025825,0.0573000000000001));
#13202=CARTESIAN_POINT('',(0.0182610326241426,0.0182610326241426,0.0568));
#13203=CARTESIAN_POINT('',(0.025825,0.0106970652482852,0.0563));
#13204=CARTESIAN_POINT('',(0.025825,9.5859228203259E-18,0.0558));
#13205=CARTESIAN_POINT('',(0.025825,-0.0106970652482852,0.0553));
#13206=CARTESIAN_POINT('',(0.0182610326241426,-0.0182610326241426,0.0548));
#13207=CARTESIAN_POINT('',(0.0106970652482852,-0.025825,0.0543));
#13208=CARTESIAN_POINT('',(1.2699587307158E-17,-0.025825,0.0538));
#13209=CARTESIAN_POINT('',(-0.0106970652482852,-0.025825,0.0533));
#13210=CARTESIAN_POINT('',(-0.0182610326241426,-0.0182610326241426,0.0528));
#13211=CARTESIAN_POINT('',(-0.025825,-0.0106970652482852,0.0523));
#13212=CARTESIAN_POINT('',(-0.025825,-1.58132517939902E-17,0.0518));
#13213=CARTESIAN_POINT('',(0.0253228821953154,-0.00506776699564803,0.0635534019435329));
#13214=CARTESIAN_POINT('',(0.0244626610151111,-0.00827700676934401,0.0633867415104881));
#13215=CARTESIAN_POINT('',(0.023722881464918,-0.00795964604338586,0.0625874039981847));
#13216=CARTESIAN_POINT('',(0.023969462037127,-0.00806542172439228,0.0628538659628314));
#13217=CARTESIAN_POINT('',(0.024216042609336,-0.0081711974053987,0.063120327927478));
#13218=CARTESIAN_POINT('',(0.0244626231815451,-0.00827697308640513,0.0633867898921246));
#13219=CARTESIAN_POINT('',(0.0253228681814963,-0.00506776109232151,0.0635534165208713));
#13220=CARTESIAN_POINT('',(0.0250565671330039,-0.00503638222197485,0.0632847555789999));
#13221=CARTESIAN_POINT('',(0.0247901936672742,-0.00500438544867842,0.0630162117731842));
#13222=CARTESIAN_POINT('',(0.0245237477843073,-0.00497177077243223,0.0627477851034242));
#13223=CARTESIAN_POINT('',(0.00489190589675749,0.0245422061293859,0.0647543876237279));
#13224=CARTESIAN_POINT('',(0.0064929575423739,0.0242230745099662,0.0646707829840411));
#13225=CARTESIAN_POINT('',(0.00803897764571624,0.0236986384294894,0.0645857308605312));
#13226=CARTESIAN_POINT('',(0.00504829050084964,0.0253267721594962,0.0655543876237279));
#13227=CARTESIAN_POINT('',(0.00670052461665559,0.0249974385302648,0.065470782984041));
#13228=CARTESIAN_POINT('',(0.0082959679400848,0.0244562372604022,0.0653857308605312));
#13229=CARTESIAN_POINT('',(-0.025825,-3.16265035879804E-18,0.0678));
#13230=CARTESIAN_POINT('',(-0.025825,0.0106970652482852,0.0673));
#13231=CARTESIAN_POINT('',(-0.0182610326241426,0.0182610326241426,0.0668));
#13232=CARTESIAN_POINT('',(-0.0106970652482852,0.025825,0.0663));
#13233=CARTESIAN_POINT('',(-3.21163623076393E-18,0.025825,0.0658));
#13234=CARTESIAN_POINT('',(0.0106970652482852,0.025825,0.0653));
#13235=CARTESIAN_POINT('',(0.0182610326241426,0.0182610326241426,0.0648));
#13236=CARTESIAN_POINT('',(0.025825,0.0106970652482852,0.0643000000000001));
#13237=CARTESIAN_POINT('',(0.025825,3.26062210272983E-18,0.0638));
#13238=CARTESIAN_POINT('',(0.025825,-0.0106970652482852,0.0633));
#13239=CARTESIAN_POINT('',(0.0182610326241426,-0.0182610326241426,0.0628));
#13240=CARTESIAN_POINT('',(0.0106970652482852,-0.025825,0.0623));
#13241=CARTESIAN_POINT('',(6.37428658956197E-18,-0.025825,0.0618));
#13242=CARTESIAN_POINT('',(-0.0106970652482852,-0.025825,0.0613));
#13243=CARTESIAN_POINT('',(-0.0182610326241426,-0.0182610326241426,0.0608));
#13244=CARTESIAN_POINT('',(-0.025825,-0.0106970652482852,0.0603));
#13245=CARTESIAN_POINT('',(-0.025825,-9.48795107639412E-18,0.0598));
#13246=CARTESIAN_POINT('',(-0.025825,0.0106970652482852,0.0593));
#13247=CARTESIAN_POINT('',(-0.0182610326241426,0.0182610326241426,0.0588));
#13248=CARTESIAN_POINT('',(-0.0106970652482852,0.025825,0.0583));
#13249=CARTESIAN_POINT('',(-9.53693694836001E-18,0.025825,0.0578));
#13250=CARTESIAN_POINT('',(0.0106970652482852,0.025825,0.0573000000000001));
#13251=CARTESIAN_POINT('',(0.0182610326241426,0.0182610326241426,0.0568));
#13252=CARTESIAN_POINT('',(0.025825,0.0106970652482852,0.0563));
#13253=CARTESIAN_POINT('',(0.025825,9.5859228203259E-18,0.0558));
#13254=CARTESIAN_POINT('',(0.025825,-0.0106970652482852,0.0553));
#13255=CARTESIAN_POINT('',(0.0182610326241426,-0.0182610326241426,0.0548));
#13256=CARTESIAN_POINT('',(0.0106970652482852,-0.025825,0.0543));
#13257=CARTESIAN_POINT('',(1.2699587307158E-17,-0.025825,0.0538));
#13258=CARTESIAN_POINT('',(-0.0106970652482852,-0.025825,0.0533));
#13259=CARTESIAN_POINT('',(-0.0182610326241426,-0.0182610326241426,0.0528));
#13260=CARTESIAN_POINT('',(-0.025825,-0.0106970652482852,0.0523));
#13261=CARTESIAN_POINT('',(-0.025825,-1.58132517939902E-17,0.0518));
#13262=CARTESIAN_POINT('',(0.00506776699564803,0.0253228821953153,0.0655534019435329));
#13263=CARTESIAN_POINT('',(0.00827700676934402,0.0244626610151111,0.0653867415104881));
#13264=CARTESIAN_POINT('',(0.00795964604338586,0.023722881464918,0.0645874039981847));
#13265=CARTESIAN_POINT('',(0.00806542172439228,0.023969462037127,0.0648538659628314));
#13266=CARTESIAN_POINT('',(0.00817119740539869,0.024216042609336,0.065120327927478));
#13267=CARTESIAN_POINT('',(0.0082769730864051,0.0244626231815451,0.0653867898921246));
#13268=CARTESIAN_POINT('',(0.00506776109232152,0.0253228681814963,0.0655534165208713));
#13269=CARTESIAN_POINT('',(0.00503638222197471,0.0250565671330027,0.0652847555789987));
#13270=CARTESIAN_POINT('',(0.00500438544867828,0.024790193667273,0.065016211773183));
#13271=CARTESIAN_POINT('',(0.00497177077243223,0.0245237477843073,0.0647477851034242));
#13272=CARTESIAN_POINT('',(-0.024542206129386,0.00489190589675747,0.0667543876237279));
#13273=CARTESIAN_POINT('',(-0.0242230745099662,0.0064929575423739,0.0666707829840411));
#13274=CARTESIAN_POINT('',(-0.0236986384294894,0.00803897764571627,0.0665857308605312));
#13275=CARTESIAN_POINT('',(-0.0253267721594962,0.00504829050084962,0.0675543876237279));
#13276=CARTESIAN_POINT('',(-0.0249974385302648,0.00670052461665559,0.0674707829840411));
#13277=CARTESIAN_POINT('',(-0.0244562372604022,0.00829596794008482,0.0673857308605312));
#13278=CARTESIAN_POINT('',(-0.025825,-3.16265035879804E-18,0.0678));
#13279=CARTESIAN_POINT('',(-0.025825,0.0106970652482852,0.0673));
#13280=CARTESIAN_POINT('',(-0.0182610326241426,0.0182610326241426,0.0668));
#13281=CARTESIAN_POINT('',(-0.0106970652482852,0.025825,0.0663));
#13282=CARTESIAN_POINT('',(-3.21163623076393E-18,0.025825,0.0658));
#13283=CARTESIAN_POINT('',(0.0106970652482852,0.025825,0.0653));
#13284=CARTESIAN_POINT('',(0.0182610326241426,0.0182610326241426,0.0648));
#13285=CARTESIAN_POINT('',(0.025825,0.0106970652482852,0.0643000000000001));
#13286=CARTESIAN_POINT('',(0.025825,3.26062210272983E-18,0.0638));
#13287=CARTESIAN_POINT('',(0.025825,-0.0106970652482852,0.0633));
#13288=CARTESIAN_POINT('',(0.0182610326241426,-0.0182610326241426,0.0628));
#13289=CARTESIAN_POINT('',(0.0106970652482852,-0.025825,0.0623));
#13290=CARTESIAN_POINT('',(6.37428658956197E-18,-0.025825,0.0618));
#13291=CARTESIAN_POINT('',(-0.0106970652482852,-0.025825,0.0613));
#13292=CARTESIAN_POINT('',(-0.0182610326241426,-0.0182610326241426,0.0608));
#13293=CARTESIAN_POINT('',(-0.025825,-0.0106970652482852,0.0603));
#13294=CARTESIAN_POINT('',(-0.025825,-9.48795107639412E-18,0.0598));
#13295=CARTESIAN_POINT('',(-0.025825,0.0106970652482852,0.0593));
#13296=CARTESIAN_POINT('',(-0.0182610326241426,0.0182610326241426,0.0588));
#13297=CARTESIAN_POINT('',(-0.0106970652482852,0.025825,0.0583));
#13298=CARTESIAN_POINT('',(-9.53693694836001E-18,0.025825,0.0578));
#13299=CARTESIAN_POINT('',(0.0106970652482852,0.025825,0.0573000000000001));
#13300=CARTESIAN_POINT('',(0.0182610326241426,0.0182610326241426,0.0568));
#13301=CARTESIAN_POINT('',(0.025825,0.0106970652482852,0.0563));
#13302=CARTESIAN_POINT('',(0.025825,9.5859228203259E-18,0.0558));
#13303=CARTESIAN_POINT('',(0.025825,-0.0106970652482852,0.0553));
#13304=CARTESIAN_POINT('',(0.0182610326241426,-0.0182610326241426,0.0548));
#13305=CARTESIAN_POINT('',(0.0106970652482852,-0.025825,0.0543));
#13306=CARTESIAN_POINT('',(1.2699587307158E-17,-0.025825,0.0538));
#13307=CARTESIAN_POINT('',(-0.0106970652482852,-0.025825,0.0533));
#13308=CARTESIAN_POINT('',(-0.0182610326241426,-0.0182610326241426,0.0528));
#13309=CARTESIAN_POINT('',(-0.025825,-0.0106970652482852,0.0523));
#13310=CARTESIAN_POINT('',(-0.025825,-1.58132517939902E-17,0.0518));
#13311=CARTESIAN_POINT('',(-0.0253228821953154,0.00506776699564803,0.0675534019435329));
#13312=CARTESIAN_POINT('',(-0.0244626610151111,0.00827700676934401,0.0673867415104881));
#13313=CARTESIAN_POINT('',(-0.023722881464918,0.00795964604338581,0.0665874039981847));
#13314=CARTESIAN_POINT('',(-0.023969462037127,0.00806542172439225,0.0668538659628314));
#13315=CARTESIAN_POINT('',(-0.024216042609336,0.0081711974053987,0.067120327927478));
#13316=CARTESIAN_POINT('',(-0.0244626231815451,0.00827697308640513,0.0673867898921246));
#13317=CARTESIAN_POINT('',(-0.0253228681814963,0.0050677610923215,0.0675534165208713));
#13318=CARTESIAN_POINT('',(-0.0250565671330031,0.00503638222197475,0.0672847555789991));
#13319=CARTESIAN_POINT('',(-0.0247901936672734,0.00500438544867832,0.0670162117731834));
#13320=CARTESIAN_POINT('',(-0.0245237477843073,0.00497177077243222,0.0667477851034242));
#13321=CARTESIAN_POINT('',(-0.0245422061293859,0.0048919058967575,0.0587543876237279));
#13322=CARTESIAN_POINT('',(-0.0242230745099662,0.00649295754237398,0.0586707829840411));
#13323=CARTESIAN_POINT('',(-0.0236986384294894,0.00803897764571639,0.0585857308605312));
#13324=CARTESIAN_POINT('',(-0.0253267721594962,0.00504829050084965,0.0595543876237279));
#13325=CARTESIAN_POINT('',(-0.0249974385302648,0.00670052461665567,0.059470782984041));
#13326=CARTESIAN_POINT('',(-0.0244562372604022,0.00829596794008495,0.0593857308605312));
#13327=CARTESIAN_POINT('',(-0.025825,-3.16265035879804E-18,0.0678));
#13328=CARTESIAN_POINT('',(-0.025825,0.0106970652482852,0.0673));
#13329=CARTESIAN_POINT('',(-0.0182610326241426,0.0182610326241426,0.0668));
#13330=CARTESIAN_POINT('',(-0.0106970652482852,0.025825,0.0663));
#13331=CARTESIAN_POINT('',(-3.21163623076393E-18,0.025825,0.0658));
#13332=CARTESIAN_POINT('',(0.0106970652482852,0.025825,0.0653));
#13333=CARTESIAN_POINT('',(0.0182610326241426,0.0182610326241426,0.0648));
#13334=CARTESIAN_POINT('',(0.025825,0.0106970652482852,0.0643000000000001));
#13335=CARTESIAN_POINT('',(0.025825,3.26062210272983E-18,0.0638));
#13336=CARTESIAN_POINT('',(0.025825,-0.0106970652482852,0.0633));
#13337=CARTESIAN_POINT('',(0.0182610326241426,-0.0182610326241426,0.0628));
#13338=CARTESIAN_POINT('',(0.0106970652482852,-0.025825,0.0623));
#13339=CARTESIAN_POINT('',(6.37428658956197E-18,-0.025825,0.0618));
#13340=CARTESIAN_POINT('',(-0.0106970652482852,-0.025825,0.0613));
#13341=CARTESIAN_POINT('',(-0.0182610326241426,-0.0182610326241426,0.0608));
#13342=CARTESIAN_POINT('',(-0.025825,-0.0106970652482852,0.0603));
#13343=CARTESIAN_POINT('',(-0.025825,-9.48795107639412E-18,0.0598));
#13344=CARTESIAN_POINT('',(-0.025825,0.0106970652482852,0.0593));
#13345=CARTESIAN_POINT('',(-0.0182610326241426,0.0182610326241426,0.0588));
#13346=CARTESIAN_POINT('',(-0.0106970652482852,0.025825,0.0583));
#13347=CARTESIAN_POINT('',(-9.53693694836001E-18,0.025825,0.0578));
#13348=CARTESIAN_POINT('',(0.0106970652482852,0.025825,0.0573000000000001));
#13349=CARTESIAN_POINT('',(0.0182610326241426,0.0182610326241426,0.0568));
#13350=CARTESIAN_POINT('',(0.025825,0.0106970652482852,0.0563));
#13351=CARTESIAN_POINT('',(0.025825,9.5859228203259E-18,0.0558));
#13352=CARTESIAN_POINT('',(0.025825,-0.0106970652482852,0.0553));
#13353=CARTESIAN_POINT('',(0.0182610326241426,-0.0182610326241426,0.0548));
#13354=CARTESIAN_POINT('',(0.0106970652482852,-0.025825,0.0543));
#13355=CARTESIAN_POINT('',(1.2699587307158E-17,-0.025825,0.0538));
#13356=CARTESIAN_POINT('',(-0.0106970652482852,-0.025825,0.0533));
#13357=CARTESIAN_POINT('',(-0.0182610326241426,-0.0182610326241426,0.0528));
#13358=CARTESIAN_POINT('',(-0.025825,-0.0106970652482852,0.0523));
#13359=CARTESIAN_POINT('',(-0.025825,-1.58132517939902E-17,0.0518));
#13360=CARTESIAN_POINT('',(-0.0253228821953153,0.00506776699564808,0.0595534019435329));
#13361=CARTESIAN_POINT('',(-0.0244626610151111,0.00827700676934404,0.0593867415104881));
#13362=CARTESIAN_POINT('',(-0.0237252049159242,0.00796063619721982,0.0585899102341032));
#13363=CARTESIAN_POINT('',(-0.0239710110044645,0.0080660818269483,0.058855536786777));
#13364=CARTESIAN_POINT('',(-0.0242168170930047,0.00817152745667677,0.0591211633394508));
#13365=CARTESIAN_POINT('',(-0.024462623181545,0.00827697308640525,0.0593867898921246));
#13366=CARTESIAN_POINT('',(-0.0253228681814963,0.0050677610923215,0.0595534165208713));
#13367=CARTESIAN_POINT('',(-0.0250573568521063,0.00503647527640879,0.0592855522963958));
#13368=CARTESIAN_POINT('',(-0.0247917735331997,0.00500457521676934,0.0590178045131097));
#13369=CARTESIAN_POINT('',(-0.0245261182247764,0.00497206091340314,0.058750173171013));
#13370=CARTESIAN_POINT('',(-0.00504388577463164,-0.0253276497388224,0.0619446104994123));
#13371=CARTESIAN_POINT('',(-0.00669612824120935,-0.0249986131973607,0.0618610112213368));
#13372=CARTESIAN_POINT('',(-0.00829162052217378,-0.0244577115470002,0.0617759626104224));
#13373=CARTESIAN_POINT('',(-0.00488763761897992,-0.0245430565232925,0.0627446104994123));
#13374=CARTESIAN_POINT('',(-0.00648869735668011,-0.0242242127885364,0.0626610112213368));
#13375=CARTESIAN_POINT('',(-0.00803476490096414,-0.0237000670460283,0.0625759626104224));
#13376=CARTESIAN_POINT('',(-0.00827264010602294,-0.0244641234197926,0.0617769582403656));
#13377=CARTESIAN_POINT('',(-0.00816667031240948,-0.024217835040587,0.0620456146025156));
#13378=CARTESIAN_POINT('',(-0.00806119312170873,-0.0239711528339725,0.0623141746088745));
#13379=CARTESIAN_POINT('',(-0.0079562085339207,-0.0237240767999493,0.0625826382594423));
#13380=CARTESIAN_POINT('',(-0.00827265866362293,-0.0244641317776696,0.0617769732242995));
#13381=CARTESIAN_POINT('',(-0.025825,-3.16265035879804E-18,0.06819));
#13382=CARTESIAN_POINT('',(-0.025825,0.0106970652482852,0.06769));
#13383=CARTESIAN_POINT('',(-0.0182610326241426,0.0182610326241426,0.06719));
#13384=CARTESIAN_POINT('',(-0.0106970652482852,0.025825,0.06669));
#13385=CARTESIAN_POINT('',(-3.21163623076393E-18,0.025825,0.06619));
#13386=CARTESIAN_POINT('',(0.0106970652482852,0.025825,0.06569));
#13387=CARTESIAN_POINT('',(0.0182610326241426,0.0182610326241426,0.06519));
#13388=CARTESIAN_POINT('',(0.025825,0.0106970652482852,0.0646899999999999));
#13389=CARTESIAN_POINT('',(0.025825,3.26062210272983E-18,0.06419));
#13390=CARTESIAN_POINT('',(0.025825,-0.0106970652482852,0.06369));
#13391=CARTESIAN_POINT('',(0.0182610326241426,-0.0182610326241426,0.06319));
#13392=CARTESIAN_POINT('',(0.0106970652482852,-0.025825,0.06269));
#13393=CARTESIAN_POINT('',(6.37428658956197E-18,-0.025825,0.06219));
#13394=CARTESIAN_POINT('',(-0.0106970652482852,-0.025825,0.06169));
#13395=CARTESIAN_POINT('',(-0.0182610326241426,-0.0182610326241426,0.06119));
#13396=CARTESIAN_POINT('',(-0.025825,-0.0106970652482852,0.06069));
#13397=CARTESIAN_POINT('',(-0.025825,-9.48795107639412E-18,0.06019));
#13398=CARTESIAN_POINT('',(-0.025825,0.0106970652482852,0.05969));
#13399=CARTESIAN_POINT('',(-0.0182610326241426,0.0182610326241426,0.05919));
#13400=CARTESIAN_POINT('',(-0.0106970652482852,0.025825,0.05869));
#13401=CARTESIAN_POINT('',(-9.53693694836001E-18,0.025825,0.05819));
#13402=CARTESIAN_POINT('',(0.0106970652482852,0.025825,0.0576899999999999));
#13403=CARTESIAN_POINT('',(0.0182610326241426,0.0182610326241426,0.05719));
#13404=CARTESIAN_POINT('',(0.025825,0.0106970652482852,0.0566900000000001));
#13405=CARTESIAN_POINT('',(0.025825,9.5859228203259E-18,0.05619));
#13406=CARTESIAN_POINT('',(0.025825,-0.0106970652482852,0.05569));
#13407=CARTESIAN_POINT('',(0.0182610326241426,-0.0182610326241426,0.05519));
#13408=CARTESIAN_POINT('',(0.0106970652482852,-0.025825,0.05469));
#13409=CARTESIAN_POINT('',(1.2699587307158E-17,-0.025825,0.05419));
#13410=CARTESIAN_POINT('',(-0.0106970652482852,-0.025825,0.05369));
#13411=CARTESIAN_POINT('',(-0.0182610326241426,-0.0182610326241426,0.05319));
#13412=CARTESIAN_POINT('',(-0.025825,-0.0106970652482852,0.05269));
#13413=CARTESIAN_POINT('',(-0.025825,-1.58132517939902E-17,0.05219));
#13414=CARTESIAN_POINT('',(-0.00506335189360452,-0.0253237653717122,0.0619436254125674));
#13415=CARTESIAN_POINT('',(-0.00496831227235995,-0.0245244158073692,0.0627430185330208));
#13416=CARTESIAN_POINT('',(-0.00499999560646521,-0.0247908490239422,0.0624765379357073));
#13417=CARTESIAN_POINT('',(-0.00503167894057047,-0.0250572822405152,0.0622100573383938));
#13418=CARTESIAN_POINT('',(-0.00506336227467572,-0.0253237154570882,0.0619435767410803));
#13419=CARTESIAN_POINT('',(0.0253276497388224,-0.00504388577463163,0.0639446104994123));
#13420=CARTESIAN_POINT('',(0.0249986131973607,-0.00669612824120934,0.0638610112213368));
#13421=CARTESIAN_POINT('',(0.0244577115470002,-0.00829162052217376,0.0637759626104224));
#13422=CARTESIAN_POINT('',(0.0245430565232925,-0.00488763761897992,0.0647446104994123));
#13423=CARTESIAN_POINT('',(0.0242242127885364,-0.0064886973566801,0.0646610112213368));
#13424=CARTESIAN_POINT('',(0.0237000670460283,-0.00803476490096412,0.0645759626104224));
#13425=CARTESIAN_POINT('',(0.0244641234197926,-0.00827264010602293,0.0637769582403656));
#13426=CARTESIAN_POINT('',(0.0242178350405872,-0.00816667031240957,0.0640456146025154));
#13427=CARTESIAN_POINT('',(0.0239711528339728,-0.00806119312170882,0.0643141746088742));
#13428=CARTESIAN_POINT('',(0.0237240767999493,-0.00795620853392069,0.0645826382594423));
#13429=CARTESIAN_POINT('',(0.0244641317776696,-0.00827265866362293,0.0637769732242995));
#13430=CARTESIAN_POINT('',(-0.025825,-3.16265035879804E-18,0.06819));
#13431=CARTESIAN_POINT('',(-0.025825,0.0106970652482852,0.06769));
#13432=CARTESIAN_POINT('',(-0.0182610326241426,0.0182610326241426,0.06719));
#13433=CARTESIAN_POINT('',(-0.0106970652482852,0.025825,0.06669));
#13434=CARTESIAN_POINT('',(-3.21163623076393E-18,0.025825,0.06619));
#13435=CARTESIAN_POINT('',(0.0106970652482852,0.025825,0.06569));
#13436=CARTESIAN_POINT('',(0.0182610326241426,0.0182610326241426,0.06519));
#13437=CARTESIAN_POINT('',(0.025825,0.0106970652482852,0.0646899999999999));
#13438=CARTESIAN_POINT('',(0.025825,3.26062210272983E-18,0.06419));
#13439=CARTESIAN_POINT('',(0.025825,-0.0106970652482852,0.06369));
#13440=CARTESIAN_POINT('',(0.0182610326241426,-0.0182610326241426,0.06319));
#13441=CARTESIAN_POINT('',(0.0106970652482852,-0.025825,0.06269));
#13442=CARTESIAN_POINT('',(6.37428658956197E-18,-0.025825,0.06219));
#13443=CARTESIAN_POINT('',(-0.0106970652482852,-0.025825,0.06169));
#13444=CARTESIAN_POINT('',(-0.0182610326241426,-0.0182610326241426,0.06119));
#13445=CARTESIAN_POINT('',(-0.025825,-0.0106970652482852,0.06069));
#13446=CARTESIAN_POINT('',(-0.025825,-9.48795107639412E-18,0.06019));
#13447=CARTESIAN_POINT('',(-0.025825,0.0106970652482852,0.05969));
#13448=CARTESIAN_POINT('',(-0.0182610326241426,0.0182610326241426,0.05919));
#13449=CARTESIAN_POINT('',(-0.0106970652482852,0.025825,0.05869));
#13450=CARTESIAN_POINT('',(-9.53693694836001E-18,0.025825,0.05819));
#13451=CARTESIAN_POINT('',(0.0106970652482852,0.025825,0.0576899999999999));
#13452=CARTESIAN_POINT('',(0.0182610326241426,0.0182610326241426,0.05719));
#13453=CARTESIAN_POINT('',(0.025825,0.0106970652482852,0.0566900000000001));
#13454=CARTESIAN_POINT('',(0.025825,9.5859228203259E-18,0.05619));
#13455=CARTESIAN_POINT('',(0.025825,-0.0106970652482852,0.05569));
#13456=CARTESIAN_POINT('',(0.0182610326241426,-0.0182610326241426,0.05519));
#13457=CARTESIAN_POINT('',(0.0106970652482852,-0.025825,0.05469));
#13458=CARTESIAN_POINT('',(1.2699587307158E-17,-0.025825,0.05419));
#13459=CARTESIAN_POINT('',(-0.0106970652482852,-0.025825,0.05369));
#13460=CARTESIAN_POINT('',(-0.0182610326241426,-0.0182610326241426,0.05319));
#13461=CARTESIAN_POINT('',(-0.025825,-0.0106970652482852,0.05269));
#13462=CARTESIAN_POINT('',(-0.025825,-1.58132517939902E-17,0.05219));
#13463=CARTESIAN_POINT('',(0.0253237653717122,-0.00506335189360454,0.0639436254125674));
#13464=CARTESIAN_POINT('',(0.0245244158073691,-0.00496831227235995,0.0647430185330208));
#13465=CARTESIAN_POINT('',(0.0247908490239422,-0.00499999560646521,0.0644765379357073));
#13466=CARTESIAN_POINT('',(0.0250572822405152,-0.00503167894057046,0.0642100573383938));
#13467=CARTESIAN_POINT('',(0.0253237154570882,-0.00506336227467572,0.0639435767410803));
#13468=CARTESIAN_POINT('',(0.00504388577463165,0.0253276497388224,0.0659446104994123));
#13469=CARTESIAN_POINT('',(0.00669612824120936,0.0249986131973607,0.0658610112213368));
#13470=CARTESIAN_POINT('',(0.00829162052217378,0.0244577115470002,0.0657759626104224));
#13471=CARTESIAN_POINT('',(0.00488763761897994,0.0245430565232925,0.0667446104994123));
#13472=CARTESIAN_POINT('',(0.00648869735668012,0.0242242127885364,0.0666610112213368));
#13473=CARTESIAN_POINT('',(0.00803476490096413,0.0237000670460282,0.0665759626104224));
#13474=CARTESIAN_POINT('',(0.00827264010602291,0.0244641234197926,0.0657769582403656));
#13475=CARTESIAN_POINT('',(0.00816667031240967,0.0242178350405875,0.0660456146025151));
#13476=CARTESIAN_POINT('',(0.00806119312170893,0.023971152833973,0.0663141746088739));
#13477=CARTESIAN_POINT('',(0.00795620853392069,0.0237240767999493,0.0665826382594422));
#13478=CARTESIAN_POINT('',(0.00827265866362292,0.0244641317776696,0.0657769732242995));
#13479=CARTESIAN_POINT('',(-0.025825,-3.16265035879804E-18,0.06819));
#13480=CARTESIAN_POINT('',(-0.025825,0.0106970652482852,0.06769));
#13481=CARTESIAN_POINT('',(-0.0182610326241426,0.0182610326241426,0.06719));
#13482=CARTESIAN_POINT('',(-0.0106970652482852,0.025825,0.06669));
#13483=CARTESIAN_POINT('',(-3.21163623076393E-18,0.025825,0.06619));
#13484=CARTESIAN_POINT('',(0.0106970652482852,0.025825,0.06569));
#13485=CARTESIAN_POINT('',(0.0182610326241426,0.0182610326241426,0.06519));
#13486=CARTESIAN_POINT('',(0.025825,0.0106970652482852,0.0646899999999999));
#13487=CARTESIAN_POINT('',(0.025825,3.26062210272983E-18,0.06419));
#13488=CARTESIAN_POINT('',(0.025825,-0.0106970652482852,0.06369));
#13489=CARTESIAN_POINT('',(0.0182610326241426,-0.0182610326241426,0.06319));
#13490=CARTESIAN_POINT('',(0.0106970652482852,-0.025825,0.06269));
#13491=CARTESIAN_POINT('',(6.37428658956197E-18,-0.025825,0.06219));
#13492=CARTESIAN_POINT('',(-0.0106970652482852,-0.025825,0.06169));
#13493=CARTESIAN_POINT('',(-0.0182610326241426,-0.0182610326241426,0.06119));
#13494=CARTESIAN_POINT('',(-0.025825,-0.0106970652482852,0.06069));
#13495=CARTESIAN_POINT('',(-0.025825,-9.48795107639412E-18,0.06019));
#13496=CARTESIAN_POINT('',(-0.025825,0.0106970652482852,0.05969));
#13497=CARTESIAN_POINT('',(-0.0182610326241426,0.0182610326241426,0.05919));
#13498=CARTESIAN_POINT('',(-0.0106970652482852,0.025825,0.05869));
#13499=CARTESIAN_POINT('',(-9.53693694836001E-18,0.025825,0.05819));
#13500=CARTESIAN_POINT('',(0.0106970652482852,0.025825,0.0576899999999999));
#13501=CARTESIAN_POINT('',(0.0182610326241426,0.0182610326241426,0.05719));
#13502=CARTESIAN_POINT('',(0.025825,0.0106970652482852,0.0566900000000001));
#13503=CARTESIAN_POINT('',(0.025825,9.5859228203259E-18,0.05619));
#13504=CARTESIAN_POINT('',(0.025825,-0.0106970652482852,0.05569));
#13505=CARTESIAN_POINT('',(0.0182610326241426,-0.0182610326241426,0.05519));
#13506=CARTESIAN_POINT('',(0.0106970652482852,-0.025825,0.05469));
#13507=CARTESIAN_POINT('',(1.2699587307158E-17,-0.025825,0.05419));
#13508=CARTESIAN_POINT('',(-0.0106970652482852,-0.025825,0.05369));
#13509=CARTESIAN_POINT('',(-0.0182610326241426,-0.0182610326241426,0.05319));
#13510=CARTESIAN_POINT('',(-0.025825,-0.0106970652482852,0.05269));
#13511=CARTESIAN_POINT('',(-0.025825,-1.58132517939902E-17,0.05219));
#13512=CARTESIAN_POINT('',(0.00506335189360453,0.0253237653717122,0.0659436254125674));
#13513=CARTESIAN_POINT('',(0.00496831227235992,0.0245244158073692,0.0667430185330208));
#13514=CARTESIAN_POINT('',(0.00499999560646519,0.0247908490239422,0.0664765379357073));
#13515=CARTESIAN_POINT('',(0.00503167894057046,0.0250572822405152,0.0662100573383938));
#13516=CARTESIAN_POINT('',(0.00506336227467573,0.0253237154570882,0.0659435767410803));
#13517=CARTESIAN_POINT('',(-0.0253276497388224,0.00504388577463162,0.0679446104994123));
#13518=CARTESIAN_POINT('',(-0.0249986131973607,0.00669612824120935,0.0678610112213368));
#13519=CARTESIAN_POINT('',(-0.0244577115470002,0.00829162052217379,0.0677759626104224));
#13520=CARTESIAN_POINT('',(-0.0245430565232925,0.00488763761897991,0.0687446104994123));
#13521=CARTESIAN_POINT('',(-0.0242242127885364,0.00648869735668011,0.0686610112213367));
#13522=CARTESIAN_POINT('',(-0.0237000670460282,0.00803476490096415,0.0685759626104224));
#13523=CARTESIAN_POINT('',(-0.0244641234197926,0.00827264010602293,0.0677769582403656));
#13524=CARTESIAN_POINT('',(-0.0242185632077283,0.00816698361879418,0.0680448203030206));
#13525=CARTESIAN_POINT('',(-0.0239726114925031,0.00806181682551019,0.0683125865799587));
#13526=CARTESIAN_POINT('',(-0.023726268274117,0.00795713972617096,0.0685802570711799));
#13527=CARTESIAN_POINT('',(-0.0244641317776696,0.00827265866362294,0.0677769732242995));
#13528=CARTESIAN_POINT('',(-0.025825,-3.16265035879804E-18,0.06819));
#13529=CARTESIAN_POINT('',(-0.025825,0.0106970652482852,0.06769));
#13530=CARTESIAN_POINT('',(-0.0182610326241426,0.0182610326241426,0.06719));
#13531=CARTESIAN_POINT('',(-0.0106970652482852,0.025825,0.06669));
#13532=CARTESIAN_POINT('',(-3.21163623076393E-18,0.025825,0.06619));
#13533=CARTESIAN_POINT('',(0.0106970652482852,0.025825,0.06569));
#13534=CARTESIAN_POINT('',(0.0182610326241426,0.0182610326241426,0.06519));
#13535=CARTESIAN_POINT('',(0.025825,0.0106970652482852,0.0646899999999999));
#13536=CARTESIAN_POINT('',(0.025825,3.26062210272983E-18,0.06419));
#13537=CARTESIAN_POINT('',(0.025825,-0.0106970652482852,0.06369));
#13538=CARTESIAN_POINT('',(0.0182610326241426,-0.0182610326241426,0.06319));
#13539=CARTESIAN_POINT('',(0.0106970652482852,-0.025825,0.06269));
#13540=CARTESIAN_POINT('',(6.37428658956197E-18,-0.025825,0.06219));
#13541=CARTESIAN_POINT('',(-0.0106970652482852,-0.025825,0.06169));
#13542=CARTESIAN_POINT('',(-0.0182610326241426,-0.0182610326241426,0.06119));
#13543=CARTESIAN_POINT('',(-0.025825,-0.0106970652482852,0.06069));
#13544=CARTESIAN_POINT('',(-0.025825,-9.48795107639412E-18,0.06019));
#13545=CARTESIAN_POINT('',(-0.025825,0.0106970652482852,0.05969));
#13546=CARTESIAN_POINT('',(-0.0182610326241426,0.0182610326241426,0.05919));
#13547=CARTESIAN_POINT('',(-0.0106970652482852,0.025825,0.05869));
#13548=CARTESIAN_POINT('',(-9.53693694836001E-18,0.025825,0.05819));
#13549=CARTESIAN_POINT('',(0.0106970652482852,0.025825,0.0576899999999999));
#13550=CARTESIAN_POINT('',(0.0182610326241426,0.0182610326241426,0.05719));
#13551=CARTESIAN_POINT('',(0.025825,0.0106970652482852,0.0566900000000001));
#13552=CARTESIAN_POINT('',(0.025825,9.5859228203259E-18,0.05619));
#13553=CARTESIAN_POINT('',(0.025825,-0.0106970652482852,0.05569));
#13554=CARTESIAN_POINT('',(0.0182610326241426,-0.0182610326241426,0.05519));
#13555=CARTESIAN_POINT('',(0.0106970652482852,-0.025825,0.05469));
#13556=CARTESIAN_POINT('',(1.2699587307158E-17,-0.025825,0.05419));
#13557=CARTESIAN_POINT('',(-0.0106970652482852,-0.025825,0.05369));
#13558=CARTESIAN_POINT('',(-0.0182610326241426,-0.0182610326241426,0.05319));
#13559=CARTESIAN_POINT('',(-0.025825,-0.0106970652482852,0.05269));
#13560=CARTESIAN_POINT('',(-0.025825,-1.58132517939902E-17,0.05219));
#13561=CARTESIAN_POINT('',(-0.0253237653717122,0.00506335189360453,0.0679436254125674));
#13562=CARTESIAN_POINT('',(-0.0245269224688985,0.00496861637278018,0.068740512709025));
#13563=CARTESIAN_POINT('',(-0.0247925201316284,0.00500019834007869,0.0684748673863768));
#13564=CARTESIAN_POINT('',(-0.0250581177943583,0.00503178030737719,0.0682092220637286));
#13565=CARTESIAN_POINT('',(-0.0253237154570882,0.0050633622746757,0.0679435767410803));
#13566=CARTESIAN_POINT('',(-0.0253276497388224,0.00504388577463165,0.0599446104994123));
#13567=CARTESIAN_POINT('',(-0.0249986131973607,0.00669612824120937,0.0598610112213368));
#13568=CARTESIAN_POINT('',(-0.0244577115470002,0.0082916205221738,0.0597759626104224));
#13569=CARTESIAN_POINT('',(-0.0245430565232925,0.00488763761897994,0.0607446104994123));
#13570=CARTESIAN_POINT('',(-0.0242242127885364,0.00648869735668013,0.0606610112213367));
#13571=CARTESIAN_POINT('',(-0.0237000670460282,0.00803476490096415,0.0605759626104224));
#13572=CARTESIAN_POINT('',(-0.0244641234197926,0.00827264010602295,0.0597769582403656));
#13573=CARTESIAN_POINT('',(-0.0242178350405872,0.00816667031240963,0.0600456146025154));
#13574=CARTESIAN_POINT('',(-0.0239711528339727,0.00806119312170892,0.0603141746088742));
#13575=CARTESIAN_POINT('',(-0.0237240767999492,0.00795620853392082,0.0605826382594422));
#13576=CARTESIAN_POINT('',(-0.0244641317776696,0.00827265866362293,0.0597769732242995));
#13577=CARTESIAN_POINT('',(-0.025825,-3.16265035879804E-18,0.06819));
#13578=CARTESIAN_POINT('',(-0.025825,0.0106970652482852,0.06769));
#13579=CARTESIAN_POINT('',(-0.0182610326241426,0.0182610326241426,0.06719));
#13580=CARTESIAN_POINT('',(-0.0106970652482852,0.025825,0.06669));
#13581=CARTESIAN_POINT('',(-3.21163623076393E-18,0.025825,0.06619));
#13582=CARTESIAN_POINT('',(0.0106970652482852,0.025825,0.06569));
#13583=CARTESIAN_POINT('',(0.0182610326241426,0.0182610326241426,0.06519));
#13584=CARTESIAN_POINT('',(0.025825,0.0106970652482852,0.0646899999999999));
#13585=CARTESIAN_POINT('',(0.025825,3.26062210272983E-18,0.06419));
#13586=CARTESIAN_POINT('',(0.025825,-0.0106970652482852,0.06369));
#13587=CARTESIAN_POINT('',(0.0182610326241426,-0.0182610326241426,0.06319));
#13588=CARTESIAN_POINT('',(0.0106970652482852,-0.025825,0.06269));
#13589=CARTESIAN_POINT('',(6.37428658956197E-18,-0.025825,0.06219));
#13590=CARTESIAN_POINT('',(-0.0106970652482852,-0.025825,0.06169));
#13591=CARTESIAN_POINT('',(-0.0182610326241426,-0.0182610326241426,0.06119));
#13592=CARTESIAN_POINT('',(-0.025825,-0.0106970652482852,0.06069));
#13593=CARTESIAN_POINT('',(-0.025825,-9.48795107639412E-18,0.06019));
#13594=CARTESIAN_POINT('',(-0.025825,0.0106970652482852,0.05969));
#13595=CARTESIAN_POINT('',(-0.0182610326241426,0.0182610326241426,0.05919));
#13596=CARTESIAN_POINT('',(-0.0106970652482852,0.025825,0.05869));
#13597=CARTESIAN_POINT('',(-9.53693694836001E-18,0.025825,0.05819));
#13598=CARTESIAN_POINT('',(0.0106970652482852,0.025825,0.0576899999999999));
#13599=CARTESIAN_POINT('',(0.0182610326241426,0.0182610326241426,0.05719));
#13600=CARTESIAN_POINT('',(0.025825,0.0106970652482852,0.0566900000000001));
#13601=CARTESIAN_POINT('',(0.025825,9.5859228203259E-18,0.05619));
#13602=CARTESIAN_POINT('',(0.025825,-0.0106970652482852,0.05569));
#13603=CARTESIAN_POINT('',(0.0182610326241426,-0.0182610326241426,0.05519));
#13604=CARTESIAN_POINT('',(0.0106970652482852,-0.025825,0.05469));
#13605=CARTESIAN_POINT('',(1.2699587307158E-17,-0.025825,0.05419));
#13606=CARTESIAN_POINT('',(-0.0106970652482852,-0.025825,0.05369));
#13607=CARTESIAN_POINT('',(-0.0182610326241426,-0.0182610326241426,0.05319));
#13608=CARTESIAN_POINT('',(-0.025825,-0.0106970652482852,0.05269));
#13609=CARTESIAN_POINT('',(-0.025825,-1.58132517939902E-17,0.05219));
#13610=CARTESIAN_POINT('',(-0.0253237653717122,0.00506335189360454,0.0599436254125674));
#13611=CARTESIAN_POINT('',(-0.0245244158073692,0.00496831227236006,0.0607430185330208));
#13612=CARTESIAN_POINT('',(-0.0247908490239422,0.00499999560646529,0.0604765379357073));
#13613=CARTESIAN_POINT('',(-0.0250572822405152,0.00503167894057051,0.0602100573383938));
#13614=CARTESIAN_POINT('',(-0.0253237154570882,0.00506336227467573,0.0599435767410803));
#13615=CARTESIAN_POINT('',(1.87657442805565E-34,-1.53233930743313E-18,0.067));
#13616=CARTESIAN_POINT('',(1.87657442805565E-34,-1.53233930743313E-18,0.0866727141364519));
#13617=CARTESIAN_POINT('',(-0.0086815643775537,-0.0243220283890631,0.0615585295404224));
#13618=CARTESIAN_POINT('',(1.87657442805565E-34,-1.53233930743313E-18,0.0364951189534446));
#13619=CARTESIAN_POINT('',(1.87657442805565E-34,-1.53233930743313E-18,0.0366565679423888));
#13620=CARTESIAN_POINT('',(-0.00464261220163664,-0.025404266904306,0.0617712266598361));
#13621=CARTESIAN_POINT('',(1.87657442805565E-34,-1.53233930743313E-18,0.0868341374319986));
#13622=CARTESIAN_POINT('',(1.87657442805565E-34,-1.53233930743313E-18,0.067));
#13623=CARTESIAN_POINT('',(1.87657442805565E-34,-1.53233930743313E-18,0.0886727141364523));
#13624=CARTESIAN_POINT('',(0.0243220283890631,-0.00868156437755363,0.0635585295404224));
#13625=CARTESIAN_POINT('',(1.87657442805565E-34,-1.53233930743313E-18,0.038495118953444));
#13626=CARTESIAN_POINT('',(1.87657442805565E-34,-1.53233930743313E-18,0.0386565679423901));
#13627=CARTESIAN_POINT('',(0.025404266904306,-0.00464261220163661,0.063771226659836));
#13628=CARTESIAN_POINT('',(1.87657442805565E-34,-1.53233930743313E-18,0.088834137431999));
#13629=CARTESIAN_POINT('',(1.87657442805565E-34,-1.53233930743313E-18,0.067));
#13630=CARTESIAN_POINT('',(1.87657442805565E-34,-1.53233930743313E-18,0.0906727141364535));
#13631=CARTESIAN_POINT('',(0.00868156437755362,0.0243220283890631,0.0655585295404224));
#13632=CARTESIAN_POINT('',(1.87657442805565E-34,-1.53233930743313E-18,0.0404951189534449));
#13633=CARTESIAN_POINT('',(1.87657442805565E-34,-1.53233930743313E-18,0.0406565679423901));
#13634=CARTESIAN_POINT('',(0.00464261220163659,0.025404266904306,0.0657712266598361));
#13635=CARTESIAN_POINT('',(1.87657442805565E-34,-1.53233930743313E-18,0.0908341374320006));
#13636=CARTESIAN_POINT('',(1.87657442805565E-34,-1.53233930743313E-18,0.067));
#13637=CARTESIAN_POINT('',(1.87657442805565E-34,-1.53233930743313E-18,0.0926727141364533));
#13638=CARTESIAN_POINT('',(-0.0243220283890631,0.00868156437755365,0.0675585295404224));
#13639=CARTESIAN_POINT('',(1.87657442805565E-34,-1.53233930743313E-18,0.0424951189534443));
#13640=CARTESIAN_POINT('',(1.87657442805565E-34,-1.53233930743313E-18,0.0426565679423898));
#13641=CARTESIAN_POINT('',(-0.025404266904306,0.00464261220163654,0.0677712266598361));
#13642=CARTESIAN_POINT('',(1.87657442805565E-34,-1.53233930743313E-18,0.0928341374319975));
#13643=CARTESIAN_POINT('',(1.87657442805565E-34,-1.53233930743313E-18,0.067));
#13644=CARTESIAN_POINT('',(1.87657442805565E-34,-1.53233930743313E-18,0.0846727141364516));
#13645=CARTESIAN_POINT('',(-0.0243220283890631,0.00868156437755367,0.0595585295404225));
#13646=CARTESIAN_POINT('',(1.87657442805565E-34,-1.53233930743313E-18,0.0344951189534439));
#13647=CARTESIAN_POINT('',(1.87657442805565E-34,-1.53233930743313E-18,0.0346565679423909));
#13648=CARTESIAN_POINT('',(-0.025404266904306,0.00464261220163656,0.0597712266598361));
#13649=CARTESIAN_POINT('',(1.87657442805565E-34,-1.53233930743313E-18,0.0848341374319979));
#13650=CARTESIAN_POINT('',(-0.00489190589675749,-0.0245422061293859,0.0667543876237279));
#13651=CARTESIAN_POINT('',(-0.00649295754237391,-0.0242230745099662,0.0666707829840411));
#13652=CARTESIAN_POINT('',(-0.00803897764571626,-0.0236986384294894,0.0665857308605312));
#13653=CARTESIAN_POINT('',(-0.00504829050084963,-0.0253267721594962,0.0675543876237279));
#13654=CARTESIAN_POINT('',(-0.00670052461665559,-0.0249974385302648,0.067470782984041));
#13655=CARTESIAN_POINT('',(-0.00829596794008481,-0.0244562372604022,0.0673857308605312));
#13656=CARTESIAN_POINT('',(1.58132517939902E-18,-0.025825,0.0678));
#13657=CARTESIAN_POINT('',(-0.0106970652482852,-0.025825,0.0673));
#13658=CARTESIAN_POINT('',(-0.0182610326241426,-0.0182610326241426,0.0668));
#13659=CARTESIAN_POINT('',(-0.025825,-0.0106970652482852,0.0663));
#13660=CARTESIAN_POINT('',(-0.025825,-1.63031105136491E-18,0.0658));
#13661=CARTESIAN_POINT('',(-0.025825,0.0106970652482852,0.0653));
#13662=CARTESIAN_POINT('',(-0.0182610326241426,0.0182610326241426,0.0648));
#13663=CARTESIAN_POINT('',(-0.0106970652482852,0.025825,0.0643000000000001));
#13664=CARTESIAN_POINT('',(-1.67929692333081E-18,0.025825,0.0638));
#13665=CARTESIAN_POINT('',(0.0106970652482852,0.025825,0.0633));
#13666=CARTESIAN_POINT('',(0.0182610326241426,0.0182610326241426,0.0628));
#13667=CARTESIAN_POINT('',(0.025825,0.0106970652482852,0.0623));
#13668=CARTESIAN_POINT('',(0.025825,4.79296141016295E-18,0.0618));
#13669=CARTESIAN_POINT('',(0.025825,-0.0106970652482852,0.0613));
#13670=CARTESIAN_POINT('',(0.0182610326241426,-0.0182610326241426,0.0608));
#13671=CARTESIAN_POINT('',(0.0106970652482852,-0.025825,0.0603));
#13672=CARTESIAN_POINT('',(7.9066258969951E-18,-0.025825,0.0598));
#13673=CARTESIAN_POINT('',(-0.0106970652482852,-0.025825,0.0593));
#13674=CARTESIAN_POINT('',(-0.0182610326241426,-0.0182610326241426,0.0588));
#13675=CARTESIAN_POINT('',(-0.025825,-0.0106970652482852,0.0583));
#13676=CARTESIAN_POINT('',(-0.025825,-7.95561176896099E-18,0.0578));
#13677=CARTESIAN_POINT('',(-0.025825,0.0106970652482852,0.0573000000000001));
#13678=CARTESIAN_POINT('',(-0.0182610326241426,0.0182610326241426,0.0568));
#13679=CARTESIAN_POINT('',(-0.0106970652482852,0.025825,0.0563));
#13680=CARTESIAN_POINT('',(-8.00459764092689E-18,0.025825,0.0558));
#13681=CARTESIAN_POINT('',(0.0106970652482852,0.025825,0.0553));
#13682=CARTESIAN_POINT('',(0.0182610326241426,0.0182610326241426,0.0548));
#13683=CARTESIAN_POINT('',(0.025825,0.0106970652482852,0.0543));
#13684=CARTESIAN_POINT('',(0.025825,1.1118262127759E-17,0.0538));
#13685=CARTESIAN_POINT('',(0.025825,-0.0106970652482852,0.0533));
#13686=CARTESIAN_POINT('',(0.0182610326241426,-0.0182610326241426,0.0528));
#13687=CARTESIAN_POINT('',(0.0106970652482852,-0.025825,0.0523));
#13688=CARTESIAN_POINT('',(1.42319266145912E-17,-0.025825,0.0518));
#13689=CARTESIAN_POINT('',(-0.00506776699564804,-0.0253228821953154,0.067553401943533));
#13690=CARTESIAN_POINT('',(-0.00827700676934402,-0.0244626610151111,0.0673867415104881));
#13691=CARTESIAN_POINT('',(-0.00795964604338581,-0.023722881464918,0.0665874039981847));
#13692=CARTESIAN_POINT('',(-0.00806542172439225,-0.023969462037127,0.0668538659628313));
#13693=CARTESIAN_POINT('',(-0.00817119740539868,-0.024216042609336,0.067120327927478));
#13694=CARTESIAN_POINT('',(-0.00827697308640512,-0.0244626231815451,0.0673867898921246));
#13695=CARTESIAN_POINT('',(-0.00506776109232152,-0.0253228681814964,0.0675534165208714));
#13696=CARTESIAN_POINT('',(-0.00503638222197465,-0.0250565671330023,0.0672847555789983));
#13697=CARTESIAN_POINT('',(-0.00500438544867823,-0.0247901936672726,0.0670162117731826));
#13698=CARTESIAN_POINT('',(-0.00497177077243223,-0.0245237477843073,0.0667477851034243));
#13699=CARTESIAN_POINT('',(-0.0048919058967575,-0.0245422061293859,0.0587543876237279));
#13700=CARTESIAN_POINT('',(-0.00649295754237398,-0.0242230745099662,0.0586707829840411));
#13701=CARTESIAN_POINT('',(-0.00803897764571639,-0.0236986384294894,0.0585857308605312));
#13702=CARTESIAN_POINT('',(-0.00504829050084965,-0.0253267721594962,0.0595543876237279));
#13703=CARTESIAN_POINT('',(-0.00670052461665567,-0.0249974385302648,0.059470782984041));
#13704=CARTESIAN_POINT('',(-0.00829596794008495,-0.0244562372604022,0.0593857308605312));
#13705=CARTESIAN_POINT('',(1.58132517939902E-18,-0.025825,0.0678));
#13706=CARTESIAN_POINT('',(-0.0106970652482852,-0.025825,0.0673));
#13707=CARTESIAN_POINT('',(-0.0182610326241426,-0.0182610326241426,0.0668));
#13708=CARTESIAN_POINT('',(-0.025825,-0.0106970652482852,0.0663));
#13709=CARTESIAN_POINT('',(-0.025825,-1.63031105136491E-18,0.0658));
#13710=CARTESIAN_POINT('',(-0.025825,0.0106970652482852,0.0653));
#13711=CARTESIAN_POINT('',(-0.0182610326241426,0.0182610326241426,0.0648));
#13712=CARTESIAN_POINT('',(-0.0106970652482852,0.025825,0.0643000000000001));
#13713=CARTESIAN_POINT('',(-1.67929692333081E-18,0.025825,0.0638));
#13714=CARTESIAN_POINT('',(0.0106970652482852,0.025825,0.0633));
#13715=CARTESIAN_POINT('',(0.0182610326241426,0.0182610326241426,0.0628));
#13716=CARTESIAN_POINT('',(0.025825,0.0106970652482852,0.0623));
#13717=CARTESIAN_POINT('',(0.025825,4.79296141016295E-18,0.0618));
#13718=CARTESIAN_POINT('',(0.025825,-0.0106970652482852,0.0613));
#13719=CARTESIAN_POINT('',(0.0182610326241426,-0.0182610326241426,0.0608));
#13720=CARTESIAN_POINT('',(0.0106970652482852,-0.025825,0.0603));
#13721=CARTESIAN_POINT('',(7.9066258969951E-18,-0.025825,0.0598));
#13722=CARTESIAN_POINT('',(-0.0106970652482852,-0.025825,0.0593));
#13723=CARTESIAN_POINT('',(-0.0182610326241426,-0.0182610326241426,0.0588));
#13724=CARTESIAN_POINT('',(-0.025825,-0.0106970652482852,0.0583));
#13725=CARTESIAN_POINT('',(-0.025825,-7.95561176896099E-18,0.0578));
#13726=CARTESIAN_POINT('',(-0.025825,0.0106970652482852,0.0573000000000001));
#13727=CARTESIAN_POINT('',(-0.0182610326241426,0.0182610326241426,0.0568));
#13728=CARTESIAN_POINT('',(-0.0106970652482852,0.025825,0.0563));
#13729=CARTESIAN_POINT('',(-8.00459764092689E-18,0.025825,0.0558));
#13730=CARTESIAN_POINT('',(0.0106970652482852,0.025825,0.0553));
#13731=CARTESIAN_POINT('',(0.0182610326241426,0.0182610326241426,0.0548));
#13732=CARTESIAN_POINT('',(0.025825,0.0106970652482852,0.0543));
#13733=CARTESIAN_POINT('',(0.025825,1.1118262127759E-17,0.0538));
#13734=CARTESIAN_POINT('',(0.025825,-0.0106970652482852,0.0533));
#13735=CARTESIAN_POINT('',(0.0182610326241426,-0.0182610326241426,0.0528));
#13736=CARTESIAN_POINT('',(0.0106970652482852,-0.025825,0.0523));
#13737=CARTESIAN_POINT('',(1.42319266145912E-17,-0.025825,0.0518));
#13738=CARTESIAN_POINT('',(-0.00506776699564809,-0.0253228821953153,0.0595534019435329));
#13739=CARTESIAN_POINT('',(-0.00827700676934401,-0.0244626610151111,0.0593867415104881));
#13740=CARTESIAN_POINT('',(-0.00796063619721979,-0.0237252049159242,0.0585899102341032));
#13741=CARTESIAN_POINT('',(-0.00806608182694827,-0.0239710110044645,0.058855536786777));
#13742=CARTESIAN_POINT('',(-0.00817152745667676,-0.0242168170930047,0.0591211633394509));
#13743=CARTESIAN_POINT('',(-0.00827697308640524,-0.024462623181545,0.0593867898921247));
#13744=CARTESIAN_POINT('',(-0.00506776109232154,-0.0253228681814963,0.0595534165208713));
#13745=CARTESIAN_POINT('',(-0.00503647527640917,-0.0250573568521093,0.0592855522963988));
#13746=CARTESIAN_POINT('',(-0.00500457521676971,-0.0247917735332027,0.0590178045131127));
#13747=CARTESIAN_POINT('',(-0.00497206091340314,-0.0245261182247764,0.0587501731710129));
#13748=CARTESIAN_POINT('',(0.0245422061293859,-0.00489190589675748,0.0607543876237279));
#13749=CARTESIAN_POINT('',(0.0242230745099662,-0.0064929575423739,0.0606707829840411));
#13750=CARTESIAN_POINT('',(0.0236986384294894,-0.00803897764571625,0.0605857308605312));
#13751=CARTESIAN_POINT('',(0.0253267721594962,-0.00504829050084963,0.0615543876237279));
#13752=CARTESIAN_POINT('',(0.0249974385302648,-0.00670052461665559,0.0614707829840411));
#13753=CARTESIAN_POINT('',(0.0244562372604022,-0.00829596794008481,0.0613857308605312));
#13754=CARTESIAN_POINT('',(1.58132517939902E-18,-0.025825,0.0678));
#13755=CARTESIAN_POINT('',(-0.0106970652482852,-0.025825,0.0673));
#13756=CARTESIAN_POINT('',(-0.0182610326241426,-0.0182610326241426,0.0668));
#13757=CARTESIAN_POINT('',(-0.025825,-0.0106970652482852,0.0663));
#13758=CARTESIAN_POINT('',(-0.025825,-1.63031105136491E-18,0.0658));
#13759=CARTESIAN_POINT('',(-0.025825,0.0106970652482852,0.0653));
#13760=CARTESIAN_POINT('',(-0.0182610326241426,0.0182610326241426,0.0648));
#13761=CARTESIAN_POINT('',(-0.0106970652482852,0.025825,0.0643000000000001));
#13762=CARTESIAN_POINT('',(-1.67929692333081E-18,0.025825,0.0638));
#13763=CARTESIAN_POINT('',(0.0106970652482852,0.025825,0.0633));
#13764=CARTESIAN_POINT('',(0.0182610326241426,0.0182610326241426,0.0628));
#13765=CARTESIAN_POINT('',(0.025825,0.0106970652482852,0.0623));
#13766=CARTESIAN_POINT('',(0.025825,4.79296141016295E-18,0.0618));
#13767=CARTESIAN_POINT('',(0.025825,-0.0106970652482852,0.0613));
#13768=CARTESIAN_POINT('',(0.0182610326241426,-0.0182610326241426,0.0608));
#13769=CARTESIAN_POINT('',(0.0106970652482852,-0.025825,0.0603));
#13770=CARTESIAN_POINT('',(7.9066258969951E-18,-0.025825,0.0598));
#13771=CARTESIAN_POINT('',(-0.0106970652482852,-0.025825,0.0593));
#13772=CARTESIAN_POINT('',(-0.0182610326241426,-0.0182610326241426,0.0588));
#13773=CARTESIAN_POINT('',(-0.025825,-0.0106970652482852,0.0583));
#13774=CARTESIAN_POINT('',(-0.025825,-7.95561176896099E-18,0.0578));
#13775=CARTESIAN_POINT('',(-0.025825,0.0106970652482852,0.0573000000000001));
#13776=CARTESIAN_POINT('',(-0.0182610326241426,0.0182610326241426,0.0568));
#13777=CARTESIAN_POINT('',(-0.0106970652482852,0.025825,0.0563));
#13778=CARTESIAN_POINT('',(-8.00459764092689E-18,0.025825,0.0558));
#13779=CARTESIAN_POINT('',(0.0106970652482852,0.025825,0.0553));
#13780=CARTESIAN_POINT('',(0.0182610326241426,0.0182610326241426,0.0548));
#13781=CARTESIAN_POINT('',(0.025825,0.0106970652482852,0.0543));
#13782=CARTESIAN_POINT('',(0.025825,1.1118262127759E-17,0.0538));
#13783=CARTESIAN_POINT('',(0.025825,-0.0106970652482852,0.0533));
#13784=CARTESIAN_POINT('',(0.0182610326241426,-0.0182610326241426,0.0528));
#13785=CARTESIAN_POINT('',(0.0106970652482852,-0.025825,0.0523));
#13786=CARTESIAN_POINT('',(1.42319266145912E-17,-0.025825,0.0518));
#13787=CARTESIAN_POINT('',(0.0253228821953154,-0.00506776699564803,0.0615534019435329));
#13788=CARTESIAN_POINT('',(0.0244626610151111,-0.00827700676934402,0.0613867415104881));
#13789=CARTESIAN_POINT('',(0.023722881464918,-0.00795964604338585,0.0605874039981847));
#13790=CARTESIAN_POINT('',(0.023969462037127,-0.00806542172439228,0.0608538659628314));
#13791=CARTESIAN_POINT('',(0.024216042609336,-0.00817119740539871,0.061120327927478));
#13792=CARTESIAN_POINT('',(0.0244626231815451,-0.00827697308640513,0.0613867898921246));
#13793=CARTESIAN_POINT('',(0.0253228681814963,-0.00506776109232151,0.0615534165208713));
#13794=CARTESIAN_POINT('',(0.0250565671330039,-0.00503638222197485,0.0612847555789999));
#13795=CARTESIAN_POINT('',(0.0247901936672742,-0.00500438544867842,0.0610162117731842));
#13796=CARTESIAN_POINT('',(0.0245237477843073,-0.00497177077243222,0.0607477851034242));
#13797=CARTESIAN_POINT('',(0.00489190589675748,0.0245422061293859,0.0627543876237279));
#13798=CARTESIAN_POINT('',(0.0064929575423739,0.0242230745099662,0.062670782984041));
#13799=CARTESIAN_POINT('',(0.00803897764571625,0.0236986384294894,0.0625857308605312));
#13800=CARTESIAN_POINT('',(0.00504829050084963,0.0253267721594962,0.0635543876237279));
#13801=CARTESIAN_POINT('',(0.00670052461665559,0.0249974385302648,0.0634707829840411));
#13802=CARTESIAN_POINT('',(0.00829596794008481,0.0244562372604022,0.0633857308605312));
#13803=CARTESIAN_POINT('',(1.58132517939902E-18,-0.025825,0.0678));
#13804=CARTESIAN_POINT('',(-0.0106970652482852,-0.025825,0.0673));
#13805=CARTESIAN_POINT('',(-0.0182610326241426,-0.0182610326241426,0.0668));
#13806=CARTESIAN_POINT('',(-0.025825,-0.0106970652482852,0.0663));
#13807=CARTESIAN_POINT('',(-0.025825,-1.63031105136491E-18,0.0658));
#13808=CARTESIAN_POINT('',(-0.025825,0.0106970652482852,0.0653));
#13809=CARTESIAN_POINT('',(-0.0182610326241426,0.0182610326241426,0.0648));
#13810=CARTESIAN_POINT('',(-0.0106970652482852,0.025825,0.0643000000000001));
#13811=CARTESIAN_POINT('',(-1.67929692333081E-18,0.025825,0.0638));
#13812=CARTESIAN_POINT('',(0.0106970652482852,0.025825,0.0633));
#13813=CARTESIAN_POINT('',(0.0182610326241426,0.0182610326241426,0.0628));
#13814=CARTESIAN_POINT('',(0.025825,0.0106970652482852,0.0623));
#13815=CARTESIAN_POINT('',(0.025825,4.79296141016295E-18,0.0618));
#13816=CARTESIAN_POINT('',(0.025825,-0.0106970652482852,0.0613));
#13817=CARTESIAN_POINT('',(0.0182610326241426,-0.0182610326241426,0.0608));
#13818=CARTESIAN_POINT('',(0.0106970652482852,-0.025825,0.0603));
#13819=CARTESIAN_POINT('',(7.9066258969951E-18,-0.025825,0.0598));
#13820=CARTESIAN_POINT('',(-0.0106970652482852,-0.025825,0.0593));
#13821=CARTESIAN_POINT('',(-0.0182610326241426,-0.0182610326241426,0.0588));
#13822=CARTESIAN_POINT('',(-0.025825,-0.0106970652482852,0.0583));
#13823=CARTESIAN_POINT('',(-0.025825,-7.95561176896099E-18,0.0578));
#13824=CARTESIAN_POINT('',(-0.025825,0.0106970652482852,0.0573000000000001));
#13825=CARTESIAN_POINT('',(-0.0182610326241426,0.0182610326241426,0.0568));
#13826=CARTESIAN_POINT('',(-0.0106970652482852,0.025825,0.0563));
#13827=CARTESIAN_POINT('',(-8.00459764092689E-18,0.025825,0.0558));
#13828=CARTESIAN_POINT('',(0.0106970652482852,0.025825,0.0553));
#13829=CARTESIAN_POINT('',(0.0182610326241426,0.0182610326241426,0.0548));
#13830=CARTESIAN_POINT('',(0.025825,0.0106970652482852,0.0543));
#13831=CARTESIAN_POINT('',(0.025825,1.1118262127759E-17,0.0538));
#13832=CARTESIAN_POINT('',(0.025825,-0.0106970652482852,0.0533));
#13833=CARTESIAN_POINT('',(0.0182610326241426,-0.0182610326241426,0.0528));
#13834=CARTESIAN_POINT('',(0.0106970652482852,-0.025825,0.0523));
#13835=CARTESIAN_POINT('',(1.42319266145912E-17,-0.025825,0.0518));
#13836=CARTESIAN_POINT('',(0.00506776699564803,0.0253228821953154,0.0635534019435329));
#13837=CARTESIAN_POINT('',(0.00827700676934401,0.0244626610151111,0.0633867415104881));
#13838=CARTESIAN_POINT('',(0.00795964604338585,0.023722881464918,0.0625874039981847));
#13839=CARTESIAN_POINT('',(0.00806542172439228,0.023969462037127,0.0628538659628314));
#13840=CARTESIAN_POINT('',(0.0081711974053987,0.024216042609336,0.063120327927478));
#13841=CARTESIAN_POINT('',(0.00827697308640513,0.0244626231815451,0.0633867898921246));
#13842=CARTESIAN_POINT('',(0.00506776109232151,0.0253228681814963,0.0635534165208713));
#13843=CARTESIAN_POINT('',(0.00503638222197487,0.025056567133004,0.0632847555790001));
#13844=CARTESIAN_POINT('',(0.00500438544867844,0.0247901936672743,0.0630162117731844));
#13845=CARTESIAN_POINT('',(0.00497177077243223,0.0245237477843072,0.0627477851034243));
#13846=CARTESIAN_POINT('',(-0.0245422061293859,0.00489190589675749,0.0647543876237279));
#13847=CARTESIAN_POINT('',(-0.0242230745099662,0.0064929575423739,0.0646707829840411));
#13848=CARTESIAN_POINT('',(-0.0236986384294894,0.00803897764571625,0.0645857308605312));
#13849=CARTESIAN_POINT('',(-0.0253267721594962,0.00504829050084964,0.0655543876237279));
#13850=CARTESIAN_POINT('',(-0.0249974385302648,0.00670052461665559,0.065470782984041));
#13851=CARTESIAN_POINT('',(-0.0244562372604022,0.0082959679400848,0.0653857308605312));
#13852=CARTESIAN_POINT('',(1.58132517939902E-18,-0.025825,0.0678));
#13853=CARTESIAN_POINT('',(-0.0106970652482852,-0.025825,0.0673));
#13854=CARTESIAN_POINT('',(-0.0182610326241426,-0.0182610326241426,0.0668));
#13855=CARTESIAN_POINT('',(-0.025825,-0.0106970652482852,0.0663));
#13856=CARTESIAN_POINT('',(-0.025825,-1.63031105136491E-18,0.0658));
#13857=CARTESIAN_POINT('',(-0.025825,0.0106970652482852,0.0653));
#13858=CARTESIAN_POINT('',(-0.0182610326241426,0.0182610326241426,0.0648));
#13859=CARTESIAN_POINT('',(-0.0106970652482852,0.025825,0.0643000000000001));
#13860=CARTESIAN_POINT('',(-1.67929692333081E-18,0.025825,0.0638));
#13861=CARTESIAN_POINT('',(0.0106970652482852,0.025825,0.0633));
#13862=CARTESIAN_POINT('',(0.0182610326241426,0.0182610326241426,0.0628));
#13863=CARTESIAN_POINT('',(0.025825,0.0106970652482852,0.0623));
#13864=CARTESIAN_POINT('',(0.025825,4.79296141016295E-18,0.0618));
#13865=CARTESIAN_POINT('',(0.025825,-0.0106970652482852,0.0613));
#13866=CARTESIAN_POINT('',(0.0182610326241426,-0.0182610326241426,0.0608));
#13867=CARTESIAN_POINT('',(0.0106970652482852,-0.025825,0.0603));
#13868=CARTESIAN_POINT('',(7.9066258969951E-18,-0.025825,0.0598));
#13869=CARTESIAN_POINT('',(-0.0106970652482852,-0.025825,0.0593));
#13870=CARTESIAN_POINT('',(-0.0182610326241426,-0.0182610326241426,0.0588));
#13871=CARTESIAN_POINT('',(-0.025825,-0.0106970652482852,0.0583));
#13872=CARTESIAN_POINT('',(-0.025825,-7.95561176896099E-18,0.0578));
#13873=CARTESIAN_POINT('',(-0.025825,0.0106970652482852,0.0573000000000001));
#13874=CARTESIAN_POINT('',(-0.0182610326241426,0.0182610326241426,0.0568));
#13875=CARTESIAN_POINT('',(-0.0106970652482852,0.025825,0.0563));
#13876=CARTESIAN_POINT('',(-8.00459764092689E-18,0.025825,0.0558));
#13877=CARTESIAN_POINT('',(0.0106970652482852,0.025825,0.0553));
#13878=CARTESIAN_POINT('',(0.0182610326241426,0.0182610326241426,0.0548));
#13879=CARTESIAN_POINT('',(0.025825,0.0106970652482852,0.0543));
#13880=CARTESIAN_POINT('',(0.025825,1.1118262127759E-17,0.0538));
#13881=CARTESIAN_POINT('',(0.025825,-0.0106970652482852,0.0533));
#13882=CARTESIAN_POINT('',(0.0182610326241426,-0.0182610326241426,0.0528));
#13883=CARTESIAN_POINT('',(0.0106970652482852,-0.025825,0.0523));
#13884=CARTESIAN_POINT('',(1.42319266145912E-17,-0.025825,0.0518));
#13885=CARTESIAN_POINT('',(-0.0253228821953153,0.00506776699564803,0.0655534019435329));
#13886=CARTESIAN_POINT('',(-0.0244626610151111,0.00827700676934401,0.0653867415104881));
#13887=CARTESIAN_POINT('',(-0.0237228814649179,0.00795964604338585,0.0645874039981847));
#13888=CARTESIAN_POINT('',(-0.023969462037127,0.00806542172439227,0.0648538659628314));
#13889=CARTESIAN_POINT('',(-0.024216042609336,0.00817119740539868,0.065120327927478));
#13890=CARTESIAN_POINT('',(-0.0244626231815451,0.00827697308640509,0.0653867898921246));
#13891=CARTESIAN_POINT('',(-0.0253228681814963,0.00506776109232151,0.0655534165208713));
#13892=CARTESIAN_POINT('',(-0.0250565671330021,0.00503638222197464,0.065284755578998));
#13893=CARTESIAN_POINT('',(-0.0247901936672724,0.00500438544867821,0.0650162117731824));
#13894=CARTESIAN_POINT('',(-0.0245237477843073,0.00497177077243223,0.0647477851034242));
#13895=CARTESIAN_POINT('',(-0.00504388577463162,-0.0253276497388224,0.0679446104994123));
#13896=CARTESIAN_POINT('',(-0.00669612824120935,-0.0249986131973607,0.0678610112213367));
#13897=CARTESIAN_POINT('',(-0.00829162052217379,-0.0244577115470002,0.0677759626104224));
#13898=CARTESIAN_POINT('',(-0.00488763761897991,-0.0245430565232925,0.0687446104994123));
#13899=CARTESIAN_POINT('',(-0.00648869735668011,-0.0242242127885364,0.0686610112213367));
#13900=CARTESIAN_POINT('',(-0.00803476490096415,-0.0237000670460283,0.0685759626104224));
#13901=CARTESIAN_POINT('',(-0.0082726401060229,-0.0244641234197926,0.0677769582403656));
#13902=CARTESIAN_POINT('',(-0.00816698361879469,-0.0242185632077296,0.0680448203030192));
#13903=CARTESIAN_POINT('',(-0.0080618168255107,-0.0239726114925043,0.0683125865799574));
#13904=CARTESIAN_POINT('',(-0.00795713972617091,-0.023726268274117,0.06858025707118));
#13905=CARTESIAN_POINT('',(-0.00827265866362294,-0.0244641317776696,0.0677769732242995));
#13906=CARTESIAN_POINT('',(1.58132517939902E-18,-0.025825,0.06819));
#13907=CARTESIAN_POINT('',(-0.0106970652482852,-0.025825,0.06769));
#13908=CARTESIAN_POINT('',(-0.0182610326241426,-0.0182610326241426,0.06719));
#13909=CARTESIAN_POINT('',(-0.025825,-0.0106970652482852,0.06669));
#13910=CARTESIAN_POINT('',(-0.025825,-1.63031105136491E-18,0.06619));
#13911=CARTESIAN_POINT('',(-0.025825,0.0106970652482852,0.06569));
#13912=CARTESIAN_POINT('',(-0.0182610326241426,0.0182610326241426,0.06519));
#13913=CARTESIAN_POINT('',(-0.0106970652482852,0.025825,0.0646899999999999));
#13914=CARTESIAN_POINT('',(-1.67929692333081E-18,0.025825,0.06419));
#13915=CARTESIAN_POINT('',(0.0106970652482852,0.025825,0.06369));
#13916=CARTESIAN_POINT('',(0.0182610326241426,0.0182610326241426,0.06319));
#13917=CARTESIAN_POINT('',(0.025825,0.0106970652482852,0.06269));
#13918=CARTESIAN_POINT('',(0.025825,4.79296141016295E-18,0.06219));
#13919=CARTESIAN_POINT('',(0.025825,-0.0106970652482852,0.06169));
#13920=CARTESIAN_POINT('',(0.0182610326241426,-0.0182610326241426,0.06119));
#13921=CARTESIAN_POINT('',(0.0106970652482852,-0.025825,0.06069));
#13922=CARTESIAN_POINT('',(7.9066258969951E-18,-0.025825,0.06019));
#13923=CARTESIAN_POINT('',(-0.0106970652482852,-0.025825,0.05969));
#13924=CARTESIAN_POINT('',(-0.0182610326241426,-0.0182610326241426,0.05919));
#13925=CARTESIAN_POINT('',(-0.025825,-0.0106970652482852,0.05869));
#13926=CARTESIAN_POINT('',(-0.025825,-7.95561176896099E-18,0.05819));
#13927=CARTESIAN_POINT('',(-0.025825,0.0106970652482852,0.0576899999999999));
#13928=CARTESIAN_POINT('',(-0.0182610326241426,0.0182610326241426,0.05719));
#13929=CARTESIAN_POINT('',(-0.0106970652482852,0.025825,0.0566900000000001));
#13930=CARTESIAN_POINT('',(-8.00459764092689E-18,0.025825,0.05619));
#13931=CARTESIAN_POINT('',(0.0106970652482852,0.025825,0.05569));
#13932=CARTESIAN_POINT('',(0.0182610326241426,0.0182610326241426,0.05519));
#13933=CARTESIAN_POINT('',(0.025825,0.0106970652482852,0.05469));
#13934=CARTESIAN_POINT('',(0.025825,1.1118262127759E-17,0.05419));
#13935=CARTESIAN_POINT('',(0.025825,-0.0106970652482852,0.05369));
#13936=CARTESIAN_POINT('',(0.0182610326241426,-0.0182610326241426,0.05319));
#13937=CARTESIAN_POINT('',(0.0106970652482852,-0.025825,0.05269));
#13938=CARTESIAN_POINT('',(1.42319266145912E-17,-0.025825,0.05219));
#13939=CARTESIAN_POINT('',(-0.00506335189360454,-0.0253237653717122,0.0679436254125674));
#13940=CARTESIAN_POINT('',(-0.00496861637278019,-0.0245269224688985,0.068740512709025));
#13941=CARTESIAN_POINT('',(-0.00500019834007869,-0.0247925201316284,0.0684748673863768));
#13942=CARTESIAN_POINT('',(-0.0050317803073772,-0.0250581177943583,0.0682092220637286));
#13943=CARTESIAN_POINT('',(-0.0050633622746757,-0.0253237154570882,0.0679435767410803));
#13944=CARTESIAN_POINT('',(-0.00504388577463165,-0.0253276497388224,0.0599446104994123));
#13945=CARTESIAN_POINT('',(-0.00669612824120933,-0.0249986131973608,0.0598610112213368));
#13946=CARTESIAN_POINT('',(-0.00829162052217373,-0.0244577115470002,0.0597759626104224));
#13947=CARTESIAN_POINT('',(-0.00488763761897994,-0.0245430565232925,0.0607446104994123));
#13948=CARTESIAN_POINT('',(-0.0064886973566801,-0.0242242127885364,0.0606610112213367));
#13949=CARTESIAN_POINT('',(-0.00803476490096409,-0.0237000670460283,0.0605759626104224));
#13950=CARTESIAN_POINT('',(-0.00827264010602295,-0.0244641234197926,0.0597769582403656));
#13951=CARTESIAN_POINT('',(-0.00816667031240994,-0.0242178350405879,0.0600456146025146));
#13952=CARTESIAN_POINT('',(-0.00806119312170923,-0.0239711528339734,0.0603141746088734));
#13953=CARTESIAN_POINT('',(-0.00795620853392083,-0.0237240767999492,0.0605826382594422));
#13954=CARTESIAN_POINT('',(-0.00827265866362289,-0.0244641317776696,0.0597769732242995));
#13955=CARTESIAN_POINT('',(1.58132517939902E-18,-0.025825,0.06819));
#13956=CARTESIAN_POINT('',(-0.0106970652482852,-0.025825,0.06769));
#13957=CARTESIAN_POINT('',(-0.0182610326241426,-0.0182610326241426,0.06719));
#13958=CARTESIAN_POINT('',(-0.025825,-0.0106970652482852,0.06669));
#13959=CARTESIAN_POINT('',(-0.025825,-1.63031105136491E-18,0.06619));
#13960=CARTESIAN_POINT('',(-0.025825,0.0106970652482852,0.06569));
#13961=CARTESIAN_POINT('',(-0.0182610326241426,0.0182610326241426,0.06519));
#13962=CARTESIAN_POINT('',(-0.0106970652482852,0.025825,0.0646899999999999));
#13963=CARTESIAN_POINT('',(-1.67929692333081E-18,0.025825,0.06419));
#13964=CARTESIAN_POINT('',(0.0106970652482852,0.025825,0.06369));
#13965=CARTESIAN_POINT('',(0.0182610326241426,0.0182610326241426,0.06319));
#13966=CARTESIAN_POINT('',(0.025825,0.0106970652482852,0.06269));
#13967=CARTESIAN_POINT('',(0.025825,4.79296141016295E-18,0.06219));
#13968=CARTESIAN_POINT('',(0.025825,-0.0106970652482852,0.06169));
#13969=CARTESIAN_POINT('',(0.0182610326241426,-0.0182610326241426,0.06119));
#13970=CARTESIAN_POINT('',(0.0106970652482852,-0.025825,0.06069));
#13971=CARTESIAN_POINT('',(7.9066258969951E-18,-0.025825,0.06019));
#13972=CARTESIAN_POINT('',(-0.0106970652482852,-0.025825,0.05969));
#13973=CARTESIAN_POINT('',(-0.0182610326241426,-0.0182610326241426,0.05919));
#13974=CARTESIAN_POINT('',(-0.025825,-0.0106970652482852,0.05869));
#13975=CARTESIAN_POINT('',(-0.025825,-7.95561176896099E-18,0.05819));
#13976=CARTESIAN_POINT('',(-0.025825,0.0106970652482852,0.0576899999999999));
#13977=CARTESIAN_POINT('',(-0.0182610326241426,0.0182610326241426,0.05719));
#13978=CARTESIAN_POINT('',(-0.0106970652482852,0.025825,0.0566900000000001));
#13979=CARTESIAN_POINT('',(-8.00459764092689E-18,0.025825,0.05619));
#13980=CARTESIAN_POINT('',(0.0106970652482852,0.025825,0.05569));
#13981=CARTESIAN_POINT('',(0.0182610326241426,0.0182610326241426,0.05519));
#13982=CARTESIAN_POINT('',(0.025825,0.0106970652482852,0.05469));
#13983=CARTESIAN_POINT('',(0.025825,1.1118262127759E-17,0.05419));
#13984=CARTESIAN_POINT('',(0.025825,-0.0106970652482852,0.05369));
#13985=CARTESIAN_POINT('',(0.0182610326241426,-0.0182610326241426,0.05319));
#13986=CARTESIAN_POINT('',(0.0106970652482852,-0.025825,0.05269));
#13987=CARTESIAN_POINT('',(1.42319266145912E-17,-0.025825,0.05219));
#13988=CARTESIAN_POINT('',(-0.00506335189360454,-0.0253237653717122,0.0599436254125674));
#13989=CARTESIAN_POINT('',(-0.00496831227236007,-0.0245244158073692,0.0607430185330208));
#13990=CARTESIAN_POINT('',(-0.00499999560646529,-0.0247908490239422,0.0604765379357073));
#13991=CARTESIAN_POINT('',(-0.00503167894057051,-0.0250572822405152,0.0602100573383938));
#13992=CARTESIAN_POINT('',(-0.00506336227467573,-0.0253237154570882,0.0599435767410803));
#13993=CARTESIAN_POINT('',(0.0253276497388224,-0.00504388577463164,0.0619446104994123));
#13994=CARTESIAN_POINT('',(0.0249986131973607,-0.00669612824120933,0.0618610112213368));
#13995=CARTESIAN_POINT('',(0.0244577115470002,-0.00829162052217375,0.0617759626104224));
#13996=CARTESIAN_POINT('',(0.0245430565232925,-0.00488763761897993,0.0627446104994123));
#13997=CARTESIAN_POINT('',(0.0242242127885364,-0.0064886973566801,0.0626610112213368));
#13998=CARTESIAN_POINT('',(0.0237000670460283,-0.0080347649009641,0.0625759626104224));
#13999=CARTESIAN_POINT('',(0.0244641234197926,-0.00827264010602294,0.0617769582403656));
#14000=CARTESIAN_POINT('',(0.0242178350405867,-0.00816667031240936,0.0620456146025159));
#14001=CARTESIAN_POINT('',(0.0239711528339723,-0.00806119312170861,0.0623141746088748));
#14002=CARTESIAN_POINT('',(0.0237240767999493,-0.00795620853392071,0.0625826382594423));
#14003=CARTESIAN_POINT('',(0.0244641317776696,-0.00827265866362291,0.0617769732242995));
#14004=CARTESIAN_POINT('',(1.58132517939902E-18,-0.025825,0.06819));
#14005=CARTESIAN_POINT('',(-0.0106970652482852,-0.025825,0.06769));
#14006=CARTESIAN_POINT('',(-0.0182610326241426,-0.0182610326241426,0.06719));
#14007=CARTESIAN_POINT('',(-0.025825,-0.0106970652482852,0.06669));
#14008=CARTESIAN_POINT('',(-0.025825,-1.63031105136491E-18,0.06619));
#14009=CARTESIAN_POINT('',(-0.025825,0.0106970652482852,0.06569));
#14010=CARTESIAN_POINT('',(-0.0182610326241426,0.0182610326241426,0.06519));
#14011=CARTESIAN_POINT('',(-0.0106970652482852,0.025825,0.0646899999999999));
#14012=CARTESIAN_POINT('',(-1.67929692333081E-18,0.025825,0.06419));
#14013=CARTESIAN_POINT('',(0.0106970652482852,0.025825,0.06369));
#14014=CARTESIAN_POINT('',(0.0182610326241426,0.0182610326241426,0.06319));
#14015=CARTESIAN_POINT('',(0.025825,0.0106970652482852,0.06269));
#14016=CARTESIAN_POINT('',(0.025825,4.79296141016295E-18,0.06219));
#14017=CARTESIAN_POINT('',(0.025825,-0.0106970652482852,0.06169));
#14018=CARTESIAN_POINT('',(0.0182610326241426,-0.0182610326241426,0.06119));
#14019=CARTESIAN_POINT('',(0.0106970652482852,-0.025825,0.06069));
#14020=CARTESIAN_POINT('',(7.9066258969951E-18,-0.025825,0.06019));
#14021=CARTESIAN_POINT('',(-0.0106970652482852,-0.025825,0.05969));
#14022=CARTESIAN_POINT('',(-0.0182610326241426,-0.0182610326241426,0.05919));
#14023=CARTESIAN_POINT('',(-0.025825,-0.0106970652482852,0.05869));
#14024=CARTESIAN_POINT('',(-0.025825,-7.95561176896099E-18,0.05819));
#14025=CARTESIAN_POINT('',(-0.025825,0.0106970652482852,0.0576899999999999));
#14026=CARTESIAN_POINT('',(-0.0182610326241426,0.0182610326241426,0.05719));
#14027=CARTESIAN_POINT('',(-0.0106970652482852,0.025825,0.0566900000000001));
#14028=CARTESIAN_POINT('',(-8.00459764092689E-18,0.025825,0.05619));
#14029=CARTESIAN_POINT('',(0.0106970652482852,0.025825,0.05569));
#14030=CARTESIAN_POINT('',(0.0182610326241426,0.0182610326241426,0.05519));
#14031=CARTESIAN_POINT('',(0.025825,0.0106970652482852,0.05469));
#14032=CARTESIAN_POINT('',(0.025825,1.1118262127759E-17,0.05419));
#14033=CARTESIAN_POINT('',(0.025825,-0.0106970652482852,0.05369));
#14034=CARTESIAN_POINT('',(0.0182610326241426,-0.0182610326241426,0.05319));
#14035=CARTESIAN_POINT('',(0.0106970652482852,-0.025825,0.05269));
#14036=CARTESIAN_POINT('',(1.42319266145912E-17,-0.025825,0.05219));
#14037=CARTESIAN_POINT('',(0.0253237653717122,-0.00506335189360452,0.0619436254125674));
#14038=CARTESIAN_POINT('',(0.0245244158073692,-0.00496831227235995,0.0627430185330208));
#14039=CARTESIAN_POINT('',(0.0247908490239422,-0.00499999560646521,0.0624765379357073));
#14040=CARTESIAN_POINT('',(0.0250572822405152,-0.00503167894057047,0.0622100573383938));
#14041=CARTESIAN_POINT('',(0.0253237154570882,-0.00506336227467572,0.0619435767410803));
#14042=CARTESIAN_POINT('',(0.00504388577463163,0.0253276497388224,0.0639446104994123));
#14043=CARTESIAN_POINT('',(0.00669612824120934,0.0249986131973607,0.0638610112213368));
#14044=CARTESIAN_POINT('',(0.00829162052217376,0.0244577115470002,0.0637759626104224));
#14045=CARTESIAN_POINT('',(0.00488763761897992,0.0245430565232925,0.0647446104994123));
#14046=CARTESIAN_POINT('',(0.0064886973566801,0.0242242127885364,0.0646610112213368));
#14047=CARTESIAN_POINT('',(0.00803476490096412,0.0237000670460283,0.0645759626104224));
#14048=CARTESIAN_POINT('',(0.00827264010602294,0.0244641234197926,0.0637769582403656));
#14049=CARTESIAN_POINT('',(0.00816667031240935,0.0242178350405867,0.0640456146025159));
#14050=CARTESIAN_POINT('',(0.0080611931217086,0.0239711528339723,0.0643141746088748));
#14051=CARTESIAN_POINT('',(0.00795620853392069,0.0237240767999493,0.0645826382594422));
#14052=CARTESIAN_POINT('',(0.00827265866362293,0.0244641317776696,0.0637769732242995));
#14053=CARTESIAN_POINT('',(1.58132517939902E-18,-0.025825,0.06819));
#14054=CARTESIAN_POINT('',(-0.0106970652482852,-0.025825,0.06769));
#14055=CARTESIAN_POINT('',(-0.0182610326241426,-0.0182610326241426,0.06719));
#14056=CARTESIAN_POINT('',(-0.025825,-0.0106970652482852,0.06669));
#14057=CARTESIAN_POINT('',(-0.025825,-1.63031105136491E-18,0.06619));
#14058=CARTESIAN_POINT('',(-0.025825,0.0106970652482852,0.06569));
#14059=CARTESIAN_POINT('',(-0.0182610326241426,0.0182610326241426,0.06519));
#14060=CARTESIAN_POINT('',(-0.0106970652482852,0.025825,0.0646899999999999));
#14061=CARTESIAN_POINT('',(-1.67929692333081E-18,0.025825,0.06419));
#14062=CARTESIAN_POINT('',(0.0106970652482852,0.025825,0.06369));
#14063=CARTESIAN_POINT('',(0.0182610326241426,0.0182610326241426,0.06319));
#14064=CARTESIAN_POINT('',(0.025825,0.0106970652482852,0.06269));
#14065=CARTESIAN_POINT('',(0.025825,4.79296141016295E-18,0.06219));
#14066=CARTESIAN_POINT('',(0.025825,-0.0106970652482852,0.06169));
#14067=CARTESIAN_POINT('',(0.0182610326241426,-0.0182610326241426,0.06119));
#14068=CARTESIAN_POINT('',(0.0106970652482852,-0.025825,0.06069));
#14069=CARTESIAN_POINT('',(7.9066258969951E-18,-0.025825,0.06019));
#14070=CARTESIAN_POINT('',(-0.0106970652482852,-0.025825,0.05969));
#14071=CARTESIAN_POINT('',(-0.0182610326241426,-0.0182610326241426,0.05919));
#14072=CARTESIAN_POINT('',(-0.025825,-0.0106970652482852,0.05869));
#14073=CARTESIAN_POINT('',(-0.025825,-7.95561176896099E-18,0.05819));
#14074=CARTESIAN_POINT('',(-0.025825,0.0106970652482852,0.0576899999999999));
#14075=CARTESIAN_POINT('',(-0.0182610326241426,0.0182610326241426,0.05719));
#14076=CARTESIAN_POINT('',(-0.0106970652482852,0.025825,0.0566900000000001));
#14077=CARTESIAN_POINT('',(-8.00459764092689E-18,0.025825,0.05619));
#14078=CARTESIAN_POINT('',(0.0106970652482852,0.025825,0.05569));
#14079=CARTESIAN_POINT('',(0.0182610326241426,0.0182610326241426,0.05519));
#14080=CARTESIAN_POINT('',(0.025825,0.0106970652482852,0.05469));
#14081=CARTESIAN_POINT('',(0.025825,1.1118262127759E-17,0.05419));
#14082=CARTESIAN_POINT('',(0.025825,-0.0106970652482852,0.05369));
#14083=CARTESIAN_POINT('',(0.0182610326241426,-0.0182610326241426,0.05319));
#14084=CARTESIAN_POINT('',(0.0106970652482852,-0.025825,0.05269));
#14085=CARTESIAN_POINT('',(1.42319266145912E-17,-0.025825,0.05219));
#14086=CARTESIAN_POINT('',(0.00506335189360452,0.0253237653717122,0.0639436254125674));
#14087=CARTESIAN_POINT('',(0.00496831227235995,0.0245244158073692,0.0647430185330208));
#14088=CARTESIAN_POINT('',(0.00499999560646521,0.0247908490239422,0.0644765379357073));
#14089=CARTESIAN_POINT('',(0.00503167894057046,0.0250572822405152,0.0642100573383938));
#14090=CARTESIAN_POINT('',(0.00506336227467572,0.0253237154570882,0.0639435767410803));
#14091=CARTESIAN_POINT('',(-0.0253276497388224,0.00504388577463165,0.0659446104994123));
#14092=CARTESIAN_POINT('',(-0.0249986131973607,0.00669612824120936,0.0658610112213368));
#14093=CARTESIAN_POINT('',(-0.0244577115470002,0.00829162052217379,0.0657759626104224));
#14094=CARTESIAN_POINT('',(-0.0245430565232925,0.00488763761897995,0.0667446104994123));
#14095=CARTESIAN_POINT('',(-0.0242242127885364,0.00648869735668013,0.0666610112213368));
#14096=CARTESIAN_POINT('',(-0.0237000670460282,0.00803476490096415,0.0665759626104224));
#14097=CARTESIAN_POINT('',(-0.0244641234197926,0.00827264010602289,0.0657769582403656));
#14098=CARTESIAN_POINT('',(-0.0242178350405873,0.0081666703124096,0.0660456146025152));
#14099=CARTESIAN_POINT('',(-0.0239711528339729,0.00806119312170886,0.0663141746088741));
#14100=CARTESIAN_POINT('',(-0.0237240767999493,0.00795620853392069,0.0665826382594422));
#14101=CARTESIAN_POINT('',(-0.0244641317776696,0.00827265866362293,0.0657769732242995));
#14102=CARTESIAN_POINT('',(1.58132517939902E-18,-0.025825,0.06819));
#14103=CARTESIAN_POINT('',(-0.0106970652482852,-0.025825,0.06769));
#14104=CARTESIAN_POINT('',(-0.0182610326241426,-0.0182610326241426,0.06719));
#14105=CARTESIAN_POINT('',(-0.025825,-0.0106970652482852,0.06669));
#14106=CARTESIAN_POINT('',(-0.025825,-1.63031105136491E-18,0.06619));
#14107=CARTESIAN_POINT('',(-0.025825,0.0106970652482852,0.06569));
#14108=CARTESIAN_POINT('',(-0.0182610326241426,0.0182610326241426,0.06519));
#14109=CARTESIAN_POINT('',(-0.0106970652482852,0.025825,0.0646899999999999));
#14110=CARTESIAN_POINT('',(-1.67929692333081E-18,0.025825,0.06419));
#14111=CARTESIAN_POINT('',(0.0106970652482852,0.025825,0.06369));
#14112=CARTESIAN_POINT('',(0.0182610326241426,0.0182610326241426,0.06319));
#14113=CARTESIAN_POINT('',(0.025825,0.0106970652482852,0.06269));
#14114=CARTESIAN_POINT('',(0.025825,4.79296141016295E-18,0.06219));
#14115=CARTESIAN_POINT('',(0.025825,-0.0106970652482852,0.06169));
#14116=CARTESIAN_POINT('',(0.0182610326241426,-0.0182610326241426,0.06119));
#14117=CARTESIAN_POINT('',(0.0106970652482852,-0.025825,0.06069));
#14118=CARTESIAN_POINT('',(7.9066258969951E-18,-0.025825,0.06019));
#14119=CARTESIAN_POINT('',(-0.0106970652482852,-0.025825,0.05969));
#14120=CARTESIAN_POINT('',(-0.0182610326241426,-0.0182610326241426,0.05919));
#14121=CARTESIAN_POINT('',(-0.025825,-0.0106970652482852,0.05869));
#14122=CARTESIAN_POINT('',(-0.025825,-7.95561176896099E-18,0.05819));
#14123=CARTESIAN_POINT('',(-0.025825,0.0106970652482852,0.0576899999999999));
#14124=CARTESIAN_POINT('',(-0.0182610326241426,0.0182610326241426,0.05719));
#14125=CARTESIAN_POINT('',(-0.0106970652482852,0.025825,0.0566900000000001));
#14126=CARTESIAN_POINT('',(-8.00459764092689E-18,0.025825,0.05619));
#14127=CARTESIAN_POINT('',(0.0106970652482852,0.025825,0.05569));
#14128=CARTESIAN_POINT('',(0.0182610326241426,0.0182610326241426,0.05519));
#14129=CARTESIAN_POINT('',(0.025825,0.0106970652482852,0.05469));
#14130=CARTESIAN_POINT('',(0.025825,1.1118262127759E-17,0.05419));
#14131=CARTESIAN_POINT('',(0.025825,-0.0106970652482852,0.05369));
#14132=CARTESIAN_POINT('',(0.0182610326241426,-0.0182610326241426,0.05319));
#14133=CARTESIAN_POINT('',(0.0106970652482852,-0.025825,0.05269));
#14134=CARTESIAN_POINT('',(1.42319266145912E-17,-0.025825,0.05219));
#14135=CARTESIAN_POINT('',(-0.0253237653717122,0.00506335189360453,0.0659436254125674));
#14136=CARTESIAN_POINT('',(-0.0245244158073692,0.00496831227235993,0.0667430185330208));
#14137=CARTESIAN_POINT('',(-0.0247908490239422,0.0049999956064652,0.0664765379357073));
#14138=CARTESIAN_POINT('',(-0.0250572822405152,0.00503167894057046,0.0662100573383938));
#14139=CARTESIAN_POINT('',(-0.0253237154570883,0.00506336227467573,0.0659435767410803));
#14140=CARTESIAN_POINT('',(1.53233930743313E-18,9.38287214027825E-35,0.067));
#14141=CARTESIAN_POINT('',(1.53233930743313E-18,9.38287214027825E-35,0.0926727141364528));
#14142=CARTESIAN_POINT('',(-0.00868156437755361,-0.0243220283890631,0.0675585295404224));
#14143=CARTESIAN_POINT('',(1.53233930743313E-18,9.38287214027825E-35,0.0424951189534437));
#14144=CARTESIAN_POINT('',(1.53233930743313E-18,9.38287214027825E-35,0.0426565679423905));
#14145=CARTESIAN_POINT('',(-0.00464261220163657,-0.025404266904306,0.0677712266598361));
#14146=CARTESIAN_POINT('',(1.53233930743313E-18,9.38287214027825E-35,0.0928341374319988));
#14147=CARTESIAN_POINT('',(1.53233930743313E-18,9.38287214027825E-35,0.067));
#14148=CARTESIAN_POINT('',(1.53233930743313E-18,9.38287214027825E-35,0.0846727141364521));
#14149=CARTESIAN_POINT('',(-0.00868156437755363,-0.0243220283890631,0.0595585295404225));
#14150=CARTESIAN_POINT('',(1.53233930743313E-18,9.38287214027825E-35,0.0344951189534442));
#14151=CARTESIAN_POINT('',(1.53233930743313E-18,9.38287214027825E-35,0.0346565679423903));
#14152=CARTESIAN_POINT('',(-0.00464261220163656,-0.025404266904306,0.0597712266598361));
#14153=CARTESIAN_POINT('',(1.53233930743313E-18,9.38287214027825E-35,0.0848341374319973));
#14154=CARTESIAN_POINT('',(1.53233930743313E-18,9.38287214027825E-35,0.067));
#14155=CARTESIAN_POINT('',(1.53233930743313E-18,9.38287214027825E-35,0.0866727141364531));
#14156=CARTESIAN_POINT('',(0.0243220283890631,-0.00868156437755365,0.0615585295404224));
#14157=CARTESIAN_POINT('',(1.53233930743313E-18,9.38287214027825E-35,0.0364951189534449));
#14158=CARTESIAN_POINT('',(1.53233930743313E-18,9.38287214027825E-35,0.0366565679423901));
#14159=CARTESIAN_POINT('',(0.025404266904306,-0.00464261220163659,0.0617712266598361));
#14160=CARTESIAN_POINT('',(1.53233930743313E-18,9.38287214027825E-35,0.0868341374319984));
#14161=CARTESIAN_POINT('',(1.53233930743313E-18,9.38287214027825E-35,0.067));
#14162=CARTESIAN_POINT('',(1.53233930743313E-18,9.38287214027825E-35,0.0886727141364509));
#14163=CARTESIAN_POINT('',(0.0086815643775537,0.0243220283890631,0.0635585295404225));
#14164=CARTESIAN_POINT('',(1.53233930743313E-18,9.38287214027825E-35,0.0384951189534451));
#14165=CARTESIAN_POINT('',(1.53233930743313E-18,9.38287214027825E-35,0.0386565679423901));
#14166=CARTESIAN_POINT('',(0.00464261220163666,0.0254042669043059,0.0637712266598361));
#14167=CARTESIAN_POINT('',(1.53233930743313E-18,9.38287214027825E-35,0.0888341374319995));
#14168=CARTESIAN_POINT('',(1.53233930743313E-18,9.38287214027825E-35,0.067));
#14169=CARTESIAN_POINT('',(1.53233930743313E-18,9.38287214027825E-35,0.090672714136454));
#14170=CARTESIAN_POINT('',(-0.0243220283890631,0.00868156437755354,0.0655585295404224));
#14171=CARTESIAN_POINT('',(1.53233930743313E-18,9.38287214027825E-35,0.0404951189534445));
#14172=CARTESIAN_POINT('',(1.53233930743313E-18,9.38287214027825E-35,0.0406565679423912));
#14173=CARTESIAN_POINT('',(-0.025404266904306,0.00464261220163655,0.065771226659836));
#14174=CARTESIAN_POINT('',(1.53233930743313E-18,9.38287214027825E-35,0.0908341374319988));
#14175=CARTESIAN_POINT('',(0.,1.53233930743313E-18,0.067));
#14176=CARTESIAN_POINT('',(0.025825,0.,0.06819));
#14177=CARTESIAN_POINT('',(0.025825,-0.0106970652482852,0.06769));
#14178=CARTESIAN_POINT('',(0.0182610326241426,-0.0182610326241426,0.06719));
#14179=CARTESIAN_POINT('',(0.0106970652482852,-0.025825,0.06669));
#14180=CARTESIAN_POINT('',(4.89858719658941E-20,-0.025825,0.06619));
#14181=CARTESIAN_POINT('',(-0.0106970652482852,-0.025825,0.06569));
#14182=CARTESIAN_POINT('',(-0.0182610326241426,-0.0182610326241426,0.06519));
#14183=CARTESIAN_POINT('',(-0.025825,-0.0106970652482852,0.0646899999999999));
#14184=CARTESIAN_POINT('',(-0.025825,-9.79717439317881E-20,0.06419));
#14185=CARTESIAN_POINT('',(-0.025825,0.0106970652482852,0.06369));
#14186=CARTESIAN_POINT('',(-0.0182610326241426,0.0182610326241426,0.06319));
#14187=CARTESIAN_POINT('',(-0.0106970652482852,0.025825,0.06269));
#14188=CARTESIAN_POINT('',(-3.21163623076393E-18,0.025825,0.06219));
#14189=CARTESIAN_POINT('',(0.0106970652482852,0.025825,0.06169));
#14190=CARTESIAN_POINT('',(0.0182610326241426,0.0182610326241426,0.06119));
#14191=CARTESIAN_POINT('',(0.025825,0.0106970652482852,0.06069));
#14192=CARTESIAN_POINT('',(0.025825,6.32530071759608E-18,0.06019));
#14193=CARTESIAN_POINT('',(0.025825,-0.0106970652482852,0.05969));
#14194=CARTESIAN_POINT('',(0.0182610326241426,-0.0182610326241426,0.05919));
#14195=CARTESIAN_POINT('',(0.0106970652482852,-0.025825,0.05869));
#14196=CARTESIAN_POINT('',(6.37428658956197E-18,-0.025825,0.05819));
#14197=CARTESIAN_POINT('',(-0.0106970652482852,-0.025825,0.0576899999999999));
#14198=CARTESIAN_POINT('',(-0.0182610326241426,-0.0182610326241426,0.05719));
#14199=CARTESIAN_POINT('',(-0.025825,-0.0106970652482852,0.0566900000000001));
#14200=CARTESIAN_POINT('',(-0.025825,-6.42327246152787E-18,0.05619));
#14201=CARTESIAN_POINT('',(-0.025825,0.0106970652482852,0.05569));
#14202=CARTESIAN_POINT('',(-0.0182610326241426,0.0182610326241426,0.05519));
#14203=CARTESIAN_POINT('',(-0.0106970652482852,0.025825,0.05469));
#14204=CARTESIAN_POINT('',(-9.53693694836001E-18,0.025825,0.05419));
#14205=CARTESIAN_POINT('',(0.0106970652482852,0.025825,0.05369));
#14206=CARTESIAN_POINT('',(0.0182610326241426,0.0182610326241426,0.05319));
#14207=CARTESIAN_POINT('',(0.025825,0.0106970652482852,0.05269));
#14208=CARTESIAN_POINT('',(0.025825,1.26506014351922E-17,0.05219));
#14209=CARTESIAN_POINT('',(-0.00506335189360453,-0.0253237653717122,0.0659436254125674));
#14210=CARTESIAN_POINT('',(-0.00827265866362292,-0.0244641317776696,0.0657769732242995));
#14211=CARTESIAN_POINT('',(0.,1.53233930743313E-18,0.0906727141364528));
#14212=CARTESIAN_POINT('',(-0.00868156437755359,-0.0243220283890631,0.0655585295404225));
#14213=CARTESIAN_POINT('',(0.,1.53233930743313E-18,0.0404951189534428));
#14214=CARTESIAN_POINT('',(-0.008277006769344,-0.0244626610151111,0.0653867415104881));
#14215=CARTESIAN_POINT('',(0.025825,0.,0.0678));
#14216=CARTESIAN_POINT('',(0.025825,-0.0106970652482852,0.0673));
#14217=CARTESIAN_POINT('',(0.0182610326241426,-0.0182610326241426,0.0668));
#14218=CARTESIAN_POINT('',(0.0106970652482852,-0.025825,0.0663));
#14219=CARTESIAN_POINT('',(4.89858719658941E-20,-0.025825,0.0658));
#14220=CARTESIAN_POINT('',(-0.0106970652482852,-0.025825,0.0653));
#14221=CARTESIAN_POINT('',(-0.0182610326241426,-0.0182610326241426,0.0648));
#14222=CARTESIAN_POINT('',(-0.025825,-0.0106970652482852,0.0643000000000001));
#14223=CARTESIAN_POINT('',(-0.025825,-9.79717439317881E-20,0.0638));
#14224=CARTESIAN_POINT('',(-0.025825,0.0106970652482852,0.0633));
#14225=CARTESIAN_POINT('',(-0.0182610326241426,0.0182610326241426,0.0628));
#14226=CARTESIAN_POINT('',(-0.0106970652482852,0.025825,0.0623));
#14227=CARTESIAN_POINT('',(-3.21163623076393E-18,0.025825,0.0618));
#14228=CARTESIAN_POINT('',(0.0106970652482852,0.025825,0.0613));
#14229=CARTESIAN_POINT('',(0.0182610326241426,0.0182610326241426,0.0608));
#14230=CARTESIAN_POINT('',(0.025825,0.0106970652482852,0.0603));
#14231=CARTESIAN_POINT('',(0.025825,6.32530071759608E-18,0.0598));
#14232=CARTESIAN_POINT('',(0.025825,-0.0106970652482852,0.0593));
#14233=CARTESIAN_POINT('',(0.0182610326241426,-0.0182610326241426,0.0588));
#14234=CARTESIAN_POINT('',(0.0106970652482852,-0.025825,0.0583));
#14235=CARTESIAN_POINT('',(6.37428658956197E-18,-0.025825,0.0578));
#14236=CARTESIAN_POINT('',(-0.0106970652482852,-0.025825,0.0573000000000001));
#14237=CARTESIAN_POINT('',(-0.0182610326241426,-0.0182610326241426,0.0568));
#14238=CARTESIAN_POINT('',(-0.025825,-0.0106970652482852,0.0563));
#14239=CARTESIAN_POINT('',(-0.025825,-6.42327246152787E-18,0.0558));
#14240=CARTESIAN_POINT('',(-0.025825,0.0106970652482852,0.0553));
#14241=CARTESIAN_POINT('',(-0.0182610326241426,0.0182610326241426,0.0548));
#14242=CARTESIAN_POINT('',(-0.0106970652482852,0.025825,0.0543));
#14243=CARTESIAN_POINT('',(-9.53693694836001E-18,0.025825,0.0538));
#14244=CARTESIAN_POINT('',(0.0106970652482852,0.025825,0.0533));
#14245=CARTESIAN_POINT('',(0.0182610326241426,0.0182610326241426,0.0528));
#14246=CARTESIAN_POINT('',(0.025825,0.0106970652482852,0.0523));
#14247=CARTESIAN_POINT('',(0.025825,1.26506014351922E-17,0.0518));
#14248=CARTESIAN_POINT('',(-0.00506776699564803,-0.0253228821953153,0.0655534019435329));
#14249=CARTESIAN_POINT('',(0.,1.53233930743313E-18,0.0406565679423907));
#14250=CARTESIAN_POINT('',(-0.00464261220163662,-0.025404266904306,0.065771226659836));
#14251=CARTESIAN_POINT('',(0.,1.53233930743313E-18,0.0908341374320002));
#14252=CARTESIAN_POINT('',(0.,1.53233930743313E-18,0.067));
#14253=CARTESIAN_POINT('',(0.025825,0.,0.06819));
#14254=CARTESIAN_POINT('',(0.025825,-0.0106970652482852,0.06769));
#14255=CARTESIAN_POINT('',(0.0182610326241426,-0.0182610326241426,0.06719));
#14256=CARTESIAN_POINT('',(0.0106970652482852,-0.025825,0.06669));
#14257=CARTESIAN_POINT('',(4.89858719658941E-20,-0.025825,0.06619));
#14258=CARTESIAN_POINT('',(-0.0106970652482852,-0.025825,0.06569));
#14259=CARTESIAN_POINT('',(-0.0182610326241426,-0.0182610326241426,0.06519));
#14260=CARTESIAN_POINT('',(-0.025825,-0.0106970652482852,0.0646899999999999));
#14261=CARTESIAN_POINT('',(-0.025825,-9.79717439317881E-20,0.06419));
#14262=CARTESIAN_POINT('',(-0.025825,0.0106970652482852,0.06369));
#14263=CARTESIAN_POINT('',(-0.0182610326241426,0.0182610326241426,0.06319));
#14264=CARTESIAN_POINT('',(-0.0106970652482852,0.025825,0.06269));
#14265=CARTESIAN_POINT('',(-3.21163623076393E-18,0.025825,0.06219));
#14266=CARTESIAN_POINT('',(0.0106970652482852,0.025825,0.06169));
#14267=CARTESIAN_POINT('',(0.0182610326241426,0.0182610326241426,0.06119));
#14268=CARTESIAN_POINT('',(0.025825,0.0106970652482852,0.06069));
#14269=CARTESIAN_POINT('',(0.025825,6.32530071759608E-18,0.06019));
#14270=CARTESIAN_POINT('',(0.025825,-0.0106970652482852,0.05969));
#14271=CARTESIAN_POINT('',(0.0182610326241426,-0.0182610326241426,0.05919));
#14272=CARTESIAN_POINT('',(0.0106970652482852,-0.025825,0.05869));
#14273=CARTESIAN_POINT('',(6.37428658956197E-18,-0.025825,0.05819));
#14274=CARTESIAN_POINT('',(-0.0106970652482852,-0.025825,0.0576899999999999));
#14275=CARTESIAN_POINT('',(-0.0182610326241426,-0.0182610326241426,0.05719));
#14276=CARTESIAN_POINT('',(-0.025825,-0.0106970652482852,0.0566900000000001));
#14277=CARTESIAN_POINT('',(-0.025825,-6.42327246152787E-18,0.05619));
#14278=CARTESIAN_POINT('',(-0.025825,0.0106970652482852,0.05569));
#14279=CARTESIAN_POINT('',(-0.0182610326241426,0.0182610326241426,0.05519));
#14280=CARTESIAN_POINT('',(-0.0106970652482852,0.025825,0.05469));
#14281=CARTESIAN_POINT('',(-9.53693694836001E-18,0.025825,0.05419));
#14282=CARTESIAN_POINT('',(0.0106970652482852,0.025825,0.05369));
#14283=CARTESIAN_POINT('',(0.0182610326241426,0.0182610326241426,0.05319));
#14284=CARTESIAN_POINT('',(0.025825,0.0106970652482852,0.05269));
#14285=CARTESIAN_POINT('',(0.025825,1.26506014351922E-17,0.05219));
#14286=CARTESIAN_POINT('',(0.0253237653717122,-0.00506335189360453,0.0679436254125674));
#14287=CARTESIAN_POINT('',(0.0244641317776696,-0.00827265866362293,0.0677769732242995));
#14288=CARTESIAN_POINT('',(0.,1.53233930743313E-18,0.0926727141364523));
#14289=CARTESIAN_POINT('',(0.0243220283890631,-0.00868156437755362,0.0675585295404224));
#14290=CARTESIAN_POINT('',(0.,1.53233930743313E-18,0.0424951189534456));
#14291=CARTESIAN_POINT('',(0.0244626610151111,-0.008277006769344,0.067386741510488));
#14292=CARTESIAN_POINT('',(0.025825,0.,0.0678));
#14293=CARTESIAN_POINT('',(0.025825,-0.0106970652482852,0.0673));
#14294=CARTESIAN_POINT('',(0.0182610326241426,-0.0182610326241426,0.0668));
#14295=CARTESIAN_POINT('',(0.0106970652482852,-0.025825,0.0663));
#14296=CARTESIAN_POINT('',(4.89858719658941E-20,-0.025825,0.0658));
#14297=CARTESIAN_POINT('',(-0.0106970652482852,-0.025825,0.0653));
#14298=CARTESIAN_POINT('',(-0.0182610326241426,-0.0182610326241426,0.0648));
#14299=CARTESIAN_POINT('',(-0.025825,-0.0106970652482852,0.0643000000000001));
#14300=CARTESIAN_POINT('',(-0.025825,-9.79717439317881E-20,0.0638));
#14301=CARTESIAN_POINT('',(-0.025825,0.0106970652482852,0.0633));
#14302=CARTESIAN_POINT('',(-0.0182610326241426,0.0182610326241426,0.0628));
#14303=CARTESIAN_POINT('',(-0.0106970652482852,0.025825,0.0623));
#14304=CARTESIAN_POINT('',(-3.21163623076393E-18,0.025825,0.0618));
#14305=CARTESIAN_POINT('',(0.0106970652482852,0.025825,0.0613));
#14306=CARTESIAN_POINT('',(0.0182610326241426,0.0182610326241426,0.0608));
#14307=CARTESIAN_POINT('',(0.025825,0.0106970652482852,0.0603));
#14308=CARTESIAN_POINT('',(0.025825,6.32530071759608E-18,0.0598));
#14309=CARTESIAN_POINT('',(0.025825,-0.0106970652482852,0.0593));
#14310=CARTESIAN_POINT('',(0.0182610326241426,-0.0182610326241426,0.0588));
#14311=CARTESIAN_POINT('',(0.0106970652482852,-0.025825,0.0583));
#14312=CARTESIAN_POINT('',(6.37428658956197E-18,-0.025825,0.0578));
#14313=CARTESIAN_POINT('',(-0.0106970652482852,-0.025825,0.0573000000000001));
#14314=CARTESIAN_POINT('',(-0.0182610326241426,-0.0182610326241426,0.0568));
#14315=CARTESIAN_POINT('',(-0.025825,-0.0106970652482852,0.0563));
#14316=CARTESIAN_POINT('',(-0.025825,-6.42327246152787E-18,0.0558));
#14317=CARTESIAN_POINT('',(-0.025825,0.0106970652482852,0.0553));
#14318=CARTESIAN_POINT('',(-0.0182610326241426,0.0182610326241426,0.0548));
#14319=CARTESIAN_POINT('',(-0.0106970652482852,0.025825,0.0543));
#14320=CARTESIAN_POINT('',(-9.53693694836001E-18,0.025825,0.0538));
#14321=CARTESIAN_POINT('',(0.0106970652482852,0.025825,0.0533));
#14322=CARTESIAN_POINT('',(0.0182610326241426,0.0182610326241426,0.0528));
#14323=CARTESIAN_POINT('',(0.025825,0.0106970652482852,0.0523));
#14324=CARTESIAN_POINT('',(0.025825,1.26506014351922E-17,0.0518));
#14325=CARTESIAN_POINT('',(0.0253228821953154,-0.00506776699564801,0.067553401943533));
#14326=CARTESIAN_POINT('',(0.,1.53233930743313E-18,0.04265656794239));
#14327=CARTESIAN_POINT('',(0.025404266904306,-0.00464261220163656,0.0677712266598361));
#14328=CARTESIAN_POINT('',(0.,1.53233930743313E-18,0.092834137431999));
#14329=CARTESIAN_POINT('',(0.,1.53233930743313E-18,0.067));
#14330=CARTESIAN_POINT('',(0.025825,0.,0.06819));
#14331=CARTESIAN_POINT('',(0.025825,-0.0106970652482852,0.06769));
#14332=CARTESIAN_POINT('',(0.0182610326241426,-0.0182610326241426,0.06719));
#14333=CARTESIAN_POINT('',(0.0106970652482852,-0.025825,0.06669));
#14334=CARTESIAN_POINT('',(4.89858719658941E-20,-0.025825,0.06619));
#14335=CARTESIAN_POINT('',(-0.0106970652482852,-0.025825,0.06569));
#14336=CARTESIAN_POINT('',(-0.0182610326241426,-0.0182610326241426,0.06519));
#14337=CARTESIAN_POINT('',(-0.025825,-0.0106970652482852,0.0646899999999999));
#14338=CARTESIAN_POINT('',(-0.025825,-9.79717439317881E-20,0.06419));
#14339=CARTESIAN_POINT('',(-0.025825,0.0106970652482852,0.06369));
#14340=CARTESIAN_POINT('',(-0.0182610326241426,0.0182610326241426,0.06319));
#14341=CARTESIAN_POINT('',(-0.0106970652482852,0.025825,0.06269));
#14342=CARTESIAN_POINT('',(-3.21163623076393E-18,0.025825,0.06219));
#14343=CARTESIAN_POINT('',(0.0106970652482852,0.025825,0.06169));
#14344=CARTESIAN_POINT('',(0.0182610326241426,0.0182610326241426,0.06119));
#14345=CARTESIAN_POINT('',(0.025825,0.0106970652482852,0.06069));
#14346=CARTESIAN_POINT('',(0.025825,6.32530071759608E-18,0.06019));
#14347=CARTESIAN_POINT('',(0.025825,-0.0106970652482852,0.05969));
#14348=CARTESIAN_POINT('',(0.0182610326241426,-0.0182610326241426,0.05919));
#14349=CARTESIAN_POINT('',(0.0106970652482852,-0.025825,0.05869));
#14350=CARTESIAN_POINT('',(6.37428658956197E-18,-0.025825,0.05819));
#14351=CARTESIAN_POINT('',(-0.0106970652482852,-0.025825,0.0576899999999999));
#14352=CARTESIAN_POINT('',(-0.0182610326241426,-0.0182610326241426,0.05719));
#14353=CARTESIAN_POINT('',(-0.025825,-0.0106970652482852,0.0566900000000001));
#14354=CARTESIAN_POINT('',(-0.025825,-6.42327246152787E-18,0.05619));
#14355=CARTESIAN_POINT('',(-0.025825,0.0106970652482852,0.05569));
#14356=CARTESIAN_POINT('',(-0.0182610326241426,0.0182610326241426,0.05519));
#14357=CARTESIAN_POINT('',(-0.0106970652482852,0.025825,0.05469));
#14358=CARTESIAN_POINT('',(-9.53693694836001E-18,0.025825,0.05419));
#14359=CARTESIAN_POINT('',(0.0106970652482852,0.025825,0.05369));
#14360=CARTESIAN_POINT('',(0.0182610326241426,0.0182610326241426,0.05319));
#14361=CARTESIAN_POINT('',(0.025825,0.0106970652482852,0.05269));
#14362=CARTESIAN_POINT('',(0.025825,1.26506014351922E-17,0.05219));
#14363=CARTESIAN_POINT('',(0.0253237653717122,-0.0050633518936045,0.0599436254125674));
#14364=CARTESIAN_POINT('',(0.0244641317776696,-0.00827265866362296,0.0597769732242995));
#14365=CARTESIAN_POINT('',(0.,1.53233930743313E-18,0.0846727141364532));
#14366=CARTESIAN_POINT('',(0.0243220283890631,-0.00868156437755366,0.0595585295404224));
#14367=CARTESIAN_POINT('',(0.,1.53233930743313E-18,0.034495118953445));
#14368=CARTESIAN_POINT('',(0.0244626610151111,-0.00827700676934404,0.0593867415104881));
#14369=CARTESIAN_POINT('',(0.025825,0.,0.0678));
#14370=CARTESIAN_POINT('',(0.025825,-0.0106970652482852,0.0673));
#14371=CARTESIAN_POINT('',(0.0182610326241426,-0.0182610326241426,0.0668));
#14372=CARTESIAN_POINT('',(0.0106970652482852,-0.025825,0.0663));
#14373=CARTESIAN_POINT('',(4.89858719658941E-20,-0.025825,0.0658));
#14374=CARTESIAN_POINT('',(-0.0106970652482852,-0.025825,0.0653));
#14375=CARTESIAN_POINT('',(-0.0182610326241426,-0.0182610326241426,0.0648));
#14376=CARTESIAN_POINT('',(-0.025825,-0.0106970652482852,0.0643000000000001));
#14377=CARTESIAN_POINT('',(-0.025825,-9.79717439317881E-20,0.0638));
#14378=CARTESIAN_POINT('',(-0.025825,0.0106970652482852,0.0633));
#14379=CARTESIAN_POINT('',(-0.0182610326241426,0.0182610326241426,0.0628));
#14380=CARTESIAN_POINT('',(-0.0106970652482852,0.025825,0.0623));
#14381=CARTESIAN_POINT('',(-3.21163623076393E-18,0.025825,0.0618));
#14382=CARTESIAN_POINT('',(0.0106970652482852,0.025825,0.0613));
#14383=CARTESIAN_POINT('',(0.0182610326241426,0.0182610326241426,0.0608));
#14384=CARTESIAN_POINT('',(0.025825,0.0106970652482852,0.0603));
#14385=CARTESIAN_POINT('',(0.025825,6.32530071759608E-18,0.0598));
#14386=CARTESIAN_POINT('',(0.025825,-0.0106970652482852,0.0593));
#14387=CARTESIAN_POINT('',(0.0182610326241426,-0.0182610326241426,0.0588));
#14388=CARTESIAN_POINT('',(0.0106970652482852,-0.025825,0.0583));
#14389=CARTESIAN_POINT('',(6.37428658956197E-18,-0.025825,0.0578));
#14390=CARTESIAN_POINT('',(-0.0106970652482852,-0.025825,0.0573000000000001));
#14391=CARTESIAN_POINT('',(-0.0182610326241426,-0.0182610326241426,0.0568));
#14392=CARTESIAN_POINT('',(-0.025825,-0.0106970652482852,0.0563));
#14393=CARTESIAN_POINT('',(-0.025825,-6.42327246152787E-18,0.0558));
#14394=CARTESIAN_POINT('',(-0.025825,0.0106970652482852,0.0553));
#14395=CARTESIAN_POINT('',(-0.0182610326241426,0.0182610326241426,0.0548));
#14396=CARTESIAN_POINT('',(-0.0106970652482852,0.025825,0.0543));
#14397=CARTESIAN_POINT('',(-9.53693694836001E-18,0.025825,0.0538));
#14398=CARTESIAN_POINT('',(0.0106970652482852,0.025825,0.0533));
#14399=CARTESIAN_POINT('',(0.0182610326241426,0.0182610326241426,0.0528));
#14400=CARTESIAN_POINT('',(0.025825,0.0106970652482852,0.0523));
#14401=CARTESIAN_POINT('',(0.025825,1.26506014351922E-17,0.0518));
#14402=CARTESIAN_POINT('',(0.0253228821953154,-0.00506776699564796,0.0595534019435329));
#14403=CARTESIAN_POINT('',(0.,1.53233930743313E-18,0.0346565679423902));
#14404=CARTESIAN_POINT('',(0.025404266904306,-0.00464261220163653,0.0597712266598361));
#14405=CARTESIAN_POINT('',(0.,1.53233930743313E-18,0.0848341374319984));
#14406=CARTESIAN_POINT('',(0.,1.53233930743313E-18,0.067));
#14407=CARTESIAN_POINT('',(0.025825,0.,0.06819));
#14408=CARTESIAN_POINT('',(0.025825,-0.0106970652482852,0.06769));
#14409=CARTESIAN_POINT('',(0.0182610326241426,-0.0182610326241426,0.06719));
#14410=CARTESIAN_POINT('',(0.0106970652482852,-0.025825,0.06669));
#14411=CARTESIAN_POINT('',(4.89858719658941E-20,-0.025825,0.06619));
#14412=CARTESIAN_POINT('',(-0.0106970652482852,-0.025825,0.06569));
#14413=CARTESIAN_POINT('',(-0.0182610326241426,-0.0182610326241426,0.06519));
#14414=CARTESIAN_POINT('',(-0.025825,-0.0106970652482852,0.0646899999999999));
#14415=CARTESIAN_POINT('',(-0.025825,-9.79717439317881E-20,0.06419));
#14416=CARTESIAN_POINT('',(-0.025825,0.0106970652482852,0.06369));
#14417=CARTESIAN_POINT('',(-0.0182610326241426,0.0182610326241426,0.06319));
#14418=CARTESIAN_POINT('',(-0.0106970652482852,0.025825,0.06269));
#14419=CARTESIAN_POINT('',(-3.21163623076393E-18,0.025825,0.06219));
#14420=CARTESIAN_POINT('',(0.0106970652482852,0.025825,0.06169));
#14421=CARTESIAN_POINT('',(0.0182610326241426,0.0182610326241426,0.06119));
#14422=CARTESIAN_POINT('',(0.025825,0.0106970652482852,0.06069));
#14423=CARTESIAN_POINT('',(0.025825,6.32530071759608E-18,0.06019));
#14424=CARTESIAN_POINT('',(0.025825,-0.0106970652482852,0.05969));
#14425=CARTESIAN_POINT('',(0.0182610326241426,-0.0182610326241426,0.05919));
#14426=CARTESIAN_POINT('',(0.0106970652482852,-0.025825,0.05869));
#14427=CARTESIAN_POINT('',(6.37428658956197E-18,-0.025825,0.05819));
#14428=CARTESIAN_POINT('',(-0.0106970652482852,-0.025825,0.0576899999999999));
#14429=CARTESIAN_POINT('',(-0.0182610326241426,-0.0182610326241426,0.05719));
#14430=CARTESIAN_POINT('',(-0.025825,-0.0106970652482852,0.0566900000000001));
#14431=CARTESIAN_POINT('',(-0.025825,-6.42327246152787E-18,0.05619));
#14432=CARTESIAN_POINT('',(-0.025825,0.0106970652482852,0.05569));
#14433=CARTESIAN_POINT('',(-0.0182610326241426,0.0182610326241426,0.05519));
#14434=CARTESIAN_POINT('',(-0.0106970652482852,0.025825,0.05469));
#14435=CARTESIAN_POINT('',(-9.53693694836001E-18,0.025825,0.05419));
#14436=CARTESIAN_POINT('',(0.0106970652482852,0.025825,0.05369));
#14437=CARTESIAN_POINT('',(0.0182610326241426,0.0182610326241426,0.05319));
#14438=CARTESIAN_POINT('',(0.025825,0.0106970652482852,0.05269));
#14439=CARTESIAN_POINT('',(0.025825,1.26506014351922E-17,0.05219));
#14440=CARTESIAN_POINT('',(0.00506335189360452,0.0253237653717122,0.0619436254125674));
#14441=CARTESIAN_POINT('',(0.00827265866362292,0.0244641317776696,0.0617769732242995));
#14442=CARTESIAN_POINT('',(0.,1.53233930743313E-18,0.0866727141364529));
#14443=CARTESIAN_POINT('',(0.00868156437755364,0.0243220283890631,0.0615585295404225));
#14444=CARTESIAN_POINT('',(0.,1.53233930743313E-18,0.0364951189534437));
#14445=CARTESIAN_POINT('',(0.00827700676934401,0.0244626610151111,0.0613867415104881));
#14446=CARTESIAN_POINT('',(0.025825,0.,0.0678));
#14447=CARTESIAN_POINT('',(0.025825,-0.0106970652482852,0.0673));
#14448=CARTESIAN_POINT('',(0.0182610326241426,-0.0182610326241426,0.0668));
#14449=CARTESIAN_POINT('',(0.0106970652482852,-0.025825,0.0663));
#14450=CARTESIAN_POINT('',(4.89858719658941E-20,-0.025825,0.0658));
#14451=CARTESIAN_POINT('',(-0.0106970652482852,-0.025825,0.0653));
#14452=CARTESIAN_POINT('',(-0.0182610326241426,-0.0182610326241426,0.0648));
#14453=CARTESIAN_POINT('',(-0.025825,-0.0106970652482852,0.0643000000000001));
#14454=CARTESIAN_POINT('',(-0.025825,-9.79717439317881E-20,0.0638));
#14455=CARTESIAN_POINT('',(-0.025825,0.0106970652482852,0.0633));
#14456=CARTESIAN_POINT('',(-0.0182610326241426,0.0182610326241426,0.0628));
#14457=CARTESIAN_POINT('',(-0.0106970652482852,0.025825,0.0623));
#14458=CARTESIAN_POINT('',(-3.21163623076393E-18,0.025825,0.0618));
#14459=CARTESIAN_POINT('',(0.0106970652482852,0.025825,0.0613));
#14460=CARTESIAN_POINT('',(0.0182610326241426,0.0182610326241426,0.0608));
#14461=CARTESIAN_POINT('',(0.025825,0.0106970652482852,0.0603));
#14462=CARTESIAN_POINT('',(0.025825,6.32530071759608E-18,0.0598));
#14463=CARTESIAN_POINT('',(0.025825,-0.0106970652482852,0.0593));
#14464=CARTESIAN_POINT('',(0.0182610326241426,-0.0182610326241426,0.0588));
#14465=CARTESIAN_POINT('',(0.0106970652482852,-0.025825,0.0583));
#14466=CARTESIAN_POINT('',(6.37428658956197E-18,-0.025825,0.0578));
#14467=CARTESIAN_POINT('',(-0.0106970652482852,-0.025825,0.0573000000000001));
#14468=CARTESIAN_POINT('',(-0.0182610326241426,-0.0182610326241426,0.0568));
#14469=CARTESIAN_POINT('',(-0.025825,-0.0106970652482852,0.0563));
#14470=CARTESIAN_POINT('',(-0.025825,-6.42327246152787E-18,0.0558));
#14471=CARTESIAN_POINT('',(-0.025825,0.0106970652482852,0.0553));
#14472=CARTESIAN_POINT('',(-0.0182610326241426,0.0182610326241426,0.0548));
#14473=CARTESIAN_POINT('',(-0.0106970652482852,0.025825,0.0543));
#14474=CARTESIAN_POINT('',(-9.53693694836001E-18,0.025825,0.0538));
#14475=CARTESIAN_POINT('',(0.0106970652482852,0.025825,0.0533));
#14476=CARTESIAN_POINT('',(0.0182610326241426,0.0182610326241426,0.0528));
#14477=CARTESIAN_POINT('',(0.025825,0.0106970652482852,0.0523));
#14478=CARTESIAN_POINT('',(0.025825,1.26506014351922E-17,0.0518));
#14479=CARTESIAN_POINT('',(0.00506776699564803,0.0253228821953154,0.0615534019435329));
#14480=CARTESIAN_POINT('',(0.,1.53233930743313E-18,0.0366565679423895));
#14481=CARTESIAN_POINT('',(0.00464261220163665,0.0254042669043059,0.0617712266598361));
#14482=CARTESIAN_POINT('',(0.,1.53233930743313E-18,0.0868341374319982));
#14483=CARTESIAN_POINT('',(0.,1.53233930743313E-18,0.067));
#14484=CARTESIAN_POINT('',(0.025825,0.,0.06819));
#14485=CARTESIAN_POINT('',(0.025825,-0.0106970652482852,0.06769));
#14486=CARTESIAN_POINT('',(0.0182610326241426,-0.0182610326241426,0.06719));
#14487=CARTESIAN_POINT('',(0.0106970652482852,-0.025825,0.06669));
#14488=CARTESIAN_POINT('',(4.89858719658941E-20,-0.025825,0.06619));
#14489=CARTESIAN_POINT('',(-0.0106970652482852,-0.025825,0.06569));
#14490=CARTESIAN_POINT('',(-0.0182610326241426,-0.0182610326241426,0.06519));
#14491=CARTESIAN_POINT('',(-0.025825,-0.0106970652482852,0.0646899999999999));
#14492=CARTESIAN_POINT('',(-0.025825,-9.79717439317881E-20,0.06419));
#14493=CARTESIAN_POINT('',(-0.025825,0.0106970652482852,0.06369));
#14494=CARTESIAN_POINT('',(-0.0182610326241426,0.0182610326241426,0.06319));
#14495=CARTESIAN_POINT('',(-0.0106970652482852,0.025825,0.06269));
#14496=CARTESIAN_POINT('',(-3.21163623076393E-18,0.025825,0.06219));
#14497=CARTESIAN_POINT('',(0.0106970652482852,0.025825,0.06169));
#14498=CARTESIAN_POINT('',(0.0182610326241426,0.0182610326241426,0.06119));
#14499=CARTESIAN_POINT('',(0.025825,0.0106970652482852,0.06069));
#14500=CARTESIAN_POINT('',(0.025825,6.32530071759608E-18,0.06019));
#14501=CARTESIAN_POINT('',(0.025825,-0.0106970652482852,0.05969));
#14502=CARTESIAN_POINT('',(0.0182610326241426,-0.0182610326241426,0.05919));
#14503=CARTESIAN_POINT('',(0.0106970652482852,-0.025825,0.05869));
#14504=CARTESIAN_POINT('',(6.37428658956197E-18,-0.025825,0.05819));
#14505=CARTESIAN_POINT('',(-0.0106970652482852,-0.025825,0.0576899999999999));
#14506=CARTESIAN_POINT('',(-0.0182610326241426,-0.0182610326241426,0.05719));
#14507=CARTESIAN_POINT('',(-0.025825,-0.0106970652482852,0.0566900000000001));
#14508=CARTESIAN_POINT('',(-0.025825,-6.42327246152787E-18,0.05619));
#14509=CARTESIAN_POINT('',(-0.025825,0.0106970652482852,0.05569));
#14510=CARTESIAN_POINT('',(-0.0182610326241426,0.0182610326241426,0.05519));
#14511=CARTESIAN_POINT('',(-0.0106970652482852,0.025825,0.05469));
#14512=CARTESIAN_POINT('',(-9.53693694836001E-18,0.025825,0.05419));
#14513=CARTESIAN_POINT('',(0.0106970652482852,0.025825,0.05369));
#14514=CARTESIAN_POINT('',(0.0182610326241426,0.0182610326241426,0.05319));
#14515=CARTESIAN_POINT('',(0.025825,0.0106970652482852,0.05269));
#14516=CARTESIAN_POINT('',(0.025825,1.26506014351922E-17,0.05219));
#14517=CARTESIAN_POINT('',(-0.0253237653717122,0.00506335189360452,0.0639436254125674));
#14518=CARTESIAN_POINT('',(-0.0244641317776696,0.00827265866362295,0.0637769732242995));
#14519=CARTESIAN_POINT('',(0.,1.53233930743313E-18,0.0886727141364524));
#14520=CARTESIAN_POINT('',(-0.0243220283890631,0.00868156437755365,0.0635585295404224));
#14521=CARTESIAN_POINT('',(0.,1.53233930743313E-18,0.0384951189534431));
#14522=CARTESIAN_POINT('',(-0.0244626610151111,0.00827700676934399,0.0633867415104881));
#14523=CARTESIAN_POINT('',(0.025825,0.,0.0678));
#14524=CARTESIAN_POINT('',(0.025825,-0.0106970652482852,0.0673));
#14525=CARTESIAN_POINT('',(0.0182610326241426,-0.0182610326241426,0.0668));
#14526=CARTESIAN_POINT('',(0.0106970652482852,-0.025825,0.0663));
#14527=CARTESIAN_POINT('',(4.89858719658941E-20,-0.025825,0.0658));
#14528=CARTESIAN_POINT('',(-0.0106970652482852,-0.025825,0.0653));
#14529=CARTESIAN_POINT('',(-0.0182610326241426,-0.0182610326241426,0.0648));
#14530=CARTESIAN_POINT('',(-0.025825,-0.0106970652482852,0.0643000000000001));
#14531=CARTESIAN_POINT('',(-0.025825,-9.79717439317881E-20,0.0638));
#14532=CARTESIAN_POINT('',(-0.025825,0.0106970652482852,0.0633));
#14533=CARTESIAN_POINT('',(-0.0182610326241426,0.0182610326241426,0.0628));
#14534=CARTESIAN_POINT('',(-0.0106970652482852,0.025825,0.0623));
#14535=CARTESIAN_POINT('',(-3.21163623076393E-18,0.025825,0.0618));
#14536=CARTESIAN_POINT('',(0.0106970652482852,0.025825,0.0613));
#14537=CARTESIAN_POINT('',(0.0182610326241426,0.0182610326241426,0.0608));
#14538=CARTESIAN_POINT('',(0.025825,0.0106970652482852,0.0603));
#14539=CARTESIAN_POINT('',(0.025825,6.32530071759608E-18,0.0598));
#14540=CARTESIAN_POINT('',(0.025825,-0.0106970652482852,0.0593));
#14541=CARTESIAN_POINT('',(0.0182610326241426,-0.0182610326241426,0.0588));
#14542=CARTESIAN_POINT('',(0.0106970652482852,-0.025825,0.0583));
#14543=CARTESIAN_POINT('',(6.37428658956197E-18,-0.025825,0.0578));
#14544=CARTESIAN_POINT('',(-0.0106970652482852,-0.025825,0.0573000000000001));
#14545=CARTESIAN_POINT('',(-0.0182610326241426,-0.0182610326241426,0.0568));
#14546=CARTESIAN_POINT('',(-0.025825,-0.0106970652482852,0.0563));
#14547=CARTESIAN_POINT('',(-0.025825,-6.42327246152787E-18,0.0558));
#14548=CARTESIAN_POINT('',(-0.025825,0.0106970652482852,0.0553));
#14549=CARTESIAN_POINT('',(-0.0182610326241426,0.0182610326241426,0.0548));
#14550=CARTESIAN_POINT('',(-0.0106970652482852,0.025825,0.0543));
#14551=CARTESIAN_POINT('',(-9.53693694836001E-18,0.025825,0.0538));
#14552=CARTESIAN_POINT('',(0.0106970652482852,0.025825,0.0533));
#14553=CARTESIAN_POINT('',(0.0182610326241426,0.0182610326241426,0.0528));
#14554=CARTESIAN_POINT('',(0.025825,0.0106970652482852,0.0523));
#14555=CARTESIAN_POINT('',(0.025825,1.26506014351922E-17,0.0518));
#14556=CARTESIAN_POINT('',(-0.0253228821953154,0.00506776699564803,0.0635534019435329));
#14557=CARTESIAN_POINT('',(0.,1.53233930743313E-18,0.0386565679423896));
#14558=CARTESIAN_POINT('',(-0.025404266904306,0.00464261220163654,0.0637712266598361));
#14559=CARTESIAN_POINT('',(0.,1.53233930743313E-18,0.0888341374319975));
#14560=CARTESIAN_POINT('',(-0.00504388577463165,-0.0253276497388224,0.0659446104994123));
#14561=CARTESIAN_POINT('',(-0.00669612824120936,-0.0249986131973607,0.0658610112213368));
#14562=CARTESIAN_POINT('',(-0.00829162052217378,-0.0244577115470002,0.0657759626104224));
#14563=CARTESIAN_POINT('',(-0.00488763761897995,-0.0245430565232925,0.0667446104994123));
#14564=CARTESIAN_POINT('',(-0.00648869735668012,-0.0242242127885364,0.0666610112213368));
#14565=CARTESIAN_POINT('',(-0.00803476490096413,-0.0237000670460282,0.0665759626104224));
#14566=CARTESIAN_POINT('',(-0.00827264010602292,-0.0244641234197926,0.0657769582403656));
#14567=CARTESIAN_POINT('',(-0.00816667031240976,-0.0242178350405877,0.0660456146025149));
#14568=CARTESIAN_POINT('',(-0.00806119312170902,-0.0239711528339732,0.0663141746088737));
#14569=CARTESIAN_POINT('',(-0.0079562085339207,-0.0237240767999493,0.0665826382594423));
#14570=CARTESIAN_POINT('',(-0.00496831227235992,-0.0245244158073691,0.0667430185330208));
#14571=CARTESIAN_POINT('',(-0.00499999560646519,-0.0247908490239422,0.0664765379357073));
#14572=CARTESIAN_POINT('',(-0.00503167894057046,-0.0250572822405152,0.0662100573383938));
#14573=CARTESIAN_POINT('',(-0.00506336227467574,-0.0253237154570882,0.0659435767410803));
#14574=CARTESIAN_POINT('',(0.0253276497388224,-0.0050438857746316,0.0679446104994123));
#14575=CARTESIAN_POINT('',(0.0249986131973607,-0.00669612824120933,0.0678610112213368));
#14576=CARTESIAN_POINT('',(0.0244577115470002,-0.00829162052217379,0.0677759626104224));
#14577=CARTESIAN_POINT('',(0.0245430565232925,-0.0048876376189799,0.0687446104994123));
#14578=CARTESIAN_POINT('',(0.0242242127885364,-0.0064886973566801,0.0686610112213367));
#14579=CARTESIAN_POINT('',(0.0237000670460283,-0.00803476490096414,0.0685759626104224));
#14580=CARTESIAN_POINT('',(0.0244641234197926,-0.00827264010602291,0.0677769582403656));
#14581=CARTESIAN_POINT('',(0.0242185632077291,-0.00816698361879449,0.0680448203030198));
#14582=CARTESIAN_POINT('',(0.0239726114925039,-0.00806181682551049,0.0683125865799579));
#14583=CARTESIAN_POINT('',(0.023726268274117,-0.00795713972617091,0.06858025707118));
#14584=CARTESIAN_POINT('',(0.0245269224688985,-0.00496861637278019,0.0687405127090251));
#14585=CARTESIAN_POINT('',(0.0247925201316284,-0.00500019834007869,0.0684748673863768));
#14586=CARTESIAN_POINT('',(0.0250581177943583,-0.00503178030737719,0.0682092220637286));
#14587=CARTESIAN_POINT('',(0.0253237154570882,-0.00506336227467569,0.0679435767410803));
#14588=CARTESIAN_POINT('',(0.0253276497388224,-0.00504388577463165,0.0599446104994123));
#14589=CARTESIAN_POINT('',(0.0249986131973607,-0.00669612824120937,0.0598610112213368));
#14590=CARTESIAN_POINT('',(0.0244577115470002,-0.0082916205221738,0.0597759626104224));
#14591=CARTESIAN_POINT('',(0.0245430565232925,-0.00488763761897995,0.0607446104994123));
#14592=CARTESIAN_POINT('',(0.0242242127885364,-0.00648869735668013,0.0606610112213367));
#14593=CARTESIAN_POINT('',(0.0237000670460282,-0.00803476490096415,0.0605759626104224));
#14594=CARTESIAN_POINT('',(0.0244641234197926,-0.00827264010602295,0.0597769582403656));
#14595=CARTESIAN_POINT('',(0.0242178350405872,-0.00816667031240963,0.0600456146025154));
#14596=CARTESIAN_POINT('',(0.0239711528339727,-0.00806119312170892,0.0603141746088742));
#14597=CARTESIAN_POINT('',(0.0237240767999492,-0.00795620853392083,0.0605826382594422));
#14598=CARTESIAN_POINT('',(0.0245244158073692,-0.00496831227235977,0.0607430185330207));
#14599=CARTESIAN_POINT('',(0.0247908490239422,-0.00499999560646509,0.0604765379357073));
#14600=CARTESIAN_POINT('',(0.0250572822405152,-0.00503167894057041,0.0602100573383938));
#14601=CARTESIAN_POINT('',(0.0253237154570882,-0.00506336227467573,0.0599435767410804));
#14602=CARTESIAN_POINT('',(0.00504388577463164,0.0253276497388224,0.0619446104994123));
#14603=CARTESIAN_POINT('',(0.00669612824120934,0.0249986131973607,0.0618610112213368));
#14604=CARTESIAN_POINT('',(0.00829162052217375,0.0244577115470002,0.0617759626104224));
#14605=CARTESIAN_POINT('',(0.00488763761897993,0.0245430565232925,0.0627446104994123));
#14606=CARTESIAN_POINT('',(0.0064886973566801,0.0242242127885364,0.0626610112213368));
#14607=CARTESIAN_POINT('',(0.0080347649009641,0.0237000670460283,0.0625759626104224));
#14608=CARTESIAN_POINT('',(0.00827264010602295,0.0244641234197926,0.0617769582403656));
#14609=CARTESIAN_POINT('',(0.00816667031240932,0.0242178350405866,0.062045614602516));
#14610=CARTESIAN_POINT('',(0.00806119312170858,0.0239711528339722,0.0623141746088749));
#14611=CARTESIAN_POINT('',(0.00795620853392071,0.0237240767999493,0.0625826382594423));
#14612=CARTESIAN_POINT('',(0.00496831227235996,0.0245244158073691,0.0627430185330207));
#14613=CARTESIAN_POINT('',(0.00499999560646521,0.0247908490239422,0.0624765379357073));
#14614=CARTESIAN_POINT('',(0.00503167894057047,0.0250572822405152,0.0622100573383938));
#14615=CARTESIAN_POINT('',(0.00506336227467572,0.0253237154570882,0.0619435767410803));
#14616=CARTESIAN_POINT('',(-0.0253276497388224,0.00504388577463163,0.0639446104994123));
#14617=CARTESIAN_POINT('',(-0.0249986131973607,0.00669612824120936,0.0638610112213368));
#14618=CARTESIAN_POINT('',(-0.0244577115470002,0.0082916205221738,0.0637759626104224));
#14619=CARTESIAN_POINT('',(-0.0245430565232925,0.00488763761897993,0.0647446104994123));
#14620=CARTESIAN_POINT('',(-0.0242242127885364,0.00648869735668012,0.0646610112213368));
#14621=CARTESIAN_POINT('',(-0.0237000670460282,0.00803476490096415,0.0645759626104224));
#14622=CARTESIAN_POINT('',(-0.0244641234197926,0.00827264010602293,0.0637769582403656));
#14623=CARTESIAN_POINT('',(-0.0242178350405861,0.00816667031240911,0.0640456146025166));
#14624=CARTESIAN_POINT('',(-0.0239711528339717,0.00806119312170837,0.0643141746088754));
#14625=CARTESIAN_POINT('',(-0.0237240767999493,0.0079562085339207,0.0645826382594423));
#14626=CARTESIAN_POINT('',(-0.0245244158073692,0.00496831227235996,0.0647430185330208));
#14627=CARTESIAN_POINT('',(-0.0247908490239422,0.00499999560646521,0.0644765379357073));
#14628=CARTESIAN_POINT('',(-0.0250572822405152,0.00503167894057046,0.0642100573383938));
#14629=CARTESIAN_POINT('',(-0.0253237154570882,0.00506336227467572,0.0639435767410804));
#14630=CARTESIAN_POINT('',(-0.00489190589675749,-0.0245422061293859,0.0647543876237279));
#14631=CARTESIAN_POINT('',(-0.0064929575423739,-0.0242230745099662,0.064670782984041));
#14632=CARTESIAN_POINT('',(-0.00803897764571625,-0.0236986384294895,0.0645857308605312));
#14633=CARTESIAN_POINT('',(-0.00504829050084964,-0.0253267721594962,0.0655543876237279));
#14634=CARTESIAN_POINT('',(-0.00670052461665559,-0.0249974385302648,0.065470782984041));
#14635=CARTESIAN_POINT('',(-0.0082959679400848,-0.0244562372604022,0.0653857308605312));
#14636=CARTESIAN_POINT('',(-0.00795964604338587,-0.023722881464918,0.0645874039981847));
#14637=CARTESIAN_POINT('',(-0.00806542172439228,-0.023969462037127,0.0648538659628313));
#14638=CARTESIAN_POINT('',(-0.0081711974053987,-0.024216042609336,0.065120327927478));
#14639=CARTESIAN_POINT('',(-0.00827697308640511,-0.0244626231815451,0.0653867898921246));
#14640=CARTESIAN_POINT('',(-0.00506776109232152,-0.0253228681814963,0.0655534165208713));
#14641=CARTESIAN_POINT('',(-0.00503638222197482,-0.0250565671330036,0.0652847555789996));
#14642=CARTESIAN_POINT('',(-0.00500438544867839,-0.0247901936672739,0.0650162117731839));
#14643=CARTESIAN_POINT('',(-0.00497177077243223,-0.0245237477843073,0.0647477851034243));
#14644=CARTESIAN_POINT('',(0.0245422061293859,-0.00489190589675747,0.0667543876237279));
#14645=CARTESIAN_POINT('',(0.0242230745099662,-0.0064929575423739,0.0666707829840411));
#14646=CARTESIAN_POINT('',(0.0236986384294894,-0.00803897764571626,0.0665857308605312));
#14647=CARTESIAN_POINT('',(0.0253267721594962,-0.00504829050084962,0.0675543876237279));
#14648=CARTESIAN_POINT('',(0.0249974385302648,-0.00670052461665559,0.067470782984041));
#14649=CARTESIAN_POINT('',(0.0244562372604022,-0.00829596794008482,0.0673857308605312));
#14650=CARTESIAN_POINT('',(0.023722881464918,-0.00795964604338579,0.0665874039981847));
#14651=CARTESIAN_POINT('',(0.023969462037127,-0.00806542172439224,0.0668538659628314));
#14652=CARTESIAN_POINT('',(0.024216042609336,-0.00817119740539868,0.067120327927478));
#14653=CARTESIAN_POINT('',(0.0244626231815451,-0.00827697308640513,0.0673867898921246));
#14654=CARTESIAN_POINT('',(0.0253228681814964,-0.00506776109232151,0.0675534165208714));
#14655=CARTESIAN_POINT('',(0.0250565671330024,-0.00503638222197466,0.0672847555789984));
#14656=CARTESIAN_POINT('',(0.0247901936672727,-0.00500438544867823,0.0670162117731827));
#14657=CARTESIAN_POINT('',(0.0245237477843073,-0.00497177077243222,0.0667477851034243));
#14658=CARTESIAN_POINT('',(0.0245422061293859,-0.0048919058967575,0.0587543876237279));
#14659=CARTESIAN_POINT('',(0.0242230745099662,-0.00649295754237398,0.0586707829840411));
#14660=CARTESIAN_POINT('',(0.0236986384294894,-0.00803897764571639,0.0585857308605312));
#14661=CARTESIAN_POINT('',(0.0253267721594962,-0.00504829050084965,0.0595543876237279));
#14662=CARTESIAN_POINT('',(0.0249974385302648,-0.00670052461665567,0.059470782984041));
#14663=CARTESIAN_POINT('',(0.0244562372604022,-0.00829596794008495,0.0593857308605312));
#14664=CARTESIAN_POINT('',(0.0237252049159242,-0.0079606361972198,0.0585899102341032));
#14665=CARTESIAN_POINT('',(0.0239710110044645,-0.00806608182694829,0.058855536786777));
#14666=CARTESIAN_POINT('',(0.0242168170930047,-0.00817152745667677,0.0591211633394508));
#14667=CARTESIAN_POINT('',(0.024462623181545,-0.00827697308640526,0.0593867898921246));
#14668=CARTESIAN_POINT('',(0.0253228681814964,-0.00506776109232151,0.0595534165208713));
#14669=CARTESIAN_POINT('',(0.0250573568521071,-0.00503647527640888,0.0592855522963965));
#14670=CARTESIAN_POINT('',(0.0247917735332005,-0.00500457521676942,0.0590178045131104));
#14671=CARTESIAN_POINT('',(0.0245261182247764,-0.00497206091340314,0.0587501731710129));
#14672=CARTESIAN_POINT('',(0.00489190589675748,0.024542206129386,0.0607543876237279));
#14673=CARTESIAN_POINT('',(0.0064929575423739,0.0242230745099662,0.0606707829840411));
#14674=CARTESIAN_POINT('',(0.00803897764571625,0.0236986384294894,0.0605857308605312));
#14675=CARTESIAN_POINT('',(0.00504829050084963,0.0253267721594962,0.0615543876237279));
#14676=CARTESIAN_POINT('',(0.00670052461665559,0.0249974385302648,0.0614707829840411));
#14677=CARTESIAN_POINT('',(0.00829596794008481,0.0244562372604022,0.0613857308605312));
#14678=CARTESIAN_POINT('',(0.00795964604338585,0.023722881464918,0.0605874039981847));
#14679=CARTESIAN_POINT('',(0.00806542172439228,0.023969462037127,0.0608538659628314));
#14680=CARTESIAN_POINT('',(0.0081711974053987,0.024216042609336,0.061120327927478));
#14681=CARTESIAN_POINT('',(0.00827697308640513,0.0244626231815451,0.0613867898921246));
#14682=CARTESIAN_POINT('',(0.0050677610923215,0.0253228681814963,0.0615534165208713));
#14683=CARTESIAN_POINT('',(0.00503638222197472,0.0250565671330028,0.0612847555789988));
#14684=CARTESIAN_POINT('',(0.0050043854486783,0.0247901936672731,0.0610162117731831));
#14685=CARTESIAN_POINT('',(0.00497177077243223,0.0245237477843073,0.0607477851034242));
#14686=CARTESIAN_POINT('',(-0.024542206129386,0.00489190589675748,0.0627543876237279));
#14687=CARTESIAN_POINT('',(-0.0242230745099662,0.0064929575423739,0.062670782984041));
#14688=CARTESIAN_POINT('',(-0.0236986384294894,0.00803897764571625,0.0625857308605312));
#14689=CARTESIAN_POINT('',(-0.0253267721594962,0.00504829050084963,0.0635543876237279));
#14690=CARTESIAN_POINT('',(-0.0249974385302648,0.00670052461665559,0.063470782984041));
#14691=CARTESIAN_POINT('',(-0.0244562372604022,0.00829596794008481,0.0633857308605312));
#14692=CARTESIAN_POINT('',(-0.023722881464918,0.00795964604338588,0.0625874039981847));
#14693=CARTESIAN_POINT('',(-0.023969462037127,0.0080654217243923,0.0628538659628313));
#14694=CARTESIAN_POINT('',(-0.024216042609336,0.00817119740539872,0.063120327927478));
#14695=CARTESIAN_POINT('',(-0.0244626231815451,0.00827697308640514,0.0633867898921246));
#14696=CARTESIAN_POINT('',(-0.0253228681814964,0.00506776109232151,0.0635534165208713));
#14697=CARTESIAN_POINT('',(-0.0250565671330035,0.0050363822219748,0.0632847555789995));
#14698=CARTESIAN_POINT('',(-0.0247901936672738,0.00500438544867838,0.0630162117731838));
#14699=CARTESIAN_POINT('',(-0.0245237477843073,0.00497177077243223,0.0627477851034242));
#14700=CARTESIAN_POINT('',(0.,0.,0.017971029815598));
#14701=CARTESIAN_POINT('',(0.,0.,0.0075));
#14702=CARTESIAN_POINT('',(-0.0325,0.,0.0075));
#14703=CARTESIAN_POINT('',(0.,0.,0.00049999999999999));
#14704=CARTESIAN_POINT('',(0.,0.,0.000397478353527325));
#14705=CARTESIAN_POINT('',(0.02545515628832,0.,0.000397478353527325));
#14706=CARTESIAN_POINT('',(0.,0.,0.00049999999999999));
#14707=CARTESIAN_POINT('',(-0.0254435897435898,0.,0.00049999999999999));
#14708=CARTESIAN_POINT('',(0.,0.,0.00049999999999999));
#14709=CARTESIAN_POINT('',(0.,0.,0.00106568542494924));
#14710=CARTESIAN_POINT('',(-0.026009275168539,0.,0.00106568542494924));
#14711=CARTESIAN_POINT('',(0.,0.,0.00106568542494924));
#14712=CARTESIAN_POINT('',(0.,0.,0.00177524459959655));
#14713=CARTESIAN_POINT('',(-0.0252997159938916,0.,0.00177524459959655));
#14714=CARTESIAN_POINT('',(0.,0.,0.00189117423734549));
#14715=CARTESIAN_POINT('',(0.,0.,0.00189117423734549));
#14716=CARTESIAN_POINT('',(-0.0252866367527097,0.,0.00189117423734549));
#14717=CARTESIAN_POINT('',(0.,0.,0.00189117423734549));
#14718=CARTESIAN_POINT('',(0.,0.,0.00245685966229473));
#14719=CARTESIAN_POINT('',(-0.025852322177659,0.,0.00245685966229473));
#14720=CARTESIAN_POINT('',(0.,0.,0.00245685966229473));
#14721=CARTESIAN_POINT('',(0.,0.,0.00316641883694205));
#14722=CARTESIAN_POINT('',(-0.0251427630030116,0.,0.00316641883694205));
#14723=CARTESIAN_POINT('',(0.,0.,0.00328234847469098));
#14724=CARTESIAN_POINT('',(0.,0.,0.00328234847469098));
#14725=CARTESIAN_POINT('',(-0.0251296837618297,0.,0.00328234847469098));
#14726=CARTESIAN_POINT('',(0.,0.,0.00328234847469098));
#14727=CARTESIAN_POINT('',(0.,0.,0.00384803389964023));
#14728=CARTESIAN_POINT('',(-0.025695369186779,0.,0.00384803389964023));
#14729=CARTESIAN_POINT('',(0.,0.,0.00384803389964023));
#14730=CARTESIAN_POINT('',(0.,0.,0.00455759307428754));
#14731=CARTESIAN_POINT('',(-0.0249858100121317,0.,0.00455759307428754));
#14732=CARTESIAN_POINT('',(0.,0.,0.00467352271203649));
#14733=CARTESIAN_POINT('',(0.,0.,0.00467352271203649));
#14734=CARTESIAN_POINT('',(-0.0249727307709498,0.,0.00467352271203649));
#14735=CARTESIAN_POINT('',(0.,0.,0.00467352271203649));
#14736=CARTESIAN_POINT('',(0.,0.,0.00523920813698573));
#14737=CARTESIAN_POINT('',(-0.0255384161958989,0.,0.00523920813698573));
#14738=CARTESIAN_POINT('',(0.,0.,0.00523920813698573));
#14739=CARTESIAN_POINT('',(0.,0.,0.00594876731163303));
#14740=CARTESIAN_POINT('',(-0.0248288570212516,0.,0.00594876731163303));
#14741=CARTESIAN_POINT('',(0.,0.,0.00606469694938199));
#14742=CARTESIAN_POINT('',(0.,0.,0.00606469694938199));
#14743=CARTESIAN_POINT('',(-0.0248157777800697,0.,0.00606469694938199));
#14744=CARTESIAN_POINT('',(0.,0.,0.00606469694938199));
#14745=CARTESIAN_POINT('',(0.,0.,0.00663038237433122));
#14746=CARTESIAN_POINT('',(-0.0253814632050189,0.,0.00663038237433122));
#14747=CARTESIAN_POINT('',(0.,0.,0.00663038237433122));
#14748=CARTESIAN_POINT('',(0.,0.,0.00733994154897853));
#14749=CARTESIAN_POINT('',(-0.0246719040303717,0.,0.00733994154897853));
#14750=CARTESIAN_POINT('',(0.,0.,0.00745587118672749));
#14751=CARTESIAN_POINT('',(0.,0.,0.00745587118672749));
#14752=CARTESIAN_POINT('',(-0.0246588247891897,0.,0.00745587118672749));
#14753=CARTESIAN_POINT('',(0.,0.,0.00745587118672749));
#14754=CARTESIAN_POINT('',(0.,0.,0.00802155661167671));
#14755=CARTESIAN_POINT('',(-0.025224510214139,0.,0.00802155661167671));
#14756=CARTESIAN_POINT('',(0.,0.,0.00802155661167671));
#14757=CARTESIAN_POINT('',(0.,0.,0.00873111578632402));
#14758=CARTESIAN_POINT('',(-0.0245149510394916,0.,0.00873111578632402));
#14759=CARTESIAN_POINT('',(0.,0.,0.00884704542407299));
#14760=CARTESIAN_POINT('',(0.,0.,0.00884704542407299));
#14761=CARTESIAN_POINT('',(-0.0245018717983097,0.,0.00884704542407299));
#14762=CARTESIAN_POINT('',(0.,0.,0.00884704542407299));
#14763=CARTESIAN_POINT('',(0.,0.,0.00941273084902221));
#14764=CARTESIAN_POINT('',(-0.025067557223259,0.,0.00941273084902221));
#14765=CARTESIAN_POINT('',(0.,0.,0.00941273084902221));
#14766=CARTESIAN_POINT('',(0.,0.,0.0101222900236695));
#14767=CARTESIAN_POINT('',(-0.0243579980486116,0.,0.0101222900236695));
#14768=CARTESIAN_POINT('',(0.,0.,0.0102382196614185));
#14769=CARTESIAN_POINT('',(0.,0.,0.0102382196614185));
#14770=CARTESIAN_POINT('',(-0.0243449188074297,0.,0.0102382196614185));
#14771=CARTESIAN_POINT('',(0.,0.,0.0102382196614185));
#14772=CARTESIAN_POINT('',(0.,0.,0.0108039050863677));
#14773=CARTESIAN_POINT('',(-0.0249106042323789,0.,0.0108039050863677));
#14774=CARTESIAN_POINT('',(0.,0.,0.0108039050863677));
#14775=CARTESIAN_POINT('',(0.,0.,0.011513464261015));
#14776=CARTESIAN_POINT('',(-0.0242010450577317,0.,0.011513464261015));
#14777=CARTESIAN_POINT('',(0.,0.,0.011629393898764));
#14778=CARTESIAN_POINT('',(0.,0.,0.011629393898764));
#14779=CARTESIAN_POINT('',(-0.0241879658165497,0.,0.011629393898764));
#14780=CARTESIAN_POINT('',(0.,0.,0.011629393898764));
#14781=CARTESIAN_POINT('',(0.,0.,0.0121950793237132));
#14782=CARTESIAN_POINT('',(-0.024753651241499,0.,0.0121950793237132));
#14783=CARTESIAN_POINT('',(0.,0.,0.0121950793237132));
#14784=CARTESIAN_POINT('',(0.,0.,0.0129046384983605));
#14785=CARTESIAN_POINT('',(-0.0240440920668516,0.,0.0129046384983605));
#14786=CARTESIAN_POINT('',(0.,0.,0.0130205681361095));
#14787=CARTESIAN_POINT('',(0.,0.,0.0130205681361095));
#14788=CARTESIAN_POINT('',(-0.0240310128256697,0.,0.0130205681361095));
#14789=CARTESIAN_POINT('',(0.,0.,0.0130205681361095));
#14790=CARTESIAN_POINT('',(0.,0.,0.0135862535610587));
#14791=CARTESIAN_POINT('',(-0.0245966982506189,0.,0.0135862535610587));
#14792=CARTESIAN_POINT('',(0.,0.,0.0135862535610587));
#14793=CARTESIAN_POINT('',(0.,0.,0.014295812735706));
#14794=CARTESIAN_POINT('',(-0.0238871390759717,0.,0.014295812735706));
#14795=CARTESIAN_POINT('',(0.,0.,0.014411742373455));
#14796=CARTESIAN_POINT('',(0.,0.,0.014411742373455));
#14797=CARTESIAN_POINT('',(-0.0238740598347897,0.,0.014411742373455));
#14798=CARTESIAN_POINT('',(0.,0.,0.014411742373455));
#14799=CARTESIAN_POINT('',(0.,0.,0.0149774277984042));
#14800=CARTESIAN_POINT('',(-0.024439745259739,0.,0.0149774277984042));
#14801=CARTESIAN_POINT('',(0.,0.,0.0149774277984042));
#14802=CARTESIAN_POINT('',(0.,0.,0.0156869869730515));
#14803=CARTESIAN_POINT('',(-0.0237301860850916,0.,0.0156869869730515));
#14804=CARTESIAN_POINT('',(0.,0.,0.0158029166108004));
#14805=CARTESIAN_POINT('',(0.,0.,0.0158029166108004));
#14806=CARTESIAN_POINT('',(-0.0237171068439097,0.,0.0158029166108004));
#14807=CARTESIAN_POINT('',(0.,0.,0.0158029166108004));
#14808=CARTESIAN_POINT('',(0.,0.,0.0163686020357497));
#14809=CARTESIAN_POINT('',(-0.0242827922688589,0.,0.0163686020357497));
#14810=CARTESIAN_POINT('',(0.,0.,0.0163686020357497));
#14811=CARTESIAN_POINT('',(0.,0.,0.017078161210397));
#14812=CARTESIAN_POINT('',(-0.0235732330942116,0.,0.017078161210397));
#14813=CARTESIAN_POINT('',(0.,0.,0.0171940908481459));
#14814=CARTESIAN_POINT('',(0.,0.,0.0171940908481459));
#14815=CARTESIAN_POINT('',(-0.0235601538530297,0.,0.0171940908481459));
#14816=CARTESIAN_POINT('',(0.,0.,0.0171940908481459));
#14817=CARTESIAN_POINT('',(0.,0.,0.0177597762730952));
#14818=CARTESIAN_POINT('',(-0.0241258392779789,0.,0.0177597762730952));
#14819=CARTESIAN_POINT('',(0.,0.,0.0177597762730952));
#14820=CARTESIAN_POINT('',(0.,0.,0.0184693354477425));
#14821=CARTESIAN_POINT('',(-0.0234162801033316,0.,0.0184693354477425));
#14822=CARTESIAN_POINT('',(0.,0.,0.0185852650854915));
#14823=CARTESIAN_POINT('',(0.,0.,0.0185852650854915));
#14824=CARTESIAN_POINT('',(-0.0234032008621497,0.,0.0185852650854915));
#14825=CARTESIAN_POINT('',(0.,0.,0.0185852650854915));
#14826=CARTESIAN_POINT('',(0.,0.,0.0191509505104407));
#14827=CARTESIAN_POINT('',(-0.023968886287099,0.,0.0191509505104407));
#14828=CARTESIAN_POINT('',(0.,0.,0.0191509505104407));
#14829=CARTESIAN_POINT('',(0.,0.,0.019860509685088));
#14830=CARTESIAN_POINT('',(-0.0232593271124516,0.,0.019860509685088));
#14831=CARTESIAN_POINT('',(0.,0.,0.019976439322837));
#14832=CARTESIAN_POINT('',(0.,0.,0.019976439322837));
#14833=CARTESIAN_POINT('',(-0.0232462478712697,0.,0.019976439322837));
#14834=CARTESIAN_POINT('',(0.,0.,0.019976439322837));
#14835=CARTESIAN_POINT('',(0.,0.,0.0205421247477862));
#14836=CARTESIAN_POINT('',(-0.0238119332962189,0.,0.0205421247477862));
#14837=CARTESIAN_POINT('',(0.,0.,0.0205421247477862));
#14838=CARTESIAN_POINT('',(0.,0.,0.0212516839224335));
#14839=CARTESIAN_POINT('',(-0.0231023741215716,0.,0.0212516839224335));
#14840=CARTESIAN_POINT('',(0.,0.,0.0213676135601824));
#14841=CARTESIAN_POINT('',(0.,0.,0.0213676135601824));
#14842=CARTESIAN_POINT('',(-0.0230892948803897,0.,0.0213676135601824));
#14843=CARTESIAN_POINT('',(0.,0.,0.0213676135601824));
#14844=CARTESIAN_POINT('',(0.,0.,0.0219332989851317));
#14845=CARTESIAN_POINT('',(-0.0236549803053389,0.,0.0219332989851317));
#14846=CARTESIAN_POINT('',(0.,0.,0.0219332989851317));
#14847=CARTESIAN_POINT('',(0.,0.,0.022642858159779));
#14848=CARTESIAN_POINT('',(-0.0229454211306916,0.,0.022642858159779));
#14849=CARTESIAN_POINT('',(0.,0.,0.022758787797528));
#14850=CARTESIAN_POINT('',(0.,0.,0.022758787797528));
#14851=CARTESIAN_POINT('',(-0.0229323418895096,0.,0.022758787797528));
#14852=CARTESIAN_POINT('',(0.,0.,0.022758787797528));
#14853=CARTESIAN_POINT('',(0.,0.,0.0233244732224771));
#14854=CARTESIAN_POINT('',(-0.0234980273144589,0.,0.0233244732224771));
#14855=CARTESIAN_POINT('',(0.,0.,0.0233244732224771));
#14856=CARTESIAN_POINT('',(0.,0.,0.0240340323971245));
#14857=CARTESIAN_POINT('',(-0.0227884681398116,0.,0.0240340323971245));
#14858=CARTESIAN_POINT('',(0.,0.,0.0241499620348735));
#14859=CARTESIAN_POINT('',(0.,0.,0.0241499620348735));
#14860=CARTESIAN_POINT('',(-0.0227753888986297,0.,0.0241499620348735));
#14861=CARTESIAN_POINT('',(0.,0.,0.0241499620348735));
#14862=CARTESIAN_POINT('',(0.,0.,0.0247156474598226));
#14863=CARTESIAN_POINT('',(-0.0233410743235789,0.,0.0247156474598226));
#14864=CARTESIAN_POINT('',(0.,0.,0.0247156474598226));
#14865=CARTESIAN_POINT('',(0.,0.,0.02542520663447));
#14866=CARTESIAN_POINT('',(-0.0226315151489316,0.,0.02542520663447));
#14867=CARTESIAN_POINT('',(0.,0.,0.025541136272219));
#14868=CARTESIAN_POINT('',(0.,0.,0.025541136272219));
#14869=CARTESIAN_POINT('',(-0.0226184359077497,0.,0.025541136272219));
#14870=CARTESIAN_POINT('',(0.,0.,0.025541136272219));
#14871=CARTESIAN_POINT('',(0.,0.,0.0261068216971681));
#14872=CARTESIAN_POINT('',(-0.0231841213326989,0.,0.0261068216971681));
#14873=CARTESIAN_POINT('',(0.,0.,0.0261068216971681));
#14874=CARTESIAN_POINT('',(0.,0.,0.0268163808718155));
#14875=CARTESIAN_POINT('',(-0.0224745621580516,0.,0.0268163808718155));
#14876=CARTESIAN_POINT('',(0.,0.,0.0269323105095644));
#14877=CARTESIAN_POINT('',(0.,0.,0.0269323105095644));
#14878=CARTESIAN_POINT('',(-0.0224614829168697,0.,0.0269323105095644));
#14879=CARTESIAN_POINT('',(0.,0.,0.0269323105095644));
#14880=CARTESIAN_POINT('',(0.,0.,0.0274979959345136));
#14881=CARTESIAN_POINT('',(-0.0230271683418189,0.,0.0274979959345136));
#14882=CARTESIAN_POINT('',(0.,0.,0.0274979959345136));
#14883=CARTESIAN_POINT('',(0.,0.,0.028207555109161));
#14884=CARTESIAN_POINT('',(-0.0223176091671716,0.,0.028207555109161));
#14885=CARTESIAN_POINT('',(0.,0.,0.02832348474691));
#14886=CARTESIAN_POINT('',(0.,0.,0.02832348474691));
#14887=CARTESIAN_POINT('',(-0.0223045299259897,0.,0.02832348474691));
#14888=CARTESIAN_POINT('',(0.,0.,0.02832348474691));
#14889=CARTESIAN_POINT('',(0.,0.,0.0288891701718592));
#14890=CARTESIAN_POINT('',(-0.0228702153509389,0.,0.0288891701718592));
#14891=CARTESIAN_POINT('',(0.,0.,0.0288891701718592));
#14892=CARTESIAN_POINT('',(0.,0.,0.0295987293465065));
#14893=CARTESIAN_POINT('',(-0.0221606561762916,0.,0.0295987293465065));
#14894=CARTESIAN_POINT('',(0.,0.,0.0297146589842554));
#14895=CARTESIAN_POINT('',(0.,0.,0.0297146589842554));
#14896=CARTESIAN_POINT('',(-0.0221475769351097,0.,0.0297146589842554));
#14897=CARTESIAN_POINT('',(0.,0.,0.0297146589842554));
#14898=CARTESIAN_POINT('',(0.,0.,0.0302803444092047));
#14899=CARTESIAN_POINT('',(-0.0227132623600589,0.,0.0302803444092047));
#14900=CARTESIAN_POINT('',(0.,0.,0.0302803444092047));
#14901=CARTESIAN_POINT('',(0.,0.,0.0309899035838519));
#14902=CARTESIAN_POINT('',(-0.0220037031854116,0.,0.0309899035838519));
#14903=CARTESIAN_POINT('',(0.,0.,0.0311058332216009));
#14904=CARTESIAN_POINT('',(0.,0.,0.0311058332216009));
#14905=CARTESIAN_POINT('',(-0.0219906239442297,0.,0.0311058332216009));
#14906=CARTESIAN_POINT('',(0.,0.,0.0311058332216009));
#14907=CARTESIAN_POINT('',(0.,0.,0.0316715186465501));
#14908=CARTESIAN_POINT('',(-0.0225563093691789,0.,0.0316715186465501));
#14909=CARTESIAN_POINT('',(0.,0.,0.0316715186465501));
#14910=CARTESIAN_POINT('',(0.,0.,0.0323810778211974));
#14911=CARTESIAN_POINT('',(-0.0218467501945315,0.,0.0323810778211974));
#14912=CARTESIAN_POINT('',(0.,0.,0.0324970074589464));
#14913=CARTESIAN_POINT('',(0.,0.,0.0324970074589464));
#14914=CARTESIAN_POINT('',(-0.0218336709533497,0.,0.0324970074589464));
#14915=CARTESIAN_POINT('',(0.,0.,0.0324970074589464));
#14916=CARTESIAN_POINT('',(0.,0.,0.0330626928838956));
#14917=CARTESIAN_POINT('',(-0.0223993563782989,0.,0.0330626928838956));
#14918=CARTESIAN_POINT('',(0.,0.,0.0330626928838956));
#14919=CARTESIAN_POINT('',(0.,0.,0.033772252058543));
#14920=CARTESIAN_POINT('',(-0.0216897972036516,0.,0.033772252058543));
#14921=CARTESIAN_POINT('',(0.,0.,0.0338881816962919));
#14922=CARTESIAN_POINT('',(0.,0.,0.0338881816962919));
#14923=CARTESIAN_POINT('',(-0.0216767179624697,0.,0.0338881816962919));
#14924=CARTESIAN_POINT('',(0.,0.,0.0338881816962919));
#14925=CARTESIAN_POINT('',(0.,0.,0.0344538671212411));
#14926=CARTESIAN_POINT('',(-0.0222424033874189,0.,0.0344538671212411));
#14927=CARTESIAN_POINT('',(0.,0.,0.0344538671212411));
#14928=CARTESIAN_POINT('',(0.,0.,0.0351634262958885));
#14929=CARTESIAN_POINT('',(-0.0215328442127716,0.,0.0351634262958885));
#14930=CARTESIAN_POINT('',(0.,0.,0.0352793559336374));
#14931=CARTESIAN_POINT('',(0.,0.,0.0352793559336374));
#14932=CARTESIAN_POINT('',(-0.0215197649715896,0.,0.0352793559336374));
#14933=CARTESIAN_POINT('',(0.,0.,0.0352793559336374));
#14934=CARTESIAN_POINT('',(0.,0.,0.0358450413585866));
#14935=CARTESIAN_POINT('',(-0.0220854503965389,0.,0.0358450413585866));
#14936=CARTESIAN_POINT('',(0.,0.,0.0358450413585866));
#14937=CARTESIAN_POINT('',(0.,0.,0.0365546005332339));
#14938=CARTESIAN_POINT('',(-0.0213758912218915,0.,0.0365546005332339));
#14939=CARTESIAN_POINT('',(0.,0.,0.0366705301709829));
#14940=CARTESIAN_POINT('',(0.,0.,0.0366705301709829));
#14941=CARTESIAN_POINT('',(-0.0213628119807096,0.,0.0366705301709829));
#14942=CARTESIAN_POINT('',(0.,0.,0.0366705301709829));
#14943=CARTESIAN_POINT('',(0.,0.,0.0372362155959322));
#14944=CARTESIAN_POINT('',(-0.0219284974056588,0.,0.0372362155959322));
#14945=CARTESIAN_POINT('',(0.,0.,0.0372362155959322));
#14946=CARTESIAN_POINT('',(0.,0.,0.0379457747705794));
#14947=CARTESIAN_POINT('',(-0.0212189382310115,0.,0.0379457747705794));
#14948=CARTESIAN_POINT('',(0.,0.,0.0380617044083284));
#14949=CARTESIAN_POINT('',(0.,0.,0.0380617044083284));
#14950=CARTESIAN_POINT('',(-0.0212058589898296,0.,0.0380617044083284));
#14951=CARTESIAN_POINT('',(0.,0.,0.0380617044083284));
#14952=CARTESIAN_POINT('',(0.,0.,0.0386273898332777));
#14953=CARTESIAN_POINT('',(-0.0217715444147788,0.,0.0386273898332777));
#14954=CARTESIAN_POINT('',(0.,0.,0.0386273898332777));
#14955=CARTESIAN_POINT('',(0.,0.,0.0392989342480565));
#14956=CARTESIAN_POINT('',(-0.0211,0.,0.0392989342480565));
#14957=CARTESIAN_POINT('',(0.,0.,0.017971029815598));
#14958=CARTESIAN_POINT('',(0.,0.,0.0395039726467242));
#14959=CARTESIAN_POINT('',(-0.0211,0.,0.0395039726467242));
#14960=CARTESIAN_POINT('',(0.,0.,0.0395039726467242));
#14961=CARTESIAN_POINT('',(0.,0.,0.0400185640706232));
#14962=CARTESIAN_POINT('',(-0.0216145914238989,0.,0.0400185640706232));
#14963=CARTESIAN_POINT('',(0.,0.,0.0400185640706232));
#14964=CARTESIAN_POINT('',(0.,0.,0.040533155494522));
#14965=CARTESIAN_POINT('',(-0.0211,0.,0.040533155494522));
#14966=CARTESIAN_POINT('',(0.,0.,0.017971029815598));
#14967=CARTESIAN_POINT('',(0.,0.,0.0410520998749497));
#14968=CARTESIAN_POINT('',(-0.0211,0.,0.0410520998749497));
#14969=CARTESIAN_POINT('',(0.,0.,0.0410520998749497));
#14970=CARTESIAN_POINT('',(0.,0.,0.0414097383079686));
#14971=CARTESIAN_POINT('',(-0.0214576384330188,0.,0.0414097383079686));
#14972=CARTESIAN_POINT('',(0.,0.,0.0414097383079686));
#14973=CARTESIAN_POINT('',(0.,0.,0.017971029815598));
#14974=CARTESIAN_POINT('',(0.,0.,0.067));
#14975=CARTESIAN_POINT('',(0.0211,0.,0.067));
#14976=CARTESIAN_POINT('',(0.,0.,0.06875));
#14977=CARTESIAN_POINT('',(-0.0211,0.,0.06875));
#14978=CARTESIAN_POINT('',(-0.023025,0.,0.069));
#14979=CARTESIAN_POINT('',(0.,1.41446705301519E-18,0.069));
#14980=CARTESIAN_POINT('',(-0.0234,1.41446705301519E-18,0.069));
#14981=CARTESIAN_POINT('',(-0.0136644486177863,-0.0239767995788986,0.069));
#14982=CARTESIAN_POINT('',(0.0217132895648384,-0.0101653175687472,0.069));
#14983=CARTESIAN_POINT('',(0.0227755641837379,-0.00975060516647222,0.069));
#14984=CARTESIAN_POINT('',(0.,1.53233930743313E-18,0.069));
#14985=CARTESIAN_POINT('',(0.0245995197518763,-0.00294351031543089,0.069));
#14986=CARTESIAN_POINT('',(0.00456656021205418,0.0220847019743091,0.069));
#14987=CARTESIAN_POINT('',(0.0238869191472513,-0.00205322153034657,0.069));
#14988=CARTESIAN_POINT('',(-8.67361737988404E-18,8.67361737988404E-19,0.069));
#14989=CARTESIAN_POINT('',(0.0101653175687472,0.0217132895648384,0.069));
#14990=CARTESIAN_POINT('',(0.0131314940580678,0.0141155085906089,0.069));
#14991=CARTESIAN_POINT('',(0.00975060516647222,0.0227755641837379,0.069));
#14992=CARTESIAN_POINT('',(0.,1.53233930743313E-18,0.069));
#14993=CARTESIAN_POINT('',(0.00294351031543087,0.0245995197518763,0.069));
#14994=CARTESIAN_POINT('',(-0.0248856660018846,0.00232462625419373,0.069));
#14995=CARTESIAN_POINT('',(0.00205322153034655,0.0238869191472513,0.069));
#14996=CARTESIAN_POINT('',(-8.67361737988404E-18,8.67361737988404E-19,0.069));
#14997=CARTESIAN_POINT('',(-0.0217132895648384,0.0101653175687472,0.069));
#14998=CARTESIAN_POINT('',(-0.0262952030697781,0.00837653684967267,0.069));
#14999=CARTESIAN_POINT('',(-0.0227755641837379,0.00975060516647222,0.069));
#15000=CARTESIAN_POINT('',(0.,1.53233930743313E-18,0.069));
#15001=CARTESIAN_POINT('',(-0.0245995197518763,0.00294351031543088,0.069));
#15002=CARTESIAN_POINT('',(-0.0225486622266181,0.000381267955976205,0.069));
#15003=CARTESIAN_POINT('',(-0.0238869191472513,0.00205322153034656,0.069));
#15004=CARTESIAN_POINT('',(-8.67361737988404E-18,8.67361737988404E-19,0.069));
#15005=CARTESIAN_POINT('',(-0.0101653175687472,-0.0217132895648384,0.069));
#15006=CARTESIAN_POINT('',(-0.0192218423705038,0.00148475413861693,0.069));
#15007=CARTESIAN_POINT('',(-0.00975060516647223,-0.0227755641837379,0.069));
#15008=CARTESIAN_POINT('',(0.,1.53233930743313E-18,0.069));
#15009=CARTESIAN_POINT('',(-0.00294351031543087,-0.0245995197518763,0.069));
#15010=CARTESIAN_POINT('',(-0.00318223198355177,-0.024790596184479,0.069));
#15011=CARTESIAN_POINT('',(-0.00205322153034656,-0.0238869191472513,0.069));
#15012=CARTESIAN_POINT('',(-8.67361737988404E-18,8.67361737988404E-19,0.069));
#15013=CARTESIAN_POINT('',(0.035,0.,0.006));
#15014=CARTESIAN_POINT('',(0.035,0.,0.0056));
#15015=CARTESIAN_POINT('',(0.035,0.0396,0.0056));
#15016=CARTESIAN_POINT('',(0.035,0.0259,0.0056));
#15017=CARTESIAN_POINT('',(0.035,0.0259,0.003));
#15018=CARTESIAN_POINT('',(0.035,0.0259,0.0026));
#15019=CARTESIAN_POINT('',(0.035,0.0195,0.0026));
#15020=CARTESIAN_POINT('',(0.035,0.0191,0.0026));
#15021=CARTESIAN_POINT('',(0.035,0.0191,0.006));
#15022=CARTESIAN_POINT('',(0.035,0.0191,0.0056));
#15023=CARTESIAN_POINT('',(0.035,0.,0.0056));
#15024=CARTESIAN_POINT('',(0.035,-0.0191,0.0056));
#15025=CARTESIAN_POINT('',(0.035,-0.0191,0.003));
#15026=CARTESIAN_POINT('',(0.035,-0.0191,0.0026));
#15027=CARTESIAN_POINT('',(0.035,-0.0255,0.0026));
#15028=CARTESIAN_POINT('',(0.035,-0.0259,0.0026));
#15029=CARTESIAN_POINT('',(0.035,-0.0259,0.006));
#15030=CARTESIAN_POINT('',(0.035,-0.0259,0.0056));
#15031=CARTESIAN_POINT('',(0.035,0.,0.0056));
#15032=CARTESIAN_POINT('',(0.035,-0.0396,0.0056));
#15033=CARTESIAN_POINT('',(0.035,-0.0396,2.88889491658086E-34));
#15034=CARTESIAN_POINT('',(0.035,-0.0396,0.0004));
#15035=CARTESIAN_POINT('',(0.035,0.04,0.0004));
#15036=CARTESIAN_POINT('',(0.035,0.0396,0.0004));
#15037=CARTESIAN_POINT('',(0.035,0.0396,0.006));
#15038=CARTESIAN_POINT('',(0.,-0.04,0.006));
#15039=CARTESIAN_POINT('',(-0.035,-0.04,0.0056));
#15040=CARTESIAN_POINT('',(0.0346,-0.04,0.0056));
#15041=CARTESIAN_POINT('',(-0.0346,-0.04,0.0056));
#15042=CARTESIAN_POINT('',(-0.0346,-0.04,0.006));
#15043=CARTESIAN_POINT('',(-0.0346,-0.04,0.0004));
#15044=CARTESIAN_POINT('',(0.,-0.04,0.0004));
#15045=CARTESIAN_POINT('',(0.0346,-0.04,0.0004));
#15046=CARTESIAN_POINT('',(0.0346,-0.04,0.006));
#15047=CARTESIAN_POINT('',(0.,0.04,0.006));
#15048=CARTESIAN_POINT('',(-0.035,0.04,0.0004));
#15049=CARTESIAN_POINT('',(0.0346,0.04,0.0004));
#15050=CARTESIAN_POINT('',(-0.0346,0.04,0.0004));
#15051=CARTESIAN_POINT('',(-0.0346,0.04,0.006));
#15052=CARTESIAN_POINT('',(-0.0346,0.04,0.0056));
#15053=CARTESIAN_POINT('',(0.,0.04,0.0056));
#15054=CARTESIAN_POINT('',(0.0346,0.04,0.0056));
#15055=CARTESIAN_POINT('',(0.0346,0.04,0.006));
#15056=CARTESIAN_POINT('',(0.00905913291913548,0.0235919139408017,0.0672504663422386));
#15057=CARTESIAN_POINT('',(0.00922897941435286,0.0237890394795904,0.0675228625844626));
#15058=CARTESIAN_POINT('',(0.00905802316244099,0.0235946230549321,0.0678042932521679));
#15059=CARTESIAN_POINT('',(0.00905913291913548,0.0235919139408017,0.0592504663422385));
#15060=CARTESIAN_POINT('',(0.0092289794143529,0.0237890394795905,0.0595228625844626));
#15061=CARTESIAN_POINT('',(0.00905802316244099,0.0235946230549321,0.059804293252168));
#15062=CARTESIAN_POINT('',(0.00395284747398626,0.0249626071824776,0.0675246975903586));
#15063=CARTESIAN_POINT('',(0.00387502113453028,0.0252095484234545,0.0678072000210616));
#15064=CARTESIAN_POINT('',(0.00395065513345942,0.024961392030155,0.0680778265541136));
#15065=CARTESIAN_POINT('',(0.00395284747398627,0.0249626071824777,0.0595246975903586));
#15066=CARTESIAN_POINT('',(0.0038750211345303,0.0252095484234545,0.0598072000210616));
#15067=CARTESIAN_POINT('',(0.00395065513345944,0.024961392030155,0.0600778265541136));
#15068=CARTESIAN_POINT('',(-0.0235919139408017,0.00905913291913548,0.0672504663422386));
#15069=CARTESIAN_POINT('',(-0.0237890394795905,0.00922897941435288,0.0675228625844626));
#15070=CARTESIAN_POINT('',(-0.0235946230549321,0.00905802316244099,0.067804293252168));
#15071=CARTESIAN_POINT('',(-0.0235919139408017,0.0090591329191355,0.0592504663422386));
#15072=CARTESIAN_POINT('',(-0.0237890394795904,0.00922897941435288,0.0595228625844626));
#15073=CARTESIAN_POINT('',(-0.0235946230549321,0.00905802316244099,0.059804293252168));
#15074=CARTESIAN_POINT('',(-0.0249626071824776,0.00395284747398626,0.0675246975903586));
#15075=CARTESIAN_POINT('',(-0.0252095484234545,0.00387502113453029,0.0678072000210616));
#15076=CARTESIAN_POINT('',(-0.024961392030155,0.00395065513345942,0.0680778265541136));
#15077=CARTESIAN_POINT('',(-0.0249626071824777,0.00395284747398627,0.0595246975903586));
#15078=CARTESIAN_POINT('',(-0.0252095484234545,0.0038750211345303,0.0598072000210616));
#15079=CARTESIAN_POINT('',(-0.0249613920301551,0.00395065513345943,0.0600778265541136));
#15080=CARTESIAN_POINT('',(-0.00905913291913548,-0.0235919139408017,0.0672504663422386));
#15081=CARTESIAN_POINT('',(-0.00922897941435288,-0.0237890394795905,0.0675228625844626));
#15082=CARTESIAN_POINT('',(-0.00905802316244098,-0.0235946230549321,0.067804293252168));
#15083=CARTESIAN_POINT('',(-0.00905913291913545,-0.0235919139408017,0.0592504663422385));
#15084=CARTESIAN_POINT('',(-0.00922897941435287,-0.0237890394795905,0.0595228625844626));
#15085=CARTESIAN_POINT('',(-0.00905802316244098,-0.0235946230549322,0.059804293252168));
#15086=CARTESIAN_POINT('',(-0.00395284747398627,-0.0249626071824776,0.0675246975903586));
#15087=CARTESIAN_POINT('',(-0.00387502113453029,-0.0252095484234545,0.0678072000210616));
#15088=CARTESIAN_POINT('',(-0.00395065513345943,-0.0249613920301551,0.0680778265541136));
#15089=CARTESIAN_POINT('',(-0.00395284747398627,-0.0249626071824776,0.0595246975903586));
#15090=CARTESIAN_POINT('',(-0.0038750211345303,-0.0252095484234545,0.0598072000210616));
#15091=CARTESIAN_POINT('',(-0.00395065513345944,-0.0249613920301551,0.0600778265541136));
#15092=CARTESIAN_POINT('',(0.0235919139408017,-0.00905913291913546,0.0672504663422386));
#15093=CARTESIAN_POINT('',(0.0237890394795904,-0.00922897941435287,0.0675228625844626));
#15094=CARTESIAN_POINT('',(0.0235946230549321,-0.00905802316244099,0.0678042932521679));
#15095=CARTESIAN_POINT('',(0.0235919139408017,-0.00905913291913548,0.0592504663422385));
#15096=CARTESIAN_POINT('',(0.0237890394795905,-0.0092289794143529,0.0595228625844626));
#15097=CARTESIAN_POINT('',(0.0235946230549321,-0.009058023162441,0.059804293252168));
#15098=CARTESIAN_POINT('',(0.0249626071824777,-0.00395284747398626,0.0675246975903586));
#15099=CARTESIAN_POINT('',(0.0252095484234545,-0.00387502113453029,0.0678072000210616));
#15100=CARTESIAN_POINT('',(0.024961392030155,-0.00395065513345943,0.0680778265541136));
#15101=CARTESIAN_POINT('',(0.0249626071824776,-0.00395284747398625,0.0595246975903585));
#15102=CARTESIAN_POINT('',(0.0252095484234545,-0.00387502113453028,0.0598072000210616));
#15103=CARTESIAN_POINT('',(0.024961392030155,-0.00395065513345942,0.0600778265541135));
#15104=CARTESIAN_POINT('',(0.0235919139408017,-0.00905913291913546,0.0652504663422386));
#15105=CARTESIAN_POINT('',(0.0237890394795904,-0.00922897941435287,0.0655228625844626));
#15106=CARTESIAN_POINT('',(0.0235946230549321,-0.00905802316244099,0.065804293252168));
#15107=CARTESIAN_POINT('',(0.0249626071824777,-0.00395284747398626,0.0655246975903586));
#15108=CARTESIAN_POINT('',(0.0252095484234545,-0.00387502113453028,0.0658072000210615));
#15109=CARTESIAN_POINT('',(0.024961392030155,-0.00395065513345942,0.0660778265541135));
#15110=CARTESIAN_POINT('',(-0.00905913291913548,-0.0235919139408017,0.0632504663422386));
#15111=CARTESIAN_POINT('',(-0.00922897941435287,-0.0237890394795905,0.0635228625844626));
#15112=CARTESIAN_POINT('',(-0.00905802316244098,-0.0235946230549321,0.063804293252168));
#15113=CARTESIAN_POINT('',(-0.00395284747398626,-0.0249626071824777,0.0635246975903586));
#15114=CARTESIAN_POINT('',(-0.00387502113453029,-0.0252095484234545,0.0638072000210616));
#15115=CARTESIAN_POINT('',(-0.00395065513345943,-0.024961392030155,0.0640778265541136));
#15116=CARTESIAN_POINT('',(-0.0235919139408017,0.00905913291913547,0.0612504663422386));
#15117=CARTESIAN_POINT('',(-0.0237890394795905,0.00922897941435287,0.0615228625844626));
#15118=CARTESIAN_POINT('',(-0.0235946230549322,0.00905802316244098,0.061804293252168));
#15119=CARTESIAN_POINT('',(-0.0249626071824776,0.00395284747398626,0.0615246975903586));
#15120=CARTESIAN_POINT('',(-0.0252095484234545,0.00387502113453029,0.0618072000210615));
#15121=CARTESIAN_POINT('',(-0.0249613920301551,0.00395065513345942,0.0620778265541135));
#15122=CARTESIAN_POINT('',(0.0235919139408017,-0.00905913291913546,0.0632504663422385));
#15123=CARTESIAN_POINT('',(0.0237890394795904,-0.00922897941435287,0.0635228625844626));
#15124=CARTESIAN_POINT('',(0.0235946230549321,-0.00905802316244098,0.063804293252168));
#15125=CARTESIAN_POINT('',(0.0249626071824776,-0.00395284747398625,0.0635246975903586));
#15126=CARTESIAN_POINT('',(0.0252095484234545,-0.00387502113453028,0.0638072000210615));
#15127=CARTESIAN_POINT('',(0.024961392030155,-0.00395065513345941,0.0640778265541135));
#15128=CARTESIAN_POINT('',(-0.00905913291913546,-0.0235919139408017,0.0612504663422385));
#15129=CARTESIAN_POINT('',(-0.0092289794143529,-0.0237890394795905,0.0615228625844626));
#15130=CARTESIAN_POINT('',(-0.00905802316244099,-0.0235946230549321,0.061804293252168));
#15131=CARTESIAN_POINT('',(-0.00395284747398626,-0.0249626071824777,0.0615246975903586));
#15132=CARTESIAN_POINT('',(-0.00387502113453029,-0.0252095484234545,0.0618072000210615));
#15133=CARTESIAN_POINT('',(-0.00395065513345942,-0.024961392030155,0.0620778265541135));
#15134=CARTESIAN_POINT('',(0.00905913291913547,0.0235919139408017,0.0652504663422386));
#15135=CARTESIAN_POINT('',(0.00922897941435288,0.0237890394795905,0.0655228625844626));
#15136=CARTESIAN_POINT('',(0.009058023162441,0.0235946230549322,0.065804293252168));
#15137=CARTESIAN_POINT('',(0.00395284747398626,0.0249626071824777,0.0655246975903586));
#15138=CARTESIAN_POINT('',(0.00387502113453028,0.0252095484234545,0.0658072000210616));
#15139=CARTESIAN_POINT('',(0.00395065513345942,0.024961392030155,0.0660778265541136));
#15140=CARTESIAN_POINT('',(0.0235919139408017,-0.00905913291913547,0.0612504663422385));
#15141=CARTESIAN_POINT('',(0.0237890394795905,-0.00922897941435288,0.0615228625844626));
#15142=CARTESIAN_POINT('',(0.0235946230549321,-0.00905802316244098,0.061804293252168));
#15143=CARTESIAN_POINT('',(0.0249626071824776,-0.00395284747398626,0.0615246975903586));
#15144=CARTESIAN_POINT('',(0.0252095484234545,-0.00387502113453028,0.0618072000210616));
#15145=CARTESIAN_POINT('',(0.024961392030155,-0.00395065513345942,0.0620778265541136));
#15146=CARTESIAN_POINT('',(-0.0235919139408017,0.00905913291913547,0.0652504663422386));
#15147=CARTESIAN_POINT('',(-0.0237890394795904,0.00922897941435286,0.0655228625844626));
#15148=CARTESIAN_POINT('',(-0.0235946230549321,0.00905802316244098,0.0658042932521679));
#15149=CARTESIAN_POINT('',(-0.0249626071824776,0.00395284747398626,0.0655246975903586));
#15150=CARTESIAN_POINT('',(-0.0252095484234545,0.00387502113453029,0.0658072000210616));
#15151=CARTESIAN_POINT('',(-0.024961392030155,0.00395065513345942,0.0660778265541135));
#15152=CARTESIAN_POINT('',(0.00905913291913547,0.0235919139408017,0.0632504663422386));
#15153=CARTESIAN_POINT('',(0.00922897941435289,0.0237890394795905,0.0635228625844626));
#15154=CARTESIAN_POINT('',(0.00905802316244099,0.0235946230549321,0.063804293252168));
#15155=CARTESIAN_POINT('',(0.00395284747398627,0.0249626071824776,0.0635246975903586));
#15156=CARTESIAN_POINT('',(0.00387502113453029,0.0252095484234545,0.0638072000210615));
#15157=CARTESIAN_POINT('',(0.00395065513345942,0.024961392030155,0.0640778265541135));
#15158=CARTESIAN_POINT('',(-0.00905913291913546,-0.0235919139408017,0.0652504663422386));
#15159=CARTESIAN_POINT('',(-0.00922897941435287,-0.0237890394795904,0.0655228625844626));
#15160=CARTESIAN_POINT('',(-0.00905802316244098,-0.0235946230549321,0.065804293252168));
#15161=CARTESIAN_POINT('',(-0.00395284747398626,-0.0249626071824776,0.0655246975903586));
#15162=CARTESIAN_POINT('',(-0.00387502113453029,-0.0252095484234545,0.0658072000210616));
#15163=CARTESIAN_POINT('',(-0.00395065513345942,-0.024961392030155,0.0660778265541135));
#15164=CARTESIAN_POINT('',(-0.0235919139408017,0.00905913291913546,0.0632504663422385));
#15165=CARTESIAN_POINT('',(-0.0237890394795905,0.00922897941435288,0.0635228625844626));
#15166=CARTESIAN_POINT('',(-0.0235946230549321,0.00905802316244099,0.063804293252168));
#15167=CARTESIAN_POINT('',(-0.0249626071824776,0.00395284747398626,0.0635246975903586));
#15168=CARTESIAN_POINT('',(-0.0252095484234545,0.00387502113453029,0.0638072000210616));
#15169=CARTESIAN_POINT('',(-0.024961392030155,0.00395065513345942,0.0640778265541136));
#15170=CARTESIAN_POINT('',(0.00905913291913547,0.0235919139408017,0.0612504663422385));
#15171=CARTESIAN_POINT('',(0.00922897941435288,0.0237890394795905,0.0615228625844626));
#15172=CARTESIAN_POINT('',(0.00905802316244099,0.0235946230549321,0.061804293252168));
#15173=CARTESIAN_POINT('',(0.00395284747398626,0.0249626071824776,0.0615246975903586));
#15174=CARTESIAN_POINT('',(0.00387502113453029,0.0252095484234545,0.0618072000210616));
#15175=CARTESIAN_POINT('',(0.00395065513345942,0.024961392030155,0.0620778265541135));
#15176=CARTESIAN_POINT('',(-0.032,-0.0225,0.003));
#15177=CARTESIAN_POINT('',(-0.032,-0.0255,0.003));
#15178=CARTESIAN_POINT('',(-0.032,-0.0255,0.003));
#15179=CARTESIAN_POINT('',(-0.032,-0.0255,0.0056));
#15180=CARTESIAN_POINT('',(-0.032,-0.0225,0.0056));
#15181=CARTESIAN_POINT('',(-0.032,-0.0195,0.0056));
#15182=CARTESIAN_POINT('',(-0.032,-0.0195,0.003));
#15183=CARTESIAN_POINT('',(-0.032,-0.0195,0.003));
#15184=CARTESIAN_POINT('',(-0.032,-0.0225,0.003));
#15185=CARTESIAN_POINT('',(-0.0335,-0.0195,0.003));
#15186=CARTESIAN_POINT('',(-0.0335,-0.0195,0.0056));
#15187=CARTESIAN_POINT('',(-0.0346,-0.0195,0.0056));
#15188=CARTESIAN_POINT('',(-0.0346,-0.0195,0.003));
#15189=CARTESIAN_POINT('',(-0.0346,-0.0195,0.003));
#15190=CARTESIAN_POINT('',(-0.0335,-0.0195,0.003));
#15191=CARTESIAN_POINT('',(-0.0335,-0.0255,0.003));
#15192=CARTESIAN_POINT('',(-0.0346,-0.0255,0.003));
#15193=CARTESIAN_POINT('',(-0.0346,-0.0255,0.003));
#15194=CARTESIAN_POINT('',(-0.0346,-0.0255,0.0056));
#15195=CARTESIAN_POINT('',(-0.032,-0.0255,0.0056));
#15196=CARTESIAN_POINT('',(-0.0335,-0.0255,0.003));
#15197=CARTESIAN_POINT('',(0.0122615714371204,0.00707782387733459,0.003));
#15198=CARTESIAN_POINT('',(-0.032,-0.0225,0.003));
#15199=CARTESIAN_POINT('',(-0.02995,-0.0225,0.003));
#15200=CARTESIAN_POINT('',(-0.0346,0.00707782387733459,0.003));
#15201=CARTESIAN_POINT('',(0.0335,-0.0195,0.003));
#15202=CARTESIAN_POINT('',(0.0346,-0.0195,0.006));
#15203=CARTESIAN_POINT('',(0.0346,-0.0195,0.003));
#15204=CARTESIAN_POINT('',(0.0346,-0.0195,0.0056));
#15205=CARTESIAN_POINT('',(0.032,-0.0195,0.0056));
#15206=CARTESIAN_POINT('',(0.032,-0.0195,0.0056));
#15207=CARTESIAN_POINT('',(0.032,-0.0195,0.003));
#15208=CARTESIAN_POINT('',(0.032,-0.0195,0.003));
#15209=CARTESIAN_POINT('',(0.0335,-0.0195,0.003));
#15210=CARTESIAN_POINT('',(0.032,-0.0225,0.003));
#15211=CARTESIAN_POINT('',(0.032,-0.0225,0.0056));
#15212=CARTESIAN_POINT('',(0.032,-0.0255,0.0056));
#15213=CARTESIAN_POINT('',(0.032,-0.0255,0.003));
#15214=CARTESIAN_POINT('',(0.032,-0.0255,0.003));
#15215=CARTESIAN_POINT('',(0.032,-0.0225,0.003));
#15216=CARTESIAN_POINT('',(0.0335,-0.0255,0.003));
#15217=CARTESIAN_POINT('',(0.0335,-0.0255,0.0056));
#15218=CARTESIAN_POINT('',(0.0346,-0.0255,0.0056));
#15219=CARTESIAN_POINT('',(0.0346,-0.0255,0.003));
#15220=CARTESIAN_POINT('',(0.0346,-0.0255,0.003));
#15221=CARTESIAN_POINT('',(0.0335,-0.0255,0.003));
#15222=CARTESIAN_POINT('',(0.0122615714371204,0.00707782387733459,0.003));
#15223=CARTESIAN_POINT('',(0.032,-0.0225,0.003));
#15224=CARTESIAN_POINT('',(0.03405,-0.0225,0.003));
#15225=CARTESIAN_POINT('',(0.0346,-0.0195,0.003));
#15226=CARTESIAN_POINT('',(0.0335,0.0255,0.003));
#15227=CARTESIAN_POINT('',(0.0346,0.0255,0.006));
#15228=CARTESIAN_POINT('',(0.0346,0.0255,0.003));
#15229=CARTESIAN_POINT('',(0.0346,0.0255,0.0056));
#15230=CARTESIAN_POINT('',(0.032,0.0255,0.0056));
#15231=CARTESIAN_POINT('',(0.032,0.0255,0.0056));
#15232=CARTESIAN_POINT('',(0.032,0.0255,0.003));
#15233=CARTESIAN_POINT('',(0.032,0.0255,0.003));
#15234=CARTESIAN_POINT('',(0.0335,0.0255,0.003));
#15235=CARTESIAN_POINT('',(0.032,0.0225,0.003));
#15236=CARTESIAN_POINT('',(0.032,0.0225,0.0056));
#15237=CARTESIAN_POINT('',(0.032,0.0195,0.0056));
#15238=CARTESIAN_POINT('',(0.032,0.0195,0.003));
#15239=CARTESIAN_POINT('',(0.032,0.0195,0.003));
#15240=CARTESIAN_POINT('',(0.032,0.0225,0.003));
#15241=CARTESIAN_POINT('',(0.0335,0.0195,0.003));
#15242=CARTESIAN_POINT('',(0.0335,0.0195,0.0056));
#15243=CARTESIAN_POINT('',(0.0346,0.0195,0.0056));
#15244=CARTESIAN_POINT('',(0.0346,0.0195,0.003));
#15245=CARTESIAN_POINT('',(0.0346,0.0195,0.003));
#15246=CARTESIAN_POINT('',(0.0335,0.0195,0.003));
#15247=CARTESIAN_POINT('',(0.0122615714371204,0.00707782387733459,0.003));
#15248=CARTESIAN_POINT('',(0.032,0.0225,0.003));
#15249=CARTESIAN_POINT('',(0.03405,0.0225,0.003));
#15250=CARTESIAN_POINT('',(0.0346,0.0255,0.003));
#15251=CARTESIAN_POINT('',(-0.0335,0.0195,0.003));
#15252=CARTESIAN_POINT('',(-0.0346,0.0195,0.003));
#15253=CARTESIAN_POINT('',(-0.0346,0.0195,0.003));
#15254=CARTESIAN_POINT('',(-0.0346,0.0195,0.0056));
#15255=CARTESIAN_POINT('',(-0.032,0.0195,0.0056));
#15256=CARTESIAN_POINT('',(-0.032,0.0195,0.0056));
#15257=CARTESIAN_POINT('',(-0.032,0.0195,0.003));
#15258=CARTESIAN_POINT('',(-0.032,0.0195,0.003));
#15259=CARTESIAN_POINT('',(-0.0335,0.0195,0.003));
#15260=CARTESIAN_POINT('',(-0.032,0.0225,0.003));
#15261=CARTESIAN_POINT('',(-0.032,0.0225,0.0056));
#15262=CARTESIAN_POINT('',(-0.032,0.0255,0.0056));
#15263=CARTESIAN_POINT('',(-0.032,0.0255,0.003));
#15264=CARTESIAN_POINT('',(-0.032,0.0255,0.003));
#15265=CARTESIAN_POINT('',(-0.032,0.0225,0.003));
#15266=CARTESIAN_POINT('',(-0.0335,0.0255,0.003));
#15267=CARTESIAN_POINT('',(-0.0335,0.0255,0.0056));
#15268=CARTESIAN_POINT('',(-0.0346,0.0255,0.0056));
#15269=CARTESIAN_POINT('',(-0.0346,0.0255,0.003));
#15270=CARTESIAN_POINT('',(-0.0346,0.0255,0.003));
#15271=CARTESIAN_POINT('',(-0.0335,0.0255,0.003));
#15272=CARTESIAN_POINT('',(0.0122615714371204,0.00707782387733459,0.003));
#15273=CARTESIAN_POINT('',(-0.032,0.0225,0.003));
#15274=CARTESIAN_POINT('',(-0.02995,0.0225,0.003));
#15275=CARTESIAN_POINT('',(-0.0346,0.00707782387733459,0.003));
#15276=CARTESIAN_POINT('',(0.,0.,0.006));
#15277=CARTESIAN_POINT('',(0.,0.0279,0.047154816716614));
#15278=CARTESIAN_POINT('',(0.,0.0284,0.047154816716614));
#15279=CARTESIAN_POINT('',(0.,0.0284,0.0445));
#15280=CARTESIAN_POINT('',(3.90312782094781E-18,0.0274,0.047154816716614));
#15281=CARTESIAN_POINT('',(3.90312782094781E-18,0.0274,0.0445));
#15282=CARTESIAN_POINT('',(3.90312782094781E-18,0.025761695911422,0.0433528471272979));
#15283=CARTESIAN_POINT('',(1.0842021724855E-19,0.026182512954954,0.0433528471272979));
#15284=CARTESIAN_POINT('',(1.0842021724855E-19,0.027820817043532,0.0445));
#15285=CARTESIAN_POINT('',(0.,0.0279,0.0445));
#15286=CARTESIAN_POINT('',(-0.00443705983732472,0.02695,0.047154816716614));
#15287=CARTESIAN_POINT('',(-0.00443705983732472,0.02695,0.0445));
#15288=CARTESIAN_POINT('',(-0.00290703920376446,0.02645,0.047154816716614));
#15289=CARTESIAN_POINT('',(-0.00462033682097988,0.0258901063686218,0.0445));
#15290=CARTESIAN_POINT('',(-0.00462033682097988,0.0258901063686218,0.0445));
#15291=CARTESIAN_POINT('',(-0.00290703920376446,0.02645,0.0445));
#15292=CARTESIAN_POINT('',(-0.000950531843108713,0.0270893728678362,0.0445));
#15293=CARTESIAN_POINT('',(-0.00290703920376446,0.02645,0.0445));
#15294=CARTESIAN_POINT('',(-0.00393705983732471,0.0185693427920341,0.0445));
#15295=CARTESIAN_POINT('',(-0.000475265921554355,0.02766550347745,0.0445));
#15296=CARTESIAN_POINT('',(-0.000950531843108712,0.0275101899113681,0.0445));
#15297=CARTESIAN_POINT('',(-0.000950531843108713,0.0272997813896021,0.0445));
#15298=CARTESIAN_POINT('',(-0.0045582113945471,0.0257,0.0445));
#15299=CARTESIAN_POINT('',(-0.0045582113945471,0.0257,0.047154816716614));
#15300=CARTESIAN_POINT('',(7.69783542464708E-18,5.20417042793042E-18,0.0473631905951733));
#15301=CARTESIAN_POINT('',(-0.000475265921554355,0.0260271993888721,0.0433528471272979));
#15302=CARTESIAN_POINT('',(-0.000950531843108712,0.0258718858227901,0.0433528471272979));
#15303=CARTESIAN_POINT('',(-0.000950531843108713,0.0256614773010241,0.0433528471272979));
#15304=CARTESIAN_POINT('',(-0.000950531843108713,0.0254510687792581,0.0433528471272979));
#15305=CARTESIAN_POINT('',(-0.00290703920376446,0.024811695911422,0.0433528471272979));
#15306=CARTESIAN_POINT('',(0.0185014612658225,0.02054795442445,0.0295));
#15307=CARTESIAN_POINT('',(0.0185014612658225,0.02054795442445,0.0295));
#15308=CARTESIAN_POINT('',(0.0189363961599557,0.0210309985610103,0.0295));
#15309=CARTESIAN_POINT('',(0.0189363961599557,0.0210309985610103,0.0295));
#15310=CARTESIAN_POINT('',(0.02022192984977,0.0188572546557281,0.0295));
#15311=CARTESIAN_POINT('',(0.0206973097558226,0.0193005535897687,0.0295));
#15312=CARTESIAN_POINT('',(0.0206973097558226,0.0193005535897687,0.0295));
#15313=CARTESIAN_POINT('',(0.02022192984977,0.0188572546557281,0.0295));
#15314=CARTESIAN_POINT('',(-1.08073272553355E-15,-1.14491749414469E-15,
0.0295));
#15315=CARTESIAN_POINT('',(-1.08073272553355E-15,-1.14491749414469E-15,
0.0275));
#15316=CARTESIAN_POINT('',(-1.08073272553355E-15,-1.14491749414469E-15,
0.0295));
#15317=CARTESIAN_POINT('',(0.,0.,0.0295));
#15318=CARTESIAN_POINT('',(-0.0265,7.80625564189563E-18,0.0399717024189868));
#15319=CARTESIAN_POINT('',(-0.0265,7.80625564189563E-18,0.0451385296895477));
#15320=CARTESIAN_POINT('',(-0.0265,-0.000499999999999993,0.0451385296895477));
#15321=CARTESIAN_POINT('',(-0.0265,0.000500000000000008,0.0451385296895477));
#15322=CARTESIAN_POINT('',(-0.0265,0.000500000000000009,0.0386385296895476));
#15323=CARTESIAN_POINT('',(-0.0265,0.000500000000000009,0.0391385296895476));
#15324=CARTESIAN_POINT('',(-0.0265,-0.001,0.0391385296895476));
#15325=CARTESIAN_POINT('',(-0.0265,-0.000499999999999992,0.0391385296895476));
#15326=CARTESIAN_POINT('',(-0.0265,-0.000499999999999992,0.0399717024189868));
#15327=CARTESIAN_POINT('',(-0.0265,-0.000499999999999992,0.0399717024189868));
#15328=CARTESIAN_POINT('',(-0.0247777242431464,0.00122227575685364,0.043416253932694));
#15329=CARTESIAN_POINT('',(-0.0266666666666667,-0.000666666666666659,0.038971863022881));
#15330=CARTESIAN_POINT('',(-0.027,8.56519716263549E-18,0.0386385296895476));
#15331=CARTESIAN_POINT('',(-0.0258333333333334,-0.000166666666666656,0.0398051963562144));
#15332=CARTESIAN_POINT('',(-0.0265,7.80625564189563E-18,0.0451385296895477));
#15333=CARTESIAN_POINT('',(-0.0258333333333334,-0.000166666666666659,0.044471863022881));
#15334=CARTESIAN_POINT('',(-0.027,0.001,0.0421385296895476));
#15335=CARTESIAN_POINT('',(-8.67361737988404E-18,8.67361737988404E-19,0.058));
#15336=CARTESIAN_POINT('',(-8.67361737988404E-18,8.67361737988404E-19,0.06875));
#15337=CARTESIAN_POINT('',(-8.67361737988404E-18,8.67361737988404E-19,0.05715));
#15338=CARTESIAN_POINT('',(-8.67361737988404E-18,8.67361737988404E-19,0.06875));
#15339=CARTESIAN_POINT('',(-8.67361737988404E-18,8.67361737988404E-19,0.05715));
#15340=CARTESIAN_POINT('',(-8.67361737988404E-18,8.67361737988404E-19,0.06875));
#15341=CARTESIAN_POINT('',(-8.67361737988404E-18,8.67361737988404E-19,0.05715));
#15342=CARTESIAN_POINT('',(-8.67361737988404E-18,8.67361737988404E-19,0.06875));
#15343=CARTESIAN_POINT('',(-8.67361737988404E-18,8.67361737988404E-19,0.05715));
#15344=CARTESIAN_POINT('',(-8.67361737988404E-18,8.67361737988404E-19,0.0455));
#15345=CARTESIAN_POINT('',(0.024225,8.67361737988404E-19,0.0455));
#15346=CARTESIAN_POINT('',(0.,3.07539427435879E-18,0.0455));
#15347=CARTESIAN_POINT('',(0.,3.07539427435879E-18,0.0455));
#15348=CARTESIAN_POINT('',(0.025225,3.07539427435879E-18,0.0455));
#15349=CARTESIAN_POINT('',(0.,0.,0.0455));
#15350=CARTESIAN_POINT('',(-8.67361737988404E-18,8.67361737988404E-19,0.058));
#15351=CARTESIAN_POINT('',(-8.67361737988404E-18,8.67361737988404E-19,0.058));
#15352=CARTESIAN_POINT('',(-8.67361737988404E-18,8.67361737988404E-19,0.058));
#15353=CARTESIAN_POINT('',(-8.67361737988404E-18,8.67361737988404E-19,0.058));
#15354=CARTESIAN_POINT('',(0.,1.53233930743313E-18,0.06875));
#15355=CARTESIAN_POINT('',(-0.0248600104149021,0.00286888605053587,0.06875));
#15356=CARTESIAN_POINT('',(-0.0247732236957744,0.00289384667360039,0.0688333530292934));
#15357=CARTESIAN_POINT('',(-0.0246863937113434,0.00291872189554444,0.0689166864697398));
#15358=CARTESIAN_POINT('',(-0.0245995197518763,0.00294351031543088,0.069));
#15359=CARTESIAN_POINT('',(-0.0229638435829194,0.00994547700712292,0.06875));
#15360=CARTESIAN_POINT('',(-0.022901164390976,0.00988046711389093,0.0688333530292934));
#15361=CARTESIAN_POINT('',(-0.0228384050296206,0.00981550954754711,0.0689166864697398));
#15362=CARTESIAN_POINT('',(-0.022775564183738,0.00975060516647222,0.069));
#15363=CARTESIAN_POINT('',(-0.0262952030697781,0.00837653684967267,0.069));
#15364=CARTESIAN_POINT('',(-0.0218970428182352,0.0103619564183785,0.06875));
#15365=CARTESIAN_POINT('',(-0.0218358709689622,0.0102963594657616,0.0688333517179358));
#15366=CARTESIAN_POINT('',(-0.0217746203269537,0.0102308128996082,0.0689166851539306));
#15367=CARTESIAN_POINT('',(-0.0217132895648384,0.0101653175687472,0.069));
#15368=CARTESIAN_POINT('',(-0.0225486622266181,0.000381267955976205,0.069));
#15369=CARTESIAN_POINT('',(-0.0241443735575366,0.00197480391789331,0.06875));
#15370=CARTESIAN_POINT('',(-0.0240585987057613,0.00200102662063391,0.0688333517179359));
#15371=CARTESIAN_POINT('',(-0.0239727808107071,0.00202716629104929,0.0689166851539306));
#15372=CARTESIAN_POINT('',(-0.0238869191472513,0.00205322153034656,0.069));
#15373=CARTESIAN_POINT('',(-8.67361737988404E-18,8.67361737988404E-19,0.069));
#15374=CARTESIAN_POINT('',(0.00197480391789331,0.0241443735575366,0.06875));
#15375=CARTESIAN_POINT('',(0.00200102662063391,0.0240585987057613,0.0688333517179359));
#15376=CARTESIAN_POINT('',(0.00202716629104929,0.0239727808107071,0.0689166851539306));
#15377=CARTESIAN_POINT('',(0.00205322153034655,0.0238869191472513,0.069));
#15378=CARTESIAN_POINT('',(-8.67361737988404E-18,8.67361737988404E-19,0.069));
#15379=CARTESIAN_POINT('',(-0.0103619564183785,-0.0218970428182352,0.06875));
#15380=CARTESIAN_POINT('',(-0.0102963594657616,-0.0218358709689622,0.0688333517179359));
#15381=CARTESIAN_POINT('',(-0.0102308128996082,-0.0217746203269537,0.0689166851539306));
#15382=CARTESIAN_POINT('',(-0.0101653175687472,-0.0217132895648384,0.069));
#15383=CARTESIAN_POINT('',(-0.0248856660018846,0.00232462625419373,0.069));
#15384=CARTESIAN_POINT('',(0.00286888605053587,0.0248600104149021,0.06875));
#15385=CARTESIAN_POINT('',(0.00289384667360039,0.0247732236957744,0.0688333530292934));
#15386=CARTESIAN_POINT('',(0.00291872189554443,0.0246863937113434,0.0689166864697398));
#15387=CARTESIAN_POINT('',(0.00294351031543087,0.0245995197518763,0.069));
#15388=CARTESIAN_POINT('',(-0.0192218423705038,0.00148475413861693,0.069));
#15389=CARTESIAN_POINT('',(-0.00994547700712292,-0.0229638435829194,0.06875));
#15390=CARTESIAN_POINT('',(-0.00988046711389093,-0.022901164390976,0.0688333530292934));
#15391=CARTESIAN_POINT('',(-0.0098155095475471,-0.0228384050296205,0.0689166864697398));
#15392=CARTESIAN_POINT('',(-0.00975060516647222,-0.0227755641837379,0.069));
#15393=CARTESIAN_POINT('',(0.,1.53233930743313E-18,0.06875));
#15394=CARTESIAN_POINT('',(0.00994547700712292,0.0229638435829194,0.06875));
#15395=CARTESIAN_POINT('',(0.00988046711389093,0.022901164390976,0.0688333530292934));
#15396=CARTESIAN_POINT('',(0.0098155095475471,0.0228384050296206,0.0689166864697398));
#15397=CARTESIAN_POINT('',(0.00975060516647222,0.022775564183738,0.069));
#15398=CARTESIAN_POINT('',(0.,1.53233930743313E-18,0.06875));
#15399=CARTESIAN_POINT('',(-0.00286888605053587,-0.0248600104149021,0.06875));
#15400=CARTESIAN_POINT('',(-0.00289384667360039,-0.0247732236957744,0.0688333530292934));
#15401=CARTESIAN_POINT('',(-0.00291872189554444,-0.0246863937113434,0.0689166864697398));
#15402=CARTESIAN_POINT('',(-0.00294351031543088,-0.0245995197518763,0.069));
#15403=CARTESIAN_POINT('',(0.0131314940580678,0.0141155085906089,0.069));
#15404=CARTESIAN_POINT('',(0.0103619564183785,0.0218970428182352,0.06875));
#15405=CARTESIAN_POINT('',(0.0102963594657616,0.0218358709689622,0.0688333517179358));
#15406=CARTESIAN_POINT('',(0.0102308128996082,0.0217746203269537,0.0689166851539306));
#15407=CARTESIAN_POINT('',(0.0101653175687472,0.0217132895648384,0.069));
#15408=CARTESIAN_POINT('',(-0.00318223198355177,-0.024790596184479,0.069));
#15409=CARTESIAN_POINT('',(-0.00197480391789332,-0.0241443735575366,0.06875));
#15410=CARTESIAN_POINT('',(-0.00200102662063392,-0.0240585987057613,0.0688333517179359));
#15411=CARTESIAN_POINT('',(-0.0020271662910493,-0.0239727808107071,0.0689166851539306));
#15412=CARTESIAN_POINT('',(-0.00205322153034656,-0.0238869191472513,0.069));
#15413=CARTESIAN_POINT('',(-8.67361737988404E-18,8.67361737988404E-19,0.069));
#15414=CARTESIAN_POINT('',(0.0241443735575366,-0.00197480391789332,0.06875));
#15415=CARTESIAN_POINT('',(0.0240585987057613,-0.00200102662063393,0.0688333517179359));
#15416=CARTESIAN_POINT('',(0.0239727808107071,-0.0020271662910493,0.0689166851539306));
#15417=CARTESIAN_POINT('',(0.0238869191472513,-0.00205322153034658,0.069));
#15418=CARTESIAN_POINT('',(-8.67361737988404E-18,8.67361737988404E-19,0.069));
#15419=CARTESIAN_POINT('',(0.0218970428182352,-0.0103619564183785,0.06875));
#15420=CARTESIAN_POINT('',(0.0218358709689622,-0.0102963594657616,0.0688333517179358));
#15421=CARTESIAN_POINT('',(0.0217746203269537,-0.0102308128996082,0.0689166851539306));
#15422=CARTESIAN_POINT('',(0.0217132895648384,-0.0101653175687472,0.069));
#15423=CARTESIAN_POINT('',(0.00456656021205418,0.0220847019743091,0.069));
#15424=CARTESIAN_POINT('',(0.0245995197518763,-0.00294351031543089,0.069));
#15425=CARTESIAN_POINT('',(0.0246863937113434,-0.00291872189554445,0.0689166864697398));
#15426=CARTESIAN_POINT('',(0.0247732236957744,-0.0028938466736004,0.0688333530292934));
#15427=CARTESIAN_POINT('',(0.0248600104149021,-0.00286888605053587,0.06875));
#15428=CARTESIAN_POINT('',(-0.0136644486177863,-0.0239767995788986,0.069));
#15429=CARTESIAN_POINT('',(0.0229638435829194,-0.00994547700712292,0.06875));
#15430=CARTESIAN_POINT('',(0.022901164390976,-0.00988046711389093,0.0688333530292934));
#15431=CARTESIAN_POINT('',(0.0228384050296206,-0.00981550954754711,0.0689166864697398));
#15432=CARTESIAN_POINT('',(0.022775564183738,-0.00975060516647222,0.069));
#15433=CARTESIAN_POINT('',(0.,1.53233930743313E-18,0.06875));
#15434=CARTESIAN_POINT('',(0.,0.,0.069));
#15435=CARTESIAN_POINT('',(0.,1.75124492278091E-18,0.0255));
#15436=CARTESIAN_POINT('',(0.,1.75124492278091E-18,0.0272));
#15437=CARTESIAN_POINT('',(-0.0286000000000032,1.75124492278091E-18,0.0272));
#15438=CARTESIAN_POINT('',(0.,1.75124492278091E-18,0.0255));
#15439=CARTESIAN_POINT('',(0.0286000000000032,1.75124492278091E-18,0.0255));
#15440=CARTESIAN_POINT('',(0.,1.82472373072975E-18,0.0255));
#15441=CARTESIAN_POINT('',(0.,1.82472373072975E-18,0.0272));
#15442=CARTESIAN_POINT('',(-0.0298000000000032,1.82472373072975E-18,0.0272));
#15443=CARTESIAN_POINT('',(0.,1.82472373072975E-18,0.0255));
#15444=CARTESIAN_POINT('',(0.0298000000000032,1.82472373072975E-18,0.0255));
#15445=CARTESIAN_POINT('',(0.,0.,0.0255));
#15446=CARTESIAN_POINT('',(0.,1.82472373072975E-18,0.0272));
#15447=CARTESIAN_POINT('',(0.,1.75124492278091E-18,0.0275));
#15448=CARTESIAN_POINT('',(0.,3.46944695195361E-18,0.066));
#15449=CARTESIAN_POINT('',(0.,-3.99858464906192E-19,0.066));
#15450=CARTESIAN_POINT('',(0.0218,-3.99858464906192E-19,0.066));
#15451=CARTESIAN_POINT('',(0.,-3.99858464906192E-19,0.066));
#15452=CARTESIAN_POINT('',(0.,-3.99858464906192E-19,0.0663));
#15453=CARTESIAN_POINT('',(0.0218,-3.99858464906192E-19,0.0663));
#15454=CARTESIAN_POINT('',(0.,-3.99858464906192E-19,0.0603));
#15455=CARTESIAN_POINT('',(0.,-3.99858464906192E-19,0.0623));
#15456=CARTESIAN_POINT('',(0.,-3.99858464906192E-19,0.0643));
#15457=CARTESIAN_POINT('',(0.,-3.99858464906192E-19,0.0663));
#15458=CARTESIAN_POINT('',(0.,1.35323471305783E-18,0.0684));
#15459=CARTESIAN_POINT('',(0.,1.35323471305783E-18,0.0687));
#15460=CARTESIAN_POINT('',(-0.0221,1.35323471305783E-18,0.0687));
#15461=CARTESIAN_POINT('',(0.,1.35323471305783E-18,0.0684));
#15462=CARTESIAN_POINT('',(0.0221,1.35323471305783E-18,0.0684));
#15463=CARTESIAN_POINT('',(0.,1.41446705301519E-18,0.0684));
#15464=CARTESIAN_POINT('',(0.,1.41446705301519E-18,0.0687));
#15465=CARTESIAN_POINT('',(-0.0231,1.41446705301519E-18,0.0687));
#15466=CARTESIAN_POINT('',(0.,1.41446705301519E-18,0.0684));
#15467=CARTESIAN_POINT('',(0.0231,1.41446705301519E-18,0.0684));
#15468=CARTESIAN_POINT('',(0.,3.46944695195361E-18,0.0684));
#15469=CARTESIAN_POINT('',(0.,1.41446705301519E-18,0.0687));
#15470=CARTESIAN_POINT('',(0.,1.35323471305783E-18,0.069));
#15471=CARTESIAN_POINT('',(0.0346,0.,0.006));
#15472=CARTESIAN_POINT('',(0.035,-0.0191,0.0056));
#15473=CARTESIAN_POINT('',(0.0346,0.0191,0.006));
#15474=CARTESIAN_POINT('',(0.035,-0.0191,0.0056));
#15475=CARTESIAN_POINT('',(0.035,-0.0191,0.0056));
#15476=CARTESIAN_POINT('',(0.0346,-0.0193,0.0058));
#15477=CARTESIAN_POINT('',(0.0346,0.0191,0.006));
#15478=CARTESIAN_POINT('',(0.0346,0.0191,0.006));
#15479=CARTESIAN_POINT('',(0.0348,0.0193,0.0056));
#15480=CARTESIAN_POINT('',(0.,-0.0191,0.006));
#15481=CARTESIAN_POINT('',(0.032,-0.0195,0.0056));
#15482=CARTESIAN_POINT('',(0.0346,-0.0195,0.003));
#15483=CARTESIAN_POINT('',(0.0346,-0.0195,0.003));
#15484=CARTESIAN_POINT('',(0.035,0.0191,0.006));
#15485=CARTESIAN_POINT('',(0.0387407253742218,0.0153592746257782,-0.00114072537422182));
#15486=CARTESIAN_POINT('',(0.0335,0.0195,0.0056));
#15487=CARTESIAN_POINT('',(0.032,0.0191,0.006));
#15488=CARTESIAN_POINT('',(0.032,-0.0225,0.0056));
#15489=CARTESIAN_POINT('',(0.032,-0.0255,0.0056));
#15490=CARTESIAN_POINT('',(0.0346,0.00707782387733459,0.003));
#15491=CARTESIAN_POINT('',(0.0237407253742218,-0.0146407253742217,0.0138592746257782));
#15492=CARTESIAN_POINT('',(0.0346,0.00707782387733459,0.003));
#15493=CARTESIAN_POINT('',(0.0346,0.0255,0.003));
#15494=CARTESIAN_POINT('',(0.032,0.0225,0.006));
#15495=CARTESIAN_POINT('',(0.032,0.0259,0.006));
#15496=CARTESIAN_POINT('',(0.0335,-0.0255,0.0056));
#15497=CARTESIAN_POINT('',(0.0346,-0.0259,0.006));
#15498=CARTESIAN_POINT('',(0.035,-0.0259,0.006));
#15499=CARTESIAN_POINT('',(0.0348,-0.0257,0.0056));
#15500=CARTESIAN_POINT('',(0.035,0.,0.0004));
#15501=CARTESIAN_POINT('',(0.035,0.0396,0.0004));
#15502=CARTESIAN_POINT('',(0.0346,-0.0396,2.88889491658086E-34));
#15503=CARTESIAN_POINT('',(0.0346,0.0255,0.003));
#15504=CARTESIAN_POINT('',(0.035,0.0259,0.0056));
#15505=CARTESIAN_POINT('',(0.,0.0259,0.006));
#15506=CARTESIAN_POINT('',(0.0346,0.0257,0.0058));
#15507=CARTESIAN_POINT('',(0.0346,-0.0259,0.006));
#15508=CARTESIAN_POINT('',(0.0346,-0.0259,0.006));
#15509=CARTESIAN_POINT('',(0.0346,-0.0396,2.88889491658086E-34));
#15510=CARTESIAN_POINT('',(0.0346,-0.0396,2.88889491658086E-34));
#15511=CARTESIAN_POINT('',(0.0348,-0.0398,0.0004));
#15512=CARTESIAN_POINT('',(0.035,0.0396,0.0004));
#15513=CARTESIAN_POINT('',(0.035,0.0396,0.0004));
#15514=CARTESIAN_POINT('',(0.0346,0.0398,0.0002));
#15515=CARTESIAN_POINT('',(0.035,0.0259,0.0056));
#15516=CARTESIAN_POINT('',(0.035,0.0259,0.0056));
#15517=CARTESIAN_POINT('',(0.0346,0.,0.006));
#15518=CARTESIAN_POINT('',(0.035,-0.0396,0.0056));
#15519=CARTESIAN_POINT('',(0.035,-0.0396,0.006));
#15520=CARTESIAN_POINT('',(0.035,-0.0396,0.0056));
#15521=CARTESIAN_POINT('',(-0.02975,-0.0396,2.88889491658086E-34));
#15522=CARTESIAN_POINT('',(-0.0346,-0.0398,0.0002));
#15523=CARTESIAN_POINT('',(-0.0346,0.,2.88889491658086E-34));
#15524=CARTESIAN_POINT('',(-0.0346,0.0396,2.88889491658086E-34));
#15525=CARTESIAN_POINT('',(-0.035,-0.0396,0.0004));
#15526=CARTESIAN_POINT('',(0.,0.04,0.0004));
#15527=CARTESIAN_POINT('',(-0.0346,0.0396,2.88889491658086E-34));
#15528=CARTESIAN_POINT('',(0.0346,0.04,0.006));
#15529=CARTESIAN_POINT('',(0.0348,0.0398,0.0056));
#15530=CARTESIAN_POINT('',(0.0346,0.,0.006));
#15531=CARTESIAN_POINT('',(0.0346,0.0396,0.006));
#15532=CARTESIAN_POINT('',(0.035,-0.0396,0.0056));
#15533=CARTESIAN_POINT('',(0.0346,-0.0398,0.0058));
#15534=CARTESIAN_POINT('',(-0.035,-0.0396,0.0004));
#15535=CARTESIAN_POINT('',(-0.035,-0.0396,0.0004));
#15536=CARTESIAN_POINT('',(-0.0346,0.0396,2.88889491658086E-34));
#15537=CARTESIAN_POINT('',(-0.0348,0.0398,0.0004));
#15538=CARTESIAN_POINT('',(0.0346,0.0396,0.006));
#15539=CARTESIAN_POINT('',(0.0346,0.0396,0.006));
#15540=CARTESIAN_POINT('',(0.,-0.04,0.0056));
#15541=CARTESIAN_POINT('',(-0.0346,-0.0396,0.006));
#15542=CARTESIAN_POINT('',(-0.0346,-0.04,0.006));
#15543=CARTESIAN_POINT('',(-0.0348,-0.0398,0.0056));
#15544=CARTESIAN_POINT('',(-0.035,0.0396,0.006));
#15545=CARTESIAN_POINT('',(-0.035,0.0396,0.0056));
#15546=CARTESIAN_POINT('',(0.,0.0396,0.006));
#15547=CARTESIAN_POINT('',(-0.0346,0.0398,0.0058));
#15548=CARTESIAN_POINT('',(-0.0346,-0.0396,0.006));
#15549=CARTESIAN_POINT('',(-0.0346,-0.0396,0.006));
#15550=CARTESIAN_POINT('',(-0.035,0.0396,0.0056));
#15551=CARTESIAN_POINT('',(-0.035,0.0396,0.0056));
#15552=CARTESIAN_POINT('',(-0.035,0.,0.0056));
#15553=CARTESIAN_POINT('',(-0.035,-0.0259,0.0056));
#15554=CARTESIAN_POINT('',(-0.035,0.,0.0056));
#15555=CARTESIAN_POINT('',(-0.0346,0.0259,0.006));
#15556=CARTESIAN_POINT('',(-0.035,-0.0259,0.0056));
#15557=CARTESIAN_POINT('',(-0.035,-0.0259,0.0056));
#15558=CARTESIAN_POINT('',(-0.0346,-0.0257,0.0058));
#15559=CARTESIAN_POINT('',(-0.0346,0.0259,0.006));
#15560=CARTESIAN_POINT('',(-0.0346,0.0259,0.006));
#15561=CARTESIAN_POINT('',(-0.0348,0.0257,0.0056));
#15562=CARTESIAN_POINT('',(0.,-0.0259,0.006));
#15563=CARTESIAN_POINT('',(-0.032,-0.0255,0.0056));
#15564=CARTESIAN_POINT('',(-0.0346,-0.0255,0.003));
#15565=CARTESIAN_POINT('',(-0.0263666666666667,-0.0172666666666666,0.0112333333333334));
#15566=CARTESIAN_POINT('',(-0.035,0.0259,0.006));
#15567=CARTESIAN_POINT('',(-0.0338666666666667,0.0247666666666667,0.00373333333333334));
#15568=CARTESIAN_POINT('',(-0.0335,0.0255,0.0056));
#15569=CARTESIAN_POINT('',(-0.032,0.0259,0.006));
#15570=CARTESIAN_POINT('',(-0.032,-0.0225,0.006));
#15571=CARTESIAN_POINT('',(-0.032,-0.0195,0.0056));
#15572=CARTESIAN_POINT('',(-0.035,0.,0.0026));
#15573=CARTESIAN_POINT('',(-0.0338666666666667,-0.0202333333333333,0.00373333333333334));
#15574=CARTESIAN_POINT('',(-0.035,0.,0.0026));
#15575=CARTESIAN_POINT('',(-0.0413666666666666,0.0127333333333333,-0.0037666666666667));
#15576=CARTESIAN_POINT('',(-0.032,0.0225,0.0056));
#15577=CARTESIAN_POINT('',(-0.032,0.0191,0.006));
#15578=CARTESIAN_POINT('',(-0.0335,-0.0195,0.0056));
#15579=CARTESIAN_POINT('',(-0.0346,-0.0191,0.006));
#15580=CARTESIAN_POINT('',(-0.035,-0.0191,0.006));
#15581=CARTESIAN_POINT('',(-0.0348,-0.0193,0.0056));
#15582=CARTESIAN_POINT('',(-0.0346,0.0195,0.003));
#15583=CARTESIAN_POINT('',(-0.035,0.0191,0.0056));
#15584=CARTESIAN_POINT('',(0.,0.0191,0.006));
#15585=CARTESIAN_POINT('',(-0.0346,0.0193,0.0058));
#15586=CARTESIAN_POINT('',(-0.0346,-0.0191,0.006));
#15587=CARTESIAN_POINT('',(-0.0346,-0.0191,0.006));
#15588=CARTESIAN_POINT('',(-0.035,0.0191,0.0056));
#15589=CARTESIAN_POINT('',(-0.035,0.0191,0.0056));
#15590=CARTESIAN_POINT('',(-0.035,0.,0.0056));
#15591=CARTESIAN_POINT('',(-0.032,-0.0225,0.003));
#15592=CARTESIAN_POINT('',(0.032,-0.0225,0.0026));
#15593=CARTESIAN_POINT('',(0.032,0.0225,0.003));
#15594=CARTESIAN_POINT('',(-0.032,0.0225,0.0026));
#15595=CARTESIAN_POINT('',(-0.032,-0.0225,0.));
#15596=CARTESIAN_POINT('',(0.032,-0.0225,0.0004));
#15597=CARTESIAN_POINT('',(0.032,0.0225,0.));
#15598=CARTESIAN_POINT('',(-0.032,0.0225,0.0004));
#15599=CARTESIAN_POINT('',(0.,0.,0.000397478353527284));
#15600=MECHANICAL_DESIGN_GEOMETRIC_PRESENTATION_REPRESENTATION('',(#7337),
#15601);
#15601=(
GEOMETRIC_REPRESENTATION_CONTEXT(3)
GLOBAL_UNCERTAINTY_ASSIGNED_CONTEXT((#15602))
GLOBAL_UNIT_ASSIGNED_CONTEXT((#15605,#15604,#15603))
REPRESENTATION_CONTEXT('Eyepiece_Body','TOP_LEVEL_ASSEMBLY_PART')
);
#15602=UNCERTAINTY_MEASURE_WITH_UNIT(LENGTH_MEASURE(6.9156442460103E-5),
#15605,'DISTANCE_ACCURACY_VALUE','Maximum Tolerance applied to model');
#15603=(
NAMED_UNIT(*)
SI_UNIT($,.STERADIAN.)
SOLID_ANGLE_UNIT()
);
#15604=(
NAMED_UNIT(*)
PLANE_ANGLE_UNIT()
SI_UNIT($,.RADIAN.)
);
#15605=(
LENGTH_UNIT()
NAMED_UNIT(*)
SI_UNIT($,.METRE.)
);
#15606=PRODUCT_DEFINITION_SHAPE('','',#15607);
#15607=PRODUCT_DEFINITION('','',#15609,#15608);
#15608=PRODUCT_DEFINITION_CONTEXT('',#15615,'design');
#15609=PRODUCT_DEFINITION_FORMATION_WITH_SPECIFIED_SOURCE('','',#15611,
 .NOT_KNOWN.);
#15610=PRODUCT_RELATED_PRODUCT_CATEGORY('','',(#15611));
#15611=PRODUCT('Eyepiece_Body','Eyepiece_Body','Eyepiece_Body',(#15613));
#15612=PRODUCT_CATEGORY('','');
#15613=PRODUCT_CONTEXT('',#15615,'mechanical');
#15614=APPLICATION_PROTOCOL_DEFINITION('international standard',
'ap242_managed_model_based_3d_engineering',2020,#15615);
#15615=APPLICATION_CONTEXT('managed model based 3d engineering');
ENDSEC;
END-ISO-10303-21;
