ISO-10303-21;
HEADER;
/* Generated by software containing ST-Developer
 * from STEP Tools, Inc. (www.steptools.com) 
 */
/* OPTION: using custom renumber hook */

FILE_DESCRIPTION(
/* description */ ('STEP AP242 Edition 2',
'CAx-IF Rec.Pracs.---Representation and Presentation of Product Manufa
cturing Information (PMI)---4.0---2014-10-13',
'CAx-IF Rec.Pracs.---3D Tessellated Geometry---0.4---2014-09-14','2;1',
'CAx-IF Rec.Pracs.---User Defined Attributes---1.5---2016-08-15'),
/* implementation_level */ '2;1');

FILE_NAME(
/* name */ 'Part Studio 1',
/* time_stamp */ '2026-09-22T19:34:24Z',
/* author */ (''),
/* organization */ (''),
/* preprocessor_version */ 'ST-DEVELOPER v20',
/* originating_system */ 'ONSHAPE BY PTC INC, 1.221',
/* authorisation */ '  ');

FILE_SCHEMA (('AP242_MANAGED_MODEL_BASED_3D_ENGINEERING_MIM_LF { 1 0 10303 442 3 1 4 }'));
ENDSEC;

DATA;
#10=B_SPLINE_SURFACE_WITH_KNOTS('',1,3,((#11819,#11820,#11821,#11822,#11823,
#11824),(#11825,#11826,#11827,#11828,#11829,#11830)),.RULED_SURF.,.F.,.F.,
 .F.,(2,2),(4,2,4),(0.,1.),(4.82248649268931,5.49778714378214,5.70141198777002),
 .UNSPECIFIED.);
#11=B_SPLINE_SURFACE_WITH_KNOTS('',1,3,((#11835,#11836,#11837,#11838,#11839,
#11840),(#11841,#11842,#11843,#11844,#11845,#11846)),.RULED_SURF.,.F.,.F.,
 .F.,(2,2),(4,2,4),(0.,1.),(3.72323385749129,3.92699081698724,4.60229225604533),
 .UNSPECIFIED.);
#12=B_SPLINE_SURFACE_WITH_KNOTS('',1,3,((#12256,#12257,#12258,#12259,#12260,
#12261),(#12262,#12263,#12264,#12265,#12266,#12267)),.RULED_SURF.,.F.,.F.,
 .F.,(2,2),(4,2,4),(0.,1.),(4.82248626185954,5.49778714378214,5.70145069022755),
 .UNSPECIFIED.);
#13=B_SPLINE_SURFACE_WITH_KNOTS('',1,3,((#12272,#12273,#12274,#12275,#12276,
#12277),(#12278,#12279,#12280,#12281,#12282,#12283)),.RULED_SURF.,.F.,.F.,
 .F.,(2,2),(4,2,4),(0.,1.),(3.72325717295108,3.92699081698724,4.60229211698692),
 .UNSPECIFIED.);
#14=B_SPLINE_SURFACE_WITH_KNOTS('',1,1,((#12925,#12926),(#12927,#12928)),
 .RULED_SURF.,.F.,.F.,.F.,(2,2),(2,2),(0.,1.),(0.,1.),
 .PIECEWISE_BEZIER_KNOTS.);
#15=B_SPLINE_SURFACE_WITH_KNOTS('',1,1,((#12934,#12935),(#12936,#12937)),
 .RULED_SURF.,.F.,.F.,.F.,(2,2),(2,2),(0.,1.),(0.,1.),
 .PIECEWISE_BEZIER_KNOTS.);
#16=B_SPLINE_SURFACE_WITH_KNOTS('',1,1,((#12963,#12964),(#12965,#12966)),
 .RULED_SURF.,.F.,.F.,.F.,(2,2),(2,2),(0.,1.),(0.,1.),
 .PIECEWISE_BEZIER_KNOTS.);
#17=B_SPLINE_SURFACE_WITH_KNOTS('',1,1,((#12968,#12969),(#12970,#12971)),
 .RULED_SURF.,.F.,.F.,.F.,(2,2),(2,2),(0.,1.),(0.,1.),
 .PIECEWISE_BEZIER_KNOTS.);
#18=B_SPLINE_SURFACE_WITH_KNOTS('',1,1,((#12991,#12992),(#12993,#12994)),
 .RULED_SURF.,.F.,.F.,.F.,(2,2),(2,2),(0.,1.),(0.,1.),
 .PIECEWISE_BEZIER_KNOTS.);
#19=B_SPLINE_SURFACE_WITH_KNOTS('',1,1,((#13003,#13004),(#13005,#13006)),
 .RULED_SURF.,.F.,.F.,.F.,(2,2),(2,2),(0.,1.),(0.,1.),
 .PIECEWISE_BEZIER_KNOTS.);
#20=B_SPLINE_SURFACE_WITH_KNOTS('',1,1,((#13025,#13026),(#13027,#13028)),
 .RULED_SURF.,.F.,.F.,.F.,(2,2),(2,2),(0.,1.),(0.,1.),
 .PIECEWISE_BEZIER_KNOTS.);
#21=B_SPLINE_SURFACE_WITH_KNOTS('',1,1,((#13030,#13031),(#13032,#13033)),
 .RULED_SURF.,.F.,.F.,.F.,(2,2),(2,2),(0.,1.),(0.,1.),
 .PIECEWISE_BEZIER_KNOTS.);
#22=B_SPLINE_SURFACE_WITH_KNOTS('',1,1,((#13039,#13040),(#13041,#13042)),
 .RULED_SURF.,.F.,.F.,.F.,(2,2),(2,2),(0.,1.),(0.,1.),
 .PIECEWISE_BEZIER_KNOTS.);
#23=B_SPLINE_SURFACE_WITH_KNOTS('',1,1,((#13048,#13049),(#13050,#13051)),
 .RULED_SURF.,.F.,.F.,.F.,(2,2),(2,2),(0.,1.),(0.,1.),
 .PIECEWISE_BEZIER_KNOTS.);
#24=B_SPLINE_SURFACE_WITH_KNOTS('',1,1,((#13074,#13075),(#13076,#13077)),
 .RULED_SURF.,.F.,.F.,.F.,(2,2),(2,2),(0.,1.),(0.,1.),
 .PIECEWISE_BEZIER_KNOTS.);
#25=B_SPLINE_SURFACE_WITH_KNOTS('',1,1,((#13085,#13086),(#13087,#13088)),
 .RULED_SURF.,.F.,.F.,.F.,(2,2),(2,2),(0.,1.),(0.,1.),
 .PIECEWISE_BEZIER_KNOTS.);
#26=B_SPLINE_SURFACE_WITH_KNOTS('',1,1,((#13107,#13108),(#13109,#13110)),
 .RULED_SURF.,.F.,.F.,.F.,(2,2),(2,2),(0.,1.),(0.,1.),
 .PIECEWISE_BEZIER_KNOTS.);
#27=B_SPLINE_SURFACE_WITH_KNOTS('',1,1,((#13115,#13116),(#13117,#13118)),
 .RULED_SURF.,.F.,.F.,.F.,(2,2),(2,2),(0.,1.),(0.,1.),
 .PIECEWISE_BEZIER_KNOTS.);
#28=B_SPLINE_SURFACE_WITH_KNOTS('',1,1,((#13139,#13140),(#13141,#13142)),
 .RULED_SURF.,.F.,.F.,.F.,(2,2),(2,2),(0.,1.),(0.,1.),
 .PIECEWISE_BEZIER_KNOTS.);
#29=B_SPLINE_SURFACE_WITH_KNOTS('',1,1,((#13144,#13145),(#13146,#13147)),
 .RULED_SURF.,.F.,.F.,.F.,(2,2),(2,2),(0.,1.),(0.,1.),
 .PIECEWISE_BEZIER_KNOTS.);
#30=B_SPLINE_SURFACE_WITH_KNOTS('',1,1,((#13153,#13154),(#13155,#13156)),
 .RULED_SURF.,.F.,.F.,.F.,(2,2),(2,2),(0.,1.),(0.,1.),
 .PIECEWISE_BEZIER_KNOTS.);
#31=B_SPLINE_SURFACE_WITH_KNOTS('',1,1,((#13162,#13163),(#13164,#13165)),
 .RULED_SURF.,.F.,.F.,.F.,(2,2),(2,2),(0.,1.),(0.,1.),
 .PIECEWISE_BEZIER_KNOTS.);
#32=B_SPLINE_SURFACE_WITH_KNOTS('',1,1,((#13191,#13192),(#13193,#13194)),
 .RULED_SURF.,.F.,.F.,.F.,(2,2),(2,2),(0.,1.),(0.,1.),
 .PIECEWISE_BEZIER_KNOTS.);
#33=B_SPLINE_SURFACE_WITH_KNOTS('',1,1,((#13196,#13197),(#13198,#13199)),
 .RULED_SURF.,.F.,.F.,.F.,(2,2),(2,2),(0.,1.),(0.,1.),
 .PIECEWISE_BEZIER_KNOTS.);
#34=B_SPLINE_SURFACE_WITH_KNOTS('',1,1,((#13219,#13220),(#13221,#13222)),
 .RULED_SURF.,.F.,.F.,.F.,(2,2),(2,2),(0.,1.),(0.,1.),
 .PIECEWISE_BEZIER_KNOTS.);
#35=B_SPLINE_SURFACE_WITH_KNOTS('',1,1,((#13231,#13232),(#13233,#13234)),
 .RULED_SURF.,.F.,.F.,.F.,(2,2),(2,2),(0.,1.),(0.,1.),
 .PIECEWISE_BEZIER_KNOTS.);
#36=B_SPLINE_SURFACE_WITH_KNOTS('',1,1,((#13253,#13254),(#13255,#13256)),
 .RULED_SURF.,.F.,.F.,.F.,(2,2),(2,2),(0.,1.),(0.,1.),
 .PIECEWISE_BEZIER_KNOTS.);
#37=B_SPLINE_SURFACE_WITH_KNOTS('',1,1,((#13258,#13259),(#13260,#13261)),
 .RULED_SURF.,.F.,.F.,.F.,(2,2),(2,2),(0.,1.),(0.,1.),
 .PIECEWISE_BEZIER_KNOTS.);
#38=B_SPLINE_SURFACE_WITH_KNOTS('',1,1,((#13267,#13268),(#13269,#13270)),
 .RULED_SURF.,.F.,.F.,.F.,(2,2),(2,2),(0.,1.),(0.,1.),
 .PIECEWISE_BEZIER_KNOTS.);
#39=B_SPLINE_SURFACE_WITH_KNOTS('',1,1,((#13276,#13277),(#13278,#13279)),
 .RULED_SURF.,.F.,.F.,.F.,(2,2),(2,2),(0.,1.),(0.,1.),
 .PIECEWISE_BEZIER_KNOTS.);
#40=B_SPLINE_SURFACE_WITH_KNOTS('',1,1,((#13302,#13303),(#13304,#13305)),
 .RULED_SURF.,.F.,.F.,.F.,(2,2),(2,2),(0.,1.),(0.,1.),
 .PIECEWISE_BEZIER_KNOTS.);
#41=B_SPLINE_SURFACE_WITH_KNOTS('',1,1,((#13313,#13314),(#13315,#13316)),
 .RULED_SURF.,.F.,.F.,.F.,(2,2),(2,2),(0.,1.),(0.,1.),
 .PIECEWISE_BEZIER_KNOTS.);
#42=B_SPLINE_SURFACE_WITH_KNOTS('',1,1,((#13335,#13336),(#13337,#13338)),
 .RULED_SURF.,.F.,.F.,.F.,(2,2),(2,2),(0.,1.),(0.,1.),
 .PIECEWISE_BEZIER_KNOTS.);
#43=B_SPLINE_SURFACE_WITH_KNOTS('',1,1,((#13343,#13344),(#13345,#13346)),
 .RULED_SURF.,.F.,.F.,.F.,(2,2),(2,2),(0.,1.),(0.,1.),
 .PIECEWISE_BEZIER_KNOTS.);
#44=B_SPLINE_SURFACE_WITH_KNOTS('',1,1,((#13367,#13368),(#13369,#13370)),
 .RULED_SURF.,.F.,.F.,.F.,(2,2),(2,2),(0.,1.),(0.,1.),
 .PIECEWISE_BEZIER_KNOTS.);
#45=B_SPLINE_SURFACE_WITH_KNOTS('',1,1,((#13372,#13373),(#13374,#13375)),
 .RULED_SURF.,.F.,.F.,.F.,(2,2),(2,2),(0.,1.),(0.,1.),
 .PIECEWISE_BEZIER_KNOTS.);
#46=ELLIPSE('',#8388,0.0156524758424985,0.007);
#47=ELLIPSE('',#8389,0.0156524758424985,0.007);
#48=ELLIPSE('',#8391,0.0156524758424985,0.007);
#49=ELLIPSE('',#8392,0.0156524758424985,0.007);
#50=ELLIPSE('',#8415,0.00989949493661166,0.007);
#51=ELLIPSE('',#8417,0.00989949493661164,0.007);
#52=ELLIPSE('',#8471,0.0156524758424985,0.007);
#53=ELLIPSE('',#8472,0.0156524758424985,0.007);
#54=ELLIPSE('',#8474,0.0156524758424985,0.007);
#55=ELLIPSE('',#8475,0.0156524758424985,0.007);
#56=ELLIPSE('',#8498,0.00989949493661166,0.007);
#57=ELLIPSE('',#8500,0.00989949493661164,0.007);
#58=B_SPLINE_CURVE_WITH_KNOTS('',3,(#11470,#11471,#11472,#11473),
 .UNSPECIFIED.,.F.,.F.,(4,4),(0.,0.000199459312114073),.UNSPECIFIED.);
#59=B_SPLINE_CURVE_WITH_KNOTS('',3,(#11477,#11478,#11479,#11480),
 .UNSPECIFIED.,.F.,.F.,(4,4),(0.,0.000199459312114377),.UNSPECIFIED.);
#60=B_SPLINE_CURVE_WITH_KNOTS('',3,(#11737,#11738,#11739,#11740,#11741,
#11742,#11743,#11744,#11745),.UNSPECIFIED.,.F.,.F.,(4,1,1,1,1,1,4),(0.0940728975546466,
0.320535093714227,0.433766191794017,0.490381740833912,0.546997289873807,
0.773459486033388,0.999921682192968),.UNSPECIFIED.);
#61=B_SPLINE_CURVE_WITH_KNOTS('',3,(#11747,#11748,#11749,#11750,#11751,
#11752,#11753,#11754,#11755),.UNSPECIFIED.,.F.,.F.,(4,1,1,1,1,1,4),(0.,
0.226489166873486,0.452978333746972,0.509600625465344,0.566222917183716,
0.679467500620459,0.905956667493945),.UNSPECIFIED.);
#62=B_SPLINE_CURVE_WITH_KNOTS('',3,(#11763,#11764,#11765,#11766,#11767,
#11768),.UNSPECIFIED.,.F.,.F.,(4,2,4),(4.63384916404494,5.49778714378214,
6.36172512351934),.UNSPECIFIED.);
#63=B_SPLINE_CURVE_WITH_KNOTS('',3,(#11770,#11771,#11772,#11773),
 .UNSPECIFIED.,.F.,.F.,(4,4),(0.,1.),.UNSPECIFIED.);
#64=B_SPLINE_CURVE_WITH_KNOTS('',3,(#11775,#11776,#11777,#11778),
 .UNSPECIFIED.,.F.,.F.,(4,4),(8.67361737988404E-19,0.000302015647092746),
 .UNSPECIFIED.);
#65=B_SPLINE_CURVE_WITH_KNOTS('',3,(#11783,#11784,#11785,#11786),
 .UNSPECIFIED.,.F.,.F.,(4,4),(0.,0.000302015647092754),.UNSPECIFIED.);
#66=B_SPLINE_CURVE_WITH_KNOTS('',3,(#11788,#11789,#11790,#11791),
 .UNSPECIFIED.,.F.,.F.,(4,4),(4.35957826698415E-6,1.),.UNSPECIFIED.);
#67=B_SPLINE_CURVE_WITH_KNOTS('',3,(#11793,#11794,#11795,#11796,#11797,
#11798),.UNSPECIFIED.,.F.,.F.,(4,2,4),(3.06305283725005,3.92699081698724,
4.79092879672444),.UNSPECIFIED.);
#68=B_SPLINE_CURVE_WITH_KNOTS('',3,(#11810,#11811,#11812,#11813),
 .UNSPECIFIED.,.F.,.F.,(4,4),(0.000270433995249631,1.),.UNSPECIFIED.);
#69=B_SPLINE_CURVE_WITH_KNOTS('',3,(#11815,#11816,#11817,#11818),
 .UNSPECIFIED.,.F.,.F.,(4,4),(0.,1.),.UNSPECIFIED.);
#70=B_SPLINE_CURVE_WITH_KNOTS('',3,(#11831,#11832,#11833,#11834),
 .UNSPECIFIED.,.F.,.F.,(4,4),(0.,1.),.UNSPECIFIED.);
#71=B_SPLINE_CURVE_WITH_KNOTS('',3,(#11847,#11848,#11849,#11850),
 .UNSPECIFIED.,.F.,.F.,(4,4),(0.,1.),.UNSPECIFIED.);
#72=B_SPLINE_CURVE_WITH_KNOTS('',3,(#11907,#11908,#11909,#11910),
 .UNSPECIFIED.,.F.,.F.,(4,4),(4.11654474789398E-7,0.000199459312114377),
 .UNSPECIFIED.);
#73=B_SPLINE_CURVE_WITH_KNOTS('',3,(#11914,#11915,#11916,#11917),
 .UNSPECIFIED.,.F.,.F.,(4,4),(0.,0.000199047663903368),.UNSPECIFIED.);
#74=B_SPLINE_CURVE_WITH_KNOTS('',3,(#12174,#12175,#12176,#12177,#12178,
#12179,#12180,#12181,#12182),.UNSPECIFIED.,.F.,.F.,(4,1,1,1,1,1,4),(0.094041968430269,
0.320511896870944,0.433746861091281,0.49036434320145,0.546981825311618,
0.773451753752293,0.999921682192968),.UNSPECIFIED.);
#75=B_SPLINE_CURVE_WITH_KNOTS('',3,(#12187,#12188,#12189,#12190,#12191,
#12192,#12193,#12194,#12195),.UNSPECIFIED.,.F.,.F.,(4,1,1,1,1,1,4),(0.,
0.226496897718401,0.452993795436803,0.509618019866403,0.566242244296003,
0.679490693155204,0.905987590873605),.UNSPECIFIED.);
#76=B_SPLINE_CURVE_WITH_KNOTS('',3,(#12197,#12198,#12199,#12200),
 .UNSPECIFIED.,.F.,.F.,(4,4),(8.67361737988404E-19,0.000302015647092746),
 .UNSPECIFIED.);
#77=B_SPLINE_CURVE_WITH_KNOTS('',3,(#12202,#12203,#12204,#12205),
 .UNSPECIFIED.,.F.,.F.,(4,4),(0.,1.),.UNSPECIFIED.);
#78=B_SPLINE_CURVE_WITH_KNOTS('',3,(#12207,#12208,#12209,#12210,#12211,
#12212),.UNSPECIFIED.,.F.,.F.,(4,2,4),(4.63384916404494,5.49778714378214,
6.36172512351934),.UNSPECIFIED.);
#79=B_SPLINE_CURVE_WITH_KNOTS('',3,(#12219,#12220,#12221,#12222,#12223,
#12224),.UNSPECIFIED.,.F.,.F.,(4,2,4),(3.06305283725005,3.92699081698724,
4.79092879672444),.UNSPECIFIED.);
#80=B_SPLINE_CURVE_WITH_KNOTS('',3,(#12226,#12227,#12228,#12229),
 .UNSPECIFIED.,.F.,.F.,(4,4),(0.,1.),.UNSPECIFIED.);
#81=B_SPLINE_CURVE_WITH_KNOTS('',3,(#12231,#12232,#12233,#12234),
 .UNSPECIFIED.,.F.,.F.,(4,4),(0.,0.000302015647092754),.UNSPECIFIED.);
#82=B_SPLINE_CURVE_WITH_KNOTS('',3,(#12247,#12248,#12249,#12250),
 .UNSPECIFIED.,.F.,.F.,(4,4),(0.000270433995256712,1.),.UNSPECIFIED.);
#83=B_SPLINE_CURVE_WITH_KNOTS('',3,(#12252,#12253,#12254,#12255),
 .UNSPECIFIED.,.F.,.F.,(4,4),(0.,1.),.UNSPECIFIED.);
#84=B_SPLINE_CURVE_WITH_KNOTS('',3,(#12268,#12269,#12270,#12271),
 .UNSPECIFIED.,.F.,.F.,(4,4),(0.,1.),.UNSPECIFIED.);
#85=B_SPLINE_CURVE_WITH_KNOTS('',3,(#12284,#12285,#12286,#12287),
 .UNSPECIFIED.,.F.,.F.,(4,4),(0.,1.),.UNSPECIFIED.);
#86=B_SPLINE_CURVE_WITH_KNOTS('',3,(#12339,#12340,#12341,#12342),
 .UNSPECIFIED.,.F.,.F.,(4,4),(0.,0.00107929015217978),.UNSPECIFIED.);
#87=B_SPLINE_CURVE_WITH_KNOTS('',3,(#12351,#12352,#12353,#12354),
 .UNSPECIFIED.,.F.,.F.,(4,4),(0.,0.0010792901521798),.UNSPECIFIED.);
#88=B_SPLINE_CURVE_WITH_KNOTS('',3,(#12358,#12359,#12360,#12361),
 .UNSPECIFIED.,.F.,.F.,(4,4),(0.,0.00107929015217988),.UNSPECIFIED.);
#89=B_SPLINE_CURVE_WITH_KNOTS('',3,(#12369,#12370,#12371,#12372),
 .UNSPECIFIED.,.F.,.F.,(4,4),(0.,0.00107929015217986),.UNSPECIFIED.);
#90=B_SPLINE_CURVE_WITH_KNOTS('',3,(#12375,#12376,#12377,#12378),
 .UNSPECIFIED.,.F.,.F.,(4,4),(0.,0.0010792901521798),.UNSPECIFIED.);
#91=B_SPLINE_CURVE_WITH_KNOTS('',3,(#12387,#12388,#12389,#12390),
 .UNSPECIFIED.,.F.,.F.,(4,4),(0.,0.00107929015217981),.UNSPECIFIED.);
#92=B_SPLINE_CURVE_WITH_KNOTS('',3,(#12394,#12395,#12396,#12397),
 .UNSPECIFIED.,.F.,.F.,(4,4),(0.,0.00107929015217986),.UNSPECIFIED.);
#93=B_SPLINE_CURVE_WITH_KNOTS('',3,(#12405,#12406,#12407,#12408),
 .UNSPECIFIED.,.F.,.F.,(4,4),(0.,0.00107929015217988),.UNSPECIFIED.);
#94=B_SPLINE_CURVE_WITH_KNOTS('',3,(#12411,#12412,#12413,#12414),
 .UNSPECIFIED.,.F.,.F.,(4,4),(0.,0.00107929015217982),.UNSPECIFIED.);
#95=B_SPLINE_CURVE_WITH_KNOTS('',3,(#12423,#12424,#12425,#12426),
 .UNSPECIFIED.,.F.,.F.,(4,4),(0.,0.00107929015217984),.UNSPECIFIED.);
#96=B_SPLINE_CURVE_WITH_KNOTS('',3,(#12430,#12431,#12432,#12433),
 .UNSPECIFIED.,.F.,.F.,(4,4),(0.,0.00107929015217984),.UNSPECIFIED.);
#97=B_SPLINE_CURVE_WITH_KNOTS('',3,(#12441,#12442,#12443,#12444),
 .UNSPECIFIED.,.F.,.F.,(4,4),(0.,0.00107929015217982),.UNSPECIFIED.);
#98=B_SPLINE_CURVE_WITH_KNOTS('',3,(#12447,#12448,#12449,#12450),
 .UNSPECIFIED.,.F.,.F.,(4,4),(0.,0.00107929015217984),.UNSPECIFIED.);
#99=B_SPLINE_CURVE_WITH_KNOTS('',3,(#12459,#12460,#12461,#12462),
 .UNSPECIFIED.,.F.,.F.,(4,4),(0.,0.00107929015217982),.UNSPECIFIED.);
#100=B_SPLINE_CURVE_WITH_KNOTS('',3,(#12466,#12467,#12468,#12469),
 .UNSPECIFIED.,.F.,.F.,(4,4),(0.,0.00107929015217985),.UNSPECIFIED.);
#101=B_SPLINE_CURVE_WITH_KNOTS('',3,(#12477,#12478,#12479,#12480),
 .UNSPECIFIED.,.F.,.F.,(4,4),(0.,0.00107929015217982),.UNSPECIFIED.);
#102=B_SPLINE_CURVE_WITH_KNOTS('',3,(#12540,#12541,#12542,#12543),
 .UNSPECIFIED.,.F.,.F.,(4,4),(0.,0.00107929015217983),.UNSPECIFIED.);
#103=B_SPLINE_CURVE_WITH_KNOTS('',3,(#12552,#12553,#12554,#12555),
 .UNSPECIFIED.,.F.,.F.,(4,4),(0.,0.00107929015217985),.UNSPECIFIED.);
#104=B_SPLINE_CURVE_WITH_KNOTS('',3,(#12559,#12560,#12561,#12562),
 .UNSPECIFIED.,.F.,.F.,(4,4),(0.,0.00107929015217982),.UNSPECIFIED.);
#105=B_SPLINE_CURVE_WITH_KNOTS('',3,(#12570,#12571,#12572,#12573),
 .UNSPECIFIED.,.F.,.F.,(4,4),(0.,0.00107929015217985),.UNSPECIFIED.);
#106=B_SPLINE_CURVE_WITH_KNOTS('',3,(#12576,#12577,#12578,#12579),
 .UNSPECIFIED.,.F.,.F.,(4,4),(0.,0.0010792901521798),.UNSPECIFIED.);
#107=B_SPLINE_CURVE_WITH_KNOTS('',3,(#12588,#12589,#12590,#12591),
 .UNSPECIFIED.,.F.,.F.,(4,4),(0.,0.00107929015217982),.UNSPECIFIED.);
#108=B_SPLINE_CURVE_WITH_KNOTS('',3,(#12595,#12596,#12597,#12598),
 .UNSPECIFIED.,.F.,.F.,(4,4),(0.,0.00107929015217982),.UNSPECIFIED.);
#109=B_SPLINE_CURVE_WITH_KNOTS('',3,(#12606,#12607,#12608,#12609),
 .UNSPECIFIED.,.F.,.F.,(4,4),(0.,0.00107929015217981),.UNSPECIFIED.);
#110=B_SPLINE_CURVE_WITH_KNOTS('',3,(#12612,#12613,#12614,#12615),
 .UNSPECIFIED.,.F.,.F.,(4,4),(0.,0.00107929015217981),.UNSPECIFIED.);
#111=B_SPLINE_CURVE_WITH_KNOTS('',3,(#12624,#12625,#12626,#12627),
 .UNSPECIFIED.,.F.,.F.,(4,4),(0.,0.0010792901521798),.UNSPECIFIED.);
#112=B_SPLINE_CURVE_WITH_KNOTS('',3,(#12631,#12632,#12633,#12634),
 .UNSPECIFIED.,.F.,.F.,(4,4),(0.,0.00107929015217988),.UNSPECIFIED.);
#113=B_SPLINE_CURVE_WITH_KNOTS('',3,(#12642,#12643,#12644,#12645),
 .UNSPECIFIED.,.F.,.F.,(4,4),(0.,0.00107929015217986),.UNSPECIFIED.);
#114=B_SPLINE_CURVE_WITH_KNOTS('',3,(#12648,#12649,#12650,#12651),
 .UNSPECIFIED.,.F.,.F.,(4,4),(0.,0.0010792901521798),.UNSPECIFIED.);
#115=B_SPLINE_CURVE_WITH_KNOTS('',3,(#12660,#12661,#12662,#12663),
 .UNSPECIFIED.,.F.,.F.,(4,4),(0.,0.00107929015217981),.UNSPECIFIED.);
#116=B_SPLINE_CURVE_WITH_KNOTS('',3,(#12667,#12668,#12669,#12670),
 .UNSPECIFIED.,.F.,.F.,(4,4),(0.,0.00107929015217986),.UNSPECIFIED.);
#117=B_SPLINE_CURVE_WITH_KNOTS('',3,(#12678,#12679,#12680,#12681),
 .UNSPECIFIED.,.F.,.F.,(4,4),(0.,0.00107929015217988),.UNSPECIFIED.);
#118=B_SPLINE_CURVE_WITH_KNOTS('',3,(#12930,#12931,#12932,#12933),
 .UNSPECIFIED.,.F.,.F.,(4,4),(0.,0.000748799558774507),.UNSPECIFIED.);
#119=B_SPLINE_CURVE_WITH_KNOTS('',3,(#12938,#12939,#12940,#12941),
 .UNSPECIFIED.,.F.,.F.,(4,4),(0.,0.000748799558774508),.UNSPECIFIED.);
#120=B_SPLINE_CURVE_WITH_KNOTS('',3,(#12946,#12947,#12948,#12949),
 .UNSPECIFIED.,.F.,.F.,(4,4),(0.,0.000748799558774507),.UNSPECIFIED.);
#121=B_SPLINE_CURVE_WITH_KNOTS('',3,(#12954,#12955,#12956,#12957),
 .UNSPECIFIED.,.F.,.F.,(4,4),(0.,0.000748799558774508),.UNSPECIFIED.);
#122=B_SPLINE_CURVE_WITH_KNOTS('',3,(#12995,#12996,#12997,#12998),
 .UNSPECIFIED.,.F.,.F.,(4,4),(0.,0.000748799558774502),.UNSPECIFIED.);
#123=B_SPLINE_CURVE_WITH_KNOTS('',3,(#13007,#13008,#13009,#13010),
 .UNSPECIFIED.,.F.,.F.,(4,4),(0.,0.00074879955877451),.UNSPECIFIED.);
#124=B_SPLINE_CURVE_WITH_KNOTS('',3,(#13012,#13013,#13014,#13015),
 .UNSPECIFIED.,.F.,.F.,(4,4),(0.,0.000748799558774501),.UNSPECIFIED.);
#125=B_SPLINE_CURVE_WITH_KNOTS('',3,(#13021,#13022,#13023,#13024),
 .UNSPECIFIED.,.F.,.F.,(4,4),(0.,0.00074879955877451),.UNSPECIFIED.);
#126=B_SPLINE_CURVE_WITH_KNOTS('',3,(#13043,#13044,#13045,#13046),
 .UNSPECIFIED.,.F.,.F.,(4,4),(0.,0.000748799558774502),.UNSPECIFIED.);
#127=B_SPLINE_CURVE_WITH_KNOTS('',3,(#13053,#13054,#13055,#13056),
 .UNSPECIFIED.,.F.,.F.,(4,4),(0.,0.000748799558774497),.UNSPECIFIED.);
#128=B_SPLINE_CURVE_WITH_KNOTS('',3,(#13058,#13059,#13060,#13061),
 .UNSPECIFIED.,.F.,.F.,(4,4),(0.,0.000748799558774502),.UNSPECIFIED.);
#129=B_SPLINE_CURVE_WITH_KNOTS('',3,(#13067,#13068,#13069,#13070),
 .UNSPECIFIED.,.F.,.F.,(4,4),(0.,0.000748799558774497),.UNSPECIFIED.);
#130=B_SPLINE_CURVE_WITH_KNOTS('',3,(#13111,#13112,#13113,#13114),
 .UNSPECIFIED.,.F.,.F.,(4,4),(0.,0.000748799558774504),.UNSPECIFIED.);
#131=B_SPLINE_CURVE_WITH_KNOTS('',3,(#13119,#13120,#13121,#13122),
 .UNSPECIFIED.,.F.,.F.,(4,4),(0.,0.000748799558774499),.UNSPECIFIED.);
#132=B_SPLINE_CURVE_WITH_KNOTS('',3,(#13128,#13129,#13130,#13131),
 .UNSPECIFIED.,.F.,.F.,(4,4),(0.,0.000748799558774504),.UNSPECIFIED.);
#133=B_SPLINE_CURVE_WITH_KNOTS('',3,(#13133,#13134,#13135,#13136),
 .UNSPECIFIED.,.F.,.F.,(4,4),(0.,0.000748799558774499),.UNSPECIFIED.);
#134=B_SPLINE_CURVE_WITH_KNOTS('',3,(#13158,#13159,#13160,#13161),
 .UNSPECIFIED.,.F.,.F.,(4,4),(0.,0.000748799558774531),.UNSPECIFIED.);
#135=B_SPLINE_CURVE_WITH_KNOTS('',3,(#13166,#13167,#13168,#13169),
 .UNSPECIFIED.,.F.,.F.,(4,4),(0.,0.000748799558774497),.UNSPECIFIED.);
#136=B_SPLINE_CURVE_WITH_KNOTS('',3,(#13174,#13175,#13176,#13177),
 .UNSPECIFIED.,.F.,.F.,(4,4),(0.,0.000748799558774531),.UNSPECIFIED.);
#137=B_SPLINE_CURVE_WITH_KNOTS('',3,(#13182,#13183,#13184,#13185),
 .UNSPECIFIED.,.F.,.F.,(4,4),(0.,0.000748799558774497),.UNSPECIFIED.);
#138=B_SPLINE_CURVE_WITH_KNOTS('',3,(#13223,#13224,#13225,#13226),
 .UNSPECIFIED.,.F.,.F.,(4,4),(0.,0.000748799558774504),.UNSPECIFIED.);
#139=B_SPLINE_CURVE_WITH_KNOTS('',3,(#13235,#13236,#13237,#13238),
 .UNSPECIFIED.,.F.,.F.,(4,4),(0.,0.000748799558774529),.UNSPECIFIED.);
#140=B_SPLINE_CURVE_WITH_KNOTS('',3,(#13240,#13241,#13242,#13243),
 .UNSPECIFIED.,.F.,.F.,(4,4),(0.,0.000748799558774504),.UNSPECIFIED.);
#141=B_SPLINE_CURVE_WITH_KNOTS('',3,(#13249,#13250,#13251,#13252),
 .UNSPECIFIED.,.F.,.F.,(4,4),(0.,0.000748799558774529),.UNSPECIFIED.);
#142=B_SPLINE_CURVE_WITH_KNOTS('',3,(#13271,#13272,#13273,#13274),
 .UNSPECIFIED.,.F.,.F.,(4,4),(0.,0.000748799558774499),.UNSPECIFIED.);
#143=B_SPLINE_CURVE_WITH_KNOTS('',3,(#13281,#13282,#13283,#13284),
 .UNSPECIFIED.,.F.,.F.,(4,4),(0.,0.000748799558774499),.UNSPECIFIED.);
#144=B_SPLINE_CURVE_WITH_KNOTS('',3,(#13286,#13287,#13288,#13289),
 .UNSPECIFIED.,.F.,.F.,(4,4),(0.,0.000748799558774499),.UNSPECIFIED.);
#145=B_SPLINE_CURVE_WITH_KNOTS('',3,(#13295,#13296,#13297,#13298),
 .UNSPECIFIED.,.F.,.F.,(4,4),(0.,0.000748799558774499),.UNSPECIFIED.);
#146=B_SPLINE_CURVE_WITH_KNOTS('',3,(#13339,#13340,#13341,#13342),
 .UNSPECIFIED.,.F.,.F.,(4,4),(0.,0.000748799558774501),.UNSPECIFIED.);
#147=B_SPLINE_CURVE_WITH_KNOTS('',3,(#13347,#13348,#13349,#13350),
 .UNSPECIFIED.,.F.,.F.,(4,4),(0.,0.000748799558774502),.UNSPECIFIED.);
#148=B_SPLINE_CURVE_WITH_KNOTS('',3,(#13356,#13357,#13358,#13359),
 .UNSPECIFIED.,.F.,.F.,(4,4),(0.,0.000748799558774502),.UNSPECIFIED.);
#149=B_SPLINE_CURVE_WITH_KNOTS('',3,(#13361,#13362,#13363,#13364),
 .UNSPECIFIED.,.F.,.F.,(4,4),(0.,0.000748799558774502),.UNSPECIFIED.);
#150=SHAPE_REPRESENTATION_RELATIONSHIP('','',#8131,#155);
#151=SHAPE_REPRESENTATION_RELATIONSHIP('','',#8132,#156);
#152=SHAPE_REPRESENTATION_RELATIONSHIP('','',#8133,#157);
#153=SHAPE_REPRESENTATION_RELATIONSHIP('','',#8134,#158);
#154=SHAPE_REPRESENTATION_RELATIONSHIP('','',#8135,#159);
#155=ADVANCED_BREP_SHAPE_REPRESENTATION('',(#8121),#13429);
#156=ADVANCED_BREP_SHAPE_REPRESENTATION('',(#8122),#13430);
#157=ADVANCED_BREP_SHAPE_REPRESENTATION('',(#8123),#13431);
#158=ADVANCED_BREP_SHAPE_REPRESENTATION('',(#8124),#13432);
#159=ADVANCED_BREP_SHAPE_REPRESENTATION('',(#8125),#13433);
#160=CONICAL_SURFACE('',#8187,0.0016,0.785398163397438);
#161=CONICAL_SURFACE('',#8188,0.0016,0.785398163397438);
#162=CONICAL_SURFACE('',#8189,0.0016,0.785398163397429);
#163=CONICAL_SURFACE('',#8190,0.0016,0.785398163397429);
#164=CONICAL_SURFACE('',#8202,0.0034,0.785398163397446);
#165=CONICAL_SURFACE('',#8209,0.003,0.785398163397449);
#166=CONICAL_SURFACE('',#8220,0.003,0.785398163397444);
#167=CONICAL_SURFACE('',#8227,0.0034,0.785398163397444);
#168=CONICAL_SURFACE('',#8297,0.0016,0.785398163397438);
#169=CONICAL_SURFACE('',#8298,0.0016,0.785398163397438);
#170=CONICAL_SURFACE('',#8299,0.0016,0.785398163397429);
#171=CONICAL_SURFACE('',#8300,0.0016,0.785398163397429);
#172=CONICAL_SURFACE('',#8312,0.0034,0.785398163397446);
#173=CONICAL_SURFACE('',#8319,0.003,0.785398163397449);
#174=CONICAL_SURFACE('',#8330,0.003,0.785398163397444);
#175=CONICAL_SURFACE('',#8337,0.0034,0.785398163397444);
#176=CONICAL_SURFACE('',#8411,0.001,0.785398163397449);
#177=CONICAL_SURFACE('',#8412,0.0014,0.785398163397454);
#178=CONICAL_SURFACE('',#8494,0.001,0.785398163397449);
#179=CONICAL_SURFACE('',#8495,0.0014,0.785398163397454);
#180=CONICAL_SURFACE('',#8585,0.0015,0.785398163397448);
#181=CONICAL_SURFACE('',#8588,0.0019,0.785398163397448);
#182=CONICAL_SURFACE('',#8599,0.0015,0.785398163397452);
#183=CONICAL_SURFACE('',#8606,0.0019,0.785398163397452);
#184=CONICAL_SURFACE('',#8607,0.0019,0.785398163397448);
#185=CONICAL_SURFACE('',#8612,0.0015,0.785398163397448);
#186=CONICAL_SURFACE('',#8618,0.0019,0.785398163397452);
#187=CONICAL_SURFACE('',#8628,0.0015,0.785398163397452);
#188=CONICAL_SURFACE('',#8629,0.0015,0.785398163397448);
#189=CONICAL_SURFACE('',#8632,0.0019,0.785398163397448);
#190=CONICAL_SURFACE('',#8643,0.0015,0.785398163397452);
#191=CONICAL_SURFACE('',#8650,0.0019,0.785398163397452);
#192=CONICAL_SURFACE('',#8651,0.0019,0.785398163397448);
#193=CONICAL_SURFACE('',#8656,0.0015,0.785398163397448);
#194=CONICAL_SURFACE('',#8662,0.0019,0.785398163397452);
#195=CONICAL_SURFACE('',#8672,0.0015,0.785398163397452);
#196=CYLINDRICAL_SURFACE('',#8142,0.003);
#197=CYLINDRICAL_SURFACE('',#8145,0.003);
#198=CYLINDRICAL_SURFACE('',#8148,0.003);
#199=CYLINDRICAL_SURFACE('',#8151,0.003);
#200=CYLINDRICAL_SURFACE('',#8179,0.0016);
#201=CYLINDRICAL_SURFACE('',#8181,0.0016);
#202=CYLINDRICAL_SURFACE('',#8183,0.0016);
#203=CYLINDRICAL_SURFACE('',#8185,0.0016);
#204=CYLINDRICAL_SURFACE('',#8252,0.003);
#205=CYLINDRICAL_SURFACE('',#8255,0.003);
#206=CYLINDRICAL_SURFACE('',#8258,0.003);
#207=CYLINDRICAL_SURFACE('',#8261,0.003);
#208=CYLINDRICAL_SURFACE('',#8289,0.0016);
#209=CYLINDRICAL_SURFACE('',#8291,0.0016);
#210=CYLINDRICAL_SURFACE('',#8293,0.0016);
#211=CYLINDRICAL_SURFACE('',#8295,0.0016);
#212=CYLINDRICAL_SURFACE('',#8403,0.001);
#213=CYLINDRICAL_SURFACE('',#8432,0.007);
#214=CYLINDRICAL_SURFACE('',#8433,0.007);
#215=CYLINDRICAL_SURFACE('',#8435,0.0016);
#216=CYLINDRICAL_SURFACE('',#8436,0.0016);
#217=CYLINDRICAL_SURFACE('',#8437,0.0016);
#218=CYLINDRICAL_SURFACE('',#8438,0.0016);
#219=CYLINDRICAL_SURFACE('',#8486,0.001);
#220=CYLINDRICAL_SURFACE('',#8515,0.007);
#221=CYLINDRICAL_SURFACE('',#8516,0.007);
#222=CYLINDRICAL_SURFACE('',#8518,0.0016);
#223=CYLINDRICAL_SURFACE('',#8519,0.0016);
#224=CYLINDRICAL_SURFACE('',#8520,0.0016);
#225=CYLINDRICAL_SURFACE('',#8521,0.0016);
#226=CYLINDRICAL_SURFACE('',#8541,0.0015);
#227=CYLINDRICAL_SURFACE('',#8544,0.0015);
#228=CYLINDRICAL_SURFACE('',#8547,0.0015);
#229=CYLINDRICAL_SURFACE('',#8550,0.0015);
#230=CYLINDRICAL_SURFACE('',#8553,0.0015);
#231=CYLINDRICAL_SURFACE('',#8556,0.0015);
#232=CYLINDRICAL_SURFACE('',#8559,0.0015);
#233=CYLINDRICAL_SURFACE('',#8562,0.0015);
#234=LINE('',#10719,#1142);
#235=LINE('',#10722,#1143);
#236=LINE('',#10724,#1144);
#237=LINE('',#10726,#1145);
#238=LINE('',#10728,#1146);
#239=LINE('',#10730,#1147);
#240=LINE('',#10732,#1148);
#241=LINE('',#10734,#1149);
#242=LINE('',#10736,#1150);
#243=LINE('',#10738,#1151);
#244=LINE('',#10740,#1152);
#245=LINE('',#10742,#1153);
#246=LINE('',#10744,#1154);
#247=LINE('',#10746,#1155);
#248=LINE('',#10748,#1156);
#249=LINE('',#10753,#1157);
#250=LINE('',#10757,#1158);
#251=LINE('',#10762,#1159);
#252=LINE('',#10766,#1160);
#253=LINE('',#10771,#1161);
#254=LINE('',#10775,#1162);
#255=LINE('',#10780,#1163);
#256=LINE('',#10784,#1164);
#257=LINE('',#10786,#1165);
#258=LINE('',#10788,#1166);
#259=LINE('',#10790,#1167);
#260=LINE('',#10793,#1168);
#261=LINE('',#10794,#1169);
#262=LINE('',#10796,#1170);
#263=LINE('',#10798,#1171);
#264=LINE('',#10800,#1172);
#265=LINE('',#10802,#1173);
#266=LINE('',#10805,#1174);
#267=LINE('',#10806,#1175);
#268=LINE('',#10808,#1176);
#269=LINE('',#10810,#1177);
#270=LINE('',#10812,#1178);
#271=LINE('',#10816,#1179);
#272=LINE('',#10818,#1180);
#273=LINE('',#10820,#1181);
#274=LINE('',#10822,#1182);
#275=LINE('',#10824,#1183);
#276=LINE('',#10826,#1184);
#277=LINE('',#10828,#1185);
#278=LINE('',#10832,#1186);
#279=LINE('',#10834,#1187);
#280=LINE('',#10836,#1188);
#281=LINE('',#10838,#1189);
#282=LINE('',#10840,#1190);
#283=LINE('',#10843,#1191);
#284=LINE('',#10847,#1192);
#285=LINE('',#10849,#1193);
#286=LINE('',#10851,#1194);
#287=LINE('',#10855,#1195);
#288=LINE('',#10857,#1196);
#289=LINE('',#10859,#1197);
#290=LINE('',#10861,#1198);
#291=LINE('',#10863,#1199);
#292=LINE('',#10867,#1200);
#293=LINE('',#10869,#1201);
#294=LINE('',#10871,#1202);
#295=LINE('',#10875,#1203);
#296=LINE('',#10877,#1204);
#297=LINE('',#10879,#1205);
#298=LINE('',#10881,#1206);
#299=LINE('',#10884,#1207);
#300=LINE('',#10885,#1208);
#301=LINE('',#10887,#1209);
#302=LINE('',#10889,#1210);
#303=LINE('',#10890,#1211);
#304=LINE('',#10892,#1212);
#305=LINE('',#10894,#1213);
#306=LINE('',#10896,#1214);
#307=LINE('',#10898,#1215);
#308=LINE('',#10901,#1216);
#309=LINE('',#10903,#1217);
#310=LINE('',#10905,#1218);
#311=LINE('',#10907,#1219);
#312=LINE('',#10909,#1220);
#313=LINE('',#10911,#1221);
#314=LINE('',#10913,#1222);
#315=LINE('',#10915,#1223);
#316=LINE('',#10917,#1224);
#317=LINE('',#10918,#1225);
#318=LINE('',#10920,#1226);
#319=LINE('',#10922,#1227);
#320=LINE('',#10924,#1228);
#321=LINE('',#10926,#1229);
#322=LINE('',#10928,#1230);
#323=LINE('',#10930,#1231);
#324=LINE('',#10932,#1232);
#325=LINE('',#10934,#1233);
#326=LINE('',#10936,#1234);
#327=LINE('',#10938,#1235);
#328=LINE('',#10940,#1236);
#329=LINE('',#10944,#1237);
#330=LINE('',#10948,#1238);
#331=LINE('',#10966,#1239);
#332=LINE('',#10968,#1240);
#333=LINE('',#10969,#1241);
#334=LINE('',#10971,#1242);
#335=LINE('',#10973,#1243);
#336=LINE('',#10975,#1244);
#337=LINE('',#10977,#1245);
#338=LINE('',#10978,#1246);
#339=LINE('',#10980,#1247);
#340=LINE('',#10982,#1248);
#341=LINE('',#10984,#1249);
#342=LINE('',#10986,#1250);
#343=LINE('',#10988,#1251);
#344=LINE('',#10990,#1252);
#345=LINE('',#10992,#1253);
#346=LINE('',#10993,#1254);
#347=LINE('',#10995,#1255);
#348=LINE('',#10997,#1256);
#349=LINE('',#10999,#1257);
#350=LINE('',#11001,#1258);
#351=LINE('',#11003,#1259);
#352=LINE('',#11005,#1260);
#353=LINE('',#11007,#1261);
#354=LINE('',#11009,#1262);
#355=LINE('',#11011,#1263);
#356=LINE('',#11013,#1264);
#357=LINE('',#11015,#1265);
#358=LINE('',#11016,#1266);
#359=LINE('',#11018,#1267);
#360=LINE('',#11020,#1268);
#361=LINE('',#11022,#1269);
#362=LINE('',#11024,#1270);
#363=LINE('',#11026,#1271);
#364=LINE('',#11028,#1272);
#365=LINE('',#11030,#1273);
#366=LINE('',#11031,#1274);
#367=LINE('',#11033,#1275);
#368=LINE('',#11035,#1276);
#369=LINE('',#11037,#1277);
#370=LINE('',#11039,#1278);
#371=LINE('',#11041,#1279);
#372=LINE('',#11043,#1280);
#373=LINE('',#11045,#1281);
#374=LINE('',#11047,#1282);
#375=LINE('',#11049,#1283);
#376=LINE('',#11051,#1284);
#377=LINE('',#11053,#1285);
#378=LINE('',#11055,#1286);
#379=LINE('',#11057,#1287);
#380=LINE('',#11059,#1288);
#381=LINE('',#11061,#1289);
#382=LINE('',#11063,#1290);
#383=LINE('',#11066,#1291);
#384=LINE('',#11069,#1292);
#385=LINE('',#11070,#1293);
#386=LINE('',#11072,#1294);
#387=LINE('',#11074,#1295);
#388=LINE('',#11076,#1296);
#389=LINE('',#11078,#1297);
#390=LINE('',#11080,#1298);
#391=LINE('',#11082,#1299);
#392=LINE('',#11083,#1300);
#393=LINE('',#11096,#1301);
#394=LINE('',#11099,#1302);
#395=LINE('',#11101,#1303);
#396=LINE('',#11103,#1304);
#397=LINE('',#11105,#1305);
#398=LINE('',#11107,#1306);
#399=LINE('',#11109,#1307);
#400=LINE('',#11111,#1308);
#401=LINE('',#11113,#1309);
#402=LINE('',#11115,#1310);
#403=LINE('',#11117,#1311);
#404=LINE('',#11119,#1312);
#405=LINE('',#11121,#1313);
#406=LINE('',#11123,#1314);
#407=LINE('',#11125,#1315);
#408=LINE('',#11130,#1316);
#409=LINE('',#11134,#1317);
#410=LINE('',#11139,#1318);
#411=LINE('',#11143,#1319);
#412=LINE('',#11148,#1320);
#413=LINE('',#11152,#1321);
#414=LINE('',#11157,#1322);
#415=LINE('',#11161,#1323);
#416=LINE('',#11163,#1324);
#417=LINE('',#11165,#1325);
#418=LINE('',#11167,#1326);
#419=LINE('',#11170,#1327);
#420=LINE('',#11171,#1328);
#421=LINE('',#11173,#1329);
#422=LINE('',#11175,#1330);
#423=LINE('',#11177,#1331);
#424=LINE('',#11179,#1332);
#425=LINE('',#11182,#1333);
#426=LINE('',#11183,#1334);
#427=LINE('',#11185,#1335);
#428=LINE('',#11187,#1336);
#429=LINE('',#11189,#1337);
#430=LINE('',#11193,#1338);
#431=LINE('',#11195,#1339);
#432=LINE('',#11197,#1340);
#433=LINE('',#11199,#1341);
#434=LINE('',#11201,#1342);
#435=LINE('',#11203,#1343);
#436=LINE('',#11205,#1344);
#437=LINE('',#11209,#1345);
#438=LINE('',#11211,#1346);
#439=LINE('',#11213,#1347);
#440=LINE('',#11215,#1348);
#441=LINE('',#11217,#1349);
#442=LINE('',#11220,#1350);
#443=LINE('',#11222,#1351);
#444=LINE('',#11224,#1352);
#445=LINE('',#11228,#1353);
#446=LINE('',#11230,#1354);
#447=LINE('',#11232,#1355);
#448=LINE('',#11236,#1356);
#449=LINE('',#11238,#1357);
#450=LINE('',#11240,#1358);
#451=LINE('',#11242,#1359);
#452=LINE('',#11244,#1360);
#453=LINE('',#11248,#1361);
#454=LINE('',#11250,#1362);
#455=LINE('',#11252,#1363);
#456=LINE('',#11256,#1364);
#457=LINE('',#11258,#1365);
#458=LINE('',#11261,#1366);
#459=LINE('',#11262,#1367);
#460=LINE('',#11264,#1368);
#461=LINE('',#11266,#1369);
#462=LINE('',#11267,#1370);
#463=LINE('',#11269,#1371);
#464=LINE('',#11271,#1372);
#465=LINE('',#11273,#1373);
#466=LINE('',#11275,#1374);
#467=LINE('',#11278,#1375);
#468=LINE('',#11279,#1376);
#469=LINE('',#11281,#1377);
#470=LINE('',#11283,#1378);
#471=LINE('',#11285,#1379);
#472=LINE('',#11287,#1380);
#473=LINE('',#11289,#1381);
#474=LINE('',#11291,#1382);
#475=LINE('',#11293,#1383);
#476=LINE('',#11295,#1384);
#477=LINE('',#11297,#1385);
#478=LINE('',#11299,#1386);
#479=LINE('',#11301,#1387);
#480=LINE('',#11303,#1388);
#481=LINE('',#11305,#1389);
#482=LINE('',#11307,#1390);
#483=LINE('',#11309,#1391);
#484=LINE('',#11311,#1392);
#485=LINE('',#11313,#1393);
#486=LINE('',#11315,#1394);
#487=LINE('',#11317,#1395);
#488=LINE('',#11321,#1396);
#489=LINE('',#11325,#1397);
#490=LINE('',#11343,#1398);
#491=LINE('',#11345,#1399);
#492=LINE('',#11346,#1400);
#493=LINE('',#11348,#1401);
#494=LINE('',#11350,#1402);
#495=LINE('',#11352,#1403);
#496=LINE('',#11354,#1404);
#497=LINE('',#11355,#1405);
#498=LINE('',#11357,#1406);
#499=LINE('',#11359,#1407);
#500=LINE('',#11361,#1408);
#501=LINE('',#11363,#1409);
#502=LINE('',#11365,#1410);
#503=LINE('',#11367,#1411);
#504=LINE('',#11369,#1412);
#505=LINE('',#11370,#1413);
#506=LINE('',#11372,#1414);
#507=LINE('',#11374,#1415);
#508=LINE('',#11376,#1416);
#509=LINE('',#11378,#1417);
#510=LINE('',#11380,#1418);
#511=LINE('',#11382,#1419);
#512=LINE('',#11384,#1420);
#513=LINE('',#11386,#1421);
#514=LINE('',#11388,#1422);
#515=LINE('',#11390,#1423);
#516=LINE('',#11392,#1424);
#517=LINE('',#11393,#1425);
#518=LINE('',#11395,#1426);
#519=LINE('',#11397,#1427);
#520=LINE('',#11399,#1428);
#521=LINE('',#11401,#1429);
#522=LINE('',#11403,#1430);
#523=LINE('',#11405,#1431);
#524=LINE('',#11407,#1432);
#525=LINE('',#11408,#1433);
#526=LINE('',#11410,#1434);
#527=LINE('',#11412,#1435);
#528=LINE('',#11414,#1436);
#529=LINE('',#11416,#1437);
#530=LINE('',#11418,#1438);
#531=LINE('',#11420,#1439);
#532=LINE('',#11422,#1440);
#533=LINE('',#11424,#1441);
#534=LINE('',#11426,#1442);
#535=LINE('',#11428,#1443);
#536=LINE('',#11430,#1444);
#537=LINE('',#11432,#1445);
#538=LINE('',#11434,#1446);
#539=LINE('',#11436,#1447);
#540=LINE('',#11438,#1448);
#541=LINE('',#11440,#1449);
#542=LINE('',#11443,#1450);
#543=LINE('',#11446,#1451);
#544=LINE('',#11447,#1452);
#545=LINE('',#11449,#1453);
#546=LINE('',#11451,#1454);
#547=LINE('',#11453,#1455);
#548=LINE('',#11455,#1456);
#549=LINE('',#11457,#1457);
#550=LINE('',#11459,#1458);
#551=LINE('',#11460,#1459);
#552=LINE('',#11465,#1460);
#553=LINE('',#11468,#1461);
#554=LINE('',#11475,#1462);
#555=LINE('',#11482,#1463);
#556=LINE('',#11484,#1464);
#557=LINE('',#11487,#1465);
#558=LINE('',#11489,#1466);
#559=LINE('',#11491,#1467);
#560=LINE('',#11493,#1468);
#561=LINE('',#11495,#1469);
#562=LINE('',#11497,#1470);
#563=LINE('',#11500,#1471);
#564=LINE('',#11502,#1472);
#565=LINE('',#11504,#1473);
#566=LINE('',#11506,#1474);
#567=LINE('',#11509,#1475);
#568=LINE('',#11511,#1476);
#569=LINE('',#11513,#1477);
#570=LINE('',#11515,#1478);
#571=LINE('',#11516,#1479);
#572=LINE('',#11518,#1480);
#573=LINE('',#11520,#1481);
#574=LINE('',#11523,#1482);
#575=LINE('',#11525,#1483);
#576=LINE('',#11527,#1484);
#577=LINE('',#11537,#1485);
#578=LINE('',#11540,#1486);
#579=LINE('',#11541,#1487);
#580=LINE('',#11543,#1488);
#581=LINE('',#11545,#1489);
#582=LINE('',#11547,#1490);
#583=LINE('',#11549,#1491);
#584=LINE('',#11551,#1492);
#585=LINE('',#11553,#1493);
#586=LINE('',#11555,#1494);
#587=LINE('',#11557,#1495);
#588=LINE('',#11559,#1496);
#589=LINE('',#11561,#1497);
#590=LINE('',#11563,#1498);
#591=LINE('',#11565,#1499);
#592=LINE('',#11567,#1500);
#593=LINE('',#11569,#1501);
#594=LINE('',#11571,#1502);
#595=LINE('',#11573,#1503);
#596=LINE('',#11575,#1504);
#597=LINE('',#11577,#1505);
#598=LINE('',#11579,#1506);
#599=LINE('',#11581,#1507);
#600=LINE('',#11585,#1508);
#601=LINE('',#11587,#1509);
#602=LINE('',#11589,#1510);
#603=LINE('',#11599,#1511);
#604=LINE('',#11602,#1512);
#605=LINE('',#11604,#1513);
#606=LINE('',#11606,#1514);
#607=LINE('',#11607,#1515);
#608=LINE('',#11609,#1516);
#609=LINE('',#11611,#1517);
#610=LINE('',#11613,#1518);
#611=LINE('',#11615,#1519);
#612=LINE('',#11617,#1520);
#613=LINE('',#11619,#1521);
#614=LINE('',#11621,#1522);
#615=LINE('',#11623,#1523);
#616=LINE('',#11625,#1524);
#617=LINE('',#11627,#1525);
#618=LINE('',#11629,#1526);
#619=LINE('',#11631,#1527);
#620=LINE('',#11633,#1528);
#621=LINE('',#11635,#1529);
#622=LINE('',#11636,#1530);
#623=LINE('',#11638,#1531);
#624=LINE('',#11642,#1532);
#625=LINE('',#11644,#1533);
#626=LINE('',#11645,#1534);
#627=LINE('',#11647,#1535);
#628=LINE('',#11648,#1536);
#629=LINE('',#11650,#1537);
#630=LINE('',#11651,#1538);
#631=LINE('',#11653,#1539);
#632=LINE('',#11654,#1540);
#633=LINE('',#11656,#1541);
#634=LINE('',#11657,#1542);
#635=LINE('',#11659,#1543);
#636=LINE('',#11660,#1544);
#637=LINE('',#11662,#1545);
#638=LINE('',#11663,#1546);
#639=LINE('',#11665,#1547);
#640=LINE('',#11666,#1548);
#641=LINE('',#11668,#1549);
#642=LINE('',#11670,#1550);
#643=LINE('',#11672,#1551);
#644=LINE('',#11673,#1552);
#645=LINE('',#11675,#1553);
#646=LINE('',#11678,#1554);
#647=LINE('',#11679,#1555);
#648=LINE('',#11681,#1556);
#649=LINE('',#11684,#1557);
#650=LINE('',#11686,#1558);
#651=LINE('',#11688,#1559);
#652=LINE('',#11690,#1560);
#653=LINE('',#11692,#1561);
#654=LINE('',#11694,#1562);
#655=LINE('',#11696,#1563);
#656=LINE('',#11698,#1564);
#657=LINE('',#11701,#1565);
#658=LINE('',#11703,#1566);
#659=LINE('',#11705,#1567);
#660=LINE('',#11707,#1568);
#661=LINE('',#11709,#1569);
#662=LINE('',#11711,#1570);
#663=LINE('',#11713,#1571);
#664=LINE('',#11715,#1572);
#665=LINE('',#11717,#1573);
#666=LINE('',#11722,#1574);
#667=LINE('',#11723,#1575);
#668=LINE('',#11760,#1576);
#669=LINE('',#11761,#1577);
#670=LINE('',#11780,#1578);
#671=LINE('',#11782,#1579);
#672=LINE('',#11800,#1580);
#673=LINE('',#11803,#1581);
#674=LINE('',#11804,#1582);
#675=LINE('',#11806,#1583);
#676=LINE('',#11808,#1584);
#677=LINE('',#11852,#1585);
#678=LINE('',#11854,#1586);
#679=LINE('',#11858,#1587);
#680=LINE('',#11862,#1588);
#681=LINE('',#11864,#1589);
#682=LINE('',#11866,#1590);
#683=LINE('',#11868,#1591);
#684=LINE('',#11870,#1592);
#685=LINE('',#11871,#1593);
#686=LINE('',#11873,#1594);
#687=LINE('',#11874,#1595);
#688=LINE('',#11876,#1596);
#689=LINE('',#11878,#1597);
#690=LINE('',#11880,#1598);
#691=LINE('',#11883,#1599);
#692=LINE('',#11885,#1600);
#693=LINE('',#11888,#1601);
#694=LINE('',#11890,#1602);
#695=LINE('',#11893,#1603);
#696=LINE('',#11902,#1604);
#697=LINE('',#11905,#1605);
#698=LINE('',#11912,#1606);
#699=LINE('',#11919,#1607);
#700=LINE('',#11921,#1608);
#701=LINE('',#11924,#1609);
#702=LINE('',#11926,#1610);
#703=LINE('',#11928,#1611);
#704=LINE('',#11930,#1612);
#705=LINE('',#11932,#1613);
#706=LINE('',#11934,#1614);
#707=LINE('',#11937,#1615);
#708=LINE('',#11939,#1616);
#709=LINE('',#11941,#1617);
#710=LINE('',#11943,#1618);
#711=LINE('',#11946,#1619);
#712=LINE('',#11948,#1620);
#713=LINE('',#11949,#1621);
#714=LINE('',#11951,#1622);
#715=LINE('',#11953,#1623);
#716=LINE('',#11955,#1624);
#717=LINE('',#11957,#1625);
#718=LINE('',#11960,#1626);
#719=LINE('',#11962,#1627);
#720=LINE('',#11964,#1628);
#721=LINE('',#11974,#1629);
#722=LINE('',#11979,#1630);
#723=LINE('',#11981,#1631);
#724=LINE('',#11983,#1632);
#725=LINE('',#11985,#1633);
#726=LINE('',#11987,#1634);
#727=LINE('',#11989,#1635);
#728=LINE('',#11991,#1636);
#729=LINE('',#11993,#1637);
#730=LINE('',#11995,#1638);
#731=LINE('',#11997,#1639);
#732=LINE('',#11999,#1640);
#733=LINE('',#12001,#1641);
#734=LINE('',#12003,#1642);
#735=LINE('',#12005,#1643);
#736=LINE('',#12007,#1644);
#737=LINE('',#12009,#1645);
#738=LINE('',#12011,#1646);
#739=LINE('',#12013,#1647);
#740=LINE('',#12015,#1648);
#741=LINE('',#12017,#1649);
#742=LINE('',#12019,#1650);
#743=LINE('',#12020,#1651);
#744=LINE('',#12022,#1652);
#745=LINE('',#12024,#1653);
#746=LINE('',#12026,#1654);
#747=LINE('',#12036,#1655);
#748=LINE('',#12039,#1656);
#749=LINE('',#12043,#1657);
#750=LINE('',#12045,#1658);
#751=LINE('',#12046,#1659);
#752=LINE('',#12048,#1660);
#753=LINE('',#12050,#1661);
#754=LINE('',#12052,#1662);
#755=LINE('',#12054,#1663);
#756=LINE('',#12056,#1664);
#757=LINE('',#12058,#1665);
#758=LINE('',#12060,#1666);
#759=LINE('',#12062,#1667);
#760=LINE('',#12064,#1668);
#761=LINE('',#12066,#1669);
#762=LINE('',#12068,#1670);
#763=LINE('',#12070,#1671);
#764=LINE('',#12072,#1672);
#765=LINE('',#12074,#1673);
#766=LINE('',#12075,#1674);
#767=LINE('',#12077,#1675);
#768=LINE('',#12079,#1676);
#769=LINE('',#12081,#1677);
#770=LINE('',#12082,#1678);
#771=LINE('',#12084,#1679);
#772=LINE('',#12085,#1680);
#773=LINE('',#12087,#1681);
#774=LINE('',#12088,#1682);
#775=LINE('',#12090,#1683);
#776=LINE('',#12091,#1684);
#777=LINE('',#12093,#1685);
#778=LINE('',#12094,#1686);
#779=LINE('',#12096,#1687);
#780=LINE('',#12097,#1688);
#781=LINE('',#12099,#1689);
#782=LINE('',#12100,#1690);
#783=LINE('',#12102,#1691);
#784=LINE('',#12103,#1692);
#785=LINE('',#12105,#1693);
#786=LINE('',#12106,#1694);
#787=LINE('',#12108,#1695);
#788=LINE('',#12110,#1696);
#789=LINE('',#12112,#1697);
#790=LINE('',#12115,#1698);
#791=LINE('',#12116,#1699);
#792=LINE('',#12118,#1700);
#793=LINE('',#12121,#1701);
#794=LINE('',#12123,#1702);
#795=LINE('',#12125,#1703);
#796=LINE('',#12127,#1704);
#797=LINE('',#12129,#1705);
#798=LINE('',#12131,#1706);
#799=LINE('',#12133,#1707);
#800=LINE('',#12135,#1708);
#801=LINE('',#12138,#1709);
#802=LINE('',#12140,#1710);
#803=LINE('',#12142,#1711);
#804=LINE('',#12144,#1712);
#805=LINE('',#12146,#1713);
#806=LINE('',#12148,#1714);
#807=LINE('',#12150,#1715);
#808=LINE('',#12152,#1716);
#809=LINE('',#12156,#1717);
#810=LINE('',#12160,#1718);
#811=LINE('',#12161,#1719);
#812=LINE('',#12214,#1720);
#813=LINE('',#12215,#1721);
#814=LINE('',#12217,#1722);
#815=LINE('',#12235,#1723);
#816=LINE('',#12237,#1724);
#817=LINE('',#12240,#1725);
#818=LINE('',#12241,#1726);
#819=LINE('',#12243,#1727);
#820=LINE('',#12245,#1728);
#821=LINE('',#12289,#1729);
#822=LINE('',#12291,#1730);
#823=LINE('',#12293,#1731);
#824=LINE('',#12299,#1732);
#825=LINE('',#12301,#1733);
#826=LINE('',#12303,#1734);
#827=LINE('',#12305,#1735);
#828=LINE('',#12307,#1736);
#829=LINE('',#12308,#1737);
#830=LINE('',#12310,#1738);
#831=LINE('',#12311,#1739);
#832=LINE('',#12313,#1740);
#833=LINE('',#12315,#1741);
#834=LINE('',#12317,#1742);
#835=LINE('',#12320,#1743);
#836=LINE('',#12322,#1744);
#837=LINE('',#12325,#1745);
#838=LINE('',#12327,#1746);
#839=LINE('',#12330,#1747);
#840=LINE('',#12345,#1748);
#841=LINE('',#12347,#1749);
#842=LINE('',#12349,#1750);
#843=LINE('',#12363,#1751);
#844=LINE('',#12365,#1752);
#845=LINE('',#12367,#1753);
#846=LINE('',#12381,#1754);
#847=LINE('',#12383,#1755);
#848=LINE('',#12385,#1756);
#849=LINE('',#12399,#1757);
#850=LINE('',#12401,#1758);
#851=LINE('',#12403,#1759);
#852=LINE('',#12417,#1760);
#853=LINE('',#12419,#1761);
#854=LINE('',#12421,#1762);
#855=LINE('',#12435,#1763);
#856=LINE('',#12437,#1764);
#857=LINE('',#12439,#1765);
#858=LINE('',#12453,#1766);
#859=LINE('',#12455,#1767);
#860=LINE('',#12457,#1768);
#861=LINE('',#12471,#1769);
#862=LINE('',#12473,#1770);
#863=LINE('',#12475,#1771);
#864=LINE('',#12483,#1772);
#865=LINE('',#12486,#1773);
#866=LINE('',#12488,#1774);
#867=LINE('',#12490,#1775);
#868=LINE('',#12492,#1776);
#869=LINE('',#12494,#1777);
#870=LINE('',#12496,#1778);
#871=LINE('',#12498,#1779);
#872=LINE('',#12500,#1780);
#873=LINE('',#12502,#1781);
#874=LINE('',#12504,#1782);
#875=LINE('',#12506,#1783);
#876=LINE('',#12508,#1784);
#877=LINE('',#12510,#1785);
#878=LINE('',#12512,#1786);
#879=LINE('',#12515,#1787);
#880=LINE('',#12517,#1788);
#881=LINE('',#12519,#1789);
#882=LINE('',#12521,#1790);
#883=LINE('',#12523,#1791);
#884=LINE('',#12525,#1792);
#885=LINE('',#12527,#1793);
#886=LINE('',#12529,#1794);
#887=LINE('',#12531,#1795);
#888=LINE('',#12533,#1796);
#889=LINE('',#12535,#1797);
#890=LINE('',#12537,#1798);
#891=LINE('',#12539,#1799);
#892=LINE('',#12546,#1800);
#893=LINE('',#12548,#1801);
#894=LINE('',#12550,#1802);
#895=LINE('',#12564,#1803);
#896=LINE('',#12566,#1804);
#897=LINE('',#12568,#1805);
#898=LINE('',#12582,#1806);
#899=LINE('',#12584,#1807);
#900=LINE('',#12586,#1808);
#901=LINE('',#12600,#1809);
#902=LINE('',#12602,#1810);
#903=LINE('',#12604,#1811);
#904=LINE('',#12618,#1812);
#905=LINE('',#12620,#1813);
#906=LINE('',#12622,#1814);
#907=LINE('',#12636,#1815);
#908=LINE('',#12638,#1816);
#909=LINE('',#12640,#1817);
#910=LINE('',#12654,#1818);
#911=LINE('',#12656,#1819);
#912=LINE('',#12658,#1820);
#913=LINE('',#12672,#1821);
#914=LINE('',#12674,#1822);
#915=LINE('',#12676,#1823);
#916=LINE('',#12688,#1824);
#917=LINE('',#12692,#1825);
#918=LINE('',#12697,#1826);
#919=LINE('',#12701,#1827);
#920=LINE('',#12706,#1828);
#921=LINE('',#12710,#1829);
#922=LINE('',#12715,#1830);
#923=LINE('',#12719,#1831);
#924=LINE('',#12724,#1832);
#925=LINE('',#12728,#1833);
#926=LINE('',#12733,#1834);
#927=LINE('',#12737,#1835);
#928=LINE('',#12742,#1836);
#929=LINE('',#12746,#1837);
#930=LINE('',#12751,#1838);
#931=LINE('',#12755,#1839);
#932=LINE('',#12757,#1840);
#933=LINE('',#12759,#1841);
#934=LINE('',#12761,#1842);
#935=LINE('',#12762,#1843);
#936=LINE('',#12763,#1844);
#937=LINE('',#12765,#1845);
#938=LINE('',#12767,#1846);
#939=LINE('',#12768,#1847);
#940=LINE('',#12770,#1848);
#941=LINE('',#12771,#1849);
#942=LINE('',#12773,#1850);
#943=LINE('',#12774,#1851);
#944=LINE('',#12776,#1852);
#945=LINE('',#12777,#1853);
#946=LINE('',#12779,#1854);
#947=LINE('',#12782,#1855);
#948=LINE('',#12784,#1856);
#949=LINE('',#12786,#1857);
#950=LINE('',#12788,#1858);
#951=LINE('',#12791,#1859);
#952=LINE('',#12793,#1860);
#953=LINE('',#12795,#1861);
#954=LINE('',#12797,#1862);
#955=LINE('',#12800,#1863);
#956=LINE('',#12802,#1864);
#957=LINE('',#12804,#1865);
#958=LINE('',#12806,#1866);
#959=LINE('',#12809,#1867);
#960=LINE('',#12811,#1868);
#961=LINE('',#12813,#1869);
#962=LINE('',#12815,#1870);
#963=LINE('',#12818,#1871);
#964=LINE('',#12820,#1872);
#965=LINE('',#12822,#1873);
#966=LINE('',#12824,#1874);
#967=LINE('',#12827,#1875);
#968=LINE('',#12829,#1876);
#969=LINE('',#12831,#1877);
#970=LINE('',#12833,#1878);
#971=LINE('',#12836,#1879);
#972=LINE('',#12838,#1880);
#973=LINE('',#12840,#1881);
#974=LINE('',#12842,#1882);
#975=LINE('',#12845,#1883);
#976=LINE('',#12847,#1884);
#977=LINE('',#12849,#1885);
#978=LINE('',#12851,#1886);
#979=LINE('',#12854,#1887);
#980=LINE('',#12856,#1888);
#981=LINE('',#12858,#1889);
#982=LINE('',#12860,#1890);
#983=LINE('',#12863,#1891);
#984=LINE('',#12865,#1892);
#985=LINE('',#12867,#1893);
#986=LINE('',#12869,#1894);
#987=LINE('',#12872,#1895);
#988=LINE('',#12874,#1896);
#989=LINE('',#12876,#1897);
#990=LINE('',#12878,#1898);
#991=LINE('',#12881,#1899);
#992=LINE('',#12883,#1900);
#993=LINE('',#12885,#1901);
#994=LINE('',#12887,#1902);
#995=LINE('',#12890,#1903);
#996=LINE('',#12892,#1904);
#997=LINE('',#12894,#1905);
#998=LINE('',#12896,#1906);
#999=LINE('',#12899,#1907);
#1000=LINE('',#12901,#1908);
#1001=LINE('',#12903,#1909);
#1002=LINE('',#12905,#1910);
#1003=LINE('',#12908,#1911);
#1004=LINE('',#12910,#1912);
#1005=LINE('',#12912,#1913);
#1006=LINE('',#12914,#1914);
#1007=LINE('',#12917,#1915);
#1008=LINE('',#12919,#1916);
#1009=LINE('',#12921,#1917);
#1010=LINE('',#12923,#1918);
#1011=LINE('',#12924,#1919);
#1012=LINE('',#12929,#1920);
#1013=LINE('',#12942,#1921);
#1014=LINE('',#12944,#1922);
#1015=LINE('',#12951,#1923);
#1016=LINE('',#12952,#1924);
#1017=LINE('',#12959,#1925);
#1018=LINE('',#12961,#1926);
#1019=LINE('',#12962,#1927);
#1020=LINE('',#12967,#1928);
#1021=LINE('',#12972,#1929);
#1022=LINE('',#12974,#1930);
#1023=LINE('',#12975,#1931);
#1024=LINE('',#12977,#1932);
#1025=LINE('',#12979,#1933);
#1026=LINE('',#12981,#1934);
#1027=LINE('',#12983,#1935);
#1028=LINE('',#12985,#1936);
#1029=LINE('',#12987,#1937);
#1030=LINE('',#12989,#1938);
#1031=LINE('',#12990,#1939);
#1032=LINE('',#13000,#1940);
#1033=LINE('',#13002,#1941);
#1034=LINE('',#13017,#1942);
#1035=LINE('',#13019,#1943);
#1036=LINE('',#13029,#1944);
#1037=LINE('',#13034,#1945);
#1038=LINE('',#13037,#1946);
#1039=LINE('',#13038,#1947);
#1040=LINE('',#13047,#1948);
#1041=LINE('',#13052,#1949);
#1042=LINE('',#13063,#1950);
#1043=LINE('',#13065,#1951);
#1044=LINE('',#13072,#1952);
#1045=LINE('',#13073,#1953);
#1046=LINE('',#13078,#1954);
#1047=LINE('',#13080,#1955);
#1048=LINE('',#13081,#1956);
#1049=LINE('',#13083,#1957);
#1050=LINE('',#13084,#1958);
#1051=LINE('',#13089,#1959);
#1052=LINE('',#13091,#1960);
#1053=LINE('',#13093,#1961);
#1054=LINE('',#13095,#1962);
#1055=LINE('',#13097,#1963);
#1056=LINE('',#13098,#1964);
#1057=LINE('',#13100,#1965);
#1058=LINE('',#13102,#1966);
#1059=LINE('',#13104,#1967);
#1060=LINE('',#13106,#1968);
#1061=LINE('',#13124,#1969);
#1062=LINE('',#13126,#1970);
#1063=LINE('',#13138,#1971);
#1064=LINE('',#13143,#1972);
#1065=LINE('',#13148,#1973);
#1066=LINE('',#13151,#1974);
#1067=LINE('',#13152,#1975);
#1068=LINE('',#13157,#1976);
#1069=LINE('',#13170,#1977);
#1070=LINE('',#13172,#1978);
#1071=LINE('',#13179,#1979);
#1072=LINE('',#13180,#1980);
#1073=LINE('',#13187,#1981);
#1074=LINE('',#13189,#1982);
#1075=LINE('',#13190,#1983);
#1076=LINE('',#13195,#1984);
#1077=LINE('',#13200,#1985);
#1078=LINE('',#13202,#1986);
#1079=LINE('',#13203,#1987);
#1080=LINE('',#13205,#1988);
#1081=LINE('',#13207,#1989);
#1082=LINE('',#13209,#1990);
#1083=LINE('',#13211,#1991);
#1084=LINE('',#13213,#1992);
#1085=LINE('',#13215,#1993);
#1086=LINE('',#13217,#1994);
#1087=LINE('',#13218,#1995);
#1088=LINE('',#13228,#1996);
#1089=LINE('',#13230,#1997);
#1090=LINE('',#13245,#1998);
#1091=LINE('',#13247,#1999);
#1092=LINE('',#13257,#2000);
#1093=LINE('',#13262,#2001);
#1094=LINE('',#13265,#2002);
#1095=LINE('',#13266,#2003);
#1096=LINE('',#13275,#2004);
#1097=LINE('',#13280,#2005);
#1098=LINE('',#13291,#2006);
#1099=LINE('',#13293,#2007);
#1100=LINE('',#13300,#2008);
#1101=LINE('',#13301,#2009);
#1102=LINE('',#13306,#2010);
#1103=LINE('',#13308,#2011);
#1104=LINE('',#13309,#2012);
#1105=LINE('',#13311,#2013);
#1106=LINE('',#13312,#2014);
#1107=LINE('',#13317,#2015);
#1108=LINE('',#13319,#2016);
#1109=LINE('',#13321,#2017);
#1110=LINE('',#13323,#2018);
#1111=LINE('',#13325,#2019);
#1112=LINE('',#13326,#2020);
#1113=LINE('',#13328,#2021);
#1114=LINE('',#13330,#2022);
#1115=LINE('',#13332,#2023);
#1116=LINE('',#13334,#2024);
#1117=LINE('',#13352,#2025);
#1118=LINE('',#13354,#2026);
#1119=LINE('',#13366,#2027);
#1120=LINE('',#13371,#2028);
#1121=LINE('',#13376,#2029);
#1122=LINE('',#13383,#2030);
#1123=LINE('',#13386,#2031);
#1124=LINE('',#13387,#2032);
#1125=LINE('',#13389,#2033);
#1126=LINE('',#13391,#2034);
#1127=LINE('',#13393,#2035);
#1128=LINE('',#13395,#2036);
#1129=LINE('',#13397,#2037);
#1130=LINE('',#13399,#2038);
#1131=LINE('',#13400,#2039);
#1132=LINE('',#13404,#2040);
#1133=LINE('',#13407,#2041);
#1134=LINE('',#13408,#2042);
#1135=LINE('',#13410,#2043);
#1136=LINE('',#13412,#2044);
#1137=LINE('',#13414,#2045);
#1138=LINE('',#13416,#2046);
#1139=LINE('',#13418,#2047);
#1140=LINE('',#13420,#2048);
#1141=LINE('',#13421,#2049);
#1142=VECTOR('',#8703,1.);
#1143=VECTOR('',#8704,1.);
#1144=VECTOR('',#8705,1.);
#1145=VECTOR('',#8706,1.);
#1146=VECTOR('',#8707,1.);
#1147=VECTOR('',#8708,1.);
#1148=VECTOR('',#8709,1.);
#1149=VECTOR('',#8710,1.);
#1150=VECTOR('',#8711,1.);
#1151=VECTOR('',#8712,1.);
#1152=VECTOR('',#8713,1.);
#1153=VECTOR('',#8714,1.);
#1154=VECTOR('',#8715,1.);
#1155=VECTOR('',#8716,1.);
#1156=VECTOR('',#8719,1.);
#1157=VECTOR('',#8722,1.);
#1158=VECTOR('',#8727,1.);
#1159=VECTOR('',#8730,1.);
#1160=VECTOR('',#8735,1.);
#1161=VECTOR('',#8738,1.);
#1162=VECTOR('',#8743,1.);
#1163=VECTOR('',#8746,1.);
#1164=VECTOR('',#8751,1.);
#1165=VECTOR('',#8752,1.);
#1166=VECTOR('',#8753,1.);
#1167=VECTOR('',#8756,1.);
#1168=VECTOR('',#8757,1.);
#1169=VECTOR('',#8758,1.);
#1170=VECTOR('',#8761,1.);
#1171=VECTOR('',#8762,1.);
#1172=VECTOR('',#8763,1.);
#1173=VECTOR('',#8766,1.);
#1174=VECTOR('',#8767,1.);
#1175=VECTOR('',#8768,1.);
#1176=VECTOR('',#8771,1.);
#1177=VECTOR('',#8772,1.);
#1178=VECTOR('',#8773,1.);
#1179=VECTOR('',#8778,1.);
#1180=VECTOR('',#8779,1.);
#1181=VECTOR('',#8782,1.);
#1182=VECTOR('',#8783,1.);
#1183=VECTOR('',#8786,1.);
#1184=VECTOR('',#8787,1.);
#1185=VECTOR('',#8788,1.);
#1186=VECTOR('',#8793,1.);
#1187=VECTOR('',#8794,1.);
#1188=VECTOR('',#8797,1.);
#1189=VECTOR('',#8798,1.);
#1190=VECTOR('',#8801,1.);
#1191=VECTOR('',#8802,1.);
#1192=VECTOR('',#8805,1.);
#1193=VECTOR('',#8806,1.);
#1194=VECTOR('',#8807,1.);
#1195=VECTOR('',#8810,1.);
#1196=VECTOR('',#8811,1.);
#1197=VECTOR('',#8812,1.);
#1198=VECTOR('',#8813,1.);
#1199=VECTOR('',#8814,1.);
#1200=VECTOR('',#8817,1.);
#1201=VECTOR('',#8818,1.);
#1202=VECTOR('',#8819,1.);
#1203=VECTOR('',#8822,1.);
#1204=VECTOR('',#8823,1.);
#1205=VECTOR('',#8824,1.);
#1206=VECTOR('',#8827,1.);
#1207=VECTOR('',#8828,1.);
#1208=VECTOR('',#8829,1.);
#1209=VECTOR('',#8830,1.);
#1210=VECTOR('',#8831,1.);
#1211=VECTOR('',#8832,1.);
#1212=VECTOR('',#8835,1.);
#1213=VECTOR('',#8836,1.);
#1214=VECTOR('',#8837,1.);
#1215=VECTOR('',#8840,1.);
#1216=VECTOR('',#8841,1.);
#1217=VECTOR('',#8842,1.);
#1218=VECTOR('',#8843,1.);
#1219=VECTOR('',#8844,1.);
#1220=VECTOR('',#8845,1.);
#1221=VECTOR('',#8846,1.);
#1222=VECTOR('',#8847,1.);
#1223=VECTOR('',#8848,1.);
#1224=VECTOR('',#8849,1.);
#1225=VECTOR('',#8850,1.);
#1226=VECTOR('',#8853,1.);
#1227=VECTOR('',#8854,1.);
#1228=VECTOR('',#8855,1.);
#1229=VECTOR('',#8856,1.);
#1230=VECTOR('',#8857,1.);
#1231=VECTOR('',#8858,1.);
#1232=VECTOR('',#8859,1.);
#1233=VECTOR('',#8860,1.);
#1234=VECTOR('',#8861,1.);
#1235=VECTOR('',#8862,1.);
#1236=VECTOR('',#8863,1.);
#1237=VECTOR('',#8868,1.);
#1238=VECTOR('',#8873,1.);
#1239=VECTOR('',#8900,1.);
#1240=VECTOR('',#8903,1.);
#1241=VECTOR('',#8904,1.);
#1242=VECTOR('',#8907,1.);
#1243=VECTOR('',#8910,1.);
#1244=VECTOR('',#8913,1.);
#1245=VECTOR('',#8916,1.);
#1246=VECTOR('',#8917,1.);
#1247=VECTOR('',#8920,1.);
#1248=VECTOR('',#8923,1.);
#1249=VECTOR('',#8926,1.);
#1250=VECTOR('',#8929,1.);
#1251=VECTOR('',#8932,1.);
#1252=VECTOR('',#8935,1.);
#1253=VECTOR('',#8938,1.);
#1254=VECTOR('',#8939,1.);
#1255=VECTOR('',#8942,1.);
#1256=VECTOR('',#8945,1.);
#1257=VECTOR('',#8948,1.);
#1258=VECTOR('',#8951,1.);
#1259=VECTOR('',#8954,1.);
#1260=VECTOR('',#8957,1.);
#1261=VECTOR('',#8960,1.);
#1262=VECTOR('',#8963,1.);
#1263=VECTOR('',#8966,1.);
#1264=VECTOR('',#8969,1.);
#1265=VECTOR('',#8972,1.);
#1266=VECTOR('',#8973,1.);
#1267=VECTOR('',#8976,1.);
#1268=VECTOR('',#8979,1.);
#1269=VECTOR('',#8982,1.);
#1270=VECTOR('',#8985,1.);
#1271=VECTOR('',#8988,1.);
#1272=VECTOR('',#8991,1.);
#1273=VECTOR('',#8994,1.);
#1274=VECTOR('',#8995,1.);
#1275=VECTOR('',#8998,1.);
#1276=VECTOR('',#9001,1.);
#1277=VECTOR('',#9004,1.);
#1278=VECTOR('',#9007,1.);
#1279=VECTOR('',#9010,1.);
#1280=VECTOR('',#9013,1.);
#1281=VECTOR('',#9016,1.);
#1282=VECTOR('',#9019,1.);
#1283=VECTOR('',#9022,1.);
#1284=VECTOR('',#9025,1.);
#1285=VECTOR('',#9028,1.);
#1286=VECTOR('',#9031,1.);
#1287=VECTOR('',#9034,1.);
#1288=VECTOR('',#9037,1.);
#1289=VECTOR('',#9040,1.);
#1290=VECTOR('',#9043,1.);
#1291=VECTOR('',#9048,1.);
#1292=VECTOR('',#9049,1.);
#1293=VECTOR('',#9050,1.);
#1294=VECTOR('',#9053,1.);
#1295=VECTOR('',#9054,1.);
#1296=VECTOR('',#9057,1.);
#1297=VECTOR('',#9058,1.);
#1298=VECTOR('',#9061,1.);
#1299=VECTOR('',#9064,1.);
#1300=VECTOR('',#9065,1.);
#1301=VECTOR('',#9082,1.);
#1302=VECTOR('',#9083,1.);
#1303=VECTOR('',#9084,1.);
#1304=VECTOR('',#9085,1.);
#1305=VECTOR('',#9086,1.);
#1306=VECTOR('',#9087,1.);
#1307=VECTOR('',#9088,1.);
#1308=VECTOR('',#9089,1.);
#1309=VECTOR('',#9090,1.);
#1310=VECTOR('',#9091,1.);
#1311=VECTOR('',#9092,1.);
#1312=VECTOR('',#9093,1.);
#1313=VECTOR('',#9094,1.);
#1314=VECTOR('',#9095,1.);
#1315=VECTOR('',#9098,1.);
#1316=VECTOR('',#9101,1.);
#1317=VECTOR('',#9106,1.);
#1318=VECTOR('',#9109,1.);
#1319=VECTOR('',#9114,1.);
#1320=VECTOR('',#9117,1.);
#1321=VECTOR('',#9122,1.);
#1322=VECTOR('',#9125,1.);
#1323=VECTOR('',#9130,1.);
#1324=VECTOR('',#9131,1.);
#1325=VECTOR('',#9132,1.);
#1326=VECTOR('',#9135,1.);
#1327=VECTOR('',#9136,1.);
#1328=VECTOR('',#9137,1.);
#1329=VECTOR('',#9140,1.);
#1330=VECTOR('',#9141,1.);
#1331=VECTOR('',#9142,1.);
#1332=VECTOR('',#9145,1.);
#1333=VECTOR('',#9146,1.);
#1334=VECTOR('',#9147,1.);
#1335=VECTOR('',#9150,1.);
#1336=VECTOR('',#9151,1.);
#1337=VECTOR('',#9152,1.);
#1338=VECTOR('',#9157,1.);
#1339=VECTOR('',#9158,1.);
#1340=VECTOR('',#9161,1.);
#1341=VECTOR('',#9162,1.);
#1342=VECTOR('',#9165,1.);
#1343=VECTOR('',#9166,1.);
#1344=VECTOR('',#9167,1.);
#1345=VECTOR('',#9172,1.);
#1346=VECTOR('',#9173,1.);
#1347=VECTOR('',#9176,1.);
#1348=VECTOR('',#9177,1.);
#1349=VECTOR('',#9180,1.);
#1350=VECTOR('',#9181,1.);
#1351=VECTOR('',#9182,1.);
#1352=VECTOR('',#9183,1.);
#1353=VECTOR('',#9186,1.);
#1354=VECTOR('',#9187,1.);
#1355=VECTOR('',#9188,1.);
#1356=VECTOR('',#9191,1.);
#1357=VECTOR('',#9192,1.);
#1358=VECTOR('',#9193,1.);
#1359=VECTOR('',#9194,1.);
#1360=VECTOR('',#9195,1.);
#1361=VECTOR('',#9198,1.);
#1362=VECTOR('',#9199,1.);
#1363=VECTOR('',#9200,1.);
#1364=VECTOR('',#9203,1.);
#1365=VECTOR('',#9206,1.);
#1366=VECTOR('',#9207,1.);
#1367=VECTOR('',#9208,1.);
#1368=VECTOR('',#9209,1.);
#1369=VECTOR('',#9210,1.);
#1370=VECTOR('',#9211,1.);
#1371=VECTOR('',#9214,1.);
#1372=VECTOR('',#9215,1.);
#1373=VECTOR('',#9216,1.);
#1374=VECTOR('',#9219,1.);
#1375=VECTOR('',#9220,1.);
#1376=VECTOR('',#9221,1.);
#1377=VECTOR('',#9222,1.);
#1378=VECTOR('',#9223,1.);
#1379=VECTOR('',#9224,1.);
#1380=VECTOR('',#9225,1.);
#1381=VECTOR('',#9226,1.);
#1382=VECTOR('',#9227,1.);
#1383=VECTOR('',#9228,1.);
#1384=VECTOR('',#9229,1.);
#1385=VECTOR('',#9232,1.);
#1386=VECTOR('',#9233,1.);
#1387=VECTOR('',#9234,1.);
#1388=VECTOR('',#9235,1.);
#1389=VECTOR('',#9236,1.);
#1390=VECTOR('',#9237,1.);
#1391=VECTOR('',#9238,1.);
#1392=VECTOR('',#9239,1.);
#1393=VECTOR('',#9240,1.);
#1394=VECTOR('',#9241,1.);
#1395=VECTOR('',#9242,1.);
#1396=VECTOR('',#9247,1.);
#1397=VECTOR('',#9252,1.);
#1398=VECTOR('',#9279,1.);
#1399=VECTOR('',#9282,1.);
#1400=VECTOR('',#9283,1.);
#1401=VECTOR('',#9286,1.);
#1402=VECTOR('',#9289,1.);
#1403=VECTOR('',#9292,1.);
#1404=VECTOR('',#9295,1.);
#1405=VECTOR('',#9296,1.);
#1406=VECTOR('',#9299,1.);
#1407=VECTOR('',#9302,1.);
#1408=VECTOR('',#9305,1.);
#1409=VECTOR('',#9308,1.);
#1410=VECTOR('',#9311,1.);
#1411=VECTOR('',#9314,1.);
#1412=VECTOR('',#9317,1.);
#1413=VECTOR('',#9318,1.);
#1414=VECTOR('',#9321,1.);
#1415=VECTOR('',#9324,1.);
#1416=VECTOR('',#9327,1.);
#1417=VECTOR('',#9330,1.);
#1418=VECTOR('',#9333,1.);
#1419=VECTOR('',#9336,1.);
#1420=VECTOR('',#9339,1.);
#1421=VECTOR('',#9342,1.);
#1422=VECTOR('',#9345,1.);
#1423=VECTOR('',#9348,1.);
#1424=VECTOR('',#9351,1.);
#1425=VECTOR('',#9352,1.);
#1426=VECTOR('',#9355,1.);
#1427=VECTOR('',#9358,1.);
#1428=VECTOR('',#9361,1.);
#1429=VECTOR('',#9364,1.);
#1430=VECTOR('',#9367,1.);
#1431=VECTOR('',#9370,1.);
#1432=VECTOR('',#9373,1.);
#1433=VECTOR('',#9374,1.);
#1434=VECTOR('',#9377,1.);
#1435=VECTOR('',#9380,1.);
#1436=VECTOR('',#9383,1.);
#1437=VECTOR('',#9386,1.);
#1438=VECTOR('',#9389,1.);
#1439=VECTOR('',#9392,1.);
#1440=VECTOR('',#9395,1.);
#1441=VECTOR('',#9398,1.);
#1442=VECTOR('',#9401,1.);
#1443=VECTOR('',#9404,1.);
#1444=VECTOR('',#9407,1.);
#1445=VECTOR('',#9410,1.);
#1446=VECTOR('',#9413,1.);
#1447=VECTOR('',#9416,1.);
#1448=VECTOR('',#9419,1.);
#1449=VECTOR('',#9422,1.);
#1450=VECTOR('',#9427,1.);
#1451=VECTOR('',#9428,1.);
#1452=VECTOR('',#9429,1.);
#1453=VECTOR('',#9432,1.);
#1454=VECTOR('',#9433,1.);
#1455=VECTOR('',#9436,1.);
#1456=VECTOR('',#9437,1.);
#1457=VECTOR('',#9440,1.);
#1458=VECTOR('',#9443,1.);
#1459=VECTOR('',#9444,1.);
#1460=VECTOR('',#9453,1.);
#1461=VECTOR('',#9454,1.);
#1462=VECTOR('',#9455,1.);
#1463=VECTOR('',#9456,1.);
#1464=VECTOR('',#9459,1.);
#1465=VECTOR('',#9460,1.);
#1466=VECTOR('',#9461,1.);
#1467=VECTOR('',#9462,1.);
#1468=VECTOR('',#9463,1.);
#1469=VECTOR('',#9464,1.);
#1470=VECTOR('',#9467,1.);
#1471=VECTOR('',#9468,1.);
#1472=VECTOR('',#9469,1.);
#1473=VECTOR('',#9470,1.);
#1474=VECTOR('',#9473,1.);
#1475=VECTOR('',#9474,1.);
#1476=VECTOR('',#9475,1.);
#1477=VECTOR('',#9476,1.);
#1478=VECTOR('',#9477,1.);
#1479=VECTOR('',#9478,1.);
#1480=VECTOR('',#9479,1.);
#1481=VECTOR('',#9482,1.);
#1482=VECTOR('',#9483,1.);
#1483=VECTOR('',#9484,1.);
#1484=VECTOR('',#9485,1.);
#1485=VECTOR('',#9496,1.);
#1486=VECTOR('',#9497,1.);
#1487=VECTOR('',#9498,1.);
#1488=VECTOR('',#9499,1.);
#1489=VECTOR('',#9500,1.);
#1490=VECTOR('',#9501,1.);
#1491=VECTOR('',#9502,1.);
#1492=VECTOR('',#9503,1.);
#1493=VECTOR('',#9504,1.);
#1494=VECTOR('',#9505,1.);
#1495=VECTOR('',#9506,1.);
#1496=VECTOR('',#9507,1.);
#1497=VECTOR('',#9508,1.);
#1498=VECTOR('',#9509,1.);
#1499=VECTOR('',#9510,1.);
#1500=VECTOR('',#9511,1.);
#1501=VECTOR('',#9512,1.);
#1502=VECTOR('',#9513,1.);
#1503=VECTOR('',#9514,1.);
#1504=VECTOR('',#9515,1.);
#1505=VECTOR('',#9516,1.);
#1506=VECTOR('',#9517,1.);
#1507=VECTOR('',#9518,1.);
#1508=VECTOR('',#9523,1.);
#1509=VECTOR('',#9524,1.);
#1510=VECTOR('',#9525,1.);
#1511=VECTOR('',#9536,1.);
#1512=VECTOR('',#9537,1.);
#1513=VECTOR('',#9538,1.);
#1514=VECTOR('',#9539,1.);
#1515=VECTOR('',#9540,1.);
#1516=VECTOR('',#9541,1.);
#1517=VECTOR('',#9542,1.);
#1518=VECTOR('',#9543,1.);
#1519=VECTOR('',#9544,1.);
#1520=VECTOR('',#9545,1.);
#1521=VECTOR('',#9546,1.);
#1522=VECTOR('',#9547,1.);
#1523=VECTOR('',#9548,1.);
#1524=VECTOR('',#9549,1.);
#1525=VECTOR('',#9550,1.);
#1526=VECTOR('',#9551,1.);
#1527=VECTOR('',#9552,1.);
#1528=VECTOR('',#9553,1.);
#1529=VECTOR('',#9554,1.);
#1530=VECTOR('',#9555,1.);
#1531=VECTOR('',#9556,1.);
#1532=VECTOR('',#9559,1.);
#1533=VECTOR('',#9562,1.);
#1534=VECTOR('',#9563,1.);
#1535=VECTOR('',#9566,1.);
#1536=VECTOR('',#9567,1.);
#1537=VECTOR('',#9570,1.);
#1538=VECTOR('',#9571,1.);
#1539=VECTOR('',#9574,1.);
#1540=VECTOR('',#9575,1.);
#1541=VECTOR('',#9578,1.);
#1542=VECTOR('',#9579,1.);
#1543=VECTOR('',#9582,1.);
#1544=VECTOR('',#9583,1.);
#1545=VECTOR('',#9586,1.);
#1546=VECTOR('',#9587,1.);
#1547=VECTOR('',#9590,1.);
#1548=VECTOR('',#9591,1.);
#1549=VECTOR('',#9594,1.);
#1550=VECTOR('',#9595,1.);
#1551=VECTOR('',#9596,1.);
#1552=VECTOR('',#9597,1.);
#1553=VECTOR('',#9600,1.);
#1554=VECTOR('',#9601,1.);
#1555=VECTOR('',#9602,1.);
#1556=VECTOR('',#9605,1.);
#1557=VECTOR('',#9606,1.);
#1558=VECTOR('',#9607,1.);
#1559=VECTOR('',#9608,1.);
#1560=VECTOR('',#9609,1.);
#1561=VECTOR('',#9610,1.);
#1562=VECTOR('',#9611,1.);
#1563=VECTOR('',#9612,1.);
#1564=VECTOR('',#9615,1.);
#1565=VECTOR('',#9616,1.);
#1566=VECTOR('',#9617,1.);
#1567=VECTOR('',#9618,1.);
#1568=VECTOR('',#9619,1.);
#1569=VECTOR('',#9620,1.);
#1570=VECTOR('',#9621,1.);
#1571=VECTOR('',#9622,1.);
#1572=VECTOR('',#9625,1.);
#1573=VECTOR('',#9626,1.);
#1574=VECTOR('',#9635,1.);
#1575=VECTOR('',#9636,1.);
#1576=VECTOR('',#9667,1.);
#1577=VECTOR('',#9668,1.);
#1578=VECTOR('',#9671,1.);
#1579=VECTOR('',#9672,1.);
#1580=VECTOR('',#9675,1.);
#1581=VECTOR('',#9676,1.);
#1582=VECTOR('',#9677,1.);
#1583=VECTOR('',#9680,1.);
#1584=VECTOR('',#9683,1.);
#1585=VECTOR('',#9690,1.);
#1586=VECTOR('',#9693,1.);
#1587=VECTOR('',#9696,1.);
#1588=VECTOR('',#9701,1.);
#1589=VECTOR('',#9702,1.);
#1590=VECTOR('',#9705,1.);
#1591=VECTOR('',#9708,1.);
#1592=VECTOR('',#9711,1.);
#1593=VECTOR('',#9712,1.);
#1594=VECTOR('',#9715,1.);
#1595=VECTOR('',#9716,1.);
#1596=VECTOR('',#9719,1.);
#1597=VECTOR('',#9722,1.);
#1598=VECTOR('',#9725,1.);
#1599=VECTOR('',#9730,1.);
#1600=VECTOR('',#9733,1.);
#1601=VECTOR('',#9738,1.);
#1602=VECTOR('',#9741,1.);
#1603=VECTOR('',#9746,1.);
#1604=VECTOR('',#9763,1.);
#1605=VECTOR('',#9764,1.);
#1606=VECTOR('',#9765,1.);
#1607=VECTOR('',#9766,1.);
#1608=VECTOR('',#9769,1.);
#1609=VECTOR('',#9770,1.);
#1610=VECTOR('',#9771,1.);
#1611=VECTOR('',#9772,1.);
#1612=VECTOR('',#9773,1.);
#1613=VECTOR('',#9774,1.);
#1614=VECTOR('',#9777,1.);
#1615=VECTOR('',#9778,1.);
#1616=VECTOR('',#9779,1.);
#1617=VECTOR('',#9780,1.);
#1618=VECTOR('',#9783,1.);
#1619=VECTOR('',#9784,1.);
#1620=VECTOR('',#9785,1.);
#1621=VECTOR('',#9786,1.);
#1622=VECTOR('',#9787,1.);
#1623=VECTOR('',#9788,1.);
#1624=VECTOR('',#9789,1.);
#1625=VECTOR('',#9792,1.);
#1626=VECTOR('',#9793,1.);
#1627=VECTOR('',#9794,1.);
#1628=VECTOR('',#9795,1.);
#1629=VECTOR('',#9806,1.);
#1630=VECTOR('',#9809,1.);
#1631=VECTOR('',#9810,1.);
#1632=VECTOR('',#9811,1.);
#1633=VECTOR('',#9812,1.);
#1634=VECTOR('',#9813,1.);
#1635=VECTOR('',#9814,1.);
#1636=VECTOR('',#9815,1.);
#1637=VECTOR('',#9816,1.);
#1638=VECTOR('',#9817,1.);
#1639=VECTOR('',#9818,1.);
#1640=VECTOR('',#9819,1.);
#1641=VECTOR('',#9820,1.);
#1642=VECTOR('',#9821,1.);
#1643=VECTOR('',#9822,1.);
#1644=VECTOR('',#9823,1.);
#1645=VECTOR('',#9824,1.);
#1646=VECTOR('',#9825,1.);
#1647=VECTOR('',#9826,1.);
#1648=VECTOR('',#9827,1.);
#1649=VECTOR('',#9828,1.);
#1650=VECTOR('',#9829,1.);
#1651=VECTOR('',#9830,1.);
#1652=VECTOR('',#9833,1.);
#1653=VECTOR('',#9834,1.);
#1654=VECTOR('',#9835,1.);
#1655=VECTOR('',#9846,1.);
#1656=VECTOR('',#9847,1.);
#1657=VECTOR('',#9850,1.);
#1658=VECTOR('',#9851,1.);
#1659=VECTOR('',#9852,1.);
#1660=VECTOR('',#9853,1.);
#1661=VECTOR('',#9854,1.);
#1662=VECTOR('',#9855,1.);
#1663=VECTOR('',#9856,1.);
#1664=VECTOR('',#9857,1.);
#1665=VECTOR('',#9858,1.);
#1666=VECTOR('',#9859,1.);
#1667=VECTOR('',#9860,1.);
#1668=VECTOR('',#9861,1.);
#1669=VECTOR('',#9862,1.);
#1670=VECTOR('',#9863,1.);
#1671=VECTOR('',#9864,1.);
#1672=VECTOR('',#9865,1.);
#1673=VECTOR('',#9866,1.);
#1674=VECTOR('',#9867,1.);
#1675=VECTOR('',#9868,1.);
#1676=VECTOR('',#9869,1.);
#1677=VECTOR('',#9872,1.);
#1678=VECTOR('',#9873,1.);
#1679=VECTOR('',#9876,1.);
#1680=VECTOR('',#9877,1.);
#1681=VECTOR('',#9880,1.);
#1682=VECTOR('',#9881,1.);
#1683=VECTOR('',#9884,1.);
#1684=VECTOR('',#9885,1.);
#1685=VECTOR('',#9888,1.);
#1686=VECTOR('',#9889,1.);
#1687=VECTOR('',#9892,1.);
#1688=VECTOR('',#9893,1.);
#1689=VECTOR('',#9896,1.);
#1690=VECTOR('',#9897,1.);
#1691=VECTOR('',#9900,1.);
#1692=VECTOR('',#9901,1.);
#1693=VECTOR('',#9904,1.);
#1694=VECTOR('',#9905,1.);
#1695=VECTOR('',#9906,1.);
#1696=VECTOR('',#9907,1.);
#1697=VECTOR('',#9910,1.);
#1698=VECTOR('',#9911,1.);
#1699=VECTOR('',#9912,1.);
#1700=VECTOR('',#9915,1.);
#1701=VECTOR('',#9916,1.);
#1702=VECTOR('',#9917,1.);
#1703=VECTOR('',#9918,1.);
#1704=VECTOR('',#9919,1.);
#1705=VECTOR('',#9920,1.);
#1706=VECTOR('',#9921,1.);
#1707=VECTOR('',#9922,1.);
#1708=VECTOR('',#9925,1.);
#1709=VECTOR('',#9926,1.);
#1710=VECTOR('',#9927,1.);
#1711=VECTOR('',#9928,1.);
#1712=VECTOR('',#9929,1.);
#1713=VECTOR('',#9930,1.);
#1714=VECTOR('',#9931,1.);
#1715=VECTOR('',#9932,1.);
#1716=VECTOR('',#9935,1.);
#1717=VECTOR('',#9940,1.);
#1718=VECTOR('',#9945,1.);
#1719=VECTOR('',#9946,1.);
#1720=VECTOR('',#9977,1.);
#1721=VECTOR('',#9978,1.);
#1722=VECTOR('',#9981,1.);
#1723=VECTOR('',#9982,1.);
#1724=VECTOR('',#9985,1.);
#1725=VECTOR('',#9986,1.);
#1726=VECTOR('',#9987,1.);
#1727=VECTOR('',#9990,1.);
#1728=VECTOR('',#9993,1.);
#1729=VECTOR('',#10000,1.);
#1730=VECTOR('',#10003,1.);
#1731=VECTOR('',#10004,1.);
#1732=VECTOR('',#10011,1.);
#1733=VECTOR('',#10012,1.);
#1734=VECTOR('',#10015,1.);
#1735=VECTOR('',#10018,1.);
#1736=VECTOR('',#10021,1.);
#1737=VECTOR('',#10022,1.);
#1738=VECTOR('',#10025,1.);
#1739=VECTOR('',#10026,1.);
#1740=VECTOR('',#10029,1.);
#1741=VECTOR('',#10032,1.);
#1742=VECTOR('',#10035,1.);
#1743=VECTOR('',#10040,1.);
#1744=VECTOR('',#10043,1.);
#1745=VECTOR('',#10048,1.);
#1746=VECTOR('',#10051,1.);
#1747=VECTOR('',#10056,1.);
#1748=VECTOR('',#10073,1.);
#1749=VECTOR('',#10074,1.);
#1750=VECTOR('',#10075,1.);
#1751=VECTOR('',#10078,1.);
#1752=VECTOR('',#10079,1.);
#1753=VECTOR('',#10080,1.);
#1754=VECTOR('',#10083,1.);
#1755=VECTOR('',#10084,1.);
#1756=VECTOR('',#10085,1.);
#1757=VECTOR('',#10088,1.);
#1758=VECTOR('',#10089,1.);
#1759=VECTOR('',#10090,1.);
#1760=VECTOR('',#10093,1.);
#1761=VECTOR('',#10094,1.);
#1762=VECTOR('',#10095,1.);
#1763=VECTOR('',#10098,1.);
#1764=VECTOR('',#10099,1.);
#1765=VECTOR('',#10100,1.);
#1766=VECTOR('',#10103,1.);
#1767=VECTOR('',#10104,1.);
#1768=VECTOR('',#10105,1.);
#1769=VECTOR('',#10108,1.);
#1770=VECTOR('',#10109,1.);
#1771=VECTOR('',#10110,1.);
#1772=VECTOR('',#10113,1.);
#1773=VECTOR('',#10114,1.);
#1774=VECTOR('',#10115,1.);
#1775=VECTOR('',#10116,1.);
#1776=VECTOR('',#10117,1.);
#1777=VECTOR('',#10118,1.);
#1778=VECTOR('',#10119,1.);
#1779=VECTOR('',#10120,1.);
#1780=VECTOR('',#10121,1.);
#1781=VECTOR('',#10122,1.);
#1782=VECTOR('',#10123,1.);
#1783=VECTOR('',#10124,1.);
#1784=VECTOR('',#10125,1.);
#1785=VECTOR('',#10126,1.);
#1786=VECTOR('',#10129,1.);
#1787=VECTOR('',#10130,1.);
#1788=VECTOR('',#10131,1.);
#1789=VECTOR('',#10132,1.);
#1790=VECTOR('',#10133,1.);
#1791=VECTOR('',#10134,1.);
#1792=VECTOR('',#10135,1.);
#1793=VECTOR('',#10136,1.);
#1794=VECTOR('',#10137,1.);
#1795=VECTOR('',#10138,1.);
#1796=VECTOR('',#10139,1.);
#1797=VECTOR('',#10140,1.);
#1798=VECTOR('',#10141,1.);
#1799=VECTOR('',#10142,1.);
#1800=VECTOR('',#10143,1.);
#1801=VECTOR('',#10144,1.);
#1802=VECTOR('',#10145,1.);
#1803=VECTOR('',#10148,1.);
#1804=VECTOR('',#10149,1.);
#1805=VECTOR('',#10150,1.);
#1806=VECTOR('',#10153,1.);
#1807=VECTOR('',#10154,1.);
#1808=VECTOR('',#10155,1.);
#1809=VECTOR('',#10158,1.);
#1810=VECTOR('',#10159,1.);
#1811=VECTOR('',#10160,1.);
#1812=VECTOR('',#10163,1.);
#1813=VECTOR('',#10164,1.);
#1814=VECTOR('',#10165,1.);
#1815=VECTOR('',#10168,1.);
#1816=VECTOR('',#10169,1.);
#1817=VECTOR('',#10170,1.);
#1818=VECTOR('',#10173,1.);
#1819=VECTOR('',#10174,1.);
#1820=VECTOR('',#10175,1.);
#1821=VECTOR('',#10178,1.);
#1822=VECTOR('',#10179,1.);
#1823=VECTOR('',#10180,1.);
#1824=VECTOR('',#10187,1.);
#1825=VECTOR('',#10190,1.);
#1826=VECTOR('',#10195,1.);
#1827=VECTOR('',#10198,1.);
#1828=VECTOR('',#10203,1.);
#1829=VECTOR('',#10206,1.);
#1830=VECTOR('',#10211,1.);
#1831=VECTOR('',#10214,1.);
#1832=VECTOR('',#10219,1.);
#1833=VECTOR('',#10222,1.);
#1834=VECTOR('',#10227,1.);
#1835=VECTOR('',#10230,1.);
#1836=VECTOR('',#10235,1.);
#1837=VECTOR('',#10238,1.);
#1838=VECTOR('',#10243,1.);
#1839=VECTOR('',#10246,1.);
#1840=VECTOR('',#10249,1.);
#1841=VECTOR('',#10250,1.);
#1842=VECTOR('',#10251,1.);
#1843=VECTOR('',#10252,1.);
#1844=VECTOR('',#10253,1.);
#1845=VECTOR('',#10254,1.);
#1846=VECTOR('',#10255,1.);
#1847=VECTOR('',#10256,1.);
#1848=VECTOR('',#10259,1.);
#1849=VECTOR('',#10260,1.);
#1850=VECTOR('',#10263,1.);
#1851=VECTOR('',#10264,1.);
#1852=VECTOR('',#10267,1.);
#1853=VECTOR('',#10268,1.);
#1854=VECTOR('',#10271,1.);
#1855=VECTOR('',#10272,1.);
#1856=VECTOR('',#10273,1.);
#1857=VECTOR('',#10274,1.);
#1858=VECTOR('',#10277,1.);
#1859=VECTOR('',#10278,1.);
#1860=VECTOR('',#10279,1.);
#1861=VECTOR('',#10280,1.);
#1862=VECTOR('',#10283,1.);
#1863=VECTOR('',#10284,1.);
#1864=VECTOR('',#10285,1.);
#1865=VECTOR('',#10286,1.);
#1866=VECTOR('',#10289,1.);
#1867=VECTOR('',#10290,1.);
#1868=VECTOR('',#10291,1.);
#1869=VECTOR('',#10292,1.);
#1870=VECTOR('',#10295,1.);
#1871=VECTOR('',#10296,1.);
#1872=VECTOR('',#10297,1.);
#1873=VECTOR('',#10298,1.);
#1874=VECTOR('',#10301,1.);
#1875=VECTOR('',#10302,1.);
#1876=VECTOR('',#10303,1.);
#1877=VECTOR('',#10304,1.);
#1878=VECTOR('',#10307,1.);
#1879=VECTOR('',#10308,1.);
#1880=VECTOR('',#10309,1.);
#1881=VECTOR('',#10310,1.);
#1882=VECTOR('',#10313,1.);
#1883=VECTOR('',#10314,1.);
#1884=VECTOR('',#10315,1.);
#1885=VECTOR('',#10316,1.);
#1886=VECTOR('',#10319,1.);
#1887=VECTOR('',#10320,1.);
#1888=VECTOR('',#10321,1.);
#1889=VECTOR('',#10322,1.);
#1890=VECTOR('',#10325,1.);
#1891=VECTOR('',#10326,1.);
#1892=VECTOR('',#10327,1.);
#1893=VECTOR('',#10328,1.);
#1894=VECTOR('',#10331,1.);
#1895=VECTOR('',#10332,1.);
#1896=VECTOR('',#10333,1.);
#1897=VECTOR('',#10334,1.);
#1898=VECTOR('',#10337,1.);
#1899=VECTOR('',#10338,1.);
#1900=VECTOR('',#10339,1.);
#1901=VECTOR('',#10340,1.);
#1902=VECTOR('',#10343,1.);
#1903=VECTOR('',#10344,1.);
#1904=VECTOR('',#10345,1.);
#1905=VECTOR('',#10346,1.);
#1906=VECTOR('',#10349,1.);
#1907=VECTOR('',#10350,1.);
#1908=VECTOR('',#10351,1.);
#1909=VECTOR('',#10352,1.);
#1910=VECTOR('',#10355,1.);
#1911=VECTOR('',#10356,1.);
#1912=VECTOR('',#10357,1.);
#1913=VECTOR('',#10358,1.);
#1914=VECTOR('',#10361,1.);
#1915=VECTOR('',#10362,1.);
#1916=VECTOR('',#10363,1.);
#1917=VECTOR('',#10364,1.);
#1918=VECTOR('',#10367,1.);
#1919=VECTOR('',#10368,1.);
#1920=VECTOR('',#10369,1.);
#1921=VECTOR('',#10370,1.);
#1922=VECTOR('',#10373,1.);
#1923=VECTOR('',#10378,1.);
#1924=VECTOR('',#10379,1.);
#1925=VECTOR('',#10384,1.);
#1926=VECTOR('',#10387,1.);
#1927=VECTOR('',#10388,1.);
#1928=VECTOR('',#10389,1.);
#1929=VECTOR('',#10390,1.);
#1930=VECTOR('',#10393,1.);
#1931=VECTOR('',#10394,1.);
#1932=VECTOR('',#10397,1.);
#1933=VECTOR('',#10400,1.);
#1934=VECTOR('',#10403,1.);
#1935=VECTOR('',#10406,1.);
#1936=VECTOR('',#10409,1.);
#1937=VECTOR('',#10412,1.);
#1938=VECTOR('',#10415,1.);
#1939=VECTOR('',#10416,1.);
#1940=VECTOR('',#10419,1.);
#1941=VECTOR('',#10422,1.);
#1942=VECTOR('',#10427,1.);
#1943=VECTOR('',#10430,1.);
#1944=VECTOR('',#10433,1.);
#1945=VECTOR('',#10434,1.);
#1946=VECTOR('',#10439,1.);
#1947=VECTOR('',#10440,1.);
#1948=VECTOR('',#10441,1.);
#1949=VECTOR('',#10442,1.);
#1950=VECTOR('',#10447,1.);
#1951=VECTOR('',#10450,1.);
#1952=VECTOR('',#10455,1.);
#1953=VECTOR('',#10456,1.);
#1954=VECTOR('',#10457,1.);
#1955=VECTOR('',#10460,1.);
#1956=VECTOR('',#10461,1.);
#1957=VECTOR('',#10464,1.);
#1958=VECTOR('',#10465,1.);
#1959=VECTOR('',#10466,1.);
#1960=VECTOR('',#10469,1.);
#1961=VECTOR('',#10472,1.);
#1962=VECTOR('',#10475,1.);
#1963=VECTOR('',#10478,1.);
#1964=VECTOR('',#10479,1.);
#1965=VECTOR('',#10482,1.);
#1966=VECTOR('',#10485,1.);
#1967=VECTOR('',#10488,1.);
#1968=VECTOR('',#10491,1.);
#1969=VECTOR('',#10494,1.);
#1970=VECTOR('',#10497,1.);
#1971=VECTOR('',#10504,1.);
#1972=VECTOR('',#10505,1.);
#1973=VECTOR('',#10506,1.);
#1974=VECTOR('',#10511,1.);
#1975=VECTOR('',#10512,1.);
#1976=VECTOR('',#10513,1.);
#1977=VECTOR('',#10514,1.);
#1978=VECTOR('',#10517,1.);
#1979=VECTOR('',#10522,1.);
#1980=VECTOR('',#10523,1.);
#1981=VECTOR('',#10528,1.);
#1982=VECTOR('',#10531,1.);
#1983=VECTOR('',#10532,1.);
#1984=VECTOR('',#10533,1.);
#1985=VECTOR('',#10534,1.);
#1986=VECTOR('',#10537,1.);
#1987=VECTOR('',#10538,1.);
#1988=VECTOR('',#10541,1.);
#1989=VECTOR('',#10544,1.);
#1990=VECTOR('',#10547,1.);
#1991=VECTOR('',#10550,1.);
#1992=VECTOR('',#10553,1.);
#1993=VECTOR('',#10556,1.);
#1994=VECTOR('',#10559,1.);
#1995=VECTOR('',#10560,1.);
#1996=VECTOR('',#10563,1.);
#1997=VECTOR('',#10566,1.);
#1998=VECTOR('',#10571,1.);
#1999=VECTOR('',#10574,1.);
#2000=VECTOR('',#10577,1.);
#2001=VECTOR('',#10578,1.);
#2002=VECTOR('',#10583,1.);
#2003=VECTOR('',#10584,1.);
#2004=VECTOR('',#10585,1.);
#2005=VECTOR('',#10586,1.);
#2006=VECTOR('',#10591,1.);
#2007=VECTOR('',#10594,1.);
#2008=VECTOR('',#10599,1.);
#2009=VECTOR('',#10600,1.);
#2010=VECTOR('',#10601,1.);
#2011=VECTOR('',#10604,1.);
#2012=VECTOR('',#10605,1.);
#2013=VECTOR('',#10608,1.);
#2014=VECTOR('',#10609,1.);
#2015=VECTOR('',#10610,1.);
#2016=VECTOR('',#10613,1.);
#2017=VECTOR('',#10616,1.);
#2018=VECTOR('',#10619,1.);
#2019=VECTOR('',#10622,1.);
#2020=VECTOR('',#10623,1.);
#2021=VECTOR('',#10626,1.);
#2022=VECTOR('',#10629,1.);
#2023=VECTOR('',#10632,1.);
#2024=VECTOR('',#10635,1.);
#2025=VECTOR('',#10638,1.);
#2026=VECTOR('',#10641,1.);
#2027=VECTOR('',#10648,1.);
#2028=VECTOR('',#10649,1.);
#2029=VECTOR('',#10650,1.);
#2030=VECTOR('',#10663,1.);
#2031=VECTOR('',#10664,1.);
#2032=VECTOR('',#10665,1.);
#2033=VECTOR('',#10668,1.);
#2034=VECTOR('',#10669,1.);
#2035=VECTOR('',#10672,1.);
#2036=VECTOR('',#10673,1.);
#2037=VECTOR('',#10676,1.);
#2038=VECTOR('',#10679,1.);
#2039=VECTOR('',#10680,1.);
#2040=VECTOR('',#10687,1.);
#2041=VECTOR('',#10688,1.);
#2042=VECTOR('',#10689,1.);
#2043=VECTOR('',#10692,1.);
#2044=VECTOR('',#10693,1.);
#2045=VECTOR('',#10696,1.);
#2046=VECTOR('',#10697,1.);
#2047=VECTOR('',#10700,1.);
#2048=VECTOR('',#10703,1.);
#2049=VECTOR('',#10704,1.);
#2050=ORIENTED_EDGE('',*,*,#4282,.F.);
#2051=ORIENTED_EDGE('',*,*,#4283,.F.);
#2052=ORIENTED_EDGE('',*,*,#4284,.F.);
#2053=ORIENTED_EDGE('',*,*,#4285,.F.);
#2054=ORIENTED_EDGE('',*,*,#4286,.F.);
#2055=ORIENTED_EDGE('',*,*,#4287,.F.);
#2056=ORIENTED_EDGE('',*,*,#4288,.F.);
#2057=ORIENTED_EDGE('',*,*,#4289,.F.);
#2058=ORIENTED_EDGE('',*,*,#4290,.F.);
#2059=ORIENTED_EDGE('',*,*,#4291,.F.);
#2060=ORIENTED_EDGE('',*,*,#4292,.T.);
#2061=ORIENTED_EDGE('',*,*,#4293,.F.);
#2062=ORIENTED_EDGE('',*,*,#4294,.F.);
#2063=ORIENTED_EDGE('',*,*,#4295,.F.);
#2064=ORIENTED_EDGE('',*,*,#4296,.T.);
#2065=ORIENTED_EDGE('',*,*,#4297,.T.);
#2066=ORIENTED_EDGE('',*,*,#4298,.F.);
#2067=ORIENTED_EDGE('',*,*,#4299,.F.);
#2068=ORIENTED_EDGE('',*,*,#4300,.F.);
#2069=ORIENTED_EDGE('',*,*,#4301,.F.);
#2070=ORIENTED_EDGE('',*,*,#4302,.T.);
#2071=ORIENTED_EDGE('',*,*,#4303,.F.);
#2072=ORIENTED_EDGE('',*,*,#4304,.F.);
#2073=ORIENTED_EDGE('',*,*,#4305,.T.);
#2074=ORIENTED_EDGE('',*,*,#4306,.T.);
#2075=ORIENTED_EDGE('',*,*,#4307,.F.);
#2076=ORIENTED_EDGE('',*,*,#4308,.F.);
#2077=ORIENTED_EDGE('',*,*,#4309,.F.);
#2078=ORIENTED_EDGE('',*,*,#4310,.T.);
#2079=ORIENTED_EDGE('',*,*,#4311,.F.);
#2080=ORIENTED_EDGE('',*,*,#4312,.F.);
#2081=ORIENTED_EDGE('',*,*,#4313,.T.);
#2082=ORIENTED_EDGE('',*,*,#4314,.T.);
#2083=ORIENTED_EDGE('',*,*,#4315,.F.);
#2084=ORIENTED_EDGE('',*,*,#4302,.F.);
#2085=ORIENTED_EDGE('',*,*,#4316,.F.);
#2086=ORIENTED_EDGE('',*,*,#4317,.F.);
#2087=ORIENTED_EDGE('',*,*,#4318,.F.);
#2088=ORIENTED_EDGE('',*,*,#4319,.F.);
#2089=ORIENTED_EDGE('',*,*,#4320,.T.);
#2090=ORIENTED_EDGE('',*,*,#4300,.T.);
#2091=ORIENTED_EDGE('',*,*,#4321,.F.);
#2092=ORIENTED_EDGE('',*,*,#4314,.F.);
#2093=ORIENTED_EDGE('',*,*,#4322,.F.);
#2094=ORIENTED_EDGE('',*,*,#4323,.F.);
#2095=ORIENTED_EDGE('',*,*,#4324,.F.);
#2096=ORIENTED_EDGE('',*,*,#4325,.F.);
#2097=ORIENTED_EDGE('',*,*,#4326,.T.);
#2098=ORIENTED_EDGE('',*,*,#4312,.T.);
#2099=ORIENTED_EDGE('',*,*,#4327,.F.);
#2100=ORIENTED_EDGE('',*,*,#4310,.F.);
#2101=ORIENTED_EDGE('',*,*,#4328,.F.);
#2102=ORIENTED_EDGE('',*,*,#4329,.F.);
#2103=ORIENTED_EDGE('',*,*,#4330,.F.);
#2104=ORIENTED_EDGE('',*,*,#4331,.F.);
#2105=ORIENTED_EDGE('',*,*,#4328,.T.);
#2106=ORIENTED_EDGE('',*,*,#4309,.T.);
#2107=ORIENTED_EDGE('',*,*,#4332,.F.);
#2108=ORIENTED_EDGE('',*,*,#4333,.F.);
#2109=ORIENTED_EDGE('',*,*,#4334,.F.);
#2110=ORIENTED_EDGE('',*,*,#4332,.T.);
#2111=ORIENTED_EDGE('',*,*,#4308,.T.);
#2112=ORIENTED_EDGE('',*,*,#4335,.F.);
#2113=ORIENTED_EDGE('',*,*,#4306,.F.);
#2114=ORIENTED_EDGE('',*,*,#4336,.F.);
#2115=ORIENTED_EDGE('',*,*,#4337,.F.);
#2116=ORIENTED_EDGE('',*,*,#4338,.F.);
#2117=ORIENTED_EDGE('',*,*,#4339,.F.);
#2118=ORIENTED_EDGE('',*,*,#4336,.T.);
#2119=ORIENTED_EDGE('',*,*,#4305,.F.);
#2120=ORIENTED_EDGE('',*,*,#4340,.F.);
#2121=ORIENTED_EDGE('',*,*,#4341,.F.);
#2122=ORIENTED_EDGE('',*,*,#4342,.F.);
#2123=ORIENTED_EDGE('',*,*,#4340,.T.);
#2124=ORIENTED_EDGE('',*,*,#4304,.T.);
#2125=ORIENTED_EDGE('',*,*,#4343,.F.);
#2126=ORIENTED_EDGE('',*,*,#4344,.F.);
#2127=ORIENTED_EDGE('',*,*,#4345,.F.);
#2128=ORIENTED_EDGE('',*,*,#4346,.F.);
#2129=ORIENTED_EDGE('',*,*,#4347,.F.);
#2130=ORIENTED_EDGE('',*,*,#4348,.F.);
#2131=ORIENTED_EDGE('',*,*,#4349,.F.);
#2132=ORIENTED_EDGE('',*,*,#4350,.F.);
#2133=ORIENTED_EDGE('',*,*,#4351,.F.);
#2134=ORIENTED_EDGE('',*,*,#4352,.F.);
#2135=ORIENTED_EDGE('',*,*,#4353,.F.);
#2136=ORIENTED_EDGE('',*,*,#4354,.F.);
#2137=ORIENTED_EDGE('',*,*,#4355,.F.);
#2138=ORIENTED_EDGE('',*,*,#4356,.F.);
#2139=ORIENTED_EDGE('',*,*,#4357,.F.);
#2140=ORIENTED_EDGE('',*,*,#4358,.F.);
#2141=ORIENTED_EDGE('',*,*,#4359,.F.);
#2142=ORIENTED_EDGE('',*,*,#4360,.F.);
#2143=ORIENTED_EDGE('',*,*,#4361,.F.);
#2144=ORIENTED_EDGE('',*,*,#4362,.F.);
#2145=ORIENTED_EDGE('',*,*,#4363,.F.);
#2146=ORIENTED_EDGE('',*,*,#4364,.F.);
#2147=ORIENTED_EDGE('',*,*,#4365,.F.);
#2148=ORIENTED_EDGE('',*,*,#4294,.T.);
#2149=ORIENTED_EDGE('',*,*,#4366,.F.);
#2150=ORIENTED_EDGE('',*,*,#4367,.F.);
#2151=ORIENTED_EDGE('',*,*,#4368,.F.);
#2152=ORIENTED_EDGE('',*,*,#4286,.T.);
#2153=ORIENTED_EDGE('',*,*,#4369,.F.);
#2154=ORIENTED_EDGE('',*,*,#4290,.T.);
#2155=ORIENTED_EDGE('',*,*,#4370,.F.);
#2156=ORIENTED_EDGE('',*,*,#4371,.F.);
#2157=ORIENTED_EDGE('',*,*,#4372,.F.);
#2158=ORIENTED_EDGE('',*,*,#4373,.F.);
#2159=ORIENTED_EDGE('',*,*,#4374,.F.);
#2160=ORIENTED_EDGE('',*,*,#4375,.F.);
#2161=ORIENTED_EDGE('',*,*,#4376,.F.);
#2162=ORIENTED_EDGE('',*,*,#4377,.F.);
#2163=ORIENTED_EDGE('',*,*,#4378,.F.);
#2164=ORIENTED_EDGE('',*,*,#4379,.F.);
#2165=ORIENTED_EDGE('',*,*,#4380,.F.);
#2166=ORIENTED_EDGE('',*,*,#4381,.F.);
#2167=ORIENTED_EDGE('',*,*,#4382,.F.);
#2168=ORIENTED_EDGE('',*,*,#4292,.F.);
#2169=ORIENTED_EDGE('',*,*,#4383,.F.);
#2170=ORIENTED_EDGE('',*,*,#4288,.T.);
#2171=ORIENTED_EDGE('',*,*,#4384,.F.);
#2172=ORIENTED_EDGE('',*,*,#4385,.F.);
#2173=ORIENTED_EDGE('',*,*,#4386,.F.);
#2174=ORIENTED_EDGE('',*,*,#4387,.F.);
#2175=ORIENTED_EDGE('',*,*,#4388,.F.);
#2176=ORIENTED_EDGE('',*,*,#4389,.F.);
#2177=ORIENTED_EDGE('',*,*,#4390,.F.);
#2178=ORIENTED_EDGE('',*,*,#4391,.F.);
#2179=ORIENTED_EDGE('',*,*,#4392,.F.);
#2180=ORIENTED_EDGE('',*,*,#4393,.F.);
#2181=ORIENTED_EDGE('',*,*,#4394,.F.);
#2182=ORIENTED_EDGE('',*,*,#4395,.F.);
#2183=ORIENTED_EDGE('',*,*,#4316,.T.);
#2184=ORIENTED_EDGE('',*,*,#4301,.T.);
#2185=ORIENTED_EDGE('',*,*,#4320,.F.);
#2186=ORIENTED_EDGE('',*,*,#4396,.F.);
#2187=ORIENTED_EDGE('',*,*,#4397,.F.);
#2188=ORIENTED_EDGE('',*,*,#4322,.T.);
#2189=ORIENTED_EDGE('',*,*,#4313,.F.);
#2190=ORIENTED_EDGE('',*,*,#4326,.F.);
#2191=ORIENTED_EDGE('',*,*,#4398,.F.);
#2192=ORIENTED_EDGE('',*,*,#4399,.F.);
#2193=ORIENTED_EDGE('',*,*,#4283,.T.);
#2194=ORIENTED_EDGE('',*,*,#4400,.F.);
#2195=ORIENTED_EDGE('',*,*,#4284,.T.);
#2196=ORIENTED_EDGE('',*,*,#4401,.F.);
#2197=ORIENTED_EDGE('',*,*,#4282,.T.);
#2198=ORIENTED_EDGE('',*,*,#4402,.F.);
#2199=ORIENTED_EDGE('',*,*,#4285,.T.);
#2200=ORIENTED_EDGE('',*,*,#4397,.T.);
#2201=ORIENTED_EDGE('',*,*,#4399,.T.);
#2202=ORIENTED_EDGE('',*,*,#4395,.T.);
#2203=ORIENTED_EDGE('',*,*,#4400,.T.);
#2204=ORIENTED_EDGE('',*,*,#4331,.T.);
#2205=ORIENTED_EDGE('',*,*,#4401,.T.);
#2206=ORIENTED_EDGE('',*,*,#4339,.T.);
#2207=ORIENTED_EDGE('',*,*,#4402,.T.);
#2208=ORIENTED_EDGE('',*,*,#4403,.T.);
#2209=ORIENTED_EDGE('',*,*,#4384,.T.);
#2210=ORIENTED_EDGE('',*,*,#4287,.T.);
#2211=ORIENTED_EDGE('',*,*,#4368,.T.);
#2212=ORIENTED_EDGE('',*,*,#4404,.T.);
#2213=ORIENTED_EDGE('',*,*,#4405,.T.);
#2214=ORIENTED_EDGE('',*,*,#4403,.F.);
#2215=ORIENTED_EDGE('',*,*,#4405,.F.);
#2216=ORIENTED_EDGE('',*,*,#4352,.T.);
#2217=ORIENTED_EDGE('',*,*,#4406,.T.);
#2218=ORIENTED_EDGE('',*,*,#4385,.T.);
#2219=ORIENTED_EDGE('',*,*,#4404,.F.);
#2220=ORIENTED_EDGE('',*,*,#4367,.T.);
#2221=ORIENTED_EDGE('',*,*,#4407,.T.);
#2222=ORIENTED_EDGE('',*,*,#4353,.T.);
#2223=ORIENTED_EDGE('',*,*,#4293,.T.);
#2224=ORIENTED_EDGE('',*,*,#4382,.T.);
#2225=ORIENTED_EDGE('',*,*,#4408,.T.);
#2226=ORIENTED_EDGE('',*,*,#4366,.T.);
#2227=ORIENTED_EDGE('',*,*,#4409,.T.);
#2228=ORIENTED_EDGE('',*,*,#4410,.T.);
#2229=ORIENTED_EDGE('',*,*,#4406,.F.);
#2230=ORIENTED_EDGE('',*,*,#4408,.F.);
#2231=ORIENTED_EDGE('',*,*,#4411,.T.);
#2232=ORIENTED_EDGE('',*,*,#4407,.F.);
#2233=ORIENTED_EDGE('',*,*,#4410,.F.);
#2234=ORIENTED_EDGE('',*,*,#4317,.T.);
#2235=ORIENTED_EDGE('',*,*,#4412,.T.);
#2236=ORIENTED_EDGE('',*,*,#4386,.T.);
#2237=ORIENTED_EDGE('',*,*,#4409,.F.);
#2238=ORIENTED_EDGE('',*,*,#4351,.T.);
#2239=ORIENTED_EDGE('',*,*,#4413,.T.);
#2240=ORIENTED_EDGE('',*,*,#4318,.T.);
#2241=ORIENTED_EDGE('',*,*,#4411,.F.);
#2242=ORIENTED_EDGE('',*,*,#4381,.T.);
#2243=ORIENTED_EDGE('',*,*,#4414,.T.);
#2244=ORIENTED_EDGE('',*,*,#4354,.T.);
#2245=ORIENTED_EDGE('',*,*,#4412,.F.);
#2246=ORIENTED_EDGE('',*,*,#4396,.T.);
#2247=ORIENTED_EDGE('',*,*,#4415,.T.);
#2248=ORIENTED_EDGE('',*,*,#4387,.T.);
#2249=ORIENTED_EDGE('',*,*,#4413,.F.);
#2250=ORIENTED_EDGE('',*,*,#4350,.T.);
#2251=ORIENTED_EDGE('',*,*,#4416,.T.);
#2252=ORIENTED_EDGE('',*,*,#4303,.T.);
#2253=ORIENTED_EDGE('',*,*,#4417,.T.);
#2254=ORIENTED_EDGE('',*,*,#4418,.T.);
#2255=ORIENTED_EDGE('',*,*,#4414,.F.);
#2256=ORIENTED_EDGE('',*,*,#4415,.F.);
#2257=ORIENTED_EDGE('',*,*,#4319,.T.);
#2258=ORIENTED_EDGE('',*,*,#4419,.T.);
#2259=ORIENTED_EDGE('',*,*,#4388,.T.);
#2260=ORIENTED_EDGE('',*,*,#4416,.F.);
#2261=ORIENTED_EDGE('',*,*,#4349,.T.);
#2262=ORIENTED_EDGE('',*,*,#4420,.T.);
#2263=ORIENTED_EDGE('',*,*,#4321,.T.);
#2264=ORIENTED_EDGE('',*,*,#4418,.F.);
#2265=ORIENTED_EDGE('',*,*,#4343,.T.);
#2266=ORIENTED_EDGE('',*,*,#4421,.T.);
#2267=ORIENTED_EDGE('',*,*,#4355,.T.);
#2268=ORIENTED_EDGE('',*,*,#4417,.F.);
#2269=ORIENTED_EDGE('',*,*,#4380,.T.);
#2270=ORIENTED_EDGE('',*,*,#4422,.T.);
#2271=ORIENTED_EDGE('',*,*,#4342,.T.);
#2272=ORIENTED_EDGE('',*,*,#4420,.F.);
#2273=ORIENTED_EDGE('',*,*,#4423,.T.);
#2274=ORIENTED_EDGE('',*,*,#4419,.F.);
#2275=ORIENTED_EDGE('',*,*,#4421,.F.);
#2276=ORIENTED_EDGE('',*,*,#4307,.T.);
#2277=ORIENTED_EDGE('',*,*,#4424,.T.);
#2278=ORIENTED_EDGE('',*,*,#4356,.T.);
#2279=ORIENTED_EDGE('',*,*,#4422,.F.);
#2280=ORIENTED_EDGE('',*,*,#4379,.T.);
#2281=ORIENTED_EDGE('',*,*,#4425,.T.);
#2282=ORIENTED_EDGE('',*,*,#4341,.T.);
#2283=ORIENTED_EDGE('',*,*,#4423,.F.);
#2284=ORIENTED_EDGE('',*,*,#4348,.T.);
#2285=ORIENTED_EDGE('',*,*,#4426,.T.);
#2286=ORIENTED_EDGE('',*,*,#4389,.T.);
#2287=ORIENTED_EDGE('',*,*,#4424,.F.);
#2288=ORIENTED_EDGE('',*,*,#4338,.T.);
#2289=ORIENTED_EDGE('',*,*,#4427,.T.);
#2290=ORIENTED_EDGE('',*,*,#4357,.T.);
#2291=ORIENTED_EDGE('',*,*,#4425,.F.);
#2292=ORIENTED_EDGE('',*,*,#4378,.T.);
#2293=ORIENTED_EDGE('',*,*,#4428,.T.);
#2294=ORIENTED_EDGE('',*,*,#4337,.T.);
#2295=ORIENTED_EDGE('',*,*,#4429,.T.);
#2296=ORIENTED_EDGE('',*,*,#4430,.T.);
#2297=ORIENTED_EDGE('',*,*,#4426,.F.);
#2298=ORIENTED_EDGE('',*,*,#4428,.F.);
#2299=ORIENTED_EDGE('',*,*,#4431,.T.);
#2300=ORIENTED_EDGE('',*,*,#4427,.F.);
#2301=ORIENTED_EDGE('',*,*,#4430,.F.);
#2302=ORIENTED_EDGE('',*,*,#4323,.T.);
#2303=ORIENTED_EDGE('',*,*,#4432,.T.);
#2304=ORIENTED_EDGE('',*,*,#4390,.T.);
#2305=ORIENTED_EDGE('',*,*,#4429,.F.);
#2306=ORIENTED_EDGE('',*,*,#4347,.T.);
#2307=ORIENTED_EDGE('',*,*,#4433,.T.);
#2308=ORIENTED_EDGE('',*,*,#4324,.T.);
#2309=ORIENTED_EDGE('',*,*,#4431,.F.);
#2310=ORIENTED_EDGE('',*,*,#4377,.T.);
#2311=ORIENTED_EDGE('',*,*,#4434,.T.);
#2312=ORIENTED_EDGE('',*,*,#4358,.T.);
#2313=ORIENTED_EDGE('',*,*,#4432,.F.);
#2314=ORIENTED_EDGE('',*,*,#4398,.T.);
#2315=ORIENTED_EDGE('',*,*,#4435,.T.);
#2316=ORIENTED_EDGE('',*,*,#4391,.T.);
#2317=ORIENTED_EDGE('',*,*,#4433,.F.);
#2318=ORIENTED_EDGE('',*,*,#4346,.T.);
#2319=ORIENTED_EDGE('',*,*,#4436,.T.);
#2320=ORIENTED_EDGE('',*,*,#4315,.T.);
#2321=ORIENTED_EDGE('',*,*,#4437,.T.);
#2322=ORIENTED_EDGE('',*,*,#4438,.T.);
#2323=ORIENTED_EDGE('',*,*,#4434,.F.);
#2324=ORIENTED_EDGE('',*,*,#4435,.F.);
#2325=ORIENTED_EDGE('',*,*,#4325,.T.);
#2326=ORIENTED_EDGE('',*,*,#4439,.T.);
#2327=ORIENTED_EDGE('',*,*,#4392,.T.);
#2328=ORIENTED_EDGE('',*,*,#4436,.F.);
#2329=ORIENTED_EDGE('',*,*,#4345,.T.);
#2330=ORIENTED_EDGE('',*,*,#4440,.T.);
#2331=ORIENTED_EDGE('',*,*,#4327,.T.);
#2332=ORIENTED_EDGE('',*,*,#4438,.F.);
#2333=ORIENTED_EDGE('',*,*,#4335,.T.);
#2334=ORIENTED_EDGE('',*,*,#4441,.T.);
#2335=ORIENTED_EDGE('',*,*,#4359,.T.);
#2336=ORIENTED_EDGE('',*,*,#4437,.F.);
#2337=ORIENTED_EDGE('',*,*,#4376,.T.);
#2338=ORIENTED_EDGE('',*,*,#4442,.T.);
#2339=ORIENTED_EDGE('',*,*,#4334,.T.);
#2340=ORIENTED_EDGE('',*,*,#4440,.F.);
#2341=ORIENTED_EDGE('',*,*,#4443,.T.);
#2342=ORIENTED_EDGE('',*,*,#4439,.F.);
#2343=ORIENTED_EDGE('',*,*,#4441,.F.);
#2344=ORIENTED_EDGE('',*,*,#4311,.T.);
#2345=ORIENTED_EDGE('',*,*,#4444,.T.);
#2346=ORIENTED_EDGE('',*,*,#4360,.T.);
#2347=ORIENTED_EDGE('',*,*,#4442,.F.);
#2348=ORIENTED_EDGE('',*,*,#4375,.T.);
#2349=ORIENTED_EDGE('',*,*,#4445,.T.);
#2350=ORIENTED_EDGE('',*,*,#4333,.T.);
#2351=ORIENTED_EDGE('',*,*,#4289,.T.);
#2352=ORIENTED_EDGE('',*,*,#4394,.T.);
#2353=ORIENTED_EDGE('',*,*,#4446,.T.);
#2354=ORIENTED_EDGE('',*,*,#4370,.T.);
#2355=ORIENTED_EDGE('',*,*,#4443,.F.);
#2356=ORIENTED_EDGE('',*,*,#4344,.T.);
#2357=ORIENTED_EDGE('',*,*,#4447,.T.);
#2358=ORIENTED_EDGE('',*,*,#4393,.T.);
#2359=ORIENTED_EDGE('',*,*,#4444,.F.);
#2360=ORIENTED_EDGE('',*,*,#4330,.T.);
#2361=ORIENTED_EDGE('',*,*,#4448,.T.);
#2362=ORIENTED_EDGE('',*,*,#4361,.T.);
#2363=ORIENTED_EDGE('',*,*,#4445,.F.);
#2364=ORIENTED_EDGE('',*,*,#4374,.T.);
#2365=ORIENTED_EDGE('',*,*,#4449,.T.);
#2366=ORIENTED_EDGE('',*,*,#4329,.T.);
#2367=ORIENTED_EDGE('',*,*,#4447,.F.);
#2368=ORIENTED_EDGE('',*,*,#4450,.T.);
#2369=ORIENTED_EDGE('',*,*,#4446,.F.);
#2370=ORIENTED_EDGE('',*,*,#4449,.F.);
#2371=ORIENTED_EDGE('',*,*,#4451,.T.);
#2372=ORIENTED_EDGE('',*,*,#4448,.F.);
#2373=ORIENTED_EDGE('',*,*,#4450,.F.);
#2374=ORIENTED_EDGE('',*,*,#4363,.T.);
#2375=ORIENTED_EDGE('',*,*,#4452,.T.);
#2376=ORIENTED_EDGE('',*,*,#4371,.T.);
#2377=ORIENTED_EDGE('',*,*,#4451,.F.);
#2378=ORIENTED_EDGE('',*,*,#4373,.T.);
#2379=ORIENTED_EDGE('',*,*,#4453,.T.);
#2380=ORIENTED_EDGE('',*,*,#4362,.T.);
#2381=ORIENTED_EDGE('',*,*,#4453,.F.);
#2382=ORIENTED_EDGE('',*,*,#4454,.T.);
#2383=ORIENTED_EDGE('',*,*,#4452,.F.);
#2384=ORIENTED_EDGE('',*,*,#4291,.T.);
#2385=ORIENTED_EDGE('',*,*,#4372,.T.);
#2386=ORIENTED_EDGE('',*,*,#4454,.F.);
#2387=ORIENTED_EDGE('',*,*,#4383,.T.);
#2388=ORIENTED_EDGE('',*,*,#4455,.T.);
#2389=ORIENTED_EDGE('',*,*,#4456,.T.);
#2390=ORIENTED_EDGE('',*,*,#4296,.F.);
#2391=ORIENTED_EDGE('',*,*,#4457,.F.);
#2392=ORIENTED_EDGE('',*,*,#4297,.F.);
#2393=ORIENTED_EDGE('',*,*,#4456,.F.);
#2394=ORIENTED_EDGE('',*,*,#4458,.T.);
#2395=ORIENTED_EDGE('',*,*,#4459,.T.);
#2396=ORIENTED_EDGE('',*,*,#4298,.T.);
#2397=ORIENTED_EDGE('',*,*,#4459,.F.);
#2398=ORIENTED_EDGE('',*,*,#4460,.F.);
#2399=ORIENTED_EDGE('',*,*,#4461,.F.);
#2400=ORIENTED_EDGE('',*,*,#4460,.T.);
#2401=ORIENTED_EDGE('',*,*,#4458,.F.);
#2402=ORIENTED_EDGE('',*,*,#4455,.F.);
#2403=ORIENTED_EDGE('',*,*,#4462,.F.);
#2404=ORIENTED_EDGE('',*,*,#4462,.T.);
#2405=ORIENTED_EDGE('',*,*,#4463,.F.);
#2406=ORIENTED_EDGE('',*,*,#4364,.T.);
#2407=ORIENTED_EDGE('',*,*,#4464,.F.);
#2408=ORIENTED_EDGE('',*,*,#4464,.T.);
#2409=ORIENTED_EDGE('',*,*,#4369,.T.);
#2410=ORIENTED_EDGE('',*,*,#4299,.T.);
#2411=ORIENTED_EDGE('',*,*,#4461,.T.);
#2412=ORIENTED_EDGE('',*,*,#4463,.T.);
#2413=ORIENTED_EDGE('',*,*,#4457,.T.);
#2414=ORIENTED_EDGE('',*,*,#4295,.T.);
#2415=ORIENTED_EDGE('',*,*,#4365,.T.);
#2416=ORIENTED_EDGE('',*,*,#4465,.T.);
#2417=ORIENTED_EDGE('',*,*,#4466,.T.);
#2418=ORIENTED_EDGE('',*,*,#4467,.T.);
#2419=ORIENTED_EDGE('',*,*,#4468,.T.);
#2420=ORIENTED_EDGE('',*,*,#4469,.T.);
#2421=ORIENTED_EDGE('',*,*,#4470,.T.);
#2422=ORIENTED_EDGE('',*,*,#4471,.T.);
#2423=ORIENTED_EDGE('',*,*,#4472,.F.);
#2424=ORIENTED_EDGE('',*,*,#4473,.F.);
#2425=ORIENTED_EDGE('',*,*,#4474,.T.);
#2426=ORIENTED_EDGE('',*,*,#4475,.T.);
#2427=ORIENTED_EDGE('',*,*,#4476,.T.);
#2428=ORIENTED_EDGE('',*,*,#4477,.F.);
#2429=ORIENTED_EDGE('',*,*,#4478,.T.);
#2430=ORIENTED_EDGE('',*,*,#4479,.T.);
#2431=ORIENTED_EDGE('',*,*,#4480,.T.);
#2432=ORIENTED_EDGE('',*,*,#4481,.T.);
#2433=ORIENTED_EDGE('',*,*,#4482,.T.);
#2434=ORIENTED_EDGE('',*,*,#4483,.T.);
#2435=ORIENTED_EDGE('',*,*,#4484,.T.);
#2436=ORIENTED_EDGE('',*,*,#4485,.F.);
#2437=ORIENTED_EDGE('',*,*,#4486,.T.);
#2438=ORIENTED_EDGE('',*,*,#4487,.T.);
#2439=ORIENTED_EDGE('',*,*,#4488,.T.);
#2440=ORIENTED_EDGE('',*,*,#4489,.F.);
#2441=ORIENTED_EDGE('',*,*,#4490,.F.);
#2442=ORIENTED_EDGE('',*,*,#4491,.T.);
#2443=ORIENTED_EDGE('',*,*,#4492,.T.);
#2444=ORIENTED_EDGE('',*,*,#4493,.F.);
#2445=ORIENTED_EDGE('',*,*,#4494,.T.);
#2446=ORIENTED_EDGE('',*,*,#4495,.T.);
#2447=ORIENTED_EDGE('',*,*,#4496,.T.);
#2448=ORIENTED_EDGE('',*,*,#4497,.F.);
#2449=ORIENTED_EDGE('',*,*,#4498,.F.);
#2450=ORIENTED_EDGE('',*,*,#4485,.T.);
#2451=ORIENTED_EDGE('',*,*,#4499,.T.);
#2452=ORIENTED_EDGE('',*,*,#4500,.T.);
#2453=ORIENTED_EDGE('',*,*,#4501,.T.);
#2454=ORIENTED_EDGE('',*,*,#4502,.T.);
#2455=ORIENTED_EDGE('',*,*,#4503,.T.);
#2456=ORIENTED_EDGE('',*,*,#4483,.F.);
#2457=ORIENTED_EDGE('',*,*,#4504,.F.);
#2458=ORIENTED_EDGE('',*,*,#4497,.T.);
#2459=ORIENTED_EDGE('',*,*,#4505,.T.);
#2460=ORIENTED_EDGE('',*,*,#4506,.T.);
#2461=ORIENTED_EDGE('',*,*,#4507,.T.);
#2462=ORIENTED_EDGE('',*,*,#4508,.T.);
#2463=ORIENTED_EDGE('',*,*,#4509,.T.);
#2464=ORIENTED_EDGE('',*,*,#4495,.F.);
#2465=ORIENTED_EDGE('',*,*,#4510,.F.);
#2466=ORIENTED_EDGE('',*,*,#4493,.T.);
#2467=ORIENTED_EDGE('',*,*,#4511,.T.);
#2468=ORIENTED_EDGE('',*,*,#4512,.T.);
#2469=ORIENTED_EDGE('',*,*,#4513,.T.);
#2470=ORIENTED_EDGE('',*,*,#4514,.T.);
#2471=ORIENTED_EDGE('',*,*,#4513,.F.);
#2472=ORIENTED_EDGE('',*,*,#4515,.T.);
#2473=ORIENTED_EDGE('',*,*,#4516,.T.);
#2474=ORIENTED_EDGE('',*,*,#4494,.F.);
#2475=ORIENTED_EDGE('',*,*,#4517,.T.);
#2476=ORIENTED_EDGE('',*,*,#4518,.T.);
#2477=ORIENTED_EDGE('',*,*,#4491,.F.);
#2478=ORIENTED_EDGE('',*,*,#4516,.F.);
#2479=ORIENTED_EDGE('',*,*,#4489,.T.);
#2480=ORIENTED_EDGE('',*,*,#4519,.T.);
#2481=ORIENTED_EDGE('',*,*,#4520,.T.);
#2482=ORIENTED_EDGE('',*,*,#4521,.T.);
#2483=ORIENTED_EDGE('',*,*,#4522,.T.);
#2484=ORIENTED_EDGE('',*,*,#4521,.F.);
#2485=ORIENTED_EDGE('',*,*,#4523,.T.);
#2486=ORIENTED_EDGE('',*,*,#4524,.T.);
#2487=ORIENTED_EDGE('',*,*,#4490,.T.);
#2488=ORIENTED_EDGE('',*,*,#4525,.T.);
#2489=ORIENTED_EDGE('',*,*,#4526,.T.);
#2490=ORIENTED_EDGE('',*,*,#4487,.F.);
#2491=ORIENTED_EDGE('',*,*,#4524,.F.);
#2492=ORIENTED_EDGE('',*,*,#4527,.T.);
#2493=ORIENTED_EDGE('',*,*,#4528,.T.);
#2494=ORIENTED_EDGE('',*,*,#4529,.T.);
#2495=ORIENTED_EDGE('',*,*,#4530,.T.);
#2496=ORIENTED_EDGE('',*,*,#4531,.T.);
#2497=ORIENTED_EDGE('',*,*,#4532,.T.);
#2498=ORIENTED_EDGE('',*,*,#4533,.T.);
#2499=ORIENTED_EDGE('',*,*,#4534,.T.);
#2500=ORIENTED_EDGE('',*,*,#4535,.T.);
#2501=ORIENTED_EDGE('',*,*,#4536,.T.);
#2502=ORIENTED_EDGE('',*,*,#4537,.T.);
#2503=ORIENTED_EDGE('',*,*,#4538,.T.);
#2504=ORIENTED_EDGE('',*,*,#4539,.T.);
#2505=ORIENTED_EDGE('',*,*,#4540,.T.);
#2506=ORIENTED_EDGE('',*,*,#4541,.T.);
#2507=ORIENTED_EDGE('',*,*,#4542,.T.);
#2508=ORIENTED_EDGE('',*,*,#4543,.T.);
#2509=ORIENTED_EDGE('',*,*,#4544,.T.);
#2510=ORIENTED_EDGE('',*,*,#4545,.T.);
#2511=ORIENTED_EDGE('',*,*,#4546,.T.);
#2512=ORIENTED_EDGE('',*,*,#4547,.T.);
#2513=ORIENTED_EDGE('',*,*,#4548,.T.);
#2514=ORIENTED_EDGE('',*,*,#4469,.F.);
#2515=ORIENTED_EDGE('',*,*,#4549,.T.);
#2516=ORIENTED_EDGE('',*,*,#4550,.T.);
#2517=ORIENTED_EDGE('',*,*,#4551,.T.);
#2518=ORIENTED_EDGE('',*,*,#4475,.F.);
#2519=ORIENTED_EDGE('',*,*,#4552,.T.);
#2520=ORIENTED_EDGE('',*,*,#4479,.F.);
#2521=ORIENTED_EDGE('',*,*,#4553,.T.);
#2522=ORIENTED_EDGE('',*,*,#4554,.T.);
#2523=ORIENTED_EDGE('',*,*,#4555,.T.);
#2524=ORIENTED_EDGE('',*,*,#4556,.T.);
#2525=ORIENTED_EDGE('',*,*,#4557,.T.);
#2526=ORIENTED_EDGE('',*,*,#4477,.T.);
#2527=ORIENTED_EDGE('',*,*,#4558,.T.);
#2528=ORIENTED_EDGE('',*,*,#4559,.T.);
#2529=ORIENTED_EDGE('',*,*,#4560,.T.);
#2530=ORIENTED_EDGE('',*,*,#4561,.T.);
#2531=ORIENTED_EDGE('',*,*,#4562,.T.);
#2532=ORIENTED_EDGE('',*,*,#4563,.T.);
#2533=ORIENTED_EDGE('',*,*,#4564,.T.);
#2534=ORIENTED_EDGE('',*,*,#4565,.T.);
#2535=ORIENTED_EDGE('',*,*,#4566,.T.);
#2536=ORIENTED_EDGE('',*,*,#4481,.F.);
#2537=ORIENTED_EDGE('',*,*,#4567,.T.);
#2538=ORIENTED_EDGE('',*,*,#4568,.T.);
#2539=ORIENTED_EDGE('',*,*,#4569,.T.);
#2540=ORIENTED_EDGE('',*,*,#4570,.T.);
#2541=ORIENTED_EDGE('',*,*,#4571,.T.);
#2542=ORIENTED_EDGE('',*,*,#4572,.T.);
#2543=ORIENTED_EDGE('',*,*,#4573,.T.);
#2544=ORIENTED_EDGE('',*,*,#4574,.T.);
#2545=ORIENTED_EDGE('',*,*,#4575,.T.);
#2546=ORIENTED_EDGE('',*,*,#4576,.T.);
#2547=ORIENTED_EDGE('',*,*,#4577,.T.);
#2548=ORIENTED_EDGE('',*,*,#4578,.T.);
#2549=ORIENTED_EDGE('',*,*,#4501,.F.);
#2550=ORIENTED_EDGE('',*,*,#4579,.T.);
#2551=ORIENTED_EDGE('',*,*,#4504,.T.);
#2552=ORIENTED_EDGE('',*,*,#4486,.F.);
#2553=ORIENTED_EDGE('',*,*,#4580,.T.);
#2554=ORIENTED_EDGE('',*,*,#4507,.F.);
#2555=ORIENTED_EDGE('',*,*,#4581,.T.);
#2556=ORIENTED_EDGE('',*,*,#4510,.T.);
#2557=ORIENTED_EDGE('',*,*,#4498,.T.);
#2558=ORIENTED_EDGE('',*,*,#4582,.T.);
#2559=ORIENTED_EDGE('',*,*,#4466,.F.);
#2560=ORIENTED_EDGE('',*,*,#4583,.T.);
#2561=ORIENTED_EDGE('',*,*,#4467,.F.);
#2562=ORIENTED_EDGE('',*,*,#4584,.T.);
#2563=ORIENTED_EDGE('',*,*,#4465,.F.);
#2564=ORIENTED_EDGE('',*,*,#4585,.T.);
#2565=ORIENTED_EDGE('',*,*,#4468,.F.);
#2566=ORIENTED_EDGE('',*,*,#4580,.F.);
#2567=ORIENTED_EDGE('',*,*,#4582,.F.);
#2568=ORIENTED_EDGE('',*,*,#4578,.F.);
#2569=ORIENTED_EDGE('',*,*,#4583,.F.);
#2570=ORIENTED_EDGE('',*,*,#4514,.F.);
#2571=ORIENTED_EDGE('',*,*,#4584,.F.);
#2572=ORIENTED_EDGE('',*,*,#4522,.F.);
#2573=ORIENTED_EDGE('',*,*,#4585,.F.);
#2574=ORIENTED_EDGE('',*,*,#4586,.F.);
#2575=ORIENTED_EDGE('',*,*,#4549,.F.);
#2576=ORIENTED_EDGE('',*,*,#4482,.F.);
#2577=ORIENTED_EDGE('',*,*,#4577,.F.);
#2578=ORIENTED_EDGE('',*,*,#4587,.F.);
#2579=ORIENTED_EDGE('',*,*,#4586,.T.);
#2580=ORIENTED_EDGE('',*,*,#4588,.F.);
#2581=ORIENTED_EDGE('',*,*,#4588,.T.);
#2582=ORIENTED_EDGE('',*,*,#4576,.F.);
#2583=ORIENTED_EDGE('',*,*,#4589,.F.);
#2584=ORIENTED_EDGE('',*,*,#4539,.F.);
#2585=ORIENTED_EDGE('',*,*,#4587,.T.);
#2586=ORIENTED_EDGE('',*,*,#4538,.F.);
#2587=ORIENTED_EDGE('',*,*,#4590,.F.);
#2588=ORIENTED_EDGE('',*,*,#4550,.F.);
#2589=ORIENTED_EDGE('',*,*,#4476,.F.);
#2590=ORIENTED_EDGE('',*,*,#4551,.F.);
#2591=ORIENTED_EDGE('',*,*,#4591,.F.);
#2592=ORIENTED_EDGE('',*,*,#4558,.F.);
#2593=ORIENTED_EDGE('',*,*,#4592,.F.);
#2594=ORIENTED_EDGE('',*,*,#4589,.T.);
#2595=ORIENTED_EDGE('',*,*,#4593,.F.);
#2596=ORIENTED_EDGE('',*,*,#4591,.T.);
#2597=ORIENTED_EDGE('',*,*,#4590,.T.);
#2598=ORIENTED_EDGE('',*,*,#4594,.F.);
#2599=ORIENTED_EDGE('',*,*,#4593,.T.);
#2600=ORIENTED_EDGE('',*,*,#4575,.F.);
#2601=ORIENTED_EDGE('',*,*,#4595,.F.);
#2602=ORIENTED_EDGE('',*,*,#4500,.F.);
#2603=ORIENTED_EDGE('',*,*,#4592,.T.);
#2604=ORIENTED_EDGE('',*,*,#4499,.F.);
#2605=ORIENTED_EDGE('',*,*,#4596,.F.);
#2606=ORIENTED_EDGE('',*,*,#4540,.F.);
#2607=ORIENTED_EDGE('',*,*,#4594,.T.);
#2608=ORIENTED_EDGE('',*,*,#4537,.F.);
#2609=ORIENTED_EDGE('',*,*,#4597,.F.);
#2610=ORIENTED_EDGE('',*,*,#4559,.F.);
#2611=ORIENTED_EDGE('',*,*,#4595,.T.);
#2612=ORIENTED_EDGE('',*,*,#4574,.F.);
#2613=ORIENTED_EDGE('',*,*,#4598,.F.);
#2614=ORIENTED_EDGE('',*,*,#4579,.F.);
#2615=ORIENTED_EDGE('',*,*,#4596,.T.);
#2616=ORIENTED_EDGE('',*,*,#4484,.F.);
#2617=ORIENTED_EDGE('',*,*,#4599,.F.);
#2618=ORIENTED_EDGE('',*,*,#4541,.F.);
#2619=ORIENTED_EDGE('',*,*,#4600,.F.);
#2620=ORIENTED_EDGE('',*,*,#4597,.T.);
#2621=ORIENTED_EDGE('',*,*,#4601,.F.);
#2622=ORIENTED_EDGE('',*,*,#4598,.T.);
#2623=ORIENTED_EDGE('',*,*,#4573,.F.);
#2624=ORIENTED_EDGE('',*,*,#4602,.F.);
#2625=ORIENTED_EDGE('',*,*,#4502,.F.);
#2626=ORIENTED_EDGE('',*,*,#4599,.T.);
#2627=ORIENTED_EDGE('',*,*,#4503,.F.);
#2628=ORIENTED_EDGE('',*,*,#4603,.F.);
#2629=ORIENTED_EDGE('',*,*,#4542,.F.);
#2630=ORIENTED_EDGE('',*,*,#4601,.T.);
#2631=ORIENTED_EDGE('',*,*,#4536,.F.);
#2632=ORIENTED_EDGE('',*,*,#4604,.F.);
#2633=ORIENTED_EDGE('',*,*,#4526,.F.);
#2634=ORIENTED_EDGE('',*,*,#4600,.T.);
#2635=ORIENTED_EDGE('',*,*,#4525,.F.);
#2636=ORIENTED_EDGE('',*,*,#4605,.F.);
#2637=ORIENTED_EDGE('',*,*,#4560,.F.);
#2638=ORIENTED_EDGE('',*,*,#4603,.T.);
#2639=ORIENTED_EDGE('',*,*,#4602,.T.);
#2640=ORIENTED_EDGE('',*,*,#4606,.F.);
#2641=ORIENTED_EDGE('',*,*,#4604,.T.);
#2642=ORIENTED_EDGE('',*,*,#4535,.F.);
#2643=ORIENTED_EDGE('',*,*,#4607,.F.);
#2644=ORIENTED_EDGE('',*,*,#4488,.F.);
#2645=ORIENTED_EDGE('',*,*,#4605,.T.);
#2646=ORIENTED_EDGE('',*,*,#4523,.F.);
#2647=ORIENTED_EDGE('',*,*,#4608,.F.);
#2648=ORIENTED_EDGE('',*,*,#4561,.F.);
#2649=ORIENTED_EDGE('',*,*,#4606,.T.);
#2650=ORIENTED_EDGE('',*,*,#4572,.F.);
#2651=ORIENTED_EDGE('',*,*,#4609,.F.);
#2652=ORIENTED_EDGE('',*,*,#4543,.F.);
#2653=ORIENTED_EDGE('',*,*,#4607,.T.);
#2654=ORIENTED_EDGE('',*,*,#4534,.F.);
#2655=ORIENTED_EDGE('',*,*,#4610,.F.);
#2656=ORIENTED_EDGE('',*,*,#4519,.F.);
#2657=ORIENTED_EDGE('',*,*,#4608,.T.);
#2658=ORIENTED_EDGE('',*,*,#4520,.F.);
#2659=ORIENTED_EDGE('',*,*,#4611,.F.);
#2660=ORIENTED_EDGE('',*,*,#4562,.F.);
#2661=ORIENTED_EDGE('',*,*,#4612,.F.);
#2662=ORIENTED_EDGE('',*,*,#4609,.T.);
#2663=ORIENTED_EDGE('',*,*,#4613,.F.);
#2664=ORIENTED_EDGE('',*,*,#4611,.T.);
#2665=ORIENTED_EDGE('',*,*,#4610,.T.);
#2666=ORIENTED_EDGE('',*,*,#4614,.F.);
#2667=ORIENTED_EDGE('',*,*,#4613,.T.);
#2668=ORIENTED_EDGE('',*,*,#4571,.F.);
#2669=ORIENTED_EDGE('',*,*,#4615,.F.);
#2670=ORIENTED_EDGE('',*,*,#4506,.F.);
#2671=ORIENTED_EDGE('',*,*,#4612,.T.);
#2672=ORIENTED_EDGE('',*,*,#4505,.F.);
#2673=ORIENTED_EDGE('',*,*,#4616,.F.);
#2674=ORIENTED_EDGE('',*,*,#4544,.F.);
#2675=ORIENTED_EDGE('',*,*,#4614,.T.);
#2676=ORIENTED_EDGE('',*,*,#4533,.F.);
#2677=ORIENTED_EDGE('',*,*,#4617,.F.);
#2678=ORIENTED_EDGE('',*,*,#4563,.F.);
#2679=ORIENTED_EDGE('',*,*,#4615,.T.);
#2680=ORIENTED_EDGE('',*,*,#4570,.F.);
#2681=ORIENTED_EDGE('',*,*,#4618,.F.);
#2682=ORIENTED_EDGE('',*,*,#4581,.F.);
#2683=ORIENTED_EDGE('',*,*,#4616,.T.);
#2684=ORIENTED_EDGE('',*,*,#4496,.F.);
#2685=ORIENTED_EDGE('',*,*,#4619,.F.);
#2686=ORIENTED_EDGE('',*,*,#4545,.F.);
#2687=ORIENTED_EDGE('',*,*,#4620,.F.);
#2688=ORIENTED_EDGE('',*,*,#4617,.T.);
#2689=ORIENTED_EDGE('',*,*,#4621,.F.);
#2690=ORIENTED_EDGE('',*,*,#4618,.T.);
#2691=ORIENTED_EDGE('',*,*,#4569,.F.);
#2692=ORIENTED_EDGE('',*,*,#4622,.F.);
#2693=ORIENTED_EDGE('',*,*,#4508,.F.);
#2694=ORIENTED_EDGE('',*,*,#4619,.T.);
#2695=ORIENTED_EDGE('',*,*,#4509,.F.);
#2696=ORIENTED_EDGE('',*,*,#4623,.F.);
#2697=ORIENTED_EDGE('',*,*,#4546,.F.);
#2698=ORIENTED_EDGE('',*,*,#4621,.T.);
#2699=ORIENTED_EDGE('',*,*,#4532,.F.);
#2700=ORIENTED_EDGE('',*,*,#4624,.F.);
#2701=ORIENTED_EDGE('',*,*,#4518,.F.);
#2702=ORIENTED_EDGE('',*,*,#4620,.T.);
#2703=ORIENTED_EDGE('',*,*,#4517,.F.);
#2704=ORIENTED_EDGE('',*,*,#4625,.F.);
#2705=ORIENTED_EDGE('',*,*,#4564,.F.);
#2706=ORIENTED_EDGE('',*,*,#4623,.T.);
#2707=ORIENTED_EDGE('',*,*,#4622,.T.);
#2708=ORIENTED_EDGE('',*,*,#4626,.F.);
#2709=ORIENTED_EDGE('',*,*,#4624,.T.);
#2710=ORIENTED_EDGE('',*,*,#4531,.F.);
#2711=ORIENTED_EDGE('',*,*,#4627,.F.);
#2712=ORIENTED_EDGE('',*,*,#4492,.F.);
#2713=ORIENTED_EDGE('',*,*,#4625,.T.);
#2714=ORIENTED_EDGE('',*,*,#4515,.F.);
#2715=ORIENTED_EDGE('',*,*,#4628,.F.);
#2716=ORIENTED_EDGE('',*,*,#4565,.F.);
#2717=ORIENTED_EDGE('',*,*,#4480,.F.);
#2718=ORIENTED_EDGE('',*,*,#4555,.F.);
#2719=ORIENTED_EDGE('',*,*,#4629,.F.);
#2720=ORIENTED_EDGE('',*,*,#4567,.F.);
#2721=ORIENTED_EDGE('',*,*,#4626,.T.);
#2722=ORIENTED_EDGE('',*,*,#4568,.F.);
#2723=ORIENTED_EDGE('',*,*,#4630,.F.);
#2724=ORIENTED_EDGE('',*,*,#4527,.F.);
#2725=ORIENTED_EDGE('',*,*,#4627,.T.);
#2726=ORIENTED_EDGE('',*,*,#4530,.F.);
#2727=ORIENTED_EDGE('',*,*,#4631,.F.);
#2728=ORIENTED_EDGE('',*,*,#4511,.F.);
#2729=ORIENTED_EDGE('',*,*,#4628,.T.);
#2730=ORIENTED_EDGE('',*,*,#4512,.F.);
#2731=ORIENTED_EDGE('',*,*,#4632,.F.);
#2732=ORIENTED_EDGE('',*,*,#4566,.F.);
#2733=ORIENTED_EDGE('',*,*,#4630,.T.);
#2734=ORIENTED_EDGE('',*,*,#4629,.T.);
#2735=ORIENTED_EDGE('',*,*,#4633,.F.);
#2736=ORIENTED_EDGE('',*,*,#4632,.T.);
#2737=ORIENTED_EDGE('',*,*,#4631,.T.);
#2738=ORIENTED_EDGE('',*,*,#4634,.F.);
#2739=ORIENTED_EDGE('',*,*,#4633,.T.);
#2740=ORIENTED_EDGE('',*,*,#4554,.F.);
#2741=ORIENTED_EDGE('',*,*,#4635,.F.);
#2742=ORIENTED_EDGE('',*,*,#4528,.F.);
#2743=ORIENTED_EDGE('',*,*,#4634,.T.);
#2744=ORIENTED_EDGE('',*,*,#4529,.F.);
#2745=ORIENTED_EDGE('',*,*,#4636,.F.);
#2746=ORIENTED_EDGE('',*,*,#4556,.F.);
#2747=ORIENTED_EDGE('',*,*,#4636,.T.);
#2748=ORIENTED_EDGE('',*,*,#4635,.T.);
#2749=ORIENTED_EDGE('',*,*,#4637,.F.);
#2750=ORIENTED_EDGE('',*,*,#4478,.F.);
#2751=ORIENTED_EDGE('',*,*,#4557,.F.);
#2752=ORIENTED_EDGE('',*,*,#4637,.T.);
#2753=ORIENTED_EDGE('',*,*,#4553,.F.);
#2754=ORIENTED_EDGE('',*,*,#4638,.F.);
#2755=ORIENTED_EDGE('',*,*,#4639,.T.);
#2756=ORIENTED_EDGE('',*,*,#4473,.T.);
#2757=ORIENTED_EDGE('',*,*,#4640,.F.);
#2758=ORIENTED_EDGE('',*,*,#4472,.T.);
#2759=ORIENTED_EDGE('',*,*,#4641,.F.);
#2760=ORIENTED_EDGE('',*,*,#4642,.F.);
#2761=ORIENTED_EDGE('',*,*,#4640,.T.);
#2762=ORIENTED_EDGE('',*,*,#4471,.F.);
#2763=ORIENTED_EDGE('',*,*,#4643,.T.);
#2764=ORIENTED_EDGE('',*,*,#4644,.T.);
#2765=ORIENTED_EDGE('',*,*,#4641,.T.);
#2766=ORIENTED_EDGE('',*,*,#4644,.F.);
#2767=ORIENTED_EDGE('',*,*,#4645,.T.);
#2768=ORIENTED_EDGE('',*,*,#4638,.T.);
#2769=ORIENTED_EDGE('',*,*,#4642,.T.);
#2770=ORIENTED_EDGE('',*,*,#4645,.F.);
#2771=ORIENTED_EDGE('',*,*,#4646,.T.);
#2772=ORIENTED_EDGE('',*,*,#4547,.F.);
#2773=ORIENTED_EDGE('',*,*,#4647,.T.);
#2774=ORIENTED_EDGE('',*,*,#4646,.F.);
#2775=ORIENTED_EDGE('',*,*,#4643,.F.);
#2776=ORIENTED_EDGE('',*,*,#4470,.F.);
#2777=ORIENTED_EDGE('',*,*,#4548,.F.);
#2778=ORIENTED_EDGE('',*,*,#4647,.F.);
#2779=ORIENTED_EDGE('',*,*,#4552,.F.);
#2780=ORIENTED_EDGE('',*,*,#4474,.F.);
#2781=ORIENTED_EDGE('',*,*,#4639,.F.);
#2782=ORIENTED_EDGE('',*,*,#4648,.F.);
#2783=ORIENTED_EDGE('',*,*,#4649,.F.);
#2784=ORIENTED_EDGE('',*,*,#4650,.F.);
#2785=ORIENTED_EDGE('',*,*,#4651,.F.);
#2786=ORIENTED_EDGE('',*,*,#4652,.F.);
#2787=ORIENTED_EDGE('',*,*,#4653,.F.);
#2788=ORIENTED_EDGE('',*,*,#4654,.F.);
#2789=ORIENTED_EDGE('',*,*,#4655,.F.);
#2790=ORIENTED_EDGE('',*,*,#4656,.T.);
#2791=ORIENTED_EDGE('',*,*,#4657,.F.);
#2792=ORIENTED_EDGE('',*,*,#4658,.F.);
#2793=ORIENTED_EDGE('',*,*,#4659,.F.);
#2794=ORIENTED_EDGE('',*,*,#4660,.F.);
#2795=ORIENTED_EDGE('',*,*,#4661,.F.);
#2796=ORIENTED_EDGE('',*,*,#4662,.F.);
#2797=ORIENTED_EDGE('',*,*,#4663,.F.);
#2798=ORIENTED_EDGE('',*,*,#4664,.T.);
#2799=ORIENTED_EDGE('',*,*,#4665,.F.);
#2800=ORIENTED_EDGE('',*,*,#4666,.T.);
#2801=ORIENTED_EDGE('',*,*,#4667,.F.);
#2802=ORIENTED_EDGE('',*,*,#4668,.F.);
#2803=ORIENTED_EDGE('',*,*,#4656,.F.);
#2804=ORIENTED_EDGE('',*,*,#4669,.F.);
#2805=ORIENTED_EDGE('',*,*,#4670,.F.);
#2806=ORIENTED_EDGE('',*,*,#4671,.F.);
#2807=ORIENTED_EDGE('',*,*,#4672,.F.);
#2808=ORIENTED_EDGE('',*,*,#4673,.F.);
#2809=ORIENTED_EDGE('',*,*,#4674,.F.);
#2810=ORIENTED_EDGE('',*,*,#4675,.T.);
#2811=ORIENTED_EDGE('',*,*,#4676,.T.);
#2812=ORIENTED_EDGE('',*,*,#4677,.T.);
#2813=ORIENTED_EDGE('',*,*,#4678,.T.);
#2814=ORIENTED_EDGE('',*,*,#4679,.F.);
#2815=ORIENTED_EDGE('',*,*,#4680,.F.);
#2816=ORIENTED_EDGE('',*,*,#4666,.F.);
#2817=ORIENTED_EDGE('',*,*,#4681,.F.);
#2818=ORIENTED_EDGE('',*,*,#4682,.F.);
#2819=ORIENTED_EDGE('',*,*,#4683,.F.);
#2820=ORIENTED_EDGE('',*,*,#4684,.F.);
#2821=ORIENTED_EDGE('',*,*,#4685,.F.);
#2822=ORIENTED_EDGE('',*,*,#4686,.T.);
#2823=ORIENTED_EDGE('',*,*,#4687,.F.);
#2824=ORIENTED_EDGE('',*,*,#4688,.T.);
#2825=ORIENTED_EDGE('',*,*,#4689,.F.);
#2826=ORIENTED_EDGE('',*,*,#4690,.F.);
#2827=ORIENTED_EDGE('',*,*,#4691,.F.);
#2828=ORIENTED_EDGE('',*,*,#4692,.T.);
#2829=ORIENTED_EDGE('',*,*,#4693,.F.);
#2830=ORIENTED_EDGE('',*,*,#4694,.T.);
#2831=ORIENTED_EDGE('',*,*,#4695,.F.);
#2832=ORIENTED_EDGE('',*,*,#4696,.F.);
#2833=ORIENTED_EDGE('',*,*,#4697,.F.);
#2834=ORIENTED_EDGE('',*,*,#4698,.F.);
#2835=ORIENTED_EDGE('',*,*,#4699,.F.);
#2836=ORIENTED_EDGE('',*,*,#4700,.F.);
#2837=ORIENTED_EDGE('',*,*,#4701,.F.);
#2838=ORIENTED_EDGE('',*,*,#4702,.F.);
#2839=ORIENTED_EDGE('',*,*,#4696,.T.);
#2840=ORIENTED_EDGE('',*,*,#4703,.F.);
#2841=ORIENTED_EDGE('',*,*,#4704,.T.);
#2842=ORIENTED_EDGE('',*,*,#4705,.F.);
#2843=ORIENTED_EDGE('',*,*,#4706,.F.);
#2844=ORIENTED_EDGE('',*,*,#4707,.F.);
#2845=ORIENTED_EDGE('',*,*,#4708,.F.);
#2846=ORIENTED_EDGE('',*,*,#4709,.F.);
#2847=ORIENTED_EDGE('',*,*,#4710,.T.);
#2848=ORIENTED_EDGE('',*,*,#4711,.F.);
#2849=ORIENTED_EDGE('',*,*,#4712,.T.);
#2850=ORIENTED_EDGE('',*,*,#4713,.F.);
#2851=ORIENTED_EDGE('',*,*,#4704,.F.);
#2852=ORIENTED_EDGE('',*,*,#4714,.F.);
#2853=ORIENTED_EDGE('',*,*,#4715,.F.);
#2854=ORIENTED_EDGE('',*,*,#4716,.F.);
#2855=ORIENTED_EDGE('',*,*,#4717,.T.);
#2856=ORIENTED_EDGE('',*,*,#4718,.F.);
#2857=ORIENTED_EDGE('',*,*,#4719,.T.);
#2858=ORIENTED_EDGE('',*,*,#4720,.F.);
#2859=ORIENTED_EDGE('',*,*,#4721,.F.);
#2860=ORIENTED_EDGE('',*,*,#4722,.F.);
#2861=ORIENTED_EDGE('',*,*,#4723,.F.);
#2862=ORIENTED_EDGE('',*,*,#4724,.F.);
#2863=ORIENTED_EDGE('',*,*,#4725,.T.);
#2864=ORIENTED_EDGE('',*,*,#4726,.F.);
#2865=ORIENTED_EDGE('',*,*,#4727,.T.);
#2866=ORIENTED_EDGE('',*,*,#4728,.F.);
#2867=ORIENTED_EDGE('',*,*,#4664,.F.);
#2868=ORIENTED_EDGE('',*,*,#4729,.F.);
#2869=ORIENTED_EDGE('',*,*,#4730,.T.);
#2870=ORIENTED_EDGE('',*,*,#4731,.F.);
#2871=ORIENTED_EDGE('',*,*,#4732,.F.);
#2872=ORIENTED_EDGE('',*,*,#4715,.T.);
#2873=ORIENTED_EDGE('',*,*,#4733,.F.);
#2874=ORIENTED_EDGE('',*,*,#4694,.F.);
#2875=ORIENTED_EDGE('',*,*,#4734,.F.);
#2876=ORIENTED_EDGE('',*,*,#4692,.F.);
#2877=ORIENTED_EDGE('',*,*,#4735,.F.);
#2878=ORIENTED_EDGE('',*,*,#4717,.F.);
#2879=ORIENTED_EDGE('',*,*,#4736,.F.);
#2880=ORIENTED_EDGE('',*,*,#4719,.F.);
#2881=ORIENTED_EDGE('',*,*,#4737,.F.);
#2882=ORIENTED_EDGE('',*,*,#4690,.T.);
#2883=ORIENTED_EDGE('',*,*,#4738,.F.);
#2884=ORIENTED_EDGE('',*,*,#4682,.T.);
#2885=ORIENTED_EDGE('',*,*,#4739,.F.);
#2886=ORIENTED_EDGE('',*,*,#4727,.F.);
#2887=ORIENTED_EDGE('',*,*,#4740,.F.);
#2888=ORIENTED_EDGE('',*,*,#4723,.T.);
#2889=ORIENTED_EDGE('',*,*,#4741,.F.);
#2890=ORIENTED_EDGE('',*,*,#4686,.F.);
#2891=ORIENTED_EDGE('',*,*,#4742,.F.);
#2892=ORIENTED_EDGE('',*,*,#4684,.T.);
#2893=ORIENTED_EDGE('',*,*,#4743,.F.);
#2894=ORIENTED_EDGE('',*,*,#4725,.F.);
#2895=ORIENTED_EDGE('',*,*,#4744,.F.);
#2896=ORIENTED_EDGE('',*,*,#4721,.T.);
#2897=ORIENTED_EDGE('',*,*,#4745,.F.);
#2898=ORIENTED_EDGE('',*,*,#4688,.F.);
#2899=ORIENTED_EDGE('',*,*,#4746,.F.);
#2900=ORIENTED_EDGE('',*,*,#4698,.T.);
#2901=ORIENTED_EDGE('',*,*,#4747,.F.);
#2902=ORIENTED_EDGE('',*,*,#4712,.F.);
#2903=ORIENTED_EDGE('',*,*,#4748,.F.);
#2904=ORIENTED_EDGE('',*,*,#4710,.F.);
#2905=ORIENTED_EDGE('',*,*,#4749,.F.);
#2906=ORIENTED_EDGE('',*,*,#4750,.T.);
#2907=ORIENTED_EDGE('',*,*,#4751,.F.);
#2908=ORIENTED_EDGE('',*,*,#4700,.T.);
#2909=ORIENTED_EDGE('',*,*,#4752,.F.);
#2910=ORIENTED_EDGE('',*,*,#4753,.F.);
#2911=ORIENTED_EDGE('',*,*,#4754,.F.);
#2912=ORIENTED_EDGE('',*,*,#4750,.F.);
#2913=ORIENTED_EDGE('',*,*,#4755,.F.);
#2914=ORIENTED_EDGE('',*,*,#4756,.F.);
#2915=ORIENTED_EDGE('',*,*,#4757,.F.);
#2916=ORIENTED_EDGE('',*,*,#4758,.F.);
#2917=ORIENTED_EDGE('',*,*,#4759,.F.);
#2918=ORIENTED_EDGE('',*,*,#4760,.F.);
#2919=ORIENTED_EDGE('',*,*,#4761,.F.);
#2920=ORIENTED_EDGE('',*,*,#4762,.F.);
#2921=ORIENTED_EDGE('',*,*,#4763,.F.);
#2922=ORIENTED_EDGE('',*,*,#4764,.F.);
#2923=ORIENTED_EDGE('',*,*,#4765,.F.);
#2924=ORIENTED_EDGE('',*,*,#4766,.F.);
#2925=ORIENTED_EDGE('',*,*,#4767,.F.);
#2926=ORIENTED_EDGE('',*,*,#4768,.F.);
#2927=ORIENTED_EDGE('',*,*,#4769,.F.);
#2928=ORIENTED_EDGE('',*,*,#4770,.F.);
#2929=ORIENTED_EDGE('',*,*,#4771,.F.);
#2930=ORIENTED_EDGE('',*,*,#4772,.F.);
#2931=ORIENTED_EDGE('',*,*,#4765,.T.);
#2932=ORIENTED_EDGE('',*,*,#4773,.F.);
#2933=ORIENTED_EDGE('',*,*,#4654,.T.);
#2934=ORIENTED_EDGE('',*,*,#4774,.F.);
#2935=ORIENTED_EDGE('',*,*,#4660,.T.);
#2936=ORIENTED_EDGE('',*,*,#4775,.F.);
#2937=ORIENTED_EDGE('',*,*,#4662,.T.);
#2938=ORIENTED_EDGE('',*,*,#4776,.F.);
#2939=ORIENTED_EDGE('',*,*,#4658,.T.);
#2940=ORIENTED_EDGE('',*,*,#4777,.F.);
#2941=ORIENTED_EDGE('',*,*,#4762,.T.);
#2942=ORIENTED_EDGE('',*,*,#4778,.F.);
#2943=ORIENTED_EDGE('',*,*,#4779,.F.);
#2944=ORIENTED_EDGE('',*,*,#4711,.T.);
#2945=ORIENTED_EDGE('',*,*,#4752,.T.);
#2946=ORIENTED_EDGE('',*,*,#4699,.T.);
#2947=ORIENTED_EDGE('',*,*,#4748,.T.);
#2948=ORIENTED_EDGE('',*,*,#4713,.T.);
#2949=ORIENTED_EDGE('',*,*,#4747,.T.);
#2950=ORIENTED_EDGE('',*,*,#4697,.T.);
#2951=ORIENTED_EDGE('',*,*,#4705,.T.);
#2952=ORIENTED_EDGE('',*,*,#4724,.T.);
#2953=ORIENTED_EDGE('',*,*,#4742,.T.);
#2954=ORIENTED_EDGE('',*,*,#4685,.T.);
#2955=ORIENTED_EDGE('',*,*,#4744,.T.);
#2956=ORIENTED_EDGE('',*,*,#4722,.T.);
#2957=ORIENTED_EDGE('',*,*,#4746,.T.);
#2958=ORIENTED_EDGE('',*,*,#4687,.T.);
#2959=ORIENTED_EDGE('',*,*,#4741,.T.);
#2960=ORIENTED_EDGE('',*,*,#4726,.T.);
#2961=ORIENTED_EDGE('',*,*,#4743,.T.);
#2962=ORIENTED_EDGE('',*,*,#4683,.T.);
#2963=ORIENTED_EDGE('',*,*,#4740,.T.);
#2964=ORIENTED_EDGE('',*,*,#4720,.T.);
#2965=ORIENTED_EDGE('',*,*,#4738,.T.);
#2966=ORIENTED_EDGE('',*,*,#4689,.T.);
#2967=ORIENTED_EDGE('',*,*,#4745,.T.);
#2968=ORIENTED_EDGE('',*,*,#4693,.T.);
#2969=ORIENTED_EDGE('',*,*,#4736,.T.);
#2970=ORIENTED_EDGE('',*,*,#4716,.T.);
#2971=ORIENTED_EDGE('',*,*,#4734,.T.);
#2972=ORIENTED_EDGE('',*,*,#4695,.T.);
#2973=ORIENTED_EDGE('',*,*,#4733,.T.);
#2974=ORIENTED_EDGE('',*,*,#4714,.T.);
#2975=ORIENTED_EDGE('',*,*,#4703,.T.);
#2976=ORIENTED_EDGE('',*,*,#4691,.T.);
#2977=ORIENTED_EDGE('',*,*,#4737,.T.);
#2978=ORIENTED_EDGE('',*,*,#4718,.T.);
#2979=ORIENTED_EDGE('',*,*,#4735,.T.);
#2980=ORIENTED_EDGE('',*,*,#4681,.T.);
#2981=ORIENTED_EDGE('',*,*,#4665,.T.);
#2982=ORIENTED_EDGE('',*,*,#4728,.T.);
#2983=ORIENTED_EDGE('',*,*,#4739,.T.);
#2984=ORIENTED_EDGE('',*,*,#4780,.F.);
#2985=ORIENTED_EDGE('',*,*,#4652,.T.);
#2986=ORIENTED_EDGE('',*,*,#4651,.T.);
#2987=ORIENTED_EDGE('',*,*,#4650,.T.);
#2988=ORIENTED_EDGE('',*,*,#4781,.F.);
#2989=ORIENTED_EDGE('',*,*,#4782,.F.);
#2990=ORIENTED_EDGE('',*,*,#4753,.T.);
#2991=ORIENTED_EDGE('',*,*,#4783,.F.);
#2992=ORIENTED_EDGE('',*,*,#4730,.F.);
#2993=ORIENTED_EDGE('',*,*,#4784,.F.);
#2994=ORIENTED_EDGE('',*,*,#4770,.T.);
#2995=ORIENTED_EDGE('',*,*,#4785,.F.);
#2996=ORIENTED_EDGE('',*,*,#4786,.F.);
#2997=ORIENTED_EDGE('',*,*,#4787,.F.);
#2998=ORIENTED_EDGE('',*,*,#4788,.F.);
#2999=ORIENTED_EDGE('',*,*,#4789,.F.);
#3000=ORIENTED_EDGE('',*,*,#4757,.T.);
#3001=ORIENTED_EDGE('',*,*,#4790,.F.);
#3002=ORIENTED_EDGE('',*,*,#4679,.T.);
#3003=ORIENTED_EDGE('',*,*,#4791,.F.);
#3004=ORIENTED_EDGE('',*,*,#4792,.F.);
#3005=ORIENTED_EDGE('',*,*,#4793,.F.);
#3006=ORIENTED_EDGE('',*,*,#4794,.F.);
#3007=ORIENTED_EDGE('',*,*,#4795,.F.);
#3008=ORIENTED_EDGE('',*,*,#4648,.T.);
#3009=ORIENTED_EDGE('',*,*,#4796,.F.);
#3010=ORIENTED_EDGE('',*,*,#4749,.T.);
#3011=ORIENTED_EDGE('',*,*,#4732,.T.);
#3012=ORIENTED_EDGE('',*,*,#4797,.T.);
#3013=ORIENTED_EDGE('',*,*,#4755,.T.);
#3014=ORIENTED_EDGE('',*,*,#4751,.T.);
#3015=ORIENTED_EDGE('',*,*,#4754,.T.);
#3016=ORIENTED_EDGE('',*,*,#4798,.T.);
#3017=ORIENTED_EDGE('',*,*,#4701,.T.);
#3018=ORIENTED_EDGE('',*,*,#4797,.F.);
#3019=ORIENTED_EDGE('',*,*,#4731,.T.);
#3020=ORIENTED_EDGE('',*,*,#4788,.T.);
#3021=ORIENTED_EDGE('',*,*,#4799,.T.);
#3022=ORIENTED_EDGE('',*,*,#4783,.T.);
#3023=ORIENTED_EDGE('',*,*,#4702,.T.);
#3024=ORIENTED_EDGE('',*,*,#4798,.F.);
#3025=ORIENTED_EDGE('',*,*,#4782,.T.);
#3026=ORIENTED_EDGE('',*,*,#4800,.T.);
#3027=ORIENTED_EDGE('',*,*,#4791,.T.);
#3028=ORIENTED_EDGE('',*,*,#4780,.T.);
#3029=ORIENTED_EDGE('',*,*,#4799,.F.);
#3030=ORIENTED_EDGE('',*,*,#4787,.T.);
#3031=ORIENTED_EDGE('',*,*,#4786,.T.);
#3032=ORIENTED_EDGE('',*,*,#4801,.T.);
#3033=ORIENTED_EDGE('',*,*,#4792,.T.);
#3034=ORIENTED_EDGE('',*,*,#4800,.F.);
#3035=ORIENTED_EDGE('',*,*,#4781,.T.);
#3036=ORIENTED_EDGE('',*,*,#4802,.T.);
#3037=ORIENTED_EDGE('',*,*,#4793,.T.);
#3038=ORIENTED_EDGE('',*,*,#4801,.F.);
#3039=ORIENTED_EDGE('',*,*,#4785,.T.);
#3040=ORIENTED_EDGE('',*,*,#4769,.T.);
#3041=ORIENTED_EDGE('',*,*,#4803,.T.);
#3042=ORIENTED_EDGE('',*,*,#4653,.T.);
#3043=ORIENTED_EDGE('',*,*,#4804,.T.);
#3044=ORIENTED_EDGE('',*,*,#4766,.T.);
#3045=ORIENTED_EDGE('',*,*,#4772,.T.);
#3046=ORIENTED_EDGE('',*,*,#4805,.F.);
#3047=ORIENTED_EDGE('',*,*,#4806,.F.);
#3048=ORIENTED_EDGE('',*,*,#4807,.F.);
#3049=ORIENTED_EDGE('',*,*,#4778,.T.);
#3050=ORIENTED_EDGE('',*,*,#4761,.T.);
#3051=ORIENTED_EDGE('',*,*,#4808,.T.);
#3052=ORIENTED_EDGE('',*,*,#4809,.F.);
#3053=ORIENTED_EDGE('',*,*,#4789,.T.);
#3054=ORIENTED_EDGE('',*,*,#4802,.F.);
#3055=ORIENTED_EDGE('',*,*,#4649,.T.);
#3056=ORIENTED_EDGE('',*,*,#4810,.T.);
#3057=ORIENTED_EDGE('',*,*,#4758,.T.);
#3058=ORIENTED_EDGE('',*,*,#4803,.F.);
#3059=ORIENTED_EDGE('',*,*,#4768,.T.);
#3060=ORIENTED_EDGE('',*,*,#4811,.T.);
#3061=ORIENTED_EDGE('',*,*,#4796,.T.);
#3062=ORIENTED_EDGE('',*,*,#4673,.T.);
#3063=ORIENTED_EDGE('',*,*,#4812,.T.);
#3064=ORIENTED_EDGE('',*,*,#4767,.T.);
#3065=ORIENTED_EDGE('',*,*,#4804,.F.);
#3066=ORIENTED_EDGE('',*,*,#4813,.F.);
#3067=ORIENTED_EDGE('',*,*,#4808,.F.);
#3068=ORIENTED_EDGE('',*,*,#4760,.T.);
#3069=ORIENTED_EDGE('',*,*,#4814,.T.);
#3070=ORIENTED_EDGE('',*,*,#4671,.T.);
#3071=ORIENTED_EDGE('',*,*,#4815,.F.);
#3072=ORIENTED_EDGE('',*,*,#4810,.F.);
#3073=ORIENTED_EDGE('',*,*,#4795,.T.);
#3074=ORIENTED_EDGE('',*,*,#4816,.T.);
#3075=ORIENTED_EDGE('',*,*,#4759,.T.);
#3076=ORIENTED_EDGE('',*,*,#4812,.F.);
#3077=ORIENTED_EDGE('',*,*,#4817,.T.);
#3078=ORIENTED_EDGE('',*,*,#4811,.F.);
#3079=ORIENTED_EDGE('',*,*,#4816,.F.);
#3080=ORIENTED_EDGE('',*,*,#4818,.T.);
#3081=ORIENTED_EDGE('',*,*,#4814,.F.);
#3082=ORIENTED_EDGE('',*,*,#4817,.F.);
#3083=ORIENTED_EDGE('',*,*,#4672,.T.);
#3084=ORIENTED_EDGE('',*,*,#4818,.F.);
#3085=ORIENTED_EDGE('',*,*,#4794,.T.);
#3086=ORIENTED_EDGE('',*,*,#4773,.T.);
#3087=ORIENTED_EDGE('',*,*,#4764,.T.);
#3088=ORIENTED_EDGE('',*,*,#4819,.T.);
#3089=ORIENTED_EDGE('',*,*,#4655,.T.);
#3090=ORIENTED_EDGE('',*,*,#4819,.F.);
#3091=ORIENTED_EDGE('',*,*,#4771,.T.);
#3092=ORIENTED_EDGE('',*,*,#4820,.T.);
#3093=ORIENTED_EDGE('',*,*,#4669,.T.);
#3094=ORIENTED_EDGE('',*,*,#4729,.T.);
#3095=ORIENTED_EDGE('',*,*,#4670,.T.);
#3096=ORIENTED_EDGE('',*,*,#4820,.F.);
#3097=ORIENTED_EDGE('',*,*,#4784,.T.);
#3098=ORIENTED_EDGE('',*,*,#4680,.T.);
#3099=ORIENTED_EDGE('',*,*,#4790,.T.);
#3100=ORIENTED_EDGE('',*,*,#4821,.T.);
#3101=ORIENTED_EDGE('',*,*,#4667,.T.);
#3102=ORIENTED_EDGE('',*,*,#4821,.F.);
#3103=ORIENTED_EDGE('',*,*,#4756,.T.);
#3104=ORIENTED_EDGE('',*,*,#4822,.T.);
#3105=ORIENTED_EDGE('',*,*,#4668,.T.);
#3106=ORIENTED_EDGE('',*,*,#4822,.F.);
#3107=ORIENTED_EDGE('',*,*,#4763,.T.);
#3108=ORIENTED_EDGE('',*,*,#4777,.T.);
#3109=ORIENTED_EDGE('',*,*,#4657,.T.);
#3110=ORIENTED_EDGE('',*,*,#4805,.T.);
#3111=ORIENTED_EDGE('',*,*,#4775,.T.);
#3112=ORIENTED_EDGE('',*,*,#4663,.T.);
#3113=ORIENTED_EDGE('',*,*,#4779,.T.);
#3114=ORIENTED_EDGE('',*,*,#4807,.T.);
#3115=ORIENTED_EDGE('',*,*,#4823,.F.);
#3116=ORIENTED_EDGE('',*,*,#4774,.T.);
#3117=ORIENTED_EDGE('',*,*,#4659,.T.);
#3118=ORIENTED_EDGE('',*,*,#4776,.T.);
#3119=ORIENTED_EDGE('',*,*,#4661,.T.);
#3120=ORIENTED_EDGE('',*,*,#4813,.T.);
#3121=ORIENTED_EDGE('',*,*,#4806,.T.);
#3122=ORIENTED_EDGE('',*,*,#4823,.T.);
#3123=ORIENTED_EDGE('',*,*,#4809,.T.);
#3124=ORIENTED_EDGE('',*,*,#4815,.T.);
#3125=ORIENTED_EDGE('',*,*,#4674,.T.);
#3126=ORIENTED_EDGE('',*,*,#4678,.F.);
#3127=ORIENTED_EDGE('',*,*,#4709,.T.);
#3128=ORIENTED_EDGE('',*,*,#4677,.F.);
#3129=ORIENTED_EDGE('',*,*,#4708,.T.);
#3130=ORIENTED_EDGE('',*,*,#4676,.F.);
#3131=ORIENTED_EDGE('',*,*,#4707,.T.);
#3132=ORIENTED_EDGE('',*,*,#4675,.F.);
#3133=ORIENTED_EDGE('',*,*,#4706,.T.);
#3134=ORIENTED_EDGE('',*,*,#4824,.T.);
#3135=ORIENTED_EDGE('',*,*,#4825,.T.);
#3136=ORIENTED_EDGE('',*,*,#4826,.T.);
#3137=ORIENTED_EDGE('',*,*,#4827,.T.);
#3138=ORIENTED_EDGE('',*,*,#4828,.T.);
#3139=ORIENTED_EDGE('',*,*,#4829,.T.);
#3140=ORIENTED_EDGE('',*,*,#4830,.T.);
#3141=ORIENTED_EDGE('',*,*,#4831,.T.);
#3142=ORIENTED_EDGE('',*,*,#4832,.T.);
#3143=ORIENTED_EDGE('',*,*,#4833,.T.);
#3144=ORIENTED_EDGE('',*,*,#4834,.F.);
#3145=ORIENTED_EDGE('',*,*,#4835,.T.);
#3146=ORIENTED_EDGE('',*,*,#4836,.T.);
#3147=ORIENTED_EDGE('',*,*,#4837,.T.);
#3148=ORIENTED_EDGE('',*,*,#4838,.T.);
#3149=ORIENTED_EDGE('',*,*,#4839,.T.);
#3150=ORIENTED_EDGE('',*,*,#4840,.F.);
#3151=ORIENTED_EDGE('',*,*,#4841,.T.);
#3152=ORIENTED_EDGE('',*,*,#4842,.T.);
#3153=ORIENTED_EDGE('',*,*,#4834,.T.);
#3154=ORIENTED_EDGE('',*,*,#4843,.T.);
#3155=ORIENTED_EDGE('',*,*,#4844,.T.);
#3156=ORIENTED_EDGE('',*,*,#4845,.F.);
#3157=ORIENTED_EDGE('',*,*,#4846,.T.);
#3158=ORIENTED_EDGE('',*,*,#4847,.T.);
#3159=ORIENTED_EDGE('',*,*,#4848,.T.);
#3160=ORIENTED_EDGE('',*,*,#4849,.T.);
#3161=ORIENTED_EDGE('',*,*,#4850,.T.);
#3162=ORIENTED_EDGE('',*,*,#4851,.F.);
#3163=ORIENTED_EDGE('',*,*,#4852,.F.);
#3164=ORIENTED_EDGE('',*,*,#4853,.F.);
#3165=ORIENTED_EDGE('',*,*,#4854,.F.);
#3166=ORIENTED_EDGE('',*,*,#4855,.T.);
#3167=ORIENTED_EDGE('',*,*,#4856,.T.);
#3168=ORIENTED_EDGE('',*,*,#4857,.T.);
#3169=ORIENTED_EDGE('',*,*,#4858,.T.);
#3170=ORIENTED_EDGE('',*,*,#4859,.T.);
#3171=ORIENTED_EDGE('',*,*,#4860,.T.);
#3172=ORIENTED_EDGE('',*,*,#4861,.T.);
#3173=ORIENTED_EDGE('',*,*,#4862,.T.);
#3174=ORIENTED_EDGE('',*,*,#4863,.T.);
#3175=ORIENTED_EDGE('',*,*,#4864,.F.);
#3176=ORIENTED_EDGE('',*,*,#4865,.T.);
#3177=ORIENTED_EDGE('',*,*,#4866,.F.);
#3178=ORIENTED_EDGE('',*,*,#4867,.T.);
#3179=ORIENTED_EDGE('',*,*,#4868,.T.);
#3180=ORIENTED_EDGE('',*,*,#4869,.T.);
#3181=ORIENTED_EDGE('',*,*,#4870,.F.);
#3182=ORIENTED_EDGE('',*,*,#4871,.T.);
#3183=ORIENTED_EDGE('',*,*,#4872,.F.);
#3184=ORIENTED_EDGE('',*,*,#4873,.T.);
#3185=ORIENTED_EDGE('',*,*,#4874,.T.);
#3186=ORIENTED_EDGE('',*,*,#4875,.T.);
#3187=ORIENTED_EDGE('',*,*,#4876,.T.);
#3188=ORIENTED_EDGE('',*,*,#4877,.T.);
#3189=ORIENTED_EDGE('',*,*,#4845,.T.);
#3190=ORIENTED_EDGE('',*,*,#4878,.T.);
#3191=ORIENTED_EDGE('',*,*,#4862,.F.);
#3192=ORIENTED_EDGE('',*,*,#4879,.T.);
#3193=ORIENTED_EDGE('',*,*,#4880,.F.);
#3194=ORIENTED_EDGE('',*,*,#4881,.T.);
#3195=ORIENTED_EDGE('',*,*,#4882,.T.);
#3196=ORIENTED_EDGE('',*,*,#4883,.T.);
#3197=ORIENTED_EDGE('',*,*,#4884,.T.);
#3198=ORIENTED_EDGE('',*,*,#4885,.T.);
#3199=ORIENTED_EDGE('',*,*,#4886,.F.);
#3200=ORIENTED_EDGE('',*,*,#4887,.T.);
#3201=ORIENTED_EDGE('',*,*,#4888,.T.);
#3202=ORIENTED_EDGE('',*,*,#4889,.F.);
#3203=ORIENTED_EDGE('',*,*,#4890,.T.);
#3204=ORIENTED_EDGE('',*,*,#4840,.T.);
#3205=ORIENTED_EDGE('',*,*,#4891,.T.);
#3206=ORIENTED_EDGE('',*,*,#4892,.F.);
#3207=ORIENTED_EDGE('',*,*,#4893,.T.);
#3208=ORIENTED_EDGE('',*,*,#4894,.F.);
#3209=ORIENTED_EDGE('',*,*,#4895,.T.);
#3210=ORIENTED_EDGE('',*,*,#4896,.T.);
#3211=ORIENTED_EDGE('',*,*,#4897,.T.);
#3212=ORIENTED_EDGE('',*,*,#4898,.T.);
#3213=ORIENTED_EDGE('',*,*,#4899,.T.);
#3214=ORIENTED_EDGE('',*,*,#4900,.F.);
#3215=ORIENTED_EDGE('',*,*,#4901,.T.);
#3216=ORIENTED_EDGE('',*,*,#4902,.F.);
#3217=ORIENTED_EDGE('',*,*,#4903,.T.);
#3218=ORIENTED_EDGE('',*,*,#4904,.T.);
#3219=ORIENTED_EDGE('',*,*,#4905,.T.);
#3220=ORIENTED_EDGE('',*,*,#4880,.T.);
#3221=ORIENTED_EDGE('',*,*,#4906,.T.);
#3222=ORIENTED_EDGE('',*,*,#4907,.F.);
#3223=ORIENTED_EDGE('',*,*,#4908,.T.);
#3224=ORIENTED_EDGE('',*,*,#4904,.F.);
#3225=ORIENTED_EDGE('',*,*,#4909,.T.);
#3226=ORIENTED_EDGE('',*,*,#4864,.T.);
#3227=ORIENTED_EDGE('',*,*,#4910,.T.);
#3228=ORIENTED_EDGE('',*,*,#4866,.T.);
#3229=ORIENTED_EDGE('',*,*,#4911,.T.);
#3230=ORIENTED_EDGE('',*,*,#4902,.T.);
#3231=ORIENTED_EDGE('',*,*,#4912,.T.);
#3232=ORIENTED_EDGE('',*,*,#4900,.T.);
#3233=ORIENTED_EDGE('',*,*,#4913,.T.);
#3234=ORIENTED_EDGE('',*,*,#4868,.F.);
#3235=ORIENTED_EDGE('',*,*,#4914,.T.);
#3236=ORIENTED_EDGE('',*,*,#4876,.F.);
#3237=ORIENTED_EDGE('',*,*,#4915,.T.);
#3238=ORIENTED_EDGE('',*,*,#4892,.T.);
#3239=ORIENTED_EDGE('',*,*,#4916,.T.);
#3240=ORIENTED_EDGE('',*,*,#4896,.F.);
#3241=ORIENTED_EDGE('',*,*,#4917,.T.);
#3242=ORIENTED_EDGE('',*,*,#4872,.T.);
#3243=ORIENTED_EDGE('',*,*,#4918,.T.);
#3244=ORIENTED_EDGE('',*,*,#4874,.F.);
#3245=ORIENTED_EDGE('',*,*,#4919,.T.);
#3246=ORIENTED_EDGE('',*,*,#4894,.T.);
#3247=ORIENTED_EDGE('',*,*,#4920,.T.);
#3248=ORIENTED_EDGE('',*,*,#4898,.F.);
#3249=ORIENTED_EDGE('',*,*,#4921,.T.);
#3250=ORIENTED_EDGE('',*,*,#4870,.T.);
#3251=ORIENTED_EDGE('',*,*,#4922,.T.);
#3252=ORIENTED_EDGE('',*,*,#4860,.F.);
#3253=ORIENTED_EDGE('',*,*,#4923,.T.);
#3254=ORIENTED_EDGE('',*,*,#4907,.T.);
#3255=ORIENTED_EDGE('',*,*,#4924,.T.);
#3256=ORIENTED_EDGE('',*,*,#4886,.T.);
#3257=ORIENTED_EDGE('',*,*,#4925,.T.);
#3258=ORIENTED_EDGE('',*,*,#4858,.F.);
#3259=ORIENTED_EDGE('',*,*,#4926,.T.);
#3260=ORIENTED_EDGE('',*,*,#4927,.F.);
#3261=ORIENTED_EDGE('',*,*,#4928,.T.);
#3262=ORIENTED_EDGE('',*,*,#4929,.T.);
#3263=ORIENTED_EDGE('',*,*,#4930,.T.);
#3264=ORIENTED_EDGE('',*,*,#4927,.T.);
#3265=ORIENTED_EDGE('',*,*,#4931,.T.);
#3266=ORIENTED_EDGE('',*,*,#4932,.T.);
#3267=ORIENTED_EDGE('',*,*,#4933,.T.);
#3268=ORIENTED_EDGE('',*,*,#4934,.T.);
#3269=ORIENTED_EDGE('',*,*,#4935,.T.);
#3270=ORIENTED_EDGE('',*,*,#4936,.T.);
#3271=ORIENTED_EDGE('',*,*,#4937,.T.);
#3272=ORIENTED_EDGE('',*,*,#4938,.T.);
#3273=ORIENTED_EDGE('',*,*,#4939,.T.);
#3274=ORIENTED_EDGE('',*,*,#4940,.T.);
#3275=ORIENTED_EDGE('',*,*,#4941,.T.);
#3276=ORIENTED_EDGE('',*,*,#4942,.T.);
#3277=ORIENTED_EDGE('',*,*,#4943,.T.);
#3278=ORIENTED_EDGE('',*,*,#4944,.T.);
#3279=ORIENTED_EDGE('',*,*,#4945,.T.);
#3280=ORIENTED_EDGE('',*,*,#4946,.T.);
#3281=ORIENTED_EDGE('',*,*,#4947,.T.);
#3282=ORIENTED_EDGE('',*,*,#4948,.T.);
#3283=ORIENTED_EDGE('',*,*,#4949,.T.);
#3284=ORIENTED_EDGE('',*,*,#4836,.F.);
#3285=ORIENTED_EDGE('',*,*,#4950,.T.);
#3286=ORIENTED_EDGE('',*,*,#4830,.F.);
#3287=ORIENTED_EDGE('',*,*,#4951,.T.);
#3288=ORIENTED_EDGE('',*,*,#4947,.F.);
#3289=ORIENTED_EDGE('',*,*,#4838,.F.);
#3290=ORIENTED_EDGE('',*,*,#4952,.T.);
#3291=ORIENTED_EDGE('',*,*,#4953,.T.);
#3292=ORIENTED_EDGE('',*,*,#4934,.F.);
#3293=ORIENTED_EDGE('',*,*,#4954,.T.);
#3294=ORIENTED_EDGE('',*,*,#4832,.F.);
#3295=ORIENTED_EDGE('',*,*,#4955,.T.);
#3296=ORIENTED_EDGE('',*,*,#4908,.F.);
#3297=ORIENTED_EDGE('',*,*,#4923,.F.);
#3298=ORIENTED_EDGE('',*,*,#4859,.F.);
#3299=ORIENTED_EDGE('',*,*,#4925,.F.);
#3300=ORIENTED_EDGE('',*,*,#4906,.F.);
#3301=ORIENTED_EDGE('',*,*,#4879,.F.);
#3302=ORIENTED_EDGE('',*,*,#4861,.F.);
#3303=ORIENTED_EDGE('',*,*,#4924,.F.);
#3304=ORIENTED_EDGE('',*,*,#4895,.F.);
#3305=ORIENTED_EDGE('',*,*,#4919,.F.);
#3306=ORIENTED_EDGE('',*,*,#4873,.F.);
#3307=ORIENTED_EDGE('',*,*,#4917,.F.);
#3308=ORIENTED_EDGE('',*,*,#4897,.F.);
#3309=ORIENTED_EDGE('',*,*,#4918,.F.);
#3310=ORIENTED_EDGE('',*,*,#4871,.F.);
#3311=ORIENTED_EDGE('',*,*,#4921,.F.);
#3312=ORIENTED_EDGE('',*,*,#4893,.F.);
#3313=ORIENTED_EDGE('',*,*,#4915,.F.);
#3314=ORIENTED_EDGE('',*,*,#4875,.F.);
#3315=ORIENTED_EDGE('',*,*,#4920,.F.);
#3316=ORIENTED_EDGE('',*,*,#4899,.F.);
#3317=ORIENTED_EDGE('',*,*,#4922,.F.);
#3318=ORIENTED_EDGE('',*,*,#4869,.F.);
#3319=ORIENTED_EDGE('',*,*,#4913,.F.);
#3320=ORIENTED_EDGE('',*,*,#4865,.F.);
#3321=ORIENTED_EDGE('',*,*,#4909,.F.);
#3322=ORIENTED_EDGE('',*,*,#4903,.F.);
#3323=ORIENTED_EDGE('',*,*,#4911,.F.);
#3324=ORIENTED_EDGE('',*,*,#4863,.F.);
#3325=ORIENTED_EDGE('',*,*,#4881,.F.);
#3326=ORIENTED_EDGE('',*,*,#4905,.F.);
#3327=ORIENTED_EDGE('',*,*,#4910,.F.);
#3328=ORIENTED_EDGE('',*,*,#4867,.F.);
#3329=ORIENTED_EDGE('',*,*,#4912,.F.);
#3330=ORIENTED_EDGE('',*,*,#4901,.F.);
#3331=ORIENTED_EDGE('',*,*,#4914,.F.);
#3332=ORIENTED_EDGE('',*,*,#4877,.F.);
#3333=ORIENTED_EDGE('',*,*,#4916,.F.);
#3334=ORIENTED_EDGE('',*,*,#4891,.F.);
#3335=ORIENTED_EDGE('',*,*,#4846,.F.);
#3336=ORIENTED_EDGE('',*,*,#4956,.T.);
#3337=ORIENTED_EDGE('',*,*,#4957,.T.);
#3338=ORIENTED_EDGE('',*,*,#4929,.F.);
#3339=ORIENTED_EDGE('',*,*,#4958,.T.);
#3340=ORIENTED_EDGE('',*,*,#4959,.T.);
#3341=ORIENTED_EDGE('',*,*,#4828,.F.);
#3342=ORIENTED_EDGE('',*,*,#4827,.F.);
#3343=ORIENTED_EDGE('',*,*,#4826,.F.);
#3344=ORIENTED_EDGE('',*,*,#4889,.T.);
#3345=ORIENTED_EDGE('',*,*,#4960,.T.);
#3346=ORIENTED_EDGE('',*,*,#4961,.T.);
#3347=ORIENTED_EDGE('',*,*,#4962,.T.);
#3348=ORIENTED_EDGE('',*,*,#4963,.T.);
#3349=ORIENTED_EDGE('',*,*,#4942,.F.);
#3350=ORIENTED_EDGE('',*,*,#4964,.T.);
#3351=ORIENTED_EDGE('',*,*,#4965,.T.);
#3352=ORIENTED_EDGE('',*,*,#4966,.T.);
#3353=ORIENTED_EDGE('',*,*,#4967,.T.);
#3354=ORIENTED_EDGE('',*,*,#4968,.T.);
#3355=ORIENTED_EDGE('',*,*,#4855,.F.);
#3356=ORIENTED_EDGE('',*,*,#4969,.T.);
#3357=ORIENTED_EDGE('',*,*,#4939,.F.);
#3358=ORIENTED_EDGE('',*,*,#4970,.T.);
#3359=ORIENTED_EDGE('',*,*,#4971,.T.);
#3360=ORIENTED_EDGE('',*,*,#4824,.F.);
#3361=ORIENTED_EDGE('',*,*,#4972,.T.);
#3362=ORIENTED_EDGE('',*,*,#4928,.F.);
#3363=ORIENTED_EDGE('',*,*,#4930,.F.);
#3364=ORIENTED_EDGE('',*,*,#4973,.F.);
#3365=ORIENTED_EDGE('',*,*,#4887,.F.);
#3366=ORIENTED_EDGE('',*,*,#4926,.F.);
#3367=ORIENTED_EDGE('',*,*,#4857,.F.);
#3368=ORIENTED_EDGE('',*,*,#4974,.F.);
#3369=ORIENTED_EDGE('',*,*,#4931,.F.);
#3370=ORIENTED_EDGE('',*,*,#4973,.T.);
#3371=ORIENTED_EDGE('',*,*,#4957,.F.);
#3372=ORIENTED_EDGE('',*,*,#4975,.F.);
#3373=ORIENTED_EDGE('',*,*,#4960,.F.);
#3374=ORIENTED_EDGE('',*,*,#4888,.F.);
#3375=ORIENTED_EDGE('',*,*,#4856,.F.);
#3376=ORIENTED_EDGE('',*,*,#4968,.F.);
#3377=ORIENTED_EDGE('',*,*,#4976,.F.);
#3378=ORIENTED_EDGE('',*,*,#4958,.F.);
#3379=ORIENTED_EDGE('',*,*,#4974,.T.);
#3380=ORIENTED_EDGE('',*,*,#4956,.F.);
#3381=ORIENTED_EDGE('',*,*,#4977,.F.);
#3382=ORIENTED_EDGE('',*,*,#4962,.F.);
#3383=ORIENTED_EDGE('',*,*,#4961,.F.);
#3384=ORIENTED_EDGE('',*,*,#4975,.T.);
#3385=ORIENTED_EDGE('',*,*,#4967,.F.);
#3386=ORIENTED_EDGE('',*,*,#4966,.F.);
#3387=ORIENTED_EDGE('',*,*,#4978,.F.);
#3388=ORIENTED_EDGE('',*,*,#4959,.F.);
#3389=ORIENTED_EDGE('',*,*,#4976,.T.);
#3390=ORIENTED_EDGE('',*,*,#4977,.T.);
#3391=ORIENTED_EDGE('',*,*,#4825,.F.);
#3392=ORIENTED_EDGE('',*,*,#4979,.F.);
#3393=ORIENTED_EDGE('',*,*,#4943,.F.);
#3394=ORIENTED_EDGE('',*,*,#4963,.F.);
#3395=ORIENTED_EDGE('',*,*,#4980,.F.);
#3396=ORIENTED_EDGE('',*,*,#4981,.T.);
#3397=ORIENTED_EDGE('',*,*,#4982,.T.);
#3398=ORIENTED_EDGE('',*,*,#4948,.F.);
#3399=ORIENTED_EDGE('',*,*,#4946,.F.);
#3400=ORIENTED_EDGE('',*,*,#4983,.T.);
#3401=ORIENTED_EDGE('',*,*,#4984,.T.);
#3402=ORIENTED_EDGE('',*,*,#4985,.F.);
#3403=ORIENTED_EDGE('',*,*,#4935,.F.);
#3404=ORIENTED_EDGE('',*,*,#4953,.F.);
#3405=ORIENTED_EDGE('',*,*,#4965,.F.);
#3406=ORIENTED_EDGE('',*,*,#4938,.F.);
#3407=ORIENTED_EDGE('',*,*,#4986,.F.);
#3408=ORIENTED_EDGE('',*,*,#4829,.F.);
#3409=ORIENTED_EDGE('',*,*,#4978,.T.);
#3410=ORIENTED_EDGE('',*,*,#4979,.T.);
#3411=ORIENTED_EDGE('',*,*,#4971,.F.);
#3412=ORIENTED_EDGE('',*,*,#4987,.F.);
#3413=ORIENTED_EDGE('',*,*,#4944,.F.);
#3414=ORIENTED_EDGE('',*,*,#4849,.F.);
#3415=ORIENTED_EDGE('',*,*,#4988,.T.);
#3416=ORIENTED_EDGE('',*,*,#4980,.T.);
#3417=ORIENTED_EDGE('',*,*,#4945,.F.);
#3418=ORIENTED_EDGE('',*,*,#4989,.F.);
#3419=ORIENTED_EDGE('',*,*,#4985,.T.);
#3420=ORIENTED_EDGE('',*,*,#4990,.T.);
#3421=ORIENTED_EDGE('',*,*,#4847,.F.);
#3422=ORIENTED_EDGE('',*,*,#4991,.F.);
#3423=ORIENTED_EDGE('',*,*,#4936,.F.);
#3424=ORIENTED_EDGE('',*,*,#4986,.T.);
#3425=ORIENTED_EDGE('',*,*,#4937,.F.);
#3426=ORIENTED_EDGE('',*,*,#4992,.F.);
#3427=ORIENTED_EDGE('',*,*,#4972,.F.);
#3428=ORIENTED_EDGE('',*,*,#4989,.T.);
#3429=ORIENTED_EDGE('',*,*,#4987,.T.);
#3430=ORIENTED_EDGE('',*,*,#4993,.F.);
#3431=ORIENTED_EDGE('',*,*,#4992,.T.);
#3432=ORIENTED_EDGE('',*,*,#4991,.T.);
#3433=ORIENTED_EDGE('',*,*,#4994,.F.);
#3434=ORIENTED_EDGE('',*,*,#4993,.T.);
#3435=ORIENTED_EDGE('',*,*,#4970,.F.);
#3436=ORIENTED_EDGE('',*,*,#4994,.T.);
#3437=ORIENTED_EDGE('',*,*,#4850,.F.);
#3438=ORIENTED_EDGE('',*,*,#4951,.F.);
#3439=ORIENTED_EDGE('',*,*,#4835,.F.);
#3440=ORIENTED_EDGE('',*,*,#4995,.F.);
#3441=ORIENTED_EDGE('',*,*,#4940,.F.);
#3442=ORIENTED_EDGE('',*,*,#4995,.T.);
#3443=ORIENTED_EDGE('',*,*,#4842,.F.);
#3444=ORIENTED_EDGE('',*,*,#4996,.F.);
#3445=ORIENTED_EDGE('',*,*,#4941,.F.);
#3446=ORIENTED_EDGE('',*,*,#4890,.F.);
#3447=ORIENTED_EDGE('',*,*,#4964,.F.);
#3448=ORIENTED_EDGE('',*,*,#4996,.T.);
#3449=ORIENTED_EDGE('',*,*,#4841,.F.);
#3450=ORIENTED_EDGE('',*,*,#4878,.F.);
#3451=ORIENTED_EDGE('',*,*,#4844,.F.);
#3452=ORIENTED_EDGE('',*,*,#4997,.F.);
#3453=ORIENTED_EDGE('',*,*,#4969,.F.);
#3454=ORIENTED_EDGE('',*,*,#4997,.T.);
#3455=ORIENTED_EDGE('',*,*,#4843,.F.);
#3456=ORIENTED_EDGE('',*,*,#4998,.F.);
#3457=ORIENTED_EDGE('',*,*,#4932,.F.);
#3458=ORIENTED_EDGE('',*,*,#4998,.T.);
#3459=ORIENTED_EDGE('',*,*,#4833,.F.);
#3460=ORIENTED_EDGE('',*,*,#4954,.F.);
#3461=ORIENTED_EDGE('',*,*,#4933,.F.);
#3462=ORIENTED_EDGE('',*,*,#4982,.F.);
#3463=ORIENTED_EDGE('',*,*,#4999,.T.);
#3464=ORIENTED_EDGE('',*,*,#4983,.F.);
#3465=ORIENTED_EDGE('',*,*,#4952,.F.);
#3466=ORIENTED_EDGE('',*,*,#4837,.F.);
#3467=ORIENTED_EDGE('',*,*,#4949,.F.);
#3468=ORIENTED_EDGE('',*,*,#4950,.F.);
#3469=ORIENTED_EDGE('',*,*,#4839,.F.);
#3470=ORIENTED_EDGE('',*,*,#4955,.F.);
#3471=ORIENTED_EDGE('',*,*,#4831,.F.);
#3472=ORIENTED_EDGE('',*,*,#4988,.F.);
#3473=ORIENTED_EDGE('',*,*,#4848,.F.);
#3474=ORIENTED_EDGE('',*,*,#4990,.F.);
#3475=ORIENTED_EDGE('',*,*,#4984,.F.);
#3476=ORIENTED_EDGE('',*,*,#4999,.F.);
#3477=ORIENTED_EDGE('',*,*,#4981,.F.);
#3478=ORIENTED_EDGE('',*,*,#4854,.T.);
#3479=ORIENTED_EDGE('',*,*,#4885,.F.);
#3480=ORIENTED_EDGE('',*,*,#4853,.T.);
#3481=ORIENTED_EDGE('',*,*,#4884,.F.);
#3482=ORIENTED_EDGE('',*,*,#4852,.T.);
#3483=ORIENTED_EDGE('',*,*,#4883,.F.);
#3484=ORIENTED_EDGE('',*,*,#4851,.T.);
#3485=ORIENTED_EDGE('',*,*,#4882,.F.);
#3486=ORIENTED_EDGE('',*,*,#5000,.F.);
#3487=ORIENTED_EDGE('',*,*,#5001,.T.);
#3488=ORIENTED_EDGE('',*,*,#5002,.F.);
#3489=ORIENTED_EDGE('',*,*,#5003,.T.);
#3490=ORIENTED_EDGE('',*,*,#5004,.F.);
#3491=ORIENTED_EDGE('',*,*,#5005,.T.);
#3492=ORIENTED_EDGE('',*,*,#5006,.F.);
#3493=ORIENTED_EDGE('',*,*,#5007,.T.);
#3494=ORIENTED_EDGE('',*,*,#5008,.F.);
#3495=ORIENTED_EDGE('',*,*,#5009,.T.);
#3496=ORIENTED_EDGE('',*,*,#5010,.F.);
#3497=ORIENTED_EDGE('',*,*,#5011,.T.);
#3498=ORIENTED_EDGE('',*,*,#5012,.F.);
#3499=ORIENTED_EDGE('',*,*,#5013,.T.);
#3500=ORIENTED_EDGE('',*,*,#5014,.F.);
#3501=ORIENTED_EDGE('',*,*,#5015,.T.);
#3502=ORIENTED_EDGE('',*,*,#5016,.F.);
#3503=ORIENTED_EDGE('',*,*,#5017,.T.);
#3504=ORIENTED_EDGE('',*,*,#5018,.F.);
#3505=ORIENTED_EDGE('',*,*,#5019,.T.);
#3506=ORIENTED_EDGE('',*,*,#5020,.F.);
#3507=ORIENTED_EDGE('',*,*,#5021,.T.);
#3508=ORIENTED_EDGE('',*,*,#5022,.F.);
#3509=ORIENTED_EDGE('',*,*,#5023,.T.);
#3510=ORIENTED_EDGE('',*,*,#5024,.F.);
#3511=ORIENTED_EDGE('',*,*,#5025,.T.);
#3512=ORIENTED_EDGE('',*,*,#5026,.F.);
#3513=ORIENTED_EDGE('',*,*,#5027,.T.);
#3514=ORIENTED_EDGE('',*,*,#5028,.F.);
#3515=ORIENTED_EDGE('',*,*,#5029,.T.);
#3516=ORIENTED_EDGE('',*,*,#5030,.F.);
#3517=ORIENTED_EDGE('',*,*,#5031,.T.);
#3518=ORIENTED_EDGE('',*,*,#5032,.F.);
#3519=ORIENTED_EDGE('',*,*,#5033,.T.);
#3520=ORIENTED_EDGE('',*,*,#5034,.F.);
#3521=ORIENTED_EDGE('',*,*,#5035,.T.);
#3522=ORIENTED_EDGE('',*,*,#5036,.F.);
#3523=ORIENTED_EDGE('',*,*,#5037,.T.);
#3524=ORIENTED_EDGE('',*,*,#5038,.F.);
#3525=ORIENTED_EDGE('',*,*,#5039,.T.);
#3526=ORIENTED_EDGE('',*,*,#5040,.F.);
#3527=ORIENTED_EDGE('',*,*,#5041,.T.);
#3528=ORIENTED_EDGE('',*,*,#5042,.F.);
#3529=ORIENTED_EDGE('',*,*,#5043,.T.);
#3530=ORIENTED_EDGE('',*,*,#5044,.F.);
#3531=ORIENTED_EDGE('',*,*,#5045,.T.);
#3532=ORIENTED_EDGE('',*,*,#5046,.F.);
#3533=ORIENTED_EDGE('',*,*,#5047,.T.);
#3534=ORIENTED_EDGE('',*,*,#5048,.F.);
#3535=ORIENTED_EDGE('',*,*,#5049,.T.);
#3536=ORIENTED_EDGE('',*,*,#5050,.T.);
#3537=ORIENTED_EDGE('',*,*,#5051,.T.);
#3538=ORIENTED_EDGE('',*,*,#5052,.F.);
#3539=ORIENTED_EDGE('',*,*,#5053,.T.);
#3540=ORIENTED_EDGE('',*,*,#5054,.T.);
#3541=ORIENTED_EDGE('',*,*,#5055,.T.);
#3542=ORIENTED_EDGE('',*,*,#5056,.T.);
#3543=ORIENTED_EDGE('',*,*,#5057,.T.);
#3544=ORIENTED_EDGE('',*,*,#5058,.T.);
#3545=ORIENTED_EDGE('',*,*,#5059,.T.);
#3546=ORIENTED_EDGE('',*,*,#5060,.T.);
#3547=ORIENTED_EDGE('',*,*,#5061,.T.);
#3548=ORIENTED_EDGE('',*,*,#5062,.F.);
#3549=ORIENTED_EDGE('',*,*,#5063,.T.);
#3550=ORIENTED_EDGE('',*,*,#5064,.T.);
#3551=ORIENTED_EDGE('',*,*,#5065,.F.);
#3552=ORIENTED_EDGE('',*,*,#5066,.F.);
#3553=ORIENTED_EDGE('',*,*,#5067,.T.);
#3554=ORIENTED_EDGE('',*,*,#5068,.F.);
#3555=ORIENTED_EDGE('',*,*,#5069,.T.);
#3556=ORIENTED_EDGE('',*,*,#5070,.F.);
#3557=ORIENTED_EDGE('',*,*,#5071,.T.);
#3558=ORIENTED_EDGE('',*,*,#5072,.F.);
#3559=ORIENTED_EDGE('',*,*,#5073,.T.);
#3560=ORIENTED_EDGE('',*,*,#5074,.T.);
#3561=ORIENTED_EDGE('',*,*,#5075,.T.);
#3562=ORIENTED_EDGE('',*,*,#5076,.F.);
#3563=ORIENTED_EDGE('',*,*,#5077,.T.);
#3564=ORIENTED_EDGE('',*,*,#5078,.F.);
#3565=ORIENTED_EDGE('',*,*,#5079,.T.);
#3566=ORIENTED_EDGE('',*,*,#5080,.F.);
#3567=ORIENTED_EDGE('',*,*,#5081,.T.);
#3568=ORIENTED_EDGE('',*,*,#5082,.F.);
#3569=ORIENTED_EDGE('',*,*,#5083,.T.);
#3570=ORIENTED_EDGE('',*,*,#5084,.F.);
#3571=ORIENTED_EDGE('',*,*,#5085,.T.);
#3572=ORIENTED_EDGE('',*,*,#5086,.F.);
#3573=ORIENTED_EDGE('',*,*,#5087,.T.);
#3574=ORIENTED_EDGE('',*,*,#5088,.F.);
#3575=ORIENTED_EDGE('',*,*,#5089,.T.);
#3576=ORIENTED_EDGE('',*,*,#5090,.F.);
#3577=ORIENTED_EDGE('',*,*,#5091,.T.);
#3578=ORIENTED_EDGE('',*,*,#5092,.F.);
#3579=ORIENTED_EDGE('',*,*,#5093,.T.);
#3580=ORIENTED_EDGE('',*,*,#5094,.F.);
#3581=ORIENTED_EDGE('',*,*,#5095,.T.);
#3582=ORIENTED_EDGE('',*,*,#5096,.F.);
#3583=ORIENTED_EDGE('',*,*,#5097,.T.);
#3584=ORIENTED_EDGE('',*,*,#5098,.F.);
#3585=ORIENTED_EDGE('',*,*,#5099,.T.);
#3586=ORIENTED_EDGE('',*,*,#5100,.F.);
#3587=ORIENTED_EDGE('',*,*,#5101,.T.);
#3588=ORIENTED_EDGE('',*,*,#5102,.F.);
#3589=ORIENTED_EDGE('',*,*,#5103,.T.);
#3590=ORIENTED_EDGE('',*,*,#5104,.F.);
#3591=ORIENTED_EDGE('',*,*,#5105,.T.);
#3592=ORIENTED_EDGE('',*,*,#5106,.F.);
#3593=ORIENTED_EDGE('',*,*,#5107,.T.);
#3594=ORIENTED_EDGE('',*,*,#5108,.F.);
#3595=ORIENTED_EDGE('',*,*,#5109,.T.);
#3596=ORIENTED_EDGE('',*,*,#5110,.F.);
#3597=ORIENTED_EDGE('',*,*,#5111,.T.);
#3598=ORIENTED_EDGE('',*,*,#5112,.F.);
#3599=ORIENTED_EDGE('',*,*,#5113,.T.);
#3600=ORIENTED_EDGE('',*,*,#5114,.F.);
#3601=ORIENTED_EDGE('',*,*,#5115,.T.);
#3602=ORIENTED_EDGE('',*,*,#5116,.F.);
#3603=ORIENTED_EDGE('',*,*,#5117,.T.);
#3604=ORIENTED_EDGE('',*,*,#5118,.F.);
#3605=ORIENTED_EDGE('',*,*,#5119,.T.);
#3606=ORIENTED_EDGE('',*,*,#5120,.F.);
#3607=ORIENTED_EDGE('',*,*,#5121,.T.);
#3608=ORIENTED_EDGE('',*,*,#5122,.F.);
#3609=ORIENTED_EDGE('',*,*,#5123,.T.);
#3610=ORIENTED_EDGE('',*,*,#5124,.T.);
#3611=ORIENTED_EDGE('',*,*,#5125,.T.);
#3612=ORIENTED_EDGE('',*,*,#5126,.T.);
#3613=ORIENTED_EDGE('',*,*,#5127,.T.);
#3614=ORIENTED_EDGE('',*,*,#5128,.T.);
#3615=ORIENTED_EDGE('',*,*,#5129,.T.);
#3616=ORIENTED_EDGE('',*,*,#5130,.T.);
#3617=ORIENTED_EDGE('',*,*,#5131,.T.);
#3618=ORIENTED_EDGE('',*,*,#5132,.T.);
#3619=ORIENTED_EDGE('',*,*,#5133,.T.);
#3620=ORIENTED_EDGE('',*,*,#5134,.T.);
#3621=ORIENTED_EDGE('',*,*,#5135,.T.);
#3622=ORIENTED_EDGE('',*,*,#5136,.T.);
#3623=ORIENTED_EDGE('',*,*,#5137,.T.);
#3624=ORIENTED_EDGE('',*,*,#5138,.T.);
#3625=ORIENTED_EDGE('',*,*,#5139,.T.);
#3626=ORIENTED_EDGE('',*,*,#5140,.T.);
#3627=ORIENTED_EDGE('',*,*,#5141,.T.);
#3628=ORIENTED_EDGE('',*,*,#5142,.T.);
#3629=ORIENTED_EDGE('',*,*,#5143,.T.);
#3630=ORIENTED_EDGE('',*,*,#5144,.T.);
#3631=ORIENTED_EDGE('',*,*,#5145,.T.);
#3632=ORIENTED_EDGE('',*,*,#5146,.T.);
#3633=ORIENTED_EDGE('',*,*,#5147,.T.);
#3634=ORIENTED_EDGE('',*,*,#5148,.T.);
#3635=ORIENTED_EDGE('',*,*,#5149,.T.);
#3636=ORIENTED_EDGE('',*,*,#5150,.T.);
#3637=ORIENTED_EDGE('',*,*,#5151,.T.);
#3638=ORIENTED_EDGE('',*,*,#5152,.T.);
#3639=ORIENTED_EDGE('',*,*,#5153,.T.);
#3640=ORIENTED_EDGE('',*,*,#5154,.T.);
#3641=ORIENTED_EDGE('',*,*,#5155,.T.);
#3642=ORIENTED_EDGE('',*,*,#5050,.F.);
#3643=ORIENTED_EDGE('',*,*,#5156,.T.);
#3644=ORIENTED_EDGE('',*,*,#5157,.T.);
#3645=ORIENTED_EDGE('',*,*,#5158,.T.);
#3646=ORIENTED_EDGE('',*,*,#5058,.F.);
#3647=ORIENTED_EDGE('',*,*,#5159,.T.);
#3648=ORIENTED_EDGE('',*,*,#5068,.T.);
#3649=ORIENTED_EDGE('',*,*,#5160,.T.);
#3650=ORIENTED_EDGE('',*,*,#5161,.T.);
#3651=ORIENTED_EDGE('',*,*,#5162,.T.);
#3652=ORIENTED_EDGE('',*,*,#5062,.T.);
#3653=ORIENTED_EDGE('',*,*,#5163,.T.);
#3654=ORIENTED_EDGE('',*,*,#5054,.F.);
#3655=ORIENTED_EDGE('',*,*,#5164,.T.);
#3656=ORIENTED_EDGE('',*,*,#5072,.T.);
#3657=ORIENTED_EDGE('',*,*,#5165,.T.);
#3658=ORIENTED_EDGE('',*,*,#5074,.F.);
#3659=ORIENTED_EDGE('',*,*,#5166,.T.);
#3660=ORIENTED_EDGE('',*,*,#5052,.T.);
#3661=ORIENTED_EDGE('',*,*,#5167,.T.);
#3662=ORIENTED_EDGE('',*,*,#5056,.F.);
#3663=ORIENTED_EDGE('',*,*,#5168,.T.);
#3664=ORIENTED_EDGE('',*,*,#5070,.T.);
#3665=ORIENTED_EDGE('',*,*,#5169,.T.);
#3666=ORIENTED_EDGE('',*,*,#5170,.T.);
#3667=ORIENTED_EDGE('',*,*,#5171,.T.);
#3668=ORIENTED_EDGE('',*,*,#5172,.T.);
#3669=ORIENTED_EDGE('',*,*,#5173,.T.);
#3670=ORIENTED_EDGE('',*,*,#5174,.T.);
#3671=ORIENTED_EDGE('',*,*,#5175,.T.);
#3672=ORIENTED_EDGE('',*,*,#5176,.T.);
#3673=ORIENTED_EDGE('',*,*,#5177,.T.);
#3674=ORIENTED_EDGE('',*,*,#5178,.T.);
#3675=ORIENTED_EDGE('',*,*,#5179,.T.);
#3676=ORIENTED_EDGE('',*,*,#5180,.T.);
#3677=ORIENTED_EDGE('',*,*,#5181,.T.);
#3678=ORIENTED_EDGE('',*,*,#5182,.T.);
#3679=ORIENTED_EDGE('',*,*,#5183,.T.);
#3680=ORIENTED_EDGE('',*,*,#5184,.T.);
#3681=ORIENTED_EDGE('',*,*,#5185,.T.);
#3682=ORIENTED_EDGE('',*,*,#5186,.T.);
#3683=ORIENTED_EDGE('',*,*,#5187,.T.);
#3684=ORIENTED_EDGE('',*,*,#5188,.T.);
#3685=ORIENTED_EDGE('',*,*,#5189,.T.);
#3686=ORIENTED_EDGE('',*,*,#5190,.T.);
#3687=ORIENTED_EDGE('',*,*,#5191,.T.);
#3688=ORIENTED_EDGE('',*,*,#5192,.T.);
#3689=ORIENTED_EDGE('',*,*,#5193,.T.);
#3690=ORIENTED_EDGE('',*,*,#5194,.T.);
#3691=ORIENTED_EDGE('',*,*,#5195,.T.);
#3692=ORIENTED_EDGE('',*,*,#5196,.T.);
#3693=ORIENTED_EDGE('',*,*,#5197,.T.);
#3694=ORIENTED_EDGE('',*,*,#5198,.T.);
#3695=ORIENTED_EDGE('',*,*,#5199,.T.);
#3696=ORIENTED_EDGE('',*,*,#5200,.T.);
#3697=ORIENTED_EDGE('',*,*,#5201,.T.);
#3698=ORIENTED_EDGE('',*,*,#5202,.T.);
#3699=ORIENTED_EDGE('',*,*,#5203,.T.);
#3700=ORIENTED_EDGE('',*,*,#5204,.T.);
#3701=ORIENTED_EDGE('',*,*,#5205,.T.);
#3702=ORIENTED_EDGE('',*,*,#5206,.T.);
#3703=ORIENTED_EDGE('',*,*,#5207,.T.);
#3704=ORIENTED_EDGE('',*,*,#5208,.T.);
#3705=ORIENTED_EDGE('',*,*,#5209,.T.);
#3706=ORIENTED_EDGE('',*,*,#5210,.T.);
#3707=ORIENTED_EDGE('',*,*,#5211,.T.);
#3708=ORIENTED_EDGE('',*,*,#5212,.T.);
#3709=ORIENTED_EDGE('',*,*,#5213,.T.);
#3710=ORIENTED_EDGE('',*,*,#5214,.T.);
#3711=ORIENTED_EDGE('',*,*,#5215,.T.);
#3712=ORIENTED_EDGE('',*,*,#5216,.T.);
#3713=ORIENTED_EDGE('',*,*,#5217,.T.);
#3714=ORIENTED_EDGE('',*,*,#5218,.T.);
#3715=ORIENTED_EDGE('',*,*,#5219,.T.);
#3716=ORIENTED_EDGE('',*,*,#5220,.T.);
#3717=ORIENTED_EDGE('',*,*,#5221,.T.);
#3718=ORIENTED_EDGE('',*,*,#5222,.T.);
#3719=ORIENTED_EDGE('',*,*,#5223,.T.);
#3720=ORIENTED_EDGE('',*,*,#5224,.T.);
#3721=ORIENTED_EDGE('',*,*,#5225,.T.);
#3722=ORIENTED_EDGE('',*,*,#5226,.T.);
#3723=ORIENTED_EDGE('',*,*,#5227,.T.);
#3724=ORIENTED_EDGE('',*,*,#5228,.T.);
#3725=ORIENTED_EDGE('',*,*,#5229,.T.);
#3726=ORIENTED_EDGE('',*,*,#5230,.T.);
#3727=ORIENTED_EDGE('',*,*,#5231,.T.);
#3728=ORIENTED_EDGE('',*,*,#5232,.T.);
#3729=ORIENTED_EDGE('',*,*,#5233,.T.);
#3730=ORIENTED_EDGE('',*,*,#5234,.F.);
#3731=ORIENTED_EDGE('',*,*,#5081,.F.);
#3732=ORIENTED_EDGE('',*,*,#5235,.F.);
#3733=ORIENTED_EDGE('',*,*,#5136,.F.);
#3734=ORIENTED_EDGE('',*,*,#5235,.T.);
#3735=ORIENTED_EDGE('',*,*,#5080,.T.);
#3736=ORIENTED_EDGE('',*,*,#5236,.F.);
#3737=ORIENTED_EDGE('',*,*,#5237,.F.);
#3738=ORIENTED_EDGE('',*,*,#5082,.T.);
#3739=ORIENTED_EDGE('',*,*,#5234,.T.);
#3740=ORIENTED_EDGE('',*,*,#5238,.F.);
#3741=ORIENTED_EDGE('',*,*,#5239,.F.);
#3742=ORIENTED_EDGE('',*,*,#5236,.T.);
#3743=ORIENTED_EDGE('',*,*,#5079,.F.);
#3744=ORIENTED_EDGE('',*,*,#5240,.F.);
#3745=ORIENTED_EDGE('',*,*,#5217,.F.);
#3746=ORIENTED_EDGE('',*,*,#5237,.T.);
#3747=ORIENTED_EDGE('',*,*,#5216,.F.);
#3748=ORIENTED_EDGE('',*,*,#5241,.F.);
#3749=ORIENTED_EDGE('',*,*,#5137,.F.);
#3750=ORIENTED_EDGE('',*,*,#5242,.F.);
#3751=ORIENTED_EDGE('',*,*,#5138,.F.);
#3752=ORIENTED_EDGE('',*,*,#5243,.F.);
#3753=ORIENTED_EDGE('',*,*,#5047,.F.);
#3754=ORIENTED_EDGE('',*,*,#5238,.T.);
#3755=ORIENTED_EDGE('',*,*,#5139,.F.);
#3756=ORIENTED_EDGE('',*,*,#5244,.F.);
#3757=ORIENTED_EDGE('',*,*,#5202,.F.);
#3758=ORIENTED_EDGE('',*,*,#5239,.T.);
#3759=ORIENTED_EDGE('',*,*,#5205,.F.);
#3760=ORIENTED_EDGE('',*,*,#5245,.F.);
#3761=ORIENTED_EDGE('',*,*,#5083,.F.);
#3762=ORIENTED_EDGE('',*,*,#5240,.T.);
#3763=ORIENTED_EDGE('',*,*,#5078,.T.);
#3764=ORIENTED_EDGE('',*,*,#5246,.F.);
#3765=ORIENTED_EDGE('',*,*,#5247,.F.);
#3766=ORIENTED_EDGE('',*,*,#5243,.T.);
#3767=ORIENTED_EDGE('',*,*,#5241,.T.);
#3768=ORIENTED_EDGE('',*,*,#5248,.F.);
#3769=ORIENTED_EDGE('',*,*,#5036,.T.);
#3770=ORIENTED_EDGE('',*,*,#5242,.T.);
#3771=ORIENTED_EDGE('',*,*,#5046,.T.);
#3772=ORIENTED_EDGE('',*,*,#5249,.F.);
#3773=ORIENTED_EDGE('',*,*,#5244,.T.);
#3774=ORIENTED_EDGE('',*,*,#5084,.T.);
#3775=ORIENTED_EDGE('',*,*,#5245,.T.);
#3776=ORIENTED_EDGE('',*,*,#5250,.F.);
#3777=ORIENTED_EDGE('',*,*,#5251,.F.);
#3778=ORIENTED_EDGE('',*,*,#5246,.T.);
#3779=ORIENTED_EDGE('',*,*,#5077,.F.);
#3780=ORIENTED_EDGE('',*,*,#5252,.F.);
#3781=ORIENTED_EDGE('',*,*,#5213,.F.);
#3782=ORIENTED_EDGE('',*,*,#5247,.T.);
#3783=ORIENTED_EDGE('',*,*,#5212,.F.);
#3784=ORIENTED_EDGE('',*,*,#5253,.F.);
#3785=ORIENTED_EDGE('',*,*,#5214,.F.);
#3786=ORIENTED_EDGE('',*,*,#5248,.T.);
#3787=ORIENTED_EDGE('',*,*,#5215,.F.);
#3788=ORIENTED_EDGE('',*,*,#5254,.F.);
#3789=ORIENTED_EDGE('',*,*,#5037,.F.);
#3790=ORIENTED_EDGE('',*,*,#5249,.T.);
#3791=ORIENTED_EDGE('',*,*,#5045,.F.);
#3792=ORIENTED_EDGE('',*,*,#5255,.F.);
#3793=ORIENTED_EDGE('',*,*,#5203,.F.);
#3794=ORIENTED_EDGE('',*,*,#5250,.T.);
#3795=ORIENTED_EDGE('',*,*,#5204,.F.);
#3796=ORIENTED_EDGE('',*,*,#5256,.F.);
#3797=ORIENTED_EDGE('',*,*,#5206,.F.);
#3798=ORIENTED_EDGE('',*,*,#5251,.T.);
#3799=ORIENTED_EDGE('',*,*,#5209,.F.);
#3800=ORIENTED_EDGE('',*,*,#5257,.F.);
#3801=ORIENTED_EDGE('',*,*,#5085,.F.);
#3802=ORIENTED_EDGE('',*,*,#5258,.F.);
#3803=ORIENTED_EDGE('',*,*,#5087,.F.);
#3804=ORIENTED_EDGE('',*,*,#5259,.F.);
#3805=ORIENTED_EDGE('',*,*,#5134,.F.);
#3806=ORIENTED_EDGE('',*,*,#5076,.T.);
#3807=ORIENTED_EDGE('',*,*,#5258,.T.);
#3808=ORIENTED_EDGE('',*,*,#5260,.F.);
#3809=ORIENTED_EDGE('',*,*,#5252,.T.);
#3810=ORIENTED_EDGE('',*,*,#5254,.T.);
#3811=ORIENTED_EDGE('',*,*,#5253,.T.);
#3812=ORIENTED_EDGE('',*,*,#5261,.F.);
#3813=ORIENTED_EDGE('',*,*,#5038,.T.);
#3814=ORIENTED_EDGE('',*,*,#5255,.T.);
#3815=ORIENTED_EDGE('',*,*,#5044,.T.);
#3816=ORIENTED_EDGE('',*,*,#5262,.F.);
#3817=ORIENTED_EDGE('',*,*,#5256,.T.);
#3818=ORIENTED_EDGE('',*,*,#5086,.T.);
#3819=ORIENTED_EDGE('',*,*,#5257,.T.);
#3820=ORIENTED_EDGE('',*,*,#5263,.F.);
#3821=ORIENTED_EDGE('',*,*,#5259,.T.);
#3822=ORIENTED_EDGE('',*,*,#5260,.T.);
#3823=ORIENTED_EDGE('',*,*,#5133,.F.);
#3824=ORIENTED_EDGE('',*,*,#5264,.F.);
#3825=ORIENTED_EDGE('',*,*,#5210,.F.);
#3826=ORIENTED_EDGE('',*,*,#5261,.T.);
#3827=ORIENTED_EDGE('',*,*,#5211,.F.);
#3828=ORIENTED_EDGE('',*,*,#5265,.F.);
#3829=ORIENTED_EDGE('',*,*,#5039,.F.);
#3830=ORIENTED_EDGE('',*,*,#5262,.T.);
#3831=ORIENTED_EDGE('',*,*,#5043,.F.);
#3832=ORIENTED_EDGE('',*,*,#5266,.F.);
#3833=ORIENTED_EDGE('',*,*,#5207,.F.);
#3834=ORIENTED_EDGE('',*,*,#5263,.T.);
#3835=ORIENTED_EDGE('',*,*,#5208,.F.);
#3836=ORIENTED_EDGE('',*,*,#5267,.F.);
#3837=ORIENTED_EDGE('',*,*,#5135,.F.);
#3838=ORIENTED_EDGE('',*,*,#5265,.T.);
#3839=ORIENTED_EDGE('',*,*,#5264,.T.);
#3840=ORIENTED_EDGE('',*,*,#5268,.F.);
#3841=ORIENTED_EDGE('',*,*,#5040,.T.);
#3842=ORIENTED_EDGE('',*,*,#5266,.T.);
#3843=ORIENTED_EDGE('',*,*,#5042,.T.);
#3844=ORIENTED_EDGE('',*,*,#5269,.F.);
#3845=ORIENTED_EDGE('',*,*,#5267,.T.);
#3846=ORIENTED_EDGE('',*,*,#5268,.T.);
#3847=ORIENTED_EDGE('',*,*,#5132,.F.);
#3848=ORIENTED_EDGE('',*,*,#5269,.T.);
#3849=ORIENTED_EDGE('',*,*,#5041,.F.);
#3850=ORIENTED_EDGE('',*,*,#5270,.F.);
#3851=ORIENTED_EDGE('',*,*,#5117,.F.);
#3852=ORIENTED_EDGE('',*,*,#5271,.F.);
#3853=ORIENTED_EDGE('',*,*,#5124,.F.);
#3854=ORIENTED_EDGE('',*,*,#5118,.T.);
#3855=ORIENTED_EDGE('',*,*,#5270,.T.);
#3856=ORIENTED_EDGE('',*,*,#5272,.F.);
#3857=ORIENTED_EDGE('',*,*,#5273,.F.);
#3858=ORIENTED_EDGE('',*,*,#5271,.T.);
#3859=ORIENTED_EDGE('',*,*,#5116,.T.);
#3860=ORIENTED_EDGE('',*,*,#5274,.F.);
#3861=ORIENTED_EDGE('',*,*,#5275,.F.);
#3862=ORIENTED_EDGE('',*,*,#5272,.T.);
#3863=ORIENTED_EDGE('',*,*,#5127,.F.);
#3864=ORIENTED_EDGE('',*,*,#5276,.F.);
#3865=ORIENTED_EDGE('',*,*,#5218,.F.);
#3866=ORIENTED_EDGE('',*,*,#5273,.T.);
#3867=ORIENTED_EDGE('',*,*,#5221,.F.);
#3868=ORIENTED_EDGE('',*,*,#5277,.F.);
#3869=ORIENTED_EDGE('',*,*,#5119,.F.);
#3870=ORIENTED_EDGE('',*,*,#5274,.T.);
#3871=ORIENTED_EDGE('',*,*,#5115,.F.);
#3872=ORIENTED_EDGE('',*,*,#5278,.F.);
#3873=ORIENTED_EDGE('',*,*,#5233,.F.);
#3874=ORIENTED_EDGE('',*,*,#5275,.T.);
#3875=ORIENTED_EDGE('',*,*,#5232,.F.);
#3876=ORIENTED_EDGE('',*,*,#5279,.F.);
#3877=ORIENTED_EDGE('',*,*,#5125,.F.);
#3878=ORIENTED_EDGE('',*,*,#5280,.F.);
#3879=ORIENTED_EDGE('',*,*,#5011,.F.);
#3880=ORIENTED_EDGE('',*,*,#5281,.F.);
#3881=ORIENTED_EDGE('',*,*,#5126,.F.);
#3882=ORIENTED_EDGE('',*,*,#5281,.T.);
#3883=ORIENTED_EDGE('',*,*,#5010,.T.);
#3884=ORIENTED_EDGE('',*,*,#5282,.F.);
#3885=ORIENTED_EDGE('',*,*,#5276,.T.);
#3886=ORIENTED_EDGE('',*,*,#5120,.T.);
#3887=ORIENTED_EDGE('',*,*,#5277,.T.);
#3888=ORIENTED_EDGE('',*,*,#5283,.F.);
#3889=ORIENTED_EDGE('',*,*,#5284,.F.);
#3890=ORIENTED_EDGE('',*,*,#5278,.T.);
#3891=ORIENTED_EDGE('',*,*,#5114,.T.);
#3892=ORIENTED_EDGE('',*,*,#5285,.F.);
#3893=ORIENTED_EDGE('',*,*,#5286,.F.);
#3894=ORIENTED_EDGE('',*,*,#5280,.T.);
#3895=ORIENTED_EDGE('',*,*,#5279,.T.);
#3896=ORIENTED_EDGE('',*,*,#5287,.F.);
#3897=ORIENTED_EDGE('',*,*,#5000,.T.);
#3898=ORIENTED_EDGE('',*,*,#5282,.T.);
#3899=ORIENTED_EDGE('',*,*,#5009,.F.);
#3900=ORIENTED_EDGE('',*,*,#5288,.F.);
#3901=ORIENTED_EDGE('',*,*,#5219,.F.);
#3902=ORIENTED_EDGE('',*,*,#5283,.T.);
#3903=ORIENTED_EDGE('',*,*,#5220,.F.);
#3904=ORIENTED_EDGE('',*,*,#5289,.F.);
#3905=ORIENTED_EDGE('',*,*,#5222,.F.);
#3906=ORIENTED_EDGE('',*,*,#5284,.T.);
#3907=ORIENTED_EDGE('',*,*,#5225,.F.);
#3908=ORIENTED_EDGE('',*,*,#5290,.F.);
#3909=ORIENTED_EDGE('',*,*,#5121,.F.);
#3910=ORIENTED_EDGE('',*,*,#5291,.F.);
#3911=ORIENTED_EDGE('',*,*,#5123,.F.);
#3912=ORIENTED_EDGE('',*,*,#5292,.F.);
#3913=ORIENTED_EDGE('',*,*,#5130,.F.);
#3914=ORIENTED_EDGE('',*,*,#5285,.T.);
#3915=ORIENTED_EDGE('',*,*,#5113,.F.);
#3916=ORIENTED_EDGE('',*,*,#5293,.F.);
#3917=ORIENTED_EDGE('',*,*,#5229,.F.);
#3918=ORIENTED_EDGE('',*,*,#5286,.T.);
#3919=ORIENTED_EDGE('',*,*,#5228,.F.);
#3920=ORIENTED_EDGE('',*,*,#5294,.F.);
#3921=ORIENTED_EDGE('',*,*,#5230,.F.);
#3922=ORIENTED_EDGE('',*,*,#5287,.T.);
#3923=ORIENTED_EDGE('',*,*,#5231,.F.);
#3924=ORIENTED_EDGE('',*,*,#5295,.F.);
#3925=ORIENTED_EDGE('',*,*,#5001,.F.);
#3926=ORIENTED_EDGE('',*,*,#5288,.T.);
#3927=ORIENTED_EDGE('',*,*,#5008,.T.);
#3928=ORIENTED_EDGE('',*,*,#5296,.F.);
#3929=ORIENTED_EDGE('',*,*,#5289,.T.);
#3930=ORIENTED_EDGE('',*,*,#5122,.T.);
#3931=ORIENTED_EDGE('',*,*,#5290,.T.);
#3932=ORIENTED_EDGE('',*,*,#5297,.F.);
#3933=ORIENTED_EDGE('',*,*,#5292,.T.);
#3934=ORIENTED_EDGE('',*,*,#5112,.T.);
#3935=ORIENTED_EDGE('',*,*,#5291,.T.);
#3936=ORIENTED_EDGE('',*,*,#5298,.F.);
#3937=ORIENTED_EDGE('',*,*,#5293,.T.);
#3938=ORIENTED_EDGE('',*,*,#5295,.T.);
#3939=ORIENTED_EDGE('',*,*,#5294,.T.);
#3940=ORIENTED_EDGE('',*,*,#5299,.F.);
#3941=ORIENTED_EDGE('',*,*,#5002,.T.);
#3942=ORIENTED_EDGE('',*,*,#5296,.T.);
#3943=ORIENTED_EDGE('',*,*,#5007,.F.);
#3944=ORIENTED_EDGE('',*,*,#5300,.F.);
#3945=ORIENTED_EDGE('',*,*,#5223,.F.);
#3946=ORIENTED_EDGE('',*,*,#5297,.T.);
#3947=ORIENTED_EDGE('',*,*,#5224,.F.);
#3948=ORIENTED_EDGE('',*,*,#5301,.F.);
#3949=ORIENTED_EDGE('',*,*,#5131,.F.);
#3950=ORIENTED_EDGE('',*,*,#5298,.T.);
#3951=ORIENTED_EDGE('',*,*,#5129,.F.);
#3952=ORIENTED_EDGE('',*,*,#5302,.F.);
#3953=ORIENTED_EDGE('',*,*,#5226,.F.);
#3954=ORIENTED_EDGE('',*,*,#5299,.T.);
#3955=ORIENTED_EDGE('',*,*,#5227,.F.);
#3956=ORIENTED_EDGE('',*,*,#5303,.F.);
#3957=ORIENTED_EDGE('',*,*,#5003,.F.);
#3958=ORIENTED_EDGE('',*,*,#5300,.T.);
#3959=ORIENTED_EDGE('',*,*,#5006,.T.);
#3960=ORIENTED_EDGE('',*,*,#5304,.F.);
#3961=ORIENTED_EDGE('',*,*,#5301,.T.);
#3962=ORIENTED_EDGE('',*,*,#5303,.T.);
#3963=ORIENTED_EDGE('',*,*,#5302,.T.);
#3964=ORIENTED_EDGE('',*,*,#5305,.F.);
#3965=ORIENTED_EDGE('',*,*,#5004,.T.);
#3966=ORIENTED_EDGE('',*,*,#5304,.T.);
#3967=ORIENTED_EDGE('',*,*,#5005,.F.);
#3968=ORIENTED_EDGE('',*,*,#5305,.T.);
#3969=ORIENTED_EDGE('',*,*,#5128,.F.);
#3970=ORIENTED_EDGE('',*,*,#5306,.F.);
#3971=ORIENTED_EDGE('',*,*,#5111,.F.);
#3972=ORIENTED_EDGE('',*,*,#5307,.F.);
#3973=ORIENTED_EDGE('',*,*,#5142,.F.);
#3974=ORIENTED_EDGE('',*,*,#5307,.T.);
#3975=ORIENTED_EDGE('',*,*,#5110,.T.);
#3976=ORIENTED_EDGE('',*,*,#5308,.F.);
#3977=ORIENTED_EDGE('',*,*,#5309,.F.);
#3978=ORIENTED_EDGE('',*,*,#5100,.T.);
#3979=ORIENTED_EDGE('',*,*,#5306,.T.);
#3980=ORIENTED_EDGE('',*,*,#5310,.F.);
#3981=ORIENTED_EDGE('',*,*,#5311,.F.);
#3982=ORIENTED_EDGE('',*,*,#5308,.T.);
#3983=ORIENTED_EDGE('',*,*,#5109,.F.);
#3984=ORIENTED_EDGE('',*,*,#5312,.F.);
#3985=ORIENTED_EDGE('',*,*,#5189,.F.);
#3986=ORIENTED_EDGE('',*,*,#5309,.T.);
#3987=ORIENTED_EDGE('',*,*,#5188,.F.);
#3988=ORIENTED_EDGE('',*,*,#5313,.F.);
#3989=ORIENTED_EDGE('',*,*,#5143,.F.);
#3990=ORIENTED_EDGE('',*,*,#5314,.F.);
#3991=ORIENTED_EDGE('',*,*,#5140,.F.);
#3992=ORIENTED_EDGE('',*,*,#5315,.F.);
#3993=ORIENTED_EDGE('',*,*,#5017,.F.);
#3994=ORIENTED_EDGE('',*,*,#5310,.T.);
#3995=ORIENTED_EDGE('',*,*,#5141,.F.);
#3996=ORIENTED_EDGE('',*,*,#5316,.F.);
#3997=ORIENTED_EDGE('',*,*,#5198,.F.);
#3998=ORIENTED_EDGE('',*,*,#5311,.T.);
#3999=ORIENTED_EDGE('',*,*,#5201,.F.);
#4000=ORIENTED_EDGE('',*,*,#5317,.F.);
#4001=ORIENTED_EDGE('',*,*,#5101,.F.);
#4002=ORIENTED_EDGE('',*,*,#5312,.T.);
#4003=ORIENTED_EDGE('',*,*,#5108,.T.);
#4004=ORIENTED_EDGE('',*,*,#5318,.F.);
#4005=ORIENTED_EDGE('',*,*,#5319,.F.);
#4006=ORIENTED_EDGE('',*,*,#5315,.T.);
#4007=ORIENTED_EDGE('',*,*,#5313,.T.);
#4008=ORIENTED_EDGE('',*,*,#5320,.F.);
#4009=ORIENTED_EDGE('',*,*,#5018,.T.);
#4010=ORIENTED_EDGE('',*,*,#5314,.T.);
#4011=ORIENTED_EDGE('',*,*,#5016,.T.);
#4012=ORIENTED_EDGE('',*,*,#5321,.F.);
#4013=ORIENTED_EDGE('',*,*,#5316,.T.);
#4014=ORIENTED_EDGE('',*,*,#5102,.T.);
#4015=ORIENTED_EDGE('',*,*,#5317,.T.);
#4016=ORIENTED_EDGE('',*,*,#5322,.F.);
#4017=ORIENTED_EDGE('',*,*,#5323,.F.);
#4018=ORIENTED_EDGE('',*,*,#5318,.T.);
#4019=ORIENTED_EDGE('',*,*,#5107,.F.);
#4020=ORIENTED_EDGE('',*,*,#5324,.F.);
#4021=ORIENTED_EDGE('',*,*,#5193,.F.);
#4022=ORIENTED_EDGE('',*,*,#5319,.T.);
#4023=ORIENTED_EDGE('',*,*,#5192,.F.);
#4024=ORIENTED_EDGE('',*,*,#5325,.F.);
#4025=ORIENTED_EDGE('',*,*,#5186,.F.);
#4026=ORIENTED_EDGE('',*,*,#5320,.T.);
#4027=ORIENTED_EDGE('',*,*,#5187,.F.);
#4028=ORIENTED_EDGE('',*,*,#5326,.F.);
#4029=ORIENTED_EDGE('',*,*,#5019,.F.);
#4030=ORIENTED_EDGE('',*,*,#5321,.T.);
#4031=ORIENTED_EDGE('',*,*,#5015,.F.);
#4032=ORIENTED_EDGE('',*,*,#5327,.F.);
#4033=ORIENTED_EDGE('',*,*,#5199,.F.);
#4034=ORIENTED_EDGE('',*,*,#5322,.T.);
#4035=ORIENTED_EDGE('',*,*,#5200,.F.);
#4036=ORIENTED_EDGE('',*,*,#5328,.F.);
#4037=ORIENTED_EDGE('',*,*,#5194,.F.);
#4038=ORIENTED_EDGE('',*,*,#5323,.T.);
#4039=ORIENTED_EDGE('',*,*,#5197,.F.);
#4040=ORIENTED_EDGE('',*,*,#5329,.F.);
#4041=ORIENTED_EDGE('',*,*,#5103,.F.);
#4042=ORIENTED_EDGE('',*,*,#5330,.F.);
#4043=ORIENTED_EDGE('',*,*,#5105,.F.);
#4044=ORIENTED_EDGE('',*,*,#5331,.F.);
#4045=ORIENTED_EDGE('',*,*,#5144,.F.);
#4046=ORIENTED_EDGE('',*,*,#5106,.T.);
#4047=ORIENTED_EDGE('',*,*,#5330,.T.);
#4048=ORIENTED_EDGE('',*,*,#5332,.F.);
#4049=ORIENTED_EDGE('',*,*,#5324,.T.);
#4050=ORIENTED_EDGE('',*,*,#5326,.T.);
#4051=ORIENTED_EDGE('',*,*,#5325,.T.);
#4052=ORIENTED_EDGE('',*,*,#5333,.F.);
#4053=ORIENTED_EDGE('',*,*,#5020,.T.);
#4054=ORIENTED_EDGE('',*,*,#5327,.T.);
#4055=ORIENTED_EDGE('',*,*,#5014,.T.);
#4056=ORIENTED_EDGE('',*,*,#5334,.F.);
#4057=ORIENTED_EDGE('',*,*,#5328,.T.);
#4058=ORIENTED_EDGE('',*,*,#5104,.T.);
#4059=ORIENTED_EDGE('',*,*,#5329,.T.);
#4060=ORIENTED_EDGE('',*,*,#5335,.F.);
#4061=ORIENTED_EDGE('',*,*,#5331,.T.);
#4062=ORIENTED_EDGE('',*,*,#5332,.T.);
#4063=ORIENTED_EDGE('',*,*,#5147,.F.);
#4064=ORIENTED_EDGE('',*,*,#5336,.F.);
#4065=ORIENTED_EDGE('',*,*,#5190,.F.);
#4066=ORIENTED_EDGE('',*,*,#5333,.T.);
#4067=ORIENTED_EDGE('',*,*,#5191,.F.);
#4068=ORIENTED_EDGE('',*,*,#5337,.F.);
#4069=ORIENTED_EDGE('',*,*,#5021,.F.);
#4070=ORIENTED_EDGE('',*,*,#5334,.T.);
#4071=ORIENTED_EDGE('',*,*,#5013,.F.);
#4072=ORIENTED_EDGE('',*,*,#5338,.F.);
#4073=ORIENTED_EDGE('',*,*,#5195,.F.);
#4074=ORIENTED_EDGE('',*,*,#5335,.T.);
#4075=ORIENTED_EDGE('',*,*,#5196,.F.);
#4076=ORIENTED_EDGE('',*,*,#5339,.F.);
#4077=ORIENTED_EDGE('',*,*,#5145,.F.);
#4078=ORIENTED_EDGE('',*,*,#5337,.T.);
#4079=ORIENTED_EDGE('',*,*,#5336,.T.);
#4080=ORIENTED_EDGE('',*,*,#5340,.F.);
#4081=ORIENTED_EDGE('',*,*,#5022,.T.);
#4082=ORIENTED_EDGE('',*,*,#5338,.T.);
#4083=ORIENTED_EDGE('',*,*,#5012,.T.);
#4084=ORIENTED_EDGE('',*,*,#5341,.F.);
#4085=ORIENTED_EDGE('',*,*,#5339,.T.);
#4086=ORIENTED_EDGE('',*,*,#5340,.T.);
#4087=ORIENTED_EDGE('',*,*,#5146,.F.);
#4088=ORIENTED_EDGE('',*,*,#5341,.T.);
#4089=ORIENTED_EDGE('',*,*,#5023,.F.);
#4090=ORIENTED_EDGE('',*,*,#5342,.F.);
#4091=ORIENTED_EDGE('',*,*,#5099,.F.);
#4092=ORIENTED_EDGE('',*,*,#5343,.F.);
#4093=ORIENTED_EDGE('',*,*,#5154,.F.);
#4094=ORIENTED_EDGE('',*,*,#5088,.T.);
#4095=ORIENTED_EDGE('',*,*,#5342,.T.);
#4096=ORIENTED_EDGE('',*,*,#5344,.F.);
#4097=ORIENTED_EDGE('',*,*,#5345,.F.);
#4098=ORIENTED_EDGE('',*,*,#5343,.T.);
#4099=ORIENTED_EDGE('',*,*,#5098,.T.);
#4100=ORIENTED_EDGE('',*,*,#5346,.F.);
#4101=ORIENTED_EDGE('',*,*,#5347,.F.);
#4102=ORIENTED_EDGE('',*,*,#5344,.T.);
#4103=ORIENTED_EDGE('',*,*,#5153,.F.);
#4104=ORIENTED_EDGE('',*,*,#5348,.F.);
#4105=ORIENTED_EDGE('',*,*,#5182,.F.);
#4106=ORIENTED_EDGE('',*,*,#5345,.T.);
#4107=ORIENTED_EDGE('',*,*,#5185,.F.);
#4108=ORIENTED_EDGE('',*,*,#5349,.F.);
#4109=ORIENTED_EDGE('',*,*,#5089,.F.);
#4110=ORIENTED_EDGE('',*,*,#5346,.T.);
#4111=ORIENTED_EDGE('',*,*,#5097,.F.);
#4112=ORIENTED_EDGE('',*,*,#5350,.F.);
#4113=ORIENTED_EDGE('',*,*,#5173,.F.);
#4114=ORIENTED_EDGE('',*,*,#5347,.T.);
#4115=ORIENTED_EDGE('',*,*,#5172,.F.);
#4116=ORIENTED_EDGE('',*,*,#5351,.F.);
#4117=ORIENTED_EDGE('',*,*,#5155,.F.);
#4118=ORIENTED_EDGE('',*,*,#5352,.F.);
#4119=ORIENTED_EDGE('',*,*,#5029,.F.);
#4120=ORIENTED_EDGE('',*,*,#5353,.F.);
#4121=ORIENTED_EDGE('',*,*,#5152,.F.);
#4122=ORIENTED_EDGE('',*,*,#5353,.T.);
#4123=ORIENTED_EDGE('',*,*,#5028,.T.);
#4124=ORIENTED_EDGE('',*,*,#5354,.F.);
#4125=ORIENTED_EDGE('',*,*,#5348,.T.);
#4126=ORIENTED_EDGE('',*,*,#5090,.T.);
#4127=ORIENTED_EDGE('',*,*,#5349,.T.);
#4128=ORIENTED_EDGE('',*,*,#5355,.F.);
#4129=ORIENTED_EDGE('',*,*,#5356,.F.);
#4130=ORIENTED_EDGE('',*,*,#5350,.T.);
#4131=ORIENTED_EDGE('',*,*,#5096,.T.);
#4132=ORIENTED_EDGE('',*,*,#5357,.F.);
#4133=ORIENTED_EDGE('',*,*,#5358,.F.);
#4134=ORIENTED_EDGE('',*,*,#5352,.T.);
#4135=ORIENTED_EDGE('',*,*,#5351,.T.);
#4136=ORIENTED_EDGE('',*,*,#5359,.F.);
#4137=ORIENTED_EDGE('',*,*,#5030,.T.);
#4138=ORIENTED_EDGE('',*,*,#5354,.T.);
#4139=ORIENTED_EDGE('',*,*,#5027,.F.);
#4140=ORIENTED_EDGE('',*,*,#5360,.F.);
#4141=ORIENTED_EDGE('',*,*,#5183,.F.);
#4142=ORIENTED_EDGE('',*,*,#5355,.T.);
#4143=ORIENTED_EDGE('',*,*,#5184,.F.);
#4144=ORIENTED_EDGE('',*,*,#5361,.F.);
#4145=ORIENTED_EDGE('',*,*,#5178,.F.);
#4146=ORIENTED_EDGE('',*,*,#5356,.T.);
#4147=ORIENTED_EDGE('',*,*,#5181,.F.);
#4148=ORIENTED_EDGE('',*,*,#5362,.F.);
#4149=ORIENTED_EDGE('',*,*,#5091,.F.);
#4150=ORIENTED_EDGE('',*,*,#5363,.F.);
#4151=ORIENTED_EDGE('',*,*,#5093,.F.);
#4152=ORIENTED_EDGE('',*,*,#5364,.F.);
#4153=ORIENTED_EDGE('',*,*,#5148,.F.);
#4154=ORIENTED_EDGE('',*,*,#5357,.T.);
#4155=ORIENTED_EDGE('',*,*,#5095,.F.);
#4156=ORIENTED_EDGE('',*,*,#5365,.F.);
#4157=ORIENTED_EDGE('',*,*,#5177,.F.);
#4158=ORIENTED_EDGE('',*,*,#5358,.T.);
#4159=ORIENTED_EDGE('',*,*,#5176,.F.);
#4160=ORIENTED_EDGE('',*,*,#5366,.F.);
#4161=ORIENTED_EDGE('',*,*,#5170,.F.);
#4162=ORIENTED_EDGE('',*,*,#5359,.T.);
#4163=ORIENTED_EDGE('',*,*,#5171,.F.);
#4164=ORIENTED_EDGE('',*,*,#5367,.F.);
#4165=ORIENTED_EDGE('',*,*,#5031,.F.);
#4166=ORIENTED_EDGE('',*,*,#5360,.T.);
#4167=ORIENTED_EDGE('',*,*,#5026,.T.);
#4168=ORIENTED_EDGE('',*,*,#5368,.F.);
#4169=ORIENTED_EDGE('',*,*,#5361,.T.);
#4170=ORIENTED_EDGE('',*,*,#5092,.T.);
#4171=ORIENTED_EDGE('',*,*,#5362,.T.);
#4172=ORIENTED_EDGE('',*,*,#5369,.F.);
#4173=ORIENTED_EDGE('',*,*,#5364,.T.);
#4174=ORIENTED_EDGE('',*,*,#5094,.T.);
#4175=ORIENTED_EDGE('',*,*,#5363,.T.);
#4176=ORIENTED_EDGE('',*,*,#5370,.F.);
#4177=ORIENTED_EDGE('',*,*,#5365,.T.);
#4178=ORIENTED_EDGE('',*,*,#5367,.T.);
#4179=ORIENTED_EDGE('',*,*,#5366,.T.);
#4180=ORIENTED_EDGE('',*,*,#5371,.F.);
#4181=ORIENTED_EDGE('',*,*,#5032,.T.);
#4182=ORIENTED_EDGE('',*,*,#5368,.T.);
#4183=ORIENTED_EDGE('',*,*,#5025,.F.);
#4184=ORIENTED_EDGE('',*,*,#5372,.F.);
#4185=ORIENTED_EDGE('',*,*,#5179,.F.);
#4186=ORIENTED_EDGE('',*,*,#5369,.T.);
#4187=ORIENTED_EDGE('',*,*,#5180,.F.);
#4188=ORIENTED_EDGE('',*,*,#5373,.F.);
#4189=ORIENTED_EDGE('',*,*,#5149,.F.);
#4190=ORIENTED_EDGE('',*,*,#5370,.T.);
#4191=ORIENTED_EDGE('',*,*,#5151,.F.);
#4192=ORIENTED_EDGE('',*,*,#5374,.F.);
#4193=ORIENTED_EDGE('',*,*,#5174,.F.);
#4194=ORIENTED_EDGE('',*,*,#5371,.T.);
#4195=ORIENTED_EDGE('',*,*,#5175,.F.);
#4196=ORIENTED_EDGE('',*,*,#5375,.F.);
#4197=ORIENTED_EDGE('',*,*,#5033,.F.);
#4198=ORIENTED_EDGE('',*,*,#5372,.T.);
#4199=ORIENTED_EDGE('',*,*,#5024,.T.);
#4200=ORIENTED_EDGE('',*,*,#5376,.F.);
#4201=ORIENTED_EDGE('',*,*,#5373,.T.);
#4202=ORIENTED_EDGE('',*,*,#5375,.T.);
#4203=ORIENTED_EDGE('',*,*,#5374,.T.);
#4204=ORIENTED_EDGE('',*,*,#5377,.F.);
#4205=ORIENTED_EDGE('',*,*,#5034,.T.);
#4206=ORIENTED_EDGE('',*,*,#5376,.T.);
#4207=ORIENTED_EDGE('',*,*,#5035,.F.);
#4208=ORIENTED_EDGE('',*,*,#5377,.T.);
#4209=ORIENTED_EDGE('',*,*,#5150,.F.);
#4210=ORIENTED_EDGE('',*,*,#5053,.F.);
#4211=ORIENTED_EDGE('',*,*,#5166,.F.);
#4212=ORIENTED_EDGE('',*,*,#5073,.F.);
#4213=ORIENTED_EDGE('',*,*,#5164,.F.);
#4214=ORIENTED_EDGE('',*,*,#5055,.F.);
#4215=ORIENTED_EDGE('',*,*,#5165,.F.);
#4216=ORIENTED_EDGE('',*,*,#5071,.F.);
#4217=ORIENTED_EDGE('',*,*,#5168,.F.);
#4218=ORIENTED_EDGE('',*,*,#5051,.F.);
#4219=ORIENTED_EDGE('',*,*,#5163,.F.);
#4220=ORIENTED_EDGE('',*,*,#5075,.F.);
#4221=ORIENTED_EDGE('',*,*,#5167,.F.);
#4222=ORIENTED_EDGE('',*,*,#5057,.F.);
#4223=ORIENTED_EDGE('',*,*,#5169,.F.);
#4224=ORIENTED_EDGE('',*,*,#5069,.F.);
#4225=ORIENTED_EDGE('',*,*,#5159,.F.);
#4226=ORIENTED_EDGE('',*,*,#5378,.F.);
#4227=ORIENTED_EDGE('',*,*,#5379,.T.);
#4228=ORIENTED_EDGE('',*,*,#5066,.T.);
#4229=ORIENTED_EDGE('',*,*,#5380,.F.);
#4230=ORIENTED_EDGE('',*,*,#5065,.T.);
#4231=ORIENTED_EDGE('',*,*,#5381,.F.);
#4232=ORIENTED_EDGE('',*,*,#5382,.F.);
#4233=ORIENTED_EDGE('',*,*,#5380,.T.);
#4234=ORIENTED_EDGE('',*,*,#5064,.F.);
#4235=ORIENTED_EDGE('',*,*,#5383,.T.);
#4236=ORIENTED_EDGE('',*,*,#5384,.T.);
#4237=ORIENTED_EDGE('',*,*,#5381,.T.);
#4238=ORIENTED_EDGE('',*,*,#5384,.F.);
#4239=ORIENTED_EDGE('',*,*,#5385,.T.);
#4240=ORIENTED_EDGE('',*,*,#5378,.T.);
#4241=ORIENTED_EDGE('',*,*,#5382,.T.);
#4242=ORIENTED_EDGE('',*,*,#5161,.F.);
#4243=ORIENTED_EDGE('',*,*,#5386,.T.);
#4244=ORIENTED_EDGE('',*,*,#5385,.F.);
#4245=ORIENTED_EDGE('',*,*,#5387,.T.);
#4246=ORIENTED_EDGE('',*,*,#5387,.F.);
#4247=ORIENTED_EDGE('',*,*,#5383,.F.);
#4248=ORIENTED_EDGE('',*,*,#5063,.F.);
#4249=ORIENTED_EDGE('',*,*,#5162,.F.);
#4250=ORIENTED_EDGE('',*,*,#5386,.F.);
#4251=ORIENTED_EDGE('',*,*,#5160,.F.);
#4252=ORIENTED_EDGE('',*,*,#5067,.F.);
#4253=ORIENTED_EDGE('',*,*,#5379,.F.);
#4254=ORIENTED_EDGE('',*,*,#5388,.F.);
#4255=ORIENTED_EDGE('',*,*,#5389,.T.);
#4256=ORIENTED_EDGE('',*,*,#5048,.T.);
#4257=ORIENTED_EDGE('',*,*,#5390,.F.);
#4258=ORIENTED_EDGE('',*,*,#5061,.F.);
#4259=ORIENTED_EDGE('',*,*,#5391,.F.);
#4260=ORIENTED_EDGE('',*,*,#5392,.T.);
#4261=ORIENTED_EDGE('',*,*,#5390,.T.);
#4262=ORIENTED_EDGE('',*,*,#5060,.F.);
#4263=ORIENTED_EDGE('',*,*,#5393,.T.);
#4264=ORIENTED_EDGE('',*,*,#5394,.T.);
#4265=ORIENTED_EDGE('',*,*,#5391,.T.);
#4266=ORIENTED_EDGE('',*,*,#5394,.F.);
#4267=ORIENTED_EDGE('',*,*,#5395,.T.);
#4268=ORIENTED_EDGE('',*,*,#5388,.T.);
#4269=ORIENTED_EDGE('',*,*,#5392,.F.);
#4270=ORIENTED_EDGE('',*,*,#5395,.F.);
#4271=ORIENTED_EDGE('',*,*,#5396,.T.);
#4272=ORIENTED_EDGE('',*,*,#5157,.F.);
#4273=ORIENTED_EDGE('',*,*,#5397,.T.);
#4274=ORIENTED_EDGE('',*,*,#5397,.F.);
#4275=ORIENTED_EDGE('',*,*,#5156,.F.);
#4276=ORIENTED_EDGE('',*,*,#5049,.F.);
#4277=ORIENTED_EDGE('',*,*,#5389,.F.);
#4278=ORIENTED_EDGE('',*,*,#5396,.F.);
#4279=ORIENTED_EDGE('',*,*,#5393,.F.);
#4280=ORIENTED_EDGE('',*,*,#5059,.F.);
#4281=ORIENTED_EDGE('',*,*,#5158,.F.);
#4282=EDGE_CURVE('',#5398,#5398,#6078,.T.);
#4283=EDGE_CURVE('',#5399,#5399,#6079,.T.);
#4284=EDGE_CURVE('',#5400,#5400,#6080,.T.);
#4285=EDGE_CURVE('',#5401,#5401,#6081,.T.);
#4286=EDGE_CURVE('',#5402,#5403,#234,.T.);
#4287=EDGE_CURVE('',#5404,#5402,#235,.T.);
#4288=EDGE_CURVE('',#5405,#5404,#236,.T.);
#4289=EDGE_CURVE('',#5406,#5405,#237,.F.);
#4290=EDGE_CURVE('',#5407,#5406,#238,.T.);
#4291=EDGE_CURVE('',#5408,#5407,#239,.T.);
#4292=EDGE_CURVE('',#5408,#5409,#240,.T.);
#4293=EDGE_CURVE('',#5410,#5409,#241,.F.);
#4294=EDGE_CURVE('',#5411,#5410,#242,.T.);
#4295=EDGE_CURVE('',#5412,#5411,#243,.F.);
#4296=EDGE_CURVE('',#5412,#5413,#244,.T.);
#4297=EDGE_CURVE('',#5413,#5414,#245,.T.);
#4298=EDGE_CURVE('',#5415,#5414,#246,.T.);
#4299=EDGE_CURVE('',#5403,#5415,#247,.T.);
#4300=EDGE_CURVE('',#5416,#5417,#248,.T.);
#4301=EDGE_CURVE('',#5418,#5416,#6082,.T.);
#4302=EDGE_CURVE('',#5418,#5419,#249,.T.);
#4303=EDGE_CURVE('',#5417,#5419,#6083,.T.);
#4304=EDGE_CURVE('',#5420,#5421,#250,.T.);
#4305=EDGE_CURVE('',#5420,#5422,#6084,.T.);
#4306=EDGE_CURVE('',#5422,#5423,#251,.T.);
#4307=EDGE_CURVE('',#5421,#5423,#6085,.T.);
#4308=EDGE_CURVE('',#5424,#5425,#252,.T.);
#4309=EDGE_CURVE('',#5426,#5424,#6086,.T.);
#4310=EDGE_CURVE('',#5426,#5427,#253,.T.);
#4311=EDGE_CURVE('',#5425,#5427,#6087,.T.);
#4312=EDGE_CURVE('',#5428,#5429,#254,.T.);
#4313=EDGE_CURVE('',#5428,#5430,#6088,.T.);
#4314=EDGE_CURVE('',#5430,#5431,#255,.T.);
#4315=EDGE_CURVE('',#5429,#5431,#6089,.T.);
#4316=EDGE_CURVE('',#5432,#5418,#256,.T.);
#4317=EDGE_CURVE('',#5433,#5432,#257,.T.);
#4318=EDGE_CURVE('',#5419,#5433,#258,.T.);
#4319=EDGE_CURVE('',#5434,#5435,#259,.T.);
#4320=EDGE_CURVE('',#5434,#5416,#260,.T.);
#4321=EDGE_CURVE('',#5435,#5417,#261,.T.);
#4322=EDGE_CURVE('',#5436,#5430,#262,.T.);
#4323=EDGE_CURVE('',#5437,#5436,#263,.T.);
#4324=EDGE_CURVE('',#5431,#5437,#264,.T.);
#4325=EDGE_CURVE('',#5438,#5439,#265,.T.);
#4326=EDGE_CURVE('',#5438,#5428,#266,.T.);
#4327=EDGE_CURVE('',#5439,#5429,#267,.T.);
#4328=EDGE_CURVE('',#5440,#5426,#268,.T.);
#4329=EDGE_CURVE('',#5441,#5440,#269,.T.);
#4330=EDGE_CURVE('',#5427,#5441,#270,.T.);
#4331=EDGE_CURVE('',#5442,#5442,#6090,.F.);
#4332=EDGE_CURVE('',#5443,#5424,#271,.T.);
#4333=EDGE_CURVE('',#5440,#5443,#272,.T.);
#4334=EDGE_CURVE('',#5443,#5444,#273,.T.);
#4335=EDGE_CURVE('',#5444,#5425,#274,.T.);
#4336=EDGE_CURVE('',#5445,#5422,#275,.T.);
#4337=EDGE_CURVE('',#5446,#5445,#276,.T.);
#4338=EDGE_CURVE('',#5423,#5446,#277,.T.);
#4339=EDGE_CURVE('',#5447,#5447,#6091,.F.);
#4340=EDGE_CURVE('',#5448,#5420,#278,.T.);
#4341=EDGE_CURVE('',#5445,#5448,#279,.T.);
#4342=EDGE_CURVE('',#5448,#5449,#280,.T.);
#4343=EDGE_CURVE('',#5449,#5421,#281,.T.);
#4344=EDGE_CURVE('',#5450,#5451,#282,.T.);
#4345=EDGE_CURVE('',#5452,#5450,#283,.T.);
#4346=EDGE_CURVE('',#5453,#5452,#6092,.F.);
#4347=EDGE_CURVE('',#5454,#5453,#284,.T.);
#4348=EDGE_CURVE('',#5455,#5454,#285,.T.);
#4349=EDGE_CURVE('',#5456,#5455,#286,.T.);
#4350=EDGE_CURVE('',#5457,#5456,#6093,.F.);
#4351=EDGE_CURVE('',#5458,#5457,#287,.T.);
#4352=EDGE_CURVE('',#5459,#5458,#288,.T.);
#4353=EDGE_CURVE('',#5460,#5459,#289,.T.);
#4354=EDGE_CURVE('',#5461,#5460,#290,.T.);
#4355=EDGE_CURVE('',#5462,#5461,#291,.T.);
#4356=EDGE_CURVE('',#5463,#5462,#6094,.F.);
#4357=EDGE_CURVE('',#5464,#5463,#292,.T.);
#4358=EDGE_CURVE('',#5465,#5464,#293,.T.);
#4359=EDGE_CURVE('',#5466,#5465,#294,.T.);
#4360=EDGE_CURVE('',#5467,#5466,#6095,.F.);
#4361=EDGE_CURVE('',#5468,#5467,#295,.T.);
#4362=EDGE_CURVE('',#5469,#5468,#296,.T.);
#4363=EDGE_CURVE('',#5451,#5469,#297,.T.);
#4364=EDGE_CURVE('',#5470,#5471,#298,.T.);
#4365=EDGE_CURVE('',#5411,#5470,#299,.T.);
#4366=EDGE_CURVE('',#5472,#5410,#300,.T.);
#4367=EDGE_CURVE('',#5473,#5472,#301,.T.);
#4368=EDGE_CURVE('',#5402,#5473,#302,.T.);
#4369=EDGE_CURVE('',#5471,#5403,#303,.T.);
#4370=EDGE_CURVE('',#5474,#5406,#304,.T.);
#4371=EDGE_CURVE('',#5475,#5474,#305,.T.);
#4372=EDGE_CURVE('',#5407,#5475,#306,.T.);
#4373=EDGE_CURVE('',#5476,#5477,#307,.T.);
#4374=EDGE_CURVE('',#5478,#5476,#308,.T.);
#4375=EDGE_CURVE('',#5479,#5478,#309,.T.);
#4376=EDGE_CURVE('',#5480,#5479,#310,.T.);
#4377=EDGE_CURVE('',#5481,#5480,#311,.T.);
#4378=EDGE_CURVE('',#5482,#5481,#312,.T.);
#4379=EDGE_CURVE('',#5483,#5482,#313,.T.);
#4380=EDGE_CURVE('',#5484,#5483,#314,.T.);
#4381=EDGE_CURVE('',#5485,#5484,#315,.T.);
#4382=EDGE_CURVE('',#5409,#5485,#316,.T.);
#4383=EDGE_CURVE('',#5477,#5408,#317,.T.);
#4384=EDGE_CURVE('',#5486,#5404,#318,.T.);
#4385=EDGE_CURVE('',#5487,#5486,#319,.T.);
#4386=EDGE_CURVE('',#5488,#5487,#320,.T.);
#4387=EDGE_CURVE('',#5489,#5488,#321,.T.);
#4388=EDGE_CURVE('',#5490,#5489,#322,.T.);
#4389=EDGE_CURVE('',#5491,#5490,#323,.T.);
#4390=EDGE_CURVE('',#5492,#5491,#324,.T.);
#4391=EDGE_CURVE('',#5493,#5492,#325,.T.);
#4392=EDGE_CURVE('',#5494,#5493,#326,.T.);
#4393=EDGE_CURVE('',#5495,#5494,#327,.T.);
#4394=EDGE_CURVE('',#5405,#5495,#328,.T.);
#4395=EDGE_CURVE('',#5496,#5496,#6096,.F.);
#4396=EDGE_CURVE('',#5432,#5434,#329,.T.);
#4397=EDGE_CURVE('',#5497,#5497,#6097,.F.);
#4398=EDGE_CURVE('',#5436,#5438,#330,.T.);
#4399=EDGE_CURVE('',#5498,#5498,#6098,.T.);
#4400=EDGE_CURVE('',#5499,#5499,#6099,.T.);
#4401=EDGE_CURVE('',#5500,#5500,#6100,.T.);
#4402=EDGE_CURVE('',#5501,#5501,#6101,.T.);
#4403=EDGE_CURVE('',#5473,#5486,#331,.T.);
#4404=EDGE_CURVE('',#5473,#5459,#332,.F.);
#4405=EDGE_CURVE('',#5459,#5486,#333,.T.);
#4406=EDGE_CURVE('',#5458,#5487,#334,.F.);
#4407=EDGE_CURVE('',#5472,#5460,#335,.T.);
#4408=EDGE_CURVE('',#5485,#5472,#336,.F.);
#4409=EDGE_CURVE('',#5458,#5433,#337,.T.);
#4410=EDGE_CURVE('',#5433,#5487,#338,.T.);
#4411=EDGE_CURVE('',#5485,#5460,#339,.F.);
#4412=EDGE_CURVE('',#5432,#5488,#340,.F.);
#4413=EDGE_CURVE('',#5457,#5419,#341,.T.);
#4414=EDGE_CURVE('',#5484,#5461,#342,.T.);
#4415=EDGE_CURVE('',#5434,#5489,#343,.T.);
#4416=EDGE_CURVE('',#5456,#5417,#344,.T.);
#4417=EDGE_CURVE('',#5484,#5449,#345,.T.);
#4418=EDGE_CURVE('',#5449,#5461,#346,.F.);
#4419=EDGE_CURVE('',#5435,#5490,#347,.T.);
#4420=EDGE_CURVE('',#5455,#5435,#348,.T.);
#4421=EDGE_CURVE('',#5421,#5462,#349,.T.);
#4422=EDGE_CURVE('',#5483,#5448,#350,.F.);
#4423=EDGE_CURVE('',#5455,#5490,#351,.T.);
#4424=EDGE_CURVE('',#5423,#5463,#352,.T.);
#4425=EDGE_CURVE('',#5482,#5445,#353,.T.);
#4426=EDGE_CURVE('',#5454,#5491,#354,.F.);
#4427=EDGE_CURVE('',#5446,#5464,#355,.F.);
#4428=EDGE_CURVE('',#5481,#5446,#356,.T.);
#4429=EDGE_CURVE('',#5454,#5437,#357,.T.);
#4430=EDGE_CURVE('',#5437,#5491,#358,.T.);
#4431=EDGE_CURVE('',#5481,#5464,#359,.F.);
#4432=EDGE_CURVE('',#5436,#5492,#360,.T.);
#4433=EDGE_CURVE('',#5453,#5431,#361,.T.);
#4434=EDGE_CURVE('',#5480,#5465,#362,.T.);
#4435=EDGE_CURVE('',#5438,#5493,#363,.F.);
#4436=EDGE_CURVE('',#5452,#5429,#364,.T.);
#4437=EDGE_CURVE('',#5480,#5444,#365,.T.);
#4438=EDGE_CURVE('',#5444,#5465,#366,.F.);
#4439=EDGE_CURVE('',#5439,#5494,#367,.T.);
#4440=EDGE_CURVE('',#5450,#5439,#368,.T.);
#4441=EDGE_CURVE('',#5425,#5466,#369,.T.);
#4442=EDGE_CURVE('',#5479,#5443,#370,.T.);
#4443=EDGE_CURVE('',#5450,#5494,#371,.T.);
#4444=EDGE_CURVE('',#5427,#5467,#372,.T.);
#4445=EDGE_CURVE('',#5478,#5440,#373,.F.);
#4446=EDGE_CURVE('',#5495,#5474,#374,.F.);
#4447=EDGE_CURVE('',#5451,#5495,#375,.F.);
#4448=EDGE_CURVE('',#5441,#5468,#376,.F.);
#4449=EDGE_CURVE('',#5476,#5441,#377,.T.);
#4450=EDGE_CURVE('',#5451,#5474,#378,.T.);
#4451=EDGE_CURVE('',#5476,#5468,#379,.F.);
#4452=EDGE_CURVE('',#5469,#5475,#380,.F.);
#4453=EDGE_CURVE('',#5477,#5469,#381,.T.);
#4454=EDGE_CURVE('',#5477,#5475,#382,.F.);
#4455=EDGE_CURVE('',#5502,#5503,#383,.T.);
#4456=EDGE_CURVE('',#5503,#5413,#384,.T.);
#4457=EDGE_CURVE('',#5502,#5412,#385,.T.);
#4458=EDGE_CURVE('',#5503,#5504,#386,.T.);
#4459=EDGE_CURVE('',#5504,#5414,#387,.T.);
#4460=EDGE_CURVE('',#5505,#5504,#388,.T.);
#4461=EDGE_CURVE('',#5415,#5505,#389,.T.);
#4462=EDGE_CURVE('',#5505,#5502,#390,.T.);
#4463=EDGE_CURVE('',#5470,#5502,#391,.F.);
#4464=EDGE_CURVE('',#5505,#5471,#392,.T.);
#4465=EDGE_CURVE('',#5506,#5506,#6102,.T.);
#4466=EDGE_CURVE('',#5507,#5507,#6103,.T.);
#4467=EDGE_CURVE('',#5508,#5508,#6104,.T.);
#4468=EDGE_CURVE('',#5509,#5509,#6105,.T.);
#4469=EDGE_CURVE('',#5510,#5511,#393,.T.);
#4470=EDGE_CURVE('',#5511,#5512,#394,.T.);
#4471=EDGE_CURVE('',#5512,#5513,#395,.T.);
#4472=EDGE_CURVE('',#5514,#5513,#396,.T.);
#4473=EDGE_CURVE('',#5515,#5514,#397,.T.);
#4474=EDGE_CURVE('',#5515,#5516,#398,.F.);
#4475=EDGE_CURVE('',#5516,#5517,#399,.T.);
#4476=EDGE_CURVE('',#5517,#5518,#400,.F.);
#4477=EDGE_CURVE('',#5519,#5518,#401,.T.);
#4478=EDGE_CURVE('',#5519,#5520,#402,.T.);
#4479=EDGE_CURVE('',#5520,#5521,#403,.T.);
#4480=EDGE_CURVE('',#5521,#5522,#404,.F.);
#4481=EDGE_CURVE('',#5522,#5523,#405,.T.);
#4482=EDGE_CURVE('',#5523,#5510,#406,.T.);
#4483=EDGE_CURVE('',#5524,#5525,#407,.T.);
#4484=EDGE_CURVE('',#5525,#5526,#6106,.T.);
#4485=EDGE_CURVE('',#5527,#5526,#408,.T.);
#4486=EDGE_CURVE('',#5527,#5524,#6107,.T.);
#4487=EDGE_CURVE('',#5528,#5529,#409,.T.);
#4488=EDGE_CURVE('',#5529,#5530,#6108,.T.);
#4489=EDGE_CURVE('',#5531,#5530,#410,.T.);
#4490=EDGE_CURVE('',#5528,#5531,#6109,.T.);
#4491=EDGE_CURVE('',#5532,#5533,#411,.T.);
#4492=EDGE_CURVE('',#5533,#5534,#6110,.T.);
#4493=EDGE_CURVE('',#5535,#5534,#412,.T.);
#4494=EDGE_CURVE('',#5535,#5532,#6111,.T.);
#4495=EDGE_CURVE('',#5536,#5537,#413,.T.);
#4496=EDGE_CURVE('',#5537,#5538,#6112,.T.);
#4497=EDGE_CURVE('',#5539,#5538,#414,.T.);
#4498=EDGE_CURVE('',#5536,#5539,#6113,.T.);
#4499=EDGE_CURVE('',#5526,#5540,#415,.T.);
#4500=EDGE_CURVE('',#5540,#5541,#416,.T.);
#4501=EDGE_CURVE('',#5541,#5527,#417,.T.);
#4502=EDGE_CURVE('',#5542,#5543,#418,.T.);
#4503=EDGE_CURVE('',#5543,#5525,#419,.T.);
#4504=EDGE_CURVE('',#5542,#5524,#420,.T.);
#4505=EDGE_CURVE('',#5538,#5544,#421,.T.);
#4506=EDGE_CURVE('',#5544,#5545,#422,.T.);
#4507=EDGE_CURVE('',#5545,#5539,#423,.T.);
#4508=EDGE_CURVE('',#5546,#5547,#424,.T.);
#4509=EDGE_CURVE('',#5547,#5537,#425,.T.);
#4510=EDGE_CURVE('',#5546,#5536,#426,.T.);
#4511=EDGE_CURVE('',#5534,#5548,#427,.T.);
#4512=EDGE_CURVE('',#5548,#5549,#428,.T.);
#4513=EDGE_CURVE('',#5549,#5535,#429,.T.);
#4514=EDGE_CURVE('',#5550,#5550,#6114,.F.);
#4515=EDGE_CURVE('',#5549,#5551,#430,.T.);
#4516=EDGE_CURVE('',#5551,#5532,#431,.T.);
#4517=EDGE_CURVE('',#5551,#5552,#432,.T.);
#4518=EDGE_CURVE('',#5552,#5533,#433,.T.);
#4519=EDGE_CURVE('',#5530,#5553,#434,.T.);
#4520=EDGE_CURVE('',#5553,#5554,#435,.T.);
#4521=EDGE_CURVE('',#5554,#5531,#436,.T.);
#4522=EDGE_CURVE('',#5555,#5555,#6115,.F.);
#4523=EDGE_CURVE('',#5554,#5556,#437,.T.);
#4524=EDGE_CURVE('',#5556,#5528,#438,.T.);
#4525=EDGE_CURVE('',#5556,#5557,#439,.T.);
#4526=EDGE_CURVE('',#5557,#5529,#440,.T.);
#4527=EDGE_CURVE('',#5558,#5559,#441,.T.);
#4528=EDGE_CURVE('',#5559,#5560,#442,.T.);
#4529=EDGE_CURVE('',#5560,#5561,#443,.T.);
#4530=EDGE_CURVE('',#5561,#5562,#444,.T.);
#4531=EDGE_CURVE('',#5562,#5563,#6116,.F.);
#4532=EDGE_CURVE('',#5563,#5564,#445,.T.);
#4533=EDGE_CURVE('',#5564,#5565,#446,.T.);
#4534=EDGE_CURVE('',#5565,#5566,#447,.T.);
#4535=EDGE_CURVE('',#5566,#5567,#6117,.F.);
#4536=EDGE_CURVE('',#5567,#5568,#448,.T.);
#4537=EDGE_CURVE('',#5568,#5569,#449,.T.);
#4538=EDGE_CURVE('',#5569,#5570,#450,.T.);
#4539=EDGE_CURVE('',#5570,#5571,#451,.T.);
#4540=EDGE_CURVE('',#5571,#5572,#452,.T.);
#4541=EDGE_CURVE('',#5572,#5573,#6118,.F.);
#4542=EDGE_CURVE('',#5573,#5574,#453,.T.);
#4543=EDGE_CURVE('',#5574,#5575,#454,.T.);
#4544=EDGE_CURVE('',#5575,#5576,#455,.T.);
#4545=EDGE_CURVE('',#5576,#5577,#6119,.F.);
#4546=EDGE_CURVE('',#5577,#5558,#456,.T.);
#4547=EDGE_CURVE('',#5578,#5579,#457,.T.);
#4548=EDGE_CURVE('',#5579,#5511,#458,.T.);
#4549=EDGE_CURVE('',#5510,#5580,#459,.T.);
#4550=EDGE_CURVE('',#5580,#5581,#460,.T.);
#4551=EDGE_CURVE('',#5581,#5517,#461,.T.);
#4552=EDGE_CURVE('',#5516,#5578,#462,.T.);
#4553=EDGE_CURVE('',#5520,#5582,#463,.T.);
#4554=EDGE_CURVE('',#5582,#5583,#464,.T.);
#4555=EDGE_CURVE('',#5583,#5521,#465,.T.);
#4556=EDGE_CURVE('',#5584,#5585,#466,.T.);
#4557=EDGE_CURVE('',#5585,#5519,#467,.T.);
#4558=EDGE_CURVE('',#5518,#5586,#468,.T.);
#4559=EDGE_CURVE('',#5586,#5587,#469,.T.);
#4560=EDGE_CURVE('',#5587,#5588,#470,.T.);
#4561=EDGE_CURVE('',#5588,#5589,#471,.T.);
#4562=EDGE_CURVE('',#5589,#5590,#472,.T.);
#4563=EDGE_CURVE('',#5590,#5591,#473,.T.);
#4564=EDGE_CURVE('',#5591,#5592,#474,.T.);
#4565=EDGE_CURVE('',#5592,#5593,#475,.T.);
#4566=EDGE_CURVE('',#5593,#5584,#476,.T.);
#4567=EDGE_CURVE('',#5522,#5594,#477,.T.);
#4568=EDGE_CURVE('',#5594,#5595,#478,.T.);
#4569=EDGE_CURVE('',#5595,#5596,#479,.T.);
#4570=EDGE_CURVE('',#5596,#5597,#480,.T.);
#4571=EDGE_CURVE('',#5597,#5598,#481,.T.);
#4572=EDGE_CURVE('',#5598,#5599,#482,.T.);
#4573=EDGE_CURVE('',#5599,#5600,#483,.T.);
#4574=EDGE_CURVE('',#5600,#5601,#484,.T.);
#4575=EDGE_CURVE('',#5601,#5602,#485,.T.);
#4576=EDGE_CURVE('',#5602,#5603,#486,.T.);
#4577=EDGE_CURVE('',#5603,#5523,#487,.T.);
#4578=EDGE_CURVE('',#5604,#5604,#6120,.F.);
#4579=EDGE_CURVE('',#5541,#5542,#488,.T.);
#4580=EDGE_CURVE('',#5605,#5605,#6121,.F.);
#4581=EDGE_CURVE('',#5545,#5546,#489,.T.);
#4582=EDGE_CURVE('',#5606,#5606,#6122,.T.);
#4583=EDGE_CURVE('',#5607,#5607,#6123,.T.);
#4584=EDGE_CURVE('',#5608,#5608,#6124,.T.);
#4585=EDGE_CURVE('',#5609,#5609,#6125,.T.);
#4586=EDGE_CURVE('',#5580,#5603,#490,.T.);
#4587=EDGE_CURVE('',#5580,#5570,#491,.F.);
#4588=EDGE_CURVE('',#5570,#5603,#492,.T.);
#4589=EDGE_CURVE('',#5571,#5602,#493,.F.);
#4590=EDGE_CURVE('',#5581,#5569,#494,.T.);
#4591=EDGE_CURVE('',#5586,#5581,#495,.F.);
#4592=EDGE_CURVE('',#5571,#5540,#496,.T.);
#4593=EDGE_CURVE('',#5540,#5602,#497,.T.);
#4594=EDGE_CURVE('',#5586,#5569,#498,.F.);
#4595=EDGE_CURVE('',#5541,#5601,#499,.F.);
#4596=EDGE_CURVE('',#5572,#5526,#500,.T.);
#4597=EDGE_CURVE('',#5587,#5568,#501,.T.);
#4598=EDGE_CURVE('',#5542,#5600,#502,.T.);
#4599=EDGE_CURVE('',#5573,#5525,#503,.T.);
#4600=EDGE_CURVE('',#5587,#5557,#504,.T.);
#4601=EDGE_CURVE('',#5557,#5568,#505,.F.);
#4602=EDGE_CURVE('',#5543,#5599,#506,.T.);
#4603=EDGE_CURVE('',#5574,#5543,#507,.T.);
#4604=EDGE_CURVE('',#5529,#5567,#508,.T.);
#4605=EDGE_CURVE('',#5588,#5556,#509,.F.);
#4606=EDGE_CURVE('',#5574,#5599,#510,.T.);
#4607=EDGE_CURVE('',#5530,#5566,#511,.T.);
#4608=EDGE_CURVE('',#5589,#5554,#512,.T.);
#4609=EDGE_CURVE('',#5575,#5598,#513,.F.);
#4610=EDGE_CURVE('',#5553,#5565,#514,.F.);
#4611=EDGE_CURVE('',#5590,#5553,#515,.T.);
#4612=EDGE_CURVE('',#5575,#5544,#516,.T.);
#4613=EDGE_CURVE('',#5544,#5598,#517,.T.);
#4614=EDGE_CURVE('',#5590,#5565,#518,.F.);
#4615=EDGE_CURVE('',#5545,#5597,#519,.T.);
#4616=EDGE_CURVE('',#5576,#5538,#520,.T.);
#4617=EDGE_CURVE('',#5591,#5564,#521,.T.);
#4618=EDGE_CURVE('',#5546,#5596,#522,.F.);
#4619=EDGE_CURVE('',#5577,#5537,#523,.T.);
#4620=EDGE_CURVE('',#5591,#5552,#524,.T.);
#4621=EDGE_CURVE('',#5552,#5564,#525,.F.);
#4622=EDGE_CURVE('',#5547,#5595,#526,.T.);
#4623=EDGE_CURVE('',#5558,#5547,#527,.T.);
#4624=EDGE_CURVE('',#5533,#5563,#528,.T.);
#4625=EDGE_CURVE('',#5592,#5551,#529,.T.);
#4626=EDGE_CURVE('',#5558,#5595,#530,.T.);
#4627=EDGE_CURVE('',#5534,#5562,#531,.T.);
#4628=EDGE_CURVE('',#5593,#5549,#532,.F.);
#4629=EDGE_CURVE('',#5594,#5583,#533,.F.);
#4630=EDGE_CURVE('',#5559,#5594,#534,.F.);
#4631=EDGE_CURVE('',#5548,#5561,#535,.F.);
#4632=EDGE_CURVE('',#5584,#5548,#536,.T.);
#4633=EDGE_CURVE('',#5559,#5583,#537,.T.);
#4634=EDGE_CURVE('',#5584,#5561,#538,.F.);
#4635=EDGE_CURVE('',#5560,#5582,#539,.F.);
#4636=EDGE_CURVE('',#5585,#5560,#540,.T.);
#4637=EDGE_CURVE('',#5585,#5582,#541,.F.);
#4638=EDGE_CURVE('',#5610,#5611,#542,.T.);
#4639=EDGE_CURVE('',#5610,#5515,#543,.T.);
#4640=EDGE_CURVE('',#5611,#5514,#544,.T.);
#4641=EDGE_CURVE('',#5612,#5513,#545,.T.);
#4642=EDGE_CURVE('',#5611,#5612,#546,.T.);
#4643=EDGE_CURVE('',#5512,#5613,#547,.T.);
#4644=EDGE_CURVE('',#5613,#5612,#548,.T.);
#4645=EDGE_CURVE('',#5613,#5610,#549,.T.);
#4646=EDGE_CURVE('',#5613,#5579,#550,.T.);
#4647=EDGE_CURVE('',#5578,#5610,#551,.F.);
#4648=EDGE_CURVE('',#5614,#5615,#552,.T.);
#4649=EDGE_CURVE('',#5616,#5614,#553,.T.);
#4650=EDGE_CURVE('',#5617,#5616,#58,.F.);
#4651=EDGE_CURVE('',#5618,#5617,#554,.T.);
#4652=EDGE_CURVE('',#5619,#5618,#59,.F.);
#4653=EDGE_CURVE('',#5615,#5619,#555,.T.);
#4654=EDGE_CURVE('',#5620,#5621,#556,.T.);
#4655=EDGE_CURVE('',#5622,#5620,#557,.T.);
#4656=EDGE_CURVE('',#5622,#5623,#558,.T.);
#4657=EDGE_CURVE('',#5624,#5623,#559,.T.);
#4658=EDGE_CURVE('',#5625,#5624,#560,.T.);
#4659=EDGE_CURVE('',#5621,#5625,#561,.T.);
#4660=EDGE_CURVE('',#5626,#5627,#562,.T.);
#4661=EDGE_CURVE('',#5628,#5626,#563,.F.);
#4662=EDGE_CURVE('',#5629,#5628,#564,.T.);
#4663=EDGE_CURVE('',#5627,#5629,#565,.T.);
#4664=EDGE_CURVE('',#5630,#5631,#566,.T.);
#4665=EDGE_CURVE('',#5632,#5631,#567,.T.);
#4666=EDGE_CURVE('',#5632,#5633,#568,.T.);
#4667=EDGE_CURVE('',#5634,#5633,#569,.T.);
#4668=EDGE_CURVE('',#5623,#5634,#570,.T.);
#4669=EDGE_CURVE('',#5635,#5622,#571,.T.);
#4670=EDGE_CURVE('',#5630,#5635,#572,.T.);
#4671=EDGE_CURVE('',#5636,#5637,#573,.T.);
#4672=EDGE_CURVE('',#5638,#5636,#574,.T.);
#4673=EDGE_CURVE('',#5639,#5638,#575,.T.);
#4674=EDGE_CURVE('',#5637,#5639,#576,.T.);
#4675=EDGE_CURVE('',#5640,#5640,#6126,.T.);
#4676=EDGE_CURVE('',#5641,#5641,#6127,.T.);
#4677=EDGE_CURVE('',#5642,#5642,#6128,.T.);
#4678=EDGE_CURVE('',#5643,#5643,#6129,.T.);
#4679=EDGE_CURVE('',#5644,#5645,#577,.T.);
#4680=EDGE_CURVE('',#5633,#5644,#578,.T.);
#4681=EDGE_CURVE('',#5646,#5632,#579,.F.);
#4682=EDGE_CURVE('',#5647,#5646,#580,.T.);
#4683=EDGE_CURVE('',#5648,#5647,#581,.F.);
#4684=EDGE_CURVE('',#5649,#5648,#582,.T.);
#4685=EDGE_CURVE('',#5650,#5649,#583,.T.);
#4686=EDGE_CURVE('',#5650,#5651,#584,.T.);
#4687=EDGE_CURVE('',#5652,#5651,#585,.F.);
#4688=EDGE_CURVE('',#5652,#5653,#586,.T.);
#4689=EDGE_CURVE('',#5654,#5653,#587,.T.);
#4690=EDGE_CURVE('',#5655,#5654,#588,.T.);
#4691=EDGE_CURVE('',#5656,#5655,#589,.T.);
#4692=EDGE_CURVE('',#5656,#5657,#590,.T.);
#4693=EDGE_CURVE('',#5658,#5657,#591,.T.);
#4694=EDGE_CURVE('',#5658,#5659,#592,.T.);
#4695=EDGE_CURVE('',#5660,#5659,#593,.F.);
#4696=EDGE_CURVE('',#5661,#5660,#594,.T.);
#4697=EDGE_CURVE('',#5662,#5661,#595,.T.);
#4698=EDGE_CURVE('',#5663,#5662,#596,.T.);
#4699=EDGE_CURVE('',#5664,#5663,#597,.F.);
#4700=EDGE_CURVE('',#5665,#5664,#598,.T.);
#4701=EDGE_CURVE('',#5666,#5665,#599,.T.);
#4702=EDGE_CURVE('',#5645,#5666,#6130,.F.);
#4703=EDGE_CURVE('',#5667,#5660,#600,.T.);
#4704=EDGE_CURVE('',#5667,#5668,#601,.T.);
#4705=EDGE_CURVE('',#5661,#5668,#602,.T.);
#4706=EDGE_CURVE('',#5669,#5669,#6131,.T.);
#4707=EDGE_CURVE('',#5670,#5670,#6132,.T.);
#4708=EDGE_CURVE('',#5671,#5671,#6133,.T.);
#4709=EDGE_CURVE('',#5672,#5672,#6134,.T.);
#4710=EDGE_CURVE('',#5673,#5674,#603,.T.);
#4711=EDGE_CURVE('',#5675,#5674,#604,.F.);
#4712=EDGE_CURVE('',#5675,#5676,#605,.T.);
#4713=EDGE_CURVE('',#5668,#5676,#606,.T.);
#4714=EDGE_CURVE('',#5677,#5667,#607,.F.);
#4715=EDGE_CURVE('',#5678,#5677,#608,.T.);
#4716=EDGE_CURVE('',#5679,#5678,#609,.T.);
#4717=EDGE_CURVE('',#5679,#5680,#610,.T.);
#4718=EDGE_CURVE('',#5681,#5680,#611,.T.);
#4719=EDGE_CURVE('',#5681,#5682,#612,.T.);
#4720=EDGE_CURVE('',#5683,#5682,#613,.T.);
#4721=EDGE_CURVE('',#5684,#5683,#614,.T.);
#4722=EDGE_CURVE('',#5685,#5684,#615,.F.);
#4723=EDGE_CURVE('',#5686,#5685,#616,.T.);
#4724=EDGE_CURVE('',#5687,#5686,#617,.T.);
#4725=EDGE_CURVE('',#5687,#5688,#618,.T.);
#4726=EDGE_CURVE('',#5689,#5688,#619,.F.);
#4727=EDGE_CURVE('',#5689,#5690,#620,.T.);
#4728=EDGE_CURVE('',#5631,#5690,#621,.F.);
#4729=EDGE_CURVE('',#5691,#5630,#622,.T.);
#4730=EDGE_CURVE('',#5691,#5692,#623,.T.);
#4731=EDGE_CURVE('',#5693,#5692,#6135,.T.);
#4732=EDGE_CURVE('',#5673,#5693,#624,.T.);
#4733=EDGE_CURVE('',#5659,#5677,#625,.T.);
#4734=EDGE_CURVE('',#5678,#5658,#626,.T.);
#4735=EDGE_CURVE('',#5680,#5656,#627,.T.);
#4736=EDGE_CURVE('',#5657,#5679,#628,.T.);
#4737=EDGE_CURVE('',#5655,#5681,#629,.T.);
#4738=EDGE_CURVE('',#5682,#5654,#630,.T.);
#4739=EDGE_CURVE('',#5690,#5646,#631,.T.);
#4740=EDGE_CURVE('',#5647,#5689,#632,.T.);
#4741=EDGE_CURVE('',#5651,#5685,#633,.T.);
#4742=EDGE_CURVE('',#5686,#5650,#634,.T.);
#4743=EDGE_CURVE('',#5688,#5648,#635,.T.);
#4744=EDGE_CURVE('',#5649,#5687,#636,.T.);
#4745=EDGE_CURVE('',#5653,#5683,#637,.T.);
#4746=EDGE_CURVE('',#5684,#5652,#638,.T.);
#4747=EDGE_CURVE('',#5676,#5662,#639,.T.);
#4748=EDGE_CURVE('',#5663,#5675,#640,.T.);
#4749=EDGE_CURVE('',#5694,#5673,#641,.T.);
#4750=EDGE_CURVE('',#5694,#5695,#642,.T.);
#4751=EDGE_CURVE('',#5665,#5695,#643,.F.);
#4752=EDGE_CURVE('',#5674,#5664,#644,.T.);
#4753=EDGE_CURVE('',#5696,#5697,#645,.F.);
#4754=EDGE_CURVE('',#5695,#5696,#646,.T.);
#4755=EDGE_CURVE('',#5697,#5694,#647,.T.);
#4756=EDGE_CURVE('',#5698,#5699,#648,.T.);
#4757=EDGE_CURVE('',#5700,#5698,#649,.T.);
#4758=EDGE_CURVE('',#5701,#5700,#650,.T.);
#4759=EDGE_CURVE('',#5702,#5701,#651,.T.);
#4760=EDGE_CURVE('',#5703,#5702,#652,.T.);
#4761=EDGE_CURVE('',#5704,#5703,#653,.T.);
#4762=EDGE_CURVE('',#5705,#5704,#654,.T.);
#4763=EDGE_CURVE('',#5699,#5705,#655,.T.);
#4764=EDGE_CURVE('',#5706,#5707,#656,.T.);
#4765=EDGE_CURVE('',#5708,#5706,#657,.T.);
#4766=EDGE_CURVE('',#5709,#5708,#658,.T.);
#4767=EDGE_CURVE('',#5710,#5709,#659,.T.);
#4768=EDGE_CURVE('',#5711,#5710,#660,.T.);
#4769=EDGE_CURVE('',#5712,#5711,#661,.T.);
#4770=EDGE_CURVE('',#5713,#5712,#662,.T.);
#4771=EDGE_CURVE('',#5707,#5713,#663,.T.);
#4772=EDGE_CURVE('',#5708,#5714,#664,.T.);
#4773=EDGE_CURVE('',#5620,#5706,#665,.T.);
#4774=EDGE_CURVE('',#5626,#5621,#46,.T.);
#4775=EDGE_CURVE('',#5714,#5627,#47,.T.);
#4776=EDGE_CURVE('',#5625,#5628,#48,.T.);
#4777=EDGE_CURVE('',#5705,#5624,#666,.T.);
#4778=EDGE_CURVE('',#5715,#5704,#667,.T.);
#4779=EDGE_CURVE('',#5629,#5715,#49,.T.);
#4780=EDGE_CURVE('',#5619,#5716,#60,.T.);
#4781=EDGE_CURVE('',#5717,#5616,#61,.T.);
#4782=EDGE_CURVE('',#5696,#5717,#6136,.T.);
#4783=EDGE_CURVE('',#5716,#5697,#6137,.F.);
#4784=EDGE_CURVE('',#5713,#5691,#668,.F.);
#4785=EDGE_CURVE('',#5718,#5712,#669,.T.);
#4786=EDGE_CURVE('',#5719,#5718,#62,.F.);
#4787=EDGE_CURVE('',#5720,#5719,#63,.T.);
#4788=EDGE_CURVE('',#5692,#5720,#64,.T.);
#4789=EDGE_CURVE('',#5700,#5721,#670,.T.);
#4790=EDGE_CURVE('',#5644,#5698,#671,.F.);
#4791=EDGE_CURVE('',#5722,#5645,#65,.T.);
#4792=EDGE_CURVE('',#5723,#5722,#66,.T.);
#4793=EDGE_CURVE('',#5721,#5723,#67,.F.);
#4794=EDGE_CURVE('',#5724,#5725,#672,.F.);
#4795=EDGE_CURVE('',#5614,#5724,#673,.F.);
#4796=EDGE_CURVE('',#5725,#5615,#674,.F.);
#4797=EDGE_CURVE('',#5693,#5697,#675,.T.);
#4798=EDGE_CURVE('',#5696,#5666,#676,.T.);
#4799=EDGE_CURVE('',#5720,#5716,#68,.F.);
#4800=EDGE_CURVE('',#5717,#5722,#69,.F.);
#4801=EDGE_CURVE('',#5718,#5619,#70,.T.);
#4802=EDGE_CURVE('',#5616,#5721,#71,.T.);
#4803=EDGE_CURVE('',#5711,#5615,#677,.F.);
#4804=EDGE_CURVE('',#5726,#5709,#678,.F.);
#4805=EDGE_CURVE('',#5727,#5714,#50,.T.);
#4806=EDGE_CURVE('',#5726,#5727,#679,.T.);
#4807=EDGE_CURVE('',#5715,#5728,#51,.T.);
#4808=EDGE_CURVE('',#5703,#5729,#680,.T.);
#4809=EDGE_CURVE('',#5728,#5729,#681,.T.);
#4810=EDGE_CURVE('',#5614,#5701,#682,.T.);
#4811=EDGE_CURVE('',#5710,#5725,#683,.T.);
#4812=EDGE_CURVE('',#5638,#5710,#684,.F.);
#4813=EDGE_CURVE('',#5639,#5726,#685,.F.);
#4814=EDGE_CURVE('',#5702,#5636,#686,.F.);
#4815=EDGE_CURVE('',#5729,#5637,#687,.F.);
#4816=EDGE_CURVE('',#5724,#5702,#688,.T.);
#4817=EDGE_CURVE('',#5638,#5725,#689,.F.);
#4818=EDGE_CURVE('',#5724,#5636,#690,.F.);
#4819=EDGE_CURVE('',#5707,#5622,#691,.F.);
#4820=EDGE_CURVE('',#5713,#5635,#692,.F.);
#4821=EDGE_CURVE('',#5698,#5634,#693,.F.);
#4822=EDGE_CURVE('',#5699,#5623,#694,.F.);
#4823=EDGE_CURVE('',#5727,#5728,#695,.T.);
#4824=EDGE_CURVE('',#5730,#5731,#696,.T.);
#4825=EDGE_CURVE('',#5731,#5732,#697,.T.);
#4826=EDGE_CURVE('',#5732,#5733,#72,.T.);
#4827=EDGE_CURVE('',#5733,#5734,#698,.T.);
#4828=EDGE_CURVE('',#5734,#5735,#73,.T.);
#4829=EDGE_CURVE('',#5735,#5730,#699,.T.);
#4830=EDGE_CURVE('',#5736,#5737,#700,.T.);
#4831=EDGE_CURVE('',#5737,#5738,#701,.T.);
#4832=EDGE_CURVE('',#5738,#5739,#702,.T.);
#4833=EDGE_CURVE('',#5739,#5740,#703,.T.);
#4834=EDGE_CURVE('',#5741,#5740,#704,.T.);
#4835=EDGE_CURVE('',#5741,#5736,#705,.T.);
#4836=EDGE_CURVE('',#5742,#5743,#706,.T.);
#4837=EDGE_CURVE('',#5743,#5744,#707,.T.);
#4838=EDGE_CURVE('',#5744,#5745,#708,.T.);
#4839=EDGE_CURVE('',#5745,#5742,#709,.F.);
#4840=EDGE_CURVE('',#5746,#5747,#710,.T.);
#4841=EDGE_CURVE('',#5746,#5748,#711,.T.);
#4842=EDGE_CURVE('',#5748,#5741,#712,.T.);
#4843=EDGE_CURVE('',#5740,#5749,#713,.T.);
#4844=EDGE_CURVE('',#5749,#5750,#714,.T.);
#4845=EDGE_CURVE('',#5751,#5750,#715,.T.);
#4846=EDGE_CURVE('',#5751,#5747,#716,.T.);
#4847=EDGE_CURVE('',#5752,#5753,#717,.T.);
#4848=EDGE_CURVE('',#5753,#5754,#718,.T.);
#4849=EDGE_CURVE('',#5754,#5755,#719,.T.);
#4850=EDGE_CURVE('',#5755,#5752,#720,.T.);
#4851=EDGE_CURVE('',#5756,#5756,#6138,.T.);
#4852=EDGE_CURVE('',#5757,#5757,#6139,.T.);
#4853=EDGE_CURVE('',#5758,#5758,#6140,.T.);
#4854=EDGE_CURVE('',#5759,#5759,#6141,.T.);
#4855=EDGE_CURVE('',#5760,#5761,#721,.T.);
#4856=EDGE_CURVE('',#5761,#5762,#6142,.F.);
#4857=EDGE_CURVE('',#5762,#5763,#722,.T.);
#4858=EDGE_CURVE('',#5763,#5764,#723,.T.);
#4859=EDGE_CURVE('',#5764,#5765,#724,.F.);
#4860=EDGE_CURVE('',#5765,#5766,#725,.T.);
#4861=EDGE_CURVE('',#5766,#5767,#726,.T.);
#4862=EDGE_CURVE('',#5767,#5768,#727,.T.);
#4863=EDGE_CURVE('',#5768,#5769,#728,.F.);
#4864=EDGE_CURVE('',#5770,#5769,#729,.T.);
#4865=EDGE_CURVE('',#5770,#5771,#730,.T.);
#4866=EDGE_CURVE('',#5772,#5771,#731,.T.);
#4867=EDGE_CURVE('',#5772,#5773,#732,.T.);
#4868=EDGE_CURVE('',#5773,#5774,#733,.T.);
#4869=EDGE_CURVE('',#5774,#5775,#734,.T.);
#4870=EDGE_CURVE('',#5776,#5775,#735,.T.);
#4871=EDGE_CURVE('',#5776,#5777,#736,.F.);
#4872=EDGE_CURVE('',#5778,#5777,#737,.T.);
#4873=EDGE_CURVE('',#5778,#5779,#738,.T.);
#4874=EDGE_CURVE('',#5779,#5780,#739,.T.);
#4875=EDGE_CURVE('',#5780,#5781,#740,.F.);
#4876=EDGE_CURVE('',#5781,#5782,#741,.T.);
#4877=EDGE_CURVE('',#5782,#5751,#742,.F.);
#4878=EDGE_CURVE('',#5750,#5760,#743,.T.);
#4879=EDGE_CURVE('',#5767,#5783,#744,.T.);
#4880=EDGE_CURVE('',#5784,#5783,#745,.T.);
#4881=EDGE_CURVE('',#5784,#5768,#746,.T.);
#4882=EDGE_CURVE('',#5785,#5785,#6143,.T.);
#4883=EDGE_CURVE('',#5786,#5786,#6144,.T.);
#4884=EDGE_CURVE('',#5787,#5787,#6145,.T.);
#4885=EDGE_CURVE('',#5788,#5788,#6146,.T.);
#4886=EDGE_CURVE('',#5789,#5790,#747,.T.);
#4887=EDGE_CURVE('',#5789,#5791,#748,.T.);
#4888=EDGE_CURVE('',#5791,#5792,#6147,.T.);
#4889=EDGE_CURVE('',#5793,#5792,#749,.T.);
#4890=EDGE_CURVE('',#5793,#5746,#750,.T.);
#4891=EDGE_CURVE('',#5747,#5794,#751,.F.);
#4892=EDGE_CURVE('',#5795,#5794,#752,.T.);
#4893=EDGE_CURVE('',#5795,#5796,#753,.F.);
#4894=EDGE_CURVE('',#5797,#5796,#754,.T.);
#4895=EDGE_CURVE('',#5797,#5798,#755,.T.);
#4896=EDGE_CURVE('',#5798,#5799,#756,.T.);
#4897=EDGE_CURVE('',#5799,#5800,#757,.F.);
#4898=EDGE_CURVE('',#5800,#5801,#758,.T.);
#4899=EDGE_CURVE('',#5801,#5802,#759,.T.);
#4900=EDGE_CURVE('',#5803,#5802,#760,.T.);
#4901=EDGE_CURVE('',#5803,#5804,#761,.T.);
#4902=EDGE_CURVE('',#5805,#5804,#762,.T.);
#4903=EDGE_CURVE('',#5805,#5806,#763,.T.);
#4904=EDGE_CURVE('',#5806,#5807,#764,.T.);
#4905=EDGE_CURVE('',#5807,#5784,#765,.F.);
#4906=EDGE_CURVE('',#5783,#5808,#766,.T.);
#4907=EDGE_CURVE('',#5809,#5808,#767,.T.);
#4908=EDGE_CURVE('',#5809,#5790,#768,.F.);
#4909=EDGE_CURVE('',#5806,#5770,#769,.T.);
#4910=EDGE_CURVE('',#5769,#5807,#770,.T.);
#4911=EDGE_CURVE('',#5771,#5805,#771,.T.);
#4912=EDGE_CURVE('',#5804,#5772,#772,.T.);
#4913=EDGE_CURVE('',#5802,#5774,#773,.T.);
#4914=EDGE_CURVE('',#5773,#5803,#774,.T.);
#4915=EDGE_CURVE('',#5781,#5795,#775,.T.);
#4916=EDGE_CURVE('',#5794,#5782,#776,.T.);
#4917=EDGE_CURVE('',#5798,#5778,#777,.T.);
#4918=EDGE_CURVE('',#5777,#5799,#778,.T.);
#4919=EDGE_CURVE('',#5779,#5797,#779,.T.);
#4920=EDGE_CURVE('',#5796,#5780,#780,.T.);
#4921=EDGE_CURVE('',#5800,#5776,#781,.T.);
#4922=EDGE_CURVE('',#5775,#5801,#782,.T.);
#4923=EDGE_CURVE('',#5765,#5809,#783,.T.);
#4924=EDGE_CURVE('',#5808,#5766,#784,.T.);
#4925=EDGE_CURVE('',#5790,#5764,#785,.T.);
#4926=EDGE_CURVE('',#5763,#5810,#786,.F.);
#4927=EDGE_CURVE('',#5811,#5810,#787,.T.);
#4928=EDGE_CURVE('',#5811,#5789,#788,.T.);
#4929=EDGE_CURVE('',#5812,#5813,#789,.F.);
#4930=EDGE_CURVE('',#5813,#5811,#790,.T.);
#4931=EDGE_CURVE('',#5810,#5812,#791,.T.);
#4932=EDGE_CURVE('',#5814,#5815,#792,.T.);
#4933=EDGE_CURVE('',#5815,#5816,#793,.T.);
#4934=EDGE_CURVE('',#5816,#5817,#794,.T.);
#4935=EDGE_CURVE('',#5817,#5818,#795,.T.);
#4936=EDGE_CURVE('',#5818,#5819,#796,.T.);
#4937=EDGE_CURVE('',#5819,#5820,#797,.T.);
#4938=EDGE_CURVE('',#5820,#5821,#798,.T.);
#4939=EDGE_CURVE('',#5821,#5814,#799,.T.);
#4940=EDGE_CURVE('',#5822,#5823,#800,.T.);
#4941=EDGE_CURVE('',#5823,#5824,#801,.T.);
#4942=EDGE_CURVE('',#5824,#5825,#802,.T.);
#4943=EDGE_CURVE('',#5825,#5826,#803,.T.);
#4944=EDGE_CURVE('',#5826,#5827,#804,.T.);
#4945=EDGE_CURVE('',#5827,#5828,#805,.T.);
#4946=EDGE_CURVE('',#5828,#5829,#806,.T.);
#4947=EDGE_CURVE('',#5829,#5822,#807,.T.);
#4948=EDGE_CURVE('',#5829,#5830,#808,.T.);
#4949=EDGE_CURVE('',#5830,#5743,#52,.T.);
#4950=EDGE_CURVE('',#5742,#5737,#53,.T.);
#4951=EDGE_CURVE('',#5736,#5822,#809,.T.);
#4952=EDGE_CURVE('',#5744,#5831,#54,.T.);
#4953=EDGE_CURVE('',#5831,#5817,#810,.T.);
#4954=EDGE_CURVE('',#5816,#5739,#811,.T.);
#4955=EDGE_CURVE('',#5738,#5745,#55,.T.);
#4956=EDGE_CURVE('',#5732,#5832,#74,.T.);
#4957=EDGE_CURVE('',#5832,#5813,#6148,.F.);
#4958=EDGE_CURVE('',#5812,#5833,#6149,.T.);
#4959=EDGE_CURVE('',#5833,#5735,#75,.T.);
#4960=EDGE_CURVE('',#5792,#5834,#76,.T.);
#4961=EDGE_CURVE('',#5834,#5835,#77,.T.);
#4962=EDGE_CURVE('',#5835,#5836,#78,.F.);
#4963=EDGE_CURVE('',#5836,#5825,#812,.T.);
#4964=EDGE_CURVE('',#5824,#5793,#813,.F.);
#4965=EDGE_CURVE('',#5821,#5837,#814,.T.);
#4966=EDGE_CURVE('',#5837,#5838,#79,.F.);
#4967=EDGE_CURVE('',#5838,#5839,#80,.T.);
#4968=EDGE_CURVE('',#5839,#5761,#81,.T.);
#4969=EDGE_CURVE('',#5760,#5814,#815,.F.);
#4970=EDGE_CURVE('',#5840,#5841,#816,.F.);
#4971=EDGE_CURVE('',#5841,#5731,#817,.F.);
#4972=EDGE_CURVE('',#5730,#5840,#818,.F.);
#4973=EDGE_CURVE('',#5791,#5813,#819,.T.);
#4974=EDGE_CURVE('',#5812,#5762,#820,.T.);
#4975=EDGE_CURVE('',#5834,#5832,#82,.F.);
#4976=EDGE_CURVE('',#5833,#5839,#83,.F.);
#4977=EDGE_CURVE('',#5836,#5732,#84,.T.);
#4978=EDGE_CURVE('',#5735,#5837,#85,.T.);
#4979=EDGE_CURVE('',#5826,#5731,#821,.F.);
#4980=EDGE_CURVE('',#5842,#5828,#822,.F.);
#4981=EDGE_CURVE('',#5842,#5843,#823,.T.);
#4982=EDGE_CURVE('',#5843,#5830,#56,.T.);
#4983=EDGE_CURVE('',#5831,#5844,#57,.T.);
#4984=EDGE_CURVE('',#5844,#5845,#824,.T.);
#4985=EDGE_CURVE('',#5818,#5845,#825,.T.);
#4986=EDGE_CURVE('',#5730,#5820,#826,.T.);
#4987=EDGE_CURVE('',#5827,#5841,#827,.T.);
#4988=EDGE_CURVE('',#5754,#5842,#828,.F.);
#4989=EDGE_CURVE('',#5755,#5827,#829,.F.);
#4990=EDGE_CURVE('',#5845,#5753,#830,.F.);
#4991=EDGE_CURVE('',#5819,#5752,#831,.F.);
#4992=EDGE_CURVE('',#5840,#5819,#832,.T.);
#4993=EDGE_CURVE('',#5755,#5841,#833,.F.);
#4994=EDGE_CURVE('',#5840,#5752,#834,.F.);
#4995=EDGE_CURVE('',#5823,#5741,#835,.F.);
#4996=EDGE_CURVE('',#5824,#5748,#836,.F.);
#4997=EDGE_CURVE('',#5814,#5749,#837,.F.);
#4998=EDGE_CURVE('',#5815,#5740,#838,.F.);
#4999=EDGE_CURVE('',#5843,#5844,#839,.T.);
#5000=EDGE_CURVE('',#5846,#5847,#86,.T.);
#5001=EDGE_CURVE('',#5846,#5848,#840,.T.);
#5002=EDGE_CURVE('',#5849,#5848,#841,.T.);
#5003=EDGE_CURVE('',#5849,#5850,#842,.T.);
#5004=EDGE_CURVE('',#5851,#5850,#87,.T.);
#5005=EDGE_CURVE('',#5851,#5852,#6150,.T.);
#5006=EDGE_CURVE('',#5853,#5852,#88,.T.);
#5007=EDGE_CURVE('',#5853,#5854,#843,.T.);
#5008=EDGE_CURVE('',#5855,#5854,#844,.T.);
#5009=EDGE_CURVE('',#5855,#5856,#845,.T.);
#5010=EDGE_CURVE('',#5857,#5856,#89,.T.);
#5011=EDGE_CURVE('',#5857,#5847,#6151,.T.);
#5012=EDGE_CURVE('',#5858,#5859,#90,.T.);
#5013=EDGE_CURVE('',#5858,#5860,#846,.T.);
#5014=EDGE_CURVE('',#5861,#5860,#847,.T.);
#5015=EDGE_CURVE('',#5861,#5862,#848,.T.);
#5016=EDGE_CURVE('',#5863,#5862,#91,.T.);
#5017=EDGE_CURVE('',#5863,#5864,#6152,.T.);
#5018=EDGE_CURVE('',#5865,#5864,#92,.T.);
#5019=EDGE_CURVE('',#5865,#5866,#849,.T.);
#5020=EDGE_CURVE('',#5867,#5866,#850,.T.);
#5021=EDGE_CURVE('',#5867,#5868,#851,.T.);
#5022=EDGE_CURVE('',#5869,#5868,#93,.T.);
#5023=EDGE_CURVE('',#5869,#5859,#6153,.T.);
#5024=EDGE_CURVE('',#5870,#5871,#94,.T.);
#5025=EDGE_CURVE('',#5870,#5872,#852,.T.);
#5026=EDGE_CURVE('',#5873,#5872,#853,.T.);
#5027=EDGE_CURVE('',#5873,#5874,#854,.T.);
#5028=EDGE_CURVE('',#5875,#5874,#95,.T.);
#5029=EDGE_CURVE('',#5875,#5876,#6154,.T.);
#5030=EDGE_CURVE('',#5877,#5876,#96,.T.);
#5031=EDGE_CURVE('',#5877,#5878,#855,.T.);
#5032=EDGE_CURVE('',#5879,#5878,#856,.T.);
#5033=EDGE_CURVE('',#5879,#5880,#857,.T.);
#5034=EDGE_CURVE('',#5881,#5880,#97,.T.);
#5035=EDGE_CURVE('',#5881,#5871,#6155,.T.);
#5036=EDGE_CURVE('',#5882,#5883,#98,.T.);
#5037=EDGE_CURVE('',#5882,#5884,#858,.T.);
#5038=EDGE_CURVE('',#5885,#5884,#859,.T.);
#5039=EDGE_CURVE('',#5885,#5886,#860,.T.);
#5040=EDGE_CURVE('',#5887,#5886,#99,.T.);
#5041=EDGE_CURVE('',#5887,#5888,#6156,.T.);
#5042=EDGE_CURVE('',#5889,#5888,#100,.T.);
#5043=EDGE_CURVE('',#5889,#5890,#861,.T.);
#5044=EDGE_CURVE('',#5891,#5890,#862,.T.);
#5045=EDGE_CURVE('',#5891,#5892,#863,.T.);
#5046=EDGE_CURVE('',#5893,#5892,#101,.T.);
#5047=EDGE_CURVE('',#5893,#5883,#6157,.T.);
#5048=EDGE_CURVE('',#5894,#5895,#864,.T.);
#5049=EDGE_CURVE('',#5894,#5896,#865,.F.);
#5050=EDGE_CURVE('',#5896,#5897,#866,.T.);
#5051=EDGE_CURVE('',#5897,#5898,#867,.F.);
#5052=EDGE_CURVE('',#5899,#5898,#868,.T.);
#5053=EDGE_CURVE('',#5899,#5900,#869,.T.);
#5054=EDGE_CURVE('',#5900,#5901,#870,.T.);
#5055=EDGE_CURVE('',#5901,#5902,#871,.F.);
#5056=EDGE_CURVE('',#5902,#5903,#872,.T.);
#5057=EDGE_CURVE('',#5903,#5904,#873,.T.);
#5058=EDGE_CURVE('',#5904,#5905,#874,.T.);
#5059=EDGE_CURVE('',#5905,#5906,#875,.T.);
#5060=EDGE_CURVE('',#5906,#5907,#876,.T.);
#5061=EDGE_CURVE('',#5907,#5895,#877,.T.);
#5062=EDGE_CURVE('',#5908,#5909,#878,.T.);
#5063=EDGE_CURVE('',#5908,#5910,#879,.T.);
#5064=EDGE_CURVE('',#5910,#5911,#880,.T.);
#5065=EDGE_CURVE('',#5912,#5911,#881,.T.);
#5066=EDGE_CURVE('',#5913,#5912,#882,.T.);
#5067=EDGE_CURVE('',#5913,#5914,#883,.F.);
#5068=EDGE_CURVE('',#5915,#5914,#884,.T.);
#5069=EDGE_CURVE('',#5915,#5916,#885,.T.);
#5070=EDGE_CURVE('',#5917,#5916,#886,.T.);
#5071=EDGE_CURVE('',#5917,#5918,#887,.F.);
#5072=EDGE_CURVE('',#5919,#5918,#888,.T.);
#5073=EDGE_CURVE('',#5919,#5920,#889,.T.);
#5074=EDGE_CURVE('',#5920,#5921,#890,.T.);
#5075=EDGE_CURVE('',#5921,#5909,#891,.F.);
#5076=EDGE_CURVE('',#5922,#5923,#102,.T.);
#5077=EDGE_CURVE('',#5922,#5924,#892,.T.);
#5078=EDGE_CURVE('',#5925,#5924,#893,.T.);
#5079=EDGE_CURVE('',#5925,#5926,#894,.T.);
#5080=EDGE_CURVE('',#5927,#5926,#103,.T.);
#5081=EDGE_CURVE('',#5927,#5928,#6158,.F.);
#5082=EDGE_CURVE('',#5929,#5928,#104,.T.);
#5083=EDGE_CURVE('',#5929,#5930,#895,.T.);
#5084=EDGE_CURVE('',#5931,#5930,#896,.T.);
#5085=EDGE_CURVE('',#5931,#5932,#897,.T.);
#5086=EDGE_CURVE('',#5933,#5932,#105,.T.);
#5087=EDGE_CURVE('',#5933,#5923,#6159,.F.);
#5088=EDGE_CURVE('',#5934,#5935,#106,.T.);
#5089=EDGE_CURVE('',#5934,#5936,#898,.T.);
#5090=EDGE_CURVE('',#5937,#5936,#899,.T.);
#5091=EDGE_CURVE('',#5937,#5938,#900,.T.);
#5092=EDGE_CURVE('',#5939,#5938,#107,.T.);
#5093=EDGE_CURVE('',#5939,#5940,#6160,.F.);
#5094=EDGE_CURVE('',#5941,#5940,#108,.T.);
#5095=EDGE_CURVE('',#5941,#5942,#901,.T.);
#5096=EDGE_CURVE('',#5943,#5942,#902,.T.);
#5097=EDGE_CURVE('',#5943,#5944,#903,.T.);
#5098=EDGE_CURVE('',#5945,#5944,#109,.T.);
#5099=EDGE_CURVE('',#5945,#5935,#6161,.F.);
#5100=EDGE_CURVE('',#5946,#5947,#110,.T.);
#5101=EDGE_CURVE('',#5946,#5948,#904,.T.);
#5102=EDGE_CURVE('',#5949,#5948,#905,.T.);
#5103=EDGE_CURVE('',#5949,#5950,#906,.T.);
#5104=EDGE_CURVE('',#5951,#5950,#111,.T.);
#5105=EDGE_CURVE('',#5951,#5952,#6162,.F.);
#5106=EDGE_CURVE('',#5953,#5952,#112,.T.);
#5107=EDGE_CURVE('',#5953,#5954,#907,.T.);
#5108=EDGE_CURVE('',#5955,#5954,#908,.T.);
#5109=EDGE_CURVE('',#5955,#5956,#909,.T.);
#5110=EDGE_CURVE('',#5957,#5956,#113,.T.);
#5111=EDGE_CURVE('',#5957,#5947,#6163,.F.);
#5112=EDGE_CURVE('',#5958,#5959,#114,.T.);
#5113=EDGE_CURVE('',#5958,#5960,#910,.T.);
#5114=EDGE_CURVE('',#5961,#5960,#911,.T.);
#5115=EDGE_CURVE('',#5961,#5962,#912,.T.);
#5116=EDGE_CURVE('',#5963,#5962,#115,.T.);
#5117=EDGE_CURVE('',#5963,#5964,#6164,.F.);
#5118=EDGE_CURVE('',#5965,#5964,#116,.T.);
#5119=EDGE_CURVE('',#5965,#5966,#913,.T.);
#5120=EDGE_CURVE('',#5967,#5966,#914,.T.);
#5121=EDGE_CURVE('',#5967,#5968,#915,.T.);
#5122=EDGE_CURVE('',#5969,#5968,#117,.T.);
#5123=EDGE_CURVE('',#5969,#5959,#6165,.F.);
#5124=EDGE_CURVE('',#5970,#5971,#6166,.T.);
#5125=EDGE_CURVE('',#5971,#5972,#916,.F.);
#5126=EDGE_CURVE('',#5972,#5973,#6167,.F.);
#5127=EDGE_CURVE('',#5973,#5970,#917,.T.);
#5128=EDGE_CURVE('',#5974,#5975,#6168,.F.);
#5129=EDGE_CURVE('',#5975,#5976,#918,.T.);
#5130=EDGE_CURVE('',#5976,#5977,#6169,.T.);
#5131=EDGE_CURVE('',#5977,#5974,#919,.F.);
#5132=EDGE_CURVE('',#5978,#5979,#6170,.F.);
#5133=EDGE_CURVE('',#5979,#5980,#920,.T.);
#5134=EDGE_CURVE('',#5980,#5981,#6171,.T.);
#5135=EDGE_CURVE('',#5981,#5978,#921,.F.);
#5136=EDGE_CURVE('',#5982,#5983,#6172,.T.);
#5137=EDGE_CURVE('',#5983,#5984,#922,.F.);
#5138=EDGE_CURVE('',#5984,#5985,#6173,.F.);
#5139=EDGE_CURVE('',#5985,#5982,#923,.T.);
#5140=EDGE_CURVE('',#5986,#5987,#6174,.F.);
#5141=EDGE_CURVE('',#5987,#5988,#924,.T.);
#5142=EDGE_CURVE('',#5988,#5989,#6175,.T.);
#5143=EDGE_CURVE('',#5989,#5986,#925,.F.);
#5144=EDGE_CURVE('',#5990,#5991,#6176,.T.);
#5145=EDGE_CURVE('',#5991,#5992,#926,.F.);
#5146=EDGE_CURVE('',#5992,#5993,#6177,.F.);
#5147=EDGE_CURVE('',#5993,#5990,#927,.T.);
#5148=EDGE_CURVE('',#5994,#5995,#6178,.T.);
#5149=EDGE_CURVE('',#5995,#5996,#928,.F.);
#5150=EDGE_CURVE('',#5996,#5997,#6179,.F.);
#5151=EDGE_CURVE('',#5997,#5994,#929,.T.);
#5152=EDGE_CURVE('',#5998,#5999,#6180,.F.);
#5153=EDGE_CURVE('',#5999,#6000,#930,.T.);
#5154=EDGE_CURVE('',#6000,#6001,#6181,.T.);
#5155=EDGE_CURVE('',#6001,#5998,#931,.F.);
#5156=EDGE_CURVE('',#5896,#6002,#932,.T.);
#5157=EDGE_CURVE('',#6002,#6003,#933,.T.);
#5158=EDGE_CURVE('',#6003,#5905,#934,.T.);
#5159=EDGE_CURVE('',#5904,#5915,#935,.T.);
#5160=EDGE_CURVE('',#5914,#6004,#936,.T.);
#5161=EDGE_CURVE('',#6004,#6005,#937,.T.);
#5162=EDGE_CURVE('',#6005,#5908,#938,.T.);
#5163=EDGE_CURVE('',#5909,#5897,#939,.T.);
#5164=EDGE_CURVE('',#5900,#5919,#940,.T.);
#5165=EDGE_CURVE('',#5918,#5901,#941,.T.);
#5166=EDGE_CURVE('',#5920,#5899,#942,.T.);
#5167=EDGE_CURVE('',#5898,#5921,#943,.T.);
#5168=EDGE_CURVE('',#5902,#5917,#944,.T.);
#5169=EDGE_CURVE('',#5916,#5903,#945,.T.);
#5170=EDGE_CURVE('',#6006,#6007,#946,.T.);
#5171=EDGE_CURVE('',#6007,#6008,#947,.T.);
#5172=EDGE_CURVE('',#6008,#6009,#948,.T.);
#5173=EDGE_CURVE('',#6009,#6006,#949,.T.);
#5174=EDGE_CURVE('',#6010,#6011,#950,.T.);
#5175=EDGE_CURVE('',#6011,#6012,#951,.T.);
#5176=EDGE_CURVE('',#6012,#6013,#952,.T.);
#5177=EDGE_CURVE('',#6013,#6010,#953,.T.);
#5178=EDGE_CURVE('',#6014,#6015,#954,.T.);
#5179=EDGE_CURVE('',#6015,#6016,#955,.T.);
#5180=EDGE_CURVE('',#6016,#6017,#956,.T.);
#5181=EDGE_CURVE('',#6017,#6014,#957,.T.);
#5182=EDGE_CURVE('',#6018,#6019,#958,.T.);
#5183=EDGE_CURVE('',#6019,#6020,#959,.T.);
#5184=EDGE_CURVE('',#6020,#6021,#960,.T.);
#5185=EDGE_CURVE('',#6021,#6018,#961,.T.);
#5186=EDGE_CURVE('',#6022,#6023,#962,.T.);
#5187=EDGE_CURVE('',#6023,#6024,#963,.T.);
#5188=EDGE_CURVE('',#6024,#6025,#964,.T.);
#5189=EDGE_CURVE('',#6025,#6022,#965,.T.);
#5190=EDGE_CURVE('',#6026,#6027,#966,.T.);
#5191=EDGE_CURVE('',#6027,#6028,#967,.T.);
#5192=EDGE_CURVE('',#6028,#6029,#968,.T.);
#5193=EDGE_CURVE('',#6029,#6026,#969,.T.);
#5194=EDGE_CURVE('',#6030,#6031,#970,.T.);
#5195=EDGE_CURVE('',#6031,#6032,#971,.T.);
#5196=EDGE_CURVE('',#6032,#6033,#972,.T.);
#5197=EDGE_CURVE('',#6033,#6030,#973,.T.);
#5198=EDGE_CURVE('',#6034,#6035,#974,.T.);
#5199=EDGE_CURVE('',#6035,#6036,#975,.T.);
#5200=EDGE_CURVE('',#6036,#6037,#976,.T.);
#5201=EDGE_CURVE('',#6037,#6034,#977,.T.);
#5202=EDGE_CURVE('',#6038,#6039,#978,.T.);
#5203=EDGE_CURVE('',#6039,#6040,#979,.T.);
#5204=EDGE_CURVE('',#6040,#6041,#980,.T.);
#5205=EDGE_CURVE('',#6041,#6038,#981,.T.);
#5206=EDGE_CURVE('',#6042,#6043,#982,.T.);
#5207=EDGE_CURVE('',#6043,#6044,#983,.T.);
#5208=EDGE_CURVE('',#6044,#6045,#984,.T.);
#5209=EDGE_CURVE('',#6045,#6042,#985,.T.);
#5210=EDGE_CURVE('',#6046,#6047,#986,.T.);
#5211=EDGE_CURVE('',#6047,#6048,#987,.T.);
#5212=EDGE_CURVE('',#6048,#6049,#988,.T.);
#5213=EDGE_CURVE('',#6049,#6046,#989,.T.);
#5214=EDGE_CURVE('',#6050,#6051,#990,.T.);
#5215=EDGE_CURVE('',#6051,#6052,#991,.T.);
#5216=EDGE_CURVE('',#6052,#6053,#992,.T.);
#5217=EDGE_CURVE('',#6053,#6050,#993,.T.);
#5218=EDGE_CURVE('',#6054,#6055,#994,.T.);
#5219=EDGE_CURVE('',#6055,#6056,#995,.T.);
#5220=EDGE_CURVE('',#6056,#6057,#996,.T.);
#5221=EDGE_CURVE('',#6057,#6054,#997,.T.);
#5222=EDGE_CURVE('',#6058,#6059,#998,.T.);
#5223=EDGE_CURVE('',#6059,#6060,#999,.T.);
#5224=EDGE_CURVE('',#6060,#6061,#1000,.T.);
#5225=EDGE_CURVE('',#6061,#6058,#1001,.T.);
#5226=EDGE_CURVE('',#6062,#6063,#1002,.T.);
#5227=EDGE_CURVE('',#6063,#6064,#1003,.T.);
#5228=EDGE_CURVE('',#6064,#6065,#1004,.T.);
#5229=EDGE_CURVE('',#6065,#6062,#1005,.T.);
#5230=EDGE_CURVE('',#6066,#6067,#1006,.T.);
#5231=EDGE_CURVE('',#6067,#6068,#1007,.T.);
#5232=EDGE_CURVE('',#6068,#6069,#1008,.T.);
#5233=EDGE_CURVE('',#6069,#6066,#1009,.T.);
#5234=EDGE_CURVE('',#5928,#5982,#1010,.T.);
#5235=EDGE_CURVE('',#5983,#5927,#1011,.T.);
#5236=EDGE_CURVE('',#6053,#5926,#1012,.F.);
#5237=EDGE_CURVE('',#5983,#6053,#118,.F.);
#5238=EDGE_CURVE('',#6038,#5982,#119,.F.);
#5239=EDGE_CURVE('',#5929,#6038,#1013,.F.);
#5240=EDGE_CURVE('',#6050,#5925,#1014,.T.);
#5241=EDGE_CURVE('',#5984,#6052,#120,.T.);
#5242=EDGE_CURVE('',#5985,#5893,#1015,.T.);
#5243=EDGE_CURVE('',#5883,#5984,#1016,.T.);
#5244=EDGE_CURVE('',#6039,#5985,#121,.T.);
#5245=EDGE_CURVE('',#5930,#6041,#1017,.T.);
#5246=EDGE_CURVE('',#6049,#5924,#1018,.F.);
#5247=EDGE_CURVE('',#6050,#6049,#1019,.F.);
#5248=EDGE_CURVE('',#5882,#6052,#1020,.F.);
#5249=EDGE_CURVE('',#6039,#5892,#1021,.F.);
#5250=EDGE_CURVE('',#6042,#6041,#1022,.F.);
#5251=EDGE_CURVE('',#5931,#6042,#1023,.F.);
#5252=EDGE_CURVE('',#6046,#5922,#1024,.T.);
#5253=EDGE_CURVE('',#6051,#6048,#1025,.T.);
#5254=EDGE_CURVE('',#5884,#6051,#1026,.T.);
#5255=EDGE_CURVE('',#6040,#5891,#1027,.T.);
#5256=EDGE_CURVE('',#6043,#6040,#1028,.T.);
#5257=EDGE_CURVE('',#5932,#6045,#1029,.T.);
#5258=EDGE_CURVE('',#5923,#5980,#1030,.T.);
#5259=EDGE_CURVE('',#5981,#5933,#1031,.T.);
#5260=EDGE_CURVE('',#6046,#5980,#122,.F.);
#5261=EDGE_CURVE('',#5885,#6048,#1032,.F.);
#5262=EDGE_CURVE('',#6043,#5890,#1033,.F.);
#5263=EDGE_CURVE('',#5981,#6045,#123,.F.);
#5264=EDGE_CURVE('',#6047,#5979,#124,.T.);
#5265=EDGE_CURVE('',#5886,#6047,#1034,.T.);
#5266=EDGE_CURVE('',#6044,#5889,#1035,.T.);
#5267=EDGE_CURVE('',#5978,#6044,#125,.T.);
#5268=EDGE_CURVE('',#5887,#5979,#1036,.F.);
#5269=EDGE_CURVE('',#5978,#5888,#1037,.F.);
#5270=EDGE_CURVE('',#5964,#5970,#1038,.T.);
#5271=EDGE_CURVE('',#5971,#5963,#1039,.T.);
#5272=EDGE_CURVE('',#6054,#5970,#126,.F.);
#5273=EDGE_CURVE('',#5965,#6054,#1040,.F.);
#5274=EDGE_CURVE('',#6069,#5962,#1041,.F.);
#5275=EDGE_CURVE('',#5971,#6069,#127,.F.);
#5276=EDGE_CURVE('',#6055,#5973,#128,.T.);
#5277=EDGE_CURVE('',#5966,#6057,#1042,.T.);
#5278=EDGE_CURVE('',#6066,#5961,#1043,.T.);
#5279=EDGE_CURVE('',#5972,#6068,#129,.T.);
#5280=EDGE_CURVE('',#5847,#5972,#1044,.T.);
#5281=EDGE_CURVE('',#5973,#5857,#1045,.T.);
#5282=EDGE_CURVE('',#6055,#5856,#1046,.F.);
#5283=EDGE_CURVE('',#6058,#6057,#1047,.F.);
#5284=EDGE_CURVE('',#5967,#6058,#1048,.F.);
#5285=EDGE_CURVE('',#6065,#5960,#1049,.F.);
#5286=EDGE_CURVE('',#6066,#6065,#1050,.F.);
#5287=EDGE_CURVE('',#5846,#6068,#1051,.F.);
#5288=EDGE_CURVE('',#6056,#5855,#1052,.T.);
#5289=EDGE_CURVE('',#6059,#6056,#1053,.T.);
#5290=EDGE_CURVE('',#5968,#6061,#1054,.T.);
#5291=EDGE_CURVE('',#5959,#5976,#1055,.T.);
#5292=EDGE_CURVE('',#5977,#5969,#1056,.T.);
#5293=EDGE_CURVE('',#6062,#5958,#1057,.T.);
#5294=EDGE_CURVE('',#6067,#6064,#1058,.T.);
#5295=EDGE_CURVE('',#5848,#6067,#1059,.T.);
#5296=EDGE_CURVE('',#6059,#5854,#1060,.F.);
#5297=EDGE_CURVE('',#5977,#6061,#130,.F.);
#5298=EDGE_CURVE('',#6062,#5976,#131,.F.);
#5299=EDGE_CURVE('',#5849,#6064,#1061,.F.);
#5300=EDGE_CURVE('',#6060,#5853,#1062,.T.);
#5301=EDGE_CURVE('',#5974,#6060,#132,.T.);
#5302=EDGE_CURVE('',#6063,#5975,#133,.T.);
#5303=EDGE_CURVE('',#5850,#6063,#1063,.T.);
#5304=EDGE_CURVE('',#5974,#5852,#1064,.F.);
#5305=EDGE_CURVE('',#5851,#5975,#1065,.F.);
#5306=EDGE_CURVE('',#5947,#5988,#1066,.T.);
#5307=EDGE_CURVE('',#5989,#5957,#1067,.T.);
#5308=EDGE_CURVE('',#6025,#5956,#1068,.F.);
#5309=EDGE_CURVE('',#5989,#6025,#134,.F.);
#5310=EDGE_CURVE('',#6034,#5988,#135,.F.);
#5311=EDGE_CURVE('',#5946,#6034,#1069,.F.);
#5312=EDGE_CURVE('',#6022,#5955,#1070,.T.);
#5313=EDGE_CURVE('',#5986,#6024,#136,.T.);
#5314=EDGE_CURVE('',#5987,#5863,#1071,.T.);
#5315=EDGE_CURVE('',#5864,#5986,#1072,.T.);
#5316=EDGE_CURVE('',#6035,#5987,#137,.T.);
#5317=EDGE_CURVE('',#5948,#6037,#1073,.T.);
#5318=EDGE_CURVE('',#6029,#5954,#1074,.F.);
#5319=EDGE_CURVE('',#6022,#6029,#1075,.F.);
#5320=EDGE_CURVE('',#5865,#6024,#1076,.F.);
#5321=EDGE_CURVE('',#6035,#5862,#1077,.F.);
#5322=EDGE_CURVE('',#6030,#6037,#1078,.F.);
#5323=EDGE_CURVE('',#5949,#6030,#1079,.F.);
#5324=EDGE_CURVE('',#6026,#5953,#1080,.T.);
#5325=EDGE_CURVE('',#6023,#6028,#1081,.T.);
#5326=EDGE_CURVE('',#5866,#6023,#1082,.T.);
#5327=EDGE_CURVE('',#6036,#5861,#1083,.T.);
#5328=EDGE_CURVE('',#6031,#6036,#1084,.T.);
#5329=EDGE_CURVE('',#5950,#6033,#1085,.T.);
#5330=EDGE_CURVE('',#5952,#5990,#1086,.T.);
#5331=EDGE_CURVE('',#5991,#5951,#1087,.T.);
#5332=EDGE_CURVE('',#6026,#5990,#138,.F.);
#5333=EDGE_CURVE('',#5867,#6028,#1088,.F.);
#5334=EDGE_CURVE('',#6031,#5860,#1089,.F.);
#5335=EDGE_CURVE('',#5991,#6033,#139,.F.);
#5336=EDGE_CURVE('',#6027,#5993,#140,.T.);
#5337=EDGE_CURVE('',#5868,#6027,#1090,.T.);
#5338=EDGE_CURVE('',#6032,#5858,#1091,.T.);
#5339=EDGE_CURVE('',#5992,#6032,#141,.T.);
#5340=EDGE_CURVE('',#5869,#5993,#1092,.F.);
#5341=EDGE_CURVE('',#5992,#5859,#1093,.F.);
#5342=EDGE_CURVE('',#5935,#6000,#1094,.T.);
#5343=EDGE_CURVE('',#6001,#5945,#1095,.T.);
#5344=EDGE_CURVE('',#6018,#6000,#142,.F.);
#5345=EDGE_CURVE('',#5934,#6018,#1096,.F.);
#5346=EDGE_CURVE('',#6009,#5944,#1097,.F.);
#5347=EDGE_CURVE('',#6001,#6009,#143,.F.);
#5348=EDGE_CURVE('',#6019,#5999,#144,.T.);
#5349=EDGE_CURVE('',#5936,#6021,#1098,.T.);
#5350=EDGE_CURVE('',#6006,#5943,#1099,.T.);
#5351=EDGE_CURVE('',#5998,#6008,#145,.T.);
#5352=EDGE_CURVE('',#5876,#5998,#1100,.T.);
#5353=EDGE_CURVE('',#5999,#5875,#1101,.T.);
#5354=EDGE_CURVE('',#6019,#5874,#1102,.F.);
#5355=EDGE_CURVE('',#6014,#6021,#1103,.F.);
#5356=EDGE_CURVE('',#5937,#6014,#1104,.F.);
#5357=EDGE_CURVE('',#6013,#5942,#1105,.F.);
#5358=EDGE_CURVE('',#6006,#6013,#1106,.F.);
#5359=EDGE_CURVE('',#5877,#6008,#1107,.F.);
#5360=EDGE_CURVE('',#6020,#5873,#1108,.T.);
#5361=EDGE_CURVE('',#6015,#6020,#1109,.T.);
#5362=EDGE_CURVE('',#5938,#6017,#1110,.T.);
#5363=EDGE_CURVE('',#5940,#5994,#1111,.T.);
#5364=EDGE_CURVE('',#5995,#5939,#1112,.T.);
#5365=EDGE_CURVE('',#6010,#5941,#1113,.T.);
#5366=EDGE_CURVE('',#6007,#6012,#1114,.T.);
#5367=EDGE_CURVE('',#5878,#6007,#1115,.T.);
#5368=EDGE_CURVE('',#6015,#5872,#1116,.F.);
#5369=EDGE_CURVE('',#5995,#6017,#146,.F.);
#5370=EDGE_CURVE('',#6010,#5994,#147,.F.);
#5371=EDGE_CURVE('',#5879,#6012,#1117,.F.);
#5372=EDGE_CURVE('',#6016,#5870,#1118,.T.);
#5373=EDGE_CURVE('',#5996,#6016,#148,.T.);
#5374=EDGE_CURVE('',#6011,#5997,#149,.T.);
#5375=EDGE_CURVE('',#5880,#6011,#1119,.T.);
#5376=EDGE_CURVE('',#5996,#5871,#1120,.F.);
#5377=EDGE_CURVE('',#5881,#5997,#1121,.F.);
#5378=EDGE_CURVE('',#6070,#6071,#1122,.T.);
#5379=EDGE_CURVE('',#6070,#5913,#1123,.T.);
#5380=EDGE_CURVE('',#6071,#5912,#1124,.T.);
#5381=EDGE_CURVE('',#6072,#5911,#1125,.T.);
#5382=EDGE_CURVE('',#6071,#6072,#1126,.T.);
#5383=EDGE_CURVE('',#5910,#6073,#1127,.T.);
#5384=EDGE_CURVE('',#6073,#6072,#1128,.T.);
#5385=EDGE_CURVE('',#6073,#6070,#1129,.T.);
#5386=EDGE_CURVE('',#6004,#6070,#1130,.F.);
#5387=EDGE_CURVE('',#6073,#6005,#1131,.T.);
#5388=EDGE_CURVE('',#6074,#6075,#1132,.T.);
#5389=EDGE_CURVE('',#6074,#5894,#1133,.T.);
#5390=EDGE_CURVE('',#6075,#5895,#1134,.T.);
#5391=EDGE_CURVE('',#6076,#5907,#1135,.T.);
#5392=EDGE_CURVE('',#6076,#6075,#1136,.T.);
#5393=EDGE_CURVE('',#5906,#6077,#1137,.T.);
#5394=EDGE_CURVE('',#6077,#6076,#1138,.T.);
#5395=EDGE_CURVE('',#6077,#6074,#1139,.T.);
#5396=EDGE_CURVE('',#6077,#6003,#1140,.T.);
#5397=EDGE_CURVE('',#6002,#6074,#1141,.F.);
#5398=VERTEX_POINT('',#10712);
#5399=VERTEX_POINT('',#10714);
#5400=VERTEX_POINT('',#10716);
#5401=VERTEX_POINT('',#10718);
#5402=VERTEX_POINT('',#10720);
#5403=VERTEX_POINT('',#10721);
#5404=VERTEX_POINT('',#10723);
#5405=VERTEX_POINT('',#10725);
#5406=VERTEX_POINT('',#10727);
#5407=VERTEX_POINT('',#10729);
#5408=VERTEX_POINT('',#10731);
#5409=VERTEX_POINT('',#10733);
#5410=VERTEX_POINT('',#10735);
#5411=VERTEX_POINT('',#10737);
#5412=VERTEX_POINT('',#10739);
#5413=VERTEX_POINT('',#10741);
#5414=VERTEX_POINT('',#10743);
#5415=VERTEX_POINT('',#10745);
#5416=VERTEX_POINT('',#10749);
#5417=VERTEX_POINT('',#10750);
#5418=VERTEX_POINT('',#10752);
#5419=VERTEX_POINT('',#10754);
#5420=VERTEX_POINT('',#10758);
#5421=VERTEX_POINT('',#10759);
#5422=VERTEX_POINT('',#10761);
#5423=VERTEX_POINT('',#10763);
#5424=VERTEX_POINT('',#10767);
#5425=VERTEX_POINT('',#10768);
#5426=VERTEX_POINT('',#10770);
#5427=VERTEX_POINT('',#10772);
#5428=VERTEX_POINT('',#10776);
#5429=VERTEX_POINT('',#10777);
#5430=VERTEX_POINT('',#10779);
#5431=VERTEX_POINT('',#10781);
#5432=VERTEX_POINT('',#10785);
#5433=VERTEX_POINT('',#10787);
#5434=VERTEX_POINT('',#10791);
#5435=VERTEX_POINT('',#10792);
#5436=VERTEX_POINT('',#10797);
#5437=VERTEX_POINT('',#10799);
#5438=VERTEX_POINT('',#10803);
#5439=VERTEX_POINT('',#10804);
#5440=VERTEX_POINT('',#10809);
#5441=VERTEX_POINT('',#10811);
#5442=VERTEX_POINT('',#10815);
#5443=VERTEX_POINT('',#10817);
#5444=VERTEX_POINT('',#10821);
#5445=VERTEX_POINT('',#10825);
#5446=VERTEX_POINT('',#10827);
#5447=VERTEX_POINT('',#10831);
#5448=VERTEX_POINT('',#10833);
#5449=VERTEX_POINT('',#10837);
#5450=VERTEX_POINT('',#10841);
#5451=VERTEX_POINT('',#10842);
#5452=VERTEX_POINT('',#10844);
#5453=VERTEX_POINT('',#10846);
#5454=VERTEX_POINT('',#10848);
#5455=VERTEX_POINT('',#10850);
#5456=VERTEX_POINT('',#10852);
#5457=VERTEX_POINT('',#10854);
#5458=VERTEX_POINT('',#10856);
#5459=VERTEX_POINT('',#10858);
#5460=VERTEX_POINT('',#10860);
#5461=VERTEX_POINT('',#10862);
#5462=VERTEX_POINT('',#10864);
#5463=VERTEX_POINT('',#10866);
#5464=VERTEX_POINT('',#10868);
#5465=VERTEX_POINT('',#10870);
#5466=VERTEX_POINT('',#10872);
#5467=VERTEX_POINT('',#10874);
#5468=VERTEX_POINT('',#10876);
#5469=VERTEX_POINT('',#10878);
#5470=VERTEX_POINT('',#10882);
#5471=VERTEX_POINT('',#10883);
#5472=VERTEX_POINT('',#10886);
#5473=VERTEX_POINT('',#10888);
#5474=VERTEX_POINT('',#10893);
#5475=VERTEX_POINT('',#10895);
#5476=VERTEX_POINT('',#10899);
#5477=VERTEX_POINT('',#10900);
#5478=VERTEX_POINT('',#10902);
#5479=VERTEX_POINT('',#10904);
#5480=VERTEX_POINT('',#10906);
#5481=VERTEX_POINT('',#10908);
#5482=VERTEX_POINT('',#10910);
#5483=VERTEX_POINT('',#10912);
#5484=VERTEX_POINT('',#10914);
#5485=VERTEX_POINT('',#10916);
#5486=VERTEX_POINT('',#10921);
#5487=VERTEX_POINT('',#10923);
#5488=VERTEX_POINT('',#10925);
#5489=VERTEX_POINT('',#10927);
#5490=VERTEX_POINT('',#10929);
#5491=VERTEX_POINT('',#10931);
#5492=VERTEX_POINT('',#10933);
#5493=VERTEX_POINT('',#10935);
#5494=VERTEX_POINT('',#10937);
#5495=VERTEX_POINT('',#10939);
#5496=VERTEX_POINT('',#10943);
#5497=VERTEX_POINT('',#10947);
#5498=VERTEX_POINT('',#10951);
#5499=VERTEX_POINT('',#10954);
#5500=VERTEX_POINT('',#10957);
#5501=VERTEX_POINT('',#10960);
#5502=VERTEX_POINT('',#11067);
#5503=VERTEX_POINT('',#11068);
#5504=VERTEX_POINT('',#11073);
#5505=VERTEX_POINT('',#11077);
#5506=VERTEX_POINT('',#11089);
#5507=VERTEX_POINT('',#11091);
#5508=VERTEX_POINT('',#11093);
#5509=VERTEX_POINT('',#11095);
#5510=VERTEX_POINT('',#11097);
#5511=VERTEX_POINT('',#11098);
#5512=VERTEX_POINT('',#11100);
#5513=VERTEX_POINT('',#11102);
#5514=VERTEX_POINT('',#11104);
#5515=VERTEX_POINT('',#11106);
#5516=VERTEX_POINT('',#11108);
#5517=VERTEX_POINT('',#11110);
#5518=VERTEX_POINT('',#11112);
#5519=VERTEX_POINT('',#11114);
#5520=VERTEX_POINT('',#11116);
#5521=VERTEX_POINT('',#11118);
#5522=VERTEX_POINT('',#11120);
#5523=VERTEX_POINT('',#11122);
#5524=VERTEX_POINT('',#11126);
#5525=VERTEX_POINT('',#11127);
#5526=VERTEX_POINT('',#11129);
#5527=VERTEX_POINT('',#11131);
#5528=VERTEX_POINT('',#11135);
#5529=VERTEX_POINT('',#11136);
#5530=VERTEX_POINT('',#11138);
#5531=VERTEX_POINT('',#11140);
#5532=VERTEX_POINT('',#11144);
#5533=VERTEX_POINT('',#11145);
#5534=VERTEX_POINT('',#11147);
#5535=VERTEX_POINT('',#11149);
#5536=VERTEX_POINT('',#11153);
#5537=VERTEX_POINT('',#11154);
#5538=VERTEX_POINT('',#11156);
#5539=VERTEX_POINT('',#11158);
#5540=VERTEX_POINT('',#11162);
#5541=VERTEX_POINT('',#11164);
#5542=VERTEX_POINT('',#11168);
#5543=VERTEX_POINT('',#11169);
#5544=VERTEX_POINT('',#11174);
#5545=VERTEX_POINT('',#11176);
#5546=VERTEX_POINT('',#11180);
#5547=VERTEX_POINT('',#11181);
#5548=VERTEX_POINT('',#11186);
#5549=VERTEX_POINT('',#11188);
#5550=VERTEX_POINT('',#11192);
#5551=VERTEX_POINT('',#11194);
#5552=VERTEX_POINT('',#11198);
#5553=VERTEX_POINT('',#11202);
#5554=VERTEX_POINT('',#11204);
#5555=VERTEX_POINT('',#11208);
#5556=VERTEX_POINT('',#11210);
#5557=VERTEX_POINT('',#11214);
#5558=VERTEX_POINT('',#11218);
#5559=VERTEX_POINT('',#11219);
#5560=VERTEX_POINT('',#11221);
#5561=VERTEX_POINT('',#11223);
#5562=VERTEX_POINT('',#11225);
#5563=VERTEX_POINT('',#11227);
#5564=VERTEX_POINT('',#11229);
#5565=VERTEX_POINT('',#11231);
#5566=VERTEX_POINT('',#11233);
#5567=VERTEX_POINT('',#11235);
#5568=VERTEX_POINT('',#11237);
#5569=VERTEX_POINT('',#11239);
#5570=VERTEX_POINT('',#11241);
#5571=VERTEX_POINT('',#11243);
#5572=VERTEX_POINT('',#11245);
#5573=VERTEX_POINT('',#11247);
#5574=VERTEX_POINT('',#11249);
#5575=VERTEX_POINT('',#11251);
#5576=VERTEX_POINT('',#11253);
#5577=VERTEX_POINT('',#11255);
#5578=VERTEX_POINT('',#11259);
#5579=VERTEX_POINT('',#11260);
#5580=VERTEX_POINT('',#11263);
#5581=VERTEX_POINT('',#11265);
#5582=VERTEX_POINT('',#11270);
#5583=VERTEX_POINT('',#11272);
#5584=VERTEX_POINT('',#11276);
#5585=VERTEX_POINT('',#11277);
#5586=VERTEX_POINT('',#11280);
#5587=VERTEX_POINT('',#11282);
#5588=VERTEX_POINT('',#11284);
#5589=VERTEX_POINT('',#11286);
#5590=VERTEX_POINT('',#11288);
#5591=VERTEX_POINT('',#11290);
#5592=VERTEX_POINT('',#11292);
#5593=VERTEX_POINT('',#11294);
#5594=VERTEX_POINT('',#11298);
#5595=VERTEX_POINT('',#11300);
#5596=VERTEX_POINT('',#11302);
#5597=VERTEX_POINT('',#11304);
#5598=VERTEX_POINT('',#11306);
#5599=VERTEX_POINT('',#11308);
#5600=VERTEX_POINT('',#11310);
#5601=VERTEX_POINT('',#11312);
#5602=VERTEX_POINT('',#11314);
#5603=VERTEX_POINT('',#11316);
#5604=VERTEX_POINT('',#11320);
#5605=VERTEX_POINT('',#11324);
#5606=VERTEX_POINT('',#11328);
#5607=VERTEX_POINT('',#11331);
#5608=VERTEX_POINT('',#11334);
#5609=VERTEX_POINT('',#11337);
#5610=VERTEX_POINT('',#11444);
#5611=VERTEX_POINT('',#11445);
#5612=VERTEX_POINT('',#11450);
#5613=VERTEX_POINT('',#11454);
#5614=VERTEX_POINT('',#11466);
#5615=VERTEX_POINT('',#11467);
#5616=VERTEX_POINT('',#11469);
#5617=VERTEX_POINT('',#11474);
#5618=VERTEX_POINT('',#11476);
#5619=VERTEX_POINT('',#11481);
#5620=VERTEX_POINT('',#11485);
#5621=VERTEX_POINT('',#11486);
#5622=VERTEX_POINT('',#11488);
#5623=VERTEX_POINT('',#11490);
#5624=VERTEX_POINT('',#11492);
#5625=VERTEX_POINT('',#11494);
#5626=VERTEX_POINT('',#11498);
#5627=VERTEX_POINT('',#11499);
#5628=VERTEX_POINT('',#11501);
#5629=VERTEX_POINT('',#11503);
#5630=VERTEX_POINT('',#11507);
#5631=VERTEX_POINT('',#11508);
#5632=VERTEX_POINT('',#11510);
#5633=VERTEX_POINT('',#11512);
#5634=VERTEX_POINT('',#11514);
#5635=VERTEX_POINT('',#11517);
#5636=VERTEX_POINT('',#11521);
#5637=VERTEX_POINT('',#11522);
#5638=VERTEX_POINT('',#11524);
#5639=VERTEX_POINT('',#11526);
#5640=VERTEX_POINT('',#11530);
#5641=VERTEX_POINT('',#11532);
#5642=VERTEX_POINT('',#11534);
#5643=VERTEX_POINT('',#11536);
#5644=VERTEX_POINT('',#11538);
#5645=VERTEX_POINT('',#11539);
#5646=VERTEX_POINT('',#11542);
#5647=VERTEX_POINT('',#11544);
#5648=VERTEX_POINT('',#11546);
#5649=VERTEX_POINT('',#11548);
#5650=VERTEX_POINT('',#11550);
#5651=VERTEX_POINT('',#11552);
#5652=VERTEX_POINT('',#11554);
#5653=VERTEX_POINT('',#11556);
#5654=VERTEX_POINT('',#11558);
#5655=VERTEX_POINT('',#11560);
#5656=VERTEX_POINT('',#11562);
#5657=VERTEX_POINT('',#11564);
#5658=VERTEX_POINT('',#11566);
#5659=VERTEX_POINT('',#11568);
#5660=VERTEX_POINT('',#11570);
#5661=VERTEX_POINT('',#11572);
#5662=VERTEX_POINT('',#11574);
#5663=VERTEX_POINT('',#11576);
#5664=VERTEX_POINT('',#11578);
#5665=VERTEX_POINT('',#11580);
#5666=VERTEX_POINT('',#11582);
#5667=VERTEX_POINT('',#11586);
#5668=VERTEX_POINT('',#11588);
#5669=VERTEX_POINT('',#11592);
#5670=VERTEX_POINT('',#11594);
#5671=VERTEX_POINT('',#11596);
#5672=VERTEX_POINT('',#11598);
#5673=VERTEX_POINT('',#11600);
#5674=VERTEX_POINT('',#11601);
#5675=VERTEX_POINT('',#11603);
#5676=VERTEX_POINT('',#11605);
#5677=VERTEX_POINT('',#11608);
#5678=VERTEX_POINT('',#11610);
#5679=VERTEX_POINT('',#11612);
#5680=VERTEX_POINT('',#11614);
#5681=VERTEX_POINT('',#11616);
#5682=VERTEX_POINT('',#11618);
#5683=VERTEX_POINT('',#11620);
#5684=VERTEX_POINT('',#11622);
#5685=VERTEX_POINT('',#11624);
#5686=VERTEX_POINT('',#11626);
#5687=VERTEX_POINT('',#11628);
#5688=VERTEX_POINT('',#11630);
#5689=VERTEX_POINT('',#11632);
#5690=VERTEX_POINT('',#11634);
#5691=VERTEX_POINT('',#11637);
#5692=VERTEX_POINT('',#11639);
#5693=VERTEX_POINT('',#11641);
#5694=VERTEX_POINT('',#11669);
#5695=VERTEX_POINT('',#11671);
#5696=VERTEX_POINT('',#11676);
#5697=VERTEX_POINT('',#11677);
#5698=VERTEX_POINT('',#11682);
#5699=VERTEX_POINT('',#11683);
#5700=VERTEX_POINT('',#11685);
#5701=VERTEX_POINT('',#11687);
#5702=VERTEX_POINT('',#11689);
#5703=VERTEX_POINT('',#11691);
#5704=VERTEX_POINT('',#11693);
#5705=VERTEX_POINT('',#11695);
#5706=VERTEX_POINT('',#11699);
#5707=VERTEX_POINT('',#11700);
#5708=VERTEX_POINT('',#11702);
#5709=VERTEX_POINT('',#11704);
#5710=VERTEX_POINT('',#11706);
#5711=VERTEX_POINT('',#11708);
#5712=VERTEX_POINT('',#11710);
#5713=VERTEX_POINT('',#11712);
#5714=VERTEX_POINT('',#11716);
#5715=VERTEX_POINT('',#11724);
#5716=VERTEX_POINT('',#11746);
#5717=VERTEX_POINT('',#11756);
#5718=VERTEX_POINT('',#11762);
#5719=VERTEX_POINT('',#11769);
#5720=VERTEX_POINT('',#11774);
#5721=VERTEX_POINT('',#11781);
#5722=VERTEX_POINT('',#11787);
#5723=VERTEX_POINT('',#11792);
#5724=VERTEX_POINT('',#11801);
#5725=VERTEX_POINT('',#11802);
#5726=VERTEX_POINT('',#11855);
#5727=VERTEX_POINT('',#11857);
#5728=VERTEX_POINT('',#11861);
#5729=VERTEX_POINT('',#11863);
#5730=VERTEX_POINT('',#11903);
#5731=VERTEX_POINT('',#11904);
#5732=VERTEX_POINT('',#11906);
#5733=VERTEX_POINT('',#11911);
#5734=VERTEX_POINT('',#11913);
#5735=VERTEX_POINT('',#11918);
#5736=VERTEX_POINT('',#11922);
#5737=VERTEX_POINT('',#11923);
#5738=VERTEX_POINT('',#11925);
#5739=VERTEX_POINT('',#11927);
#5740=VERTEX_POINT('',#11929);
#5741=VERTEX_POINT('',#11931);
#5742=VERTEX_POINT('',#11935);
#5743=VERTEX_POINT('',#11936);
#5744=VERTEX_POINT('',#11938);
#5745=VERTEX_POINT('',#11940);
#5746=VERTEX_POINT('',#11944);
#5747=VERTEX_POINT('',#11945);
#5748=VERTEX_POINT('',#11947);
#5749=VERTEX_POINT('',#11950);
#5750=VERTEX_POINT('',#11952);
#5751=VERTEX_POINT('',#11954);
#5752=VERTEX_POINT('',#11958);
#5753=VERTEX_POINT('',#11959);
#5754=VERTEX_POINT('',#11961);
#5755=VERTEX_POINT('',#11963);
#5756=VERTEX_POINT('',#11967);
#5757=VERTEX_POINT('',#11969);
#5758=VERTEX_POINT('',#11971);
#5759=VERTEX_POINT('',#11973);
#5760=VERTEX_POINT('',#11975);
#5761=VERTEX_POINT('',#11976);
#5762=VERTEX_POINT('',#11978);
#5763=VERTEX_POINT('',#11980);
#5764=VERTEX_POINT('',#11982);
#5765=VERTEX_POINT('',#11984);
#5766=VERTEX_POINT('',#11986);
#5767=VERTEX_POINT('',#11988);
#5768=VERTEX_POINT('',#11990);
#5769=VERTEX_POINT('',#11992);
#5770=VERTEX_POINT('',#11994);
#5771=VERTEX_POINT('',#11996);
#5772=VERTEX_POINT('',#11998);
#5773=VERTEX_POINT('',#12000);
#5774=VERTEX_POINT('',#12002);
#5775=VERTEX_POINT('',#12004);
#5776=VERTEX_POINT('',#12006);
#5777=VERTEX_POINT('',#12008);
#5778=VERTEX_POINT('',#12010);
#5779=VERTEX_POINT('',#12012);
#5780=VERTEX_POINT('',#12014);
#5781=VERTEX_POINT('',#12016);
#5782=VERTEX_POINT('',#12018);
#5783=VERTEX_POINT('',#12023);
#5784=VERTEX_POINT('',#12025);
#5785=VERTEX_POINT('',#12029);
#5786=VERTEX_POINT('',#12031);
#5787=VERTEX_POINT('',#12033);
#5788=VERTEX_POINT('',#12035);
#5789=VERTEX_POINT('',#12037);
#5790=VERTEX_POINT('',#12038);
#5791=VERTEX_POINT('',#12040);
#5792=VERTEX_POINT('',#12042);
#5793=VERTEX_POINT('',#12044);
#5794=VERTEX_POINT('',#12047);
#5795=VERTEX_POINT('',#12049);
#5796=VERTEX_POINT('',#12051);
#5797=VERTEX_POINT('',#12053);
#5798=VERTEX_POINT('',#12055);
#5799=VERTEX_POINT('',#12057);
#5800=VERTEX_POINT('',#12059);
#5801=VERTEX_POINT('',#12061);
#5802=VERTEX_POINT('',#12063);
#5803=VERTEX_POINT('',#12065);
#5804=VERTEX_POINT('',#12067);
#5805=VERTEX_POINT('',#12069);
#5806=VERTEX_POINT('',#12071);
#5807=VERTEX_POINT('',#12073);
#5808=VERTEX_POINT('',#12076);
#5809=VERTEX_POINT('',#12078);
#5810=VERTEX_POINT('',#12107);
#5811=VERTEX_POINT('',#12109);
#5812=VERTEX_POINT('',#12113);
#5813=VERTEX_POINT('',#12114);
#5814=VERTEX_POINT('',#12119);
#5815=VERTEX_POINT('',#12120);
#5816=VERTEX_POINT('',#12122);
#5817=VERTEX_POINT('',#12124);
#5818=VERTEX_POINT('',#12126);
#5819=VERTEX_POINT('',#12128);
#5820=VERTEX_POINT('',#12130);
#5821=VERTEX_POINT('',#12132);
#5822=VERTEX_POINT('',#12136);
#5823=VERTEX_POINT('',#12137);
#5824=VERTEX_POINT('',#12139);
#5825=VERTEX_POINT('',#12141);
#5826=VERTEX_POINT('',#12143);
#5827=VERTEX_POINT('',#12145);
#5828=VERTEX_POINT('',#12147);
#5829=VERTEX_POINT('',#12149);
#5830=VERTEX_POINT('',#12153);
#5831=VERTEX_POINT('',#12159);
#5832=VERTEX_POINT('',#12183);
#5833=VERTEX_POINT('',#12186);
#5834=VERTEX_POINT('',#12201);
#5835=VERTEX_POINT('',#12206);
#5836=VERTEX_POINT('',#12213);
#5837=VERTEX_POINT('',#12218);
#5838=VERTEX_POINT('',#12225);
#5839=VERTEX_POINT('',#12230);
#5840=VERTEX_POINT('',#12238);
#5841=VERTEX_POINT('',#12239);
#5842=VERTEX_POINT('',#12292);
#5843=VERTEX_POINT('',#12294);
#5844=VERTEX_POINT('',#12298);
#5845=VERTEX_POINT('',#12300);
#5846=VERTEX_POINT('',#12343);
#5847=VERTEX_POINT('',#12344);
#5848=VERTEX_POINT('',#12346);
#5849=VERTEX_POINT('',#12348);
#5850=VERTEX_POINT('',#12350);
#5851=VERTEX_POINT('',#12355);
#5852=VERTEX_POINT('',#12357);
#5853=VERTEX_POINT('',#12362);
#5854=VERTEX_POINT('',#12364);
#5855=VERTEX_POINT('',#12366);
#5856=VERTEX_POINT('',#12368);
#5857=VERTEX_POINT('',#12373);
#5858=VERTEX_POINT('',#12379);
#5859=VERTEX_POINT('',#12380);
#5860=VERTEX_POINT('',#12382);
#5861=VERTEX_POINT('',#12384);
#5862=VERTEX_POINT('',#12386);
#5863=VERTEX_POINT('',#12391);
#5864=VERTEX_POINT('',#12393);
#5865=VERTEX_POINT('',#12398);
#5866=VERTEX_POINT('',#12400);
#5867=VERTEX_POINT('',#12402);
#5868=VERTEX_POINT('',#12404);
#5869=VERTEX_POINT('',#12409);
#5870=VERTEX_POINT('',#12415);
#5871=VERTEX_POINT('',#12416);
#5872=VERTEX_POINT('',#12418);
#5873=VERTEX_POINT('',#12420);
#5874=VERTEX_POINT('',#12422);
#5875=VERTEX_POINT('',#12427);
#5876=VERTEX_POINT('',#12429);
#5877=VERTEX_POINT('',#12434);
#5878=VERTEX_POINT('',#12436);
#5879=VERTEX_POINT('',#12438);
#5880=VERTEX_POINT('',#12440);
#5881=VERTEX_POINT('',#12445);
#5882=VERTEX_POINT('',#12451);
#5883=VERTEX_POINT('',#12452);
#5884=VERTEX_POINT('',#12454);
#5885=VERTEX_POINT('',#12456);
#5886=VERTEX_POINT('',#12458);
#5887=VERTEX_POINT('',#12463);
#5888=VERTEX_POINT('',#12465);
#5889=VERTEX_POINT('',#12470);
#5890=VERTEX_POINT('',#12472);
#5891=VERTEX_POINT('',#12474);
#5892=VERTEX_POINT('',#12476);
#5893=VERTEX_POINT('',#12481);
#5894=VERTEX_POINT('',#12484);
#5895=VERTEX_POINT('',#12485);
#5896=VERTEX_POINT('',#12487);
#5897=VERTEX_POINT('',#12489);
#5898=VERTEX_POINT('',#12491);
#5899=VERTEX_POINT('',#12493);
#5900=VERTEX_POINT('',#12495);
#5901=VERTEX_POINT('',#12497);
#5902=VERTEX_POINT('',#12499);
#5903=VERTEX_POINT('',#12501);
#5904=VERTEX_POINT('',#12503);
#5905=VERTEX_POINT('',#12505);
#5906=VERTEX_POINT('',#12507);
#5907=VERTEX_POINT('',#12509);
#5908=VERTEX_POINT('',#12513);
#5909=VERTEX_POINT('',#12514);
#5910=VERTEX_POINT('',#12516);
#5911=VERTEX_POINT('',#12518);
#5912=VERTEX_POINT('',#12520);
#5913=VERTEX_POINT('',#12522);
#5914=VERTEX_POINT('',#12524);
#5915=VERTEX_POINT('',#12526);
#5916=VERTEX_POINT('',#12528);
#5917=VERTEX_POINT('',#12530);
#5918=VERTEX_POINT('',#12532);
#5919=VERTEX_POINT('',#12534);
#5920=VERTEX_POINT('',#12536);
#5921=VERTEX_POINT('',#12538);
#5922=VERTEX_POINT('',#12544);
#5923=VERTEX_POINT('',#12545);
#5924=VERTEX_POINT('',#12547);
#5925=VERTEX_POINT('',#12549);
#5926=VERTEX_POINT('',#12551);
#5927=VERTEX_POINT('',#12556);
#5928=VERTEX_POINT('',#12558);
#5929=VERTEX_POINT('',#12563);
#5930=VERTEX_POINT('',#12565);
#5931=VERTEX_POINT('',#12567);
#5932=VERTEX_POINT('',#12569);
#5933=VERTEX_POINT('',#12574);
#5934=VERTEX_POINT('',#12580);
#5935=VERTEX_POINT('',#12581);
#5936=VERTEX_POINT('',#12583);
#5937=VERTEX_POINT('',#12585);
#5938=VERTEX_POINT('',#12587);
#5939=VERTEX_POINT('',#12592);
#5940=VERTEX_POINT('',#12594);
#5941=VERTEX_POINT('',#12599);
#5942=VERTEX_POINT('',#12601);
#5943=VERTEX_POINT('',#12603);
#5944=VERTEX_POINT('',#12605);
#5945=VERTEX_POINT('',#12610);
#5946=VERTEX_POINT('',#12616);
#5947=VERTEX_POINT('',#12617);
#5948=VERTEX_POINT('',#12619);
#5949=VERTEX_POINT('',#12621);
#5950=VERTEX_POINT('',#12623);
#5951=VERTEX_POINT('',#12628);
#5952=VERTEX_POINT('',#12630);
#5953=VERTEX_POINT('',#12635);
#5954=VERTEX_POINT('',#12637);
#5955=VERTEX_POINT('',#12639);
#5956=VERTEX_POINT('',#12641);
#5957=VERTEX_POINT('',#12646);
#5958=VERTEX_POINT('',#12652);
#5959=VERTEX_POINT('',#12653);
#5960=VERTEX_POINT('',#12655);
#5961=VERTEX_POINT('',#12657);
#5962=VERTEX_POINT('',#12659);
#5963=VERTEX_POINT('',#12664);
#5964=VERTEX_POINT('',#12666);
#5965=VERTEX_POINT('',#12671);
#5966=VERTEX_POINT('',#12673);
#5967=VERTEX_POINT('',#12675);
#5968=VERTEX_POINT('',#12677);
#5969=VERTEX_POINT('',#12682);
#5970=VERTEX_POINT('',#12686);
#5971=VERTEX_POINT('',#12687);
#5972=VERTEX_POINT('',#12689);
#5973=VERTEX_POINT('',#12691);
#5974=VERTEX_POINT('',#12695);
#5975=VERTEX_POINT('',#12696);
#5976=VERTEX_POINT('',#12698);
#5977=VERTEX_POINT('',#12700);
#5978=VERTEX_POINT('',#12704);
#5979=VERTEX_POINT('',#12705);
#5980=VERTEX_POINT('',#12707);
#5981=VERTEX_POINT('',#12709);
#5982=VERTEX_POINT('',#12713);
#5983=VERTEX_POINT('',#12714);
#5984=VERTEX_POINT('',#12716);
#5985=VERTEX_POINT('',#12718);
#5986=VERTEX_POINT('',#12722);
#5987=VERTEX_POINT('',#12723);
#5988=VERTEX_POINT('',#12725);
#5989=VERTEX_POINT('',#12727);
#5990=VERTEX_POINT('',#12731);
#5991=VERTEX_POINT('',#12732);
#5992=VERTEX_POINT('',#12734);
#5993=VERTEX_POINT('',#12736);
#5994=VERTEX_POINT('',#12740);
#5995=VERTEX_POINT('',#12741);
#5996=VERTEX_POINT('',#12743);
#5997=VERTEX_POINT('',#12745);
#5998=VERTEX_POINT('',#12749);
#5999=VERTEX_POINT('',#12750);
#6000=VERTEX_POINT('',#12752);
#6001=VERTEX_POINT('',#12754);
#6002=VERTEX_POINT('',#12758);
#6003=VERTEX_POINT('',#12760);
#6004=VERTEX_POINT('',#12764);
#6005=VERTEX_POINT('',#12766);
#6006=VERTEX_POINT('',#12780);
#6007=VERTEX_POINT('',#12781);
#6008=VERTEX_POINT('',#12783);
#6009=VERTEX_POINT('',#12785);
#6010=VERTEX_POINT('',#12789);
#6011=VERTEX_POINT('',#12790);
#6012=VERTEX_POINT('',#12792);
#6013=VERTEX_POINT('',#12794);
#6014=VERTEX_POINT('',#12798);
#6015=VERTEX_POINT('',#12799);
#6016=VERTEX_POINT('',#12801);
#6017=VERTEX_POINT('',#12803);
#6018=VERTEX_POINT('',#12807);
#6019=VERTEX_POINT('',#12808);
#6020=VERTEX_POINT('',#12810);
#6021=VERTEX_POINT('',#12812);
#6022=VERTEX_POINT('',#12816);
#6023=VERTEX_POINT('',#12817);
#6024=VERTEX_POINT('',#12819);
#6025=VERTEX_POINT('',#12821);
#6026=VERTEX_POINT('',#12825);
#6027=VERTEX_POINT('',#12826);
#6028=VERTEX_POINT('',#12828);
#6029=VERTEX_POINT('',#12830);
#6030=VERTEX_POINT('',#12834);
#6031=VERTEX_POINT('',#12835);
#6032=VERTEX_POINT('',#12837);
#6033=VERTEX_POINT('',#12839);
#6034=VERTEX_POINT('',#12843);
#6035=VERTEX_POINT('',#12844);
#6036=VERTEX_POINT('',#12846);
#6037=VERTEX_POINT('',#12848);
#6038=VERTEX_POINT('',#12852);
#6039=VERTEX_POINT('',#12853);
#6040=VERTEX_POINT('',#12855);
#6041=VERTEX_POINT('',#12857);
#6042=VERTEX_POINT('',#12861);
#6043=VERTEX_POINT('',#12862);
#6044=VERTEX_POINT('',#12864);
#6045=VERTEX_POINT('',#12866);
#6046=VERTEX_POINT('',#12870);
#6047=VERTEX_POINT('',#12871);
#6048=VERTEX_POINT('',#12873);
#6049=VERTEX_POINT('',#12875);
#6050=VERTEX_POINT('',#12879);
#6051=VERTEX_POINT('',#12880);
#6052=VERTEX_POINT('',#12882);
#6053=VERTEX_POINT('',#12884);
#6054=VERTEX_POINT('',#12888);
#6055=VERTEX_POINT('',#12889);
#6056=VERTEX_POINT('',#12891);
#6057=VERTEX_POINT('',#12893);
#6058=VERTEX_POINT('',#12897);
#6059=VERTEX_POINT('',#12898);
#6060=VERTEX_POINT('',#12900);
#6061=VERTEX_POINT('',#12902);
#6062=VERTEX_POINT('',#12906);
#6063=VERTEX_POINT('',#12907);
#6064=VERTEX_POINT('',#12909);
#6065=VERTEX_POINT('',#12911);
#6066=VERTEX_POINT('',#12915);
#6067=VERTEX_POINT('',#12916);
#6068=VERTEX_POINT('',#12918);
#6069=VERTEX_POINT('',#12920);
#6070=VERTEX_POINT('',#13384);
#6071=VERTEX_POINT('',#13385);
#6072=VERTEX_POINT('',#13390);
#6073=VERTEX_POINT('',#13394);
#6074=VERTEX_POINT('',#13405);
#6075=VERTEX_POINT('',#13406);
#6076=VERTEX_POINT('',#13411);
#6077=VERTEX_POINT('',#13415);
#6078=CIRCLE('',#8138,0.0016);
#6079=CIRCLE('',#8139,0.0016);
#6080=CIRCLE('',#8140,0.0016);
#6081=CIRCLE('',#8141,0.0016);
#6082=CIRCLE('',#8143,0.003);
#6083=CIRCLE('',#8144,0.003);
#6084=CIRCLE('',#8146,0.003);
#6085=CIRCLE('',#8147,0.003);
#6086=CIRCLE('',#8149,0.003);
#6087=CIRCLE('',#8150,0.003);
#6088=CIRCLE('',#8152,0.003);
#6089=CIRCLE('',#8153,0.003);
#6090=CIRCLE('',#8160,0.002);
#6091=CIRCLE('',#8164,0.002);
#6092=CIRCLE('',#8167,0.0034);
#6093=CIRCLE('',#8168,0.0034);
#6094=CIRCLE('',#8169,0.0034);
#6095=CIRCLE('',#8170,0.0034);
#6096=CIRCLE('',#8176,0.002);
#6097=CIRCLE('',#8178,0.002);
#6098=CIRCLE('',#8180,0.0016);
#6099=CIRCLE('',#8182,0.0016);
#6100=CIRCLE('',#8184,0.0016);
#6101=CIRCLE('',#8186,0.0016);
#6102=CIRCLE('',#8248,0.0016);
#6103=CIRCLE('',#8249,0.0016);
#6104=CIRCLE('',#8250,0.0016);
#6105=CIRCLE('',#8251,0.0016);
#6106=CIRCLE('',#8253,0.003);
#6107=CIRCLE('',#8254,0.003);
#6108=CIRCLE('',#8256,0.003);
#6109=CIRCLE('',#8257,0.003);
#6110=CIRCLE('',#8259,0.003);
#6111=CIRCLE('',#8260,0.003);
#6112=CIRCLE('',#8262,0.003);
#6113=CIRCLE('',#8263,0.003);
#6114=CIRCLE('',#8270,0.002);
#6115=CIRCLE('',#8274,0.002);
#6116=CIRCLE('',#8277,0.0034);
#6117=CIRCLE('',#8278,0.0034);
#6118=CIRCLE('',#8279,0.0034);
#6119=CIRCLE('',#8280,0.0034);
#6120=CIRCLE('',#8286,0.002);
#6121=CIRCLE('',#8288,0.002);
#6122=CIRCLE('',#8290,0.0016);
#6123=CIRCLE('',#8292,0.0016);
#6124=CIRCLE('',#8294,0.0016);
#6125=CIRCLE('',#8296,0.0016);
#6126=CIRCLE('',#8363,0.0016);
#6127=CIRCLE('',#8364,0.0016);
#6128=CIRCLE('',#8365,0.0016);
#6129=CIRCLE('',#8366,0.0016);
#6130=CIRCLE('',#8367,0.0014);
#6131=CIRCLE('',#8370,0.0016);
#6132=CIRCLE('',#8371,0.0016);
#6133=CIRCLE('',#8372,0.0016);
#6134=CIRCLE('',#8373,0.0016);
#6135=CIRCLE('',#8374,0.0014);
#6136=CIRCLE('',#8404,0.001);
#6137=CIRCLE('',#8405,0.001);
#6138=CIRCLE('',#8446,0.0016);
#6139=CIRCLE('',#8447,0.0016);
#6140=CIRCLE('',#8448,0.0016);
#6141=CIRCLE('',#8449,0.0016);
#6142=CIRCLE('',#8450,0.0014);
#6143=CIRCLE('',#8453,0.0016);
#6144=CIRCLE('',#8454,0.0016);
#6145=CIRCLE('',#8455,0.0016);
#6146=CIRCLE('',#8456,0.0016);
#6147=CIRCLE('',#8457,0.0014);
#6148=CIRCLE('',#8487,0.001);
#6149=CIRCLE('',#8488,0.001);
#6150=CIRCLE('',#8524,0.0019);
#6151=CIRCLE('',#8525,0.0019);
#6152=CIRCLE('',#8526,0.0019);
#6153=CIRCLE('',#8527,0.0019);
#6154=CIRCLE('',#8528,0.0019);
#6155=CIRCLE('',#8529,0.0019);
#6156=CIRCLE('',#8530,0.0019);
#6157=CIRCLE('',#8531,0.0019);
#6158=CIRCLE('',#8533,0.0019);
#6159=CIRCLE('',#8534,0.0019);
#6160=CIRCLE('',#8535,0.0019);
#6161=CIRCLE('',#8536,0.0019);
#6162=CIRCLE('',#8537,0.0019);
#6163=CIRCLE('',#8538,0.0019);
#6164=CIRCLE('',#8539,0.0019);
#6165=CIRCLE('',#8540,0.0019);
#6166=CIRCLE('',#8542,0.0015);
#6167=CIRCLE('',#8543,0.0015);
#6168=CIRCLE('',#8545,0.0015);
#6169=CIRCLE('',#8546,0.0015);
#6170=CIRCLE('',#8548,0.0015);
#6171=CIRCLE('',#8549,0.0015);
#6172=CIRCLE('',#8551,0.0015);
#6173=CIRCLE('',#8552,0.0015);
#6174=CIRCLE('',#8554,0.0015);
#6175=CIRCLE('',#8555,0.0015);
#6176=CIRCLE('',#8557,0.0015);
#6177=CIRCLE('',#8558,0.0015);
#6178=CIRCLE('',#8560,0.0015);
#6179=CIRCLE('',#8561,0.0015);
#6180=CIRCLE('',#8563,0.0015);
#6181=CIRCLE('',#8564,0.0015);
#6182=EDGE_LOOP('',(#2050));
#6183=EDGE_LOOP('',(#2051));
#6184=EDGE_LOOP('',(#2052));
#6185=EDGE_LOOP('',(#2053));
#6186=EDGE_LOOP('',(#2054,#2055,#2056,#2057,#2058,#2059,#2060,#2061,#2062,
#2063,#2064,#2065,#2066,#2067));
#6187=EDGE_LOOP('',(#2068,#2069,#2070,#2071));
#6188=EDGE_LOOP('',(#2072,#2073,#2074,#2075));
#6189=EDGE_LOOP('',(#2076,#2077,#2078,#2079));
#6190=EDGE_LOOP('',(#2080,#2081,#2082,#2083));
#6191=EDGE_LOOP('',(#2084,#2085,#2086,#2087));
#6192=EDGE_LOOP('',(#2088,#2089,#2090,#2091));
#6193=EDGE_LOOP('',(#2092,#2093,#2094,#2095));
#6194=EDGE_LOOP('',(#2096,#2097,#2098,#2099));
#6195=EDGE_LOOP('',(#2100,#2101,#2102,#2103));
#6196=EDGE_LOOP('',(#2104));
#6197=EDGE_LOOP('',(#2105,#2106,#2107,#2108));
#6198=EDGE_LOOP('',(#2109,#2110,#2111,#2112));
#6199=EDGE_LOOP('',(#2113,#2114,#2115,#2116));
#6200=EDGE_LOOP('',(#2117));
#6201=EDGE_LOOP('',(#2118,#2119,#2120,#2121));
#6202=EDGE_LOOP('',(#2122,#2123,#2124,#2125));
#6203=EDGE_LOOP('',(#2126,#2127,#2128,#2129,#2130,#2131,#2132,#2133,#2134,
#2135,#2136,#2137,#2138,#2139,#2140,#2141,#2142,#2143,#2144,#2145));
#6204=EDGE_LOOP('',(#2146,#2147,#2148,#2149,#2150,#2151,#2152,#2153));
#6205=EDGE_LOOP('',(#2154,#2155,#2156,#2157));
#6206=EDGE_LOOP('',(#2158,#2159,#2160,#2161,#2162,#2163,#2164,#2165,#2166,
#2167,#2168,#2169));
#6207=EDGE_LOOP('',(#2170,#2171,#2172,#2173,#2174,#2175,#2176,#2177,#2178,
#2179,#2180,#2181));
#6208=EDGE_LOOP('',(#2182));
#6209=EDGE_LOOP('',(#2183,#2184,#2185,#2186));
#6210=EDGE_LOOP('',(#2187));
#6211=EDGE_LOOP('',(#2188,#2189,#2190,#2191));
#6212=EDGE_LOOP('',(#2192));
#6213=EDGE_LOOP('',(#2193));
#6214=EDGE_LOOP('',(#2194));
#6215=EDGE_LOOP('',(#2195));
#6216=EDGE_LOOP('',(#2196));
#6217=EDGE_LOOP('',(#2197));
#6218=EDGE_LOOP('',(#2198));
#6219=EDGE_LOOP('',(#2199));
#6220=EDGE_LOOP('',(#2200));
#6221=EDGE_LOOP('',(#2201));
#6222=EDGE_LOOP('',(#2202));
#6223=EDGE_LOOP('',(#2203));
#6224=EDGE_LOOP('',(#2204));
#6225=EDGE_LOOP('',(#2205));
#6226=EDGE_LOOP('',(#2206));
#6227=EDGE_LOOP('',(#2207));
#6228=EDGE_LOOP('',(#2208,#2209,#2210,#2211));
#6229=EDGE_LOOP('',(#2212,#2213,#2214));
#6230=EDGE_LOOP('',(#2215,#2216,#2217,#2218));
#6231=EDGE_LOOP('',(#2219,#2220,#2221,#2222));
#6232=EDGE_LOOP('',(#2223,#2224,#2225,#2226));
#6233=EDGE_LOOP('',(#2227,#2228,#2229));
#6234=EDGE_LOOP('',(#2230,#2231,#2232));
#6235=EDGE_LOOP('',(#2233,#2234,#2235,#2236));
#6236=EDGE_LOOP('',(#2237,#2238,#2239,#2240));
#6237=EDGE_LOOP('',(#2241,#2242,#2243,#2244));
#6238=EDGE_LOOP('',(#2245,#2246,#2247,#2248));
#6239=EDGE_LOOP('',(#2249,#2250,#2251,#2252));
#6240=EDGE_LOOP('',(#2253,#2254,#2255));
#6241=EDGE_LOOP('',(#2256,#2257,#2258,#2259));
#6242=EDGE_LOOP('',(#2260,#2261,#2262,#2263));
#6243=EDGE_LOOP('',(#2264,#2265,#2266,#2267));
#6244=EDGE_LOOP('',(#2268,#2269,#2270,#2271));
#6245=EDGE_LOOP('',(#2272,#2273,#2274));
#6246=EDGE_LOOP('',(#2275,#2276,#2277,#2278));
#6247=EDGE_LOOP('',(#2279,#2280,#2281,#2282));
#6248=EDGE_LOOP('',(#2283,#2284,#2285,#2286));
#6249=EDGE_LOOP('',(#2287,#2288,#2289,#2290));
#6250=EDGE_LOOP('',(#2291,#2292,#2293,#2294));
#6251=EDGE_LOOP('',(#2295,#2296,#2297));
#6252=EDGE_LOOP('',(#2298,#2299,#2300));
#6253=EDGE_LOOP('',(#2301,#2302,#2303,#2304));
#6254=EDGE_LOOP('',(#2305,#2306,#2307,#2308));
#6255=EDGE_LOOP('',(#2309,#2310,#2311,#2312));
#6256=EDGE_LOOP('',(#2313,#2314,#2315,#2316));
#6257=EDGE_LOOP('',(#2317,#2318,#2319,#2320));
#6258=EDGE_LOOP('',(#2321,#2322,#2323));
#6259=EDGE_LOOP('',(#2324,#2325,#2326,#2327));
#6260=EDGE_LOOP('',(#2328,#2329,#2330,#2331));
#6261=EDGE_LOOP('',(#2332,#2333,#2334,#2335));
#6262=EDGE_LOOP('',(#2336,#2337,#2338,#2339));
#6263=EDGE_LOOP('',(#2340,#2341,#2342));
#6264=EDGE_LOOP('',(#2343,#2344,#2345,#2346));
#6265=EDGE_LOOP('',(#2347,#2348,#2349,#2350));
#6266=EDGE_LOOP('',(#2351,#2352,#2353,#2354));
#6267=EDGE_LOOP('',(#2355,#2356,#2357,#2358));
#6268=EDGE_LOOP('',(#2359,#2360,#2361,#2362));
#6269=EDGE_LOOP('',(#2363,#2364,#2365,#2366));
#6270=EDGE_LOOP('',(#2367,#2368,#2369));
#6271=EDGE_LOOP('',(#2370,#2371,#2372));
#6272=EDGE_LOOP('',(#2373,#2374,#2375,#2376));
#6273=EDGE_LOOP('',(#2377,#2378,#2379,#2380));
#6274=EDGE_LOOP('',(#2381,#2382,#2383));
#6275=EDGE_LOOP('',(#2384,#2385,#2386,#2387));
#6276=EDGE_LOOP('',(#2388,#2389,#2390,#2391));
#6277=EDGE_LOOP('',(#2392,#2393,#2394,#2395));
#6278=EDGE_LOOP('',(#2396,#2397,#2398,#2399));
#6279=EDGE_LOOP('',(#2400,#2401,#2402,#2403));
#6280=EDGE_LOOP('',(#2404,#2405,#2406,#2407));
#6281=EDGE_LOOP('',(#2408,#2409,#2410,#2411));
#6282=EDGE_LOOP('',(#2412,#2413,#2414,#2415));
#6283=EDGE_LOOP('',(#2416));
#6284=EDGE_LOOP('',(#2417));
#6285=EDGE_LOOP('',(#2418));
#6286=EDGE_LOOP('',(#2419));
#6287=EDGE_LOOP('',(#2420,#2421,#2422,#2423,#2424,#2425,#2426,#2427,#2428,
#2429,#2430,#2431,#2432,#2433));
#6288=EDGE_LOOP('',(#2434,#2435,#2436,#2437));
#6289=EDGE_LOOP('',(#2438,#2439,#2440,#2441));
#6290=EDGE_LOOP('',(#2442,#2443,#2444,#2445));
#6291=EDGE_LOOP('',(#2446,#2447,#2448,#2449));
#6292=EDGE_LOOP('',(#2450,#2451,#2452,#2453));
#6293=EDGE_LOOP('',(#2454,#2455,#2456,#2457));
#6294=EDGE_LOOP('',(#2458,#2459,#2460,#2461));
#6295=EDGE_LOOP('',(#2462,#2463,#2464,#2465));
#6296=EDGE_LOOP('',(#2466,#2467,#2468,#2469));
#6297=EDGE_LOOP('',(#2470));
#6298=EDGE_LOOP('',(#2471,#2472,#2473,#2474));
#6299=EDGE_LOOP('',(#2475,#2476,#2477,#2478));
#6300=EDGE_LOOP('',(#2479,#2480,#2481,#2482));
#6301=EDGE_LOOP('',(#2483));
#6302=EDGE_LOOP('',(#2484,#2485,#2486,#2487));
#6303=EDGE_LOOP('',(#2488,#2489,#2490,#2491));
#6304=EDGE_LOOP('',(#2492,#2493,#2494,#2495,#2496,#2497,#2498,#2499,#2500,
#2501,#2502,#2503,#2504,#2505,#2506,#2507,#2508,#2509,#2510,#2511));
#6305=EDGE_LOOP('',(#2512,#2513,#2514,#2515,#2516,#2517,#2518,#2519));
#6306=EDGE_LOOP('',(#2520,#2521,#2522,#2523));
#6307=EDGE_LOOP('',(#2524,#2525,#2526,#2527,#2528,#2529,#2530,#2531,#2532,
#2533,#2534,#2535));
#6308=EDGE_LOOP('',(#2536,#2537,#2538,#2539,#2540,#2541,#2542,#2543,#2544,
#2545,#2546,#2547));
#6309=EDGE_LOOP('',(#2548));
#6310=EDGE_LOOP('',(#2549,#2550,#2551,#2552));
#6311=EDGE_LOOP('',(#2553));
#6312=EDGE_LOOP('',(#2554,#2555,#2556,#2557));
#6313=EDGE_LOOP('',(#2558));
#6314=EDGE_LOOP('',(#2559));
#6315=EDGE_LOOP('',(#2560));
#6316=EDGE_LOOP('',(#2561));
#6317=EDGE_LOOP('',(#2562));
#6318=EDGE_LOOP('',(#2563));
#6319=EDGE_LOOP('',(#2564));
#6320=EDGE_LOOP('',(#2565));
#6321=EDGE_LOOP('',(#2566));
#6322=EDGE_LOOP('',(#2567));
#6323=EDGE_LOOP('',(#2568));
#6324=EDGE_LOOP('',(#2569));
#6325=EDGE_LOOP('',(#2570));
#6326=EDGE_LOOP('',(#2571));
#6327=EDGE_LOOP('',(#2572));
#6328=EDGE_LOOP('',(#2573));
#6329=EDGE_LOOP('',(#2574,#2575,#2576,#2577));
#6330=EDGE_LOOP('',(#2578,#2579,#2580));
#6331=EDGE_LOOP('',(#2581,#2582,#2583,#2584));
#6332=EDGE_LOOP('',(#2585,#2586,#2587,#2588));
#6333=EDGE_LOOP('',(#2589,#2590,#2591,#2592));
#6334=EDGE_LOOP('',(#2593,#2594,#2595));
#6335=EDGE_LOOP('',(#2596,#2597,#2598));
#6336=EDGE_LOOP('',(#2599,#2600,#2601,#2602));
#6337=EDGE_LOOP('',(#2603,#2604,#2605,#2606));
#6338=EDGE_LOOP('',(#2607,#2608,#2609,#2610));
#6339=EDGE_LOOP('',(#2611,#2612,#2613,#2614));
#6340=EDGE_LOOP('',(#2615,#2616,#2617,#2618));
#6341=EDGE_LOOP('',(#2619,#2620,#2621));
#6342=EDGE_LOOP('',(#2622,#2623,#2624,#2625));
#6343=EDGE_LOOP('',(#2626,#2627,#2628,#2629));
#6344=EDGE_LOOP('',(#2630,#2631,#2632,#2633));
#6345=EDGE_LOOP('',(#2634,#2635,#2636,#2637));
#6346=EDGE_LOOP('',(#2638,#2639,#2640));
#6347=EDGE_LOOP('',(#2641,#2642,#2643,#2644));
#6348=EDGE_LOOP('',(#2645,#2646,#2647,#2648));
#6349=EDGE_LOOP('',(#2649,#2650,#2651,#2652));
#6350=EDGE_LOOP('',(#2653,#2654,#2655,#2656));
#6351=EDGE_LOOP('',(#2657,#2658,#2659,#2660));
#6352=EDGE_LOOP('',(#2661,#2662,#2663));
#6353=EDGE_LOOP('',(#2664,#2665,#2666));
#6354=EDGE_LOOP('',(#2667,#2668,#2669,#2670));
#6355=EDGE_LOOP('',(#2671,#2672,#2673,#2674));
#6356=EDGE_LOOP('',(#2675,#2676,#2677,#2678));
#6357=EDGE_LOOP('',(#2679,#2680,#2681,#2682));
#6358=EDGE_LOOP('',(#2683,#2684,#2685,#2686));
#6359=EDGE_LOOP('',(#2687,#2688,#2689));
#6360=EDGE_LOOP('',(#2690,#2691,#2692,#2693));
#6361=EDGE_LOOP('',(#2694,#2695,#2696,#2697));
#6362=EDGE_LOOP('',(#2698,#2699,#2700,#2701));
#6363=EDGE_LOOP('',(#2702,#2703,#2704,#2705));
#6364=EDGE_LOOP('',(#2706,#2707,#2708));
#6365=EDGE_LOOP('',(#2709,#2710,#2711,#2712));
#6366=EDGE_LOOP('',(#2713,#2714,#2715,#2716));
#6367=EDGE_LOOP('',(#2717,#2718,#2719,#2720));
#6368=EDGE_LOOP('',(#2721,#2722,#2723,#2724));
#6369=EDGE_LOOP('',(#2725,#2726,#2727,#2728));
#6370=EDGE_LOOP('',(#2729,#2730,#2731,#2732));
#6371=EDGE_LOOP('',(#2733,#2734,#2735));
#6372=EDGE_LOOP('',(#2736,#2737,#2738));
#6373=EDGE_LOOP('',(#2739,#2740,#2741,#2742));
#6374=EDGE_LOOP('',(#2743,#2744,#2745,#2746));
#6375=EDGE_LOOP('',(#2747,#2748,#2749));
#6376=EDGE_LOOP('',(#2750,#2751,#2752,#2753));
#6377=EDGE_LOOP('',(#2754,#2755,#2756,#2757));
#6378=EDGE_LOOP('',(#2758,#2759,#2760,#2761));
#6379=EDGE_LOOP('',(#2762,#2763,#2764,#2765));
#6380=EDGE_LOOP('',(#2766,#2767,#2768,#2769));
#6381=EDGE_LOOP('',(#2770,#2771,#2772,#2773));
#6382=EDGE_LOOP('',(#2774,#2775,#2776,#2777));
#6383=EDGE_LOOP('',(#2778,#2779,#2780,#2781));
#6384=EDGE_LOOP('',(#2782,#2783,#2784,#2785,#2786,#2787));
#6385=EDGE_LOOP('',(#2788,#2789,#2790,#2791,#2792,#2793));
#6386=EDGE_LOOP('',(#2794,#2795,#2796,#2797));
#6387=EDGE_LOOP('',(#2798,#2799,#2800,#2801,#2802,#2803,#2804,#2805));
#6388=EDGE_LOOP('',(#2806,#2807,#2808,#2809));
#6389=EDGE_LOOP('',(#2810));
#6390=EDGE_LOOP('',(#2811));
#6391=EDGE_LOOP('',(#2812));
#6392=EDGE_LOOP('',(#2813));
#6393=EDGE_LOOP('',(#2814,#2815,#2816,#2817,#2818,#2819,#2820,#2821,#2822,
#2823,#2824,#2825,#2826,#2827,#2828,#2829,#2830,#2831,#2832,#2833,#2834,
#2835,#2836,#2837,#2838));
#6394=EDGE_LOOP('',(#2839,#2840,#2841,#2842));
#6395=EDGE_LOOP('',(#2843));
#6396=EDGE_LOOP('',(#2844));
#6397=EDGE_LOOP('',(#2845));
#6398=EDGE_LOOP('',(#2846));
#6399=EDGE_LOOP('',(#2847,#2848,#2849,#2850,#2851,#2852,#2853,#2854,#2855,
#2856,#2857,#2858,#2859,#2860,#2861,#2862,#2863,#2864,#2865,#2866,#2867,
#2868,#2869,#2870,#2871));
#6400=EDGE_LOOP('',(#2872,#2873,#2874,#2875));
#6401=EDGE_LOOP('',(#2876,#2877,#2878,#2879));
#6402=EDGE_LOOP('',(#2880,#2881,#2882,#2883));
#6403=EDGE_LOOP('',(#2884,#2885,#2886,#2887));
#6404=EDGE_LOOP('',(#2888,#2889,#2890,#2891));
#6405=EDGE_LOOP('',(#2892,#2893,#2894,#2895));
#6406=EDGE_LOOP('',(#2896,#2897,#2898,#2899));
#6407=EDGE_LOOP('',(#2900,#2901,#2902,#2903));
#6408=EDGE_LOOP('',(#2904,#2905,#2906,#2907,#2908,#2909));
#6409=EDGE_LOOP('',(#2910,#2911,#2912,#2913));
#6410=EDGE_LOOP('',(#2914,#2915,#2916,#2917,#2918,#2919,#2920,#2921));
#6411=EDGE_LOOP('',(#2922,#2923,#2924,#2925,#2926,#2927,#2928,#2929));
#6412=EDGE_LOOP('',(#2930,#2931,#2932,#2933,#2934,#2935,#2936));
#6413=EDGE_LOOP('',(#2937,#2938,#2939,#2940,#2941,#2942,#2943));
#6414=EDGE_LOOP('',(#2944,#2945,#2946,#2947));
#6415=EDGE_LOOP('',(#2948,#2949,#2950,#2951));
#6416=EDGE_LOOP('',(#2952,#2953,#2954,#2955));
#6417=EDGE_LOOP('',(#2956,#2957,#2958,#2959));
#6418=EDGE_LOOP('',(#2960,#2961,#2962,#2963));
#6419=EDGE_LOOP('',(#2964,#2965,#2966,#2967));
#6420=EDGE_LOOP('',(#2968,#2969,#2970,#2971));
#6421=EDGE_LOOP('',(#2972,#2973,#2974,#2975));
#6422=EDGE_LOOP('',(#2976,#2977,#2978,#2979));
#6423=EDGE_LOOP('',(#2980,#2981,#2982,#2983));
#6424=EDGE_LOOP('',(#2984,#2985,#2986,#2987,#2988,#2989,#2990,#2991));
#6425=EDGE_LOOP('',(#2992,#2993,#2994,#2995,#2996,#2997,#2998));
#6426=EDGE_LOOP('',(#2999,#3000,#3001,#3002,#3003,#3004,#3005));
#6427=EDGE_LOOP('',(#3006,#3007,#3008,#3009));
#6428=EDGE_LOOP('',(#3010,#3011,#3012,#3013));
#6429=EDGE_LOOP('',(#3014,#3015,#3016,#3017));
#6430=EDGE_LOOP('',(#3018,#3019,#3020,#3021,#3022));
#6431=EDGE_LOOP('',(#3023,#3024,#3025,#3026,#3027));
#6432=EDGE_LOOP('',(#3028,#3029,#3030,#3031,#3032));
#6433=EDGE_LOOP('',(#3033,#3034,#3035,#3036,#3037));
#6434=EDGE_LOOP('',(#3038,#3039,#3040,#3041,#3042));
#6435=EDGE_LOOP('',(#3043,#3044,#3045,#3046,#3047));
#6436=EDGE_LOOP('',(#3048,#3049,#3050,#3051,#3052));
#6437=EDGE_LOOP('',(#3053,#3054,#3055,#3056,#3057));
#6438=EDGE_LOOP('',(#3058,#3059,#3060,#3061));
#6439=EDGE_LOOP('',(#3062,#3063,#3064,#3065,#3066));
#6440=EDGE_LOOP('',(#3067,#3068,#3069,#3070,#3071));
#6441=EDGE_LOOP('',(#3072,#3073,#3074,#3075));
#6442=EDGE_LOOP('',(#3076,#3077,#3078));
#6443=EDGE_LOOP('',(#3079,#3080,#3081));
#6444=EDGE_LOOP('',(#3082,#3083,#3084,#3085));
#6445=EDGE_LOOP('',(#3086,#3087,#3088,#3089));
#6446=EDGE_LOOP('',(#3090,#3091,#3092,#3093));
#6447=EDGE_LOOP('',(#3094,#3095,#3096,#3097));
#6448=EDGE_LOOP('',(#3098,#3099,#3100,#3101));
#6449=EDGE_LOOP('',(#3102,#3103,#3104,#3105));
#6450=EDGE_LOOP('',(#3106,#3107,#3108,#3109));
#6451=EDGE_LOOP('',(#3110,#3111,#3112,#3113,#3114,#3115));
#6452=EDGE_LOOP('',(#3116,#3117,#3118,#3119));
#6453=EDGE_LOOP('',(#3120,#3121,#3122,#3123,#3124,#3125));
#6454=EDGE_LOOP('',(#3126));
#6455=EDGE_LOOP('',(#3127));
#6456=EDGE_LOOP('',(#3128));
#6457=EDGE_LOOP('',(#3129));
#6458=EDGE_LOOP('',(#3130));
#6459=EDGE_LOOP('',(#3131));
#6460=EDGE_LOOP('',(#3132));
#6461=EDGE_LOOP('',(#3133));
#6462=EDGE_LOOP('',(#3134,#3135,#3136,#3137,#3138,#3139));
#6463=EDGE_LOOP('',(#3140,#3141,#3142,#3143,#3144,#3145));
#6464=EDGE_LOOP('',(#3146,#3147,#3148,#3149));
#6465=EDGE_LOOP('',(#3150,#3151,#3152,#3153,#3154,#3155,#3156,#3157));
#6466=EDGE_LOOP('',(#3158,#3159,#3160,#3161));
#6467=EDGE_LOOP('',(#3162));
#6468=EDGE_LOOP('',(#3163));
#6469=EDGE_LOOP('',(#3164));
#6470=EDGE_LOOP('',(#3165));
#6471=EDGE_LOOP('',(#3166,#3167,#3168,#3169,#3170,#3171,#3172,#3173,#3174,
#3175,#3176,#3177,#3178,#3179,#3180,#3181,#3182,#3183,#3184,#3185,#3186,
#3187,#3188,#3189,#3190));
#6472=EDGE_LOOP('',(#3191,#3192,#3193,#3194));
#6473=EDGE_LOOP('',(#3195));
#6474=EDGE_LOOP('',(#3196));
#6475=EDGE_LOOP('',(#3197));
#6476=EDGE_LOOP('',(#3198));
#6477=EDGE_LOOP('',(#3199,#3200,#3201,#3202,#3203,#3204,#3205,#3206,#3207,
#3208,#3209,#3210,#3211,#3212,#3213,#3214,#3215,#3216,#3217,#3218,#3219,
#3220,#3221,#3222,#3223));
#6478=EDGE_LOOP('',(#3224,#3225,#3226,#3227));
#6479=EDGE_LOOP('',(#3228,#3229,#3230,#3231));
#6480=EDGE_LOOP('',(#3232,#3233,#3234,#3235));
#6481=EDGE_LOOP('',(#3236,#3237,#3238,#3239));
#6482=EDGE_LOOP('',(#3240,#3241,#3242,#3243));
#6483=EDGE_LOOP('',(#3244,#3245,#3246,#3247));
#6484=EDGE_LOOP('',(#3248,#3249,#3250,#3251));
#6485=EDGE_LOOP('',(#3252,#3253,#3254,#3255));
#6486=EDGE_LOOP('',(#3256,#3257,#3258,#3259,#3260,#3261));
#6487=EDGE_LOOP('',(#3262,#3263,#3264,#3265));
#6488=EDGE_LOOP('',(#3266,#3267,#3268,#3269,#3270,#3271,#3272,#3273));
#6489=EDGE_LOOP('',(#3274,#3275,#3276,#3277,#3278,#3279,#3280,#3281));
#6490=EDGE_LOOP('',(#3282,#3283,#3284,#3285,#3286,#3287,#3288));
#6491=EDGE_LOOP('',(#3289,#3290,#3291,#3292,#3293,#3294,#3295));
#6492=EDGE_LOOP('',(#3296,#3297,#3298,#3299));
#6493=EDGE_LOOP('',(#3300,#3301,#3302,#3303));
#6494=EDGE_LOOP('',(#3304,#3305,#3306,#3307));
#6495=EDGE_LOOP('',(#3308,#3309,#3310,#3311));
#6496=EDGE_LOOP('',(#3312,#3313,#3314,#3315));
#6497=EDGE_LOOP('',(#3316,#3317,#3318,#3319));
#6498=EDGE_LOOP('',(#3320,#3321,#3322,#3323));
#6499=EDGE_LOOP('',(#3324,#3325,#3326,#3327));
#6500=EDGE_LOOP('',(#3328,#3329,#3330,#3331));
#6501=EDGE_LOOP('',(#3332,#3333,#3334,#3335));
#6502=EDGE_LOOP('',(#3336,#3337,#3338,#3339,#3340,#3341,#3342,#3343));
#6503=EDGE_LOOP('',(#3344,#3345,#3346,#3347,#3348,#3349,#3350));
#6504=EDGE_LOOP('',(#3351,#3352,#3353,#3354,#3355,#3356,#3357));
#6505=EDGE_LOOP('',(#3358,#3359,#3360,#3361));
#6506=EDGE_LOOP('',(#3362,#3363,#3364,#3365));
#6507=EDGE_LOOP('',(#3366,#3367,#3368,#3369));
#6508=EDGE_LOOP('',(#3370,#3371,#3372,#3373,#3374));
#6509=EDGE_LOOP('',(#3375,#3376,#3377,#3378,#3379));
#6510=EDGE_LOOP('',(#3380,#3381,#3382,#3383,#3384));
#6511=EDGE_LOOP('',(#3385,#3386,#3387,#3388,#3389));
#6512=EDGE_LOOP('',(#3390,#3391,#3392,#3393,#3394));
#6513=EDGE_LOOP('',(#3395,#3396,#3397,#3398,#3399));
#6514=EDGE_LOOP('',(#3400,#3401,#3402,#3403,#3404));
#6515=EDGE_LOOP('',(#3405,#3406,#3407,#3408,#3409));
#6516=EDGE_LOOP('',(#3410,#3411,#3412,#3413));
#6517=EDGE_LOOP('',(#3414,#3415,#3416,#3417,#3418));
#6518=EDGE_LOOP('',(#3419,#3420,#3421,#3422,#3423));
#6519=EDGE_LOOP('',(#3424,#3425,#3426,#3427));
#6520=EDGE_LOOP('',(#3428,#3429,#3430));
#6521=EDGE_LOOP('',(#3431,#3432,#3433));
#6522=EDGE_LOOP('',(#3434,#3435,#3436,#3437));
#6523=EDGE_LOOP('',(#3438,#3439,#3440,#3441));
#6524=EDGE_LOOP('',(#3442,#3443,#3444,#3445));
#6525=EDGE_LOOP('',(#3446,#3447,#3448,#3449));
#6526=EDGE_LOOP('',(#3450,#3451,#3452,#3453));
#6527=EDGE_LOOP('',(#3454,#3455,#3456,#3457));
#6528=EDGE_LOOP('',(#3458,#3459,#3460,#3461));
#6529=EDGE_LOOP('',(#3462,#3463,#3464,#3465,#3466,#3467));
#6530=EDGE_LOOP('',(#3468,#3469,#3470,#3471));
#6531=EDGE_LOOP('',(#3472,#3473,#3474,#3475,#3476,#3477));
#6532=EDGE_LOOP('',(#3478));
#6533=EDGE_LOOP('',(#3479));
#6534=EDGE_LOOP('',(#3480));
#6535=EDGE_LOOP('',(#3481));
#6536=EDGE_LOOP('',(#3482));
#6537=EDGE_LOOP('',(#3483));
#6538=EDGE_LOOP('',(#3484));
#6539=EDGE_LOOP('',(#3485));
#6540=EDGE_LOOP('',(#3486,#3487,#3488,#3489,#3490,#3491,#3492,#3493,#3494,
#3495,#3496,#3497));
#6541=EDGE_LOOP('',(#3498,#3499,#3500,#3501,#3502,#3503,#3504,#3505,#3506,
#3507,#3508,#3509));
#6542=EDGE_LOOP('',(#3510,#3511,#3512,#3513,#3514,#3515,#3516,#3517,#3518,
#3519,#3520,#3521));
#6543=EDGE_LOOP('',(#3522,#3523,#3524,#3525,#3526,#3527,#3528,#3529,#3530,
#3531,#3532,#3533));
#6544=EDGE_LOOP('',(#3534,#3535,#3536,#3537,#3538,#3539,#3540,#3541,#3542,
#3543,#3544,#3545,#3546,#3547));
#6545=EDGE_LOOP('',(#3548,#3549,#3550,#3551,#3552,#3553,#3554,#3555,#3556,
#3557,#3558,#3559,#3560,#3561));
#6546=EDGE_LOOP('',(#3562,#3563,#3564,#3565,#3566,#3567,#3568,#3569,#3570,
#3571,#3572,#3573));
#6547=EDGE_LOOP('',(#3574,#3575,#3576,#3577,#3578,#3579,#3580,#3581,#3582,
#3583,#3584,#3585));
#6548=EDGE_LOOP('',(#3586,#3587,#3588,#3589,#3590,#3591,#3592,#3593,#3594,
#3595,#3596,#3597));
#6549=EDGE_LOOP('',(#3598,#3599,#3600,#3601,#3602,#3603,#3604,#3605,#3606,
#3607,#3608,#3609));
#6550=EDGE_LOOP('',(#3610,#3611,#3612,#3613));
#6551=EDGE_LOOP('',(#3614,#3615,#3616,#3617));
#6552=EDGE_LOOP('',(#3618,#3619,#3620,#3621));
#6553=EDGE_LOOP('',(#3622,#3623,#3624,#3625));
#6554=EDGE_LOOP('',(#3626,#3627,#3628,#3629));
#6555=EDGE_LOOP('',(#3630,#3631,#3632,#3633));
#6556=EDGE_LOOP('',(#3634,#3635,#3636,#3637));
#6557=EDGE_LOOP('',(#3638,#3639,#3640,#3641));
#6558=EDGE_LOOP('',(#3642,#3643,#3644,#3645,#3646,#3647,#3648,#3649,#3650,
#3651,#3652,#3653));
#6559=EDGE_LOOP('',(#3654,#3655,#3656,#3657));
#6560=EDGE_LOOP('',(#3658,#3659,#3660,#3661));
#6561=EDGE_LOOP('',(#3662,#3663,#3664,#3665));
#6562=EDGE_LOOP('',(#3666,#3667,#3668,#3669));
#6563=EDGE_LOOP('',(#3670,#3671,#3672,#3673));
#6564=EDGE_LOOP('',(#3674,#3675,#3676,#3677));
#6565=EDGE_LOOP('',(#3678,#3679,#3680,#3681));
#6566=EDGE_LOOP('',(#3682,#3683,#3684,#3685));
#6567=EDGE_LOOP('',(#3686,#3687,#3688,#3689));
#6568=EDGE_LOOP('',(#3690,#3691,#3692,#3693));
#6569=EDGE_LOOP('',(#3694,#3695,#3696,#3697));
#6570=EDGE_LOOP('',(#3698,#3699,#3700,#3701));
#6571=EDGE_LOOP('',(#3702,#3703,#3704,#3705));
#6572=EDGE_LOOP('',(#3706,#3707,#3708,#3709));
#6573=EDGE_LOOP('',(#3710,#3711,#3712,#3713));
#6574=EDGE_LOOP('',(#3714,#3715,#3716,#3717));
#6575=EDGE_LOOP('',(#3718,#3719,#3720,#3721));
#6576=EDGE_LOOP('',(#3722,#3723,#3724,#3725));
#6577=EDGE_LOOP('',(#3726,#3727,#3728,#3729));
#6578=EDGE_LOOP('',(#3730,#3731,#3732,#3733));
#6579=EDGE_LOOP('',(#3734,#3735,#3736,#3737));
#6580=EDGE_LOOP('',(#3738,#3739,#3740,#3741));
#6581=EDGE_LOOP('',(#3742,#3743,#3744,#3745));
#6582=EDGE_LOOP('',(#3746,#3747,#3748,#3749));
#6583=EDGE_LOOP('',(#3750,#3751,#3752,#3753));
#6584=EDGE_LOOP('',(#3754,#3755,#3756,#3757));
#6585=EDGE_LOOP('',(#3758,#3759,#3760,#3761));
#6586=EDGE_LOOP('',(#3762,#3763,#3764,#3765));
#6587=EDGE_LOOP('',(#3766,#3767,#3768,#3769));
#6588=EDGE_LOOP('',(#3770,#3771,#3772,#3773));
#6589=EDGE_LOOP('',(#3774,#3775,#3776,#3777));
#6590=EDGE_LOOP('',(#3778,#3779,#3780,#3781));
#6591=EDGE_LOOP('',(#3782,#3783,#3784,#3785));
#6592=EDGE_LOOP('',(#3786,#3787,#3788,#3789));
#6593=EDGE_LOOP('',(#3790,#3791,#3792,#3793));
#6594=EDGE_LOOP('',(#3794,#3795,#3796,#3797));
#6595=EDGE_LOOP('',(#3798,#3799,#3800,#3801));
#6596=EDGE_LOOP('',(#3802,#3803,#3804,#3805));
#6597=EDGE_LOOP('',(#3806,#3807,#3808,#3809));
#6598=EDGE_LOOP('',(#3810,#3811,#3812,#3813));
#6599=EDGE_LOOP('',(#3814,#3815,#3816,#3817));
#6600=EDGE_LOOP('',(#3818,#3819,#3820,#3821));
#6601=EDGE_LOOP('',(#3822,#3823,#3824,#3825));
#6602=EDGE_LOOP('',(#3826,#3827,#3828,#3829));
#6603=EDGE_LOOP('',(#3830,#3831,#3832,#3833));
#6604=EDGE_LOOP('',(#3834,#3835,#3836,#3837));
#6605=EDGE_LOOP('',(#3838,#3839,#3840,#3841));
#6606=EDGE_LOOP('',(#3842,#3843,#3844,#3845));
#6607=EDGE_LOOP('',(#3846,#3847,#3848,#3849));
#6608=EDGE_LOOP('',(#3850,#3851,#3852,#3853));
#6609=EDGE_LOOP('',(#3854,#3855,#3856,#3857));
#6610=EDGE_LOOP('',(#3858,#3859,#3860,#3861));
#6611=EDGE_LOOP('',(#3862,#3863,#3864,#3865));
#6612=EDGE_LOOP('',(#3866,#3867,#3868,#3869));
#6613=EDGE_LOOP('',(#3870,#3871,#3872,#3873));
#6614=EDGE_LOOP('',(#3874,#3875,#3876,#3877));
#6615=EDGE_LOOP('',(#3878,#3879,#3880,#3881));
#6616=EDGE_LOOP('',(#3882,#3883,#3884,#3885));
#6617=EDGE_LOOP('',(#3886,#3887,#3888,#3889));
#6618=EDGE_LOOP('',(#3890,#3891,#3892,#3893));
#6619=EDGE_LOOP('',(#3894,#3895,#3896,#3897));
#6620=EDGE_LOOP('',(#3898,#3899,#3900,#3901));
#6621=EDGE_LOOP('',(#3902,#3903,#3904,#3905));
#6622=EDGE_LOOP('',(#3906,#3907,#3908,#3909));
#6623=EDGE_LOOP('',(#3910,#3911,#3912,#3913));
#6624=EDGE_LOOP('',(#3914,#3915,#3916,#3917));
#6625=EDGE_LOOP('',(#3918,#3919,#3920,#3921));
#6626=EDGE_LOOP('',(#3922,#3923,#3924,#3925));
#6627=EDGE_LOOP('',(#3926,#3927,#3928,#3929));
#6628=EDGE_LOOP('',(#3930,#3931,#3932,#3933));
#6629=EDGE_LOOP('',(#3934,#3935,#3936,#3937));
#6630=EDGE_LOOP('',(#3938,#3939,#3940,#3941));
#6631=EDGE_LOOP('',(#3942,#3943,#3944,#3945));
#6632=EDGE_LOOP('',(#3946,#3947,#3948,#3949));
#6633=EDGE_LOOP('',(#3950,#3951,#3952,#3953));
#6634=EDGE_LOOP('',(#3954,#3955,#3956,#3957));
#6635=EDGE_LOOP('',(#3958,#3959,#3960,#3961));
#6636=EDGE_LOOP('',(#3962,#3963,#3964,#3965));
#6637=EDGE_LOOP('',(#3966,#3967,#3968,#3969));
#6638=EDGE_LOOP('',(#3970,#3971,#3972,#3973));
#6639=EDGE_LOOP('',(#3974,#3975,#3976,#3977));
#6640=EDGE_LOOP('',(#3978,#3979,#3980,#3981));
#6641=EDGE_LOOP('',(#3982,#3983,#3984,#3985));
#6642=EDGE_LOOP('',(#3986,#3987,#3988,#3989));
#6643=EDGE_LOOP('',(#3990,#3991,#3992,#3993));
#6644=EDGE_LOOP('',(#3994,#3995,#3996,#3997));
#6645=EDGE_LOOP('',(#3998,#3999,#4000,#4001));
#6646=EDGE_LOOP('',(#4002,#4003,#4004,#4005));
#6647=EDGE_LOOP('',(#4006,#4007,#4008,#4009));
#6648=EDGE_LOOP('',(#4010,#4011,#4012,#4013));
#6649=EDGE_LOOP('',(#4014,#4015,#4016,#4017));
#6650=EDGE_LOOP('',(#4018,#4019,#4020,#4021));
#6651=EDGE_LOOP('',(#4022,#4023,#4024,#4025));
#6652=EDGE_LOOP('',(#4026,#4027,#4028,#4029));
#6653=EDGE_LOOP('',(#4030,#4031,#4032,#4033));
#6654=EDGE_LOOP('',(#4034,#4035,#4036,#4037));
#6655=EDGE_LOOP('',(#4038,#4039,#4040,#4041));
#6656=EDGE_LOOP('',(#4042,#4043,#4044,#4045));
#6657=EDGE_LOOP('',(#4046,#4047,#4048,#4049));
#6658=EDGE_LOOP('',(#4050,#4051,#4052,#4053));
#6659=EDGE_LOOP('',(#4054,#4055,#4056,#4057));
#6660=EDGE_LOOP('',(#4058,#4059,#4060,#4061));
#6661=EDGE_LOOP('',(#4062,#4063,#4064,#4065));
#6662=EDGE_LOOP('',(#4066,#4067,#4068,#4069));
#6663=EDGE_LOOP('',(#4070,#4071,#4072,#4073));
#6664=EDGE_LOOP('',(#4074,#4075,#4076,#4077));
#6665=EDGE_LOOP('',(#4078,#4079,#4080,#4081));
#6666=EDGE_LOOP('',(#4082,#4083,#4084,#4085));
#6667=EDGE_LOOP('',(#4086,#4087,#4088,#4089));
#6668=EDGE_LOOP('',(#4090,#4091,#4092,#4093));
#6669=EDGE_LOOP('',(#4094,#4095,#4096,#4097));
#6670=EDGE_LOOP('',(#4098,#4099,#4100,#4101));
#6671=EDGE_LOOP('',(#4102,#4103,#4104,#4105));
#6672=EDGE_LOOP('',(#4106,#4107,#4108,#4109));
#6673=EDGE_LOOP('',(#4110,#4111,#4112,#4113));
#6674=EDGE_LOOP('',(#4114,#4115,#4116,#4117));
#6675=EDGE_LOOP('',(#4118,#4119,#4120,#4121));
#6676=EDGE_LOOP('',(#4122,#4123,#4124,#4125));
#6677=EDGE_LOOP('',(#4126,#4127,#4128,#4129));
#6678=EDGE_LOOP('',(#4130,#4131,#4132,#4133));
#6679=EDGE_LOOP('',(#4134,#4135,#4136,#4137));
#6680=EDGE_LOOP('',(#4138,#4139,#4140,#4141));
#6681=EDGE_LOOP('',(#4142,#4143,#4144,#4145));
#6682=EDGE_LOOP('',(#4146,#4147,#4148,#4149));
#6683=EDGE_LOOP('',(#4150,#4151,#4152,#4153));
#6684=EDGE_LOOP('',(#4154,#4155,#4156,#4157));
#6685=EDGE_LOOP('',(#4158,#4159,#4160,#4161));
#6686=EDGE_LOOP('',(#4162,#4163,#4164,#4165));
#6687=EDGE_LOOP('',(#4166,#4167,#4168,#4169));
#6688=EDGE_LOOP('',(#4170,#4171,#4172,#4173));
#6689=EDGE_LOOP('',(#4174,#4175,#4176,#4177));
#6690=EDGE_LOOP('',(#4178,#4179,#4180,#4181));
#6691=EDGE_LOOP('',(#4182,#4183,#4184,#4185));
#6692=EDGE_LOOP('',(#4186,#4187,#4188,#4189));
#6693=EDGE_LOOP('',(#4190,#4191,#4192,#4193));
#6694=EDGE_LOOP('',(#4194,#4195,#4196,#4197));
#6695=EDGE_LOOP('',(#4198,#4199,#4200,#4201));
#6696=EDGE_LOOP('',(#4202,#4203,#4204,#4205));
#6697=EDGE_LOOP('',(#4206,#4207,#4208,#4209));
#6698=EDGE_LOOP('',(#4210,#4211,#4212,#4213));
#6699=EDGE_LOOP('',(#4214,#4215,#4216,#4217));
#6700=EDGE_LOOP('',(#4218,#4219,#4220,#4221));
#6701=EDGE_LOOP('',(#4222,#4223,#4224,#4225));
#6702=EDGE_LOOP('',(#4226,#4227,#4228,#4229));
#6703=EDGE_LOOP('',(#4230,#4231,#4232,#4233));
#6704=EDGE_LOOP('',(#4234,#4235,#4236,#4237));
#6705=EDGE_LOOP('',(#4238,#4239,#4240,#4241));
#6706=EDGE_LOOP('',(#4242,#4243,#4244,#4245));
#6707=EDGE_LOOP('',(#4246,#4247,#4248,#4249));
#6708=EDGE_LOOP('',(#4250,#4251,#4252,#4253));
#6709=EDGE_LOOP('',(#4254,#4255,#4256,#4257));
#6710=EDGE_LOOP('',(#4258,#4259,#4260,#4261));
#6711=EDGE_LOOP('',(#4262,#4263,#4264,#4265));
#6712=EDGE_LOOP('',(#4266,#4267,#4268,#4269));
#6713=EDGE_LOOP('',(#4270,#4271,#4272,#4273));
#6714=EDGE_LOOP('',(#4274,#4275,#4276,#4277));
#6715=EDGE_LOOP('',(#4278,#4279,#4280,#4281));
#6716=FACE_BOUND('',#6182,.T.);
#6717=FACE_BOUND('',#6183,.T.);
#6718=FACE_BOUND('',#6184,.T.);
#6719=FACE_BOUND('',#6185,.T.);
#6720=FACE_BOUND('',#6186,.T.);
#6721=FACE_BOUND('',#6187,.T.);
#6722=FACE_BOUND('',#6188,.T.);
#6723=FACE_BOUND('',#6189,.T.);
#6724=FACE_BOUND('',#6190,.T.);
#6725=FACE_BOUND('',#6191,.T.);
#6726=FACE_BOUND('',#6192,.T.);
#6727=FACE_BOUND('',#6193,.T.);
#6728=FACE_BOUND('',#6194,.T.);
#6729=FACE_BOUND('',#6195,.T.);
#6730=FACE_BOUND('',#6196,.T.);
#6731=FACE_BOUND('',#6197,.T.);
#6732=FACE_BOUND('',#6198,.T.);
#6733=FACE_BOUND('',#6199,.T.);
#6734=FACE_BOUND('',#6200,.T.);
#6735=FACE_BOUND('',#6201,.T.);
#6736=FACE_BOUND('',#6202,.T.);
#6737=FACE_BOUND('',#6203,.T.);
#6738=FACE_BOUND('',#6204,.T.);
#6739=FACE_BOUND('',#6205,.T.);
#6740=FACE_BOUND('',#6206,.T.);
#6741=FACE_BOUND('',#6207,.T.);
#6742=FACE_BOUND('',#6208,.T.);
#6743=FACE_BOUND('',#6209,.T.);
#6744=FACE_BOUND('',#6210,.T.);
#6745=FACE_BOUND('',#6211,.T.);
#6746=FACE_BOUND('',#6212,.T.);
#6747=FACE_BOUND('',#6213,.T.);
#6748=FACE_BOUND('',#6214,.T.);
#6749=FACE_BOUND('',#6215,.T.);
#6750=FACE_BOUND('',#6216,.T.);
#6751=FACE_BOUND('',#6217,.T.);
#6752=FACE_BOUND('',#6218,.T.);
#6753=FACE_BOUND('',#6219,.T.);
#6754=FACE_BOUND('',#6220,.T.);
#6755=FACE_BOUND('',#6221,.T.);
#6756=FACE_BOUND('',#6222,.T.);
#6757=FACE_BOUND('',#6223,.T.);
#6758=FACE_BOUND('',#6224,.T.);
#6759=FACE_BOUND('',#6225,.T.);
#6760=FACE_BOUND('',#6226,.T.);
#6761=FACE_BOUND('',#6227,.T.);
#6762=FACE_BOUND('',#6228,.T.);
#6763=FACE_BOUND('',#6229,.T.);
#6764=FACE_BOUND('',#6230,.T.);
#6765=FACE_BOUND('',#6231,.T.);
#6766=FACE_BOUND('',#6232,.T.);
#6767=FACE_BOUND('',#6233,.T.);
#6768=FACE_BOUND('',#6234,.T.);
#6769=FACE_BOUND('',#6235,.T.);
#6770=FACE_BOUND('',#6236,.T.);
#6771=FACE_BOUND('',#6237,.T.);
#6772=FACE_BOUND('',#6238,.T.);
#6773=FACE_BOUND('',#6239,.T.);
#6774=FACE_BOUND('',#6240,.T.);
#6775=FACE_BOUND('',#6241,.T.);
#6776=FACE_BOUND('',#6242,.T.);
#6777=FACE_BOUND('',#6243,.T.);
#6778=FACE_BOUND('',#6244,.T.);
#6779=FACE_BOUND('',#6245,.T.);
#6780=FACE_BOUND('',#6246,.T.);
#6781=FACE_BOUND('',#6247,.T.);
#6782=FACE_BOUND('',#6248,.T.);
#6783=FACE_BOUND('',#6249,.T.);
#6784=FACE_BOUND('',#6250,.T.);
#6785=FACE_BOUND('',#6251,.T.);
#6786=FACE_BOUND('',#6252,.T.);
#6787=FACE_BOUND('',#6253,.T.);
#6788=FACE_BOUND('',#6254,.T.);
#6789=FACE_BOUND('',#6255,.T.);
#6790=FACE_BOUND('',#6256,.T.);
#6791=FACE_BOUND('',#6257,.T.);
#6792=FACE_BOUND('',#6258,.T.);
#6793=FACE_BOUND('',#6259,.T.);
#6794=FACE_BOUND('',#6260,.T.);
#6795=FACE_BOUND('',#6261,.T.);
#6796=FACE_BOUND('',#6262,.T.);
#6797=FACE_BOUND('',#6263,.T.);
#6798=FACE_BOUND('',#6264,.T.);
#6799=FACE_BOUND('',#6265,.T.);
#6800=FACE_BOUND('',#6266,.T.);
#6801=FACE_BOUND('',#6267,.T.);
#6802=FACE_BOUND('',#6268,.T.);
#6803=FACE_BOUND('',#6269,.T.);
#6804=FACE_BOUND('',#6270,.T.);
#6805=FACE_BOUND('',#6271,.T.);
#6806=FACE_BOUND('',#6272,.T.);
#6807=FACE_BOUND('',#6273,.T.);
#6808=FACE_BOUND('',#6274,.T.);
#6809=FACE_BOUND('',#6275,.T.);
#6810=FACE_BOUND('',#6276,.T.);
#6811=FACE_BOUND('',#6277,.T.);
#6812=FACE_BOUND('',#6278,.T.);
#6813=FACE_BOUND('',#6279,.T.);
#6814=FACE_BOUND('',#6280,.T.);
#6815=FACE_BOUND('',#6281,.T.);
#6816=FACE_BOUND('',#6282,.T.);
#6817=FACE_BOUND('',#6283,.T.);
#6818=FACE_BOUND('',#6284,.T.);
#6819=FACE_BOUND('',#6285,.T.);
#6820=FACE_BOUND('',#6286,.T.);
#6821=FACE_BOUND('',#6287,.T.);
#6822=FACE_BOUND('',#6288,.T.);
#6823=FACE_BOUND('',#6289,.T.);
#6824=FACE_BOUND('',#6290,.T.);
#6825=FACE_BOUND('',#6291,.T.);
#6826=FACE_BOUND('',#6292,.T.);
#6827=FACE_BOUND('',#6293,.T.);
#6828=FACE_BOUND('',#6294,.T.);
#6829=FACE_BOUND('',#6295,.T.);
#6830=FACE_BOUND('',#6296,.T.);
#6831=FACE_BOUND('',#6297,.T.);
#6832=FACE_BOUND('',#6298,.T.);
#6833=FACE_BOUND('',#6299,.T.);
#6834=FACE_BOUND('',#6300,.T.);
#6835=FACE_BOUND('',#6301,.T.);
#6836=FACE_BOUND('',#6302,.T.);
#6837=FACE_BOUND('',#6303,.T.);
#6838=FACE_BOUND('',#6304,.T.);
#6839=FACE_BOUND('',#6305,.T.);
#6840=FACE_BOUND('',#6306,.T.);
#6841=FACE_BOUND('',#6307,.T.);
#6842=FACE_BOUND('',#6308,.T.);
#6843=FACE_BOUND('',#6309,.T.);
#6844=FACE_BOUND('',#6310,.T.);
#6845=FACE_BOUND('',#6311,.T.);
#6846=FACE_BOUND('',#6312,.T.);
#6847=FACE_BOUND('',#6313,.T.);
#6848=FACE_BOUND('',#6314,.T.);
#6849=FACE_BOUND('',#6315,.T.);
#6850=FACE_BOUND('',#6316,.T.);
#6851=FACE_BOUND('',#6317,.T.);
#6852=FACE_BOUND('',#6318,.T.);
#6853=FACE_BOUND('',#6319,.T.);
#6854=FACE_BOUND('',#6320,.T.);
#6855=FACE_BOUND('',#6321,.T.);
#6856=FACE_BOUND('',#6322,.T.);
#6857=FACE_BOUND('',#6323,.T.);
#6858=FACE_BOUND('',#6324,.T.);
#6859=FACE_BOUND('',#6325,.T.);
#6860=FACE_BOUND('',#6326,.T.);
#6861=FACE_BOUND('',#6327,.T.);
#6862=FACE_BOUND('',#6328,.T.);
#6863=FACE_BOUND('',#6329,.T.);
#6864=FACE_BOUND('',#6330,.T.);
#6865=FACE_BOUND('',#6331,.T.);
#6866=FACE_BOUND('',#6332,.T.);
#6867=FACE_BOUND('',#6333,.T.);
#6868=FACE_BOUND('',#6334,.T.);
#6869=FACE_BOUND('',#6335,.T.);
#6870=FACE_BOUND('',#6336,.T.);
#6871=FACE_BOUND('',#6337,.T.);
#6872=FACE_BOUND('',#6338,.T.);
#6873=FACE_BOUND('',#6339,.T.);
#6874=FACE_BOUND('',#6340,.T.);
#6875=FACE_BOUND('',#6341,.T.);
#6876=FACE_BOUND('',#6342,.T.);
#6877=FACE_BOUND('',#6343,.T.);
#6878=FACE_BOUND('',#6344,.T.);
#6879=FACE_BOUND('',#6345,.T.);
#6880=FACE_BOUND('',#6346,.T.);
#6881=FACE_BOUND('',#6347,.T.);
#6882=FACE_BOUND('',#6348,.T.);
#6883=FACE_BOUND('',#6349,.T.);
#6884=FACE_BOUND('',#6350,.T.);
#6885=FACE_BOUND('',#6351,.T.);
#6886=FACE_BOUND('',#6352,.T.);
#6887=FACE_BOUND('',#6353,.T.);
#6888=FACE_BOUND('',#6354,.T.);
#6889=FACE_BOUND('',#6355,.T.);
#6890=FACE_BOUND('',#6356,.T.);
#6891=FACE_BOUND('',#6357,.T.);
#6892=FACE_BOUND('',#6358,.T.);
#6893=FACE_BOUND('',#6359,.T.);
#6894=FACE_BOUND('',#6360,.T.);
#6895=FACE_BOUND('',#6361,.T.);
#6896=FACE_BOUND('',#6362,.T.);
#6897=FACE_BOUND('',#6363,.T.);
#6898=FACE_BOUND('',#6364,.T.);
#6899=FACE_BOUND('',#6365,.T.);
#6900=FACE_BOUND('',#6366,.T.);
#6901=FACE_BOUND('',#6367,.T.);
#6902=FACE_BOUND('',#6368,.T.);
#6903=FACE_BOUND('',#6369,.T.);
#6904=FACE_BOUND('',#6370,.T.);
#6905=FACE_BOUND('',#6371,.T.);
#6906=FACE_BOUND('',#6372,.T.);
#6907=FACE_BOUND('',#6373,.T.);
#6908=FACE_BOUND('',#6374,.T.);
#6909=FACE_BOUND('',#6375,.T.);
#6910=FACE_BOUND('',#6376,.T.);
#6911=FACE_BOUND('',#6377,.T.);
#6912=FACE_BOUND('',#6378,.T.);
#6913=FACE_BOUND('',#6379,.T.);
#6914=FACE_BOUND('',#6380,.T.);
#6915=FACE_BOUND('',#6381,.T.);
#6916=FACE_BOUND('',#6382,.T.);
#6917=FACE_BOUND('',#6383,.T.);
#6918=FACE_BOUND('',#6384,.T.);
#6919=FACE_BOUND('',#6385,.T.);
#6920=FACE_BOUND('',#6386,.T.);
#6921=FACE_BOUND('',#6387,.T.);
#6922=FACE_BOUND('',#6388,.T.);
#6923=FACE_BOUND('',#6389,.T.);
#6924=FACE_BOUND('',#6390,.T.);
#6925=FACE_BOUND('',#6391,.T.);
#6926=FACE_BOUND('',#6392,.T.);
#6927=FACE_BOUND('',#6393,.T.);
#6928=FACE_BOUND('',#6394,.T.);
#6929=FACE_BOUND('',#6395,.T.);
#6930=FACE_BOUND('',#6396,.T.);
#6931=FACE_BOUND('',#6397,.T.);
#6932=FACE_BOUND('',#6398,.T.);
#6933=FACE_BOUND('',#6399,.T.);
#6934=FACE_BOUND('',#6400,.T.);
#6935=FACE_BOUND('',#6401,.T.);
#6936=FACE_BOUND('',#6402,.T.);
#6937=FACE_BOUND('',#6403,.T.);
#6938=FACE_BOUND('',#6404,.T.);
#6939=FACE_BOUND('',#6405,.T.);
#6940=FACE_BOUND('',#6406,.T.);
#6941=FACE_BOUND('',#6407,.T.);
#6942=FACE_BOUND('',#6408,.T.);
#6943=FACE_BOUND('',#6409,.T.);
#6944=FACE_BOUND('',#6410,.T.);
#6945=FACE_BOUND('',#6411,.T.);
#6946=FACE_BOUND('',#6412,.T.);
#6947=FACE_BOUND('',#6413,.T.);
#6948=FACE_BOUND('',#6414,.T.);
#6949=FACE_BOUND('',#6415,.T.);
#6950=FACE_BOUND('',#6416,.T.);
#6951=FACE_BOUND('',#6417,.T.);
#6952=FACE_BOUND('',#6418,.T.);
#6953=FACE_BOUND('',#6419,.T.);
#6954=FACE_BOUND('',#6420,.T.);
#6955=FACE_BOUND('',#6421,.T.);
#6956=FACE_BOUND('',#6422,.T.);
#6957=FACE_BOUND('',#6423,.T.);
#6958=FACE_BOUND('',#6424,.T.);
#6959=FACE_BOUND('',#6425,.T.);
#6960=FACE_BOUND('',#6426,.T.);
#6961=FACE_BOUND('',#6427,.T.);
#6962=FACE_BOUND('',#6428,.T.);
#6963=FACE_BOUND('',#6429,.T.);
#6964=FACE_BOUND('',#6430,.T.);
#6965=FACE_BOUND('',#6431,.T.);
#6966=FACE_BOUND('',#6432,.T.);
#6967=FACE_BOUND('',#6433,.T.);
#6968=FACE_BOUND('',#6434,.T.);
#6969=FACE_BOUND('',#6435,.T.);
#6970=FACE_BOUND('',#6436,.T.);
#6971=FACE_BOUND('',#6437,.T.);
#6972=FACE_BOUND('',#6438,.T.);
#6973=FACE_BOUND('',#6439,.T.);
#6974=FACE_BOUND('',#6440,.T.);
#6975=FACE_BOUND('',#6441,.T.);
#6976=FACE_BOUND('',#6442,.T.);
#6977=FACE_BOUND('',#6443,.T.);
#6978=FACE_BOUND('',#6444,.T.);
#6979=FACE_BOUND('',#6445,.T.);
#6980=FACE_BOUND('',#6446,.T.);
#6981=FACE_BOUND('',#6447,.T.);
#6982=FACE_BOUND('',#6448,.T.);
#6983=FACE_BOUND('',#6449,.T.);
#6984=FACE_BOUND('',#6450,.T.);
#6985=FACE_BOUND('',#6451,.T.);
#6986=FACE_BOUND('',#6452,.T.);
#6987=FACE_BOUND('',#6453,.T.);
#6988=FACE_BOUND('',#6454,.T.);
#6989=FACE_BOUND('',#6455,.T.);
#6990=FACE_BOUND('',#6456,.T.);
#6991=FACE_BOUND('',#6457,.T.);
#6992=FACE_BOUND('',#6458,.T.);
#6993=FACE_BOUND('',#6459,.T.);
#6994=FACE_BOUND('',#6460,.T.);
#6995=FACE_BOUND('',#6461,.T.);
#6996=FACE_BOUND('',#6462,.T.);
#6997=FACE_BOUND('',#6463,.T.);
#6998=FACE_BOUND('',#6464,.T.);
#6999=FACE_BOUND('',#6465,.T.);
#7000=FACE_BOUND('',#6466,.T.);
#7001=FACE_BOUND('',#6467,.T.);
#7002=FACE_BOUND('',#6468,.T.);
#7003=FACE_BOUND('',#6469,.T.);
#7004=FACE_BOUND('',#6470,.T.);
#7005=FACE_BOUND('',#6471,.T.);
#7006=FACE_BOUND('',#6472,.T.);
#7007=FACE_BOUND('',#6473,.T.);
#7008=FACE_BOUND('',#6474,.T.);
#7009=FACE_BOUND('',#6475,.T.);
#7010=FACE_BOUND('',#6476,.T.);
#7011=FACE_BOUND('',#6477,.T.);
#7012=FACE_BOUND('',#6478,.T.);
#7013=FACE_BOUND('',#6479,.T.);
#7014=FACE_BOUND('',#6480,.T.);
#7015=FACE_BOUND('',#6481,.T.);
#7016=FACE_BOUND('',#6482,.T.);
#7017=FACE_BOUND('',#6483,.T.);
#7018=FACE_BOUND('',#6484,.T.);
#7019=FACE_BOUND('',#6485,.T.);
#7020=FACE_BOUND('',#6486,.T.);
#7021=FACE_BOUND('',#6487,.T.);
#7022=FACE_BOUND('',#6488,.T.);
#7023=FACE_BOUND('',#6489,.T.);
#7024=FACE_BOUND('',#6490,.T.);
#7025=FACE_BOUND('',#6491,.T.);
#7026=FACE_BOUND('',#6492,.T.);
#7027=FACE_BOUND('',#6493,.T.);
#7028=FACE_BOUND('',#6494,.T.);
#7029=FACE_BOUND('',#6495,.T.);
#7030=FACE_BOUND('',#6496,.T.);
#7031=FACE_BOUND('',#6497,.T.);
#7032=FACE_BOUND('',#6498,.T.);
#7033=FACE_BOUND('',#6499,.T.);
#7034=FACE_BOUND('',#6500,.T.);
#7035=FACE_BOUND('',#6501,.T.);
#7036=FACE_BOUND('',#6502,.T.);
#7037=FACE_BOUND('',#6503,.T.);
#7038=FACE_BOUND('',#6504,.T.);
#7039=FACE_BOUND('',#6505,.T.);
#7040=FACE_BOUND('',#6506,.T.);
#7041=FACE_BOUND('',#6507,.T.);
#7042=FACE_BOUND('',#6508,.T.);
#7043=FACE_BOUND('',#6509,.T.);
#7044=FACE_BOUND('',#6510,.T.);
#7045=FACE_BOUND('',#6511,.T.);
#7046=FACE_BOUND('',#6512,.T.);
#7047=FACE_BOUND('',#6513,.T.);
#7048=FACE_BOUND('',#6514,.T.);
#7049=FACE_BOUND('',#6515,.T.);
#7050=FACE_BOUND('',#6516,.T.);
#7051=FACE_BOUND('',#6517,.T.);
#7052=FACE_BOUND('',#6518,.T.);
#7053=FACE_BOUND('',#6519,.T.);
#7054=FACE_BOUND('',#6520,.T.);
#7055=FACE_BOUND('',#6521,.T.);
#7056=FACE_BOUND('',#6522,.T.);
#7057=FACE_BOUND('',#6523,.T.);
#7058=FACE_BOUND('',#6524,.T.);
#7059=FACE_BOUND('',#6525,.T.);
#7060=FACE_BOUND('',#6526,.T.);
#7061=FACE_BOUND('',#6527,.T.);
#7062=FACE_BOUND('',#6528,.T.);
#7063=FACE_BOUND('',#6529,.T.);
#7064=FACE_BOUND('',#6530,.T.);
#7065=FACE_BOUND('',#6531,.T.);
#7066=FACE_BOUND('',#6532,.T.);
#7067=FACE_BOUND('',#6533,.T.);
#7068=FACE_BOUND('',#6534,.T.);
#7069=FACE_BOUND('',#6535,.T.);
#7070=FACE_BOUND('',#6536,.T.);
#7071=FACE_BOUND('',#6537,.T.);
#7072=FACE_BOUND('',#6538,.T.);
#7073=FACE_BOUND('',#6539,.T.);
#7074=FACE_BOUND('',#6540,.T.);
#7075=FACE_BOUND('',#6541,.T.);
#7076=FACE_BOUND('',#6542,.T.);
#7077=FACE_BOUND('',#6543,.T.);
#7078=FACE_BOUND('',#6544,.T.);
#7079=FACE_BOUND('',#6545,.T.);
#7080=FACE_BOUND('',#6546,.T.);
#7081=FACE_BOUND('',#6547,.T.);
#7082=FACE_BOUND('',#6548,.T.);
#7083=FACE_BOUND('',#6549,.T.);
#7084=FACE_BOUND('',#6550,.T.);
#7085=FACE_BOUND('',#6551,.T.);
#7086=FACE_BOUND('',#6552,.T.);
#7087=FACE_BOUND('',#6553,.T.);
#7088=FACE_BOUND('',#6554,.T.);
#7089=FACE_BOUND('',#6555,.T.);
#7090=FACE_BOUND('',#6556,.T.);
#7091=FACE_BOUND('',#6557,.T.);
#7092=FACE_BOUND('',#6558,.T.);
#7093=FACE_BOUND('',#6559,.T.);
#7094=FACE_BOUND('',#6560,.T.);
#7095=FACE_BOUND('',#6561,.T.);
#7096=FACE_BOUND('',#6562,.T.);
#7097=FACE_BOUND('',#6563,.T.);
#7098=FACE_BOUND('',#6564,.T.);
#7099=FACE_BOUND('',#6565,.T.);
#7100=FACE_BOUND('',#6566,.T.);
#7101=FACE_BOUND('',#6567,.T.);
#7102=FACE_BOUND('',#6568,.T.);
#7103=FACE_BOUND('',#6569,.T.);
#7104=FACE_BOUND('',#6570,.T.);
#7105=FACE_BOUND('',#6571,.T.);
#7106=FACE_BOUND('',#6572,.T.);
#7107=FACE_BOUND('',#6573,.T.);
#7108=FACE_BOUND('',#6574,.T.);
#7109=FACE_BOUND('',#6575,.T.);
#7110=FACE_BOUND('',#6576,.T.);
#7111=FACE_BOUND('',#6577,.T.);
#7112=FACE_BOUND('',#6578,.T.);
#7113=FACE_BOUND('',#6579,.T.);
#7114=FACE_BOUND('',#6580,.T.);
#7115=FACE_BOUND('',#6581,.T.);
#7116=FACE_BOUND('',#6582,.T.);
#7117=FACE_BOUND('',#6583,.T.);
#7118=FACE_BOUND('',#6584,.T.);
#7119=FACE_BOUND('',#6585,.T.);
#7120=FACE_BOUND('',#6586,.T.);
#7121=FACE_BOUND('',#6587,.T.);
#7122=FACE_BOUND('',#6588,.T.);
#7123=FACE_BOUND('',#6589,.T.);
#7124=FACE_BOUND('',#6590,.T.);
#7125=FACE_BOUND('',#6591,.T.);
#7126=FACE_BOUND('',#6592,.T.);
#7127=FACE_BOUND('',#6593,.T.);
#7128=FACE_BOUND('',#6594,.T.);
#7129=FACE_BOUND('',#6595,.T.);
#7130=FACE_BOUND('',#6596,.T.);
#7131=FACE_BOUND('',#6597,.T.);
#7132=FACE_BOUND('',#6598,.T.);
#7133=FACE_BOUND('',#6599,.T.);
#7134=FACE_BOUND('',#6600,.T.);
#7135=FACE_BOUND('',#6601,.T.);
#7136=FACE_BOUND('',#6602,.T.);
#7137=FACE_BOUND('',#6603,.T.);
#7138=FACE_BOUND('',#6604,.T.);
#7139=FACE_BOUND('',#6605,.T.);
#7140=FACE_BOUND('',#6606,.T.);
#7141=FACE_BOUND('',#6607,.T.);
#7142=FACE_BOUND('',#6608,.T.);
#7143=FACE_BOUND('',#6609,.T.);
#7144=FACE_BOUND('',#6610,.T.);
#7145=FACE_BOUND('',#6611,.T.);
#7146=FACE_BOUND('',#6612,.T.);
#7147=FACE_BOUND('',#6613,.T.);
#7148=FACE_BOUND('',#6614,.T.);
#7149=FACE_BOUND('',#6615,.T.);
#7150=FACE_BOUND('',#6616,.T.);
#7151=FACE_BOUND('',#6617,.T.);
#7152=FACE_BOUND('',#6618,.T.);
#7153=FACE_BOUND('',#6619,.T.);
#7154=FACE_BOUND('',#6620,.T.);
#7155=FACE_BOUND('',#6621,.T.);
#7156=FACE_BOUND('',#6622,.T.);
#7157=FACE_BOUND('',#6623,.T.);
#7158=FACE_BOUND('',#6624,.T.);
#7159=FACE_BOUND('',#6625,.T.);
#7160=FACE_BOUND('',#6626,.T.);
#7161=FACE_BOUND('',#6627,.T.);
#7162=FACE_BOUND('',#6628,.T.);
#7163=FACE_BOUND('',#6629,.T.);
#7164=FACE_BOUND('',#6630,.T.);
#7165=FACE_BOUND('',#6631,.T.);
#7166=FACE_BOUND('',#6632,.T.);
#7167=FACE_BOUND('',#6633,.T.);
#7168=FACE_BOUND('',#6634,.T.);
#7169=FACE_BOUND('',#6635,.T.);
#7170=FACE_BOUND('',#6636,.T.);
#7171=FACE_BOUND('',#6637,.T.);
#7172=FACE_BOUND('',#6638,.T.);
#7173=FACE_BOUND('',#6639,.T.);
#7174=FACE_BOUND('',#6640,.T.);
#7175=FACE_BOUND('',#6641,.T.);
#7176=FACE_BOUND('',#6642,.T.);
#7177=FACE_BOUND('',#6643,.T.);
#7178=FACE_BOUND('',#6644,.T.);
#7179=FACE_BOUND('',#6645,.T.);
#7180=FACE_BOUND('',#6646,.T.);
#7181=FACE_BOUND('',#6647,.T.);
#7182=FACE_BOUND('',#6648,.T.);
#7183=FACE_BOUND('',#6649,.T.);
#7184=FACE_BOUND('',#6650,.T.);
#7185=FACE_BOUND('',#6651,.T.);
#7186=FACE_BOUND('',#6652,.T.);
#7187=FACE_BOUND('',#6653,.T.);
#7188=FACE_BOUND('',#6654,.T.);
#7189=FACE_BOUND('',#6655,.T.);
#7190=FACE_BOUND('',#6656,.T.);
#7191=FACE_BOUND('',#6657,.T.);
#7192=FACE_BOUND('',#6658,.T.);
#7193=FACE_BOUND('',#6659,.T.);
#7194=FACE_BOUND('',#6660,.T.);
#7195=FACE_BOUND('',#6661,.T.);
#7196=FACE_BOUND('',#6662,.T.);
#7197=FACE_BOUND('',#6663,.T.);
#7198=FACE_BOUND('',#6664,.T.);
#7199=FACE_BOUND('',#6665,.T.);
#7200=FACE_BOUND('',#6666,.T.);
#7201=FACE_BOUND('',#6667,.T.);
#7202=FACE_BOUND('',#6668,.T.);
#7203=FACE_BOUND('',#6669,.T.);
#7204=FACE_BOUND('',#6670,.T.);
#7205=FACE_BOUND('',#6671,.T.);
#7206=FACE_BOUND('',#6672,.T.);
#7207=FACE_BOUND('',#6673,.T.);
#7208=FACE_BOUND('',#6674,.T.);
#7209=FACE_BOUND('',#6675,.T.);
#7210=FACE_BOUND('',#6676,.T.);
#7211=FACE_BOUND('',#6677,.T.);
#7212=FACE_BOUND('',#6678,.T.);
#7213=FACE_BOUND('',#6679,.T.);
#7214=FACE_BOUND('',#6680,.T.);
#7215=FACE_BOUND('',#6681,.T.);
#7216=FACE_BOUND('',#6682,.T.);
#7217=FACE_BOUND('',#6683,.T.);
#7218=FACE_BOUND('',#6684,.T.);
#7219=FACE_BOUND('',#6685,.T.);
#7220=FACE_BOUND('',#6686,.T.);
#7221=FACE_BOUND('',#6687,.T.);
#7222=FACE_BOUND('',#6688,.T.);
#7223=FACE_BOUND('',#6689,.T.);
#7224=FACE_BOUND('',#6690,.T.);
#7225=FACE_BOUND('',#6691,.T.);
#7226=FACE_BOUND('',#6692,.T.);
#7227=FACE_BOUND('',#6693,.T.);
#7228=FACE_BOUND('',#6694,.T.);
#7229=FACE_BOUND('',#6695,.T.);
#7230=FACE_BOUND('',#6696,.T.);
#7231=FACE_BOUND('',#6697,.T.);
#7232=FACE_BOUND('',#6698,.T.);
#7233=FACE_BOUND('',#6699,.T.);
#7234=FACE_BOUND('',#6700,.T.);
#7235=FACE_BOUND('',#6701,.T.);
#7236=FACE_BOUND('',#6702,.T.);
#7237=FACE_BOUND('',#6703,.T.);
#7238=FACE_BOUND('',#6704,.T.);
#7239=FACE_BOUND('',#6705,.T.);
#7240=FACE_BOUND('',#6706,.T.);
#7241=FACE_BOUND('',#6707,.T.);
#7242=FACE_BOUND('',#6708,.T.);
#7243=FACE_BOUND('',#6709,.T.);
#7244=FACE_BOUND('',#6710,.T.);
#7245=FACE_BOUND('',#6711,.T.);
#7246=FACE_BOUND('',#6712,.T.);
#7247=FACE_BOUND('',#6713,.T.);
#7248=FACE_BOUND('',#6714,.T.);
#7249=FACE_BOUND('',#6715,.T.);
#7250=PLANE('',#8137);
#7251=PLANE('',#8154);
#7252=PLANE('',#8155);
#7253=PLANE('',#8156);
#7254=PLANE('',#8157);
#7255=PLANE('',#8158);
#7256=PLANE('',#8159);
#7257=PLANE('',#8161);
#7258=PLANE('',#8162);
#7259=PLANE('',#8163);
#7260=PLANE('',#8165);
#7261=PLANE('',#8166);
#7262=PLANE('',#8171);
#7263=PLANE('',#8172);
#7264=PLANE('',#8173);
#7265=PLANE('',#8174);
#7266=PLANE('',#8175);
#7267=PLANE('',#8177);
#7268=PLANE('',#8191);
#7269=PLANE('',#8192);
#7270=PLANE('',#8193);
#7271=PLANE('',#8194);
#7272=PLANE('',#8195);
#7273=PLANE('',#8196);
#7274=PLANE('',#8197);
#7275=PLANE('',#8198);
#7276=PLANE('',#8199);
#7277=PLANE('',#8200);
#7278=PLANE('',#8201);
#7279=PLANE('',#8203);
#7280=PLANE('',#8204);
#7281=PLANE('',#8205);
#7282=PLANE('',#8206);
#7283=PLANE('',#8207);
#7284=PLANE('',#8208);
#7285=PLANE('',#8210);
#7286=PLANE('',#8211);
#7287=PLANE('',#8212);
#7288=PLANE('',#8213);
#7289=PLANE('',#8214);
#7290=PLANE('',#8215);
#7291=PLANE('',#8216);
#7292=PLANE('',#8217);
#7293=PLANE('',#8218);
#7294=PLANE('',#8219);
#7295=PLANE('',#8221);
#7296=PLANE('',#8222);
#7297=PLANE('',#8223);
#7298=PLANE('',#8224);
#7299=PLANE('',#8225);
#7300=PLANE('',#8226);
#7301=PLANE('',#8228);
#7302=PLANE('',#8229);
#7303=PLANE('',#8230);
#7304=PLANE('',#8231);
#7305=PLANE('',#8232);
#7306=PLANE('',#8233);
#7307=PLANE('',#8234);
#7308=PLANE('',#8235);
#7309=PLANE('',#8236);
#7310=PLANE('',#8237);
#7311=PLANE('',#8238);
#7312=PLANE('',#8239);
#7313=PLANE('',#8240);
#7314=PLANE('',#8241);
#7315=PLANE('',#8242);
#7316=PLANE('',#8243);
#7317=PLANE('',#8244);
#7318=PLANE('',#8245);
#7319=PLANE('',#8247);
#7320=PLANE('',#8264);
#7321=PLANE('',#8265);
#7322=PLANE('',#8266);
#7323=PLANE('',#8267);
#7324=PLANE('',#8268);
#7325=PLANE('',#8269);
#7326=PLANE('',#8271);
#7327=PLANE('',#8272);
#7328=PLANE('',#8273);
#7329=PLANE('',#8275);
#7330=PLANE('',#8276);
#7331=PLANE('',#8281);
#7332=PLANE('',#8282);
#7333=PLANE('',#8283);
#7334=PLANE('',#8284);
#7335=PLANE('',#8285);
#7336=PLANE('',#8287);
#7337=PLANE('',#8301);
#7338=PLANE('',#8302);
#7339=PLANE('',#8303);
#7340=PLANE('',#8304);
#7341=PLANE('',#8305);
#7342=PLANE('',#8306);
#7343=PLANE('',#8307);
#7344=PLANE('',#8308);
#7345=PLANE('',#8309);
#7346=PLANE('',#8310);
#7347=PLANE('',#8311);
#7348=PLANE('',#8313);
#7349=PLANE('',#8314);
#7350=PLANE('',#8315);
#7351=PLANE('',#8316);
#7352=PLANE('',#8317);
#7353=PLANE('',#8318);
#7354=PLANE('',#8320);
#7355=PLANE('',#8321);
#7356=PLANE('',#8322);
#7357=PLANE('',#8323);
#7358=PLANE('',#8324);
#7359=PLANE('',#8325);
#7360=PLANE('',#8326);
#7361=PLANE('',#8327);
#7362=PLANE('',#8328);
#7363=PLANE('',#8329);
#7364=PLANE('',#8331);
#7365=PLANE('',#8332);
#7366=PLANE('',#8333);
#7367=PLANE('',#8334);
#7368=PLANE('',#8335);
#7369=PLANE('',#8336);
#7370=PLANE('',#8338);
#7371=PLANE('',#8339);
#7372=PLANE('',#8340);
#7373=PLANE('',#8341);
#7374=PLANE('',#8342);
#7375=PLANE('',#8343);
#7376=PLANE('',#8344);
#7377=PLANE('',#8345);
#7378=PLANE('',#8346);
#7379=PLANE('',#8347);
#7380=PLANE('',#8348);
#7381=PLANE('',#8349);
#7382=PLANE('',#8350);
#7383=PLANE('',#8351);
#7384=PLANE('',#8352);
#7385=PLANE('',#8353);
#7386=PLANE('',#8354);
#7387=PLANE('',#8355);
#7388=PLANE('',#8357);
#7389=PLANE('',#8358);
#7390=PLANE('',#8359);
#7391=PLANE('',#8360);
#7392=PLANE('',#8361);
#7393=PLANE('',#8362);
#7394=PLANE('',#8368);
#7395=PLANE('',#8369);
#7396=PLANE('',#8375);
#7397=PLANE('',#8376);
#7398=PLANE('',#8377);
#7399=PLANE('',#8378);
#7400=PLANE('',#8379);
#7401=PLANE('',#8380);
#7402=PLANE('',#8381);
#7403=PLANE('',#8382);
#7404=PLANE('',#8383);
#7405=PLANE('',#8384);
#7406=PLANE('',#8385);
#7407=PLANE('',#8386);
#7408=PLANE('',#8387);
#7409=PLANE('',#8390);
#7410=PLANE('',#8393);
#7411=PLANE('',#8394);
#7412=PLANE('',#8395);
#7413=PLANE('',#8396);
#7414=PLANE('',#8397);
#7415=PLANE('',#8398);
#7416=PLANE('',#8399);
#7417=PLANE('',#8400);
#7418=PLANE('',#8401);
#7419=PLANE('',#8402);
#7420=PLANE('',#8406);
#7421=PLANE('',#8407);
#7422=PLANE('',#8408);
#7423=PLANE('',#8409);
#7424=PLANE('',#8410);
#7425=PLANE('',#8413);
#7426=PLANE('',#8414);
#7427=PLANE('',#8416);
#7428=PLANE('',#8418);
#7429=PLANE('',#8419);
#7430=PLANE('',#8420);
#7431=PLANE('',#8421);
#7432=PLANE('',#8422);
#7433=PLANE('',#8423);
#7434=PLANE('',#8424);
#7435=PLANE('',#8425);
#7436=PLANE('',#8426);
#7437=PLANE('',#8427);
#7438=PLANE('',#8428);
#7439=PLANE('',#8429);
#7440=PLANE('',#8430);
#7441=PLANE('',#8431);
#7442=PLANE('',#8434);
#7443=PLANE('',#8440);
#7444=PLANE('',#8441);
#7445=PLANE('',#8442);
#7446=PLANE('',#8443);
#7447=PLANE('',#8444);
#7448=PLANE('',#8445);
#7449=PLANE('',#8451);
#7450=PLANE('',#8452);
#7451=PLANE('',#8458);
#7452=PLANE('',#8459);
#7453=PLANE('',#8460);
#7454=PLANE('',#8461);
#7455=PLANE('',#8462);
#7456=PLANE('',#8463);
#7457=PLANE('',#8464);
#7458=PLANE('',#8465);
#7459=PLANE('',#8466);
#7460=PLANE('',#8467);
#7461=PLANE('',#8468);
#7462=PLANE('',#8469);
#7463=PLANE('',#8470);
#7464=PLANE('',#8473);
#7465=PLANE('',#8476);
#7466=PLANE('',#8477);
#7467=PLANE('',#8478);
#7468=PLANE('',#8479);
#7469=PLANE('',#8480);
#7470=PLANE('',#8481);
#7471=PLANE('',#8482);
#7472=PLANE('',#8483);
#7473=PLANE('',#8484);
#7474=PLANE('',#8485);
#7475=PLANE('',#8489);
#7476=PLANE('',#8490);
#7477=PLANE('',#8491);
#7478=PLANE('',#8492);
#7479=PLANE('',#8493);
#7480=PLANE('',#8496);
#7481=PLANE('',#8497);
#7482=PLANE('',#8499);
#7483=PLANE('',#8501);
#7484=PLANE('',#8502);
#7485=PLANE('',#8503);
#7486=PLANE('',#8504);
#7487=PLANE('',#8505);
#7488=PLANE('',#8506);
#7489=PLANE('',#8507);
#7490=PLANE('',#8508);
#7491=PLANE('',#8509);
#7492=PLANE('',#8510);
#7493=PLANE('',#8511);
#7494=PLANE('',#8512);
#7495=PLANE('',#8513);
#7496=PLANE('',#8514);
#7497=PLANE('',#8517);
#7498=PLANE('',#8523);
#7499=PLANE('',#8532);
#7500=PLANE('',#8565);
#7501=PLANE('',#8566);
#7502=PLANE('',#8567);
#7503=PLANE('',#8568);
#7504=PLANE('',#8569);
#7505=PLANE('',#8570);
#7506=PLANE('',#8571);
#7507=PLANE('',#8572);
#7508=PLANE('',#8573);
#7509=PLANE('',#8574);
#7510=PLANE('',#8575);
#7511=PLANE('',#8576);
#7512=PLANE('',#8577);
#7513=PLANE('',#8578);
#7514=PLANE('',#8579);
#7515=PLANE('',#8580);
#7516=PLANE('',#8581);
#7517=PLANE('',#8582);
#7518=PLANE('',#8583);
#7519=PLANE('',#8584);
#7520=PLANE('',#8586);
#7521=PLANE('',#8587);
#7522=PLANE('',#8589);
#7523=PLANE('',#8590);
#7524=PLANE('',#8591);
#7525=PLANE('',#8592);
#7526=PLANE('',#8593);
#7527=PLANE('',#8594);
#7528=PLANE('',#8595);
#7529=PLANE('',#8596);
#7530=PLANE('',#8597);
#7531=PLANE('',#8598);
#7532=PLANE('',#8600);
#7533=PLANE('',#8601);
#7534=PLANE('',#8602);
#7535=PLANE('',#8603);
#7536=PLANE('',#8604);
#7537=PLANE('',#8605);
#7538=PLANE('',#8608);
#7539=PLANE('',#8609);
#7540=PLANE('',#8610);
#7541=PLANE('',#8611);
#7542=PLANE('',#8613);
#7543=PLANE('',#8614);
#7544=PLANE('',#8615);
#7545=PLANE('',#8616);
#7546=PLANE('',#8617);
#7547=PLANE('',#8619);
#7548=PLANE('',#8620);
#7549=PLANE('',#8621);
#7550=PLANE('',#8622);
#7551=PLANE('',#8623);
#7552=PLANE('',#8624);
#7553=PLANE('',#8625);
#7554=PLANE('',#8626);
#7555=PLANE('',#8627);
#7556=PLANE('',#8630);
#7557=PLANE('',#8631);
#7558=PLANE('',#8633);
#7559=PLANE('',#8634);
#7560=PLANE('',#8635);
#7561=PLANE('',#8636);
#7562=PLANE('',#8637);
#7563=PLANE('',#8638);
#7564=PLANE('',#8639);
#7565=PLANE('',#8640);
#7566=PLANE('',#8641);
#7567=PLANE('',#8642);
#7568=PLANE('',#8644);
#7569=PLANE('',#8645);
#7570=PLANE('',#8646);
#7571=PLANE('',#8647);
#7572=PLANE('',#8648);
#7573=PLANE('',#8649);
#7574=PLANE('',#8652);
#7575=PLANE('',#8653);
#7576=PLANE('',#8654);
#7577=PLANE('',#8655);
#7578=PLANE('',#8657);
#7579=PLANE('',#8658);
#7580=PLANE('',#8659);
#7581=PLANE('',#8660);
#7582=PLANE('',#8661);
#7583=PLANE('',#8663);
#7584=PLANE('',#8664);
#7585=PLANE('',#8665);
#7586=PLANE('',#8666);
#7587=PLANE('',#8667);
#7588=PLANE('',#8668);
#7589=PLANE('',#8669);
#7590=PLANE('',#8670);
#7591=PLANE('',#8671);
#7592=PLANE('',#8673);
#7593=PLANE('',#8674);
#7594=PLANE('',#8675);
#7595=PLANE('',#8676);
#7596=PLANE('',#8677);
#7597=PLANE('',#8678);
#7598=PLANE('',#8679);
#7599=PLANE('',#8680);
#7600=PLANE('',#8681);
#7601=PLANE('',#8682);
#7602=PLANE('',#8683);
#7603=PLANE('',#8684);
#7604=PLANE('',#8685);
#7605=PLANE('',#8686);
#7606=PLANE('',#8687);
#7607=PLANE('',#8688);
#7608=PLANE('',#8689);
#7609=PLANE('',#8690);
#7610=ADVANCED_FACE('',(#6716,#6717,#6718,#6719,#6720),#7250,.F.);
#7611=ADVANCED_FACE('',(#6721),#196,.F.);
#7612=ADVANCED_FACE('',(#6722),#197,.F.);
#7613=ADVANCED_FACE('',(#6723),#198,.F.);
#7614=ADVANCED_FACE('',(#6724),#199,.F.);
#7615=ADVANCED_FACE('',(#6725),#7251,.T.);
#7616=ADVANCED_FACE('',(#6726),#7252,.F.);
#7617=ADVANCED_FACE('',(#6727),#7253,.T.);
#7618=ADVANCED_FACE('',(#6728),#7254,.F.);
#7619=ADVANCED_FACE('',(#6729),#7255,.T.);
#7620=ADVANCED_FACE('',(#6730,#6731),#7256,.T.);
#7621=ADVANCED_FACE('',(#6732),#7257,.F.);
#7622=ADVANCED_FACE('',(#6733),#7258,.T.);
#7623=ADVANCED_FACE('',(#6734,#6735),#7259,.T.);
#7624=ADVANCED_FACE('',(#6736),#7260,.F.);
#7625=ADVANCED_FACE('',(#6737),#7261,.T.);
#7626=ADVANCED_FACE('',(#6738),#7262,.F.);
#7627=ADVANCED_FACE('',(#6739),#7263,.T.);
#7628=ADVANCED_FACE('',(#6740),#7264,.F.);
#7629=ADVANCED_FACE('',(#6741),#7265,.T.);
#7630=ADVANCED_FACE('',(#6742,#6743),#7266,.T.);
#7631=ADVANCED_FACE('',(#6744,#6745),#7267,.T.);
#7632=ADVANCED_FACE('',(#6746,#6747),#200,.F.);
#7633=ADVANCED_FACE('',(#6748,#6749),#201,.F.);
#7634=ADVANCED_FACE('',(#6750,#6751),#202,.F.);
#7635=ADVANCED_FACE('',(#6752,#6753),#203,.F.);
#7636=ADVANCED_FACE('',(#6754,#6755),#160,.F.);
#7637=ADVANCED_FACE('',(#6756,#6757),#161,.F.);
#7638=ADVANCED_FACE('',(#6758,#6759),#162,.F.);
#7639=ADVANCED_FACE('',(#6760,#6761),#163,.F.);
#7640=ADVANCED_FACE('',(#6762),#7268,.T.);
#7641=ADVANCED_FACE('',(#6763),#7269,.T.);
#7642=ADVANCED_FACE('',(#6764),#7270,.F.);
#7643=ADVANCED_FACE('',(#6765),#7271,.T.);
#7644=ADVANCED_FACE('',(#6766),#7272,.F.);
#7645=ADVANCED_FACE('',(#6767),#7273,.T.);
#7646=ADVANCED_FACE('',(#6768),#7274,.T.);
#7647=ADVANCED_FACE('',(#6769),#7275,.F.);
#7648=ADVANCED_FACE('',(#6770),#7276,.F.);
#7649=ADVANCED_FACE('',(#6771),#7277,.T.);
#7650=ADVANCED_FACE('',(#6772),#7278,.F.);
#7651=ADVANCED_FACE('',(#6773),#164,.F.);
#7652=ADVANCED_FACE('',(#6774),#7279,.T.);
#7653=ADVANCED_FACE('',(#6775),#7280,.T.);
#7654=ADVANCED_FACE('',(#6776),#7281,.T.);
#7655=ADVANCED_FACE('',(#6777),#7282,.T.);
#7656=ADVANCED_FACE('',(#6778),#7283,.F.);
#7657=ADVANCED_FACE('',(#6779),#7284,.T.);
#7658=ADVANCED_FACE('',(#6780),#165,.F.);
#7659=ADVANCED_FACE('',(#6781),#7285,.T.);
#7660=ADVANCED_FACE('',(#6782),#7286,.F.);
#7661=ADVANCED_FACE('',(#6783),#7287,.F.);
#7662=ADVANCED_FACE('',(#6784),#7288,.T.);
#7663=ADVANCED_FACE('',(#6785),#7289,.T.);
#7664=ADVANCED_FACE('',(#6786),#7290,.T.);
#7665=ADVANCED_FACE('',(#6787),#7291,.F.);
#7666=ADVANCED_FACE('',(#6788),#7292,.F.);
#7667=ADVANCED_FACE('',(#6789),#7293,.T.);
#7668=ADVANCED_FACE('',(#6790),#7294,.F.);
#7669=ADVANCED_FACE('',(#6791),#166,.F.);
#7670=ADVANCED_FACE('',(#6792),#7295,.T.);
#7671=ADVANCED_FACE('',(#6793),#7296,.T.);
#7672=ADVANCED_FACE('',(#6794),#7297,.T.);
#7673=ADVANCED_FACE('',(#6795),#7298,.T.);
#7674=ADVANCED_FACE('',(#6796),#7299,.F.);
#7675=ADVANCED_FACE('',(#6797),#7300,.T.);
#7676=ADVANCED_FACE('',(#6798),#167,.F.);
#7677=ADVANCED_FACE('',(#6799),#7301,.T.);
#7678=ADVANCED_FACE('',(#6800),#7302,.F.);
#7679=ADVANCED_FACE('',(#6801),#7303,.F.);
#7680=ADVANCED_FACE('',(#6802),#7304,.F.);
#7681=ADVANCED_FACE('',(#6803),#7305,.T.);
#7682=ADVANCED_FACE('',(#6804),#7306,.T.);
#7683=ADVANCED_FACE('',(#6805),#7307,.T.);
#7684=ADVANCED_FACE('',(#6806),#7308,.F.);
#7685=ADVANCED_FACE('',(#6807),#7309,.T.);
#7686=ADVANCED_FACE('',(#6808),#7310,.T.);
#7687=ADVANCED_FACE('',(#6809),#7311,.T.);
#7688=ADVANCED_FACE('',(#6810),#7312,.F.);
#7689=ADVANCED_FACE('',(#6811),#7313,.F.);
#7690=ADVANCED_FACE('',(#6812),#7314,.T.);
#7691=ADVANCED_FACE('',(#6813),#7315,.T.);
#7692=ADVANCED_FACE('',(#6814),#7316,.T.);
#7693=ADVANCED_FACE('',(#6815),#7317,.T.);
#7694=ADVANCED_FACE('',(#6816),#7318,.F.);
#7695=ADVANCED_FACE('',(#6817,#6818,#6819,#6820,#6821),#7319,.F.);
#7696=ADVANCED_FACE('',(#6822),#204,.F.);
#7697=ADVANCED_FACE('',(#6823),#205,.F.);
#7698=ADVANCED_FACE('',(#6824),#206,.F.);
#7699=ADVANCED_FACE('',(#6825),#207,.F.);
#7700=ADVANCED_FACE('',(#6826),#7320,.T.);
#7701=ADVANCED_FACE('',(#6827),#7321,.F.);
#7702=ADVANCED_FACE('',(#6828),#7322,.T.);
#7703=ADVANCED_FACE('',(#6829),#7323,.F.);
#7704=ADVANCED_FACE('',(#6830),#7324,.T.);
#7705=ADVANCED_FACE('',(#6831,#6832),#7325,.T.);
#7706=ADVANCED_FACE('',(#6833),#7326,.F.);
#7707=ADVANCED_FACE('',(#6834),#7327,.T.);
#7708=ADVANCED_FACE('',(#6835,#6836),#7328,.T.);
#7709=ADVANCED_FACE('',(#6837),#7329,.F.);
#7710=ADVANCED_FACE('',(#6838),#7330,.T.);
#7711=ADVANCED_FACE('',(#6839),#7331,.F.);
#7712=ADVANCED_FACE('',(#6840),#7332,.T.);
#7713=ADVANCED_FACE('',(#6841),#7333,.F.);
#7714=ADVANCED_FACE('',(#6842),#7334,.T.);
#7715=ADVANCED_FACE('',(#6843,#6844),#7335,.T.);
#7716=ADVANCED_FACE('',(#6845,#6846),#7336,.T.);
#7717=ADVANCED_FACE('',(#6847,#6848),#208,.F.);
#7718=ADVANCED_FACE('',(#6849,#6850),#209,.F.);
#7719=ADVANCED_FACE('',(#6851,#6852),#210,.F.);
#7720=ADVANCED_FACE('',(#6853,#6854),#211,.F.);
#7721=ADVANCED_FACE('',(#6855,#6856),#168,.F.);
#7722=ADVANCED_FACE('',(#6857,#6858),#169,.F.);
#7723=ADVANCED_FACE('',(#6859,#6860),#170,.F.);
#7724=ADVANCED_FACE('',(#6861,#6862),#171,.F.);
#7725=ADVANCED_FACE('',(#6863),#7337,.T.);
#7726=ADVANCED_FACE('',(#6864),#7338,.T.);
#7727=ADVANCED_FACE('',(#6865),#7339,.F.);
#7728=ADVANCED_FACE('',(#6866),#7340,.T.);
#7729=ADVANCED_FACE('',(#6867),#7341,.F.);
#7730=ADVANCED_FACE('',(#6868),#7342,.T.);
#7731=ADVANCED_FACE('',(#6869),#7343,.T.);
#7732=ADVANCED_FACE('',(#6870),#7344,.F.);
#7733=ADVANCED_FACE('',(#6871),#7345,.F.);
#7734=ADVANCED_FACE('',(#6872),#7346,.T.);
#7735=ADVANCED_FACE('',(#6873),#7347,.F.);
#7736=ADVANCED_FACE('',(#6874),#172,.F.);
#7737=ADVANCED_FACE('',(#6875),#7348,.T.);
#7738=ADVANCED_FACE('',(#6876),#7349,.T.);
#7739=ADVANCED_FACE('',(#6877),#7350,.T.);
#7740=ADVANCED_FACE('',(#6878),#7351,.T.);
#7741=ADVANCED_FACE('',(#6879),#7352,.F.);
#7742=ADVANCED_FACE('',(#6880),#7353,.T.);
#7743=ADVANCED_FACE('',(#6881),#173,.F.);
#7744=ADVANCED_FACE('',(#6882),#7354,.T.);
#7745=ADVANCED_FACE('',(#6883),#7355,.F.);
#7746=ADVANCED_FACE('',(#6884),#7356,.F.);
#7747=ADVANCED_FACE('',(#6885),#7357,.T.);
#7748=ADVANCED_FACE('',(#6886),#7358,.T.);
#7749=ADVANCED_FACE('',(#6887),#7359,.T.);
#7750=ADVANCED_FACE('',(#6888),#7360,.F.);
#7751=ADVANCED_FACE('',(#6889),#7361,.F.);
#7752=ADVANCED_FACE('',(#6890),#7362,.T.);
#7753=ADVANCED_FACE('',(#6891),#7363,.F.);
#7754=ADVANCED_FACE('',(#6892),#174,.F.);
#7755=ADVANCED_FACE('',(#6893),#7364,.T.);
#7756=ADVANCED_FACE('',(#6894),#7365,.T.);
#7757=ADVANCED_FACE('',(#6895),#7366,.T.);
#7758=ADVANCED_FACE('',(#6896),#7367,.T.);
#7759=ADVANCED_FACE('',(#6897),#7368,.F.);
#7760=ADVANCED_FACE('',(#6898),#7369,.T.);
#7761=ADVANCED_FACE('',(#6899),#175,.F.);
#7762=ADVANCED_FACE('',(#6900),#7370,.T.);
#7763=ADVANCED_FACE('',(#6901),#7371,.F.);
#7764=ADVANCED_FACE('',(#6902),#7372,.F.);
#7765=ADVANCED_FACE('',(#6903),#7373,.F.);
#7766=ADVANCED_FACE('',(#6904),#7374,.T.);
#7767=ADVANCED_FACE('',(#6905),#7375,.T.);
#7768=ADVANCED_FACE('',(#6906),#7376,.T.);
#7769=ADVANCED_FACE('',(#6907),#7377,.F.);
#7770=ADVANCED_FACE('',(#6908),#7378,.T.);
#7771=ADVANCED_FACE('',(#6909),#7379,.T.);
#7772=ADVANCED_FACE('',(#6910),#7380,.T.);
#7773=ADVANCED_FACE('',(#6911),#7381,.F.);
#7774=ADVANCED_FACE('',(#6912),#7382,.F.);
#7775=ADVANCED_FACE('',(#6913),#7383,.T.);
#7776=ADVANCED_FACE('',(#6914),#7384,.T.);
#7777=ADVANCED_FACE('',(#6915),#7385,.T.);
#7778=ADVANCED_FACE('',(#6916),#7386,.T.);
#7779=ADVANCED_FACE('',(#6917),#7387,.F.);
#7780=ADVANCED_FACE('',(#6918),#7388,.T.);
#7781=ADVANCED_FACE('',(#6919),#7389,.F.);
#7782=ADVANCED_FACE('',(#6920),#7390,.F.);
#7783=ADVANCED_FACE('',(#6921),#7391,.F.);
#7784=ADVANCED_FACE('',(#6922),#7392,.T.);
#7785=ADVANCED_FACE('',(#6923,#6924,#6925,#6926,#6927),#7393,.T.);
#7786=ADVANCED_FACE('',(#6928),#7394,.F.);
#7787=ADVANCED_FACE('',(#6929,#6930,#6931,#6932,#6933),#7395,.F.);
#7788=ADVANCED_FACE('',(#6934),#7396,.F.);
#7789=ADVANCED_FACE('',(#6935),#7397,.T.);
#7790=ADVANCED_FACE('',(#6936),#7398,.F.);
#7791=ADVANCED_FACE('',(#6937),#7399,.F.);
#7792=ADVANCED_FACE('',(#6938),#7400,.T.);
#7793=ADVANCED_FACE('',(#6939),#7401,.F.);
#7794=ADVANCED_FACE('',(#6940),#7402,.T.);
#7795=ADVANCED_FACE('',(#6941),#7403,.T.);
#7796=ADVANCED_FACE('',(#6942),#7404,.T.);
#7797=ADVANCED_FACE('',(#6943),#7405,.T.);
#7798=ADVANCED_FACE('',(#6944),#7406,.T.);
#7799=ADVANCED_FACE('',(#6945),#7407,.T.);
#7800=ADVANCED_FACE('',(#6946),#7408,.T.);
#7801=ADVANCED_FACE('',(#6947),#7409,.T.);
#7802=ADVANCED_FACE('',(#6948),#7410,.T.);
#7803=ADVANCED_FACE('',(#6949),#7411,.T.);
#7804=ADVANCED_FACE('',(#6950),#7412,.T.);
#7805=ADVANCED_FACE('',(#6951),#7413,.F.);
#7806=ADVANCED_FACE('',(#6952),#7414,.F.);
#7807=ADVANCED_FACE('',(#6953),#7415,.T.);
#7808=ADVANCED_FACE('',(#6954),#7416,.F.);
#7809=ADVANCED_FACE('',(#6955),#7417,.T.);
#7810=ADVANCED_FACE('',(#6956),#7418,.T.);
#7811=ADVANCED_FACE('',(#6957),#7419,.F.);
#7812=ADVANCED_FACE('',(#6958),#212,.F.);
#7813=ADVANCED_FACE('',(#6959),#7420,.T.);
#7814=ADVANCED_FACE('',(#6960),#7421,.T.);
#7815=ADVANCED_FACE('',(#6961),#7422,.F.);
#7816=ADVANCED_FACE('',(#6962),#7423,.T.);
#7817=ADVANCED_FACE('',(#6963),#7424,.F.);
#7818=ADVANCED_FACE('',(#6964),#176,.F.);
#7819=ADVANCED_FACE('',(#6965),#177,.F.);
#7820=ADVANCED_FACE('',(#6966),#10,.F.);
#7821=ADVANCED_FACE('',(#6967),#11,.F.);
#7822=ADVANCED_FACE('',(#6968),#7425,.F.);
#7823=ADVANCED_FACE('',(#6969),#7426,.T.);
#7824=ADVANCED_FACE('',(#6970),#7427,.T.);
#7825=ADVANCED_FACE('',(#6971),#7428,.F.);
#7826=ADVANCED_FACE('',(#6972),#7429,.T.);
#7827=ADVANCED_FACE('',(#6973),#7430,.F.);
#7828=ADVANCED_FACE('',(#6974),#7431,.F.);
#7829=ADVANCED_FACE('',(#6975),#7432,.T.);
#7830=ADVANCED_FACE('',(#6976),#7433,.T.);
#7831=ADVANCED_FACE('',(#6977),#7434,.T.);
#7832=ADVANCED_FACE('',(#6978),#7435,.T.);
#7833=ADVANCED_FACE('',(#6979),#7436,.T.);
#7834=ADVANCED_FACE('',(#6980),#7437,.T.);
#7835=ADVANCED_FACE('',(#6981),#7438,.T.);
#7836=ADVANCED_FACE('',(#6982),#7439,.T.);
#7837=ADVANCED_FACE('',(#6983),#7440,.T.);
#7838=ADVANCED_FACE('',(#6984),#7441,.T.);
#7839=ADVANCED_FACE('',(#6985),#213,.T.);
#7840=ADVANCED_FACE('',(#6986),#214,.T.);
#7841=ADVANCED_FACE('',(#6987),#7442,.T.);
#7842=ADVANCED_FACE('',(#6988,#6989),#215,.F.);
#7843=ADVANCED_FACE('',(#6990,#6991),#216,.F.);
#7844=ADVANCED_FACE('',(#6992,#6993),#217,.F.);
#7845=ADVANCED_FACE('',(#6994,#6995),#218,.F.);
#7846=ADVANCED_FACE('',(#6996),#7443,.T.);
#7847=ADVANCED_FACE('',(#6997),#7444,.F.);
#7848=ADVANCED_FACE('',(#6998),#7445,.F.);
#7849=ADVANCED_FACE('',(#6999),#7446,.F.);
#7850=ADVANCED_FACE('',(#7000),#7447,.T.);
#7851=ADVANCED_FACE('',(#7001,#7002,#7003,#7004,#7005),#7448,.T.);
#7852=ADVANCED_FACE('',(#7006),#7449,.F.);
#7853=ADVANCED_FACE('',(#7007,#7008,#7009,#7010,#7011),#7450,.F.);
#7854=ADVANCED_FACE('',(#7012),#7451,.F.);
#7855=ADVANCED_FACE('',(#7013),#7452,.T.);
#7856=ADVANCED_FACE('',(#7014),#7453,.F.);
#7857=ADVANCED_FACE('',(#7015),#7454,.F.);
#7858=ADVANCED_FACE('',(#7016),#7455,.T.);
#7859=ADVANCED_FACE('',(#7017),#7456,.F.);
#7860=ADVANCED_FACE('',(#7018),#7457,.T.);
#7861=ADVANCED_FACE('',(#7019),#7458,.T.);
#7862=ADVANCED_FACE('',(#7020),#7459,.T.);
#7863=ADVANCED_FACE('',(#7021),#7460,.T.);
#7864=ADVANCED_FACE('',(#7022),#7461,.T.);
#7865=ADVANCED_FACE('',(#7023),#7462,.T.);
#7866=ADVANCED_FACE('',(#7024),#7463,.T.);
#7867=ADVANCED_FACE('',(#7025),#7464,.T.);
#7868=ADVANCED_FACE('',(#7026),#7465,.T.);
#7869=ADVANCED_FACE('',(#7027),#7466,.T.);
#7870=ADVANCED_FACE('',(#7028),#7467,.T.);
#7871=ADVANCED_FACE('',(#7029),#7468,.F.);
#7872=ADVANCED_FACE('',(#7030),#7469,.F.);
#7873=ADVANCED_FACE('',(#7031),#7470,.T.);
#7874=ADVANCED_FACE('',(#7032),#7471,.F.);
#7875=ADVANCED_FACE('',(#7033),#7472,.T.);
#7876=ADVANCED_FACE('',(#7034),#7473,.T.);
#7877=ADVANCED_FACE('',(#7035),#7474,.F.);
#7878=ADVANCED_FACE('',(#7036),#219,.F.);
#7879=ADVANCED_FACE('',(#7037),#7475,.T.);
#7880=ADVANCED_FACE('',(#7038),#7476,.T.);
#7881=ADVANCED_FACE('',(#7039),#7477,.F.);
#7882=ADVANCED_FACE('',(#7040),#7478,.T.);
#7883=ADVANCED_FACE('',(#7041),#7479,.F.);
#7884=ADVANCED_FACE('',(#7042),#178,.F.);
#7885=ADVANCED_FACE('',(#7043),#179,.F.);
#7886=ADVANCED_FACE('',(#7044),#12,.T.);
#7887=ADVANCED_FACE('',(#7045),#13,.T.);
#7888=ADVANCED_FACE('',(#7046),#7480,.F.);
#7889=ADVANCED_FACE('',(#7047),#7481,.T.);
#7890=ADVANCED_FACE('',(#7048),#7482,.T.);
#7891=ADVANCED_FACE('',(#7049),#7483,.F.);
#7892=ADVANCED_FACE('',(#7050),#7484,.T.);
#7893=ADVANCED_FACE('',(#7051),#7485,.F.);
#7894=ADVANCED_FACE('',(#7052),#7486,.F.);
#7895=ADVANCED_FACE('',(#7053),#7487,.T.);
#7896=ADVANCED_FACE('',(#7054),#7488,.T.);
#7897=ADVANCED_FACE('',(#7055),#7489,.T.);
#7898=ADVANCED_FACE('',(#7056),#7490,.T.);
#7899=ADVANCED_FACE('',(#7057),#7491,.T.);
#7900=ADVANCED_FACE('',(#7058),#7492,.T.);
#7901=ADVANCED_FACE('',(#7059),#7493,.T.);
#7902=ADVANCED_FACE('',(#7060),#7494,.T.);
#7903=ADVANCED_FACE('',(#7061),#7495,.T.);
#7904=ADVANCED_FACE('',(#7062),#7496,.T.);
#7905=ADVANCED_FACE('',(#7063),#220,.T.);
#7906=ADVANCED_FACE('',(#7064),#221,.T.);
#7907=ADVANCED_FACE('',(#7065),#7497,.T.);
#7908=ADVANCED_FACE('',(#7066,#7067),#222,.F.);
#7909=ADVANCED_FACE('',(#7068,#7069),#223,.F.);
#7910=ADVANCED_FACE('',(#7070,#7071),#224,.F.);
#7911=ADVANCED_FACE('',(#7072,#7073),#225,.F.);
#7912=ADVANCED_FACE('',(#7074,#7075,#7076,#7077,#7078),#7498,.F.);
#7913=ADVANCED_FACE('',(#7079,#7080,#7081,#7082,#7083),#7499,.T.);
#7914=ADVANCED_FACE('',(#7084),#226,.F.);
#7915=ADVANCED_FACE('',(#7085),#227,.F.);
#7916=ADVANCED_FACE('',(#7086),#228,.F.);
#7917=ADVANCED_FACE('',(#7087),#229,.F.);
#7918=ADVANCED_FACE('',(#7088),#230,.F.);
#7919=ADVANCED_FACE('',(#7089),#231,.F.);
#7920=ADVANCED_FACE('',(#7090),#232,.F.);
#7921=ADVANCED_FACE('',(#7091),#233,.F.);
#7922=ADVANCED_FACE('',(#7092),#7500,.F.);
#7923=ADVANCED_FACE('',(#7093),#7501,.T.);
#7924=ADVANCED_FACE('',(#7094),#7502,.F.);
#7925=ADVANCED_FACE('',(#7095),#7503,.T.);
#7926=ADVANCED_FACE('',(#7096),#7504,.T.);
#7927=ADVANCED_FACE('',(#7097),#7505,.F.);
#7928=ADVANCED_FACE('',(#7098),#7506,.T.);
#7929=ADVANCED_FACE('',(#7099),#7507,.F.);
#7930=ADVANCED_FACE('',(#7100),#7508,.T.);
#7931=ADVANCED_FACE('',(#7101),#7509,.F.);
#7932=ADVANCED_FACE('',(#7102),#7510,.T.);
#7933=ADVANCED_FACE('',(#7103),#7511,.F.);
#7934=ADVANCED_FACE('',(#7104),#7512,.F.);
#7935=ADVANCED_FACE('',(#7105),#7513,.T.);
#7936=ADVANCED_FACE('',(#7106),#7514,.F.);
#7937=ADVANCED_FACE('',(#7107),#7515,.T.);
#7938=ADVANCED_FACE('',(#7108),#7516,.F.);
#7939=ADVANCED_FACE('',(#7109),#7517,.T.);
#7940=ADVANCED_FACE('',(#7110),#7518,.F.);
#7941=ADVANCED_FACE('',(#7111),#7519,.T.);
#7942=ADVANCED_FACE('',(#7112),#180,.F.);
#7943=ADVANCED_FACE('',(#7113),#14,.T.);
#7944=ADVANCED_FACE('',(#7114),#15,.T.);
#7945=ADVANCED_FACE('',(#7115),#7520,.F.);
#7946=ADVANCED_FACE('',(#7116),#7521,.F.);
#7947=ADVANCED_FACE('',(#7117),#181,.F.);
#7948=ADVANCED_FACE('',(#7118),#7522,.F.);
#7949=ADVANCED_FACE('',(#7119),#7523,.T.);
#7950=ADVANCED_FACE('',(#7120),#7524,.T.);
#7951=ADVANCED_FACE('',(#7121),#16,.T.);
#7952=ADVANCED_FACE('',(#7122),#17,.T.);
#7953=ADVANCED_FACE('',(#7123),#7525,.T.);
#7954=ADVANCED_FACE('',(#7124),#7526,.T.);
#7955=ADVANCED_FACE('',(#7125),#7527,.F.);
#7956=ADVANCED_FACE('',(#7126),#7528,.T.);
#7957=ADVANCED_FACE('',(#7127),#7529,.F.);
#7958=ADVANCED_FACE('',(#7128),#7530,.F.);
#7959=ADVANCED_FACE('',(#7129),#7531,.F.);
#7960=ADVANCED_FACE('',(#7130),#182,.F.);
#7961=ADVANCED_FACE('',(#7131),#18,.T.);
#7962=ADVANCED_FACE('',(#7132),#7532,.T.);
#7963=ADVANCED_FACE('',(#7133),#7533,.T.);
#7964=ADVANCED_FACE('',(#7134),#19,.T.);
#7965=ADVANCED_FACE('',(#7135),#7534,.F.);
#7966=ADVANCED_FACE('',(#7136),#7535,.F.);
#7967=ADVANCED_FACE('',(#7137),#7536,.T.);
#7968=ADVANCED_FACE('',(#7138),#7537,.F.);
#7969=ADVANCED_FACE('',(#7139),#20,.T.);
#7970=ADVANCED_FACE('',(#7140),#21,.T.);
#7971=ADVANCED_FACE('',(#7141),#183,.F.);
#7972=ADVANCED_FACE('',(#7142),#184,.F.);
#7973=ADVANCED_FACE('',(#7143),#22,.T.);
#7974=ADVANCED_FACE('',(#7144),#23,.T.);
#7975=ADVANCED_FACE('',(#7145),#7538,.F.);
#7976=ADVANCED_FACE('',(#7146),#7539,.T.);
#7977=ADVANCED_FACE('',(#7147),#7540,.F.);
#7978=ADVANCED_FACE('',(#7148),#7541,.F.);
#7979=ADVANCED_FACE('',(#7149),#185,.F.);
#7980=ADVANCED_FACE('',(#7150),#24,.T.);
#7981=ADVANCED_FACE('',(#7151),#7542,.T.);
#7982=ADVANCED_FACE('',(#7152),#7543,.T.);
#7983=ADVANCED_FACE('',(#7153),#25,.T.);
#7984=ADVANCED_FACE('',(#7154),#7544,.F.);
#7985=ADVANCED_FACE('',(#7155),#7545,.F.);
#7986=ADVANCED_FACE('',(#7156),#7546,.F.);
#7987=ADVANCED_FACE('',(#7157),#186,.F.);
#7988=ADVANCED_FACE('',(#7158),#7547,.T.);
#7989=ADVANCED_FACE('',(#7159),#7548,.F.);
#7990=ADVANCED_FACE('',(#7160),#7549,.T.);
#7991=ADVANCED_FACE('',(#7161),#7550,.T.);
#7992=ADVANCED_FACE('',(#7162),#26,.T.);
#7993=ADVANCED_FACE('',(#7163),#27,.T.);
#7994=ADVANCED_FACE('',(#7164),#7551,.T.);
#7995=ADVANCED_FACE('',(#7165),#7552,.T.);
#7996=ADVANCED_FACE('',(#7166),#7553,.F.);
#7997=ADVANCED_FACE('',(#7167),#7554,.F.);
#7998=ADVANCED_FACE('',(#7168),#7555,.F.);
#7999=ADVANCED_FACE('',(#7169),#28,.T.);
#8000=ADVANCED_FACE('',(#7170),#29,.T.);
#8001=ADVANCED_FACE('',(#7171),#187,.F.);
#8002=ADVANCED_FACE('',(#7172),#188,.F.);
#8003=ADVANCED_FACE('',(#7173),#30,.T.);
#8004=ADVANCED_FACE('',(#7174),#31,.T.);
#8005=ADVANCED_FACE('',(#7175),#7556,.F.);
#8006=ADVANCED_FACE('',(#7176),#7557,.F.);
#8007=ADVANCED_FACE('',(#7177),#189,.F.);
#8008=ADVANCED_FACE('',(#7178),#7558,.F.);
#8009=ADVANCED_FACE('',(#7179),#7559,.T.);
#8010=ADVANCED_FACE('',(#7180),#7560,.T.);
#8011=ADVANCED_FACE('',(#7181),#32,.T.);
#8012=ADVANCED_FACE('',(#7182),#33,.T.);
#8013=ADVANCED_FACE('',(#7183),#7561,.T.);
#8014=ADVANCED_FACE('',(#7184),#7562,.T.);
#8015=ADVANCED_FACE('',(#7185),#7563,.F.);
#8016=ADVANCED_FACE('',(#7186),#7564,.T.);
#8017=ADVANCED_FACE('',(#7187),#7565,.F.);
#8018=ADVANCED_FACE('',(#7188),#7566,.F.);
#8019=ADVANCED_FACE('',(#7189),#7567,.F.);
#8020=ADVANCED_FACE('',(#7190),#190,.F.);
#8021=ADVANCED_FACE('',(#7191),#34,.T.);
#8022=ADVANCED_FACE('',(#7192),#7568,.T.);
#8023=ADVANCED_FACE('',(#7193),#7569,.T.);
#8024=ADVANCED_FACE('',(#7194),#35,.T.);
#8025=ADVANCED_FACE('',(#7195),#7570,.F.);
#8026=ADVANCED_FACE('',(#7196),#7571,.F.);
#8027=ADVANCED_FACE('',(#7197),#7572,.T.);
#8028=ADVANCED_FACE('',(#7198),#7573,.F.);
#8029=ADVANCED_FACE('',(#7199),#36,.T.);
#8030=ADVANCED_FACE('',(#7200),#37,.T.);
#8031=ADVANCED_FACE('',(#7201),#191,.F.);
#8032=ADVANCED_FACE('',(#7202),#192,.F.);
#8033=ADVANCED_FACE('',(#7203),#38,.T.);
#8034=ADVANCED_FACE('',(#7204),#39,.T.);
#8035=ADVANCED_FACE('',(#7205),#7574,.F.);
#8036=ADVANCED_FACE('',(#7206),#7575,.T.);
#8037=ADVANCED_FACE('',(#7207),#7576,.F.);
#8038=ADVANCED_FACE('',(#7208),#7577,.F.);
#8039=ADVANCED_FACE('',(#7209),#193,.F.);
#8040=ADVANCED_FACE('',(#7210),#40,.T.);
#8041=ADVANCED_FACE('',(#7211),#7578,.T.);
#8042=ADVANCED_FACE('',(#7212),#7579,.T.);
#8043=ADVANCED_FACE('',(#7213),#41,.T.);
#8044=ADVANCED_FACE('',(#7214),#7580,.F.);
#8045=ADVANCED_FACE('',(#7215),#7581,.F.);
#8046=ADVANCED_FACE('',(#7216),#7582,.F.);
#8047=ADVANCED_FACE('',(#7217),#194,.F.);
#8048=ADVANCED_FACE('',(#7218),#7583,.T.);
#8049=ADVANCED_FACE('',(#7219),#7584,.F.);
#8050=ADVANCED_FACE('',(#7220),#7585,.T.);
#8051=ADVANCED_FACE('',(#7221),#7586,.T.);
#8052=ADVANCED_FACE('',(#7222),#42,.T.);
#8053=ADVANCED_FACE('',(#7223),#43,.T.);
#8054=ADVANCED_FACE('',(#7224),#7587,.T.);
#8055=ADVANCED_FACE('',(#7225),#7588,.T.);
#8056=ADVANCED_FACE('',(#7226),#7589,.F.);
#8057=ADVANCED_FACE('',(#7227),#7590,.F.);
#8058=ADVANCED_FACE('',(#7228),#7591,.F.);
#8059=ADVANCED_FACE('',(#7229),#44,.T.);
#8060=ADVANCED_FACE('',(#7230),#45,.T.);
#8061=ADVANCED_FACE('',(#7231),#195,.F.);
#8062=ADVANCED_FACE('',(#7232),#7592,.T.);
#8063=ADVANCED_FACE('',(#7233),#7593,.F.);
#8064=ADVANCED_FACE('',(#7234),#7594,.F.);
#8065=ADVANCED_FACE('',(#7235),#7595,.T.);
#8066=ADVANCED_FACE('',(#7236),#7596,.F.);
#8067=ADVANCED_FACE('',(#7237),#7597,.F.);
#8068=ADVANCED_FACE('',(#7238),#7598,.T.);
#8069=ADVANCED_FACE('',(#7239),#7599,.T.);
#8070=ADVANCED_FACE('',(#7240),#7600,.T.);
#8071=ADVANCED_FACE('',(#7241),#7601,.T.);
#8072=ADVANCED_FACE('',(#7242),#7602,.F.);
#8073=ADVANCED_FACE('',(#7243),#7603,.F.);
#8074=ADVANCED_FACE('',(#7244),#7604,.T.);
#8075=ADVANCED_FACE('',(#7245),#7605,.T.);
#8076=ADVANCED_FACE('',(#7246),#7606,.T.);
#8077=ADVANCED_FACE('',(#7247),#7607,.T.);
#8078=ADVANCED_FACE('',(#7248),#7608,.F.);
#8079=ADVANCED_FACE('',(#7249),#7609,.T.);
#8080=CLOSED_SHELL('',(#7610,#7611,#7612,#7613,#7614,#7615,#7616,#7617,
#7618,#7619,#7620,#7621,#7622,#7623,#7624,#7625,#7626,#7627,#7628,#7629,
#7630,#7631,#7632,#7633,#7634,#7635,#7636,#7637,#7638,#7639,#7640,#7641,
#7642,#7643,#7644,#7645,#7646,#7647,#7648,#7649,#7650,#7651,#7652,#7653,
#7654,#7655,#7656,#7657,#7658,#7659,#7660,#7661,#7662,#7663,#7664,#7665,
#7666,#7667,#7668,#7669,#7670,#7671,#7672,#7673,#7674,#7675,#7676,#7677,
#7678,#7679,#7680,#7681,#7682,#7683,#7684,#7685,#7686,#7687,#7688,#7689,
#7690,#7691,#7692,#7693,#7694));
#8081=CLOSED_SHELL('',(#7695,#7696,#7697,#7698,#7699,#7700,#7701,#7702,
#7703,#7704,#7705,#7706,#7707,#7708,#7709,#7710,#7711,#7712,#7713,#7714,
#7715,#7716,#7717,#7718,#7719,#7720,#7721,#7722,#7723,#7724,#7725,#7726,
#7727,#7728,#7729,#7730,#7731,#7732,#7733,#7734,#7735,#7736,#7737,#7738,
#7739,#7740,#7741,#7742,#7743,#7744,#7745,#7746,#7747,#7748,#7749,#7750,
#7751,#7752,#7753,#7754,#7755,#7756,#7757,#7758,#7759,#7760,#7761,#7762,
#7763,#7764,#7765,#7766,#7767,#7768,#7769,#7770,#7771,#7772,#7773,#7774,
#7775,#7776,#7777,#7778,#7779));
#8082=CLOSED_SHELL('',(#7780,#7781,#7782,#7783,#7784,#7785,#7786,#7787,
#7788,#7789,#7790,#7791,#7792,#7793,#7794,#7795,#7796,#7797,#7798,#7799,
#7800,#7801,#7802,#7803,#7804,#7805,#7806,#7807,#7808,#7809,#7810,#7811,
#7812,#7813,#7814,#7815,#7816,#7817,#7818,#7819,#7820,#7821,#7822,#7823,
#7824,#7825,#7826,#7827,#7828,#7829,#7830,#7831,#7832,#7833,#7834,#7835,
#7836,#7837,#7838,#7839,#7840,#7841,#7842,#7843,#7844,#7845));
#8083=CLOSED_SHELL('',(#7846,#7847,#7848,#7849,#7850,#7851,#7852,#7853,
#7854,#7855,#7856,#7857,#7858,#7859,#7860,#7861,#7862,#7863,#7864,#7865,
#7866,#7867,#7868,#7869,#7870,#7871,#7872,#7873,#7874,#7875,#7876,#7877,
#7878,#7879,#7880,#7881,#7882,#7883,#7884,#7885,#7886,#7887,#7888,#7889,
#7890,#7891,#7892,#7893,#7894,#7895,#7896,#7897,#7898,#7899,#7900,#7901,
#7902,#7903,#7904,#7905,#7906,#7907,#7908,#7909,#7910,#7911));
#8084=CLOSED_SHELL('',(#7912,#7913,#7914,#7915,#7916,#7917,#7918,#7919,
#7920,#7921,#7922,#7923,#7924,#7925,#7926,#7927,#7928,#7929,#7930,#7931,
#7932,#7933,#7934,#7935,#7936,#7937,#7938,#7939,#7940,#7941,#7942,#7943,
#7944,#7945,#7946,#7947,#7948,#7949,#7950,#7951,#7952,#7953,#7954,#7955,
#7956,#7957,#7958,#7959,#7960,#7961,#7962,#7963,#7964,#7965,#7966,#7967,
#7968,#7969,#7970,#7971,#7972,#7973,#7974,#7975,#7976,#7977,#7978,#7979,
#7980,#7981,#7982,#7983,#7984,#7985,#7986,#7987,#7988,#7989,#7990,#7991,
#7992,#7993,#7994,#7995,#7996,#7997,#7998,#7999,#8000,#8001,#8002,#8003,
#8004,#8005,#8006,#8007,#8008,#8009,#8010,#8011,#8012,#8013,#8014,#8015,
#8016,#8017,#8018,#8019,#8020,#8021,#8022,#8023,#8024,#8025,#8026,#8027,
#8028,#8029,#8030,#8031,#8032,#8033,#8034,#8035,#8036,#8037,#8038,#8039,
#8040,#8041,#8042,#8043,#8044,#8045,#8046,#8047,#8048,#8049,#8050,#8051,
#8052,#8053,#8054,#8055,#8056,#8057,#8058,#8059,#8060,#8061,#8062,#8063,
#8064,#8065,#8066,#8067,#8068,#8069,#8070,#8071,#8072,#8073,#8074,#8075,
#8076,#8077,#8078,#8079));
#8085=STYLED_ITEM('',(#8090),#8121);
#8086=STYLED_ITEM('',(#8091),#8122);
#8087=STYLED_ITEM('',(#8092),#8123);
#8088=STYLED_ITEM('',(#8093),#8124);
#8089=STYLED_ITEM('',(#8094),#8125);
#8090=PRESENTATION_STYLE_ASSIGNMENT((#8095));
#8091=PRESENTATION_STYLE_ASSIGNMENT((#8096));
#8092=PRESENTATION_STYLE_ASSIGNMENT((#8097));
#8093=PRESENTATION_STYLE_ASSIGNMENT((#8098));
#8094=PRESENTATION_STYLE_ASSIGNMENT((#8099));
#8095=SURFACE_STYLE_USAGE(.BOTH.,#8100);
#8096=SURFACE_STYLE_USAGE(.BOTH.,#8101);
#8097=SURFACE_STYLE_USAGE(.BOTH.,#8102);
#8098=SURFACE_STYLE_USAGE(.BOTH.,#8103);
#8099=SURFACE_STYLE_USAGE(.BOTH.,#8104);
#8100=SURFACE_SIDE_STYLE('',(#8105));
#8101=SURFACE_SIDE_STYLE('',(#8106));
#8102=SURFACE_SIDE_STYLE('',(#8107));
#8103=SURFACE_SIDE_STYLE('',(#8108));
#8104=SURFACE_SIDE_STYLE('',(#8109));
#8105=SURFACE_STYLE_FILL_AREA(#8110);
#8106=SURFACE_STYLE_FILL_AREA(#8111);
#8107=SURFACE_STYLE_FILL_AREA(#8112);
#8108=SURFACE_STYLE_FILL_AREA(#8113);
#8109=SURFACE_STYLE_FILL_AREA(#8114);
#8110=FILL_AREA_STYLE('',(#8115));
#8111=FILL_AREA_STYLE('',(#8116));
#8112=FILL_AREA_STYLE('',(#8117));
#8113=FILL_AREA_STYLE('',(#8118));
#8114=FILL_AREA_STYLE('',(#8119));
#8115=FILL_AREA_STYLE_COLOUR('',#8120);
#8116=FILL_AREA_STYLE_COLOUR('',#8120);
#8117=FILL_AREA_STYLE_COLOUR('',#8120);
#8118=FILL_AREA_STYLE_COLOUR('',#8120);
#8119=FILL_AREA_STYLE_COLOUR('',#8120);
#8120=COLOUR_RGB('',0.615686274509804,0.811764705882353,0.929411764705882);
#8121=MANIFOLD_SOLID_BREP('Part 6',#8080);
#8122=MANIFOLD_SOLID_BREP('Side1',#8081);
#8123=MANIFOLD_SOLID_BREP('Part 7',#8082);
#8124=MANIFOLD_SOLID_BREP('Wall1',#8083);
#8125=MANIFOLD_SOLID_BREP('Center',#8084);
#8126=SHAPE_DEFINITION_REPRESENTATION(#13454,#8131);
#8127=SHAPE_DEFINITION_REPRESENTATION(#13455,#8132);
#8128=SHAPE_DEFINITION_REPRESENTATION(#13456,#8133);
#8129=SHAPE_DEFINITION_REPRESENTATION(#13457,#8134);
#8130=SHAPE_DEFINITION_REPRESENTATION(#13458,#8135);
#8131=SHAPE_REPRESENTATION('Part 6',(#8136),#13429);
#8132=SHAPE_REPRESENTATION('Side1',(#8246),#13430);
#8133=SHAPE_REPRESENTATION('Part 7',(#8356),#13431);
#8134=SHAPE_REPRESENTATION('Wall1',(#8439),#13432);
#8135=SHAPE_REPRESENTATION('Center',(#8522),#13433);
#8136=AXIS2_PLACEMENT_3D('',#10709,#8691,#8692);
#8137=AXIS2_PLACEMENT_3D('',#10710,#8693,#8694);
#8138=AXIS2_PLACEMENT_3D('',#10711,#8695,#8696);
#8139=AXIS2_PLACEMENT_3D('',#10713,#8697,#8698);
#8140=AXIS2_PLACEMENT_3D('',#10715,#8699,#8700);
#8141=AXIS2_PLACEMENT_3D('',#10717,#8701,#8702);
#8142=AXIS2_PLACEMENT_3D('',#10747,#8717,#8718);
#8143=AXIS2_PLACEMENT_3D('',#10751,#8720,#8721);
#8144=AXIS2_PLACEMENT_3D('',#10755,#8723,#8724);
#8145=AXIS2_PLACEMENT_3D('',#10756,#8725,#8726);
#8146=AXIS2_PLACEMENT_3D('',#10760,#8728,#8729);
#8147=AXIS2_PLACEMENT_3D('',#10764,#8731,#8732);
#8148=AXIS2_PLACEMENT_3D('',#10765,#8733,#8734);
#8149=AXIS2_PLACEMENT_3D('',#10769,#8736,#8737);
#8150=AXIS2_PLACEMENT_3D('',#10773,#8739,#8740);
#8151=AXIS2_PLACEMENT_3D('',#10774,#8741,#8742);
#8152=AXIS2_PLACEMENT_3D('',#10778,#8744,#8745);
#8153=AXIS2_PLACEMENT_3D('',#10782,#8747,#8748);
#8154=AXIS2_PLACEMENT_3D('',#10783,#8749,#8750);
#8155=AXIS2_PLACEMENT_3D('',#10789,#8754,#8755);
#8156=AXIS2_PLACEMENT_3D('',#10795,#8759,#8760);
#8157=AXIS2_PLACEMENT_3D('',#10801,#8764,#8765);
#8158=AXIS2_PLACEMENT_3D('',#10807,#8769,#8770);
#8159=AXIS2_PLACEMENT_3D('',#10813,#8774,#8775);
#8160=AXIS2_PLACEMENT_3D('',#10814,#8776,#8777);
#8161=AXIS2_PLACEMENT_3D('',#10819,#8780,#8781);
#8162=AXIS2_PLACEMENT_3D('',#10823,#8784,#8785);
#8163=AXIS2_PLACEMENT_3D('',#10829,#8789,#8790);
#8164=AXIS2_PLACEMENT_3D('',#10830,#8791,#8792);
#8165=AXIS2_PLACEMENT_3D('',#10835,#8795,#8796);
#8166=AXIS2_PLACEMENT_3D('',#10839,#8799,#8800);
#8167=AXIS2_PLACEMENT_3D('',#10845,#8803,#8804);
#8168=AXIS2_PLACEMENT_3D('',#10853,#8808,#8809);
#8169=AXIS2_PLACEMENT_3D('',#10865,#8815,#8816);
#8170=AXIS2_PLACEMENT_3D('',#10873,#8820,#8821);
#8171=AXIS2_PLACEMENT_3D('',#10880,#8825,#8826);
#8172=AXIS2_PLACEMENT_3D('',#10891,#8833,#8834);
#8173=AXIS2_PLACEMENT_3D('',#10897,#8838,#8839);
#8174=AXIS2_PLACEMENT_3D('',#10919,#8851,#8852);
#8175=AXIS2_PLACEMENT_3D('',#10941,#8864,#8865);
#8176=AXIS2_PLACEMENT_3D('',#10942,#8866,#8867);
#8177=AXIS2_PLACEMENT_3D('',#10945,#8869,#8870);
#8178=AXIS2_PLACEMENT_3D('',#10946,#8871,#8872);
#8179=AXIS2_PLACEMENT_3D('',#10949,#8874,#8875);
#8180=AXIS2_PLACEMENT_3D('',#10950,#8876,#8877);
#8181=AXIS2_PLACEMENT_3D('',#10952,#8878,#8879);
#8182=AXIS2_PLACEMENT_3D('',#10953,#8880,#8881);
#8183=AXIS2_PLACEMENT_3D('',#10955,#8882,#8883);
#8184=AXIS2_PLACEMENT_3D('',#10956,#8884,#8885);
#8185=AXIS2_PLACEMENT_3D('',#10958,#8886,#8887);
#8186=AXIS2_PLACEMENT_3D('',#10959,#8888,#8889);
#8187=AXIS2_PLACEMENT_3D('',#10961,#8890,#8891);
#8188=AXIS2_PLACEMENT_3D('',#10962,#8892,#8893);
#8189=AXIS2_PLACEMENT_3D('',#10963,#8894,#8895);
#8190=AXIS2_PLACEMENT_3D('',#10964,#8896,#8897);
#8191=AXIS2_PLACEMENT_3D('',#10965,#8898,#8899);
#8192=AXIS2_PLACEMENT_3D('',#10967,#8901,#8902);
#8193=AXIS2_PLACEMENT_3D('',#10970,#8905,#8906);
#8194=AXIS2_PLACEMENT_3D('',#10972,#8908,#8909);
#8195=AXIS2_PLACEMENT_3D('',#10974,#8911,#8912);
#8196=AXIS2_PLACEMENT_3D('',#10976,#8914,#8915);
#8197=AXIS2_PLACEMENT_3D('',#10979,#8918,#8919);
#8198=AXIS2_PLACEMENT_3D('',#10981,#8921,#8922);
#8199=AXIS2_PLACEMENT_3D('',#10983,#8924,#8925);
#8200=AXIS2_PLACEMENT_3D('',#10985,#8927,#8928);
#8201=AXIS2_PLACEMENT_3D('',#10987,#8930,#8931);
#8202=AXIS2_PLACEMENT_3D('',#10989,#8933,#8934);
#8203=AXIS2_PLACEMENT_3D('',#10991,#8936,#8937);
#8204=AXIS2_PLACEMENT_3D('',#10994,#8940,#8941);
#8205=AXIS2_PLACEMENT_3D('',#10996,#8943,#8944);
#8206=AXIS2_PLACEMENT_3D('',#10998,#8946,#8947);
#8207=AXIS2_PLACEMENT_3D('',#11000,#8949,#8950);
#8208=AXIS2_PLACEMENT_3D('',#11002,#8952,#8953);
#8209=AXIS2_PLACEMENT_3D('',#11004,#8955,#8956);
#8210=AXIS2_PLACEMENT_3D('',#11006,#8958,#8959);
#8211=AXIS2_PLACEMENT_3D('',#11008,#8961,#8962);
#8212=AXIS2_PLACEMENT_3D('',#11010,#8964,#8965);
#8213=AXIS2_PLACEMENT_3D('',#11012,#8967,#8968);
#8214=AXIS2_PLACEMENT_3D('',#11014,#8970,#8971);
#8215=AXIS2_PLACEMENT_3D('',#11017,#8974,#8975);
#8216=AXIS2_PLACEMENT_3D('',#11019,#8977,#8978);
#8217=AXIS2_PLACEMENT_3D('',#11021,#8980,#8981);
#8218=AXIS2_PLACEMENT_3D('',#11023,#8983,#8984);
#8219=AXIS2_PLACEMENT_3D('',#11025,#8986,#8987);
#8220=AXIS2_PLACEMENT_3D('',#11027,#8989,#8990);
#8221=AXIS2_PLACEMENT_3D('',#11029,#8992,#8993);
#8222=AXIS2_PLACEMENT_3D('',#11032,#8996,#8997);
#8223=AXIS2_PLACEMENT_3D('',#11034,#8999,#9000);
#8224=AXIS2_PLACEMENT_3D('',#11036,#9002,#9003);
#8225=AXIS2_PLACEMENT_3D('',#11038,#9005,#9006);
#8226=AXIS2_PLACEMENT_3D('',#11040,#9008,#9009);
#8227=AXIS2_PLACEMENT_3D('',#11042,#9011,#9012);
#8228=AXIS2_PLACEMENT_3D('',#11044,#9014,#9015);
#8229=AXIS2_PLACEMENT_3D('',#11046,#9017,#9018);
#8230=AXIS2_PLACEMENT_3D('',#11048,#9020,#9021);
#8231=AXIS2_PLACEMENT_3D('',#11050,#9023,#9024);
#8232=AXIS2_PLACEMENT_3D('',#11052,#9026,#9027);
#8233=AXIS2_PLACEMENT_3D('',#11054,#9029,#9030);
#8234=AXIS2_PLACEMENT_3D('',#11056,#9032,#9033);
#8235=AXIS2_PLACEMENT_3D('',#11058,#9035,#9036);
#8236=AXIS2_PLACEMENT_3D('',#11060,#9038,#9039);
#8237=AXIS2_PLACEMENT_3D('',#11062,#9041,#9042);
#8238=AXIS2_PLACEMENT_3D('',#11064,#9044,#9045);
#8239=AXIS2_PLACEMENT_3D('',#11065,#9046,#9047);
#8240=AXIS2_PLACEMENT_3D('',#11071,#9051,#9052);
#8241=AXIS2_PLACEMENT_3D('',#11075,#9055,#9056);
#8242=AXIS2_PLACEMENT_3D('',#11079,#9059,#9060);
#8243=AXIS2_PLACEMENT_3D('',#11081,#9062,#9063);
#8244=AXIS2_PLACEMENT_3D('',#11084,#9066,#9067);
#8245=AXIS2_PLACEMENT_3D('',#11085,#9068,#9069);
#8246=AXIS2_PLACEMENT_3D('',#11086,#9070,#9071);
#8247=AXIS2_PLACEMENT_3D('',#11087,#9072,#9073);
#8248=AXIS2_PLACEMENT_3D('',#11088,#9074,#9075);
#8249=AXIS2_PLACEMENT_3D('',#11090,#9076,#9077);
#8250=AXIS2_PLACEMENT_3D('',#11092,#9078,#9079);
#8251=AXIS2_PLACEMENT_3D('',#11094,#9080,#9081);
#8252=AXIS2_PLACEMENT_3D('',#11124,#9096,#9097);
#8253=AXIS2_PLACEMENT_3D('',#11128,#9099,#9100);
#8254=AXIS2_PLACEMENT_3D('',#11132,#9102,#9103);
#8255=AXIS2_PLACEMENT_3D('',#11133,#9104,#9105);
#8256=AXIS2_PLACEMENT_3D('',#11137,#9107,#9108);
#8257=AXIS2_PLACEMENT_3D('',#11141,#9110,#9111);
#8258=AXIS2_PLACEMENT_3D('',#11142,#9112,#9113);
#8259=AXIS2_PLACEMENT_3D('',#11146,#9115,#9116);
#8260=AXIS2_PLACEMENT_3D('',#11150,#9118,#9119);
#8261=AXIS2_PLACEMENT_3D('',#11151,#9120,#9121);
#8262=AXIS2_PLACEMENT_3D('',#11155,#9123,#9124);
#8263=AXIS2_PLACEMENT_3D('',#11159,#9126,#9127);
#8264=AXIS2_PLACEMENT_3D('',#11160,#9128,#9129);
#8265=AXIS2_PLACEMENT_3D('',#11166,#9133,#9134);
#8266=AXIS2_PLACEMENT_3D('',#11172,#9138,#9139);
#8267=AXIS2_PLACEMENT_3D('',#11178,#9143,#9144);
#8268=AXIS2_PLACEMENT_3D('',#11184,#9148,#9149);
#8269=AXIS2_PLACEMENT_3D('',#11190,#9153,#9154);
#8270=AXIS2_PLACEMENT_3D('',#11191,#9155,#9156);
#8271=AXIS2_PLACEMENT_3D('',#11196,#9159,#9160);
#8272=AXIS2_PLACEMENT_3D('',#11200,#9163,#9164);
#8273=AXIS2_PLACEMENT_3D('',#11206,#9168,#9169);
#8274=AXIS2_PLACEMENT_3D('',#11207,#9170,#9171);
#8275=AXIS2_PLACEMENT_3D('',#11212,#9174,#9175);
#8276=AXIS2_PLACEMENT_3D('',#11216,#9178,#9179);
#8277=AXIS2_PLACEMENT_3D('',#11226,#9184,#9185);
#8278=AXIS2_PLACEMENT_3D('',#11234,#9189,#9190);
#8279=AXIS2_PLACEMENT_3D('',#11246,#9196,#9197);
#8280=AXIS2_PLACEMENT_3D('',#11254,#9201,#9202);
#8281=AXIS2_PLACEMENT_3D('',#11257,#9204,#9205);
#8282=AXIS2_PLACEMENT_3D('',#11268,#9212,#9213);
#8283=AXIS2_PLACEMENT_3D('',#11274,#9217,#9218);
#8284=AXIS2_PLACEMENT_3D('',#11296,#9230,#9231);
#8285=AXIS2_PLACEMENT_3D('',#11318,#9243,#9244);
#8286=AXIS2_PLACEMENT_3D('',#11319,#9245,#9246);
#8287=AXIS2_PLACEMENT_3D('',#11322,#9248,#9249);
#8288=AXIS2_PLACEMENT_3D('',#11323,#9250,#9251);
#8289=AXIS2_PLACEMENT_3D('',#11326,#9253,#9254);
#8290=AXIS2_PLACEMENT_3D('',#11327,#9255,#9256);
#8291=AXIS2_PLACEMENT_3D('',#11329,#9257,#9258);
#8292=AXIS2_PLACEMENT_3D('',#11330,#9259,#9260);
#8293=AXIS2_PLACEMENT_3D('',#11332,#9261,#9262);
#8294=AXIS2_PLACEMENT_3D('',#11333,#9263,#9264);
#8295=AXIS2_PLACEMENT_3D('',#11335,#9265,#9266);
#8296=AXIS2_PLACEMENT_3D('',#11336,#9267,#9268);
#8297=AXIS2_PLACEMENT_3D('',#11338,#9269,#9270);
#8298=AXIS2_PLACEMENT_3D('',#11339,#9271,#9272);
#8299=AXIS2_PLACEMENT_3D('',#11340,#9273,#9274);
#8300=AXIS2_PLACEMENT_3D('',#11341,#9275,#9276);
#8301=AXIS2_PLACEMENT_3D('',#11342,#9277,#9278);
#8302=AXIS2_PLACEMENT_3D('',#11344,#9280,#9281);
#8303=AXIS2_PLACEMENT_3D('',#11347,#9284,#9285);
#8304=AXIS2_PLACEMENT_3D('',#11349,#9287,#9288);
#8305=AXIS2_PLACEMENT_3D('',#11351,#9290,#9291);
#8306=AXIS2_PLACEMENT_3D('',#11353,#9293,#9294);
#8307=AXIS2_PLACEMENT_3D('',#11356,#9297,#9298);
#8308=AXIS2_PLACEMENT_3D('',#11358,#9300,#9301);
#8309=AXIS2_PLACEMENT_3D('',#11360,#9303,#9304);
#8310=AXIS2_PLACEMENT_3D('',#11362,#9306,#9307);
#8311=AXIS2_PLACEMENT_3D('',#11364,#9309,#9310);
#8312=AXIS2_PLACEMENT_3D('',#11366,#9312,#9313);
#8313=AXIS2_PLACEMENT_3D('',#11368,#9315,#9316);
#8314=AXIS2_PLACEMENT_3D('',#11371,#9319,#9320);
#8315=AXIS2_PLACEMENT_3D('',#11373,#9322,#9323);
#8316=AXIS2_PLACEMENT_3D('',#11375,#9325,#9326);
#8317=AXIS2_PLACEMENT_3D('',#11377,#9328,#9329);
#8318=AXIS2_PLACEMENT_3D('',#11379,#9331,#9332);
#8319=AXIS2_PLACEMENT_3D('',#11381,#9334,#9335);
#8320=AXIS2_PLACEMENT_3D('',#11383,#9337,#9338);
#8321=AXIS2_PLACEMENT_3D('',#11385,#9340,#9341);
#8322=AXIS2_PLACEMENT_3D('',#11387,#9343,#9344);
#8323=AXIS2_PLACEMENT_3D('',#11389,#9346,#9347);
#8324=AXIS2_PLACEMENT_3D('',#11391,#9349,#9350);
#8325=AXIS2_PLACEMENT_3D('',#11394,#9353,#9354);
#8326=AXIS2_PLACEMENT_3D('',#11396,#9356,#9357);
#8327=AXIS2_PLACEMENT_3D('',#11398,#9359,#9360);
#8328=AXIS2_PLACEMENT_3D('',#11400,#9362,#9363);
#8329=AXIS2_PLACEMENT_3D('',#11402,#9365,#9366);
#8330=AXIS2_PLACEMENT_3D('',#11404,#9368,#9369);
#8331=AXIS2_PLACEMENT_3D('',#11406,#9371,#9372);
#8332=AXIS2_PLACEMENT_3D('',#11409,#9375,#9376);
#8333=AXIS2_PLACEMENT_3D('',#11411,#9378,#9379);
#8334=AXIS2_PLACEMENT_3D('',#11413,#9381,#9382);
#8335=AXIS2_PLACEMENT_3D('',#11415,#9384,#9385);
#8336=AXIS2_PLACEMENT_3D('',#11417,#9387,#9388);
#8337=AXIS2_PLACEMENT_3D('',#11419,#9390,#9391);
#8338=AXIS2_PLACEMENT_3D('',#11421,#9393,#9394);
#8339=AXIS2_PLACEMENT_3D('',#11423,#9396,#9397);
#8340=AXIS2_PLACEMENT_3D('',#11425,#9399,#9400);
#8341=AXIS2_PLACEMENT_3D('',#11427,#9402,#9403);
#8342=AXIS2_PLACEMENT_3D('',#11429,#9405,#9406);
#8343=AXIS2_PLACEMENT_3D('',#11431,#9408,#9409);
#8344=AXIS2_PLACEMENT_3D('',#11433,#9411,#9412);
#8345=AXIS2_PLACEMENT_3D('',#11435,#9414,#9415);
#8346=AXIS2_PLACEMENT_3D('',#11437,#9417,#9418);
#8347=AXIS2_PLACEMENT_3D('',#11439,#9420,#9421);
#8348=AXIS2_PLACEMENT_3D('',#11441,#9423,#9424);
#8349=AXIS2_PLACEMENT_3D('',#11442,#9425,#9426);
#8350=AXIS2_PLACEMENT_3D('',#11448,#9430,#9431);
#8351=AXIS2_PLACEMENT_3D('',#11452,#9434,#9435);
#8352=AXIS2_PLACEMENT_3D('',#11456,#9438,#9439);
#8353=AXIS2_PLACEMENT_3D('',#11458,#9441,#9442);
#8354=AXIS2_PLACEMENT_3D('',#11461,#9445,#9446);
#8355=AXIS2_PLACEMENT_3D('',#11462,#9447,#9448);
#8356=AXIS2_PLACEMENT_3D('',#11463,#9449,#9450);
#8357=AXIS2_PLACEMENT_3D('',#11464,#9451,#9452);
#8358=AXIS2_PLACEMENT_3D('',#11483,#9457,#9458);
#8359=AXIS2_PLACEMENT_3D('',#11496,#9465,#9466);
#8360=AXIS2_PLACEMENT_3D('',#11505,#9471,#9472);
#8361=AXIS2_PLACEMENT_3D('',#11519,#9480,#9481);
#8362=AXIS2_PLACEMENT_3D('',#11528,#9486,#9487);
#8363=AXIS2_PLACEMENT_3D('',#11529,#9488,#9489);
#8364=AXIS2_PLACEMENT_3D('',#11531,#9490,#9491);
#8365=AXIS2_PLACEMENT_3D('',#11533,#9492,#9493);
#8366=AXIS2_PLACEMENT_3D('',#11535,#9494,#9495);
#8367=AXIS2_PLACEMENT_3D('',#11583,#9519,#9520);
#8368=AXIS2_PLACEMENT_3D('',#11584,#9521,#9522);
#8369=AXIS2_PLACEMENT_3D('',#11590,#9526,#9527);
#8370=AXIS2_PLACEMENT_3D('',#11591,#9528,#9529);
#8371=AXIS2_PLACEMENT_3D('',#11593,#9530,#9531);
#8372=AXIS2_PLACEMENT_3D('',#11595,#9532,#9533);
#8373=AXIS2_PLACEMENT_3D('',#11597,#9534,#9535);
#8374=AXIS2_PLACEMENT_3D('',#11640,#9557,#9558);
#8375=AXIS2_PLACEMENT_3D('',#11643,#9560,#9561);
#8376=AXIS2_PLACEMENT_3D('',#11646,#9564,#9565);
#8377=AXIS2_PLACEMENT_3D('',#11649,#9568,#9569);
#8378=AXIS2_PLACEMENT_3D('',#11652,#9572,#9573);
#8379=AXIS2_PLACEMENT_3D('',#11655,#9576,#9577);
#8380=AXIS2_PLACEMENT_3D('',#11658,#9580,#9581);
#8381=AXIS2_PLACEMENT_3D('',#11661,#9584,#9585);
#8382=AXIS2_PLACEMENT_3D('',#11664,#9588,#9589);
#8383=AXIS2_PLACEMENT_3D('',#11667,#9592,#9593);
#8384=AXIS2_PLACEMENT_3D('',#11674,#9598,#9599);
#8385=AXIS2_PLACEMENT_3D('',#11680,#9603,#9604);
#8386=AXIS2_PLACEMENT_3D('',#11697,#9613,#9614);
#8387=AXIS2_PLACEMENT_3D('',#11714,#9623,#9624);
#8388=AXIS2_PLACEMENT_3D('',#11718,#9627,#9628);
#8389=AXIS2_PLACEMENT_3D('',#11719,#9629,#9630);
#8390=AXIS2_PLACEMENT_3D('',#11720,#9631,#9632);
#8391=AXIS2_PLACEMENT_3D('',#11721,#9633,#9634);
#8392=AXIS2_PLACEMENT_3D('',#11725,#9637,#9638);
#8393=AXIS2_PLACEMENT_3D('',#11726,#9639,#9640);
#8394=AXIS2_PLACEMENT_3D('',#11727,#9641,#9642);
#8395=AXIS2_PLACEMENT_3D('',#11728,#9643,#9644);
#8396=AXIS2_PLACEMENT_3D('',#11729,#9645,#9646);
#8397=AXIS2_PLACEMENT_3D('',#11730,#9647,#9648);
#8398=AXIS2_PLACEMENT_3D('',#11731,#9649,#9650);
#8399=AXIS2_PLACEMENT_3D('',#11732,#9651,#9652);
#8400=AXIS2_PLACEMENT_3D('',#11733,#9653,#9654);
#8401=AXIS2_PLACEMENT_3D('',#11734,#9655,#9656);
#8402=AXIS2_PLACEMENT_3D('',#11735,#9657,#9658);
#8403=AXIS2_PLACEMENT_3D('',#11736,#9659,#9660);
#8404=AXIS2_PLACEMENT_3D('',#11757,#9661,#9662);
#8405=AXIS2_PLACEMENT_3D('',#11758,#9663,#9664);
#8406=AXIS2_PLACEMENT_3D('',#11759,#9665,#9666);
#8407=AXIS2_PLACEMENT_3D('',#11779,#9669,#9670);
#8408=AXIS2_PLACEMENT_3D('',#11799,#9673,#9674);
#8409=AXIS2_PLACEMENT_3D('',#11805,#9678,#9679);
#8410=AXIS2_PLACEMENT_3D('',#11807,#9681,#9682);
#8411=AXIS2_PLACEMENT_3D('',#11809,#9684,#9685);
#8412=AXIS2_PLACEMENT_3D('',#11814,#9686,#9687);
#8413=AXIS2_PLACEMENT_3D('',#11851,#9688,#9689);
#8414=AXIS2_PLACEMENT_3D('',#11853,#9691,#9692);
#8415=AXIS2_PLACEMENT_3D('',#11856,#9694,#9695);
#8416=AXIS2_PLACEMENT_3D('',#11859,#9697,#9698);
#8417=AXIS2_PLACEMENT_3D('',#11860,#9699,#9700);
#8418=AXIS2_PLACEMENT_3D('',#11865,#9703,#9704);
#8419=AXIS2_PLACEMENT_3D('',#11867,#9706,#9707);
#8420=AXIS2_PLACEMENT_3D('',#11869,#9709,#9710);
#8421=AXIS2_PLACEMENT_3D('',#11872,#9713,#9714);
#8422=AXIS2_PLACEMENT_3D('',#11875,#9717,#9718);
#8423=AXIS2_PLACEMENT_3D('',#11877,#9720,#9721);
#8424=AXIS2_PLACEMENT_3D('',#11879,#9723,#9724);
#8425=AXIS2_PLACEMENT_3D('',#11881,#9726,#9727);
#8426=AXIS2_PLACEMENT_3D('',#11882,#9728,#9729);
#8427=AXIS2_PLACEMENT_3D('',#11884,#9731,#9732);
#8428=AXIS2_PLACEMENT_3D('',#11886,#9734,#9735);
#8429=AXIS2_PLACEMENT_3D('',#11887,#9736,#9737);
#8430=AXIS2_PLACEMENT_3D('',#11889,#9739,#9740);
#8431=AXIS2_PLACEMENT_3D('',#11891,#9742,#9743);
#8432=AXIS2_PLACEMENT_3D('',#11892,#9744,#9745);
#8433=AXIS2_PLACEMENT_3D('',#11894,#9747,#9748);
#8434=AXIS2_PLACEMENT_3D('',#11895,#9749,#9750);
#8435=AXIS2_PLACEMENT_3D('',#11896,#9751,#9752);
#8436=AXIS2_PLACEMENT_3D('',#11897,#9753,#9754);
#8437=AXIS2_PLACEMENT_3D('',#11898,#9755,#9756);
#8438=AXIS2_PLACEMENT_3D('',#11899,#9757,#9758);
#8439=AXIS2_PLACEMENT_3D('',#11900,#9759,#9760);
#8440=AXIS2_PLACEMENT_3D('',#11901,#9761,#9762);
#8441=AXIS2_PLACEMENT_3D('',#11920,#9767,#9768);
#8442=AXIS2_PLACEMENT_3D('',#11933,#9775,#9776);
#8443=AXIS2_PLACEMENT_3D('',#11942,#9781,#9782);
#8444=AXIS2_PLACEMENT_3D('',#11956,#9790,#9791);
#8445=AXIS2_PLACEMENT_3D('',#11965,#9796,#9797);
#8446=AXIS2_PLACEMENT_3D('',#11966,#9798,#9799);
#8447=AXIS2_PLACEMENT_3D('',#11968,#9800,#9801);
#8448=AXIS2_PLACEMENT_3D('',#11970,#9802,#9803);
#8449=AXIS2_PLACEMENT_3D('',#11972,#9804,#9805);
#8450=AXIS2_PLACEMENT_3D('',#11977,#9807,#9808);
#8451=AXIS2_PLACEMENT_3D('',#12021,#9831,#9832);
#8452=AXIS2_PLACEMENT_3D('',#12027,#9836,#9837);
#8453=AXIS2_PLACEMENT_3D('',#12028,#9838,#9839);
#8454=AXIS2_PLACEMENT_3D('',#12030,#9840,#9841);
#8455=AXIS2_PLACEMENT_3D('',#12032,#9842,#9843);
#8456=AXIS2_PLACEMENT_3D('',#12034,#9844,#9845);
#8457=AXIS2_PLACEMENT_3D('',#12041,#9848,#9849);
#8458=AXIS2_PLACEMENT_3D('',#12080,#9870,#9871);
#8459=AXIS2_PLACEMENT_3D('',#12083,#9874,#9875);
#8460=AXIS2_PLACEMENT_3D('',#12086,#9878,#9879);
#8461=AXIS2_PLACEMENT_3D('',#12089,#9882,#9883);
#8462=AXIS2_PLACEMENT_3D('',#12092,#9886,#9887);
#8463=AXIS2_PLACEMENT_3D('',#12095,#9890,#9891);
#8464=AXIS2_PLACEMENT_3D('',#12098,#9894,#9895);
#8465=AXIS2_PLACEMENT_3D('',#12101,#9898,#9899);
#8466=AXIS2_PLACEMENT_3D('',#12104,#9902,#9903);
#8467=AXIS2_PLACEMENT_3D('',#12111,#9908,#9909);
#8468=AXIS2_PLACEMENT_3D('',#12117,#9913,#9914);
#8469=AXIS2_PLACEMENT_3D('',#12134,#9923,#9924);
#8470=AXIS2_PLACEMENT_3D('',#12151,#9933,#9934);
#8471=AXIS2_PLACEMENT_3D('',#12154,#9936,#9937);
#8472=AXIS2_PLACEMENT_3D('',#12155,#9938,#9939);
#8473=AXIS2_PLACEMENT_3D('',#12157,#9941,#9942);
#8474=AXIS2_PLACEMENT_3D('',#12158,#9943,#9944);
#8475=AXIS2_PLACEMENT_3D('',#12162,#9947,#9948);
#8476=AXIS2_PLACEMENT_3D('',#12163,#9949,#9950);
#8477=AXIS2_PLACEMENT_3D('',#12164,#9951,#9952);
#8478=AXIS2_PLACEMENT_3D('',#12165,#9953,#9954);
#8479=AXIS2_PLACEMENT_3D('',#12166,#9955,#9956);
#8480=AXIS2_PLACEMENT_3D('',#12167,#9957,#9958);
#8481=AXIS2_PLACEMENT_3D('',#12168,#9959,#9960);
#8482=AXIS2_PLACEMENT_3D('',#12169,#9961,#9962);
#8483=AXIS2_PLACEMENT_3D('',#12170,#9963,#9964);
#8484=AXIS2_PLACEMENT_3D('',#12171,#9965,#9966);
#8485=AXIS2_PLACEMENT_3D('',#12172,#9967,#9968);
#8486=AXIS2_PLACEMENT_3D('',#12173,#9969,#9970);
#8487=AXIS2_PLACEMENT_3D('',#12184,#9971,#9972);
#8488=AXIS2_PLACEMENT_3D('',#12185,#9973,#9974);
#8489=AXIS2_PLACEMENT_3D('',#12196,#9975,#9976);
#8490=AXIS2_PLACEMENT_3D('',#12216,#9979,#9980);
#8491=AXIS2_PLACEMENT_3D('',#12236,#9983,#9984);
#8492=AXIS2_PLACEMENT_3D('',#12242,#9988,#9989);
#8493=AXIS2_PLACEMENT_3D('',#12244,#9991,#9992);
#8494=AXIS2_PLACEMENT_3D('',#12246,#9994,#9995);
#8495=AXIS2_PLACEMENT_3D('',#12251,#9996,#9997);
#8496=AXIS2_PLACEMENT_3D('',#12288,#9998,#9999);
#8497=AXIS2_PLACEMENT_3D('',#12290,#10001,#10002);
#8498=AXIS2_PLACEMENT_3D('',#12295,#10005,#10006);
#8499=AXIS2_PLACEMENT_3D('',#12296,#10007,#10008);
#8500=AXIS2_PLACEMENT_3D('',#12297,#10009,#10010);
#8501=AXIS2_PLACEMENT_3D('',#12302,#10013,#10014);
#8502=AXIS2_PLACEMENT_3D('',#12304,#10016,#10017);
#8503=AXIS2_PLACEMENT_3D('',#12306,#10019,#10020);
#8504=AXIS2_PLACEMENT_3D('',#12309,#10023,#10024);
#8505=AXIS2_PLACEMENT_3D('',#12312,#10027,#10028);
#8506=AXIS2_PLACEMENT_3D('',#12314,#10030,#10031);
#8507=AXIS2_PLACEMENT_3D('',#12316,#10033,#10034);
#8508=AXIS2_PLACEMENT_3D('',#12318,#10036,#10037);
#8509=AXIS2_PLACEMENT_3D('',#12319,#10038,#10039);
#8510=AXIS2_PLACEMENT_3D('',#12321,#10041,#10042);
#8511=AXIS2_PLACEMENT_3D('',#12323,#10044,#10045);
#8512=AXIS2_PLACEMENT_3D('',#12324,#10046,#10047);
#8513=AXIS2_PLACEMENT_3D('',#12326,#10049,#10050);
#8514=AXIS2_PLACEMENT_3D('',#12328,#10052,#10053);
#8515=AXIS2_PLACEMENT_3D('',#12329,#10054,#10055);
#8516=AXIS2_PLACEMENT_3D('',#12331,#10057,#10058);
#8517=AXIS2_PLACEMENT_3D('',#12332,#10059,#10060);
#8518=AXIS2_PLACEMENT_3D('',#12333,#10061,#10062);
#8519=AXIS2_PLACEMENT_3D('',#12334,#10063,#10064);
#8520=AXIS2_PLACEMENT_3D('',#12335,#10065,#10066);
#8521=AXIS2_PLACEMENT_3D('',#12336,#10067,#10068);
#8522=AXIS2_PLACEMENT_3D('',#12337,#10069,#10070);
#8523=AXIS2_PLACEMENT_3D('',#12338,#10071,#10072);
#8524=AXIS2_PLACEMENT_3D('',#12356,#10076,#10077);
#8525=AXIS2_PLACEMENT_3D('',#12374,#10081,#10082);
#8526=AXIS2_PLACEMENT_3D('',#12392,#10086,#10087);
#8527=AXIS2_PLACEMENT_3D('',#12410,#10091,#10092);
#8528=AXIS2_PLACEMENT_3D('',#12428,#10096,#10097);
#8529=AXIS2_PLACEMENT_3D('',#12446,#10101,#10102);
#8530=AXIS2_PLACEMENT_3D('',#12464,#10106,#10107);
#8531=AXIS2_PLACEMENT_3D('',#12482,#10111,#10112);
#8532=AXIS2_PLACEMENT_3D('',#12511,#10127,#10128);
#8533=AXIS2_PLACEMENT_3D('',#12557,#10146,#10147);
#8534=AXIS2_PLACEMENT_3D('',#12575,#10151,#10152);
#8535=AXIS2_PLACEMENT_3D('',#12593,#10156,#10157);
#8536=AXIS2_PLACEMENT_3D('',#12611,#10161,#10162);
#8537=AXIS2_PLACEMENT_3D('',#12629,#10166,#10167);
#8538=AXIS2_PLACEMENT_3D('',#12647,#10171,#10172);
#8539=AXIS2_PLACEMENT_3D('',#12665,#10176,#10177);
#8540=AXIS2_PLACEMENT_3D('',#12683,#10181,#10182);
#8541=AXIS2_PLACEMENT_3D('',#12684,#10183,#10184);
#8542=AXIS2_PLACEMENT_3D('',#12685,#10185,#10186);
#8543=AXIS2_PLACEMENT_3D('',#12690,#10188,#10189);
#8544=AXIS2_PLACEMENT_3D('',#12693,#10191,#10192);
#8545=AXIS2_PLACEMENT_3D('',#12694,#10193,#10194);
#8546=AXIS2_PLACEMENT_3D('',#12699,#10196,#10197);
#8547=AXIS2_PLACEMENT_3D('',#12702,#10199,#10200);
#8548=AXIS2_PLACEMENT_3D('',#12703,#10201,#10202);
#8549=AXIS2_PLACEMENT_3D('',#12708,#10204,#10205);
#8550=AXIS2_PLACEMENT_3D('',#12711,#10207,#10208);
#8551=AXIS2_PLACEMENT_3D('',#12712,#10209,#10210);
#8552=AXIS2_PLACEMENT_3D('',#12717,#10212,#10213);
#8553=AXIS2_PLACEMENT_3D('',#12720,#10215,#10216);
#8554=AXIS2_PLACEMENT_3D('',#12721,#10217,#10218);
#8555=AXIS2_PLACEMENT_3D('',#12726,#10220,#10221);
#8556=AXIS2_PLACEMENT_3D('',#12729,#10223,#10224);
#8557=AXIS2_PLACEMENT_3D('',#12730,#10225,#10226);
#8558=AXIS2_PLACEMENT_3D('',#12735,#10228,#10229);
#8559=AXIS2_PLACEMENT_3D('',#12738,#10231,#10232);
#8560=AXIS2_PLACEMENT_3D('',#12739,#10233,#10234);
#8561=AXIS2_PLACEMENT_3D('',#12744,#10236,#10237);
#8562=AXIS2_PLACEMENT_3D('',#12747,#10239,#10240);
#8563=AXIS2_PLACEMENT_3D('',#12748,#10241,#10242);
#8564=AXIS2_PLACEMENT_3D('',#12753,#10244,#10245);
#8565=AXIS2_PLACEMENT_3D('',#12756,#10247,#10248);
#8566=AXIS2_PLACEMENT_3D('',#12769,#10257,#10258);
#8567=AXIS2_PLACEMENT_3D('',#12772,#10261,#10262);
#8568=AXIS2_PLACEMENT_3D('',#12775,#10265,#10266);
#8569=AXIS2_PLACEMENT_3D('',#12778,#10269,#10270);
#8570=AXIS2_PLACEMENT_3D('',#12787,#10275,#10276);
#8571=AXIS2_PLACEMENT_3D('',#12796,#10281,#10282);
#8572=AXIS2_PLACEMENT_3D('',#12805,#10287,#10288);
#8573=AXIS2_PLACEMENT_3D('',#12814,#10293,#10294);
#8574=AXIS2_PLACEMENT_3D('',#12823,#10299,#10300);
#8575=AXIS2_PLACEMENT_3D('',#12832,#10305,#10306);
#8576=AXIS2_PLACEMENT_3D('',#12841,#10311,#10312);
#8577=AXIS2_PLACEMENT_3D('',#12850,#10317,#10318);
#8578=AXIS2_PLACEMENT_3D('',#12859,#10323,#10324);
#8579=AXIS2_PLACEMENT_3D('',#12868,#10329,#10330);
#8580=AXIS2_PLACEMENT_3D('',#12877,#10335,#10336);
#8581=AXIS2_PLACEMENT_3D('',#12886,#10341,#10342);
#8582=AXIS2_PLACEMENT_3D('',#12895,#10347,#10348);
#8583=AXIS2_PLACEMENT_3D('',#12904,#10353,#10354);
#8584=AXIS2_PLACEMENT_3D('',#12913,#10359,#10360);
#8585=AXIS2_PLACEMENT_3D('',#12922,#10365,#10366);
#8586=AXIS2_PLACEMENT_3D('',#12943,#10371,#10372);
#8587=AXIS2_PLACEMENT_3D('',#12945,#10374,#10375);
#8588=AXIS2_PLACEMENT_3D('',#12950,#10376,#10377);
#8589=AXIS2_PLACEMENT_3D('',#12953,#10380,#10381);
#8590=AXIS2_PLACEMENT_3D('',#12958,#10382,#10383);
#8591=AXIS2_PLACEMENT_3D('',#12960,#10385,#10386);
#8592=AXIS2_PLACEMENT_3D('',#12973,#10391,#10392);
#8593=AXIS2_PLACEMENT_3D('',#12976,#10395,#10396);
#8594=AXIS2_PLACEMENT_3D('',#12978,#10398,#10399);
#8595=AXIS2_PLACEMENT_3D('',#12980,#10401,#10402);
#8596=AXIS2_PLACEMENT_3D('',#12982,#10404,#10405);
#8597=AXIS2_PLACEMENT_3D('',#12984,#10407,#10408);
#8598=AXIS2_PLACEMENT_3D('',#12986,#10410,#10411);
#8599=AXIS2_PLACEMENT_3D('',#12988,#10413,#10414);
#8600=AXIS2_PLACEMENT_3D('',#12999,#10417,#10418);
#8601=AXIS2_PLACEMENT_3D('',#13001,#10420,#10421);
#8602=AXIS2_PLACEMENT_3D('',#13011,#10423,#10424);
#8603=AXIS2_PLACEMENT_3D('',#13016,#10425,#10426);
#8604=AXIS2_PLACEMENT_3D('',#13018,#10428,#10429);
#8605=AXIS2_PLACEMENT_3D('',#13020,#10431,#10432);
#8606=AXIS2_PLACEMENT_3D('',#13035,#10435,#10436);
#8607=AXIS2_PLACEMENT_3D('',#13036,#10437,#10438);
#8608=AXIS2_PLACEMENT_3D('',#13057,#10443,#10444);
#8609=AXIS2_PLACEMENT_3D('',#13062,#10445,#10446);
#8610=AXIS2_PLACEMENT_3D('',#13064,#10448,#10449);
#8611=AXIS2_PLACEMENT_3D('',#13066,#10451,#10452);
#8612=AXIS2_PLACEMENT_3D('',#13071,#10453,#10454);
#8613=AXIS2_PLACEMENT_3D('',#13079,#10458,#10459);
#8614=AXIS2_PLACEMENT_3D('',#13082,#10462,#10463);
#8615=AXIS2_PLACEMENT_3D('',#13090,#10467,#10468);
#8616=AXIS2_PLACEMENT_3D('',#13092,#10470,#10471);
#8617=AXIS2_PLACEMENT_3D('',#13094,#10473,#10474);
#8618=AXIS2_PLACEMENT_3D('',#13096,#10476,#10477);
#8619=AXIS2_PLACEMENT_3D('',#13099,#10480,#10481);
#8620=AXIS2_PLACEMENT_3D('',#13101,#10483,#10484);
#8621=AXIS2_PLACEMENT_3D('',#13103,#10486,#10487);
#8622=AXIS2_PLACEMENT_3D('',#13105,#10489,#10490);
#8623=AXIS2_PLACEMENT_3D('',#13123,#10492,#10493);
#8624=AXIS2_PLACEMENT_3D('',#13125,#10495,#10496);
#8625=AXIS2_PLACEMENT_3D('',#13127,#10498,#10499);
#8626=AXIS2_PLACEMENT_3D('',#13132,#10500,#10501);
#8627=AXIS2_PLACEMENT_3D('',#13137,#10502,#10503);
#8628=AXIS2_PLACEMENT_3D('',#13149,#10507,#10508);
#8629=AXIS2_PLACEMENT_3D('',#13150,#10509,#10510);
#8630=AXIS2_PLACEMENT_3D('',#13171,#10515,#10516);
#8631=AXIS2_PLACEMENT_3D('',#13173,#10518,#10519);
#8632=AXIS2_PLACEMENT_3D('',#13178,#10520,#10521);
#8633=AXIS2_PLACEMENT_3D('',#13181,#10524,#10525);
#8634=AXIS2_PLACEMENT_3D('',#13186,#10526,#10527);
#8635=AXIS2_PLACEMENT_3D('',#13188,#10529,#10530);
#8636=AXIS2_PLACEMENT_3D('',#13201,#10535,#10536);
#8637=AXIS2_PLACEMENT_3D('',#13204,#10539,#10540);
#8638=AXIS2_PLACEMENT_3D('',#13206,#10542,#10543);
#8639=AXIS2_PLACEMENT_3D('',#13208,#10545,#10546);
#8640=AXIS2_PLACEMENT_3D('',#13210,#10548,#10549);
#8641=AXIS2_PLACEMENT_3D('',#13212,#10551,#10552);
#8642=AXIS2_PLACEMENT_3D('',#13214,#10554,#10555);
#8643=AXIS2_PLACEMENT_3D('',#13216,#10557,#10558);
#8644=AXIS2_PLACEMENT_3D('',#13227,#10561,#10562);
#8645=AXIS2_PLACEMENT_3D('',#13229,#10564,#10565);
#8646=AXIS2_PLACEMENT_3D('',#13239,#10567,#10568);
#8647=AXIS2_PLACEMENT_3D('',#13244,#10569,#10570);
#8648=AXIS2_PLACEMENT_3D('',#13246,#10572,#10573);
#8649=AXIS2_PLACEMENT_3D('',#13248,#10575,#10576);
#8650=AXIS2_PLACEMENT_3D('',#13263,#10579,#10580);
#8651=AXIS2_PLACEMENT_3D('',#13264,#10581,#10582);
#8652=AXIS2_PLACEMENT_3D('',#13285,#10587,#10588);
#8653=AXIS2_PLACEMENT_3D('',#13290,#10589,#10590);
#8654=AXIS2_PLACEMENT_3D('',#13292,#10592,#10593);
#8655=AXIS2_PLACEMENT_3D('',#13294,#10595,#10596);
#8656=AXIS2_PLACEMENT_3D('',#13299,#10597,#10598);
#8657=AXIS2_PLACEMENT_3D('',#13307,#10602,#10603);
#8658=AXIS2_PLACEMENT_3D('',#13310,#10606,#10607);
#8659=AXIS2_PLACEMENT_3D('',#13318,#10611,#10612);
#8660=AXIS2_PLACEMENT_3D('',#13320,#10614,#10615);
#8661=AXIS2_PLACEMENT_3D('',#13322,#10617,#10618);
#8662=AXIS2_PLACEMENT_3D('',#13324,#10620,#10621);
#8663=AXIS2_PLACEMENT_3D('',#13327,#10624,#10625);
#8664=AXIS2_PLACEMENT_3D('',#13329,#10627,#10628);
#8665=AXIS2_PLACEMENT_3D('',#13331,#10630,#10631);
#8666=AXIS2_PLACEMENT_3D('',#13333,#10633,#10634);
#8667=AXIS2_PLACEMENT_3D('',#13351,#10636,#10637);
#8668=AXIS2_PLACEMENT_3D('',#13353,#10639,#10640);
#8669=AXIS2_PLACEMENT_3D('',#13355,#10642,#10643);
#8670=AXIS2_PLACEMENT_3D('',#13360,#10644,#10645);
#8671=AXIS2_PLACEMENT_3D('',#13365,#10646,#10647);
#8672=AXIS2_PLACEMENT_3D('',#13377,#10651,#10652);
#8673=AXIS2_PLACEMENT_3D('',#13378,#10653,#10654);
#8674=AXIS2_PLACEMENT_3D('',#13379,#10655,#10656);
#8675=AXIS2_PLACEMENT_3D('',#13380,#10657,#10658);
#8676=AXIS2_PLACEMENT_3D('',#13381,#10659,#10660);
#8677=AXIS2_PLACEMENT_3D('',#13382,#10661,#10662);
#8678=AXIS2_PLACEMENT_3D('',#13388,#10666,#10667);
#8679=AXIS2_PLACEMENT_3D('',#13392,#10670,#10671);
#8680=AXIS2_PLACEMENT_3D('',#13396,#10674,#10675);
#8681=AXIS2_PLACEMENT_3D('',#13398,#10677,#10678);
#8682=AXIS2_PLACEMENT_3D('',#13401,#10681,#10682);
#8683=AXIS2_PLACEMENT_3D('',#13402,#10683,#10684);
#8684=AXIS2_PLACEMENT_3D('',#13403,#10685,#10686);
#8685=AXIS2_PLACEMENT_3D('',#13409,#10690,#10691);
#8686=AXIS2_PLACEMENT_3D('',#13413,#10694,#10695);
#8687=AXIS2_PLACEMENT_3D('',#13417,#10698,#10699);
#8688=AXIS2_PLACEMENT_3D('',#13419,#10701,#10702);
#8689=AXIS2_PLACEMENT_3D('',#13422,#10705,#10706);
#8690=AXIS2_PLACEMENT_3D('',#13423,#10707,#10708);
#8691=DIRECTION('',(0.,0.,1.));
#8692=DIRECTION('',(1.,0.,0.));
#8693=DIRECTION('',(-1.,0.,0.));
#8694=DIRECTION('',(0.,0.,-1.));
#8695=DIRECTION('',(1.,0.,0.));
#8696=DIRECTION('',(0.,0.,-1.));
#8697=DIRECTION('',(1.,0.,0.));
#8698=DIRECTION('',(0.,0.,-1.));
#8699=DIRECTION('',(1.,0.,0.));
#8700=DIRECTION('',(0.,0.,-1.));
#8701=DIRECTION('',(1.,0.,0.));
#8702=DIRECTION('',(0.,0.,-1.));
#8703=DIRECTION('',(0.,-1.,0.));
#8704=DIRECTION('',(0.,-0.707106781186548,-0.707106781186548));
#8705=DIRECTION('',(0.,0.,-1.));
#8706=DIRECTION('',(0.,-0.707106781186548,0.707106781186548));
#8707=DIRECTION('',(0.,1.,0.));
#8708=DIRECTION('',(0.,0.707106781186548,0.707106781186548));
#8709=DIRECTION('',(0.,0.,-1.));
#8710=DIRECTION('',(0.,0.707106781186542,-0.707106781186554));
#8711=DIRECTION('',(0.,-1.,0.));
#8712=DIRECTION('',(0.,0.707106781186546,0.70710678118655));
#8713=DIRECTION('',(0.,0.,1.));
#8714=DIRECTION('',(0.,1.,-1.21734980770302E-16));
#8715=DIRECTION('',(0.,0.,1.));
#8716=DIRECTION('',(0.,-0.707106781186549,0.707106781186547));
#8717=DIRECTION('',(-1.,0.,0.));
#8718=DIRECTION('',(0.,0.,-1.));
#8719=DIRECTION('',(-1.,0.,0.));
#8720=DIRECTION('',(-1.,0.,0.));
#8721=DIRECTION('',(0.,0.,-1.));
#8722=DIRECTION('',(-1.,0.,0.));
#8723=DIRECTION('',(1.,0.,0.));
#8724=DIRECTION('',(0.,0.,-1.));
#8725=DIRECTION('',(-1.,0.,0.));
#8726=DIRECTION('',(0.,0.,-1.));
#8727=DIRECTION('',(-1.,0.,0.));
#8728=DIRECTION('',(1.,0.,0.));
#8729=DIRECTION('',(0.,0.,-1.));
#8730=DIRECTION('',(-1.,0.,0.));
#8731=DIRECTION('',(1.,0.,0.));
#8732=DIRECTION('',(0.,0.,-1.));
#8733=DIRECTION('',(-1.,0.,0.));
#8734=DIRECTION('',(0.,0.,-1.));
#8735=DIRECTION('',(-1.,0.,0.));
#8736=DIRECTION('',(-1.,0.,0.));
#8737=DIRECTION('',(0.,2.31296463463574E-15,1.));
#8738=DIRECTION('',(-1.,0.,0.));
#8739=DIRECTION('',(1.,0.,0.));
#8740=DIRECTION('',(0.,0.,-1.));
#8741=DIRECTION('',(-1.,0.,0.));
#8742=DIRECTION('',(0.,0.,-1.));
#8743=DIRECTION('',(-1.,0.,0.));
#8744=DIRECTION('',(1.,0.,0.));
#8745=DIRECTION('',(0.,-2.31296463463574E-15,1.));
#8746=DIRECTION('',(-1.,0.,0.));
#8747=DIRECTION('',(1.,0.,0.));
#8748=DIRECTION('',(0.,0.,-1.));
#8749=DIRECTION('',(0.,4.33680868994202E-16,1.));
#8750=DIRECTION('',(0.,-1.,4.33680868994202E-16));
#8751=DIRECTION('',(0.,-1.,4.33680868994202E-16));
#8752=DIRECTION('',(1.,0.,0.));
#8753=DIRECTION('',(0.,1.,-4.33680868994202E-16));
#8754=DIRECTION('',(0.,0.,1.));
#8755=DIRECTION('',(-1.,0.,0.));
#8756=DIRECTION('',(-1.,0.,0.));
#8757=DIRECTION('',(0.,-1.,0.));
#8758=DIRECTION('',(0.,-1.,0.));
#8759=DIRECTION('',(0.,0.,1.));
#8760=DIRECTION('',(-1.,0.,0.));
#8761=DIRECTION('',(0.,-1.,0.));
#8762=DIRECTION('',(1.,0.,0.));
#8763=DIRECTION('',(0.,1.,0.));
#8764=DIRECTION('',(0.,0.,1.));
#8765=DIRECTION('',(-1.,0.,0.));
#8766=DIRECTION('',(-1.,0.,0.));
#8767=DIRECTION('',(0.,-1.,0.));
#8768=DIRECTION('',(0.,-1.,0.));
#8769=DIRECTION('',(0.,-2.31296463463574E-15,-1.));
#8770=DIRECTION('',(0.,1.,-2.31296463463574E-15));
#8771=DIRECTION('',(0.,1.,-2.31296463463574E-15));
#8772=DIRECTION('',(1.,0.,0.));
#8773=DIRECTION('',(0.,-1.,2.31296463463574E-15));
#8774=DIRECTION('',(-1.,0.,0.));
#8775=DIRECTION('',(0.,1.,0.));
#8776=DIRECTION('',(1.,0.,0.));
#8777=DIRECTION('',(0.,0.,-1.));
#8778=DIRECTION('',(0.,1.,0.));
#8779=DIRECTION('',(0.,0.,-1.));
#8780=DIRECTION('',(0.,0.,-1.));
#8781=DIRECTION('',(1.,0.,0.));
#8782=DIRECTION('',(-1.,0.,0.));
#8783=DIRECTION('',(0.,1.,0.));
#8784=DIRECTION('',(0.,0.,-1.));
#8785=DIRECTION('',(1.,0.,0.));
#8786=DIRECTION('',(0.,1.,0.));
#8787=DIRECTION('',(1.,0.,0.));
#8788=DIRECTION('',(0.,-1.,0.));
#8789=DIRECTION('',(-1.,0.,0.));
#8790=DIRECTION('',(0.,1.,0.));
#8791=DIRECTION('',(1.,0.,0.));
#8792=DIRECTION('',(0.,0.,-1.));
#8793=DIRECTION('',(0.,1.,1.44560289664734E-16));
#8794=DIRECTION('',(0.,0.,-1.));
#8795=DIRECTION('',(0.,1.44560289664734E-16,-1.));
#8796=DIRECTION('',(0.,1.,1.44560289664734E-16));
#8797=DIRECTION('',(-1.,0.,0.));
#8798=DIRECTION('',(0.,1.,1.44560289664734E-16));
#8799=DIRECTION('',(-1.,0.,0.));
#8800=DIRECTION('',(0.,0.,-1.));
#8801=DIRECTION('',(0.,0.,1.));
#8802=DIRECTION('',(0.,1.,0.));
#8803=DIRECTION('',(1.,0.,0.));
#8804=DIRECTION('',(0.,0.,-1.));
#8805=DIRECTION('',(0.,-1.,0.));
#8806=DIRECTION('',(0.,0.,1.));
#8807=DIRECTION('',(0.,1.,0.));
#8808=DIRECTION('',(1.,0.,0.));
#8809=DIRECTION('',(0.,0.,-1.));
#8810=DIRECTION('',(0.,-1.,4.33680868994202E-16));
#8811=DIRECTION('',(0.,0.,1.));
#8812=DIRECTION('',(0.,1.,0.));
#8813=DIRECTION('',(0.,0.,-1.));
#8814=DIRECTION('',(0.,-1.,-1.44560289664734E-16));
#8815=DIRECTION('',(1.,0.,0.));
#8816=DIRECTION('',(0.,0.,-1.));
#8817=DIRECTION('',(0.,1.,0.));
#8818=DIRECTION('',(0.,0.,-1.));
#8819=DIRECTION('',(0.,-1.,0.));
#8820=DIRECTION('',(1.,0.,0.));
#8821=DIRECTION('',(0.,0.,-1.));
#8822=DIRECTION('',(0.,1.,-2.31296463463574E-15));
#8823=DIRECTION('',(0.,0.,-1.));
#8824=DIRECTION('',(0.,-1.,0.));
#8825=DIRECTION('',(0.,0.,1.));
#8826=DIRECTION('',(-1.,0.,0.));
#8827=DIRECTION('',(0.,1.,0.));
#8828=DIRECTION('',(-1.,0.,0.));
#8829=DIRECTION('',(1.,0.,0.));
#8830=DIRECTION('',(0.,-1.,0.));
#8831=DIRECTION('',(-1.,0.,0.));
#8832=DIRECTION('',(1.,0.,0.));
#8833=DIRECTION('',(0.,0.,1.));
#8834=DIRECTION('',(-1.,0.,0.));
#8835=DIRECTION('',(1.,0.,0.));
#8836=DIRECTION('',(0.,1.,0.));
#8837=DIRECTION('',(-1.,0.,0.));
#8838=DIRECTION('',(0.,1.,0.));
#8839=DIRECTION('',(0.,0.,1.));
#8840=DIRECTION('',(0.,0.,1.));
#8841=DIRECTION('',(-1.,0.,0.));
#8842=DIRECTION('',(0.,0.,1.));
#8843=DIRECTION('',(1.,0.,0.));
#8844=DIRECTION('',(0.,0.,1.));
#8845=DIRECTION('',(-1.,0.,0.));
#8846=DIRECTION('',(0.,0.,1.));
#8847=DIRECTION('',(1.,0.,0.));
#8848=DIRECTION('',(0.,0.,1.));
#8849=DIRECTION('',(-1.,0.,0.));
#8850=DIRECTION('',(1.,0.,0.));
#8851=DIRECTION('',(0.,1.,0.));
#8852=DIRECTION('',(0.,0.,1.));
#8853=DIRECTION('',(1.,0.,0.));
#8854=DIRECTION('',(0.,0.,-1.));
#8855=DIRECTION('',(-1.,0.,0.));
#8856=DIRECTION('',(0.,0.,-1.));
#8857=DIRECTION('',(1.,0.,0.));
#8858=DIRECTION('',(0.,0.,-1.));
#8859=DIRECTION('',(-1.,0.,0.));
#8860=DIRECTION('',(0.,0.,-1.));
#8861=DIRECTION('',(1.,0.,0.));
#8862=DIRECTION('',(0.,0.,-1.));
#8863=DIRECTION('',(-1.,0.,0.));
#8864=DIRECTION('',(-1.,0.,0.));
#8865=DIRECTION('',(0.,1.,0.));
#8866=DIRECTION('',(1.,0.,0.));
#8867=DIRECTION('',(0.,0.,-1.));
#8868=DIRECTION('',(0.,0.,1.));
#8869=DIRECTION('',(-1.,0.,0.));
#8870=DIRECTION('',(0.,1.,0.));
#8871=DIRECTION('',(1.,0.,0.));
#8872=DIRECTION('',(0.,0.,-1.));
#8873=DIRECTION('',(0.,0.,1.));
#8874=DIRECTION('',(-1.,0.,0.));
#8875=DIRECTION('',(0.,0.,-1.));
#8876=DIRECTION('',(1.,0.,0.));
#8877=DIRECTION('',(0.,0.,-1.));
#8878=DIRECTION('',(-1.,0.,0.));
#8879=DIRECTION('',(0.,0.,-1.));
#8880=DIRECTION('',(1.,0.,0.));
#8881=DIRECTION('',(0.,0.,-1.));
#8882=DIRECTION('',(-1.,0.,0.));
#8883=DIRECTION('',(0.,0.,-1.));
#8884=DIRECTION('',(1.,0.,0.));
#8885=DIRECTION('',(0.,0.,-1.));
#8886=DIRECTION('',(-1.,0.,0.));
#8887=DIRECTION('',(0.,0.,-1.));
#8888=DIRECTION('',(1.,0.,0.));
#8889=DIRECTION('',(0.,0.,-1.));
#8890=DIRECTION('',(-1.,0.,0.));
#8891=DIRECTION('',(0.,0.,-1.));
#8892=DIRECTION('',(-1.,0.,0.));
#8893=DIRECTION('',(0.,0.,-1.));
#8894=DIRECTION('',(-1.,0.,0.));
#8895=DIRECTION('',(0.,0.,-1.));
#8896=DIRECTION('',(-1.,0.,0.));
#8897=DIRECTION('',(0.,0.,-1.));
#8898=DIRECTION('',(0.,0.707106781186548,-0.707106781186548));
#8899=DIRECTION('',(1.,0.,0.));
#8900=DIRECTION('',(6.05733246210821E-15,0.707106781186548,0.707106781186548));
#8901=DIRECTION('',(-0.577350269189627,0.577350269189627,-0.577350269189622));
#8902=DIRECTION('',(0.707106781186548,0.707106781186548,0.));
#8903=DIRECTION('',(0.707106781186551,1.218305748292E-14,-0.707106781186545));
#8904=DIRECTION('',(0.707106781186548,0.707106781186548,0.));
#8905=DIRECTION('',(0.707106781186548,-0.707106781186548,0.));
#8906=DIRECTION('',(0.,0.,-1.));
#8907=DIRECTION('',(-0.707106781186548,-0.707106781186548,-1.52518046048591E-15));
#8908=DIRECTION('',(-0.707106781186545,0.,-0.707106781186551));
#8909=DIRECTION('',(0.,1.,0.));
#8910=DIRECTION('',(-0.707106781186551,2.45455298270058E-14,0.707106781186544));
#8911=DIRECTION('',(0.,0.707106781186554,0.707106781186542));
#8912=DIRECTION('',(-1.,0.,0.));
#8913=DIRECTION('',(6.15348059642735E-15,-0.707106781186542,0.707106781186554));
#8914=DIRECTION('',(-0.57735026918963,0.577350269189629,0.577350269189619));
#8915=DIRECTION('',(0.707106781186547,0.707106781186548,0.));
#8916=DIRECTION('',(0.707106781186547,1.22385686341512E-14,0.707106781186548));
#8917=DIRECTION('',(6.22187315513091E-15,0.707106781186545,-0.70710678118655));
#8918=DIRECTION('',(-0.577350269189631,-0.577350269189631,-0.577350269189616));
#8919=DIRECTION('',(-0.707106781186548,0.707106781186548,0.));
#8920=DIRECTION('',(0.707106781186548,-0.707106781186548,0.));
#8921=DIRECTION('',(0.,-0.70710678118655,-0.707106781186545));
#8922=DIRECTION('',(-1.,0.,0.));
#8923=DIRECTION('',(-0.577350269189628,-0.577350269189623,0.577350269189627));
#8924=DIRECTION('',(0.707106781186548,-3.06658683336674E-16,-0.707106781186547));
#8925=DIRECTION('',(0.,-1.,4.33680868994202E-16));
#8926=DIRECTION('',(0.707106781186547,0.,0.707106781186548));
#8927=DIRECTION('',(-0.707106781186548,-0.707106781186548,0.));
#8928=DIRECTION('',(0.,0.,1.));
#8929=DIRECTION('',(-0.707106781186548,0.707106781186548,2.98626216475904E-15));
#8930=DIRECTION('',(0.707106781186545,-0.707106781186551,0.));
#8931=DIRECTION('',(0.,0.,-1.));
#8932=DIRECTION('',(0.577350269189629,0.577350269189624,0.577350269189624));
#8933=DIRECTION('',(-1.,0.,0.));
#8934=DIRECTION('',(0.,0.,-1.));
#8935=DIRECTION('',(0.707106781186549,0.,-0.707106781186546));
#8936=DIRECTION('',(-0.577350269189628,-0.57735026918963,0.577350269189619));
#8937=DIRECTION('',(-0.707106781186549,0.707106781186546,0.));
#8938=DIRECTION('',(-5.96118432778903E-15,0.707106781186544,0.707106781186551));
#8939=DIRECTION('',(0.707106781186549,-1.28154574400662E-14,0.707106781186547));
#8940=DIRECTION('',(0.,0.707106781186548,-0.707106781186548));
#8941=DIRECTION('',(1.,0.,0.));
#8942=DIRECTION('',(5.9334287521734E-15,0.707106781186548,0.707106781186548));
#8943=DIRECTION('',(-0.707106781186545,0.,-0.707106781186551));
#8944=DIRECTION('',(0.,1.,0.));
#8945=DIRECTION('',(0.707106781186551,1.20185167898972E-14,-0.707106781186545));
#8946=DIRECTION('',(-0.707106781186547,-1.02219561112225E-16,0.707106781186549));
#8947=DIRECTION('',(0.,-1.,-1.44560289664734E-16));
#8948=DIRECTION('',(-0.707106781186549,0.,-0.707106781186547));
#8949=DIRECTION('',(0.,0.707106781186552,-0.707106781186544));
#8950=DIRECTION('',(-1.,0.,0.));
#8951=DIRECTION('',(0.577350269189627,-0.577350269189622,-0.577350269189628));
#8952=DIRECTION('',(-0.577350269189627,0.577350269189627,-0.577350269189623));
#8953=DIRECTION('',(0.707106781186548,0.707106781186548,0.));
#8954=DIRECTION('',(0.707106781186548,0.707106781186548,0.));
#8955=DIRECTION('',(-1.,0.,0.));
#8956=DIRECTION('',(0.,0.,-1.));
#8957=DIRECTION('',(-0.707106781186548,0.,0.707106781186548));
#8958=DIRECTION('',(-0.707106781186545,-0.707106781186551,0.));
#8959=DIRECTION('',(0.,0.,1.));
#8960=DIRECTION('',(-0.577350269189629,0.577350269189624,-0.577350269189624));
#8961=DIRECTION('',(0.707106781186548,-0.707106781186548,0.));
#8962=DIRECTION('',(0.,0.,-1.));
#8963=DIRECTION('',(-0.707106781186548,-0.707106781186548,0.));
#8964=DIRECTION('',(0.707106781186545,0.,0.707106781186551));
#8965=DIRECTION('',(0.,1.,0.));
#8966=DIRECTION('',(0.707106781186551,-1.218305748292E-14,-0.707106781186545));
#8967=DIRECTION('',(0.,-0.707106781186548,-0.707106781186548));
#8968=DIRECTION('',(1.,0.,0.));
#8969=DIRECTION('',(-6.05733246210821E-15,0.707106781186548,-0.707106781186548));
#8970=DIRECTION('',(-0.577350269189627,0.577350269189627,0.577350269189622));
#8971=DIRECTION('',(0.707106781186548,0.707106781186548,0.));
#8972=DIRECTION('',(0.707106781186551,1.218305748292E-14,0.707106781186545));
#8973=DIRECTION('',(6.05733246210821E-15,0.707106781186548,-0.707106781186548));
#8974=DIRECTION('',(-0.577350269189627,-0.577350269189627,-0.577350269189622));
#8975=DIRECTION('',(-0.707106781186548,0.707106781186548,0.));
#8976=DIRECTION('',(0.707106781186548,-0.707106781186548,0.));
#8977=DIRECTION('',(0.,-0.707106781186548,-0.707106781186548));
#8978=DIRECTION('',(-1.,0.,0.));
#8979=DIRECTION('',(0.577350269189626,0.577350269189626,-0.577350269189626));
#8980=DIRECTION('',(0.707106781186545,0.,-0.707106781186551));
#8981=DIRECTION('',(0.,-1.,0.));
#8982=DIRECTION('',(0.707106781186551,0.,0.707106781186545));
#8983=DIRECTION('',(-0.707106781186548,-0.707106781186548,0.));
#8984=DIRECTION('',(0.,0.,1.));
#8985=DIRECTION('',(-0.707106781186548,0.707106781186548,0.));
#8986=DIRECTION('',(0.707106781186548,-0.707106781186548,0.));
#8987=DIRECTION('',(0.,0.,-1.));
#8988=DIRECTION('',(-0.577350269189626,-0.577350269189626,-0.577350269189626));
#8989=DIRECTION('',(-1.,0.,0.));
#8990=DIRECTION('',(0.,0.,-1.));
#8991=DIRECTION('',(0.707106781186551,0.,-0.707106781186545));
#8992=DIRECTION('',(-0.577350269189627,-0.577350269189627,0.577350269189623));
#8993=DIRECTION('',(-0.707106781186548,0.707106781186548,0.));
#8994=DIRECTION('',(-5.9334287521734E-15,0.707106781186548,0.707106781186548));
#8995=DIRECTION('',(0.707106781186551,-1.20185167898972E-14,0.707106781186545));
#8996=DIRECTION('',(0.,0.707106781186548,-0.707106781186548));
#8997=DIRECTION('',(1.,0.,0.));
#8998=DIRECTION('',(5.9334287521734E-15,0.707106781186548,0.707106781186548));
#8999=DIRECTION('',(-0.707106781186545,0.,-0.707106781186551));
#9000=DIRECTION('',(0.,1.,0.));
#9001=DIRECTION('',(0.707106781186551,1.20185167898972E-14,-0.707106781186545));
#9002=DIRECTION('',(-0.707106781186545,0.,0.707106781186551));
#9003=DIRECTION('',(0.,-1.,0.));
#9004=DIRECTION('',(-0.707106781186551,0.,-0.707106781186545));
#9005=DIRECTION('',(0.,0.707106781186548,-0.707106781186548));
#9006=DIRECTION('',(-1.,0.,0.));
#9007=DIRECTION('',(-0.577350269189626,0.577350269189626,0.577350269189626));
#9008=DIRECTION('',(-0.577350269189627,0.577350269189627,-0.577350269189623));
#9009=DIRECTION('',(0.707106781186548,0.707106781186548,0.));
#9010=DIRECTION('',(0.707106781186548,0.707106781186548,0.));
#9011=DIRECTION('',(-1.,0.,0.));
#9012=DIRECTION('',(0.,0.,-1.));
#9013=DIRECTION('',(-0.707106781186551,0.,0.707106781186545));
#9014=DIRECTION('',(-0.707106781186548,-0.707106781186548,0.));
#9015=DIRECTION('',(0.,0.,1.));
#9016=DIRECTION('',(0.577350269189626,-0.577350269189626,0.577350269189626));
#9017=DIRECTION('',(0.,-0.707106781186548,-0.707106781186548));
#9018=DIRECTION('',(-1.,0.,0.));
#9019=DIRECTION('',(5.9334287521734E-15,0.707106781186548,-0.707106781186548));
#9020=DIRECTION('',(0.707106781186548,-0.707106781186548,0.));
#9021=DIRECTION('',(0.,0.,-1.));
#9022=DIRECTION('',(-0.707106781186548,-0.707106781186548,0.));
#9023=DIRECTION('',(0.707106781186545,1.63551297779561E-15,0.707106781186551));
#9024=DIRECTION('',(0.,1.,-2.31296463463574E-15));
#9025=DIRECTION('',(0.707106781186551,-1.22108130585356E-14,-0.707106781186545));
#9026=DIRECTION('',(0.,-0.707106781186548,-0.707106781186548));
#9027=DIRECTION('',(1.,0.,0.));
#9028=DIRECTION('',(-6.05733246210821E-15,0.707106781186548,-0.707106781186548));
#9029=DIRECTION('',(-0.577350269189627,0.577350269189627,0.577350269189623));
#9030=DIRECTION('',(0.707106781186548,0.707106781186548,0.));
#9031=DIRECTION('',(0.707106781186551,1.20185167898972E-14,0.707106781186545));
#9032=DIRECTION('',(-0.577350269189627,-0.577350269189627,-0.577350269189622));
#9033=DIRECTION('',(-0.707106781186548,0.707106781186548,0.));
#9034=DIRECTION('',(0.707106781186548,-0.707106781186548,0.));
#9035=DIRECTION('',(0.707106781186545,0.,-0.707106781186551));
#9036=DIRECTION('',(0.,-1.,0.));
#9037=DIRECTION('',(-0.707106781186551,1.218305748292E-14,-0.707106781186545));
#9038=DIRECTION('',(-0.707106781186548,-0.707106781186548,0.));
#9039=DIRECTION('',(0.,0.,1.));
#9040=DIRECTION('',(-0.707106781186548,0.707106781186548,0.));
#9041=DIRECTION('',(-0.577350269189627,-0.577350269189627,0.577350269189622));
#9042=DIRECTION('',(-0.707106781186548,0.707106781186548,0.));
#9043=DIRECTION('',(6.05733246210821E-15,-0.707106781186548,-0.707106781186548));
#9044=DIRECTION('',(0.,-0.707106781186548,0.707106781186548));
#9045=DIRECTION('',(1.,0.,0.));
#9046=DIRECTION('',(0.,-1.,0.));
#9047=DIRECTION('',(0.,0.,-1.));
#9048=DIRECTION('',(0.,0.,1.));
#9049=DIRECTION('',(1.,0.,0.));
#9050=DIRECTION('',(1.,0.,0.));
#9051=DIRECTION('',(0.,1.21734980770302E-16,1.));
#9052=DIRECTION('',(0.,-1.,1.21734980770302E-16));
#9053=DIRECTION('',(0.,1.,-1.21734980770302E-16));
#9054=DIRECTION('',(1.,0.,0.));
#9055=DIRECTION('',(0.,-1.,0.));
#9056=DIRECTION('',(0.,0.,-1.));
#9057=DIRECTION('',(0.,0.,1.));
#9058=DIRECTION('',(-1.,0.,0.));
#9059=DIRECTION('',(1.,0.,0.));
#9060=DIRECTION('',(0.,-1.,0.));
#9061=DIRECTION('',(0.,-1.,0.));
#9062=DIRECTION('',(0.707106781186548,0.,-0.707106781186548));
#9063=DIRECTION('',(0.,1.,0.));
#9064=DIRECTION('',(-0.577350269189627,-0.577350269189624,-0.577350269189627));
#9065=DIRECTION('',(-0.577350269189625,0.577350269189627,-0.577350269189625));
#9066=DIRECTION('',(0.,-0.707106781186547,-0.707106781186549));
#9067=DIRECTION('',(-1.,0.,0.));
#9068=DIRECTION('',(0.,-0.70710678118655,0.707106781186546));
#9069=DIRECTION('',(1.,0.,0.));
#9070=DIRECTION('',(0.,0.,1.));
#9071=DIRECTION('',(1.,0.,0.));
#9072=DIRECTION('',(1.,0.,0.));
#9073=DIRECTION('',(0.,0.,-1.));
#9074=DIRECTION('',(1.,0.,0.));
#9075=DIRECTION('',(0.,0.,-1.));
#9076=DIRECTION('',(1.,0.,0.));
#9077=DIRECTION('',(0.,0.,-1.));
#9078=DIRECTION('',(1.,0.,0.));
#9079=DIRECTION('',(0.,0.,-1.));
#9080=DIRECTION('',(1.,0.,0.));
#9081=DIRECTION('',(0.,0.,-1.));
#9082=DIRECTION('',(0.,-1.,0.));
#9083=DIRECTION('',(0.,-0.707106781186549,0.707106781186547));
#9084=DIRECTION('',(0.,0.,1.));
#9085=DIRECTION('',(0.,1.,-1.21734980770302E-16));
#9086=DIRECTION('',(0.,0.,1.));
#9087=DIRECTION('',(0.,0.707106781186546,0.70710678118655));
#9088=DIRECTION('',(0.,-1.,0.));
#9089=DIRECTION('',(0.,0.707106781186542,-0.707106781186554));
#9090=DIRECTION('',(0.,0.,-1.));
#9091=DIRECTION('',(0.,0.707106781186548,0.707106781186548));
#9092=DIRECTION('',(0.,1.,0.));
#9093=DIRECTION('',(0.,-0.707106781186548,0.707106781186548));
#9094=DIRECTION('',(0.,0.,-1.));
#9095=DIRECTION('',(0.,-0.707106781186548,-0.707106781186548));
#9096=DIRECTION('',(1.,0.,0.));
#9097=DIRECTION('',(0.,0.,-1.));
#9098=DIRECTION('',(1.,0.,0.));
#9099=DIRECTION('',(1.,0.,0.));
#9100=DIRECTION('',(0.,0.,-1.));
#9101=DIRECTION('',(1.,0.,0.));
#9102=DIRECTION('',(-1.,0.,0.));
#9103=DIRECTION('',(0.,0.,-1.));
#9104=DIRECTION('',(1.,0.,0.));
#9105=DIRECTION('',(0.,0.,-1.));
#9106=DIRECTION('',(1.,0.,0.));
#9107=DIRECTION('',(1.,0.,0.));
#9108=DIRECTION('',(0.,0.,-1.));
#9109=DIRECTION('',(1.,0.,0.));
#9110=DIRECTION('',(1.,0.,0.));
#9111=DIRECTION('',(0.,0.,-1.));
#9112=DIRECTION('',(1.,0.,0.));
#9113=DIRECTION('',(0.,0.,-1.));
#9114=DIRECTION('',(1.,0.,0.));
#9115=DIRECTION('',(1.,0.,0.));
#9116=DIRECTION('',(0.,0.,-1.));
#9117=DIRECTION('',(1.,0.,0.));
#9118=DIRECTION('',(-1.,0.,0.));
#9119=DIRECTION('',(0.,2.31296463463574E-15,1.));
#9120=DIRECTION('',(1.,0.,0.));
#9121=DIRECTION('',(0.,0.,-1.));
#9122=DIRECTION('',(1.,0.,0.));
#9123=DIRECTION('',(1.,0.,0.));
#9124=DIRECTION('',(0.,0.,-1.));
#9125=DIRECTION('',(1.,0.,0.));
#9126=DIRECTION('',(1.,0.,0.));
#9127=DIRECTION('',(0.,-2.31296463463574E-15,1.));
#9128=DIRECTION('',(0.,4.33680868994202E-16,1.));
#9129=DIRECTION('',(0.,-1.,4.33680868994202E-16));
#9130=DIRECTION('',(0.,1.,-4.33680868994202E-16));
#9131=DIRECTION('',(-1.,0.,0.));
#9132=DIRECTION('',(0.,-1.,4.33680868994202E-16));
#9133=DIRECTION('',(0.,0.,1.));
#9134=DIRECTION('',(1.,0.,0.));
#9135=DIRECTION('',(1.,0.,0.));
#9136=DIRECTION('',(0.,-1.,0.));
#9137=DIRECTION('',(0.,-1.,0.));
#9138=DIRECTION('',(0.,0.,1.));
#9139=DIRECTION('',(1.,0.,0.));
#9140=DIRECTION('',(0.,1.,0.));
#9141=DIRECTION('',(-1.,0.,0.));
#9142=DIRECTION('',(0.,-1.,0.));
#9143=DIRECTION('',(0.,0.,1.));
#9144=DIRECTION('',(1.,0.,0.));
#9145=DIRECTION('',(1.,0.,0.));
#9146=DIRECTION('',(0.,-1.,0.));
#9147=DIRECTION('',(0.,-1.,0.));
#9148=DIRECTION('',(0.,-2.31296463463574E-15,-1.));
#9149=DIRECTION('',(0.,1.,-2.31296463463574E-15));
#9150=DIRECTION('',(0.,-1.,2.31296463463574E-15));
#9151=DIRECTION('',(-1.,0.,0.));
#9152=DIRECTION('',(0.,1.,-2.31296463463574E-15));
#9153=DIRECTION('',(1.,0.,0.));
#9154=DIRECTION('',(0.,1.,0.));
#9155=DIRECTION('',(1.,0.,0.));
#9156=DIRECTION('',(0.,0.,-1.));
#9157=DIRECTION('',(0.,0.,-1.));
#9158=DIRECTION('',(0.,1.,0.));
#9159=DIRECTION('',(0.,0.,-1.));
#9160=DIRECTION('',(-1.,0.,0.));
#9161=DIRECTION('',(1.,0.,0.));
#9162=DIRECTION('',(0.,1.,0.));
#9163=DIRECTION('',(0.,0.,-1.));
#9164=DIRECTION('',(-1.,0.,0.));
#9165=DIRECTION('',(0.,-1.,0.));
#9166=DIRECTION('',(-1.,0.,0.));
#9167=DIRECTION('',(0.,1.,0.));
#9168=DIRECTION('',(1.,0.,0.));
#9169=DIRECTION('',(0.,1.,0.));
#9170=DIRECTION('',(1.,0.,0.));
#9171=DIRECTION('',(0.,0.,-1.));
#9172=DIRECTION('',(0.,0.,-1.));
#9173=DIRECTION('',(0.,1.,1.44560289664734E-16));
#9174=DIRECTION('',(0.,1.44560289664734E-16,-1.));
#9175=DIRECTION('',(0.,1.,1.44560289664734E-16));
#9176=DIRECTION('',(1.,0.,0.));
#9177=DIRECTION('',(0.,1.,1.44560289664734E-16));
#9178=DIRECTION('',(1.,0.,0.));
#9179=DIRECTION('',(0.,0.,-1.));
#9180=DIRECTION('',(0.,0.,1.));
#9181=DIRECTION('',(0.,-1.,0.));
#9182=DIRECTION('',(0.,0.,-1.));
#9183=DIRECTION('',(0.,1.,-2.31296463463574E-15));
#9184=DIRECTION('',(1.,0.,0.));
#9185=DIRECTION('',(0.,0.,-1.));
#9186=DIRECTION('',(0.,-1.,0.));
#9187=DIRECTION('',(0.,0.,-1.));
#9188=DIRECTION('',(0.,1.,0.));
#9189=DIRECTION('',(1.,0.,0.));
#9190=DIRECTION('',(0.,0.,-1.));
#9191=DIRECTION('',(0.,-1.,-1.44560289664734E-16));
#9192=DIRECTION('',(0.,0.,-1.));
#9193=DIRECTION('',(0.,1.,0.));
#9194=DIRECTION('',(0.,0.,1.));
#9195=DIRECTION('',(0.,-1.,4.33680868994202E-16));
#9196=DIRECTION('',(1.,0.,0.));
#9197=DIRECTION('',(0.,0.,-1.));
#9198=DIRECTION('',(0.,1.,0.));
#9199=DIRECTION('',(0.,0.,1.));
#9200=DIRECTION('',(0.,-1.,0.));
#9201=DIRECTION('',(1.,0.,0.));
#9202=DIRECTION('',(0.,0.,-1.));
#9203=DIRECTION('',(0.,1.,0.));
#9204=DIRECTION('',(0.,0.,1.));
#9205=DIRECTION('',(1.,0.,0.));
#9206=DIRECTION('',(0.,1.,0.));
#9207=DIRECTION('',(-1.,0.,0.));
#9208=DIRECTION('',(1.,0.,0.));
#9209=DIRECTION('',(0.,-1.,0.));
#9210=DIRECTION('',(-1.,0.,0.));
#9211=DIRECTION('',(1.,0.,0.));
#9212=DIRECTION('',(0.,0.,1.));
#9213=DIRECTION('',(1.,0.,0.));
#9214=DIRECTION('',(1.,0.,0.));
#9215=DIRECTION('',(0.,1.,0.));
#9216=DIRECTION('',(-1.,0.,0.));
#9217=DIRECTION('',(0.,1.,0.));
#9218=DIRECTION('',(0.,0.,1.));
#9219=DIRECTION('',(0.,0.,1.));
#9220=DIRECTION('',(-1.,0.,0.));
#9221=DIRECTION('',(1.,0.,0.));
#9222=DIRECTION('',(0.,0.,1.));
#9223=DIRECTION('',(-1.,0.,0.));
#9224=DIRECTION('',(0.,0.,1.));
#9225=DIRECTION('',(1.,0.,0.));
#9226=DIRECTION('',(0.,0.,1.));
#9227=DIRECTION('',(-1.,0.,0.));
#9228=DIRECTION('',(0.,0.,1.));
#9229=DIRECTION('',(1.,0.,0.));
#9230=DIRECTION('',(0.,1.,0.));
#9231=DIRECTION('',(0.,0.,1.));
#9232=DIRECTION('',(1.,0.,0.));
#9233=DIRECTION('',(0.,0.,-1.));
#9234=DIRECTION('',(-1.,0.,0.));
#9235=DIRECTION('',(0.,0.,-1.));
#9236=DIRECTION('',(1.,0.,0.));
#9237=DIRECTION('',(0.,0.,-1.));
#9238=DIRECTION('',(-1.,0.,0.));
#9239=DIRECTION('',(0.,0.,-1.));
#9240=DIRECTION('',(1.,0.,0.));
#9241=DIRECTION('',(0.,0.,-1.));
#9242=DIRECTION('',(-1.,0.,0.));
#9243=DIRECTION('',(1.,0.,0.));
#9244=DIRECTION('',(0.,1.,0.));
#9245=DIRECTION('',(1.,0.,0.));
#9246=DIRECTION('',(0.,0.,-1.));
#9247=DIRECTION('',(0.,0.,1.));
#9248=DIRECTION('',(1.,0.,0.));
#9249=DIRECTION('',(0.,1.,0.));
#9250=DIRECTION('',(1.,0.,0.));
#9251=DIRECTION('',(0.,0.,-1.));
#9252=DIRECTION('',(0.,0.,1.));
#9253=DIRECTION('',(1.,0.,0.));
#9254=DIRECTION('',(0.,0.,-1.));
#9255=DIRECTION('',(1.,0.,0.));
#9256=DIRECTION('',(0.,0.,-1.));
#9257=DIRECTION('',(1.,0.,0.));
#9258=DIRECTION('',(0.,0.,-1.));
#9259=DIRECTION('',(1.,0.,0.));
#9260=DIRECTION('',(0.,0.,-1.));
#9261=DIRECTION('',(1.,0.,0.));
#9262=DIRECTION('',(0.,0.,-1.));
#9263=DIRECTION('',(1.,0.,0.));
#9264=DIRECTION('',(0.,0.,-1.));
#9265=DIRECTION('',(1.,0.,0.));
#9266=DIRECTION('',(0.,0.,-1.));
#9267=DIRECTION('',(1.,0.,0.));
#9268=DIRECTION('',(0.,0.,-1.));
#9269=DIRECTION('',(1.,0.,0.));
#9270=DIRECTION('',(0.,0.,-1.));
#9271=DIRECTION('',(1.,0.,0.));
#9272=DIRECTION('',(0.,0.,-1.));
#9273=DIRECTION('',(1.,0.,0.));
#9274=DIRECTION('',(0.,0.,-1.));
#9275=DIRECTION('',(1.,0.,0.));
#9276=DIRECTION('',(0.,0.,-1.));
#9277=DIRECTION('',(0.,0.707106781186548,-0.707106781186548));
#9278=DIRECTION('',(-1.,0.,0.));
#9279=DIRECTION('',(-6.05733246210821E-15,0.707106781186548,0.707106781186548));
#9280=DIRECTION('',(0.577350269189627,0.577350269189627,-0.577350269189622));
#9281=DIRECTION('',(-0.707106781186548,0.707106781186548,0.));
#9282=DIRECTION('',(-0.707106781186551,1.218305748292E-14,-0.707106781186545));
#9283=DIRECTION('',(-0.707106781186548,0.707106781186548,0.));
#9284=DIRECTION('',(-0.707106781186548,-0.707106781186548,0.));
#9285=DIRECTION('',(0.,0.,-1.));
#9286=DIRECTION('',(0.707106781186548,-0.707106781186548,-1.52518046048591E-15));
#9287=DIRECTION('',(0.707106781186545,0.,-0.707106781186551));
#9288=DIRECTION('',(0.,1.,0.));
#9289=DIRECTION('',(0.707106781186551,2.45455298270058E-14,0.707106781186544));
#9290=DIRECTION('',(0.,0.707106781186554,0.707106781186542));
#9291=DIRECTION('',(1.,0.,0.));
#9292=DIRECTION('',(-6.15348059642735E-15,-0.707106781186542,0.707106781186554));
#9293=DIRECTION('',(0.57735026918963,0.577350269189629,0.577350269189619));
#9294=DIRECTION('',(-0.707106781186547,0.707106781186548,0.));
#9295=DIRECTION('',(-0.707106781186547,1.22385686341512E-14,0.707106781186548));
#9296=DIRECTION('',(-6.22187315513091E-15,0.707106781186545,-0.70710678118655));
#9297=DIRECTION('',(0.577350269189631,-0.577350269189631,-0.577350269189616));
#9298=DIRECTION('',(0.707106781186548,0.707106781186548,0.));
#9299=DIRECTION('',(-0.707106781186548,-0.707106781186548,0.));
#9300=DIRECTION('',(0.,-0.70710678118655,-0.707106781186545));
#9301=DIRECTION('',(1.,0.,0.));
#9302=DIRECTION('',(0.577350269189628,-0.577350269189623,0.577350269189627));
#9303=DIRECTION('',(-0.707106781186548,-3.06658683336674E-16,-0.707106781186547));
#9304=DIRECTION('',(0.,-1.,4.33680868994202E-16));
#9305=DIRECTION('',(-0.707106781186547,0.,0.707106781186548));
#9306=DIRECTION('',(0.707106781186548,-0.707106781186548,0.));
#9307=DIRECTION('',(0.,0.,1.));
#9308=DIRECTION('',(0.707106781186548,0.707106781186548,2.98626216475904E-15));
#9309=DIRECTION('',(-0.707106781186545,-0.707106781186551,0.));
#9310=DIRECTION('',(0.,0.,-1.));
#9311=DIRECTION('',(-0.577350269189629,0.577350269189624,0.577350269189624));
#9312=DIRECTION('',(1.,0.,0.));
#9313=DIRECTION('',(0.,0.,-1.));
#9314=DIRECTION('',(-0.707106781186549,0.,-0.707106781186546));
#9315=DIRECTION('',(0.577350269189628,-0.57735026918963,0.577350269189619));
#9316=DIRECTION('',(0.707106781186549,0.707106781186546,0.));
#9317=DIRECTION('',(5.96118432778903E-15,0.707106781186544,0.707106781186551));
#9318=DIRECTION('',(-0.707106781186549,-1.28154574400662E-14,0.707106781186547));
#9319=DIRECTION('',(0.,0.707106781186548,-0.707106781186548));
#9320=DIRECTION('',(-1.,0.,0.));
#9321=DIRECTION('',(-5.9334287521734E-15,0.707106781186548,0.707106781186548));
#9322=DIRECTION('',(0.707106781186545,0.,-0.707106781186551));
#9323=DIRECTION('',(0.,1.,0.));
#9324=DIRECTION('',(-0.707106781186551,1.20185167898972E-14,-0.707106781186545));
#9325=DIRECTION('',(0.707106781186547,-1.02219561112225E-16,0.707106781186549));
#9326=DIRECTION('',(0.,-1.,-1.44560289664734E-16));
#9327=DIRECTION('',(0.707106781186549,0.,-0.707106781186547));
#9328=DIRECTION('',(0.,0.707106781186552,-0.707106781186544));
#9329=DIRECTION('',(1.,0.,0.));
#9330=DIRECTION('',(-0.577350269189627,-0.577350269189622,-0.577350269189628));
#9331=DIRECTION('',(0.577350269189627,0.577350269189627,-0.577350269189623));
#9332=DIRECTION('',(-0.707106781186548,0.707106781186548,0.));
#9333=DIRECTION('',(-0.707106781186548,0.707106781186548,0.));
#9334=DIRECTION('',(1.,0.,0.));
#9335=DIRECTION('',(0.,0.,-1.));
#9336=DIRECTION('',(0.707106781186548,0.,0.707106781186548));
#9337=DIRECTION('',(0.707106781186545,-0.707106781186551,0.));
#9338=DIRECTION('',(0.,0.,1.));
#9339=DIRECTION('',(0.577350269189629,0.577350269189624,-0.577350269189624));
#9340=DIRECTION('',(-0.707106781186548,-0.707106781186548,0.));
#9341=DIRECTION('',(0.,0.,-1.));
#9342=DIRECTION('',(0.707106781186548,-0.707106781186548,0.));
#9343=DIRECTION('',(-0.707106781186545,0.,0.707106781186551));
#9344=DIRECTION('',(0.,1.,0.));
#9345=DIRECTION('',(-0.707106781186551,-1.218305748292E-14,-0.707106781186545));
#9346=DIRECTION('',(0.,-0.707106781186548,-0.707106781186548));
#9347=DIRECTION('',(-1.,0.,0.));
#9348=DIRECTION('',(6.05733246210821E-15,0.707106781186548,-0.707106781186548));
#9349=DIRECTION('',(0.577350269189627,0.577350269189627,0.577350269189622));
#9350=DIRECTION('',(-0.707106781186548,0.707106781186548,0.));
#9351=DIRECTION('',(-0.707106781186551,1.218305748292E-14,0.707106781186545));
#9352=DIRECTION('',(-6.05733246210821E-15,0.707106781186548,-0.707106781186548));
#9353=DIRECTION('',(0.577350269189627,-0.577350269189627,-0.577350269189622));
#9354=DIRECTION('',(0.707106781186548,0.707106781186548,0.));
#9355=DIRECTION('',(-0.707106781186548,-0.707106781186548,0.));
#9356=DIRECTION('',(0.,-0.707106781186548,-0.707106781186548));
#9357=DIRECTION('',(1.,0.,0.));
#9358=DIRECTION('',(-0.577350269189626,0.577350269189626,-0.577350269189626));
#9359=DIRECTION('',(-0.707106781186545,0.,-0.707106781186551));
#9360=DIRECTION('',(0.,-1.,0.));
#9361=DIRECTION('',(-0.707106781186551,0.,0.707106781186545));
#9362=DIRECTION('',(0.707106781186548,-0.707106781186548,0.));
#9363=DIRECTION('',(0.,0.,1.));
#9364=DIRECTION('',(0.707106781186548,0.707106781186548,0.));
#9365=DIRECTION('',(-0.707106781186548,-0.707106781186548,0.));
#9366=DIRECTION('',(0.,0.,-1.));
#9367=DIRECTION('',(0.577350269189626,-0.577350269189626,-0.577350269189626));
#9368=DIRECTION('',(1.,0.,0.));
#9369=DIRECTION('',(0.,0.,-1.));
#9370=DIRECTION('',(-0.707106781186551,0.,-0.707106781186545));
#9371=DIRECTION('',(0.577350269189627,-0.577350269189627,0.577350269189623));
#9372=DIRECTION('',(0.707106781186548,0.707106781186548,0.));
#9373=DIRECTION('',(5.9334287521734E-15,0.707106781186548,0.707106781186548));
#9374=DIRECTION('',(-0.707106781186551,-1.20185167898972E-14,0.707106781186545));
#9375=DIRECTION('',(0.,0.707106781186548,-0.707106781186548));
#9376=DIRECTION('',(-1.,0.,0.));
#9377=DIRECTION('',(-5.9334287521734E-15,0.707106781186548,0.707106781186548));
#9378=DIRECTION('',(0.707106781186545,0.,-0.707106781186551));
#9379=DIRECTION('',(0.,1.,0.));
#9380=DIRECTION('',(-0.707106781186551,1.20185167898972E-14,-0.707106781186545));
#9381=DIRECTION('',(0.707106781186545,0.,0.707106781186551));
#9382=DIRECTION('',(0.,-1.,0.));
#9383=DIRECTION('',(0.707106781186551,0.,-0.707106781186545));
#9384=DIRECTION('',(0.,0.707106781186548,-0.707106781186548));
#9385=DIRECTION('',(1.,0.,0.));
#9386=DIRECTION('',(0.577350269189626,0.577350269189626,0.577350269189626));
#9387=DIRECTION('',(0.577350269189627,0.577350269189627,-0.577350269189623));
#9388=DIRECTION('',(-0.707106781186548,0.707106781186548,0.));
#9389=DIRECTION('',(-0.707106781186548,0.707106781186548,0.));
#9390=DIRECTION('',(1.,0.,0.));
#9391=DIRECTION('',(0.,0.,-1.));
#9392=DIRECTION('',(0.707106781186551,0.,0.707106781186545));
#9393=DIRECTION('',(0.707106781186548,-0.707106781186548,0.));
#9394=DIRECTION('',(0.,0.,1.));
#9395=DIRECTION('',(-0.577350269189626,-0.577350269189626,0.577350269189626));
#9396=DIRECTION('',(0.,-0.707106781186548,-0.707106781186548));
#9397=DIRECTION('',(1.,0.,0.));
#9398=DIRECTION('',(-5.9334287521734E-15,0.707106781186548,-0.707106781186548));
#9399=DIRECTION('',(-0.707106781186548,-0.707106781186548,0.));
#9400=DIRECTION('',(0.,0.,-1.));
#9401=DIRECTION('',(0.707106781186548,-0.707106781186548,0.));
#9402=DIRECTION('',(-0.707106781186545,1.63551297779561E-15,0.707106781186551));
#9403=DIRECTION('',(0.,1.,-2.31296463463574E-15));
#9404=DIRECTION('',(-0.707106781186551,-1.22108130585356E-14,-0.707106781186545));
#9405=DIRECTION('',(0.,-0.707106781186548,-0.707106781186548));
#9406=DIRECTION('',(-1.,0.,0.));
#9407=DIRECTION('',(6.05733246210821E-15,0.707106781186548,-0.707106781186548));
#9408=DIRECTION('',(0.577350269189627,0.577350269189627,0.577350269189623));
#9409=DIRECTION('',(-0.707106781186548,0.707106781186548,0.));
#9410=DIRECTION('',(-0.707106781186551,1.20185167898972E-14,0.707106781186545));
#9411=DIRECTION('',(0.577350269189627,-0.577350269189627,-0.577350269189622));
#9412=DIRECTION('',(0.707106781186548,0.707106781186548,0.));
#9413=DIRECTION('',(-0.707106781186548,-0.707106781186548,0.));
#9414=DIRECTION('',(-0.707106781186545,0.,-0.707106781186551));
#9415=DIRECTION('',(0.,-1.,0.));
#9416=DIRECTION('',(0.707106781186551,1.218305748292E-14,-0.707106781186545));
#9417=DIRECTION('',(0.707106781186548,-0.707106781186548,0.));
#9418=DIRECTION('',(0.,0.,1.));
#9419=DIRECTION('',(0.707106781186548,0.707106781186548,0.));
#9420=DIRECTION('',(0.577350269189627,-0.577350269189627,0.577350269189622));
#9421=DIRECTION('',(0.707106781186548,0.707106781186548,0.));
#9422=DIRECTION('',(-6.05733246210821E-15,-0.707106781186548,-0.707106781186548));
#9423=DIRECTION('',(0.,-0.707106781186548,0.707106781186548));
#9424=DIRECTION('',(-1.,0.,0.));
#9425=DIRECTION('',(0.,-1.,0.));
#9426=DIRECTION('',(0.,0.,-1.));
#9427=DIRECTION('',(0.,0.,1.));
#9428=DIRECTION('',(-1.,0.,0.));
#9429=DIRECTION('',(-1.,0.,0.));
#9430=DIRECTION('',(0.,1.21734980770302E-16,1.));
#9431=DIRECTION('',(0.,-1.,1.21734980770302E-16));
#9432=DIRECTION('',(-1.,0.,0.));
#9433=DIRECTION('',(0.,1.,-1.21734980770302E-16));
#9434=DIRECTION('',(0.,-1.,0.));
#9435=DIRECTION('',(0.,0.,-1.));
#9436=DIRECTION('',(1.,0.,0.));
#9437=DIRECTION('',(0.,0.,1.));
#9438=DIRECTION('',(-1.,0.,0.));
#9439=DIRECTION('',(0.,-1.,0.));
#9440=DIRECTION('',(0.,-1.,0.));
#9441=DIRECTION('',(-0.707106781186548,0.,-0.707106781186548));
#9442=DIRECTION('',(0.,1.,0.));
#9443=DIRECTION('',(0.577350269189625,0.577350269189627,-0.577350269189625));
#9444=DIRECTION('',(0.577350269189627,-0.577350269189624,-0.577350269189627));
#9445=DIRECTION('',(0.,-0.707106781186547,-0.707106781186549));
#9446=DIRECTION('',(1.,0.,0.));
#9447=DIRECTION('',(0.,-0.70710678118655,0.707106781186546));
#9448=DIRECTION('',(-1.,0.,0.));
#9449=DIRECTION('',(0.,0.,1.));
#9450=DIRECTION('',(1.,0.,0.));
#9451=DIRECTION('',(0.,-1.,-1.05134756119806E-16));
#9452=DIRECTION('',(0.,1.05134756119806E-16,-1.));
#9453=DIRECTION('',(1.,0.,0.));
#9454=DIRECTION('',(0.,-1.05134756119806E-16,1.));
#9455=DIRECTION('',(-1.,0.,0.));
#9456=DIRECTION('',(0.,1.05134756119806E-16,-1.));
#9457=DIRECTION('',(0.,-0.985855846669817,0.16759549393387));
#9458=DIRECTION('',(0.,-0.16759549393387,-0.985855846669817));
#9459=DIRECTION('',(-0.317812532150578,0.158906266075289,0.934742741619344));
#9460=DIRECTION('',(0.,0.16759549393387,0.985855846669817));
#9461=DIRECTION('',(-1.,0.,0.));
#9462=DIRECTION('',(0.,-0.16759549393387,-0.985855846669817));
#9463=DIRECTION('',(-0.317812532150578,-0.158906266075289,-0.934742741619344));
#9464=DIRECTION('',(-1.,0.,0.));
#9465=DIRECTION('',(0.,-1.,0.));
#9466=DIRECTION('',(0.,0.,-1.));
#9467=DIRECTION('',(0.,0.,1.));
#9468=DIRECTION('',(-1.,0.,0.));
#9469=DIRECTION('',(0.,0.,-1.));
#9470=DIRECTION('',(-1.,0.,0.));
#9471=DIRECTION('',(0.,-1.,0.));
#9472=DIRECTION('',(0.,0.,-1.));
#9473=DIRECTION('',(0.,0.,-1.));
#9474=DIRECTION('',(1.,0.,0.));
#9475=DIRECTION('',(0.,0.,1.));
#9476=DIRECTION('',(-0.707106781186548,0.,-0.707106781186548));
#9477=DIRECTION('',(0.,0.,-1.));
#9478=DIRECTION('',(0.,0.,1.));
#9479=DIRECTION('',(-0.707106781186547,0.,0.707106781186548));
#9480=DIRECTION('',(0.,0.,1.));
#9481=DIRECTION('',(-1.,0.,0.));
#9482=DIRECTION('',(0.,1.,0.));
#9483=DIRECTION('',(-1.,0.,0.));
#9484=DIRECTION('',(0.,-1.,0.));
#9485=DIRECTION('',(1.,0.,0.));
#9486=DIRECTION('',(-1.,0.,0.));
#9487=DIRECTION('',(0.,0.,-1.));
#9488=DIRECTION('',(1.,0.,0.));
#9489=DIRECTION('',(0.,1.,0.));
#9490=DIRECTION('',(1.,0.,0.));
#9491=DIRECTION('',(0.,1.,0.));
#9492=DIRECTION('',(1.,0.,0.));
#9493=DIRECTION('',(0.,1.,0.));
#9494=DIRECTION('',(1.,0.,0.));
#9495=DIRECTION('',(0.,1.,0.));
#9496=DIRECTION('',(0.,-1.,0.));
#9497=DIRECTION('',(0.,-0.577350269189626,0.816496580927726));
#9498=DIRECTION('',(0.,-0.707106781186554,-0.707106781186541));
#9499=DIRECTION('',(0.,1.,0.));
#9500=DIRECTION('',(0.,-0.707106781186542,0.707106781186554));
#9501=DIRECTION('',(0.,0.,-1.));
#9502=DIRECTION('',(0.,-0.707106781186548,-0.707106781186548));
#9503=DIRECTION('',(0.,1.,0.));
#9504=DIRECTION('',(0.,0.707106781186548,-0.707106781186548));
#9505=DIRECTION('',(0.,0.,-1.));
#9506=DIRECTION('',(0.,0.707106781186548,0.707106781186548));
#9507=DIRECTION('',(0.,1.,0.));
#9508=DIRECTION('',(0.,0.707106781186551,-0.707106781186545));
#9509=DIRECTION('',(0.,0.,1.));
#9510=DIRECTION('',(0.,0.707106781186551,-0.707106781186545));
#9511=DIRECTION('',(0.,-1.,0.));
#9512=DIRECTION('',(0.,-0.707106781186551,-0.707106781186545));
#9513=DIRECTION('',(0.,0.,1.));
#9514=DIRECTION('',(0.,0.707106781186551,0.707106781186545));
#9515=DIRECTION('',(0.,1.,0.));
#9516=DIRECTION('',(0.,-0.707106781186548,-0.707106781186548));
#9517=DIRECTION('',(0.,-4.08170229641602E-16,1.));
#9518=DIRECTION('',(0.,-1.,0.));
#9519=DIRECTION('',(1.,0.,0.));
#9520=DIRECTION('',(0.,0.,-1.));
#9521=DIRECTION('',(0.,-1.,0.));
#9522=DIRECTION('',(0.,0.,-1.));
#9523=DIRECTION('',(-1.,0.,0.));
#9524=DIRECTION('',(0.,0.,-1.));
#9525=DIRECTION('',(1.,0.,0.));
#9526=DIRECTION('',(-1.,0.,0.));
#9527=DIRECTION('',(0.,0.,-1.));
#9528=DIRECTION('',(1.,0.,0.));
#9529=DIRECTION('',(0.,0.,-1.));
#9530=DIRECTION('',(1.,0.,0.));
#9531=DIRECTION('',(0.,0.,-1.));
#9532=DIRECTION('',(1.,0.,0.));
#9533=DIRECTION('',(0.,0.,-1.));
#9534=DIRECTION('',(1.,0.,0.));
#9535=DIRECTION('',(0.,0.,-1.));
#9536=DIRECTION('',(0.,-4.08170229641602E-16,1.));
#9537=DIRECTION('',(0.,0.707106781186548,0.707106781186548));
#9538=DIRECTION('',(0.,1.,0.));
#9539=DIRECTION('',(0.,-0.707106781186551,-0.707106781186545));
#9540=DIRECTION('',(0.,0.707106781186551,0.707106781186545));
#9541=DIRECTION('',(0.,-1.,0.));
#9542=DIRECTION('',(0.,-0.707106781186551,0.707106781186545));
#9543=DIRECTION('',(0.,0.,-1.));
#9544=DIRECTION('',(0.,-0.707106781186551,0.707106781186545));
#9545=DIRECTION('',(0.,1.,0.));
#9546=DIRECTION('',(0.,-0.707106781186548,-0.707106781186548));
#9547=DIRECTION('',(0.,0.,-1.));
#9548=DIRECTION('',(0.,-0.707106781186548,0.707106781186548));
#9549=DIRECTION('',(0.,1.,0.));
#9550=DIRECTION('',(0.,0.707106781186548,0.707106781186548));
#9551=DIRECTION('',(0.,0.,-1.));
#9552=DIRECTION('',(0.,0.707106781186542,-0.707106781186554));
#9553=DIRECTION('',(0.,1.,0.));
#9554=DIRECTION('',(0.,0.707106781186554,0.707106781186541));
#9555=DIRECTION('',(0.,0.577350269189622,-0.816496580927729));
#9556=DIRECTION('',(0.,-1.,0.));
#9557=DIRECTION('',(1.,0.,0.));
#9558=DIRECTION('',(0.,0.,-1.));
#9559=DIRECTION('',(0.,1.,0.));
#9560=DIRECTION('',(0.,0.,1.));
#9561=DIRECTION('',(-1.,0.,0.));
#9562=DIRECTION('',(1.,0.,0.));
#9563=DIRECTION('',(-1.,0.,0.));
#9564=DIRECTION('',(0.,-1.,0.));
#9565=DIRECTION('',(0.,0.,-1.));
#9566=DIRECTION('',(-1.,0.,0.));
#9567=DIRECTION('',(1.,0.,0.));
#9568=DIRECTION('',(0.,0.,1.));
#9569=DIRECTION('',(-1.,0.,0.));
#9570=DIRECTION('',(1.,0.,0.));
#9571=DIRECTION('',(-1.,0.,0.));
#9572=DIRECTION('',(0.,0.,1.));
#9573=DIRECTION('',(-1.,0.,0.));
#9574=DIRECTION('',(-1.,0.,0.));
#9575=DIRECTION('',(1.,0.,0.));
#9576=DIRECTION('',(0.,0.,1.));
#9577=DIRECTION('',(-1.,0.,0.));
#9578=DIRECTION('',(1.,0.,0.));
#9579=DIRECTION('',(-1.,0.,0.));
#9580=DIRECTION('',(0.,1.,0.));
#9581=DIRECTION('',(0.,0.,1.));
#9582=DIRECTION('',(-1.,0.,0.));
#9583=DIRECTION('',(1.,0.,0.));
#9584=DIRECTION('',(0.,1.,0.));
#9585=DIRECTION('',(0.,0.,1.));
#9586=DIRECTION('',(1.,0.,0.));
#9587=DIRECTION('',(-1.,0.,0.));
#9588=DIRECTION('',(0.,0.,-1.));
#9589=DIRECTION('',(1.,0.,0.));
#9590=DIRECTION('',(-1.,0.,0.));
#9591=DIRECTION('',(1.,0.,0.));
#9592=DIRECTION('',(0.,1.,4.08170229641602E-16));
#9593=DIRECTION('',(0.,-4.08170229641602E-16,1.));
#9594=DIRECTION('',(0.707106781186545,2.88619937258048E-16,-0.707106781186551));
#9595=DIRECTION('',(-1.,0.,0.));
#9596=DIRECTION('',(-0.707106781186542,2.8861993725805E-16,-0.707106781186554));
#9597=DIRECTION('',(-1.,0.,0.));
#9598=DIRECTION('',(0.,0.,1.));
#9599=DIRECTION('',(-1.,0.,0.));
#9600=DIRECTION('',(-1.,0.,0.));
#9601=DIRECTION('',(0.,1.,0.));
#9602=DIRECTION('',(0.,-1.,0.));
#9603=DIRECTION('',(-1.,0.,0.));
#9604=DIRECTION('',(0.,1.,0.));
#9605=DIRECTION('',(0.,0.,1.));
#9606=DIRECTION('',(0.,1.,0.));
#9607=DIRECTION('',(0.,1.05134756119806E-16,-1.));
#9608=DIRECTION('',(0.,-0.0698291276999138,-0.997558967141627));
#9609=DIRECTION('',(0.,-1.,0.));
#9610=DIRECTION('',(0.,-0.647648420095542,0.761939317759458));
#9611=DIRECTION('',(0.,0.,1.));
#9612=DIRECTION('',(0.,0.16759549393387,0.985855846669817));
#9613=DIRECTION('',(1.,0.,0.));
#9614=DIRECTION('',(0.,-1.,0.));
#9615=DIRECTION('',(0.,-0.16759549393387,-0.985855846669817));
#9616=DIRECTION('',(0.,0.,-1.));
#9617=DIRECTION('',(0.,0.647648420095542,-0.761939317759458));
#9618=DIRECTION('',(0.,1.,0.));
#9619=DIRECTION('',(0.,0.0698291276999138,0.997558967141627));
#9620=DIRECTION('',(0.,-1.05134756119806E-16,1.));
#9621=DIRECTION('',(0.,-1.,0.));
#9622=DIRECTION('',(0.,0.,-1.));
#9623=DIRECTION('',(0.447213595499959,0.894427190999916,0.));
#9624=DIRECTION('',(0.,0.,1.));
#9625=DIRECTION('',(-0.679851096249158,0.339925548124579,0.649810055832489));
#9626=DIRECTION('',(0.310026025842918,-0.155013012921459,0.93800577243696));
#9627=DIRECTION('',(-0.447213595499959,-0.894427190999916,0.));
#9628=DIRECTION('',(-0.894427190999916,0.447213595499959,0.));
#9629=DIRECTION('',(-0.447213595499959,-0.894427190999916,0.));
#9630=DIRECTION('',(-0.894427190999916,0.447213595499959,0.));
#9631=DIRECTION('',(-0.447213595499959,0.894427190999916,0.));
#9632=DIRECTION('',(0.,0.,-1.));
#9633=DIRECTION('',(0.447213595499959,-0.894427190999916,0.));
#9634=DIRECTION('',(-0.894427190999916,-0.447213595499959,0.));
#9635=DIRECTION('',(0.310026025842916,0.155013012921458,-0.93800577243696));
#9636=DIRECTION('',(-0.679851096249157,-0.339925548124579,-0.649810055832491));
#9637=DIRECTION('',(0.447213595499959,-0.894427190999916,0.));
#9638=DIRECTION('',(-0.894427190999916,-0.447213595499959,0.));
#9639=DIRECTION('',(0.,0.707106781186548,-0.707106781186548));
#9640=DIRECTION('',(1.,0.,0.));
#9641=DIRECTION('',(0.,0.707106781186545,-0.707106781186551));
#9642=DIRECTION('',(1.,0.,0.));
#9643=DIRECTION('',(0.,-0.707106781186548,0.707106781186548));
#9644=DIRECTION('',(1.,0.,0.));
#9645=DIRECTION('',(0.,-0.707106781186548,-0.707106781186548));
#9646=DIRECTION('',(-1.,0.,0.));
#9647=DIRECTION('',(0.,0.707106781186554,0.707106781186542));
#9648=DIRECTION('',(-1.,0.,0.));
#9649=DIRECTION('',(0.,0.707106781186548,-0.707106781186548));
#9650=DIRECTION('',(1.,0.,0.));
#9651=DIRECTION('',(0.,0.707106781186545,0.707106781186551));
#9652=DIRECTION('',(1.,0.,0.));
#9653=DIRECTION('',(0.,0.707106781186545,-0.707106781186551));
#9654=DIRECTION('',(-1.,0.,0.));
#9655=DIRECTION('',(0.,-0.707106781186545,-0.707106781186551));
#9656=DIRECTION('',(-1.,0.,0.));
#9657=DIRECTION('',(0.,-0.707106781186541,0.707106781186554));
#9658=DIRECTION('',(1.,0.,0.));
#9659=DIRECTION('',(1.,0.,0.));
#9660=DIRECTION('',(0.,0.,1.));
#9661=DIRECTION('',(1.,0.,0.));
#9662=DIRECTION('',(0.,0.,-1.));
#9663=DIRECTION('',(1.,0.,0.));
#9664=DIRECTION('',(0.,0.,-1.));
#9665=DIRECTION('',(0.707106781186548,0.,0.707106781186547));
#9666=DIRECTION('',(0.,-1.,0.));
#9667=DIRECTION('',(-0.707106781186547,0.,0.707106781186548));
#9668=DIRECTION('',(0.577350269189625,0.577350269189626,-0.577350269189626));
#9669=DIRECTION('',(-0.707106781186548,0.,0.707106781186548));
#9670=DIRECTION('',(0.,-1.,0.));
#9671=DIRECTION('',(0.577350269189624,-0.577350269189629,0.577350269189624));
#9672=DIRECTION('',(-0.707106781186548,0.,-0.707106781186548));
#9673=DIRECTION('',(0.,0.997558967141627,-0.0698291276999138));
#9674=DIRECTION('',(-1.,0.,0.));
#9675=DIRECTION('',(-1.,0.,0.));
#9676=DIRECTION('',(0.,-0.0698291276999138,-0.997558967141627));
#9677=DIRECTION('',(0.,0.0698291276999138,0.997558967141627));
#9678=DIRECTION('',(0.707106781186551,0.,0.707106781186545));
#9679=DIRECTION('',(0.,1.,0.));
#9680=DIRECTION('',(-0.707106781186545,0.,0.707106781186551));
#9681=DIRECTION('',(0.707106781186554,0.,-0.707106781186541));
#9682=DIRECTION('',(0.,-1.,0.));
#9683=DIRECTION('',(-0.707106781186541,0.,-0.707106781186554));
#9684=DIRECTION('',(1.,0.,0.));
#9685=DIRECTION('',(0.,0.,1.));
#9686=DIRECTION('',(-1.,0.,0.));
#9687=DIRECTION('',(0.,0.,-1.));
#9688=DIRECTION('',(-0.707106781186548,0.707106781186547,7.4341498990709E-17));
#9689=DIRECTION('',(0.,1.05134756119806E-16,-1.));
#9690=DIRECTION('',(0.706890857609191,0.706890857609192,-0.0247109460985286));
#9691=DIRECTION('',(0.707106781186548,0.538772458440364,0.457956589674311));
#9692=DIRECTION('',(0.,-0.647648420095542,0.761939317759458));
#9693=DIRECTION('',(-0.672087451983956,0.310800440429921,0.672087451983952));
#9694=DIRECTION('',(-0.707106781186548,-0.538772458440364,-0.457956589674311));
#9695=DIRECTION('',(-0.707106781186547,0.538772458440365,0.457956589674312));
#9696=DIRECTION('',(-0.387023196793094,0.83691462544761,-0.387023196793087));
#9697=DIRECTION('',(-0.707106781186549,0.538772458440364,0.457956589674311));
#9698=DIRECTION('',(0.,0.647648420095542,-0.761939317759458));
#9699=DIRECTION('',(0.707106781186549,-0.538772458440364,-0.457956589674311));
#9700=DIRECTION('',(-0.707106781186546,-0.538772458440366,-0.457956589674313));
#9701=DIRECTION('',(0.672087451983955,0.310800440429919,0.672087451983955));
#9702=DIRECTION('',(-0.387023196793094,-0.83691462544761,0.387023196793087));
#9703=DIRECTION('',(0.70710678118655,0.707106781186545,7.43414989907088E-17));
#9704=DIRECTION('',(0.,1.05134756119806E-16,-1.));
#9705=DIRECTION('',(-0.706890857609189,0.706890857609194,-0.0247109460985264));
#9706=DIRECTION('',(0.707106781186544,-0.705380710299296,0.0493766497209507));
#9707=DIRECTION('',(0.,-0.0698291276999138,-0.997558967141627));
#9708=DIRECTION('',(-0.706301455054855,-0.707909091655939,0.00172410505970118));
#9709=DIRECTION('',(-0.707106781186545,0.,-0.70710678118655));
#9710=DIRECTION('',(0.,1.,0.));
#9711=DIRECTION('',(-0.706301455054854,0.0477127778985767,0.706301455054849));
#9712=DIRECTION('',(-0.38702319679309,-0.836914625447611,0.387023196793088));
#9713=DIRECTION('',(0.707106781186548,0.,-0.707106781186548));
#9714=DIRECTION('',(0.,1.,0.));
#9715=DIRECTION('',(-0.706301455054852,-0.047712777898583,-0.706301455054852));
#9716=DIRECTION('',(-0.387023196793088,0.836914625447612,-0.387023196793088));
#9717=DIRECTION('',(-0.707106781186546,-0.705380710299294,0.0493766497209505));
#9718=DIRECTION('',(0.,0.0698291276999138,0.997558967141627));
#9719=DIRECTION('',(-0.706301455054853,0.707909091655942,-0.00172410505969521));
#9720=DIRECTION('',(0.565301112166343,-0.56254799543541,0.60330291348136));
#9721=DIRECTION('',(-0.729715437561232,0.,0.683750963571402));
#9722=DIRECTION('',(-2.77555756156289E-17,0.731378536634729,0.681971726796678));
#9723=DIRECTION('',(-0.565301112166342,-0.56254799543541,0.603302913481361));
#9724=DIRECTION('',(-0.729715437561232,0.,-0.683750963571401));
#9725=DIRECTION('',(-9.81974916315456E-17,-0.731378536634729,-0.681971726796678));
#9726=DIRECTION('',(0.,-0.681971726796678,0.731378536634729));
#9727=DIRECTION('',(1.,0.,0.));
#9728=DIRECTION('',(0.707106781186548,0.697105354452633,-0.118507910256948));
#9729=DIRECTION('',(0.,0.16759549393387,0.985855846669817));
#9730=DIRECTION('',(0.705851051472751,-0.705851051472753,0.0595700114958898));
#9731=DIRECTION('',(0.707106781186548,0.707106781186547,0.));
#9732=DIRECTION('',(0.,0.,1.));
#9733=DIRECTION('',(0.678598344545844,-0.678598344545846,0.281084637714829));
#9734=DIRECTION('',(0.5,0.707106781186551,0.5));
#9735=DIRECTION('',(0.707106781186547,0.,-0.707106781186548));
#9736=DIRECTION('',(-0.5,0.707106781186548,0.5));
#9737=DIRECTION('',(0.707106781186548,0.,0.707106781186548));
#9738=DIRECTION('',(-0.678598344545845,-0.678598344545848,0.281084637714824));
#9739=DIRECTION('',(-0.707106781186549,0.707106781186546,0.));
#9740=DIRECTION('',(0.,0.,-1.));
#9741=DIRECTION('',(-0.705851051472751,-0.705851051472754,0.0595700114958899));
#9742=DIRECTION('',(-0.707106781186549,0.697105354452632,-0.118507910256948));
#9743=DIRECTION('',(0.,-0.16759549393387,-0.985855846669817));
#9744=DIRECTION('',(-1.,0.,0.));
#9745=DIRECTION('',(0.,0.,-1.));
#9746=DIRECTION('',(-1.,0.,0.));
#9747=DIRECTION('',(-1.,0.,0.));
#9748=DIRECTION('',(0.,0.,-1.));
#9749=DIRECTION('',(0.,0.41973299840759,0.907647624382819));
#9750=DIRECTION('',(1.,0.,0.));
#9751=DIRECTION('',(-1.,0.,0.));
#9752=DIRECTION('',(0.,0.,-1.));
#9753=DIRECTION('',(-1.,0.,0.));
#9754=DIRECTION('',(0.,0.,-1.));
#9755=DIRECTION('',(-1.,0.,0.));
#9756=DIRECTION('',(0.,0.,-1.));
#9757=DIRECTION('',(-1.,0.,0.));
#9758=DIRECTION('',(0.,0.,-1.));
#9759=DIRECTION('',(0.,0.,1.));
#9760=DIRECTION('',(1.,0.,0.));
#9761=DIRECTION('',(0.,-1.,-1.05134756119806E-16));
#9762=DIRECTION('',(0.,1.05134756119806E-16,-1.));
#9763=DIRECTION('',(-1.,0.,0.));
#9764=DIRECTION('',(0.,1.05134756119806E-16,-1.));
#9765=DIRECTION('',(1.,0.,0.));
#9766=DIRECTION('',(0.,-1.05134756119806E-16,1.));
#9767=DIRECTION('',(0.,-0.985855846669817,0.16759549393387));
#9768=DIRECTION('',(0.,-0.16759549393387,-0.985855846669817));
#9769=DIRECTION('',(0.317812532150578,0.158906266075289,0.934742741619344));
#9770=DIRECTION('',(1.,0.,0.));
#9771=DIRECTION('',(0.317812532150578,-0.158906266075289,-0.934742741619344));
#9772=DIRECTION('',(0.,-0.16759549393387,-0.985855846669817));
#9773=DIRECTION('',(1.,0.,0.));
#9774=DIRECTION('',(0.,0.16759549393387,0.985855846669817));
#9775=DIRECTION('',(0.,-1.,0.));
#9776=DIRECTION('',(0.,0.,-1.));
#9777=DIRECTION('',(0.,0.,1.));
#9778=DIRECTION('',(1.,0.,0.));
#9779=DIRECTION('',(0.,0.,-1.));
#9780=DIRECTION('',(1.,0.,0.));
#9781=DIRECTION('',(0.,-1.,0.));
#9782=DIRECTION('',(0.,0.,-1.));
#9783=DIRECTION('',(0.,0.,-1.));
#9784=DIRECTION('',(0.707106781186547,0.,0.707106781186548));
#9785=DIRECTION('',(0.,0.,1.));
#9786=DIRECTION('',(0.,0.,-1.));
#9787=DIRECTION('',(0.707106781186548,0.,-0.707106781186548));
#9788=DIRECTION('',(0.,0.,1.));
#9789=DIRECTION('',(-1.,0.,0.));
#9790=DIRECTION('',(0.,0.,1.));
#9791=DIRECTION('',(1.,0.,0.));
#9792=DIRECTION('',(0.,1.,0.));
#9793=DIRECTION('',(-1.,0.,0.));
#9794=DIRECTION('',(0.,-1.,0.));
#9795=DIRECTION('',(1.,0.,0.));
#9796=DIRECTION('',(1.,0.,0.));
#9797=DIRECTION('',(0.,0.,-1.));
#9798=DIRECTION('',(1.,0.,0.));
#9799=DIRECTION('',(0.,1.,0.));
#9800=DIRECTION('',(1.,0.,0.));
#9801=DIRECTION('',(0.,1.,0.));
#9802=DIRECTION('',(1.,0.,0.));
#9803=DIRECTION('',(0.,1.,0.));
#9804=DIRECTION('',(1.,0.,0.));
#9805=DIRECTION('',(0.,1.,0.));
#9806=DIRECTION('',(0.,-1.,0.));
#9807=DIRECTION('',(1.,0.,0.));
#9808=DIRECTION('',(0.,0.,-1.));
#9809=DIRECTION('',(0.,-1.,0.));
#9810=DIRECTION('',(0.,-4.08170229641602E-16,1.));
#9811=DIRECTION('',(0.,-0.707106781186548,-0.707106781186548));
#9812=DIRECTION('',(0.,1.,0.));
#9813=DIRECTION('',(0.,0.707106781186551,0.707106781186545));
#9814=DIRECTION('',(0.,0.,1.));
#9815=DIRECTION('',(0.,-0.707106781186551,-0.707106781186545));
#9816=DIRECTION('',(0.,-1.,0.));
#9817=DIRECTION('',(0.,0.707106781186551,-0.707106781186545));
#9818=DIRECTION('',(0.,0.,1.));
#9819=DIRECTION('',(0.,0.707106781186551,-0.707106781186545));
#9820=DIRECTION('',(0.,1.,0.));
#9821=DIRECTION('',(0.,0.707106781186548,0.707106781186548));
#9822=DIRECTION('',(0.,0.,-1.));
#9823=DIRECTION('',(0.,0.707106781186548,-0.707106781186548));
#9824=DIRECTION('',(0.,1.,0.));
#9825=DIRECTION('',(0.,-0.707106781186548,-0.707106781186548));
#9826=DIRECTION('',(0.,0.,-1.));
#9827=DIRECTION('',(0.,-0.707106781186542,0.707106781186554));
#9828=DIRECTION('',(0.,1.,0.));
#9829=DIRECTION('',(0.,-0.707106781186554,-0.707106781186541));
#9830=DIRECTION('',(0.,-0.577350269189626,0.816496580927726));
#9831=DIRECTION('',(0.,-1.,0.));
#9832=DIRECTION('',(0.,0.,-1.));
#9833=DIRECTION('',(-1.,0.,0.));
#9834=DIRECTION('',(0.,0.,-1.));
#9835=DIRECTION('',(1.,0.,0.));
#9836=DIRECTION('',(1.,0.,0.));
#9837=DIRECTION('',(0.,0.,-1.));
#9838=DIRECTION('',(1.,0.,0.));
#9839=DIRECTION('',(0.,0.,-1.));
#9840=DIRECTION('',(1.,0.,0.));
#9841=DIRECTION('',(0.,0.,-1.));
#9842=DIRECTION('',(1.,0.,0.));
#9843=DIRECTION('',(0.,0.,-1.));
#9844=DIRECTION('',(1.,0.,0.));
#9845=DIRECTION('',(0.,0.,-1.));
#9846=DIRECTION('',(0.,-4.08170229641602E-16,1.));
#9847=DIRECTION('',(0.,1.,0.));
#9848=DIRECTION('',(1.,0.,0.));
#9849=DIRECTION('',(0.,0.,-1.));
#9850=DIRECTION('',(0.,-1.,0.));
#9851=DIRECTION('',(0.,0.577350269189622,-0.816496580927729));
#9852=DIRECTION('',(0.,0.707106781186554,0.707106781186541));
#9853=DIRECTION('',(0.,1.,0.));
#9854=DIRECTION('',(0.,0.707106781186542,-0.707106781186554));
#9855=DIRECTION('',(0.,0.,-1.));
#9856=DIRECTION('',(0.,0.707106781186548,0.707106781186548));
#9857=DIRECTION('',(0.,1.,0.));
#9858=DIRECTION('',(0.,-0.707106781186548,0.707106781186548));
#9859=DIRECTION('',(0.,0.,-1.));
#9860=DIRECTION('',(0.,-0.707106781186548,-0.707106781186548));
#9861=DIRECTION('',(0.,1.,0.));
#9862=DIRECTION('',(0.,-0.707106781186551,0.707106781186545));
#9863=DIRECTION('',(0.,0.,-1.));
#9864=DIRECTION('',(0.,-0.707106781186551,0.707106781186545));
#9865=DIRECTION('',(0.,-1.,0.));
#9866=DIRECTION('',(0.,0.707106781186551,0.707106781186545));
#9867=DIRECTION('',(0.,-0.707106781186551,-0.707106781186545));
#9868=DIRECTION('',(0.,1.,0.));
#9869=DIRECTION('',(0.,0.707106781186548,0.707106781186548));
#9870=DIRECTION('',(0.,0.,1.));
#9871=DIRECTION('',(1.,0.,0.));
#9872=DIRECTION('',(1.,0.,0.));
#9873=DIRECTION('',(-1.,0.,0.));
#9874=DIRECTION('',(0.,-1.,0.));
#9875=DIRECTION('',(0.,0.,-1.));
#9876=DIRECTION('',(-1.,0.,0.));
#9877=DIRECTION('',(1.,0.,0.));
#9878=DIRECTION('',(0.,0.,1.));
#9879=DIRECTION('',(1.,0.,0.));
#9880=DIRECTION('',(1.,0.,0.));
#9881=DIRECTION('',(-1.,0.,0.));
#9882=DIRECTION('',(0.,0.,1.));
#9883=DIRECTION('',(1.,0.,0.));
#9884=DIRECTION('',(-1.,0.,0.));
#9885=DIRECTION('',(1.,0.,0.));
#9886=DIRECTION('',(0.,0.,1.));
#9887=DIRECTION('',(1.,0.,0.));
#9888=DIRECTION('',(1.,0.,0.));
#9889=DIRECTION('',(-1.,0.,0.));
#9890=DIRECTION('',(0.,1.,0.));
#9891=DIRECTION('',(0.,0.,1.));
#9892=DIRECTION('',(-1.,0.,0.));
#9893=DIRECTION('',(1.,0.,0.));
#9894=DIRECTION('',(0.,1.,0.));
#9895=DIRECTION('',(0.,0.,1.));
#9896=DIRECTION('',(1.,0.,0.));
#9897=DIRECTION('',(-1.,0.,0.));
#9898=DIRECTION('',(0.,0.,-1.));
#9899=DIRECTION('',(-1.,0.,0.));
#9900=DIRECTION('',(-1.,0.,0.));
#9901=DIRECTION('',(1.,0.,0.));
#9902=DIRECTION('',(0.,1.,4.08170229641602E-16));
#9903=DIRECTION('',(0.,-4.08170229641602E-16,1.));
#9904=DIRECTION('',(1.,0.,0.));
#9905=DIRECTION('',(0.707106781186542,2.8861993725805E-16,-0.707106781186554));
#9906=DIRECTION('',(1.,0.,0.));
#9907=DIRECTION('',(-0.707106781186545,2.88619937258048E-16,-0.707106781186551));
#9908=DIRECTION('',(0.,0.,1.));
#9909=DIRECTION('',(1.,0.,0.));
#9910=DIRECTION('',(1.,0.,0.));
#9911=DIRECTION('',(0.,-1.,0.));
#9912=DIRECTION('',(0.,1.,0.));
#9913=DIRECTION('',(1.,0.,0.));
#9914=DIRECTION('',(0.,1.,0.));
#9915=DIRECTION('',(0.,0.,1.));
#9916=DIRECTION('',(0.,0.16759549393387,0.985855846669817));
#9917=DIRECTION('',(0.,0.,1.));
#9918=DIRECTION('',(0.,-0.647648420095542,0.761939317759458));
#9919=DIRECTION('',(0.,-1.,0.));
#9920=DIRECTION('',(0.,-0.0698291276999138,-0.997558967141627));
#9921=DIRECTION('',(0.,1.05134756119806E-16,-1.));
#9922=DIRECTION('',(0.,1.,0.));
#9923=DIRECTION('',(-1.,0.,0.));
#9924=DIRECTION('',(0.,-1.,0.));
#9925=DIRECTION('',(0.,-0.16759549393387,-0.985855846669817));
#9926=DIRECTION('',(0.,0.,-1.));
#9927=DIRECTION('',(0.,-1.,0.));
#9928=DIRECTION('',(0.,-1.05134756119806E-16,1.));
#9929=DIRECTION('',(0.,0.0698291276999138,0.997558967141627));
#9930=DIRECTION('',(0.,1.,0.));
#9931=DIRECTION('',(0.,0.647648420095542,-0.761939317759458));
#9932=DIRECTION('',(0.,0.,-1.));
#9933=DIRECTION('',(-0.447213595499959,0.894427190999916,0.));
#9934=DIRECTION('',(0.,0.,1.));
#9935=DIRECTION('',(0.679851096249158,0.339925548124579,0.649810055832489));
#9936=DIRECTION('',(-0.447213595499959,0.894427190999916,0.));
#9937=DIRECTION('',(0.894427190999916,0.447213595499959,0.));
#9938=DIRECTION('',(-0.447213595499959,0.894427190999916,0.));
#9939=DIRECTION('',(0.894427190999916,0.447213595499959,0.));
#9940=DIRECTION('',(-0.310026025842918,-0.155013012921459,0.93800577243696));
#9941=DIRECTION('',(0.447213595499959,0.894427190999916,0.));
#9942=DIRECTION('',(0.,0.,-1.));
#9943=DIRECTION('',(0.447213595499959,0.894427190999916,0.));
#9944=DIRECTION('',(0.894427190999916,-0.447213595499959,0.));
#9945=DIRECTION('',(0.679851096249157,-0.339925548124579,-0.649810055832491));
#9946=DIRECTION('',(-0.310026025842916,0.155013012921458,-0.93800577243696));
#9947=DIRECTION('',(0.447213595499959,0.894427190999916,0.));
#9948=DIRECTION('',(0.894427190999916,-0.447213595499959,0.));
#9949=DIRECTION('',(0.,0.707106781186548,-0.707106781186548));
#9950=DIRECTION('',(-1.,0.,0.));
#9951=DIRECTION('',(0.,0.707106781186545,-0.707106781186551));
#9952=DIRECTION('',(-1.,0.,0.));
#9953=DIRECTION('',(0.,-0.707106781186548,0.707106781186548));
#9954=DIRECTION('',(-1.,0.,0.));
#9955=DIRECTION('',(0.,-0.707106781186548,-0.707106781186548));
#9956=DIRECTION('',(1.,0.,0.));
#9957=DIRECTION('',(0.,0.707106781186554,0.707106781186542));
#9958=DIRECTION('',(1.,0.,0.));
#9959=DIRECTION('',(0.,0.707106781186548,-0.707106781186548));
#9960=DIRECTION('',(-1.,0.,0.));
#9961=DIRECTION('',(0.,0.707106781186545,0.707106781186551));
#9962=DIRECTION('',(-1.,0.,0.));
#9963=DIRECTION('',(0.,0.707106781186545,-0.707106781186551));
#9964=DIRECTION('',(1.,0.,0.));
#9965=DIRECTION('',(0.,-0.707106781186545,-0.707106781186551));
#9966=DIRECTION('',(1.,0.,0.));
#9967=DIRECTION('',(0.,-0.707106781186541,0.707106781186554));
#9968=DIRECTION('',(-1.,0.,0.));
#9969=DIRECTION('',(-1.,0.,0.));
#9970=DIRECTION('',(0.,0.,1.));
#9971=DIRECTION('',(1.,0.,0.));
#9972=DIRECTION('',(0.,0.,-1.));
#9973=DIRECTION('',(1.,0.,0.));
#9974=DIRECTION('',(0.,0.,-1.));
#9975=DIRECTION('',(-0.707106781186548,0.,0.707106781186547));
#9976=DIRECTION('',(0.,-1.,0.));
#9977=DIRECTION('',(-0.577350269189625,0.577350269189626,-0.577350269189626));
#9978=DIRECTION('',(0.707106781186547,0.,0.707106781186548));
#9979=DIRECTION('',(0.707106781186548,0.,0.707106781186548));
#9980=DIRECTION('',(0.,-1.,0.));
#9981=DIRECTION('',(-0.577350269189624,-0.577350269189629,0.577350269189624));
#9982=DIRECTION('',(0.707106781186548,0.,-0.707106781186548));
#9983=DIRECTION('',(0.,0.997558967141627,-0.0698291276999138));
#9984=DIRECTION('',(1.,0.,0.));
#9985=DIRECTION('',(1.,0.,0.));
#9986=DIRECTION('',(0.,0.0698291276999138,0.997558967141627));
#9987=DIRECTION('',(0.,-0.0698291276999138,-0.997558967141627));
#9988=DIRECTION('',(-0.707106781186551,0.,0.707106781186545));
#9989=DIRECTION('',(0.,1.,0.));
#9990=DIRECTION('',(0.707106781186545,0.,0.707106781186551));
#9991=DIRECTION('',(-0.707106781186554,0.,-0.707106781186541));
#9992=DIRECTION('',(0.,-1.,0.));
#9993=DIRECTION('',(0.707106781186541,0.,-0.707106781186554));
#9994=DIRECTION('',(-1.,0.,0.));
#9995=DIRECTION('',(0.,0.,1.));
#9996=DIRECTION('',(1.,0.,0.));
#9997=DIRECTION('',(0.,0.,-1.));
#9998=DIRECTION('',(0.707106781186548,0.707106781186547,7.4341498990709E-17));
#9999=DIRECTION('',(0.,1.05134756119806E-16,-1.));
#10000=DIRECTION('',(-0.706890857609191,0.706890857609192,-0.0247109460985286));
#10001=DIRECTION('',(-0.707106781186548,0.538772458440364,0.457956589674311));
#10002=DIRECTION('',(0.,-0.647648420095542,0.761939317759458));
#10003=DIRECTION('',(0.672087451983956,0.310800440429921,0.672087451983952));
#10004=DIRECTION('',(0.387023196793094,0.83691462544761,-0.387023196793087));
#10005=DIRECTION('',(-0.707106781186548,0.538772458440364,0.457956589674311));
#10006=DIRECTION('',(0.707106781186547,0.538772458440365,0.457956589674312));
#10007=DIRECTION('',(0.707106781186549,0.538772458440364,0.457956589674311));
#10008=DIRECTION('',(0.,0.647648420095542,-0.761939317759458));
#10009=DIRECTION('',(0.707106781186549,0.538772458440364,0.457956589674311));
#10010=DIRECTION('',(0.707106781186546,-0.538772458440366,-0.457956589674313));
#10011=DIRECTION('',(0.387023196793094,-0.83691462544761,0.387023196793087));
#10012=DIRECTION('',(-0.672087451983955,0.310800440429919,0.672087451983955));
#10013=DIRECTION('',(-0.70710678118655,0.707106781186545,7.43414989907088E-17));
#10014=DIRECTION('',(0.,1.05134756119806E-16,-1.));
#10015=DIRECTION('',(0.706890857609189,0.706890857609194,-0.0247109460985264));
#10016=DIRECTION('',(-0.707106781186544,-0.705380710299296,0.0493766497209507));
#10017=DIRECTION('',(0.,-0.0698291276999138,-0.997558967141627));
#10018=DIRECTION('',(0.706301455054855,-0.707909091655939,0.00172410505970118));
#10019=DIRECTION('',(0.707106781186545,0.,-0.70710678118655));
#10020=DIRECTION('',(0.,1.,0.));
#10021=DIRECTION('',(0.38702319679309,-0.836914625447611,0.387023196793088));
#10022=DIRECTION('',(0.706301455054854,0.0477127778985767,0.706301455054849));
#10023=DIRECTION('',(-0.707106781186548,0.,-0.707106781186548));
#10024=DIRECTION('',(0.,1.,0.));
#10025=DIRECTION('',(0.387023196793088,0.836914625447612,-0.387023196793088));
#10026=DIRECTION('',(0.706301455054852,-0.047712777898583,-0.706301455054852));
#10027=DIRECTION('',(0.707106781186546,-0.705380710299294,0.0493766497209505));
#10028=DIRECTION('',(0.,0.0698291276999138,0.997558967141627));
#10029=DIRECTION('',(0.706301455054853,0.707909091655942,-0.00172410505969521));
#10030=DIRECTION('',(-0.565301112166343,-0.56254799543541,0.60330291348136));
#10031=DIRECTION('',(0.729715437561232,0.,0.683750963571402));
#10032=DIRECTION('',(2.77555756156289E-17,0.731378536634729,0.681971726796678));
#10033=DIRECTION('',(0.565301112166342,-0.56254799543541,0.603302913481361));
#10034=DIRECTION('',(0.729715437561232,0.,-0.683750963571401));
#10035=DIRECTION('',(9.81974916315456E-17,-0.731378536634729,-0.681971726796678));
#10036=DIRECTION('',(0.,-0.681971726796678,0.731378536634729));
#10037=DIRECTION('',(-1.,0.,0.));
#10038=DIRECTION('',(-0.707106781186548,0.697105354452633,-0.118507910256948));
#10039=DIRECTION('',(0.,0.16759549393387,0.985855846669817));
#10040=DIRECTION('',(-0.705851051472751,-0.705851051472753,0.0595700114958898));
#10041=DIRECTION('',(-0.707106781186548,0.707106781186547,0.));
#10042=DIRECTION('',(0.,0.,1.));
#10043=DIRECTION('',(-0.678598344545844,-0.678598344545846,0.281084637714829));
#10044=DIRECTION('',(-0.5,0.707106781186551,0.5));
#10045=DIRECTION('',(-0.707106781186547,0.,-0.707106781186548));
#10046=DIRECTION('',(0.5,0.707106781186548,0.5));
#10047=DIRECTION('',(-0.707106781186548,0.,0.707106781186548));
#10048=DIRECTION('',(0.678598344545845,-0.678598344545848,0.281084637714824));
#10049=DIRECTION('',(0.707106781186549,0.707106781186546,0.));
#10050=DIRECTION('',(0.,0.,-1.));
#10051=DIRECTION('',(0.705851051472751,-0.705851051472754,0.0595700114958899));
#10052=DIRECTION('',(0.707106781186549,0.697105354452632,-0.118507910256948));
#10053=DIRECTION('',(0.,-0.16759549393387,-0.985855846669817));
#10054=DIRECTION('',(1.,0.,0.));
#10055=DIRECTION('',(0.,0.,-1.));
#10056=DIRECTION('',(1.,0.,0.));
#10057=DIRECTION('',(1.,0.,0.));
#10058=DIRECTION('',(0.,0.,-1.));
#10059=DIRECTION('',(0.,0.41973299840759,0.907647624382819));
#10060=DIRECTION('',(-1.,0.,0.));
#10061=DIRECTION('',(1.,0.,0.));
#10062=DIRECTION('',(0.,0.,-1.));
#10063=DIRECTION('',(1.,0.,0.));
#10064=DIRECTION('',(0.,0.,-1.));
#10065=DIRECTION('',(1.,0.,0.));
#10066=DIRECTION('',(0.,0.,-1.));
#10067=DIRECTION('',(1.,0.,0.));
#10068=DIRECTION('',(0.,0.,-1.));
#10069=DIRECTION('',(0.,0.,1.));
#10070=DIRECTION('',(1.,0.,0.));
#10071=DIRECTION('',(1.,0.,0.));
#10072=DIRECTION('',(0.,0.,-1.));
#10073=DIRECTION('',(0.,-0.833333333333332,0.552770798392569));
#10074=DIRECTION('',(0.,1.,0.));
#10075=DIRECTION('',(0.,-0.833333333333333,-0.552770798392567));
#10076=DIRECTION('',(1.,0.,0.));
#10077=DIRECTION('',(0.,0.,-1.));
#10078=DIRECTION('',(0.,0.833333333333334,-0.552770798392566));
#10079=DIRECTION('',(0.,-1.,1.04083408558608E-14));
#10080=DIRECTION('',(0.,0.833333333333332,0.552770798392569));
#10081=DIRECTION('',(1.,0.,0.));
#10082=DIRECTION('',(0.,0.,-1.));
#10083=DIRECTION('',(0.,-0.833333333333333,0.552770798392567));
#10084=DIRECTION('',(0.,1.,0.));
#10085=DIRECTION('',(0.,-0.833333333333332,-0.552770798392569));
#10086=DIRECTION('',(1.,0.,0.));
#10087=DIRECTION('',(0.,0.,-1.));
#10088=DIRECTION('',(0.,0.833333333333332,-0.552770798392569));
#10089=DIRECTION('',(0.,-1.,-1.04083408558608E-14));
#10090=DIRECTION('',(0.,0.833333333333334,0.552770798392566));
#10091=DIRECTION('',(1.,0.,0.));
#10092=DIRECTION('',(0.,0.,-1.));
#10093=DIRECTION('',(0.,-0.833333333333333,0.552770798392568));
#10094=DIRECTION('',(0.,1.,9.10729824887829E-15));
#10095=DIRECTION('',(0.,-0.833333333333333,-0.552770798392568));
#10096=DIRECTION('',(1.,0.,0.));
#10097=DIRECTION('',(0.,0.,-1.));
#10098=DIRECTION('',(0.,0.833333333333333,-0.552770798392568));
#10099=DIRECTION('',(0.,-1.,9.10729824887829E-15));
#10100=DIRECTION('',(0.,0.833333333333333,0.552770798392568));
#10101=DIRECTION('',(1.,0.,0.));
#10102=DIRECTION('',(0.,0.,-1.));
#10103=DIRECTION('',(0.,-0.833333333333333,0.552770798392568));
#10104=DIRECTION('',(0.,1.,-9.10729824887829E-15));
#10105=DIRECTION('',(0.,-0.833333333333333,-0.552770798392568));
#10106=DIRECTION('',(1.,0.,0.));
#10107=DIRECTION('',(0.,0.,-1.));
#10108=DIRECTION('',(0.,0.833333333333333,-0.552770798392568));
#10109=DIRECTION('',(0.,-1.,-9.10729824887829E-15));
#10110=DIRECTION('',(0.,0.833333333333333,0.552770798392568));
#10111=DIRECTION('',(1.,0.,0.));
#10112=DIRECTION('',(0.,0.,-1.));
#10113=DIRECTION('',(0.,0.,1.));
#10114=DIRECTION('',(0.,0.707106781186552,0.707106781186544));
#10115=DIRECTION('',(0.,-1.,0.));
#10116=DIRECTION('',(0.,0.707106781186542,-0.707106781186554));
#10117=DIRECTION('',(0.,0.,-1.));
#10118=DIRECTION('',(0.,0.707106781186548,0.707106781186548));
#10119=DIRECTION('',(0.,1.,0.));
#10120=DIRECTION('',(0.,-0.707106781186548,0.707106781186548));
#10121=DIRECTION('',(0.,0.,-1.));
#10122=DIRECTION('',(0.,-0.707106781186548,-0.707106781186548));
#10123=DIRECTION('',(0.,-1.,0.));
#10124=DIRECTION('',(0.,-0.707106781186549,0.707106781186547));
#10125=DIRECTION('',(0.,0.,1.));
#10126=DIRECTION('',(0.,-1.,-1.21734980770302E-16));
#10127=DIRECTION('',(1.,0.,0.));
#10128=DIRECTION('',(0.,0.,-1.));
#10129=DIRECTION('',(0.,-1.,0.));
#10130=DIRECTION('',(0.,0.707106781186552,0.707106781186544));
#10131=DIRECTION('',(0.,0.,1.));
#10132=DIRECTION('',(0.,-1.,-1.21734980770302E-16));
#10133=DIRECTION('',(0.,0.,1.));
#10134=DIRECTION('',(0.,-0.707106781186549,0.707106781186547));
#10135=DIRECTION('',(0.,-1.,0.));
#10136=DIRECTION('',(0.,0.707106781186548,0.707106781186548));
#10137=DIRECTION('',(0.,0.,-1.));
#10138=DIRECTION('',(0.,0.707106781186548,-0.707106781186548));
#10139=DIRECTION('',(0.,1.,0.));
#10140=DIRECTION('',(0.,-0.707106781186548,-0.707106781186548));
#10141=DIRECTION('',(0.,0.,-1.));
#10142=DIRECTION('',(0.,-0.707106781186542,0.707106781186554));
#10143=DIRECTION('',(0.,0.833333333333333,0.552770798392568));
#10144=DIRECTION('',(0.,-1.,9.10729824887829E-15));
#10145=DIRECTION('',(0.,0.833333333333333,-0.552770798392568));
#10146=DIRECTION('',(1.,0.,0.));
#10147=DIRECTION('',(0.,0.,-1.));
#10148=DIRECTION('',(0.,-0.833333333333333,-0.552770798392568));
#10149=DIRECTION('',(0.,1.,9.10729824887829E-15));
#10150=DIRECTION('',(0.,-0.833333333333333,0.552770798392568));
#10151=DIRECTION('',(1.,0.,0.));
#10152=DIRECTION('',(0.,0.,-1.));
#10153=DIRECTION('',(0.,0.833333333333333,0.552770798392568));
#10154=DIRECTION('',(0.,-1.,-9.10729824887829E-15));
#10155=DIRECTION('',(0.,0.833333333333333,-0.552770798392568));
#10156=DIRECTION('',(1.,0.,0.));
#10157=DIRECTION('',(0.,0.,-1.));
#10158=DIRECTION('',(0.,-0.833333333333333,-0.552770798392568));
#10159=DIRECTION('',(0.,1.,-9.10729824887829E-15));
#10160=DIRECTION('',(0.,-0.833333333333333,0.552770798392568));
#10161=DIRECTION('',(1.,0.,0.));
#10162=DIRECTION('',(0.,0.,-1.));
#10163=DIRECTION('',(0.,0.833333333333332,0.552770798392569));
#10164=DIRECTION('',(0.,-1.,0.));
#10165=DIRECTION('',(0.,0.833333333333333,-0.552770798392567));
#10166=DIRECTION('',(1.,0.,0.));
#10167=DIRECTION('',(0.,0.,-1.));
#10168=DIRECTION('',(0.,-0.833333333333334,-0.552770798392566));
#10169=DIRECTION('',(0.,1.,1.04083408558608E-14));
#10170=DIRECTION('',(0.,-0.833333333333332,0.552770798392569));
#10171=DIRECTION('',(1.,0.,0.));
#10172=DIRECTION('',(0.,0.,-1.));
#10173=DIRECTION('',(0.,0.833333333333333,0.552770798392567));
#10174=DIRECTION('',(0.,-1.,0.));
#10175=DIRECTION('',(0.,0.833333333333332,-0.552770798392569));
#10176=DIRECTION('',(1.,0.,0.));
#10177=DIRECTION('',(0.,0.,-1.));
#10178=DIRECTION('',(0.,-0.833333333333332,-0.552770798392569));
#10179=DIRECTION('',(0.,1.,-1.04083408558608E-14));
#10180=DIRECTION('',(0.,-0.833333333333334,0.552770798392566));
#10181=DIRECTION('',(1.,0.,0.));
#10182=DIRECTION('',(0.,0.,-1.));
#10183=DIRECTION('',(1.,0.,0.));
#10184=DIRECTION('',(0.,0.,-1.));
#10185=DIRECTION('',(1.,0.,0.));
#10186=DIRECTION('',(0.,0.,-1.));
#10187=DIRECTION('',(1.,0.,0.));
#10188=DIRECTION('',(1.,0.,0.));
#10189=DIRECTION('',(0.,0.,-1.));
#10190=DIRECTION('',(1.,0.,0.));
#10191=DIRECTION('',(1.,0.,0.));
#10192=DIRECTION('',(0.,0.,-1.));
#10193=DIRECTION('',(1.,0.,0.));
#10194=DIRECTION('',(0.,0.,-1.));
#10195=DIRECTION('',(1.,0.,0.));
#10196=DIRECTION('',(1.,0.,0.));
#10197=DIRECTION('',(0.,0.,-1.));
#10198=DIRECTION('',(1.,0.,0.));
#10199=DIRECTION('',(1.,0.,0.));
#10200=DIRECTION('',(0.,0.,-1.));
#10201=DIRECTION('',(1.,0.,0.));
#10202=DIRECTION('',(0.,0.,-1.));
#10203=DIRECTION('',(1.,0.,0.));
#10204=DIRECTION('',(1.,0.,0.));
#10205=DIRECTION('',(0.,0.,-1.));
#10206=DIRECTION('',(1.,0.,0.));
#10207=DIRECTION('',(1.,0.,0.));
#10208=DIRECTION('',(0.,0.,-1.));
#10209=DIRECTION('',(1.,0.,0.));
#10210=DIRECTION('',(0.,0.,-1.));
#10211=DIRECTION('',(1.,0.,0.));
#10212=DIRECTION('',(1.,0.,0.));
#10213=DIRECTION('',(0.,0.,-1.));
#10214=DIRECTION('',(1.,0.,0.));
#10215=DIRECTION('',(1.,0.,0.));
#10216=DIRECTION('',(0.,0.,-1.));
#10217=DIRECTION('',(1.,0.,0.));
#10218=DIRECTION('',(0.,0.,-1.));
#10219=DIRECTION('',(1.,0.,0.));
#10220=DIRECTION('',(1.,0.,0.));
#10221=DIRECTION('',(0.,0.,-1.));
#10222=DIRECTION('',(1.,0.,0.));
#10223=DIRECTION('',(1.,0.,0.));
#10224=DIRECTION('',(0.,0.,-1.));
#10225=DIRECTION('',(1.,0.,0.));
#10226=DIRECTION('',(0.,0.,-1.));
#10227=DIRECTION('',(1.,0.,0.));
#10228=DIRECTION('',(1.,0.,0.));
#10229=DIRECTION('',(0.,0.,-1.));
#10230=DIRECTION('',(1.,0.,0.));
#10231=DIRECTION('',(1.,0.,0.));
#10232=DIRECTION('',(0.,0.,-1.));
#10233=DIRECTION('',(1.,0.,0.));
#10234=DIRECTION('',(0.,0.,-1.));
#10235=DIRECTION('',(1.,0.,0.));
#10236=DIRECTION('',(1.,0.,0.));
#10237=DIRECTION('',(0.,0.,-1.));
#10238=DIRECTION('',(1.,0.,0.));
#10239=DIRECTION('',(1.,0.,0.));
#10240=DIRECTION('',(0.,0.,-1.));
#10241=DIRECTION('',(1.,0.,0.));
#10242=DIRECTION('',(0.,0.,-1.));
#10243=DIRECTION('',(1.,0.,0.));
#10244=DIRECTION('',(1.,0.,0.));
#10245=DIRECTION('',(0.,0.,-1.));
#10246=DIRECTION('',(1.,0.,0.));
#10247=DIRECTION('',(0.,0.,1.));
#10248=DIRECTION('',(1.,0.,0.));
#10249=DIRECTION('',(1.,0.,0.));
#10250=DIRECTION('',(0.,1.,0.));
#10251=DIRECTION('',(-1.,0.,0.));
#10252=DIRECTION('',(1.,0.,0.));
#10253=DIRECTION('',(-1.,0.,0.));
#10254=DIRECTION('',(0.,-1.,0.));
#10255=DIRECTION('',(1.,0.,0.));
#10256=DIRECTION('',(-1.,0.,0.));
#10257=DIRECTION('',(0.,0.,1.));
#10258=DIRECTION('',(1.,0.,0.));
#10259=DIRECTION('',(1.,0.,0.));
#10260=DIRECTION('',(-1.,0.,0.));
#10261=DIRECTION('',(0.,1.,0.));
#10262=DIRECTION('',(0.,0.,1.));
#10263=DIRECTION('',(-1.,0.,0.));
#10264=DIRECTION('',(1.,0.,0.));
#10265=DIRECTION('',(0.,1.,0.));
#10266=DIRECTION('',(0.,0.,1.));
#10267=DIRECTION('',(1.,0.,0.));
#10268=DIRECTION('',(-1.,0.,0.));
#10269=DIRECTION('',(0.,0.552770798392568,0.833333333333333));
#10270=DIRECTION('',(0.,-0.833333333333333,0.552770798392568));
#10271=DIRECTION('',(-1.,0.,0.));
#10272=DIRECTION('',(0.,-0.833333333333333,0.552770798392568));
#10273=DIRECTION('',(1.,0.,0.));
#10274=DIRECTION('',(0.,0.833333333333333,-0.552770798392568));
#10275=DIRECTION('',(0.,0.552770798392568,-0.833333333333333));
#10276=DIRECTION('',(0.,0.833333333333333,0.552770798392568));
#10277=DIRECTION('',(-1.,0.,0.));
#10278=DIRECTION('',(0.,-0.833333333333333,-0.552770798392568));
#10279=DIRECTION('',(1.,0.,0.));
#10280=DIRECTION('',(0.,0.833333333333333,0.552770798392568));
#10281=DIRECTION('',(0.,-0.552770798392568,-0.833333333333333));
#10282=DIRECTION('',(0.,0.833333333333333,-0.552770798392568));
#10283=DIRECTION('',(-1.,0.,0.));
#10284=DIRECTION('',(0.,0.833333333333333,-0.552770798392568));
#10285=DIRECTION('',(1.,0.,0.));
#10286=DIRECTION('',(0.,-0.833333333333333,0.552770798392568));
#10287=DIRECTION('',(0.,-0.552770798392568,0.833333333333333));
#10288=DIRECTION('',(0.,-0.833333333333333,-0.552770798392568));
#10289=DIRECTION('',(-1.,0.,0.));
#10290=DIRECTION('',(0.,0.833333333333333,0.552770798392568));
#10291=DIRECTION('',(1.,0.,0.));
#10292=DIRECTION('',(0.,-0.833333333333333,-0.552770798392568));
#10293=DIRECTION('',(0.,0.552770798392569,0.833333333333332));
#10294=DIRECTION('',(0.,-0.833333333333332,0.552770798392569));
#10295=DIRECTION('',(-1.,0.,0.));
#10296=DIRECTION('',(0.,-0.833333333333332,0.552770798392569));
#10297=DIRECTION('',(1.,0.,0.));
#10298=DIRECTION('',(0.,0.833333333333332,-0.552770798392569));
#10299=DIRECTION('',(0.,0.552770798392566,-0.833333333333334));
#10300=DIRECTION('',(0.,0.833333333333334,0.552770798392566));
#10301=DIRECTION('',(-1.,0.,0.));
#10302=DIRECTION('',(0.,-0.833333333333334,-0.552770798392566));
#10303=DIRECTION('',(1.,0.,0.));
#10304=DIRECTION('',(0.,0.833333333333334,0.552770798392566));
#10305=DIRECTION('',(0.,-0.552770798392567,-0.833333333333333));
#10306=DIRECTION('',(0.,0.833333333333333,-0.552770798392567));
#10307=DIRECTION('',(-1.,0.,0.));
#10308=DIRECTION('',(0.,0.833333333333333,-0.552770798392567));
#10309=DIRECTION('',(1.,0.,0.));
#10310=DIRECTION('',(0.,-0.833333333333333,0.552770798392567));
#10311=DIRECTION('',(0.,-0.552770798392569,0.833333333333332));
#10312=DIRECTION('',(0.,-0.833333333333332,-0.552770798392569));
#10313=DIRECTION('',(-1.,0.,0.));
#10314=DIRECTION('',(0.,0.833333333333332,0.552770798392569));
#10315=DIRECTION('',(1.,0.,0.));
#10316=DIRECTION('',(0.,-0.833333333333332,-0.552770798392569));
#10317=DIRECTION('',(0.,0.552770798392568,-0.833333333333333));
#10318=DIRECTION('',(0.,0.833333333333333,0.552770798392568));
#10319=DIRECTION('',(-1.,0.,0.));
#10320=DIRECTION('',(0.,-0.833333333333333,-0.552770798392568));
#10321=DIRECTION('',(1.,0.,0.));
#10322=DIRECTION('',(0.,0.833333333333333,0.552770798392568));
#10323=DIRECTION('',(0.,0.552770798392568,0.833333333333333));
#10324=DIRECTION('',(0.,-0.833333333333333,0.552770798392568));
#10325=DIRECTION('',(-1.,0.,0.));
#10326=DIRECTION('',(0.,-0.833333333333333,0.552770798392568));
#10327=DIRECTION('',(1.,0.,0.));
#10328=DIRECTION('',(0.,0.833333333333333,-0.552770798392568));
#10329=DIRECTION('',(0.,-0.552770798392568,0.833333333333333));
#10330=DIRECTION('',(0.,-0.833333333333333,-0.552770798392568));
#10331=DIRECTION('',(-1.,0.,0.));
#10332=DIRECTION('',(0.,0.833333333333333,0.552770798392568));
#10333=DIRECTION('',(1.,0.,0.));
#10334=DIRECTION('',(0.,-0.833333333333333,-0.552770798392568));
#10335=DIRECTION('',(0.,-0.552770798392568,-0.833333333333333));
#10336=DIRECTION('',(0.,0.833333333333333,-0.552770798392568));
#10337=DIRECTION('',(-1.,0.,0.));
#10338=DIRECTION('',(0.,0.833333333333333,-0.552770798392568));
#10339=DIRECTION('',(1.,0.,0.));
#10340=DIRECTION('',(0.,-0.833333333333333,0.552770798392568));
#10341=DIRECTION('',(0.,0.552770798392569,-0.833333333333332));
#10342=DIRECTION('',(0.,0.833333333333332,0.552770798392569));
#10343=DIRECTION('',(-1.,0.,0.));
#10344=DIRECTION('',(0.,-0.833333333333332,-0.552770798392569));
#10345=DIRECTION('',(1.,0.,0.));
#10346=DIRECTION('',(0.,0.833333333333332,0.552770798392569));
#10347=DIRECTION('',(0.,0.552770798392566,0.833333333333334));
#10348=DIRECTION('',(0.,-0.833333333333334,0.552770798392566));
#10349=DIRECTION('',(-1.,0.,0.));
#10350=DIRECTION('',(0.,-0.833333333333334,0.552770798392566));
#10351=DIRECTION('',(1.,0.,0.));
#10352=DIRECTION('',(0.,0.833333333333334,-0.552770798392566));
#10353=DIRECTION('',(0.,-0.552770798392567,0.833333333333333));
#10354=DIRECTION('',(0.,-0.833333333333333,-0.552770798392567));
#10355=DIRECTION('',(-1.,0.,0.));
#10356=DIRECTION('',(0.,0.833333333333333,0.552770798392567));
#10357=DIRECTION('',(1.,0.,0.));
#10358=DIRECTION('',(0.,-0.833333333333333,-0.552770798392567));
#10359=DIRECTION('',(0.,-0.552770798392569,-0.833333333333332));
#10360=DIRECTION('',(0.,0.833333333333332,-0.552770798392569));
#10361=DIRECTION('',(-1.,0.,0.));
#10362=DIRECTION('',(0.,0.833333333333332,-0.552770798392569));
#10363=DIRECTION('',(1.,0.,0.));
#10364=DIRECTION('',(0.,-0.833333333333332,0.552770798392569));
#10365=DIRECTION('',(1.,0.,0.));
#10366=DIRECTION('',(0.,0.,-1.));
#10367=DIRECTION('',(-0.707106781186547,-0.700958936860992,0.093040683760975));
#10368=DIRECTION('',(0.707106781186547,0.700958936860992,0.0930406837609674));
#10369=DIRECTION('',(-0.707106781186545,-0.390867979985284,-0.589255650988794));
#10370=DIRECTION('',(0.707106781186537,0.390867979985292,-0.589255650988798));
#10371=DIRECTION('',(-0.707106781186552,0.390867979985284,0.589255650988785));
#10372=DIRECTION('',(0.,0.833333333333333,-0.552770798392568));
#10373=DIRECTION('',(0.707106781186545,0.390867979985284,0.589255650988794));
#10374=DIRECTION('',(0.,0.810727717899622,0.585423408678941));
#10375=DIRECTION('',(1.,0.,0.));
#10376=DIRECTION('',(-1.,0.,0.));
#10377=DIRECTION('',(0.,0.,1.));
#10378=DIRECTION('',(-0.707106781186547,0.700958936860992,-0.093040683760975));
#10379=DIRECTION('',(0.707106781186547,-0.700958936860992,-0.0930406837609674));
#10380=DIRECTION('',(0.,0.810727717899616,-0.58542340867895));
#10381=DIRECTION('',(1.,0.,0.));
#10382=DIRECTION('',(0.707106781186557,-0.390867979985281,0.589255650988781));
#10383=DIRECTION('',(0.,-0.833333333333333,-0.552770798392568));
#10384=DIRECTION('',(-0.707106781186537,-0.390867979985292,0.589255650988798));
#10385=DIRECTION('',(0.640184399664481,-5.16402451779225E-15,-0.768221279597375));
#10386=DIRECTION('',(-0.768221279597375,0.,-0.640184399664481));
#10387=DIRECTION('',(-0.707106781186544,0.39086797998529,-0.589255650988791));
#10388=DIRECTION('',(0.,1.,-9.10729824887829E-15));
#10389=DIRECTION('',(-0.70710678118655,0.390867979985285,0.589255650988787));
#10390=DIRECTION('',(0.70710678118654,-0.39086797998529,0.589255650988795));
#10391=DIRECTION('',(0.640184399664494,-7.66274605865943E-15,0.768221279597364));
#10392=DIRECTION('',(0.768221279597364,0.,-0.640184399664494));
#10393=DIRECTION('',(0.,-1.,-9.10729824887829E-15));
#10394=DIRECTION('',(0.70710678118654,-0.390867979985292,-0.589255650988794));
#10395=DIRECTION('',(0.707106781186551,0.390867979985284,-0.589255650988786));
#10396=DIRECTION('',(0.,0.833333333333333,0.552770798392568));
#10397=DIRECTION('',(0.707106781186544,-0.39086797998529,0.589255650988792));
#10398=DIRECTION('',(0.,9.10729824887829E-15,1.));
#10399=DIRECTION('',(1.,0.,0.));
#10400=DIRECTION('',(0.,-1.,9.10729824887829E-15));
#10401=DIRECTION('',(-0.707106781186545,-0.390867979985288,-0.589255650988791));
#10402=DIRECTION('',(0.,0.833333333333333,-0.552770798392568));
#10403=DIRECTION('',(0.707106781186549,-0.390867979985284,-0.589255650988788));
#10404=DIRECTION('',(0.707106781186553,0.390867979985283,-0.589255650988784));
#10405=DIRECTION('',(0.,-0.833333333333333,-0.552770798392568));
#10406=DIRECTION('',(-0.70710678118654,0.39086797998529,-0.589255650988795));
#10407=DIRECTION('',(0.,9.10729824887829E-15,-1.));
#10408=DIRECTION('',(1.,0.,0.));
#10409=DIRECTION('',(0.,1.,9.10729824887829E-15));
#10410=DIRECTION('',(-0.707106781186552,-0.390867979985284,-0.589255650988785));
#10411=DIRECTION('',(0.,-0.833333333333333,0.552770798392568));
#10412=DIRECTION('',(-0.70710678118654,0.390867979985292,0.589255650988794));
#10413=DIRECTION('',(1.,0.,0.));
#10414=DIRECTION('',(0.,0.,-1.));
#10415=DIRECTION('',(-0.707106781186544,0.700958936860995,-0.0930406837609731));
#10416=DIRECTION('',(0.707106781186544,-0.700958936860995,-0.0930406837609746));
#10417=DIRECTION('',(-0.640184399664481,-7.66274605865948E-15,-0.768221279597375));
#10418=DIRECTION('',(-0.768221279597375,0.,0.640184399664481));
#10419=DIRECTION('',(-0.707106781186557,-0.390867979985281,0.589255650988781));
#10420=DIRECTION('',(-0.640184399664476,-1.4326003500972E-14,0.768221279597379));
#10421=DIRECTION('',(0.768221279597379,0.,0.640184399664476));
#10422=DIRECTION('',(0.707106781186545,0.39086797998529,0.589255650988789));
#10423=DIRECTION('',(0.,-0.810727717899611,0.585423408678957));
#10424=DIRECTION('',(1.,0.,0.));
#10425=DIRECTION('',(0.707106781186539,-0.390867979985291,0.589255650988796));
#10426=DIRECTION('',(0.,0.833333333333333,0.552770798392568));
#10427=DIRECTION('',(0.707106781186557,0.390867979985281,-0.589255650988781));
#10428=DIRECTION('',(-0.707106781186551,0.390867979985284,0.589255650988786));
#10429=DIRECTION('',(0.,-0.833333333333333,0.552770798392568));
#10430=DIRECTION('',(-0.707106781186545,-0.39086797998529,-0.589255650988789));
#10431=DIRECTION('',(0.,-0.810727717899613,-0.585423408678955));
#10432=DIRECTION('',(1.,0.,0.));
#10433=DIRECTION('',(-0.707106781186544,-0.700958936860995,0.0930406837609731));
#10434=DIRECTION('',(0.707106781186544,0.700958936860995,0.0930406837609746));
#10435=DIRECTION('',(-1.,0.,0.));
#10436=DIRECTION('',(0.,0.,1.));
#10437=DIRECTION('',(1.,0.,0.));
#10438=DIRECTION('',(0.,0.,-1.));
#10439=DIRECTION('',(-0.707106781186546,-0.700958936860991,0.0930406837609887));
#10440=DIRECTION('',(0.70710678118654,0.700958936860998,0.0930406837609757));
#10441=DIRECTION('',(0.707106781186538,0.390867979985293,-0.589255650988796));
#10442=DIRECTION('',(-0.707106781186551,-0.390867979985289,-0.589255650988784));
#10443=DIRECTION('',(0.,0.810727717899609,-0.58542340867896));
#10444=DIRECTION('',(1.,0.,0.));
#10445=DIRECTION('',(0.707106781186552,-0.390867979985284,0.589255650988785));
#10446=DIRECTION('',(0.,-0.833333333333332,-0.552770798392569));
#10447=DIRECTION('',(-0.707106781186541,-0.390867979985282,0.589255650988799));
#10448=DIRECTION('',(-0.707106781186551,0.390867979985285,0.589255650988786));
#10449=DIRECTION('',(0.,0.833333333333332,-0.552770798392569));
#10450=DIRECTION('',(0.707106781186546,0.390867979985286,0.589255650988792));
#10451=DIRECTION('',(0.,0.810727717899611,0.585423408678957));
#10452=DIRECTION('',(1.,0.,0.));
#10453=DIRECTION('',(-1.,0.,0.));
#10454=DIRECTION('',(0.,0.,1.));
#10455=DIRECTION('',(0.707106781186546,-0.700958936860992,-0.0930406837609765));
#10456=DIRECTION('',(-0.707106781186546,0.700958936860991,-0.0930406837609887));
#10457=DIRECTION('',(0.70710678118655,-0.390867979985283,0.589255650988788));
#10458=DIRECTION('',(0.640184399664486,1.04946304716423E-14,0.768221279597371));
#10459=DIRECTION('',(0.768221279597371,0.,-0.640184399664486));
#10460=DIRECTION('',(0.,-1.,1.04083408558608E-14));
#10461=DIRECTION('',(0.707106781186553,-0.390867979985279,-0.589255650988788));
#10462=DIRECTION('',(0.640184399664474,-8.32907180289079E-16,-0.768221279597381));
#10463=DIRECTION('',(-0.768221279597381,0.,-0.640184399664474));
#10464=DIRECTION('',(-0.707106781186553,0.390867979985283,-0.589255650988785));
#10465=DIRECTION('',(0.,1.,0.));
#10466=DIRECTION('',(-0.70710678118655,0.390867979985283,0.589255650988788));
#10467=DIRECTION('',(0.707106781186548,0.390867979985287,-0.589255650988788));
#10468=DIRECTION('',(0.,-0.833333333333332,-0.552770798392569));
#10469=DIRECTION('',(-0.70710678118655,0.390867979985283,-0.589255650988788));
#10470=DIRECTION('',(0.,-1.04083408558608E-14,-1.));
#10471=DIRECTION('',(1.,0.,0.));
#10472=DIRECTION('',(0.,1.,-1.04083408558608E-14));
#10473=DIRECTION('',(-0.707106781186543,-0.390867979985287,-0.589255650988794));
#10474=DIRECTION('',(0.,-0.833333333333334,0.552770798392566));
#10475=DIRECTION('',(-0.707106781186553,0.390867979985279,0.589255650988788));
#10476=DIRECTION('',(1.,0.,0.));
#10477=DIRECTION('',(0.,0.,-1.));
#10478=DIRECTION('',(-0.707106781186543,0.700958936860994,-0.0930406837609883));
#10479=DIRECTION('',(0.707106781186543,-0.700958936860994,-0.0930406837609883));
#10480=DIRECTION('',(0.707106781186541,0.390867979985289,-0.589255650988795));
#10481=DIRECTION('',(0.,0.833333333333333,0.552770798392567));
#10482=DIRECTION('',(0.707106781186555,-0.390867979985278,0.589255650988786));
#10483=DIRECTION('',(0.,0.,1.));
#10484=DIRECTION('',(1.,0.,0.));
#10485=DIRECTION('',(0.,-1.,0.));
#10486=DIRECTION('',(-0.707106781186548,-0.390867979985287,-0.589255650988788));
#10487=DIRECTION('',(0.,0.833333333333332,-0.552770798392569));
#10488=DIRECTION('',(0.70710678118655,-0.390867979985283,-0.589255650988788));
#10489=DIRECTION('',(-0.640184399664474,9.66172329135329E-15,0.76822127959738));
#10490=DIRECTION('',(0.76822127959738,0.,0.640184399664474));
#10491=DIRECTION('',(0.707106781186556,0.390867979985282,0.589255650988783));
#10492=DIRECTION('',(-0.640184399664478,0.,-0.768221279597378));
#10493=DIRECTION('',(-0.768221279597378,0.,0.640184399664478));
#10494=DIRECTION('',(-0.707106781186557,-0.390867979985281,0.589255650988781));
#10495=DIRECTION('',(-0.707106781186541,0.390867979985289,0.589255650988796));
#10496=DIRECTION('',(0.,-0.833333333333334,0.552770798392566));
#10497=DIRECTION('',(-0.707106781186556,-0.390867979985282,-0.589255650988783));
#10498=DIRECTION('',(0.,-0.81072771789961,-0.585423408678958));
#10499=DIRECTION('',(1.,0.,0.));
#10500=DIRECTION('',(0.,-0.810727717899606,0.585423408678964));
#10501=DIRECTION('',(1.,0.,0.));
#10502=DIRECTION('',(0.707106781186539,-0.39086797998529,0.589255650988797));
#10503=DIRECTION('',(0.,0.833333333333333,0.552770798392567));
#10504=DIRECTION('',(0.707106781186559,0.390867979985276,-0.589255650988783));
#10505=DIRECTION('',(0.707106781186546,0.700958936860991,0.0930406837609887));
#10506=DIRECTION('',(-0.707106781186546,-0.700958936860991,0.0930406837609887));
#10507=DIRECTION('',(-1.,0.,0.));
#10508=DIRECTION('',(0.,0.,1.));
#10509=DIRECTION('',(1.,0.,0.));
#10510=DIRECTION('',(0.,0.,-1.));
#10511=DIRECTION('',(-0.707106781186547,0.700958936860992,-0.0930406837609643));
#10512=DIRECTION('',(0.707106781186546,-0.700958936860992,-0.0930406837609765));
#10513=DIRECTION('',(-0.707106781186549,0.390867979985284,0.589255650988789));
#10514=DIRECTION('',(0.707106781186547,-0.390867979985285,0.589255650988791));
#10515=DIRECTION('',(-0.707106781186548,-0.390867979985287,-0.589255650988789));
#10516=DIRECTION('',(0.,-0.833333333333332,0.552770798392569));
#10517=DIRECTION('',(0.707106781186549,-0.390867979985284,-0.589255650988789));
#10518=DIRECTION('',(0.,-0.810727717899609,-0.58542340867896));
#10519=DIRECTION('',(1.,0.,0.));
#10520=DIRECTION('',(-1.,0.,0.));
#10521=DIRECTION('',(0.,0.,1.));
#10522=DIRECTION('',(-0.707106781186547,-0.700958936860992,0.0930406837609643));
#10523=DIRECTION('',(0.707106781186546,0.700958936860992,0.0930406837609765));
#10524=DIRECTION('',(0.,-0.810727717899621,0.585423408678944));
#10525=DIRECTION('',(1.,0.,0.));
#10526=DIRECTION('',(0.707106781186551,0.390867979985285,-0.589255650988786));
#10527=DIRECTION('',(0.,0.833333333333332,0.552770798392569));
#10528=DIRECTION('',(-0.707106781186547,0.390867979985285,-0.589255650988791));
#10529=DIRECTION('',(0.640184399664485,-1.13275376519314E-14,0.768221279597371));
#10530=DIRECTION('',(0.768221279597371,0.,-0.640184399664485));
#10531=DIRECTION('',(-0.707106781186547,-0.390867979985285,0.589255650988791));
#10532=DIRECTION('',(0.,-1.,-1.04083408558608E-14));
#10533=DIRECTION('',(-0.707106781186549,-0.390867979985284,-0.589255650988789));
#10534=DIRECTION('',(0.707106781186555,0.390867979985286,-0.58925565098878));
#10535=DIRECTION('',(0.640184399664481,-1.66581436057818E-15,-0.768221279597375));
#10536=DIRECTION('',(-0.768221279597375,0.,-0.640184399664481));
#10537=DIRECTION('',(0.,1.,0.));
#10538=DIRECTION('',(0.707106781186545,0.390867979985286,0.589255650988793));
#10539=DIRECTION('',(0.707106781186546,-0.390867979985286,0.589255650988791));
#10540=DIRECTION('',(0.,-0.833333333333334,-0.552770798392566));
#10541=DIRECTION('',(0.707106781186547,0.390867979985285,-0.589255650988791));
#10542=DIRECTION('',(0.,1.04083408558608E-14,-1.));
#10543=DIRECTION('',(1.,0.,0.));
#10544=DIRECTION('',(0.,1.,1.04083408558608E-14));
#10545=DIRECTION('',(-0.707106781186548,0.390867979985287,0.589255650988788));
#10546=DIRECTION('',(0.,-0.833333333333332,0.552770798392569));
#10547=DIRECTION('',(0.707106781186549,0.390867979985284,0.589255650988789));
#10548=DIRECTION('',(0.707106781186545,-0.390867979985288,0.589255650988791));
#10549=DIRECTION('',(0.,0.833333333333332,0.552770798392569));
#10550=DIRECTION('',(-0.70710678118655,-0.390867979985283,0.589255650988788));
#10551=DIRECTION('',(0.,0.,1.));
#10552=DIRECTION('',(1.,0.,0.));
#10553=DIRECTION('',(0.,-1.,0.));
#10554=DIRECTION('',(-0.707106781186545,0.390867979985287,0.589255650988792));
#10555=DIRECTION('',(0.,0.833333333333333,-0.552770798392567));
#10556=DIRECTION('',(-0.707106781186547,-0.390867979985281,-0.589255650988794));
#10557=DIRECTION('',(1.,0.,0.));
#10558=DIRECTION('',(0.,0.,-1.));
#10559=DIRECTION('',(-0.707106781186543,-0.700958936860995,0.0930406837609761));
#10560=DIRECTION('',(0.707106781186543,0.700958936860995,0.0930406837609761));
#10561=DIRECTION('',(-0.640184399664477,-6.330094570197E-15,0.768221279597378));
#10562=DIRECTION('',(0.768221279597378,0.,0.640184399664477));
#10563=DIRECTION('',(-0.70710678118655,0.390867979985283,-0.589255650988788));
#10564=DIRECTION('',(-0.640184399664469,8.32907180289072E-16,-0.768221279597385));
#10565=DIRECTION('',(-0.768221279597385,0.,0.640184399664469));
#10566=DIRECTION('',(0.707106781186558,-0.390867979985281,-0.589255650988781));
#10567=DIRECTION('',(0.,0.810727717899612,-0.585423408678955));
#10568=DIRECTION('',(1.,0.,0.));
#10569=DIRECTION('',(0.707106781186541,0.390867979985289,-0.589255650988796));
#10570=DIRECTION('',(0.,-0.833333333333334,-0.552770798392566));
#10571=DIRECTION('',(0.70710678118655,-0.390867979985283,0.589255650988788));
#10572=DIRECTION('',(-0.707106781186539,-0.39086797998529,-0.589255650988797));
#10573=DIRECTION('',(0.,0.833333333333333,-0.552770798392567));
#10574=DIRECTION('',(-0.707106781186558,0.390867979985281,0.589255650988781));
#10575=DIRECTION('',(0.,0.810727717899608,0.585423408678962));
#10576=DIRECTION('',(1.,0.,0.));
#10577=DIRECTION('',(-0.707106781186543,0.700958936860995,-0.0930406837609761));
#10578=DIRECTION('',(0.707106781186543,-0.700958936860995,-0.0930406837609761));
#10579=DIRECTION('',(-1.,0.,0.));
#10580=DIRECTION('',(0.,0.,1.));
#10581=DIRECTION('',(1.,0.,0.));
#10582=DIRECTION('',(0.,0.,-1.));
#10583=DIRECTION('',(-0.707106781186553,0.700958936860986,-0.0930406837609712));
#10584=DIRECTION('',(0.707106781186553,-0.700958936860986,-0.0930406837609712));
#10585=DIRECTION('',(0.707106781186546,-0.390867979985285,0.589255650988792));
#10586=DIRECTION('',(-0.707106781186537,0.390867979985292,0.589255650988798));
#10587=DIRECTION('',(0.,-0.810727717899621,0.585423408678943));
#10588=DIRECTION('',(1.,0.,0.));
#10589=DIRECTION('',(0.707106781186549,0.390867979985286,-0.589255650988788));
#10590=DIRECTION('',(0.,0.833333333333333,0.552770798392568));
#10591=DIRECTION('',(-0.707106781186546,0.390867979985285,-0.589255650988792));
#10592=DIRECTION('',(-0.707106781186557,-0.390867979985281,-0.589255650988781));
#10593=DIRECTION('',(0.,-0.833333333333333,0.552770798392568));
#10594=DIRECTION('',(0.707106781186537,-0.390867979985292,-0.589255650988798));
#10595=DIRECTION('',(0.,-0.810727717899621,-0.585423408678943));
#10596=DIRECTION('',(1.,0.,0.));
#10597=DIRECTION('',(-1.,0.,0.));
#10598=DIRECTION('',(0.,0.,1.));
#10599=DIRECTION('',(0.707106781186547,0.700958936860992,0.093040683760972));
#10600=DIRECTION('',(-0.707106781186547,-0.700958936860992,0.093040683760972));
#10601=DIRECTION('',(0.70710678118655,0.390867979985283,-0.589255650988789));
#10602=DIRECTION('',(0.640184399664484,5.9969316980813E-15,-0.768221279597372));
#10603=DIRECTION('',(-0.768221279597372,0.,-0.640184399664485));
#10604=DIRECTION('',(0.,1.,9.10729824887829E-15));
#10605=DIRECTION('',(0.707106781186555,0.390867979985284,0.589255650988783));
#10606=DIRECTION('',(0.64018439966448,5.99693169808134E-15,0.768221279597376));
#10607=DIRECTION('',(0.768221279597376,0.,-0.64018439966448));
#10608=DIRECTION('',(-0.707106781186545,-0.39086797998529,0.58925565098879));
#10609=DIRECTION('',(0.,-1.,9.10729824887829E-15));
#10610=DIRECTION('',(-0.70710678118654,-0.39086797998529,-0.589255650988796));
#10611=DIRECTION('',(0.707106781186545,-0.390867979985288,0.589255650988791));
#10612=DIRECTION('',(0.,0.833333333333333,0.552770798392568));
#10613=DIRECTION('',(-0.70710678118655,-0.390867979985283,0.589255650988789));
#10614=DIRECTION('',(0.,-9.10729824887829E-15,1.));
#10615=DIRECTION('',(1.,0.,0.));
#10616=DIRECTION('',(0.,-1.,-9.10729824887829E-15));
#10617=DIRECTION('',(-0.707106781186539,0.390867979985291,0.589255650988796));
#10618=DIRECTION('',(0.,0.833333333333333,-0.552770798392568));
#10619=DIRECTION('',(-0.707106781186555,-0.390867979985284,-0.589255650988783));
#10620=DIRECTION('',(1.,0.,0.));
#10621=DIRECTION('',(0.,0.,-1.));
#10622=DIRECTION('',(-0.707106781186546,-0.700958936860992,0.093040683760978));
#10623=DIRECTION('',(0.707106781186546,0.700958936860992,0.093040683760978));
#10624=DIRECTION('',(0.707106781186549,-0.390867979985286,0.589255650988788));
#10625=DIRECTION('',(0.,-0.833333333333333,-0.552770798392568));
#10626=DIRECTION('',(0.707106781186545,0.39086797998529,-0.58925565098879));
#10627=DIRECTION('',(0.,-9.10729824887829E-15,-1.));
#10628=DIRECTION('',(1.,0.,0.));
#10629=DIRECTION('',(0.,1.,-9.10729824887829E-15));
#10630=DIRECTION('',(-0.707106781186553,0.390867979985283,0.589255650988784));
#10631=DIRECTION('',(0.,-0.833333333333333,0.552770798392568));
#10632=DIRECTION('',(0.70710678118654,0.39086797998529,0.589255650988795));
#10633=DIRECTION('',(-0.640184399664468,5.99693169808141E-15,-0.768221279597386));
#10634=DIRECTION('',(-0.768221279597386,0.,0.640184399664468));
#10635=DIRECTION('',(0.707106781186557,-0.390867979985281,-0.589255650988781));
#10636=DIRECTION('',(-0.640184399664489,5.99693169808127E-15,0.768221279597368));
#10637=DIRECTION('',(0.768221279597368,0.,0.640184399664489));
#10638=DIRECTION('',(-0.707106781186542,0.390867979985291,-0.589255650988792));
#10639=DIRECTION('',(-0.707106781186539,-0.390867979985291,-0.589255650988796));
#10640=DIRECTION('',(0.,0.833333333333333,-0.552770798392568));
#10641=DIRECTION('',(-0.707106781186557,0.390867979985281,0.589255650988781));
#10642=DIRECTION('',(0.,0.81072771789961,0.585423408678959));
#10643=DIRECTION('',(1.,0.,0.));
#10644=DIRECTION('',(0.,0.81072771789961,-0.585423408678959));
#10645=DIRECTION('',(1.,0.,0.));
#10646=DIRECTION('',(0.707106781186551,0.390867979985284,-0.589255650988786));
#10647=DIRECTION('',(0.,-0.833333333333333,-0.552770798392568));
#10648=DIRECTION('',(0.707106781186542,-0.390867979985291,0.589255650988792));
#10649=DIRECTION('',(0.707106781186546,-0.700958936860992,-0.093040683760978));
#10650=DIRECTION('',(-0.707106781186546,0.700958936860992,-0.093040683760978));
#10651=DIRECTION('',(-1.,0.,0.));
#10652=DIRECTION('',(0.,0.,1.));
#10653=DIRECTION('',(0.,-0.707106781186548,0.707106781186548));
#10654=DIRECTION('',(-1.,0.,0.));
#10655=DIRECTION('',(0.,-0.707106781186548,-0.707106781186548));
#10656=DIRECTION('',(1.,0.,0.));
#10657=DIRECTION('',(0.,0.707106781186554,0.707106781186542));
#10658=DIRECTION('',(1.,0.,0.));
#10659=DIRECTION('',(0.,0.707106781186548,-0.707106781186548));
#10660=DIRECTION('',(-1.,0.,0.));
#10661=DIRECTION('',(0.,1.,0.));
#10662=DIRECTION('',(0.,0.,1.));
#10663=DIRECTION('',(0.,0.,1.));
#10664=DIRECTION('',(1.,0.,0.));
#10665=DIRECTION('',(1.,0.,0.));
#10666=DIRECTION('',(0.,-1.21734980770302E-16,1.));
#10667=DIRECTION('',(0.,-1.,-1.21734980770302E-16));
#10668=DIRECTION('',(1.,0.,0.));
#10669=DIRECTION('',(0.,-1.,-1.21734980770302E-16));
#10670=DIRECTION('',(0.,1.,0.));
#10671=DIRECTION('',(0.,0.,1.));
#10672=DIRECTION('',(-1.,0.,0.));
#10673=DIRECTION('',(0.,0.,1.));
#10674=DIRECTION('',(1.,0.,0.));
#10675=DIRECTION('',(0.,1.,0.));
#10676=DIRECTION('',(0.,1.,0.));
#10677=DIRECTION('',(0.707106781186548,0.,-0.707106781186547));
#10678=DIRECTION('',(0.,1.,0.));
#10679=DIRECTION('',(-0.577350269189625,0.577350269189627,-0.577350269189626));
#10680=DIRECTION('',(-0.577350269189623,-0.577350269189631,-0.577350269189624));
#10681=DIRECTION('',(0.,0.707106781186544,-0.707106781186552));
#10682=DIRECTION('',(-1.,0.,0.));
#10683=DIRECTION('',(0.,0.707106781186547,0.707106781186549));
#10684=DIRECTION('',(1.,0.,0.));
#10685=DIRECTION('',(0.,-1.,0.));
#10686=DIRECTION('',(0.,0.,-1.));
#10687=DIRECTION('',(0.,0.,1.));
#10688=DIRECTION('',(-1.,0.,0.));
#10689=DIRECTION('',(-1.,0.,0.));
#10690=DIRECTION('',(0.,1.21734980770302E-16,-1.));
#10691=DIRECTION('',(0.,1.,1.21734980770302E-16));
#10692=DIRECTION('',(-1.,0.,0.));
#10693=DIRECTION('',(0.,-1.,-1.21734980770302E-16));
#10694=DIRECTION('',(0.,-1.,0.));
#10695=DIRECTION('',(0.,0.,-1.));
#10696=DIRECTION('',(1.,0.,0.));
#10697=DIRECTION('',(0.,0.,1.));
#10698=DIRECTION('',(-1.,0.,0.));
#10699=DIRECTION('',(0.,1.,0.));
#10700=DIRECTION('',(0.,-1.,0.));
#10701=DIRECTION('',(-0.707106781186548,0.,-0.707106781186547));
#10702=DIRECTION('',(0.,1.,0.));
#10703=DIRECTION('',(0.577350269189625,0.577350269189627,-0.577350269189626));
#10704=DIRECTION('',(0.577350269189623,-0.577350269189631,-0.577350269189624));
#10705=DIRECTION('',(0.,-0.707106781186544,0.707106781186552));
#10706=DIRECTION('',(-1.,0.,0.));
#10707=DIRECTION('',(0.,-0.707106781186547,-0.707106781186549));
#10708=DIRECTION('',(1.,0.,0.));
#10709=CARTESIAN_POINT('',(0.,0.,0.));
#10710=CARTESIAN_POINT('',(-0.0161,0.,0.058));
#10711=CARTESIAN_POINT('',(-0.0161,-0.0315,0.055));
#10712=CARTESIAN_POINT('',(-0.0161,-0.0315,0.0534));
#10713=CARTESIAN_POINT('',(-0.0161,0.0315,0.055));
#10714=CARTESIAN_POINT('',(-0.0161,0.0315,0.0534));
#10715=CARTESIAN_POINT('',(-0.0161,0.0315,0.006));
#10716=CARTESIAN_POINT('',(-0.0161,0.0315,0.0044));
#10717=CARTESIAN_POINT('',(-0.0161,-0.0315,0.006));
#10718=CARTESIAN_POINT('',(-0.0161,-0.0315,0.0044));
#10719=CARTESIAN_POINT('',(-0.0161,0.,0.));
#10720=CARTESIAN_POINT('',(-0.0161,0.0341,0.));
#10721=CARTESIAN_POINT('',(-0.0161,0.0289,0.));
#10722=CARTESIAN_POINT('',(-0.0161,0.0341,0.));
#10723=CARTESIAN_POINT('',(-0.0161,0.0345,0.0004));
#10724=CARTESIAN_POINT('',(-0.0161,0.0345,0.058));
#10725=CARTESIAN_POINT('',(-0.0161,0.0345,0.0606));
#10726=CARTESIAN_POINT('',(-0.0161,0.0345,0.0606));
#10727=CARTESIAN_POINT('',(-0.0161,0.0341,0.061));
#10728=CARTESIAN_POINT('',(-0.0161,0.,0.061));
#10729=CARTESIAN_POINT('',(-0.0161,-0.0341,0.061));
#10730=CARTESIAN_POINT('',(-0.0161,-0.0341,0.061));
#10731=CARTESIAN_POINT('',(-0.0161,-0.0345,0.0606));
#10732=CARTESIAN_POINT('',(-0.0161,-0.0345,0.058));
#10733=CARTESIAN_POINT('',(-0.0161,-0.0345,0.0004));
#10734=CARTESIAN_POINT('',(-0.0161,-0.0345,0.0004));
#10735=CARTESIAN_POINT('',(-0.0161,-0.0341,0.));
#10736=CARTESIAN_POINT('',(-0.0161,0.,0.));
#10737=CARTESIAN_POINT('',(-0.0161,-0.0289,0.));
#10738=CARTESIAN_POINT('',(-0.0161,-0.0285,0.0004));
#10739=CARTESIAN_POINT('',(-0.0161,-0.0285,0.0004));
#10740=CARTESIAN_POINT('',(-0.0161,-0.0285,0.0005));
#10741=CARTESIAN_POINT('',(-0.0161,-0.0285,0.001));
#10742=CARTESIAN_POINT('',(-0.0161,3.46944695195361E-18,0.001));
#10743=CARTESIAN_POINT('',(-0.0161,0.0285,0.001));
#10744=CARTESIAN_POINT('',(-0.0161,0.0285,0.0005));
#10745=CARTESIAN_POINT('',(-0.0161,0.0285,0.0004));
#10746=CARTESIAN_POINT('',(-0.0161,0.0289,0.));
#10747=CARTESIAN_POINT('',(-0.0176,0.0315,0.006));
#10748=CARTESIAN_POINT('',(-0.0176,0.0315,0.009));
#10749=CARTESIAN_POINT('',(-0.0176,0.0315,0.009));
#10750=CARTESIAN_POINT('',(-0.0202,0.0315,0.009));
#10751=CARTESIAN_POINT('',(-0.0176,0.0315,0.006));
#10752=CARTESIAN_POINT('',(-0.0176,0.0315,0.003));
#10753=CARTESIAN_POINT('',(-0.0176,0.0315,0.003));
#10754=CARTESIAN_POINT('',(-0.0202,0.0315,0.003));
#10755=CARTESIAN_POINT('',(-0.0202,0.0315,0.006));
#10756=CARTESIAN_POINT('',(-0.0176,-0.0315,0.006));
#10757=CARTESIAN_POINT('',(-0.0176,-0.0315,0.003));
#10758=CARTESIAN_POINT('',(-0.0176,-0.0315,0.003));
#10759=CARTESIAN_POINT('',(-0.0202,-0.0315,0.003));
#10760=CARTESIAN_POINT('',(-0.0176,-0.0315,0.006));
#10761=CARTESIAN_POINT('',(-0.0176,-0.0315,0.009));
#10762=CARTESIAN_POINT('',(-0.0176,-0.0315,0.009));
#10763=CARTESIAN_POINT('',(-0.0202,-0.0315,0.009));
#10764=CARTESIAN_POINT('',(-0.0202,-0.0315,0.006));
#10765=CARTESIAN_POINT('',(-0.0176,-0.0315,0.055));
#10766=CARTESIAN_POINT('',(-0.0176,-0.0315,0.052));
#10767=CARTESIAN_POINT('',(-0.0176,-0.0315,0.052));
#10768=CARTESIAN_POINT('',(-0.0202,-0.0315,0.052));
#10769=CARTESIAN_POINT('',(-0.0176,-0.0315,0.055));
#10770=CARTESIAN_POINT('',(-0.0176,-0.0315,0.058));
#10771=CARTESIAN_POINT('',(-0.0176,-0.0315,0.058));
#10772=CARTESIAN_POINT('',(-0.0202,-0.0315,0.058));
#10773=CARTESIAN_POINT('',(-0.0202,-0.0315,0.055));
#10774=CARTESIAN_POINT('',(-0.0176,0.0315,0.055));
#10775=CARTESIAN_POINT('',(-0.0176,0.0315,0.058));
#10776=CARTESIAN_POINT('',(-0.0176,0.0315,0.058));
#10777=CARTESIAN_POINT('',(-0.0202,0.0315,0.058));
#10778=CARTESIAN_POINT('',(-0.0176,0.0315,0.055));
#10779=CARTESIAN_POINT('',(-0.0176,0.0315,0.052));
#10780=CARTESIAN_POINT('',(-0.0176,0.0315,0.052));
#10781=CARTESIAN_POINT('',(-0.0202,0.0315,0.052));
#10782=CARTESIAN_POINT('',(-0.0202,0.0315,0.055));
#10783=CARTESIAN_POINT('',(-0.0176,0.033,0.003));
#10784=CARTESIAN_POINT('',(-0.0176,0.033,0.003));
#10785=CARTESIAN_POINT('',(-0.0176,0.0341,0.003));
#10786=CARTESIAN_POINT('',(-0.0176,0.0341,0.003));
#10787=CARTESIAN_POINT('',(-0.0202,0.0341,0.003));
#10788=CARTESIAN_POINT('',(-0.0202,0.033,0.003));
#10789=CARTESIAN_POINT('',(-0.0176,0.033,0.009));
#10790=CARTESIAN_POINT('',(-0.0206,0.0341,0.009));
#10791=CARTESIAN_POINT('',(-0.0176,0.0341,0.009));
#10792=CARTESIAN_POINT('',(-0.0202,0.0341,0.009));
#10793=CARTESIAN_POINT('',(-0.0176,0.033,0.009));
#10794=CARTESIAN_POINT('',(-0.0202,0.0315,0.009));
#10795=CARTESIAN_POINT('',(-0.0176,0.033,0.052));
#10796=CARTESIAN_POINT('',(-0.0176,0.033,0.052));
#10797=CARTESIAN_POINT('',(-0.0176,0.0341,0.052));
#10798=CARTESIAN_POINT('',(-0.0176,0.0341,0.052));
#10799=CARTESIAN_POINT('',(-0.0202,0.0341,0.052));
#10800=CARTESIAN_POINT('',(-0.0202,0.033,0.052));
#10801=CARTESIAN_POINT('',(-0.0176,0.033,0.058));
#10802=CARTESIAN_POINT('',(-0.0206,0.0341,0.058));
#10803=CARTESIAN_POINT('',(-0.0176,0.0341,0.058));
#10804=CARTESIAN_POINT('',(-0.0202,0.0341,0.058));
#10805=CARTESIAN_POINT('',(-0.0176,0.033,0.058));
#10806=CARTESIAN_POINT('',(-0.0202,0.0315,0.058));
#10807=CARTESIAN_POINT('',(-0.0176,-0.033,0.058));
#10808=CARTESIAN_POINT('',(-0.0176,-0.033,0.058));
#10809=CARTESIAN_POINT('',(-0.0176,-0.0341,0.058));
#10810=CARTESIAN_POINT('',(-0.0176,-0.0341,0.058));
#10811=CARTESIAN_POINT('',(-0.0202,-0.0341,0.058));
#10812=CARTESIAN_POINT('',(-0.0202,-0.033,0.058));
#10813=CARTESIAN_POINT('',(-0.0176,0.,0.0305));
#10814=CARTESIAN_POINT('',(-0.0176,-0.0315,0.055));
#10815=CARTESIAN_POINT('',(-0.0176,-0.0315,0.053));
#10816=CARTESIAN_POINT('',(-0.0176,-0.033,0.052));
#10817=CARTESIAN_POINT('',(-0.0176,-0.0341,0.052));
#10818=CARTESIAN_POINT('',(-0.0176,-0.0341,0.052));
#10819=CARTESIAN_POINT('',(-0.0176,-0.033,0.052));
#10820=CARTESIAN_POINT('',(-0.0176,-0.0341,0.052));
#10821=CARTESIAN_POINT('',(-0.0202,-0.0341,0.052));
#10822=CARTESIAN_POINT('',(-0.0202,-0.0315,0.052));
#10823=CARTESIAN_POINT('',(-0.0176,-0.033,0.009));
#10824=CARTESIAN_POINT('',(-0.0176,-0.033,0.009));
#10825=CARTESIAN_POINT('',(-0.0176,-0.0341,0.009));
#10826=CARTESIAN_POINT('',(-0.0176,-0.0341,0.009));
#10827=CARTESIAN_POINT('',(-0.0202,-0.0341,0.009));
#10828=CARTESIAN_POINT('',(-0.0202,-0.033,0.009));
#10829=CARTESIAN_POINT('',(-0.0176,0.,0.0305));
#10830=CARTESIAN_POINT('',(-0.0176,-0.0315,0.006));
#10831=CARTESIAN_POINT('',(-0.0176,-0.0315,0.004));
#10832=CARTESIAN_POINT('',(-0.0176,-0.033,0.003));
#10833=CARTESIAN_POINT('',(-0.0176,-0.0341,0.003));
#10834=CARTESIAN_POINT('',(-0.0176,-0.0341,0.003));
#10835=CARTESIAN_POINT('',(-0.0176,-0.033,0.003));
#10836=CARTESIAN_POINT('',(-0.0176,-0.0341,0.003));
#10837=CARTESIAN_POINT('',(-0.0202,-0.0341,0.003));
#10838=CARTESIAN_POINT('',(-0.0202,-0.0315,0.003));
#10839=CARTESIAN_POINT('',(-0.0206,0.,0.058));
#10840=CARTESIAN_POINT('',(-0.0206,0.0341,0.058));
#10841=CARTESIAN_POINT('',(-0.0206,0.0341,0.0584));
#10842=CARTESIAN_POINT('',(-0.0206,0.0341,0.0606));
#10843=CARTESIAN_POINT('',(-0.0206,0.0345,0.0584));
#10844=CARTESIAN_POINT('',(-0.0206,0.0315,0.0584));
#10845=CARTESIAN_POINT('',(-0.0206,0.0315,0.055));
#10846=CARTESIAN_POINT('',(-0.0206,0.0315,0.0516));
#10847=CARTESIAN_POINT('',(-0.0206,0.,0.0516));
#10848=CARTESIAN_POINT('',(-0.0206,0.0341,0.0516));
#10849=CARTESIAN_POINT('',(-0.0206,0.0341,0.058));
#10850=CARTESIAN_POINT('',(-0.0206,0.0341,0.0094));
#10851=CARTESIAN_POINT('',(-0.0206,0.0345,0.0094));
#10852=CARTESIAN_POINT('',(-0.0206,0.0315,0.0094));
#10853=CARTESIAN_POINT('',(-0.0206,0.0315,0.006));
#10854=CARTESIAN_POINT('',(-0.0206,0.0315,0.0026));
#10855=CARTESIAN_POINT('',(-0.0206,-2.40259201422787E-17,0.0026));
#10856=CARTESIAN_POINT('',(-0.0206,0.0341,0.0026));
#10857=CARTESIAN_POINT('',(-0.0206,0.0341,0.058));
#10858=CARTESIAN_POINT('',(-0.0206,0.0341,0.0004));
#10859=CARTESIAN_POINT('',(-0.0206,0.0345,0.0004));
#10860=CARTESIAN_POINT('',(-0.0206,-0.0341,0.0004));
#10861=CARTESIAN_POINT('',(-0.0206,-0.0341,0.));
#10862=CARTESIAN_POINT('',(-0.0206,-0.0341,0.0026));
#10863=CARTESIAN_POINT('',(-0.0206,-0.0345,0.0026));
#10864=CARTESIAN_POINT('',(-0.0206,-0.0315,0.0026));
#10865=CARTESIAN_POINT('',(-0.0206,-0.0315,0.006));
#10866=CARTESIAN_POINT('',(-0.0206,-0.0315,0.0094));
#10867=CARTESIAN_POINT('',(-0.0206,0.,0.0094));
#10868=CARTESIAN_POINT('',(-0.0206,-0.0341,0.0094));
#10869=CARTESIAN_POINT('',(-0.0206,-0.0341,0.009));
#10870=CARTESIAN_POINT('',(-0.0206,-0.0341,0.0516));
#10871=CARTESIAN_POINT('',(-0.0206,-0.0345,0.0516));
#10872=CARTESIAN_POINT('',(-0.0206,-0.0315,0.0516));
#10873=CARTESIAN_POINT('',(-0.0206,-0.0315,0.055));
#10874=CARTESIAN_POINT('',(-0.0206,-0.0315,0.0584));
#10875=CARTESIAN_POINT('',(-0.0206,9.25185853854218E-19,0.0584));
#10876=CARTESIAN_POINT('',(-0.0206,-0.0341,0.0584));
#10877=CARTESIAN_POINT('',(-0.0206,-0.0341,0.058));
#10878=CARTESIAN_POINT('',(-0.0206,-0.0341,0.0606));
#10879=CARTESIAN_POINT('',(-0.0206,0.,0.0606));
#10880=CARTESIAN_POINT('',(0.,0.00971286141872406,0.));
#10881=CARTESIAN_POINT('',(-0.01651,0.0285,0.));
#10882=CARTESIAN_POINT('',(-0.01651,-0.0289,0.));
#10883=CARTESIAN_POINT('',(-0.01651,0.0289,0.));
#10884=CARTESIAN_POINT('',(0.,-0.0289,0.));
#10885=CARTESIAN_POINT('',(0.,-0.0341,0.));
#10886=CARTESIAN_POINT('',(-0.0202,-0.0341,0.));
#10887=CARTESIAN_POINT('',(-0.0202,-0.0345,0.));
#10888=CARTESIAN_POINT('',(-0.0202,0.0341,0.));
#10889=CARTESIAN_POINT('',(-0.0206,0.0341,0.));
#10890=CARTESIAN_POINT('',(-0.0161,0.0289,0.));
#10891=CARTESIAN_POINT('',(0.,0.,0.061));
#10892=CARTESIAN_POINT('',(0.,0.0341,0.061));
#10893=CARTESIAN_POINT('',(-0.0202,0.0341,0.061));
#10894=CARTESIAN_POINT('',(-0.0202,0.,0.061));
#10895=CARTESIAN_POINT('',(-0.0202,-0.0341,0.061));
#10896=CARTESIAN_POINT('',(-0.0206,-0.0341,0.061));
#10897=CARTESIAN_POINT('',(0.,-0.0345,0.058));
#10898=CARTESIAN_POINT('',(-0.0202,-0.0345,0.061));
#10899=CARTESIAN_POINT('',(-0.0202,-0.0345,0.0584));
#10900=CARTESIAN_POINT('',(-0.0202,-0.0345,0.0606));
#10901=CARTESIAN_POINT('',(-0.0206,-0.0345,0.0584));
#10902=CARTESIAN_POINT('',(-0.0172,-0.0345,0.0584));
#10903=CARTESIAN_POINT('',(-0.0172,-0.0345,0.058));
#10904=CARTESIAN_POINT('',(-0.0172,-0.0345,0.0516));
#10905=CARTESIAN_POINT('',(0.,-0.0345,0.0516));
#10906=CARTESIAN_POINT('',(-0.0202,-0.0345,0.0516));
#10907=CARTESIAN_POINT('',(-0.0202,-0.0345,0.052));
#10908=CARTESIAN_POINT('',(-0.0202,-0.0345,0.0094));
#10909=CARTESIAN_POINT('',(-0.0206,-0.0345,0.0094));
#10910=CARTESIAN_POINT('',(-0.0172,-0.0345,0.0094));
#10911=CARTESIAN_POINT('',(-0.0172,-0.0345,0.009));
#10912=CARTESIAN_POINT('',(-0.0172,-0.0345,0.0026));
#10913=CARTESIAN_POINT('',(0.,-0.0345,0.0026));
#10914=CARTESIAN_POINT('',(-0.0202,-0.0345,0.0026));
#10915=CARTESIAN_POINT('',(-0.0202,-0.0345,0.003));
#10916=CARTESIAN_POINT('',(-0.0202,-0.0345,0.0004));
#10917=CARTESIAN_POINT('',(0.,-0.0345,0.0004));
#10918=CARTESIAN_POINT('',(-0.0161,-0.0345,0.0606));
#10919=CARTESIAN_POINT('',(0.,0.0345,0.058));
#10920=CARTESIAN_POINT('',(-0.0161,0.0345,0.0004));
#10921=CARTESIAN_POINT('',(-0.0202,0.0345,0.0004));
#10922=CARTESIAN_POINT('',(-0.0202,0.0345,0.058));
#10923=CARTESIAN_POINT('',(-0.0202,0.0345,0.0026));
#10924=CARTESIAN_POINT('',(0.,0.0345,0.0026));
#10925=CARTESIAN_POINT('',(-0.0172,0.0345,0.0026));
#10926=CARTESIAN_POINT('',(-0.0172,0.0345,0.058));
#10927=CARTESIAN_POINT('',(-0.0172,0.0345,0.0094));
#10928=CARTESIAN_POINT('',(-0.0176,0.0345,0.0094));
#10929=CARTESIAN_POINT('',(-0.0202,0.0345,0.0094));
#10930=CARTESIAN_POINT('',(-0.0202,0.0345,0.058));
#10931=CARTESIAN_POINT('',(-0.0202,0.0345,0.0516));
#10932=CARTESIAN_POINT('',(0.,0.0345,0.0516));
#10933=CARTESIAN_POINT('',(-0.0172,0.0345,0.0516));
#10934=CARTESIAN_POINT('',(-0.0172,0.0345,0.058));
#10935=CARTESIAN_POINT('',(-0.0172,0.0345,0.0584));
#10936=CARTESIAN_POINT('',(-0.0176,0.0345,0.0584));
#10937=CARTESIAN_POINT('',(-0.0202,0.0345,0.0584));
#10938=CARTESIAN_POINT('',(-0.0202,0.0345,0.058));
#10939=CARTESIAN_POINT('',(-0.0202,0.0345,0.0606));
#10940=CARTESIAN_POINT('',(0.,0.0345,0.0606));
#10941=CARTESIAN_POINT('',(-0.0176,0.,0.0305));
#10942=CARTESIAN_POINT('',(-0.0176,0.0315,0.006));
#10943=CARTESIAN_POINT('',(-0.0176,0.0315,0.004));
#10944=CARTESIAN_POINT('',(-0.0176,0.0341,0.0305));
#10945=CARTESIAN_POINT('',(-0.0176,0.,0.0305));
#10946=CARTESIAN_POINT('',(-0.0176,0.0315,0.055));
#10947=CARTESIAN_POINT('',(-0.0176,0.0315,0.053));
#10948=CARTESIAN_POINT('',(-0.0176,0.0341,0.0305));
#10949=CARTESIAN_POINT('',(0.0833032108716934,0.0315,0.055));
#10950=CARTESIAN_POINT('',(-0.0172,0.0315,0.055));
#10951=CARTESIAN_POINT('',(-0.0172,0.0315,0.0534));
#10952=CARTESIAN_POINT('',(0.0833032108716934,0.0315,0.006));
#10953=CARTESIAN_POINT('',(-0.0172,0.0315,0.006));
#10954=CARTESIAN_POINT('',(-0.0172,0.0315,0.0044));
#10955=CARTESIAN_POINT('',(0.0833032108716934,-0.0315,0.055));
#10956=CARTESIAN_POINT('',(-0.0172,-0.0315,0.055));
#10957=CARTESIAN_POINT('',(-0.0172,-0.0315,0.0534));
#10958=CARTESIAN_POINT('',(0.0833032108716934,-0.0315,0.006));
#10959=CARTESIAN_POINT('',(-0.0172,-0.0315,0.006));
#10960=CARTESIAN_POINT('',(-0.0172,-0.0315,0.0044));
#10961=CARTESIAN_POINT('',(-0.0172,0.0315,0.055));
#10962=CARTESIAN_POINT('',(-0.0172,0.0315,0.006));
#10963=CARTESIAN_POINT('',(-0.0172,-0.0315,0.055));
#10964=CARTESIAN_POINT('',(-0.0172,-0.0315,0.006));
#10965=CARTESIAN_POINT('',(0.,0.0341,0.));
#10966=CARTESIAN_POINT('',(-0.0202,0.0341,0.));
#10967=CARTESIAN_POINT('',(-0.0202,0.0341,0.));
#10968=CARTESIAN_POINT('',(-0.0202,0.0341,0.));
#10969=CARTESIAN_POINT('',(-0.0204,0.0343,0.0004));
#10970=CARTESIAN_POINT('',(-0.0202,0.0345,0.058));
#10971=CARTESIAN_POINT('',(-0.0206,0.0341,0.0026));
#10972=CARTESIAN_POINT('',(-0.0202,0.00971286141872406,0.));
#10973=CARTESIAN_POINT('',(-0.0204,-0.0341,0.000199999999999989));
#10974=CARTESIAN_POINT('',(0.,-0.0345,0.0004));
#10975=CARTESIAN_POINT('',(-0.0202,-0.0345,0.0004));
#10976=CARTESIAN_POINT('',(-0.0206,0.0341,0.0026));
#10977=CARTESIAN_POINT('',(-0.0206,0.0341,0.0026));
#10978=CARTESIAN_POINT('',(-0.0202,0.0343,0.0028));
#10979=CARTESIAN_POINT('',(-0.0202,-0.0345,0.0004));
#10980=CARTESIAN_POINT('',(-0.0202,-0.0345,0.0004));
#10981=CARTESIAN_POINT('',(0.,0.0345,0.0026));
#10982=CARTESIAN_POINT('',(-0.0356666666666667,0.0160333333333334,0.0210666666666668));
#10983=CARTESIAN_POINT('',(-0.0206,-2.40259201422787E-17,0.0026));
#10984=CARTESIAN_POINT('',(-0.0206,0.0315,0.0026));
#10985=CARTESIAN_POINT('',(-0.0206,-0.0341,0.058));
#10986=CARTESIAN_POINT('',(-0.0202,-0.0345,0.0026));
#10987=CARTESIAN_POINT('',(-0.0172,0.0345,0.058));
#10988=CARTESIAN_POINT('',(-0.0176,0.0341,0.009));
#10989=CARTESIAN_POINT('',(-0.0206,0.0315,0.006));
#10990=CARTESIAN_POINT('',(-0.0206,0.0315,0.0094));
#10991=CARTESIAN_POINT('',(-0.0202,-0.0345,0.0026));
#10992=CARTESIAN_POINT('',(-0.0202,-0.0345,0.0026));
#10993=CARTESIAN_POINT('',(-0.0204,-0.0341,0.0028));
#10994=CARTESIAN_POINT('',(-0.0176,0.0341,0.009));
#10995=CARTESIAN_POINT('',(-0.0202,0.0345,0.0094));
#10996=CARTESIAN_POINT('',(-0.0202,0.033,0.009));
#10997=CARTESIAN_POINT('',(-0.0204,0.0341,0.0092));
#10998=CARTESIAN_POINT('',(-0.0202,-0.033,0.003));
#10999=CARTESIAN_POINT('',(-0.0202,-0.0315,0.003));
#11000=CARTESIAN_POINT('',(-0.0176,-0.0341,0.003));
#11001=CARTESIAN_POINT('',(-0.0176,-0.0341,0.003));
#11002=CARTESIAN_POINT('',(-0.0202,0.0345,0.0094));
#11003=CARTESIAN_POINT('',(-0.0202,0.0345,0.0094));
#11004=CARTESIAN_POINT('',(-0.0202,-0.0315,0.006));
#11005=CARTESIAN_POINT('',(-0.0202,-0.0315,0.009));
#11006=CARTESIAN_POINT('',(-0.0176,-0.0341,0.0305));
#11007=CARTESIAN_POINT('',(-0.0104333333333333,-0.0412666666666667,0.0161666666666666));
#11008=CARTESIAN_POINT('',(-0.0202,0.0345,0.058));
#11009=CARTESIAN_POINT('',(-0.0206,0.0341,0.0516));
#11010=CARTESIAN_POINT('',(-0.0206,0.,0.0094));
#11011=CARTESIAN_POINT('',(-0.0206,-0.0341,0.0094));
#11012=CARTESIAN_POINT('',(0.,-0.0345,0.0094));
#11013=CARTESIAN_POINT('',(-0.0202,-0.0343,0.0092));
#11014=CARTESIAN_POINT('',(-0.0206,0.0341,0.0516));
#11015=CARTESIAN_POINT('',(-0.0206,0.0341,0.0516));
#11016=CARTESIAN_POINT('',(-0.0202,0.0343,0.0518));
#11017=CARTESIAN_POINT('',(-0.0206,-0.0341,0.0094));
#11018=CARTESIAN_POINT('',(-0.0206,-0.0341,0.0094));
#11019=CARTESIAN_POINT('',(0.,0.0345,0.0516));
#11020=CARTESIAN_POINT('',(-0.0114666666666667,0.0402333333333334,0.0458666666666667));
#11021=CARTESIAN_POINT('',(-0.0206,0.,0.0516));
#11022=CARTESIAN_POINT('',(-0.0206,0.0315,0.0516));
#11023=CARTESIAN_POINT('',(-0.0206,-0.0341,0.058));
#11024=CARTESIAN_POINT('',(-0.0202,-0.0345,0.0516));
#11025=CARTESIAN_POINT('',(-0.0172,0.0345,0.058));
#11026=CARTESIAN_POINT('',(-0.0173333333333333,0.0343666666666666,0.0582666666666667));
#11027=CARTESIAN_POINT('',(-0.0202,0.0315,0.055));
#11028=CARTESIAN_POINT('',(-0.0206,0.0315,0.0584));
#11029=CARTESIAN_POINT('',(-0.0202,-0.0345,0.0516));
#11030=CARTESIAN_POINT('',(-0.0202,-0.0345,0.0516));
#11031=CARTESIAN_POINT('',(-0.0204,-0.0341,0.0518));
#11032=CARTESIAN_POINT('',(-0.0176,0.0341,0.058));
#11033=CARTESIAN_POINT('',(-0.0202,0.0345,0.0584));
#11034=CARTESIAN_POINT('',(-0.0202,0.033,0.058));
#11035=CARTESIAN_POINT('',(-0.0204,0.0341,0.0582));
#11036=CARTESIAN_POINT('',(-0.0202,-0.033,0.052));
#11037=CARTESIAN_POINT('',(-0.0202,-0.0315,0.052));
#11038=CARTESIAN_POINT('',(-0.0176,-0.0341,0.052));
#11039=CARTESIAN_POINT('',(-0.0104333333333333,-0.0412666666666667,0.0448333333333334));
#11040=CARTESIAN_POINT('',(-0.0202,0.0345,0.0584));
#11041=CARTESIAN_POINT('',(-0.0202,0.0345,0.0584));
#11042=CARTESIAN_POINT('',(-0.0206,-0.0315,0.055));
#11043=CARTESIAN_POINT('',(-0.0202,-0.0315,0.058));
#11044=CARTESIAN_POINT('',(-0.0176,-0.0341,0.0305));
#11045=CARTESIAN_POINT('',(-0.0114666666666667,-0.0402333333333334,0.0641333333333334));
#11046=CARTESIAN_POINT('',(0.,0.0345,0.0606));
#11047=CARTESIAN_POINT('',(-0.0202,0.0345,0.0606));
#11048=CARTESIAN_POINT('',(-0.0202,0.0345,0.058));
#11049=CARTESIAN_POINT('',(-0.0202,0.0345,0.0606));
#11050=CARTESIAN_POINT('',(-0.0206,9.25185853854226E-19,0.0584));
#11051=CARTESIAN_POINT('',(-0.0206,-0.0341,0.0584));
#11052=CARTESIAN_POINT('',(0.,-0.0345,0.0584));
#11053=CARTESIAN_POINT('',(-0.0202,-0.0343,0.0582));
#11054=CARTESIAN_POINT('',(-0.0202,0.0345,0.0606));
#11055=CARTESIAN_POINT('',(-0.0204,0.0341,0.0608));
#11056=CARTESIAN_POINT('',(-0.0206,-0.0341,0.0584));
#11057=CARTESIAN_POINT('',(-0.0206,-0.0341,0.0584));
#11058=CARTESIAN_POINT('',(-0.0206,0.,0.0606));
#11059=CARTESIAN_POINT('',(-0.0202,-0.0341,0.061));
#11060=CARTESIAN_POINT('',(-0.0206,-0.0341,0.058));
#11061=CARTESIAN_POINT('',(-0.0204,-0.0343,0.0606));
#11062=CARTESIAN_POINT('',(-0.0202,-0.0341,0.061));
#11063=CARTESIAN_POINT('',(-0.0202,-0.0341,0.061));
#11064=CARTESIAN_POINT('',(0.,-0.0341,0.061));
#11065=CARTESIAN_POINT('',(-0.01611,-0.0285,0.0005));
#11066=CARTESIAN_POINT('',(-0.01611,-0.0285,0.0005));
#11067=CARTESIAN_POINT('',(-0.01611,-0.0285,0.0004));
#11068=CARTESIAN_POINT('',(-0.01611,-0.0285,0.001));
#11069=CARTESIAN_POINT('',(-0.01611,-0.0285,0.001));
#11070=CARTESIAN_POINT('',(-0.01611,-0.0285,0.0004));
#11071=CARTESIAN_POINT('',(-0.01611,3.46944695195361E-18,0.001));
#11072=CARTESIAN_POINT('',(-0.01611,3.46944695195361E-18,0.001));
#11073=CARTESIAN_POINT('',(-0.01611,0.0285,0.001));
#11074=CARTESIAN_POINT('',(-0.01611,0.0285,0.001));
#11075=CARTESIAN_POINT('',(-0.01611,0.0285,0.0005));
#11076=CARTESIAN_POINT('',(-0.01611,0.0285,0.0005));
#11077=CARTESIAN_POINT('',(-0.01611,0.0285,0.0004));
#11078=CARTESIAN_POINT('',(-0.01651,0.0285,0.0004));
#11079=CARTESIAN_POINT('',(-0.01611,0.,0.0305));
#11080=CARTESIAN_POINT('',(-0.01611,-0.0285,0.0004));
#11081=CARTESIAN_POINT('',(-0.01611,0.,0.0004));
#11082=CARTESIAN_POINT('',(-0.01611,-0.0285,0.0004));
#11083=CARTESIAN_POINT('',(-0.0110066666666667,0.0233966666666667,0.00550333333333333));
#11084=CARTESIAN_POINT('',(0.,0.0289,0.));
#11085=CARTESIAN_POINT('',(-0.01611,-0.0285,0.0004));
#11086=CARTESIAN_POINT('',(0.,0.,0.));
#11087=CARTESIAN_POINT('',(0.0161,0.,0.058));
#11088=CARTESIAN_POINT('',(0.0161,-0.0315,0.055));
#11089=CARTESIAN_POINT('',(0.0161,-0.0315,0.0534));
#11090=CARTESIAN_POINT('',(0.0161,0.0315,0.055));
#11091=CARTESIAN_POINT('',(0.0161,0.0315,0.0534));
#11092=CARTESIAN_POINT('',(0.0161,0.0315,0.006));
#11093=CARTESIAN_POINT('',(0.0161,0.0315,0.0044));
#11094=CARTESIAN_POINT('',(0.0161,-0.0315,0.006));
#11095=CARTESIAN_POINT('',(0.0161,-0.0315,0.0044));
#11096=CARTESIAN_POINT('',(0.0161,0.,0.));
#11097=CARTESIAN_POINT('',(0.0161,0.0341,0.));
#11098=CARTESIAN_POINT('',(0.0161,0.0289,0.));
#11099=CARTESIAN_POINT('',(0.0161,0.0289,0.));
#11100=CARTESIAN_POINT('',(0.0161,0.0285,0.0004));
#11101=CARTESIAN_POINT('',(0.0161,0.0285,0.0005));
#11102=CARTESIAN_POINT('',(0.0161,0.0285,0.001));
#11103=CARTESIAN_POINT('',(0.0161,3.46944695195361E-18,0.001));
#11104=CARTESIAN_POINT('',(0.0161,-0.0285,0.001));
#11105=CARTESIAN_POINT('',(0.0161,-0.0285,0.0005));
#11106=CARTESIAN_POINT('',(0.0161,-0.0285,0.0004));
#11107=CARTESIAN_POINT('',(0.0161,-0.0285,0.0004));
#11108=CARTESIAN_POINT('',(0.0161,-0.0289,0.));
#11109=CARTESIAN_POINT('',(0.0161,0.,0.));
#11110=CARTESIAN_POINT('',(0.0161,-0.0341,0.));
#11111=CARTESIAN_POINT('',(0.0161,-0.0345,0.0004));
#11112=CARTESIAN_POINT('',(0.0161,-0.0345,0.0004));
#11113=CARTESIAN_POINT('',(0.0161,-0.0345,0.058));
#11114=CARTESIAN_POINT('',(0.0161,-0.0345,0.0606));
#11115=CARTESIAN_POINT('',(0.0161,-0.0341,0.061));
#11116=CARTESIAN_POINT('',(0.0161,-0.0341,0.061));
#11117=CARTESIAN_POINT('',(0.0161,0.,0.061));
#11118=CARTESIAN_POINT('',(0.0161,0.0341,0.061));
#11119=CARTESIAN_POINT('',(0.0161,0.0345,0.0606));
#11120=CARTESIAN_POINT('',(0.0161,0.0345,0.0606));
#11121=CARTESIAN_POINT('',(0.0161,0.0345,0.058));
#11122=CARTESIAN_POINT('',(0.0161,0.0345,0.0004));
#11123=CARTESIAN_POINT('',(0.0161,0.0341,0.));
#11124=CARTESIAN_POINT('',(0.0176,0.0315,0.006));
#11125=CARTESIAN_POINT('',(0.0176,0.0315,0.009));
#11126=CARTESIAN_POINT('',(0.0176,0.0315,0.009));
#11127=CARTESIAN_POINT('',(0.0202,0.0315,0.009));
#11128=CARTESIAN_POINT('',(0.0202,0.0315,0.006));
#11129=CARTESIAN_POINT('',(0.0202,0.0315,0.003));
#11130=CARTESIAN_POINT('',(0.0176,0.0315,0.003));
#11131=CARTESIAN_POINT('',(0.0176,0.0315,0.003));
#11132=CARTESIAN_POINT('',(0.0176,0.0315,0.006));
#11133=CARTESIAN_POINT('',(0.0176,-0.0315,0.006));
#11134=CARTESIAN_POINT('',(0.0176,-0.0315,0.003));
#11135=CARTESIAN_POINT('',(0.0176,-0.0315,0.003));
#11136=CARTESIAN_POINT('',(0.0202,-0.0315,0.003));
#11137=CARTESIAN_POINT('',(0.0202,-0.0315,0.006));
#11138=CARTESIAN_POINT('',(0.0202,-0.0315,0.009));
#11139=CARTESIAN_POINT('',(0.0176,-0.0315,0.009));
#11140=CARTESIAN_POINT('',(0.0176,-0.0315,0.009));
#11141=CARTESIAN_POINT('',(0.0176,-0.0315,0.006));
#11142=CARTESIAN_POINT('',(0.0176,-0.0315,0.055));
#11143=CARTESIAN_POINT('',(0.0176,-0.0315,0.052));
#11144=CARTESIAN_POINT('',(0.0176,-0.0315,0.052));
#11145=CARTESIAN_POINT('',(0.0202,-0.0315,0.052));
#11146=CARTESIAN_POINT('',(0.0202,-0.0315,0.055));
#11147=CARTESIAN_POINT('',(0.0202,-0.0315,0.058));
#11148=CARTESIAN_POINT('',(0.0176,-0.0315,0.058));
#11149=CARTESIAN_POINT('',(0.0176,-0.0315,0.058));
#11150=CARTESIAN_POINT('',(0.0176,-0.0315,0.055));
#11151=CARTESIAN_POINT('',(0.0176,0.0315,0.055));
#11152=CARTESIAN_POINT('',(0.0176,0.0315,0.058));
#11153=CARTESIAN_POINT('',(0.0176,0.0315,0.058));
#11154=CARTESIAN_POINT('',(0.0202,0.0315,0.058));
#11155=CARTESIAN_POINT('',(0.0202,0.0315,0.055));
#11156=CARTESIAN_POINT('',(0.0202,0.0315,0.052));
#11157=CARTESIAN_POINT('',(0.0176,0.0315,0.052));
#11158=CARTESIAN_POINT('',(0.0176,0.0315,0.052));
#11159=CARTESIAN_POINT('',(0.0176,0.0315,0.055));
#11160=CARTESIAN_POINT('',(0.0176,0.033,0.003));
#11161=CARTESIAN_POINT('',(0.0202,0.033,0.003));
#11162=CARTESIAN_POINT('',(0.0202,0.0341,0.003));
#11163=CARTESIAN_POINT('',(0.0176,0.0341,0.003));
#11164=CARTESIAN_POINT('',(0.0176,0.0341,0.003));
#11165=CARTESIAN_POINT('',(0.0176,0.033,0.003));
#11166=CARTESIAN_POINT('',(0.0176,0.033,0.009));
#11167=CARTESIAN_POINT('',(0.0206,0.0341,0.009));
#11168=CARTESIAN_POINT('',(0.0176,0.0341,0.009));
#11169=CARTESIAN_POINT('',(0.0202,0.0341,0.009));
#11170=CARTESIAN_POINT('',(0.0202,0.0315,0.009));
#11171=CARTESIAN_POINT('',(0.0176,0.033,0.009));
#11172=CARTESIAN_POINT('',(0.0176,0.033,0.052));
#11173=CARTESIAN_POINT('',(0.0202,0.033,0.052));
#11174=CARTESIAN_POINT('',(0.0202,0.0341,0.052));
#11175=CARTESIAN_POINT('',(0.0176,0.0341,0.052));
#11176=CARTESIAN_POINT('',(0.0176,0.0341,0.052));
#11177=CARTESIAN_POINT('',(0.0176,0.033,0.052));
#11178=CARTESIAN_POINT('',(0.0176,0.033,0.058));
#11179=CARTESIAN_POINT('',(0.0206,0.0341,0.058));
#11180=CARTESIAN_POINT('',(0.0176,0.0341,0.058));
#11181=CARTESIAN_POINT('',(0.0202,0.0341,0.058));
#11182=CARTESIAN_POINT('',(0.0202,0.0315,0.058));
#11183=CARTESIAN_POINT('',(0.0176,0.033,0.058));
#11184=CARTESIAN_POINT('',(0.0176,-0.033,0.058));
#11185=CARTESIAN_POINT('',(0.0202,-0.033,0.058));
#11186=CARTESIAN_POINT('',(0.0202,-0.0341,0.058));
#11187=CARTESIAN_POINT('',(0.0176,-0.0341,0.058));
#11188=CARTESIAN_POINT('',(0.0176,-0.0341,0.058));
#11189=CARTESIAN_POINT('',(0.0176,-0.033,0.058));
#11190=CARTESIAN_POINT('',(0.0176,0.,0.0305));
#11191=CARTESIAN_POINT('',(0.0176,-0.0315,0.055));
#11192=CARTESIAN_POINT('',(0.0176,-0.0315,0.053));
#11193=CARTESIAN_POINT('',(0.0176,-0.0341,0.052));
#11194=CARTESIAN_POINT('',(0.0176,-0.0341,0.052));
#11195=CARTESIAN_POINT('',(0.0176,-0.033,0.052));
#11196=CARTESIAN_POINT('',(0.0176,-0.033,0.052));
#11197=CARTESIAN_POINT('',(0.0176,-0.0341,0.052));
#11198=CARTESIAN_POINT('',(0.0202,-0.0341,0.052));
#11199=CARTESIAN_POINT('',(0.0202,-0.0315,0.052));
#11200=CARTESIAN_POINT('',(0.0176,-0.033,0.009));
#11201=CARTESIAN_POINT('',(0.0202,-0.033,0.009));
#11202=CARTESIAN_POINT('',(0.0202,-0.0341,0.009));
#11203=CARTESIAN_POINT('',(0.0176,-0.0341,0.009));
#11204=CARTESIAN_POINT('',(0.0176,-0.0341,0.009));
#11205=CARTESIAN_POINT('',(0.0176,-0.033,0.009));
#11206=CARTESIAN_POINT('',(0.0176,0.,0.0305));
#11207=CARTESIAN_POINT('',(0.0176,-0.0315,0.006));
#11208=CARTESIAN_POINT('',(0.0176,-0.0315,0.004));
#11209=CARTESIAN_POINT('',(0.0176,-0.0341,0.003));
#11210=CARTESIAN_POINT('',(0.0176,-0.0341,0.003));
#11211=CARTESIAN_POINT('',(0.0176,-0.033,0.003));
#11212=CARTESIAN_POINT('',(0.0176,-0.033,0.003));
#11213=CARTESIAN_POINT('',(0.0176,-0.0341,0.003));
#11214=CARTESIAN_POINT('',(0.0202,-0.0341,0.003));
#11215=CARTESIAN_POINT('',(0.0202,-0.0315,0.003));
#11216=CARTESIAN_POINT('',(0.0206,0.,0.058));
#11217=CARTESIAN_POINT('',(0.0206,0.0341,0.058));
#11218=CARTESIAN_POINT('',(0.0206,0.0341,0.0584));
#11219=CARTESIAN_POINT('',(0.0206,0.0341,0.0606));
#11220=CARTESIAN_POINT('',(0.0206,0.,0.0606));
#11221=CARTESIAN_POINT('',(0.0206,-0.0341,0.0606));
#11222=CARTESIAN_POINT('',(0.0206,-0.0341,0.058));
#11223=CARTESIAN_POINT('',(0.0206,-0.0341,0.0584));
#11224=CARTESIAN_POINT('',(0.0206,9.25185853854218E-19,0.0584));
#11225=CARTESIAN_POINT('',(0.0206,-0.0315,0.0584));
#11226=CARTESIAN_POINT('',(0.0206,-0.0315,0.055));
#11227=CARTESIAN_POINT('',(0.0206,-0.0315,0.0516));
#11228=CARTESIAN_POINT('',(0.0206,-0.0345,0.0516));
#11229=CARTESIAN_POINT('',(0.0206,-0.0341,0.0516));
#11230=CARTESIAN_POINT('',(0.0206,-0.0341,0.009));
#11231=CARTESIAN_POINT('',(0.0206,-0.0341,0.0094));
#11232=CARTESIAN_POINT('',(0.0206,0.,0.0094));
#11233=CARTESIAN_POINT('',(0.0206,-0.0315,0.0094));
#11234=CARTESIAN_POINT('',(0.0206,-0.0315,0.006));
#11235=CARTESIAN_POINT('',(0.0206,-0.0315,0.0026));
#11236=CARTESIAN_POINT('',(0.0206,-0.0345,0.0026));
#11237=CARTESIAN_POINT('',(0.0206,-0.0341,0.0026));
#11238=CARTESIAN_POINT('',(0.0206,-0.0341,0.));
#11239=CARTESIAN_POINT('',(0.0206,-0.0341,0.0004));
#11240=CARTESIAN_POINT('',(0.0206,0.0345,0.0004));
#11241=CARTESIAN_POINT('',(0.0206,0.0341,0.0004));
#11242=CARTESIAN_POINT('',(0.0206,0.0341,0.058));
#11243=CARTESIAN_POINT('',(0.0206,0.0341,0.0026));
#11244=CARTESIAN_POINT('',(0.0206,-2.40259201422787E-17,0.0026));
#11245=CARTESIAN_POINT('',(0.0206,0.0315,0.0026));
#11246=CARTESIAN_POINT('',(0.0206,0.0315,0.006));
#11247=CARTESIAN_POINT('',(0.0206,0.0315,0.0094));
#11248=CARTESIAN_POINT('',(0.0206,0.0345,0.0094));
#11249=CARTESIAN_POINT('',(0.0206,0.0341,0.0094));
#11250=CARTESIAN_POINT('',(0.0206,0.0341,0.058));
#11251=CARTESIAN_POINT('',(0.0206,0.0341,0.0516));
#11252=CARTESIAN_POINT('',(0.0206,0.,0.0516));
#11253=CARTESIAN_POINT('',(0.0206,0.0315,0.0516));
#11254=CARTESIAN_POINT('',(0.0206,0.0315,0.055));
#11255=CARTESIAN_POINT('',(0.0206,0.0315,0.0584));
#11256=CARTESIAN_POINT('',(0.0206,0.0345,0.0584));
#11257=CARTESIAN_POINT('',(0.,0.00971286141872406,0.));
#11258=CARTESIAN_POINT('',(0.01651,0.0285,0.));
#11259=CARTESIAN_POINT('',(0.01651,-0.0289,0.));
#11260=CARTESIAN_POINT('',(0.01651,0.0289,0.));
#11261=CARTESIAN_POINT('',(0.0161,0.0289,0.));
#11262=CARTESIAN_POINT('',(0.0206,0.0341,0.));
#11263=CARTESIAN_POINT('',(0.0202,0.0341,0.));
#11264=CARTESIAN_POINT('',(0.0202,-0.0345,0.));
#11265=CARTESIAN_POINT('',(0.0202,-0.0341,0.));
#11266=CARTESIAN_POINT('',(0.,-0.0341,0.));
#11267=CARTESIAN_POINT('',(0.,-0.0289,0.));
#11268=CARTESIAN_POINT('',(0.,0.,0.061));
#11269=CARTESIAN_POINT('',(0.0206,-0.0341,0.061));
#11270=CARTESIAN_POINT('',(0.0202,-0.0341,0.061));
#11271=CARTESIAN_POINT('',(0.0202,0.,0.061));
#11272=CARTESIAN_POINT('',(0.0202,0.0341,0.061));
#11273=CARTESIAN_POINT('',(0.,0.0341,0.061));
#11274=CARTESIAN_POINT('',(0.,-0.0345,0.058));
#11275=CARTESIAN_POINT('',(0.0202,-0.0345,0.061));
#11276=CARTESIAN_POINT('',(0.0202,-0.0345,0.0584));
#11277=CARTESIAN_POINT('',(0.0202,-0.0345,0.0606));
#11278=CARTESIAN_POINT('',(0.0161,-0.0345,0.0606));
#11279=CARTESIAN_POINT('',(0.,-0.0345,0.0004));
#11280=CARTESIAN_POINT('',(0.0202,-0.0345,0.0004));
#11281=CARTESIAN_POINT('',(0.0202,-0.0345,0.003));
#11282=CARTESIAN_POINT('',(0.0202,-0.0345,0.0026));
#11283=CARTESIAN_POINT('',(0.,-0.0345,0.0026));
#11284=CARTESIAN_POINT('',(0.0172,-0.0345,0.0026));
#11285=CARTESIAN_POINT('',(0.0172,-0.0345,0.009));
#11286=CARTESIAN_POINT('',(0.0172,-0.0345,0.0094));
#11287=CARTESIAN_POINT('',(0.0206,-0.0345,0.0094));
#11288=CARTESIAN_POINT('',(0.0202,-0.0345,0.0094));
#11289=CARTESIAN_POINT('',(0.0202,-0.0345,0.052));
#11290=CARTESIAN_POINT('',(0.0202,-0.0345,0.0516));
#11291=CARTESIAN_POINT('',(0.,-0.0345,0.0516));
#11292=CARTESIAN_POINT('',(0.0172,-0.0345,0.0516));
#11293=CARTESIAN_POINT('',(0.0172,-0.0345,0.058));
#11294=CARTESIAN_POINT('',(0.0172,-0.0345,0.0584));
#11295=CARTESIAN_POINT('',(0.0206,-0.0345,0.0584));
#11296=CARTESIAN_POINT('',(0.,0.0345,0.058));
#11297=CARTESIAN_POINT('',(0.,0.0345,0.0606));
#11298=CARTESIAN_POINT('',(0.0202,0.0345,0.0606));
#11299=CARTESIAN_POINT('',(0.0202,0.0345,0.058));
#11300=CARTESIAN_POINT('',(0.0202,0.0345,0.0584));
#11301=CARTESIAN_POINT('',(0.0176,0.0345,0.0584));
#11302=CARTESIAN_POINT('',(0.0172,0.0345,0.0584));
#11303=CARTESIAN_POINT('',(0.0172,0.0345,0.058));
#11304=CARTESIAN_POINT('',(0.0172,0.0345,0.0516));
#11305=CARTESIAN_POINT('',(0.,0.0345,0.0516));
#11306=CARTESIAN_POINT('',(0.0202,0.0345,0.0516));
#11307=CARTESIAN_POINT('',(0.0202,0.0345,0.058));
#11308=CARTESIAN_POINT('',(0.0202,0.0345,0.0094));
#11309=CARTESIAN_POINT('',(0.0176,0.0345,0.0094));
#11310=CARTESIAN_POINT('',(0.0172,0.0345,0.0094));
#11311=CARTESIAN_POINT('',(0.0172,0.0345,0.058));
#11312=CARTESIAN_POINT('',(0.0172,0.0345,0.0026));
#11313=CARTESIAN_POINT('',(0.,0.0345,0.0026));
#11314=CARTESIAN_POINT('',(0.0202,0.0345,0.0026));
#11315=CARTESIAN_POINT('',(0.0202,0.0345,0.058));
#11316=CARTESIAN_POINT('',(0.0202,0.0345,0.0004));
#11317=CARTESIAN_POINT('',(0.0161,0.0345,0.0004));
#11318=CARTESIAN_POINT('',(0.0176,0.,0.0305));
#11319=CARTESIAN_POINT('',(0.0176,0.0315,0.006));
#11320=CARTESIAN_POINT('',(0.0176,0.0315,0.004));
#11321=CARTESIAN_POINT('',(0.0176,0.0341,0.0305));
#11322=CARTESIAN_POINT('',(0.0176,0.,0.0305));
#11323=CARTESIAN_POINT('',(0.0176,0.0315,0.055));
#11324=CARTESIAN_POINT('',(0.0176,0.0315,0.053));
#11325=CARTESIAN_POINT('',(0.0176,0.0341,0.0305));
#11326=CARTESIAN_POINT('',(-0.0833032108716934,0.0315,0.055));
#11327=CARTESIAN_POINT('',(0.0172,0.0315,0.055));
#11328=CARTESIAN_POINT('',(0.0172,0.0315,0.0534));
#11329=CARTESIAN_POINT('',(-0.0833032108716934,0.0315,0.006));
#11330=CARTESIAN_POINT('',(0.0172,0.0315,0.006));
#11331=CARTESIAN_POINT('',(0.0172,0.0315,0.0044));
#11332=CARTESIAN_POINT('',(-0.0833032108716934,-0.0315,0.055));
#11333=CARTESIAN_POINT('',(0.0172,-0.0315,0.055));
#11334=CARTESIAN_POINT('',(0.0172,-0.0315,0.0534));
#11335=CARTESIAN_POINT('',(-0.0833032108716934,-0.0315,0.006));
#11336=CARTESIAN_POINT('',(0.0172,-0.0315,0.006));
#11337=CARTESIAN_POINT('',(0.0172,-0.0315,0.0044));
#11338=CARTESIAN_POINT('',(0.0172,0.0315,0.055));
#11339=CARTESIAN_POINT('',(0.0172,0.0315,0.006));
#11340=CARTESIAN_POINT('',(0.0172,-0.0315,0.055));
#11341=CARTESIAN_POINT('',(0.0172,-0.0315,0.006));
#11342=CARTESIAN_POINT('',(0.,0.0341,0.));
#11343=CARTESIAN_POINT('',(0.0202,0.0341,0.));
#11344=CARTESIAN_POINT('',(0.0202,0.0341,0.));
#11345=CARTESIAN_POINT('',(0.0202,0.0341,0.));
#11346=CARTESIAN_POINT('',(0.0204,0.0343,0.0004));
#11347=CARTESIAN_POINT('',(0.0202,0.0345,0.058));
#11348=CARTESIAN_POINT('',(0.0206,0.0341,0.0026));
#11349=CARTESIAN_POINT('',(0.0202,0.00971286141872406,0.));
#11350=CARTESIAN_POINT('',(0.0204,-0.0341,0.000199999999999989));
#11351=CARTESIAN_POINT('',(0.,-0.0345,0.0004));
#11352=CARTESIAN_POINT('',(0.0202,-0.0345,0.0004));
#11353=CARTESIAN_POINT('',(0.0206,0.0341,0.0026));
#11354=CARTESIAN_POINT('',(0.0206,0.0341,0.0026));
#11355=CARTESIAN_POINT('',(0.0202,0.0343,0.0028));
#11356=CARTESIAN_POINT('',(0.0202,-0.0345,0.0004));
#11357=CARTESIAN_POINT('',(0.0202,-0.0345,0.0004));
#11358=CARTESIAN_POINT('',(0.,0.0345,0.0026));
#11359=CARTESIAN_POINT('',(0.0356666666666667,0.0160333333333334,0.0210666666666668));
#11360=CARTESIAN_POINT('',(0.0206,-2.40259201422787E-17,0.0026));
#11361=CARTESIAN_POINT('',(0.0206,0.0315,0.0026));
#11362=CARTESIAN_POINT('',(0.0206,-0.0341,0.058));
#11363=CARTESIAN_POINT('',(0.0202,-0.0345,0.0026));
#11364=CARTESIAN_POINT('',(0.0172,0.0345,0.058));
#11365=CARTESIAN_POINT('',(0.0176,0.0341,0.009));
#11366=CARTESIAN_POINT('',(0.0206,0.0315,0.006));
#11367=CARTESIAN_POINT('',(0.0206,0.0315,0.0094));
#11368=CARTESIAN_POINT('',(0.0202,-0.0345,0.0026));
#11369=CARTESIAN_POINT('',(0.0202,-0.0345,0.0026));
#11370=CARTESIAN_POINT('',(0.0204,-0.0341,0.0028));
#11371=CARTESIAN_POINT('',(0.0176,0.0341,0.009));
#11372=CARTESIAN_POINT('',(0.0202,0.0345,0.0094));
#11373=CARTESIAN_POINT('',(0.0202,0.033,0.009));
#11374=CARTESIAN_POINT('',(0.0204,0.0341,0.0092));
#11375=CARTESIAN_POINT('',(0.0202,-0.033,0.003));
#11376=CARTESIAN_POINT('',(0.0202,-0.0315,0.003));
#11377=CARTESIAN_POINT('',(0.0176,-0.0341,0.003));
#11378=CARTESIAN_POINT('',(0.0176,-0.0341,0.003));
#11379=CARTESIAN_POINT('',(0.0202,0.0345,0.0094));
#11380=CARTESIAN_POINT('',(0.0202,0.0345,0.0094));
#11381=CARTESIAN_POINT('',(0.0202,-0.0315,0.006));
#11382=CARTESIAN_POINT('',(0.0202,-0.0315,0.009));
#11383=CARTESIAN_POINT('',(0.0176,-0.0341,0.0305));
#11384=CARTESIAN_POINT('',(0.0104333333333333,-0.0412666666666667,0.0161666666666666));
#11385=CARTESIAN_POINT('',(0.0202,0.0345,0.058));
#11386=CARTESIAN_POINT('',(0.0206,0.0341,0.0516));
#11387=CARTESIAN_POINT('',(0.0206,0.,0.0094));
#11388=CARTESIAN_POINT('',(0.0206,-0.0341,0.0094));
#11389=CARTESIAN_POINT('',(0.,-0.0345,0.0094));
#11390=CARTESIAN_POINT('',(0.0202,-0.0343,0.0092));
#11391=CARTESIAN_POINT('',(0.0206,0.0341,0.0516));
#11392=CARTESIAN_POINT('',(0.0206,0.0341,0.0516));
#11393=CARTESIAN_POINT('',(0.0202,0.0343,0.0518));
#11394=CARTESIAN_POINT('',(0.0206,-0.0341,0.0094));
#11395=CARTESIAN_POINT('',(0.0206,-0.0341,0.0094));
#11396=CARTESIAN_POINT('',(0.,0.0345,0.0516));
#11397=CARTESIAN_POINT('',(0.0114666666666667,0.0402333333333334,0.0458666666666667));
#11398=CARTESIAN_POINT('',(0.0206,0.,0.0516));
#11399=CARTESIAN_POINT('',(0.0206,0.0315,0.0516));
#11400=CARTESIAN_POINT('',(0.0206,-0.0341,0.058));
#11401=CARTESIAN_POINT('',(0.0202,-0.0345,0.0516));
#11402=CARTESIAN_POINT('',(0.0172,0.0345,0.058));
#11403=CARTESIAN_POINT('',(0.0173333333333333,0.0343666666666666,0.0582666666666667));
#11404=CARTESIAN_POINT('',(0.0202,0.0315,0.055));
#11405=CARTESIAN_POINT('',(0.0206,0.0315,0.0584));
#11406=CARTESIAN_POINT('',(0.0202,-0.0345,0.0516));
#11407=CARTESIAN_POINT('',(0.0202,-0.0345,0.0516));
#11408=CARTESIAN_POINT('',(0.0204,-0.0341,0.0518));
#11409=CARTESIAN_POINT('',(0.0176,0.0341,0.058));
#11410=CARTESIAN_POINT('',(0.0202,0.0345,0.0584));
#11411=CARTESIAN_POINT('',(0.0202,0.033,0.058));
#11412=CARTESIAN_POINT('',(0.0204,0.0341,0.0582));
#11413=CARTESIAN_POINT('',(0.0202,-0.033,0.052));
#11414=CARTESIAN_POINT('',(0.0202,-0.0315,0.052));
#11415=CARTESIAN_POINT('',(0.0176,-0.0341,0.052));
#11416=CARTESIAN_POINT('',(0.0104333333333333,-0.0412666666666667,0.0448333333333334));
#11417=CARTESIAN_POINT('',(0.0202,0.0345,0.0584));
#11418=CARTESIAN_POINT('',(0.0202,0.0345,0.0584));
#11419=CARTESIAN_POINT('',(0.0206,-0.0315,0.055));
#11420=CARTESIAN_POINT('',(0.0202,-0.0315,0.058));
#11421=CARTESIAN_POINT('',(0.0176,-0.0341,0.0305));
#11422=CARTESIAN_POINT('',(0.0114666666666667,-0.0402333333333334,0.0641333333333334));
#11423=CARTESIAN_POINT('',(0.,0.0345,0.0606));
#11424=CARTESIAN_POINT('',(0.0202,0.0345,0.0606));
#11425=CARTESIAN_POINT('',(0.0202,0.0345,0.058));
#11426=CARTESIAN_POINT('',(0.0202,0.0345,0.0606));
#11427=CARTESIAN_POINT('',(0.0206,9.25185853854226E-19,0.0584));
#11428=CARTESIAN_POINT('',(0.0206,-0.0341,0.0584));
#11429=CARTESIAN_POINT('',(0.,-0.0345,0.0584));
#11430=CARTESIAN_POINT('',(0.0202,-0.0343,0.0582));
#11431=CARTESIAN_POINT('',(0.0202,0.0345,0.0606));
#11432=CARTESIAN_POINT('',(0.0204,0.0341,0.0608));
#11433=CARTESIAN_POINT('',(0.0206,-0.0341,0.0584));
#11434=CARTESIAN_POINT('',(0.0206,-0.0341,0.0584));
#11435=CARTESIAN_POINT('',(0.0206,0.,0.0606));
#11436=CARTESIAN_POINT('',(0.0202,-0.0341,0.061));
#11437=CARTESIAN_POINT('',(0.0206,-0.0341,0.058));
#11438=CARTESIAN_POINT('',(0.0204,-0.0343,0.0606));
#11439=CARTESIAN_POINT('',(0.0202,-0.0341,0.061));
#11440=CARTESIAN_POINT('',(0.0202,-0.0341,0.061));
#11441=CARTESIAN_POINT('',(0.,-0.0341,0.061));
#11442=CARTESIAN_POINT('',(0.01611,-0.0285,0.0005));
#11443=CARTESIAN_POINT('',(0.01611,-0.0285,0.0005));
#11444=CARTESIAN_POINT('',(0.01611,-0.0285,0.0004));
#11445=CARTESIAN_POINT('',(0.01611,-0.0285,0.001));
#11446=CARTESIAN_POINT('',(0.01611,-0.0285,0.0004));
#11447=CARTESIAN_POINT('',(0.01611,-0.0285,0.001));
#11448=CARTESIAN_POINT('',(0.01611,3.46944695195361E-18,0.001));
#11449=CARTESIAN_POINT('',(0.01611,0.0285,0.001));
#11450=CARTESIAN_POINT('',(0.01611,0.0285,0.001));
#11451=CARTESIAN_POINT('',(0.01611,3.46944695195361E-18,0.001));
#11452=CARTESIAN_POINT('',(0.01611,0.0285,0.0005));
#11453=CARTESIAN_POINT('',(0.01651,0.0285,0.0004));
#11454=CARTESIAN_POINT('',(0.01611,0.0285,0.0004));
#11455=CARTESIAN_POINT('',(0.01611,0.0285,0.0005));
#11456=CARTESIAN_POINT('',(0.01611,0.,0.0305));
#11457=CARTESIAN_POINT('',(0.01611,-0.0285,0.0004));
#11458=CARTESIAN_POINT('',(0.01611,0.,0.0004));
#11459=CARTESIAN_POINT('',(0.0110066666666667,0.0233966666666667,0.00550333333333333));
#11460=CARTESIAN_POINT('',(0.01611,-0.0285,0.0004));
#11461=CARTESIAN_POINT('',(0.,0.0289,0.));
#11462=CARTESIAN_POINT('',(0.01611,-0.0285,0.0004));
#11463=CARTESIAN_POINT('',(0.,0.,0.));
#11464=CARTESIAN_POINT('',(0.0089,-0.0305,0.0345));
#11465=CARTESIAN_POINT('',(0.0089,-0.0305,0.041));
#11466=CARTESIAN_POINT('',(-0.0147,-0.0305,0.041));
#11467=CARTESIAN_POINT('',(-0.0059,-0.0305,0.041));
#11468=CARTESIAN_POINT('',(-0.0147,-0.0305,0.0345));
#11469=CARTESIAN_POINT('',(-0.01469802626244,-0.0305033736704174,0.018886495017831));
#11470=CARTESIAN_POINT('',(-0.0146999999999992,-0.0305000000000009,0.0188889605278625));
#11471=CARTESIAN_POINT('',(-0.0146437165112902,-0.0305000000000009,0.0189243998221005));
#11472=CARTESIAN_POINT('',(-0.0145883141305893,-0.0305,0.0189611568592251));
#11473=CARTESIAN_POINT('',(-0.0145341917101811,-0.0305,0.0189998281435876));
#11474=CARTESIAN_POINT('',(-0.014534253119153,-0.0305,0.0189999140885494));
#11475=CARTESIAN_POINT('',(-0.0151,-0.0305,0.019));
#11476=CARTESIAN_POINT('',(-0.006065746880847,-0.0305,0.0189999140885494));
#11477=CARTESIAN_POINT('',(-0.00606580828981897,-0.0305,0.0189998281435876));
#11478=CARTESIAN_POINT('',(-0.00601168586941064,-0.0305,0.018961156859225));
#11479=CARTESIAN_POINT('',(-0.00595628348870915,-0.0305,0.018924399822101));
#11480=CARTESIAN_POINT('',(-0.0059,-0.0305,0.018888960527863));
#11481=CARTESIAN_POINT('',(-0.00590197384828301,-0.0305033736869518,0.018886494876219));
#11482=CARTESIAN_POINT('',(-0.0059,-0.0305,0.0345));
#11483=CARTESIAN_POINT('',(-0.004498,-0.02765,0.04));
#11484=CARTESIAN_POINT('',(-0.00293993010048054,-0.0290800349497597,0.0315880297072958));
#11485=CARTESIAN_POINT('',(-0.0059,-0.0276,0.0402941176470588));
#11486=CARTESIAN_POINT('',(-0.00730198185337744,-0.0268990090733113,0.0444175936864043));
#11487=CARTESIAN_POINT('',(-0.0059,-0.0278,0.0391176470588235));
#11488=CARTESIAN_POINT('',(-0.0059,-0.0285,0.035));
#11489=CARTESIAN_POINT('',(-0.004498,-0.0285,0.035));
#11490=CARTESIAN_POINT('',(-0.0147,-0.0285,0.035));
#11491=CARTESIAN_POINT('',(-0.0147,-0.0285,0.035));
#11492=CARTESIAN_POINT('',(-0.0147,-0.0276,0.0402941176470588));
#11493=CARTESIAN_POINT('',(-0.0176600698995195,-0.0290800349497597,0.0315880297072958));
#11494=CARTESIAN_POINT('',(-0.0132980181466226,-0.0268990090733113,0.0444175936864043));
#11495=CARTESIAN_POINT('',(-0.004498,-0.0268990090733113,0.0444175936864043));
#11496=CARTESIAN_POINT('',(-0.004498,-0.0268,0.047));
#11497=CARTESIAN_POINT('',(-0.0075,-0.0268,0.049));
#11498=CARTESIAN_POINT('',(-0.0075,-0.0268,0.0455907621439413));
#11499=CARTESIAN_POINT('',(-0.0075,-0.0268,0.0464269607954298));
#11500=CARTESIAN_POINT('',(-0.004498,-0.0268,0.0455907621439413));
#11501=CARTESIAN_POINT('',(-0.0131,-0.0268,0.0455907621439413));
#11502=CARTESIAN_POINT('',(-0.0131,-0.0268,0.045));
#11503=CARTESIAN_POINT('',(-0.0131,-0.0268,0.0464269607954298));
#11504=CARTESIAN_POINT('',(-0.004498,-0.0268,0.0464269607954298));
#11505=CARTESIAN_POINT('',(-0.0103,-0.0285,0.058));
#11506=CARTESIAN_POINT('',(-0.0045,-0.0285,0.058));
#11507=CARTESIAN_POINT('',(-0.0045,-0.0285,0.0174343145750508));
#11508=CARTESIAN_POINT('',(-0.0045,-0.0285,0.000400000000000012));
#11509=CARTESIAN_POINT('',(-0.0103,-0.0285,0.0004));
#11510=CARTESIAN_POINT('',(-0.0161,-0.0285,0.0004));
#11511=CARTESIAN_POINT('',(-0.0161,-0.0285,0.058));
#11512=CARTESIAN_POINT('',(-0.0161,-0.0285,0.0174343145750508));
#11513=CARTESIAN_POINT('',(0.00708284271247462,-0.0285,0.0406171572875254));
#11514=CARTESIAN_POINT('',(-0.0147,-0.0285,0.0188343145750508));
#11515=CARTESIAN_POINT('',(-0.0147,-0.0285,0.019));
#11516=CARTESIAN_POINT('',(-0.0059,-0.0285,0.035));
#11517=CARTESIAN_POINT('',(-0.0059,-0.0285,0.0188343145750508));
#11518=CARTESIAN_POINT('',(-0.0276828427124747,-0.0285,0.0406171572875254));
#11519=CARTESIAN_POINT('',(0.0089,-0.0295,0.051));
#11520=CARTESIAN_POINT('',(-0.0147,-0.0295,0.051));
#11521=CARTESIAN_POINT('',(-0.0147,-0.0294,0.051));
#11522=CARTESIAN_POINT('',(-0.0147,-0.0289,0.051));
#11523=CARTESIAN_POINT('',(0.0089,-0.0294,0.051));
#11524=CARTESIAN_POINT('',(-0.0059,-0.0294,0.051));
#11525=CARTESIAN_POINT('',(-0.0059,-0.0295,0.051));
#11526=CARTESIAN_POINT('',(-0.0059,-0.0289,0.051));
#11527=CARTESIAN_POINT('',(-0.0059,-0.0289,0.051));
#11528=CARTESIAN_POINT('',(-0.0161,0.,0.058));
#11529=CARTESIAN_POINT('',(-0.0161,0.0315,0.006));
#11530=CARTESIAN_POINT('',(-0.0161,0.0331,0.006));
#11531=CARTESIAN_POINT('',(-0.0161,0.0315,0.055));
#11532=CARTESIAN_POINT('',(-0.0161,0.0331,0.055));
#11533=CARTESIAN_POINT('',(-0.0161,-0.0315,0.055));
#11534=CARTESIAN_POINT('',(-0.0161,-0.0299,0.055));
#11535=CARTESIAN_POINT('',(-0.0161,-0.0315,0.006));
#11536=CARTESIAN_POINT('',(-0.0161,-0.0299,0.006));
#11537=CARTESIAN_POINT('',(-0.0161,-0.03115,0.018));
#11538=CARTESIAN_POINT('',(-0.0161,-0.0289,0.018));
#11539=CARTESIAN_POINT('',(-0.0161,-0.0305202041028867,0.018));
#11540=CARTESIAN_POINT('',(-0.0161,-0.038122847498308,0.0310430760158058));
#11541=CARTESIAN_POINT('',(-0.0161,0.0145500000000002,0.0434499999999995));
#11542=CARTESIAN_POINT('',(-0.0161,-0.0289,0.));
#11543=CARTESIAN_POINT('',(-0.0161,0.00971286141872406,0.));
#11544=CARTESIAN_POINT('',(-0.0161,-0.0341,0.));
#11545=CARTESIAN_POINT('',(-0.0161,-0.04605,0.0119500000000005));
#11546=CARTESIAN_POINT('',(-0.0161,-0.0345,0.0004));
#11547=CARTESIAN_POINT('',(-0.0161,-0.0345,0.058));
#11548=CARTESIAN_POINT('',(-0.0161,-0.0345,0.0606));
#11549=CARTESIAN_POINT('',(-0.0161,-0.01855,0.07655));
#11550=CARTESIAN_POINT('',(-0.0161,-0.0341,0.061));
#11551=CARTESIAN_POINT('',(-0.0161,0.,0.061));
#11552=CARTESIAN_POINT('',(-0.0161,0.0341,0.061));
#11553=CARTESIAN_POINT('',(-0.0161,0.01855,0.07655));
#11554=CARTESIAN_POINT('',(-0.0161,0.0345,0.0606));
#11555=CARTESIAN_POINT('',(-0.0161,0.0345,0.058));
#11556=CARTESIAN_POINT('',(-0.0161,0.0345,0.0004));
#11557=CARTESIAN_POINT('',(-0.0161,0.04605,0.01195));
#11558=CARTESIAN_POINT('',(-0.0161,0.0341,0.));
#11559=CARTESIAN_POINT('',(-0.0161,0.00971286141872406,0.));
#11560=CARTESIAN_POINT('',(-0.0161,0.0289,0.));
#11561=CARTESIAN_POINT('',(-0.0161,-0.0145500000000001,0.04345));
#11562=CARTESIAN_POINT('',(-0.0161,0.0285,0.0004));
#11563=CARTESIAN_POINT('',(-0.0161,0.0285,0.058));
#11564=CARTESIAN_POINT('',(-0.0161,0.0285,0.0576));
#11565=CARTESIAN_POINT('',(-0.0161,0.0285,0.0576));
#11566=CARTESIAN_POINT('',(-0.0161,0.0281,0.058));
#11567=CARTESIAN_POINT('',(-0.0161,0.,0.058));
#11568=CARTESIAN_POINT('',(-0.0161,-0.0281,0.058));
#11569=CARTESIAN_POINT('',(-0.0161,-0.0281,0.058));
#11570=CARTESIAN_POINT('',(-0.0161,-0.0285,0.0576));
#11571=CARTESIAN_POINT('',(-0.0161,-0.0285,0.058));
#11572=CARTESIAN_POINT('',(-0.0161,-0.0285,0.0524));
#11573=CARTESIAN_POINT('',(-0.0161,-0.0114499999999999,0.06945));
#11574=CARTESIAN_POINT('',(-0.0161,-0.0289,0.052));
#11575=CARTESIAN_POINT('',(-0.0161,-0.030025,0.052));
#11576=CARTESIAN_POINT('',(-0.0161,-0.0314,0.052));
#11577=CARTESIAN_POINT('',(-0.0161,-0.0318,0.0516));
#11578=CARTESIAN_POINT('',(-0.0161,-0.0318,0.0516));
#11579=CARTESIAN_POINT('',(-0.0161,-0.0318,0.035));
#11580=CARTESIAN_POINT('',(-0.0161,-0.0318,0.0176));
#11581=CARTESIAN_POINT('',(-0.0161,0.,0.0176));
#11582=CARTESIAN_POINT('',(-0.0161,-0.0315,0.0176));
#11583=CARTESIAN_POINT('',(-0.0161,-0.0315,0.019));
#11584=CARTESIAN_POINT('',(-0.0103,-0.0285,0.058));
#11585=CARTESIAN_POINT('',(-0.0161,-0.0285,0.0576));
#11586=CARTESIAN_POINT('',(-0.0045,-0.0285,0.0576));
#11587=CARTESIAN_POINT('',(-0.0045,-0.0285,0.058));
#11588=CARTESIAN_POINT('',(-0.0045,-0.0285,0.0524));
#11589=CARTESIAN_POINT('',(-0.0045,-0.0285,0.0524));
#11590=CARTESIAN_POINT('',(-0.0045,3.46944695195361E-18,0.058));
#11591=CARTESIAN_POINT('',(-0.0045,0.0315,0.006));
#11592=CARTESIAN_POINT('',(-0.0045,0.0315,0.0044));
#11593=CARTESIAN_POINT('',(-0.0045,0.0315,0.055));
#11594=CARTESIAN_POINT('',(-0.0045,0.0315,0.0534));
#11595=CARTESIAN_POINT('',(-0.0045,-0.0315,0.055));
#11596=CARTESIAN_POINT('',(-0.0045,-0.0315,0.0534));
#11597=CARTESIAN_POINT('',(-0.0045,-0.0315,0.006));
#11598=CARTESIAN_POINT('',(-0.0045,-0.0315,0.0044));
#11599=CARTESIAN_POINT('',(-0.0045,-0.0318,0.058));
#11600=CARTESIAN_POINT('',(-0.0045,-0.0318,0.0176));
#11601=CARTESIAN_POINT('',(-0.0045,-0.0318,0.0516));
#11602=CARTESIAN_POINT('',(-0.0045,-0.0127,0.0707));
#11603=CARTESIAN_POINT('',(-0.0045,-0.0314,0.052));
#11604=CARTESIAN_POINT('',(-0.0045,3.46944695195361E-18,0.052));
#11605=CARTESIAN_POINT('',(-0.0045,-0.0289,0.052));
#11606=CARTESIAN_POINT('',(-0.0045,-0.0289,0.052));
#11607=CARTESIAN_POINT('',(-0.0045,-0.0140499999999999,0.07205));
#11608=CARTESIAN_POINT('',(-0.0045,-0.0281,0.058));
#11609=CARTESIAN_POINT('',(-0.0045,3.46944695195361E-18,0.058));
#11610=CARTESIAN_POINT('',(-0.0045,0.0281,0.058));
#11611=CARTESIAN_POINT('',(-0.0045,0.0140499999999999,0.07205));
#11612=CARTESIAN_POINT('',(-0.0045,0.0285,0.0576));
#11613=CARTESIAN_POINT('',(-0.0045,0.0285,0.058));
#11614=CARTESIAN_POINT('',(-0.0045,0.0285,0.000400000000000012));
#11615=CARTESIAN_POINT('',(-0.0045,0.0289,0.));
#11616=CARTESIAN_POINT('',(-0.0045,0.0289,0.));
#11617=CARTESIAN_POINT('',(-0.0045,0.00971286141872406,0.));
#11618=CARTESIAN_POINT('',(-0.0045,0.0341,0.));
#11619=CARTESIAN_POINT('',(-0.0045,0.0341,0.));
#11620=CARTESIAN_POINT('',(-0.0045,0.0345,0.0004));
#11621=CARTESIAN_POINT('',(-0.0045,0.0345,0.058));
#11622=CARTESIAN_POINT('',(-0.0045,0.0345,0.0606));
#11623=CARTESIAN_POINT('',(-0.0045,0.0345,0.0606));
#11624=CARTESIAN_POINT('',(-0.0045,0.0341,0.061));
#11625=CARTESIAN_POINT('',(-0.0045,0.,0.061));
#11626=CARTESIAN_POINT('',(-0.0045,-0.0341,0.061));
#11627=CARTESIAN_POINT('',(-0.0045,-0.0341,0.061));
#11628=CARTESIAN_POINT('',(-0.0045,-0.0345,0.0606));
#11629=CARTESIAN_POINT('',(-0.0045,-0.0345,0.058));
#11630=CARTESIAN_POINT('',(-0.0045,-0.0345,0.0004));
#11631=CARTESIAN_POINT('',(-0.0045,-0.0345,0.0004));
#11632=CARTESIAN_POINT('',(-0.0045,-0.0341,0.));
#11633=CARTESIAN_POINT('',(-0.0045,0.00971286141872406,0.));
#11634=CARTESIAN_POINT('',(-0.0045,-0.0289,0.));
#11635=CARTESIAN_POINT('',(-0.0045,-0.0285,0.0004));
#11636=CARTESIAN_POINT('',(-0.0045,-0.0394284968594479,0.0328895430500339));
#11637=CARTESIAN_POINT('',(-0.0045,-0.0289,0.018));
#11638=CARTESIAN_POINT('',(-0.0045,3.46944695195361E-18,0.018));
#11639=CARTESIAN_POINT('',(-0.0045,-0.0305202041028867,0.018));
#11640=CARTESIAN_POINT('',(-0.0045,-0.0315,0.019));
#11641=CARTESIAN_POINT('',(-0.0045,-0.0315,0.0176));
#11642=CARTESIAN_POINT('',(-0.0045,-0.0315,0.0176));
#11643=CARTESIAN_POINT('',(0.,0.,0.058));
#11644=CARTESIAN_POINT('',(-0.0045,-0.0281,0.058));
#11645=CARTESIAN_POINT('',(0.,0.0281,0.058));
#11646=CARTESIAN_POINT('',(-0.0103,0.0285,0.058));
#11647=CARTESIAN_POINT('',(-0.0161,0.0285,0.0004));
#11648=CARTESIAN_POINT('',(-0.0103,0.0285,0.0576));
#11649=CARTESIAN_POINT('',(0.,0.00971286141872406,0.));
#11650=CARTESIAN_POINT('',(-0.0045,0.0289,0.));
#11651=CARTESIAN_POINT('',(-0.0161,0.0341,0.));
#11652=CARTESIAN_POINT('',(0.,0.00971286141872406,0.));
#11653=CARTESIAN_POINT('',(0.,-0.0289,0.));
#11654=CARTESIAN_POINT('',(0.,-0.0341,0.));
#11655=CARTESIAN_POINT('',(0.,0.,0.061));
#11656=CARTESIAN_POINT('',(0.,0.0341,0.061));
#11657=CARTESIAN_POINT('',(-0.0161,-0.0341,0.061));
#11658=CARTESIAN_POINT('',(0.,-0.0345,0.058));
#11659=CARTESIAN_POINT('',(0.,-0.0345,0.0004));
#11660=CARTESIAN_POINT('',(-0.0045,-0.0345,0.0606));
#11661=CARTESIAN_POINT('',(0.,0.0345,0.058));
#11662=CARTESIAN_POINT('',(-0.0045,0.0345,0.0004));
#11663=CARTESIAN_POINT('',(0.,0.0345,0.0606));
#11664=CARTESIAN_POINT('',(0.0089,-0.030025,0.052));
#11665=CARTESIAN_POINT('',(-0.0161,-0.0289,0.052));
#11666=CARTESIAN_POINT('',(-0.0045,-0.0314,0.052));
#11667=CARTESIAN_POINT('',(0.0089,-0.0318,0.035));
#11668=CARTESIAN_POINT('',(-0.0049,-0.0318,0.018));
#11669=CARTESIAN_POINT('',(-0.0049,-0.0318,0.018));
#11670=CARTESIAN_POINT('',(0.0089,-0.0318,0.018));
#11671=CARTESIAN_POINT('',(-0.0157,-0.0318,0.018));
#11672=CARTESIAN_POINT('',(-0.0161,-0.0318,0.0176));
#11673=CARTESIAN_POINT('',(-0.0161,-0.0318,0.0516));
#11674=CARTESIAN_POINT('',(0.0089,-0.03115,0.018));
#11675=CARTESIAN_POINT('',(-0.0055,-0.0315,0.018));
#11676=CARTESIAN_POINT('',(-0.0157,-0.0315,0.018));
#11677=CARTESIAN_POINT('',(-0.0049,-0.0315,0.018));
#11678=CARTESIAN_POINT('',(-0.0157,-0.03115,0.018));
#11679=CARTESIAN_POINT('',(-0.0049,-0.0318,0.018));
#11680=CARTESIAN_POINT('',(-0.0151,0.,0.0305));
#11681=CARTESIAN_POINT('',(-0.0151,-0.0289,0.035));
#11682=CARTESIAN_POINT('',(-0.0151,-0.0289,0.019));
#11683=CARTESIAN_POINT('',(-0.0151,-0.0289,0.0350337578367967));
#11684=CARTESIAN_POINT('',(-0.0151,-0.0285,0.019));
#11685=CARTESIAN_POINT('',(-0.0151,-0.0301,0.019));
#11686=CARTESIAN_POINT('',(-0.0151,-0.0301,0.0305));
#11687=CARTESIAN_POINT('',(-0.0151,-0.0301,0.0409860171081108));
#11688=CARTESIAN_POINT('',(-0.0151,-0.0306836712086454,0.0326478569846052));
#11689=CARTESIAN_POINT('',(-0.0151,-0.0294270211975677,0.0506));
#11690=CARTESIAN_POINT('',(-0.0151,0.,0.0506));
#11691=CARTESIAN_POINT('',(-0.0151,-0.0286849761899362,0.0506));
#11692=CARTESIAN_POINT('',(-0.0151,-0.0288047757271038,0.0507409406319618));
#11693=CARTESIAN_POINT('',(-0.0151,-0.0278,0.0495588515412515));
#11694=CARTESIAN_POINT('',(-0.0151,-0.0278,0.049));
#11695=CARTESIAN_POINT('',(-0.0151,-0.0278,0.0415043460720908));
#11696=CARTESIAN_POINT('',(-0.0151,-0.028194342338668,0.0391846852563971));
#11697=CARTESIAN_POINT('',(-0.0055,0.,0.0305));
#11698=CARTESIAN_POINT('',(-0.0055,-0.0288943423386679,0.0350670381975737));
#11699=CARTESIAN_POINT('',(-0.0055,-0.0278,0.0415043460720908));
#11700=CARTESIAN_POINT('',(-0.0055,-0.0289,0.0350337578367967));
#11701=CARTESIAN_POINT('',(-0.0055,-0.0278,0.045));
#11702=CARTESIAN_POINT('',(-0.0055,-0.0278,0.0495588515412515));
#11703=CARTESIAN_POINT('',(-0.0055,-0.0281047757271038,0.0499174112201971));
#11704=CARTESIAN_POINT('',(-0.0055,-0.0286849761899362,0.0506));
#11705=CARTESIAN_POINT('',(-0.0055,0.,0.0506));
#11706=CARTESIAN_POINT('',(-0.0055,-0.0294270211975677,0.0506));
#11707=CARTESIAN_POINT('',(-0.0055,-0.0306836712086454,0.0326478569846052));
#11708=CARTESIAN_POINT('',(-0.0055,-0.0301,0.0409860171081108));
#11709=CARTESIAN_POINT('',(-0.0055,-0.0301,0.0305));
#11710=CARTESIAN_POINT('',(-0.0055,-0.0301,0.019));
#11711=CARTESIAN_POINT('',(-0.0055,-0.0315,0.019));
#11712=CARTESIAN_POINT('',(-0.0055,-0.0289,0.019));
#11713=CARTESIAN_POINT('',(-0.0055,-0.0289,0.019));
#11714=CARTESIAN_POINT('',(-0.0055,-0.0278,0.0305));
#11715=CARTESIAN_POINT('',(0.00291970658284043,-0.0320098532914202,0.0415111922304491));
#11716=CARTESIAN_POINT('',(-0.00575968095280939,-0.0276701595235953,0.0498070577960839));
#11717=CARTESIAN_POINT('',(-0.00870013208502749,-0.0261999339574862,0.0318221190391984));
#11718=CARTESIAN_POINT('',(0.0065,-0.0338,0.0455907621439413));
#11719=CARTESIAN_POINT('',(0.0065,-0.0338,0.0464269607954298));
#11720=CARTESIAN_POINT('',(-0.0151,-0.0278,0.0305));
#11721=CARTESIAN_POINT('',(-0.0271,-0.0338,0.0455907621439413));
#11722=CARTESIAN_POINT('',(-0.0118998679149725,-0.0261999339574862,0.0318221190391984));
#11723=CARTESIAN_POINT('',(-0.0235197065828405,-0.0320098532914202,0.0415111922304491));
#11724=CARTESIAN_POINT('',(-0.0148403190471906,-0.0276701595235953,0.0498070577960839));
#11725=CARTESIAN_POINT('',(-0.0271,-0.0338,0.0464269607954298));
#11726=CARTESIAN_POINT('',(0.0089,-0.0318,0.0516));
#11727=CARTESIAN_POINT('',(0.0089,-0.0289,0.052));
#11728=CARTESIAN_POINT('',(0.,-0.0341,0.061));
#11729=CARTESIAN_POINT('',(0.,0.0345,0.0606));
#11730=CARTESIAN_POINT('',(0.,-0.0345,0.0004));
#11731=CARTESIAN_POINT('',(0.,0.0341,0.));
#11732=CARTESIAN_POINT('',(-0.0103,0.0285,0.0576));
#11733=CARTESIAN_POINT('',(0.,-0.0281,0.058));
#11734=CARTESIAN_POINT('',(0.,0.0289,0.));
#11735=CARTESIAN_POINT('',(-0.0103,-0.0285,0.0004));
#11736=CARTESIAN_POINT('',(0.0089,-0.0315,0.019));
#11737=CARTESIAN_POINT('',(-0.0059040008613209,-0.030506742913854,0.0188840674298539));
#11738=CARTESIAN_POINT('',(-0.00578121474307181,-0.0305170418537204,0.0187958308369));
#11739=CARTESIAN_POINT('',(-0.00562484902916681,-0.0305468960378289,0.0186837155364852));
#11740=CARTESIAN_POINT('',(-0.00547693045299263,-0.0305924650232996,0.0185789202161743));
#11741=CARTESIAN_POINT('',(-0.00541845411636038,-0.0306129957487681,0.0185373933232222));
#11742=CARTESIAN_POINT('',(-0.00526774807188514,-0.0306729254791683,0.0184296403762555));
#11743=CARTESIAN_POINT('',(-0.00507858858535346,-0.0307804020028097,0.0182942424677416));
#11744=CARTESIAN_POINT('',(-0.00495223419474521,-0.0308903845320313,0.0182044604992675));
#11745=CARTESIAN_POINT('',(-0.00490039484555107,-0.030946333893927,0.018167261239652));
#11746=CARTESIAN_POINT('',(-0.00490041981969865,-0.0309464879624238,0.0181674581626713));
#11747=CARTESIAN_POINT('',(-0.0156996589335588,-0.030946391941494,0.0181672226482683));
#11748=CARTESIAN_POINT('',(-0.0156478361502883,-0.0308904514906623,0.018204410360341));
#11749=CARTESIAN_POINT('',(-0.0155214886753449,-0.0307804635225436,0.0182941808706178));
#11750=CARTESIAN_POINT('',(-0.0153323270830162,-0.0306729623815752,0.0184295781438754));
#11751=CARTESIAN_POINT('',(-0.0151815541399294,-0.0306129981517332,0.0185373884425905));
#11752=CARTESIAN_POINT('',(-0.0151231347661039,-0.0305924861818578,0.0185788769632523));
#11753=CARTESIAN_POINT('',(-0.014975228622766,-0.0305469129253882,0.018683663598113));
#11754=CARTESIAN_POINT('',(-0.0148188342821277,-0.0305170458116846,0.0187957967114756));
#11755=CARTESIAN_POINT('',(-0.0146959993654635,-0.0305067428812775,0.0188840677089544));
#11756=CARTESIAN_POINT('',(-0.0156996589335588,-0.030946521081739,0.0181674169103813));
#11757=CARTESIAN_POINT('',(-0.0157,-0.0315,0.019));
#11758=CARTESIAN_POINT('',(-0.0049,-0.0315,0.019));
#11759=CARTESIAN_POINT('',(-0.0045,-0.03115,0.018));
#11760=CARTESIAN_POINT('',(-0.0045,-0.0289,0.018));
#11761=CARTESIAN_POINT('',(-0.00518333333333333,-0.0297833333333333,0.0186833333333334));
#11762=CARTESIAN_POINT('',(-0.00552439971817396,-0.0301243997183373,0.0190243997181248));
#11763=CARTESIAN_POINT('',(-0.0058926854464936,-0.0301043157327736,0.0193926854464936));
#11764=CARTESIAN_POINT('',(-0.00549010991469964,-0.0300704783164138,0.0189901099146997));
#11765=CARTESIAN_POINT('',(-0.00507856043533545,-0.0302243832898168,0.0185785604353354));
#11766=CARTESIAN_POINT('',(-0.00450722600229145,-0.0307957177228608,0.0180072260022914));
#11767=CARTESIAN_POINT('',(-0.00435332102888837,-0.031207267202225,0.0178533210288883));
#11768=CARTESIAN_POINT('',(-0.00438715844524824,-0.031609842734019,0.0178871584452482));
#11769=CARTESIAN_POINT('',(-0.00550002228420106,-0.0301292996147987,0.019000022284201));
#11770=CARTESIAN_POINT('',(-0.00470442979762529,-0.0306075560735263,0.0182044297976253));
#11771=CARTESIAN_POINT('',(-0.00491077677321962,-0.0303568456955486,0.0184107767732196));
#11772=CARTESIAN_POINT('',(-0.00517596684067649,-0.0301974283534264,0.0186759668406765));
#11773=CARTESIAN_POINT('',(-0.00549999999999588,-0.0301293040471597,0.0189999999999959));
#11774=CARTESIAN_POINT('',(-0.00470442979762529,-0.0306075560735263,0.0182044297976253));
#11775=CARTESIAN_POINT('',(-0.0045,-0.0305202041028867,0.018));
#11776=CARTESIAN_POINT('',(-0.00456839832395203,-0.0305481276017108,0.018068398323952));
#11777=CARTESIAN_POINT('',(-0.00463656437309455,-0.0305771382859055,0.0181365643730946));
#11778=CARTESIAN_POINT('',(-0.00470442979762665,-0.0306075560735196,0.0182044297976266));
#11779=CARTESIAN_POINT('',(-0.0151,0.,0.019));
#11780=CARTESIAN_POINT('',(-0.0251333333333334,-0.0200666666666665,0.00896666666666664));
#11781=CARTESIAN_POINT('',(-0.0150756002818261,-0.0301243997183373,0.0190243997181248));
#11782=CARTESIAN_POINT('',(-0.0151,-0.0289,0.019));
#11783=CARTESIAN_POINT('',(-0.0158955702023747,-0.0306075560735263,0.0182044297976253));
#11784=CARTESIAN_POINT('',(-0.0159634356269068,-0.0305771382859123,0.0181365643730932));
#11785=CARTESIAN_POINT('',(-0.0160316016760479,-0.0305481276017108,0.0180683983239521));
#11786=CARTESIAN_POINT('',(-0.0161,-0.0305202041028867,0.018));
#11787=CARTESIAN_POINT('',(-0.0158955702023747,-0.0306075560735263,0.0182044297976253));
#11788=CARTESIAN_POINT('',(-0.0151000042379445,-0.0301293049381447,0.0189999957620555));
#11789=CARTESIAN_POINT('',(-0.0154240354715561,-0.0301974297434129,0.0186759645284439));
#11790=CARTESIAN_POINT('',(-0.0156892241263662,-0.0303568467885401,0.0184107758736338));
#11791=CARTESIAN_POINT('',(-0.0158955702023747,-0.0306075560735264,0.0182044297976253));
#11792=CARTESIAN_POINT('',(-0.0151000042372095,-0.0301293049451373,0.0189999957627905));
#11793=CARTESIAN_POINT('',(-0.0162128415547518,-0.031609842734019,0.0178871584452482));
#11794=CARTESIAN_POINT('',(-0.0162466789711116,-0.031207267202225,0.0178533210288883));
#11795=CARTESIAN_POINT('',(-0.0160927739977085,-0.0307957177228608,0.0180072260022914));
#11796=CARTESIAN_POINT('',(-0.0155214395646645,-0.0302243832898168,0.0185785604353354));
#11797=CARTESIAN_POINT('',(-0.0151098900853004,-0.0300704783164138,0.0189901099146997));
#11798=CARTESIAN_POINT('',(-0.0147073145535064,-0.0301043157327736,0.0193926854464936));
#11799=CARTESIAN_POINT('',(0.0089,-0.0298,0.051));
#11800=CARTESIAN_POINT('',(0.0089,-0.02982793165108,0.0506009764131434));
#11801=CARTESIAN_POINT('',(-0.0147,-0.02982793165108,0.0506009764131434));
#11802=CARTESIAN_POINT('',(-0.0059,-0.02982793165108,0.0506009764131434));
#11803=CARTESIAN_POINT('',(-0.0147,-0.0298,0.051));
#11804=CARTESIAN_POINT('',(-0.0059,-0.0298,0.051));
#11805=CARTESIAN_POINT('',(-0.0049,-0.03115,0.018));
#11806=CARTESIAN_POINT('',(-0.0045,-0.0315,0.0176));
#11807=CARTESIAN_POINT('',(-0.0161,0.,0.0176));
#11808=CARTESIAN_POINT('',(-0.0157,-0.0315,0.018));
#11809=CARTESIAN_POINT('',(-0.0049,-0.0315,0.019));
#11810=CARTESIAN_POINT('',(-0.00490045641663916,-0.0309464946671712,0.0181677024440935));
#11811=CARTESIAN_POINT('',(-0.00484850553267367,-0.0308364340018186,0.0181785062635039));
#11812=CARTESIAN_POINT('',(-0.00478316332633572,-0.0307243219363581,0.0181917652656712));
#11813=CARTESIAN_POINT('',(-0.00470442979762529,-0.0306075560735263,0.0182044297976253));
#11814=CARTESIAN_POINT('',(-0.0161,-0.0315,0.019));
#11815=CARTESIAN_POINT('',(-0.0158955702023747,-0.0306075560735263,0.0182044297976253));
#11816=CARTESIAN_POINT('',(-0.015816931050387,-0.0307241819708359,0.0181917804464594));
#11817=CARTESIAN_POINT('',(-0.0157516531071256,-0.0308361611428571,0.0181785397075733));
#11818=CARTESIAN_POINT('',(-0.0156997363725903,-0.0309460863493536,0.0181677425384488));
#11819=CARTESIAN_POINT('',(-0.00591194623589681,-0.0305060143546111,0.018890186293534));
#11820=CARTESIAN_POINT('',(-0.00559923357669136,-0.0305314066443725,0.0186668201083872));
#11821=CARTESIAN_POINT('',(-0.00529902845579368,-0.0306333985584523,0.0184523878791746));
#11822=CARTESIAN_POINT('',(-0.0050084060606704,-0.0308409859835404,0.0182448004540866));
#11823=CARTESIAN_POINT('',(-0.00494839573049378,-0.0308940737613374,0.0182019359325318));
#11824=CARTESIAN_POINT('',(-0.00489643791919508,-0.0309508953267453,0.0181648232101756));
#11825=CARTESIAN_POINT('',(-0.00562910358381501,-0.0301084200360627,0.019129103583815));
#11826=CARTESIAN_POINT('',(-0.00531639104861168,-0.0301439691177265,0.0188163910486117));
#11827=CARTESIAN_POINT('',(-0.0050161861655732,-0.0302867575595791,0.0185161861655732));
#11828=CARTESIAN_POINT('',(-0.00472556322087258,-0.0305773805042797,0.0182255632208726));
#11829=CARTESIAN_POINT('',(-0.00466555282339135,-0.0306517034605002,0.0181655528233913));
#11830=CARTESIAN_POINT('',(-0.0046135949835876,-0.0307312536805762,0.0181135949835876));
#11831=CARTESIAN_POINT('',(-0.00552439971827349,-0.0301243997182735,0.0190243997182735));
#11832=CARTESIAN_POINT('',(-0.00565437362365075,-0.0302543736236507,0.0189840368841493));
#11833=CARTESIAN_POINT('',(-0.00577957371755957,-0.0303795737175596,0.0189388904873457));
#11834=CARTESIAN_POINT('',(-0.00589999999999996,-0.0305,0.0188889605278629));
#11835=CARTESIAN_POINT('',(-0.0157036632041586,-0.0309510059320604,0.0181647509792087));
#11836=CARTESIAN_POINT('',(-0.0156516821380157,-0.0308941426520748,0.0182018803121679));
#11837=CARTESIAN_POINT('',(-0.0155916376241762,-0.0308410171870022,0.0182447692506247));
#11838=CARTESIAN_POINT('',(-0.0153009712836605,-0.0306333983723482,0.0184523880652788));
#11839=CARTESIAN_POINT('',(-0.0150007657227281,-0.0305314064063568,0.0186668206088019));
#11840=CARTESIAN_POINT('',(-0.0146880526694498,-0.0305060142657255,0.0188901870754293));
#11841=CARTESIAN_POINT('',(-0.0159865061398215,-0.0307314085280729,0.0181134938601785));
#11842=CARTESIAN_POINT('',(-0.0159345250452055,-0.0306517999076198,0.0181654749547945));
#11843=CARTESIAN_POINT('',(-0.0158744804640566,-0.0305774241892089,0.0182255195359434));
#11844=CARTESIAN_POINT('',(-0.0155838135738805,-0.0302867572990328,0.0185161864261195));
#11845=CARTESIAN_POINT('',(-0.0152836082508084,-0.0301439687845052,0.0188163917491916));
#11846=CARTESIAN_POINT('',(-0.014970895321532,-0.0301084199116233,0.019129104678468));
#11847=CARTESIAN_POINT('',(-0.0147,-0.0305,0.0188889605278629));
#11848=CARTESIAN_POINT('',(-0.0148204262824404,-0.0303795737175596,0.0189388904873457));
#11849=CARTESIAN_POINT('',(-0.0149456263763492,-0.0302543736236508,0.0189840368841492));
#11850=CARTESIAN_POINT('',(-0.0150756002817265,-0.0301243997182735,0.0190243997182735));
#11851=CARTESIAN_POINT('',(-0.0059,-0.0305,0.0345));
#11852=CARTESIAN_POINT('',(-0.00564600690407461,-0.0302460069040746,0.0409911211049977));
#11853=CARTESIAN_POINT('',(-0.0055,-0.00673438385482507,0.0247757737233987));
#11854=CARTESIAN_POINT('',(-0.0114918634339036,-0.0259140960183814,0.0565918634339036));
#11855=CARTESIAN_POINT('',(-0.00574761213644811,-0.0285704703159809,0.0508476121364481));
#11856=CARTESIAN_POINT('',(0.00109999999999998,-0.0338,0.0464269607954298));
#11857=CARTESIAN_POINT('',(-0.0058921601275764,-0.0282578938894082,0.0507030641453198));
#11858=CARTESIAN_POINT('',(-0.0166885700991034,-0.00491129998400491,0.039906654173793));
#11859=CARTESIAN_POINT('',(-0.0151,-0.00673438385482507,0.0247757737233987));
#11860=CARTESIAN_POINT('',(-0.0217,-0.0338,0.0464269607954298));
#11861=CARTESIAN_POINT('',(-0.0147078398724236,-0.0282578938894082,0.0507030641453198));
#11862=CARTESIAN_POINT('',(-0.022179691708864,-0.0319589121855089,0.0435203082911361));
#11863=CARTESIAN_POINT('',(-0.0148523878635519,-0.0285704703159809,0.0508476121364481));
#11864=CARTESIAN_POINT('',(-0.00391142990089663,-0.0049112999840049,0.039906654173793));
#11865=CARTESIAN_POINT('',(-0.0151,-0.0301,0.0305));
#11866=CARTESIAN_POINT('',(-0.0152831691373963,-0.0299168308626037,0.0409796140224966));
#11867=CARTESIAN_POINT('',(-0.0055,-0.0306836712086454,0.0326478569846052));
#11868=CARTESIAN_POINT('',(-0.0059,-0.02982793165108,0.0506009764131434));
#11869=CARTESIAN_POINT('',(-0.0055,0.,0.0506));
#11870=CARTESIAN_POINT('',(-0.00568652126962495,-0.029414421127375,0.050786521269625));
#11871=CARTESIAN_POINT('',(0.00358069486623156,-0.00839856169164657,0.0415193051337685));
#11872=CARTESIAN_POINT('',(-0.0147,-0.0295,0.051));
#11873=CARTESIAN_POINT('',(-0.0147,-0.0294,0.051));
#11874=CARTESIAN_POINT('',(-0.0145056567757298,-0.0293202556541729,0.0511943432242702));
#11875=CARTESIAN_POINT('',(-0.0151,-0.0306836712086454,0.0326478569846052));
#11876=CARTESIAN_POINT('',(-0.014913478730375,-0.0296139670145553,0.0506004553045479));
#11877=CARTESIAN_POINT('',(-0.0059,-0.02982793165108,0.0506009764131434));
#11878=CARTESIAN_POINT('',(-0.0059,-0.02982793165108,0.0506009764131434));
#11879=CARTESIAN_POINT('',(-0.0147,-0.0294,0.051));
#11880=CARTESIAN_POINT('',(-0.0147,-0.0294,0.051));
#11881=CARTESIAN_POINT('',(0.0089,-0.0294,0.051));
#11882=CARTESIAN_POINT('',(-0.0055,-0.0288373397145062,0.0354023477514661));
#11883=CARTESIAN_POINT('',(-0.00569063343313563,-0.0287093665668644,0.0350176694059873));
#11884=CARTESIAN_POINT('',(-0.0055,-0.0289,0.0305));
#11885=CARTESIAN_POINT('',(-0.0117759685108131,-0.0226240314891869,0.0164004087257946));
#11886=CARTESIAN_POINT('',(-0.0276828427124746,-0.0285,0.0406171572875254));
#11887=CARTESIAN_POINT('',(0.00708284271247462,-0.0285,0.0406171572875254));
#11888=CARTESIAN_POINT('',(-0.0172935510530513,-0.0310935510530513,0.0199085985959317));
#11889=CARTESIAN_POINT('',(-0.0151,-0.0289,0.0305));
#11890=CARTESIAN_POINT('',(-0.0150842793397694,-0.0288842793397694,0.0350324310980906));
#11891=CARTESIAN_POINT('',(-0.0151,-0.0288373397145062,0.0354023477514661));
#11892=CARTESIAN_POINT('',(-0.004498,-0.0338,0.0464269607954298));
#11893=CARTESIAN_POINT('',(-0.0103,-0.0282578938894082,0.0507030641453198));
#11894=CARTESIAN_POINT('',(-0.004498,-0.0338,0.0455907621439413));
#11895=CARTESIAN_POINT('',(-0.004498,-0.0282409406319618,0.0506952242728962));
#11896=CARTESIAN_POINT('',(0.0089,-0.0315,0.006));
#11897=CARTESIAN_POINT('',(0.0089,-0.0315,0.055));
#11898=CARTESIAN_POINT('',(0.0089,0.0315,0.055));
#11899=CARTESIAN_POINT('',(0.0089,0.0315,0.006));
#11900=CARTESIAN_POINT('',(0.,0.,0.));
#11901=CARTESIAN_POINT('',(-0.0089,-0.0305,0.0345));
#11902=CARTESIAN_POINT('',(-0.0089,-0.0305,0.041));
#11903=CARTESIAN_POINT('',(0.0147,-0.0305,0.041));
#11904=CARTESIAN_POINT('',(0.0059,-0.0305,0.041));
#11905=CARTESIAN_POINT('',(0.0059,-0.0305,0.0345));
#11906=CARTESIAN_POINT('',(0.00590197090646236,-0.0305033573262443,0.0188866038407268));
#11907=CARTESIAN_POINT('',(0.00590034847095712,-0.0305,0.0188891799692639));
#11908=CARTESIAN_POINT('',(0.0059565121256408,-0.0305,0.0189245516155727));
#11909=CARTESIAN_POINT('',(0.00601179757006934,-0.0305,0.0189612366710277));
#11910=CARTESIAN_POINT('',(0.00606580828981897,-0.0305,0.0189998281435876));
#11911=CARTESIAN_POINT('',(0.00606568544841214,-0.0304998928933161,0.0190000000167592));
#11912=CARTESIAN_POINT('',(0.0151,-0.0305,0.019));
#11913=CARTESIAN_POINT('',(0.014534253142616,-0.0305,0.0189999140717938));
#11914=CARTESIAN_POINT('',(0.0145341917101811,-0.0305,0.0189998281435876));
#11915=CARTESIAN_POINT('',(0.0145882024316303,-0.0305,0.0189612366698133));
#11916=CARTESIAN_POINT('',(0.0146434878778381,-0.0305,0.0189245516132629));
#11917=CARTESIAN_POINT('',(0.0146996515343451,-0.0305,0.0188891799659247));
#11918=CARTESIAN_POINT('',(0.0146980291465287,-0.0305033573177993,0.0188866039131001));
#11919=CARTESIAN_POINT('',(0.0147,-0.0305,0.0345));
#11920=CARTESIAN_POINT('',(0.004498,-0.02765,0.04));
#11921=CARTESIAN_POINT('',(0.00293993010048054,-0.0290800349497597,0.0315880297072958));
#11922=CARTESIAN_POINT('',(0.0059,-0.0276,0.0402941176470588));
#11923=CARTESIAN_POINT('',(0.00730198185337744,-0.0268990090733113,0.0444175936864043));
#11924=CARTESIAN_POINT('',(0.004498,-0.0268990090733113,0.0444175936864043));
#11925=CARTESIAN_POINT('',(0.0132980181466226,-0.0268990090733113,0.0444175936864043));
#11926=CARTESIAN_POINT('',(0.0176600698995195,-0.0290800349497597,0.0315880297072958));
#11927=CARTESIAN_POINT('',(0.0147,-0.0276,0.0402941176470588));
#11928=CARTESIAN_POINT('',(0.0147,-0.0285,0.035));
#11929=CARTESIAN_POINT('',(0.0147,-0.0285,0.035));
#11930=CARTESIAN_POINT('',(0.004498,-0.0285,0.035));
#11931=CARTESIAN_POINT('',(0.0059,-0.0285,0.035));
#11932=CARTESIAN_POINT('',(0.0059,-0.0278,0.0391176470588235));
#11933=CARTESIAN_POINT('',(0.004498,-0.0268,0.047));
#11934=CARTESIAN_POINT('',(0.0075,-0.0268,0.049));
#11935=CARTESIAN_POINT('',(0.0075,-0.0268,0.0455907621439413));
#11936=CARTESIAN_POINT('',(0.0075,-0.0268,0.0464269607954298));
#11937=CARTESIAN_POINT('',(0.004498,-0.0268,0.0464269607954298));
#11938=CARTESIAN_POINT('',(0.0131,-0.0268,0.0464269607954298));
#11939=CARTESIAN_POINT('',(0.0131,-0.0268,0.045));
#11940=CARTESIAN_POINT('',(0.0131,-0.0268,0.0455907621439413));
#11941=CARTESIAN_POINT('',(0.004498,-0.0268,0.0455907621439413));
#11942=CARTESIAN_POINT('',(0.0103,-0.0285,0.058));
#11943=CARTESIAN_POINT('',(0.0045,-0.0285,0.058));
#11944=CARTESIAN_POINT('',(0.0045,-0.0285,0.0174343145750508));
#11945=CARTESIAN_POINT('',(0.0045,-0.0285,0.000400000000000012));
#11946=CARTESIAN_POINT('',(0.0276828427124747,-0.0285,0.0406171572875254));
#11947=CARTESIAN_POINT('',(0.0059,-0.0285,0.0188343145750508));
#11948=CARTESIAN_POINT('',(0.0059,-0.0285,0.035));
#11949=CARTESIAN_POINT('',(0.0147,-0.0285,0.019));
#11950=CARTESIAN_POINT('',(0.0147,-0.0285,0.0188343145750508));
#11951=CARTESIAN_POINT('',(-0.00708284271247462,-0.0285,0.0406171572875254));
#11952=CARTESIAN_POINT('',(0.0161,-0.0285,0.0174343145750508));
#11953=CARTESIAN_POINT('',(0.0161,-0.0285,0.058));
#11954=CARTESIAN_POINT('',(0.0161,-0.0285,0.0004));
#11955=CARTESIAN_POINT('',(0.0103,-0.0285,0.0004));
#11956=CARTESIAN_POINT('',(-0.0089,-0.0295,0.051));
#11957=CARTESIAN_POINT('',(0.0147,-0.0295,0.051));
#11958=CARTESIAN_POINT('',(0.0147,-0.0294,0.051));
#11959=CARTESIAN_POINT('',(0.0147,-0.0289,0.051));
#11960=CARTESIAN_POINT('',(0.0059,-0.0289,0.051));
#11961=CARTESIAN_POINT('',(0.0059,-0.0289,0.051));
#11962=CARTESIAN_POINT('',(0.0059,-0.0295,0.051));
#11963=CARTESIAN_POINT('',(0.0059,-0.0294,0.051));
#11964=CARTESIAN_POINT('',(-0.0089,-0.0294,0.051));
#11965=CARTESIAN_POINT('',(0.0161,0.,0.058));
#11966=CARTESIAN_POINT('',(0.0161,0.0315,0.006));
#11967=CARTESIAN_POINT('',(0.0161,0.0331,0.006));
#11968=CARTESIAN_POINT('',(0.0161,0.0315,0.055));
#11969=CARTESIAN_POINT('',(0.0161,0.0331,0.055));
#11970=CARTESIAN_POINT('',(0.0161,-0.0315,0.055));
#11971=CARTESIAN_POINT('',(0.0161,-0.0299,0.055));
#11972=CARTESIAN_POINT('',(0.0161,-0.0315,0.006));
#11973=CARTESIAN_POINT('',(0.0161,-0.0299,0.006));
#11974=CARTESIAN_POINT('',(0.0161,-0.03115,0.018));
#11975=CARTESIAN_POINT('',(0.0161,-0.0289,0.018));
#11976=CARTESIAN_POINT('',(0.0161,-0.0305202041028867,0.018));
#11977=CARTESIAN_POINT('',(0.0161,-0.0315,0.019));
#11978=CARTESIAN_POINT('',(0.0161,-0.0315,0.0176));
#11979=CARTESIAN_POINT('',(0.0161,0.,0.0176));
#11980=CARTESIAN_POINT('',(0.0161,-0.0318,0.0176));
#11981=CARTESIAN_POINT('',(0.0161,-0.0318,0.035));
#11982=CARTESIAN_POINT('',(0.0161,-0.0318,0.0516));
#11983=CARTESIAN_POINT('',(0.0161,-0.0318,0.0516));
#11984=CARTESIAN_POINT('',(0.0161,-0.0314,0.052));
#11985=CARTESIAN_POINT('',(0.0161,-0.030025,0.052));
#11986=CARTESIAN_POINT('',(0.0161,-0.0289,0.052));
#11987=CARTESIAN_POINT('',(0.0161,-0.0114499999999999,0.06945));
#11988=CARTESIAN_POINT('',(0.0161,-0.0285,0.0524));
#11989=CARTESIAN_POINT('',(0.0161,-0.0285,0.058));
#11990=CARTESIAN_POINT('',(0.0161,-0.0285,0.0576));
#11991=CARTESIAN_POINT('',(0.0161,-0.0281,0.058));
#11992=CARTESIAN_POINT('',(0.0161,-0.0281,0.058));
#11993=CARTESIAN_POINT('',(0.0161,0.,0.058));
#11994=CARTESIAN_POINT('',(0.0161,0.0281,0.058));
#11995=CARTESIAN_POINT('',(0.0161,0.0285,0.0576));
#11996=CARTESIAN_POINT('',(0.0161,0.0285,0.0576));
#11997=CARTESIAN_POINT('',(0.0161,0.0285,0.058));
#11998=CARTESIAN_POINT('',(0.0161,0.0285,0.0004));
#11999=CARTESIAN_POINT('',(0.0161,-0.0145500000000001,0.04345));
#12000=CARTESIAN_POINT('',(0.0161,0.0289,0.));
#12001=CARTESIAN_POINT('',(0.0161,0.00971286141872406,0.));
#12002=CARTESIAN_POINT('',(0.0161,0.0341,0.));
#12003=CARTESIAN_POINT('',(0.0161,0.04605,0.01195));
#12004=CARTESIAN_POINT('',(0.0161,0.0345,0.0004));
#12005=CARTESIAN_POINT('',(0.0161,0.0345,0.058));
#12006=CARTESIAN_POINT('',(0.0161,0.0345,0.0606));
#12007=CARTESIAN_POINT('',(0.0161,0.01855,0.07655));
#12008=CARTESIAN_POINT('',(0.0161,0.0341,0.061));
#12009=CARTESIAN_POINT('',(0.0161,0.,0.061));
#12010=CARTESIAN_POINT('',(0.0161,-0.0341,0.061));
#12011=CARTESIAN_POINT('',(0.0161,-0.01855,0.07655));
#12012=CARTESIAN_POINT('',(0.0161,-0.0345,0.0606));
#12013=CARTESIAN_POINT('',(0.0161,-0.0345,0.058));
#12014=CARTESIAN_POINT('',(0.0161,-0.0345,0.0004));
#12015=CARTESIAN_POINT('',(0.0161,-0.04605,0.0119500000000005));
#12016=CARTESIAN_POINT('',(0.0161,-0.0341,0.));
#12017=CARTESIAN_POINT('',(0.0161,0.00971286141872406,0.));
#12018=CARTESIAN_POINT('',(0.0161,-0.0289,0.));
#12019=CARTESIAN_POINT('',(0.0161,0.0145500000000002,0.0434499999999995));
#12020=CARTESIAN_POINT('',(0.0161,-0.038122847498308,0.0310430760158058));
#12021=CARTESIAN_POINT('',(0.0103,-0.0285,0.058));
#12022=CARTESIAN_POINT('',(0.0045,-0.0285,0.0524));
#12023=CARTESIAN_POINT('',(0.0045,-0.0285,0.0524));
#12024=CARTESIAN_POINT('',(0.0045,-0.0285,0.058));
#12025=CARTESIAN_POINT('',(0.0045,-0.0285,0.0576));
#12026=CARTESIAN_POINT('',(0.0161,-0.0285,0.0576));
#12027=CARTESIAN_POINT('',(0.0045,3.46944695195361E-18,0.058));
#12028=CARTESIAN_POINT('',(0.0045,0.0315,0.006));
#12029=CARTESIAN_POINT('',(0.0045,0.0315,0.0044));
#12030=CARTESIAN_POINT('',(0.0045,0.0315,0.055));
#12031=CARTESIAN_POINT('',(0.0045,0.0315,0.0534));
#12032=CARTESIAN_POINT('',(0.0045,-0.0315,0.055));
#12033=CARTESIAN_POINT('',(0.0045,-0.0315,0.0534));
#12034=CARTESIAN_POINT('',(0.0045,-0.0315,0.006));
#12035=CARTESIAN_POINT('',(0.0045,-0.0315,0.0044));
#12036=CARTESIAN_POINT('',(0.0045,-0.0318,0.058));
#12037=CARTESIAN_POINT('',(0.0045,-0.0318,0.0176));
#12038=CARTESIAN_POINT('',(0.0045,-0.0318,0.0516));
#12039=CARTESIAN_POINT('',(0.0045,-0.0315,0.0176));
#12040=CARTESIAN_POINT('',(0.0045,-0.0315,0.0176));
#12041=CARTESIAN_POINT('',(0.0045,-0.0315,0.019));
#12042=CARTESIAN_POINT('',(0.0045,-0.0305202041028867,0.018));
#12043=CARTESIAN_POINT('',(0.0045,3.46944695195361E-18,0.018));
#12044=CARTESIAN_POINT('',(0.0045,-0.0289,0.018));
#12045=CARTESIAN_POINT('',(0.0045,-0.0394284968594479,0.0328895430500339));
#12046=CARTESIAN_POINT('',(0.0045,-0.0285,0.0004));
#12047=CARTESIAN_POINT('',(0.0045,-0.0289,0.));
#12048=CARTESIAN_POINT('',(0.0045,0.00971286141872406,0.));
#12049=CARTESIAN_POINT('',(0.0045,-0.0341,0.));
#12050=CARTESIAN_POINT('',(0.0045,-0.0345,0.0004));
#12051=CARTESIAN_POINT('',(0.0045,-0.0345,0.0004));
#12052=CARTESIAN_POINT('',(0.0045,-0.0345,0.058));
#12053=CARTESIAN_POINT('',(0.0045,-0.0345,0.0606));
#12054=CARTESIAN_POINT('',(0.0045,-0.0341,0.061));
#12055=CARTESIAN_POINT('',(0.0045,-0.0341,0.061));
#12056=CARTESIAN_POINT('',(0.0045,0.,0.061));
#12057=CARTESIAN_POINT('',(0.0045,0.0341,0.061));
#12058=CARTESIAN_POINT('',(0.0045,0.0345,0.0606));
#12059=CARTESIAN_POINT('',(0.0045,0.0345,0.0606));
#12060=CARTESIAN_POINT('',(0.0045,0.0345,0.058));
#12061=CARTESIAN_POINT('',(0.0045,0.0345,0.0004));
#12062=CARTESIAN_POINT('',(0.0045,0.0341,0.));
#12063=CARTESIAN_POINT('',(0.0045,0.0341,0.));
#12064=CARTESIAN_POINT('',(0.0045,0.00971286141872406,0.));
#12065=CARTESIAN_POINT('',(0.0045,0.0289,0.));
#12066=CARTESIAN_POINT('',(0.0045,0.0289,0.));
#12067=CARTESIAN_POINT('',(0.0045,0.0285,0.000400000000000012));
#12068=CARTESIAN_POINT('',(0.0045,0.0285,0.058));
#12069=CARTESIAN_POINT('',(0.0045,0.0285,0.0576));
#12070=CARTESIAN_POINT('',(0.0045,0.0140499999999999,0.07205));
#12071=CARTESIAN_POINT('',(0.0045,0.0281,0.058));
#12072=CARTESIAN_POINT('',(0.0045,3.46944695195361E-18,0.058));
#12073=CARTESIAN_POINT('',(0.0045,-0.0281,0.058));
#12074=CARTESIAN_POINT('',(0.0045,-0.0140499999999999,0.07205));
#12075=CARTESIAN_POINT('',(0.0045,-0.0289,0.052));
#12076=CARTESIAN_POINT('',(0.0045,-0.0289,0.052));
#12077=CARTESIAN_POINT('',(0.0045,3.46944695195361E-18,0.052));
#12078=CARTESIAN_POINT('',(0.0045,-0.0314,0.052));
#12079=CARTESIAN_POINT('',(0.0045,-0.0127,0.0707));
#12080=CARTESIAN_POINT('',(0.,0.,0.058));
#12081=CARTESIAN_POINT('',(0.,0.0281,0.058));
#12082=CARTESIAN_POINT('',(0.0045,-0.0281,0.058));
#12083=CARTESIAN_POINT('',(0.0103,0.0285,0.058));
#12084=CARTESIAN_POINT('',(0.0103,0.0285,0.0576));
#12085=CARTESIAN_POINT('',(0.0161,0.0285,0.0004));
#12086=CARTESIAN_POINT('',(0.,0.00971286141872406,0.));
#12087=CARTESIAN_POINT('',(0.0161,0.0341,0.));
#12088=CARTESIAN_POINT('',(0.0045,0.0289,0.));
#12089=CARTESIAN_POINT('',(0.,0.00971286141872406,0.));
#12090=CARTESIAN_POINT('',(0.,-0.0341,0.));
#12091=CARTESIAN_POINT('',(0.,-0.0289,0.));
#12092=CARTESIAN_POINT('',(0.,0.,0.061));
#12093=CARTESIAN_POINT('',(0.0161,-0.0341,0.061));
#12094=CARTESIAN_POINT('',(0.,0.0341,0.061));
#12095=CARTESIAN_POINT('',(0.,-0.0345,0.058));
#12096=CARTESIAN_POINT('',(0.0045,-0.0345,0.0606));
#12097=CARTESIAN_POINT('',(0.,-0.0345,0.0004));
#12098=CARTESIAN_POINT('',(0.,0.0345,0.058));
#12099=CARTESIAN_POINT('',(0.,0.0345,0.0606));
#12100=CARTESIAN_POINT('',(0.0045,0.0345,0.0004));
#12101=CARTESIAN_POINT('',(-0.0089,-0.030025,0.052));
#12102=CARTESIAN_POINT('',(0.0045,-0.0314,0.052));
#12103=CARTESIAN_POINT('',(0.0161,-0.0289,0.052));
#12104=CARTESIAN_POINT('',(-0.0089,-0.0318,0.035));
#12105=CARTESIAN_POINT('',(0.0161,-0.0318,0.0516));
#12106=CARTESIAN_POINT('',(0.0161,-0.0318,0.0176));
#12107=CARTESIAN_POINT('',(0.0157,-0.0318,0.018));
#12108=CARTESIAN_POINT('',(-0.0089,-0.0318,0.018));
#12109=CARTESIAN_POINT('',(0.0049,-0.0318,0.018));
#12110=CARTESIAN_POINT('',(0.0049,-0.0318,0.018));
#12111=CARTESIAN_POINT('',(-0.0089,-0.03115,0.018));
#12112=CARTESIAN_POINT('',(0.0055,-0.0315,0.018));
#12113=CARTESIAN_POINT('',(0.0157,-0.0315,0.018));
#12114=CARTESIAN_POINT('',(0.0049,-0.0315,0.018));
#12115=CARTESIAN_POINT('',(0.0049,-0.0318,0.018));
#12116=CARTESIAN_POINT('',(0.0157,-0.03115,0.018));
#12117=CARTESIAN_POINT('',(0.0151,0.,0.0305));
#12118=CARTESIAN_POINT('',(0.0151,-0.0289,0.035));
#12119=CARTESIAN_POINT('',(0.0151,-0.0289,0.019));
#12120=CARTESIAN_POINT('',(0.0151,-0.0289,0.0350337578367967));
#12121=CARTESIAN_POINT('',(0.0151,-0.028194342338668,0.0391846852563971));
#12122=CARTESIAN_POINT('',(0.0151,-0.0278,0.0415043460720908));
#12123=CARTESIAN_POINT('',(0.0151,-0.0278,0.049));
#12124=CARTESIAN_POINT('',(0.0151,-0.0278,0.0495588515412515));
#12125=CARTESIAN_POINT('',(0.0151,-0.0288047757271038,0.0507409406319618));
#12126=CARTESIAN_POINT('',(0.0151,-0.0286849761899362,0.0506));
#12127=CARTESIAN_POINT('',(0.0151,0.,0.0506));
#12128=CARTESIAN_POINT('',(0.0151,-0.0294270211975677,0.0506));
#12129=CARTESIAN_POINT('',(0.0151,-0.0306836712086454,0.0326478569846052));
#12130=CARTESIAN_POINT('',(0.0151,-0.0301,0.0409860171081108));
#12131=CARTESIAN_POINT('',(0.0151,-0.0301,0.0305));
#12132=CARTESIAN_POINT('',(0.0151,-0.0301,0.019));
#12133=CARTESIAN_POINT('',(0.0151,-0.0285,0.019));
#12134=CARTESIAN_POINT('',(0.0055,0.,0.0305));
#12135=CARTESIAN_POINT('',(0.0055,-0.0288943423386679,0.0350670381975737));
#12136=CARTESIAN_POINT('',(0.0055,-0.0278,0.0415043460720908));
#12137=CARTESIAN_POINT('',(0.0055,-0.0289,0.0350337578367967));
#12138=CARTESIAN_POINT('',(0.0055,-0.0289,0.019));
#12139=CARTESIAN_POINT('',(0.0055,-0.0289,0.019));
#12140=CARTESIAN_POINT('',(0.0055,-0.0315,0.019));
#12141=CARTESIAN_POINT('',(0.0055,-0.0301,0.019));
#12142=CARTESIAN_POINT('',(0.0055,-0.0301,0.0305));
#12143=CARTESIAN_POINT('',(0.0055,-0.0301,0.0409860171081108));
#12144=CARTESIAN_POINT('',(0.0055,-0.0306836712086454,0.0326478569846052));
#12145=CARTESIAN_POINT('',(0.0055,-0.0294270211975677,0.0506));
#12146=CARTESIAN_POINT('',(0.0055,0.,0.0506));
#12147=CARTESIAN_POINT('',(0.0055,-0.0286849761899362,0.0506));
#12148=CARTESIAN_POINT('',(0.0055,-0.0281047757271038,0.0499174112201971));
#12149=CARTESIAN_POINT('',(0.0055,-0.0278,0.0495588515412515));
#12150=CARTESIAN_POINT('',(0.0055,-0.0278,0.045));
#12151=CARTESIAN_POINT('',(0.0055,-0.0278,0.0305));
#12152=CARTESIAN_POINT('',(-0.00291970658284043,-0.0320098532914202,0.0415111922304491));
#12153=CARTESIAN_POINT('',(0.00575968095280939,-0.0276701595235953,0.0498070577960839));
#12154=CARTESIAN_POINT('',(-0.0065,-0.0338,0.0464269607954298));
#12155=CARTESIAN_POINT('',(-0.0065,-0.0338,0.0455907621439413));
#12156=CARTESIAN_POINT('',(0.00870013208502749,-0.0261999339574862,0.0318221190391984));
#12157=CARTESIAN_POINT('',(0.0151,-0.0278,0.0305));
#12158=CARTESIAN_POINT('',(0.0271,-0.0338,0.0464269607954298));
#12159=CARTESIAN_POINT('',(0.0148403190471906,-0.0276701595235953,0.0498070577960839));
#12160=CARTESIAN_POINT('',(0.0235197065828405,-0.0320098532914202,0.0415111922304491));
#12161=CARTESIAN_POINT('',(0.0118998679149725,-0.0261999339574862,0.0318221190391984));
#12162=CARTESIAN_POINT('',(0.0271,-0.0338,0.0455907621439413));
#12163=CARTESIAN_POINT('',(-0.0089,-0.0318,0.0516));
#12164=CARTESIAN_POINT('',(-0.0089,-0.0289,0.052));
#12165=CARTESIAN_POINT('',(0.,-0.0341,0.061));
#12166=CARTESIAN_POINT('',(0.,0.0345,0.0606));
#12167=CARTESIAN_POINT('',(0.,-0.0345,0.0004));
#12168=CARTESIAN_POINT('',(0.,0.0341,0.));
#12169=CARTESIAN_POINT('',(0.0103,0.0285,0.0576));
#12170=CARTESIAN_POINT('',(0.,-0.0281,0.058));
#12171=CARTESIAN_POINT('',(0.,0.0289,0.));
#12172=CARTESIAN_POINT('',(0.0103,-0.0285,0.0004));
#12173=CARTESIAN_POINT('',(-0.0089,-0.0315,0.019));
#12174=CARTESIAN_POINT('',(0.00590405117088137,-0.0305067386947032,0.0188841035833161));
#12175=CARTESIAN_POINT('',(0.00578125628659123,-0.0305170351099057,0.0187958607273546));
#12176=CARTESIAN_POINT('',(0.00562487807181044,-0.0305468888357115,0.0186837361629583));
#12177=CARTESIAN_POINT('',(0.00547695164686197,-0.030592457837916,0.0185789352335362));
#12178=CARTESIAN_POINT('',(0.00541846634823243,-0.0306129912817486,0.0185374020525112));
#12179=CARTESIAN_POINT('',(0.00526777759167076,-0.030672911951817,0.0184296615084973));
#12180=CARTESIAN_POINT('',(0.00507858966426367,-0.0307803986228186,0.0182942432045027));
#12181=CARTESIAN_POINT('',(0.00495223596473785,-0.0308903826217072,0.0182044617693917));
#12182=CARTESIAN_POINT('',(0.00490039484555107,-0.030946333893927,0.018167261239652));
#12183=CARTESIAN_POINT('',(0.00490041981969865,-0.0309464879624238,0.0181674581626713));
#12184=CARTESIAN_POINT('',(0.0049,-0.0315,0.019));
#12185=CARTESIAN_POINT('',(0.0157,-0.0315,0.019));
#12186=CARTESIAN_POINT('',(0.0156996589335588,-0.030946521081739,0.0181674169103813));
#12187=CARTESIAN_POINT('',(0.0156996589335588,-0.030946391941494,0.0181672226482683));
#12188=CARTESIAN_POINT('',(0.0156478343814007,-0.0308904495812246,0.018204411629684));
#12189=CARTESIAN_POINT('',(0.0155214876075563,-0.0307804601474357,0.0182941815986583));
#12190=CARTESIAN_POINT('',(0.0153322975448643,-0.0306729488450976,0.0184295992901517));
#12191=CARTESIAN_POINT('',(0.0151815419259528,-0.0306129936910808,0.0185373971600623));
#12192=CARTESIAN_POINT('',(0.0151231135826015,-0.0305924789987465,0.018578891973507));
#12193=CARTESIAN_POINT('',(0.0149751995900078,-0.0305469057245229,0.0186836842170487));
#12194=CARTESIAN_POINT('',(0.014818792739946,-0.0305170390664914,0.0187958266005695));
#12195=CARTESIAN_POINT('',(0.0146959490512483,-0.0305067386617784,0.0188841038654902));
#12196=CARTESIAN_POINT('',(0.0045,-0.03115,0.018));
#12197=CARTESIAN_POINT('',(0.0045,-0.0305202041028867,0.018));
#12198=CARTESIAN_POINT('',(0.00456839832395203,-0.0305481276017108,0.018068398323952));
#12199=CARTESIAN_POINT('',(0.00463656437309455,-0.0305771382859055,0.0181365643730946));
#12200=CARTESIAN_POINT('',(0.00470442979762665,-0.0306075560735196,0.0182044297976266));
#12201=CARTESIAN_POINT('',(0.00470442979762529,-0.0306075560735263,0.0182044297976253));
#12202=CARTESIAN_POINT('',(0.00470442979762529,-0.0306075560735263,0.0182044297976253));
#12203=CARTESIAN_POINT('',(0.00491077677321962,-0.0303568456955486,0.0184107767732196));
#12204=CARTESIAN_POINT('',(0.00517596684067649,-0.0301974283534264,0.0186759668406765));
#12205=CARTESIAN_POINT('',(0.00549999999999588,-0.0301293040471597,0.0189999999999959));
#12206=CARTESIAN_POINT('',(0.00550002236391958,-0.0301292993457779,0.0190000223639196));
#12207=CARTESIAN_POINT('',(0.0058926854464936,-0.0301043157327736,0.0193926854464936));
#12208=CARTESIAN_POINT('',(0.00549010991469964,-0.0300704783164138,0.0189901099146997));
#12209=CARTESIAN_POINT('',(0.00507856043533545,-0.0302243832898168,0.0185785604353354));
#12210=CARTESIAN_POINT('',(0.00450722600229145,-0.0307957177228608,0.0180072260022914));
#12211=CARTESIAN_POINT('',(0.00435332102888837,-0.031207267202225,0.0178533210288883));
#12212=CARTESIAN_POINT('',(0.00438715844524824,-0.031609842734019,0.0178871584452482));
#12213=CARTESIAN_POINT('',(0.00552439971827349,-0.0301243997182735,0.0190243997182735));
#12214=CARTESIAN_POINT('',(0.00518333333333333,-0.0297833333333333,0.0186833333333334));
#12215=CARTESIAN_POINT('',(0.0045,-0.0289,0.018));
#12216=CARTESIAN_POINT('',(0.0151,0.,0.019));
#12217=CARTESIAN_POINT('',(0.0251333333333334,-0.0200666666666665,0.00896666666666664));
#12218=CARTESIAN_POINT('',(0.0150756002817265,-0.0301243997182735,0.0190243997182735));
#12219=CARTESIAN_POINT('',(0.0162128415547518,-0.031609842734019,0.0178871584452482));
#12220=CARTESIAN_POINT('',(0.0162466789711116,-0.031207267202225,0.0178533210288883));
#12221=CARTESIAN_POINT('',(0.0160927739977085,-0.0307957177228608,0.0180072260022914));
#12222=CARTESIAN_POINT('',(0.0155214395646645,-0.0302243832898168,0.0185785604353354));
#12223=CARTESIAN_POINT('',(0.0151098900853004,-0.0300704783164138,0.0189901099146997));
#12224=CARTESIAN_POINT('',(0.0147073145535064,-0.0301043157327736,0.0193926854464936));
#12225=CARTESIAN_POINT('',(0.0150999776360804,-0.0301292993457779,0.0190000223639196));
#12226=CARTESIAN_POINT('',(0.0151000000000041,-0.0301293040471597,0.0189999999999959));
#12227=CARTESIAN_POINT('',(0.0154240331593235,-0.0301974283534264,0.0186759668406765));
#12228=CARTESIAN_POINT('',(0.0156892232267804,-0.0303568456955486,0.0184107767732196));
#12229=CARTESIAN_POINT('',(0.0158955702023747,-0.0306075560735264,0.0182044297976253));
#12230=CARTESIAN_POINT('',(0.0158955702023747,-0.0306075560735263,0.0182044297976253));
#12231=CARTESIAN_POINT('',(0.0158955702023747,-0.0306075560735263,0.0182044297976253));
#12232=CARTESIAN_POINT('',(0.0159634356269068,-0.0305771382859123,0.0181365643730932));
#12233=CARTESIAN_POINT('',(0.0160316016760479,-0.0305481276017108,0.0180683983239521));
#12234=CARTESIAN_POINT('',(0.0161,-0.0305202041028867,0.018));
#12235=CARTESIAN_POINT('',(0.0151,-0.0289,0.019));
#12236=CARTESIAN_POINT('',(-0.0089,-0.0298,0.051));
#12237=CARTESIAN_POINT('',(-0.0089,-0.02982793165108,0.0506009764131434));
#12238=CARTESIAN_POINT('',(0.0147,-0.02982793165108,0.0506009764131434));
#12239=CARTESIAN_POINT('',(0.0059,-0.02982793165108,0.0506009764131434));
#12240=CARTESIAN_POINT('',(0.0059,-0.0298,0.051));
#12241=CARTESIAN_POINT('',(0.0147,-0.0298,0.051));
#12242=CARTESIAN_POINT('',(0.0049,-0.03115,0.018));
#12243=CARTESIAN_POINT('',(0.0045,-0.0315,0.0176));
#12244=CARTESIAN_POINT('',(0.0161,0.,0.0176));
#12245=CARTESIAN_POINT('',(0.0157,-0.0315,0.018));
#12246=CARTESIAN_POINT('',(0.0049,-0.0315,0.019));
#12247=CARTESIAN_POINT('',(0.00490045641663916,-0.0309464946671712,0.0181677024440935));
#12248=CARTESIAN_POINT('',(0.00484850553267367,-0.0308364340018186,0.0181785062635039));
#12249=CARTESIAN_POINT('',(0.00478316332633572,-0.0307243219363581,0.0181917652656712));
#12250=CARTESIAN_POINT('',(0.00470442979762529,-0.0306075560735263,0.0182044297976253));
#12251=CARTESIAN_POINT('',(0.0161,-0.0315,0.019));
#12252=CARTESIAN_POINT('',(0.0158955702023747,-0.0306075560735263,0.0182044297976253));
#12253=CARTESIAN_POINT('',(0.015816931050387,-0.0307241819708359,0.0181917804464594));
#12254=CARTESIAN_POINT('',(0.0157516531071256,-0.0308361611428571,0.0181785397075733));
#12255=CARTESIAN_POINT('',(0.0156997363725903,-0.0309460863493536,0.0181677425384488));
#12256=CARTESIAN_POINT('',(0.00591194655656905,-0.0305060143285725,0.0188901865225856));
#12257=CARTESIAN_POINT('',(0.00559923378192227,-0.0305314065746472,0.0186668202549807));
#12258=CARTESIAN_POINT('',(0.00529902853211903,-0.0306333985039342,0.0184523879336927));
#12259=CARTESIAN_POINT('',(0.0050083932634527,-0.0308409951244102,0.0182447913132168));
#12260=CARTESIAN_POINT('',(0.00494837291873577,-0.0308940939420364,0.018201919638419));
#12261=CARTESIAN_POINT('',(0.00489640829359964,-0.0309509277269423,0.018164802049036));
#12262=CARTESIAN_POINT('',(0.00562910390448713,-0.0301084199996088,0.0191291039044871));
#12263=CARTESIAN_POINT('',(0.00531639125384242,-0.0301439690201113,0.0188163912538424));
#12264=CARTESIAN_POINT('',(0.0050161862418987,-0.0302867574832536,0.0185161862418987));
#12265=CARTESIAN_POINT('',(0.00472555042363068,-0.0305773933015216,0.0182255504236307));
#12266=CARTESIAN_POINT('',(0.00466553001160775,-0.0306517317135043,0.0181655300116078));
#12267=CARTESIAN_POINT('',(0.00461356535797591,-0.0307312990408682,0.0181135653579759));
#12268=CARTESIAN_POINT('',(0.00552439971827349,-0.0301243997182735,0.0190243997182735));
#12269=CARTESIAN_POINT('',(0.00565437362365075,-0.0302543736236507,0.0189840368841493));
#12270=CARTESIAN_POINT('',(0.00577957371755957,-0.0303795737175596,0.0189388904873457));
#12271=CARTESIAN_POINT('',(0.00589999999999996,-0.0305,0.0188889605278629));
#12272=CARTESIAN_POINT('',(0.0157036453596054,-0.0309509864119879,0.0181647637253182));
#12273=CARTESIAN_POINT('',(0.015651668396397,-0.0308941304940805,0.0182018901276099));
#12274=CARTESIAN_POINT('',(0.0155916299147687,-0.0308410116802826,0.0182447747573444));
#12275=CARTESIAN_POINT('',(0.0153009713296411,-0.0306333984051914,0.0184523880324355));
#12276=CARTESIAN_POINT('',(0.0150007658463651,-0.0305314064483613,0.0186668205204898));
#12277=CARTESIAN_POINT('',(0.0146880528626318,-0.0305060142814118,0.0188901869374421));
#12278=CARTESIAN_POINT('',(0.0159864882952585,-0.0307313811999615,0.0181135117047415));
#12279=CARTESIAN_POINT('',(0.0159345113035713,-0.0306517828864124,0.0181654886964287));
#12280=CARTESIAN_POINT('',(0.0158744727546345,-0.0305774164797868,0.0182255272453654));
#12281=CARTESIAN_POINT('',(0.0155838136198612,-0.0302867573450135,0.0185161863801388));
#12282=CARTESIAN_POINT('',(0.0152836083744452,-0.0301439688433113,0.0188163916255548));
#12283=CARTESIAN_POINT('',(0.014970895514714,-0.030108419933584,0.019129104485286));
#12284=CARTESIAN_POINT('',(0.0147,-0.0305,0.0188889605278629));
#12285=CARTESIAN_POINT('',(0.0148204262824404,-0.0303795737175596,0.0189388904873457));
#12286=CARTESIAN_POINT('',(0.0149456263763492,-0.0302543736236508,0.0189840368841492));
#12287=CARTESIAN_POINT('',(0.0150756002817265,-0.0301243997182735,0.0190243997182735));
#12288=CARTESIAN_POINT('',(0.0059,-0.0305,0.0345));
#12289=CARTESIAN_POINT('',(0.00564600690407461,-0.0302460069040746,0.0409911211049977));
#12290=CARTESIAN_POINT('',(0.0055,-0.00673438385482507,0.0247757737233987));
#12291=CARTESIAN_POINT('',(0.0114918634339036,-0.0259140960183814,0.0565918634339036));
#12292=CARTESIAN_POINT('',(0.00574761213644811,-0.0285704703159809,0.0508476121364481));
#12293=CARTESIAN_POINT('',(0.0166885700991034,-0.00491129998400491,0.039906654173793));
#12294=CARTESIAN_POINT('',(0.0058921601275764,-0.0282578938894082,0.0507030641453198));
#12295=CARTESIAN_POINT('',(-0.00109999999999998,-0.0338,0.0464269607954298));
#12296=CARTESIAN_POINT('',(0.0151,-0.00673438385482507,0.0247757737233987));
#12297=CARTESIAN_POINT('',(0.0217,-0.0338,0.0464269607954298));
#12298=CARTESIAN_POINT('',(0.0147078398724236,-0.0282578938894082,0.0507030641453198));
#12299=CARTESIAN_POINT('',(0.00391142990089663,-0.0049112999840049,0.039906654173793));
#12300=CARTESIAN_POINT('',(0.0148523878635519,-0.0285704703159809,0.0508476121364481));
#12301=CARTESIAN_POINT('',(0.022179691708864,-0.0319589121855089,0.0435203082911361));
#12302=CARTESIAN_POINT('',(0.0151,-0.0301,0.0305));
#12303=CARTESIAN_POINT('',(0.0152831691373963,-0.0299168308626037,0.0409796140224966));
#12304=CARTESIAN_POINT('',(0.0055,-0.0306836712086454,0.0326478569846052));
#12305=CARTESIAN_POINT('',(0.0059,-0.02982793165108,0.0506009764131434));
#12306=CARTESIAN_POINT('',(0.0055,0.,0.0506));
#12307=CARTESIAN_POINT('',(-0.00358069486623156,-0.00839856169164657,0.0415193051337685));
#12308=CARTESIAN_POINT('',(0.00568652126962495,-0.029414421127375,0.050786521269625));
#12309=CARTESIAN_POINT('',(0.0147,-0.0295,0.051));
#12310=CARTESIAN_POINT('',(0.0145056567757298,-0.0293202556541729,0.0511943432242702));
#12311=CARTESIAN_POINT('',(0.0147,-0.0294,0.051));
#12312=CARTESIAN_POINT('',(0.0151,-0.0306836712086454,0.0326478569846052));
#12313=CARTESIAN_POINT('',(0.014913478730375,-0.0296139670145553,0.0506004553045479));
#12314=CARTESIAN_POINT('',(0.0059,-0.02982793165108,0.0506009764131434));
#12315=CARTESIAN_POINT('',(0.0059,-0.02982793165108,0.0506009764131434));
#12316=CARTESIAN_POINT('',(0.0147,-0.0294,0.051));
#12317=CARTESIAN_POINT('',(0.0147,-0.0294,0.051));
#12318=CARTESIAN_POINT('',(-0.0089,-0.0294,0.051));
#12319=CARTESIAN_POINT('',(0.0055,-0.0288373397145062,0.0354023477514661));
#12320=CARTESIAN_POINT('',(0.00569063343313563,-0.0287093665668644,0.0350176694059873));
#12321=CARTESIAN_POINT('',(0.0055,-0.0289,0.0305));
#12322=CARTESIAN_POINT('',(0.0117759685108131,-0.0226240314891869,0.0164004087257946));
#12323=CARTESIAN_POINT('',(0.0276828427124746,-0.0285,0.0406171572875254));
#12324=CARTESIAN_POINT('',(-0.00708284271247462,-0.0285,0.0406171572875254));
#12325=CARTESIAN_POINT('',(0.0172935510530513,-0.0310935510530513,0.0199085985959317));
#12326=CARTESIAN_POINT('',(0.0151,-0.0289,0.0305));
#12327=CARTESIAN_POINT('',(0.0150842793397694,-0.0288842793397694,0.0350324310980906));
#12328=CARTESIAN_POINT('',(0.0151,-0.0288373397145062,0.0354023477514661));
#12329=CARTESIAN_POINT('',(0.004498,-0.0338,0.0464269607954298));
#12330=CARTESIAN_POINT('',(0.0103,-0.0282578938894082,0.0507030641453198));
#12331=CARTESIAN_POINT('',(0.004498,-0.0338,0.0455907621439413));
#12332=CARTESIAN_POINT('',(0.004498,-0.0282409406319618,0.0506952242728962));
#12333=CARTESIAN_POINT('',(-0.0089,-0.0315,0.006));
#12334=CARTESIAN_POINT('',(-0.0089,-0.0315,0.055));
#12335=CARTESIAN_POINT('',(-0.0089,0.0315,0.055));
#12336=CARTESIAN_POINT('',(-0.0089,0.0315,0.006));
#12337=CARTESIAN_POINT('',(0.,0.,0.));
#12338=CARTESIAN_POINT('',(-0.0045,0.,0.058));
#12339=CARTESIAN_POINT('',(-0.0045,0.0327697019820051,0.0561377749860237));
#12340=CARTESIAN_POINT('',(-0.0045,0.0329742948902812,0.0558418502753397));
#12341=CARTESIAN_POINT('',(-0.0045,0.0331788877985572,0.0555459255646558));
#12342=CARTESIAN_POINT('',(-0.0045,0.0333834807068333,0.0552500008539718));
#12343=CARTESIAN_POINT('',(-0.0045,0.0327697019820051,0.0561377749860237));
#12344=CARTESIAN_POINT('',(-0.0045,0.0333834807068333,0.0552500008539718));
#12345=CARTESIAN_POINT('',(-0.0045,0.031721108319357,0.0568333333333334));
#12346=CARTESIAN_POINT('',(-0.0045,0.0320544416526903,0.0566122250139763));
#12347=CARTESIAN_POINT('',(-0.0045,0.0320544416526903,0.0566122250139763));
#12348=CARTESIAN_POINT('',(-0.0045,0.0309455583473096,0.0566122250139763));
#12349=CARTESIAN_POINT('',(-0.0045,0.0100948551786337,0.0427814332088618));
#12350=CARTESIAN_POINT('',(-0.0045,0.0302302980179949,0.0561377749860237));
#12351=CARTESIAN_POINT('',(-0.0045,0.0296165192931667,0.0552500008539718));
#12352=CARTESIAN_POINT('',(-0.0045,0.0298211122014427,0.0555459255646558));
#12353=CARTESIAN_POINT('',(-0.0045,0.0300257051097188,0.0558418502753397));
#12354=CARTESIAN_POINT('',(-0.0045,0.0302302980179949,0.0561377749860237));
#12355=CARTESIAN_POINT('',(-0.0045,0.0296165192931667,0.0552500008539718));
#12356=CARTESIAN_POINT('',(-0.0045,0.0315,0.055));
#12357=CARTESIAN_POINT('',(-0.0045,0.0296165192931667,0.0547499991460283));
#12358=CARTESIAN_POINT('',(-0.0045,0.0302302980179949,0.0538622250139763));
#12359=CARTESIAN_POINT('',(-0.0045,0.0300257051097188,0.0541581497246603));
#12360=CARTESIAN_POINT('',(-0.0045,0.0298211122014427,0.0544540744353443));
#12361=CARTESIAN_POINT('',(-0.0045,0.0296165192931667,0.0547499991460283));
#12362=CARTESIAN_POINT('',(-0.0045,0.0302302980179949,0.0538622250139763));
#12363=CARTESIAN_POINT('',(-0.0045,0.0312788916806429,0.0531666666666667));
#12364=CARTESIAN_POINT('',(-0.0045,0.0309455583473096,0.0533877749860237));
#12365=CARTESIAN_POINT('',(-0.0045,0.0309455583473096,0.0533877749860237));
#12366=CARTESIAN_POINT('',(-0.0045,0.0320544416526903,0.0533877749860237));
#12367=CARTESIAN_POINT('',(-0.0045,0.0119189988133292,0.0400314332088618));
#12368=CARTESIAN_POINT('',(-0.0045,0.0327697019820051,0.0538622250139763));
#12369=CARTESIAN_POINT('',(-0.0045,0.0333834807068333,0.0547499991460283));
#12370=CARTESIAN_POINT('',(-0.0045,0.0331788877985572,0.0544540744353443));
#12371=CARTESIAN_POINT('',(-0.0045,0.0329742948902812,0.0541581497246603));
#12372=CARTESIAN_POINT('',(-0.0045,0.0327697019820051,0.0538622250139763));
#12373=CARTESIAN_POINT('',(-0.0045,0.0333834807068333,0.0547499991460283));
#12374=CARTESIAN_POINT('',(-0.0045,0.0315,0.055));
#12375=CARTESIAN_POINT('',(-0.0045,-0.0302302980179949,0.0561377749860237));
#12376=CARTESIAN_POINT('',(-0.0045,-0.0300257051097188,0.0558418502753397));
#12377=CARTESIAN_POINT('',(-0.0045,-0.0298211122014427,0.0555459255646558));
#12378=CARTESIAN_POINT('',(-0.0045,-0.0296165192931667,0.0552500008539718));
#12379=CARTESIAN_POINT('',(-0.0045,-0.0302302980179949,0.0561377749860237));
#12380=CARTESIAN_POINT('',(-0.0045,-0.0296165192931667,0.0552500008539718));
#12381=CARTESIAN_POINT('',(-0.0045,-0.0312788916806429,0.0568333333333334));
#12382=CARTESIAN_POINT('',(-0.0045,-0.0309455583473096,0.0566122250139763));
#12383=CARTESIAN_POINT('',(-0.0045,-0.0309455583473096,0.0566122250139763));
#12384=CARTESIAN_POINT('',(-0.0045,-0.0320544416526903,0.0566122250139763));
#12385=CARTESIAN_POINT('',(-0.0045,-0.00915514482136639,0.0718019001244716));
#12386=CARTESIAN_POINT('',(-0.0045,-0.0327697019820051,0.0561377749860237));
#12387=CARTESIAN_POINT('',(-0.0045,-0.0333834807068334,0.0552500008539718));
#12388=CARTESIAN_POINT('',(-0.0045,-0.0331788877985573,0.0555459255646558));
#12389=CARTESIAN_POINT('',(-0.0045,-0.0329742948902812,0.0558418502753397));
#12390=CARTESIAN_POINT('',(-0.0045,-0.0327697019820051,0.0561377749860237));
#12391=CARTESIAN_POINT('',(-0.0045,-0.0333834807068334,0.0552500008539718));
#12392=CARTESIAN_POINT('',(-0.0045,-0.0315,0.055));
#12393=CARTESIAN_POINT('',(-0.0045,-0.0333834807068333,0.0547499991460283));
#12394=CARTESIAN_POINT('',(-0.0045,-0.0327697019820051,0.0538622250139763));
#12395=CARTESIAN_POINT('',(-0.0045,-0.0329742948902812,0.0541581497246603));
#12396=CARTESIAN_POINT('',(-0.0045,-0.0331788877985572,0.0544540744353443));
#12397=CARTESIAN_POINT('',(-0.0045,-0.0333834807068333,0.0547499991460283));
#12398=CARTESIAN_POINT('',(-0.0045,-0.0327697019820051,0.0538622250139763));
#12399=CARTESIAN_POINT('',(-0.0045,-0.031721108319357,0.0531666666666667));
#12400=CARTESIAN_POINT('',(-0.0045,-0.0320544416526903,0.0533877749860237));
#12401=CARTESIAN_POINT('',(-0.0045,-0.0320544416526903,0.0533877749860237));
#12402=CARTESIAN_POINT('',(-0.0045,-0.0309455583473096,0.0533877749860237));
#12403=CARTESIAN_POINT('',(-0.0045,-0.00733100118667083,0.0690519001244715));
#12404=CARTESIAN_POINT('',(-0.0045,-0.0302302980179949,0.0538622250139763));
#12405=CARTESIAN_POINT('',(-0.0045,-0.0296165192931667,0.0547499991460283));
#12406=CARTESIAN_POINT('',(-0.0045,-0.0298211122014427,0.0544540744353443));
#12407=CARTESIAN_POINT('',(-0.0045,-0.0300257051097188,0.0541581497246603));
#12408=CARTESIAN_POINT('',(-0.0045,-0.0302302980179949,0.0538622250139763));
#12409=CARTESIAN_POINT('',(-0.0045,-0.0296165192931667,0.0547499991460283));
#12410=CARTESIAN_POINT('',(-0.0045,-0.0315,0.055));
#12411=CARTESIAN_POINT('',(-0.0045,-0.0302302980179949,0.00713777498602368));
#12412=CARTESIAN_POINT('',(-0.0045,-0.0300257051097188,0.00684185027533971));
#12413=CARTESIAN_POINT('',(-0.0045,-0.0298211122014427,0.00654592556465573));
#12414=CARTESIAN_POINT('',(-0.0045,-0.0296165192931667,0.00625000085397176));
#12415=CARTESIAN_POINT('',(-0.0045,-0.0302302980179949,0.00713777498602368));
#12416=CARTESIAN_POINT('',(-0.0045,-0.0296165192931667,0.00625000085397176));
#12417=CARTESIAN_POINT('',(-0.0045,-0.031278891680643,0.00783333333333333));
#12418=CARTESIAN_POINT('',(-0.0045,-0.0309455583473096,0.0076122250139763));
#12419=CARTESIAN_POINT('',(-0.0045,-0.0309455583473096,0.0076122250139763));
#12420=CARTESIAN_POINT('',(-0.0045,-0.0320544416526903,0.00761222501397631));
#12421=CARTESIAN_POINT('',(-0.0045,0.0134163294463301,0.0377741223466938));
#12422=CARTESIAN_POINT('',(-0.0045,-0.0327697019820051,0.00713777498602368));
#12423=CARTESIAN_POINT('',(-0.0045,-0.0333834807068334,0.00625000085397174));
#12424=CARTESIAN_POINT('',(-0.0045,-0.0331788877985573,0.00654592556465572));
#12425=CARTESIAN_POINT('',(-0.0045,-0.0329742948902812,0.0068418502753397));
#12426=CARTESIAN_POINT('',(-0.0045,-0.0327697019820051,0.00713777498602368));
#12427=CARTESIAN_POINT('',(-0.0045,-0.0333834807068334,0.00625000085397174));
#12428=CARTESIAN_POINT('',(-0.0045,-0.0315,0.006));
#12429=CARTESIAN_POINT('',(-0.0045,-0.0333834807068334,0.00574999914602826));
#12430=CARTESIAN_POINT('',(-0.0045,-0.0327697019820051,0.00486222501397631));
#12431=CARTESIAN_POINT('',(-0.0045,-0.0329742948902812,0.00515814972466029));
#12432=CARTESIAN_POINT('',(-0.0045,-0.0331788877985573,0.00545407443534428));
#12433=CARTESIAN_POINT('',(-0.0045,-0.0333834807068334,0.00574999914602826));
#12434=CARTESIAN_POINT('',(-0.0045,-0.0327697019820051,0.00486222501397631));
#12435=CARTESIAN_POINT('',(-0.0045,-0.0317211083193571,0.00416666666666666));
#12436=CARTESIAN_POINT('',(-0.0045,-0.0320544416526903,0.00438777498602369));
#12437=CARTESIAN_POINT('',(-0.0045,-0.0320544416526903,0.00438777498602369));
#12438=CARTESIAN_POINT('',(-0.0045,-0.0309455583473096,0.00438777498602369));
#12439=CARTESIAN_POINT('',(-0.0045,0.0152404730810256,0.0350241223466939));
#12440=CARTESIAN_POINT('',(-0.0045,-0.0302302980179949,0.00486222501397631));
#12441=CARTESIAN_POINT('',(-0.0045,-0.0296165192931667,0.00574999914602824));
#12442=CARTESIAN_POINT('',(-0.0045,-0.0298211122014427,0.00545407443534426));
#12443=CARTESIAN_POINT('',(-0.0045,-0.0300257051097188,0.00515814972466029));
#12444=CARTESIAN_POINT('',(-0.0045,-0.0302302980179949,0.00486222501397631));
#12445=CARTESIAN_POINT('',(-0.0045,-0.0296165192931667,0.00574999914602824));
#12446=CARTESIAN_POINT('',(-0.0045,-0.0315,0.006));
#12447=CARTESIAN_POINT('',(-0.0045,0.0327697019820051,0.00713777498602368));
#12448=CARTESIAN_POINT('',(-0.0045,0.0329742948902812,0.0068418502753397));
#12449=CARTESIAN_POINT('',(-0.0045,0.0331788877985573,0.00654592556465571));
#12450=CARTESIAN_POINT('',(-0.0045,0.0333834807068334,0.00625000085397173));
#12451=CARTESIAN_POINT('',(-0.0045,0.0327697019820051,0.00713777498602368));
#12452=CARTESIAN_POINT('',(-0.0045,0.0333834807068334,0.00625000085397173));
#12453=CARTESIAN_POINT('',(-0.0045,0.0317211083193571,0.00783333333333332));
#12454=CARTESIAN_POINT('',(-0.0045,0.0320544416526903,0.0076122250139763));
#12455=CARTESIAN_POINT('',(-0.0045,0.0320544416526903,0.0076122250139763));
#12456=CARTESIAN_POINT('',(-0.0045,0.0309455583473096,0.0076122250139763));
#12457=CARTESIAN_POINT('',(-0.0045,0.0326663294463303,0.00875365543108405));
#12458=CARTESIAN_POINT('',(-0.0045,0.0302302980179949,0.00713777498602368));
#12459=CARTESIAN_POINT('',(-0.0045,0.0296165192931667,0.00625000085397175));
#12460=CARTESIAN_POINT('',(-0.0045,0.0298211122014427,0.00654592556465573));
#12461=CARTESIAN_POINT('',(-0.0045,0.0300257051097188,0.0068418502753397));
#12462=CARTESIAN_POINT('',(-0.0045,0.0302302980179949,0.00713777498602368));
#12463=CARTESIAN_POINT('',(-0.0045,0.0296165192931667,0.00625000085397175));
#12464=CARTESIAN_POINT('',(-0.0045,0.0315,0.006));
#12465=CARTESIAN_POINT('',(-0.0045,0.0296165192931667,0.00574999914602826));
#12466=CARTESIAN_POINT('',(-0.0045,0.0302302980179949,0.0048622250139763));
#12467=CARTESIAN_POINT('',(-0.0045,0.0300257051097188,0.00515814972466029));
#12468=CARTESIAN_POINT('',(-0.0045,0.0298211122014427,0.00545407443534427));
#12469=CARTESIAN_POINT('',(-0.0045,0.0296165192931667,0.00574999914602826));
#12470=CARTESIAN_POINT('',(-0.0045,0.0302302980179949,0.0048622250139763));
#12471=CARTESIAN_POINT('',(-0.0045,0.031278891680643,0.00416666666666664));
#12472=CARTESIAN_POINT('',(-0.0045,0.0309455583473096,0.00438777498602368));
#12473=CARTESIAN_POINT('',(-0.0045,0.0309455583473096,0.00438777498602368));
#12474=CARTESIAN_POINT('',(-0.0045,0.0320544416526903,0.00438777498602369));
#12475=CARTESIAN_POINT('',(-0.0045,0.0344904730810257,0.00600365543108405));
#12476=CARTESIAN_POINT('',(-0.0045,0.0327697019820051,0.0048622250139763));
#12477=CARTESIAN_POINT('',(-0.0045,0.0333834807068333,0.00574999914602826));
#12478=CARTESIAN_POINT('',(-0.0045,0.0331788877985572,0.00545407443534427));
#12479=CARTESIAN_POINT('',(-0.0045,0.0329742948902812,0.00515814972466029));
#12480=CARTESIAN_POINT('',(-0.0045,0.0327697019820051,0.0048622250139763));
#12481=CARTESIAN_POINT('',(-0.0045,0.0333834807068333,0.00574999914602826));
#12482=CARTESIAN_POINT('',(-0.0045,0.0315,0.006));
#12483=CARTESIAN_POINT('',(-0.0045,-0.0285,0.0005));
#12484=CARTESIAN_POINT('',(-0.0045,-0.0285,0.0004));
#12485=CARTESIAN_POINT('',(-0.0045,-0.0285,0.001));
#12486=CARTESIAN_POINT('',(-0.0045,-0.0285,0.0004));
#12487=CARTESIAN_POINT('',(-0.0045,-0.0289,0.));
#12488=CARTESIAN_POINT('',(-0.0045,0.,0.));
#12489=CARTESIAN_POINT('',(-0.0045,-0.0341,0.));
#12490=CARTESIAN_POINT('',(-0.0045,-0.0345,0.0004));
#12491=CARTESIAN_POINT('',(-0.0045,-0.0345,0.0004));
#12492=CARTESIAN_POINT('',(-0.0045,-0.0345,0.058));
#12493=CARTESIAN_POINT('',(-0.0045,-0.0345,0.0606));
#12494=CARTESIAN_POINT('',(-0.0045,-0.0341,0.061));
#12495=CARTESIAN_POINT('',(-0.0045,-0.0341,0.061));
#12496=CARTESIAN_POINT('',(-0.0045,0.,0.061));
#12497=CARTESIAN_POINT('',(-0.0045,0.0341,0.061));
#12498=CARTESIAN_POINT('',(-0.0045,0.0345,0.0606));
#12499=CARTESIAN_POINT('',(-0.0045,0.0345,0.0606));
#12500=CARTESIAN_POINT('',(-0.0045,0.0345,0.058));
#12501=CARTESIAN_POINT('',(-0.0045,0.0345,0.0004));
#12502=CARTESIAN_POINT('',(-0.0045,0.0341,0.));
#12503=CARTESIAN_POINT('',(-0.0045,0.0341,0.));
#12504=CARTESIAN_POINT('',(-0.0045,0.,0.));
#12505=CARTESIAN_POINT('',(-0.0045,0.0289,0.));
#12506=CARTESIAN_POINT('',(-0.0045,0.0289,0.));
#12507=CARTESIAN_POINT('',(-0.0045,0.0285,0.0004));
#12508=CARTESIAN_POINT('',(-0.0045,0.0285,0.0005));
#12509=CARTESIAN_POINT('',(-0.0045,0.0285,0.001));
#12510=CARTESIAN_POINT('',(-0.0045,0.,0.001));
#12511=CARTESIAN_POINT('',(0.0045,3.46944695195361E-18,0.058));
#12512=CARTESIAN_POINT('',(0.0045,3.46944695195361E-18,0.));
#12513=CARTESIAN_POINT('',(0.0045,-0.0289,0.));
#12514=CARTESIAN_POINT('',(0.0045,-0.0341,0.));
#12515=CARTESIAN_POINT('',(0.0045,0.0145500000000002,0.04345));
#12516=CARTESIAN_POINT('',(0.0045,-0.0285,0.0004));
#12517=CARTESIAN_POINT('',(0.0045,-0.0285,0.0005));
#12518=CARTESIAN_POINT('',(0.0045,-0.0285,0.001));
#12519=CARTESIAN_POINT('',(0.0045,0.,0.001));
#12520=CARTESIAN_POINT('',(0.0045,0.0285,0.001));
#12521=CARTESIAN_POINT('',(0.0045,0.0285,0.0005));
#12522=CARTESIAN_POINT('',(0.0045,0.0285,0.0004));
#12523=CARTESIAN_POINT('',(0.0045,-0.01455,0.04345));
#12524=CARTESIAN_POINT('',(0.0045,0.0289,0.));
#12525=CARTESIAN_POINT('',(0.0045,3.46944695195361E-18,0.));
#12526=CARTESIAN_POINT('',(0.0045,0.0341,0.));
#12527=CARTESIAN_POINT('',(0.0045,0.04605,0.01195));
#12528=CARTESIAN_POINT('',(0.0045,0.0345,0.0004));
#12529=CARTESIAN_POINT('',(0.0045,0.0345,0.058));
#12530=CARTESIAN_POINT('',(0.0045,0.0345,0.0606));
#12531=CARTESIAN_POINT('',(0.0045,0.01855,0.07655));
#12532=CARTESIAN_POINT('',(0.0045,0.0341,0.061));
#12533=CARTESIAN_POINT('',(0.0045,0.,0.061));
#12534=CARTESIAN_POINT('',(0.0045,-0.0341,0.061));
#12535=CARTESIAN_POINT('',(0.0045,-0.01855,0.07655));
#12536=CARTESIAN_POINT('',(0.0045,-0.0345,0.0606));
#12537=CARTESIAN_POINT('',(0.0045,-0.0345,0.058));
#12538=CARTESIAN_POINT('',(0.0045,-0.0345,0.0004));
#12539=CARTESIAN_POINT('',(0.0045,-0.04605,0.0119500000000005));
#12540=CARTESIAN_POINT('',(0.0045,0.0302302980179949,0.00713777498602369));
#12541=CARTESIAN_POINT('',(0.0045,0.0300257051097188,0.00684185027533971));
#12542=CARTESIAN_POINT('',(0.0045,0.0298211122014427,0.00654592556465573));
#12543=CARTESIAN_POINT('',(0.0045,0.0296165192931667,0.00625000085397175));
#12544=CARTESIAN_POINT('',(0.0045,0.0302302980179949,0.00713777498602369));
#12545=CARTESIAN_POINT('',(0.0045,0.0296165192931667,0.00625000085397175));
#12546=CARTESIAN_POINT('',(0.0045,0.031278891680643,0.00783333333333334));
#12547=CARTESIAN_POINT('',(0.0045,0.0309455583473096,0.00761222501397631));
#12548=CARTESIAN_POINT('',(0.0045,-4.55427047943131E-16,0.0076122250139766));
#12549=CARTESIAN_POINT('',(0.0045,0.0320544416526903,0.00761222501397631));
#12550=CARTESIAN_POINT('',(0.0045,-0.0134163294463301,0.0377741223466938));
#12551=CARTESIAN_POINT('',(0.0045,0.0327697019820051,0.00713777498602369));
#12552=CARTESIAN_POINT('',(0.0045,0.0333834807068334,0.00625000085397173));
#12553=CARTESIAN_POINT('',(0.0045,0.0331788877985573,0.00654592556465572));
#12554=CARTESIAN_POINT('',(0.0045,0.0329742948902812,0.0068418502753397));
#12555=CARTESIAN_POINT('',(0.0045,0.0327697019820051,0.00713777498602369));
#12556=CARTESIAN_POINT('',(0.0045,0.0333834807068334,0.00625000085397173));
#12557=CARTESIAN_POINT('',(0.0045,0.0315,0.006));
#12558=CARTESIAN_POINT('',(0.0045,0.0333834807068333,0.00574999914602826));
#12559=CARTESIAN_POINT('',(0.0045,0.0327697019820051,0.0048622250139763));
#12560=CARTESIAN_POINT('',(0.0045,0.0329742948902812,0.00515814972466029));
#12561=CARTESIAN_POINT('',(0.0045,0.0331788877985572,0.00545407443534427));
#12562=CARTESIAN_POINT('',(0.0045,0.0333834807068333,0.00574999914602826));
#12563=CARTESIAN_POINT('',(0.0045,0.0327697019820051,0.0048622250139763));
#12564=CARTESIAN_POINT('',(0.0045,0.0317211083193571,0.00416666666666666));
#12565=CARTESIAN_POINT('',(0.0045,0.0320544416526903,0.00438777498602369));
#12566=CARTESIAN_POINT('',(0.0045,4.91731969940212E-16,0.0043877749860234));
#12567=CARTESIAN_POINT('',(0.0045,0.0309455583473096,0.00438777498602369));
#12568=CARTESIAN_POINT('',(0.0045,-0.0152404730810256,0.0350241223466939));
#12569=CARTESIAN_POINT('',(0.0045,0.0302302980179949,0.0048622250139763));
#12570=CARTESIAN_POINT('',(0.0045,0.0296165192931667,0.00574999914602826));
#12571=CARTESIAN_POINT('',(0.0045,0.0298211122014427,0.00545407443534427));
#12572=CARTESIAN_POINT('',(0.0045,0.0300257051097188,0.00515814972466029));
#12573=CARTESIAN_POINT('',(0.0045,0.0302302980179949,0.0048622250139763));
#12574=CARTESIAN_POINT('',(0.0045,0.0296165192931667,0.00574999914602826));
#12575=CARTESIAN_POINT('',(0.0045,0.0315,0.006));
#12576=CARTESIAN_POINT('',(0.0045,-0.0327697019820051,0.00713777498602368));
#12577=CARTESIAN_POINT('',(0.0045,-0.0329742948902812,0.0068418502753397));
#12578=CARTESIAN_POINT('',(0.0045,-0.0331788877985572,0.00654592556465572));
#12579=CARTESIAN_POINT('',(0.0045,-0.0333834807068333,0.00625000085397174));
#12580=CARTESIAN_POINT('',(0.0045,-0.0327697019820051,0.00713777498602368));
#12581=CARTESIAN_POINT('',(0.0045,-0.0333834807068333,0.00625000085397174));
#12582=CARTESIAN_POINT('',(0.0045,-0.0317211083193571,0.00783333333333333));
#12583=CARTESIAN_POINT('',(0.0045,-0.0320544416526903,0.00761222501397631));
#12584=CARTESIAN_POINT('',(0.0045,4.62365941847038E-16,0.0076122250139766));
#12585=CARTESIAN_POINT('',(0.0045,-0.0309455583473096,0.0076122250139763));
#12586=CARTESIAN_POINT('',(0.0045,-0.0326663294463303,0.00875365543108405));
#12587=CARTESIAN_POINT('',(0.0045,-0.0302302980179949,0.00713777498602368));
#12588=CARTESIAN_POINT('',(0.0045,-0.0296165192931667,0.00625000085397176));
#12589=CARTESIAN_POINT('',(0.0045,-0.0298211122014427,0.00654592556465573));
#12590=CARTESIAN_POINT('',(0.0045,-0.0300257051097188,0.00684185027533971));
#12591=CARTESIAN_POINT('',(0.0045,-0.0302302980179949,0.00713777498602368));
#12592=CARTESIAN_POINT('',(0.0045,-0.0296165192931667,0.00625000085397176));
#12593=CARTESIAN_POINT('',(0.0045,-0.0315,0.006));
#12594=CARTESIAN_POINT('',(0.0045,-0.0296165192931667,0.00574999914602824));
#12595=CARTESIAN_POINT('',(0.0045,-0.0302302980179949,0.00486222501397631));
#12596=CARTESIAN_POINT('',(0.0045,-0.0300257051097188,0.00515814972466029));
#12597=CARTESIAN_POINT('',(0.0045,-0.0298211122014427,0.00545407443534426));
#12598=CARTESIAN_POINT('',(0.0045,-0.0296165192931667,0.00574999914602824));
#12599=CARTESIAN_POINT('',(0.0045,-0.0302302980179949,0.00486222501397631));
#12600=CARTESIAN_POINT('',(0.0045,-0.031278891680643,0.00416666666666666));
#12601=CARTESIAN_POINT('',(0.0045,-0.0309455583473096,0.00438777498602369));
#12602=CARTESIAN_POINT('',(0.0045,-4.84793076036304E-16,0.0043877749860234));
#12603=CARTESIAN_POINT('',(0.0045,-0.0320544416526903,0.00438777498602369));
#12604=CARTESIAN_POINT('',(0.0045,-0.0344904730810257,0.00600365543108405));
#12605=CARTESIAN_POINT('',(0.0045,-0.0327697019820051,0.00486222501397631));
#12606=CARTESIAN_POINT('',(0.0045,-0.0333834807068333,0.00574999914602826));
#12607=CARTESIAN_POINT('',(0.0045,-0.0331788877985572,0.00545407443534428));
#12608=CARTESIAN_POINT('',(0.0045,-0.0329742948902812,0.00515814972466029));
#12609=CARTESIAN_POINT('',(0.0045,-0.0327697019820051,0.00486222501397631));
#12610=CARTESIAN_POINT('',(0.0045,-0.0333834807068333,0.00574999914602826));
#12611=CARTESIAN_POINT('',(0.0045,-0.0315,0.006));
#12612=CARTESIAN_POINT('',(0.0045,-0.0327697019820051,0.0561377749860237));
#12613=CARTESIAN_POINT('',(0.0045,-0.0329742948902812,0.0558418502753397));
#12614=CARTESIAN_POINT('',(0.0045,-0.0331788877985573,0.0555459255646558));
#12615=CARTESIAN_POINT('',(0.0045,-0.0333834807068334,0.0552500008539718));
#12616=CARTESIAN_POINT('',(0.0045,-0.0327697019820051,0.0561377749860237));
#12617=CARTESIAN_POINT('',(0.0045,-0.0333834807068334,0.0552500008539718));
#12618=CARTESIAN_POINT('',(0.0045,-0.031721108319357,0.0568333333333334));
#12619=CARTESIAN_POINT('',(0.0045,-0.0320544416526903,0.0566122250139763));
#12620=CARTESIAN_POINT('',(0.0045,3.46944695195361E-18,0.0566122250139763));
#12621=CARTESIAN_POINT('',(0.0045,-0.0309455583473096,0.0566122250139763));
#12622=CARTESIAN_POINT('',(0.0045,-0.0100948551786337,0.0427814332088618));
#12623=CARTESIAN_POINT('',(0.0045,-0.0302302980179949,0.0561377749860237));
#12624=CARTESIAN_POINT('',(0.0045,-0.0296165192931667,0.0552500008539718));
#12625=CARTESIAN_POINT('',(0.0045,-0.0298211122014427,0.0555459255646558));
#12626=CARTESIAN_POINT('',(0.0045,-0.0300257051097188,0.0558418502753397));
#12627=CARTESIAN_POINT('',(0.0045,-0.0302302980179949,0.0561377749860237));
#12628=CARTESIAN_POINT('',(0.0045,-0.0296165192931667,0.0552500008539718));
#12629=CARTESIAN_POINT('',(0.0045,-0.0315,0.055));
#12630=CARTESIAN_POINT('',(0.0045,-0.0296165192931667,0.0547499991460283));
#12631=CARTESIAN_POINT('',(0.0045,-0.0302302980179949,0.0538622250139763));
#12632=CARTESIAN_POINT('',(0.0045,-0.0300257051097188,0.0541581497246603));
#12633=CARTESIAN_POINT('',(0.0045,-0.0298211122014427,0.0544540744353443));
#12634=CARTESIAN_POINT('',(0.0045,-0.0296165192931667,0.0547499991460283));
#12635=CARTESIAN_POINT('',(0.0045,-0.0302302980179949,0.0538622250139763));
#12636=CARTESIAN_POINT('',(0.0045,-0.0312788916806429,0.0531666666666667));
#12637=CARTESIAN_POINT('',(0.0045,-0.0309455583473096,0.0533877749860237));
#12638=CARTESIAN_POINT('',(0.0045,5.1475057001343E-17,0.053387774986024));
#12639=CARTESIAN_POINT('',(0.0045,-0.0320544416526903,0.0533877749860237));
#12640=CARTESIAN_POINT('',(0.0045,-0.0119189988133292,0.0400314332088618));
#12641=CARTESIAN_POINT('',(0.0045,-0.0327697019820051,0.0538622250139763));
#12642=CARTESIAN_POINT('',(0.0045,-0.0333834807068333,0.0547499991460283));
#12643=CARTESIAN_POINT('',(0.0045,-0.0331788877985572,0.0544540744353443));
#12644=CARTESIAN_POINT('',(0.0045,-0.0329742948902812,0.0541581497246603));
#12645=CARTESIAN_POINT('',(0.0045,-0.0327697019820051,0.0538622250139763));
#12646=CARTESIAN_POINT('',(0.0045,-0.0333834807068333,0.0547499991460283));
#12647=CARTESIAN_POINT('',(0.0045,-0.0315,0.055));
#12648=CARTESIAN_POINT('',(0.0045,0.0302302980179949,0.0561377749860237));
#12649=CARTESIAN_POINT('',(0.0045,0.0300257051097188,0.0558418502753397));
#12650=CARTESIAN_POINT('',(0.0045,0.0298211122014427,0.0555459255646558));
#12651=CARTESIAN_POINT('',(0.0045,0.0296165192931667,0.0552500008539718));
#12652=CARTESIAN_POINT('',(0.0045,0.0302302980179949,0.0561377749860237));
#12653=CARTESIAN_POINT('',(0.0045,0.0296165192931667,0.0552500008539718));
#12654=CARTESIAN_POINT('',(0.0045,0.0312788916806429,0.0568333333333334));
#12655=CARTESIAN_POINT('',(0.0045,0.0309455583473096,0.0566122250139763));
#12656=CARTESIAN_POINT('',(0.0045,3.46944695195361E-18,0.0566122250139763));
#12657=CARTESIAN_POINT('',(0.0045,0.0320544416526903,0.0566122250139763));
#12658=CARTESIAN_POINT('',(0.0045,0.0091551448213664,0.0718019001244716));
#12659=CARTESIAN_POINT('',(0.0045,0.0327697019820051,0.0561377749860237));
#12660=CARTESIAN_POINT('',(0.0045,0.0333834807068334,0.0552500008539718));
#12661=CARTESIAN_POINT('',(0.0045,0.0331788877985573,0.0555459255646558));
#12662=CARTESIAN_POINT('',(0.0045,0.0329742948902812,0.0558418502753397));
#12663=CARTESIAN_POINT('',(0.0045,0.0327697019820051,0.0561377749860237));
#12664=CARTESIAN_POINT('',(0.0045,0.0333834807068334,0.0552500008539718));
#12665=CARTESIAN_POINT('',(0.0045,0.0315,0.055));
#12666=CARTESIAN_POINT('',(0.0045,0.0333834807068333,0.0547499991460283));
#12667=CARTESIAN_POINT('',(0.0045,0.0327697019820051,0.0538622250139763));
#12668=CARTESIAN_POINT('',(0.0045,0.0329742948902812,0.0541581497246603));
#12669=CARTESIAN_POINT('',(0.0045,0.0331788877985572,0.0544540744353443));
#12670=CARTESIAN_POINT('',(0.0045,0.0333834807068333,0.0547499991460283));
#12671=CARTESIAN_POINT('',(0.0045,0.0327697019820051,0.0538622250139763));
#12672=CARTESIAN_POINT('',(0.0045,0.0317211083193571,0.0531666666666667));
#12673=CARTESIAN_POINT('',(0.0045,0.0320544416526903,0.0533877749860237));
#12674=CARTESIAN_POINT('',(0.0045,-4.45361630974358E-17,0.053387774986024));
#12675=CARTESIAN_POINT('',(0.0045,0.0309455583473096,0.0533877749860237));
#12676=CARTESIAN_POINT('',(0.0045,0.00733100118667084,0.0690519001244715));
#12677=CARTESIAN_POINT('',(0.0045,0.0302302980179949,0.0538622250139763));
#12678=CARTESIAN_POINT('',(0.0045,0.0296165192931667,0.0547499991460283));
#12679=CARTESIAN_POINT('',(0.0045,0.0298211122014427,0.0544540744353443));
#12680=CARTESIAN_POINT('',(0.0045,0.0300257051097188,0.0541581497246603));
#12681=CARTESIAN_POINT('',(0.0045,0.0302302980179949,0.0538622250139763));
#12682=CARTESIAN_POINT('',(0.0045,0.0296165192931667,0.0547499991460283));
#12683=CARTESIAN_POINT('',(0.0045,0.0315,0.055));
#12684=CARTESIAN_POINT('',(-0.0803032108716934,0.0315,0.055));
#12685=CARTESIAN_POINT('',(0.0041,0.0315,0.055));
#12686=CARTESIAN_POINT('',(0.0041,0.0329869584527632,0.0548026309047592));
#12687=CARTESIAN_POINT('',(0.0041,0.0329869584527632,0.0551973690952409));
#12688=CARTESIAN_POINT('',(-0.0803032108716934,0.0329869584527632,0.0551973690952409));
#12689=CARTESIAN_POINT('',(-0.0041,0.0329869584527632,0.0551973690952409));
#12690=CARTESIAN_POINT('',(-0.0041,0.0315,0.055));
#12691=CARTESIAN_POINT('',(-0.0041,0.0329869584527632,0.0548026309047592));
#12692=CARTESIAN_POINT('',(-0.0803032108716934,0.0329869584527632,0.0548026309047592));
#12693=CARTESIAN_POINT('',(-0.0803032108716934,0.0315,0.055));
#12694=CARTESIAN_POINT('',(-0.0041,0.0315,0.055));
#12695=CARTESIAN_POINT('',(-0.0041,0.0300130415472369,0.0548026309047592));
#12696=CARTESIAN_POINT('',(-0.0041,0.0300130415472369,0.0551973690952409));
#12697=CARTESIAN_POINT('',(-0.0803032108716934,0.0300130415472369,0.0551973690952409));
#12698=CARTESIAN_POINT('',(0.0041,0.0300130415472369,0.0551973690952409));
#12699=CARTESIAN_POINT('',(0.0041,0.0315,0.055));
#12700=CARTESIAN_POINT('',(0.0041,0.0300130415472369,0.0548026309047592));
#12701=CARTESIAN_POINT('',(-0.0803032108716934,0.0300130415472369,0.0548026309047592));
#12702=CARTESIAN_POINT('',(-0.0803032108716934,0.0315,0.006));
#12703=CARTESIAN_POINT('',(-0.0041,0.0315,0.006));
#12704=CARTESIAN_POINT('',(-0.0041,0.0300130415472369,0.00580263090475915));
#12705=CARTESIAN_POINT('',(-0.0041,0.0300130415472369,0.00619736909524086));
#12706=CARTESIAN_POINT('',(-0.0803032108716934,0.0300130415472369,0.00619736909524086));
#12707=CARTESIAN_POINT('',(0.0041,0.0300130415472369,0.00619736909524086));
#12708=CARTESIAN_POINT('',(0.0041,0.0315,0.006));
#12709=CARTESIAN_POINT('',(0.0041,0.0300130415472369,0.00580263090475915));
#12710=CARTESIAN_POINT('',(-0.0803032108716934,0.0300130415472369,0.00580263090475915));
#12711=CARTESIAN_POINT('',(-0.0803032108716934,0.0315,0.006));
#12712=CARTESIAN_POINT('',(0.0041,0.0315,0.006));
#12713=CARTESIAN_POINT('',(0.0041,0.0329869584527632,0.00580263090475915));
#12714=CARTESIAN_POINT('',(0.0041,0.0329869584527632,0.00619736909524084));
#12715=CARTESIAN_POINT('',(-0.0803032108716934,0.0329869584527632,0.00619736909524084));
#12716=CARTESIAN_POINT('',(-0.0041,0.0329869584527632,0.00619736909524084));
#12717=CARTESIAN_POINT('',(-0.0041,0.0315,0.006));
#12718=CARTESIAN_POINT('',(-0.0041,0.0329869584527632,0.00580263090475915));
#12719=CARTESIAN_POINT('',(-0.0803032108716934,0.0329869584527632,0.00580263090475915));
#12720=CARTESIAN_POINT('',(-0.0803032108716934,-0.0315,0.055));
#12721=CARTESIAN_POINT('',(-0.0041,-0.0315,0.055));
#12722=CARTESIAN_POINT('',(-0.0041,-0.0329869584527632,0.0548026309047592));
#12723=CARTESIAN_POINT('',(-0.0041,-0.0329869584527632,0.0551973690952409));
#12724=CARTESIAN_POINT('',(-0.0803032108716934,-0.0329869584527632,0.0551973690952409));
#12725=CARTESIAN_POINT('',(0.0041,-0.0329869584527632,0.0551973690952409));
#12726=CARTESIAN_POINT('',(0.0041,-0.0315,0.055));
#12727=CARTESIAN_POINT('',(0.0041,-0.0329869584527632,0.0548026309047592));
#12728=CARTESIAN_POINT('',(-0.0803032108716934,-0.0329869584527632,0.0548026309047592));
#12729=CARTESIAN_POINT('',(-0.0803032108716934,-0.0315,0.055));
#12730=CARTESIAN_POINT('',(0.0041,-0.0315,0.055));
#12731=CARTESIAN_POINT('',(0.0041,-0.0300130415472369,0.0548026309047592));
#12732=CARTESIAN_POINT('',(0.0041,-0.0300130415472369,0.0551973690952409));
#12733=CARTESIAN_POINT('',(-0.0803032108716934,-0.0300130415472369,0.0551973690952409));
#12734=CARTESIAN_POINT('',(-0.0041,-0.0300130415472369,0.0551973690952409));
#12735=CARTESIAN_POINT('',(-0.0041,-0.0315,0.055));
#12736=CARTESIAN_POINT('',(-0.0041,-0.0300130415472369,0.0548026309047592));
#12737=CARTESIAN_POINT('',(-0.0803032108716934,-0.0300130415472369,0.0548026309047592));
#12738=CARTESIAN_POINT('',(-0.0803032108716934,-0.0315,0.006));
#12739=CARTESIAN_POINT('',(0.0041,-0.0315,0.006));
#12740=CARTESIAN_POINT('',(0.0041,-0.0300130415472369,0.00580263090475914));
#12741=CARTESIAN_POINT('',(0.0041,-0.0300130415472369,0.00619736909524086));
#12742=CARTESIAN_POINT('',(-0.0803032108716934,-0.0300130415472369,0.00619736909524086));
#12743=CARTESIAN_POINT('',(-0.0041,-0.0300130415472369,0.00619736909524086));
#12744=CARTESIAN_POINT('',(-0.0041,-0.0315,0.006));
#12745=CARTESIAN_POINT('',(-0.0041,-0.0300130415472369,0.00580263090475914));
#12746=CARTESIAN_POINT('',(-0.0803032108716934,-0.0300130415472369,0.00580263090475914));
#12747=CARTESIAN_POINT('',(-0.0803032108716934,-0.0315,0.006));
#12748=CARTESIAN_POINT('',(-0.0041,-0.0315,0.006));
#12749=CARTESIAN_POINT('',(-0.0041,-0.0329869584527632,0.00580263090475915));
#12750=CARTESIAN_POINT('',(-0.0041,-0.0329869584527632,0.00619736909524085));
#12751=CARTESIAN_POINT('',(-0.0803032108716934,-0.0329869584527632,0.00619736909524085));
#12752=CARTESIAN_POINT('',(0.0041,-0.0329869584527632,0.00619736909524085));
#12753=CARTESIAN_POINT('',(0.0041,-0.0315,0.006));
#12754=CARTESIAN_POINT('',(0.0041,-0.0329869584527632,0.00580263090475915));
#12755=CARTESIAN_POINT('',(-0.0803032108716934,-0.0329869584527632,0.00580263090475915));
#12756=CARTESIAN_POINT('',(0.,0.00971286141872406,0.));
#12757=CARTESIAN_POINT('',(0.,-0.0289,0.));
#12758=CARTESIAN_POINT('',(-0.00409,-0.0289,0.));
#12759=CARTESIAN_POINT('',(-0.00409,0.0285,0.));
#12760=CARTESIAN_POINT('',(-0.00409,0.0289,0.));
#12761=CARTESIAN_POINT('',(-0.0045,0.0289,0.));
#12762=CARTESIAN_POINT('',(0.0045,0.0341,0.));
#12763=CARTESIAN_POINT('',(0.,0.0289,0.));
#12764=CARTESIAN_POINT('',(0.00409,0.0289,0.));
#12765=CARTESIAN_POINT('',(0.00409,-0.0285,0.));
#12766=CARTESIAN_POINT('',(0.00409,-0.0289,0.));
#12767=CARTESIAN_POINT('',(0.0045,-0.0289,0.));
#12768=CARTESIAN_POINT('',(0.,-0.0341,0.));
#12769=CARTESIAN_POINT('',(0.,0.,0.061));
#12770=CARTESIAN_POINT('',(0.0045,-0.0341,0.061));
#12771=CARTESIAN_POINT('',(0.,0.0341,0.061));
#12772=CARTESIAN_POINT('',(0.,-0.0345,0.058));
#12773=CARTESIAN_POINT('',(-0.0045,-0.0345,0.0606));
#12774=CARTESIAN_POINT('',(0.,-0.0345,0.0004));
#12775=CARTESIAN_POINT('',(0.,0.0345,0.058));
#12776=CARTESIAN_POINT('',(0.,0.0345,0.0606));
#12777=CARTESIAN_POINT('',(-0.0045,0.0345,0.0004));
#12778=CARTESIAN_POINT('',(-0.004502,-0.0321909634979907,0.00495833333333334));
#12779=CARTESIAN_POINT('',(-0.004502,-0.0318333333333334,0.00472110831935703));
#12780=CARTESIAN_POINT('',(0.0041,-0.0318333333333334,0.00472110831935703));
#12781=CARTESIAN_POINT('',(-0.0041,-0.0318333333333334,0.00472110831935703));
#12782=CARTESIAN_POINT('',(-0.0041,-0.0328819269959814,0.00541666666666667));
#12783=CARTESIAN_POINT('',(-0.0041,-0.0325485936626481,0.00519555834730965));
#12784=CARTESIAN_POINT('',(-0.004502,-0.0325485936626481,0.00519555834730965));
#12785=CARTESIAN_POINT('',(0.0041,-0.0325485936626481,0.00519555834730965));
#12786=CARTESIAN_POINT('',(0.0041,-0.0321909634979907,0.00495833333333334));
#12787=CARTESIAN_POINT('',(-0.004502,-0.0308090365020093,0.00495833333333334));
#12788=CARTESIAN_POINT('',(-0.0045,-0.0304514063373519,0.00519555834730964));
#12789=CARTESIAN_POINT('',(0.0041,-0.0304514063373519,0.00519555834730964));
#12790=CARTESIAN_POINT('',(-0.0041,-0.0304514063373519,0.00519555834730964));
#12791=CARTESIAN_POINT('',(-0.0041,-0.0308090365020093,0.00495833333333334));
#12792=CARTESIAN_POINT('',(-0.0041,-0.0311666666666667,0.00472110831935702));
#12793=CARTESIAN_POINT('',(-0.004502,-0.0311666666666667,0.00472110831935702));
#12794=CARTESIAN_POINT('',(0.0041,-0.0311666666666667,0.00472110831935702));
#12795=CARTESIAN_POINT('',(0.0041,-0.0301180730040185,0.00541666666666668));
#12796=CARTESIAN_POINT('',(-0.004502,-0.0308090365020093,0.00704166666666666));
#12797=CARTESIAN_POINT('',(-0.004502,-0.0311666666666667,0.00727889168064298));
#12798=CARTESIAN_POINT('',(0.0041,-0.0311666666666667,0.00727889168064298));
#12799=CARTESIAN_POINT('',(-0.0041,-0.0311666666666667,0.00727889168064298));
#12800=CARTESIAN_POINT('',(-0.0041,-0.0301180730040186,0.00658333333333333));
#12801=CARTESIAN_POINT('',(-0.0041,-0.0304514063373519,0.00680444165269036));
#12802=CARTESIAN_POINT('',(-0.004502,-0.0304514063373519,0.00680444165269036));
#12803=CARTESIAN_POINT('',(0.0041,-0.0304514063373519,0.00680444165269036));
#12804=CARTESIAN_POINT('',(0.0041,-0.0308090365020093,0.00704166666666666));
#12805=CARTESIAN_POINT('',(-0.004502,-0.0321909634979907,0.00704166666666667));
#12806=CARTESIAN_POINT('',(-0.0045,-0.0325485936626481,0.00680444165269035));
#12807=CARTESIAN_POINT('',(0.0041,-0.0325485936626481,0.00680444165269035));
#12808=CARTESIAN_POINT('',(-0.0041,-0.0325485936626481,0.00680444165269035));
#12809=CARTESIAN_POINT('',(-0.0041,-0.0321909634979907,0.00704166666666667));
#12810=CARTESIAN_POINT('',(-0.0041,-0.0318333333333334,0.00727889168064297));
#12811=CARTESIAN_POINT('',(-0.004502,-0.0318333333333334,0.00727889168064297));
#12812=CARTESIAN_POINT('',(0.0041,-0.0318333333333334,0.00727889168064297));
#12813=CARTESIAN_POINT('',(0.0041,-0.0328819269959814,0.00658333333333333));
#12814=CARTESIAN_POINT('',(-0.004502,-0.0321909634979907,0.0539583333333334));
#12815=CARTESIAN_POINT('',(-0.004502,-0.0318333333333333,0.053721108319357));
#12816=CARTESIAN_POINT('',(0.0041,-0.0318333333333333,0.053721108319357));
#12817=CARTESIAN_POINT('',(-0.0041,-0.0318333333333333,0.053721108319357));
#12818=CARTESIAN_POINT('',(-0.0041,-0.0328819269959814,0.0544166666666667));
#12819=CARTESIAN_POINT('',(-0.0041,-0.0325485936626481,0.0541955583473097));
#12820=CARTESIAN_POINT('',(0.0045,-0.0325485936626481,0.0541955583473097));
#12821=CARTESIAN_POINT('',(0.0041,-0.0325485936626481,0.0541955583473097));
#12822=CARTESIAN_POINT('',(0.0041,-0.0321909634979907,0.0539583333333334));
#12823=CARTESIAN_POINT('',(-0.004502,-0.0308090365020093,0.0539583333333334));
#12824=CARTESIAN_POINT('',(-0.004502,-0.0304514063373519,0.0541955583473097));
#12825=CARTESIAN_POINT('',(0.0041,-0.0304514063373519,0.0541955583473097));
#12826=CARTESIAN_POINT('',(-0.0041,-0.0304514063373519,0.0541955583473097));
#12827=CARTESIAN_POINT('',(-0.0041,-0.0308090365020093,0.0539583333333334));
#12828=CARTESIAN_POINT('',(-0.0041,-0.0311666666666667,0.0537211083193571));
#12829=CARTESIAN_POINT('',(-0.004502,-0.0311666666666667,0.0537211083193571));
#12830=CARTESIAN_POINT('',(0.0041,-0.0311666666666667,0.0537211083193571));
#12831=CARTESIAN_POINT('',(0.0041,-0.0301180730040186,0.0544166666666667));
#12832=CARTESIAN_POINT('',(-0.004502,-0.0308090365020093,0.0560416666666667));
#12833=CARTESIAN_POINT('',(-0.004502,-0.0311666666666667,0.056278891680643));
#12834=CARTESIAN_POINT('',(0.0041,-0.0311666666666667,0.056278891680643));
#12835=CARTESIAN_POINT('',(-0.0041,-0.0311666666666667,0.056278891680643));
#12836=CARTESIAN_POINT('',(-0.0041,-0.0301180730040185,0.0555833333333334));
#12837=CARTESIAN_POINT('',(-0.0041,-0.030451406337352,0.0558044416526904));
#12838=CARTESIAN_POINT('',(0.0045,-0.030451406337352,0.0558044416526904));
#12839=CARTESIAN_POINT('',(0.0041,-0.030451406337352,0.0558044416526904));
#12840=CARTESIAN_POINT('',(0.0041,-0.0308090365020093,0.0560416666666667));
#12841=CARTESIAN_POINT('',(-0.004502,-0.0321909634979907,0.0560416666666667));
#12842=CARTESIAN_POINT('',(-0.004502,-0.0325485936626481,0.0558044416526904));
#12843=CARTESIAN_POINT('',(0.0041,-0.0325485936626481,0.0558044416526904));
#12844=CARTESIAN_POINT('',(-0.0041,-0.0325485936626481,0.0558044416526904));
#12845=CARTESIAN_POINT('',(-0.0041,-0.0321909634979907,0.0560416666666667));
#12846=CARTESIAN_POINT('',(-0.0041,-0.0318333333333333,0.056278891680643));
#12847=CARTESIAN_POINT('',(-0.004502,-0.0318333333333333,0.056278891680643));
#12848=CARTESIAN_POINT('',(0.0041,-0.0318333333333333,0.056278891680643));
#12849=CARTESIAN_POINT('',(0.0041,-0.0328819269959814,0.0555833333333333));
#12850=CARTESIAN_POINT('',(-0.004502,0.0321909634979907,0.00495833333333334));
#12851=CARTESIAN_POINT('',(-0.004502,0.0325485936626481,0.00519555834730964));
#12852=CARTESIAN_POINT('',(0.0041,0.0325485936626481,0.00519555834730964));
#12853=CARTESIAN_POINT('',(-0.0041,0.0325485936626481,0.00519555834730964));
#12854=CARTESIAN_POINT('',(-0.0041,0.0321909634979907,0.00495833333333334));
#12855=CARTESIAN_POINT('',(-0.0041,0.0318333333333334,0.00472110831935703));
#12856=CARTESIAN_POINT('',(-0.004502,0.0318333333333334,0.00472110831935703));
#12857=CARTESIAN_POINT('',(0.0041,0.0318333333333334,0.00472110831935703));
#12858=CARTESIAN_POINT('',(0.0041,0.0328819269959814,0.00541666666666665));
#12859=CARTESIAN_POINT('',(-0.004502,0.0308090365020093,0.00495833333333334));
#12860=CARTESIAN_POINT('',(-0.004502,0.0311666666666667,0.00472110831935702));
#12861=CARTESIAN_POINT('',(0.0041,0.0311666666666667,0.00472110831935702));
#12862=CARTESIAN_POINT('',(-0.0041,0.0311666666666667,0.00472110831935702));
#12863=CARTESIAN_POINT('',(-0.0041,0.0301180730040186,0.00541666666666667));
#12864=CARTESIAN_POINT('',(-0.0041,0.0304514063373519,0.00519555834730964));
#12865=CARTESIAN_POINT('',(0.0045,0.0304514063373519,0.00519555834730964));
#12866=CARTESIAN_POINT('',(0.0041,0.0304514063373519,0.00519555834730964));
#12867=CARTESIAN_POINT('',(0.0041,0.0308090365020093,0.00495833333333334));
#12868=CARTESIAN_POINT('',(-0.004502,0.0308090365020093,0.00704166666666666));
#12869=CARTESIAN_POINT('',(-0.004502,0.0304514063373519,0.00680444165269036));
#12870=CARTESIAN_POINT('',(0.0041,0.0304514063373519,0.00680444165269036));
#12871=CARTESIAN_POINT('',(-0.0041,0.0304514063373519,0.00680444165269036));
#12872=CARTESIAN_POINT('',(-0.0041,0.0308090365020093,0.00704166666666666));
#12873=CARTESIAN_POINT('',(-0.0041,0.0311666666666667,0.00727889168064298));
#12874=CARTESIAN_POINT('',(-0.004502,0.0311666666666667,0.00727889168064298));
#12875=CARTESIAN_POINT('',(0.0041,0.0311666666666667,0.00727889168064298));
#12876=CARTESIAN_POINT('',(0.0041,0.0301180730040185,0.00658333333333332));
#12877=CARTESIAN_POINT('',(-0.004502,0.0321909634979907,0.00704166666666667));
#12878=CARTESIAN_POINT('',(-0.004502,0.0318333333333334,0.00727889168064297));
#12879=CARTESIAN_POINT('',(0.0041,0.0318333333333334,0.00727889168064297));
#12880=CARTESIAN_POINT('',(-0.0041,0.0318333333333334,0.00727889168064297));
#12881=CARTESIAN_POINT('',(-0.0041,0.0328819269959814,0.00658333333333333));
#12882=CARTESIAN_POINT('',(-0.0041,0.0325485936626481,0.00680444165269035));
#12883=CARTESIAN_POINT('',(0.0045,0.0325485936626481,0.00680444165269035));
#12884=CARTESIAN_POINT('',(0.0041,0.0325485936626481,0.00680444165269035));
#12885=CARTESIAN_POINT('',(0.0041,0.0321909634979907,0.00704166666666667));
#12886=CARTESIAN_POINT('',(-0.004502,0.0321909634979907,0.0539583333333334));
#12887=CARTESIAN_POINT('',(-0.0045,0.0325485936626481,0.0541955583473097));
#12888=CARTESIAN_POINT('',(0.0041,0.0325485936626481,0.0541955583473097));
#12889=CARTESIAN_POINT('',(-0.0041,0.0325485936626481,0.0541955583473097));
#12890=CARTESIAN_POINT('',(-0.0041,0.0321909634979907,0.0539583333333334));
#12891=CARTESIAN_POINT('',(-0.0041,0.0318333333333333,0.053721108319357));
#12892=CARTESIAN_POINT('',(-0.004502,0.0318333333333333,0.053721108319357));
#12893=CARTESIAN_POINT('',(0.0041,0.0318333333333333,0.053721108319357));
#12894=CARTESIAN_POINT('',(0.0041,0.0328819269959814,0.0544166666666667));
#12895=CARTESIAN_POINT('',(-0.004502,0.0308090365020093,0.0539583333333334));
#12896=CARTESIAN_POINT('',(-0.004502,0.0311666666666667,0.0537211083193571));
#12897=CARTESIAN_POINT('',(0.0041,0.0311666666666667,0.0537211083193571));
#12898=CARTESIAN_POINT('',(-0.0041,0.0311666666666667,0.0537211083193571));
#12899=CARTESIAN_POINT('',(-0.0041,0.0301180730040186,0.0544166666666667));
#12900=CARTESIAN_POINT('',(-0.0041,0.0304514063373519,0.0541955583473097));
#12901=CARTESIAN_POINT('',(-0.004502,0.0304514063373519,0.0541955583473097));
#12902=CARTESIAN_POINT('',(0.0041,0.0304514063373519,0.0541955583473097));
#12903=CARTESIAN_POINT('',(0.0041,0.0308090365020093,0.0539583333333334));
#12904=CARTESIAN_POINT('',(-0.004502,0.0308090365020093,0.0560416666666667));
#12905=CARTESIAN_POINT('',(-0.0045,0.0304514063373519,0.0558044416526904));
#12906=CARTESIAN_POINT('',(0.0041,0.0304514063373519,0.0558044416526904));
#12907=CARTESIAN_POINT('',(-0.0041,0.0304514063373519,0.0558044416526904));
#12908=CARTESIAN_POINT('',(-0.0041,0.0308090365020093,0.0560416666666667));
#12909=CARTESIAN_POINT('',(-0.0041,0.0311666666666667,0.056278891680643));
#12910=CARTESIAN_POINT('',(-0.004502,0.0311666666666667,0.056278891680643));
#12911=CARTESIAN_POINT('',(0.0041,0.0311666666666667,0.056278891680643));
#12912=CARTESIAN_POINT('',(0.0041,0.0301180730040185,0.0555833333333334));
#12913=CARTESIAN_POINT('',(-0.004502,0.0321909634979907,0.0560416666666667));
#12914=CARTESIAN_POINT('',(-0.004502,0.0318333333333333,0.056278891680643));
#12915=CARTESIAN_POINT('',(0.0041,0.0318333333333333,0.056278891680643));
#12916=CARTESIAN_POINT('',(-0.0041,0.0318333333333333,0.056278891680643));
#12917=CARTESIAN_POINT('',(-0.0041,0.0328819269959814,0.0555833333333333));
#12918=CARTESIAN_POINT('',(-0.0041,0.0325485936626481,0.0558044416526904));
#12919=CARTESIAN_POINT('',(-0.004502,0.0325485936626481,0.0558044416526904));
#12920=CARTESIAN_POINT('',(0.0041,0.0325485936626481,0.0558044416526904));
#12921=CARTESIAN_POINT('',(0.0041,0.0321909634979907,0.0560416666666667));
#12922=CARTESIAN_POINT('',(0.0041,0.0315,0.006));
#12923=CARTESIAN_POINT('',(0.0045,0.0333834807068333,0.00574999914602826));
#12924=CARTESIAN_POINT('',(0.0041,0.0329869584527632,0.00619736909524084));
#12925=CARTESIAN_POINT('',(0.0041,0.0329869584527632,0.00619736909524084));
#12926=CARTESIAN_POINT('',(0.0041,0.0325485936626481,0.00680444165269035));
#12927=CARTESIAN_POINT('',(0.0045,0.0333834807068334,0.00625000085397173));
#12928=CARTESIAN_POINT('',(0.0045,0.0327697019820051,0.00713777498602369));
#12929=CARTESIAN_POINT('',(0.0045,0.0327697019820051,0.00713777498602369));
#12930=CARTESIAN_POINT('',(0.0041,0.0325485936626481,0.00680444165269035));
#12931=CARTESIAN_POINT('',(0.00410000000000001,0.0326947152593531,0.00660208413354052));
#12932=CARTESIAN_POINT('',(0.00409999999999999,0.0328408368560581,0.00639972661439067));
#12933=CARTESIAN_POINT('',(0.0041,0.0329869584527632,0.00619736909524084));
#12934=CARTESIAN_POINT('',(0.0041,0.0325485936626481,0.00519555834730964));
#12935=CARTESIAN_POINT('',(0.0041,0.0329869584527632,0.00580263090475915));
#12936=CARTESIAN_POINT('',(0.0045,0.0327697019820051,0.0048622250139763));
#12937=CARTESIAN_POINT('',(0.0045,0.0333834807068333,0.00574999914602826));
#12938=CARTESIAN_POINT('',(0.0041,0.0329869584527632,0.00580263090475915));
#12939=CARTESIAN_POINT('',(0.00409999999999999,0.0328408368560581,0.00560027338560932));
#12940=CARTESIAN_POINT('',(0.00410000000000001,0.0326947152593531,0.00539791586645947));
#12941=CARTESIAN_POINT('',(0.0041,0.0325485936626481,0.00519555834730964));
#12942=CARTESIAN_POINT('',(0.0041,0.0325485936626481,0.00519555834730964));
#12943=CARTESIAN_POINT('',(0.0045,-0.0134163294463301,0.0377741223466938));
#12944=CARTESIAN_POINT('',(0.0041,0.0318333333333334,0.00727889168064297));
#12945=CARTESIAN_POINT('',(-0.0803032108716934,0.0325485936626481,0.00680444165269035));
#12946=CARTESIAN_POINT('',(-0.0041,0.0329869584527632,0.00619736909524084));
#12947=CARTESIAN_POINT('',(-0.00409999999999999,0.0328408368560581,0.00639972661439067));
#12948=CARTESIAN_POINT('',(-0.00410000000000001,0.0326947152593531,0.00660208413354052));
#12949=CARTESIAN_POINT('',(-0.0041,0.0325485936626481,0.00680444165269035));
#12950=CARTESIAN_POINT('',(-0.0045,0.0315,0.006));
#12951=CARTESIAN_POINT('',(-0.0041,0.0329869584527632,0.00580263090475915));
#12952=CARTESIAN_POINT('',(-0.0045,0.0333834807068334,0.00625000085397173));
#12953=CARTESIAN_POINT('',(-0.0803032108716934,0.0329869584527632,0.00580263090475916));
#12954=CARTESIAN_POINT('',(-0.0041,0.0325485936626481,0.00519555834730964));
#12955=CARTESIAN_POINT('',(-0.00410000000000001,0.0326947152593531,0.00539791586645947));
#12956=CARTESIAN_POINT('',(-0.00409999999999999,0.0328408368560581,0.00560027338560932));
#12957=CARTESIAN_POINT('',(-0.0041,0.0329869584527632,0.00580263090475915));
#12958=CARTESIAN_POINT('',(0.0041,0.0321909634979907,0.00495833333333334));
#12959=CARTESIAN_POINT('',(0.0045,0.0320544416526903,0.00438777498602369));
#12960=CARTESIAN_POINT('',(0.0041,0.0311666666666667,0.00727889168064298));
#12961=CARTESIAN_POINT('',(0.0045,0.0309455583473096,0.00761222501397631));
#12962=CARTESIAN_POINT('',(0.0041,0.0311666666666667,0.00727889168064298));
#12963=CARTESIAN_POINT('',(-0.0041,0.0325485936626481,0.00680444165269035));
#12964=CARTESIAN_POINT('',(-0.0041,0.0329869584527632,0.00619736909524084));
#12965=CARTESIAN_POINT('',(-0.0045,0.0327697019820051,0.00713777498602368));
#12966=CARTESIAN_POINT('',(-0.0045,0.0333834807068334,0.00625000085397173));
#12967=CARTESIAN_POINT('',(-0.0041,0.0325485936626481,0.00680444165269035));
#12968=CARTESIAN_POINT('',(-0.0041,0.0329869584527632,0.00580263090475915));
#12969=CARTESIAN_POINT('',(-0.0041,0.0325485936626481,0.00519555834730964));
#12970=CARTESIAN_POINT('',(-0.0045,0.0333834807068333,0.00574999914602826));
#12971=CARTESIAN_POINT('',(-0.0045,0.0327697019820051,0.0048622250139763));
#12972=CARTESIAN_POINT('',(-0.0045,0.0327697019820051,0.0048622250139763));
#12973=CARTESIAN_POINT('',(0.0041,0.0318333333333334,0.00472110831935703));
#12974=CARTESIAN_POINT('',(0.0041,0.0318333333333334,0.00472110831935703));
#12975=CARTESIAN_POINT('',(0.0041,0.0311666666666667,0.00472110831935702));
#12976=CARTESIAN_POINT('',(0.0041,0.0308090365020093,0.00704166666666666));
#12977=CARTESIAN_POINT('',(0.0041,0.0304514063373519,0.00680444165269036));
#12978=CARTESIAN_POINT('',(-0.004502,0.0311666666666667,0.00727889168064298));
#12979=CARTESIAN_POINT('',(-0.0041,0.0318333333333334,0.00727889168064297));
#12980=CARTESIAN_POINT('',(-0.0045,-0.0134163294463301,0.0377741223466938));
#12981=CARTESIAN_POINT('',(-0.0045,0.0320544416526903,0.0076122250139763));
#12982=CARTESIAN_POINT('',(-0.0041,0.0321909634979907,0.00495833333333334));
#12983=CARTESIAN_POINT('',(-0.0041,0.0318333333333334,0.00472110831935703));
#12984=CARTESIAN_POINT('',(-0.004502,0.0318333333333334,0.00472110831935703));
#12985=CARTESIAN_POINT('',(-0.0041,0.0311666666666667,0.00472110831935702));
#12986=CARTESIAN_POINT('',(0.0045,-0.0152404730810256,0.0350241223466939));
#12987=CARTESIAN_POINT('',(0.0045,0.0302302980179949,0.0048622250139763));
#12988=CARTESIAN_POINT('',(0.0041,0.0315,0.006));
#12989=CARTESIAN_POINT('',(0.0045,0.0296165192931667,0.00625000085397175));
#12990=CARTESIAN_POINT('',(0.0041,0.0300130415472369,0.00580263090475915));
#12991=CARTESIAN_POINT('',(0.0041,0.0304514063373519,0.00680444165269036));
#12992=CARTESIAN_POINT('',(0.0041,0.0300130415472369,0.00619736909524086));
#12993=CARTESIAN_POINT('',(0.0045,0.0302302980179949,0.00713777498602369));
#12994=CARTESIAN_POINT('',(0.0045,0.0296165192931667,0.00625000085397175));
#12995=CARTESIAN_POINT('',(0.0041,0.0300130415472369,0.00619736909524086));
#12996=CARTESIAN_POINT('',(0.00409999999999999,0.0301591631439419,0.00639972661439069));
#12997=CARTESIAN_POINT('',(0.00410000000000001,0.0303052847406469,0.00660208413354053));
#12998=CARTESIAN_POINT('',(0.0041,0.0304514063373519,0.00680444165269036));
#12999=CARTESIAN_POINT('',(-0.0041,0.0318333333333334,0.00727889168064297));
#13000=CARTESIAN_POINT('',(-0.0041,0.0311666666666667,0.00727889168064298));
#13001=CARTESIAN_POINT('',(-0.0041,0.0311666666666667,0.00472110831935702));
#13002=CARTESIAN_POINT('',(-0.0045,0.0309455583473096,0.00438777498602368));
#13003=CARTESIAN_POINT('',(0.0041,0.0300130415472369,0.00580263090475915));
#13004=CARTESIAN_POINT('',(0.0041,0.0304514063373519,0.00519555834730964));
#13005=CARTESIAN_POINT('',(0.0045,0.0296165192931667,0.00574999914602826));
#13006=CARTESIAN_POINT('',(0.0045,0.0302302980179949,0.0048622250139763));
#13007=CARTESIAN_POINT('',(0.0041,0.0304514063373519,0.00519555834730964));
#13008=CARTESIAN_POINT('',(0.00410000000000001,0.0303052847406469,0.00539791586645947));
#13009=CARTESIAN_POINT('',(0.00409999999999999,0.0301591631439419,0.00560027338560932));
#13010=CARTESIAN_POINT('',(0.0041,0.0300130415472369,0.00580263090475915));
#13011=CARTESIAN_POINT('',(-0.0803032108716934,0.0300130415472369,0.00619736909524086));
#13012=CARTESIAN_POINT('',(-0.0041,0.0304514063373519,0.00680444165269036));
#13013=CARTESIAN_POINT('',(-0.00410000000000001,0.0303052847406469,0.00660208413354053));
#13014=CARTESIAN_POINT('',(-0.00409999999999999,0.0301591631439419,0.00639972661439069));
#13015=CARTESIAN_POINT('',(-0.0041,0.0300130415472369,0.00619736909524086));
#13016=CARTESIAN_POINT('',(-0.0041,0.0308090365020093,0.00704166666666666));
#13017=CARTESIAN_POINT('',(-0.0045,0.0302302980179949,0.00713777498602368));
#13018=CARTESIAN_POINT('',(-0.0045,-0.0152404730810256,0.0350241223466939));
#13019=CARTESIAN_POINT('',(-0.0041,0.0304514063373519,0.00519555834730964));
#13020=CARTESIAN_POINT('',(-0.0803032108716934,0.0304514063373519,0.00519555834730964));
#13021=CARTESIAN_POINT('',(-0.0041,0.0300130415472369,0.00580263090475915));
#13022=CARTESIAN_POINT('',(-0.00409999999999999,0.0301591631439419,0.00560027338560932));
#13023=CARTESIAN_POINT('',(-0.00410000000000001,0.0303052847406469,0.00539791586645947));
#13024=CARTESIAN_POINT('',(-0.0041,0.0304514063373519,0.00519555834730964));
#13025=CARTESIAN_POINT('',(-0.0041,0.0300130415472369,0.00619736909524086));
#13026=CARTESIAN_POINT('',(-0.0041,0.0304514063373519,0.00680444165269036));
#13027=CARTESIAN_POINT('',(-0.0045,0.0296165192931667,0.00625000085397175));
#13028=CARTESIAN_POINT('',(-0.0045,0.0302302980179949,0.00713777498602368));
#13029=CARTESIAN_POINT('',(-0.0041,0.0300130415472369,0.00619736909524086));
#13030=CARTESIAN_POINT('',(-0.0041,0.0304514063373519,0.00519555834730964));
#13031=CARTESIAN_POINT('',(-0.0041,0.0300130415472369,0.00580263090475915));
#13032=CARTESIAN_POINT('',(-0.0045,0.0302302980179949,0.0048622250139763));
#13033=CARTESIAN_POINT('',(-0.0045,0.0296165192931667,0.00574999914602826));
#13034=CARTESIAN_POINT('',(-0.0045,0.0296165192931667,0.00574999914602826));
#13035=CARTESIAN_POINT('',(-0.0045,0.0315,0.006));
#13036=CARTESIAN_POINT('',(0.0045,0.0315,0.055));
#13037=CARTESIAN_POINT('',(0.0045,0.0333834807068333,0.0547499991460283));
#13038=CARTESIAN_POINT('',(0.0041,0.0329869584527632,0.0551973690952409));
#13039=CARTESIAN_POINT('',(0.0041,0.0325485936626481,0.0541955583473097));
#13040=CARTESIAN_POINT('',(0.0041,0.0329869584527632,0.0548026309047592));
#13041=CARTESIAN_POINT('',(0.0045,0.0327697019820051,0.0538622250139763));
#13042=CARTESIAN_POINT('',(0.0045,0.0333834807068333,0.0547499991460283));
#13043=CARTESIAN_POINT('',(0.0041,0.0329869584527632,0.0548026309047592));
#13044=CARTESIAN_POINT('',(0.00409999999999999,0.0328408368560581,0.0546002733856094));
#13045=CARTESIAN_POINT('',(0.00410000000000001,0.0326947152593531,0.0543979158664595));
#13046=CARTESIAN_POINT('',(0.0041,0.0325485936626481,0.0541955583473097));
#13047=CARTESIAN_POINT('',(0.0041,0.0325485936626481,0.0541955583473097));
#13048=CARTESIAN_POINT('',(0.0041,0.0329869584527632,0.0551973690952409));
#13049=CARTESIAN_POINT('',(0.0041,0.0325485936626481,0.0558044416526904));
#13050=CARTESIAN_POINT('',(0.0045,0.0333834807068334,0.0552500008539718));
#13051=CARTESIAN_POINT('',(0.0045,0.0327697019820051,0.0561377749860237));
#13052=CARTESIAN_POINT('',(0.0045,0.0327697019820051,0.0561377749860237));
#13053=CARTESIAN_POINT('',(0.0041,0.0325485936626481,0.0558044416526904));
#13054=CARTESIAN_POINT('',(0.00410000000000001,0.0326947152593531,0.0556020841335406));
#13055=CARTESIAN_POINT('',(0.00409999999999999,0.0328408368560581,0.0553997266143907));
#13056=CARTESIAN_POINT('',(0.0041,0.0329869584527632,0.0551973690952409));
#13057=CARTESIAN_POINT('',(-0.0803032108716934,0.0329869584527632,0.0548026309047592));
#13058=CARTESIAN_POINT('',(-0.0041,0.0325485936626481,0.0541955583473097));
#13059=CARTESIAN_POINT('',(-0.00410000000000001,0.0326947152593531,0.0543979158664595));
#13060=CARTESIAN_POINT('',(-0.00409999999999999,0.0328408368560581,0.0546002733856094));
#13061=CARTESIAN_POINT('',(-0.0041,0.0329869584527632,0.0548026309047592));
#13062=CARTESIAN_POINT('',(0.0041,0.0321909634979907,0.0539583333333334));
#13063=CARTESIAN_POINT('',(0.0045,0.0320544416526903,0.0533877749860237));
#13064=CARTESIAN_POINT('',(0.0045,0.0091551448213664,0.0718019001244716));
#13065=CARTESIAN_POINT('',(0.0041,0.0318333333333333,0.056278891680643));
#13066=CARTESIAN_POINT('',(-0.0803032108716934,0.0325485936626481,0.0558044416526904));
#13067=CARTESIAN_POINT('',(-0.0041,0.0329869584527632,0.0551973690952409));
#13068=CARTESIAN_POINT('',(-0.00409999999999999,0.0328408368560581,0.0553997266143907));
#13069=CARTESIAN_POINT('',(-0.00410000000000001,0.0326947152593531,0.0556020841335406));
#13070=CARTESIAN_POINT('',(-0.0041,0.0325485936626481,0.0558044416526904));
#13071=CARTESIAN_POINT('',(-0.0041,0.0315,0.055));
#13072=CARTESIAN_POINT('',(-0.0045,0.0333834807068333,0.0552500008539718));
#13073=CARTESIAN_POINT('',(-0.0041,0.0329869584527632,0.0548026309047592));
#13074=CARTESIAN_POINT('',(-0.0041,0.0329869584527632,0.0548026309047592));
#13075=CARTESIAN_POINT('',(-0.0041,0.0325485936626481,0.0541955583473097));
#13076=CARTESIAN_POINT('',(-0.0045,0.0333834807068333,0.0547499991460283));
#13077=CARTESIAN_POINT('',(-0.0045,0.0327697019820051,0.0538622250139763));
#13078=CARTESIAN_POINT('',(-0.0045,0.0327697019820051,0.0538622250139763));
#13079=CARTESIAN_POINT('',(0.0041,0.0318333333333333,0.053721108319357));
#13080=CARTESIAN_POINT('',(0.0041,0.0318333333333333,0.053721108319357));
#13081=CARTESIAN_POINT('',(0.0041,0.0311666666666667,0.0537211083193571));
#13082=CARTESIAN_POINT('',(0.0041,0.0311666666666667,0.056278891680643));
#13083=CARTESIAN_POINT('',(0.0045,0.0309455583473096,0.0566122250139763));
#13084=CARTESIAN_POINT('',(0.0041,0.0311666666666667,0.056278891680643));
#13085=CARTESIAN_POINT('',(-0.0041,0.0325485936626481,0.0558044416526904));
#13086=CARTESIAN_POINT('',(-0.0041,0.0329869584527632,0.0551973690952409));
#13087=CARTESIAN_POINT('',(-0.0045,0.0327697019820051,0.0561377749860237));
#13088=CARTESIAN_POINT('',(-0.0045,0.0333834807068333,0.0552500008539718));
#13089=CARTESIAN_POINT('',(-0.0041,0.0325485936626481,0.0558044416526904));
#13090=CARTESIAN_POINT('',(-0.0041,0.0321909634979907,0.0539583333333334));
#13091=CARTESIAN_POINT('',(-0.0041,0.0318333333333333,0.053721108319357));
#13092=CARTESIAN_POINT('',(-0.004502,0.0318333333333333,0.053721108319357));
#13093=CARTESIAN_POINT('',(-0.0041,0.0311666666666667,0.0537211083193571));
#13094=CARTESIAN_POINT('',(0.0045,0.00733100118667083,0.0690519001244715));
#13095=CARTESIAN_POINT('',(0.0045,0.0302302980179949,0.0538622250139763));
#13096=CARTESIAN_POINT('',(0.0045,0.0315,0.055));
#13097=CARTESIAN_POINT('',(0.0045,0.0296165192931667,0.0552500008539718));
#13098=CARTESIAN_POINT('',(0.0041,0.0300130415472369,0.0548026309047592));
#13099=CARTESIAN_POINT('',(0.0041,0.0308090365020093,0.0560416666666667));
#13100=CARTESIAN_POINT('',(0.0041,0.0304514063373519,0.0558044416526904));
#13101=CARTESIAN_POINT('',(-0.004502,0.0311666666666667,0.056278891680643));
#13102=CARTESIAN_POINT('',(-0.0041,0.0318333333333333,0.056278891680643));
#13103=CARTESIAN_POINT('',(-0.0045,0.0091551448213664,0.0718019001244716));
#13104=CARTESIAN_POINT('',(-0.0045,0.0320544416526903,0.0566122250139763));
#13105=CARTESIAN_POINT('',(-0.0041,0.0311666666666667,0.0537211083193571));
#13106=CARTESIAN_POINT('',(-0.0045,0.0309455583473096,0.0533877749860237));
#13107=CARTESIAN_POINT('',(0.0041,0.0300130415472369,0.0548026309047592));
#13108=CARTESIAN_POINT('',(0.0041,0.0304514063373519,0.0541955583473097));
#13109=CARTESIAN_POINT('',(0.0045,0.0296165192931667,0.0547499991460283));
#13110=CARTESIAN_POINT('',(0.0045,0.0302302980179949,0.0538622250139763));
#13111=CARTESIAN_POINT('',(0.0041,0.0304514063373519,0.0541955583473097));
#13112=CARTESIAN_POINT('',(0.00410000000000001,0.0303052847406469,0.0543979158664595));
#13113=CARTESIAN_POINT('',(0.00409999999999999,0.0301591631439419,0.0546002733856094));
#13114=CARTESIAN_POINT('',(0.0041,0.0300130415472369,0.0548026309047592));
#13115=CARTESIAN_POINT('',(0.0041,0.0304514063373519,0.0558044416526904));
#13116=CARTESIAN_POINT('',(0.0041,0.0300130415472369,0.0551973690952409));
#13117=CARTESIAN_POINT('',(0.0045,0.0302302980179949,0.0561377749860237));
#13118=CARTESIAN_POINT('',(0.0045,0.0296165192931667,0.0552500008539718));
#13119=CARTESIAN_POINT('',(0.0041,0.0300130415472369,0.0551973690952409));
#13120=CARTESIAN_POINT('',(0.00409999999999999,0.0301591631439419,0.0553997266143907));
#13121=CARTESIAN_POINT('',(0.00410000000000001,0.0303052847406469,0.0556020841335406));
#13122=CARTESIAN_POINT('',(0.0041,0.0304514063373519,0.0558044416526904));
#13123=CARTESIAN_POINT('',(-0.0041,0.0318333333333333,0.056278891680643));
#13124=CARTESIAN_POINT('',(-0.0041,0.0311666666666667,0.056278891680643));
#13125=CARTESIAN_POINT('',(-0.0045,0.00733100118667083,0.0690519001244715));
#13126=CARTESIAN_POINT('',(-0.0041,0.0304514063373519,0.0541955583473097));
#13127=CARTESIAN_POINT('',(-0.0803032108716934,0.0304514063373519,0.0541955583473097));
#13128=CARTESIAN_POINT('',(-0.0041,0.0300130415472369,0.0548026309047592));
#13129=CARTESIAN_POINT('',(-0.00409999999999999,0.0301591631439419,0.0546002733856094));
#13130=CARTESIAN_POINT('',(-0.00410000000000001,0.0303052847406469,0.0543979158664595));
#13131=CARTESIAN_POINT('',(-0.0041,0.0304514063373519,0.0541955583473097));
#13132=CARTESIAN_POINT('',(-0.0803032108716934,0.0300130415472369,0.0551973690952409));
#13133=CARTESIAN_POINT('',(-0.0041,0.0304514063373519,0.0558044416526904));
#13134=CARTESIAN_POINT('',(-0.00410000000000001,0.0303052847406469,0.0556020841335406));
#13135=CARTESIAN_POINT('',(-0.00409999999999999,0.0301591631439419,0.0553997266143907));
#13136=CARTESIAN_POINT('',(-0.0041,0.0300130415472369,0.0551973690952409));
#13137=CARTESIAN_POINT('',(-0.0041,0.0308090365020093,0.0560416666666667));
#13138=CARTESIAN_POINT('',(-0.0045,0.0302302980179949,0.0561377749860237));
#13139=CARTESIAN_POINT('',(-0.0041,0.0304514063373519,0.0541955583473097));
#13140=CARTESIAN_POINT('',(-0.0041,0.0300130415472369,0.0548026309047592));
#13141=CARTESIAN_POINT('',(-0.0045,0.0302302980179949,0.0538622250139763));
#13142=CARTESIAN_POINT('',(-0.0045,0.0296165192931667,0.0547499991460283));
#13143=CARTESIAN_POINT('',(-0.0045,0.0296165192931667,0.0547499991460283));
#13144=CARTESIAN_POINT('',(-0.0041,0.0300130415472369,0.0551973690952409));
#13145=CARTESIAN_POINT('',(-0.0041,0.0304514063373519,0.0558044416526904));
#13146=CARTESIAN_POINT('',(-0.0045,0.0296165192931667,0.0552500008539718));
#13147=CARTESIAN_POINT('',(-0.0045,0.0302302980179949,0.0561377749860237));
#13148=CARTESIAN_POINT('',(-0.0041,0.0300130415472369,0.0551973690952409));
#13149=CARTESIAN_POINT('',(-0.0041,0.0315,0.055));
#13150=CARTESIAN_POINT('',(0.0041,-0.0315,0.055));
#13151=CARTESIAN_POINT('',(0.0045,-0.0333834807068334,0.0552500008539718));
#13152=CARTESIAN_POINT('',(0.0041,-0.0329869584527632,0.0548026309047592));
#13153=CARTESIAN_POINT('',(0.0041,-0.0329869584527632,0.0548026309047592));
#13154=CARTESIAN_POINT('',(0.0041,-0.0325485936626481,0.0541955583473097));
#13155=CARTESIAN_POINT('',(0.0045,-0.0333834807068333,0.0547499991460283));
#13156=CARTESIAN_POINT('',(0.0045,-0.0327697019820051,0.0538622250139763));
#13157=CARTESIAN_POINT('',(0.0045,-0.0327697019820051,0.0538622250139763));
#13158=CARTESIAN_POINT('',(0.0041,-0.0325485936626481,0.0541955583473097));
#13159=CARTESIAN_POINT('',(0.0041,-0.0326947152593531,0.0543979158664595));
#13160=CARTESIAN_POINT('',(0.0041,-0.0328408368560581,0.0546002733856094));
#13161=CARTESIAN_POINT('',(0.0041,-0.0329869584527632,0.0548026309047592));
#13162=CARTESIAN_POINT('',(0.0041,-0.0325485936626481,0.0558044416526904));
#13163=CARTESIAN_POINT('',(0.0041,-0.0329869584527632,0.0551973690952409));
#13164=CARTESIAN_POINT('',(0.0045,-0.0327697019820051,0.0561377749860237));
#13165=CARTESIAN_POINT('',(0.0045,-0.0333834807068334,0.0552500008539718));
#13166=CARTESIAN_POINT('',(0.0041,-0.0329869584527632,0.0551973690952409));
#13167=CARTESIAN_POINT('',(0.0041,-0.0328408368560581,0.0553997266143907));
#13168=CARTESIAN_POINT('',(0.00410000000000001,-0.0326947152593531,0.0556020841335406));
#13169=CARTESIAN_POINT('',(0.0041,-0.0325485936626481,0.0558044416526904));
#13170=CARTESIAN_POINT('',(0.0041,-0.0325485936626481,0.0558044416526904));
#13171=CARTESIAN_POINT('',(0.0045,-0.0119189988133292,0.0400314332088618));
#13172=CARTESIAN_POINT('',(0.0041,-0.0318333333333333,0.053721108319357));
#13173=CARTESIAN_POINT('',(-0.0803032108716934,-0.0325485936626481,0.0541955583473097));
#13174=CARTESIAN_POINT('',(-0.0041,-0.0329869584527632,0.0548026309047592));
#13175=CARTESIAN_POINT('',(-0.0041,-0.0328408368560581,0.0546002733856094));
#13176=CARTESIAN_POINT('',(-0.0041,-0.0326947152593531,0.0543979158664595));
#13177=CARTESIAN_POINT('',(-0.0041,-0.0325485936626481,0.0541955583473097));
#13178=CARTESIAN_POINT('',(-0.0045,-0.0315,0.055));
#13179=CARTESIAN_POINT('',(-0.0041,-0.0329869584527632,0.0551973690952409));
#13180=CARTESIAN_POINT('',(-0.0045,-0.0333834807068333,0.0547499991460283));
#13181=CARTESIAN_POINT('',(-0.0803032108716934,-0.0329869584527632,0.0551973690952409));
#13182=CARTESIAN_POINT('',(-0.0041,-0.0325485936626481,0.0558044416526904));
#13183=CARTESIAN_POINT('',(-0.0041,-0.0326947152593531,0.0556020841335406));
#13184=CARTESIAN_POINT('',(-0.0041,-0.0328408368560581,0.0553997266143907));
#13185=CARTESIAN_POINT('',(-0.0041,-0.0329869584527632,0.0551973690952409));
#13186=CARTESIAN_POINT('',(0.0041,-0.0321909634979907,0.0560416666666667));
#13187=CARTESIAN_POINT('',(0.0045,-0.0320544416526903,0.0566122250139763));
#13188=CARTESIAN_POINT('',(0.0041,-0.0311666666666667,0.0537211083193571));
#13189=CARTESIAN_POINT('',(0.0045,-0.0309455583473096,0.0533877749860237));
#13190=CARTESIAN_POINT('',(0.0041,-0.0311666666666667,0.0537211083193571));
#13191=CARTESIAN_POINT('',(-0.0041,-0.0325485936626481,0.0541955583473097));
#13192=CARTESIAN_POINT('',(-0.0041,-0.0329869584527632,0.0548026309047592));
#13193=CARTESIAN_POINT('',(-0.0045,-0.0327697019820051,0.0538622250139763));
#13194=CARTESIAN_POINT('',(-0.0045,-0.0333834807068333,0.0547499991460283));
#13195=CARTESIAN_POINT('',(-0.0041,-0.0325485936626481,0.0541955583473097));
#13196=CARTESIAN_POINT('',(-0.0041,-0.0329869584527632,0.0551973690952409));
#13197=CARTESIAN_POINT('',(-0.0041,-0.0325485936626481,0.0558044416526904));
#13198=CARTESIAN_POINT('',(-0.0045,-0.0333834807068334,0.0552500008539718));
#13199=CARTESIAN_POINT('',(-0.0045,-0.0327697019820051,0.0561377749860237));
#13200=CARTESIAN_POINT('',(-0.0045,-0.0327697019820051,0.0561377749860237));
#13201=CARTESIAN_POINT('',(0.0041,-0.0318333333333333,0.056278891680643));
#13202=CARTESIAN_POINT('',(0.0041,-0.0318333333333333,0.056278891680643));
#13203=CARTESIAN_POINT('',(0.0041,-0.0311666666666667,0.056278891680643));
#13204=CARTESIAN_POINT('',(0.0041,-0.0308090365020093,0.0539583333333334));
#13205=CARTESIAN_POINT('',(0.0041,-0.0304514063373519,0.0541955583473097));
#13206=CARTESIAN_POINT('',(-0.004502,-0.0311666666666667,0.0537211083193571));
#13207=CARTESIAN_POINT('',(-0.0041,-0.0318333333333333,0.053721108319357));
#13208=CARTESIAN_POINT('',(-0.0045,-0.0119189988133292,0.0400314332088618));
#13209=CARTESIAN_POINT('',(-0.0045,-0.0320544416526903,0.0533877749860237));
#13210=CARTESIAN_POINT('',(-0.0041,-0.0321909634979907,0.0560416666666667));
#13211=CARTESIAN_POINT('',(-0.0041,-0.0318333333333333,0.056278891680643));
#13212=CARTESIAN_POINT('',(-0.004502,-0.0318333333333333,0.056278891680643));
#13213=CARTESIAN_POINT('',(-0.0041,-0.0311666666666667,0.056278891680643));
#13214=CARTESIAN_POINT('',(0.0045,-0.0100948551786337,0.0427814332088618));
#13215=CARTESIAN_POINT('',(0.0045,-0.0302302980179949,0.0561377749860237));
#13216=CARTESIAN_POINT('',(0.0041,-0.0315,0.055));
#13217=CARTESIAN_POINT('',(0.0045,-0.0296165192931667,0.0547499991460283));
#13218=CARTESIAN_POINT('',(0.0041,-0.0300130415472369,0.0551973690952409));
#13219=CARTESIAN_POINT('',(0.0041,-0.0304514063373519,0.0541955583473097));
#13220=CARTESIAN_POINT('',(0.0041,-0.0300130415472369,0.0548026309047592));
#13221=CARTESIAN_POINT('',(0.0045,-0.0302302980179949,0.0538622250139763));
#13222=CARTESIAN_POINT('',(0.0045,-0.0296165192931667,0.0547499991460283));
#13223=CARTESIAN_POINT('',(0.0041,-0.0300130415472369,0.0548026309047592));
#13224=CARTESIAN_POINT('',(0.00409999999999999,-0.0301591631439419,0.0546002733856094));
#13225=CARTESIAN_POINT('',(0.00410000000000001,-0.0303052847406469,0.0543979158664595));
#13226=CARTESIAN_POINT('',(0.0041,-0.0304514063373519,0.0541955583473097));
#13227=CARTESIAN_POINT('',(-0.0041,-0.0318333333333333,0.053721108319357));
#13228=CARTESIAN_POINT('',(-0.0041,-0.0311666666666667,0.0537211083193571));
#13229=CARTESIAN_POINT('',(-0.0041,-0.0311666666666667,0.056278891680643));
#13230=CARTESIAN_POINT('',(-0.0045,-0.0309455583473096,0.0566122250139763));
#13231=CARTESIAN_POINT('',(0.0041,-0.0300130415472369,0.0551973690952409));
#13232=CARTESIAN_POINT('',(0.0041,-0.030451406337352,0.0558044416526904));
#13233=CARTESIAN_POINT('',(0.0045,-0.0296165192931667,0.0552500008539718));
#13234=CARTESIAN_POINT('',(0.0045,-0.0302302980179949,0.0561377749860237));
#13235=CARTESIAN_POINT('',(0.0041,-0.030451406337352,0.0558044416526904));
#13236=CARTESIAN_POINT('',(0.00409999999999999,-0.0303052847406469,0.0556020841335406));
#13237=CARTESIAN_POINT('',(0.00410000000000001,-0.0301591631439419,0.0553997266143907));
#13238=CARTESIAN_POINT('',(0.0041,-0.0300130415472369,0.0551973690952409));
#13239=CARTESIAN_POINT('',(-0.0803032108716934,-0.0300130415472369,0.0548026309047592));
#13240=CARTESIAN_POINT('',(-0.0041,-0.0304514063373519,0.0541955583473097));
#13241=CARTESIAN_POINT('',(-0.00410000000000001,-0.0303052847406469,0.0543979158664595));
#13242=CARTESIAN_POINT('',(-0.00409999999999999,-0.0301591631439419,0.0546002733856094));
#13243=CARTESIAN_POINT('',(-0.0041,-0.0300130415472369,0.0548026309047592));
#13244=CARTESIAN_POINT('',(-0.0041,-0.0308090365020093,0.0539583333333334));
#13245=CARTESIAN_POINT('',(-0.0045,-0.0302302980179949,0.0538622250139763));
#13246=CARTESIAN_POINT('',(-0.0045,-0.0100948551786337,0.0427814332088618));
#13247=CARTESIAN_POINT('',(-0.0041,-0.030451406337352,0.0558044416526904));
#13248=CARTESIAN_POINT('',(-0.0803032108716934,-0.0304514063373519,0.0558044416526904));
#13249=CARTESIAN_POINT('',(-0.0041,-0.0300130415472369,0.0551973690952409));
#13250=CARTESIAN_POINT('',(-0.00410000000000001,-0.0301591631439419,0.0553997266143907));
#13251=CARTESIAN_POINT('',(-0.00409999999999999,-0.0303052847406469,0.0556020841335406));
#13252=CARTESIAN_POINT('',(-0.0041,-0.030451406337352,0.0558044416526904));
#13253=CARTESIAN_POINT('',(-0.0041,-0.0300130415472369,0.0548026309047592));
#13254=CARTESIAN_POINT('',(-0.0041,-0.0304514063373519,0.0541955583473097));
#13255=CARTESIAN_POINT('',(-0.0045,-0.0296165192931667,0.0547499991460283));
#13256=CARTESIAN_POINT('',(-0.0045,-0.0302302980179949,0.0538622250139763));
#13257=CARTESIAN_POINT('',(-0.0041,-0.0300130415472369,0.0548026309047592));
#13258=CARTESIAN_POINT('',(-0.0041,-0.030451406337352,0.0558044416526904));
#13259=CARTESIAN_POINT('',(-0.0041,-0.0300130415472369,0.0551973690952409));
#13260=CARTESIAN_POINT('',(-0.0045,-0.0302302980179949,0.0561377749860237));
#13261=CARTESIAN_POINT('',(-0.0045,-0.0296165192931667,0.0552500008539718));
#13262=CARTESIAN_POINT('',(-0.0045,-0.0296165192931667,0.0552500008539718));
#13263=CARTESIAN_POINT('',(-0.0045,-0.0315,0.055));
#13264=CARTESIAN_POINT('',(0.0045,-0.0315,0.006));
#13265=CARTESIAN_POINT('',(0.0045,-0.0333834807068333,0.00625000085397174));
#13266=CARTESIAN_POINT('',(0.0041,-0.0329869584527632,0.00580263090475915));
#13267=CARTESIAN_POINT('',(0.0041,-0.0325485936626481,0.00680444165269035));
#13268=CARTESIAN_POINT('',(0.0041,-0.0329869584527632,0.00619736909524085));
#13269=CARTESIAN_POINT('',(0.0045,-0.0327697019820051,0.00713777498602368));
#13270=CARTESIAN_POINT('',(0.0045,-0.0333834807068333,0.00625000085397174));
#13271=CARTESIAN_POINT('',(0.0041,-0.0329869584527632,0.00619736909524085));
#13272=CARTESIAN_POINT('',(0.0041,-0.0328408368560581,0.00639972661439068));
#13273=CARTESIAN_POINT('',(0.0041,-0.0326947152593531,0.00660208413354052));
#13274=CARTESIAN_POINT('',(0.0041,-0.0325485936626481,0.00680444165269035));
#13275=CARTESIAN_POINT('',(0.0041,-0.0325485936626481,0.00680444165269035));
#13276=CARTESIAN_POINT('',(0.0041,-0.0329869584527632,0.00580263090475915));
#13277=CARTESIAN_POINT('',(0.0041,-0.0325485936626481,0.00519555834730965));
#13278=CARTESIAN_POINT('',(0.0045,-0.0333834807068333,0.00574999914602826));
#13279=CARTESIAN_POINT('',(0.0045,-0.0327697019820051,0.00486222501397631));
#13280=CARTESIAN_POINT('',(0.0045,-0.0327697019820051,0.00486222501397631));
#13281=CARTESIAN_POINT('',(0.0041,-0.0325485936626481,0.00519555834730965));
#13282=CARTESIAN_POINT('',(0.0041,-0.0326947152593531,0.00539791586645948));
#13283=CARTESIAN_POINT('',(0.0041,-0.0328408368560581,0.00560027338560932));
#13284=CARTESIAN_POINT('',(0.0041,-0.0329869584527632,0.00580263090475915));
#13285=CARTESIAN_POINT('',(-0.0803032108716934,-0.0329869584527632,0.00619736909524085));
#13286=CARTESIAN_POINT('',(-0.0041,-0.0325485936626481,0.00680444165269035));
#13287=CARTESIAN_POINT('',(-0.0041,-0.0326947152593531,0.00660208413354052));
#13288=CARTESIAN_POINT('',(-0.0041,-0.0328408368560581,0.00639972661439068));
#13289=CARTESIAN_POINT('',(-0.0041,-0.0329869584527632,0.00619736909524085));
#13290=CARTESIAN_POINT('',(0.0041,-0.0321909634979907,0.00704166666666667));
#13291=CARTESIAN_POINT('',(0.0045,-0.0320544416526903,0.00761222501397631));
#13292=CARTESIAN_POINT('',(0.0045,-0.0344904730810257,0.00600365543108406));
#13293=CARTESIAN_POINT('',(0.0041,-0.0318333333333334,0.00472110831935703));
#13294=CARTESIAN_POINT('',(-0.0803032108716934,-0.0325485936626481,0.00519555834730965));
#13295=CARTESIAN_POINT('',(-0.0041,-0.0329869584527632,0.00580263090475915));
#13296=CARTESIAN_POINT('',(-0.0041,-0.0328408368560581,0.00560027338560932));
#13297=CARTESIAN_POINT('',(-0.0041,-0.0326947152593531,0.00539791586645948));
#13298=CARTESIAN_POINT('',(-0.0041,-0.0325485936626481,0.00519555834730965));
#13299=CARTESIAN_POINT('',(-0.0041,-0.0315,0.006));
#13300=CARTESIAN_POINT('',(-0.0045,-0.0333834807068334,0.00574999914602826));
#13301=CARTESIAN_POINT('',(-0.0041,-0.0329869584527632,0.00619736909524085));
#13302=CARTESIAN_POINT('',(-0.0041,-0.0329869584527632,0.00619736909524085));
#13303=CARTESIAN_POINT('',(-0.0041,-0.0325485936626481,0.00680444165269035));
#13304=CARTESIAN_POINT('',(-0.0045,-0.0333834807068334,0.00625000085397174));
#13305=CARTESIAN_POINT('',(-0.0045,-0.0327697019820051,0.00713777498602368));
#13306=CARTESIAN_POINT('',(-0.0045,-0.0327697019820051,0.00713777498602368));
#13307=CARTESIAN_POINT('',(0.0041,-0.0318333333333334,0.00727889168064297));
#13308=CARTESIAN_POINT('',(0.0041,-0.0318333333333334,0.00727889168064297));
#13309=CARTESIAN_POINT('',(0.0041,-0.0311666666666667,0.00727889168064298));
#13310=CARTESIAN_POINT('',(0.0041,-0.0311666666666667,0.00472110831935702));
#13311=CARTESIAN_POINT('',(0.0045,-0.0309455583473096,0.00438777498602369));
#13312=CARTESIAN_POINT('',(0.0041,-0.0311666666666667,0.00472110831935702));
#13313=CARTESIAN_POINT('',(-0.0041,-0.0325485936626481,0.00519555834730965));
#13314=CARTESIAN_POINT('',(-0.0041,-0.0329869584527632,0.00580263090475915));
#13315=CARTESIAN_POINT('',(-0.0045,-0.0327697019820051,0.00486222501397631));
#13316=CARTESIAN_POINT('',(-0.0045,-0.0333834807068334,0.00574999914602826));
#13317=CARTESIAN_POINT('',(-0.0041,-0.0325485936626481,0.00519555834730965));
#13318=CARTESIAN_POINT('',(-0.0041,-0.0321909634979907,0.00704166666666667));
#13319=CARTESIAN_POINT('',(-0.0041,-0.0318333333333334,0.00727889168064297));
#13320=CARTESIAN_POINT('',(-0.004502,-0.0318333333333334,0.00727889168064297));
#13321=CARTESIAN_POINT('',(-0.0041,-0.0311666666666667,0.00727889168064298));
#13322=CARTESIAN_POINT('',(0.0045,-0.0326663294463303,0.00875365543108406));
#13323=CARTESIAN_POINT('',(0.0045,-0.0302302980179949,0.00713777498602368));
#13324=CARTESIAN_POINT('',(0.0045,-0.0315,0.006));
#13325=CARTESIAN_POINT('',(0.0045,-0.0296165192931667,0.00574999914602824));
#13326=CARTESIAN_POINT('',(0.0041,-0.0300130415472369,0.00619736909524086));
#13327=CARTESIAN_POINT('',(0.0041,-0.0308090365020093,0.00495833333333334));
#13328=CARTESIAN_POINT('',(0.0041,-0.0304514063373519,0.00519555834730964));
#13329=CARTESIAN_POINT('',(-0.004502,-0.0311666666666667,0.00472110831935702));
#13330=CARTESIAN_POINT('',(-0.0041,-0.0318333333333334,0.00472110831935703));
#13331=CARTESIAN_POINT('',(-0.0045,-0.0344904730810257,0.00600365543108406));
#13332=CARTESIAN_POINT('',(-0.0045,-0.0320544416526903,0.00438777498602369));
#13333=CARTESIAN_POINT('',(-0.0041,-0.0311666666666667,0.00727889168064298));
#13334=CARTESIAN_POINT('',(-0.0045,-0.0309455583473096,0.0076122250139763));
#13335=CARTESIAN_POINT('',(0.0041,-0.0300130415472369,0.00619736909524086));
#13336=CARTESIAN_POINT('',(0.0041,-0.0304514063373519,0.00680444165269036));
#13337=CARTESIAN_POINT('',(0.0045,-0.0296165192931667,0.00625000085397176));
#13338=CARTESIAN_POINT('',(0.0045,-0.0302302980179949,0.00713777498602368));
#13339=CARTESIAN_POINT('',(0.0041,-0.0304514063373519,0.00680444165269036));
#13340=CARTESIAN_POINT('',(0.00410000000000001,-0.0303052847406469,0.00660208413354053));
#13341=CARTESIAN_POINT('',(0.00409999999999999,-0.0301591631439419,0.00639972661439069));
#13342=CARTESIAN_POINT('',(0.0041,-0.0300130415472369,0.00619736909524086));
#13343=CARTESIAN_POINT('',(0.0041,-0.0304514063373519,0.00519555834730964));
#13344=CARTESIAN_POINT('',(0.0041,-0.0300130415472369,0.00580263090475914));
#13345=CARTESIAN_POINT('',(0.0045,-0.0302302980179949,0.00486222501397631));
#13346=CARTESIAN_POINT('',(0.0045,-0.0296165192931667,0.00574999914602824));
#13347=CARTESIAN_POINT('',(0.0041,-0.0300130415472369,0.00580263090475914));
#13348=CARTESIAN_POINT('',(0.00409999999999999,-0.0301591631439419,0.00560027338560931));
#13349=CARTESIAN_POINT('',(0.00410000000000001,-0.0303052847406469,0.00539791586645947));
#13350=CARTESIAN_POINT('',(0.0041,-0.0304514063373519,0.00519555834730964));
#13351=CARTESIAN_POINT('',(-0.0041,-0.0318333333333334,0.00472110831935703));
#13352=CARTESIAN_POINT('',(-0.0041,-0.0311666666666667,0.00472110831935702));
#13353=CARTESIAN_POINT('',(-0.0045,-0.0326663294463303,0.00875365543108406));
#13354=CARTESIAN_POINT('',(-0.0041,-0.0304514063373519,0.00680444165269036));
#13355=CARTESIAN_POINT('',(-0.0803032108716934,-0.0304514063373519,0.00680444165269036));
#13356=CARTESIAN_POINT('',(-0.0041,-0.0300130415472369,0.00619736909524086));
#13357=CARTESIAN_POINT('',(-0.00409999999999999,-0.0301591631439419,0.00639972661439069));
#13358=CARTESIAN_POINT('',(-0.00410000000000001,-0.0303052847406469,0.00660208413354053));
#13359=CARTESIAN_POINT('',(-0.0041,-0.0304514063373519,0.00680444165269036));
#13360=CARTESIAN_POINT('',(-0.0803032108716934,-0.0300130415472369,0.00580263090475914));
#13361=CARTESIAN_POINT('',(-0.0041,-0.0304514063373519,0.00519555834730964));
#13362=CARTESIAN_POINT('',(-0.00410000000000001,-0.0303052847406469,0.00539791586645947));
#13363=CARTESIAN_POINT('',(-0.00409999999999999,-0.0301591631439419,0.00560027338560931));
#13364=CARTESIAN_POINT('',(-0.0041,-0.0300130415472369,0.00580263090475914));
#13365=CARTESIAN_POINT('',(-0.0041,-0.0308090365020093,0.00495833333333334));
#13366=CARTESIAN_POINT('',(-0.0045,-0.0302302980179949,0.00486222501397631));
#13367=CARTESIAN_POINT('',(-0.0041,-0.0304514063373519,0.00680444165269036));
#13368=CARTESIAN_POINT('',(-0.0041,-0.0300130415472369,0.00619736909524086));
#13369=CARTESIAN_POINT('',(-0.0045,-0.0302302980179949,0.00713777498602368));
#13370=CARTESIAN_POINT('',(-0.0045,-0.0296165192931667,0.00625000085397176));
#13371=CARTESIAN_POINT('',(-0.0045,-0.0296165192931667,0.00625000085397176));
#13372=CARTESIAN_POINT('',(-0.0041,-0.0300130415472369,0.00580263090475914));
#13373=CARTESIAN_POINT('',(-0.0041,-0.0304514063373519,0.00519555834730964));
#13374=CARTESIAN_POINT('',(-0.0045,-0.0296165192931667,0.00574999914602824));
#13375=CARTESIAN_POINT('',(-0.0045,-0.0302302980179949,0.00486222501397631));
#13376=CARTESIAN_POINT('',(-0.0041,-0.0300130415472369,0.00580263090475914));
#13377=CARTESIAN_POINT('',(-0.0041,-0.0315,0.006));
#13378=CARTESIAN_POINT('',(0.,-0.0341,0.061));
#13379=CARTESIAN_POINT('',(0.,0.0345,0.0606));
#13380=CARTESIAN_POINT('',(0.,-0.0345,0.0004));
#13381=CARTESIAN_POINT('',(0.,0.0341,0.));
#13382=CARTESIAN_POINT('',(0.00449,0.0285,0.0005));
#13383=CARTESIAN_POINT('',(0.00449,0.0285,0.0005));
#13384=CARTESIAN_POINT('',(0.00449,0.0285,0.0004));
#13385=CARTESIAN_POINT('',(0.00449,0.0285,0.001));
#13386=CARTESIAN_POINT('',(0.00449,0.0285,0.0004));
#13387=CARTESIAN_POINT('',(0.00449,0.0285,0.001));
#13388=CARTESIAN_POINT('',(0.00449,0.,0.001));
#13389=CARTESIAN_POINT('',(0.00449,-0.0285,0.001));
#13390=CARTESIAN_POINT('',(0.00449,-0.0285,0.001));
#13391=CARTESIAN_POINT('',(0.00449,0.,0.001));
#13392=CARTESIAN_POINT('',(0.00449,-0.0285,0.0005));
#13393=CARTESIAN_POINT('',(0.00409,-0.0285,0.0004));
#13394=CARTESIAN_POINT('',(0.00449,-0.0285,0.0004));
#13395=CARTESIAN_POINT('',(0.00449,-0.0285,0.0005));
#13396=CARTESIAN_POINT('',(0.00449,0.,0.0305));
#13397=CARTESIAN_POINT('',(0.00449,0.0285,0.0004));
#13398=CARTESIAN_POINT('',(0.00409,0.00971286141872406,0.));
#13399=CARTESIAN_POINT('',(0.00449,0.0285,0.0004));
#13400=CARTESIAN_POINT('',(0.00272666666666668,-0.0302633333333334,-0.00136333333333332));
#13401=CARTESIAN_POINT('',(0.,-0.0289,0.));
#13402=CARTESIAN_POINT('',(0.00449,0.0285,0.0004));
#13403=CARTESIAN_POINT('',(-0.00449,-0.0285,0.0005));
#13404=CARTESIAN_POINT('',(-0.00449,-0.0285,0.0005));
#13405=CARTESIAN_POINT('',(-0.00449,-0.0285,0.0004));
#13406=CARTESIAN_POINT('',(-0.00449,-0.0285,0.001));
#13407=CARTESIAN_POINT('',(-0.00449,-0.0285,0.0004));
#13408=CARTESIAN_POINT('',(-0.00449,-0.0285,0.001));
#13409=CARTESIAN_POINT('',(-0.00449,0.,0.001));
#13410=CARTESIAN_POINT('',(-0.00449,0.0285,0.001));
#13411=CARTESIAN_POINT('',(-0.00449,0.0285,0.001));
#13412=CARTESIAN_POINT('',(-0.00449,0.,0.001));
#13413=CARTESIAN_POINT('',(-0.00449,0.0285,0.0005));
#13414=CARTESIAN_POINT('',(-0.00409,0.0285,0.0004));
#13415=CARTESIAN_POINT('',(-0.00449,0.0285,0.0004));
#13416=CARTESIAN_POINT('',(-0.00449,0.0285,0.0005));
#13417=CARTESIAN_POINT('',(-0.00449,0.,0.0305));
#13418=CARTESIAN_POINT('',(-0.00449,-0.0285,0.0004));
#13419=CARTESIAN_POINT('',(-0.00449,0.,0.0004));
#13420=CARTESIAN_POINT('',(-0.00272666666666667,0.0302633333333334,-0.00136333333333333));
#13421=CARTESIAN_POINT('',(-0.00449,-0.0285,0.0004));
#13422=CARTESIAN_POINT('',(-0.00449,-0.0285,0.0004));
#13423=CARTESIAN_POINT('',(0.,0.0289,0.));
#13424=MECHANICAL_DESIGN_GEOMETRIC_PRESENTATION_REPRESENTATION('',(#8085),
#13429);
#13425=MECHANICAL_DESIGN_GEOMETRIC_PRESENTATION_REPRESENTATION('',(#8086),
#13430);
#13426=MECHANICAL_DESIGN_GEOMETRIC_PRESENTATION_REPRESENTATION('',(#8087),
#13431);
#13427=MECHANICAL_DESIGN_GEOMETRIC_PRESENTATION_REPRESENTATION('',(#8088),
#13432);
#13428=MECHANICAL_DESIGN_GEOMETRIC_PRESENTATION_REPRESENTATION('',(#8089),
#13433);
#13429=(
GEOMETRIC_REPRESENTATION_CONTEXT(3)
GLOBAL_UNCERTAINTY_ASSIGNED_CONTEXT((#13434))
GLOBAL_UNIT_ASSIGNED_CONTEXT((#13449,#13444,#13439))
REPRESENTATION_CONTEXT('Part 6','TOP_LEVEL_ASSEMBLY_PART')
);
#13430=(
GEOMETRIC_REPRESENTATION_CONTEXT(3)
GLOBAL_UNCERTAINTY_ASSIGNED_CONTEXT((#13435))
GLOBAL_UNIT_ASSIGNED_CONTEXT((#13450,#13445,#13440))
REPRESENTATION_CONTEXT('Side1','TOP_LEVEL_ASSEMBLY_PART')
);
#13431=(
GEOMETRIC_REPRESENTATION_CONTEXT(3)
GLOBAL_UNCERTAINTY_ASSIGNED_CONTEXT((#13436))
GLOBAL_UNIT_ASSIGNED_CONTEXT((#13451,#13446,#13441))
REPRESENTATION_CONTEXT('Part 7','TOP_LEVEL_ASSEMBLY_PART')
);
#13432=(
GEOMETRIC_REPRESENTATION_CONTEXT(3)
GLOBAL_UNCERTAINTY_ASSIGNED_CONTEXT((#13437))
GLOBAL_UNIT_ASSIGNED_CONTEXT((#13452,#13447,#13442))
REPRESENTATION_CONTEXT('Wall1','TOP_LEVEL_ASSEMBLY_PART')
);
#13433=(
GEOMETRIC_REPRESENTATION_CONTEXT(3)
GLOBAL_UNCERTAINTY_ASSIGNED_CONTEXT((#13438))
GLOBAL_UNIT_ASSIGNED_CONTEXT((#13453,#13448,#13443))
REPRESENTATION_CONTEXT('Center','TOP_LEVEL_ASSEMBLY_PART')
);
#13434=UNCERTAINTY_MEASURE_WITH_UNIT(LENGTH_MEASURE(1.E-8),#13449,
'DISTANCE_ACCURACY_VALUE','Maximum Tolerance applied to model');
#13435=UNCERTAINTY_MEASURE_WITH_UNIT(LENGTH_MEASURE(1.E-8),#13450,
'DISTANCE_ACCURACY_VALUE','Maximum Tolerance applied to model');
#13436=UNCERTAINTY_MEASURE_WITH_UNIT(LENGTH_MEASURE(2.14276112132637E-5),
#13451,'DISTANCE_ACCURACY_VALUE','Maximum Tolerance applied to model');
#13437=UNCERTAINTY_MEASURE_WITH_UNIT(LENGTH_MEASURE(4.E-5),#13452,
'DISTANCE_ACCURACY_VALUE','Maximum Tolerance applied to model');
#13438=UNCERTAINTY_MEASURE_WITH_UNIT(LENGTH_MEASURE(2.E-5),#13453,
'DISTANCE_ACCURACY_VALUE','Maximum Tolerance applied to model');
#13439=(
NAMED_UNIT(*)
SI_UNIT($,.STERADIAN.)
SOLID_ANGLE_UNIT()
);
#13440=(
NAMED_UNIT(*)
SI_UNIT($,.STERADIAN.)
SOLID_ANGLE_UNIT()
);
#13441=(
NAMED_UNIT(*)
SI_UNIT($,.STERADIAN.)
SOLID_ANGLE_UNIT()
);
#13442=(
NAMED_UNIT(*)
SI_UNIT($,.STERADIAN.)
SOLID_ANGLE_UNIT()
);
#13443=(
NAMED_UNIT(*)
SI_UNIT($,.STERADIAN.)
SOLID_ANGLE_UNIT()
);
#13444=(
NAMED_UNIT(*)
PLANE_ANGLE_UNIT()
SI_UNIT($,.RADIAN.)
);
#13445=(
NAMED_UNIT(*)
PLANE_ANGLE_UNIT()
SI_UNIT($,.RADIAN.)
);
#13446=(
NAMED_UNIT(*)
PLANE_ANGLE_UNIT()
SI_UNIT($,.RADIAN.)
);
#13447=(
NAMED_UNIT(*)
PLANE_ANGLE_UNIT()
SI_UNIT($,.RADIAN.)
);
#13448=(
NAMED_UNIT(*)
PLANE_ANGLE_UNIT()
SI_UNIT($,.RADIAN.)
);
#13449=(
LENGTH_UNIT()
NAMED_UNIT(*)
SI_UNIT($,.METRE.)
);
#13450=(
LENGTH_UNIT()
NAMED_UNIT(*)
SI_UNIT($,.METRE.)
);
#13451=(
LENGTH_UNIT()
NAMED_UNIT(*)
SI_UNIT($,.METRE.)
);
#13452=(
LENGTH_UNIT()
NAMED_UNIT(*)
SI_UNIT($,.METRE.)
);
#13453=(
LENGTH_UNIT()
NAMED_UNIT(*)
SI_UNIT($,.METRE.)
);
#13454=PRODUCT_DEFINITION_SHAPE('','',#13459);
#13455=PRODUCT_DEFINITION_SHAPE('','',#13460);
#13456=PRODUCT_DEFINITION_SHAPE('','',#13461);
#13457=PRODUCT_DEFINITION_SHAPE('','',#13462);
#13458=PRODUCT_DEFINITION_SHAPE('','',#13463);
#13459=PRODUCT_DEFINITION('','',#13469,#13464);
#13460=PRODUCT_DEFINITION('','',#13470,#13465);
#13461=PRODUCT_DEFINITION('','',#13471,#13466);
#13462=PRODUCT_DEFINITION('','',#13472,#13467);
#13463=PRODUCT_DEFINITION('','',#13473,#13468);
#13464=PRODUCT_DEFINITION_CONTEXT('',#13499,'design');
#13465=PRODUCT_DEFINITION_CONTEXT('',#13500,'design');
#13466=PRODUCT_DEFINITION_CONTEXT('',#13501,'design');
#13467=PRODUCT_DEFINITION_CONTEXT('',#13502,'design');
#13468=PRODUCT_DEFINITION_CONTEXT('',#13503,'design');
#13469=PRODUCT_DEFINITION_FORMATION_WITH_SPECIFIED_SOURCE('','',#13479,
 .NOT_KNOWN.);
#13470=PRODUCT_DEFINITION_FORMATION_WITH_SPECIFIED_SOURCE('','',#13480,
 .NOT_KNOWN.);
#13471=PRODUCT_DEFINITION_FORMATION_WITH_SPECIFIED_SOURCE('','',#13481,
 .NOT_KNOWN.);
#13472=PRODUCT_DEFINITION_FORMATION_WITH_SPECIFIED_SOURCE('','',#13482,
 .NOT_KNOWN.);
#13473=PRODUCT_DEFINITION_FORMATION_WITH_SPECIFIED_SOURCE('','',#13483,
 .NOT_KNOWN.);
#13474=PRODUCT_RELATED_PRODUCT_CATEGORY('','',(#13479));
#13475=PRODUCT_RELATED_PRODUCT_CATEGORY('','',(#13480));
#13476=PRODUCT_RELATED_PRODUCT_CATEGORY('','',(#13481));
#13477=PRODUCT_RELATED_PRODUCT_CATEGORY('','',(#13482));
#13478=PRODUCT_RELATED_PRODUCT_CATEGORY('','',(#13483));
#13479=PRODUCT('Part 6','Part 6','Part 6',(#13489));
#13480=PRODUCT('Side1','Side1','Side1',(#13490));
#13481=PRODUCT('Part 7','Part 7','Part 7',(#13491));
#13482=PRODUCT('Wall1','Wall1','Wall1',(#13492));
#13483=PRODUCT('Center','Center','Center',(#13493));
#13484=PRODUCT_CATEGORY('','');
#13485=PRODUCT_CATEGORY('','');
#13486=PRODUCT_CATEGORY('','');
#13487=PRODUCT_CATEGORY('','');
#13488=PRODUCT_CATEGORY('','');
#13489=PRODUCT_CONTEXT('',#13499,'mechanical');
#13490=PRODUCT_CONTEXT('',#13500,'mechanical');
#13491=PRODUCT_CONTEXT('',#13501,'mechanical');
#13492=PRODUCT_CONTEXT('',#13502,'mechanical');
#13493=PRODUCT_CONTEXT('',#13503,'mechanical');
#13494=APPLICATION_PROTOCOL_DEFINITION('international standard',
'ap242_managed_model_based_3d_engineering',2020,#13499);
#13495=APPLICATION_PROTOCOL_DEFINITION('international standard',
'ap242_managed_model_based_3d_engineering',2020,#13500);
#13496=APPLICATION_PROTOCOL_DEFINITION('international standard',
'ap242_managed_model_based_3d_engineering',2020,#13501);
#13497=APPLICATION_PROTOCOL_DEFINITION('international standard',
'ap242_managed_model_based_3d_engineering',2020,#13502);
#13498=APPLICATION_PROTOCOL_DEFINITION('international standard',
'ap242_managed_model_based_3d_engineering',2020,#13503);
#13499=APPLICATION_CONTEXT('managed model based 3d engineering');
#13500=APPLICATION_CONTEXT('managed model based 3d engineering');
#13501=APPLICATION_CONTEXT('managed model based 3d engineering');
#13502=APPLICATION_CONTEXT('managed model based 3d engineering');
#13503=APPLICATION_CONTEXT('managed model based 3d engineering');
ENDSEC;
END-ISO-10303-21;
