ISO-10303-21;
HEADER;
/* Generated by software containing ST-Developer
 * from STEP Tools, Inc. (www.steptools.com) 
 */
/* OPTION: using custom renumber hook */

FILE_DESCRIPTION(
/* description */ ('STEP AP242 Edition 2',
'CAx-IF Rec.Pracs.---Representation and Presentation of Product Manufa
cturing Information (PMI)---4.0---2014-10-13',
'CAx-IF Rec.Pracs.---3D Tessellated Geometry---0.4---2014-09-14','2;1',
'CAx-IF Rec.Pracs.---User Defined Attributes---1.5---2016-08-15'),
/* implementation_level */ '2;1');

FILE_NAME(
/* name */ 'Part Studio 1 - Front_Cover',
/* time_stamp */ '2026-08-31T17:27:21Z',
/* author */ (''),
/* organization */ (''),
/* preprocessor_version */ 'ST-DEVELOPER v20',
/* originating_system */ 'ONSHAPE BY PTC INC, 1.220',
/* authorisation */ '  ');

FILE_SCHEMA (('AP242_MANAGED_MODEL_BASED_3D_ENGINEERING_MIM_LF { 1 0 10303 442 3 1 4 }'));
ENDSEC;

DATA;
#10=SHAPE_REPRESENTATION_RELATIONSHIP('','',#1440,#11);
#11=ADVANCED_BREP_SHAPE_REPRESENTATION('',(#1438),#2498);
#12=CONICAL_SURFACE('',#1529,0.00165,0.785398163397448);
#13=CONICAL_SURFACE('',#1530,0.00165,0.785398163397452);
#14=CONICAL_SURFACE('',#1531,0.00165,0.785398163397452);
#15=B_SPLINE_SURFACE_WITH_KNOTS('',1,3,((#2283,#2284,#2285,#2286,#2287,
#2288,#2289,#2290,#2291,#2292),(#2293,#2294,#2295,#2296,#2297,#2298,#2299,
#2300,#2301,#2302)),.RULED_SURF.,.F.,.F.,.F.,(2,2),(4,2,2,2,4),(0.,1.),
(0.,0.785398163397448,1.5707963267949,2.35619449019234,3.1415926535898),
 .UNSPECIFIED.);
#16=B_SPLINE_SURFACE_WITH_KNOTS('',1,3,((#2335,#2336,#2337,#2338,#2339,
#2340,#2341,#2342,#2343,#2344),(#2345,#2346,#2347,#2348,#2349,#2350,#2351,
#2352,#2353,#2354)),.RULED_SURF.,.F.,.F.,.F.,(2,2),(4,2,2,2,4),(0.,1.),
(3.1415926535898,3.92699081698724,4.71238898038469,5.49778714378214,6.28318530717959),
 .UNSPECIFIED.);
#17=B_SPLINE_SURFACE_WITH_KNOTS('',1,3,((#2445,#2446,#2447,#2448,#2449,
#2450,#2451,#2452,#2453,#2454,#2455,#2456,#2457,#2458,#2459,#2460,#2461,
#2462),(#2463,#2464,#2465,#2466,#2467,#2468,#2469,#2470,#2471,#2472,#2473,
#2474,#2475,#2476,#2477,#2478,#2479,#2480)),.RULED_SURF.,.F.,.T.,.F.,(2,
2),(2,2,2,2,2,2,2,2,2,2,2),(0.,1.),(-0.785398163397448,0.,0.785398163397448,
1.5707963267949,2.35619449019234,3.1415926535898,3.92699081698724,4.71238898038469,
5.49778714378214,6.28318530717959,7.06858347057704),.UNSPECIFIED.);
#18=CYLINDRICAL_SURFACE('',#1452,0.00165);
#19=CYLINDRICAL_SURFACE('',#1455,0.00165);
#20=CYLINDRICAL_SURFACE('',#1458,0.00165);
#21=CYLINDRICAL_SURFACE('',#1461,0.003);
#22=CYLINDRICAL_SURFACE('',#1466,0.003);
#23=CYLINDRICAL_SURFACE('',#1469,0.003);
#24=B_SPLINE_CURVE_WITH_KNOTS('',3,(#1983,#1984,#1985,#1986,#1987,#1988,
#1989,#1990,#1991,#1992,#1993,#1994,#1995,#1996,#1997,#1998,#1999,#2000,
#2001),.UNSPECIFIED.,.T.,.F.,(1,1,1,1,1,1,1,1,1,1,1,1,1,1,1,1,1,1,1,1,1,
1,1),(-0.190789473684211,-0.128289473684211,-0.0657894736842105,0.,0.059375,
0.12171875,0.1842109375,0.246710546875,0.30921052734375,0.371710526367187,
0.434210526318359,0.496710526315918,0.559210526315796,0.62171052631579,
0.684210526315789,0.746710526315789,0.809210526315789,0.871710526315789,
0.934210526315789,1.,1.059375,1.12171875,1.1842109375),.UNSPECIFIED.);
#25=B_SPLINE_CURVE_WITH_KNOTS('',3,(#2008,#2009,#2010,#2011,#2012,#2013,
#2014),.UNSPECIFIED.,.F.,.F.,(4,1,1,1,4),(0.,0.25,0.5,0.75,1.),
 .UNSPECIFIED.);
#26=B_SPLINE_CURVE_WITH_KNOTS('',3,(#2026,#2027,#2028,#2029,#2030,#2031,
#2032),.UNSPECIFIED.,.F.,.F.,(4,1,1,1,4),(0.,0.25,0.5,0.75,1.),
 .UNSPECIFIED.);
#27=B_SPLINE_CURVE_WITH_KNOTS('',3,(#2092,#2093,#2094,#2095,#2096,#2097,
#2098,#2099,#2100,#2101,#2102,#2103,#2104,#2105,#2106,#2107,#2108,#2109,
#2110,#2111,#2112,#2113,#2114,#2115,#2116),.UNSPECIFIED.,.F.,.F.,(4,1,1,
1,1,1,1,1,1,1,1,1,1,1,1,1,1,1,1,1,1,1,4),(0.,0.125,0.1875,0.21875,0.234375,
0.25,0.265625,0.28125,0.3125,0.375,0.4375,0.5,0.5625,0.625,0.6875,0.71875,
0.734375,0.75,0.765625,0.78125,0.8125,0.875,1.),.UNSPECIFIED.);
#28=B_SPLINE_CURVE_WITH_KNOTS('',3,(#2136,#2137,#2138,#2139,#2140,#2141,
#2142,#2143,#2144,#2145,#2146,#2147,#2148,#2149,#2150,#2151,#2152,#2153,
#2154,#2155,#2156,#2157,#2158,#2159,#2160,#2161,#2162,#2163,#2164,#2165,
#2166,#2167,#2168,#2169,#2170,#2171,#2172,#2173,#2174,#2175,#2176,#2177,
#2178),.UNSPECIFIED.,.T.,.F.,(1,1,1,1,1,1,1,1,1,1,1,1,1,1,1,1,1,1,1,1,1,
1,1,1,1,1,1,1,1,1,1,1,1,1,1,1,1,1,1,1,1,1,1,1,1,1,1),(-0.115131578942871,
-0.098684210522461,-0.0657894736816407,0.,0.059375,0.0890625,0.10390625,
0.11875,0.12654296875,0.1343359375,0.149921875,0.18109375,0.212265625,0.2434375,
0.27468359375,0.3059296875,0.33717578125,0.352798828125,0.368421875,0.376234326171875,
0.38404677734375,0.3996716796875,0.430921484375,0.49342109375,0.55592107421875,
0.587171064453125,0.602796059570312,0.6184210546875,0.62623355456543,0.634046054443359,
0.649671054199219,0.680921053710937,0.712171053222656,0.743421052734375,
0.774671052709961,0.805921052685547,0.837171052661133,0.852796052648926,
0.868421052636719,0.876644736846924,0.884868421057129,0.901315789477539,
0.934210526318359,1.,1.059375,1.0890625,1.10390625),.UNSPECIFIED.);
#29=B_SPLINE_CURVE_WITH_KNOTS('',3,(#2187,#2188,#2189,#2190,#2191,#2192,
#2193,#2194,#2195,#2196,#2197,#2198,#2199,#2200,#2201,#2202,#2203,#2204,
#2205,#2206,#2207,#2208,#2209,#2210,#2211),.UNSPECIFIED.,.F.,.F.,(4,1,1,
1,1,1,1,1,1,1,1,1,1,1,1,1,1,1,1,1,1,1,4),(0.,0.125,0.1875,0.21875,0.234375,
0.25,0.265625,0.28125,0.3125,0.375,0.4375,0.5,0.5625,0.625,0.6875,0.71875,
0.734375,0.75,0.765625,0.78125,0.8125,0.875,1.),.UNSPECIFIED.);
#30=B_SPLINE_CURVE_WITH_KNOTS('',3,(#2275,#2276,#2277,#2278),
 .UNSPECIFIED.,.F.,.F.,(4,4),(0.,1.),.UNSPECIFIED.);
#31=B_SPLINE_CURVE_WITH_KNOTS('',3,(#2303,#2304,#2305,#2306),
 .UNSPECIFIED.,.F.,.F.,(4,4),(0.,1.),.UNSPECIFIED.);
#32=B_SPLINE_CURVE_WITH_KNOTS('',3,(#2319,#2320,#2321,#2322),
 .UNSPECIFIED.,.F.,.F.,(4,4),(0.,1.),.UNSPECIFIED.);
#33=B_SPLINE_CURVE_WITH_KNOTS('',3,(#2355,#2356,#2357,#2358),
 .UNSPECIFIED.,.F.,.F.,(4,4),(0.,1.),.UNSPECIFIED.);
#34=LINE('',#1910,#201);
#35=LINE('',#1913,#202);
#36=LINE('',#1915,#203);
#37=LINE('',#1917,#204);
#38=LINE('',#1919,#205);
#39=LINE('',#1921,#206);
#40=LINE('',#1923,#207);
#41=LINE('',#1925,#208);
#42=LINE('',#1927,#209);
#43=LINE('',#1929,#210);
#44=LINE('',#1931,#211);
#45=LINE('',#1933,#212);
#46=LINE('',#1935,#213);
#47=LINE('',#1937,#214);
#48=LINE('',#1939,#215);
#49=LINE('',#1942,#216);
#50=LINE('',#1944,#217);
#51=LINE('',#1946,#218);
#52=LINE('',#1948,#219);
#53=LINE('',#1950,#220);
#54=LINE('',#1952,#221);
#55=LINE('',#1954,#222);
#56=LINE('',#1956,#223);
#57=LINE('',#1958,#224);
#58=LINE('',#1960,#225);
#59=LINE('',#1962,#226);
#60=LINE('',#1964,#227);
#61=LINE('',#1967,#228);
#62=LINE('',#1969,#229);
#63=LINE('',#1971,#230);
#64=LINE('',#1973,#231);
#65=LINE('',#1975,#232);
#66=LINE('',#1977,#233);
#67=LINE('',#1979,#234);
#68=LINE('',#1981,#235);
#69=LINE('',#2003,#236);
#70=LINE('',#2006,#237);
#71=LINE('',#2016,#238);
#72=LINE('',#2018,#239);
#73=LINE('',#2020,#240);
#74=LINE('',#2022,#241);
#75=LINE('',#2024,#242);
#76=LINE('',#2034,#243);
#77=LINE('',#2036,#244);
#78=LINE('',#2038,#245);
#79=LINE('',#2040,#246);
#80=LINE('',#2043,#247);
#81=LINE('',#2045,#248);
#82=LINE('',#2047,#249);
#83=LINE('',#2049,#250);
#84=LINE('',#2052,#251);
#85=LINE('',#2053,#252);
#86=LINE('',#2055,#253);
#87=LINE('',#2058,#254);
#88=LINE('',#2060,#255);
#89=LINE('',#2062,#256);
#90=LINE('',#2064,#257);
#91=LINE('',#2066,#258);
#92=LINE('',#2068,#259);
#93=LINE('',#2070,#260);
#94=LINE('',#2072,#261);
#95=LINE('',#2089,#262);
#96=LINE('',#2118,#263);
#97=LINE('',#2122,#264);
#98=LINE('',#2125,#265);
#99=LINE('',#2126,#266);
#100=LINE('',#2128,#267);
#101=LINE('',#2130,#268);
#102=LINE('',#2132,#269);
#103=LINE('',#2134,#270);
#104=LINE('',#2184,#271);
#105=LINE('',#2213,#272);
#106=LINE('',#2217,#273);
#107=LINE('',#2220,#274);
#108=LINE('',#2221,#275);
#109=LINE('',#2223,#276);
#110=LINE('',#2225,#277);
#111=LINE('',#2227,#278);
#112=LINE('',#2229,#279);
#113=LINE('',#2231,#280);
#114=LINE('',#2234,#281);
#115=LINE('',#2236,#282);
#116=LINE('',#2238,#283);
#117=LINE('',#2240,#284);
#118=LINE('',#2243,#285);
#119=LINE('',#2245,#286);
#120=LINE('',#2247,#287);
#121=LINE('',#2249,#288);
#122=LINE('',#2252,#289);
#123=LINE('',#2254,#290);
#124=LINE('',#2256,#291);
#125=LINE('',#2258,#292);
#126=LINE('',#2261,#293);
#127=LINE('',#2263,#294);
#128=LINE('',#2265,#295);
#129=LINE('',#2267,#296);
#130=LINE('',#2269,#297);
#131=LINE('',#2271,#298);
#132=LINE('',#2272,#299);
#133=LINE('',#2273,#300);
#134=LINE('',#2280,#301);
#135=LINE('',#2282,#302);
#136=LINE('',#2308,#303);
#137=LINE('',#2310,#304);
#138=LINE('',#2311,#305);
#139=LINE('',#2313,#306);
#140=LINE('',#2314,#307);
#141=LINE('',#2315,#308);
#142=LINE('',#2317,#309);
#143=LINE('',#2324,#310);
#144=LINE('',#2326,#311);
#145=LINE('',#2328,#312);
#146=LINE('',#2330,#313);
#147=LINE('',#2332,#314);
#148=LINE('',#2334,#315);
#149=LINE('',#2360,#316);
#150=LINE('',#2362,#317);
#151=LINE('',#2364,#318);
#152=LINE('',#2366,#319);
#153=LINE('',#2368,#320);
#154=LINE('',#2370,#321);
#155=LINE('',#2372,#322);
#156=LINE('',#2373,#323);
#157=LINE('',#2375,#324);
#158=LINE('',#2377,#325);
#159=LINE('',#2379,#326);
#160=LINE('',#2380,#327);
#161=LINE('',#2382,#328);
#162=LINE('',#2384,#329);
#163=LINE('',#2386,#330);
#164=LINE('',#2388,#331);
#165=LINE('',#2390,#332);
#166=LINE('',#2392,#333);
#167=LINE('',#2394,#334);
#168=LINE('',#2396,#335);
#169=LINE('',#2398,#336);
#170=LINE('',#2400,#337);
#171=LINE('',#2402,#338);
#172=LINE('',#2404,#339);
#173=LINE('',#2406,#340);
#174=LINE('',#2408,#341);
#175=LINE('',#2409,#342);
#176=LINE('',#2411,#343);
#177=LINE('',#2413,#344);
#178=LINE('',#2414,#345);
#179=LINE('',#2416,#346);
#180=LINE('',#2418,#347);
#181=LINE('',#2420,#348);
#182=LINE('',#2421,#349);
#183=LINE('',#2423,#350);
#184=LINE('',#2425,#351);
#185=LINE('',#2427,#352);
#186=LINE('',#2429,#353);
#187=LINE('',#2430,#354);
#188=LINE('',#2432,#355);
#189=LINE('',#2434,#356);
#190=LINE('',#2436,#357);
#191=LINE('',#2438,#358);
#192=LINE('',#2440,#359);
#193=LINE('',#2442,#360);
#194=LINE('',#2444,#361);
#195=LINE('',#2485,#362);
#196=LINE('',#2487,#363);
#197=LINE('',#2489,#364);
#198=LINE('',#2491,#365);
#199=LINE('',#2493,#366);
#200=LINE('',#2495,#367);
#201=VECTOR('',#1549,1.);
#202=VECTOR('',#1550,1.);
#203=VECTOR('',#1551,1.);
#204=VECTOR('',#1552,1.);
#205=VECTOR('',#1553,1.);
#206=VECTOR('',#1554,1.);
#207=VECTOR('',#1555,1.);
#208=VECTOR('',#1556,1.);
#209=VECTOR('',#1557,1.);
#210=VECTOR('',#1558,1.);
#211=VECTOR('',#1559,1.);
#212=VECTOR('',#1560,1.);
#213=VECTOR('',#1561,1.);
#214=VECTOR('',#1562,1.);
#215=VECTOR('',#1565,1.);
#216=VECTOR('',#1566,1.);
#217=VECTOR('',#1567,1.);
#218=VECTOR('',#1568,1.);
#219=VECTOR('',#1569,1.);
#220=VECTOR('',#1570,1.);
#221=VECTOR('',#1571,1.);
#222=VECTOR('',#1572,1.);
#223=VECTOR('',#1573,1.);
#224=VECTOR('',#1574,1.);
#225=VECTOR('',#1575,1.);
#226=VECTOR('',#1576,1.);
#227=VECTOR('',#1579,1.);
#228=VECTOR('',#1580,1.);
#229=VECTOR('',#1581,1.);
#230=VECTOR('',#1582,1.);
#231=VECTOR('',#1583,1.);
#232=VECTOR('',#1584,1.);
#233=VECTOR('',#1585,1.);
#234=VECTOR('',#1586,1.);
#235=VECTOR('',#1587,1.);
#236=VECTOR('',#1590,1.);
#237=VECTOR('',#1591,1.);
#238=VECTOR('',#1592,1.);
#239=VECTOR('',#1593,1.);
#240=VECTOR('',#1594,1.);
#241=VECTOR('',#1595,1.);
#242=VECTOR('',#1596,1.);
#243=VECTOR('',#1597,1.);
#244=VECTOR('',#1598,1.);
#245=VECTOR('',#1599,1.);
#246=VECTOR('',#1602,1.);
#247=VECTOR('',#1603,1.);
#248=VECTOR('',#1604,1.);
#249=VECTOR('',#1605,1.);
#250=VECTOR('',#1608,1.);
#251=VECTOR('',#1609,1.);
#252=VECTOR('',#1610,1.);
#253=VECTOR('',#1613,1.);
#254=VECTOR('',#1614,1.);
#255=VECTOR('',#1615,1.);
#256=VECTOR('',#1616,1.);
#257=VECTOR('',#1617,1.);
#258=VECTOR('',#1618,1.);
#259=VECTOR('',#1619,1.);
#260=VECTOR('',#1620,1.);
#261=VECTOR('',#1621,1.);
#262=VECTOR('',#1642,1.);
#263=VECTOR('',#1643,1.);
#264=VECTOR('',#1648,1.);
#265=VECTOR('',#1649,1.);
#266=VECTOR('',#1650,1.);
#267=VECTOR('',#1653,1.);
#268=VECTOR('',#1654,1.);
#269=VECTOR('',#1655,1.);
#270=VECTOR('',#1658,1.);
#271=VECTOR('',#1667,1.);
#272=VECTOR('',#1668,1.);
#273=VECTOR('',#1673,1.);
#274=VECTOR('',#1674,1.);
#275=VECTOR('',#1675,1.);
#276=VECTOR('',#1678,1.);
#277=VECTOR('',#1679,1.);
#278=VECTOR('',#1680,1.);
#279=VECTOR('',#1683,1.);
#280=VECTOR('',#1686,1.);
#281=VECTOR('',#1687,1.);
#282=VECTOR('',#1688,1.);
#283=VECTOR('',#1689,1.);
#284=VECTOR('',#1692,1.);
#285=VECTOR('',#1693,1.);
#286=VECTOR('',#1694,1.);
#287=VECTOR('',#1695,1.);
#288=VECTOR('',#1698,1.);
#289=VECTOR('',#1699,1.);
#290=VECTOR('',#1700,1.);
#291=VECTOR('',#1701,1.);
#292=VECTOR('',#1704,1.);
#293=VECTOR('',#1705,1.);
#294=VECTOR('',#1706,1.);
#295=VECTOR('',#1707,1.);
#296=VECTOR('',#1708,1.);
#297=VECTOR('',#1709,1.);
#298=VECTOR('',#1712,1.);
#299=VECTOR('',#1713,1.);
#300=VECTOR('',#1714,1.);
#301=VECTOR('',#1719,1.);
#302=VECTOR('',#1722,1.);
#303=VECTOR('',#1725,1.);
#304=VECTOR('',#1728,1.);
#305=VECTOR('',#1729,1.);
#306=VECTOR('',#1732,1.);
#307=VECTOR('',#1733,1.);
#308=VECTOR('',#1734,1.);
#309=VECTOR('',#1737,1.);
#310=VECTOR('',#1742,1.);
#311=VECTOR('',#1745,1.);
#312=VECTOR('',#1748,1.);
#313=VECTOR('',#1751,1.);
#314=VECTOR('',#1754,1.);
#315=VECTOR('',#1757,1.);
#316=VECTOR('',#1760,1.);
#317=VECTOR('',#1763,1.);
#318=VECTOR('',#1766,1.);
#319=VECTOR('',#1769,1.);
#320=VECTOR('',#1772,1.);
#321=VECTOR('',#1775,1.);
#322=VECTOR('',#1778,1.);
#323=VECTOR('',#1779,1.);
#324=VECTOR('',#1782,1.);
#325=VECTOR('',#1785,1.);
#326=VECTOR('',#1788,1.);
#327=VECTOR('',#1789,1.);
#328=VECTOR('',#1792,1.);
#329=VECTOR('',#1795,1.);
#330=VECTOR('',#1798,1.);
#331=VECTOR('',#1801,1.);
#332=VECTOR('',#1804,1.);
#333=VECTOR('',#1807,1.);
#334=VECTOR('',#1810,1.);
#335=VECTOR('',#1813,1.);
#336=VECTOR('',#1816,1.);
#337=VECTOR('',#1819,1.);
#338=VECTOR('',#1822,1.);
#339=VECTOR('',#1825,1.);
#340=VECTOR('',#1828,1.);
#341=VECTOR('',#1829,1.);
#342=VECTOR('',#1830,1.);
#343=VECTOR('',#1833,1.);
#344=VECTOR('',#1836,1.);
#345=VECTOR('',#1837,1.);
#346=VECTOR('',#1840,1.);
#347=VECTOR('',#1843,1.);
#348=VECTOR('',#1844,1.);
#349=VECTOR('',#1845,1.);
#350=VECTOR('',#1848,1.);
#351=VECTOR('',#1851,1.);
#352=VECTOR('',#1854,1.);
#353=VECTOR('',#1855,1.);
#354=VECTOR('',#1856,1.);
#355=VECTOR('',#1859,1.);
#356=VECTOR('',#1862,1.);
#357=VECTOR('',#1865,1.);
#358=VECTOR('',#1868,1.);
#359=VECTOR('',#1871,1.);
#360=VECTOR('',#1874,1.);
#361=VECTOR('',#1875,1.);
#362=VECTOR('',#1884,1.);
#363=VECTOR('',#1887,1.);
#364=VECTOR('',#1890,1.);
#365=VECTOR('',#1893,1.);
#366=VECTOR('',#1896,1.);
#367=VECTOR('',#1899,1.);
#368=ORIENTED_EDGE('',*,*,#746,.T.);
#369=ORIENTED_EDGE('',*,*,#747,.T.);
#370=ORIENTED_EDGE('',*,*,#748,.T.);
#371=ORIENTED_EDGE('',*,*,#749,.T.);
#372=ORIENTED_EDGE('',*,*,#750,.T.);
#373=ORIENTED_EDGE('',*,*,#751,.T.);
#374=ORIENTED_EDGE('',*,*,#752,.F.);
#375=ORIENTED_EDGE('',*,*,#753,.F.);
#376=ORIENTED_EDGE('',*,*,#754,.T.);
#377=ORIENTED_EDGE('',*,*,#755,.F.);
#378=ORIENTED_EDGE('',*,*,#756,.F.);
#379=ORIENTED_EDGE('',*,*,#757,.T.);
#380=ORIENTED_EDGE('',*,*,#758,.T.);
#381=ORIENTED_EDGE('',*,*,#759,.T.);
#382=ORIENTED_EDGE('',*,*,#760,.T.);
#383=ORIENTED_EDGE('',*,*,#761,.T.);
#384=ORIENTED_EDGE('',*,*,#762,.T.);
#385=ORIENTED_EDGE('',*,*,#763,.T.);
#386=ORIENTED_EDGE('',*,*,#764,.T.);
#387=ORIENTED_EDGE('',*,*,#765,.T.);
#388=ORIENTED_EDGE('',*,*,#766,.T.);
#389=ORIENTED_EDGE('',*,*,#767,.T.);
#390=ORIENTED_EDGE('',*,*,#768,.T.);
#391=ORIENTED_EDGE('',*,*,#769,.T.);
#392=ORIENTED_EDGE('',*,*,#770,.T.);
#393=ORIENTED_EDGE('',*,*,#771,.T.);
#394=ORIENTED_EDGE('',*,*,#772,.T.);
#395=ORIENTED_EDGE('',*,*,#773,.T.);
#396=ORIENTED_EDGE('',*,*,#774,.T.);
#397=ORIENTED_EDGE('',*,*,#775,.T.);
#398=ORIENTED_EDGE('',*,*,#776,.T.);
#399=ORIENTED_EDGE('',*,*,#777,.T.);
#400=ORIENTED_EDGE('',*,*,#778,.T.);
#401=ORIENTED_EDGE('',*,*,#779,.T.);
#402=ORIENTED_EDGE('',*,*,#780,.T.);
#403=ORIENTED_EDGE('',*,*,#781,.T.);
#404=ORIENTED_EDGE('',*,*,#782,.T.);
#405=ORIENTED_EDGE('',*,*,#783,.T.);
#406=ORIENTED_EDGE('',*,*,#784,.T.);
#407=ORIENTED_EDGE('',*,*,#785,.T.);
#408=ORIENTED_EDGE('',*,*,#786,.T.);
#409=ORIENTED_EDGE('',*,*,#787,.T.);
#410=ORIENTED_EDGE('',*,*,#788,.T.);
#411=ORIENTED_EDGE('',*,*,#789,.T.);
#412=ORIENTED_EDGE('',*,*,#790,.T.);
#413=ORIENTED_EDGE('',*,*,#791,.T.);
#414=ORIENTED_EDGE('',*,*,#792,.T.);
#415=ORIENTED_EDGE('',*,*,#793,.T.);
#416=ORIENTED_EDGE('',*,*,#794,.T.);
#417=ORIENTED_EDGE('',*,*,#795,.T.);
#418=ORIENTED_EDGE('',*,*,#796,.T.);
#419=ORIENTED_EDGE('',*,*,#797,.F.);
#420=ORIENTED_EDGE('',*,*,#798,.T.);
#421=ORIENTED_EDGE('',*,*,#799,.T.);
#422=ORIENTED_EDGE('',*,*,#800,.T.);
#423=ORIENTED_EDGE('',*,*,#801,.T.);
#424=ORIENTED_EDGE('',*,*,#802,.T.);
#425=ORIENTED_EDGE('',*,*,#797,.T.);
#426=ORIENTED_EDGE('',*,*,#803,.T.);
#427=ORIENTED_EDGE('',*,*,#804,.T.);
#428=ORIENTED_EDGE('',*,*,#805,.T.);
#429=ORIENTED_EDGE('',*,*,#806,.T.);
#430=ORIENTED_EDGE('',*,*,#807,.T.);
#431=ORIENTED_EDGE('',*,*,#808,.T.);
#432=ORIENTED_EDGE('',*,*,#809,.T.);
#433=ORIENTED_EDGE('',*,*,#810,.T.);
#434=ORIENTED_EDGE('',*,*,#811,.T.);
#435=ORIENTED_EDGE('',*,*,#812,.T.);
#436=ORIENTED_EDGE('',*,*,#813,.T.);
#437=ORIENTED_EDGE('',*,*,#814,.T.);
#438=ORIENTED_EDGE('',*,*,#815,.T.);
#439=ORIENTED_EDGE('',*,*,#816,.T.);
#440=ORIENTED_EDGE('',*,*,#817,.T.);
#441=ORIENTED_EDGE('',*,*,#818,.T.);
#442=ORIENTED_EDGE('',*,*,#819,.F.);
#443=ORIENTED_EDGE('',*,*,#820,.T.);
#444=ORIENTED_EDGE('',*,*,#821,.T.);
#445=ORIENTED_EDGE('',*,*,#822,.T.);
#446=ORIENTED_EDGE('',*,*,#823,.T.);
#447=ORIENTED_EDGE('',*,*,#824,.T.);
#448=ORIENTED_EDGE('',*,*,#819,.T.);
#449=ORIENTED_EDGE('',*,*,#825,.T.);
#450=ORIENTED_EDGE('',*,*,#821,.F.);
#451=ORIENTED_EDGE('',*,*,#826,.T.);
#452=ORIENTED_EDGE('',*,*,#827,.T.);
#453=ORIENTED_EDGE('',*,*,#828,.T.);
#454=ORIENTED_EDGE('',*,*,#828,.F.);
#455=ORIENTED_EDGE('',*,*,#829,.T.);
#456=ORIENTED_EDGE('',*,*,#825,.F.);
#457=ORIENTED_EDGE('',*,*,#822,.F.);
#458=ORIENTED_EDGE('',*,*,#818,.F.);
#459=ORIENTED_EDGE('',*,*,#830,.T.);
#460=ORIENTED_EDGE('',*,*,#831,.T.);
#461=ORIENTED_EDGE('',*,*,#831,.F.);
#462=ORIENTED_EDGE('',*,*,#816,.F.);
#463=ORIENTED_EDGE('',*,*,#832,.F.);
#464=ORIENTED_EDGE('',*,*,#833,.T.);
#465=ORIENTED_EDGE('',*,*,#834,.T.);
#466=ORIENTED_EDGE('',*,*,#835,.T.);
#467=ORIENTED_EDGE('',*,*,#836,.T.);
#468=ORIENTED_EDGE('',*,*,#837,.T.);
#469=ORIENTED_EDGE('',*,*,#832,.T.);
#470=ORIENTED_EDGE('',*,*,#838,.T.);
#471=ORIENTED_EDGE('',*,*,#834,.F.);
#472=ORIENTED_EDGE('',*,*,#839,.T.);
#473=ORIENTED_EDGE('',*,*,#840,.T.);
#474=ORIENTED_EDGE('',*,*,#841,.F.);
#475=ORIENTED_EDGE('',*,*,#841,.T.);
#476=ORIENTED_EDGE('',*,*,#842,.T.);
#477=ORIENTED_EDGE('',*,*,#838,.F.);
#478=ORIENTED_EDGE('',*,*,#835,.F.);
#479=ORIENTED_EDGE('',*,*,#814,.F.);
#480=ORIENTED_EDGE('',*,*,#843,.T.);
#481=ORIENTED_EDGE('',*,*,#844,.T.);
#482=ORIENTED_EDGE('',*,*,#845,.T.);
#483=ORIENTED_EDGE('',*,*,#846,.T.);
#484=ORIENTED_EDGE('',*,*,#847,.T.);
#485=ORIENTED_EDGE('',*,*,#848,.T.);
#486=ORIENTED_EDGE('',*,*,#849,.T.);
#487=ORIENTED_EDGE('',*,*,#850,.T.);
#488=ORIENTED_EDGE('',*,*,#851,.T.);
#489=ORIENTED_EDGE('',*,*,#852,.T.);
#490=ORIENTED_EDGE('',*,*,#853,.T.);
#491=ORIENTED_EDGE('',*,*,#854,.T.);
#492=ORIENTED_EDGE('',*,*,#855,.T.);
#493=ORIENTED_EDGE('',*,*,#856,.T.);
#494=ORIENTED_EDGE('',*,*,#857,.T.);
#495=ORIENTED_EDGE('',*,*,#858,.T.);
#496=ORIENTED_EDGE('',*,*,#859,.T.);
#497=ORIENTED_EDGE('',*,*,#860,.T.);
#498=ORIENTED_EDGE('',*,*,#861,.F.);
#499=ORIENTED_EDGE('',*,*,#862,.F.);
#500=ORIENTED_EDGE('',*,*,#863,.F.);
#501=ORIENTED_EDGE('',*,*,#862,.T.);
#502=ORIENTED_EDGE('',*,*,#794,.F.);
#503=ORIENTED_EDGE('',*,*,#864,.F.);
#504=ORIENTED_EDGE('',*,*,#837,.F.);
#505=ORIENTED_EDGE('',*,*,#863,.T.);
#506=ORIENTED_EDGE('',*,*,#836,.F.);
#507=ORIENTED_EDGE('',*,*,#865,.F.);
#508=ORIENTED_EDGE('',*,*,#776,.F.);
#509=ORIENTED_EDGE('',*,*,#861,.T.);
#510=ORIENTED_EDGE('',*,*,#775,.F.);
#511=ORIENTED_EDGE('',*,*,#866,.F.);
#512=ORIENTED_EDGE('',*,*,#795,.F.);
#513=ORIENTED_EDGE('',*,*,#864,.T.);
#514=ORIENTED_EDGE('',*,*,#793,.F.);
#515=ORIENTED_EDGE('',*,*,#867,.F.);
#516=ORIENTED_EDGE('',*,*,#833,.F.);
#517=ORIENTED_EDGE('',*,*,#865,.T.);
#518=ORIENTED_EDGE('',*,*,#842,.F.);
#519=ORIENTED_EDGE('',*,*,#868,.F.);
#520=ORIENTED_EDGE('',*,*,#777,.F.);
#521=ORIENTED_EDGE('',*,*,#869,.F.);
#522=ORIENTED_EDGE('',*,*,#866,.T.);
#523=ORIENTED_EDGE('',*,*,#870,.F.);
#524=ORIENTED_EDGE('',*,*,#871,.F.);
#525=ORIENTED_EDGE('',*,*,#872,.F.);
#526=ORIENTED_EDGE('',*,*,#873,.F.);
#527=ORIENTED_EDGE('',*,*,#872,.T.);
#528=ORIENTED_EDGE('',*,*,#806,.F.);
#529=ORIENTED_EDGE('',*,*,#874,.F.);
#530=ORIENTED_EDGE('',*,*,#827,.F.);
#531=ORIENTED_EDGE('',*,*,#873,.T.);
#532=ORIENTED_EDGE('',*,*,#826,.F.);
#533=ORIENTED_EDGE('',*,*,#875,.F.);
#534=ORIENTED_EDGE('',*,*,#786,.F.);
#535=ORIENTED_EDGE('',*,*,#867,.T.);
#536=ORIENTED_EDGE('',*,*,#792,.F.);
#537=ORIENTED_EDGE('',*,*,#876,.F.);
#538=ORIENTED_EDGE('',*,*,#839,.F.);
#539=ORIENTED_EDGE('',*,*,#868,.T.);
#540=ORIENTED_EDGE('',*,*,#840,.F.);
#541=ORIENTED_EDGE('',*,*,#877,.F.);
#542=ORIENTED_EDGE('',*,*,#778,.F.);
#543=ORIENTED_EDGE('',*,*,#870,.T.);
#544=ORIENTED_EDGE('',*,*,#783,.F.);
#545=ORIENTED_EDGE('',*,*,#878,.F.);
#546=ORIENTED_EDGE('',*,*,#800,.F.);
#547=ORIENTED_EDGE('',*,*,#869,.T.);
#548=ORIENTED_EDGE('',*,*,#799,.F.);
#549=ORIENTED_EDGE('',*,*,#879,.F.);
#550=ORIENTED_EDGE('',*,*,#796,.F.);
#551=ORIENTED_EDGE('',*,*,#871,.T.);
#552=ORIENTED_EDGE('',*,*,#785,.F.);
#553=ORIENTED_EDGE('',*,*,#880,.F.);
#554=ORIENTED_EDGE('',*,*,#807,.F.);
#555=ORIENTED_EDGE('',*,*,#874,.T.);
#556=ORIENTED_EDGE('',*,*,#805,.F.);
#557=ORIENTED_EDGE('',*,*,#881,.F.);
#558=ORIENTED_EDGE('',*,*,#829,.F.);
#559=ORIENTED_EDGE('',*,*,#875,.T.);
#560=ORIENTED_EDGE('',*,*,#820,.F.);
#561=ORIENTED_EDGE('',*,*,#882,.F.);
#562=ORIENTED_EDGE('',*,*,#787,.F.);
#563=ORIENTED_EDGE('',*,*,#877,.T.);
#564=ORIENTED_EDGE('',*,*,#876,.T.);
#565=ORIENTED_EDGE('',*,*,#883,.F.);
#566=ORIENTED_EDGE('',*,*,#878,.T.);
#567=ORIENTED_EDGE('',*,*,#782,.F.);
#568=ORIENTED_EDGE('',*,*,#884,.F.);
#569=ORIENTED_EDGE('',*,*,#803,.F.);
#570=ORIENTED_EDGE('',*,*,#880,.T.);
#571=ORIENTED_EDGE('',*,*,#879,.T.);
#572=ORIENTED_EDGE('',*,*,#885,.F.);
#573=ORIENTED_EDGE('',*,*,#881,.T.);
#574=ORIENTED_EDGE('',*,*,#804,.F.);
#575=ORIENTED_EDGE('',*,*,#886,.F.);
#576=ORIENTED_EDGE('',*,*,#823,.F.);
#577=ORIENTED_EDGE('',*,*,#882,.T.);
#578=ORIENTED_EDGE('',*,*,#824,.F.);
#579=ORIENTED_EDGE('',*,*,#887,.F.);
#580=ORIENTED_EDGE('',*,*,#788,.F.);
#581=ORIENTED_EDGE('',*,*,#883,.T.);
#582=ORIENTED_EDGE('',*,*,#791,.F.);
#583=ORIENTED_EDGE('',*,*,#888,.F.);
#584=ORIENTED_EDGE('',*,*,#779,.F.);
#585=ORIENTED_EDGE('',*,*,#889,.F.);
#586=ORIENTED_EDGE('',*,*,#884,.T.);
#587=ORIENTED_EDGE('',*,*,#890,.F.);
#588=ORIENTED_EDGE('',*,*,#885,.T.);
#589=ORIENTED_EDGE('',*,*,#798,.F.);
#590=ORIENTED_EDGE('',*,*,#891,.F.);
#591=ORIENTED_EDGE('',*,*,#808,.F.);
#592=ORIENTED_EDGE('',*,*,#887,.T.);
#593=ORIENTED_EDGE('',*,*,#886,.T.);
#594=ORIENTED_EDGE('',*,*,#892,.F.);
#595=ORIENTED_EDGE('',*,*,#893,.F.);
#596=ORIENTED_EDGE('',*,*,#894,.F.);
#597=ORIENTED_EDGE('',*,*,#888,.T.);
#598=ORIENTED_EDGE('',*,*,#894,.T.);
#599=ORIENTED_EDGE('',*,*,#766,.F.);
#600=ORIENTED_EDGE('',*,*,#895,.F.);
#601=ORIENTED_EDGE('',*,*,#780,.F.);
#602=ORIENTED_EDGE('',*,*,#890,.T.);
#603=ORIENTED_EDGE('',*,*,#781,.F.);
#604=ORIENTED_EDGE('',*,*,#896,.F.);
#605=ORIENTED_EDGE('',*,*,#762,.F.);
#606=ORIENTED_EDGE('',*,*,#889,.T.);
#607=ORIENTED_EDGE('',*,*,#761,.F.);
#608=ORIENTED_EDGE('',*,*,#897,.F.);
#609=ORIENTED_EDGE('',*,*,#801,.F.);
#610=ORIENTED_EDGE('',*,*,#891,.T.);
#611=ORIENTED_EDGE('',*,*,#802,.F.);
#612=ORIENTED_EDGE('',*,*,#898,.F.);
#613=ORIENTED_EDGE('',*,*,#809,.F.);
#614=ORIENTED_EDGE('',*,*,#892,.T.);
#615=ORIENTED_EDGE('',*,*,#812,.F.);
#616=ORIENTED_EDGE('',*,*,#899,.F.);
#617=ORIENTED_EDGE('',*,*,#789,.F.);
#618=ORIENTED_EDGE('',*,*,#893,.T.);
#619=ORIENTED_EDGE('',*,*,#790,.F.);
#620=ORIENTED_EDGE('',*,*,#900,.F.);
#621=ORIENTED_EDGE('',*,*,#767,.F.);
#622=ORIENTED_EDGE('',*,*,#896,.T.);
#623=ORIENTED_EDGE('',*,*,#895,.T.);
#624=ORIENTED_EDGE('',*,*,#901,.F.);
#625=ORIENTED_EDGE('',*,*,#898,.T.);
#626=ORIENTED_EDGE('',*,*,#897,.T.);
#627=ORIENTED_EDGE('',*,*,#902,.F.);
#628=ORIENTED_EDGE('',*,*,#900,.T.);
#629=ORIENTED_EDGE('',*,*,#899,.T.);
#630=ORIENTED_EDGE('',*,*,#903,.F.);
#631=ORIENTED_EDGE('',*,*,#765,.F.);
#632=ORIENTED_EDGE('',*,*,#904,.T.);
#633=ORIENTED_EDGE('',*,*,#749,.F.);
#634=ORIENTED_EDGE('',*,*,#901,.T.);
#635=ORIENTED_EDGE('',*,*,#902,.T.);
#636=ORIENTED_EDGE('',*,*,#760,.F.);
#637=ORIENTED_EDGE('',*,*,#905,.F.);
#638=ORIENTED_EDGE('',*,*,#810,.F.);
#639=ORIENTED_EDGE('',*,*,#903,.T.);
#640=ORIENTED_EDGE('',*,*,#811,.F.);
#641=ORIENTED_EDGE('',*,*,#906,.F.);
#642=ORIENTED_EDGE('',*,*,#768,.F.);
#643=ORIENTED_EDGE('',*,*,#751,.F.);
#644=ORIENTED_EDGE('',*,*,#907,.T.);
#645=ORIENTED_EDGE('',*,*,#908,.T.);
#646=ORIENTED_EDGE('',*,*,#843,.F.);
#647=ORIENTED_EDGE('',*,*,#909,.F.);
#648=ORIENTED_EDGE('',*,*,#906,.T.);
#649=ORIENTED_EDGE('',*,*,#905,.T.);
#650=ORIENTED_EDGE('',*,*,#910,.F.);
#651=ORIENTED_EDGE('',*,*,#752,.T.);
#652=ORIENTED_EDGE('',*,*,#909,.T.);
#653=ORIENTED_EDGE('',*,*,#911,.F.);
#654=ORIENTED_EDGE('',*,*,#912,.F.);
#655=ORIENTED_EDGE('',*,*,#753,.T.);
#656=ORIENTED_EDGE('',*,*,#759,.F.);
#657=ORIENTED_EDGE('',*,*,#913,.T.);
#658=ORIENTED_EDGE('',*,*,#769,.F.);
#659=ORIENTED_EDGE('',*,*,#910,.T.);
#660=ORIENTED_EDGE('',*,*,#914,.T.);
#661=ORIENTED_EDGE('',*,*,#915,.T.);
#662=ORIENTED_EDGE('',*,*,#860,.F.);
#663=ORIENTED_EDGE('',*,*,#916,.F.);
#664=ORIENTED_EDGE('',*,*,#845,.F.);
#665=ORIENTED_EDGE('',*,*,#911,.T.);
#666=ORIENTED_EDGE('',*,*,#846,.F.);
#667=ORIENTED_EDGE('',*,*,#917,.F.);
#668=ORIENTED_EDGE('',*,*,#851,.F.);
#669=ORIENTED_EDGE('',*,*,#912,.T.);
#670=ORIENTED_EDGE('',*,*,#854,.F.);
#671=ORIENTED_EDGE('',*,*,#918,.F.);
#672=ORIENTED_EDGE('',*,*,#754,.F.);
#673=ORIENTED_EDGE('',*,*,#849,.F.);
#674=ORIENTED_EDGE('',*,*,#919,.T.);
#675=ORIENTED_EDGE('',*,*,#920,.T.);
#676=ORIENTED_EDGE('',*,*,#757,.F.);
#677=ORIENTED_EDGE('',*,*,#921,.F.);
#678=ORIENTED_EDGE('',*,*,#917,.T.);
#679=ORIENTED_EDGE('',*,*,#916,.T.);
#680=ORIENTED_EDGE('',*,*,#922,.F.);
#681=ORIENTED_EDGE('',*,*,#755,.T.);
#682=ORIENTED_EDGE('',*,*,#918,.T.);
#683=ORIENTED_EDGE('',*,*,#923,.F.);
#684=ORIENTED_EDGE('',*,*,#921,.T.);
#685=ORIENTED_EDGE('',*,*,#756,.T.);
#686=ORIENTED_EDGE('',*,*,#922,.T.);
#687=ORIENTED_EDGE('',*,*,#859,.F.);
#688=ORIENTED_EDGE('',*,*,#924,.F.);
#689=ORIENTED_EDGE('',*,*,#852,.F.);
#690=ORIENTED_EDGE('',*,*,#923,.T.);
#691=ORIENTED_EDGE('',*,*,#853,.F.);
#692=ORIENTED_EDGE('',*,*,#925,.F.);
#693=ORIENTED_EDGE('',*,*,#850,.F.);
#694=ORIENTED_EDGE('',*,*,#925,.T.);
#695=ORIENTED_EDGE('',*,*,#924,.T.);
#696=ORIENTED_EDGE('',*,*,#926,.F.);
#697=ORIENTED_EDGE('',*,*,#858,.F.);
#698=ORIENTED_EDGE('',*,*,#927,.T.);
#699=ORIENTED_EDGE('',*,*,#928,.T.);
#700=ORIENTED_EDGE('',*,*,#847,.F.);
#701=ORIENTED_EDGE('',*,*,#926,.T.);
#702=ORIENTED_EDGE('',*,*,#830,.F.);
#703=ORIENTED_EDGE('',*,*,#784,.F.);
#704=ORIENTED_EDGE('',*,*,#746,.F.);
#705=ORIENTED_EDGE('',*,*,#813,.F.);
#706=ORIENTED_EDGE('',*,*,#747,.F.);
#707=ORIENTED_EDGE('',*,*,#815,.F.);
#708=ORIENTED_EDGE('',*,*,#748,.F.);
#709=ORIENTED_EDGE('',*,*,#817,.F.);
#710=ORIENTED_EDGE('',*,*,#758,.F.);
#711=ORIENTED_EDGE('',*,*,#920,.F.);
#712=ORIENTED_EDGE('',*,*,#929,.F.);
#713=ORIENTED_EDGE('',*,*,#770,.F.);
#714=ORIENTED_EDGE('',*,*,#913,.F.);
#715=ORIENTED_EDGE('',*,*,#848,.F.);
#716=ORIENTED_EDGE('',*,*,#928,.F.);
#717=ORIENTED_EDGE('',*,*,#930,.F.);
#718=ORIENTED_EDGE('',*,*,#771,.F.);
#719=ORIENTED_EDGE('',*,*,#929,.T.);
#720=ORIENTED_EDGE('',*,*,#919,.F.);
#721=ORIENTED_EDGE('',*,*,#927,.F.);
#722=ORIENTED_EDGE('',*,*,#857,.F.);
#723=ORIENTED_EDGE('',*,*,#931,.F.);
#724=ORIENTED_EDGE('',*,*,#772,.F.);
#725=ORIENTED_EDGE('',*,*,#930,.T.);
#726=ORIENTED_EDGE('',*,*,#856,.F.);
#727=ORIENTED_EDGE('',*,*,#932,.F.);
#728=ORIENTED_EDGE('',*,*,#773,.F.);
#729=ORIENTED_EDGE('',*,*,#931,.T.);
#730=ORIENTED_EDGE('',*,*,#915,.F.);
#731=ORIENTED_EDGE('',*,*,#933,.F.);
#732=ORIENTED_EDGE('',*,*,#774,.F.);
#733=ORIENTED_EDGE('',*,*,#932,.T.);
#734=ORIENTED_EDGE('',*,*,#855,.F.);
#735=ORIENTED_EDGE('',*,*,#844,.F.);
#736=ORIENTED_EDGE('',*,*,#908,.F.);
#737=ORIENTED_EDGE('',*,*,#934,.F.);
#738=ORIENTED_EDGE('',*,*,#763,.F.);
#739=ORIENTED_EDGE('',*,*,#933,.T.);
#740=ORIENTED_EDGE('',*,*,#914,.F.);
#741=ORIENTED_EDGE('',*,*,#934,.T.);
#742=ORIENTED_EDGE('',*,*,#907,.F.);
#743=ORIENTED_EDGE('',*,*,#750,.F.);
#744=ORIENTED_EDGE('',*,*,#904,.F.);
#745=ORIENTED_EDGE('',*,*,#764,.F.);
#746=EDGE_CURVE('',#935,#935,#1047,.F.);
#747=EDGE_CURVE('',#936,#936,#1048,.F.);
#748=EDGE_CURVE('',#937,#937,#1049,.F.);
#749=EDGE_CURVE('',#938,#939,#34,.T.);
#750=EDGE_CURVE('',#939,#940,#35,.T.);
#751=EDGE_CURVE('',#940,#941,#36,.T.);
#752=EDGE_CURVE('',#942,#941,#37,.T.);
#753=EDGE_CURVE('',#943,#942,#38,.T.);
#754=EDGE_CURVE('',#943,#944,#39,.T.);
#755=EDGE_CURVE('',#945,#944,#40,.T.);
#756=EDGE_CURVE('',#946,#945,#41,.T.);
#757=EDGE_CURVE('',#946,#947,#42,.T.);
#758=EDGE_CURVE('',#947,#948,#43,.F.);
#759=EDGE_CURVE('',#948,#949,#44,.T.);
#760=EDGE_CURVE('',#949,#950,#45,.T.);
#761=EDGE_CURVE('',#950,#951,#46,.T.);
#762=EDGE_CURVE('',#951,#938,#47,.T.);
#763=EDGE_CURVE('',#952,#953,#48,.T.);
#764=EDGE_CURVE('',#953,#954,#49,.T.);
#765=EDGE_CURVE('',#954,#955,#50,.T.);
#766=EDGE_CURVE('',#955,#956,#51,.T.);
#767=EDGE_CURVE('',#956,#957,#52,.T.);
#768=EDGE_CURVE('',#957,#958,#53,.T.);
#769=EDGE_CURVE('',#958,#959,#54,.T.);
#770=EDGE_CURVE('',#959,#960,#55,.T.);
#771=EDGE_CURVE('',#960,#961,#56,.T.);
#772=EDGE_CURVE('',#961,#962,#57,.T.);
#773=EDGE_CURVE('',#962,#963,#58,.T.);
#774=EDGE_CURVE('',#963,#952,#59,.T.);
#775=EDGE_CURVE('',#964,#965,#60,.T.);
#776=EDGE_CURVE('',#965,#966,#61,.T.);
#777=EDGE_CURVE('',#966,#967,#62,.T.);
#778=EDGE_CURVE('',#967,#968,#63,.T.);
#779=EDGE_CURVE('',#968,#969,#64,.T.);
#780=EDGE_CURVE('',#969,#970,#65,.T.);
#781=EDGE_CURVE('',#970,#971,#66,.T.);
#782=EDGE_CURVE('',#971,#972,#67,.T.);
#783=EDGE_CURVE('',#972,#964,#68,.T.);
#784=EDGE_CURVE('',#973,#973,#24,.T.);
#785=EDGE_CURVE('',#974,#975,#69,.T.);
#786=EDGE_CURVE('',#975,#976,#70,.T.);
#787=EDGE_CURVE('',#976,#977,#25,.T.);
#788=EDGE_CURVE('',#977,#978,#71,.T.);
#789=EDGE_CURVE('',#978,#979,#72,.T.);
#790=EDGE_CURVE('',#979,#980,#73,.T.);
#791=EDGE_CURVE('',#980,#981,#74,.T.);
#792=EDGE_CURVE('',#981,#982,#75,.T.);
#793=EDGE_CURVE('',#982,#983,#26,.T.);
#794=EDGE_CURVE('',#983,#984,#76,.T.);
#795=EDGE_CURVE('',#984,#985,#77,.T.);
#796=EDGE_CURVE('',#985,#974,#78,.T.);
#797=EDGE_CURVE('',#986,#987,#79,.T.);
#798=EDGE_CURVE('',#986,#988,#80,.T.);
#799=EDGE_CURVE('',#988,#989,#81,.T.);
#800=EDGE_CURVE('',#989,#987,#82,.T.);
#801=EDGE_CURVE('',#990,#991,#83,.T.);
#802=EDGE_CURVE('',#991,#986,#84,.T.);
#803=EDGE_CURVE('',#987,#990,#85,.T.);
#804=EDGE_CURVE('',#992,#993,#86,.T.);
#805=EDGE_CURVE('',#993,#994,#87,.T.);
#806=EDGE_CURVE('',#994,#995,#88,.T.);
#807=EDGE_CURVE('',#995,#996,#89,.T.);
#808=EDGE_CURVE('',#996,#997,#90,.T.);
#809=EDGE_CURVE('',#997,#998,#91,.T.);
#810=EDGE_CURVE('',#998,#999,#92,.T.);
#811=EDGE_CURVE('',#999,#1000,#93,.T.);
#812=EDGE_CURVE('',#1000,#992,#94,.T.);
#813=EDGE_CURVE('',#1001,#1001,#1050,.T.);
#814=EDGE_CURVE('',#1002,#1002,#1051,.F.);
#815=EDGE_CURVE('',#1003,#1003,#1052,.T.);
#816=EDGE_CURVE('',#1004,#1004,#1053,.F.);
#817=EDGE_CURVE('',#1005,#1005,#1054,.T.);
#818=EDGE_CURVE('',#1006,#1006,#1055,.F.);
#819=EDGE_CURVE('',#1007,#1008,#95,.T.);
#820=EDGE_CURVE('',#1007,#1009,#27,.T.);
#821=EDGE_CURVE('',#1009,#1010,#96,.T.);
#822=EDGE_CURVE('',#1010,#1008,#1056,.T.);
#823=EDGE_CURVE('',#1011,#1012,#97,.T.);
#824=EDGE_CURVE('',#1012,#1007,#98,.T.);
#825=EDGE_CURVE('',#1008,#1011,#99,.T.);
#826=EDGE_CURVE('',#1009,#1013,#100,.T.);
#827=EDGE_CURVE('',#1013,#1014,#101,.T.);
#828=EDGE_CURVE('',#1014,#1010,#102,.T.);
#829=EDGE_CURVE('',#1014,#1011,#103,.T.);
#830=EDGE_CURVE('',#1015,#1015,#28,.T.);
#831=EDGE_CURVE('',#1016,#1016,#1057,.T.);
#832=EDGE_CURVE('',#1017,#1018,#104,.T.);
#833=EDGE_CURVE('',#1017,#1019,#29,.T.);
#834=EDGE_CURVE('',#1019,#1020,#105,.T.);
#835=EDGE_CURVE('',#1020,#1018,#1058,.T.);
#836=EDGE_CURVE('',#1021,#1022,#106,.T.);
#837=EDGE_CURVE('',#1022,#1017,#107,.T.);
#838=EDGE_CURVE('',#1018,#1021,#108,.T.);
#839=EDGE_CURVE('',#1019,#1023,#109,.T.);
#840=EDGE_CURVE('',#1023,#1024,#110,.T.);
#841=EDGE_CURVE('',#1020,#1024,#111,.T.);
#842=EDGE_CURVE('',#1024,#1021,#112,.T.);
#843=EDGE_CURVE('',#1025,#1026,#113,.T.);
#844=EDGE_CURVE('',#1026,#1027,#114,.T.);
#845=EDGE_CURVE('',#1027,#1028,#115,.T.);
#846=EDGE_CURVE('',#1028,#1025,#116,.T.);
#847=EDGE_CURVE('',#1029,#1030,#117,.T.);
#848=EDGE_CURVE('',#1030,#1031,#118,.T.);
#849=EDGE_CURVE('',#1031,#1032,#119,.T.);
#850=EDGE_CURVE('',#1032,#1029,#120,.T.);
#851=EDGE_CURVE('',#1033,#1034,#121,.T.);
#852=EDGE_CURVE('',#1034,#1035,#122,.T.);
#853=EDGE_CURVE('',#1035,#1036,#123,.T.);
#854=EDGE_CURVE('',#1036,#1033,#124,.T.);
#855=EDGE_CURVE('',#1037,#1038,#125,.F.);
#856=EDGE_CURVE('',#1038,#1039,#126,.T.);
#857=EDGE_CURVE('',#1039,#1040,#127,.T.);
#858=EDGE_CURVE('',#1040,#1041,#128,.T.);
#859=EDGE_CURVE('',#1041,#1042,#129,.T.);
#860=EDGE_CURVE('',#1042,#1037,#130,.T.);
#861=EDGE_CURVE('',#984,#965,#131,.F.);
#862=EDGE_CURVE('',#1022,#984,#132,.T.);
#863=EDGE_CURVE('',#965,#1022,#133,.F.);
#864=EDGE_CURVE('',#1017,#983,#30,.F.);
#865=EDGE_CURVE('',#966,#1021,#134,.T.);
#866=EDGE_CURVE('',#985,#964,#135,.T.);
#867=EDGE_CURVE('',#1019,#982,#31,.T.);
#868=EDGE_CURVE('',#967,#1024,#136,.F.);
#869=EDGE_CURVE('',#985,#989,#137,.F.);
#870=EDGE_CURVE('',#989,#964,#138,.T.);
#871=EDGE_CURVE('',#995,#975,#139,.T.);
#872=EDGE_CURVE('',#1013,#995,#140,.T.);
#873=EDGE_CURVE('',#975,#1013,#141,.T.);
#874=EDGE_CURVE('',#1014,#994,#142,.F.);
#875=EDGE_CURVE('',#976,#1009,#32,.F.);
#876=EDGE_CURVE('',#1023,#981,#143,.T.);
#877=EDGE_CURVE('',#968,#1023,#144,.F.);
#878=EDGE_CURVE('',#987,#972,#145,.T.);
#879=EDGE_CURVE('',#974,#988,#146,.T.);
#880=EDGE_CURVE('',#996,#974,#147,.F.);
#881=EDGE_CURVE('',#1011,#993,#148,.F.);
#882=EDGE_CURVE('',#977,#1007,#33,.T.);
#883=EDGE_CURVE('',#968,#981,#149,.F.);
#884=EDGE_CURVE('',#990,#971,#150,.F.);
#885=EDGE_CURVE('',#996,#988,#151,.F.);
#886=EDGE_CURVE('',#1012,#992,#152,.F.);
#887=EDGE_CURVE('',#978,#1012,#153,.F.);
#888=EDGE_CURVE('',#969,#980,#154,.T.);
#889=EDGE_CURVE('',#990,#951,#155,.T.);
#890=EDGE_CURVE('',#951,#971,#156,.T.);
#891=EDGE_CURVE('',#997,#986,#157,.F.);
#892=EDGE_CURVE('',#978,#992,#158,.T.);
#893=EDGE_CURVE('',#956,#980,#159,.F.);
#894=EDGE_CURVE('',#969,#956,#160,.T.);
#895=EDGE_CURVE('',#970,#955,#161,.F.);
#896=EDGE_CURVE('',#938,#970,#162,.F.);
#897=EDGE_CURVE('',#991,#950,#163,.F.);
#898=EDGE_CURVE('',#998,#991,#164,.T.);
#899=EDGE_CURVE('',#979,#1000,#165,.F.);
#900=EDGE_CURVE('',#957,#979,#166,.T.);
#901=EDGE_CURVE('',#938,#955,#167,.T.);
#902=EDGE_CURVE('',#998,#950,#168,.F.);
#903=EDGE_CURVE('',#957,#1000,#169,.F.);
#904=EDGE_CURVE('',#954,#939,#170,.F.);
#905=EDGE_CURVE('',#999,#949,#171,.T.);
#906=EDGE_CURVE('',#958,#999,#172,.T.);
#907=EDGE_CURVE('',#940,#1043,#173,.F.);
#908=EDGE_CURVE('',#1043,#1026,#174,.T.);
#909=EDGE_CURVE('',#941,#1025,#175,.T.);
#910=EDGE_CURVE('',#958,#949,#176,.T.);
#911=EDGE_CURVE('',#1033,#1025,#177,.T.);
#912=EDGE_CURVE('',#943,#1033,#178,.F.);
#913=EDGE_CURVE('',#948,#959,#179,.T.);
#914=EDGE_CURVE('',#1027,#1044,#180,.T.);
#915=EDGE_CURVE('',#1044,#1037,#181,.F.);
#916=EDGE_CURVE('',#1028,#1042,#182,.F.);
#917=EDGE_CURVE('',#1034,#1028,#183,.F.);
#918=EDGE_CURVE('',#944,#1036,#184,.T.);
#919=EDGE_CURVE('',#1031,#1045,#185,.T.);
#920=EDGE_CURVE('',#1045,#947,#186,.T.);
#921=EDGE_CURVE('',#1032,#946,#187,.T.);
#922=EDGE_CURVE('',#1034,#1042,#188,.T.);
#923=EDGE_CURVE('',#1032,#1036,#189,.F.);
#924=EDGE_CURVE('',#1035,#1041,#190,.F.);
#925=EDGE_CURVE('',#1029,#1035,#191,.T.);
#926=EDGE_CURVE('',#1029,#1041,#192,.F.);
#927=EDGE_CURVE('',#1040,#1046,#193,.T.);
#928=EDGE_CURVE('',#1046,#1030,#194,.T.);
#929=EDGE_CURVE('',#960,#1045,#195,.T.);
#930=EDGE_CURVE('',#961,#1046,#196,.F.);
#931=EDGE_CURVE('',#962,#1039,#197,.T.);
#932=EDGE_CURVE('',#963,#1038,#198,.F.);
#933=EDGE_CURVE('',#952,#1044,#199,.F.);
#934=EDGE_CURVE('',#953,#1043,#200,.T.);
#935=VERTEX_POINT('',#1905);
#936=VERTEX_POINT('',#1907);
#937=VERTEX_POINT('',#1909);
#938=VERTEX_POINT('',#1911);
#939=VERTEX_POINT('',#1912);
#940=VERTEX_POINT('',#1914);
#941=VERTEX_POINT('',#1916);
#942=VERTEX_POINT('',#1918);
#943=VERTEX_POINT('',#1920);
#944=VERTEX_POINT('',#1922);
#945=VERTEX_POINT('',#1924);
#946=VERTEX_POINT('',#1926);
#947=VERTEX_POINT('',#1928);
#948=VERTEX_POINT('',#1930);
#949=VERTEX_POINT('',#1932);
#950=VERTEX_POINT('',#1934);
#951=VERTEX_POINT('',#1936);
#952=VERTEX_POINT('',#1940);
#953=VERTEX_POINT('',#1941);
#954=VERTEX_POINT('',#1943);
#955=VERTEX_POINT('',#1945);
#956=VERTEX_POINT('',#1947);
#957=VERTEX_POINT('',#1949);
#958=VERTEX_POINT('',#1951);
#959=VERTEX_POINT('',#1953);
#960=VERTEX_POINT('',#1955);
#961=VERTEX_POINT('',#1957);
#962=VERTEX_POINT('',#1959);
#963=VERTEX_POINT('',#1961);
#964=VERTEX_POINT('',#1965);
#965=VERTEX_POINT('',#1966);
#966=VERTEX_POINT('',#1968);
#967=VERTEX_POINT('',#1970);
#968=VERTEX_POINT('',#1972);
#969=VERTEX_POINT('',#1974);
#970=VERTEX_POINT('',#1976);
#971=VERTEX_POINT('',#1978);
#972=VERTEX_POINT('',#1980);
#973=VERTEX_POINT('',#2002);
#974=VERTEX_POINT('',#2004);
#975=VERTEX_POINT('',#2005);
#976=VERTEX_POINT('',#2007);
#977=VERTEX_POINT('',#2015);
#978=VERTEX_POINT('',#2017);
#979=VERTEX_POINT('',#2019);
#980=VERTEX_POINT('',#2021);
#981=VERTEX_POINT('',#2023);
#982=VERTEX_POINT('',#2025);
#983=VERTEX_POINT('',#2033);
#984=VERTEX_POINT('',#2035);
#985=VERTEX_POINT('',#2037);
#986=VERTEX_POINT('',#2041);
#987=VERTEX_POINT('',#2042);
#988=VERTEX_POINT('',#2044);
#989=VERTEX_POINT('',#2046);
#990=VERTEX_POINT('',#2050);
#991=VERTEX_POINT('',#2051);
#992=VERTEX_POINT('',#2056);
#993=VERTEX_POINT('',#2057);
#994=VERTEX_POINT('',#2059);
#995=VERTEX_POINT('',#2061);
#996=VERTEX_POINT('',#2063);
#997=VERTEX_POINT('',#2065);
#998=VERTEX_POINT('',#2067);
#999=VERTEX_POINT('',#2069);
#1000=VERTEX_POINT('',#2071);
#1001=VERTEX_POINT('',#2075);
#1002=VERTEX_POINT('',#2077);
#1003=VERTEX_POINT('',#2080);
#1004=VERTEX_POINT('',#2082);
#1005=VERTEX_POINT('',#2085);
#1006=VERTEX_POINT('',#2087);
#1007=VERTEX_POINT('',#2090);
#1008=VERTEX_POINT('',#2091);
#1009=VERTEX_POINT('',#2117);
#1010=VERTEX_POINT('',#2119);
#1011=VERTEX_POINT('',#2123);
#1012=VERTEX_POINT('',#2124);
#1013=VERTEX_POINT('',#2129);
#1014=VERTEX_POINT('',#2131);
#1015=VERTEX_POINT('',#2179);
#1016=VERTEX_POINT('',#2181);
#1017=VERTEX_POINT('',#2185);
#1018=VERTEX_POINT('',#2186);
#1019=VERTEX_POINT('',#2212);
#1020=VERTEX_POINT('',#2214);
#1021=VERTEX_POINT('',#2218);
#1022=VERTEX_POINT('',#2219);
#1023=VERTEX_POINT('',#2224);
#1024=VERTEX_POINT('',#2226);
#1025=VERTEX_POINT('',#2232);
#1026=VERTEX_POINT('',#2233);
#1027=VERTEX_POINT('',#2235);
#1028=VERTEX_POINT('',#2237);
#1029=VERTEX_POINT('',#2241);
#1030=VERTEX_POINT('',#2242);
#1031=VERTEX_POINT('',#2244);
#1032=VERTEX_POINT('',#2246);
#1033=VERTEX_POINT('',#2250);
#1034=VERTEX_POINT('',#2251);
#1035=VERTEX_POINT('',#2253);
#1036=VERTEX_POINT('',#2255);
#1037=VERTEX_POINT('',#2259);
#1038=VERTEX_POINT('',#2260);
#1039=VERTEX_POINT('',#2262);
#1040=VERTEX_POINT('',#2264);
#1041=VERTEX_POINT('',#2266);
#1042=VERTEX_POINT('',#2268);
#1043=VERTEX_POINT('',#2407);
#1044=VERTEX_POINT('',#2419);
#1045=VERTEX_POINT('',#2428);
#1046=VERTEX_POINT('',#2443);
#1047=CIRCLE('',#1443,0.00205);
#1048=CIRCLE('',#1444,0.00205);
#1049=CIRCLE('',#1445,0.00205);
#1050=CIRCLE('',#1453,0.00165);
#1051=CIRCLE('',#1454,0.00165);
#1052=CIRCLE('',#1456,0.00165);
#1053=CIRCLE('',#1457,0.00165);
#1054=CIRCLE('',#1459,0.00165);
#1055=CIRCLE('',#1460,0.00165);
#1056=CIRCLE('',#1462,0.003);
#1057=CIRCLE('',#1467,0.003);
#1058=CIRCLE('',#1470,0.003);
#1059=EDGE_LOOP('',(#368));
#1060=EDGE_LOOP('',(#369));
#1061=EDGE_LOOP('',(#370));
#1062=EDGE_LOOP('',(#371,#372,#373,#374,#375,#376,#377,#378,#379,#380,#381,
#382,#383,#384));
#1063=EDGE_LOOP('',(#385,#386,#387,#388,#389,#390,#391,#392,#393,#394,#395,
#396));
#1064=EDGE_LOOP('',(#397,#398,#399,#400,#401,#402,#403,#404,#405));
#1065=EDGE_LOOP('',(#406));
#1066=EDGE_LOOP('',(#407,#408,#409,#410,#411,#412,#413,#414,#415,#416,#417,
#418));
#1067=EDGE_LOOP('',(#419,#420,#421,#422));
#1068=EDGE_LOOP('',(#423,#424,#425,#426));
#1069=EDGE_LOOP('',(#427,#428,#429,#430,#431,#432,#433,#434,#435));
#1070=EDGE_LOOP('',(#436));
#1071=EDGE_LOOP('',(#437));
#1072=EDGE_LOOP('',(#438));
#1073=EDGE_LOOP('',(#439));
#1074=EDGE_LOOP('',(#440));
#1075=EDGE_LOOP('',(#441));
#1076=EDGE_LOOP('',(#442,#443,#444,#445));
#1077=EDGE_LOOP('',(#446,#447,#448,#449));
#1078=EDGE_LOOP('',(#450,#451,#452,#453));
#1079=EDGE_LOOP('',(#454,#455,#456,#457));
#1080=EDGE_LOOP('',(#458));
#1081=EDGE_LOOP('',(#459));
#1082=EDGE_LOOP('',(#460));
#1083=EDGE_LOOP('',(#461));
#1084=EDGE_LOOP('',(#462));
#1085=EDGE_LOOP('',(#463,#464,#465,#466));
#1086=EDGE_LOOP('',(#467,#468,#469,#470));
#1087=EDGE_LOOP('',(#471,#472,#473,#474));
#1088=EDGE_LOOP('',(#475,#476,#477,#478));
#1089=EDGE_LOOP('',(#479));
#1090=EDGE_LOOP('',(#480,#481,#482,#483));
#1091=EDGE_LOOP('',(#484,#485,#486,#487));
#1092=EDGE_LOOP('',(#488,#489,#490,#491));
#1093=EDGE_LOOP('',(#492,#493,#494,#495,#496,#497));
#1094=EDGE_LOOP('',(#498,#499,#500));
#1095=EDGE_LOOP('',(#501,#502,#503,#504));
#1096=EDGE_LOOP('',(#505,#506,#507,#508));
#1097=EDGE_LOOP('',(#509,#510,#511,#512));
#1098=EDGE_LOOP('',(#513,#514,#515,#516));
#1099=EDGE_LOOP('',(#517,#518,#519,#520));
#1100=EDGE_LOOP('',(#521,#522,#523));
#1101=EDGE_LOOP('',(#524,#525,#526));
#1102=EDGE_LOOP('',(#527,#528,#529,#530));
#1103=EDGE_LOOP('',(#531,#532,#533,#534));
#1104=EDGE_LOOP('',(#535,#536,#537,#538));
#1105=EDGE_LOOP('',(#539,#540,#541,#542));
#1106=EDGE_LOOP('',(#543,#544,#545,#546));
#1107=EDGE_LOOP('',(#547,#548,#549,#550));
#1108=EDGE_LOOP('',(#551,#552,#553,#554));
#1109=EDGE_LOOP('',(#555,#556,#557,#558));
#1110=EDGE_LOOP('',(#559,#560,#561,#562));
#1111=EDGE_LOOP('',(#563,#564,#565));
#1112=EDGE_LOOP('',(#566,#567,#568,#569));
#1113=EDGE_LOOP('',(#570,#571,#572));
#1114=EDGE_LOOP('',(#573,#574,#575,#576));
#1115=EDGE_LOOP('',(#577,#578,#579,#580));
#1116=EDGE_LOOP('',(#581,#582,#583,#584));
#1117=EDGE_LOOP('',(#585,#586,#587));
#1118=EDGE_LOOP('',(#588,#589,#590,#591));
#1119=EDGE_LOOP('',(#592,#593,#594));
#1120=EDGE_LOOP('',(#595,#596,#597));
#1121=EDGE_LOOP('',(#598,#599,#600,#601));
#1122=EDGE_LOOP('',(#602,#603,#604,#605));
#1123=EDGE_LOOP('',(#606,#607,#608,#609));
#1124=EDGE_LOOP('',(#610,#611,#612,#613));
#1125=EDGE_LOOP('',(#614,#615,#616,#617));
#1126=EDGE_LOOP('',(#618,#619,#620,#621));
#1127=EDGE_LOOP('',(#622,#623,#624));
#1128=EDGE_LOOP('',(#625,#626,#627));
#1129=EDGE_LOOP('',(#628,#629,#630));
#1130=EDGE_LOOP('',(#631,#632,#633,#634));
#1131=EDGE_LOOP('',(#635,#636,#637,#638));
#1132=EDGE_LOOP('',(#639,#640,#641,#642));
#1133=EDGE_LOOP('',(#643,#644,#645,#646,#647));
#1134=EDGE_LOOP('',(#648,#649,#650));
#1135=EDGE_LOOP('',(#651,#652,#653,#654,#655));
#1136=EDGE_LOOP('',(#656,#657,#658,#659));
#1137=EDGE_LOOP('',(#660,#661,#662,#663,#664));
#1138=EDGE_LOOP('',(#665,#666,#667,#668));
#1139=EDGE_LOOP('',(#669,#670,#671,#672));
#1140=EDGE_LOOP('',(#673,#674,#675,#676,#677));
#1141=EDGE_LOOP('',(#678,#679,#680));
#1142=EDGE_LOOP('',(#681,#682,#683,#684,#685));
#1143=EDGE_LOOP('',(#686,#687,#688,#689));
#1144=EDGE_LOOP('',(#690,#691,#692,#693));
#1145=EDGE_LOOP('',(#694,#695,#696));
#1146=EDGE_LOOP('',(#697,#698,#699,#700,#701));
#1147=EDGE_LOOP('',(#702));
#1148=EDGE_LOOP('',(#703));
#1149=EDGE_LOOP('',(#704));
#1150=EDGE_LOOP('',(#705));
#1151=EDGE_LOOP('',(#706));
#1152=EDGE_LOOP('',(#707));
#1153=EDGE_LOOP('',(#708));
#1154=EDGE_LOOP('',(#709));
#1155=EDGE_LOOP('',(#710,#711,#712,#713,#714));
#1156=EDGE_LOOP('',(#715,#716,#717,#718,#719,#720));
#1157=EDGE_LOOP('',(#721,#722,#723,#724,#725));
#1158=EDGE_LOOP('',(#726,#727,#728,#729));
#1159=EDGE_LOOP('',(#730,#731,#732,#733,#734));
#1160=EDGE_LOOP('',(#735,#736,#737,#738,#739,#740));
#1161=EDGE_LOOP('',(#741,#742,#743,#744,#745));
#1162=FACE_BOUND('',#1059,.T.);
#1163=FACE_BOUND('',#1060,.T.);
#1164=FACE_BOUND('',#1061,.T.);
#1165=FACE_BOUND('',#1062,.T.);
#1166=FACE_BOUND('',#1063,.T.);
#1167=FACE_BOUND('',#1064,.T.);
#1168=FACE_BOUND('',#1065,.T.);
#1169=FACE_BOUND('',#1066,.T.);
#1170=FACE_BOUND('',#1067,.T.);
#1171=FACE_BOUND('',#1068,.T.);
#1172=FACE_BOUND('',#1069,.T.);
#1173=FACE_BOUND('',#1070,.T.);
#1174=FACE_BOUND('',#1071,.T.);
#1175=FACE_BOUND('',#1072,.T.);
#1176=FACE_BOUND('',#1073,.T.);
#1177=FACE_BOUND('',#1074,.T.);
#1178=FACE_BOUND('',#1075,.T.);
#1179=FACE_BOUND('',#1076,.T.);
#1180=FACE_BOUND('',#1077,.T.);
#1181=FACE_BOUND('',#1078,.T.);
#1182=FACE_BOUND('',#1079,.T.);
#1183=FACE_BOUND('',#1080,.T.);
#1184=FACE_BOUND('',#1081,.T.);
#1185=FACE_BOUND('',#1082,.T.);
#1186=FACE_BOUND('',#1083,.T.);
#1187=FACE_BOUND('',#1084,.T.);
#1188=FACE_BOUND('',#1085,.T.);
#1189=FACE_BOUND('',#1086,.T.);
#1190=FACE_BOUND('',#1087,.T.);
#1191=FACE_BOUND('',#1088,.T.);
#1192=FACE_BOUND('',#1089,.T.);
#1193=FACE_BOUND('',#1090,.T.);
#1194=FACE_BOUND('',#1091,.T.);
#1195=FACE_BOUND('',#1092,.T.);
#1196=FACE_BOUND('',#1093,.T.);
#1197=FACE_BOUND('',#1094,.T.);
#1198=FACE_BOUND('',#1095,.T.);
#1199=FACE_BOUND('',#1096,.T.);
#1200=FACE_BOUND('',#1097,.T.);
#1201=FACE_BOUND('',#1098,.T.);
#1202=FACE_BOUND('',#1099,.T.);
#1203=FACE_BOUND('',#1100,.T.);
#1204=FACE_BOUND('',#1101,.T.);
#1205=FACE_BOUND('',#1102,.T.);
#1206=FACE_BOUND('',#1103,.T.);
#1207=FACE_BOUND('',#1104,.T.);
#1208=FACE_BOUND('',#1105,.T.);
#1209=FACE_BOUND('',#1106,.T.);
#1210=FACE_BOUND('',#1107,.T.);
#1211=FACE_BOUND('',#1108,.T.);
#1212=FACE_BOUND('',#1109,.T.);
#1213=FACE_BOUND('',#1110,.T.);
#1214=FACE_BOUND('',#1111,.T.);
#1215=FACE_BOUND('',#1112,.T.);
#1216=FACE_BOUND('',#1113,.T.);
#1217=FACE_BOUND('',#1114,.T.);
#1218=FACE_BOUND('',#1115,.T.);
#1219=FACE_BOUND('',#1116,.T.);
#1220=FACE_BOUND('',#1117,.T.);
#1221=FACE_BOUND('',#1118,.T.);
#1222=FACE_BOUND('',#1119,.T.);
#1223=FACE_BOUND('',#1120,.T.);
#1224=FACE_BOUND('',#1121,.T.);
#1225=FACE_BOUND('',#1122,.T.);
#1226=FACE_BOUND('',#1123,.T.);
#1227=FACE_BOUND('',#1124,.T.);
#1228=FACE_BOUND('',#1125,.T.);
#1229=FACE_BOUND('',#1126,.T.);
#1230=FACE_BOUND('',#1127,.T.);
#1231=FACE_BOUND('',#1128,.T.);
#1232=FACE_BOUND('',#1129,.T.);
#1233=FACE_BOUND('',#1130,.T.);
#1234=FACE_BOUND('',#1131,.T.);
#1235=FACE_BOUND('',#1132,.T.);
#1236=FACE_BOUND('',#1133,.T.);
#1237=FACE_BOUND('',#1134,.T.);
#1238=FACE_BOUND('',#1135,.T.);
#1239=FACE_BOUND('',#1136,.T.);
#1240=FACE_BOUND('',#1137,.T.);
#1241=FACE_BOUND('',#1138,.T.);
#1242=FACE_BOUND('',#1139,.T.);
#1243=FACE_BOUND('',#1140,.T.);
#1244=FACE_BOUND('',#1141,.T.);
#1245=FACE_BOUND('',#1142,.T.);
#1246=FACE_BOUND('',#1143,.T.);
#1247=FACE_BOUND('',#1144,.T.);
#1248=FACE_BOUND('',#1145,.T.);
#1249=FACE_BOUND('',#1146,.T.);
#1250=FACE_BOUND('',#1147,.T.);
#1251=FACE_BOUND('',#1148,.T.);
#1252=FACE_BOUND('',#1149,.T.);
#1253=FACE_BOUND('',#1150,.T.);
#1254=FACE_BOUND('',#1151,.T.);
#1255=FACE_BOUND('',#1152,.T.);
#1256=FACE_BOUND('',#1153,.T.);
#1257=FACE_BOUND('',#1154,.T.);
#1258=FACE_BOUND('',#1155,.T.);
#1259=FACE_BOUND('',#1156,.T.);
#1260=FACE_BOUND('',#1157,.T.);
#1261=FACE_BOUND('',#1158,.T.);
#1262=FACE_BOUND('',#1159,.T.);
#1263=FACE_BOUND('',#1160,.T.);
#1264=FACE_BOUND('',#1161,.T.);
#1265=PLANE('',#1442);
#1266=PLANE('',#1446);
#1267=PLANE('',#1447);
#1268=PLANE('',#1448);
#1269=PLANE('',#1449);
#1270=PLANE('',#1450);
#1271=PLANE('',#1451);
#1272=PLANE('',#1463);
#1273=PLANE('',#1464);
#1274=PLANE('',#1465);
#1275=PLANE('',#1468);
#1276=PLANE('',#1471);
#1277=PLANE('',#1472);
#1278=PLANE('',#1473);
#1279=PLANE('',#1474);
#1280=PLANE('',#1475);
#1281=PLANE('',#1476);
#1282=PLANE('',#1477);
#1283=PLANE('',#1478);
#1284=PLANE('',#1479);
#1285=PLANE('',#1480);
#1286=PLANE('',#1481);
#1287=PLANE('',#1482);
#1288=PLANE('',#1483);
#1289=PLANE('',#1484);
#1290=PLANE('',#1485);
#1291=PLANE('',#1486);
#1292=PLANE('',#1487);
#1293=PLANE('',#1488);
#1294=PLANE('',#1489);
#1295=PLANE('',#1490);
#1296=PLANE('',#1491);
#1297=PLANE('',#1492);
#1298=PLANE('',#1493);
#1299=PLANE('',#1494);
#1300=PLANE('',#1495);
#1301=PLANE('',#1496);
#1302=PLANE('',#1497);
#1303=PLANE('',#1498);
#1304=PLANE('',#1499);
#1305=PLANE('',#1500);
#1306=PLANE('',#1501);
#1307=PLANE('',#1502);
#1308=PLANE('',#1503);
#1309=PLANE('',#1504);
#1310=PLANE('',#1505);
#1311=PLANE('',#1506);
#1312=PLANE('',#1507);
#1313=PLANE('',#1508);
#1314=PLANE('',#1509);
#1315=PLANE('',#1510);
#1316=PLANE('',#1511);
#1317=PLANE('',#1512);
#1318=PLANE('',#1513);
#1319=PLANE('',#1514);
#1320=PLANE('',#1515);
#1321=PLANE('',#1516);
#1322=PLANE('',#1517);
#1323=PLANE('',#1518);
#1324=PLANE('',#1519);
#1325=PLANE('',#1520);
#1326=PLANE('',#1521);
#1327=PLANE('',#1522);
#1328=PLANE('',#1523);
#1329=PLANE('',#1524);
#1330=PLANE('',#1525);
#1331=PLANE('',#1526);
#1332=PLANE('',#1527);
#1333=PLANE('',#1528);
#1334=PLANE('',#1532);
#1335=PLANE('',#1533);
#1336=PLANE('',#1534);
#1337=PLANE('',#1535);
#1338=PLANE('',#1536);
#1339=PLANE('',#1537);
#1340=PLANE('',#1538);
#1341=ADVANCED_FACE('',(#1162,#1163,#1164,#1165),#1265,.T.);
#1342=ADVANCED_FACE('',(#1166),#1266,.T.);
#1343=ADVANCED_FACE('',(#1167),#1267,.T.);
#1344=ADVANCED_FACE('',(#1168,#1169),#1268,.F.);
#1345=ADVANCED_FACE('',(#1170),#1269,.T.);
#1346=ADVANCED_FACE('',(#1171),#1270,.T.);
#1347=ADVANCED_FACE('',(#1172),#1271,.F.);
#1348=ADVANCED_FACE('',(#1173,#1174),#18,.F.);
#1349=ADVANCED_FACE('',(#1175,#1176),#19,.F.);
#1350=ADVANCED_FACE('',(#1177,#1178),#20,.F.);
#1351=ADVANCED_FACE('',(#1179),#21,.F.);
#1352=ADVANCED_FACE('',(#1180),#1272,.F.);
#1353=ADVANCED_FACE('',(#1181),#1273,.F.);
#1354=ADVANCED_FACE('',(#1182,#1183),#1274,.F.);
#1355=ADVANCED_FACE('',(#1184,#1185),#22,.F.);
#1356=ADVANCED_FACE('',(#1186,#1187),#1275,.F.);
#1357=ADVANCED_FACE('',(#1188),#23,.F.);
#1358=ADVANCED_FACE('',(#1189),#1276,.F.);
#1359=ADVANCED_FACE('',(#1190),#1277,.T.);
#1360=ADVANCED_FACE('',(#1191,#1192),#1278,.F.);
#1361=ADVANCED_FACE('',(#1193),#1279,.T.);
#1362=ADVANCED_FACE('',(#1194),#1280,.F.);
#1363=ADVANCED_FACE('',(#1195),#1281,.T.);
#1364=ADVANCED_FACE('',(#1196),#1282,.T.);
#1365=ADVANCED_FACE('',(#1197),#1283,.T.);
#1366=ADVANCED_FACE('',(#1198),#1284,.F.);
#1367=ADVANCED_FACE('',(#1199),#1285,.T.);
#1368=ADVANCED_FACE('',(#1200),#1286,.T.);
#1369=ADVANCED_FACE('',(#1201),#15,.T.);
#1370=ADVANCED_FACE('',(#1202),#1287,.T.);
#1371=ADVANCED_FACE('',(#1203),#1288,.T.);
#1372=ADVANCED_FACE('',(#1204),#1289,.T.);
#1373=ADVANCED_FACE('',(#1205),#1290,.F.);
#1374=ADVANCED_FACE('',(#1206),#1291,.F.);
#1375=ADVANCED_FACE('',(#1207),#1292,.T.);
#1376=ADVANCED_FACE('',(#1208),#1293,.F.);
#1377=ADVANCED_FACE('',(#1209),#1294,.F.);
#1378=ADVANCED_FACE('',(#1210),#1295,.T.);
#1379=ADVANCED_FACE('',(#1211),#1296,.F.);
#1380=ADVANCED_FACE('',(#1212),#1297,.F.);
#1381=ADVANCED_FACE('',(#1213),#16,.T.);
#1382=ADVANCED_FACE('',(#1214),#1298,.T.);
#1383=ADVANCED_FACE('',(#1215),#1299,.F.);
#1384=ADVANCED_FACE('',(#1216),#1300,.T.);
#1385=ADVANCED_FACE('',(#1217),#1301,.F.);
#1386=ADVANCED_FACE('',(#1218),#1302,.F.);
#1387=ADVANCED_FACE('',(#1219),#1303,.T.);
#1388=ADVANCED_FACE('',(#1220),#1304,.T.);
#1389=ADVANCED_FACE('',(#1221),#1305,.T.);
#1390=ADVANCED_FACE('',(#1222),#1306,.T.);
#1391=ADVANCED_FACE('',(#1223),#1307,.T.);
#1392=ADVANCED_FACE('',(#1224),#1308,.F.);
#1393=ADVANCED_FACE('',(#1225),#1309,.F.);
#1394=ADVANCED_FACE('',(#1226),#1310,.F.);
#1395=ADVANCED_FACE('',(#1227),#1311,.T.);
#1396=ADVANCED_FACE('',(#1228),#1312,.F.);
#1397=ADVANCED_FACE('',(#1229),#1313,.T.);
#1398=ADVANCED_FACE('',(#1230),#1314,.T.);
#1399=ADVANCED_FACE('',(#1231),#1315,.T.);
#1400=ADVANCED_FACE('',(#1232),#1316,.T.);
#1401=ADVANCED_FACE('',(#1233),#1317,.F.);
#1402=ADVANCED_FACE('',(#1234),#1318,.T.);
#1403=ADVANCED_FACE('',(#1235),#1319,.T.);
#1404=ADVANCED_FACE('',(#1236),#1320,.F.);
#1405=ADVANCED_FACE('',(#1237),#1321,.T.);
#1406=ADVANCED_FACE('',(#1238),#1322,.T.);
#1407=ADVANCED_FACE('',(#1239),#1323,.F.);
#1408=ADVANCED_FACE('',(#1240),#1324,.T.);
#1409=ADVANCED_FACE('',(#1241),#1325,.T.);
#1410=ADVANCED_FACE('',(#1242),#1326,.F.);
#1411=ADVANCED_FACE('',(#1243),#1327,.T.);
#1412=ADVANCED_FACE('',(#1244),#1328,.T.);
#1413=ADVANCED_FACE('',(#1245),#1329,.T.);
#1414=ADVANCED_FACE('',(#1246),#1330,.T.);
#1415=ADVANCED_FACE('',(#1247),#1331,.F.);
#1416=ADVANCED_FACE('',(#1248),#1332,.T.);
#1417=ADVANCED_FACE('',(#1249),#1333,.F.);
#1418=ADVANCED_FACE('',(#1250,#1251),#17,.T.);
#1419=ADVANCED_FACE('',(#1252,#1253),#12,.F.);
#1420=ADVANCED_FACE('',(#1254,#1255),#13,.F.);
#1421=ADVANCED_FACE('',(#1256,#1257),#14,.F.);
#1422=ADVANCED_FACE('',(#1258),#1334,.F.);
#1423=ADVANCED_FACE('',(#1259),#1335,.T.);
#1424=ADVANCED_FACE('',(#1260),#1336,.T.);
#1425=ADVANCED_FACE('',(#1261),#1337,.F.);
#1426=ADVANCED_FACE('',(#1262),#1338,.F.);
#1427=ADVANCED_FACE('',(#1263),#1339,.F.);
#1428=ADVANCED_FACE('',(#1264),#1340,.T.);
#1429=CLOSED_SHELL('',(#1341,#1342,#1343,#1344,#1345,#1346,#1347,#1348,
#1349,#1350,#1351,#1352,#1353,#1354,#1355,#1356,#1357,#1358,#1359,#1360,
#1361,#1362,#1363,#1364,#1365,#1366,#1367,#1368,#1369,#1370,#1371,#1372,
#1373,#1374,#1375,#1376,#1377,#1378,#1379,#1380,#1381,#1382,#1383,#1384,
#1385,#1386,#1387,#1388,#1389,#1390,#1391,#1392,#1393,#1394,#1395,#1396,
#1397,#1398,#1399,#1400,#1401,#1402,#1403,#1404,#1405,#1406,#1407,#1408,
#1409,#1410,#1411,#1412,#1413,#1414,#1415,#1416,#1417,#1418,#1419,#1420,
#1421,#1422,#1423,#1424,#1425,#1426,#1427,#1428));
#1430=STYLED_ITEM('',(#1431),#1438);
#1431=PRESENTATION_STYLE_ASSIGNMENT((#1432));
#1432=SURFACE_STYLE_USAGE(.BOTH.,#1433);
#1433=SURFACE_SIDE_STYLE('',(#1434));
#1434=SURFACE_STYLE_FILL_AREA(#1435);
#1435=FILL_AREA_STYLE('',(#1436));
#1436=FILL_AREA_STYLE_COLOUR('',#1437);
#1437=COLOUR_RGB('',0.501960784313726,0.501960784313726,0.501960784313726);
#1438=MANIFOLD_SOLID_BREP('Front_Cover',#1429);
#1439=SHAPE_DEFINITION_REPRESENTATION(#2503,#1440);
#1440=SHAPE_REPRESENTATION('Front_Cover',(#1441),#2498);
#1441=AXIS2_PLACEMENT_3D('',#1902,#1539,#1540);
#1442=AXIS2_PLACEMENT_3D('',#1903,#1541,#1542);
#1443=AXIS2_PLACEMENT_3D('',#1904,#1543,#1544);
#1444=AXIS2_PLACEMENT_3D('',#1906,#1545,#1546);
#1445=AXIS2_PLACEMENT_3D('',#1908,#1547,#1548);
#1446=AXIS2_PLACEMENT_3D('',#1938,#1563,#1564);
#1447=AXIS2_PLACEMENT_3D('',#1963,#1577,#1578);
#1448=AXIS2_PLACEMENT_3D('',#1982,#1588,#1589);
#1449=AXIS2_PLACEMENT_3D('',#2039,#1600,#1601);
#1450=AXIS2_PLACEMENT_3D('',#2048,#1606,#1607);
#1451=AXIS2_PLACEMENT_3D('',#2054,#1611,#1612);
#1452=AXIS2_PLACEMENT_3D('',#2073,#1622,#1623);
#1453=AXIS2_PLACEMENT_3D('',#2074,#1624,#1625);
#1454=AXIS2_PLACEMENT_3D('',#2076,#1626,#1627);
#1455=AXIS2_PLACEMENT_3D('',#2078,#1628,#1629);
#1456=AXIS2_PLACEMENT_3D('',#2079,#1630,#1631);
#1457=AXIS2_PLACEMENT_3D('',#2081,#1632,#1633);
#1458=AXIS2_PLACEMENT_3D('',#2083,#1634,#1635);
#1459=AXIS2_PLACEMENT_3D('',#2084,#1636,#1637);
#1460=AXIS2_PLACEMENT_3D('',#2086,#1638,#1639);
#1461=AXIS2_PLACEMENT_3D('',#2088,#1640,#1641);
#1462=AXIS2_PLACEMENT_3D('',#2120,#1644,#1645);
#1463=AXIS2_PLACEMENT_3D('',#2121,#1646,#1647);
#1464=AXIS2_PLACEMENT_3D('',#2127,#1651,#1652);
#1465=AXIS2_PLACEMENT_3D('',#2133,#1656,#1657);
#1466=AXIS2_PLACEMENT_3D('',#2135,#1659,#1660);
#1467=AXIS2_PLACEMENT_3D('',#2180,#1661,#1662);
#1468=AXIS2_PLACEMENT_3D('',#2182,#1663,#1664);
#1469=AXIS2_PLACEMENT_3D('',#2183,#1665,#1666);
#1470=AXIS2_PLACEMENT_3D('',#2215,#1669,#1670);
#1471=AXIS2_PLACEMENT_3D('',#2216,#1671,#1672);
#1472=AXIS2_PLACEMENT_3D('',#2222,#1676,#1677);
#1473=AXIS2_PLACEMENT_3D('',#2228,#1681,#1682);
#1474=AXIS2_PLACEMENT_3D('',#2230,#1684,#1685);
#1475=AXIS2_PLACEMENT_3D('',#2239,#1690,#1691);
#1476=AXIS2_PLACEMENT_3D('',#2248,#1696,#1697);
#1477=AXIS2_PLACEMENT_3D('',#2257,#1702,#1703);
#1478=AXIS2_PLACEMENT_3D('',#2270,#1710,#1711);
#1479=AXIS2_PLACEMENT_3D('',#2274,#1715,#1716);
#1480=AXIS2_PLACEMENT_3D('',#2279,#1717,#1718);
#1481=AXIS2_PLACEMENT_3D('',#2281,#1720,#1721);
#1482=AXIS2_PLACEMENT_3D('',#2307,#1723,#1724);
#1483=AXIS2_PLACEMENT_3D('',#2309,#1726,#1727);
#1484=AXIS2_PLACEMENT_3D('',#2312,#1730,#1731);
#1485=AXIS2_PLACEMENT_3D('',#2316,#1735,#1736);
#1486=AXIS2_PLACEMENT_3D('',#2318,#1738,#1739);
#1487=AXIS2_PLACEMENT_3D('',#2323,#1740,#1741);
#1488=AXIS2_PLACEMENT_3D('',#2325,#1743,#1744);
#1489=AXIS2_PLACEMENT_3D('',#2327,#1746,#1747);
#1490=AXIS2_PLACEMENT_3D('',#2329,#1749,#1750);
#1491=AXIS2_PLACEMENT_3D('',#2331,#1752,#1753);
#1492=AXIS2_PLACEMENT_3D('',#2333,#1755,#1756);
#1493=AXIS2_PLACEMENT_3D('',#2359,#1758,#1759);
#1494=AXIS2_PLACEMENT_3D('',#2361,#1761,#1762);
#1495=AXIS2_PLACEMENT_3D('',#2363,#1764,#1765);
#1496=AXIS2_PLACEMENT_3D('',#2365,#1767,#1768);
#1497=AXIS2_PLACEMENT_3D('',#2367,#1770,#1771);
#1498=AXIS2_PLACEMENT_3D('',#2369,#1773,#1774);
#1499=AXIS2_PLACEMENT_3D('',#2371,#1776,#1777);
#1500=AXIS2_PLACEMENT_3D('',#2374,#1780,#1781);
#1501=AXIS2_PLACEMENT_3D('',#2376,#1783,#1784);
#1502=AXIS2_PLACEMENT_3D('',#2378,#1786,#1787);
#1503=AXIS2_PLACEMENT_3D('',#2381,#1790,#1791);
#1504=AXIS2_PLACEMENT_3D('',#2383,#1793,#1794);
#1505=AXIS2_PLACEMENT_3D('',#2385,#1796,#1797);
#1506=AXIS2_PLACEMENT_3D('',#2387,#1799,#1800);
#1507=AXIS2_PLACEMENT_3D('',#2389,#1802,#1803);
#1508=AXIS2_PLACEMENT_3D('',#2391,#1805,#1806);
#1509=AXIS2_PLACEMENT_3D('',#2393,#1808,#1809);
#1510=AXIS2_PLACEMENT_3D('',#2395,#1811,#1812);
#1511=AXIS2_PLACEMENT_3D('',#2397,#1814,#1815);
#1512=AXIS2_PLACEMENT_3D('',#2399,#1817,#1818);
#1513=AXIS2_PLACEMENT_3D('',#2401,#1820,#1821);
#1514=AXIS2_PLACEMENT_3D('',#2403,#1823,#1824);
#1515=AXIS2_PLACEMENT_3D('',#2405,#1826,#1827);
#1516=AXIS2_PLACEMENT_3D('',#2410,#1831,#1832);
#1517=AXIS2_PLACEMENT_3D('',#2412,#1834,#1835);
#1518=AXIS2_PLACEMENT_3D('',#2415,#1838,#1839);
#1519=AXIS2_PLACEMENT_3D('',#2417,#1841,#1842);
#1520=AXIS2_PLACEMENT_3D('',#2422,#1846,#1847);
#1521=AXIS2_PLACEMENT_3D('',#2424,#1849,#1850);
#1522=AXIS2_PLACEMENT_3D('',#2426,#1852,#1853);
#1523=AXIS2_PLACEMENT_3D('',#2431,#1857,#1858);
#1524=AXIS2_PLACEMENT_3D('',#2433,#1860,#1861);
#1525=AXIS2_PLACEMENT_3D('',#2435,#1863,#1864);
#1526=AXIS2_PLACEMENT_3D('',#2437,#1866,#1867);
#1527=AXIS2_PLACEMENT_3D('',#2439,#1869,#1870);
#1528=AXIS2_PLACEMENT_3D('',#2441,#1872,#1873);
#1529=AXIS2_PLACEMENT_3D('',#2481,#1876,#1877);
#1530=AXIS2_PLACEMENT_3D('',#2482,#1878,#1879);
#1531=AXIS2_PLACEMENT_3D('',#2483,#1880,#1881);
#1532=AXIS2_PLACEMENT_3D('',#2484,#1882,#1883);
#1533=AXIS2_PLACEMENT_3D('',#2486,#1885,#1886);
#1534=AXIS2_PLACEMENT_3D('',#2488,#1888,#1889);
#1535=AXIS2_PLACEMENT_3D('',#2490,#1891,#1892);
#1536=AXIS2_PLACEMENT_3D('',#2492,#1894,#1895);
#1537=AXIS2_PLACEMENT_3D('',#2494,#1897,#1898);
#1538=AXIS2_PLACEMENT_3D('',#2496,#1900,#1901);
#1539=DIRECTION('',(0.,0.,1.));
#1540=DIRECTION('',(1.,0.,0.));
#1541=DIRECTION('',(0.,0.,-1.));
#1542=DIRECTION('',(-1.,0.,0.));
#1543=DIRECTION('',(0.,0.,-1.));
#1544=DIRECTION('',(-1.,0.,0.));
#1545=DIRECTION('',(0.,0.,-1.));
#1546=DIRECTION('',(-1.,0.,0.));
#1547=DIRECTION('',(0.,0.,-1.));
#1548=DIRECTION('',(-1.,0.,0.));
#1549=DIRECTION('',(-1.,0.,0.));
#1550=DIRECTION('',(-0.707106781186551,0.707106781186544,0.));
#1551=DIRECTION('',(0.,1.,0.));
#1552=DIRECTION('',(0.707106781186544,-0.707106781186551,0.));
#1553=DIRECTION('',(0.707106781186544,-0.707106781186551,0.));
#1554=DIRECTION('',(-1.,4.33680868994202E-17,0.));
#1555=DIRECTION('',(0.70710678118655,0.707106781186545,0.));
#1556=DIRECTION('',(0.70710678118655,0.707106781186545,0.));
#1557=DIRECTION('',(0.,-1.,0.));
#1558=DIRECTION('',(0.707106781186542,0.707106781186553,0.));
#1559=DIRECTION('',(-1.,0.,0.));
#1560=DIRECTION('',(0.,1.,0.));
#1561=DIRECTION('',(1.,0.,0.));
#1562=DIRECTION('',(0.,-1.,0.));
#1563=DIRECTION('',(0.,-0.707106781186548,-0.707106781186547));
#1564=DIRECTION('',(0.,0.707106781186547,-0.707106781186548));
#1565=DIRECTION('',(0.,0.707106781186547,-0.707106781186548));
#1566=DIRECTION('',(0.577350269189626,0.577350269189626,-0.577350269189626));
#1567=DIRECTION('',(1.,0.,0.));
#1568=DIRECTION('',(0.,-0.707106781186547,0.707106781186548));
#1569=DIRECTION('',(-1.,0.,0.));
#1570=DIRECTION('',(0.,0.707106781186547,-0.707106781186548));
#1571=DIRECTION('',(1.,0.,0.));
#1572=DIRECTION('',(0.577350269189629,-0.577350269189624,0.577350269189624));
#1573=DIRECTION('',(0.,-0.707106781186547,0.707106781186548));
#1574=DIRECTION('',(0.577350269189629,-0.577350269189624,0.577350269189624));
#1575=DIRECTION('',(1.,0.,0.));
#1576=DIRECTION('',(0.577350269189626,0.577350269189626,-0.577350269189626));
#1577=DIRECTION('',(1.,0.,0.));
#1578=DIRECTION('',(0.,1.,0.));
#1579=DIRECTION('',(0.,-0.998111869922868,-0.0614222689183316));
#1580=DIRECTION('',(0.,0.,-1.));
#1581=DIRECTION('',(0.,-1.,0.));
#1582=DIRECTION('',(0.,0.,1.));
#1583=DIRECTION('',(0.,-0.998111869922868,-0.0614222689183316));
#1584=DIRECTION('',(0.,0.707106781186547,-0.707106781186548));
#1585=DIRECTION('',(0.,1.,0.));
#1586=DIRECTION('',(0.,-0.707106781186548,0.707106781186547));
#1587=DIRECTION('',(0.,0.707106781186548,0.707106781186548));
#1588=DIRECTION('',(0.,0.0614222689183316,-0.998111869922868));
#1589=DIRECTION('',(0.,0.998111869922868,0.0614222689183316));
#1590=DIRECTION('',(0.,-0.998111869922868,-0.0614222689183316));
#1591=DIRECTION('',(1.,0.,0.));
#1592=DIRECTION('',(-1.,0.,0.));
#1593=DIRECTION('',(0.,-0.998111869922868,-0.0614222689183316));
#1594=DIRECTION('',(1.,0.,0.));
#1595=DIRECTION('',(0.,0.998111869922868,0.0614222689183316));
#1596=DIRECTION('',(-1.,0.,0.));
#1597=DIRECTION('',(1.,0.,0.));
#1598=DIRECTION('',(0.,0.998111869922868,0.0614222689183316));
#1599=DIRECTION('',(-1.,0.,0.));
#1600=DIRECTION('',(0.,0.707106781186548,-0.707106781186548));
#1601=DIRECTION('',(0.,0.707106781186548,0.707106781186548));
#1602=DIRECTION('',(1.,0.,0.));
#1603=DIRECTION('',(0.,0.707106781186548,0.707106781186548));
#1604=DIRECTION('',(1.,0.,0.));
#1605=DIRECTION('',(0.,-0.707106781186548,-0.707106781186548));
#1606=DIRECTION('',(0.,0.707106781186547,0.707106781186548));
#1607=DIRECTION('',(0.,-0.707106781186548,0.707106781186547));
#1608=DIRECTION('',(-1.,0.,0.));
#1609=DIRECTION('',(0.,-0.707106781186548,0.707106781186547));
#1610=DIRECTION('',(0.,0.707106781186548,-0.707106781186547));
#1611=DIRECTION('',(1.,0.,0.));
#1612=DIRECTION('',(0.,1.,0.));
#1613=DIRECTION('',(0.,0.,-1.));
#1614=DIRECTION('',(0.,1.,0.));
#1615=DIRECTION('',(0.,0.,1.));
#1616=DIRECTION('',(0.,0.998111869922868,0.0614222689183316));
#1617=DIRECTION('',(0.,-0.707106781186548,-0.707106781186548));
#1618=DIRECTION('',(0.,0.707106781186548,-0.707106781186547));
#1619=DIRECTION('',(0.,-1.,0.));
#1620=DIRECTION('',(0.,-0.707106781186547,0.707106781186548));
#1621=DIRECTION('',(0.,0.998111869922868,0.0614222689183316));
#1622=DIRECTION('',(0.,0.,-1.));
#1623=DIRECTION('',(-1.,0.,0.));
#1624=DIRECTION('',(0.,0.,-1.));
#1625=DIRECTION('',(-1.,0.,0.));
#1626=DIRECTION('',(0.,0.,-1.));
#1627=DIRECTION('',(-1.,0.,0.));
#1628=DIRECTION('',(0.,0.,-1.));
#1629=DIRECTION('',(-1.,0.,0.));
#1630=DIRECTION('',(0.,0.,-1.));
#1631=DIRECTION('',(-1.,0.,0.));
#1632=DIRECTION('',(0.,0.,-1.));
#1633=DIRECTION('',(-1.,0.,0.));
#1634=DIRECTION('',(0.,0.,-1.));
#1635=DIRECTION('',(-1.,0.,0.));
#1636=DIRECTION('',(0.,0.,-1.));
#1637=DIRECTION('',(-1.,0.,0.));
#1638=DIRECTION('',(0.,0.,-1.));
#1639=DIRECTION('',(-1.,0.,0.));
#1640=DIRECTION('',(0.,0.,-1.));
#1641=DIRECTION('',(-1.,0.,0.));
#1642=DIRECTION('',(0.,0.,-1.));
#1643=DIRECTION('',(0.,0.,-1.));
#1644=DIRECTION('',(0.,0.,-1.));
#1645=DIRECTION('',(-1.,0.,0.));
#1646=DIRECTION('',(0.,-1.,0.));
#1647=DIRECTION('',(0.,0.,-1.));
#1648=DIRECTION('',(0.,0.,1.));
#1649=DIRECTION('',(1.,0.,0.));
#1650=DIRECTION('',(-1.,0.,0.));
#1651=DIRECTION('',(0.,1.,0.));
#1652=DIRECTION('',(0.,0.,1.));
#1653=DIRECTION('',(-1.,0.,0.));
#1654=DIRECTION('',(0.,0.,-1.));
#1655=DIRECTION('',(1.,0.,0.));
#1656=DIRECTION('',(0.,0.,-1.));
#1657=DIRECTION('',(1.,0.,0.));
#1658=DIRECTION('',(0.,-1.,0.));
#1659=DIRECTION('',(0.,0.,-1.));
#1660=DIRECTION('',(-1.,0.,0.));
#1661=DIRECTION('',(0.,0.,-1.));
#1662=DIRECTION('',(-1.,0.,0.));
#1663=DIRECTION('',(0.,0.,-1.));
#1664=DIRECTION('',(1.,0.,0.));
#1665=DIRECTION('',(0.,0.,-1.));
#1666=DIRECTION('',(-1.,0.,0.));
#1667=DIRECTION('',(0.,0.,-1.));
#1668=DIRECTION('',(0.,0.,-1.));
#1669=DIRECTION('',(0.,0.,-1.));
#1670=DIRECTION('',(-1.,0.,0.));
#1671=DIRECTION('',(0.,1.,0.));
#1672=DIRECTION('',(0.,0.,1.));
#1673=DIRECTION('',(0.,0.,1.));
#1674=DIRECTION('',(-1.,0.,0.));
#1675=DIRECTION('',(1.,0.,0.));
#1676=DIRECTION('',(0.,1.,0.));
#1677=DIRECTION('',(0.,0.,1.));
#1678=DIRECTION('',(1.,0.,0.));
#1679=DIRECTION('',(0.,0.,-1.));
#1680=DIRECTION('',(1.,0.,0.));
#1681=DIRECTION('',(0.,0.,-1.));
#1682=DIRECTION('',(1.,0.,0.));
#1683=DIRECTION('',(0.,1.,0.));
#1684=DIRECTION('',(-1.,0.,0.));
#1685=DIRECTION('',(0.,0.,1.));
#1686=DIRECTION('',(0.,-1.,0.));
#1687=DIRECTION('',(0.,-0.707106781186547,0.707106781186548));
#1688=DIRECTION('',(0.,1.,0.));
#1689=DIRECTION('',(0.,0.,-1.));
#1690=DIRECTION('',(-1.,0.,0.));
#1691=DIRECTION('',(0.,0.,1.));
#1692=DIRECTION('',(0.,-1.,0.));
#1693=DIRECTION('',(0.,0.707106781186547,-0.707106781186548));
#1694=DIRECTION('',(0.,1.,0.));
#1695=DIRECTION('',(0.,0.,1.));
#1696=DIRECTION('',(-4.33680868994202E-17,-1.,0.));
#1697=DIRECTION('',(1.,-4.33680868994202E-17,0.));
#1698=DIRECTION('',(0.,0.,1.));
#1699=DIRECTION('',(-1.,4.33680868994202E-17,0.));
#1700=DIRECTION('',(0.,0.,-1.));
#1701=DIRECTION('',(1.,-4.33680868994202E-17,0.));
#1702=DIRECTION('',(0.,0.,-1.));
#1703=DIRECTION('',(1.,0.,0.));
#1704=DIRECTION('',(-0.707106781186536,0.707106781186559,0.));
#1705=DIRECTION('',(-1.,0.,0.));
#1706=DIRECTION('',(0.707106781186549,0.707106781186546,0.));
#1707=DIRECTION('',(0.,1.,0.));
#1708=DIRECTION('',(1.,-4.33680868994202E-17,0.));
#1709=DIRECTION('',(0.,-1.,0.));
#1710=DIRECTION('',(0.608559556111186,-0.578070117624473,0.543590108239089));
#1711=DIRECTION('',(0.688710972603644,0.725035996496273,0.));
#1712=DIRECTION('',(-0.706551300726716,-0.082952930513182,0.702783089409998));
#1713=DIRECTION('',(-3.19260501882424E-15,0.685046615596948,0.728499234357297));
#1714=DIRECTION('',(0.706551300726721,0.706551300726721,-0.0396297726811097));
#1715=DIRECTION('',(0.,0.728499234357297,-0.685046615596948));
#1716=DIRECTION('',(1.,0.,0.));
#1717=DIRECTION('',(0.707106781186548,-0.707106781186548,0.));
#1718=DIRECTION('',(0.,0.,1.));
#1719=DIRECTION('',(-0.577350269189626,-0.577350269189626,0.577350269189626));
#1720=DIRECTION('',(0.707106781186553,-0.0434321028680156,0.70577167160524));
#1721=DIRECTION('',(0.,-0.998111869922868,-0.0614222689183316));
#1722=DIRECTION('',(0.461623872781834,-0.727716118266842,-0.507279657873781));
#1723=DIRECTION('',(0.707106781186548,0.,0.707106781186548));
#1724=DIRECTION('',(0.,-1.,0.));
#1725=DIRECTION('',(0.577350269189626,-0.577350269189626,-0.577350269189626));
#1726=DIRECTION('',(0.883771865346539,0.426593919126364,0.192262628158225));
#1727=DIRECTION('',(-0.43470397001731,0.900573405365265,0.));
#1728=DIRECTION('',(-1.77442854176867E-14,-0.410889541886107,0.911685134445344));
#1729=DIRECTION('',(0.461623872781833,-0.862051014328529,-0.209216272725275));
#1730=DIRECTION('',(-0.608559556111173,-0.578070117624483,0.543590108239093));
#1731=DIRECTION('',(0.688710972603658,-0.725035996496259,0.));
#1732=DIRECTION('',(0.706551300726718,-0.0829529305131624,0.702783089409998));
#1733=DIRECTION('',(-0.706551300726725,0.706551300726719,-0.0396297726810863));
#1734=DIRECTION('',(3.37503959132855E-15,-0.685046615596948,-0.728499234357297));
#1735=DIRECTION('',(0.707106781186545,0.707106781186551,0.));
#1736=DIRECTION('',(0.,0.,-1.));
#1737=DIRECTION('',(0.577350269189629,-0.577350269189624,0.577350269189624));
#1738=DIRECTION('',(0.,0.728499234357297,-0.685046615596948));
#1739=DIRECTION('',(1.,0.,0.));
#1740=DIRECTION('',(0.,0.685046615596951,0.728499234357295));
#1741=DIRECTION('',(-1.,0.,0.));
#1742=DIRECTION('',(-8.181765106424E-15,-0.728499234357294,0.68504661559695));
#1743=DIRECTION('',(-0.707106781186548,-0.707106781186548,0.));
#1744=DIRECTION('',(0.,0.,-1.));
#1745=DIRECTION('',(0.706396611674011,-0.706396611674011,-0.0448068524999724));
#1746=DIRECTION('',(-0.707106781186545,-0.5,0.5));
#1747=DIRECTION('',(0.,0.707106781186548,0.707106781186548));
#1748=DIRECTION('',(0.577350269189628,-0.816496580927724,-1.99106761485964E-15));
#1749=DIRECTION('',(0.,0.911685134445344,0.410889541886107));
#1750=DIRECTION('',(-1.,0.,0.));
#1751=DIRECTION('',(-1.78735589165639E-14,0.410889541886107,-0.911685134445344));
#1752=DIRECTION('',(0.707106781186551,0.0434321028680157,-0.705771671605242));
#1753=DIRECTION('',(0.,-0.998111869922868,-0.0614222689183316));
#1754=DIRECTION('',(-0.461623872781838,-0.727716118266839,-0.507279657873782));
#1755=DIRECTION('',(0.707106781186545,0.,-0.707106781186551));
#1756=DIRECTION('',(0.,-1.,0.));
#1757=DIRECTION('',(0.577350269189629,0.577350269189624,0.577350269189624));
#1758=DIRECTION('',(0.59027240385177,0.552972449613391,0.588047582445178));
#1759=DIRECTION('',(0.7057704135582,0.,-0.708440627961079));
#1760=DIRECTION('',(0.706396611674006,-0.00133376868884942,-0.707814981528767));
#1761=DIRECTION('',(-0.707106781186546,-0.5,-0.5));
#1762=DIRECTION('',(0.,-0.707106781186548,0.707106781186547));
#1763=DIRECTION('',(-0.5,0.853553390593273,-0.146446609406726));
#1764=DIRECTION('',(-0.883771865346537,0.426593919126369,0.192262628158227));
#1765=DIRECTION('',(-0.434703970017314,-0.900573405365263,0.));
#1766=DIRECTION('',(-0.461623872781836,-0.86205101432853,-0.209216272725265));
#1767=DIRECTION('',(0.707106781186544,-0.707106781186551,0.));
#1768=DIRECTION('',(0.,0.,-1.));
#1769=DIRECTION('',(0.706396611674014,0.706396611674007,0.0448068524999715));
#1770=DIRECTION('',(0.,-0.685046615596951,-0.728499234357295));
#1771=DIRECTION('',(-1.,0.,0.));
#1772=DIRECTION('',(1.128519325024E-15,-0.728499234357294,0.68504661559695));
#1773=DIRECTION('',(0.707106781186553,-0.0434321028680156,0.70577167160524));
#1774=DIRECTION('',(0.,-0.998111869922868,-0.0614222689183316));
#1775=DIRECTION('',(-0.535633643526887,-0.684501938386673,0.494523706476242));
#1776=DIRECTION('',(0.860522660194793,0.470635470535502,-0.194943594829642));
#1777=DIRECTION('',(-0.479841491130336,0.877355197961359,0.));
#1778=DIRECTION('',(-2.77555756156289E-17,-0.38268343236508,-0.923879532511291));
#1779=DIRECTION('',(0.5,-0.707106781186548,0.5));
#1780=DIRECTION('',(-0.707106781186548,0.5,-0.5));
#1781=DIRECTION('',(0.,0.707106781186548,0.707106781186548));
#1782=DIRECTION('',(-0.577350269189629,-0.816496580927724,6.79446815855523E-15));
#1783=DIRECTION('',(-0.590272403851768,0.552972449613395,0.588047582445176));
#1784=DIRECTION('',(0.7057704135582,0.,0.708440627961079));
#1785=DIRECTION('',(-0.706396611674007,-0.00133376868885233,-0.707814981528765));
#1786=DIRECTION('',(0.83575844302325,-0.513516613837933,0.194444110807649));
#1787=DIRECTION('',(0.523508507385209,0.852020447345784,0.));
#1788=DIRECTION('',(5.45446952041142E-18,-0.354115959486975,-0.935201522259571));
#1789=DIRECTION('',(-0.535633643526885,-0.840374054351369,0.082873691212333));
#1790=DIRECTION('',(-0.707106781186548,0.5,0.5));
#1791=DIRECTION('',(0.,0.707106781186547,-0.707106781186548));
#1792=DIRECTION('',(0.707106781186548,0.500000000000008,0.499999999999992));
#1793=DIRECTION('',(-0.707106781186548,0.,0.707106781186548));
#1794=DIRECTION('',(0.,1.,0.));
#1795=DIRECTION('',(-0.707106781186548,0.,-0.707106781186548));
#1796=DIRECTION('',(0.,-0.923879532511291,0.38268343236508));
#1797=DIRECTION('',(1.,0.,0.));
#1798=DIRECTION('',(-2.77555756156289E-17,0.38268343236508,0.923879532511291));
#1799=DIRECTION('',(-0.707106781186542,0.5,0.5));
#1800=DIRECTION('',(0.,-0.707106781186548,0.707106781186547));
#1801=DIRECTION('',(0.5,0.853553390593272,-0.146446609406733));
#1802=DIRECTION('',(0.707106781186551,0.0434321028680157,-0.705771671605242));
#1803=DIRECTION('',(0.,-0.998111869922868,-0.0614222689183316));
#1804=DIRECTION('',(0.535633643526887,-0.684501938386674,0.49452370647624));
#1805=DIRECTION('',(0.,-0.935201522259571,0.354115959486975));
#1806=DIRECTION('',(-1.,0.,0.));
#1807=DIRECTION('',(5.45446952041143E-18,0.354115959486975,0.935201522259571));
#1808=DIRECTION('',(0.678598344545846,-0.281084637714826,-0.678598344545846));
#1809=DIRECTION('',(-0.707106781186548,0.,-0.707106781186548));
#1810=DIRECTION('',(4.66275175236289E-15,-0.923879532511282,0.382683432365101));
#1811=DIRECTION('',(-0.860522660194793,0.470635470535502,-0.194943594829642));
#1812=DIRECTION('',(-0.479841491130336,-0.877355197961359,0.));
#1813=DIRECTION('',(-0.5,-0.707106781186548,0.5));
#1814=DIRECTION('',(-0.835758443023249,-0.513516613837933,0.194444110807649));
#1815=DIRECTION('',(0.523508507385209,-0.852020447345784,0.));
#1816=DIRECTION('',(0.535633643526885,-0.840374054351369,0.0828736912123329));
#1817=DIRECTION('',(0.,0.382683432365101,0.923879532511282));
#1818=DIRECTION('',(1.,0.,0.));
#1819=DIRECTION('',(0.156558010815602,-0.912486956834074,0.37796447300924));
#1820=DIRECTION('',(-0.707106781186548,0.,-0.707106781186548));
#1821=DIRECTION('',(0.,1.,0.));
#1822=DIRECTION('',(0.707106781186548,6.14991757692365E-15,-0.707106781186548));
#1823=DIRECTION('',(-0.707106781186548,-0.5,-0.5));
#1824=DIRECTION('',(0.,0.707106781186547,-0.707106781186548));
#1825=DIRECTION('',(-0.707106781186548,0.499999999999979,0.500000000000021));
#1826=DIRECTION('',(0.707106781186548,0.,0.707106781186548));
#1827=DIRECTION('',(0.,1.,0.));
#1828=DIRECTION('',(0.577350269189626,0.577350269189626,-0.577350269189626));
#1829=DIRECTION('',(-0.67859834454585,0.281084637714807,0.67859834454585));
#1830=DIRECTION('',(-0.707106781186548,0.,0.707106781186548));
#1831=DIRECTION('',(-0.67859834454585,-0.281084637714802,-0.678598344545852));
#1832=DIRECTION('',(-0.707106781186549,0.,0.707106781186546));
#1833=DIRECTION('',(4.74455441468502E-15,0.923879532511295,-0.38268343236507));
#1834=DIRECTION('',(-0.577350269189628,-0.577350269189622,-0.577350269189628));
#1835=DIRECTION('',(-0.707106781186548,0.,0.707106781186548));
#1836=DIRECTION('',(0.707106781186544,-0.707106781186552,0.));
#1837=DIRECTION('',(0.,0.70710678118655,-0.707106781186545));
#1838=DIRECTION('',(0.,0.38268343236507,0.923879532511295));
#1839=DIRECTION('',(1.,0.,0.));
#1840=DIRECTION('',(-0.156558010815656,-0.912486956834079,0.377964473009206));
#1841=DIRECTION('',(-0.707106781186548,0.,-0.707106781186548));
#1842=DIRECTION('',(0.,-1.,0.));
#1843=DIRECTION('',(0.67859834454585,-0.281084637714807,-0.67859834454585));
#1844=DIRECTION('',(0.577350269189626,0.577350269189626,-0.577350269189626));
#1845=DIRECTION('',(0.707106781186548,-3.07674029821372E-15,-0.707106781186548));
#1846=DIRECTION('',(-0.707106781186552,-0.707106781186544,0.));
#1847=DIRECTION('',(0.,0.,1.));
#1848=DIRECTION('',(-0.707106781186544,0.707106781186552,-2.77555756156289E-17));
#1849=DIRECTION('',(3.06658683336674E-17,0.707106781186545,0.70710678118655));
#1850=DIRECTION('',(-1.,4.33680868994202E-17,0.));
#1851=DIRECTION('',(0.,-0.70710678118655,0.707106781186545));
#1852=DIRECTION('',(0.707106781186545,0.,-0.707106781186551));
#1853=DIRECTION('',(0.,-1.,0.));
#1854=DIRECTION('',(-0.678598344545851,-0.281084637714813,-0.678598344545846));
#1855=DIRECTION('',(-0.577350269189629,0.577350269189624,-0.577350269189624));
#1856=DIRECTION('',(-0.707106781186551,0.,-0.707106781186545));
#1857=DIRECTION('',(-0.577350269189629,-0.577350269189623,-0.577350269189626));
#1858=DIRECTION('',(-0.707106781186546,0.,0.707106781186549));
#1859=DIRECTION('',(9.61481343191777E-17,-0.70710678118655,0.707106781186545));
#1860=DIRECTION('',(0.577350269189622,-0.577350269189626,-0.57735026918963));
#1861=DIRECTION('',(0.,0.70710678118655,-0.707106781186545));
#1862=DIRECTION('',(-0.70710678118655,-0.707106781186545,0.));
#1863=DIRECTION('',(-3.06658683336674E-17,-0.707106781186545,-0.70710678118655));
#1864=DIRECTION('',(1.,-4.33680868994202E-17,0.));
#1865=DIRECTION('',(9.61481343191788E-17,0.70710678118655,-0.707106781186545));
#1866=DIRECTION('',(-0.707106781186545,0.70710678118655,0.));
#1867=DIRECTION('',(0.,0.,-1.));
#1868=DIRECTION('',(0.70710678118655,0.707106781186545,-2.77555756156289E-17));
#1869=DIRECTION('',(0.577350269189622,-0.577350269189626,-0.57735026918963));
#1870=DIRECTION('',(0.,0.70710678118655,-0.707106781186545));
#1871=DIRECTION('',(-0.707106781186551,2.9528365882789E-15,-0.707106781186545));
#1872=DIRECTION('',(-0.707106781186545,0.,0.707106781186551));
#1873=DIRECTION('',(0.,1.,0.));
#1874=DIRECTION('',(-0.577350269189629,0.577350269189624,-0.577350269189624));
#1875=DIRECTION('',(0.678598344545851,0.281084637714813,0.678598344545846));
#1876=DIRECTION('',(0.,0.,-1.));
#1877=DIRECTION('',(-1.,0.,0.));
#1878=DIRECTION('',(0.,0.,-1.));
#1879=DIRECTION('',(-1.,0.,0.));
#1880=DIRECTION('',(0.,0.,-1.));
#1881=DIRECTION('',(-1.,0.,0.));
#1882=DIRECTION('',(-0.408248290463865,0.408248290463859,0.816496580927727));
#1883=DIRECTION('',(0.577350269189629,-0.577350269189624,0.577350269189624));
#1884=DIRECTION('',(0.470635470535515,0.860522660194788,-0.194943594829631));
#1885=DIRECTION('',(0.707106781186542,-0.5,-0.5));
#1886=DIRECTION('',(0.,-0.707106781186547,0.707106781186548));
#1887=DIRECTION('',(-0.470635470535508,-0.86052266019479,0.194943594829642));
#1888=DIRECTION('',(0.408248290463861,-0.408248290463863,-0.816496580927727));
#1889=DIRECTION('',(-0.577350269189629,0.577350269189624,-0.577350269189624));
#1890=DIRECTION('',(0.156558010815596,0.912486956834075,-0.37796447300924));
#1891=DIRECTION('',(0.,0.382683432365101,0.923879532511282));
#1892=DIRECTION('',(1.,0.,0.));
#1893=DIRECTION('',(0.156558010815579,-0.912486956834078,0.377964473009241));
#1894=DIRECTION('',(0.40824829046387,0.408248290463857,0.816496580927726));
#1895=DIRECTION('',(0.577350269189626,0.577350269189625,-0.577350269189626));
#1896=DIRECTION('',(0.47063547053552,-0.860522660194788,0.194943594829624));
#1897=DIRECTION('',(0.707106781186542,0.5,0.5));
#1898=DIRECTION('',(0.,0.707106781186547,-0.707106781186548));
#1899=DIRECTION('',(-0.470635470535505,0.86052266019479,-0.194943594829646));
#1900=DIRECTION('',(-0.408248290463861,-0.408248290463865,-0.816496580927726));
#1901=DIRECTION('',(-0.577350269189626,-0.577350269189625,0.577350269189626));
#1902=CARTESIAN_POINT('',(0.,0.,0.));
#1903=CARTESIAN_POINT('',(0.014498,0.,0.0703571247280615));
#1904=CARTESIAN_POINT('',(0.0815,-1.92881870865708E-19,0.0703571247280615));
#1905=CARTESIAN_POINT('',(0.07945,-1.92881870865708E-19,0.0703571247280615));
#1906=CARTESIAN_POINT('',(0.0145,-1.92881870865708E-19,0.0703571247280615));
#1907=CARTESIAN_POINT('',(0.01245,-1.92881870865708E-19,0.0703571247280615));
#1908=CARTESIAN_POINT('',(-0.0225,-1.92881870865708E-19,0.0703571247280615));
#1909=CARTESIAN_POINT('',(-0.02455,-1.92881870865708E-19,0.0703571247280615));
#1910=CARTESIAN_POINT('',(0.014498,-0.020693964620054,0.0703571247280615));
#1911=CARTESIAN_POINT('',(0.0841,-0.020693964620054,0.0703571247280615));
#1912=CARTESIAN_POINT('',(0.0700171572875254,-0.020693964620054,0.0703571247280615));
#1913=CARTESIAN_POINT('',(0.0319105963337355,0.0174125963337356,0.0703571247280615));
#1914=CARTESIAN_POINT('',(0.0699,-0.0205768073325285,0.0703571247280615));
#1915=CARTESIAN_POINT('',(0.0699,0.,0.0703571247280615));
#1916=CARTESIAN_POINT('',(0.0699,-0.00625965004500315,0.0703571247280615));
#1917=CARTESIAN_POINT('',(0.0390691749774987,0.0245711749774984,0.0703571247280615));
#1918=CARTESIAN_POINT('',(0.0695,-0.00585965004500315,0.0703571247280615));
#1919=CARTESIAN_POINT('',(0.0390691749774987,0.0245711749774984,0.0703571247280615));
#1920=CARTESIAN_POINT('',(0.0691,-0.00545965004500315,0.0703571247280615));
#1921=CARTESIAN_POINT('',(0.014498,-0.00545965004500315,0.0703571247280615));
#1922=CARTESIAN_POINT('',(0.0299,-0.00545965004500315,0.0703571247280615));
#1923=CARTESIAN_POINT('',(0.0249288250225016,-0.0104308250225016,0.0703571247280615));
#1924=CARTESIAN_POINT('',(0.0295,-0.00585965004500315,0.0703571247280615));
#1925=CARTESIAN_POINT('',(0.0249288250225016,-0.0104308250225016,0.0703571247280615));
#1926=CARTESIAN_POINT('',(0.0291,-0.00625965004500315,0.0703571247280615));
#1927=CARTESIAN_POINT('',(0.0291,-0.0208596500450032,0.0703571247280615));
#1928=CARTESIAN_POINT('',(0.0291,-0.0205768073325285,0.0703571247280615));
#1929=CARTESIAN_POINT('',(0.0320874036662644,-0.0175894036662641,0.0703571247280615));
#1930=CARTESIAN_POINT('',(0.0289828427124746,-0.0206939646200539,0.0703571247280615));
#1931=CARTESIAN_POINT('',(0.014498,-0.0206939646200539,0.0703571247280615));
#1932=CARTESIAN_POINT('',(-0.0251,-0.0206939646200539,0.0703571247280615));
#1933=CARTESIAN_POINT('',(-0.0251,0.0208596500450032,0.0703571247280615));
#1934=CARTESIAN_POINT('',(-0.0251,0.0204596500450031,0.0703571247280615));
#1935=CARTESIAN_POINT('',(0.014498,0.0204596500450031,0.0703571247280615));
#1936=CARTESIAN_POINT('',(0.0841,0.0204596500450031,0.0703571247280615));
#1937=CARTESIAN_POINT('',(0.0841,0.,0.0703571247280615));
#1938=CARTESIAN_POINT('',(0.014498,-0.0229809703885628,0.0724784450716211));
#1939=CARTESIAN_POINT('',(0.0699,-0.0229809703885628,0.0724784450716211));
#1940=CARTESIAN_POINT('',(0.0699,-0.0223424927574778,0.0718399674405361));
#1941=CARTESIAN_POINT('',(0.0699,-0.0211424927574778,0.0706399674405361));
#1942=CARTESIAN_POINT('',(0.05020701491261,-0.0408354778448678,0.0903329525279261));
#1943=CARTESIAN_POINT('',(0.0700656854249492,-0.0209768073325285,0.0704742820155869));
#1944=CARTESIAN_POINT('',(0.014498,-0.0209768073325285,0.0704742820155869));
#1945=CARTESIAN_POINT('',(0.0841,-0.0209768073325285,0.0704742820155869));
#1946=CARTESIAN_POINT('',(0.0841,-0.0229809703885628,0.0724784450716211));
#1947=CARTESIAN_POINT('',(0.0841,-0.0248194480196479,0.0743169227027062));
#1948=CARTESIAN_POINT('',(-0.0255,-0.0248194480196479,0.0743169227027062));
#1949=CARTESIAN_POINT('',(-0.0251,-0.0248194480196479,0.0743169227027062));
#1950=CARTESIAN_POINT('',(-0.0251,-0.0208596500450032,0.0703571247280615));
#1951=CARTESIAN_POINT('',(-0.0251,-0.0209768073325285,0.0704742820155869));
#1952=CARTESIAN_POINT('',(0.014498,-0.0209768073325285,0.0704742820155869));
#1953=CARTESIAN_POINT('',(0.0289343145750507,-0.0209768073325285,0.0704742820155869));
#1954=CARTESIAN_POINT('',(0.0254583184207233,-0.0175008111782011,0.0669982858612594));
#1955=CARTESIAN_POINT('',(0.0291,-0.0211424927574778,0.0706399674405361));
#1956=CARTESIAN_POINT('',(0.0291,-0.0224596500450032,0.0719571247280615));
#1957=CARTESIAN_POINT('',(0.0291,-0.0223424927574778,0.0718399674405361));
#1958=CARTESIAN_POINT('',(0.0297114381916836,-0.0229539309491613,0.0724514056322197));
#1959=CARTESIAN_POINT('',(0.0297343145750508,-0.0229768073325285,0.0724742820155869));
#1960=CARTESIAN_POINT('',(0.014498,-0.0229768073325285,0.0724742820155869));
#1961=CARTESIAN_POINT('',(0.0692656854249492,-0.0229768073325285,0.0724742820155869));
#1962=CARTESIAN_POINT('',(0.0696885618083164,-0.0225539309491614,0.0720514056322197));
#1963=CARTESIAN_POINT('',(0.0845,0.00176776695296637,0.0390801496605567));
#1964=CARTESIAN_POINT('',(0.0845,0.00302456890756734,0.0759298924045731));
#1965=CARTESIAN_POINT('',(0.0845,0.0198298346864791,0.0769640626063523));
#1966=CARTESIAN_POINT('',(0.0845,0.0034,0.0759529958564151));
#1967=CARTESIAN_POINT('',(0.0845,0.0034,0.0733571247280615));
#1968=CARTESIAN_POINT('',(0.0845,0.0034,0.0729571247280615));
#1969=CARTESIAN_POINT('',(0.0845,-0.003,0.0729571247280615));
#1970=CARTESIAN_POINT('',(0.0845,-0.0034,0.0729571247280615));
#1971=CARTESIAN_POINT('',(0.0845,-0.0034,0.0390801496605567));
#1972=CARTESIAN_POINT('',(0.0845,-0.0034,0.0755345343179535));
#1973=CARTESIAN_POINT('',(0.0845,-0.0250777218245552,0.0742005206672116));
#1974=CARTESIAN_POINT('',(0.0845,-0.0241918742557462,0.0742550343637537));
#1975=CARTESIAN_POINT('',(0.0845,0.00637538870020858,0.0436877714077989));
#1976=CARTESIAN_POINT('',(0.0845,-0.020693964620054,0.0707571247280615));
#1977=CARTESIAN_POINT('',(0.0845,0.00176776695296637,0.0707571247280615));
#1978=CARTESIAN_POINT('',(0.0845,0.0198939646200539,0.0707571247280615));
#1979=CARTESIAN_POINT('',(0.0845,0.0266693533202625,0.0639817360278529));
#1980=CARTESIAN_POINT('',(0.0845,0.0167584307141212,0.0738926586339943));
#1981=CARTESIAN_POINT('',(0.0845,-0.00814315565317499,0.0489910722666981));
#1982=CARTESIAN_POINT('',(0.014498,-0.00212132034355966,0.0760139789775539));
#1983=CARTESIAN_POINT('',(0.0158926317546551,-0.00325206497737128,0.0759443946923962));
#1984=CARTESIAN_POINT('',(0.0145446119468859,-0.00354329628198064,0.0759264727659588));
#1985=CARTESIAN_POINT('',(0.0132056534001055,-0.00328255240555365,0.0759425185429696));
#1986=CARTESIAN_POINT('',(0.0120632752231385,-0.00256210408984036,0.0759868538239367));
#1987=CARTESIAN_POINT('',(0.0112878460157678,-0.00143836844300476,0.0760560067868188));
#1988=CARTESIAN_POINT('',(0.0109835896812269,-9.75090762710936E-5,0.076138521209387));
#1989=CARTESIAN_POINT('',(0.0112300158904984,0.00124653780153242,0.0762212317864826));
#1990=CARTESIAN_POINT('',(0.011963047915028,0.00240987698676415,0.0762928218901892));
#1991=CARTESIAN_POINT('',(0.0130876813484646,0.00318600990701851,0.076340583916051));
#1992=CARTESIAN_POINT('',(0.0144286193030676,0.00349028410539242,0.0763593084821048));
#1993=CARTESIAN_POINT('',(0.0157726639149042,0.00324385666042268,0.0763441437162605));
#1994=CARTESIAN_POINT('',(0.01693600452937,0.00251082507021169,0.0762990340799398));
#1995=CARTESIAN_POINT('',(0.0177121373699117,0.00138619036921591,0.0762298257906478));
#1996=CARTESIAN_POINT('',(0.0180164106063326,4.52568364117101E-5,0.0761473068040137));
#1997=CARTESIAN_POINT('',(0.0177699870980221,-0.00129880411362295,0.0760645953609346));
#1998=CARTESIAN_POINT('',(0.0170369407232128,-0.00246208364684002,0.0759930089281213));
#1999=CARTESIAN_POINT('',(0.0158926317546551,-0.00325206497737128,0.0759443946923962));
#2000=CARTESIAN_POINT('',(0.0145446119468859,-0.00354329628198064,0.0759264727659588));
#2001=CARTESIAN_POINT('',(0.0132056534001055,-0.00328255240555365,0.0759425185429696));
#2002=CARTESIAN_POINT('',(0.0145,-0.00345149938274667,0.0759321218059116));
#2003=CARTESIAN_POINT('',(-0.0251,-0.00212132034355966,0.0760139789775539));
#2004=CARTESIAN_POINT('',(-0.0251,0.020460405297034,0.0774036236323597));
#2005=CARTESIAN_POINT('',(-0.0251,0.00335303784428513,0.0763508625583444));
#2006=CARTESIAN_POINT('',(0.014498,0.00335303784428513,0.0763508625583444));
#2007=CARTESIAN_POINT('',(-0.0225,0.00335303784428513,0.0763508625583444));
#2008=CARTESIAN_POINT('',(-0.0225,0.00335303784428513,0.0763508625583443));
#2009=CARTESIAN_POINT('',(-0.0216174545959292,0.00335661386310597,0.076351082621041));
#2010=CARTESIAN_POINT('',(-0.0198547924741833,0.00262094767308054,0.076305810855501));
#2011=CARTESIAN_POINT('',(-0.0187582900180519,-2.3103933080279E-5,0.0761430999874296));
#2012=CARTESIAN_POINT('',(-0.0198551996768461,-0.00266715265181151,0.0759803892970461));
#2013=CARTESIAN_POINT('',(-0.0216165044563828,-0.00340282461669605,0.0759351171761301));
#2014=CARTESIAN_POINT('',(-0.0225,-0.00339924474796915,0.0759353374757441));
#2015=CARTESIAN_POINT('',(-0.0225,-0.00339924474796915,0.0759353374757441));
#2016=CARTESIAN_POINT('',(0.014498,-0.00339924474796915,0.0759353374757441));
#2017=CARTESIAN_POINT('',(-0.0251,-0.00339924474796915,0.0759353374757441));
#2018=CARTESIAN_POINT('',(-0.0251,-0.00212132034355966,0.0760139789775539));
#2019=CARTESIAN_POINT('',(-0.0251,-0.0247030459841534,0.0746243343227481));
#2020=CARTESIAN_POINT('',(0.0845,-0.0247030459841534,0.0746243343227481));
#2021=CARTESIAN_POINT('',(0.0841,-0.0247030459841534,0.0746243343227481));
#2022=CARTESIAN_POINT('',(0.0841,-0.003,0.0759599063833114));
#2023=CARTESIAN_POINT('',(0.0841,-0.00339924474796915,0.0759353374757441));
#2024=CARTESIAN_POINT('',(0.0815,-0.00339924474796915,0.0759353374757441));
#2025=CARTESIAN_POINT('',(0.0815,-0.00339924474796915,0.0759353374757441));
#2026=CARTESIAN_POINT('',(0.0815,-0.00339924474796915,0.0759353374757441));
#2027=CARTESIAN_POINT('',(0.0806174545959168,-0.00340282076679005,0.0759351174130474));
#2028=CARTESIAN_POINT('',(0.0788547924741888,-0.00266715457676453,0.0759803891785875));
#2029=CARTESIAN_POINT('',(0.0777582900180515,-2.3102970603765E-5,0.0761431000466589));
#2030=CARTESIAN_POINT('',(0.0788551996768427,0.00262094574812753,0.0763058107370423));
#2031=CARTESIAN_POINT('',(0.0806165044563911,0.003356617713012,0.0763510828579583));
#2032=CARTESIAN_POINT('',(0.0815,0.00335303784428513,0.0763508625583443));
#2033=CARTESIAN_POINT('',(0.0815,0.00335303784428513,0.0763508625583444));
#2034=CARTESIAN_POINT('',(0.014498,0.00335303784428513,0.0763508625583444));
#2035=CARTESIAN_POINT('',(0.0841,0.00335303784428513,0.0763508625583444));
#2036=CARTESIAN_POINT('',(0.0841,0.0208596500450032,0.077428192539927));
#2037=CARTESIAN_POINT('',(0.0841,0.020460405297034,0.0774036236323597));
#2038=CARTESIAN_POINT('',(-0.0255,0.020460405297034,0.0774036236323597));
#2039=CARTESIAN_POINT('',(0.014498,0.0176776695296636,0.0742462120245875));
#2040=CARTESIAN_POINT('',(0.014498,0.0173241161390704,0.0738926586339943));
#2041=CARTESIAN_POINT('',(-0.0251,0.0173241161390704,0.0738926586339943));
#2042=CARTESIAN_POINT('',(0.0841,0.0173241161390704,0.0738926586339943));
#2043=CARTESIAN_POINT('',(-0.0251,0.0208596500450032,0.077428192539927));
#2044=CARTESIAN_POINT('',(-0.0251,0.0205768073325285,0.0771453498274524));
#2045=CARTESIAN_POINT('',(0.0845,0.0205768073325285,0.0771453498274524));
#2046=CARTESIAN_POINT('',(0.0841,0.0205768073325285,0.0771453498274524));
#2047=CARTESIAN_POINT('',(0.0841,0.0176776695296636,0.0742462120245875));
#2048=CARTESIAN_POINT('',(0.014498,0.0190918830920368,0.0721248916810279));
#2049=CARTESIAN_POINT('',(0.014498,0.0205768073325285,0.0706399674405361));
#2050=CARTESIAN_POINT('',(0.0841,0.0205768073325285,0.0706399674405361));
#2051=CARTESIAN_POINT('',(-0.0251,0.0205768073325285,0.0706399674405361));
#2052=CARTESIAN_POINT('',(-0.0251,0.0173241161390704,0.0738926586339943));
#2053=CARTESIAN_POINT('',(0.0841,0.0190918830920368,0.0721248916810279));
#2054=CARTESIAN_POINT('',(-0.0255,0.00824745956952486,0.0228041936932661));
#2055=CARTESIAN_POINT('',(-0.0255,-0.0034,0.0228041936932661));
#2056=CARTESIAN_POINT('',(-0.0255,-0.0034,0.0755345343179535));
#2057=CARTESIAN_POINT('',(-0.0255,-0.0034,0.0729571247280615));
#2058=CARTESIAN_POINT('',(-0.0255,0.00824745956952486,0.0729571247280615));
#2059=CARTESIAN_POINT('',(-0.0255,0.0034,0.0729571247280615));
#2060=CARTESIAN_POINT('',(-0.0255,0.0034,0.0228041936932661));
#2061=CARTESIAN_POINT('',(-0.0255,0.0034,0.0759529958564151));
#2062=CARTESIAN_POINT('',(-0.0255,0.00497081540175042,0.0760496614195997));
#2063=CARTESIAN_POINT('',(-0.0255,0.0198298346864791,0.0769640626063523));
#2064=CARTESIAN_POINT('',(-0.0255,0.0170412734265958,0.0741755013464689));
#2065=CARTESIAN_POINT('',(-0.0255,0.0167584307141212,0.0738926586339943));
#2066=CARTESIAN_POINT('',(-0.0255,0.0205768073325285,0.0700742820155869));
#2067=CARTESIAN_POINT('',(-0.0255,0.0198939646200539,0.0707571247280615));
#2068=CARTESIAN_POINT('',(-0.0255,-0.0208596500450032,0.0707571247280615));
#2069=CARTESIAN_POINT('',(-0.0255,-0.0206939646200539,0.0707571247280615));
#2070=CARTESIAN_POINT('',(-0.0255,-0.0248194480196479,0.0748826081276554));
#2071=CARTESIAN_POINT('',(-0.0255,-0.0241918742557462,0.0742550343637537));
#2072=CARTESIAN_POINT('',(-0.0255,0.00497081540175042,0.0760496614195997));
#2073=CARTESIAN_POINT('',(0.0815,-1.92881870865708E-19,0.0953571247280615));
#2074=CARTESIAN_POINT('',(0.0815,-1.92881870865708E-19,0.0707571247280615));
#2075=CARTESIAN_POINT('',(0.07985,-1.92881870865708E-19,0.0707571247280615));
#2076=CARTESIAN_POINT('',(0.0815,-1.92881870865708E-19,0.0733571247280615));
#2077=CARTESIAN_POINT('',(0.07985,-1.92881870865708E-19,0.0733571247280615));
#2078=CARTESIAN_POINT('',(0.0145,-1.92881870865708E-19,0.0953571247280615));
#2079=CARTESIAN_POINT('',(0.0145,-1.92881870865708E-19,0.0707571247280615));
#2080=CARTESIAN_POINT('',(0.01285,-1.92881870865708E-19,0.0707571247280615));
#2081=CARTESIAN_POINT('',(0.0145,-1.92881870865708E-19,0.0733571247280615));
#2082=CARTESIAN_POINT('',(0.01285,-1.92881870865708E-19,0.0733571247280615));
#2083=CARTESIAN_POINT('',(-0.0225,-1.92881870865708E-19,0.0953571247280615));
#2084=CARTESIAN_POINT('',(-0.0225,-1.92881870865708E-19,0.0707571247280615));
#2085=CARTESIAN_POINT('',(-0.02415,-1.92881870865708E-19,0.0707571247280615));
#2086=CARTESIAN_POINT('',(-0.0225,-1.92881870865708E-19,0.0733571247280615));
#2087=CARTESIAN_POINT('',(-0.02415,-1.92881870865708E-19,0.0733571247280615));
#2088=CARTESIAN_POINT('',(-0.0225,0.,0.0833571247280615));
#2089=CARTESIAN_POINT('',(-0.0225,-0.003,0.0833571247280615));
#2090=CARTESIAN_POINT('',(-0.0225,-0.003,0.0755599063833114));
#2091=CARTESIAN_POINT('',(-0.0225,-0.003,0.0733571247280615));
#2092=CARTESIAN_POINT('',(-0.0225,-0.003,0.0755599063833114));
#2093=CARTESIAN_POINT('',(-0.0221309635523284,-0.003,0.0755598028266612));
#2094=CARTESIAN_POINT('',(-0.0215575865689921,-0.00289543175990895,0.0755673939190766));
#2095=CARTESIAN_POINT('',(-0.0209368431096587,-0.00257512083260093,0.0755894797341565));
#2096=CARTESIAN_POINT('',(-0.020645694940387,-0.00236177722098436,0.0756041567341834));
#2097=CARTESIAN_POINT('',(-0.0204935656118592,-0.00223252237228536,0.0756130685062352));
#2098=CARTESIAN_POINT('',(-0.020367043550881,-0.00211103570840849,0.0756214616395039));
#2099=CARTESIAN_POINT('',(-0.020310338123259,-0.00205125685543851,0.0756256366724393));
#2100=CARTESIAN_POINT('',(-0.0202080519546192,-0.0019385838619875,0.0756335751171759));
#2101=CARTESIAN_POINT('',(-0.0200382502711299,-0.00172757150775656,0.075648548194816));
#2102=CARTESIAN_POINT('',(-0.0197951291967211,-0.0013407262376361,0.0756758245728315));
#2103=CARTESIAN_POINT('',(-0.0195672561759946,-0.000749311609921772,0.0757163025692465));
#2104=CARTESIAN_POINT('',(-0.0194663777193844,3.83160049941055E-8,0.0757676715983114));
#2105=CARTESIAN_POINT('',(-0.019567232946468,0.000749158345901758,0.0758190245851775));
#2106=CARTESIAN_POINT('',(-0.0197950528101908,0.00134058079136099,0.0758595020519527));
#2107=CARTESIAN_POINT('',(-0.0200381681803124,0.00172745872661556,0.0758867800483121));
#2108=CARTESIAN_POINT('',(-0.0202080017600095,0.00193852558325048,0.0759017573380587));
#2109=CARTESIAN_POINT('',(-0.0203103087751174,0.0020512264205331,0.0759096983750884));
#2110=CARTESIAN_POINT('',(-0.0203670561080544,0.00211104827072285,0.0759138769573428));
#2111=CARTESIAN_POINT('',(-0.0204935447313072,0.00223250255793335,0.075922269154189));
#2112=CARTESIAN_POINT('',(-0.0206456570344432,0.00236174703143296,0.0759311812407633));
#2113=CARTESIAN_POINT('',(-0.020936767770426,0.00257507195512567,0.0759458580604544));
#2114=CARTESIAN_POINT('',(-0.0215574746373374,0.00289539512117855,0.0759679440223362));
#2115=CARTESIAN_POINT('',(-0.0221308967852863,0.003,0.0759755350412976));
#2116=CARTESIAN_POINT('',(-0.0225,0.003,0.0759754314659117));
#2117=CARTESIAN_POINT('',(-0.0225,0.003,0.0759754314659117));
#2118=CARTESIAN_POINT('',(-0.0225,0.003,0.0833571247280615));
#2119=CARTESIAN_POINT('',(-0.0225,0.003,0.0733571247280615));
#2120=CARTESIAN_POINT('',(-0.0225,0.,0.0733571247280615));
#2121=CARTESIAN_POINT('',(-0.024,-0.003,0.0833571247280615));
#2122=CARTESIAN_POINT('',(-0.0251,-0.003,0.0833571247280615));
#2123=CARTESIAN_POINT('',(-0.0251,-0.003,0.0733571247280615));
#2124=CARTESIAN_POINT('',(-0.0251,-0.003,0.0755599063833114));
#2125=CARTESIAN_POINT('',(-0.024,-0.003,0.0755599063833114));
#2126=CARTESIAN_POINT('',(-0.024,-0.003,0.0733571247280615));
#2127=CARTESIAN_POINT('',(-0.024,0.003,0.0833571247280615));
#2128=CARTESIAN_POINT('',(-0.024,0.003,0.0759754314659117));
#2129=CARTESIAN_POINT('',(-0.0251,0.003,0.0759754314659117));
#2130=CARTESIAN_POINT('',(-0.0251,0.003,0.0833571247280615));
#2131=CARTESIAN_POINT('',(-0.0251,0.003,0.0733571247280615));
#2132=CARTESIAN_POINT('',(-0.024,0.003,0.0733571247280615));
#2133=CARTESIAN_POINT('',(0.0295,0.,0.0733571247280615));
#2134=CARTESIAN_POINT('',(-0.0251,0.,0.0733571247280615));
#2135=CARTESIAN_POINT('',(0.0145,-3.76578890737811E-19,0.0833571247280615));
#2136=CARTESIAN_POINT('',(0.0135079084525269,-0.00288608654059783,0.0755159287829898));
#2137=CARTESIAN_POINT('',(0.0144612068695515,-0.00306915652968973,0.0755024618846597));
#2138=CARTESIAN_POINT('',(0.0153956348058313,-0.00290555891305112,0.0755145131921922));
#2139=CARTESIAN_POINT('',(0.0159925738906036,-0.00261476292619444,0.0755348302725443));
#2140=CARTESIAN_POINT('',(0.0163102074199563,-0.00239803633907047,0.0755499280479883));
#2141=CARTESIAN_POINT('',(0.0164993046463872,-0.00224093615982367,0.0755609000730403));
#2142=CARTESIAN_POINT('',(0.0166434846831069,-0.00210009943854271,0.0755707733025166));
#2143=CARTESIAN_POINT('',(0.0167261086620693,-0.00201260552294635,0.0755769920421391));
#2144=CARTESIAN_POINT('',(0.0169060954698786,-0.00180493752397762,0.0755919066887681));
#2145=CARTESIAN_POINT('',(0.0171470094229186,-0.00144828930067582,0.0756175350777922));
#2146=CARTESIAN_POINT('',(0.0173933526090848,-0.00088139319815607,0.0756571660513859));
#2147=CARTESIAN_POINT('',(0.0175282444605403,-0.000172153883850824,0.0757061961100454));
#2148=CARTESIAN_POINT('',(0.0174679165179119,0.000607754958551123,0.0757607451535582));
#2149=CARTESIAN_POINT('',(0.0172595302546566,0.00122635571291108,0.0758034735411994));
#2150=CARTESIAN_POINT('',(0.0170246536401957,0.00163589674217941,0.0758326209783524));
#2151=CARTESIAN_POINT('',(0.0168284626989094,0.00189668106801609,0.0758513755472745));
#2152=CARTESIAN_POINT('',(0.0167033079006425,0.0020375323060287,0.0758614867169202));
#2153=CARTESIAN_POINT('',(0.0166131252309282,0.00213096615171616,0.0758680826991387));
#2154=CARTESIAN_POINT('',(0.0164492031475642,0.00228539997267807,0.0758789033404306));
#2155=CARTESIAN_POINT('',(0.0161779295021548,0.00250020714731626,0.0758938883600456));
#2156=CARTESIAN_POINT('',(0.0155602224100281,0.00285695184922231,0.075918713389022));
#2157=CARTESIAN_POINT('',(0.0146172845861427,0.00306699002906662,0.0759340531752981));
#2158=CARTESIAN_POINT('',(0.0136757398131424,0.00293055604877672,0.07592395461616));
#2159=CARTESIAN_POINT('',(0.013043342561561,0.00263635785238152,0.0759033639847406));
#2160=CARTESIAN_POINT('',(0.0127065694369066,0.00241111021049267,0.0758876738736646));
#2161=CARTESIAN_POINT('',(0.0125103749012911,0.00224998704614181,0.0758764239042017));
#2162=CARTESIAN_POINT('',(0.0123587476848119,0.00210242507383271,0.0758660804256166));
#2163=CARTESIAN_POINT('',(0.0122768855522707,0.00201585802383672,0.0758599308669374));
#2164=CARTESIAN_POINT('',(0.0120959355520654,0.00180775671449447,0.0758449870026358));
#2165=CARTESIAN_POINT('',(0.011854581794421,0.00145123722865683,0.0758193633758005));
#2166=CARTESIAN_POINT('',(0.0116071426568323,0.000883419868091337,0.0757796635028784));
#2167=CARTESIAN_POINT('',(0.0114717386004142,0.000173204694353531,0.0757305675959764));
#2168=CARTESIAN_POINT('',(0.0115319919114146,-0.000607465050209293,0.0756759648289686));
#2169=CARTESIAN_POINT('',(0.0117404776162754,-0.00122628778916441,0.075633221341672));
#2170=CARTESIAN_POINT('',(0.0119750598365295,-0.00163558307307488,0.0756040911659845));
#2171=CARTESIAN_POINT('',(0.0121719193698388,-0.00189706642993339,0.0755852875792535));
#2172=CARTESIAN_POINT('',(0.0122967479576847,-0.00203772839411483,0.0755751870068928));
#2173=CARTESIAN_POINT('',(0.0123926696578932,-0.00213688889069836,0.0755681912111384));
#2174=CARTESIAN_POINT('',(0.01256497787314,-0.00229787727515314,0.0755569139150693));
#2175=CARTESIAN_POINT('',(0.0128526224792486,-0.00252195441189581,0.0755412881768726));
#2176=CARTESIAN_POINT('',(0.0135079084525269,-0.00288608654059783,0.0755159287829898));
#2177=CARTESIAN_POINT('',(0.0144612068695515,-0.00306915652968973,0.0755024618846597));
#2178=CARTESIAN_POINT('',(0.0153956348058313,-0.00290555891305112,0.0755145131921922));
#2179=CARTESIAN_POINT('',(0.0145,-0.003,0.0755075528983443));
#2180=CARTESIAN_POINT('',(0.0145,-3.76578890737811E-19,0.0733571247280615));
#2181=CARTESIAN_POINT('',(0.0115,-3.76578890737811E-19,0.0733571247280615));
#2182=CARTESIAN_POINT('',(0.0295,0.,0.0733571247280615));
#2183=CARTESIAN_POINT('',(0.0815,0.,0.0833571247280615));
#2184=CARTESIAN_POINT('',(0.0815,0.003,0.0833571247280615));
#2185=CARTESIAN_POINT('',(0.0815,0.003,0.0759754314659117));
#2186=CARTESIAN_POINT('',(0.0815,0.003,0.0733571247280615));
#2187=CARTESIAN_POINT('',(0.0815,0.003,0.0759754314659117));
#2188=CARTESIAN_POINT('',(0.0811309635528316,0.003,0.0759755350225617));
#2189=CARTESIAN_POINT('',(0.0805575865698778,0.00289543176022896,0.0759679439301488));
#2190=CARTESIAN_POINT('',(0.0799368431101703,0.00257512083291076,0.075945858115063));
#2191=CARTESIAN_POINT('',(0.0796456949407517,0.00236177722129419,0.0759311811150443));
#2192=CARTESIAN_POINT('',(0.0794935656118778,0.0022325223722902,0.0759222693429795));
#2193=CARTESIAN_POINT('',(0.0793670435513169,0.00211103570886619,0.0759138762097511));
#2194=CARTESIAN_POINT('',(0.0793103381214968,0.00205125685360294,0.0759097011766648));
#2195=CARTESIAN_POINT('',(0.0792080519513927,0.00193858385824816,0.0759017627318178));
#2196=CARTESIAN_POINT('',(0.0790382502659689,0.00172757150071145,0.0758867896540013));
#2197=CARTESIAN_POINT('',(0.0787951291919458,0.00134072622803895,0.0758595132758957));
#2198=CARTESIAN_POINT('',(0.0785672561742814,0.00074931160165068,0.0758190352795912));
#2199=CARTESIAN_POINT('',(0.0784663777203065,-3.83164378565098E-8,0.0757676662508816));
#2200=CARTESIAN_POINT('',(0.0785672329444927,-0.000749158335899254,0.0757163132645519));
#2201=CARTESIAN_POINT('',(0.0787950528045532,-0.00134058078012047,0.0756758357978932));
#2202=CARTESIAN_POINT('',(0.0790381681742244,-0.00172745871829615,0.0756485578014254));
#2203=CARTESIAN_POINT('',(0.079208001756216,-0.00193852557885267,0.0756335805114548));
#2204=CARTESIAN_POINT('',(0.0793103087730238,-0.00205122641835373,0.0756256394742855));
#2205=CARTESIAN_POINT('',(0.079367056108632,-0.00211104827132228,0.07562146089184));
#2206=CARTESIAN_POINT('',(0.0794935447310906,-0.00223250255771497,0.0756130686950447));
#2207=CARTESIAN_POINT('',(0.079645657034381,-0.00236174703140283,0.0756041566084538));
#2208=CARTESIAN_POINT('',(0.0799367677700891,-0.00257507195488501,0.0755894797887729));
#2209=CARTESIAN_POINT('',(0.0805574746369625,-0.00289539512108596,0.0755673938268836));
#2210=CARTESIAN_POINT('',(0.0811308967850376,-0.003,0.0755598028079254));
#2211=CARTESIAN_POINT('',(0.0815,-0.003,0.0755599063833114));
#2212=CARTESIAN_POINT('',(0.0815,-0.003,0.0755599063833114));
#2213=CARTESIAN_POINT('',(0.0815,-0.003,0.0833571247280615));
#2214=CARTESIAN_POINT('',(0.0815,-0.003,0.0733571247280615));
#2215=CARTESIAN_POINT('',(0.0815,0.,0.0733571247280615));
#2216=CARTESIAN_POINT('',(0.083,0.003,0.0833571247280615));
#2217=CARTESIAN_POINT('',(0.0841,0.003,0.0763291371525422));
#2218=CARTESIAN_POINT('',(0.0841,0.003,0.0733571247280615));
#2219=CARTESIAN_POINT('',(0.0841,0.003,0.0759754314659117));
#2220=CARTESIAN_POINT('',(0.083,0.003,0.0759754314659117));
#2221=CARTESIAN_POINT('',(0.083,0.003,0.0733571247280615));
#2222=CARTESIAN_POINT('',(0.083,-0.003,0.0833571247280615));
#2223=CARTESIAN_POINT('',(0.0845,-0.003,0.0755599063833114));
#2224=CARTESIAN_POINT('',(0.0841,-0.003,0.0755599063833114));
#2225=CARTESIAN_POINT('',(0.0841,-0.003,0.0833571247280615));
#2226=CARTESIAN_POINT('',(0.0841,-0.003,0.0733571247280615));
#2227=CARTESIAN_POINT('',(0.083,-0.003,0.0733571247280615));
#2228=CARTESIAN_POINT('',(0.0295,0.,0.0733571247280615));
#2229=CARTESIAN_POINT('',(0.0841,0.003,0.0733571247280615));
#2230=CARTESIAN_POINT('',(0.0695,-0.0204809703885628,0.0723571247280615));
#2231=CARTESIAN_POINT('',(0.0695,-0.0204809703885628,0.0707571247280615));
#2232=CARTESIAN_POINT('',(0.0695,-0.00625965004500315,0.0707571247280615));
#2233=CARTESIAN_POINT('',(0.0695,-0.020693964620054,0.0707571247280615));
#2234=CARTESIAN_POINT('',(0.0695,-0.0213874675043083,0.0714506276123159));
#2235=CARTESIAN_POINT('',(0.0695,-0.021893964620054,0.0719571247280615));
#2236=CARTESIAN_POINT('',(0.0695,-0.00585965004500315,0.0719571247280615));
#2237=CARTESIAN_POINT('',(0.0695,-0.00625965004500315,0.0719571247280615));
#2238=CARTESIAN_POINT('',(0.0695,-0.00625965004500315,0.0703571247280615));
#2239=CARTESIAN_POINT('',(0.0295,-0.0204809703885628,0.0723571247280615));
#2240=CARTESIAN_POINT('',(0.0295,-0.0204809703885628,0.0719571247280615));
#2241=CARTESIAN_POINT('',(0.0295,-0.00625965004500315,0.0719571247280615));
#2242=CARTESIAN_POINT('',(0.0295,-0.021893964620054,0.0719571247280615));
#2243=CARTESIAN_POINT('',(0.0295,-0.0209768073325285,0.0710399674405361));
#2244=CARTESIAN_POINT('',(0.0295,-0.020693964620054,0.0707571247280615));
#2245=CARTESIAN_POINT('',(0.0295,-0.00585965004500315,0.0707571247280615));
#2246=CARTESIAN_POINT('',(0.0295,-0.00625965004500315,0.0707571247280615));
#2247=CARTESIAN_POINT('',(0.0295,-0.00625965004500315,0.0723571247280615));
#2248=CARTESIAN_POINT('',(0.0495,-0.00585965004500315,0.0723571247280615));
#2249=CARTESIAN_POINT('',(0.0691,-0.00585965004500315,0.0723571247280615));
#2250=CARTESIAN_POINT('',(0.0691,-0.00585965004500315,0.0707571247280615));
#2251=CARTESIAN_POINT('',(0.0691,-0.00585965004500315,0.0719571247280615));
#2252=CARTESIAN_POINT('',(0.0295,-0.00585965004500315,0.0719571247280615));
#2253=CARTESIAN_POINT('',(0.0299,-0.00585965004500315,0.0719571247280615));
#2254=CARTESIAN_POINT('',(0.0299,-0.00585965004500315,0.0723571247280615));
#2255=CARTESIAN_POINT('',(0.0299,-0.00585965004500315,0.0707571247280615));
#2256=CARTESIAN_POINT('',(0.0495,-0.00585965004500315,0.0707571247280615));
#2257=CARTESIAN_POINT('',(0.0295,-0.00712132034355964,0.0723571247280615));
#2258=CARTESIAN_POINT('',(0.0693828427124749,-0.0228596500450034,0.0723571247280615));
#2259=CARTESIAN_POINT('',(0.0691,-0.0225768073325286,0.0723571247280615));
#2260=CARTESIAN_POINT('',(0.0692171572875254,-0.022693964620054,0.0723571247280615));
#2261=CARTESIAN_POINT('',(0.0295,-0.022693964620054,0.0723571247280615));
#2262=CARTESIAN_POINT('',(0.0297828427124746,-0.022693964620054,0.0723571247280615));
#2263=CARTESIAN_POINT('',(0.0296171572875254,-0.0228596500450032,0.0723571247280615));
#2264=CARTESIAN_POINT('',(0.0299,-0.0225768073325286,0.0723571247280615));
#2265=CARTESIAN_POINT('',(0.0299,-0.00712132034355964,0.0723571247280615));
#2266=CARTESIAN_POINT('',(0.0299,-0.00625965004500315,0.0723571247280615));
#2267=CARTESIAN_POINT('',(0.0695,-0.00625965004500315,0.0723571247280615));
#2268=CARTESIAN_POINT('',(0.0691,-0.00625965004500315,0.0723571247280615));
#2269=CARTESIAN_POINT('',(0.0691,-0.0228596500450031,0.0723571247280615));
#2270=CARTESIAN_POINT('',(0.0845,0.0034,0.0759529958564151));
#2271=CARTESIAN_POINT('',(0.0845,0.0034,0.0759529958564151));
#2272=CARTESIAN_POINT('',(0.0841,0.00317651892214256,0.076163147012128));
#2273=CARTESIAN_POINT('',(0.0845,0.0034,0.0759529958564151));
#2274=CARTESIAN_POINT('',(0.014498,0.00335303784428513,0.0763508625583444));
#2275=CARTESIAN_POINT('',(0.0815,0.00335303784428513,0.0763508625583444));
#2276=CARTESIAN_POINT('',(0.0815,0.00323535856285675,0.0762257188608668));
#2277=CARTESIAN_POINT('',(0.0815,0.00311767928142838,0.0761005751633893));
#2278=CARTESIAN_POINT('',(0.0815,0.003,0.0759754314659117));
#2279=CARTESIAN_POINT('',(0.0845,0.0034,0.0390801496605567));
#2280=CARTESIAN_POINT('',(0.0957923250225016,0.0146923250225016,0.0616647997055599));
#2281=CARTESIAN_POINT('',(0.0841,-0.00212132034355966,0.0760139789775539));
#2282=CARTESIAN_POINT('',(0.0841,0.020460405297034,0.0774036236323597));
#2283=CARTESIAN_POINT('',(0.0815,-0.00339924474796915,0.0759353374757441));
#2284=CARTESIAN_POINT('',(0.0806148958219902,-0.00340283113478208,0.0759351167750171));
#2285=CARTESIAN_POINT('',(0.0797385758993249,-0.00303626416063782,0.0759576747426568));
#2286=CARTESIAN_POINT('',(0.0784868392912042,-0.00178452755251708,0.0760347046877719));
#2287=CARTESIAN_POINT('',(0.0781238587038729,-0.000908214868317748,0.0760886316221842));
#2288=CARTESIAN_POINT('',(0.0781238587038728,0.000862007964633729,0.0761975684119043));
#2289=CARTESIAN_POINT('',(0.0784868392912042,0.00173832064883306,0.0762514953463166));
#2290=CARTESIAN_POINT('',(0.0797385758993249,0.0029900572569538,0.0763285252914317));
#2291=CARTESIAN_POINT('',(0.0806148958219902,0.00335662423109806,0.0763510832590713));
#2292=CARTESIAN_POINT('',(0.0815,0.00335303784428513,0.0763508625583444));
#2293=CARTESIAN_POINT('',(0.0815,-0.003,0.0755599063833114));
#2294=CARTESIAN_POINT('',(0.0807135066926626,-0.00300318682172785,0.0755596856825844));
#2295=CARTESIAN_POINT('',(0.0799348189727367,-0.00267745965985597,0.0755822436502248));
#2296=CARTESIAN_POINT('',(0.078822540340144,-0.00156518102726331,0.0756592735953386));
#2297=CARTESIAN_POINT('',(0.0785,-0.000786499732894358,0.0757132005301989));
#2298=CARTESIAN_POINT('',(0.0785,0.000786499732894358,0.0758221373190243));
#2299=CARTESIAN_POINT('',(0.078822540340144,0.00156518102726332,0.0758760642538846));
#2300=CARTESIAN_POINT('',(0.0799348189727367,0.00267745965985598,0.0759530941989983));
#2301=CARTESIAN_POINT('',(0.0807135066926626,0.00300318682172785,0.0759756521666386));
#2302=CARTESIAN_POINT('',(0.0815,0.003,0.0759754314659117));
#2303=CARTESIAN_POINT('',(0.0815,-0.003,0.0755599063833114));
#2304=CARTESIAN_POINT('',(0.0815,-0.00313308158265638,0.0756850500807889));
#2305=CARTESIAN_POINT('',(0.0815,-0.00326616316531277,0.0758101937782665));
#2306=CARTESIAN_POINT('',(0.0815,-0.00339924474796915,0.0759353374757441));
#2307=CARTESIAN_POINT('',(0.0841,0.,0.0733571247280615));
#2308=CARTESIAN_POINT('',(0.0831,-0.002,0.0743571247280615));
#2309=CARTESIAN_POINT('',(0.0841,0.020460405297034,0.0774036236323597));
#2310=CARTESIAN_POINT('',(0.0841,0.020460405297034,0.0774036236323597));
#2311=CARTESIAN_POINT('',(0.0841213775291732,0.0205368862586973,0.0771356611453079));
#2312=CARTESIAN_POINT('',(-0.0251,0.00335303784428513,0.0763508625583444));
#2313=CARTESIAN_POINT('',(-0.0251,0.00335303784428513,0.0763508625583444));
#2314=CARTESIAN_POINT('',(-0.0252657294497643,0.0031657294497643,0.0759661358628692));
#2315=CARTESIAN_POINT('',(-0.0251,0.00335303784428513,0.0763508625583444));
#2316=CARTESIAN_POINT('',(-0.0251,0.003,0.0833571247280615));
#2317=CARTESIAN_POINT('',(-0.0241,0.002,0.0743571247280615));
#2318=CARTESIAN_POINT('',(0.014498,0.00335303784428513,0.0763508625583444));
#2319=CARTESIAN_POINT('',(-0.0225,0.003,0.0759754314659117));
#2320=CARTESIAN_POINT('',(-0.0225,0.00311767928142838,0.0761005751633893));
#2321=CARTESIAN_POINT('',(-0.0225,0.00323535856285675,0.0762257188608668));
#2322=CARTESIAN_POINT('',(-0.0225,0.00335303784428513,0.0763508625583444));
#2323=CARTESIAN_POINT('',(0.083,-0.003,0.0755599063833114));
#2324=CARTESIAN_POINT('',(0.0841,-0.00339924474796915,0.0759353374757441));
#2325=CARTESIAN_POINT('',(0.0841,-0.003,0.0833571247280615));
#2326=CARTESIAN_POINT('',(0.0842873386783433,-0.00318733867834331,0.0755480234603339));
#2327=CARTESIAN_POINT('',(0.0845,-0.00814315565317499,0.0489910722666981));
#2328=CARTESIAN_POINT('',(0.0962387203884118,0.000157373135923755,0.0738926586339942));
#2329=CARTESIAN_POINT('',(0.014498,0.0205768073325285,0.0771453498274524));
#2330=CARTESIAN_POINT('',(-0.0251,0.0205186063147812,0.077274486729906));
#2331=CARTESIAN_POINT('',(-0.0251,-0.00212132034355966,0.0760139789775539));
#2332=CARTESIAN_POINT('',(-0.0255,0.0198298346864791,0.0769640626063523));
#2333=CARTESIAN_POINT('',(-0.0251,0.,0.0733571247280615));
#2334=CARTESIAN_POINT('',(-0.0422176436782652,-0.020117643678265,0.0562394810497965));
#2335=CARTESIAN_POINT('',(-0.0225,0.00335303784428513,0.0763508625583444));
#2336=CARTESIAN_POINT('',(-0.0216148958219902,0.00335662423109805,0.0763510832590713));
#2337=CARTESIAN_POINT('',(-0.0207385758993249,0.0029900572569538,0.0763285252914317));
#2338=CARTESIAN_POINT('',(-0.0194868392912042,0.00173832064883306,0.0762514953463166));
#2339=CARTESIAN_POINT('',(-0.0191238587038728,0.000862007964633726,0.0761975684119043));
#2340=CARTESIAN_POINT('',(-0.0191238587038728,-0.000908214868317756,0.0760886316221842));
#2341=CARTESIAN_POINT('',(-0.0194868392912042,-0.00178452755251708,0.0760347046877719));
#2342=CARTESIAN_POINT('',(-0.0207385758993249,-0.00303626416063781,0.0759576747426568));
#2343=CARTESIAN_POINT('',(-0.0216148958219902,-0.00340283113478208,0.0759351167750171));
#2344=CARTESIAN_POINT('',(-0.0225,-0.00339924474796915,0.0759353374757441));
#2345=CARTESIAN_POINT('',(-0.0225,0.003,0.0759754314659117));
#2346=CARTESIAN_POINT('',(-0.0217135066926626,0.00300318682172785,0.0759756521666386));
#2347=CARTESIAN_POINT('',(-0.0209348189727367,0.00267745965985597,0.0759530941989983));
#2348=CARTESIAN_POINT('',(-0.0198225403401441,0.00156518102726331,0.0758760642538846));
#2349=CARTESIAN_POINT('',(-0.0195,0.000786499732894357,0.0758221373190242));
#2350=CARTESIAN_POINT('',(-0.0195,-0.000786499732894364,0.0757132005301989));
#2351=CARTESIAN_POINT('',(-0.0198225403401441,-0.00156518102726331,0.0756592735953386));
#2352=CARTESIAN_POINT('',(-0.0209348189727367,-0.00267745965985597,0.0755822436502248));
#2353=CARTESIAN_POINT('',(-0.0217135066926626,-0.00300318682172784,0.0755596856825844));
#2354=CARTESIAN_POINT('',(-0.0225,-0.003,0.0755599063833114));
#2355=CARTESIAN_POINT('',(-0.0225,-0.00339924474796915,0.0759353374757441));
#2356=CARTESIAN_POINT('',(-0.0225,-0.00326616316531276,0.0758101937782665));
#2357=CARTESIAN_POINT('',(-0.0225,-0.00313308158265638,0.075685050080789));
#2358=CARTESIAN_POINT('',(-0.0225,-0.003,0.0755599063833114));
#2359=CARTESIAN_POINT('',(0.0841,-0.00339924474796915,0.0759353374757441));
#2360=CARTESIAN_POINT('',(0.0841,-0.00339924474796915,0.0759353374757441));
#2361=CARTESIAN_POINT('',(0.0845,0.0266693533202625,0.0639817360278529));
#2362=CARTESIAN_POINT('',(0.0841292893218813,0.0205268073325286,0.0706485460842988));
#2363=CARTESIAN_POINT('',(-0.0255,0.0198298346864791,0.0769640626063523));
#2364=CARTESIAN_POINT('',(-0.0255,0.0198298346864791,0.0769640626063523));
#2365=CARTESIAN_POINT('',(-0.0255,-0.0034,0.0228041936932661));
#2366=CARTESIAN_POINT('',(-0.0255,-0.0034,0.0755345343179535));
#2367=CARTESIAN_POINT('',(0.014498,-0.00339924474796915,0.0759353374757441));
#2368=CARTESIAN_POINT('',(-0.0251,-0.00319962237398457,0.0757476219295278));
#2369=CARTESIAN_POINT('',(0.0841,-0.00212132034355966,0.0760139789775539));
#2370=CARTESIAN_POINT('',(0.0845,-0.0241918742557462,0.0742550343637537));
#2371=CARTESIAN_POINT('',(0.0841,0.0204596500450031,0.0703571247280615));
#2372=CARTESIAN_POINT('',(0.0841,0.0204596500450031,0.0703571247280615));
#2373=CARTESIAN_POINT('',(0.0841,0.0204596500450031,0.0703571247280615));
#2374=CARTESIAN_POINT('',(-0.0255,-0.013041287328541,0.044092940591332));
#2375=CARTESIAN_POINT('',(-0.0154643884702756,0.0309509286461652,0.0738926586339942));
#2376=CARTESIAN_POINT('',(-0.0255,-0.0034,0.0755345343179535));
#2377=CARTESIAN_POINT('',(-0.0255,-0.0034,0.0755345343179535));
#2378=CARTESIAN_POINT('',(0.0845,-0.0241918742557462,0.0742550343637537));
#2379=CARTESIAN_POINT('',(0.0841,-0.0247612470019006,0.0744706285127272));
#2380=CARTESIAN_POINT('',(0.0845,-0.0241918742557462,0.0742550343637537));
#2381=CARTESIAN_POINT('',(0.0845,0.00637538870020858,0.0436877714077989));
#2382=CARTESIAN_POINT('',(0.0841,-0.0209768073325285,0.0704742820155869));
#2383=CARTESIAN_POINT('',(0.0845,0.00176776695296637,0.0707571247280615));
#2384=CARTESIAN_POINT('',(0.0841585786437627,-0.020693964620054,0.0704157033718242));
#2385=CARTESIAN_POINT('',(0.014498,0.0204596500450031,0.0703571247280615));
#2386=CARTESIAN_POINT('',(-0.0251,0.0205768073325285,0.0706399674405361));
#2387=CARTESIAN_POINT('',(-0.0255,0.0380471776121871,0.0526039117359284));
#2388=CARTESIAN_POINT('',(-0.0251,0.0205768073325285,0.0706399674405361));
#2389=CARTESIAN_POINT('',(-0.0251,-0.00212132034355966,0.0760139789775539));
#2390=CARTESIAN_POINT('',(-0.0251,-0.0247030459841534,0.0746243343227481));
#2391=CARTESIAN_POINT('',(0.014498,-0.0247030459841534,0.0746243343227481));
#2392=CARTESIAN_POINT('',(-0.0251,-0.0247030459841534,0.0746243343227481));
#2393=CARTESIAN_POINT('',(0.0841,-0.0209768073325285,0.0704742820155869));
#2394=CARTESIAN_POINT('',(0.0841,-0.0209768073325285,0.0704742820155869));
#2395=CARTESIAN_POINT('',(-0.0251,0.0205768073325285,0.0706399674405361));
#2396=CARTESIAN_POINT('',(-0.0251292893218814,0.0204182286887658,0.0703864140499428));
#2397=CARTESIAN_POINT('',(-0.0251,-0.0247030459841534,0.0746243343227481));
#2398=CARTESIAN_POINT('',(-0.0251387503703204,-0.0247586512302614,0.0743109272125739));
#2399=CARTESIAN_POINT('',(0.014498,-0.0209768073325285,0.0704742820155869));
#2400=CARTESIAN_POINT('',(0.0687036986307271,-0.0130385665575368,0.0671861550252021));
#2401=CARTESIAN_POINT('',(-0.0255,0.00824745956952486,0.0707571247280615));
#2402=CARTESIAN_POINT('',(-0.0251,-0.0206939646200539,0.0703571247280615));
#2403=CARTESIAN_POINT('',(-0.0255,0.0177532129921331,0.0323099471158744));
#2404=CARTESIAN_POINT('',(-0.0251585786437627,-0.0209353859762913,0.0705157033718242));
#2405=CARTESIAN_POINT('',(0.0699,0.,0.0703571247280615));
#2406=CARTESIAN_POINT('',(0.0767589357775095,-0.013717871555019,0.063498188950552));
#2407=CARTESIAN_POINT('',(0.0697,-0.0207768073325286,0.0705571247280615));
#2408=CARTESIAN_POINT('',(0.0659211558850004,-0.019211558850002,0.0743359688430611));
#2409=CARTESIAN_POINT('',(0.0699,-0.00625965004500315,0.0703571247280615));
#2410=CARTESIAN_POINT('',(-0.0251,-0.0206939646200539,0.0703571247280615));
#2411=CARTESIAN_POINT('',(-0.0251,-0.0206939646200539,0.0703571247280615));
#2412=CARTESIAN_POINT('',(0.0695,-0.00625965004500315,0.0707571247280615));
#2413=CARTESIAN_POINT('',(0.0695,-0.00625965004500315,0.0707571247280615));
#2414=CARTESIAN_POINT('',(0.0691,-0.00585965004500315,0.0707571247280615));
#2415=CARTESIAN_POINT('',(0.014498,-0.0209768073325285,0.0704742820155869));
#2416=CARTESIAN_POINT('',(0.0285804745750921,-0.0230391379861076,0.0713285273423971));
#2417=CARTESIAN_POINT('',(0.0695,-0.0204809703885628,0.0719571247280615));
#2418=CARTESIAN_POINT('',(0.0692304804361354,-0.0217823259613763,0.0722266442919261));
#2419=CARTESIAN_POINT('',(0.0697,-0.0219768073325286,0.0717571247280615));
#2420=CARTESIAN_POINT('',(0.0690057190958418,-0.0226710882366868,0.0724514056322197));
#2421=CARTESIAN_POINT('',(0.0695,-0.00625965004500315,0.0719571247280615));
#2422=CARTESIAN_POINT('',(0.0695,-0.00625965004500315,0.0723571247280615));
#2423=CARTESIAN_POINT('',(0.0695,-0.00625965004500315,0.0719571247280615));
#2424=CARTESIAN_POINT('',(0.014498,-0.00545965004500315,0.0703571247280615));
#2425=CARTESIAN_POINT('',(0.0299,-0.00545965004500315,0.0703571247280615));
#2426=CARTESIAN_POINT('',(0.0295,-0.0204809703885628,0.0707571247280615));
#2427=CARTESIAN_POINT('',(0.0295406272800679,-0.0206771362496475,0.0707977520081294));
#2428=CARTESIAN_POINT('',(0.0293,-0.0207768073325286,0.0705571247280615));
#2429=CARTESIAN_POINT('',(0.0293347210186781,-0.0208115283512066,0.0705918457467396));
#2430=CARTESIAN_POINT('',(0.0295,-0.00625965004500315,0.0707571247280615));
#2431=CARTESIAN_POINT('',(0.0695,-0.00625965004500315,0.0719571247280615));
#2432=CARTESIAN_POINT('',(0.0691,-0.00605965004500316,0.0721571247280615));
#2433=CARTESIAN_POINT('',(0.0299,-0.00585965004500315,0.0707571247280615));
#2434=CARTESIAN_POINT('',(0.0299,-0.00585965004500315,0.0707571247280615));
#2435=CARTESIAN_POINT('',(0.0495,-0.00585965004500315,0.0719571247280615));
#2436=CARTESIAN_POINT('',(0.0299,-0.00625965004500315,0.0723571247280615));
#2437=CARTESIAN_POINT('',(0.0299,-0.00585965004500315,0.0723571247280615));
#2438=CARTESIAN_POINT('',(0.0297,-0.00605965004500315,0.0719571247280615));
#2439=CARTESIAN_POINT('',(0.0299,-0.00625965004500315,0.0723571247280615));
#2440=CARTESIAN_POINT('',(0.0299,-0.00625965004500315,0.0723571247280615));
#2441=CARTESIAN_POINT('',(0.0299,-0.00712132034355964,0.0723571247280615));
#2442=CARTESIAN_POINT('',(0.0295942809041582,-0.0222710882366868,0.0720514056322197));
#2443=CARTESIAN_POINT('',(0.0293,-0.0219768073325286,0.0717571247280615));
#2444=CARTESIAN_POINT('',(0.0326861834757115,-0.0205742042122052,0.075143308203773));
#2445=CARTESIAN_POINT('',(0.0153980181345935,-0.00345149938274666,0.0759321218059116));
#2446=CARTESIAN_POINT('',(0.0136019818654064,-0.00345149938274667,0.0759321218059116));
#2447=CARTESIAN_POINT('',(0.0127128908773392,-0.00308322582573108,0.0759547847940356));
#2448=CARTESIAN_POINT('',(0.0114429014916577,-0.00181323644004953,0.0760329379870007));
#2449=CARTESIAN_POINT('',(0.0110746279346421,-0.000924145396253905,0.0760876512820035));
#2450=CARTESIAN_POINT('',(0.0110746279346421,0.000871890761476385,0.0761981765840177));
#2451=CARTESIAN_POINT('',(0.0114429014916577,0.00176098180527202,0.0762528898790205));
#2452=CARTESIAN_POINT('',(0.0127128908773392,0.00303097119095356,0.0763310430719855));
#2453=CARTESIAN_POINT('',(0.0136019818654064,0.00339924474796915,0.0763537060601095));
#2454=CARTESIAN_POINT('',(0.0153980181345935,0.00339924474796915,0.0763537060601095));
#2455=CARTESIAN_POINT('',(0.0162871091226608,0.00303097119095356,0.0763310430719855));
#2456=CARTESIAN_POINT('',(0.0175570985083423,0.00176098180527201,0.0762528898790205));
#2457=CARTESIAN_POINT('',(0.0179253720653579,0.000871890761476381,0.0761981765840177));
#2458=CARTESIAN_POINT('',(0.0179253720653579,-0.000924145396253911,0.0760876512820035));
#2459=CARTESIAN_POINT('',(0.0175570985083424,-0.00181323644004953,0.0760329379870007));
#2460=CARTESIAN_POINT('',(0.0162871091226608,-0.00308322582573107,0.0759547847940357));
#2461=CARTESIAN_POINT('',(0.0153980181345935,-0.00345149938274666,0.0759321218059116));
#2462=CARTESIAN_POINT('',(0.0136019818654064,-0.00345149938274667,0.0759321218059116));
#2463=CARTESIAN_POINT('',(0.0152864997955873,-0.003,0.0755075528983443));
#2464=CARTESIAN_POINT('',(0.0137135002044126,-0.003,0.0755075528983443));
#2465=CARTESIAN_POINT('',(0.0129348189727351,-0.00267745965985442,0.0755302158864691));
#2466=CARTESIAN_POINT('',(0.0118225403401456,-0.00156518102726487,0.0756083690794326));
#2467=CARTESIAN_POINT('',(0.0115,-0.00078649973199349,0.0756630823749534));
#2468=CARTESIAN_POINT('',(0.0115,0.000786499731993489,0.0757736076759331));
#2469=CARTESIAN_POINT('',(0.0118225403401456,0.00156518102726487,0.0758283209714539));
#2470=CARTESIAN_POINT('',(0.0129348189727351,0.00267745965985442,0.0759064741644174));
#2471=CARTESIAN_POINT('',(0.0137135002044127,0.003,0.0759291371525422));
#2472=CARTESIAN_POINT('',(0.0152864997955873,0.003,0.0759291371525422));
#2473=CARTESIAN_POINT('',(0.0160651810272648,0.00267745965985442,0.0759064741644174));
#2474=CARTESIAN_POINT('',(0.0171774596598544,0.00156518102726487,0.0758283209714539));
#2475=CARTESIAN_POINT('',(0.0175,0.000786499731993485,0.0757736076759332));
#2476=CARTESIAN_POINT('',(0.0175,-0.000786499731993493,0.0756630823749534));
#2477=CARTESIAN_POINT('',(0.0171774596598544,-0.00156518102726486,0.0756083690794326));
#2478=CARTESIAN_POINT('',(0.0160651810272648,-0.00267745965985441,0.0755302158864691));
#2479=CARTESIAN_POINT('',(0.0152864997955873,-0.003,0.0755075528983443));
#2480=CARTESIAN_POINT('',(0.0137135002044126,-0.003,0.0755075528983443));
#2481=CARTESIAN_POINT('',(0.0815,-1.92881870865708E-19,0.0707571247280615));
#2482=CARTESIAN_POINT('',(0.0145,-1.92881870865708E-19,0.0707571247280615));
#2483=CARTESIAN_POINT('',(-0.0225,-1.92881870865708E-19,0.0707571247280615));
#2484=CARTESIAN_POINT('',(0.0254583184207233,-0.0175008111782011,0.0669982858612594));
#2485=CARTESIAN_POINT('',(0.0301023441270781,-0.0193097795671983,0.0702247829089354));
#2486=CARTESIAN_POINT('',(0.0295,-0.0213874675043083,0.0714506276123159));
#2487=CARTESIAN_POINT('',(0.0303225378162313,-0.0201071714532525,0.0713335756965391));
#2488=CARTESIAN_POINT('',(0.0246583184207233,-0.0179008111782011,0.0673982858612594));
#2489=CARTESIAN_POINT('',(0.0293608662464919,-0.0251534237003926,0.0733758660352395));
#2490=CARTESIAN_POINT('',(0.014498,-0.0229768073325285,0.0724742820155869));
#2491=CARTESIAN_POINT('',(0.0725069664065682,-0.0418683773247258,0.0802994265208758));
#2492=CARTESIAN_POINT('',(0.05100701491261,-0.0412354778448678,0.0907329525279261));
#2493=CARTESIAN_POINT('',(0.0702171572875254,-0.0229223917448001,0.0719713382904346));
#2494=CARTESIAN_POINT('',(0.0699,-0.0229809703885628,0.0724784450716211));
#2495=CARTESIAN_POINT('',(0.0708132451166067,-0.0228122949002234,0.0710182459536056));
#2496=CARTESIAN_POINT('',(0.05020701491261,-0.0408354778448678,0.0903329525279261));
#2497=MECHANICAL_DESIGN_GEOMETRIC_PRESENTATION_REPRESENTATION('',(#1430),
#2498);
#2498=(
GEOMETRIC_REPRESENTATION_CONTEXT(3)
GLOBAL_UNCERTAINTY_ASSIGNED_CONTEXT((#2499))
GLOBAL_UNIT_ASSIGNED_CONTEXT((#2502,#2501,#2500))
REPRESENTATION_CONTEXT('Front_Cover','TOP_LEVEL_ASSEMBLY_PART')
);
#2499=UNCERTAINTY_MEASURE_WITH_UNIT(LENGTH_MEASURE(2.E-5),#2502,
'DISTANCE_ACCURACY_VALUE','Maximum Tolerance applied to model');
#2500=(
NAMED_UNIT(*)
SI_UNIT($,.STERADIAN.)
SOLID_ANGLE_UNIT()
);
#2501=(
NAMED_UNIT(*)
PLANE_ANGLE_UNIT()
SI_UNIT($,.RADIAN.)
);
#2502=(
LENGTH_UNIT()
NAMED_UNIT(*)
SI_UNIT($,.METRE.)
);
#2503=PRODUCT_DEFINITION_SHAPE('','',#2504);
#2504=PRODUCT_DEFINITION('','',#2506,#2505);
#2505=PRODUCT_DEFINITION_CONTEXT('',#2512,'design');
#2506=PRODUCT_DEFINITION_FORMATION_WITH_SPECIFIED_SOURCE('','',#2508,
 .NOT_KNOWN.);
#2507=PRODUCT_RELATED_PRODUCT_CATEGORY('','',(#2508));
#2508=PRODUCT('Front_Cover','Front_Cover','Front_Cover',(#2510));
#2509=PRODUCT_CATEGORY('','');
#2510=PRODUCT_CONTEXT('',#2512,'mechanical');
#2511=APPLICATION_PROTOCOL_DEFINITION('international standard',
'ap242_managed_model_based_3d_engineering',2020,#2512);
#2512=APPLICATION_CONTEXT('managed model based 3d engineering');
ENDSEC;
END-ISO-10303-21;
