ISO-10303-21;
HEADER;
/* Generated by software containing ST-Developer
 * from STEP Tools, Inc. (www.steptools.com) 
 */
/* OPTION: using custom renumber hook */

FILE_DESCRIPTION(
/* description */ ('STEP AP242 Edition 2',
'CAx-IF Rec.Pracs.---Representation and Presentation of Product Manufa
cturing Information (PMI)---4.0---2014-10-13',
'CAx-IF Rec.Pracs.---3D Tessellated Geometry---0.4---2014-09-14','2;1',
'CAx-IF Rec.Pracs.---User Defined Attributes---1.5---2016-08-15'),
/* implementation_level */ '2;1');

FILE_NAME(
/* name */ 'Part Studio 1 - Keyboard_Part1',
/* time_stamp */ '2026-08-27T18:27:23Z',
/* author */ (''),
/* organization */ (''),
/* preprocessor_version */ 'ST-DEVELOPER v20',
/* originating_system */ 'ONSHAPE BY PTC INC, 1.219',
/* authorisation */ '  ');

FILE_SCHEMA (('AP242_MANAGED_MODEL_BASED_3D_ENGINEERING_MIM_LF { 1 0 10303 442 3 1 4 }'));
ENDSEC;

DATA;
#10=SHAPE_REPRESENTATION_RELATIONSHIP('','',#2697,#11);
#11=ADVANCED_BREP_SHAPE_REPRESENTATION('',(#2695),#4355);
#12=CONICAL_SURFACE('',#2855,0.003,0.785398163397448);
#13=CONICAL_SURFACE('',#2862,0.0034,0.785398163397448);
#14=CONICAL_SURFACE('',#2873,0.0034,0.785398163397448);
#15=CONICAL_SURFACE('',#2880,0.003,0.785398163397448);
#16=CONICAL_SURFACE('',#2893,0.0014,0.785398163397452);
#17=CONICAL_SURFACE('',#2894,0.0014,0.785398163397452);
#18=CONICAL_SURFACE('',#2897,0.0014,0.785398163397452);
#19=CONICAL_SURFACE('',#2898,0.0014,0.785398163397452);
#20=CIRCLE('',#2704,0.001);
#21=CIRCLE('',#2705,0.001);
#22=CIRCLE('',#2707,0.001);
#23=CIRCLE('',#2708,0.001);
#24=CIRCLE('',#2710,0.001);
#25=CIRCLE('',#2711,0.001);
#26=CIRCLE('',#2713,0.001);
#27=CIRCLE('',#2714,0.001);
#28=CIRCLE('',#2717,0.00165);
#29=CIRCLE('',#2718,0.00165);
#30=CIRCLE('',#2720,0.00165);
#31=CIRCLE('',#2721,0.00165);
#32=CIRCLE('',#2723,0.00165);
#33=CIRCLE('',#2724,0.00165);
#34=CIRCLE('',#2726,0.00165);
#35=CIRCLE('',#2727,0.00165);
#36=CIRCLE('',#2787,0.003);
#37=CIRCLE('',#2788,0.003);
#38=CIRCLE('',#2795,0.003);
#39=CIRCLE('',#2797,0.003);
#40=CIRCLE('',#2800,0.003);
#41=CIRCLE('',#2801,0.003);
#42=CIRCLE('',#2805,0.003);
#43=CIRCLE('',#2806,0.003);
#44=CIRCLE('',#2811,0.0014);
#45=CIRCLE('',#2812,0.0014);
#46=CIRCLE('',#2813,0.0014);
#47=CIRCLE('',#2814,0.0014);
#48=CIRCLE('',#2815,0.0034);
#49=CIRCLE('',#2816,0.0034);
#50=CIRCLE('',#2817,0.0034);
#51=CIRCLE('',#2818,0.0034);
#52=CIRCLE('',#2820,0.005);
#53=CIRCLE('',#2822,0.005);
#54=CIRCLE('',#2824,0.005);
#55=CIRCLE('',#2826,0.005);
#56=CIRCLE('',#2828,0.005);
#57=CIRCLE('',#2830,0.005);
#58=CIRCLE('',#2832,0.005);
#59=CIRCLE('',#2834,0.005);
#60=CIRCLE('',#2835,0.005);
#61=CIRCLE('',#2837,0.005);
#62=CIRCLE('',#2839,0.005);
#63=CIRCLE('',#2841,0.005);
#64=CYLINDRICAL_SURFACE('',#2703,0.001);
#65=CYLINDRICAL_SURFACE('',#2706,0.001);
#66=CYLINDRICAL_SURFACE('',#2709,0.001);
#67=CYLINDRICAL_SURFACE('',#2712,0.001);
#68=CYLINDRICAL_SURFACE('',#2716,0.00165);
#69=CYLINDRICAL_SURFACE('',#2719,0.00165);
#70=CYLINDRICAL_SURFACE('',#2722,0.00165);
#71=CYLINDRICAL_SURFACE('',#2725,0.00165);
#72=CYLINDRICAL_SURFACE('',#2786,0.003);
#73=CYLINDRICAL_SURFACE('',#2796,0.003);
#74=CYLINDRICAL_SURFACE('',#2799,0.003);
#75=CYLINDRICAL_SURFACE('',#2804,0.003);
#76=CYLINDRICAL_SURFACE('',#2829,0.005);
#77=CYLINDRICAL_SURFACE('',#2831,0.005);
#78=CYLINDRICAL_SURFACE('',#2833,0.005);
#79=CYLINDRICAL_SURFACE('',#2836,0.005);
#80=CYLINDRICAL_SURFACE('',#2838,0.005);
#81=CYLINDRICAL_SURFACE('',#2840,0.005);
#82=ORIENTED_EDGE('',*,*,#794,.T.);
#83=ORIENTED_EDGE('',*,*,#795,.T.);
#84=ORIENTED_EDGE('',*,*,#796,.T.);
#85=ORIENTED_EDGE('',*,*,#797,.T.);
#86=ORIENTED_EDGE('',*,*,#798,.T.);
#87=ORIENTED_EDGE('',*,*,#799,.T.);
#88=ORIENTED_EDGE('',*,*,#800,.T.);
#89=ORIENTED_EDGE('',*,*,#801,.F.);
#90=ORIENTED_EDGE('',*,*,#802,.T.);
#91=ORIENTED_EDGE('',*,*,#803,.T.);
#92=ORIENTED_EDGE('',*,*,#804,.T.);
#93=ORIENTED_EDGE('',*,*,#805,.F.);
#94=ORIENTED_EDGE('',*,*,#806,.T.);
#95=ORIENTED_EDGE('',*,*,#807,.T.);
#96=ORIENTED_EDGE('',*,*,#808,.T.);
#97=ORIENTED_EDGE('',*,*,#809,.T.);
#98=ORIENTED_EDGE('',*,*,#804,.F.);
#99=ORIENTED_EDGE('',*,*,#810,.T.);
#100=ORIENTED_EDGE('',*,*,#806,.F.);
#101=ORIENTED_EDGE('',*,*,#811,.F.);
#102=ORIENTED_EDGE('',*,*,#808,.F.);
#103=ORIENTED_EDGE('',*,*,#812,.T.);
#104=ORIENTED_EDGE('',*,*,#794,.F.);
#105=ORIENTED_EDGE('',*,*,#813,.F.);
#106=ORIENTED_EDGE('',*,*,#796,.F.);
#107=ORIENTED_EDGE('',*,*,#814,.T.);
#108=ORIENTED_EDGE('',*,*,#798,.F.);
#109=ORIENTED_EDGE('',*,*,#815,.F.);
#110=ORIENTED_EDGE('',*,*,#800,.F.);
#111=ORIENTED_EDGE('',*,*,#816,.T.);
#112=ORIENTED_EDGE('',*,*,#802,.F.);
#113=ORIENTED_EDGE('',*,*,#817,.F.);
#114=ORIENTED_EDGE('',*,*,#818,.T.);
#115=ORIENTED_EDGE('',*,*,#819,.T.);
#116=ORIENTED_EDGE('',*,*,#820,.T.);
#117=ORIENTED_EDGE('',*,*,#821,.T.);
#118=ORIENTED_EDGE('',*,*,#822,.T.);
#119=ORIENTED_EDGE('',*,*,#823,.T.);
#120=ORIENTED_EDGE('',*,*,#824,.T.);
#121=ORIENTED_EDGE('',*,*,#825,.T.);
#122=ORIENTED_EDGE('',*,*,#826,.T.);
#123=ORIENTED_EDGE('',*,*,#827,.T.);
#124=ORIENTED_EDGE('',*,*,#828,.T.);
#125=ORIENTED_EDGE('',*,*,#829,.T.);
#126=ORIENTED_EDGE('',*,*,#830,.F.);
#127=ORIENTED_EDGE('',*,*,#831,.T.);
#128=ORIENTED_EDGE('',*,*,#832,.T.);
#129=ORIENTED_EDGE('',*,*,#833,.F.);
#130=ORIENTED_EDGE('',*,*,#834,.F.);
#131=ORIENTED_EDGE('',*,*,#835,.T.);
#132=ORIENTED_EDGE('',*,*,#836,.T.);
#133=ORIENTED_EDGE('',*,*,#837,.F.);
#134=ORIENTED_EDGE('',*,*,#838,.T.);
#135=ORIENTED_EDGE('',*,*,#839,.F.);
#136=ORIENTED_EDGE('',*,*,#840,.F.);
#137=ORIENTED_EDGE('',*,*,#841,.F.);
#138=ORIENTED_EDGE('',*,*,#840,.T.);
#139=ORIENTED_EDGE('',*,*,#842,.F.);
#140=ORIENTED_EDGE('',*,*,#843,.F.);
#141=ORIENTED_EDGE('',*,*,#844,.F.);
#142=ORIENTED_EDGE('',*,*,#843,.T.);
#143=ORIENTED_EDGE('',*,*,#845,.T.);
#144=ORIENTED_EDGE('',*,*,#846,.F.);
#145=ORIENTED_EDGE('',*,*,#847,.T.);
#146=ORIENTED_EDGE('',*,*,#848,.T.);
#147=ORIENTED_EDGE('',*,*,#849,.T.);
#148=ORIENTED_EDGE('',*,*,#850,.F.);
#149=ORIENTED_EDGE('',*,*,#851,.T.);
#150=ORIENTED_EDGE('',*,*,#850,.T.);
#151=ORIENTED_EDGE('',*,*,#852,.F.);
#152=ORIENTED_EDGE('',*,*,#853,.F.);
#153=ORIENTED_EDGE('',*,*,#854,.F.);
#154=ORIENTED_EDGE('',*,*,#853,.T.);
#155=ORIENTED_EDGE('',*,*,#855,.F.);
#156=ORIENTED_EDGE('',*,*,#856,.F.);
#157=ORIENTED_EDGE('',*,*,#857,.F.);
#158=ORIENTED_EDGE('',*,*,#858,.T.);
#159=ORIENTED_EDGE('',*,*,#859,.T.);
#160=ORIENTED_EDGE('',*,*,#860,.F.);
#161=ORIENTED_EDGE('',*,*,#861,.T.);
#162=ORIENTED_EDGE('',*,*,#860,.T.);
#163=ORIENTED_EDGE('',*,*,#862,.F.);
#164=ORIENTED_EDGE('',*,*,#863,.F.);
#165=ORIENTED_EDGE('',*,*,#864,.F.);
#166=ORIENTED_EDGE('',*,*,#863,.T.);
#167=ORIENTED_EDGE('',*,*,#865,.F.);
#168=ORIENTED_EDGE('',*,*,#866,.F.);
#169=ORIENTED_EDGE('',*,*,#867,.F.);
#170=ORIENTED_EDGE('',*,*,#868,.T.);
#171=ORIENTED_EDGE('',*,*,#869,.T.);
#172=ORIENTED_EDGE('',*,*,#870,.F.);
#173=ORIENTED_EDGE('',*,*,#871,.T.);
#174=ORIENTED_EDGE('',*,*,#870,.T.);
#175=ORIENTED_EDGE('',*,*,#872,.T.);
#176=ORIENTED_EDGE('',*,*,#873,.F.);
#177=ORIENTED_EDGE('',*,*,#874,.T.);
#178=ORIENTED_EDGE('',*,*,#873,.T.);
#179=ORIENTED_EDGE('',*,*,#875,.F.);
#180=ORIENTED_EDGE('',*,*,#876,.F.);
#181=ORIENTED_EDGE('',*,*,#877,.F.);
#182=ORIENTED_EDGE('',*,*,#878,.T.);
#183=ORIENTED_EDGE('',*,*,#879,.T.);
#184=ORIENTED_EDGE('',*,*,#880,.F.);
#185=ORIENTED_EDGE('',*,*,#881,.T.);
#186=ORIENTED_EDGE('',*,*,#880,.T.);
#187=ORIENTED_EDGE('',*,*,#882,.F.);
#188=ORIENTED_EDGE('',*,*,#883,.F.);
#189=ORIENTED_EDGE('',*,*,#884,.F.);
#190=ORIENTED_EDGE('',*,*,#883,.T.);
#191=ORIENTED_EDGE('',*,*,#885,.F.);
#192=ORIENTED_EDGE('',*,*,#886,.F.);
#193=ORIENTED_EDGE('',*,*,#887,.F.);
#194=ORIENTED_EDGE('',*,*,#888,.T.);
#195=ORIENTED_EDGE('',*,*,#889,.T.);
#196=ORIENTED_EDGE('',*,*,#890,.F.);
#197=ORIENTED_EDGE('',*,*,#891,.T.);
#198=ORIENTED_EDGE('',*,*,#890,.T.);
#199=ORIENTED_EDGE('',*,*,#892,.F.);
#200=ORIENTED_EDGE('',*,*,#893,.F.);
#201=ORIENTED_EDGE('',*,*,#894,.F.);
#202=ORIENTED_EDGE('',*,*,#893,.T.);
#203=ORIENTED_EDGE('',*,*,#895,.F.);
#204=ORIENTED_EDGE('',*,*,#896,.F.);
#205=ORIENTED_EDGE('',*,*,#897,.F.);
#206=ORIENTED_EDGE('',*,*,#856,.T.);
#207=ORIENTED_EDGE('',*,*,#898,.T.);
#208=ORIENTED_EDGE('',*,*,#848,.F.);
#209=ORIENTED_EDGE('',*,*,#899,.T.);
#210=ORIENTED_EDGE('',*,*,#866,.T.);
#211=ORIENTED_EDGE('',*,*,#900,.T.);
#212=ORIENTED_EDGE('',*,*,#858,.F.);
#213=ORIENTED_EDGE('',*,*,#901,.T.);
#214=ORIENTED_EDGE('',*,*,#876,.T.);
#215=ORIENTED_EDGE('',*,*,#902,.F.);
#216=ORIENTED_EDGE('',*,*,#868,.F.);
#217=ORIENTED_EDGE('',*,*,#903,.F.);
#218=ORIENTED_EDGE('',*,*,#886,.T.);
#219=ORIENTED_EDGE('',*,*,#904,.T.);
#220=ORIENTED_EDGE('',*,*,#878,.F.);
#221=ORIENTED_EDGE('',*,*,#905,.T.);
#222=ORIENTED_EDGE('',*,*,#896,.T.);
#223=ORIENTED_EDGE('',*,*,#906,.T.);
#224=ORIENTED_EDGE('',*,*,#888,.F.);
#225=ORIENTED_EDGE('',*,*,#907,.T.);
#226=ORIENTED_EDGE('',*,*,#846,.T.);
#227=ORIENTED_EDGE('',*,*,#908,.T.);
#228=ORIENTED_EDGE('',*,*,#838,.F.);
#229=ORIENTED_EDGE('',*,*,#909,.T.);
#230=ORIENTED_EDGE('',*,*,#910,.T.);
#231=ORIENTED_EDGE('',*,*,#911,.T.);
#232=ORIENTED_EDGE('',*,*,#912,.F.);
#233=ORIENTED_EDGE('',*,*,#913,.F.);
#234=ORIENTED_EDGE('',*,*,#881,.F.);
#235=ORIENTED_EDGE('',*,*,#884,.T.);
#236=ORIENTED_EDGE('',*,*,#887,.T.);
#237=ORIENTED_EDGE('',*,*,#905,.F.);
#238=ORIENTED_EDGE('',*,*,#841,.T.);
#239=ORIENTED_EDGE('',*,*,#844,.T.);
#240=ORIENTED_EDGE('',*,*,#847,.F.);
#241=ORIENTED_EDGE('',*,*,#909,.F.);
#242=ORIENTED_EDGE('',*,*,#914,.F.);
#243=ORIENTED_EDGE('',*,*,#915,.F.);
#244=ORIENTED_EDGE('',*,*,#916,.T.);
#245=ORIENTED_EDGE('',*,*,#917,.T.);
#246=ORIENTED_EDGE('',*,*,#871,.F.);
#247=ORIENTED_EDGE('',*,*,#874,.F.);
#248=ORIENTED_EDGE('',*,*,#877,.T.);
#249=ORIENTED_EDGE('',*,*,#903,.T.);
#250=ORIENTED_EDGE('',*,*,#918,.F.);
#251=ORIENTED_EDGE('',*,*,#919,.F.);
#252=ORIENTED_EDGE('',*,*,#920,.T.);
#253=ORIENTED_EDGE('',*,*,#921,.T.);
#254=ORIENTED_EDGE('',*,*,#922,.T.);
#255=ORIENTED_EDGE('',*,*,#923,.F.);
#256=ORIENTED_EDGE('',*,*,#924,.F.);
#257=ORIENTED_EDGE('',*,*,#925,.T.);
#258=ORIENTED_EDGE('',*,*,#851,.F.);
#259=ORIENTED_EDGE('',*,*,#854,.T.);
#260=ORIENTED_EDGE('',*,*,#857,.T.);
#261=ORIENTED_EDGE('',*,*,#899,.F.);
#262=ORIENTED_EDGE('',*,*,#926,.T.);
#263=ORIENTED_EDGE('',*,*,#927,.T.);
#264=ORIENTED_EDGE('',*,*,#928,.F.);
#265=ORIENTED_EDGE('',*,*,#929,.F.);
#266=ORIENTED_EDGE('',*,*,#861,.F.);
#267=ORIENTED_EDGE('',*,*,#864,.T.);
#268=ORIENTED_EDGE('',*,*,#867,.T.);
#269=ORIENTED_EDGE('',*,*,#901,.F.);
#270=ORIENTED_EDGE('',*,*,#930,.T.);
#271=ORIENTED_EDGE('',*,*,#931,.T.);
#272=ORIENTED_EDGE('',*,*,#932,.F.);
#273=ORIENTED_EDGE('',*,*,#933,.T.);
#274=ORIENTED_EDGE('',*,*,#934,.F.);
#275=ORIENTED_EDGE('',*,*,#935,.T.);
#276=ORIENTED_EDGE('',*,*,#936,.T.);
#277=ORIENTED_EDGE('',*,*,#937,.T.);
#278=ORIENTED_EDGE('',*,*,#938,.T.);
#279=ORIENTED_EDGE('',*,*,#939,.T.);
#280=ORIENTED_EDGE('',*,*,#940,.T.);
#281=ORIENTED_EDGE('',*,*,#941,.T.);
#282=ORIENTED_EDGE('',*,*,#942,.T.);
#283=ORIENTED_EDGE('',*,*,#943,.T.);
#284=ORIENTED_EDGE('',*,*,#944,.T.);
#285=ORIENTED_EDGE('',*,*,#945,.T.);
#286=ORIENTED_EDGE('',*,*,#946,.T.);
#287=ORIENTED_EDGE('',*,*,#947,.T.);
#288=ORIENTED_EDGE('',*,*,#948,.T.);
#289=ORIENTED_EDGE('',*,*,#949,.T.);
#290=ORIENTED_EDGE('',*,*,#950,.T.);
#291=ORIENTED_EDGE('',*,*,#951,.T.);
#292=ORIENTED_EDGE('',*,*,#952,.F.);
#293=ORIENTED_EDGE('',*,*,#953,.F.);
#294=ORIENTED_EDGE('',*,*,#891,.F.);
#295=ORIENTED_EDGE('',*,*,#894,.T.);
#296=ORIENTED_EDGE('',*,*,#897,.T.);
#297=ORIENTED_EDGE('',*,*,#907,.F.);
#298=ORIENTED_EDGE('',*,*,#950,.F.);
#299=ORIENTED_EDGE('',*,*,#954,.F.);
#300=ORIENTED_EDGE('',*,*,#955,.T.);
#301=ORIENTED_EDGE('',*,*,#956,.T.);
#302=ORIENTED_EDGE('',*,*,#953,.T.);
#303=ORIENTED_EDGE('',*,*,#957,.F.);
#304=ORIENTED_EDGE('',*,*,#958,.F.);
#305=ORIENTED_EDGE('',*,*,#954,.T.);
#306=ORIENTED_EDGE('',*,*,#952,.T.);
#307=ORIENTED_EDGE('',*,*,#959,.F.);
#308=ORIENTED_EDGE('',*,*,#960,.F.);
#309=ORIENTED_EDGE('',*,*,#957,.T.);
#310=ORIENTED_EDGE('',*,*,#910,.F.);
#311=ORIENTED_EDGE('',*,*,#961,.F.);
#312=ORIENTED_EDGE('',*,*,#962,.T.);
#313=ORIENTED_EDGE('',*,*,#963,.T.);
#314=ORIENTED_EDGE('',*,*,#913,.T.);
#315=ORIENTED_EDGE('',*,*,#964,.F.);
#316=ORIENTED_EDGE('',*,*,#965,.F.);
#317=ORIENTED_EDGE('',*,*,#961,.T.);
#318=ORIENTED_EDGE('',*,*,#912,.T.);
#319=ORIENTED_EDGE('',*,*,#966,.F.);
#320=ORIENTED_EDGE('',*,*,#967,.F.);
#321=ORIENTED_EDGE('',*,*,#964,.T.);
#322=ORIENTED_EDGE('',*,*,#922,.F.);
#323=ORIENTED_EDGE('',*,*,#968,.F.);
#324=ORIENTED_EDGE('',*,*,#969,.T.);
#325=ORIENTED_EDGE('',*,*,#970,.T.);
#326=ORIENTED_EDGE('',*,*,#925,.F.);
#327=ORIENTED_EDGE('',*,*,#971,.F.);
#328=ORIENTED_EDGE('',*,*,#972,.T.);
#329=ORIENTED_EDGE('',*,*,#968,.T.);
#330=ORIENTED_EDGE('',*,*,#924,.T.);
#331=ORIENTED_EDGE('',*,*,#973,.F.);
#332=ORIENTED_EDGE('',*,*,#974,.F.);
#333=ORIENTED_EDGE('',*,*,#971,.T.);
#334=ORIENTED_EDGE('',*,*,#915,.T.);
#335=ORIENTED_EDGE('',*,*,#975,.F.);
#336=ORIENTED_EDGE('',*,*,#976,.F.);
#337=ORIENTED_EDGE('',*,*,#977,.T.);
#338=ORIENTED_EDGE('',*,*,#914,.T.);
#339=ORIENTED_EDGE('',*,*,#978,.F.);
#340=ORIENTED_EDGE('',*,*,#979,.F.);
#341=ORIENTED_EDGE('',*,*,#975,.T.);
#342=ORIENTED_EDGE('',*,*,#917,.F.);
#343=ORIENTED_EDGE('',*,*,#980,.F.);
#344=ORIENTED_EDGE('',*,*,#981,.T.);
#345=ORIENTED_EDGE('',*,*,#978,.T.);
#346=ORIENTED_EDGE('',*,*,#919,.T.);
#347=ORIENTED_EDGE('',*,*,#982,.F.);
#348=ORIENTED_EDGE('',*,*,#983,.F.);
#349=ORIENTED_EDGE('',*,*,#984,.T.);
#350=ORIENTED_EDGE('',*,*,#918,.T.);
#351=ORIENTED_EDGE('',*,*,#985,.F.);
#352=ORIENTED_EDGE('',*,*,#986,.F.);
#353=ORIENTED_EDGE('',*,*,#982,.T.);
#354=ORIENTED_EDGE('',*,*,#921,.F.);
#355=ORIENTED_EDGE('',*,*,#987,.F.);
#356=ORIENTED_EDGE('',*,*,#988,.T.);
#357=ORIENTED_EDGE('',*,*,#985,.T.);
#358=ORIENTED_EDGE('',*,*,#926,.F.);
#359=ORIENTED_EDGE('',*,*,#989,.F.);
#360=ORIENTED_EDGE('',*,*,#990,.T.);
#361=ORIENTED_EDGE('',*,*,#991,.T.);
#362=ORIENTED_EDGE('',*,*,#929,.T.);
#363=ORIENTED_EDGE('',*,*,#992,.F.);
#364=ORIENTED_EDGE('',*,*,#993,.F.);
#365=ORIENTED_EDGE('',*,*,#989,.T.);
#366=ORIENTED_EDGE('',*,*,#928,.T.);
#367=ORIENTED_EDGE('',*,*,#994,.F.);
#368=ORIENTED_EDGE('',*,*,#995,.F.);
#369=ORIENTED_EDGE('',*,*,#992,.T.);
#370=ORIENTED_EDGE('',*,*,#911,.F.);
#371=ORIENTED_EDGE('',*,*,#963,.F.);
#372=ORIENTED_EDGE('',*,*,#996,.T.);
#373=ORIENTED_EDGE('',*,*,#966,.T.);
#374=ORIENTED_EDGE('',*,*,#923,.T.);
#375=ORIENTED_EDGE('',*,*,#970,.F.);
#376=ORIENTED_EDGE('',*,*,#997,.F.);
#377=ORIENTED_EDGE('',*,*,#973,.T.);
#378=ORIENTED_EDGE('',*,*,#916,.F.);
#379=ORIENTED_EDGE('',*,*,#977,.F.);
#380=ORIENTED_EDGE('',*,*,#998,.T.);
#381=ORIENTED_EDGE('',*,*,#980,.T.);
#382=ORIENTED_EDGE('',*,*,#920,.F.);
#383=ORIENTED_EDGE('',*,*,#984,.F.);
#384=ORIENTED_EDGE('',*,*,#999,.T.);
#385=ORIENTED_EDGE('',*,*,#987,.T.);
#386=ORIENTED_EDGE('',*,*,#927,.F.);
#387=ORIENTED_EDGE('',*,*,#991,.F.);
#388=ORIENTED_EDGE('',*,*,#1000,.T.);
#389=ORIENTED_EDGE('',*,*,#994,.T.);
#390=ORIENTED_EDGE('',*,*,#951,.F.);
#391=ORIENTED_EDGE('',*,*,#956,.F.);
#392=ORIENTED_EDGE('',*,*,#1001,.T.);
#393=ORIENTED_EDGE('',*,*,#959,.T.);
#394=ORIENTED_EDGE('',*,*,#990,.F.);
#395=ORIENTED_EDGE('',*,*,#993,.T.);
#396=ORIENTED_EDGE('',*,*,#995,.T.);
#397=ORIENTED_EDGE('',*,*,#1000,.F.);
#398=ORIENTED_EDGE('',*,*,#983,.T.);
#399=ORIENTED_EDGE('',*,*,#986,.T.);
#400=ORIENTED_EDGE('',*,*,#988,.F.);
#401=ORIENTED_EDGE('',*,*,#999,.F.);
#402=ORIENTED_EDGE('',*,*,#934,.T.);
#403=ORIENTED_EDGE('',*,*,#1002,.T.);
#404=ORIENTED_EDGE('',*,*,#946,.F.);
#405=ORIENTED_EDGE('',*,*,#1003,.T.);
#406=ORIENTED_EDGE('',*,*,#820,.F.);
#407=ORIENTED_EDGE('',*,*,#1004,.T.);
#408=ORIENTED_EDGE('',*,*,#932,.T.);
#409=ORIENTED_EDGE('',*,*,#1005,.T.);
#410=ORIENTED_EDGE('',*,*,#836,.F.);
#411=ORIENTED_EDGE('',*,*,#830,.T.);
#412=ORIENTED_EDGE('',*,*,#832,.F.);
#413=ORIENTED_EDGE('',*,*,#834,.T.);
#414=ORIENTED_EDGE('',*,*,#976,.T.);
#415=ORIENTED_EDGE('',*,*,#979,.T.);
#416=ORIENTED_EDGE('',*,*,#981,.F.);
#417=ORIENTED_EDGE('',*,*,#998,.F.);
#418=ORIENTED_EDGE('',*,*,#969,.F.);
#419=ORIENTED_EDGE('',*,*,#972,.F.);
#420=ORIENTED_EDGE('',*,*,#974,.T.);
#421=ORIENTED_EDGE('',*,*,#997,.T.);
#422=ORIENTED_EDGE('',*,*,#962,.F.);
#423=ORIENTED_EDGE('',*,*,#965,.T.);
#424=ORIENTED_EDGE('',*,*,#967,.T.);
#425=ORIENTED_EDGE('',*,*,#996,.F.);
#426=ORIENTED_EDGE('',*,*,#955,.F.);
#427=ORIENTED_EDGE('',*,*,#958,.T.);
#428=ORIENTED_EDGE('',*,*,#960,.T.);
#429=ORIENTED_EDGE('',*,*,#1001,.F.);
#430=ORIENTED_EDGE('',*,*,#1006,.T.);
#431=ORIENTED_EDGE('',*,*,#1007,.T.);
#432=ORIENTED_EDGE('',*,*,#1008,.F.);
#433=ORIENTED_EDGE('',*,*,#1009,.T.);
#434=ORIENTED_EDGE('',*,*,#1008,.T.);
#435=ORIENTED_EDGE('',*,*,#1010,.T.);
#436=ORIENTED_EDGE('',*,*,#1011,.T.);
#437=ORIENTED_EDGE('',*,*,#1012,.T.);
#438=ORIENTED_EDGE('',*,*,#1013,.T.);
#439=ORIENTED_EDGE('',*,*,#1014,.T.);
#440=ORIENTED_EDGE('',*,*,#1006,.F.);
#441=ORIENTED_EDGE('',*,*,#1015,.T.);
#442=ORIENTED_EDGE('',*,*,#1012,.F.);
#443=ORIENTED_EDGE('',*,*,#1016,.T.);
#444=ORIENTED_EDGE('',*,*,#1015,.F.);
#445=ORIENTED_EDGE('',*,*,#1009,.F.);
#446=ORIENTED_EDGE('',*,*,#837,.T.);
#447=ORIENTED_EDGE('',*,*,#1017,.T.);
#448=ORIENTED_EDGE('',*,*,#1018,.T.);
#449=ORIENTED_EDGE('',*,*,#1019,.F.);
#450=ORIENTED_EDGE('',*,*,#1020,.F.);
#451=ORIENTED_EDGE('',*,*,#1021,.T.);
#452=ORIENTED_EDGE('',*,*,#1022,.T.);
#453=ORIENTED_EDGE('',*,*,#1023,.T.);
#454=ORIENTED_EDGE('',*,*,#1024,.F.);
#455=ORIENTED_EDGE('',*,*,#835,.F.);
#456=ORIENTED_EDGE('',*,*,#1024,.T.);
#457=ORIENTED_EDGE('',*,*,#1025,.T.);
#458=ORIENTED_EDGE('',*,*,#1020,.T.);
#459=ORIENTED_EDGE('',*,*,#1026,.T.);
#460=ORIENTED_EDGE('',*,*,#1019,.T.);
#461=ORIENTED_EDGE('',*,*,#1027,.T.);
#462=ORIENTED_EDGE('',*,*,#1021,.F.);
#463=ORIENTED_EDGE('',*,*,#1026,.F.);
#464=ORIENTED_EDGE('',*,*,#1028,.T.);
#465=ORIENTED_EDGE('',*,*,#1029,.T.);
#466=ORIENTED_EDGE('',*,*,#1030,.F.);
#467=ORIENTED_EDGE('',*,*,#1031,.T.);
#468=ORIENTED_EDGE('',*,*,#1030,.T.);
#469=ORIENTED_EDGE('',*,*,#1032,.T.);
#470=ORIENTED_EDGE('',*,*,#1033,.F.);
#471=ORIENTED_EDGE('',*,*,#1034,.T.);
#472=ORIENTED_EDGE('',*,*,#1033,.T.);
#473=ORIENTED_EDGE('',*,*,#1035,.T.);
#474=ORIENTED_EDGE('',*,*,#1036,.T.);
#475=ORIENTED_EDGE('',*,*,#1037,.T.);
#476=ORIENTED_EDGE('',*,*,#1037,.F.);
#477=ORIENTED_EDGE('',*,*,#1038,.T.);
#478=ORIENTED_EDGE('',*,*,#1031,.F.);
#479=ORIENTED_EDGE('',*,*,#1034,.F.);
#480=ORIENTED_EDGE('',*,*,#833,.T.);
#481=ORIENTED_EDGE('',*,*,#1039,.T.);
#482=ORIENTED_EDGE('',*,*,#1040,.T.);
#483=ORIENTED_EDGE('',*,*,#1041,.F.);
#484=ORIENTED_EDGE('',*,*,#1042,.F.);
#485=ORIENTED_EDGE('',*,*,#1041,.T.);
#486=ORIENTED_EDGE('',*,*,#1043,.T.);
#487=ORIENTED_EDGE('',*,*,#1044,.T.);
#488=ORIENTED_EDGE('',*,*,#1045,.F.);
#489=ORIENTED_EDGE('',*,*,#1046,.T.);
#490=ORIENTED_EDGE('',*,*,#1047,.T.);
#491=ORIENTED_EDGE('',*,*,#1039,.F.);
#492=ORIENTED_EDGE('',*,*,#1048,.F.);
#493=ORIENTED_EDGE('',*,*,#831,.F.);
#494=ORIENTED_EDGE('',*,*,#1045,.T.);
#495=ORIENTED_EDGE('',*,*,#1049,.T.);
#496=ORIENTED_EDGE('',*,*,#1048,.T.);
#497=ORIENTED_EDGE('',*,*,#1042,.T.);
#498=ORIENTED_EDGE('',*,*,#1050,.T.);
#499=ORIENTED_EDGE('',*,*,#1051,.T.);
#500=ORIENTED_EDGE('',*,*,#1052,.T.);
#501=ORIENTED_EDGE('',*,*,#1053,.T.);
#502=ORIENTED_EDGE('',*,*,#1054,.T.);
#503=ORIENTED_EDGE('',*,*,#1055,.T.);
#504=ORIENTED_EDGE('',*,*,#1056,.T.);
#505=ORIENTED_EDGE('',*,*,#1057,.T.);
#506=ORIENTED_EDGE('',*,*,#1058,.T.);
#507=ORIENTED_EDGE('',*,*,#1059,.T.);
#508=ORIENTED_EDGE('',*,*,#1060,.T.);
#509=ORIENTED_EDGE('',*,*,#1061,.T.);
#510=ORIENTED_EDGE('',*,*,#1062,.T.);
#511=ORIENTED_EDGE('',*,*,#1063,.T.);
#512=ORIENTED_EDGE('',*,*,#1064,.T.);
#513=ORIENTED_EDGE('',*,*,#1065,.T.);
#514=ORIENTED_EDGE('',*,*,#1066,.T.);
#515=ORIENTED_EDGE('',*,*,#1067,.T.);
#516=ORIENTED_EDGE('',*,*,#1068,.T.);
#517=ORIENTED_EDGE('',*,*,#1069,.T.);
#518=ORIENTED_EDGE('',*,*,#1070,.T.);
#519=ORIENTED_EDGE('',*,*,#1071,.T.);
#520=ORIENTED_EDGE('',*,*,#1072,.T.);
#521=ORIENTED_EDGE('',*,*,#1073,.T.);
#522=ORIENTED_EDGE('',*,*,#1074,.T.);
#523=ORIENTED_EDGE('',*,*,#1075,.T.);
#524=ORIENTED_EDGE('',*,*,#1076,.T.);
#525=ORIENTED_EDGE('',*,*,#1077,.T.);
#526=ORIENTED_EDGE('',*,*,#849,.F.);
#527=ORIENTED_EDGE('',*,*,#898,.F.);
#528=ORIENTED_EDGE('',*,*,#855,.T.);
#529=ORIENTED_EDGE('',*,*,#852,.T.);
#530=ORIENTED_EDGE('',*,*,#1078,.T.);
#531=ORIENTED_EDGE('',*,*,#859,.F.);
#532=ORIENTED_EDGE('',*,*,#900,.F.);
#533=ORIENTED_EDGE('',*,*,#865,.T.);
#534=ORIENTED_EDGE('',*,*,#862,.T.);
#535=ORIENTED_EDGE('',*,*,#1079,.F.);
#536=ORIENTED_EDGE('',*,*,#869,.F.);
#537=ORIENTED_EDGE('',*,*,#902,.T.);
#538=ORIENTED_EDGE('',*,*,#875,.T.);
#539=ORIENTED_EDGE('',*,*,#872,.F.);
#540=ORIENTED_EDGE('',*,*,#1080,.T.);
#541=ORIENTED_EDGE('',*,*,#879,.F.);
#542=ORIENTED_EDGE('',*,*,#904,.F.);
#543=ORIENTED_EDGE('',*,*,#885,.T.);
#544=ORIENTED_EDGE('',*,*,#882,.T.);
#545=ORIENTED_EDGE('',*,*,#1081,.T.);
#546=ORIENTED_EDGE('',*,*,#1082,.F.);
#547=ORIENTED_EDGE('',*,*,#842,.T.);
#548=ORIENTED_EDGE('',*,*,#839,.T.);
#549=ORIENTED_EDGE('',*,*,#908,.F.);
#550=ORIENTED_EDGE('',*,*,#845,.F.);
#551=ORIENTED_EDGE('',*,*,#1083,.F.);
#552=ORIENTED_EDGE('',*,*,#1079,.T.);
#553=ORIENTED_EDGE('',*,*,#1084,.T.);
#554=ORIENTED_EDGE('',*,*,#1081,.F.);
#555=ORIENTED_EDGE('',*,*,#1085,.F.);
#556=ORIENTED_EDGE('',*,*,#1086,.T.);
#557=ORIENTED_EDGE('',*,*,#1087,.F.);
#558=ORIENTED_EDGE('',*,*,#1082,.T.);
#559=ORIENTED_EDGE('',*,*,#1088,.T.);
#560=ORIENTED_EDGE('',*,*,#1080,.F.);
#561=ORIENTED_EDGE('',*,*,#1089,.T.);
#562=ORIENTED_EDGE('',*,*,#1078,.F.);
#563=ORIENTED_EDGE('',*,*,#817,.T.);
#564=ORIENTED_EDGE('',*,*,#805,.T.);
#565=ORIENTED_EDGE('',*,*,#811,.T.);
#566=ORIENTED_EDGE('',*,*,#809,.F.);
#567=ORIENTED_EDGE('',*,*,#813,.T.);
#568=ORIENTED_EDGE('',*,*,#797,.F.);
#569=ORIENTED_EDGE('',*,*,#815,.T.);
#570=ORIENTED_EDGE('',*,*,#801,.T.);
#571=ORIENTED_EDGE('',*,*,#1088,.F.);
#572=ORIENTED_EDGE('',*,*,#1087,.T.);
#573=ORIENTED_EDGE('',*,*,#1085,.T.);
#574=ORIENTED_EDGE('',*,*,#1084,.F.);
#575=ORIENTED_EDGE('',*,*,#1083,.T.);
#576=ORIENTED_EDGE('',*,*,#1089,.F.);
#577=ORIENTED_EDGE('',*,*,#889,.F.);
#578=ORIENTED_EDGE('',*,*,#906,.F.);
#579=ORIENTED_EDGE('',*,*,#895,.T.);
#580=ORIENTED_EDGE('',*,*,#892,.T.);
#581=ORIENTED_EDGE('',*,*,#1086,.F.);
#582=ORIENTED_EDGE('',*,*,#1090,.F.);
#583=ORIENTED_EDGE('',*,*,#933,.F.);
#584=ORIENTED_EDGE('',*,*,#1004,.F.);
#585=ORIENTED_EDGE('',*,*,#819,.F.);
#586=ORIENTED_EDGE('',*,*,#1091,.F.);
#587=ORIENTED_EDGE('',*,*,#1090,.T.);
#588=ORIENTED_EDGE('',*,*,#1092,.F.);
#589=ORIENTED_EDGE('',*,*,#1092,.T.);
#590=ORIENTED_EDGE('',*,*,#818,.F.);
#591=ORIENTED_EDGE('',*,*,#1093,.F.);
#592=ORIENTED_EDGE('',*,*,#1070,.F.);
#593=ORIENTED_EDGE('',*,*,#1091,.T.);
#594=ORIENTED_EDGE('',*,*,#1069,.F.);
#595=ORIENTED_EDGE('',*,*,#1094,.F.);
#596=ORIENTED_EDGE('',*,*,#930,.F.);
#597=ORIENTED_EDGE('',*,*,#1005,.F.);
#598=ORIENTED_EDGE('',*,*,#931,.F.);
#599=ORIENTED_EDGE('',*,*,#1095,.F.);
#600=ORIENTED_EDGE('',*,*,#935,.F.);
#601=ORIENTED_EDGE('',*,*,#1096,.F.);
#602=ORIENTED_EDGE('',*,*,#1093,.T.);
#603=ORIENTED_EDGE('',*,*,#1097,.F.);
#604=ORIENTED_EDGE('',*,*,#1095,.T.);
#605=ORIENTED_EDGE('',*,*,#1094,.T.);
#606=ORIENTED_EDGE('',*,*,#1098,.F.);
#607=ORIENTED_EDGE('',*,*,#1097,.T.);
#608=ORIENTED_EDGE('',*,*,#829,.F.);
#609=ORIENTED_EDGE('',*,*,#1099,.F.);
#610=ORIENTED_EDGE('',*,*,#1044,.F.);
#611=ORIENTED_EDGE('',*,*,#1096,.T.);
#612=ORIENTED_EDGE('',*,*,#1043,.F.);
#613=ORIENTED_EDGE('',*,*,#1100,.F.);
#614=ORIENTED_EDGE('',*,*,#1071,.F.);
#615=ORIENTED_EDGE('',*,*,#1098,.T.);
#616=ORIENTED_EDGE('',*,*,#1068,.F.);
#617=ORIENTED_EDGE('',*,*,#1101,.F.);
#618=ORIENTED_EDGE('',*,*,#936,.F.);
#619=ORIENTED_EDGE('',*,*,#1099,.T.);
#620=ORIENTED_EDGE('',*,*,#828,.F.);
#621=ORIENTED_EDGE('',*,*,#1102,.F.);
#622=ORIENTED_EDGE('',*,*,#1049,.F.);
#623=ORIENTED_EDGE('',*,*,#1100,.T.);
#624=ORIENTED_EDGE('',*,*,#1040,.F.);
#625=ORIENTED_EDGE('',*,*,#1103,.F.);
#626=ORIENTED_EDGE('',*,*,#1072,.F.);
#627=ORIENTED_EDGE('',*,*,#1104,.F.);
#628=ORIENTED_EDGE('',*,*,#1101,.T.);
#629=ORIENTED_EDGE('',*,*,#1105,.F.);
#630=ORIENTED_EDGE('',*,*,#1102,.T.);
#631=ORIENTED_EDGE('',*,*,#827,.F.);
#632=ORIENTED_EDGE('',*,*,#1106,.F.);
#633=ORIENTED_EDGE('',*,*,#1046,.F.);
#634=ORIENTED_EDGE('',*,*,#1103,.T.);
#635=ORIENTED_EDGE('',*,*,#1047,.F.);
#636=ORIENTED_EDGE('',*,*,#1107,.F.);
#637=ORIENTED_EDGE('',*,*,#1073,.F.);
#638=ORIENTED_EDGE('',*,*,#1105,.T.);
#639=ORIENTED_EDGE('',*,*,#1067,.F.);
#640=ORIENTED_EDGE('',*,*,#1108,.F.);
#641=ORIENTED_EDGE('',*,*,#1014,.F.);
#642=ORIENTED_EDGE('',*,*,#1104,.T.);
#643=ORIENTED_EDGE('',*,*,#1013,.F.);
#644=ORIENTED_EDGE('',*,*,#1109,.F.);
#645=ORIENTED_EDGE('',*,*,#937,.F.);
#646=ORIENTED_EDGE('',*,*,#1107,.T.);
#647=ORIENTED_EDGE('',*,*,#1106,.T.);
#648=ORIENTED_EDGE('',*,*,#1110,.F.);
#649=ORIENTED_EDGE('',*,*,#1108,.T.);
#650=ORIENTED_EDGE('',*,*,#1066,.F.);
#651=ORIENTED_EDGE('',*,*,#1111,.F.);
#652=ORIENTED_EDGE('',*,*,#1007,.F.);
#653=ORIENTED_EDGE('',*,*,#1109,.T.);
#654=ORIENTED_EDGE('',*,*,#1016,.F.);
#655=ORIENTED_EDGE('',*,*,#1112,.F.);
#656=ORIENTED_EDGE('',*,*,#938,.F.);
#657=ORIENTED_EDGE('',*,*,#1110,.T.);
#658=ORIENTED_EDGE('',*,*,#826,.F.);
#659=ORIENTED_EDGE('',*,*,#1113,.F.);
#660=ORIENTED_EDGE('',*,*,#1074,.F.);
#661=ORIENTED_EDGE('',*,*,#1111,.T.);
#662=ORIENTED_EDGE('',*,*,#1065,.F.);
#663=ORIENTED_EDGE('',*,*,#1114,.F.);
#664=ORIENTED_EDGE('',*,*,#1010,.F.);
#665=ORIENTED_EDGE('',*,*,#1112,.T.);
#666=ORIENTED_EDGE('',*,*,#1011,.F.);
#667=ORIENTED_EDGE('',*,*,#1115,.F.);
#668=ORIENTED_EDGE('',*,*,#939,.F.);
#669=ORIENTED_EDGE('',*,*,#1116,.F.);
#670=ORIENTED_EDGE('',*,*,#1113,.T.);
#671=ORIENTED_EDGE('',*,*,#1117,.F.);
#672=ORIENTED_EDGE('',*,*,#1115,.T.);
#673=ORIENTED_EDGE('',*,*,#1114,.T.);
#674=ORIENTED_EDGE('',*,*,#1118,.F.);
#675=ORIENTED_EDGE('',*,*,#1117,.T.);
#676=ORIENTED_EDGE('',*,*,#825,.F.);
#677=ORIENTED_EDGE('',*,*,#1119,.F.);
#678=ORIENTED_EDGE('',*,*,#1036,.F.);
#679=ORIENTED_EDGE('',*,*,#1116,.T.);
#680=ORIENTED_EDGE('',*,*,#1035,.F.);
#681=ORIENTED_EDGE('',*,*,#1120,.F.);
#682=ORIENTED_EDGE('',*,*,#1075,.F.);
#683=ORIENTED_EDGE('',*,*,#1118,.T.);
#684=ORIENTED_EDGE('',*,*,#1064,.F.);
#685=ORIENTED_EDGE('',*,*,#1121,.F.);
#686=ORIENTED_EDGE('',*,*,#940,.F.);
#687=ORIENTED_EDGE('',*,*,#1119,.T.);
#688=ORIENTED_EDGE('',*,*,#824,.F.);
#689=ORIENTED_EDGE('',*,*,#1122,.F.);
#690=ORIENTED_EDGE('',*,*,#1038,.F.);
#691=ORIENTED_EDGE('',*,*,#1120,.T.);
#692=ORIENTED_EDGE('',*,*,#1032,.F.);
#693=ORIENTED_EDGE('',*,*,#1123,.F.);
#694=ORIENTED_EDGE('',*,*,#1076,.F.);
#695=ORIENTED_EDGE('',*,*,#1124,.F.);
#696=ORIENTED_EDGE('',*,*,#1121,.T.);
#697=ORIENTED_EDGE('',*,*,#1125,.F.);
#698=ORIENTED_EDGE('',*,*,#1122,.T.);
#699=ORIENTED_EDGE('',*,*,#823,.F.);
#700=ORIENTED_EDGE('',*,*,#1126,.F.);
#701=ORIENTED_EDGE('',*,*,#1028,.F.);
#702=ORIENTED_EDGE('',*,*,#1123,.T.);
#703=ORIENTED_EDGE('',*,*,#1029,.F.);
#704=ORIENTED_EDGE('',*,*,#1127,.F.);
#705=ORIENTED_EDGE('',*,*,#1077,.F.);
#706=ORIENTED_EDGE('',*,*,#1125,.T.);
#707=ORIENTED_EDGE('',*,*,#1063,.F.);
#708=ORIENTED_EDGE('',*,*,#1128,.F.);
#709=ORIENTED_EDGE('',*,*,#1018,.F.);
#710=ORIENTED_EDGE('',*,*,#1124,.T.);
#711=ORIENTED_EDGE('',*,*,#1017,.F.);
#712=ORIENTED_EDGE('',*,*,#1129,.F.);
#713=ORIENTED_EDGE('',*,*,#941,.F.);
#714=ORIENTED_EDGE('',*,*,#1127,.T.);
#715=ORIENTED_EDGE('',*,*,#1126,.T.);
#716=ORIENTED_EDGE('',*,*,#1130,.F.);
#717=ORIENTED_EDGE('',*,*,#1128,.T.);
#718=ORIENTED_EDGE('',*,*,#1062,.F.);
#719=ORIENTED_EDGE('',*,*,#1131,.F.);
#720=ORIENTED_EDGE('',*,*,#1027,.F.);
#721=ORIENTED_EDGE('',*,*,#1129,.T.);
#722=ORIENTED_EDGE('',*,*,#1025,.F.);
#723=ORIENTED_EDGE('',*,*,#1132,.F.);
#724=ORIENTED_EDGE('',*,*,#942,.F.);
#725=ORIENTED_EDGE('',*,*,#1003,.F.);
#726=ORIENTED_EDGE('',*,*,#949,.F.);
#727=ORIENTED_EDGE('',*,*,#1133,.F.);
#728=ORIENTED_EDGE('',*,*,#821,.F.);
#729=ORIENTED_EDGE('',*,*,#1130,.T.);
#730=ORIENTED_EDGE('',*,*,#822,.F.);
#731=ORIENTED_EDGE('',*,*,#1134,.F.);
#732=ORIENTED_EDGE('',*,*,#1058,.F.);
#733=ORIENTED_EDGE('',*,*,#1131,.T.);
#734=ORIENTED_EDGE('',*,*,#1061,.F.);
#735=ORIENTED_EDGE('',*,*,#1135,.F.);
#736=ORIENTED_EDGE('',*,*,#1022,.F.);
#737=ORIENTED_EDGE('',*,*,#1132,.T.);
#738=ORIENTED_EDGE('',*,*,#1023,.F.);
#739=ORIENTED_EDGE('',*,*,#1136,.F.);
#740=ORIENTED_EDGE('',*,*,#943,.F.);
#741=ORIENTED_EDGE('',*,*,#1134,.T.);
#742=ORIENTED_EDGE('',*,*,#1133,.T.);
#743=ORIENTED_EDGE('',*,*,#1137,.F.);
#744=ORIENTED_EDGE('',*,*,#1136,.T.);
#745=ORIENTED_EDGE('',*,*,#1135,.T.);
#746=ORIENTED_EDGE('',*,*,#1138,.F.);
#747=ORIENTED_EDGE('',*,*,#1137,.T.);
#748=ORIENTED_EDGE('',*,*,#948,.F.);
#749=ORIENTED_EDGE('',*,*,#1139,.F.);
#750=ORIENTED_EDGE('',*,*,#1059,.F.);
#751=ORIENTED_EDGE('',*,*,#1138,.T.);
#752=ORIENTED_EDGE('',*,*,#1060,.F.);
#753=ORIENTED_EDGE('',*,*,#1140,.F.);
#754=ORIENTED_EDGE('',*,*,#944,.F.);
#755=ORIENTED_EDGE('',*,*,#1140,.T.);
#756=ORIENTED_EDGE('',*,*,#1139,.T.);
#757=ORIENTED_EDGE('',*,*,#1141,.F.);
#758=ORIENTED_EDGE('',*,*,#1002,.F.);
#759=ORIENTED_EDGE('',*,*,#945,.F.);
#760=ORIENTED_EDGE('',*,*,#1141,.T.);
#761=ORIENTED_EDGE('',*,*,#947,.F.);
#762=ORIENTED_EDGE('',*,*,#1142,.F.);
#763=ORIENTED_EDGE('',*,*,#1055,.F.);
#764=ORIENTED_EDGE('',*,*,#1143,.F.);
#765=ORIENTED_EDGE('',*,*,#795,.F.);
#766=ORIENTED_EDGE('',*,*,#1143,.T.);
#767=ORIENTED_EDGE('',*,*,#1054,.F.);
#768=ORIENTED_EDGE('',*,*,#1144,.F.);
#769=ORIENTED_EDGE('',*,*,#814,.F.);
#770=ORIENTED_EDGE('',*,*,#1142,.T.);
#771=ORIENTED_EDGE('',*,*,#812,.F.);
#772=ORIENTED_EDGE('',*,*,#1145,.F.);
#773=ORIENTED_EDGE('',*,*,#1056,.F.);
#774=ORIENTED_EDGE('',*,*,#1144,.T.);
#775=ORIENTED_EDGE('',*,*,#1053,.F.);
#776=ORIENTED_EDGE('',*,*,#1146,.F.);
#777=ORIENTED_EDGE('',*,*,#799,.F.);
#778=ORIENTED_EDGE('',*,*,#1145,.T.);
#779=ORIENTED_EDGE('',*,*,#807,.F.);
#780=ORIENTED_EDGE('',*,*,#1147,.F.);
#781=ORIENTED_EDGE('',*,*,#1057,.F.);
#782=ORIENTED_EDGE('',*,*,#1146,.T.);
#783=ORIENTED_EDGE('',*,*,#1052,.F.);
#784=ORIENTED_EDGE('',*,*,#1148,.F.);
#785=ORIENTED_EDGE('',*,*,#816,.F.);
#786=ORIENTED_EDGE('',*,*,#1147,.T.);
#787=ORIENTED_EDGE('',*,*,#810,.F.);
#788=ORIENTED_EDGE('',*,*,#1149,.F.);
#789=ORIENTED_EDGE('',*,*,#1050,.F.);
#790=ORIENTED_EDGE('',*,*,#1148,.T.);
#791=ORIENTED_EDGE('',*,*,#1051,.F.);
#792=ORIENTED_EDGE('',*,*,#1149,.T.);
#793=ORIENTED_EDGE('',*,*,#803,.F.);
#794=EDGE_CURVE('',#1150,#1151,#1374,.T.);
#795=EDGE_CURVE('',#1151,#1152,#1375,.T.);
#796=EDGE_CURVE('',#1152,#1153,#1376,.F.);
#797=EDGE_CURVE('',#1153,#1150,#1377,.T.);
#798=EDGE_CURVE('',#1154,#1155,#1378,.T.);
#799=EDGE_CURVE('',#1155,#1156,#1379,.T.);
#800=EDGE_CURVE('',#1156,#1157,#1380,.F.);
#801=EDGE_CURVE('',#1154,#1157,#1381,.T.);
#802=EDGE_CURVE('',#1158,#1159,#1382,.T.);
#803=EDGE_CURVE('',#1159,#1160,#1383,.T.);
#804=EDGE_CURVE('',#1160,#1161,#1384,.F.);
#805=EDGE_CURVE('',#1158,#1161,#1385,.T.);
#806=EDGE_CURVE('',#1162,#1163,#1386,.T.);
#807=EDGE_CURVE('',#1163,#1164,#1387,.T.);
#808=EDGE_CURVE('',#1164,#1165,#1388,.F.);
#809=EDGE_CURVE('',#1165,#1162,#1389,.T.);
#810=EDGE_CURVE('',#1160,#1163,#20,.F.);
#811=EDGE_CURVE('',#1161,#1162,#21,.T.);
#812=EDGE_CURVE('',#1164,#1151,#22,.F.);
#813=EDGE_CURVE('',#1165,#1150,#23,.T.);
#814=EDGE_CURVE('',#1152,#1155,#24,.F.);
#815=EDGE_CURVE('',#1153,#1154,#25,.T.);
#816=EDGE_CURVE('',#1156,#1159,#26,.F.);
#817=EDGE_CURVE('',#1157,#1158,#27,.T.);
#818=EDGE_CURVE('',#1166,#1167,#1390,.T.);
#819=EDGE_CURVE('',#1167,#1168,#1391,.T.);
#820=EDGE_CURVE('',#1168,#1169,#1392,.T.);
#821=EDGE_CURVE('',#1169,#1170,#1393,.T.);
#822=EDGE_CURVE('',#1170,#1171,#1394,.T.);
#823=EDGE_CURVE('',#1171,#1172,#1395,.T.);
#824=EDGE_CURVE('',#1172,#1173,#1396,.T.);
#825=EDGE_CURVE('',#1173,#1174,#1397,.T.);
#826=EDGE_CURVE('',#1174,#1175,#1398,.T.);
#827=EDGE_CURVE('',#1175,#1176,#1399,.T.);
#828=EDGE_CURVE('',#1176,#1177,#1400,.T.);
#829=EDGE_CURVE('',#1177,#1166,#1401,.T.);
#830=EDGE_CURVE('',#1178,#1178,#28,.T.);
#831=EDGE_CURVE('',#1179,#1179,#29,.T.);
#832=EDGE_CURVE('',#1180,#1180,#30,.T.);
#833=EDGE_CURVE('',#1181,#1181,#31,.T.);
#834=EDGE_CURVE('',#1182,#1182,#32,.T.);
#835=EDGE_CURVE('',#1183,#1183,#33,.T.);
#836=EDGE_CURVE('',#1184,#1184,#34,.T.);
#837=EDGE_CURVE('',#1185,#1185,#35,.T.);
#838=EDGE_CURVE('',#1186,#1187,#1402,.T.);
#839=EDGE_CURVE('',#1188,#1187,#1403,.T.);
#840=EDGE_CURVE('',#1189,#1188,#1404,.T.);
#841=EDGE_CURVE('',#1186,#1189,#1405,.T.);
#842=EDGE_CURVE('',#1190,#1188,#1406,.T.);
#843=EDGE_CURVE('',#1191,#1190,#1407,.T.);
#844=EDGE_CURVE('',#1189,#1191,#1408,.T.);
#845=EDGE_CURVE('',#1190,#1192,#1409,.T.);
#846=EDGE_CURVE('',#1193,#1192,#1410,.T.);
#847=EDGE_CURVE('',#1193,#1191,#1411,.T.);
#848=EDGE_CURVE('',#1194,#1195,#1412,.T.);
#849=EDGE_CURVE('',#1195,#1196,#1413,.T.);
#850=EDGE_CURVE('',#1197,#1196,#1414,.T.);
#851=EDGE_CURVE('',#1197,#1194,#1415,.T.);
#852=EDGE_CURVE('',#1198,#1196,#1416,.T.);
#853=EDGE_CURVE('',#1199,#1198,#1417,.T.);
#854=EDGE_CURVE('',#1197,#1199,#1418,.T.);
#855=EDGE_CURVE('',#1200,#1198,#1419,.T.);
#856=EDGE_CURVE('',#1201,#1200,#1420,.T.);
#857=EDGE_CURVE('',#1199,#1201,#1421,.T.);
#858=EDGE_CURVE('',#1202,#1203,#1422,.T.);
#859=EDGE_CURVE('',#1203,#1204,#1423,.T.);
#860=EDGE_CURVE('',#1205,#1204,#1424,.T.);
#861=EDGE_CURVE('',#1205,#1202,#1425,.T.);
#862=EDGE_CURVE('',#1206,#1204,#1426,.T.);
#863=EDGE_CURVE('',#1207,#1206,#1427,.T.);
#864=EDGE_CURVE('',#1205,#1207,#1428,.T.);
#865=EDGE_CURVE('',#1208,#1206,#1429,.T.);
#866=EDGE_CURVE('',#1209,#1208,#1430,.T.);
#867=EDGE_CURVE('',#1207,#1209,#1431,.T.);
#868=EDGE_CURVE('',#1210,#1211,#1432,.T.);
#869=EDGE_CURVE('',#1211,#1212,#1433,.T.);
#870=EDGE_CURVE('',#1213,#1212,#1434,.T.);
#871=EDGE_CURVE('',#1213,#1210,#1435,.T.);
#872=EDGE_CURVE('',#1212,#1214,#1436,.T.);
#873=EDGE_CURVE('',#1215,#1214,#1437,.T.);
#874=EDGE_CURVE('',#1215,#1213,#1438,.T.);
#875=EDGE_CURVE('',#1216,#1214,#1439,.T.);
#876=EDGE_CURVE('',#1217,#1216,#1440,.T.);
#877=EDGE_CURVE('',#1215,#1217,#1441,.T.);
#878=EDGE_CURVE('',#1218,#1219,#1442,.T.);
#879=EDGE_CURVE('',#1219,#1220,#1443,.T.);
#880=EDGE_CURVE('',#1221,#1220,#1444,.T.);
#881=EDGE_CURVE('',#1221,#1218,#1445,.T.);
#882=EDGE_CURVE('',#1222,#1220,#1446,.T.);
#883=EDGE_CURVE('',#1223,#1222,#1447,.T.);
#884=EDGE_CURVE('',#1221,#1223,#1448,.T.);
#885=EDGE_CURVE('',#1224,#1222,#1449,.T.);
#886=EDGE_CURVE('',#1225,#1224,#1450,.T.);
#887=EDGE_CURVE('',#1223,#1225,#1451,.T.);
#888=EDGE_CURVE('',#1226,#1227,#1452,.T.);
#889=EDGE_CURVE('',#1227,#1228,#1453,.T.);
#890=EDGE_CURVE('',#1229,#1228,#1454,.T.);
#891=EDGE_CURVE('',#1229,#1226,#1455,.T.);
#892=EDGE_CURVE('',#1230,#1228,#1456,.T.);
#893=EDGE_CURVE('',#1231,#1230,#1457,.T.);
#894=EDGE_CURVE('',#1229,#1231,#1458,.T.);
#895=EDGE_CURVE('',#1232,#1230,#1459,.T.);
#896=EDGE_CURVE('',#1233,#1232,#1460,.T.);
#897=EDGE_CURVE('',#1231,#1233,#1461,.T.);
#898=EDGE_CURVE('',#1200,#1195,#1462,.T.);
#899=EDGE_CURVE('',#1194,#1201,#1463,.T.);
#900=EDGE_CURVE('',#1208,#1203,#1464,.T.);
#901=EDGE_CURVE('',#1202,#1209,#1465,.T.);
#902=EDGE_CURVE('',#1211,#1216,#1466,.T.);
#903=EDGE_CURVE('',#1217,#1210,#1467,.T.);
#904=EDGE_CURVE('',#1224,#1219,#1468,.T.);
#905=EDGE_CURVE('',#1218,#1225,#1469,.T.);
#906=EDGE_CURVE('',#1232,#1227,#1470,.T.);
#907=EDGE_CURVE('',#1226,#1233,#1471,.T.);
#908=EDGE_CURVE('',#1192,#1187,#1472,.T.);
#909=EDGE_CURVE('',#1186,#1193,#1473,.T.);
#910=EDGE_CURVE('',#1234,#1235,#1474,.T.);
#911=EDGE_CURVE('',#1235,#1236,#1475,.T.);
#912=EDGE_CURVE('',#1237,#1236,#1476,.T.);
#913=EDGE_CURVE('',#1234,#1237,#1477,.T.);
#914=EDGE_CURVE('',#1238,#1239,#1478,.T.);
#915=EDGE_CURVE('',#1240,#1238,#1479,.T.);
#916=EDGE_CURVE('',#1240,#1241,#1480,.T.);
#917=EDGE_CURVE('',#1241,#1239,#1481,.T.);
#918=EDGE_CURVE('',#1242,#1243,#1482,.T.);
#919=EDGE_CURVE('',#1244,#1242,#1483,.T.);
#920=EDGE_CURVE('',#1244,#1245,#1484,.T.);
#921=EDGE_CURVE('',#1245,#1243,#1485,.T.);
#922=EDGE_CURVE('',#1246,#1247,#1486,.T.);
#923=EDGE_CURVE('',#1248,#1247,#1487,.T.);
#924=EDGE_CURVE('',#1249,#1248,#1488,.T.);
#925=EDGE_CURVE('',#1249,#1246,#1489,.T.);
#926=EDGE_CURVE('',#1250,#1251,#1490,.T.);
#927=EDGE_CURVE('',#1251,#1252,#1491,.T.);
#928=EDGE_CURVE('',#1253,#1252,#1492,.T.);
#929=EDGE_CURVE('',#1250,#1253,#1493,.T.);
#930=EDGE_CURVE('',#1254,#1255,#1494,.T.);
#931=EDGE_CURVE('',#1255,#1256,#1495,.T.);
#932=EDGE_CURVE('',#1257,#1256,#1496,.T.);
#933=EDGE_CURVE('',#1257,#1254,#1497,.T.);
#934=EDGE_CURVE('',#1258,#1259,#1498,.T.);
#935=EDGE_CURVE('',#1258,#1260,#1499,.T.);
#936=EDGE_CURVE('',#1260,#1261,#1500,.T.);
#937=EDGE_CURVE('',#1261,#1262,#1501,.T.);
#938=EDGE_CURVE('',#1262,#1263,#1502,.T.);
#939=EDGE_CURVE('',#1263,#1264,#1503,.T.);
#940=EDGE_CURVE('',#1264,#1265,#1504,.T.);
#941=EDGE_CURVE('',#1265,#1266,#1505,.T.);
#942=EDGE_CURVE('',#1266,#1267,#1506,.T.);
#943=EDGE_CURVE('',#1267,#1268,#1507,.T.);
#944=EDGE_CURVE('',#1268,#1269,#1508,.T.);
#945=EDGE_CURVE('',#1269,#1259,#1509,.T.);
#946=EDGE_CURVE('',#1270,#1271,#1510,.T.);
#947=EDGE_CURVE('',#1271,#1272,#1511,.T.);
#948=EDGE_CURVE('',#1272,#1273,#1512,.T.);
#949=EDGE_CURVE('',#1273,#1270,#1513,.T.);
#950=EDGE_CURVE('',#1274,#1275,#1514,.T.);
#951=EDGE_CURVE('',#1275,#1276,#1515,.T.);
#952=EDGE_CURVE('',#1277,#1276,#1516,.T.);
#953=EDGE_CURVE('',#1274,#1277,#1517,.T.);
#954=EDGE_CURVE('',#1278,#1274,#1518,.T.);
#955=EDGE_CURVE('',#1278,#1279,#1519,.T.);
#956=EDGE_CURVE('',#1279,#1275,#1520,.T.);
#957=EDGE_CURVE('',#1280,#1277,#1521,.T.);
#958=EDGE_CURVE('',#1278,#1280,#1522,.T.);
#959=EDGE_CURVE('',#1281,#1276,#1523,.T.);
#960=EDGE_CURVE('',#1280,#1281,#1524,.T.);
#961=EDGE_CURVE('',#1282,#1234,#1525,.T.);
#962=EDGE_CURVE('',#1282,#1283,#1526,.T.);
#963=EDGE_CURVE('',#1283,#1235,#1527,.T.);
#964=EDGE_CURVE('',#1284,#1237,#1528,.T.);
#965=EDGE_CURVE('',#1282,#1284,#1529,.T.);
#966=EDGE_CURVE('',#1285,#1236,#1530,.T.);
#967=EDGE_CURVE('',#1284,#1285,#1531,.T.);
#968=EDGE_CURVE('',#1286,#1246,#1532,.T.);
#969=EDGE_CURVE('',#1286,#1287,#1533,.T.);
#970=EDGE_CURVE('',#1287,#1247,#1534,.T.);
#971=EDGE_CURVE('',#1288,#1249,#1535,.T.);
#972=EDGE_CURVE('',#1288,#1286,#1536,.T.);
#973=EDGE_CURVE('',#1289,#1248,#1537,.T.);
#974=EDGE_CURVE('',#1288,#1289,#1538,.T.);
#975=EDGE_CURVE('',#1290,#1238,#1539,.T.);
#976=EDGE_CURVE('',#1291,#1290,#1540,.T.);
#977=EDGE_CURVE('',#1291,#1240,#1541,.T.);
#978=EDGE_CURVE('',#1292,#1239,#1542,.T.);
#979=EDGE_CURVE('',#1290,#1292,#1543,.T.);
#980=EDGE_CURVE('',#1293,#1241,#1544,.T.);
#981=EDGE_CURVE('',#1293,#1292,#1545,.T.);
#982=EDGE_CURVE('',#1294,#1242,#1546,.T.);
#983=EDGE_CURVE('',#1295,#1294,#1547,.T.);
#984=EDGE_CURVE('',#1295,#1244,#1548,.T.);
#985=EDGE_CURVE('',#1296,#1243,#1549,.T.);
#986=EDGE_CURVE('',#1294,#1296,#1550,.T.);
#987=EDGE_CURVE('',#1297,#1245,#1551,.T.);
#988=EDGE_CURVE('',#1297,#1296,#1552,.T.);
#989=EDGE_CURVE('',#1298,#1250,#1553,.T.);
#990=EDGE_CURVE('',#1298,#1299,#1554,.T.);
#991=EDGE_CURVE('',#1299,#1251,#1555,.T.);
#992=EDGE_CURVE('',#1300,#1253,#1556,.T.);
#993=EDGE_CURVE('',#1298,#1300,#1557,.T.);
#994=EDGE_CURVE('',#1301,#1252,#1558,.T.);
#995=EDGE_CURVE('',#1300,#1301,#1559,.T.);
#996=EDGE_CURVE('',#1283,#1285,#1560,.T.);
#997=EDGE_CURVE('',#1289,#1287,#1561,.T.);
#998=EDGE_CURVE('',#1291,#1293,#1562,.T.);
#999=EDGE_CURVE('',#1295,#1297,#1563,.T.);
#1000=EDGE_CURVE('',#1299,#1301,#1564,.T.);
#1001=EDGE_CURVE('',#1279,#1281,#1565,.T.);
#1002=EDGE_CURVE('',#1259,#1271,#1566,.T.);
#1003=EDGE_CURVE('',#1270,#1169,#1567,.F.);
#1004=EDGE_CURVE('',#1168,#1257,#1568,.T.);
#1005=EDGE_CURVE('',#1256,#1258,#1569,.F.);
#1006=EDGE_CURVE('',#1302,#1303,#1570,.T.);
#1007=EDGE_CURVE('',#1303,#1304,#36,.F.);
#1008=EDGE_CURVE('',#1305,#1304,#1571,.T.);
#1009=EDGE_CURVE('',#1305,#1302,#37,.T.);
#1010=EDGE_CURVE('',#1304,#1306,#1572,.T.);
#1011=EDGE_CURVE('',#1306,#1307,#1573,.T.);
#1012=EDGE_CURVE('',#1307,#1305,#1574,.T.);
#1013=EDGE_CURVE('',#1308,#1309,#1575,.T.);
#1014=EDGE_CURVE('',#1309,#1303,#1576,.T.);
#1015=EDGE_CURVE('',#1302,#1308,#1577,.T.);
#1016=EDGE_CURVE('',#1307,#1308,#1578,.T.);
#1017=EDGE_CURVE('',#1310,#1311,#1579,.T.);
#1018=EDGE_CURVE('',#1311,#1312,#1580,.T.);
#1019=EDGE_CURVE('',#1313,#1312,#1581,.T.);
#1020=EDGE_CURVE('',#1310,#1313,#1582,.T.);
#1021=EDGE_CURVE('',#1314,#1315,#1583,.T.);
#1022=EDGE_CURVE('',#1315,#1316,#1584,.T.);
#1023=EDGE_CURVE('',#1316,#1317,#1585,.T.);
#1024=EDGE_CURVE('',#1314,#1317,#1586,.T.);
#1025=EDGE_CURVE('',#1317,#1310,#1587,.T.);
#1026=EDGE_CURVE('',#1313,#1314,#38,.T.);
#1027=EDGE_CURVE('',#1312,#1315,#39,.F.);
#1028=EDGE_CURVE('',#1318,#1319,#1588,.T.);
#1029=EDGE_CURVE('',#1319,#1320,#1589,.T.);
#1030=EDGE_CURVE('',#1321,#1320,#1590,.T.);
#1031=EDGE_CURVE('',#1321,#1318,#1591,.T.);
#1032=EDGE_CURVE('',#1320,#1322,#40,.F.);
#1033=EDGE_CURVE('',#1323,#1322,#1592,.T.);
#1034=EDGE_CURVE('',#1323,#1321,#41,.T.);
#1035=EDGE_CURVE('',#1322,#1324,#1593,.T.);
#1036=EDGE_CURVE('',#1324,#1325,#1594,.T.);
#1037=EDGE_CURVE('',#1325,#1323,#1595,.T.);
#1038=EDGE_CURVE('',#1325,#1318,#1596,.T.);
#1039=EDGE_CURVE('',#1326,#1327,#1597,.T.);
#1040=EDGE_CURVE('',#1327,#1328,#42,.F.);
#1041=EDGE_CURVE('',#1329,#1328,#1598,.T.);
#1042=EDGE_CURVE('',#1326,#1329,#43,.T.);
#1043=EDGE_CURVE('',#1328,#1330,#1599,.T.);
#1044=EDGE_CURVE('',#1330,#1331,#1600,.T.);
#1045=EDGE_CURVE('',#1329,#1331,#1601,.T.);
#1046=EDGE_CURVE('',#1332,#1333,#1602,.T.);
#1047=EDGE_CURVE('',#1333,#1327,#1603,.T.);
#1048=EDGE_CURVE('',#1332,#1326,#1604,.T.);
#1049=EDGE_CURVE('',#1331,#1332,#1605,.T.);
#1050=EDGE_CURVE('',#1334,#1335,#44,.T.);
#1051=EDGE_CURVE('',#1335,#1336,#1606,.T.);
#1052=EDGE_CURVE('',#1336,#1337,#45,.T.);
#1053=EDGE_CURVE('',#1337,#1338,#1607,.T.);
#1054=EDGE_CURVE('',#1338,#1339,#46,.T.);
#1055=EDGE_CURVE('',#1339,#1340,#1608,.T.);
#1056=EDGE_CURVE('',#1340,#1341,#47,.T.);
#1057=EDGE_CURVE('',#1341,#1334,#1609,.T.);
#1058=EDGE_CURVE('',#1342,#1343,#1610,.T.);
#1059=EDGE_CURVE('',#1343,#1344,#1611,.T.);
#1060=EDGE_CURVE('',#1344,#1345,#1612,.T.);
#1061=EDGE_CURVE('',#1345,#1346,#1613,.T.);
#1062=EDGE_CURVE('',#1346,#1347,#48,.T.);
#1063=EDGE_CURVE('',#1347,#1348,#1614,.T.);
#1064=EDGE_CURVE('',#1348,#1349,#1615,.T.);
#1065=EDGE_CURVE('',#1349,#1350,#1616,.T.);
#1066=EDGE_CURVE('',#1350,#1351,#49,.T.);
#1067=EDGE_CURVE('',#1351,#1352,#1617,.T.);
#1068=EDGE_CURVE('',#1352,#1353,#1618,.T.);
#1069=EDGE_CURVE('',#1353,#1354,#1619,.T.);
#1070=EDGE_CURVE('',#1354,#1355,#1620,.T.);
#1071=EDGE_CURVE('',#1355,#1356,#1621,.T.);
#1072=EDGE_CURVE('',#1356,#1357,#50,.T.);
#1073=EDGE_CURVE('',#1357,#1358,#1622,.T.);
#1074=EDGE_CURVE('',#1358,#1359,#1623,.T.);
#1075=EDGE_CURVE('',#1359,#1360,#1624,.T.);
#1076=EDGE_CURVE('',#1360,#1361,#51,.T.);
#1077=EDGE_CURVE('',#1361,#1342,#1625,.T.);
#1078=EDGE_CURVE('',#1362,#1362,#52,.T.);
#1079=EDGE_CURVE('',#1363,#1363,#53,.T.);
#1080=EDGE_CURVE('',#1364,#1364,#54,.T.);
#1081=EDGE_CURVE('',#1365,#1365,#55,.T.);
#1082=EDGE_CURVE('',#1366,#1366,#56,.T.);
#1083=EDGE_CURVE('',#1367,#1367,#57,.T.);
#1084=EDGE_CURVE('',#1368,#1368,#58,.T.);
#1085=EDGE_CURVE('',#1369,#1369,#59,.T.);
#1086=EDGE_CURVE('',#1370,#1370,#60,.T.);
#1087=EDGE_CURVE('',#1371,#1371,#61,.T.);
#1088=EDGE_CURVE('',#1372,#1372,#62,.T.);
#1089=EDGE_CURVE('',#1373,#1373,#63,.T.);
#1090=EDGE_CURVE('',#1254,#1167,#1626,.T.);
#1091=EDGE_CURVE('',#1254,#1354,#1627,.T.);
#1092=EDGE_CURVE('',#1354,#1167,#1628,.F.);
#1093=EDGE_CURVE('',#1355,#1166,#1629,.T.);
#1094=EDGE_CURVE('',#1255,#1353,#1630,.F.);
#1095=EDGE_CURVE('',#1260,#1255,#1631,.F.);
#1096=EDGE_CURVE('',#1355,#1330,#1632,.T.);
#1097=EDGE_CURVE('',#1330,#1166,#1633,.F.);
#1098=EDGE_CURVE('',#1260,#1353,#1634,.T.);
#1099=EDGE_CURVE('',#1331,#1177,#1635,.T.);
#1100=EDGE_CURVE('',#1356,#1328,#1636,.T.);
#1101=EDGE_CURVE('',#1261,#1352,#1637,.F.);
#1102=EDGE_CURVE('',#1332,#1176,#1638,.T.);
#1103=EDGE_CURVE('',#1357,#1327,#1639,.T.);
#1104=EDGE_CURVE('',#1261,#1309,#1640,.F.);
#1105=EDGE_CURVE('',#1309,#1352,#1641,.F.);
#1106=EDGE_CURVE('',#1333,#1175,#1642,.T.);
#1107=EDGE_CURVE('',#1358,#1333,#1643,.F.);
#1108=EDGE_CURVE('',#1303,#1351,#1644,.T.);
#1109=EDGE_CURVE('',#1262,#1308,#1645,.F.);
#1110=EDGE_CURVE('',#1358,#1175,#1646,.F.);
#1111=EDGE_CURVE('',#1304,#1350,#1647,.T.);
#1112=EDGE_CURVE('',#1263,#1307,#1648,.F.);
#1113=EDGE_CURVE('',#1359,#1174,#1649,.T.);
#1114=EDGE_CURVE('',#1306,#1349,#1650,.T.);
#1115=EDGE_CURVE('',#1264,#1306,#1651,.T.);
#1116=EDGE_CURVE('',#1359,#1324,#1652,.F.);
#1117=EDGE_CURVE('',#1324,#1174,#1653,.T.);
#1118=EDGE_CURVE('',#1264,#1349,#1654,.T.);
#1119=EDGE_CURVE('',#1325,#1173,#1655,.F.);
#1120=EDGE_CURVE('',#1360,#1322,#1656,.T.);
#1121=EDGE_CURVE('',#1265,#1348,#1657,.F.);
#1122=EDGE_CURVE('',#1318,#1172,#1658,.F.);
#1123=EDGE_CURVE('',#1361,#1320,#1659,.T.);
#1124=EDGE_CURVE('',#1265,#1311,#1660,.T.);
#1125=EDGE_CURVE('',#1311,#1348,#1661,.T.);
#1126=EDGE_CURVE('',#1319,#1171,#1662,.F.);
#1127=EDGE_CURVE('',#1342,#1319,#1663,.T.);
#1128=EDGE_CURVE('',#1312,#1347,#1664,.T.);
#1129=EDGE_CURVE('',#1266,#1310,#1665,.F.);
#1130=EDGE_CURVE('',#1342,#1171,#1666,.F.);
#1131=EDGE_CURVE('',#1315,#1346,#1667,.T.);
#1132=EDGE_CURVE('',#1267,#1317,#1668,.F.);
#1133=EDGE_CURVE('',#1170,#1273,#1669,.F.);
#1134=EDGE_CURVE('',#1343,#1170,#1670,.T.);
#1135=EDGE_CURVE('',#1316,#1345,#1671,.F.);
#1136=EDGE_CURVE('',#1268,#1316,#1672,.F.);
#1137=EDGE_CURVE('',#1343,#1273,#1673,.F.);
#1138=EDGE_CURVE('',#1268,#1345,#1674,.T.);
#1139=EDGE_CURVE('',#1344,#1272,#1675,.T.);
#1140=EDGE_CURVE('',#1269,#1344,#1676,.F.);
#1141=EDGE_CURVE('',#1269,#1272,#1677,.F.);
#1142=EDGE_CURVE('',#1340,#1151,#1678,.T.);
#1143=EDGE_CURVE('',#1152,#1339,#1679,.T.);
#1144=EDGE_CURVE('',#1155,#1338,#1680,.T.);
#1145=EDGE_CURVE('',#1341,#1164,#1681,.T.);
#1146=EDGE_CURVE('',#1156,#1337,#1682,.T.);
#1147=EDGE_CURVE('',#1334,#1163,#1683,.T.);
#1148=EDGE_CURVE('',#1159,#1336,#1684,.T.);
#1149=EDGE_CURVE('',#1335,#1160,#1685,.T.);
#1150=VERTEX_POINT('',#3619);
#1151=VERTEX_POINT('',#3620);
#1152=VERTEX_POINT('',#3622);
#1153=VERTEX_POINT('',#3624);
#1154=VERTEX_POINT('',#3628);
#1155=VERTEX_POINT('',#3629);
#1156=VERTEX_POINT('',#3631);
#1157=VERTEX_POINT('',#3633);
#1158=VERTEX_POINT('',#3637);
#1159=VERTEX_POINT('',#3638);
#1160=VERTEX_POINT('',#3640);
#1161=VERTEX_POINT('',#3642);
#1162=VERTEX_POINT('',#3646);
#1163=VERTEX_POINT('',#3647);
#1164=VERTEX_POINT('',#3649);
#1165=VERTEX_POINT('',#3651);
#1166=VERTEX_POINT('',#3667);
#1167=VERTEX_POINT('',#3668);
#1168=VERTEX_POINT('',#3670);
#1169=VERTEX_POINT('',#3672);
#1170=VERTEX_POINT('',#3674);
#1171=VERTEX_POINT('',#3676);
#1172=VERTEX_POINT('',#3678);
#1173=VERTEX_POINT('',#3680);
#1174=VERTEX_POINT('',#3682);
#1175=VERTEX_POINT('',#3684);
#1176=VERTEX_POINT('',#3686);
#1177=VERTEX_POINT('',#3688);
#1178=VERTEX_POINT('',#3692);
#1179=VERTEX_POINT('',#3694);
#1180=VERTEX_POINT('',#3697);
#1181=VERTEX_POINT('',#3699);
#1182=VERTEX_POINT('',#3702);
#1183=VERTEX_POINT('',#3704);
#1184=VERTEX_POINT('',#3707);
#1185=VERTEX_POINT('',#3709);
#1186=VERTEX_POINT('',#3712);
#1187=VERTEX_POINT('',#3713);
#1188=VERTEX_POINT('',#3715);
#1189=VERTEX_POINT('',#3717);
#1190=VERTEX_POINT('',#3721);
#1191=VERTEX_POINT('',#3723);
#1192=VERTEX_POINT('',#3727);
#1193=VERTEX_POINT('',#3729);
#1194=VERTEX_POINT('',#3733);
#1195=VERTEX_POINT('',#3734);
#1196=VERTEX_POINT('',#3736);
#1197=VERTEX_POINT('',#3738);
#1198=VERTEX_POINT('',#3742);
#1199=VERTEX_POINT('',#3744);
#1200=VERTEX_POINT('',#3748);
#1201=VERTEX_POINT('',#3750);
#1202=VERTEX_POINT('',#3754);
#1203=VERTEX_POINT('',#3755);
#1204=VERTEX_POINT('',#3757);
#1205=VERTEX_POINT('',#3759);
#1206=VERTEX_POINT('',#3763);
#1207=VERTEX_POINT('',#3765);
#1208=VERTEX_POINT('',#3769);
#1209=VERTEX_POINT('',#3771);
#1210=VERTEX_POINT('',#3775);
#1211=VERTEX_POINT('',#3776);
#1212=VERTEX_POINT('',#3778);
#1213=VERTEX_POINT('',#3780);
#1214=VERTEX_POINT('',#3784);
#1215=VERTEX_POINT('',#3786);
#1216=VERTEX_POINT('',#3790);
#1217=VERTEX_POINT('',#3792);
#1218=VERTEX_POINT('',#3796);
#1219=VERTEX_POINT('',#3797);
#1220=VERTEX_POINT('',#3799);
#1221=VERTEX_POINT('',#3801);
#1222=VERTEX_POINT('',#3805);
#1223=VERTEX_POINT('',#3807);
#1224=VERTEX_POINT('',#3811);
#1225=VERTEX_POINT('',#3813);
#1226=VERTEX_POINT('',#3817);
#1227=VERTEX_POINT('',#3818);
#1228=VERTEX_POINT('',#3820);
#1229=VERTEX_POINT('',#3822);
#1230=VERTEX_POINT('',#3826);
#1231=VERTEX_POINT('',#3828);
#1232=VERTEX_POINT('',#3832);
#1233=VERTEX_POINT('',#3834);
#1234=VERTEX_POINT('',#3856);
#1235=VERTEX_POINT('',#3857);
#1236=VERTEX_POINT('',#3859);
#1237=VERTEX_POINT('',#3861);
#1238=VERTEX_POINT('',#3865);
#1239=VERTEX_POINT('',#3866);
#1240=VERTEX_POINT('',#3868);
#1241=VERTEX_POINT('',#3870);
#1242=VERTEX_POINT('',#3874);
#1243=VERTEX_POINT('',#3875);
#1244=VERTEX_POINT('',#3877);
#1245=VERTEX_POINT('',#3879);
#1246=VERTEX_POINT('',#3883);
#1247=VERTEX_POINT('',#3884);
#1248=VERTEX_POINT('',#3886);
#1249=VERTEX_POINT('',#3888);
#1250=VERTEX_POINT('',#3892);
#1251=VERTEX_POINT('',#3893);
#1252=VERTEX_POINT('',#3895);
#1253=VERTEX_POINT('',#3897);
#1254=VERTEX_POINT('',#3901);
#1255=VERTEX_POINT('',#3902);
#1256=VERTEX_POINT('',#3904);
#1257=VERTEX_POINT('',#3906);
#1258=VERTEX_POINT('',#3910);
#1259=VERTEX_POINT('',#3911);
#1260=VERTEX_POINT('',#3913);
#1261=VERTEX_POINT('',#3915);
#1262=VERTEX_POINT('',#3917);
#1263=VERTEX_POINT('',#3919);
#1264=VERTEX_POINT('',#3921);
#1265=VERTEX_POINT('',#3923);
#1266=VERTEX_POINT('',#3925);
#1267=VERTEX_POINT('',#3927);
#1268=VERTEX_POINT('',#3929);
#1269=VERTEX_POINT('',#3931);
#1270=VERTEX_POINT('',#3935);
#1271=VERTEX_POINT('',#3936);
#1272=VERTEX_POINT('',#3938);
#1273=VERTEX_POINT('',#3940);
#1274=VERTEX_POINT('',#3944);
#1275=VERTEX_POINT('',#3945);
#1276=VERTEX_POINT('',#3947);
#1277=VERTEX_POINT('',#3949);
#1278=VERTEX_POINT('',#3953);
#1279=VERTEX_POINT('',#3955);
#1280=VERTEX_POINT('',#3959);
#1281=VERTEX_POINT('',#3963);
#1282=VERTEX_POINT('',#3967);
#1283=VERTEX_POINT('',#3969);
#1284=VERTEX_POINT('',#3973);
#1285=VERTEX_POINT('',#3977);
#1286=VERTEX_POINT('',#3981);
#1287=VERTEX_POINT('',#3983);
#1288=VERTEX_POINT('',#3987);
#1289=VERTEX_POINT('',#3991);
#1290=VERTEX_POINT('',#3995);
#1291=VERTEX_POINT('',#3997);
#1292=VERTEX_POINT('',#4001);
#1293=VERTEX_POINT('',#4005);
#1294=VERTEX_POINT('',#4009);
#1295=VERTEX_POINT('',#4011);
#1296=VERTEX_POINT('',#4015);
#1297=VERTEX_POINT('',#4019);
#1298=VERTEX_POINT('',#4023);
#1299=VERTEX_POINT('',#4025);
#1300=VERTEX_POINT('',#4029);
#1301=VERTEX_POINT('',#4033);
#1302=VERTEX_POINT('',#4054);
#1303=VERTEX_POINT('',#4055);
#1304=VERTEX_POINT('',#4057);
#1305=VERTEX_POINT('',#4059);
#1306=VERTEX_POINT('',#4063);
#1307=VERTEX_POINT('',#4065);
#1308=VERTEX_POINT('',#4069);
#1309=VERTEX_POINT('',#4070);
#1310=VERTEX_POINT('',#4077);
#1311=VERTEX_POINT('',#4078);
#1312=VERTEX_POINT('',#4080);
#1313=VERTEX_POINT('',#4082);
#1314=VERTEX_POINT('',#4086);
#1315=VERTEX_POINT('',#4087);
#1316=VERTEX_POINT('',#4089);
#1317=VERTEX_POINT('',#4091);
#1318=VERTEX_POINT('',#4100);
#1319=VERTEX_POINT('',#4101);
#1320=VERTEX_POINT('',#4103);
#1321=VERTEX_POINT('',#4105);
#1322=VERTEX_POINT('',#4109);
#1323=VERTEX_POINT('',#4111);
#1324=VERTEX_POINT('',#4115);
#1325=VERTEX_POINT('',#4117);
#1326=VERTEX_POINT('',#4123);
#1327=VERTEX_POINT('',#4124);
#1328=VERTEX_POINT('',#4126);
#1329=VERTEX_POINT('',#4128);
#1330=VERTEX_POINT('',#4132);
#1331=VERTEX_POINT('',#4134);
#1332=VERTEX_POINT('',#4138);
#1333=VERTEX_POINT('',#4139);
#1334=VERTEX_POINT('',#4146);
#1335=VERTEX_POINT('',#4147);
#1336=VERTEX_POINT('',#4149);
#1337=VERTEX_POINT('',#4151);
#1338=VERTEX_POINT('',#4153);
#1339=VERTEX_POINT('',#4155);
#1340=VERTEX_POINT('',#4157);
#1341=VERTEX_POINT('',#4159);
#1342=VERTEX_POINT('',#4162);
#1343=VERTEX_POINT('',#4163);
#1344=VERTEX_POINT('',#4165);
#1345=VERTEX_POINT('',#4167);
#1346=VERTEX_POINT('',#4169);
#1347=VERTEX_POINT('',#4171);
#1348=VERTEX_POINT('',#4173);
#1349=VERTEX_POINT('',#4175);
#1350=VERTEX_POINT('',#4177);
#1351=VERTEX_POINT('',#4179);
#1352=VERTEX_POINT('',#4181);
#1353=VERTEX_POINT('',#4183);
#1354=VERTEX_POINT('',#4185);
#1355=VERTEX_POINT('',#4187);
#1356=VERTEX_POINT('',#4189);
#1357=VERTEX_POINT('',#4191);
#1358=VERTEX_POINT('',#4193);
#1359=VERTEX_POINT('',#4195);
#1360=VERTEX_POINT('',#4197);
#1361=VERTEX_POINT('',#4199);
#1362=VERTEX_POINT('',#4203);
#1363=VERTEX_POINT('',#4206);
#1364=VERTEX_POINT('',#4209);
#1365=VERTEX_POINT('',#4212);
#1366=VERTEX_POINT('',#4215);
#1367=VERTEX_POINT('',#4218);
#1368=VERTEX_POINT('',#4221);
#1369=VERTEX_POINT('',#4224);
#1370=VERTEX_POINT('',#4226);
#1371=VERTEX_POINT('',#4229);
#1372=VERTEX_POINT('',#4232);
#1373=VERTEX_POINT('',#4235);
#1374=LINE('',#3618,#1686);
#1375=LINE('',#3621,#1687);
#1376=LINE('',#3623,#1688);
#1377=LINE('',#3625,#1689);
#1378=LINE('',#3627,#1690);
#1379=LINE('',#3630,#1691);
#1380=LINE('',#3632,#1692);
#1381=LINE('',#3634,#1693);
#1382=LINE('',#3636,#1694);
#1383=LINE('',#3639,#1695);
#1384=LINE('',#3641,#1696);
#1385=LINE('',#3643,#1697);
#1386=LINE('',#3645,#1698);
#1387=LINE('',#3648,#1699);
#1388=LINE('',#3650,#1700);
#1389=LINE('',#3652,#1701);
#1390=LINE('',#3666,#1702);
#1391=LINE('',#3669,#1703);
#1392=LINE('',#3671,#1704);
#1393=LINE('',#3673,#1705);
#1394=LINE('',#3675,#1706);
#1395=LINE('',#3677,#1707);
#1396=LINE('',#3679,#1708);
#1397=LINE('',#3681,#1709);
#1398=LINE('',#3683,#1710);
#1399=LINE('',#3685,#1711);
#1400=LINE('',#3687,#1712);
#1401=LINE('',#3689,#1713);
#1402=LINE('',#3711,#1714);
#1403=LINE('',#3714,#1715);
#1404=LINE('',#3716,#1716);
#1405=LINE('',#3718,#1717);
#1406=LINE('',#3720,#1718);
#1407=LINE('',#3722,#1719);
#1408=LINE('',#3724,#1720);
#1409=LINE('',#3726,#1721);
#1410=LINE('',#3728,#1722);
#1411=LINE('',#3730,#1723);
#1412=LINE('',#3732,#1724);
#1413=LINE('',#3735,#1725);
#1414=LINE('',#3737,#1726);
#1415=LINE('',#3739,#1727);
#1416=LINE('',#3741,#1728);
#1417=LINE('',#3743,#1729);
#1418=LINE('',#3745,#1730);
#1419=LINE('',#3747,#1731);
#1420=LINE('',#3749,#1732);
#1421=LINE('',#3751,#1733);
#1422=LINE('',#3753,#1734);
#1423=LINE('',#3756,#1735);
#1424=LINE('',#3758,#1736);
#1425=LINE('',#3760,#1737);
#1426=LINE('',#3762,#1738);
#1427=LINE('',#3764,#1739);
#1428=LINE('',#3766,#1740);
#1429=LINE('',#3768,#1741);
#1430=LINE('',#3770,#1742);
#1431=LINE('',#3772,#1743);
#1432=LINE('',#3774,#1744);
#1433=LINE('',#3777,#1745);
#1434=LINE('',#3779,#1746);
#1435=LINE('',#3781,#1747);
#1436=LINE('',#3783,#1748);
#1437=LINE('',#3785,#1749);
#1438=LINE('',#3787,#1750);
#1439=LINE('',#3789,#1751);
#1440=LINE('',#3791,#1752);
#1441=LINE('',#3793,#1753);
#1442=LINE('',#3795,#1754);
#1443=LINE('',#3798,#1755);
#1444=LINE('',#3800,#1756);
#1445=LINE('',#3802,#1757);
#1446=LINE('',#3804,#1758);
#1447=LINE('',#3806,#1759);
#1448=LINE('',#3808,#1760);
#1449=LINE('',#3810,#1761);
#1450=LINE('',#3812,#1762);
#1451=LINE('',#3814,#1763);
#1452=LINE('',#3816,#1764);
#1453=LINE('',#3819,#1765);
#1454=LINE('',#3821,#1766);
#1455=LINE('',#3823,#1767);
#1456=LINE('',#3825,#1768);
#1457=LINE('',#3827,#1769);
#1458=LINE('',#3829,#1770);
#1459=LINE('',#3831,#1771);
#1460=LINE('',#3833,#1772);
#1461=LINE('',#3835,#1773);
#1462=LINE('',#3837,#1774);
#1463=LINE('',#3838,#1775);
#1464=LINE('',#3840,#1776);
#1465=LINE('',#3841,#1777);
#1466=LINE('',#3843,#1778);
#1467=LINE('',#3844,#1779);
#1468=LINE('',#3846,#1780);
#1469=LINE('',#3847,#1781);
#1470=LINE('',#3849,#1782);
#1471=LINE('',#3850,#1783);
#1472=LINE('',#3852,#1784);
#1473=LINE('',#3853,#1785);
#1474=LINE('',#3855,#1786);
#1475=LINE('',#3858,#1787);
#1476=LINE('',#3860,#1788);
#1477=LINE('',#3862,#1789);
#1478=LINE('',#3864,#1790);
#1479=LINE('',#3867,#1791);
#1480=LINE('',#3869,#1792);
#1481=LINE('',#3871,#1793);
#1482=LINE('',#3873,#1794);
#1483=LINE('',#3876,#1795);
#1484=LINE('',#3878,#1796);
#1485=LINE('',#3880,#1797);
#1486=LINE('',#3882,#1798);
#1487=LINE('',#3885,#1799);
#1488=LINE('',#3887,#1800);
#1489=LINE('',#3889,#1801);
#1490=LINE('',#3891,#1802);
#1491=LINE('',#3894,#1803);
#1492=LINE('',#3896,#1804);
#1493=LINE('',#3898,#1805);
#1494=LINE('',#3900,#1806);
#1495=LINE('',#3903,#1807);
#1496=LINE('',#3905,#1808);
#1497=LINE('',#3907,#1809);
#1498=LINE('',#3909,#1810);
#1499=LINE('',#3912,#1811);
#1500=LINE('',#3914,#1812);
#1501=LINE('',#3916,#1813);
#1502=LINE('',#3918,#1814);
#1503=LINE('',#3920,#1815);
#1504=LINE('',#3922,#1816);
#1505=LINE('',#3924,#1817);
#1506=LINE('',#3926,#1818);
#1507=LINE('',#3928,#1819);
#1508=LINE('',#3930,#1820);
#1509=LINE('',#3932,#1821);
#1510=LINE('',#3934,#1822);
#1511=LINE('',#3937,#1823);
#1512=LINE('',#3939,#1824);
#1513=LINE('',#3941,#1825);
#1514=LINE('',#3943,#1826);
#1515=LINE('',#3946,#1827);
#1516=LINE('',#3948,#1828);
#1517=LINE('',#3950,#1829);
#1518=LINE('',#3952,#1830);
#1519=LINE('',#3954,#1831);
#1520=LINE('',#3956,#1832);
#1521=LINE('',#3958,#1833);
#1522=LINE('',#3960,#1834);
#1523=LINE('',#3962,#1835);
#1524=LINE('',#3964,#1836);
#1525=LINE('',#3966,#1837);
#1526=LINE('',#3968,#1838);
#1527=LINE('',#3970,#1839);
#1528=LINE('',#3972,#1840);
#1529=LINE('',#3974,#1841);
#1530=LINE('',#3976,#1842);
#1531=LINE('',#3978,#1843);
#1532=LINE('',#3980,#1844);
#1533=LINE('',#3982,#1845);
#1534=LINE('',#3984,#1846);
#1535=LINE('',#3986,#1847);
#1536=LINE('',#3988,#1848);
#1537=LINE('',#3990,#1849);
#1538=LINE('',#3992,#1850);
#1539=LINE('',#3994,#1851);
#1540=LINE('',#3996,#1852);
#1541=LINE('',#3998,#1853);
#1542=LINE('',#4000,#1854);
#1543=LINE('',#4002,#1855);
#1544=LINE('',#4004,#1856);
#1545=LINE('',#4006,#1857);
#1546=LINE('',#4008,#1858);
#1547=LINE('',#4010,#1859);
#1548=LINE('',#4012,#1860);
#1549=LINE('',#4014,#1861);
#1550=LINE('',#4016,#1862);
#1551=LINE('',#4018,#1863);
#1552=LINE('',#4020,#1864);
#1553=LINE('',#4022,#1865);
#1554=LINE('',#4024,#1866);
#1555=LINE('',#4026,#1867);
#1556=LINE('',#4028,#1868);
#1557=LINE('',#4030,#1869);
#1558=LINE('',#4032,#1870);
#1559=LINE('',#4034,#1871);
#1560=LINE('',#4036,#1872);
#1561=LINE('',#4038,#1873);
#1562=LINE('',#4040,#1874);
#1563=LINE('',#4042,#1875);
#1564=LINE('',#4044,#1876);
#1565=LINE('',#4046,#1877);
#1566=LINE('',#4048,#1878);
#1567=LINE('',#4049,#1879);
#1568=LINE('',#4050,#1880);
#1569=LINE('',#4051,#1881);
#1570=LINE('',#4053,#1882);
#1571=LINE('',#4058,#1883);
#1572=LINE('',#4062,#1884);
#1573=LINE('',#4064,#1885);
#1574=LINE('',#4066,#1886);
#1575=LINE('',#4068,#1887);
#1576=LINE('',#4071,#1888);
#1577=LINE('',#4072,#1889);
#1578=LINE('',#4074,#1890);
#1579=LINE('',#4076,#1891);
#1580=LINE('',#4079,#1892);
#1581=LINE('',#4081,#1893);
#1582=LINE('',#4083,#1894);
#1583=LINE('',#4085,#1895);
#1584=LINE('',#4088,#1896);
#1585=LINE('',#4090,#1897);
#1586=LINE('',#4092,#1898);
#1587=LINE('',#4094,#1899);
#1588=LINE('',#4099,#1900);
#1589=LINE('',#4102,#1901);
#1590=LINE('',#4104,#1902);
#1591=LINE('',#4106,#1903);
#1592=LINE('',#4110,#1904);
#1593=LINE('',#4114,#1905);
#1594=LINE('',#4116,#1906);
#1595=LINE('',#4118,#1907);
#1596=LINE('',#4120,#1908);
#1597=LINE('',#4122,#1909);
#1598=LINE('',#4127,#1910);
#1599=LINE('',#4131,#1911);
#1600=LINE('',#4133,#1912);
#1601=LINE('',#4135,#1913);
#1602=LINE('',#4137,#1914);
#1603=LINE('',#4140,#1915);
#1604=LINE('',#4141,#1916);
#1605=LINE('',#4143,#1917);
#1606=LINE('',#4148,#1918);
#1607=LINE('',#4152,#1919);
#1608=LINE('',#4156,#1920);
#1609=LINE('',#4160,#1921);
#1610=LINE('',#4161,#1922);
#1611=LINE('',#4164,#1923);
#1612=LINE('',#4166,#1924);
#1613=LINE('',#4168,#1925);
#1614=LINE('',#4172,#1926);
#1615=LINE('',#4174,#1927);
#1616=LINE('',#4176,#1928);
#1617=LINE('',#4180,#1929);
#1618=LINE('',#4182,#1930);
#1619=LINE('',#4184,#1931);
#1620=LINE('',#4186,#1932);
#1621=LINE('',#4188,#1933);
#1622=LINE('',#4192,#1934);
#1623=LINE('',#4194,#1935);
#1624=LINE('',#4196,#1936);
#1625=LINE('',#4200,#1937);
#1626=LINE('',#4239,#1938);
#1627=LINE('',#4241,#1939);
#1628=LINE('',#4242,#1940);
#1629=LINE('',#4244,#1941);
#1630=LINE('',#4246,#1942);
#1631=LINE('',#4248,#1943);
#1632=LINE('',#4250,#1944);
#1633=LINE('',#4251,#1945);
#1634=LINE('',#4253,#1946);
#1635=LINE('',#4255,#1947);
#1636=LINE('',#4257,#1948);
#1637=LINE('',#4259,#1949);
#1638=LINE('',#4261,#1950);
#1639=LINE('',#4263,#1951);
#1640=LINE('',#4265,#1952);
#1641=LINE('',#4266,#1953);
#1642=LINE('',#4268,#1954);
#1643=LINE('',#4270,#1955);
#1644=LINE('',#4272,#1956);
#1645=LINE('',#4274,#1957);
#1646=LINE('',#4276,#1958);
#1647=LINE('',#4278,#1959);
#1648=LINE('',#4280,#1960);
#1649=LINE('',#4282,#1961);
#1650=LINE('',#4284,#1962);
#1651=LINE('',#4286,#1963);
#1652=LINE('',#4288,#1964);
#1653=LINE('',#4289,#1965);
#1654=LINE('',#4291,#1966);
#1655=LINE('',#4293,#1967);
#1656=LINE('',#4295,#1968);
#1657=LINE('',#4297,#1969);
#1658=LINE('',#4299,#1970);
#1659=LINE('',#4301,#1971);
#1660=LINE('',#4303,#1972);
#1661=LINE('',#4304,#1973);
#1662=LINE('',#4306,#1974);
#1663=LINE('',#4308,#1975);
#1664=LINE('',#4310,#1976);
#1665=LINE('',#4312,#1977);
#1666=LINE('',#4314,#1978);
#1667=LINE('',#4316,#1979);
#1668=LINE('',#4318,#1980);
#1669=LINE('',#4320,#1981);
#1670=LINE('',#4322,#1982);
#1671=LINE('',#4324,#1983);
#1672=LINE('',#4326,#1984);
#1673=LINE('',#4328,#1985);
#1674=LINE('',#4330,#1986);
#1675=LINE('',#4332,#1987);
#1676=LINE('',#4334,#1988);
#1677=LINE('',#4336,#1989);
#1678=LINE('',#4339,#1990);
#1679=LINE('',#4340,#1991);
#1680=LINE('',#4342,#1992);
#1681=LINE('',#4344,#1993);
#1682=LINE('',#4346,#1994);
#1683=LINE('',#4348,#1995);
#1684=LINE('',#4350,#1996);
#1685=LINE('',#4352,#1997);
#1686=VECTOR('',#2904,1.);
#1687=VECTOR('',#2905,1.);
#1688=VECTOR('',#2906,1.);
#1689=VECTOR('',#2907,1.);
#1690=VECTOR('',#2910,1.);
#1691=VECTOR('',#2911,1.);
#1692=VECTOR('',#2912,1.);
#1693=VECTOR('',#2913,1.);
#1694=VECTOR('',#2916,1.);
#1695=VECTOR('',#2917,1.);
#1696=VECTOR('',#2918,1.);
#1697=VECTOR('',#2919,1.);
#1698=VECTOR('',#2922,1.);
#1699=VECTOR('',#2923,1.);
#1700=VECTOR('',#2924,1.);
#1701=VECTOR('',#2925,1.);
#1702=VECTOR('',#2952,1.);
#1703=VECTOR('',#2953,1.);
#1704=VECTOR('',#2954,1.);
#1705=VECTOR('',#2955,1.);
#1706=VECTOR('',#2956,1.);
#1707=VECTOR('',#2957,1.);
#1708=VECTOR('',#2958,1.);
#1709=VECTOR('',#2959,1.);
#1710=VECTOR('',#2960,1.);
#1711=VECTOR('',#2961,1.);
#1712=VECTOR('',#2962,1.);
#1713=VECTOR('',#2963,1.);
#1714=VECTOR('',#2990,1.);
#1715=VECTOR('',#2991,1.);
#1716=VECTOR('',#2992,1.);
#1717=VECTOR('',#2993,1.);
#1718=VECTOR('',#2996,1.);
#1719=VECTOR('',#2997,1.);
#1720=VECTOR('',#2998,1.);
#1721=VECTOR('',#3001,1.);
#1722=VECTOR('',#3002,1.);
#1723=VECTOR('',#3003,1.);
#1724=VECTOR('',#3006,1.);
#1725=VECTOR('',#3007,1.);
#1726=VECTOR('',#3008,1.);
#1727=VECTOR('',#3009,1.);
#1728=VECTOR('',#3012,1.);
#1729=VECTOR('',#3013,1.);
#1730=VECTOR('',#3014,1.);
#1731=VECTOR('',#3017,1.);
#1732=VECTOR('',#3018,1.);
#1733=VECTOR('',#3019,1.);
#1734=VECTOR('',#3022,1.);
#1735=VECTOR('',#3023,1.);
#1736=VECTOR('',#3024,1.);
#1737=VECTOR('',#3025,1.);
#1738=VECTOR('',#3028,1.);
#1739=VECTOR('',#3029,1.);
#1740=VECTOR('',#3030,1.);
#1741=VECTOR('',#3033,1.);
#1742=VECTOR('',#3034,1.);
#1743=VECTOR('',#3035,1.);
#1744=VECTOR('',#3038,1.);
#1745=VECTOR('',#3039,1.);
#1746=VECTOR('',#3040,1.);
#1747=VECTOR('',#3041,1.);
#1748=VECTOR('',#3044,1.);
#1749=VECTOR('',#3045,1.);
#1750=VECTOR('',#3046,1.);
#1751=VECTOR('',#3049,1.);
#1752=VECTOR('',#3050,1.);
#1753=VECTOR('',#3051,1.);
#1754=VECTOR('',#3054,1.);
#1755=VECTOR('',#3055,1.);
#1756=VECTOR('',#3056,1.);
#1757=VECTOR('',#3057,1.);
#1758=VECTOR('',#3060,1.);
#1759=VECTOR('',#3061,1.);
#1760=VECTOR('',#3062,1.);
#1761=VECTOR('',#3065,1.);
#1762=VECTOR('',#3066,1.);
#1763=VECTOR('',#3067,1.);
#1764=VECTOR('',#3070,1.);
#1765=VECTOR('',#3071,1.);
#1766=VECTOR('',#3072,1.);
#1767=VECTOR('',#3073,1.);
#1768=VECTOR('',#3076,1.);
#1769=VECTOR('',#3077,1.);
#1770=VECTOR('',#3078,1.);
#1771=VECTOR('',#3081,1.);
#1772=VECTOR('',#3082,1.);
#1773=VECTOR('',#3083,1.);
#1774=VECTOR('',#3086,1.);
#1775=VECTOR('',#3087,1.);
#1776=VECTOR('',#3090,1.);
#1777=VECTOR('',#3091,1.);
#1778=VECTOR('',#3094,1.);
#1779=VECTOR('',#3095,1.);
#1780=VECTOR('',#3098,1.);
#1781=VECTOR('',#3099,1.);
#1782=VECTOR('',#3102,1.);
#1783=VECTOR('',#3103,1.);
#1784=VECTOR('',#3106,1.);
#1785=VECTOR('',#3107,1.);
#1786=VECTOR('',#3110,1.);
#1787=VECTOR('',#3111,1.);
#1788=VECTOR('',#3112,1.);
#1789=VECTOR('',#3113,1.);
#1790=VECTOR('',#3116,1.);
#1791=VECTOR('',#3117,1.);
#1792=VECTOR('',#3118,1.);
#1793=VECTOR('',#3119,1.);
#1794=VECTOR('',#3122,1.);
#1795=VECTOR('',#3123,1.);
#1796=VECTOR('',#3124,1.);
#1797=VECTOR('',#3125,1.);
#1798=VECTOR('',#3128,1.);
#1799=VECTOR('',#3129,1.);
#1800=VECTOR('',#3130,1.);
#1801=VECTOR('',#3131,1.);
#1802=VECTOR('',#3134,1.);
#1803=VECTOR('',#3135,1.);
#1804=VECTOR('',#3136,1.);
#1805=VECTOR('',#3137,1.);
#1806=VECTOR('',#3140,1.);
#1807=VECTOR('',#3141,1.);
#1808=VECTOR('',#3142,1.);
#1809=VECTOR('',#3143,1.);
#1810=VECTOR('',#3146,1.);
#1811=VECTOR('',#3147,1.);
#1812=VECTOR('',#3148,1.);
#1813=VECTOR('',#3149,1.);
#1814=VECTOR('',#3150,1.);
#1815=VECTOR('',#3151,1.);
#1816=VECTOR('',#3152,1.);
#1817=VECTOR('',#3153,1.);
#1818=VECTOR('',#3154,1.);
#1819=VECTOR('',#3155,1.);
#1820=VECTOR('',#3156,1.);
#1821=VECTOR('',#3157,1.);
#1822=VECTOR('',#3160,1.);
#1823=VECTOR('',#3161,1.);
#1824=VECTOR('',#3162,1.);
#1825=VECTOR('',#3163,1.);
#1826=VECTOR('',#3166,1.);
#1827=VECTOR('',#3167,1.);
#1828=VECTOR('',#3168,1.);
#1829=VECTOR('',#3169,1.);
#1830=VECTOR('',#3172,1.);
#1831=VECTOR('',#3173,1.);
#1832=VECTOR('',#3174,1.);
#1833=VECTOR('',#3177,1.);
#1834=VECTOR('',#3178,1.);
#1835=VECTOR('',#3181,1.);
#1836=VECTOR('',#3182,1.);
#1837=VECTOR('',#3185,1.);
#1838=VECTOR('',#3186,1.);
#1839=VECTOR('',#3187,1.);
#1840=VECTOR('',#3190,1.);
#1841=VECTOR('',#3191,1.);
#1842=VECTOR('',#3194,1.);
#1843=VECTOR('',#3195,1.);
#1844=VECTOR('',#3198,1.);
#1845=VECTOR('',#3199,1.);
#1846=VECTOR('',#3200,1.);
#1847=VECTOR('',#3203,1.);
#1848=VECTOR('',#3204,1.);
#1849=VECTOR('',#3207,1.);
#1850=VECTOR('',#3208,1.);
#1851=VECTOR('',#3211,1.);
#1852=VECTOR('',#3212,1.);
#1853=VECTOR('',#3213,1.);
#1854=VECTOR('',#3216,1.);
#1855=VECTOR('',#3217,1.);
#1856=VECTOR('',#3220,1.);
#1857=VECTOR('',#3221,1.);
#1858=VECTOR('',#3224,1.);
#1859=VECTOR('',#3225,1.);
#1860=VECTOR('',#3226,1.);
#1861=VECTOR('',#3229,1.);
#1862=VECTOR('',#3230,1.);
#1863=VECTOR('',#3233,1.);
#1864=VECTOR('',#3234,1.);
#1865=VECTOR('',#3237,1.);
#1866=VECTOR('',#3238,1.);
#1867=VECTOR('',#3239,1.);
#1868=VECTOR('',#3242,1.);
#1869=VECTOR('',#3243,1.);
#1870=VECTOR('',#3246,1.);
#1871=VECTOR('',#3247,1.);
#1872=VECTOR('',#3250,1.);
#1873=VECTOR('',#3253,1.);
#1874=VECTOR('',#3256,1.);
#1875=VECTOR('',#3259,1.);
#1876=VECTOR('',#3262,1.);
#1877=VECTOR('',#3265,1.);
#1878=VECTOR('',#3268,1.);
#1879=VECTOR('',#3269,1.);
#1880=VECTOR('',#3270,1.);
#1881=VECTOR('',#3271,1.);
#1882=VECTOR('',#3274,1.);
#1883=VECTOR('',#3277,1.);
#1884=VECTOR('',#3282,1.);
#1885=VECTOR('',#3283,1.);
#1886=VECTOR('',#3284,1.);
#1887=VECTOR('',#3287,1.);
#1888=VECTOR('',#3288,1.);
#1889=VECTOR('',#3289,1.);
#1890=VECTOR('',#3292,1.);
#1891=VECTOR('',#3295,1.);
#1892=VECTOR('',#3296,1.);
#1893=VECTOR('',#3297,1.);
#1894=VECTOR('',#3298,1.);
#1895=VECTOR('',#3301,1.);
#1896=VECTOR('',#3302,1.);
#1897=VECTOR('',#3303,1.);
#1898=VECTOR('',#3304,1.);
#1899=VECTOR('',#3307,1.);
#1900=VECTOR('',#3316,1.);
#1901=VECTOR('',#3317,1.);
#1902=VECTOR('',#3318,1.);
#1903=VECTOR('',#3319,1.);
#1904=VECTOR('',#3324,1.);
#1905=VECTOR('',#3329,1.);
#1906=VECTOR('',#3330,1.);
#1907=VECTOR('',#3331,1.);
#1908=VECTOR('',#3334,1.);
#1909=VECTOR('',#3337,1.);
#1910=VECTOR('',#3340,1.);
#1911=VECTOR('',#3345,1.);
#1912=VECTOR('',#3346,1.);
#1913=VECTOR('',#3347,1.);
#1914=VECTOR('',#3350,1.);
#1915=VECTOR('',#3351,1.);
#1916=VECTOR('',#3352,1.);
#1917=VECTOR('',#3355,1.);
#1918=VECTOR('',#3360,1.);
#1919=VECTOR('',#3363,1.);
#1920=VECTOR('',#3366,1.);
#1921=VECTOR('',#3369,1.);
#1922=VECTOR('',#3370,1.);
#1923=VECTOR('',#3371,1.);
#1924=VECTOR('',#3372,1.);
#1925=VECTOR('',#3373,1.);
#1926=VECTOR('',#3376,1.);
#1927=VECTOR('',#3377,1.);
#1928=VECTOR('',#3378,1.);
#1929=VECTOR('',#3381,1.);
#1930=VECTOR('',#3382,1.);
#1931=VECTOR('',#3383,1.);
#1932=VECTOR('',#3384,1.);
#1933=VECTOR('',#3385,1.);
#1934=VECTOR('',#3388,1.);
#1935=VECTOR('',#3389,1.);
#1936=VECTOR('',#3390,1.);
#1937=VECTOR('',#3393,1.);
#1938=VECTOR('',#3446,1.);
#1939=VECTOR('',#3449,1.);
#1940=VECTOR('',#3450,1.);
#1941=VECTOR('',#3453,1.);
#1942=VECTOR('',#3456,1.);
#1943=VECTOR('',#3459,1.);
#1944=VECTOR('',#3462,1.);
#1945=VECTOR('',#3463,1.);
#1946=VECTOR('',#3466,1.);
#1947=VECTOR('',#3469,1.);
#1948=VECTOR('',#3472,1.);
#1949=VECTOR('',#3475,1.);
#1950=VECTOR('',#3478,1.);
#1951=VECTOR('',#3481,1.);
#1952=VECTOR('',#3484,1.);
#1953=VECTOR('',#3485,1.);
#1954=VECTOR('',#3488,1.);
#1955=VECTOR('',#3491,1.);
#1956=VECTOR('',#3494,1.);
#1957=VECTOR('',#3497,1.);
#1958=VECTOR('',#3500,1.);
#1959=VECTOR('',#3503,1.);
#1960=VECTOR('',#3506,1.);
#1961=VECTOR('',#3509,1.);
#1962=VECTOR('',#3512,1.);
#1963=VECTOR('',#3515,1.);
#1964=VECTOR('',#3518,1.);
#1965=VECTOR('',#3519,1.);
#1966=VECTOR('',#3522,1.);
#1967=VECTOR('',#3525,1.);
#1968=VECTOR('',#3528,1.);
#1969=VECTOR('',#3531,1.);
#1970=VECTOR('',#3534,1.);
#1971=VECTOR('',#3537,1.);
#1972=VECTOR('',#3540,1.);
#1973=VECTOR('',#3541,1.);
#1974=VECTOR('',#3544,1.);
#1975=VECTOR('',#3547,1.);
#1976=VECTOR('',#3550,1.);
#1977=VECTOR('',#3553,1.);
#1978=VECTOR('',#3556,1.);
#1979=VECTOR('',#3559,1.);
#1980=VECTOR('',#3562,1.);
#1981=VECTOR('',#3565,1.);
#1982=VECTOR('',#3568,1.);
#1983=VECTOR('',#3571,1.);
#1984=VECTOR('',#3574,1.);
#1985=VECTOR('',#3577,1.);
#1986=VECTOR('',#3580,1.);
#1987=VECTOR('',#3583,1.);
#1988=VECTOR('',#3586,1.);
#1989=VECTOR('',#3589,1.);
#1990=VECTOR('',#3594,1.);
#1991=VECTOR('',#3595,1.);
#1992=VECTOR('',#3598,1.);
#1993=VECTOR('',#3601,1.);
#1994=VECTOR('',#3604,1.);
#1995=VECTOR('',#3607,1.);
#1996=VECTOR('',#3610,1.);
#1997=VECTOR('',#3613,1.);
#1998=EDGE_LOOP('',(#82,#83,#84,#85));
#1999=EDGE_LOOP('',(#86,#87,#88,#89));
#2000=EDGE_LOOP('',(#90,#91,#92,#93));
#2001=EDGE_LOOP('',(#94,#95,#96,#97));
#2002=EDGE_LOOP('',(#98,#99,#100,#101));
#2003=EDGE_LOOP('',(#102,#103,#104,#105));
#2004=EDGE_LOOP('',(#106,#107,#108,#109));
#2005=EDGE_LOOP('',(#110,#111,#112,#113));
#2006=EDGE_LOOP('',(#114,#115,#116,#117,#118,#119,#120,#121,#122,#123,#124,
#125));
#2007=EDGE_LOOP('',(#126));
#2008=EDGE_LOOP('',(#127));
#2009=EDGE_LOOP('',(#128));
#2010=EDGE_LOOP('',(#129));
#2011=EDGE_LOOP('',(#130));
#2012=EDGE_LOOP('',(#131));
#2013=EDGE_LOOP('',(#132));
#2014=EDGE_LOOP('',(#133));
#2015=EDGE_LOOP('',(#134,#135,#136,#137));
#2016=EDGE_LOOP('',(#138,#139,#140,#141));
#2017=EDGE_LOOP('',(#142,#143,#144,#145));
#2018=EDGE_LOOP('',(#146,#147,#148,#149));
#2019=EDGE_LOOP('',(#150,#151,#152,#153));
#2020=EDGE_LOOP('',(#154,#155,#156,#157));
#2021=EDGE_LOOP('',(#158,#159,#160,#161));
#2022=EDGE_LOOP('',(#162,#163,#164,#165));
#2023=EDGE_LOOP('',(#166,#167,#168,#169));
#2024=EDGE_LOOP('',(#170,#171,#172,#173));
#2025=EDGE_LOOP('',(#174,#175,#176,#177));
#2026=EDGE_LOOP('',(#178,#179,#180,#181));
#2027=EDGE_LOOP('',(#182,#183,#184,#185));
#2028=EDGE_LOOP('',(#186,#187,#188,#189));
#2029=EDGE_LOOP('',(#190,#191,#192,#193));
#2030=EDGE_LOOP('',(#194,#195,#196,#197));
#2031=EDGE_LOOP('',(#198,#199,#200,#201));
#2032=EDGE_LOOP('',(#202,#203,#204,#205));
#2033=EDGE_LOOP('',(#206,#207,#208,#209));
#2034=EDGE_LOOP('',(#210,#211,#212,#213));
#2035=EDGE_LOOP('',(#214,#215,#216,#217));
#2036=EDGE_LOOP('',(#218,#219,#220,#221));
#2037=EDGE_LOOP('',(#222,#223,#224,#225));
#2038=EDGE_LOOP('',(#226,#227,#228,#229));
#2039=EDGE_LOOP('',(#230,#231,#232,#233));
#2040=EDGE_LOOP('',(#234,#235,#236,#237));
#2041=EDGE_LOOP('',(#238,#239,#240,#241));
#2042=EDGE_LOOP('',(#242,#243,#244,#245));
#2043=EDGE_LOOP('',(#246,#247,#248,#249));
#2044=EDGE_LOOP('',(#250,#251,#252,#253));
#2045=EDGE_LOOP('',(#254,#255,#256,#257));
#2046=EDGE_LOOP('',(#258,#259,#260,#261));
#2047=EDGE_LOOP('',(#262,#263,#264,#265));
#2048=EDGE_LOOP('',(#266,#267,#268,#269));
#2049=EDGE_LOOP('',(#270,#271,#272,#273));
#2050=EDGE_LOOP('',(#274,#275,#276,#277,#278,#279,#280,#281,#282,#283,#284,
#285));
#2051=EDGE_LOOP('',(#286,#287,#288,#289));
#2052=EDGE_LOOP('',(#290,#291,#292,#293));
#2053=EDGE_LOOP('',(#294,#295,#296,#297));
#2054=EDGE_LOOP('',(#298,#299,#300,#301));
#2055=EDGE_LOOP('',(#302,#303,#304,#305));
#2056=EDGE_LOOP('',(#306,#307,#308,#309));
#2057=EDGE_LOOP('',(#310,#311,#312,#313));
#2058=EDGE_LOOP('',(#314,#315,#316,#317));
#2059=EDGE_LOOP('',(#318,#319,#320,#321));
#2060=EDGE_LOOP('',(#322,#323,#324,#325));
#2061=EDGE_LOOP('',(#326,#327,#328,#329));
#2062=EDGE_LOOP('',(#330,#331,#332,#333));
#2063=EDGE_LOOP('',(#334,#335,#336,#337));
#2064=EDGE_LOOP('',(#338,#339,#340,#341));
#2065=EDGE_LOOP('',(#342,#343,#344,#345));
#2066=EDGE_LOOP('',(#346,#347,#348,#349));
#2067=EDGE_LOOP('',(#350,#351,#352,#353));
#2068=EDGE_LOOP('',(#354,#355,#356,#357));
#2069=EDGE_LOOP('',(#358,#359,#360,#361));
#2070=EDGE_LOOP('',(#362,#363,#364,#365));
#2071=EDGE_LOOP('',(#366,#367,#368,#369));
#2072=EDGE_LOOP('',(#370,#371,#372,#373));
#2073=EDGE_LOOP('',(#374,#375,#376,#377));
#2074=EDGE_LOOP('',(#378,#379,#380,#381));
#2075=EDGE_LOOP('',(#382,#383,#384,#385));
#2076=EDGE_LOOP('',(#386,#387,#388,#389));
#2077=EDGE_LOOP('',(#390,#391,#392,#393));
#2078=EDGE_LOOP('',(#394,#395,#396,#397));
#2079=EDGE_LOOP('',(#398,#399,#400,#401));
#2080=EDGE_LOOP('',(#402,#403,#404,#405,#406,#407,#408,#409));
#2081=EDGE_LOOP('',(#410));
#2082=EDGE_LOOP('',(#411));
#2083=EDGE_LOOP('',(#412));
#2084=EDGE_LOOP('',(#413));
#2085=EDGE_LOOP('',(#414,#415,#416,#417));
#2086=EDGE_LOOP('',(#418,#419,#420,#421));
#2087=EDGE_LOOP('',(#422,#423,#424,#425));
#2088=EDGE_LOOP('',(#426,#427,#428,#429));
#2089=EDGE_LOOP('',(#430,#431,#432,#433));
#2090=EDGE_LOOP('',(#434,#435,#436,#437));
#2091=EDGE_LOOP('',(#438,#439,#440,#441));
#2092=EDGE_LOOP('',(#442,#443,#444,#445));
#2093=EDGE_LOOP('',(#446));
#2094=EDGE_LOOP('',(#447,#448,#449,#450));
#2095=EDGE_LOOP('',(#451,#452,#453,#454));
#2096=EDGE_LOOP('',(#455));
#2097=EDGE_LOOP('',(#456,#457,#458,#459));
#2098=EDGE_LOOP('',(#460,#461,#462,#463));
#2099=EDGE_LOOP('',(#464,#465,#466,#467));
#2100=EDGE_LOOP('',(#468,#469,#470,#471));
#2101=EDGE_LOOP('',(#472,#473,#474,#475));
#2102=EDGE_LOOP('',(#476,#477,#478,#479));
#2103=EDGE_LOOP('',(#480));
#2104=EDGE_LOOP('',(#481,#482,#483,#484));
#2105=EDGE_LOOP('',(#485,#486,#487,#488));
#2106=EDGE_LOOP('',(#489,#490,#491,#492));
#2107=EDGE_LOOP('',(#493));
#2108=EDGE_LOOP('',(#494,#495,#496,#497));
#2109=EDGE_LOOP('',(#498,#499,#500,#501,#502,#503,#504,#505));
#2110=EDGE_LOOP('',(#506,#507,#508,#509,#510,#511,#512,#513,#514,#515,#516,
#517,#518,#519,#520,#521,#522,#523,#524,#525));
#2111=EDGE_LOOP('',(#526,#527,#528,#529));
#2112=EDGE_LOOP('',(#530));
#2113=EDGE_LOOP('',(#531,#532,#533,#534));
#2114=EDGE_LOOP('',(#535));
#2115=EDGE_LOOP('',(#536,#537,#538,#539));
#2116=EDGE_LOOP('',(#540));
#2117=EDGE_LOOP('',(#541,#542,#543,#544));
#2118=EDGE_LOOP('',(#545));
#2119=EDGE_LOOP('',(#546));
#2120=EDGE_LOOP('',(#547,#548,#549,#550));
#2121=EDGE_LOOP('',(#551));
#2122=EDGE_LOOP('',(#552));
#2123=EDGE_LOOP('',(#553));
#2124=EDGE_LOOP('',(#554));
#2125=EDGE_LOOP('',(#555));
#2126=EDGE_LOOP('',(#556));
#2127=EDGE_LOOP('',(#557));
#2128=EDGE_LOOP('',(#558));
#2129=EDGE_LOOP('',(#559));
#2130=EDGE_LOOP('',(#560));
#2131=EDGE_LOOP('',(#561));
#2132=EDGE_LOOP('',(#562));
#2133=EDGE_LOOP('',(#563,#564,#565,#566,#567,#568,#569,#570));
#2134=EDGE_LOOP('',(#571));
#2135=EDGE_LOOP('',(#572));
#2136=EDGE_LOOP('',(#573));
#2137=EDGE_LOOP('',(#574));
#2138=EDGE_LOOP('',(#575));
#2139=EDGE_LOOP('',(#576));
#2140=EDGE_LOOP('',(#577,#578,#579,#580));
#2141=EDGE_LOOP('',(#581));
#2142=EDGE_LOOP('',(#582,#583,#584,#585));
#2143=EDGE_LOOP('',(#586,#587,#588));
#2144=EDGE_LOOP('',(#589,#590,#591,#592));
#2145=EDGE_LOOP('',(#593,#594,#595,#596));
#2146=EDGE_LOOP('',(#597,#598,#599,#600));
#2147=EDGE_LOOP('',(#601,#602,#603));
#2148=EDGE_LOOP('',(#604,#605,#606));
#2149=EDGE_LOOP('',(#607,#608,#609,#610));
#2150=EDGE_LOOP('',(#611,#612,#613,#614));
#2151=EDGE_LOOP('',(#615,#616,#617,#618));
#2152=EDGE_LOOP('',(#619,#620,#621,#622));
#2153=EDGE_LOOP('',(#623,#624,#625,#626));
#2154=EDGE_LOOP('',(#627,#628,#629));
#2155=EDGE_LOOP('',(#630,#631,#632,#633));
#2156=EDGE_LOOP('',(#634,#635,#636,#637));
#2157=EDGE_LOOP('',(#638,#639,#640,#641));
#2158=EDGE_LOOP('',(#642,#643,#644,#645));
#2159=EDGE_LOOP('',(#646,#647,#648));
#2160=EDGE_LOOP('',(#649,#650,#651,#652));
#2161=EDGE_LOOP('',(#653,#654,#655,#656));
#2162=EDGE_LOOP('',(#657,#658,#659,#660));
#2163=EDGE_LOOP('',(#661,#662,#663,#664));
#2164=EDGE_LOOP('',(#665,#666,#667,#668));
#2165=EDGE_LOOP('',(#669,#670,#671));
#2166=EDGE_LOOP('',(#672,#673,#674));
#2167=EDGE_LOOP('',(#675,#676,#677,#678));
#2168=EDGE_LOOP('',(#679,#680,#681,#682));
#2169=EDGE_LOOP('',(#683,#684,#685,#686));
#2170=EDGE_LOOP('',(#687,#688,#689,#690));
#2171=EDGE_LOOP('',(#691,#692,#693,#694));
#2172=EDGE_LOOP('',(#695,#696,#697));
#2173=EDGE_LOOP('',(#698,#699,#700,#701));
#2174=EDGE_LOOP('',(#702,#703,#704,#705));
#2175=EDGE_LOOP('',(#706,#707,#708,#709));
#2176=EDGE_LOOP('',(#710,#711,#712,#713));
#2177=EDGE_LOOP('',(#714,#715,#716));
#2178=EDGE_LOOP('',(#717,#718,#719,#720));
#2179=EDGE_LOOP('',(#721,#722,#723,#724));
#2180=EDGE_LOOP('',(#725,#726,#727,#728));
#2181=EDGE_LOOP('',(#729,#730,#731,#732));
#2182=EDGE_LOOP('',(#733,#734,#735,#736));
#2183=EDGE_LOOP('',(#737,#738,#739,#740));
#2184=EDGE_LOOP('',(#741,#742,#743));
#2185=EDGE_LOOP('',(#744,#745,#746));
#2186=EDGE_LOOP('',(#747,#748,#749,#750));
#2187=EDGE_LOOP('',(#751,#752,#753,#754));
#2188=EDGE_LOOP('',(#755,#756,#757));
#2189=EDGE_LOOP('',(#758,#759,#760,#761));
#2190=EDGE_LOOP('',(#762,#763,#764,#765));
#2191=EDGE_LOOP('',(#766,#767,#768,#769));
#2192=EDGE_LOOP('',(#770,#771,#772,#773));
#2193=EDGE_LOOP('',(#774,#775,#776,#777));
#2194=EDGE_LOOP('',(#778,#779,#780,#781));
#2195=EDGE_LOOP('',(#782,#783,#784,#785));
#2196=EDGE_LOOP('',(#786,#787,#788,#789));
#2197=EDGE_LOOP('',(#790,#791,#792,#793));
#2198=FACE_BOUND('',#1998,.T.);
#2199=FACE_BOUND('',#1999,.T.);
#2200=FACE_BOUND('',#2000,.T.);
#2201=FACE_BOUND('',#2001,.T.);
#2202=FACE_BOUND('',#2002,.T.);
#2203=FACE_BOUND('',#2003,.T.);
#2204=FACE_BOUND('',#2004,.T.);
#2205=FACE_BOUND('',#2005,.T.);
#2206=FACE_BOUND('',#2006,.T.);
#2207=FACE_BOUND('',#2007,.T.);
#2208=FACE_BOUND('',#2008,.T.);
#2209=FACE_BOUND('',#2009,.T.);
#2210=FACE_BOUND('',#2010,.T.);
#2211=FACE_BOUND('',#2011,.T.);
#2212=FACE_BOUND('',#2012,.T.);
#2213=FACE_BOUND('',#2013,.T.);
#2214=FACE_BOUND('',#2014,.T.);
#2215=FACE_BOUND('',#2015,.T.);
#2216=FACE_BOUND('',#2016,.T.);
#2217=FACE_BOUND('',#2017,.T.);
#2218=FACE_BOUND('',#2018,.T.);
#2219=FACE_BOUND('',#2019,.T.);
#2220=FACE_BOUND('',#2020,.T.);
#2221=FACE_BOUND('',#2021,.T.);
#2222=FACE_BOUND('',#2022,.T.);
#2223=FACE_BOUND('',#2023,.T.);
#2224=FACE_BOUND('',#2024,.T.);
#2225=FACE_BOUND('',#2025,.T.);
#2226=FACE_BOUND('',#2026,.T.);
#2227=FACE_BOUND('',#2027,.T.);
#2228=FACE_BOUND('',#2028,.T.);
#2229=FACE_BOUND('',#2029,.T.);
#2230=FACE_BOUND('',#2030,.T.);
#2231=FACE_BOUND('',#2031,.T.);
#2232=FACE_BOUND('',#2032,.T.);
#2233=FACE_BOUND('',#2033,.T.);
#2234=FACE_BOUND('',#2034,.T.);
#2235=FACE_BOUND('',#2035,.T.);
#2236=FACE_BOUND('',#2036,.T.);
#2237=FACE_BOUND('',#2037,.T.);
#2238=FACE_BOUND('',#2038,.T.);
#2239=FACE_BOUND('',#2039,.T.);
#2240=FACE_BOUND('',#2040,.T.);
#2241=FACE_BOUND('',#2041,.T.);
#2242=FACE_BOUND('',#2042,.T.);
#2243=FACE_BOUND('',#2043,.T.);
#2244=FACE_BOUND('',#2044,.T.);
#2245=FACE_BOUND('',#2045,.T.);
#2246=FACE_BOUND('',#2046,.T.);
#2247=FACE_BOUND('',#2047,.T.);
#2248=FACE_BOUND('',#2048,.T.);
#2249=FACE_BOUND('',#2049,.T.);
#2250=FACE_BOUND('',#2050,.T.);
#2251=FACE_BOUND('',#2051,.T.);
#2252=FACE_BOUND('',#2052,.T.);
#2253=FACE_BOUND('',#2053,.T.);
#2254=FACE_BOUND('',#2054,.T.);
#2255=FACE_BOUND('',#2055,.T.);
#2256=FACE_BOUND('',#2056,.T.);
#2257=FACE_BOUND('',#2057,.T.);
#2258=FACE_BOUND('',#2058,.T.);
#2259=FACE_BOUND('',#2059,.T.);
#2260=FACE_BOUND('',#2060,.T.);
#2261=FACE_BOUND('',#2061,.T.);
#2262=FACE_BOUND('',#2062,.T.);
#2263=FACE_BOUND('',#2063,.T.);
#2264=FACE_BOUND('',#2064,.T.);
#2265=FACE_BOUND('',#2065,.T.);
#2266=FACE_BOUND('',#2066,.T.);
#2267=FACE_BOUND('',#2067,.T.);
#2268=FACE_BOUND('',#2068,.T.);
#2269=FACE_BOUND('',#2069,.T.);
#2270=FACE_BOUND('',#2070,.T.);
#2271=FACE_BOUND('',#2071,.T.);
#2272=FACE_BOUND('',#2072,.T.);
#2273=FACE_BOUND('',#2073,.T.);
#2274=FACE_BOUND('',#2074,.T.);
#2275=FACE_BOUND('',#2075,.T.);
#2276=FACE_BOUND('',#2076,.T.);
#2277=FACE_BOUND('',#2077,.T.);
#2278=FACE_BOUND('',#2078,.T.);
#2279=FACE_BOUND('',#2079,.T.);
#2280=FACE_BOUND('',#2080,.T.);
#2281=FACE_BOUND('',#2081,.T.);
#2282=FACE_BOUND('',#2082,.T.);
#2283=FACE_BOUND('',#2083,.T.);
#2284=FACE_BOUND('',#2084,.T.);
#2285=FACE_BOUND('',#2085,.T.);
#2286=FACE_BOUND('',#2086,.T.);
#2287=FACE_BOUND('',#2087,.T.);
#2288=FACE_BOUND('',#2088,.T.);
#2289=FACE_BOUND('',#2089,.T.);
#2290=FACE_BOUND('',#2090,.T.);
#2291=FACE_BOUND('',#2091,.T.);
#2292=FACE_BOUND('',#2092,.T.);
#2293=FACE_BOUND('',#2093,.T.);
#2294=FACE_BOUND('',#2094,.T.);
#2295=FACE_BOUND('',#2095,.T.);
#2296=FACE_BOUND('',#2096,.T.);
#2297=FACE_BOUND('',#2097,.T.);
#2298=FACE_BOUND('',#2098,.T.);
#2299=FACE_BOUND('',#2099,.T.);
#2300=FACE_BOUND('',#2100,.T.);
#2301=FACE_BOUND('',#2101,.T.);
#2302=FACE_BOUND('',#2102,.T.);
#2303=FACE_BOUND('',#2103,.T.);
#2304=FACE_BOUND('',#2104,.T.);
#2305=FACE_BOUND('',#2105,.T.);
#2306=FACE_BOUND('',#2106,.T.);
#2307=FACE_BOUND('',#2107,.T.);
#2308=FACE_BOUND('',#2108,.T.);
#2309=FACE_BOUND('',#2109,.T.);
#2310=FACE_BOUND('',#2110,.T.);
#2311=FACE_BOUND('',#2111,.T.);
#2312=FACE_BOUND('',#2112,.T.);
#2313=FACE_BOUND('',#2113,.T.);
#2314=FACE_BOUND('',#2114,.T.);
#2315=FACE_BOUND('',#2115,.T.);
#2316=FACE_BOUND('',#2116,.T.);
#2317=FACE_BOUND('',#2117,.T.);
#2318=FACE_BOUND('',#2118,.T.);
#2319=FACE_BOUND('',#2119,.T.);
#2320=FACE_BOUND('',#2120,.T.);
#2321=FACE_BOUND('',#2121,.T.);
#2322=FACE_BOUND('',#2122,.T.);
#2323=FACE_BOUND('',#2123,.T.);
#2324=FACE_BOUND('',#2124,.T.);
#2325=FACE_BOUND('',#2125,.T.);
#2326=FACE_BOUND('',#2126,.T.);
#2327=FACE_BOUND('',#2127,.T.);
#2328=FACE_BOUND('',#2128,.T.);
#2329=FACE_BOUND('',#2129,.T.);
#2330=FACE_BOUND('',#2130,.T.);
#2331=FACE_BOUND('',#2131,.T.);
#2332=FACE_BOUND('',#2132,.T.);
#2333=FACE_BOUND('',#2133,.T.);
#2334=FACE_BOUND('',#2134,.T.);
#2335=FACE_BOUND('',#2135,.T.);
#2336=FACE_BOUND('',#2136,.T.);
#2337=FACE_BOUND('',#2137,.T.);
#2338=FACE_BOUND('',#2138,.T.);
#2339=FACE_BOUND('',#2139,.T.);
#2340=FACE_BOUND('',#2140,.T.);
#2341=FACE_BOUND('',#2141,.T.);
#2342=FACE_BOUND('',#2142,.T.);
#2343=FACE_BOUND('',#2143,.T.);
#2344=FACE_BOUND('',#2144,.T.);
#2345=FACE_BOUND('',#2145,.T.);
#2346=FACE_BOUND('',#2146,.T.);
#2347=FACE_BOUND('',#2147,.T.);
#2348=FACE_BOUND('',#2148,.T.);
#2349=FACE_BOUND('',#2149,.T.);
#2350=FACE_BOUND('',#2150,.T.);
#2351=FACE_BOUND('',#2151,.T.);
#2352=FACE_BOUND('',#2152,.T.);
#2353=FACE_BOUND('',#2153,.T.);
#2354=FACE_BOUND('',#2154,.T.);
#2355=FACE_BOUND('',#2155,.T.);
#2356=FACE_BOUND('',#2156,.T.);
#2357=FACE_BOUND('',#2157,.T.);
#2358=FACE_BOUND('',#2158,.T.);
#2359=FACE_BOUND('',#2159,.T.);
#2360=FACE_BOUND('',#2160,.T.);
#2361=FACE_BOUND('',#2161,.T.);
#2362=FACE_BOUND('',#2162,.T.);
#2363=FACE_BOUND('',#2163,.T.);
#2364=FACE_BOUND('',#2164,.T.);
#2365=FACE_BOUND('',#2165,.T.);
#2366=FACE_BOUND('',#2166,.T.);
#2367=FACE_BOUND('',#2167,.T.);
#2368=FACE_BOUND('',#2168,.T.);
#2369=FACE_BOUND('',#2169,.T.);
#2370=FACE_BOUND('',#2170,.T.);
#2371=FACE_BOUND('',#2171,.T.);
#2372=FACE_BOUND('',#2172,.T.);
#2373=FACE_BOUND('',#2173,.T.);
#2374=FACE_BOUND('',#2174,.T.);
#2375=FACE_BOUND('',#2175,.T.);
#2376=FACE_BOUND('',#2176,.T.);
#2377=FACE_BOUND('',#2177,.T.);
#2378=FACE_BOUND('',#2178,.T.);
#2379=FACE_BOUND('',#2179,.T.);
#2380=FACE_BOUND('',#2180,.T.);
#2381=FACE_BOUND('',#2181,.T.);
#2382=FACE_BOUND('',#2182,.T.);
#2383=FACE_BOUND('',#2183,.T.);
#2384=FACE_BOUND('',#2184,.T.);
#2385=FACE_BOUND('',#2185,.T.);
#2386=FACE_BOUND('',#2186,.T.);
#2387=FACE_BOUND('',#2187,.T.);
#2388=FACE_BOUND('',#2188,.T.);
#2389=FACE_BOUND('',#2189,.T.);
#2390=FACE_BOUND('',#2190,.T.);
#2391=FACE_BOUND('',#2191,.T.);
#2392=FACE_BOUND('',#2192,.T.);
#2393=FACE_BOUND('',#2193,.T.);
#2394=FACE_BOUND('',#2194,.T.);
#2395=FACE_BOUND('',#2195,.T.);
#2396=FACE_BOUND('',#2196,.T.);
#2397=FACE_BOUND('',#2197,.T.);
#2398=PLANE('',#2699);
#2399=PLANE('',#2700);
#2400=PLANE('',#2701);
#2401=PLANE('',#2702);
#2402=PLANE('',#2715);
#2403=PLANE('',#2728);
#2404=PLANE('',#2729);
#2405=PLANE('',#2730);
#2406=PLANE('',#2731);
#2407=PLANE('',#2732);
#2408=PLANE('',#2733);
#2409=PLANE('',#2734);
#2410=PLANE('',#2735);
#2411=PLANE('',#2736);
#2412=PLANE('',#2737);
#2413=PLANE('',#2738);
#2414=PLANE('',#2739);
#2415=PLANE('',#2740);
#2416=PLANE('',#2741);
#2417=PLANE('',#2742);
#2418=PLANE('',#2743);
#2419=PLANE('',#2744);
#2420=PLANE('',#2745);
#2421=PLANE('',#2746);
#2422=PLANE('',#2747);
#2423=PLANE('',#2748);
#2424=PLANE('',#2749);
#2425=PLANE('',#2750);
#2426=PLANE('',#2751);
#2427=PLANE('',#2752);
#2428=PLANE('',#2753);
#2429=PLANE('',#2754);
#2430=PLANE('',#2755);
#2431=PLANE('',#2756);
#2432=PLANE('',#2757);
#2433=PLANE('',#2758);
#2434=PLANE('',#2759);
#2435=PLANE('',#2760);
#2436=PLANE('',#2761);
#2437=PLANE('',#2762);
#2438=PLANE('',#2763);
#2439=PLANE('',#2764);
#2440=PLANE('',#2765);
#2441=PLANE('',#2766);
#2442=PLANE('',#2767);
#2443=PLANE('',#2768);
#2444=PLANE('',#2769);
#2445=PLANE('',#2770);
#2446=PLANE('',#2771);
#2447=PLANE('',#2772);
#2448=PLANE('',#2773);
#2449=PLANE('',#2774);
#2450=PLANE('',#2775);
#2451=PLANE('',#2776);
#2452=PLANE('',#2777);
#2453=PLANE('',#2778);
#2454=PLANE('',#2779);
#2455=PLANE('',#2780);
#2456=PLANE('',#2781);
#2457=PLANE('',#2782);
#2458=PLANE('',#2783);
#2459=PLANE('',#2784);
#2460=PLANE('',#2785);
#2461=PLANE('',#2789);
#2462=PLANE('',#2790);
#2463=PLANE('',#2791);
#2464=PLANE('',#2792);
#2465=PLANE('',#2793);
#2466=PLANE('',#2794);
#2467=PLANE('',#2798);
#2468=PLANE('',#2802);
#2469=PLANE('',#2803);
#2470=PLANE('',#2807);
#2471=PLANE('',#2808);
#2472=PLANE('',#2809);
#2473=PLANE('',#2810);
#2474=PLANE('',#2819);
#2475=PLANE('',#2821);
#2476=PLANE('',#2823);
#2477=PLANE('',#2825);
#2478=PLANE('',#2827);
#2479=PLANE('',#2842);
#2480=PLANE('',#2843);
#2481=PLANE('',#2844);
#2482=PLANE('',#2845);
#2483=PLANE('',#2846);
#2484=PLANE('',#2847);
#2485=PLANE('',#2848);
#2486=PLANE('',#2849);
#2487=PLANE('',#2850);
#2488=PLANE('',#2851);
#2489=PLANE('',#2852);
#2490=PLANE('',#2853);
#2491=PLANE('',#2854);
#2492=PLANE('',#2856);
#2493=PLANE('',#2857);
#2494=PLANE('',#2858);
#2495=PLANE('',#2859);
#2496=PLANE('',#2860);
#2497=PLANE('',#2861);
#2498=PLANE('',#2863);
#2499=PLANE('',#2864);
#2500=PLANE('',#2865);
#2501=PLANE('',#2866);
#2502=PLANE('',#2867);
#2503=PLANE('',#2868);
#2504=PLANE('',#2869);
#2505=PLANE('',#2870);
#2506=PLANE('',#2871);
#2507=PLANE('',#2872);
#2508=PLANE('',#2874);
#2509=PLANE('',#2875);
#2510=PLANE('',#2876);
#2511=PLANE('',#2877);
#2512=PLANE('',#2878);
#2513=PLANE('',#2879);
#2514=PLANE('',#2881);
#2515=PLANE('',#2882);
#2516=PLANE('',#2883);
#2517=PLANE('',#2884);
#2518=PLANE('',#2885);
#2519=PLANE('',#2886);
#2520=PLANE('',#2887);
#2521=PLANE('',#2888);
#2522=PLANE('',#2889);
#2523=PLANE('',#2890);
#2524=PLANE('',#2891);
#2525=PLANE('',#2892);
#2526=PLANE('',#2895);
#2527=PLANE('',#2896);
#2528=PLANE('',#2899);
#2529=ADVANCED_FACE('',(#2198),#2398,.T.);
#2530=ADVANCED_FACE('',(#2199),#2399,.F.);
#2531=ADVANCED_FACE('',(#2200),#2400,.F.);
#2532=ADVANCED_FACE('',(#2201),#2401,.T.);
#2533=ADVANCED_FACE('',(#2202),#64,.F.);
#2534=ADVANCED_FACE('',(#2203),#65,.F.);
#2535=ADVANCED_FACE('',(#2204),#66,.F.);
#2536=ADVANCED_FACE('',(#2205),#67,.F.);
#2537=ADVANCED_FACE('',(#2206),#2402,.T.);
#2538=ADVANCED_FACE('',(#2207,#2208),#68,.F.);
#2539=ADVANCED_FACE('',(#2209,#2210),#69,.F.);
#2540=ADVANCED_FACE('',(#2211,#2212),#70,.F.);
#2541=ADVANCED_FACE('',(#2213,#2214),#71,.F.);
#2542=ADVANCED_FACE('',(#2215),#2403,.F.);
#2543=ADVANCED_FACE('',(#2216),#2404,.F.);
#2544=ADVANCED_FACE('',(#2217),#2405,.T.);
#2545=ADVANCED_FACE('',(#2218),#2406,.T.);
#2546=ADVANCED_FACE('',(#2219),#2407,.F.);
#2547=ADVANCED_FACE('',(#2220),#2408,.F.);
#2548=ADVANCED_FACE('',(#2221),#2409,.T.);
#2549=ADVANCED_FACE('',(#2222),#2410,.F.);
#2550=ADVANCED_FACE('',(#2223),#2411,.F.);
#2551=ADVANCED_FACE('',(#2224),#2412,.T.);
#2552=ADVANCED_FACE('',(#2225),#2413,.T.);
#2553=ADVANCED_FACE('',(#2226),#2414,.F.);
#2554=ADVANCED_FACE('',(#2227),#2415,.T.);
#2555=ADVANCED_FACE('',(#2228),#2416,.F.);
#2556=ADVANCED_FACE('',(#2229),#2417,.F.);
#2557=ADVANCED_FACE('',(#2230),#2418,.T.);
#2558=ADVANCED_FACE('',(#2231),#2419,.F.);
#2559=ADVANCED_FACE('',(#2232),#2420,.F.);
#2560=ADVANCED_FACE('',(#2233),#2421,.T.);
#2561=ADVANCED_FACE('',(#2234),#2422,.T.);
#2562=ADVANCED_FACE('',(#2235),#2423,.F.);
#2563=ADVANCED_FACE('',(#2236),#2424,.T.);
#2564=ADVANCED_FACE('',(#2237),#2425,.T.);
#2565=ADVANCED_FACE('',(#2238),#2426,.T.);
#2566=ADVANCED_FACE('',(#2239,#2240),#2427,.T.);
#2567=ADVANCED_FACE('',(#2241,#2242),#2428,.T.);
#2568=ADVANCED_FACE('',(#2243,#2244),#2429,.T.);
#2569=ADVANCED_FACE('',(#2245,#2246),#2430,.T.);
#2570=ADVANCED_FACE('',(#2247,#2248),#2431,.T.);
#2571=ADVANCED_FACE('',(#2249),#2432,.F.);
#2572=ADVANCED_FACE('',(#2250),#2433,.F.);
#2573=ADVANCED_FACE('',(#2251),#2434,.T.);
#2574=ADVANCED_FACE('',(#2252,#2253),#2435,.T.);
#2575=ADVANCED_FACE('',(#2254),#2436,.T.);
#2576=ADVANCED_FACE('',(#2255),#2437,.F.);
#2577=ADVANCED_FACE('',(#2256),#2438,.F.);
#2578=ADVANCED_FACE('',(#2257),#2439,.T.);
#2579=ADVANCED_FACE('',(#2258),#2440,.F.);
#2580=ADVANCED_FACE('',(#2259),#2441,.F.);
#2581=ADVANCED_FACE('',(#2260),#2442,.T.);
#2582=ADVANCED_FACE('',(#2261),#2443,.T.);
#2583=ADVANCED_FACE('',(#2262),#2444,.F.);
#2584=ADVANCED_FACE('',(#2263),#2445,.F.);
#2585=ADVANCED_FACE('',(#2264),#2446,.F.);
#2586=ADVANCED_FACE('',(#2265),#2447,.T.);
#2587=ADVANCED_FACE('',(#2266),#2448,.F.);
#2588=ADVANCED_FACE('',(#2267),#2449,.F.);
#2589=ADVANCED_FACE('',(#2268),#2450,.T.);
#2590=ADVANCED_FACE('',(#2269),#2451,.T.);
#2591=ADVANCED_FACE('',(#2270),#2452,.F.);
#2592=ADVANCED_FACE('',(#2271),#2453,.F.);
#2593=ADVANCED_FACE('',(#2272),#2454,.T.);
#2594=ADVANCED_FACE('',(#2273),#2455,.F.);
#2595=ADVANCED_FACE('',(#2274),#2456,.T.);
#2596=ADVANCED_FACE('',(#2275),#2457,.T.);
#2597=ADVANCED_FACE('',(#2276),#2458,.T.);
#2598=ADVANCED_FACE('',(#2277),#2459,.T.);
#2599=ADVANCED_FACE('',(#2278,#2279,#2280,#2281,#2282,#2283,#2284,#2285,
#2286,#2287,#2288),#2460,.T.);
#2600=ADVANCED_FACE('',(#2289),#72,.F.);
#2601=ADVANCED_FACE('',(#2290),#2461,.T.);
#2602=ADVANCED_FACE('',(#2291),#2462,.T.);
#2603=ADVANCED_FACE('',(#2292,#2293),#2463,.T.);
#2604=ADVANCED_FACE('',(#2294),#2464,.F.);
#2605=ADVANCED_FACE('',(#2295),#2465,.F.);
#2606=ADVANCED_FACE('',(#2296,#2297),#2466,.T.);
#2607=ADVANCED_FACE('',(#2298),#73,.F.);
#2608=ADVANCED_FACE('',(#2299),#2467,.T.);
#2609=ADVANCED_FACE('',(#2300),#74,.F.);
#2610=ADVANCED_FACE('',(#2301),#2468,.T.);
#2611=ADVANCED_FACE('',(#2302,#2303),#2469,.T.);
#2612=ADVANCED_FACE('',(#2304),#75,.F.);
#2613=ADVANCED_FACE('',(#2305),#2470,.F.);
#2614=ADVANCED_FACE('',(#2306),#2471,.F.);
#2615=ADVANCED_FACE('',(#2307,#2308),#2472,.T.);
#2616=ADVANCED_FACE('',(#2309,#2310),#2473,.F.);
#2617=ADVANCED_FACE('',(#2311,#2312),#2474,.F.);
#2618=ADVANCED_FACE('',(#2313,#2314),#2475,.F.);
#2619=ADVANCED_FACE('',(#2315,#2316),#2476,.F.);
#2620=ADVANCED_FACE('',(#2317,#2318),#2477,.F.);
#2621=ADVANCED_FACE('',(#2319,#2320),#2478,.F.);
#2622=ADVANCED_FACE('',(#2321,#2322),#76,.F.);
#2623=ADVANCED_FACE('',(#2323,#2324),#77,.F.);
#2624=ADVANCED_FACE('',(#2325,#2326),#78,.F.);
#2625=ADVANCED_FACE('',(#2327,#2328),#79,.F.);
#2626=ADVANCED_FACE('',(#2329,#2330),#80,.F.);
#2627=ADVANCED_FACE('',(#2331,#2332),#81,.F.);
#2628=ADVANCED_FACE('',(#2333,#2334,#2335,#2336,#2337,#2338,#2339),#2479,
 .T.);
#2629=ADVANCED_FACE('',(#2340,#2341),#2480,.F.);
#2630=ADVANCED_FACE('',(#2342),#2481,.T.);
#2631=ADVANCED_FACE('',(#2343),#2482,.T.);
#2632=ADVANCED_FACE('',(#2344),#2483,.T.);
#2633=ADVANCED_FACE('',(#2345),#2484,.F.);
#2634=ADVANCED_FACE('',(#2346),#2485,.F.);
#2635=ADVANCED_FACE('',(#2347),#2486,.T.);
#2636=ADVANCED_FACE('',(#2348),#2487,.T.);
#2637=ADVANCED_FACE('',(#2349),#2488,.T.);
#2638=ADVANCED_FACE('',(#2350),#2489,.F.);
#2639=ADVANCED_FACE('',(#2351),#2490,.F.);
#2640=ADVANCED_FACE('',(#2352),#2491,.F.);
#2641=ADVANCED_FACE('',(#2353),#12,.F.);
#2642=ADVANCED_FACE('',(#2354),#2492,.T.);
#2643=ADVANCED_FACE('',(#2355),#2493,.T.);
#2644=ADVANCED_FACE('',(#2356),#2494,.F.);
#2645=ADVANCED_FACE('',(#2357),#2495,.T.);
#2646=ADVANCED_FACE('',(#2358),#2496,.T.);
#2647=ADVANCED_FACE('',(#2359),#2497,.T.);
#2648=ADVANCED_FACE('',(#2360),#13,.F.);
#2649=ADVANCED_FACE('',(#2361),#2498,.T.);
#2650=ADVANCED_FACE('',(#2362),#2499,.T.);
#2651=ADVANCED_FACE('',(#2363),#2500,.T.);
#2652=ADVANCED_FACE('',(#2364),#2501,.T.);
#2653=ADVANCED_FACE('',(#2365),#2502,.T.);
#2654=ADVANCED_FACE('',(#2366),#2503,.T.);
#2655=ADVANCED_FACE('',(#2367),#2504,.F.);
#2656=ADVANCED_FACE('',(#2368),#2505,.T.);
#2657=ADVANCED_FACE('',(#2369),#2506,.F.);
#2658=ADVANCED_FACE('',(#2370),#2507,.F.);
#2659=ADVANCED_FACE('',(#2371),#14,.F.);
#2660=ADVANCED_FACE('',(#2372),#2508,.T.);
#2661=ADVANCED_FACE('',(#2373),#2509,.F.);
#2662=ADVANCED_FACE('',(#2374),#2510,.T.);
#2663=ADVANCED_FACE('',(#2375),#2511,.F.);
#2664=ADVANCED_FACE('',(#2376),#2512,.F.);
#2665=ADVANCED_FACE('',(#2377),#2513,.T.);
#2666=ADVANCED_FACE('',(#2378),#15,.F.);
#2667=ADVANCED_FACE('',(#2379),#2514,.T.);
#2668=ADVANCED_FACE('',(#2380),#2515,.F.);
#2669=ADVANCED_FACE('',(#2381),#2516,.T.);
#2670=ADVANCED_FACE('',(#2382),#2517,.F.);
#2671=ADVANCED_FACE('',(#2383),#2518,.F.);
#2672=ADVANCED_FACE('',(#2384),#2519,.T.);
#2673=ADVANCED_FACE('',(#2385),#2520,.T.);
#2674=ADVANCED_FACE('',(#2386),#2521,.T.);
#2675=ADVANCED_FACE('',(#2387),#2522,.F.);
#2676=ADVANCED_FACE('',(#2388),#2523,.T.);
#2677=ADVANCED_FACE('',(#2389),#2524,.T.);
#2678=ADVANCED_FACE('',(#2390),#2525,.T.);
#2679=ADVANCED_FACE('',(#2391),#16,.F.);
#2680=ADVANCED_FACE('',(#2392),#17,.F.);
#2681=ADVANCED_FACE('',(#2393),#2526,.F.);
#2682=ADVANCED_FACE('',(#2394),#2527,.T.);
#2683=ADVANCED_FACE('',(#2395),#18,.F.);
#2684=ADVANCED_FACE('',(#2396),#19,.F.);
#2685=ADVANCED_FACE('',(#2397),#2528,.F.);
#2686=CLOSED_SHELL('',(#2529,#2530,#2531,#2532,#2533,#2534,#2535,#2536,
#2537,#2538,#2539,#2540,#2541,#2542,#2543,#2544,#2545,#2546,#2547,#2548,
#2549,#2550,#2551,#2552,#2553,#2554,#2555,#2556,#2557,#2558,#2559,#2560,
#2561,#2562,#2563,#2564,#2565,#2566,#2567,#2568,#2569,#2570,#2571,#2572,
#2573,#2574,#2575,#2576,#2577,#2578,#2579,#2580,#2581,#2582,#2583,#2584,
#2585,#2586,#2587,#2588,#2589,#2590,#2591,#2592,#2593,#2594,#2595,#2596,
#2597,#2598,#2599,#2600,#2601,#2602,#2603,#2604,#2605,#2606,#2607,#2608,
#2609,#2610,#2611,#2612,#2613,#2614,#2615,#2616,#2617,#2618,#2619,#2620,
#2621,#2622,#2623,#2624,#2625,#2626,#2627,#2628,#2629,#2630,#2631,#2632,
#2633,#2634,#2635,#2636,#2637,#2638,#2639,#2640,#2641,#2642,#2643,#2644,
#2645,#2646,#2647,#2648,#2649,#2650,#2651,#2652,#2653,#2654,#2655,#2656,
#2657,#2658,#2659,#2660,#2661,#2662,#2663,#2664,#2665,#2666,#2667,#2668,
#2669,#2670,#2671,#2672,#2673,#2674,#2675,#2676,#2677,#2678,#2679,#2680,
#2681,#2682,#2683,#2684,#2685));
#2687=STYLED_ITEM('',(#2688),#2695);
#2688=PRESENTATION_STYLE_ASSIGNMENT((#2689));
#2689=SURFACE_STYLE_USAGE(.BOTH.,#2690);
#2690=SURFACE_SIDE_STYLE('',(#2691));
#2691=SURFACE_STYLE_FILL_AREA(#2692);
#2692=FILL_AREA_STYLE('',(#2693));
#2693=FILL_AREA_STYLE_COLOUR('',#2694);
#2694=COLOUR_RGB('',0.615686274509804,0.811764705882353,0.929411764705882);
#2695=MANIFOLD_SOLID_BREP('Keyboard_Part1',#2686);
#2696=SHAPE_DEFINITION_REPRESENTATION(#4360,#2697);
#2697=SHAPE_REPRESENTATION('Keyboard_Part1',(#2698),#4355);
#2698=AXIS2_PLACEMENT_3D('',#3616,#2900,#2901);
#2699=AXIS2_PLACEMENT_3D('',#3617,#2902,#2903);
#2700=AXIS2_PLACEMENT_3D('',#3626,#2908,#2909);
#2701=AXIS2_PLACEMENT_3D('',#3635,#2914,#2915);
#2702=AXIS2_PLACEMENT_3D('',#3644,#2920,#2921);
#2703=AXIS2_PLACEMENT_3D('',#3653,#2926,#2927);
#2704=AXIS2_PLACEMENT_3D('',#3654,#2928,#2929);
#2705=AXIS2_PLACEMENT_3D('',#3655,#2930,#2931);
#2706=AXIS2_PLACEMENT_3D('',#3656,#2932,#2933);
#2707=AXIS2_PLACEMENT_3D('',#3657,#2934,#2935);
#2708=AXIS2_PLACEMENT_3D('',#3658,#2936,#2937);
#2709=AXIS2_PLACEMENT_3D('',#3659,#2938,#2939);
#2710=AXIS2_PLACEMENT_3D('',#3660,#2940,#2941);
#2711=AXIS2_PLACEMENT_3D('',#3661,#2942,#2943);
#2712=AXIS2_PLACEMENT_3D('',#3662,#2944,#2945);
#2713=AXIS2_PLACEMENT_3D('',#3663,#2946,#2947);
#2714=AXIS2_PLACEMENT_3D('',#3664,#2948,#2949);
#2715=AXIS2_PLACEMENT_3D('',#3665,#2950,#2951);
#2716=AXIS2_PLACEMENT_3D('',#3690,#2964,#2965);
#2717=AXIS2_PLACEMENT_3D('',#3691,#2966,#2967);
#2718=AXIS2_PLACEMENT_3D('',#3693,#2968,#2969);
#2719=AXIS2_PLACEMENT_3D('',#3695,#2970,#2971);
#2720=AXIS2_PLACEMENT_3D('',#3696,#2972,#2973);
#2721=AXIS2_PLACEMENT_3D('',#3698,#2974,#2975);
#2722=AXIS2_PLACEMENT_3D('',#3700,#2976,#2977);
#2723=AXIS2_PLACEMENT_3D('',#3701,#2978,#2979);
#2724=AXIS2_PLACEMENT_3D('',#3703,#2980,#2981);
#2725=AXIS2_PLACEMENT_3D('',#3705,#2982,#2983);
#2726=AXIS2_PLACEMENT_3D('',#3706,#2984,#2985);
#2727=AXIS2_PLACEMENT_3D('',#3708,#2986,#2987);
#2728=AXIS2_PLACEMENT_3D('',#3710,#2988,#2989);
#2729=AXIS2_PLACEMENT_3D('',#3719,#2994,#2995);
#2730=AXIS2_PLACEMENT_3D('',#3725,#2999,#3000);
#2731=AXIS2_PLACEMENT_3D('',#3731,#3004,#3005);
#2732=AXIS2_PLACEMENT_3D('',#3740,#3010,#3011);
#2733=AXIS2_PLACEMENT_3D('',#3746,#3015,#3016);
#2734=AXIS2_PLACEMENT_3D('',#3752,#3020,#3021);
#2735=AXIS2_PLACEMENT_3D('',#3761,#3026,#3027);
#2736=AXIS2_PLACEMENT_3D('',#3767,#3031,#3032);
#2737=AXIS2_PLACEMENT_3D('',#3773,#3036,#3037);
#2738=AXIS2_PLACEMENT_3D('',#3782,#3042,#3043);
#2739=AXIS2_PLACEMENT_3D('',#3788,#3047,#3048);
#2740=AXIS2_PLACEMENT_3D('',#3794,#3052,#3053);
#2741=AXIS2_PLACEMENT_3D('',#3803,#3058,#3059);
#2742=AXIS2_PLACEMENT_3D('',#3809,#3063,#3064);
#2743=AXIS2_PLACEMENT_3D('',#3815,#3068,#3069);
#2744=AXIS2_PLACEMENT_3D('',#3824,#3074,#3075);
#2745=AXIS2_PLACEMENT_3D('',#3830,#3079,#3080);
#2746=AXIS2_PLACEMENT_3D('',#3836,#3084,#3085);
#2747=AXIS2_PLACEMENT_3D('',#3839,#3088,#3089);
#2748=AXIS2_PLACEMENT_3D('',#3842,#3092,#3093);
#2749=AXIS2_PLACEMENT_3D('',#3845,#3096,#3097);
#2750=AXIS2_PLACEMENT_3D('',#3848,#3100,#3101);
#2751=AXIS2_PLACEMENT_3D('',#3851,#3104,#3105);
#2752=AXIS2_PLACEMENT_3D('',#3854,#3108,#3109);
#2753=AXIS2_PLACEMENT_3D('',#3863,#3114,#3115);
#2754=AXIS2_PLACEMENT_3D('',#3872,#3120,#3121);
#2755=AXIS2_PLACEMENT_3D('',#3881,#3126,#3127);
#2756=AXIS2_PLACEMENT_3D('',#3890,#3132,#3133);
#2757=AXIS2_PLACEMENT_3D('',#3899,#3138,#3139);
#2758=AXIS2_PLACEMENT_3D('',#3908,#3144,#3145);
#2759=AXIS2_PLACEMENT_3D('',#3933,#3158,#3159);
#2760=AXIS2_PLACEMENT_3D('',#3942,#3164,#3165);
#2761=AXIS2_PLACEMENT_3D('',#3951,#3170,#3171);
#2762=AXIS2_PLACEMENT_3D('',#3957,#3175,#3176);
#2763=AXIS2_PLACEMENT_3D('',#3961,#3179,#3180);
#2764=AXIS2_PLACEMENT_3D('',#3965,#3183,#3184);
#2765=AXIS2_PLACEMENT_3D('',#3971,#3188,#3189);
#2766=AXIS2_PLACEMENT_3D('',#3975,#3192,#3193);
#2767=AXIS2_PLACEMENT_3D('',#3979,#3196,#3197);
#2768=AXIS2_PLACEMENT_3D('',#3985,#3201,#3202);
#2769=AXIS2_PLACEMENT_3D('',#3989,#3205,#3206);
#2770=AXIS2_PLACEMENT_3D('',#3993,#3209,#3210);
#2771=AXIS2_PLACEMENT_3D('',#3999,#3214,#3215);
#2772=AXIS2_PLACEMENT_3D('',#4003,#3218,#3219);
#2773=AXIS2_PLACEMENT_3D('',#4007,#3222,#3223);
#2774=AXIS2_PLACEMENT_3D('',#4013,#3227,#3228);
#2775=AXIS2_PLACEMENT_3D('',#4017,#3231,#3232);
#2776=AXIS2_PLACEMENT_3D('',#4021,#3235,#3236);
#2777=AXIS2_PLACEMENT_3D('',#4027,#3240,#3241);
#2778=AXIS2_PLACEMENT_3D('',#4031,#3244,#3245);
#2779=AXIS2_PLACEMENT_3D('',#4035,#3248,#3249);
#2780=AXIS2_PLACEMENT_3D('',#4037,#3251,#3252);
#2781=AXIS2_PLACEMENT_3D('',#4039,#3254,#3255);
#2782=AXIS2_PLACEMENT_3D('',#4041,#3257,#3258);
#2783=AXIS2_PLACEMENT_3D('',#4043,#3260,#3261);
#2784=AXIS2_PLACEMENT_3D('',#4045,#3263,#3264);
#2785=AXIS2_PLACEMENT_3D('',#4047,#3266,#3267);
#2786=AXIS2_PLACEMENT_3D('',#4052,#3272,#3273);
#2787=AXIS2_PLACEMENT_3D('',#4056,#3275,#3276);
#2788=AXIS2_PLACEMENT_3D('',#4060,#3278,#3279);
#2789=AXIS2_PLACEMENT_3D('',#4061,#3280,#3281);
#2790=AXIS2_PLACEMENT_3D('',#4067,#3285,#3286);
#2791=AXIS2_PLACEMENT_3D('',#4073,#3290,#3291);
#2792=AXIS2_PLACEMENT_3D('',#4075,#3293,#3294);
#2793=AXIS2_PLACEMENT_3D('',#4084,#3299,#3300);
#2794=AXIS2_PLACEMENT_3D('',#4093,#3305,#3306);
#2795=AXIS2_PLACEMENT_3D('',#4095,#3308,#3309);
#2796=AXIS2_PLACEMENT_3D('',#4096,#3310,#3311);
#2797=AXIS2_PLACEMENT_3D('',#4097,#3312,#3313);
#2798=AXIS2_PLACEMENT_3D('',#4098,#3314,#3315);
#2799=AXIS2_PLACEMENT_3D('',#4107,#3320,#3321);
#2800=AXIS2_PLACEMENT_3D('',#4108,#3322,#3323);
#2801=AXIS2_PLACEMENT_3D('',#4112,#3325,#3326);
#2802=AXIS2_PLACEMENT_3D('',#4113,#3327,#3328);
#2803=AXIS2_PLACEMENT_3D('',#4119,#3332,#3333);
#2804=AXIS2_PLACEMENT_3D('',#4121,#3335,#3336);
#2805=AXIS2_PLACEMENT_3D('',#4125,#3338,#3339);
#2806=AXIS2_PLACEMENT_3D('',#4129,#3341,#3342);
#2807=AXIS2_PLACEMENT_3D('',#4130,#3343,#3344);
#2808=AXIS2_PLACEMENT_3D('',#4136,#3348,#3349);
#2809=AXIS2_PLACEMENT_3D('',#4142,#3353,#3354);
#2810=AXIS2_PLACEMENT_3D('',#4144,#3356,#3357);
#2811=AXIS2_PLACEMENT_3D('',#4145,#3358,#3359);
#2812=AXIS2_PLACEMENT_3D('',#4150,#3361,#3362);
#2813=AXIS2_PLACEMENT_3D('',#4154,#3364,#3365);
#2814=AXIS2_PLACEMENT_3D('',#4158,#3367,#3368);
#2815=AXIS2_PLACEMENT_3D('',#4170,#3374,#3375);
#2816=AXIS2_PLACEMENT_3D('',#4178,#3379,#3380);
#2817=AXIS2_PLACEMENT_3D('',#4190,#3386,#3387);
#2818=AXIS2_PLACEMENT_3D('',#4198,#3391,#3392);
#2819=AXIS2_PLACEMENT_3D('',#4201,#3394,#3395);
#2820=AXIS2_PLACEMENT_3D('',#4202,#3396,#3397);
#2821=AXIS2_PLACEMENT_3D('',#4204,#3398,#3399);
#2822=AXIS2_PLACEMENT_3D('',#4205,#3400,#3401);
#2823=AXIS2_PLACEMENT_3D('',#4207,#3402,#3403);
#2824=AXIS2_PLACEMENT_3D('',#4208,#3404,#3405);
#2825=AXIS2_PLACEMENT_3D('',#4210,#3406,#3407);
#2826=AXIS2_PLACEMENT_3D('',#4211,#3408,#3409);
#2827=AXIS2_PLACEMENT_3D('',#4213,#3410,#3411);
#2828=AXIS2_PLACEMENT_3D('',#4214,#3412,#3413);
#2829=AXIS2_PLACEMENT_3D('',#4216,#3414,#3415);
#2830=AXIS2_PLACEMENT_3D('',#4217,#3416,#3417);
#2831=AXIS2_PLACEMENT_3D('',#4219,#3418,#3419);
#2832=AXIS2_PLACEMENT_3D('',#4220,#3420,#3421);
#2833=AXIS2_PLACEMENT_3D('',#4222,#3422,#3423);
#2834=AXIS2_PLACEMENT_3D('',#4223,#3424,#3425);
#2835=AXIS2_PLACEMENT_3D('',#4225,#3426,#3427);
#2836=AXIS2_PLACEMENT_3D('',#4227,#3428,#3429);
#2837=AXIS2_PLACEMENT_3D('',#4228,#3430,#3431);
#2838=AXIS2_PLACEMENT_3D('',#4230,#3432,#3433);
#2839=AXIS2_PLACEMENT_3D('',#4231,#3434,#3435);
#2840=AXIS2_PLACEMENT_3D('',#4233,#3436,#3437);
#2841=AXIS2_PLACEMENT_3D('',#4234,#3438,#3439);
#2842=AXIS2_PLACEMENT_3D('',#4236,#3440,#3441);
#2843=AXIS2_PLACEMENT_3D('',#4237,#3442,#3443);
#2844=AXIS2_PLACEMENT_3D('',#4238,#3444,#3445);
#2845=AXIS2_PLACEMENT_3D('',#4240,#3447,#3448);
#2846=AXIS2_PLACEMENT_3D('',#4243,#3451,#3452);
#2847=AXIS2_PLACEMENT_3D('',#4245,#3454,#3455);
#2848=AXIS2_PLACEMENT_3D('',#4247,#3457,#3458);
#2849=AXIS2_PLACEMENT_3D('',#4249,#3460,#3461);
#2850=AXIS2_PLACEMENT_3D('',#4252,#3464,#3465);
#2851=AXIS2_PLACEMENT_3D('',#4254,#3467,#3468);
#2852=AXIS2_PLACEMENT_3D('',#4256,#3470,#3471);
#2853=AXIS2_PLACEMENT_3D('',#4258,#3473,#3474);
#2854=AXIS2_PLACEMENT_3D('',#4260,#3476,#3477);
#2855=AXIS2_PLACEMENT_3D('',#4262,#3479,#3480);
#2856=AXIS2_PLACEMENT_3D('',#4264,#3482,#3483);
#2857=AXIS2_PLACEMENT_3D('',#4267,#3486,#3487);
#2858=AXIS2_PLACEMENT_3D('',#4269,#3489,#3490);
#2859=AXIS2_PLACEMENT_3D('',#4271,#3492,#3493);
#2860=AXIS2_PLACEMENT_3D('',#4273,#3495,#3496);
#2861=AXIS2_PLACEMENT_3D('',#4275,#3498,#3499);
#2862=AXIS2_PLACEMENT_3D('',#4277,#3501,#3502);
#2863=AXIS2_PLACEMENT_3D('',#4279,#3504,#3505);
#2864=AXIS2_PLACEMENT_3D('',#4281,#3507,#3508);
#2865=AXIS2_PLACEMENT_3D('',#4283,#3510,#3511);
#2866=AXIS2_PLACEMENT_3D('',#4285,#3513,#3514);
#2867=AXIS2_PLACEMENT_3D('',#4287,#3516,#3517);
#2868=AXIS2_PLACEMENT_3D('',#4290,#3520,#3521);
#2869=AXIS2_PLACEMENT_3D('',#4292,#3523,#3524);
#2870=AXIS2_PLACEMENT_3D('',#4294,#3526,#3527);
#2871=AXIS2_PLACEMENT_3D('',#4296,#3529,#3530);
#2872=AXIS2_PLACEMENT_3D('',#4298,#3532,#3533);
#2873=AXIS2_PLACEMENT_3D('',#4300,#3535,#3536);
#2874=AXIS2_PLACEMENT_3D('',#4302,#3538,#3539);
#2875=AXIS2_PLACEMENT_3D('',#4305,#3542,#3543);
#2876=AXIS2_PLACEMENT_3D('',#4307,#3545,#3546);
#2877=AXIS2_PLACEMENT_3D('',#4309,#3548,#3549);
#2878=AXIS2_PLACEMENT_3D('',#4311,#3551,#3552);
#2879=AXIS2_PLACEMENT_3D('',#4313,#3554,#3555);
#2880=AXIS2_PLACEMENT_3D('',#4315,#3557,#3558);
#2881=AXIS2_PLACEMENT_3D('',#4317,#3560,#3561);
#2882=AXIS2_PLACEMENT_3D('',#4319,#3563,#3564);
#2883=AXIS2_PLACEMENT_3D('',#4321,#3566,#3567);
#2884=AXIS2_PLACEMENT_3D('',#4323,#3569,#3570);
#2885=AXIS2_PLACEMENT_3D('',#4325,#3572,#3573);
#2886=AXIS2_PLACEMENT_3D('',#4327,#3575,#3576);
#2887=AXIS2_PLACEMENT_3D('',#4329,#3578,#3579);
#2888=AXIS2_PLACEMENT_3D('',#4331,#3581,#3582);
#2889=AXIS2_PLACEMENT_3D('',#4333,#3584,#3585);
#2890=AXIS2_PLACEMENT_3D('',#4335,#3587,#3588);
#2891=AXIS2_PLACEMENT_3D('',#4337,#3590,#3591);
#2892=AXIS2_PLACEMENT_3D('',#4338,#3592,#3593);
#2893=AXIS2_PLACEMENT_3D('',#4341,#3596,#3597);
#2894=AXIS2_PLACEMENT_3D('',#4343,#3599,#3600);
#2895=AXIS2_PLACEMENT_3D('',#4345,#3602,#3603);
#2896=AXIS2_PLACEMENT_3D('',#4347,#3605,#3606);
#2897=AXIS2_PLACEMENT_3D('',#4349,#3608,#3609);
#2898=AXIS2_PLACEMENT_3D('',#4351,#3611,#3612);
#2899=AXIS2_PLACEMENT_3D('',#4353,#3614,#3615);
#2900=DIRECTION('',(0.,0.,1.));
#2901=DIRECTION('',(1.,0.,0.));
#2902=DIRECTION('',(-1.,0.,0.));
#2903=DIRECTION('',(0.,0.,1.));
#2904=DIRECTION('',(0.,0.,-1.));
#2905=DIRECTION('',(0.,-1.,0.));
#2906=DIRECTION('',(0.,0.,-1.));
#2907=DIRECTION('',(0.,1.,0.));
#2908=DIRECTION('',(0.,-1.,0.));
#2909=DIRECTION('',(0.,0.,-1.));
#2910=DIRECTION('',(0.,0.,-1.));
#2911=DIRECTION('',(-1.,0.,0.));
#2912=DIRECTION('',(0.,0.,-1.));
#2913=DIRECTION('',(-1.,0.,0.));
#2914=DIRECTION('',(-1.,0.,0.));
#2915=DIRECTION('',(0.,0.,1.));
#2916=DIRECTION('',(0.,0.,-1.));
#2917=DIRECTION('',(0.,1.,0.));
#2918=DIRECTION('',(0.,0.,-1.));
#2919=DIRECTION('',(0.,1.,0.));
#2920=DIRECTION('',(0.,-1.,0.));
#2921=DIRECTION('',(0.,0.,-1.));
#2922=DIRECTION('',(0.,0.,-1.));
#2923=DIRECTION('',(1.,0.,0.));
#2924=DIRECTION('',(0.,0.,-1.));
#2925=DIRECTION('',(-1.,0.,0.));
#2926=DIRECTION('',(0.,0.,-1.));
#2927=DIRECTION('',(-1.,0.,0.));
#2928=DIRECTION('',(0.,0.,1.));
#2929=DIRECTION('',(1.,0.,0.));
#2930=DIRECTION('',(0.,0.,-1.));
#2931=DIRECTION('',(-1.,0.,0.));
#2932=DIRECTION('',(0.,0.,1.));
#2933=DIRECTION('',(1.,0.,0.));
#2934=DIRECTION('',(0.,0.,1.));
#2935=DIRECTION('',(1.,0.,0.));
#2936=DIRECTION('',(0.,0.,-1.));
#2937=DIRECTION('',(-1.,0.,0.));
#2938=DIRECTION('',(0.,0.,-1.));
#2939=DIRECTION('',(-1.,0.,0.));
#2940=DIRECTION('',(0.,0.,1.));
#2941=DIRECTION('',(1.,0.,0.));
#2942=DIRECTION('',(0.,0.,-1.));
#2943=DIRECTION('',(-1.,0.,0.));
#2944=DIRECTION('',(0.,0.,1.));
#2945=DIRECTION('',(1.,0.,0.));
#2946=DIRECTION('',(0.,0.,1.));
#2947=DIRECTION('',(1.,0.,0.));
#2948=DIRECTION('',(0.,0.,-1.));
#2949=DIRECTION('',(-1.,0.,0.));
#2950=DIRECTION('',(1.,1.7347234759768E-16,0.));
#2951=DIRECTION('',(-1.7347234759768E-16,1.,0.));
#2952=DIRECTION('',(-1.7347234759768E-16,1.,0.));
#2953=DIRECTION('',(0.,0.,1.));
#2954=DIRECTION('',(1.7347234759768E-16,-1.,0.));
#2955=DIRECTION('',(0.,0.,-1.));
#2956=DIRECTION('',(-1.7347234759768E-16,1.,0.));
#2957=DIRECTION('',(0.,0.,1.));
#2958=DIRECTION('',(-1.7347234759768E-16,1.,0.));
#2959=DIRECTION('',(0.,0.,-1.));
#2960=DIRECTION('',(-1.7347234759768E-16,1.,0.));
#2961=DIRECTION('',(0.,0.,1.));
#2962=DIRECTION('',(-1.7347234759768E-16,1.,0.));
#2963=DIRECTION('',(0.,0.,-1.));
#2964=DIRECTION('',(0.,0.,-1.));
#2965=DIRECTION('',(-1.,0.,0.));
#2966=DIRECTION('',(0.,0.,-1.));
#2967=DIRECTION('',(1.,0.,0.));
#2968=DIRECTION('',(0.,0.,-1.));
#2969=DIRECTION('',(1.,0.,0.));
#2970=DIRECTION('',(0.,0.,-1.));
#2971=DIRECTION('',(-1.,0.,0.));
#2972=DIRECTION('',(0.,0.,1.));
#2973=DIRECTION('',(1.,0.,0.));
#2974=DIRECTION('',(0.,0.,1.));
#2975=DIRECTION('',(1.,0.,0.));
#2976=DIRECTION('',(0.,0.,-1.));
#2977=DIRECTION('',(-1.,0.,0.));
#2978=DIRECTION('',(0.,0.,-1.));
#2979=DIRECTION('',(1.,0.,0.));
#2980=DIRECTION('',(0.,0.,-1.));
#2981=DIRECTION('',(1.,0.,0.));
#2982=DIRECTION('',(0.,0.,-1.));
#2983=DIRECTION('',(-1.,0.,0.));
#2984=DIRECTION('',(0.,0.,1.));
#2985=DIRECTION('',(1.,0.,0.));
#2986=DIRECTION('',(0.,0.,1.));
#2987=DIRECTION('',(1.,0.,0.));
#2988=DIRECTION('',(-2.46060067514441E-16,1.,0.));
#2989=DIRECTION('',(-1.,-2.46060067514441E-16,0.));
#2990=DIRECTION('',(0.,0.,-1.));
#2991=DIRECTION('',(-1.,-2.46060067514441E-16,0.));
#2992=DIRECTION('',(0.,0.,-1.));
#2993=DIRECTION('',(1.,2.46060067514441E-16,0.));
#2994=DIRECTION('',(1.,2.46060067514441E-16,0.));
#2995=DIRECTION('',(-2.46060067514441E-16,1.,0.));
#2996=DIRECTION('',(-2.46060067514441E-16,1.,0.));
#2997=DIRECTION('',(0.,0.,-1.));
#2998=DIRECTION('',(2.46060067514441E-16,-1.,0.));
#2999=DIRECTION('',(-2.46060067514441E-16,1.,0.));
#3000=DIRECTION('',(-1.,-2.46060067514441E-16,0.));
#3001=DIRECTION('',(-1.,-2.46060067514441E-16,0.));
#3002=DIRECTION('',(0.,0.,-1.));
#3003=DIRECTION('',(1.,2.46060067514441E-16,0.));
#3004=DIRECTION('',(0.,1.,0.));
#3005=DIRECTION('',(0.,0.,1.));
#3006=DIRECTION('',(0.,0.,-1.));
#3007=DIRECTION('',(-1.,0.,0.));
#3008=DIRECTION('',(0.,0.,-1.));
#3009=DIRECTION('',(1.,0.,0.));
#3010=DIRECTION('',(-1.,0.,0.));
#3011=DIRECTION('',(0.,0.,1.));
#3012=DIRECTION('',(0.,-1.,0.));
#3013=DIRECTION('',(0.,0.,-1.));
#3014=DIRECTION('',(0.,1.,0.));
#3015=DIRECTION('',(-2.46060067514441E-16,1.,0.));
#3016=DIRECTION('',(-1.,-2.46060067514441E-16,0.));
#3017=DIRECTION('',(-1.,-2.46060067514441E-16,0.));
#3018=DIRECTION('',(0.,0.,-1.));
#3019=DIRECTION('',(1.,2.46060067514441E-16,0.));
#3020=DIRECTION('',(-1.2303003375722E-16,1.,0.));
#3021=DIRECTION('',(-1.,-1.2303003375722E-16,0.));
#3022=DIRECTION('',(0.,0.,-1.));
#3023=DIRECTION('',(-1.,-1.2303003375722E-16,0.));
#3024=DIRECTION('',(0.,0.,-1.));
#3025=DIRECTION('',(1.,1.2303003375722E-16,0.));
#3026=DIRECTION('',(-1.,-2.46060067514441E-16,0.));
#3027=DIRECTION('',(2.46060067514441E-16,-1.,0.));
#3028=DIRECTION('',(2.46060067514441E-16,-1.,0.));
#3029=DIRECTION('',(0.,0.,-1.));
#3030=DIRECTION('',(-2.46060067514441E-16,1.,0.));
#3031=DIRECTION('',(0.,1.,0.));
#3032=DIRECTION('',(0.,0.,1.));
#3033=DIRECTION('',(-1.,0.,0.));
#3034=DIRECTION('',(0.,0.,-1.));
#3035=DIRECTION('',(1.,0.,0.));
#3036=DIRECTION('',(1.,0.,0.));
#3037=DIRECTION('',(0.,0.,-1.));
#3038=DIRECTION('',(0.,0.,-1.));
#3039=DIRECTION('',(0.,1.,0.));
#3040=DIRECTION('',(0.,0.,-1.));
#3041=DIRECTION('',(0.,-1.,0.));
#3042=DIRECTION('',(0.,-1.,0.));
#3043=DIRECTION('',(0.,0.,-1.));
#3044=DIRECTION('',(1.,0.,0.));
#3045=DIRECTION('',(0.,0.,-1.));
#3046=DIRECTION('',(-1.,0.,0.));
#3047=DIRECTION('',(1.,0.,0.));
#3048=DIRECTION('',(0.,0.,-1.));
#3049=DIRECTION('',(0.,1.,0.));
#3050=DIRECTION('',(0.,0.,-1.));
#3051=DIRECTION('',(0.,-1.,0.));
#3052=DIRECTION('',(-1.,0.,0.));
#3053=DIRECTION('',(0.,0.,1.));
#3054=DIRECTION('',(0.,0.,-1.));
#3055=DIRECTION('',(0.,-1.,0.));
#3056=DIRECTION('',(0.,0.,-1.));
#3057=DIRECTION('',(0.,1.,0.));
#3058=DIRECTION('',(0.,-1.,0.));
#3059=DIRECTION('',(0.,0.,-1.));
#3060=DIRECTION('',(1.,0.,0.));
#3061=DIRECTION('',(0.,0.,-1.));
#3062=DIRECTION('',(-1.,0.,0.));
#3063=DIRECTION('',(-1.,0.,0.));
#3064=DIRECTION('',(0.,0.,1.));
#3065=DIRECTION('',(0.,-1.,0.));
#3066=DIRECTION('',(0.,0.,-1.));
#3067=DIRECTION('',(0.,1.,0.));
#3068=DIRECTION('',(-1.,0.,0.));
#3069=DIRECTION('',(0.,0.,1.));
#3070=DIRECTION('',(0.,0.,-1.));
#3071=DIRECTION('',(0.,-1.,0.));
#3072=DIRECTION('',(0.,0.,-1.));
#3073=DIRECTION('',(0.,1.,0.));
#3074=DIRECTION('',(0.,-1.,0.));
#3075=DIRECTION('',(0.,0.,-1.));
#3076=DIRECTION('',(1.,0.,0.));
#3077=DIRECTION('',(0.,0.,-1.));
#3078=DIRECTION('',(-1.,0.,0.));
#3079=DIRECTION('',(-1.,0.,0.));
#3080=DIRECTION('',(0.,0.,1.));
#3081=DIRECTION('',(0.,-1.,0.));
#3082=DIRECTION('',(0.,0.,-1.));
#3083=DIRECTION('',(0.,1.,0.));
#3084=DIRECTION('',(-1.,0.,0.));
#3085=DIRECTION('',(0.,0.,1.));
#3086=DIRECTION('',(0.,-1.,0.));
#3087=DIRECTION('',(0.,1.,0.));
#3088=DIRECTION('',(-1.,-2.46060067514441E-16,0.));
#3089=DIRECTION('',(2.46060067514441E-16,-1.,0.));
#3090=DIRECTION('',(2.46060067514441E-16,-1.,0.));
#3091=DIRECTION('',(-2.46060067514441E-16,1.,0.));
#3092=DIRECTION('',(0.,-1.,0.));
#3093=DIRECTION('',(0.,0.,-1.));
#3094=DIRECTION('',(1.,0.,0.));
#3095=DIRECTION('',(-1.,0.,0.));
#3096=DIRECTION('',(0.,-1.,0.));
#3097=DIRECTION('',(0.,0.,-1.));
#3098=DIRECTION('',(1.,0.,0.));
#3099=DIRECTION('',(-1.,0.,0.));
#3100=DIRECTION('',(0.,-1.,0.));
#3101=DIRECTION('',(0.,0.,-1.));
#3102=DIRECTION('',(1.,0.,0.));
#3103=DIRECTION('',(-1.,0.,0.));
#3104=DIRECTION('',(1.,2.46060067514441E-16,0.));
#3105=DIRECTION('',(-2.46060067514441E-16,1.,0.));
#3106=DIRECTION('',(-2.46060067514441E-16,1.,0.));
#3107=DIRECTION('',(2.46060067514441E-16,-1.,0.));
#3108=DIRECTION('',(0.,0.,1.));
#3109=DIRECTION('',(1.,0.,0.));
#3110=DIRECTION('',(0.,-1.,0.));
#3111=DIRECTION('',(1.,0.,0.));
#3112=DIRECTION('',(6.41961812655891E-17,-1.,0.));
#3113=DIRECTION('',(1.,0.,0.));
#3114=DIRECTION('',(0.,0.,1.));
#3115=DIRECTION('',(1.,0.,0.));
#3116=DIRECTION('',(1.,-2.28253088944317E-16,0.));
#3117=DIRECTION('',(-6.41961812655891E-17,1.,0.));
#3118=DIRECTION('',(1.,0.,0.));
#3119=DIRECTION('',(0.,1.,0.));
#3120=DIRECTION('',(0.,0.,1.));
#3121=DIRECTION('',(1.,0.,0.));
#3122=DIRECTION('',(0.,1.,0.));
#3123=DIRECTION('',(-1.,0.,0.));
#3124=DIRECTION('',(6.41961812655891E-17,1.,0.));
#3125=DIRECTION('',(-1.,-2.28253088944317E-16,0.));
#3126=DIRECTION('',(0.,0.,1.));
#3127=DIRECTION('',(1.,0.,0.));
#3128=DIRECTION('',(1.,2.28253088944317E-16,0.));
#3129=DIRECTION('',(0.,-1.,0.));
#3130=DIRECTION('',(1.,0.,0.));
#3131=DIRECTION('',(-6.41961812655891E-17,-1.,0.));
#3132=DIRECTION('',(0.,0.,1.));
#3133=DIRECTION('',(1.,0.,0.));
#3134=DIRECTION('',(-1.,0.,0.));
#3135=DIRECTION('',(-5.70632722360792E-17,-1.,0.));
#3136=DIRECTION('',(-1.,0.,0.));
#3137=DIRECTION('',(0.,-1.,0.));
#3138=DIRECTION('',(0.,-1.,0.));
#3139=DIRECTION('',(0.,0.,-1.));
#3140=DIRECTION('',(-1.,0.,0.));
#3141=DIRECTION('',(0.,0.,1.));
#3142=DIRECTION('',(-1.,0.,0.));
#3143=DIRECTION('',(0.,0.,-1.));
#3144=DIRECTION('',(1.,1.7347234759768E-16,0.));
#3145=DIRECTION('',(-1.7347234759768E-16,1.,0.));
#3146=DIRECTION('',(1.7347234759768E-16,-1.,0.));
#3147=DIRECTION('',(0.,0.,-1.));
#3148=DIRECTION('',(1.7347234759768E-16,-1.,0.));
#3149=DIRECTION('',(0.,0.,1.));
#3150=DIRECTION('',(1.7347234759768E-16,-1.,0.));
#3151=DIRECTION('',(0.,0.,-1.));
#3152=DIRECTION('',(1.7347234759768E-16,-1.,0.));
#3153=DIRECTION('',(0.,0.,1.));
#3154=DIRECTION('',(1.7347234759768E-16,-1.,0.));
#3155=DIRECTION('',(0.,0.,-1.));
#3156=DIRECTION('',(1.7347234759768E-16,-1.,0.));
#3157=DIRECTION('',(0.,0.,1.));
#3158=DIRECTION('',(0.,-1.,0.));
#3159=DIRECTION('',(0.,0.,-1.));
#3160=DIRECTION('',(-1.,0.,0.));
#3161=DIRECTION('',(0.,0.,-1.));
#3162=DIRECTION('',(1.,0.,0.));
#3163=DIRECTION('',(0.,0.,1.));
#3164=DIRECTION('',(0.,0.,1.));
#3165=DIRECTION('',(1.,0.,0.));
#3166=DIRECTION('',(-1.,0.,0.));
#3167=DIRECTION('',(0.,-1.,0.));
#3168=DIRECTION('',(-1.,2.28253088944317E-16,0.));
#3169=DIRECTION('',(6.41961812655891E-17,-1.,0.));
#3170=DIRECTION('',(0.,-1.,0.));
#3171=DIRECTION('',(0.,0.,-1.));
#3172=DIRECTION('',(0.,0.,-1.));
#3173=DIRECTION('',(-1.,0.,0.));
#3174=DIRECTION('',(0.,0.,-1.));
#3175=DIRECTION('',(1.,6.41961812655891E-17,0.));
#3176=DIRECTION('',(-6.41961812655891E-17,1.,0.));
#3177=DIRECTION('',(0.,0.,-1.));
#3178=DIRECTION('',(6.41961812655891E-17,-1.,0.));
#3179=DIRECTION('',(-2.28253088944317E-16,-1.,0.));
#3180=DIRECTION('',(1.,-2.28253088944317E-16,0.));
#3181=DIRECTION('',(0.,0.,-1.));
#3182=DIRECTION('',(-1.,2.28253088944317E-16,0.));
#3183=DIRECTION('',(1.,0.,0.));
#3184=DIRECTION('',(0.,0.,-1.));
#3185=DIRECTION('',(0.,0.,-1.));
#3186=DIRECTION('',(0.,-1.,0.));
#3187=DIRECTION('',(0.,0.,-1.));
#3188=DIRECTION('',(0.,1.,0.));
#3189=DIRECTION('',(0.,0.,1.));
#3190=DIRECTION('',(0.,0.,-1.));
#3191=DIRECTION('',(1.,0.,0.));
#3192=DIRECTION('',(1.,6.41961812655891E-17,0.));
#3193=DIRECTION('',(-6.41961812655891E-17,1.,0.));
#3194=DIRECTION('',(0.,0.,-1.));
#3195=DIRECTION('',(6.41961812655891E-17,-1.,0.));
#3196=DIRECTION('',(-2.28253088944317E-16,1.,0.));
#3197=DIRECTION('',(-1.,-2.28253088944317E-16,0.));
#3198=DIRECTION('',(0.,0.,-1.));
#3199=DIRECTION('',(1.,2.28253088944317E-16,0.));
#3200=DIRECTION('',(0.,0.,-1.));
#3201=DIRECTION('',(1.,-6.41961812655891E-17,0.));
#3202=DIRECTION('',(6.41961812655891E-17,1.,0.));
#3203=DIRECTION('',(0.,0.,-1.));
#3204=DIRECTION('',(-6.41961812655891E-17,-1.,0.));
#3205=DIRECTION('',(0.,1.,0.));
#3206=DIRECTION('',(0.,0.,1.));
#3207=DIRECTION('',(0.,0.,-1.));
#3208=DIRECTION('',(1.,0.,0.));
#3209=DIRECTION('',(-1.,-6.41961812655891E-17,0.));
#3210=DIRECTION('',(6.41961812655891E-17,-1.,0.));
#3211=DIRECTION('',(0.,0.,-1.));
#3212=DIRECTION('',(-6.41961812655891E-17,1.,0.));
#3213=DIRECTION('',(0.,0.,-1.));
#3214=DIRECTION('',(2.28253088944317E-16,1.,0.));
#3215=DIRECTION('',(-1.,2.28253088944317E-16,0.));
#3216=DIRECTION('',(0.,0.,-1.));
#3217=DIRECTION('',(1.,-2.28253088944317E-16,0.));
#3218=DIRECTION('',(-1.,0.,0.));
#3219=DIRECTION('',(0.,0.,1.));
#3220=DIRECTION('',(0.,0.,-1.));
#3221=DIRECTION('',(0.,1.,0.));
#3222=DIRECTION('',(0.,-1.,0.));
#3223=DIRECTION('',(0.,0.,-1.));
#3224=DIRECTION('',(0.,0.,-1.));
#3225=DIRECTION('',(-1.,0.,0.));
#3226=DIRECTION('',(0.,0.,-1.));
#3227=DIRECTION('',(-1.,0.,0.));
#3228=DIRECTION('',(0.,0.,1.));
#3229=DIRECTION('',(0.,0.,-1.));
#3230=DIRECTION('',(0.,1.,0.));
#3231=DIRECTION('',(2.28253088944317E-16,-1.,0.));
#3232=DIRECTION('',(1.,2.28253088944317E-16,0.));
#3233=DIRECTION('',(0.,0.,-1.));
#3234=DIRECTION('',(-1.,-2.28253088944317E-16,0.));
#3235=DIRECTION('',(0.,-1.,0.));
#3236=DIRECTION('',(0.,0.,-1.));
#3237=DIRECTION('',(0.,0.,-1.));
#3238=DIRECTION('',(-1.,0.,0.));
#3239=DIRECTION('',(0.,0.,-1.));
#3240=DIRECTION('',(1.,0.,0.));
#3241=DIRECTION('',(0.,0.,-1.));
#3242=DIRECTION('',(0.,0.,-1.));
#3243=DIRECTION('',(0.,-1.,0.));
#3244=DIRECTION('',(0.,-1.,0.));
#3245=DIRECTION('',(0.,0.,-1.));
#3246=DIRECTION('',(0.,0.,-1.));
#3247=DIRECTION('',(-1.,0.,0.));
#3248=DIRECTION('',(0.,1.,0.));
#3249=DIRECTION('',(0.,0.,1.));
#3250=DIRECTION('',(1.,0.,0.));
#3251=DIRECTION('',(1.,0.,0.));
#3252=DIRECTION('',(0.,0.,-1.));
#3253=DIRECTION('',(0.,-1.,0.));
#3254=DIRECTION('',(0.,1.,0.));
#3255=DIRECTION('',(0.,0.,1.));
#3256=DIRECTION('',(1.,0.,0.));
#3257=DIRECTION('',(-1.,6.41961812655891E-17,0.));
#3258=DIRECTION('',(-6.41961812655891E-17,-1.,0.));
#3259=DIRECTION('',(6.41961812655891E-17,1.,0.));
#3260=DIRECTION('',(1.,-5.70632722360792E-17,0.));
#3261=DIRECTION('',(5.70632722360792E-17,1.,0.));
#3262=DIRECTION('',(-5.70632722360792E-17,-1.,0.));
#3263=DIRECTION('',(1.,0.,0.));
#3264=DIRECTION('',(0.,0.,-1.));
#3265=DIRECTION('',(0.,-1.,0.));
#3266=DIRECTION('',(0.,0.,1.));
#3267=DIRECTION('',(1.,0.,0.));
#3268=DIRECTION('',(0.707106781186551,-0.707106781186545,0.));
#3269=DIRECTION('',(-0.707106781186551,-0.707106781186545,0.));
#3270=DIRECTION('',(-0.707106781186551,0.707106781186545,0.));
#3271=DIRECTION('',(0.707106781186545,0.707106781186551,0.));
#3272=DIRECTION('',(0.,0.,-1.));
#3273=DIRECTION('',(-1.,0.,0.));
#3274=DIRECTION('',(0.,0.,-1.));
#3275=DIRECTION('',(0.,0.,1.));
#3276=DIRECTION('',(1.,0.,0.));
#3277=DIRECTION('',(0.,0.,-1.));
#3278=DIRECTION('',(0.,0.,1.));
#3279=DIRECTION('',(-1.,0.,0.));
#3280=DIRECTION('',(0.,1.,0.));
#3281=DIRECTION('',(0.,0.,1.));
#3282=DIRECTION('',(-1.,0.,0.));
#3283=DIRECTION('',(0.,0.,1.));
#3284=DIRECTION('',(1.,0.,0.));
#3285=DIRECTION('',(0.,-1.,0.));
#3286=DIRECTION('',(0.,0.,-1.));
#3287=DIRECTION('',(0.,0.,-1.));
#3288=DIRECTION('',(1.,0.,0.));
#3289=DIRECTION('',(-1.,0.,0.));
#3290=DIRECTION('',(0.,0.,-1.));
#3291=DIRECTION('',(1.,0.,0.));
#3292=DIRECTION('',(-1.7347234759768E-16,1.,0.));
#3293=DIRECTION('',(0.,1.,0.));
#3294=DIRECTION('',(0.,0.,1.));
#3295=DIRECTION('',(0.,0.,-1.));
#3296=DIRECTION('',(1.,0.,0.));
#3297=DIRECTION('',(0.,0.,-1.));
#3298=DIRECTION('',(1.,0.,0.));
#3299=DIRECTION('',(0.,-1.,0.));
#3300=DIRECTION('',(0.,0.,-1.));
#3301=DIRECTION('',(0.,0.,-1.));
#3302=DIRECTION('',(-1.,0.,0.));
#3303=DIRECTION('',(0.,0.,1.));
#3304=DIRECTION('',(-1.,0.,0.));
#3305=DIRECTION('',(0.,0.,-1.));
#3306=DIRECTION('',(1.,0.,0.));
#3307=DIRECTION('',(-1.7347234759768E-16,1.,0.));
#3308=DIRECTION('',(0.,0.,-1.));
#3309=DIRECTION('',(-1.,0.,0.));
#3310=DIRECTION('',(0.,0.,-1.));
#3311=DIRECTION('',(-1.,0.,0.));
#3312=DIRECTION('',(0.,0.,1.));
#3313=DIRECTION('',(1.,0.,0.));
#3314=DIRECTION('',(0.,1.,0.));
#3315=DIRECTION('',(0.,0.,1.));
#3316=DIRECTION('',(0.,0.,-1.));
#3317=DIRECTION('',(-1.,0.,0.));
#3318=DIRECTION('',(0.,0.,-1.));
#3319=DIRECTION('',(1.,0.,0.));
#3320=DIRECTION('',(0.,0.,-1.));
#3321=DIRECTION('',(-1.,0.,0.));
#3322=DIRECTION('',(0.,0.,1.));
#3323=DIRECTION('',(1.,0.,0.));
#3324=DIRECTION('',(0.,0.,-1.));
#3325=DIRECTION('',(0.,0.,1.));
#3326=DIRECTION('',(-1.,0.,0.));
#3327=DIRECTION('',(0.,-1.,0.));
#3328=DIRECTION('',(0.,0.,-1.));
#3329=DIRECTION('',(1.,0.,0.));
#3330=DIRECTION('',(0.,0.,1.));
#3331=DIRECTION('',(-1.,0.,0.));
#3332=DIRECTION('',(0.,0.,-1.));
#3333=DIRECTION('',(1.,0.,0.));
#3334=DIRECTION('',(1.7347234759768E-16,-1.,0.));
#3335=DIRECTION('',(0.,0.,-1.));
#3336=DIRECTION('',(-1.,0.,0.));
#3337=DIRECTION('',(0.,0.,-1.));
#3338=DIRECTION('',(0.,0.,1.));
#3339=DIRECTION('',(1.,0.,0.));
#3340=DIRECTION('',(0.,0.,-1.));
#3341=DIRECTION('',(0.,0.,-1.));
#3342=DIRECTION('',(-1.,0.,0.));
#3343=DIRECTION('',(0.,1.,0.));
#3344=DIRECTION('',(0.,0.,1.));
#3345=DIRECTION('',(1.,0.,0.));
#3346=DIRECTION('',(0.,0.,1.));
#3347=DIRECTION('',(1.,0.,0.));
#3348=DIRECTION('',(0.,-1.,0.));
#3349=DIRECTION('',(0.,0.,-1.));
#3350=DIRECTION('',(0.,0.,-1.));
#3351=DIRECTION('',(-1.,0.,0.));
#3352=DIRECTION('',(-1.,0.,0.));
#3353=DIRECTION('',(0.,0.,-1.));
#3354=DIRECTION('',(1.,0.,0.));
#3355=DIRECTION('',(1.7347234759768E-16,-1.,0.));
#3356=DIRECTION('',(0.,0.,1.));
#3357=DIRECTION('',(1.,0.,0.));
#3358=DIRECTION('',(0.,0.,1.));
#3359=DIRECTION('',(1.,0.,0.));
#3360=DIRECTION('',(0.,-1.,0.));
#3361=DIRECTION('',(0.,0.,1.));
#3362=DIRECTION('',(1.,0.,0.));
#3363=DIRECTION('',(1.,0.,0.));
#3364=DIRECTION('',(0.,0.,1.));
#3365=DIRECTION('',(1.,0.,0.));
#3366=DIRECTION('',(0.,1.,0.));
#3367=DIRECTION('',(0.,0.,1.));
#3368=DIRECTION('',(1.,0.,0.));
#3369=DIRECTION('',(-1.,0.,0.));
#3370=DIRECTION('',(1.7347234759768E-16,-1.,0.));
#3371=DIRECTION('',(-1.,0.,0.));
#3372=DIRECTION('',(-1.7347234759768E-16,1.,0.));
#3373=DIRECTION('',(1.,0.,0.));
#3374=DIRECTION('',(0.,0.,1.));
#3375=DIRECTION('',(1.,0.,0.));
#3376=DIRECTION('',(-1.,0.,0.));
#3377=DIRECTION('',(-1.7347234759768E-16,1.,0.));
#3378=DIRECTION('',(1.,0.,0.));
#3379=DIRECTION('',(0.,0.,1.));
#3380=DIRECTION('',(1.,0.,0.));
#3381=DIRECTION('',(-1.,0.,0.));
#3382=DIRECTION('',(-1.7347234759768E-16,1.,0.));
#3383=DIRECTION('',(1.,0.,0.));
#3384=DIRECTION('',(1.7347234759768E-16,-1.,0.));
#3385=DIRECTION('',(-1.,0.,0.));
#3386=DIRECTION('',(0.,0.,1.));
#3387=DIRECTION('',(1.,0.,0.));
#3388=DIRECTION('',(1.,0.,0.));
#3389=DIRECTION('',(1.7347234759768E-16,-1.,0.));
#3390=DIRECTION('',(-1.,0.,0.));
#3391=DIRECTION('',(0.,0.,1.));
#3392=DIRECTION('',(1.,0.,0.));
#3393=DIRECTION('',(1.,0.,0.));
#3394=DIRECTION('',(0.,0.,-1.));
#3395=DIRECTION('',(1.,0.,0.));
#3396=DIRECTION('',(0.,0.,-1.));
#3397=DIRECTION('',(-1.,0.,0.));
#3398=DIRECTION('',(0.,0.,-1.));
#3399=DIRECTION('',(1.,0.,0.));
#3400=DIRECTION('',(0.,0.,1.));
#3401=DIRECTION('',(-1.,0.,0.));
#3402=DIRECTION('',(0.,0.,-1.));
#3403=DIRECTION('',(1.,0.,0.));
#3404=DIRECTION('',(0.,0.,-1.));
#3405=DIRECTION('',(-1.,0.,0.));
#3406=DIRECTION('',(0.,0.,-1.));
#3407=DIRECTION('',(1.,0.,0.));
#3408=DIRECTION('',(0.,0.,-1.));
#3409=DIRECTION('',(-1.,0.,0.));
#3410=DIRECTION('',(0.,0.,-1.));
#3411=DIRECTION('',(1.,0.,0.));
#3412=DIRECTION('',(0.,0.,1.));
#3413=DIRECTION('',(-1.,0.,0.));
#3414=DIRECTION('',(0.,0.,1.));
#3415=DIRECTION('',(1.,0.,0.));
#3416=DIRECTION('',(0.,0.,1.));
#3417=DIRECTION('',(-1.,0.,0.));
#3418=DIRECTION('',(0.,0.,1.));
#3419=DIRECTION('',(1.,0.,0.));
#3420=DIRECTION('',(0.,0.,-1.));
#3421=DIRECTION('',(-1.,0.,0.));
#3422=DIRECTION('',(0.,0.,1.));
#3423=DIRECTION('',(1.,0.,0.));
#3424=DIRECTION('',(0.,0.,1.));
#3425=DIRECTION('',(-1.,0.,0.));
#3426=DIRECTION('',(0.,0.,1.));
#3427=DIRECTION('',(-1.,0.,0.));
#3428=DIRECTION('',(0.,0.,1.));
#3429=DIRECTION('',(1.,0.,0.));
#3430=DIRECTION('',(0.,0.,1.));
#3431=DIRECTION('',(-1.,0.,0.));
#3432=DIRECTION('',(0.,0.,1.));
#3433=DIRECTION('',(1.,0.,0.));
#3434=DIRECTION('',(0.,0.,-1.));
#3435=DIRECTION('',(-1.,0.,0.));
#3436=DIRECTION('',(0.,0.,1.));
#3437=DIRECTION('',(1.,0.,0.));
#3438=DIRECTION('',(0.,0.,-1.));
#3439=DIRECTION('',(-1.,0.,0.));
#3440=DIRECTION('',(0.,0.,-1.));
#3441=DIRECTION('',(1.,0.,0.));
#3442=DIRECTION('',(0.,0.,-1.));
#3443=DIRECTION('',(1.,0.,0.));
#3444=DIRECTION('',(0.707106781186545,0.707106781186551,0.));
#3445=DIRECTION('',(0.,0.,1.));
#3446=DIRECTION('',(0.707106781186551,-0.707106781186544,-1.19609907444043E-16));
#3447=DIRECTION('',(0.577350269189623,0.577350269189629,-0.577350269189625));
#3448=DIRECTION('',(0.,0.707106781186546,0.70710678118655));
#3449=DIRECTION('',(-1.23903709934807E-16,-0.707106781186546,-0.70710678118655));
#3450=DIRECTION('',(-0.707106781186548,-1.4699775904033E-15,-0.707106781186547));
#3451=DIRECTION('',(0.707106781186547,1.2266347333467E-16,-0.707106781186548));
#3452=DIRECTION('',(-1.7347234759768E-16,1.,0.));
#3453=DIRECTION('',(0.707106781186548,1.09202503292984E-14,0.707106781186547));
#3454=DIRECTION('',(0.,-0.707106781186549,0.707106781186546));
#3455=DIRECTION('',(-1.,0.,0.));
#3456=DIRECTION('',(-6.83925587035486E-17,0.707106781186546,0.707106781186549));
#3457=DIRECTION('',(0.707106781186551,-0.707106781186545,0.));
#3458=DIRECTION('',(0.,0.,-1.));
#3459=DIRECTION('',(-0.707106781186545,-0.707106781186551,0.));
#3460=DIRECTION('',(0.57735026918963,-0.577350269189625,-0.577350269189622));
#3461=DIRECTION('',(0.707106781186545,0.707106781186551,0.));
#3462=DIRECTION('',(6.83925587035486E-17,-0.707106781186546,0.707106781186549));
#3463=DIRECTION('',(-0.707106781186545,-0.707106781186551,0.));
#3464=DIRECTION('',(-0.57735026918963,0.577350269189625,-0.577350269189622));
#3465=DIRECTION('',(-0.707106781186545,-0.707106781186551,0.));
#3466=DIRECTION('',(0.707106781186549,1.35568869390041E-14,-0.707106781186546));
#3467=DIRECTION('',(0.707106781186551,-0.707106781186545,0.));
#3468=DIRECTION('',(0.,0.,1.));
#3469=DIRECTION('',(0.577350269189624,0.577350269189629,0.577350269189624));
#3470=DIRECTION('',(0.,0.707106781186549,0.707106781186546));
#3471=DIRECTION('',(1.,0.,0.));
#3472=DIRECTION('',(0.,-0.707106781186546,0.707106781186549));
#3473=DIRECTION('',(0.707106781186546,1.2266347333467E-16,0.707106781186549));
#3474=DIRECTION('',(1.7347234759768E-16,-1.,0.));
#3475=DIRECTION('',(-0.70710678118655,1.24992574614931E-15,0.707106781186546));
#3476=DIRECTION('',(-0.707106781186547,-1.2266347333467E-16,0.707106781186548));
#3477=DIRECTION('',(1.7347234759768E-16,-1.,0.));
#3478=DIRECTION('',(0.577350269189626,-0.577350269189626,0.577350269189625));
#3479=DIRECTION('',(0.,0.,-1.));
#3480=DIRECTION('',(-1.,0.,0.));
#3481=DIRECTION('',(0.,0.707106781186546,0.707106781186549));
#3482=DIRECTION('',(-0.577350269189623,-0.577350269189629,-0.577350269189625));
#3483=DIRECTION('',(0.,0.707106781186546,-0.70710678118655));
#3484=DIRECTION('',(-0.707106781186551,0.707106781186544,-1.19609907444043E-16));
#3485=DIRECTION('',(-1.23903709934807E-16,-0.707106781186546,0.70710678118655));
#3486=DIRECTION('',(0.707106781186548,0.707106781186548,0.));
#3487=DIRECTION('',(0.,0.,1.));
#3488=DIRECTION('',(0.707106781186548,-0.707106781186548,0.));
#3489=DIRECTION('',(0.,-0.707106781186549,0.707106781186546));
#3490=DIRECTION('',(-1.,0.,0.));
#3491=DIRECTION('',(-1.92296268638356E-16,-0.707106781186546,-0.70710678118655));
#3492=DIRECTION('',(0.,-0.707106781186549,-0.707106781186546));
#3493=DIRECTION('',(1.,0.,0.));
#3494=DIRECTION('',(0.,0.707106781186546,-0.707106781186549));
#3495=DIRECTION('',(-0.707106781186545,-0.707106781186551,0.));
#3496=DIRECTION('',(0.,0.,1.));
#3497=DIRECTION('',(-0.577350269189627,0.577350269189622,0.577350269189628));
#3498=DIRECTION('',(0.577350269189627,0.577350269189627,-0.577350269189624));
#3499=DIRECTION('',(-0.707106781186548,0.707106781186548,0.));
#3500=DIRECTION('',(-0.707106781186548,4.64286602293618E-15,-0.707106781186547));
#3501=DIRECTION('',(0.,0.,-1.));
#3502=DIRECTION('',(-1.,0.,0.));
#3503=DIRECTION('',(0.,-0.707106781186546,-0.707106781186549));
#3504=DIRECTION('',(-0.707106781186548,-1.2266347333467E-16,-0.707106781186547));
#3505=DIRECTION('',(-1.7347234759768E-16,1.,0.));
#3506=DIRECTION('',(-0.577350269189625,-0.577350269189625,0.577350269189627));
#3507=DIRECTION('',(0.707106781186547,1.2266347333467E-16,-0.707106781186548));
#3508=DIRECTION('',(-1.7347234759768E-16,1.,0.));
#3509=DIRECTION('',(0.707106781186548,4.67062159855178E-15,0.707106781186547));
#3510=DIRECTION('',(0.,0.707106781186549,-0.707106781186546));
#3511=DIRECTION('',(-1.,0.,0.));
#3512=DIRECTION('',(6.83925587035492E-17,-0.707106781186546,-0.70710678118655));
#3513=DIRECTION('',(-0.707106781186548,0.707106781186548,0.));
#3514=DIRECTION('',(0.,0.,1.));
#3515=DIRECTION('',(0.707106781186548,0.707106781186548,1.19609907444044E-16));
#3516=DIRECTION('',(0.577350269189625,-0.57735026918963,-0.577350269189622));
#3517=DIRECTION('',(0.707106781186551,0.707106781186545,0.));
#3518=DIRECTION('',(5.92054734470114E-15,0.707106781186546,-0.70710678118655));
#3519=DIRECTION('',(0.707106781186551,0.707106781186545,0.));
#3520=DIRECTION('',(-0.577350269189627,0.577350269189627,-0.577350269189624));
#3521=DIRECTION('',(-0.707106781186548,-0.707106781186548,0.));
#3522=DIRECTION('',(0.707106781186549,7.30725820825753E-15,-0.707106781186546));
#3523=DIRECTION('',(-0.707106781186545,0.707106781186551,0.));
#3524=DIRECTION('',(0.,0.,-1.));
#3525=DIRECTION('',(-0.577350269189629,-0.577350269189624,-0.577350269189624));
#3526=DIRECTION('',(0.,-0.707106781186549,-0.707106781186546));
#3527=DIRECTION('',(1.,0.,0.));
#3528=DIRECTION('',(0.,-0.707106781186546,0.707106781186549));
#3529=DIRECTION('',(0.707106781186546,1.2266347333467E-16,0.707106781186549));
#3530=DIRECTION('',(1.7347234759768E-16,-1.,0.));
#3531=DIRECTION('',(-0.707106781186549,-4.90355485027808E-15,0.707106781186546));
#3532=DIRECTION('',(-0.707106781186544,-1.22663473334669E-16,0.707106781186551));
#3533=DIRECTION('',(1.7347234759768E-16,-1.,0.));
#3534=DIRECTION('',(-0.577350269189629,0.577350269189624,-0.577350269189623));
#3535=DIRECTION('',(0.,0.,-1.));
#3536=DIRECTION('',(-1.,0.,0.));
#3537=DIRECTION('',(0.,0.707106781186546,0.707106781186549));
#3538=DIRECTION('',(-0.577350269189622,-0.577350269189627,-0.577350269189629));
#3539=DIRECTION('',(0.,0.707106781186549,-0.707106781186546));
#3540=DIRECTION('',(0.707106781186551,-0.707106781186545,9.18543318284138E-17));
#3541=DIRECTION('',(6.15348059642745E-15,0.707106781186546,-0.70710678118655));
#3542=DIRECTION('',(-0.707106781186545,-0.707106781186551,0.));
#3543=DIRECTION('',(0.,0.,-1.));
#3544=DIRECTION('',(-0.707106781186551,0.707106781186544,1.19609907444043E-16));
#3545=DIRECTION('',(0.,0.707106781186549,-0.707106781186546));
#3546=DIRECTION('',(-1.,0.,0.));
#3547=DIRECTION('',(1.23903709934807E-16,0.707106781186546,0.70710678118655));
#3548=DIRECTION('',(0.,0.707106781186549,0.707106781186546));
#3549=DIRECTION('',(1.,0.,0.));
#3550=DIRECTION('',(0.,0.707106781186546,-0.707106781186549));
#3551=DIRECTION('',(0.707106781186545,0.707106781186551,0.));
#3552=DIRECTION('',(0.,0.,1.));
#3553=DIRECTION('',(-0.577350269189629,0.577350269189624,0.577350269189625));
#3554=DIRECTION('',(0.577350269189623,0.577350269189629,-0.577350269189625));
#3555=DIRECTION('',(0.,0.707106781186546,0.70710678118655));
#3556=DIRECTION('',(-0.707106781186548,-1.4699775904033E-15,-0.707106781186547));
#3557=DIRECTION('',(0.,0.,-1.));
#3558=DIRECTION('',(-1.,0.,0.));
#3559=DIRECTION('',(0.,-0.707106781186546,-0.707106781186549));
#3560=DIRECTION('',(-0.707106781186545,-1.22663473334669E-16,-0.70710678118655));
#3561=DIRECTION('',(1.7347234759768E-16,-1.,0.));
#3562=DIRECTION('',(-0.577350269189629,-0.577350269189624,0.577350269189625));
#3563=DIRECTION('',(-0.707106781186545,0.707106781186551,0.));
#3564=DIRECTION('',(0.,0.,-1.));
#3565=DIRECTION('',(0.707106781186551,0.707106781186544,-1.19609907444043E-16));
#3566=DIRECTION('',(0.707106781186547,1.2266347333467E-16,-0.707106781186548));
#3567=DIRECTION('',(-1.7347234759768E-16,1.,0.));
#3568=DIRECTION('',(0.707106781186548,-1.46997759040329E-15,0.707106781186547));
#3569=DIRECTION('',(0.,-0.707106781186549,0.707106781186546));
#3570=DIRECTION('',(-1.,0.,0.));
#3571=DIRECTION('',(-1.23903709934807E-16,0.707106781186546,0.70710678118655));
#3572=DIRECTION('',(0.707106781186545,-0.707106781186551,0.));
#3573=DIRECTION('',(0.,0.,-1.));
#3574=DIRECTION('',(-0.707106781186551,-0.707106781186544,-1.19609907444043E-16));
#3575=DIRECTION('',(0.577350269189623,-0.577350269189629,-0.577350269189625));
#3576=DIRECTION('',(0.,0.707106781186546,-0.70710678118655));
#3577=DIRECTION('',(-1.23903709934807E-16,0.707106781186546,-0.70710678118655));
#3578=DIRECTION('',(-0.577350269189623,0.577350269189629,-0.577350269189625));
#3579=DIRECTION('',(0.,0.707106781186546,0.70710678118655));
#3580=DIRECTION('',(0.707106781186549,1.24992574614931E-15,-0.707106781186546));
#3581=DIRECTION('',(0.,-0.707106781186549,-0.707106781186546));
#3582=DIRECTION('',(1.,0.,0.));
#3583=DIRECTION('',(-1.23903709934807E-16,-0.707106781186546,0.70710678118655));
#3584=DIRECTION('',(0.707106781186546,1.2266347333467E-16,0.707106781186549));
#3585=DIRECTION('',(1.7347234759768E-16,-1.,0.));
#3586=DIRECTION('',(-0.70710678118655,1.24992574614931E-15,0.707106781186546));
#3587=DIRECTION('',(-0.577350269189623,-0.577350269189629,-0.577350269189625));
#3588=DIRECTION('',(0.,0.707106781186546,-0.70710678118655));
#3589=DIRECTION('',(-0.707106781186551,0.707106781186544,-1.19609907444043E-16));
#3590=DIRECTION('',(-0.707106781186545,-0.707106781186551,0.));
#3591=DIRECTION('',(0.,0.,1.));
#3592=DIRECTION('',(-0.707106781186547,0.,-0.707106781186549));
#3593=DIRECTION('',(0.,-1.,0.));
#3594=DIRECTION('',(-0.707106781186549,0.,0.707106781186547));
#3595=DIRECTION('',(0.707106781186549,0.,-0.707106781186547));
#3596=DIRECTION('',(0.,0.,-1.));
#3597=DIRECTION('',(-1.,0.,0.));
#3598=DIRECTION('',(0.,-0.707106781186549,-0.707106781186547));
#3599=DIRECTION('',(0.,0.,-1.));
#3600=DIRECTION('',(-1.,0.,0.));
#3601=DIRECTION('',(0.,-0.707106781186549,0.707106781186547));
#3602=DIRECTION('',(0.,-0.707106781186547,0.707106781186549));
#3603=DIRECTION('',(-1.,0.,0.));
#3604=DIRECTION('',(0.,-0.707106781186549,-0.707106781186547));
#3605=DIRECTION('',(0.,-0.707106781186547,-0.707106781186549));
#3606=DIRECTION('',(1.,0.,0.));
#3607=DIRECTION('',(0.,-0.707106781186549,0.707106781186547));
#3608=DIRECTION('',(0.,0.,-1.));
#3609=DIRECTION('',(-1.,0.,0.));
#3610=DIRECTION('',(-0.707106781186549,0.,-0.707106781186547));
#3611=DIRECTION('',(0.,0.,-1.));
#3612=DIRECTION('',(-1.,0.,0.));
#3613=DIRECTION('',(0.707106781186549,0.,0.707106781186547));
#3614=DIRECTION('',(-0.707106781186547,0.,0.707106781186549));
#3615=DIRECTION('',(0.,1.,0.));
#3616=CARTESIAN_POINT('',(0.,0.,0.));
#3617=CARTESIAN_POINT('',(0.01685,0.,0.0043));
#3618=CARTESIAN_POINT('',(0.01685,0.0244,0.));
#3619=CARTESIAN_POINT('',(0.01685,0.0244,0.0033));
#3620=CARTESIAN_POINT('',(0.01685,0.0244,-0.0011));
#3621=CARTESIAN_POINT('',(0.01685,-0.0244,-0.0011));
#3622=CARTESIAN_POINT('',(0.01685,-0.0244,-0.0011));
#3623=CARTESIAN_POINT('',(0.01685,-0.0244,0.0043));
#3624=CARTESIAN_POINT('',(0.01685,-0.0244,0.0033));
#3625=CARTESIAN_POINT('',(0.01685,0.,0.0033));
#3626=CARTESIAN_POINT('',(0.,-0.0254,0.0043));
#3627=CARTESIAN_POINT('',(0.01585,-0.0254,0.0043));
#3628=CARTESIAN_POINT('',(0.01585,-0.0254,0.0033));
#3629=CARTESIAN_POINT('',(0.01585,-0.0254,-0.0011));
#3630=CARTESIAN_POINT('',(0.,-0.0254,-0.0011));
#3631=CARTESIAN_POINT('',(-0.01585,-0.0254,-0.0011));
#3632=CARTESIAN_POINT('',(-0.01585,-0.0254,0.0043));
#3633=CARTESIAN_POINT('',(-0.01585,-0.0254,0.0033));
#3634=CARTESIAN_POINT('',(0.,-0.0254,0.0033));
#3635=CARTESIAN_POINT('',(-0.01685,0.,0.0043));
#3636=CARTESIAN_POINT('',(-0.01685,-0.0244,0.));
#3637=CARTESIAN_POINT('',(-0.01685,-0.0244,0.0033));
#3638=CARTESIAN_POINT('',(-0.01685,-0.0244,-0.0011));
#3639=CARTESIAN_POINT('',(-0.01685,0.,-0.0011));
#3640=CARTESIAN_POINT('',(-0.01685,0.0244,-0.0011));
#3641=CARTESIAN_POINT('',(-0.01685,0.0244,0.0043));
#3642=CARTESIAN_POINT('',(-0.01685,0.0244,0.0033));
#3643=CARTESIAN_POINT('',(-0.01685,0.,0.0033));
#3644=CARTESIAN_POINT('',(0.,0.0254,0.0043));
#3645=CARTESIAN_POINT('',(-0.01585,0.0254,0.0043));
#3646=CARTESIAN_POINT('',(-0.01585,0.0254,0.0033));
#3647=CARTESIAN_POINT('',(-0.01585,0.0254,-0.0011));
#3648=CARTESIAN_POINT('',(0.01585,0.0254,-0.0011));
#3649=CARTESIAN_POINT('',(0.01585,0.0254,-0.0011));
#3650=CARTESIAN_POINT('',(0.01585,0.0254,0.0043));
#3651=CARTESIAN_POINT('',(0.01585,0.0254,0.0033));
#3652=CARTESIAN_POINT('',(0.,0.0254,0.0033));
#3653=CARTESIAN_POINT('',(-0.01585,0.0244,0.0043));
#3654=CARTESIAN_POINT('',(-0.01585,0.0244,-0.0011));
#3655=CARTESIAN_POINT('',(-0.01585,0.0244,0.0033));
#3656=CARTESIAN_POINT('',(0.01585,0.0244,0.0043));
#3657=CARTESIAN_POINT('',(0.01585,0.0244,-0.0011));
#3658=CARTESIAN_POINT('',(0.01585,0.0244,0.0033));
#3659=CARTESIAN_POINT('',(0.01585,-0.0244,0.0043));
#3660=CARTESIAN_POINT('',(0.01585,-0.0244,-0.0011));
#3661=CARTESIAN_POINT('',(0.01585,-0.0244,0.0033));
#3662=CARTESIAN_POINT('',(-0.01585,-0.0244,0.0043));
#3663=CARTESIAN_POINT('',(-0.01585,-0.0244,-0.0011));
#3664=CARTESIAN_POINT('',(-0.01585,-0.0244,0.0033));
#3665=CARTESIAN_POINT('',(0.02,0.,0.006));
#3666=CARTESIAN_POINT('',(0.02,0.04,-0.0011));
#3667=CARTESIAN_POINT('',(0.02,0.0354,-0.0011));
#3668=CARTESIAN_POINT('',(0.02,0.0396,-0.0011));
#3669=CARTESIAN_POINT('',(0.02,0.0396,0.0068));
#3670=CARTESIAN_POINT('',(0.02,0.0396,0.0068));
#3671=CARTESIAN_POINT('',(0.02,0.,0.0068));
#3672=CARTESIAN_POINT('',(0.02,-0.0396,0.0068));
#3673=CARTESIAN_POINT('',(0.02,-0.0396,0.006));
#3674=CARTESIAN_POINT('',(0.02,-0.0396,-0.0011));
#3675=CARTESIAN_POINT('',(0.02,-0.035,-0.0011));
#3676=CARTESIAN_POINT('',(0.02,-0.0354,-0.0011));
#3677=CARTESIAN_POINT('',(0.02,-0.0354,0.006));
#3678=CARTESIAN_POINT('',(0.02,-0.0354,0.0034));
#3679=CARTESIAN_POINT('',(0.02,0.,0.0034));
#3680=CARTESIAN_POINT('',(0.02,-0.0286,0.0034));
#3681=CARTESIAN_POINT('',(0.02,-0.0286,0.006));
#3682=CARTESIAN_POINT('',(0.02,-0.0286,-0.0011));
#3683=CARTESIAN_POINT('',(0.02,0.029,-0.0011));
#3684=CARTESIAN_POINT('',(0.02,0.0286,-0.0011));
#3685=CARTESIAN_POINT('',(0.02,0.0286,0.003));
#3686=CARTESIAN_POINT('',(0.02,0.0286,0.0034));
#3687=CARTESIAN_POINT('',(0.02,0.,0.0034));
#3688=CARTESIAN_POINT('',(0.02,0.0354,0.0034));
#3689=CARTESIAN_POINT('',(0.02,0.0354,-0.0015));
#3690=CARTESIAN_POINT('',(0.017,0.032,0.006));
#3691=CARTESIAN_POINT('',(0.017,0.032,0.0068));
#3692=CARTESIAN_POINT('',(0.01865,0.032,0.0068));
#3693=CARTESIAN_POINT('',(0.017,0.032,0.003));
#3694=CARTESIAN_POINT('',(0.01865,0.032,0.003));
#3695=CARTESIAN_POINT('',(0.017,-0.032,0.006));
#3696=CARTESIAN_POINT('',(0.017,-0.032,0.0068));
#3697=CARTESIAN_POINT('',(0.01865,-0.032,0.0068));
#3698=CARTESIAN_POINT('',(0.017,-0.032,0.003));
#3699=CARTESIAN_POINT('',(0.01865,-0.032,0.003));
#3700=CARTESIAN_POINT('',(-0.017,-0.032,0.006));
#3701=CARTESIAN_POINT('',(-0.017,-0.032,0.0068));
#3702=CARTESIAN_POINT('',(-0.01535,-0.032,0.0068));
#3703=CARTESIAN_POINT('',(-0.017,-0.032,0.003));
#3704=CARTESIAN_POINT('',(-0.01535,-0.032,0.003));
#3705=CARTESIAN_POINT('',(-0.017,0.032,0.006));
#3706=CARTESIAN_POINT('',(-0.017,0.032,0.0068));
#3707=CARTESIAN_POINT('',(-0.01535,0.032,0.0068));
#3708=CARTESIAN_POINT('',(-0.017,0.032,0.003));
#3709=CARTESIAN_POINT('',(-0.01535,0.032,0.003));
#3710=CARTESIAN_POINT('',(0.00855,-0.01005,0.006));
#3711=CARTESIAN_POINT('',(0.0015,-0.01005,0.006));
#3712=CARTESIAN_POINT('',(0.0015,-0.01005,0.006));
#3713=CARTESIAN_POINT('',(0.0015,-0.01005,0.0038));
#3714=CARTESIAN_POINT('',(0.00855,-0.01005,0.0038));
#3715=CARTESIAN_POINT('',(0.0156,-0.01005,0.0038));
#3716=CARTESIAN_POINT('',(0.0156,-0.01005,0.006));
#3717=CARTESIAN_POINT('',(0.0156,-0.01005,0.006));
#3718=CARTESIAN_POINT('',(0.00855,-0.01005,0.006));
#3719=CARTESIAN_POINT('',(0.0156,-0.0171,0.006));
#3720=CARTESIAN_POINT('',(0.0156,-0.0171,0.0038));
#3721=CARTESIAN_POINT('',(0.0156,-0.02415,0.0038));
#3722=CARTESIAN_POINT('',(0.0156,-0.02415,0.006));
#3723=CARTESIAN_POINT('',(0.0156,-0.02415,0.006));
#3724=CARTESIAN_POINT('',(0.0156,-0.0171,0.006));
#3725=CARTESIAN_POINT('',(0.00855,-0.02415,0.006));
#3726=CARTESIAN_POINT('',(0.00855,-0.02415,0.0038));
#3727=CARTESIAN_POINT('',(0.0015,-0.02415,0.0038));
#3728=CARTESIAN_POINT('',(0.0015,-0.02415,0.006));
#3729=CARTESIAN_POINT('',(0.0015,-0.02415,0.006));
#3730=CARTESIAN_POINT('',(0.00855,-0.02415,0.006));
#3731=CARTESIAN_POINT('',(0.00855,0.01005,0.006));
#3732=CARTESIAN_POINT('',(0.0156,0.01005,0.006));
#3733=CARTESIAN_POINT('',(0.0156,0.01005,0.006));
#3734=CARTESIAN_POINT('',(0.0156,0.01005,0.0038));
#3735=CARTESIAN_POINT('',(0.00855,0.01005,0.0038));
#3736=CARTESIAN_POINT('',(0.0015,0.01005,0.0038));
#3737=CARTESIAN_POINT('',(0.0015,0.01005,0.006));
#3738=CARTESIAN_POINT('',(0.0015,0.01005,0.006));
#3739=CARTESIAN_POINT('',(0.00855,0.01005,0.006));
#3740=CARTESIAN_POINT('',(0.0015,0.0171,0.006));
#3741=CARTESIAN_POINT('',(0.0015,0.0171,0.0038));
#3742=CARTESIAN_POINT('',(0.0015,0.02415,0.0038));
#3743=CARTESIAN_POINT('',(0.0015,0.02415,0.006));
#3744=CARTESIAN_POINT('',(0.0015,0.02415,0.006));
#3745=CARTESIAN_POINT('',(0.0015,0.0171,0.006));
#3746=CARTESIAN_POINT('',(0.00855,0.02415,0.006));
#3747=CARTESIAN_POINT('',(0.00855,0.02415,0.0038));
#3748=CARTESIAN_POINT('',(0.0156,0.02415,0.0038));
#3749=CARTESIAN_POINT('',(0.0156,0.02415,0.006));
#3750=CARTESIAN_POINT('',(0.0156,0.02415,0.006));
#3751=CARTESIAN_POINT('',(0.00855,0.02415,0.006));
#3752=CARTESIAN_POINT('',(0.00855,-0.00705,0.006));
#3753=CARTESIAN_POINT('',(0.0156,-0.00705,0.006));
#3754=CARTESIAN_POINT('',(0.0156,-0.00705,0.006));
#3755=CARTESIAN_POINT('',(0.0156,-0.00705,0.0038));
#3756=CARTESIAN_POINT('',(0.00855,-0.00705,0.0038));
#3757=CARTESIAN_POINT('',(0.0015,-0.00705,0.0038));
#3758=CARTESIAN_POINT('',(0.0015,-0.00705,0.006));
#3759=CARTESIAN_POINT('',(0.0015,-0.00705,0.006));
#3760=CARTESIAN_POINT('',(0.00855,-0.00705,0.006));
#3761=CARTESIAN_POINT('',(0.0015,-1.3010426069826E-18,0.006));
#3762=CARTESIAN_POINT('',(0.0015,-1.3010426069826E-18,0.0038));
#3763=CARTESIAN_POINT('',(0.0015,0.00705,0.0038));
#3764=CARTESIAN_POINT('',(0.0015,0.00705,0.006));
#3765=CARTESIAN_POINT('',(0.0015,0.00705,0.006));
#3766=CARTESIAN_POINT('',(0.0015,-1.3010426069826E-18,0.006));
#3767=CARTESIAN_POINT('',(0.00855,0.00705,0.006));
#3768=CARTESIAN_POINT('',(0.00855,0.00705,0.0038));
#3769=CARTESIAN_POINT('',(0.0156,0.00705,0.0038));
#3770=CARTESIAN_POINT('',(0.0156,0.00705,0.006));
#3771=CARTESIAN_POINT('',(0.0156,0.00705,0.006));
#3772=CARTESIAN_POINT('',(0.00855,0.00705,0.006));
#3773=CARTESIAN_POINT('',(-0.0156,-0.0171,0.006));
#3774=CARTESIAN_POINT('',(-0.0156,-0.02415,0.006));
#3775=CARTESIAN_POINT('',(-0.0156,-0.02415,0.006));
#3776=CARTESIAN_POINT('',(-0.0156,-0.02415,0.0038));
#3777=CARTESIAN_POINT('',(-0.0156,-0.0171,0.0038));
#3778=CARTESIAN_POINT('',(-0.0156,-0.01005,0.0038));
#3779=CARTESIAN_POINT('',(-0.0156,-0.01005,0.006));
#3780=CARTESIAN_POINT('',(-0.0156,-0.01005,0.006));
#3781=CARTESIAN_POINT('',(-0.0156,-0.0171,0.006));
#3782=CARTESIAN_POINT('',(-0.00855,-0.01005,0.006));
#3783=CARTESIAN_POINT('',(-0.00855,-0.01005,0.0038));
#3784=CARTESIAN_POINT('',(-0.0015,-0.01005,0.0038));
#3785=CARTESIAN_POINT('',(-0.0015,-0.01005,0.006));
#3786=CARTESIAN_POINT('',(-0.0015,-0.01005,0.006));
#3787=CARTESIAN_POINT('',(-0.00855,-0.01005,0.006));
#3788=CARTESIAN_POINT('',(-0.0015,-0.0171,0.006));
#3789=CARTESIAN_POINT('',(-0.0015,-0.0171,0.0038));
#3790=CARTESIAN_POINT('',(-0.0015,-0.02415,0.0038));
#3791=CARTESIAN_POINT('',(-0.0015,-0.02415,0.006));
#3792=CARTESIAN_POINT('',(-0.0015,-0.02415,0.006));
#3793=CARTESIAN_POINT('',(-0.0015,-0.0171,0.006));
#3794=CARTESIAN_POINT('',(-0.0015,-8.67361737988404E-19,0.006));
#3795=CARTESIAN_POINT('',(-0.0015,0.00705,0.006));
#3796=CARTESIAN_POINT('',(-0.0015,0.00705,0.006));
#3797=CARTESIAN_POINT('',(-0.0015,0.00705,0.0038));
#3798=CARTESIAN_POINT('',(-0.0015,-8.67361737988404E-19,0.0038));
#3799=CARTESIAN_POINT('',(-0.0015,-0.00705,0.0038));
#3800=CARTESIAN_POINT('',(-0.0015,-0.00705,0.006));
#3801=CARTESIAN_POINT('',(-0.0015,-0.00705,0.006));
#3802=CARTESIAN_POINT('',(-0.0015,-8.67361737988404E-19,0.006));
#3803=CARTESIAN_POINT('',(-0.00855,-0.00705,0.006));
#3804=CARTESIAN_POINT('',(-0.00855,-0.00705,0.0038));
#3805=CARTESIAN_POINT('',(-0.0156,-0.00705,0.0038));
#3806=CARTESIAN_POINT('',(-0.0156,-0.00705,0.006));
#3807=CARTESIAN_POINT('',(-0.0156,-0.00705,0.006));
#3808=CARTESIAN_POINT('',(-0.00855,-0.00705,0.006));
#3809=CARTESIAN_POINT('',(-0.0156,-8.67361737988404E-19,0.006));
#3810=CARTESIAN_POINT('',(-0.0156,-8.67361737988404E-19,0.0038));
#3811=CARTESIAN_POINT('',(-0.0156,0.00705,0.0038));
#3812=CARTESIAN_POINT('',(-0.0156,0.00705,0.006));
#3813=CARTESIAN_POINT('',(-0.0156,0.00705,0.006));
#3814=CARTESIAN_POINT('',(-0.0156,-8.67361737988404E-19,0.006));
#3815=CARTESIAN_POINT('',(-0.0015,0.0171,0.006));
#3816=CARTESIAN_POINT('',(-0.0015,0.02415,0.006));
#3817=CARTESIAN_POINT('',(-0.0015,0.02415,0.006));
#3818=CARTESIAN_POINT('',(-0.0015,0.02415,0.0038));
#3819=CARTESIAN_POINT('',(-0.0015,0.0171,0.0038));
#3820=CARTESIAN_POINT('',(-0.0015,0.01005,0.0038));
#3821=CARTESIAN_POINT('',(-0.0015,0.01005,0.006));
#3822=CARTESIAN_POINT('',(-0.0015,0.01005,0.006));
#3823=CARTESIAN_POINT('',(-0.0015,0.0171,0.006));
#3824=CARTESIAN_POINT('',(-0.00855,0.01005,0.006));
#3825=CARTESIAN_POINT('',(-0.00855,0.01005,0.0038));
#3826=CARTESIAN_POINT('',(-0.0156,0.01005,0.0038));
#3827=CARTESIAN_POINT('',(-0.0156,0.01005,0.006));
#3828=CARTESIAN_POINT('',(-0.0156,0.01005,0.006));
#3829=CARTESIAN_POINT('',(-0.00855,0.01005,0.006));
#3830=CARTESIAN_POINT('',(-0.0156,0.0171,0.006));
#3831=CARTESIAN_POINT('',(-0.0156,0.0171,0.0038));
#3832=CARTESIAN_POINT('',(-0.0156,0.02415,0.0038));
#3833=CARTESIAN_POINT('',(-0.0156,0.02415,0.006));
#3834=CARTESIAN_POINT('',(-0.0156,0.02415,0.006));
#3835=CARTESIAN_POINT('',(-0.0156,0.0171,0.006));
#3836=CARTESIAN_POINT('',(0.0156,0.0171,0.006));
#3837=CARTESIAN_POINT('',(0.0156,0.0171,0.0038));
#3838=CARTESIAN_POINT('',(0.0156,0.0171,0.006));
#3839=CARTESIAN_POINT('',(0.0156,8.67361737988404E-19,0.006));
#3840=CARTESIAN_POINT('',(0.0156,8.67361737988404E-19,0.0038));
#3841=CARTESIAN_POINT('',(0.0156,8.67361737988404E-19,0.006));
#3842=CARTESIAN_POINT('',(-0.00855,-0.02415,0.006));
#3843=CARTESIAN_POINT('',(-0.00855,-0.02415,0.0038));
#3844=CARTESIAN_POINT('',(-0.00855,-0.02415,0.006));
#3845=CARTESIAN_POINT('',(-0.00855,0.00705,0.006));
#3846=CARTESIAN_POINT('',(-0.00855,0.00705,0.0038));
#3847=CARTESIAN_POINT('',(-0.00855,0.00705,0.006));
#3848=CARTESIAN_POINT('',(-0.00855,0.02415,0.006));
#3849=CARTESIAN_POINT('',(-0.00855,0.02415,0.0038));
#3850=CARTESIAN_POINT('',(-0.00855,0.02415,0.006));
#3851=CARTESIAN_POINT('',(0.0015,-0.0171,0.006));
#3852=CARTESIAN_POINT('',(0.0015,-0.0171,0.0038));
#3853=CARTESIAN_POINT('',(0.0015,-0.0171,0.006));
#3854=CARTESIAN_POINT('',(-0.00927378950705011,0.00443467634264133,0.006));
#3855=CARTESIAN_POINT('',(-0.01615,2.60208521396521E-18,0.006));
#3856=CARTESIAN_POINT('',(-0.01615,0.0076,0.006));
#3857=CARTESIAN_POINT('',(-0.01615,-0.0076,0.006));
#3858=CARTESIAN_POINT('',(-0.00855,-0.0076,0.006));
#3859=CARTESIAN_POINT('',(-0.00095,-0.0076,0.006));
#3860=CARTESIAN_POINT('',(-0.00095,1.7347234759768E-18,0.006));
#3861=CARTESIAN_POINT('',(-0.00095,0.0076,0.006));
#3862=CARTESIAN_POINT('',(-0.00855,0.0076,0.006));
#3863=CARTESIAN_POINT('',(-0.00927378950705011,0.00443467634264133,0.006));
#3864=CARTESIAN_POINT('',(0.00855,-0.0095,0.006));
#3865=CARTESIAN_POINT('',(0.00095,-0.0095,0.006));
#3866=CARTESIAN_POINT('',(0.01615,-0.0095,0.006));
#3867=CARTESIAN_POINT('',(0.00095,-0.0171,0.006));
#3868=CARTESIAN_POINT('',(0.00095,-0.0247,0.006));
#3869=CARTESIAN_POINT('',(0.00855,-0.0247,0.006));
#3870=CARTESIAN_POINT('',(0.01615,-0.0247,0.006));
#3871=CARTESIAN_POINT('',(0.01615,-0.0171,0.006));
#3872=CARTESIAN_POINT('',(-0.00927378950705011,0.00443467634264133,0.006));
#3873=CARTESIAN_POINT('',(-0.01615,-0.0171,0.006));
#3874=CARTESIAN_POINT('',(-0.01615,-0.0247,0.006));
#3875=CARTESIAN_POINT('',(-0.01615,-0.0095,0.006));
#3876=CARTESIAN_POINT('',(-0.00855,-0.0247,0.006));
#3877=CARTESIAN_POINT('',(-0.00095,-0.0247,0.006));
#3878=CARTESIAN_POINT('',(-0.00095,-0.0171,0.006));
#3879=CARTESIAN_POINT('',(-0.00095,-0.0095,0.006));
#3880=CARTESIAN_POINT('',(-0.00855,-0.0095,0.006));
#3881=CARTESIAN_POINT('',(-0.00927378950705011,0.00443467634264133,0.006));
#3882=CARTESIAN_POINT('',(0.00855,0.0095,0.006));
#3883=CARTESIAN_POINT('',(0.00095,0.0095,0.006));
#3884=CARTESIAN_POINT('',(0.01615,0.0095,0.006));
#3885=CARTESIAN_POINT('',(0.01615,0.0171,0.006));
#3886=CARTESIAN_POINT('',(0.01615,0.0247,0.006));
#3887=CARTESIAN_POINT('',(0.00855,0.0247,0.006));
#3888=CARTESIAN_POINT('',(0.00095,0.0247,0.006));
#3889=CARTESIAN_POINT('',(0.00095,0.0171,0.006));
#3890=CARTESIAN_POINT('',(-0.00927378950705011,0.00443467634264133,0.006));
#3891=CARTESIAN_POINT('',(0.00855,0.0076,0.006));
#3892=CARTESIAN_POINT('',(0.01615,0.0076,0.006));
#3893=CARTESIAN_POINT('',(0.00095,0.0076,0.006));
#3894=CARTESIAN_POINT('',(0.00095,1.7347234759768E-18,0.006));
#3895=CARTESIAN_POINT('',(0.00095,-0.0076,0.006));
#3896=CARTESIAN_POINT('',(0.00855,-0.0076,0.006));
#3897=CARTESIAN_POINT('',(0.01615,-0.0076,0.006));
#3898=CARTESIAN_POINT('',(0.01615,2.60208521396521E-18,0.006));
#3899=CARTESIAN_POINT('',(-3.46944695195361E-18,0.04,0.006));
#3900=CARTESIAN_POINT('',(-3.46944695195361E-18,0.04,-0.0011));
#3901=CARTESIAN_POINT('',(0.0196,0.04,-0.0011));
#3902=CARTESIAN_POINT('',(-0.0196,0.04,-0.0011));
#3903=CARTESIAN_POINT('',(-0.0196,0.04,0.006));
#3904=CARTESIAN_POINT('',(-0.0196,0.04,0.0068));
#3905=CARTESIAN_POINT('',(-3.46944695195361E-18,0.04,0.0068));
#3906=CARTESIAN_POINT('',(0.0196,0.04,0.0068));
#3907=CARTESIAN_POINT('',(0.0196,0.04,-0.0015));
#3908=CARTESIAN_POINT('',(-0.02,0.,0.006));
#3909=CARTESIAN_POINT('',(-0.02,0.,0.0068));
#3910=CARTESIAN_POINT('',(-0.02,0.0396,0.0068));
#3911=CARTESIAN_POINT('',(-0.02,-0.0396,0.0068));
#3912=CARTESIAN_POINT('',(-0.02,0.0396,0.006));
#3913=CARTESIAN_POINT('',(-0.02,0.0396,-0.0011));
#3914=CARTESIAN_POINT('',(-0.02,0.,-0.0011));
#3915=CARTESIAN_POINT('',(-0.02,0.0354,-0.0011));
#3916=CARTESIAN_POINT('',(-0.02,0.0354,0.003));
#3917=CARTESIAN_POINT('',(-0.02,0.0354,0.0034));
#3918=CARTESIAN_POINT('',(-0.02,0.029,0.0034));
#3919=CARTESIAN_POINT('',(-0.02,0.0286,0.0034));
#3920=CARTESIAN_POINT('',(-0.02,0.0286,-0.0015));
#3921=CARTESIAN_POINT('',(-0.02,0.0286,-0.0011));
#3922=CARTESIAN_POINT('',(-0.02,0.,-0.0011));
#3923=CARTESIAN_POINT('',(-0.02,-0.0286,-0.0011));
#3924=CARTESIAN_POINT('',(-0.02,-0.0286,0.006));
#3925=CARTESIAN_POINT('',(-0.02,-0.0286,0.0034));
#3926=CARTESIAN_POINT('',(-0.02,-0.035,0.0034));
#3927=CARTESIAN_POINT('',(-0.02,-0.0354,0.0034));
#3928=CARTESIAN_POINT('',(-0.02,-0.0354,0.006));
#3929=CARTESIAN_POINT('',(-0.02,-0.0354,-0.0011));
#3930=CARTESIAN_POINT('',(-0.02,0.,-0.0011));
#3931=CARTESIAN_POINT('',(-0.02,-0.0396,-0.0011));
#3932=CARTESIAN_POINT('',(-0.02,-0.0396,0.0068));
#3933=CARTESIAN_POINT('',(6.93889390390723E-18,-0.04,0.006));
#3934=CARTESIAN_POINT('',(6.93889390390723E-18,-0.04,0.0068));
#3935=CARTESIAN_POINT('',(0.0196,-0.04,0.0068));
#3936=CARTESIAN_POINT('',(-0.0196,-0.04,0.0068));
#3937=CARTESIAN_POINT('',(-0.0196,-0.04,-0.0015));
#3938=CARTESIAN_POINT('',(-0.0196,-0.04,-0.0011));
#3939=CARTESIAN_POINT('',(0.02,-0.04,-0.0011));
#3940=CARTESIAN_POINT('',(0.0196,-0.04,-0.0011));
#3941=CARTESIAN_POINT('',(0.0196,-0.04,0.006));
#3942=CARTESIAN_POINT('',(-0.00927378950705011,0.00443467634264133,0.006));
#3943=CARTESIAN_POINT('',(-0.00855,0.0247,0.006));
#3944=CARTESIAN_POINT('',(-0.00095,0.0247,0.006));
#3945=CARTESIAN_POINT('',(-0.01615,0.0247,0.006));
#3946=CARTESIAN_POINT('',(-0.01615,0.0171,0.006));
#3947=CARTESIAN_POINT('',(-0.01615,0.0095,0.006));
#3948=CARTESIAN_POINT('',(-0.00855,0.0095,0.006));
#3949=CARTESIAN_POINT('',(-0.00095,0.0095,0.006));
#3950=CARTESIAN_POINT('',(-0.00095,0.0171,0.006));
#3951=CARTESIAN_POINT('',(-0.00855,0.0247,0.0068));
#3952=CARTESIAN_POINT('',(-0.00095,0.0247,0.0068));
#3953=CARTESIAN_POINT('',(-0.00095,0.0247,0.0068));
#3954=CARTESIAN_POINT('',(-0.00855,0.0247,0.0068));
#3955=CARTESIAN_POINT('',(-0.01615,0.0247,0.0068));
#3956=CARTESIAN_POINT('',(-0.01615,0.0247,0.0068));
#3957=CARTESIAN_POINT('',(-0.00095,0.0171,0.0068));
#3958=CARTESIAN_POINT('',(-0.00095,0.0095,0.0068));
#3959=CARTESIAN_POINT('',(-0.00095,0.0095,0.0068));
#3960=CARTESIAN_POINT('',(-0.00095,0.0171,0.0068));
#3961=CARTESIAN_POINT('',(-0.00855,0.0095,0.0068));
#3962=CARTESIAN_POINT('',(-0.01615,0.0095,0.0068));
#3963=CARTESIAN_POINT('',(-0.01615,0.0095,0.0068));
#3964=CARTESIAN_POINT('',(-0.00855,0.0095,0.0068));
#3965=CARTESIAN_POINT('',(-0.01615,2.60208521396521E-18,0.0068));
#3966=CARTESIAN_POINT('',(-0.01615,0.0076,0.0068));
#3967=CARTESIAN_POINT('',(-0.01615,0.0076,0.0068));
#3968=CARTESIAN_POINT('',(-0.01615,2.60208521396521E-18,0.0068));
#3969=CARTESIAN_POINT('',(-0.01615,-0.0076,0.0068));
#3970=CARTESIAN_POINT('',(-0.01615,-0.0076,0.0068));
#3971=CARTESIAN_POINT('',(-0.00855,0.0076,0.0068));
#3972=CARTESIAN_POINT('',(-0.00095,0.0076,0.0068));
#3973=CARTESIAN_POINT('',(-0.00095,0.0076,0.0068));
#3974=CARTESIAN_POINT('',(-0.00855,0.0076,0.0068));
#3975=CARTESIAN_POINT('',(-0.00095,1.7347234759768E-18,0.0068));
#3976=CARTESIAN_POINT('',(-0.00095,-0.0076,0.0068));
#3977=CARTESIAN_POINT('',(-0.00095,-0.0076,0.0068));
#3978=CARTESIAN_POINT('',(-0.00095,1.7347234759768E-18,0.0068));
#3979=CARTESIAN_POINT('',(0.00855,0.0095,0.0068));
#3980=CARTESIAN_POINT('',(0.00095,0.0095,0.0068));
#3981=CARTESIAN_POINT('',(0.00095,0.0095,0.0068));
#3982=CARTESIAN_POINT('',(0.00855,0.0095,0.0068));
#3983=CARTESIAN_POINT('',(0.01615,0.0095,0.0068));
#3984=CARTESIAN_POINT('',(0.01615,0.0095,0.0068));
#3985=CARTESIAN_POINT('',(0.00095,0.0171,0.0068));
#3986=CARTESIAN_POINT('',(0.00095,0.0247,0.0068));
#3987=CARTESIAN_POINT('',(0.00095,0.0247,0.0068));
#3988=CARTESIAN_POINT('',(0.00095,0.0171,0.0068));
#3989=CARTESIAN_POINT('',(0.00855,0.0247,0.0068));
#3990=CARTESIAN_POINT('',(0.01615,0.0247,0.0068));
#3991=CARTESIAN_POINT('',(0.01615,0.0247,0.0068));
#3992=CARTESIAN_POINT('',(0.00855,0.0247,0.0068));
#3993=CARTESIAN_POINT('',(0.00095,-0.0171,0.0068));
#3994=CARTESIAN_POINT('',(0.00095,-0.0095,0.0068));
#3995=CARTESIAN_POINT('',(0.00095,-0.0095,0.0068));
#3996=CARTESIAN_POINT('',(0.00095,-0.0171,0.0068));
#3997=CARTESIAN_POINT('',(0.00095,-0.0247,0.0068));
#3998=CARTESIAN_POINT('',(0.00095,-0.0247,0.0068));
#3999=CARTESIAN_POINT('',(0.00855,-0.0095,0.0068));
#4000=CARTESIAN_POINT('',(0.01615,-0.0095,0.0068));
#4001=CARTESIAN_POINT('',(0.01615,-0.0095,0.0068));
#4002=CARTESIAN_POINT('',(0.00855,-0.0095,0.0068));
#4003=CARTESIAN_POINT('',(0.01615,-0.0171,0.0068));
#4004=CARTESIAN_POINT('',(0.01615,-0.0247,0.0068));
#4005=CARTESIAN_POINT('',(0.01615,-0.0247,0.0068));
#4006=CARTESIAN_POINT('',(0.01615,-0.0171,0.0068));
#4007=CARTESIAN_POINT('',(-0.00855,-0.0247,0.0068));
#4008=CARTESIAN_POINT('',(-0.01615,-0.0247,0.0068));
#4009=CARTESIAN_POINT('',(-0.01615,-0.0247,0.0068));
#4010=CARTESIAN_POINT('',(-0.00855,-0.0247,0.0068));
#4011=CARTESIAN_POINT('',(-0.00095,-0.0247,0.0068));
#4012=CARTESIAN_POINT('',(-0.00095,-0.0247,0.0068));
#4013=CARTESIAN_POINT('',(-0.01615,-0.0171,0.0068));
#4014=CARTESIAN_POINT('',(-0.01615,-0.0095,0.0068));
#4015=CARTESIAN_POINT('',(-0.01615,-0.0095,0.0068));
#4016=CARTESIAN_POINT('',(-0.01615,-0.0171,0.0068));
#4017=CARTESIAN_POINT('',(-0.00855,-0.0095,0.0068));
#4018=CARTESIAN_POINT('',(-0.00095,-0.0095,0.0068));
#4019=CARTESIAN_POINT('',(-0.00095,-0.0095,0.0068));
#4020=CARTESIAN_POINT('',(-0.00855,-0.0095,0.0068));
#4021=CARTESIAN_POINT('',(0.00855,0.0076,0.0068));
#4022=CARTESIAN_POINT('',(0.01615,0.0076,0.0068));
#4023=CARTESIAN_POINT('',(0.01615,0.0076,0.0068));
#4024=CARTESIAN_POINT('',(0.00855,0.0076,0.0068));
#4025=CARTESIAN_POINT('',(0.00095,0.0076,0.0068));
#4026=CARTESIAN_POINT('',(0.00095,0.0076,0.0068));
#4027=CARTESIAN_POINT('',(0.01615,2.60208521396521E-18,0.0068));
#4028=CARTESIAN_POINT('',(0.01615,-0.0076,0.0068));
#4029=CARTESIAN_POINT('',(0.01615,-0.0076,0.0068));
#4030=CARTESIAN_POINT('',(0.01615,2.60208521396521E-18,0.0068));
#4031=CARTESIAN_POINT('',(0.00855,-0.0076,0.0068));
#4032=CARTESIAN_POINT('',(0.00095,-0.0076,0.0068));
#4033=CARTESIAN_POINT('',(0.00095,-0.0076,0.0068));
#4034=CARTESIAN_POINT('',(0.00855,-0.0076,0.0068));
#4035=CARTESIAN_POINT('',(-0.00855,-0.0076,0.0068));
#4036=CARTESIAN_POINT('',(-0.00855,-0.0076,0.0068));
#4037=CARTESIAN_POINT('',(0.01615,0.0171,0.0068));
#4038=CARTESIAN_POINT('',(0.01615,0.0171,0.0068));
#4039=CARTESIAN_POINT('',(0.00855,-0.0247,0.0068));
#4040=CARTESIAN_POINT('',(0.00855,-0.0247,0.0068));
#4041=CARTESIAN_POINT('',(-0.00095,-0.0171,0.0068));
#4042=CARTESIAN_POINT('',(-0.00095,-0.0171,0.0068));
#4043=CARTESIAN_POINT('',(0.00095,1.7347234759768E-18,0.0068));
#4044=CARTESIAN_POINT('',(0.00095,1.7347234759768E-18,0.0068));
#4045=CARTESIAN_POINT('',(-0.01615,0.0171,0.0068));
#4046=CARTESIAN_POINT('',(-0.01615,0.0171,0.0068));
#4047=CARTESIAN_POINT('',(-0.00389941573143005,0.000348424091935154,0.0068));
#4048=CARTESIAN_POINT('',(-0.0319239199116826,-0.0276760800883175,0.0068));
#4049=CARTESIAN_POINT('',(0.0280245041802525,-0.0315754958197476,0.0068));
#4050=CARTESIAN_POINT('',(0.0276760800883173,0.0319239199116828,0.0068));
#4051=CARTESIAN_POINT('',(-0.0315754958197475,0.0280245041802524,0.0068));
#4052=CARTESIAN_POINT('',(-0.017,0.032,0.003));
#4053=CARTESIAN_POINT('',(-0.017,0.035,0.003));
#4054=CARTESIAN_POINT('',(-0.017,0.035,0.003));
#4055=CARTESIAN_POINT('',(-0.017,0.035,-0.0011));
#4056=CARTESIAN_POINT('',(-0.017,0.032,-0.0011));
#4057=CARTESIAN_POINT('',(-0.017,0.029,-0.0011));
#4058=CARTESIAN_POINT('',(-0.017,0.029,0.003));
#4059=CARTESIAN_POINT('',(-0.017,0.029,0.003));
#4060=CARTESIAN_POINT('',(-0.017,0.032,0.003));
#4061=CARTESIAN_POINT('',(-0.0207618172788443,0.029,0.003));
#4062=CARTESIAN_POINT('',(-0.02,0.029,-0.0011));
#4063=CARTESIAN_POINT('',(-0.0196,0.029,-0.0011));
#4064=CARTESIAN_POINT('',(-0.0196,0.029,0.003));
#4065=CARTESIAN_POINT('',(-0.0196,0.029,0.003));
#4066=CARTESIAN_POINT('',(-0.0207618172788443,0.029,0.003));
#4067=CARTESIAN_POINT('',(-0.0207618172788443,0.035,0.003));
#4068=CARTESIAN_POINT('',(-0.0196,0.035,-0.0015));
#4069=CARTESIAN_POINT('',(-0.0196,0.035,0.003));
#4070=CARTESIAN_POINT('',(-0.0196,0.035,-0.0011));
#4071=CARTESIAN_POINT('',(-0.017,0.035,-0.0011));
#4072=CARTESIAN_POINT('',(-0.0207618172788443,0.035,0.003));
#4073=CARTESIAN_POINT('',(-0.00389914023639537,-0.00390636689960956,0.003));
#4074=CARTESIAN_POINT('',(-0.0196,0.035,0.003));
#4075=CARTESIAN_POINT('',(-0.0207618172788443,-0.029,0.003));
#4076=CARTESIAN_POINT('',(-0.0196,-0.029,0.003));
#4077=CARTESIAN_POINT('',(-0.0196,-0.029,0.003));
#4078=CARTESIAN_POINT('',(-0.0196,-0.029,-0.0011));
#4079=CARTESIAN_POINT('',(-0.0207618172788443,-0.029,-0.0011));
#4080=CARTESIAN_POINT('',(-0.017,-0.029,-0.0011));
#4081=CARTESIAN_POINT('',(-0.017,-0.029,0.003));
#4082=CARTESIAN_POINT('',(-0.017,-0.029,0.003));
#4083=CARTESIAN_POINT('',(-0.0207618172788443,-0.029,0.003));
#4084=CARTESIAN_POINT('',(-0.0207618172788443,-0.035,0.003));
#4085=CARTESIAN_POINT('',(-0.017,-0.035,0.003));
#4086=CARTESIAN_POINT('',(-0.017,-0.035,0.003));
#4087=CARTESIAN_POINT('',(-0.017,-0.035,-0.0011));
#4088=CARTESIAN_POINT('',(-0.0207618172788443,-0.035,-0.0011));
#4089=CARTESIAN_POINT('',(-0.0196,-0.035,-0.0011));
#4090=CARTESIAN_POINT('',(-0.0196,-0.035,0.003));
#4091=CARTESIAN_POINT('',(-0.0196,-0.035,0.003));
#4092=CARTESIAN_POINT('',(-0.0207618172788443,-0.035,0.003));
#4093=CARTESIAN_POINT('',(-0.00389914023639537,-0.00390636689960956,0.003));
#4094=CARTESIAN_POINT('',(-0.0196,-0.029,0.003));
#4095=CARTESIAN_POINT('',(-0.017,-0.032,0.003));
#4096=CARTESIAN_POINT('',(-0.017,-0.032,0.003));
#4097=CARTESIAN_POINT('',(-0.017,-0.032,-0.0011));
#4098=CARTESIAN_POINT('',(0.0207618172788443,-0.035,0.003));
#4099=CARTESIAN_POINT('',(0.0196,-0.035,0.003));
#4100=CARTESIAN_POINT('',(0.0196,-0.035,0.003));
#4101=CARTESIAN_POINT('',(0.0196,-0.035,-0.0011));
#4102=CARTESIAN_POINT('',(0.017,-0.035,-0.0011));
#4103=CARTESIAN_POINT('',(0.017,-0.035,-0.0011));
#4104=CARTESIAN_POINT('',(0.017,-0.035,0.003));
#4105=CARTESIAN_POINT('',(0.017,-0.035,0.003));
#4106=CARTESIAN_POINT('',(0.0207618172788443,-0.035,0.003));
#4107=CARTESIAN_POINT('',(0.017,-0.032,0.003));
#4108=CARTESIAN_POINT('',(0.017,-0.032,-0.0011));
#4109=CARTESIAN_POINT('',(0.017,-0.029,-0.0011));
#4110=CARTESIAN_POINT('',(0.017,-0.029,0.003));
#4111=CARTESIAN_POINT('',(0.017,-0.029,0.003));
#4112=CARTESIAN_POINT('',(0.017,-0.032,0.003));
#4113=CARTESIAN_POINT('',(0.0207618172788443,-0.029,0.003));
#4114=CARTESIAN_POINT('',(0.02,-0.029,-0.0011));
#4115=CARTESIAN_POINT('',(0.0196,-0.029,-0.0011));
#4116=CARTESIAN_POINT('',(0.0196,-0.029,0.003));
#4117=CARTESIAN_POINT('',(0.0196,-0.029,0.003));
#4118=CARTESIAN_POINT('',(0.0207618172788443,-0.029,0.003));
#4119=CARTESIAN_POINT('',(-0.00389914023639537,-0.00390636689960956,0.003));
#4120=CARTESIAN_POINT('',(0.0196,-0.00390636689960956,0.003));
#4121=CARTESIAN_POINT('',(0.017,0.032,0.003));
#4122=CARTESIAN_POINT('',(0.017,0.029,0.003));
#4123=CARTESIAN_POINT('',(0.017,0.029,0.003));
#4124=CARTESIAN_POINT('',(0.017,0.029,-0.0011));
#4125=CARTESIAN_POINT('',(0.017,0.032,-0.0011));
#4126=CARTESIAN_POINT('',(0.017,0.035,-0.0011));
#4127=CARTESIAN_POINT('',(0.017,0.035,0.003));
#4128=CARTESIAN_POINT('',(0.017,0.035,0.003));
#4129=CARTESIAN_POINT('',(0.017,0.032,0.003));
#4130=CARTESIAN_POINT('',(0.0207618172788443,0.035,0.003));
#4131=CARTESIAN_POINT('',(0.0207618172788443,0.035,-0.0011));
#4132=CARTESIAN_POINT('',(0.0196,0.035,-0.0011));
#4133=CARTESIAN_POINT('',(0.0196,0.035,0.003));
#4134=CARTESIAN_POINT('',(0.0196,0.035,0.003));
#4135=CARTESIAN_POINT('',(0.0207618172788443,0.035,0.003));
#4136=CARTESIAN_POINT('',(0.0207618172788443,0.029,0.003));
#4137=CARTESIAN_POINT('',(0.0196,0.029,-0.0015));
#4138=CARTESIAN_POINT('',(0.0196,0.029,0.003));
#4139=CARTESIAN_POINT('',(0.0196,0.029,-0.0011));
#4140=CARTESIAN_POINT('',(0.0207618172788443,0.029,-0.0011));
#4141=CARTESIAN_POINT('',(0.0207618172788443,0.029,0.003));
#4142=CARTESIAN_POINT('',(-0.00389914023639537,-0.00390636689960956,0.003));
#4143=CARTESIAN_POINT('',(0.0196,-0.00390636689960956,0.003));
#4144=CARTESIAN_POINT('',(-0.00927378950705011,0.00443467634264133,-0.0015));
#4145=CARTESIAN_POINT('',(-0.01585,0.0244,-0.0015));
#4146=CARTESIAN_POINT('',(-0.01585,0.0258,-0.0015));
#4147=CARTESIAN_POINT('',(-0.01725,0.0244,-0.0015));
#4148=CARTESIAN_POINT('',(-0.01725,0.00443467634264133,-0.0015));
#4149=CARTESIAN_POINT('',(-0.01725,-0.0244,-0.0015));
#4150=CARTESIAN_POINT('',(-0.01585,-0.0244,-0.0015));
#4151=CARTESIAN_POINT('',(-0.01585,-0.0258,-0.0015));
#4152=CARTESIAN_POINT('',(-0.00927378950705011,-0.0258,-0.0015));
#4153=CARTESIAN_POINT('',(0.01585,-0.0258,-0.0015));
#4154=CARTESIAN_POINT('',(0.01585,-0.0244,-0.0015));
#4155=CARTESIAN_POINT('',(0.01725,-0.0244,-0.0015));
#4156=CARTESIAN_POINT('',(0.01725,0.0244,-0.0015));
#4157=CARTESIAN_POINT('',(0.01725,0.0244,-0.0015));
#4158=CARTESIAN_POINT('',(0.01585,0.0244,-0.0015));
#4159=CARTESIAN_POINT('',(0.01585,0.0258,-0.0015));
#4160=CARTESIAN_POINT('',(-0.01585,0.0258,-0.0015));
#4161=CARTESIAN_POINT('',(0.0196,-0.04,-0.0015));
#4162=CARTESIAN_POINT('',(0.0196,-0.0354,-0.0015));
#4163=CARTESIAN_POINT('',(0.0196,-0.0396,-0.0015));
#4164=CARTESIAN_POINT('',(-0.02,-0.0396,-0.0015));
#4165=CARTESIAN_POINT('',(-0.0196,-0.0396,-0.0015));
#4166=CARTESIAN_POINT('',(-0.0196,0.00443467634264133,-0.0015));
#4167=CARTESIAN_POINT('',(-0.0196,-0.0354,-0.0015));
#4168=CARTESIAN_POINT('',(-0.00927378950705011,-0.0354,-0.0015));
#4169=CARTESIAN_POINT('',(-0.017,-0.0354,-0.0015));
#4170=CARTESIAN_POINT('',(-0.017,-0.032,-0.0015));
#4171=CARTESIAN_POINT('',(-0.017,-0.0286,-0.0015));
#4172=CARTESIAN_POINT('',(-0.00927378950705011,-0.0286,-0.0015));
#4173=CARTESIAN_POINT('',(-0.0196,-0.0286,-0.0015));
#4174=CARTESIAN_POINT('',(-0.0196,0.00443467634264133,-0.0015));
#4175=CARTESIAN_POINT('',(-0.0196,0.0286,-0.0015));
#4176=CARTESIAN_POINT('',(-0.017,0.0286,-0.0015));
#4177=CARTESIAN_POINT('',(-0.017,0.0286,-0.0015));
#4178=CARTESIAN_POINT('',(-0.017,0.032,-0.0015));
#4179=CARTESIAN_POINT('',(-0.017,0.0354,-0.0015));
#4180=CARTESIAN_POINT('',(-0.02,0.0354,-0.0015));
#4181=CARTESIAN_POINT('',(-0.0196,0.0354,-0.0015));
#4182=CARTESIAN_POINT('',(-0.0196,0.00443467634264133,-0.0015));
#4183=CARTESIAN_POINT('',(-0.0196,0.0396,-0.0015));
#4184=CARTESIAN_POINT('',(-0.00927378950705011,0.0396,-0.0015));
#4185=CARTESIAN_POINT('',(0.0196,0.0396,-0.0015));
#4186=CARTESIAN_POINT('',(0.0196,0.035,-0.0015));
#4187=CARTESIAN_POINT('',(0.0196,0.0354,-0.0015));
#4188=CARTESIAN_POINT('',(-0.00927378950705011,0.0354,-0.0015));
#4189=CARTESIAN_POINT('',(0.017,0.0354,-0.0015));
#4190=CARTESIAN_POINT('',(0.017,0.032,-0.0015));
#4191=CARTESIAN_POINT('',(0.017,0.0286,-0.0015));
#4192=CARTESIAN_POINT('',(-0.00927378950705011,0.0286,-0.0015));
#4193=CARTESIAN_POINT('',(0.0196,0.0286,-0.0015));
#4194=CARTESIAN_POINT('',(0.0196,-0.029,-0.0015));
#4195=CARTESIAN_POINT('',(0.0196,-0.0286,-0.0015));
#4196=CARTESIAN_POINT('',(0.017,-0.0286,-0.0015));
#4197=CARTESIAN_POINT('',(0.017,-0.0286,-0.0015));
#4198=CARTESIAN_POINT('',(0.017,-0.032,-0.0015));
#4199=CARTESIAN_POINT('',(0.017,-0.0354,-0.0015));
#4200=CARTESIAN_POINT('',(0.02,-0.0354,-0.0015));
#4201=CARTESIAN_POINT('',(-0.00515386381447315,-0.00415467921197415,0.0038));
#4202=CARTESIAN_POINT('',(0.00855,0.0171,0.0038));
#4203=CARTESIAN_POINT('',(0.00355,0.0171,0.0038));
#4204=CARTESIAN_POINT('',(-0.00515386381447315,-0.00415467921197415,0.0038));
#4205=CARTESIAN_POINT('',(0.00855,-1.95156391047391E-18,0.0038));
#4206=CARTESIAN_POINT('',(0.00355,-1.95156391047391E-18,0.0038));
#4207=CARTESIAN_POINT('',(-0.00515386381447315,-0.00415467921197415,0.0038));
#4208=CARTESIAN_POINT('',(-0.00855,-0.0171,0.0038));
#4209=CARTESIAN_POINT('',(-0.01355,-0.0171,0.0038));
#4210=CARTESIAN_POINT('',(-0.00515386381447315,-0.00415467921197415,0.0038));
#4211=CARTESIAN_POINT('',(-0.00855,-8.67361737988404E-19,0.0038));
#4212=CARTESIAN_POINT('',(-0.01355,-8.67361737988404E-19,0.0038));
#4213=CARTESIAN_POINT('',(-0.00515386381447315,-0.00415467921197415,0.0038));
#4214=CARTESIAN_POINT('',(0.00855,-0.0171,0.0038));
#4215=CARTESIAN_POINT('',(0.00355,-0.0171,0.0038));
#4216=CARTESIAN_POINT('',(0.00855,-1.95156391047391E-18,0.0033));
#4217=CARTESIAN_POINT('',(0.00855,-1.95156391047391E-18,0.0033));
#4218=CARTESIAN_POINT('',(0.00355,-1.95156391047391E-18,0.0033));
#4219=CARTESIAN_POINT('',(-0.00855,-8.67361737988404E-19,0.0033));
#4220=CARTESIAN_POINT('',(-0.00855,-8.67361737988404E-19,0.0033));
#4221=CARTESIAN_POINT('',(-0.01355,-8.67361737988404E-19,0.0033));
#4222=CARTESIAN_POINT('',(-0.00855,0.0171,0.0033));
#4223=CARTESIAN_POINT('',(-0.00855,0.0171,0.0033));
#4224=CARTESIAN_POINT('',(-0.01355,0.0171,0.0033));
#4225=CARTESIAN_POINT('',(-0.00855,0.0171,0.0038));
#4226=CARTESIAN_POINT('',(-0.01355,0.0171,0.0038));
#4227=CARTESIAN_POINT('',(0.00855,-0.0171,0.0033));
#4228=CARTESIAN_POINT('',(0.00855,-0.0171,0.0033));
#4229=CARTESIAN_POINT('',(0.00355,-0.0171,0.0033));
#4230=CARTESIAN_POINT('',(-0.00855,-0.0171,0.0033));
#4231=CARTESIAN_POINT('',(-0.00855,-0.0171,0.0033));
#4232=CARTESIAN_POINT('',(-0.01355,-0.0171,0.0033));
#4233=CARTESIAN_POINT('',(0.00855,0.0171,0.0033));
#4234=CARTESIAN_POINT('',(0.00855,0.0171,0.0033));
#4235=CARTESIAN_POINT('',(0.00355,0.0171,0.0033));
#4236=CARTESIAN_POINT('',(-0.00515386381447315,-0.00415467921197415,0.0033));
#4237=CARTESIAN_POINT('',(-0.00515386381447315,-0.00415467921197415,0.0038));
#4238=CARTESIAN_POINT('',(0.0196,0.04,0.006));
#4239=CARTESIAN_POINT('',(0.0196,0.04,-0.0011));
#4240=CARTESIAN_POINT('',(0.0196,0.04,-0.0011));
#4241=CARTESIAN_POINT('',(0.0196,0.04,-0.0011));
#4242=CARTESIAN_POINT('',(0.0198,0.0396,-0.0013));
#4243=CARTESIAN_POINT('',(0.0196,0.00443467634264133,-0.0015));
#4244=CARTESIAN_POINT('',(0.0196,0.0354,-0.0015));
#4245=CARTESIAN_POINT('',(-3.46944695195361E-18,0.04,-0.0011));
#4246=CARTESIAN_POINT('',(-0.0196,0.0398,-0.0013));
#4247=CARTESIAN_POINT('',(-0.02,0.0396,0.006));
#4248=CARTESIAN_POINT('',(-0.02,0.0396,-0.0011));
#4249=CARTESIAN_POINT('',(0.0196,0.0354,-0.0015));
#4250=CARTESIAN_POINT('',(0.0196,0.0354,-0.0015));
#4251=CARTESIAN_POINT('',(0.0198,0.0352,-0.0011));
#4252=CARTESIAN_POINT('',(-0.02,0.0396,-0.0011));
#4253=CARTESIAN_POINT('',(-0.02,0.0396,-0.0011));
#4254=CARTESIAN_POINT('',(0.02,0.0354,0.006));
#4255=CARTESIAN_POINT('',(0.00663121103346342,0.0220312110334633,-0.00996878896653655));
#4256=CARTESIAN_POINT('',(0.0207618172788443,0.035,-0.0011));
#4257=CARTESIAN_POINT('',(0.017,0.0354,-0.0015));
#4258=CARTESIAN_POINT('',(-0.02,0.,-0.0011));
#4259=CARTESIAN_POINT('',(-0.02,0.0354,-0.0011));
#4260=CARTESIAN_POINT('',(0.0196,-0.00390636689960956,0.003));
#4261=CARTESIAN_POINT('',(0.0196,0.029,0.003));
#4262=CARTESIAN_POINT('',(0.017,0.032,-0.0011));
#4263=CARTESIAN_POINT('',(0.017,0.0286,-0.0015));
#4264=CARTESIAN_POINT('',(-0.02,0.0354,-0.0011));
#4265=CARTESIAN_POINT('',(-0.02,0.0354,-0.0011));
#4266=CARTESIAN_POINT('',(-0.0196,0.0352,-0.0013));
#4267=CARTESIAN_POINT('',(0.0196,0.029,0.003));
#4268=CARTESIAN_POINT('',(0.02,0.0286,-0.0011));
#4269=CARTESIAN_POINT('',(0.0207618172788443,0.029,-0.0011));
#4270=CARTESIAN_POINT('',(0.0196,0.0288,-0.0013));
#4271=CARTESIAN_POINT('',(-0.00927378950705011,0.0354,-0.0015));
#4272=CARTESIAN_POINT('',(-0.017,0.035,-0.0011));
#4273=CARTESIAN_POINT('',(-0.0196,0.035,0.003));
#4274=CARTESIAN_POINT('',(-0.0082,0.0236,-0.0084));
#4275=CARTESIAN_POINT('',(0.02,0.0286,-0.0011));
#4276=CARTESIAN_POINT('',(0.02,0.0286,-0.0011));
#4277=CARTESIAN_POINT('',(-0.017,0.032,-0.0015));
#4278=CARTESIAN_POINT('',(-0.017,0.029,-0.0011));
#4279=CARTESIAN_POINT('',(-0.02,0.,0.0034));
#4280=CARTESIAN_POINT('',(-0.0208666666666667,0.0277333333333333,0.00426666666666667));
#4281=CARTESIAN_POINT('',(0.0196,0.00443467634264133,-0.0015));
#4282=CARTESIAN_POINT('',(0.0196,-0.0286,-0.0015));
#4283=CARTESIAN_POINT('',(-0.00927378950705011,0.0286,-0.0015));
#4284=CARTESIAN_POINT('',(-0.0196,0.0286,-0.0015));
#4285=CARTESIAN_POINT('',(-0.02,0.0286,0.006));
#4286=CARTESIAN_POINT('',(-0.0198,0.0288,-0.0011));
#4287=CARTESIAN_POINT('',(0.0196,-0.0286,-0.0015));
#4288=CARTESIAN_POINT('',(0.0196,-0.0286,-0.0015));
#4289=CARTESIAN_POINT('',(0.0198,-0.0288,-0.0011));
#4290=CARTESIAN_POINT('',(-0.0196,0.0286,-0.0015));
#4291=CARTESIAN_POINT('',(-0.0196,0.0286,-0.0015));
#4292=CARTESIAN_POINT('',(0.02,-0.0286,0.006));
#4293=CARTESIAN_POINT('',(0.0279645443667969,-0.0206354556332033,0.0113645443667968));
#4294=CARTESIAN_POINT('',(-0.00927378950705011,-0.0286,-0.0015));
#4295=CARTESIAN_POINT('',(0.017,-0.0286,-0.0015));
#4296=CARTESIAN_POINT('',(-0.02,0.,-0.0011));
#4297=CARTESIAN_POINT('',(-0.02,-0.0286,-0.0011));
#4298=CARTESIAN_POINT('',(0.0196,-0.00390636689960956,0.003));
#4299=CARTESIAN_POINT('',(0.0196,-0.035,0.003));
#4300=CARTESIAN_POINT('',(0.017,-0.032,-0.0015));
#4301=CARTESIAN_POINT('',(0.017,-0.0354,-0.0015));
#4302=CARTESIAN_POINT('',(-0.02,-0.0286,-0.0011));
#4303=CARTESIAN_POINT('',(-0.02,-0.0286,-0.0011));
#4304=CARTESIAN_POINT('',(-0.0196,-0.0288,-0.0013));
#4305=CARTESIAN_POINT('',(0.0196,-0.035,0.003));
#4306=CARTESIAN_POINT('',(0.02,-0.0354,-0.0011));
#4307=CARTESIAN_POINT('',(-0.00927378950705011,-0.0354,-0.0015));
#4308=CARTESIAN_POINT('',(0.0196,-0.0352,-0.0013));
#4309=CARTESIAN_POINT('',(-0.0207618172788443,-0.029,-0.0011));
#4310=CARTESIAN_POINT('',(-0.017,-0.029,-0.0011));
#4311=CARTESIAN_POINT('',(-0.02,-0.0286,0.006));
#4312=CARTESIAN_POINT('',(-0.0208666666666667,-0.0277333333333333,0.00426666666666666));
#4313=CARTESIAN_POINT('',(0.02,-0.0354,-0.0011));
#4314=CARTESIAN_POINT('',(0.02,-0.0354,-0.0011));
#4315=CARTESIAN_POINT('',(-0.017,-0.032,-0.0011));
#4316=CARTESIAN_POINT('',(-0.017,-0.035,-0.0011));
#4317=CARTESIAN_POINT('',(-0.0196,-0.00390636689960956,0.003));
#4318=CARTESIAN_POINT('',(-0.00923545563320316,-0.0246354556332033,-0.00736454436679677));
#4319=CARTESIAN_POINT('',(0.02,-0.0396,0.006));
#4320=CARTESIAN_POINT('',(0.02,-0.0396,-0.0011));
#4321=CARTESIAN_POINT('',(0.0196,0.00443467634264133,-0.0015));
#4322=CARTESIAN_POINT('',(0.02,-0.0396,-0.0011));
#4323=CARTESIAN_POINT('',(-0.0207618172788443,-0.035,-0.0011));
#4324=CARTESIAN_POINT('',(-0.0196,-0.0354,-0.0015));
#4325=CARTESIAN_POINT('',(-0.02,-0.0354,0.006));
#4326=CARTESIAN_POINT('',(-0.0198,-0.0352,-0.0011));
#4327=CARTESIAN_POINT('',(0.02,-0.0396,-0.0011));
#4328=CARTESIAN_POINT('',(0.0196,-0.0398,-0.0013));
#4329=CARTESIAN_POINT('',(-0.0196,-0.0354,-0.0015));
#4330=CARTESIAN_POINT('',(-0.0196,-0.0354,-0.0015));
#4331=CARTESIAN_POINT('',(-0.00927378950705011,-0.0396,-0.0015));
#4332=CARTESIAN_POINT('',(-0.0196,-0.04,-0.0011));
#4333=CARTESIAN_POINT('',(-0.02,0.,-0.0011));
#4334=CARTESIAN_POINT('',(-0.0198,-0.0396,-0.0013));
#4335=CARTESIAN_POINT('',(-0.0196,-0.04,-0.0011));
#4336=CARTESIAN_POINT('',(-0.0196,-0.04,-0.0011));
#4337=CARTESIAN_POINT('',(-0.0196,-0.04,0.006));
#4338=CARTESIAN_POINT('',(0.01725,0.00443467634264133,-0.0015));
#4339=CARTESIAN_POINT('',(0.01725,0.0244,-0.0015));
#4340=CARTESIAN_POINT('',(0.01685,-0.0244,-0.0011));
#4341=CARTESIAN_POINT('',(0.01585,-0.0244,-0.0015));
#4342=CARTESIAN_POINT('',(0.01585,-0.0254,-0.0011));
#4343=CARTESIAN_POINT('',(0.01585,0.0244,-0.0015));
#4344=CARTESIAN_POINT('',(0.01585,0.0258,-0.0015));
#4345=CARTESIAN_POINT('',(0.,-0.0254,-0.0011));
#4346=CARTESIAN_POINT('',(-0.01585,-0.0254,-0.0011));
#4347=CARTESIAN_POINT('',(-0.00927378950705011,0.0258,-0.0015));
#4348=CARTESIAN_POINT('',(-0.01585,0.0258,-0.0015));
#4349=CARTESIAN_POINT('',(-0.01585,-0.0244,-0.0015));
#4350=CARTESIAN_POINT('',(-0.01685,-0.0244,-0.0011));
#4351=CARTESIAN_POINT('',(-0.01585,0.0244,-0.0015));
#4352=CARTESIAN_POINT('',(-0.01725,0.0244,-0.0015));
#4353=CARTESIAN_POINT('',(-0.01685,0.,-0.0011));
#4354=MECHANICAL_DESIGN_GEOMETRIC_PRESENTATION_REPRESENTATION('',(#2687),
#4355);
#4355=(
GEOMETRIC_REPRESENTATION_CONTEXT(3)
GLOBAL_UNCERTAINTY_ASSIGNED_CONTEXT((#4356))
GLOBAL_UNIT_ASSIGNED_CONTEXT((#4359,#4358,#4357))
REPRESENTATION_CONTEXT('Keyboard_Part1','TOP_LEVEL_ASSEMBLY_PART')
);
#4356=UNCERTAINTY_MEASURE_WITH_UNIT(LENGTH_MEASURE(1.E-8),#4359,
'DISTANCE_ACCURACY_VALUE','Maximum Tolerance applied to model');
#4357=(
NAMED_UNIT(*)
SI_UNIT($,.STERADIAN.)
SOLID_ANGLE_UNIT()
);
#4358=(
NAMED_UNIT(*)
PLANE_ANGLE_UNIT()
SI_UNIT($,.RADIAN.)
);
#4359=(
LENGTH_UNIT()
NAMED_UNIT(*)
SI_UNIT($,.METRE.)
);
#4360=PRODUCT_DEFINITION_SHAPE('','',#4361);
#4361=PRODUCT_DEFINITION('','',#4363,#4362);
#4362=PRODUCT_DEFINITION_CONTEXT('',#4369,'design');
#4363=PRODUCT_DEFINITION_FORMATION_WITH_SPECIFIED_SOURCE('','',#4365,
 .NOT_KNOWN.);
#4364=PRODUCT_RELATED_PRODUCT_CATEGORY('','',(#4365));
#4365=PRODUCT('Keyboard_Part1','Keyboard_Part1','Keyboard_Part1',(#4367));
#4366=PRODUCT_CATEGORY('','');
#4367=PRODUCT_CONTEXT('',#4369,'mechanical');
#4368=APPLICATION_PROTOCOL_DEFINITION('international standard',
'ap242_managed_model_based_3d_engineering',2020,#4369);
#4369=APPLICATION_CONTEXT('managed model based 3d engineering');
ENDSEC;
END-ISO-10303-21;
