ISO-10303-21;
HEADER;
/* Generated by software containing ST-Developer
 * from STEP Tools, Inc. (www.steptools.com) 
 */
/* OPTION: using custom renumber hook */

FILE_DESCRIPTION(
/* description */ ('STEP AP242 Edition 2',
'CAx-IF Rec.Pracs.---Representation and Presentation of Product Manufa
cturing Information (PMI)---4.0---2014-10-13',
'CAx-IF Rec.Pracs.---3D Tessellated Geometry---0.4---2014-09-14','2;1',
'CAx-IF Rec.Pracs.---User Defined Attributes---1.5---2016-08-15'),
/* implementation_level */ '2;1');

FILE_NAME(
/* name */ 'Part Studio 1 - Keyboard_Part2',
/* time_stamp */ '2026-08-27T18:27:50Z',
/* author */ (''),
/* organization */ (''),
/* preprocessor_version */ 'ST-DEVELOPER v20',
/* originating_system */ 'ONSHAPE BY PTC INC, 1.219',
/* authorisation */ '  ');

FILE_SCHEMA (('AP242_MANAGED_MODEL_BASED_3D_ENGINEERING_MIM_LF { 1 0 10303 442 3 1 4 }'));
ENDSEC;

DATA;
#10=SHAPE_REPRESENTATION_RELATIONSHIP('','',#1697,#11);
#11=ADVANCED_BREP_SHAPE_REPRESENTATION('',(#1695),#2681);
#12=CYLINDRICAL_SURFACE('',#1736,0.00165);
#13=CYLINDRICAL_SURFACE('',#1738,0.00165);
#14=CYLINDRICAL_SURFACE('',#1740,0.00165);
#15=CYLINDRICAL_SURFACE('',#1742,0.00165);
#16=CIRCLE('',#1700,0.00165);
#17=CIRCLE('',#1701,0.00165);
#18=CIRCLE('',#1702,0.00165);
#19=CIRCLE('',#1703,0.00165);
#20=CIRCLE('',#1711,0.00165);
#21=CIRCLE('',#1712,0.00165);
#22=CIRCLE('',#1713,0.00165);
#23=CIRCLE('',#1714,0.00165);
#24=CIRCLE('',#1737,0.00165);
#25=CIRCLE('',#1739,0.00165);
#26=CIRCLE('',#1741,0.00165);
#27=CIRCLE('',#1743,0.00165);
#28=ORIENTED_EDGE('',*,*,#496,.T.);
#29=ORIENTED_EDGE('',*,*,#497,.T.);
#30=ORIENTED_EDGE('',*,*,#498,.F.);
#31=ORIENTED_EDGE('',*,*,#499,.T.);
#32=ORIENTED_EDGE('',*,*,#500,.F.);
#33=ORIENTED_EDGE('',*,*,#501,.T.);
#34=ORIENTED_EDGE('',*,*,#502,.F.);
#35=ORIENTED_EDGE('',*,*,#503,.T.);
#36=ORIENTED_EDGE('',*,*,#504,.T.);
#37=ORIENTED_EDGE('',*,*,#505,.T.);
#38=ORIENTED_EDGE('',*,*,#506,.F.);
#39=ORIENTED_EDGE('',*,*,#507,.T.);
#40=ORIENTED_EDGE('',*,*,#508,.F.);
#41=ORIENTED_EDGE('',*,*,#509,.T.);
#42=ORIENTED_EDGE('',*,*,#510,.T.);
#43=ORIENTED_EDGE('',*,*,#511,.T.);
#44=ORIENTED_EDGE('',*,*,#512,.F.);
#45=ORIENTED_EDGE('',*,*,#513,.T.);
#46=ORIENTED_EDGE('',*,*,#514,.T.);
#47=ORIENTED_EDGE('',*,*,#515,.T.);
#48=ORIENTED_EDGE('',*,*,#516,.T.);
#49=ORIENTED_EDGE('',*,*,#517,.T.);
#50=ORIENTED_EDGE('',*,*,#518,.T.);
#51=ORIENTED_EDGE('',*,*,#519,.T.);
#52=ORIENTED_EDGE('',*,*,#520,.T.);
#53=ORIENTED_EDGE('',*,*,#521,.T.);
#54=ORIENTED_EDGE('',*,*,#522,.F.);
#55=ORIENTED_EDGE('',*,*,#523,.T.);
#56=ORIENTED_EDGE('',*,*,#524,.T.);
#57=ORIENTED_EDGE('',*,*,#525,.F.);
#58=ORIENTED_EDGE('',*,*,#526,.F.);
#59=ORIENTED_EDGE('',*,*,#527,.F.);
#60=ORIENTED_EDGE('',*,*,#528,.T.);
#61=ORIENTED_EDGE('',*,*,#529,.T.);
#62=ORIENTED_EDGE('',*,*,#530,.F.);
#63=ORIENTED_EDGE('',*,*,#531,.F.);
#64=ORIENTED_EDGE('',*,*,#532,.F.);
#65=ORIENTED_EDGE('',*,*,#533,.T.);
#66=ORIENTED_EDGE('',*,*,#534,.T.);
#67=ORIENTED_EDGE('',*,*,#535,.T.);
#68=ORIENTED_EDGE('',*,*,#536,.F.);
#69=ORIENTED_EDGE('',*,*,#537,.F.);
#70=ORIENTED_EDGE('',*,*,#538,.T.);
#71=ORIENTED_EDGE('',*,*,#539,.F.);
#72=ORIENTED_EDGE('',*,*,#540,.F.);
#73=ORIENTED_EDGE('',*,*,#541,.T.);
#74=ORIENTED_EDGE('',*,*,#542,.T.);
#75=ORIENTED_EDGE('',*,*,#543,.F.);
#76=ORIENTED_EDGE('',*,*,#544,.F.);
#77=ORIENTED_EDGE('',*,*,#545,.T.);
#78=ORIENTED_EDGE('',*,*,#546,.T.);
#79=ORIENTED_EDGE('',*,*,#547,.T.);
#80=ORIENTED_EDGE('',*,*,#548,.F.);
#81=ORIENTED_EDGE('',*,*,#549,.F.);
#82=ORIENTED_EDGE('',*,*,#550,.T.);
#83=ORIENTED_EDGE('',*,*,#551,.F.);
#84=ORIENTED_EDGE('',*,*,#552,.F.);
#85=ORIENTED_EDGE('',*,*,#553,.T.);
#86=ORIENTED_EDGE('',*,*,#554,.T.);
#87=ORIENTED_EDGE('',*,*,#555,.F.);
#88=ORIENTED_EDGE('',*,*,#556,.F.);
#89=ORIENTED_EDGE('',*,*,#557,.T.);
#90=ORIENTED_EDGE('',*,*,#558,.F.);
#91=ORIENTED_EDGE('',*,*,#546,.F.);
#92=ORIENTED_EDGE('',*,*,#559,.F.);
#93=ORIENTED_EDGE('',*,*,#560,.T.);
#94=ORIENTED_EDGE('',*,*,#561,.F.);
#95=ORIENTED_EDGE('',*,*,#534,.F.);
#96=ORIENTED_EDGE('',*,*,#562,.F.);
#97=ORIENTED_EDGE('',*,*,#563,.T.);
#98=ORIENTED_EDGE('',*,*,#564,.F.);
#99=ORIENTED_EDGE('',*,*,#528,.F.);
#100=ORIENTED_EDGE('',*,*,#565,.F.);
#101=ORIENTED_EDGE('',*,*,#566,.T.);
#102=ORIENTED_EDGE('',*,*,#532,.T.);
#103=ORIENTED_EDGE('',*,*,#567,.T.);
#104=ORIENTED_EDGE('',*,*,#568,.F.);
#105=ORIENTED_EDGE('',*,*,#569,.T.);
#106=ORIENTED_EDGE('',*,*,#544,.T.);
#107=ORIENTED_EDGE('',*,*,#570,.T.);
#108=ORIENTED_EDGE('',*,*,#571,.F.);
#109=ORIENTED_EDGE('',*,*,#572,.T.);
#110=ORIENTED_EDGE('',*,*,#526,.T.);
#111=ORIENTED_EDGE('',*,*,#573,.T.);
#112=ORIENTED_EDGE('',*,*,#574,.F.);
#113=ORIENTED_EDGE('',*,*,#565,.T.);
#114=ORIENTED_EDGE('',*,*,#575,.T.);
#115=ORIENTED_EDGE('',*,*,#576,.F.);
#116=ORIENTED_EDGE('',*,*,#577,.F.);
#117=ORIENTED_EDGE('',*,*,#578,.T.);
#118=ORIENTED_EDGE('',*,*,#579,.T.);
#119=ORIENTED_EDGE('',*,*,#580,.F.);
#120=ORIENTED_EDGE('',*,*,#581,.T.);
#121=ORIENTED_EDGE('',*,*,#582,.T.);
#122=ORIENTED_EDGE('',*,*,#583,.F.);
#123=ORIENTED_EDGE('',*,*,#560,.F.);
#124=ORIENTED_EDGE('',*,*,#584,.F.);
#125=ORIENTED_EDGE('',*,*,#585,.T.);
#126=ORIENTED_EDGE('',*,*,#586,.F.);
#127=ORIENTED_EDGE('',*,*,#587,.T.);
#128=ORIENTED_EDGE('',*,*,#588,.T.);
#129=ORIENTED_EDGE('',*,*,#589,.T.);
#130=ORIENTED_EDGE('',*,*,#590,.F.);
#131=ORIENTED_EDGE('',*,*,#591,.T.);
#132=ORIENTED_EDGE('',*,*,#592,.F.);
#133=ORIENTED_EDGE('',*,*,#593,.T.);
#134=ORIENTED_EDGE('',*,*,#594,.T.);
#135=ORIENTED_EDGE('',*,*,#595,.T.);
#136=ORIENTED_EDGE('',*,*,#596,.F.);
#137=ORIENTED_EDGE('',*,*,#597,.F.);
#138=ORIENTED_EDGE('',*,*,#598,.T.);
#139=ORIENTED_EDGE('',*,*,#599,.T.);
#140=ORIENTED_EDGE('',*,*,#600,.F.);
#141=ORIENTED_EDGE('',*,*,#563,.F.);
#142=ORIENTED_EDGE('',*,*,#601,.T.);
#143=ORIENTED_EDGE('',*,*,#571,.T.);
#144=ORIENTED_EDGE('',*,*,#602,.T.);
#145=ORIENTED_EDGE('',*,*,#603,.F.);
#146=ORIENTED_EDGE('',*,*,#604,.F.);
#147=ORIENTED_EDGE('',*,*,#605,.T.);
#148=ORIENTED_EDGE('',*,*,#606,.F.);
#149=ORIENTED_EDGE('',*,*,#568,.T.);
#150=ORIENTED_EDGE('',*,*,#607,.T.);
#151=ORIENTED_EDGE('',*,*,#608,.F.);
#152=ORIENTED_EDGE('',*,*,#609,.F.);
#153=ORIENTED_EDGE('',*,*,#610,.T.);
#154=ORIENTED_EDGE('',*,*,#611,.T.);
#155=ORIENTED_EDGE('',*,*,#612,.F.);
#156=ORIENTED_EDGE('',*,*,#613,.T.);
#157=ORIENTED_EDGE('',*,*,#614,.T.);
#158=ORIENTED_EDGE('',*,*,#615,.F.);
#159=ORIENTED_EDGE('',*,*,#557,.F.);
#160=ORIENTED_EDGE('',*,*,#604,.T.);
#161=ORIENTED_EDGE('',*,*,#616,.F.);
#162=ORIENTED_EDGE('',*,*,#523,.F.);
#163=ORIENTED_EDGE('',*,*,#617,.T.);
#164=ORIENTED_EDGE('',*,*,#603,.T.);
#165=ORIENTED_EDGE('',*,*,#618,.F.);
#166=ORIENTED_EDGE('',*,*,#524,.F.);
#167=ORIENTED_EDGE('',*,*,#616,.T.);
#168=ORIENTED_EDGE('',*,*,#602,.F.);
#169=ORIENTED_EDGE('',*,*,#573,.F.);
#170=ORIENTED_EDGE('',*,*,#525,.T.);
#171=ORIENTED_EDGE('',*,*,#618,.T.);
#172=ORIENTED_EDGE('',*,*,#613,.F.);
#173=ORIENTED_EDGE('',*,*,#619,.F.);
#174=ORIENTED_EDGE('',*,*,#549,.T.);
#175=ORIENTED_EDGE('',*,*,#620,.T.);
#176=ORIENTED_EDGE('',*,*,#612,.T.);
#177=ORIENTED_EDGE('',*,*,#621,.T.);
#178=ORIENTED_EDGE('',*,*,#550,.F.);
#179=ORIENTED_EDGE('',*,*,#619,.T.);
#180=ORIENTED_EDGE('',*,*,#615,.T.);
#181=ORIENTED_EDGE('',*,*,#622,.F.);
#182=ORIENTED_EDGE('',*,*,#547,.F.);
#183=ORIENTED_EDGE('',*,*,#558,.T.);
#184=ORIENTED_EDGE('',*,*,#581,.F.);
#185=ORIENTED_EDGE('',*,*,#623,.F.);
#186=ORIENTED_EDGE('',*,*,#537,.T.);
#187=ORIENTED_EDGE('',*,*,#624,.T.);
#188=ORIENTED_EDGE('',*,*,#580,.T.);
#189=ORIENTED_EDGE('',*,*,#625,.T.);
#190=ORIENTED_EDGE('',*,*,#538,.F.);
#191=ORIENTED_EDGE('',*,*,#623,.T.);
#192=ORIENTED_EDGE('',*,*,#583,.T.);
#193=ORIENTED_EDGE('',*,*,#626,.F.);
#194=ORIENTED_EDGE('',*,*,#535,.F.);
#195=ORIENTED_EDGE('',*,*,#561,.T.);
#196=ORIENTED_EDGE('',*,*,#599,.F.);
#197=ORIENTED_EDGE('',*,*,#627,.F.);
#198=ORIENTED_EDGE('',*,*,#530,.T.);
#199=ORIENTED_EDGE('',*,*,#628,.T.);
#200=ORIENTED_EDGE('',*,*,#598,.F.);
#201=ORIENTED_EDGE('',*,*,#629,.F.);
#202=ORIENTED_EDGE('',*,*,#531,.T.);
#203=ORIENTED_EDGE('',*,*,#627,.T.);
#204=ORIENTED_EDGE('',*,*,#597,.T.);
#205=ORIENTED_EDGE('',*,*,#630,.T.);
#206=ORIENTED_EDGE('',*,*,#520,.F.);
#207=ORIENTED_EDGE('',*,*,#629,.T.);
#208=ORIENTED_EDGE('',*,*,#631,.F.);
#209=ORIENTED_EDGE('',*,*,#578,.F.);
#210=ORIENTED_EDGE('',*,*,#632,.F.);
#211=ORIENTED_EDGE('',*,*,#540,.T.);
#212=ORIENTED_EDGE('',*,*,#577,.T.);
#213=ORIENTED_EDGE('',*,*,#633,.F.);
#214=ORIENTED_EDGE('',*,*,#541,.F.);
#215=ORIENTED_EDGE('',*,*,#632,.T.);
#216=ORIENTED_EDGE('',*,*,#576,.T.);
#217=ORIENTED_EDGE('',*,*,#634,.F.);
#218=ORIENTED_EDGE('',*,*,#542,.F.);
#219=ORIENTED_EDGE('',*,*,#633,.T.);
#220=ORIENTED_EDGE('',*,*,#635,.F.);
#221=ORIENTED_EDGE('',*,*,#610,.F.);
#222=ORIENTED_EDGE('',*,*,#636,.F.);
#223=ORIENTED_EDGE('',*,*,#552,.T.);
#224=ORIENTED_EDGE('',*,*,#609,.T.);
#225=ORIENTED_EDGE('',*,*,#637,.F.);
#226=ORIENTED_EDGE('',*,*,#553,.F.);
#227=ORIENTED_EDGE('',*,*,#636,.T.);
#228=ORIENTED_EDGE('',*,*,#608,.T.);
#229=ORIENTED_EDGE('',*,*,#638,.F.);
#230=ORIENTED_EDGE('',*,*,#554,.F.);
#231=ORIENTED_EDGE('',*,*,#637,.T.);
#232=ORIENTED_EDGE('',*,*,#639,.T.);
#233=ORIENTED_EDGE('',*,*,#640,.T.);
#234=ORIENTED_EDGE('',*,*,#641,.T.);
#235=ORIENTED_EDGE('',*,*,#642,.T.);
#236=ORIENTED_EDGE('',*,*,#643,.T.);
#237=ORIENTED_EDGE('',*,*,#594,.F.);
#238=ORIENTED_EDGE('',*,*,#644,.T.);
#239=ORIENTED_EDGE('',*,*,#645,.T.);
#240=ORIENTED_EDGE('',*,*,#646,.T.);
#241=ORIENTED_EDGE('',*,*,#592,.T.);
#242=ORIENTED_EDGE('',*,*,#647,.T.);
#243=ORIENTED_EDGE('',*,*,#648,.T.);
#244=ORIENTED_EDGE('',*,*,#649,.T.);
#245=ORIENTED_EDGE('',*,*,#590,.T.);
#246=ORIENTED_EDGE('',*,*,#650,.T.);
#247=ORIENTED_EDGE('',*,*,#651,.F.);
#248=ORIENTED_EDGE('',*,*,#504,.F.);
#249=ORIENTED_EDGE('',*,*,#652,.T.);
#250=ORIENTED_EDGE('',*,*,#653,.F.);
#251=ORIENTED_EDGE('',*,*,#654,.T.);
#252=ORIENTED_EDGE('',*,*,#584,.T.);
#253=ORIENTED_EDGE('',*,*,#500,.T.);
#254=ORIENTED_EDGE('',*,*,#655,.T.);
#255=ORIENTED_EDGE('',*,*,#656,.T.);
#256=ORIENTED_EDGE('',*,*,#657,.T.);
#257=ORIENTED_EDGE('',*,*,#585,.F.);
#258=ORIENTED_EDGE('',*,*,#658,.F.);
#259=ORIENTED_EDGE('',*,*,#659,.T.);
#260=ORIENTED_EDGE('',*,*,#516,.F.);
#261=ORIENTED_EDGE('',*,*,#660,.T.);
#262=ORIENTED_EDGE('',*,*,#586,.T.);
#263=ORIENTED_EDGE('',*,*,#661,.T.);
#264=ORIENTED_EDGE('',*,*,#662,.T.);
#265=ORIENTED_EDGE('',*,*,#512,.T.);
#266=ORIENTED_EDGE('',*,*,#663,.T.);
#267=ORIENTED_EDGE('',*,*,#587,.F.);
#268=ORIENTED_EDGE('',*,*,#614,.F.);
#269=ORIENTED_EDGE('',*,*,#620,.F.);
#270=ORIENTED_EDGE('',*,*,#548,.T.);
#271=ORIENTED_EDGE('',*,*,#622,.T.);
#272=ORIENTED_EDGE('',*,*,#582,.F.);
#273=ORIENTED_EDGE('',*,*,#624,.F.);
#274=ORIENTED_EDGE('',*,*,#536,.T.);
#275=ORIENTED_EDGE('',*,*,#626,.T.);
#276=ORIENTED_EDGE('',*,*,#600,.T.);
#277=ORIENTED_EDGE('',*,*,#628,.F.);
#278=ORIENTED_EDGE('',*,*,#529,.F.);
#279=ORIENTED_EDGE('',*,*,#564,.T.);
#280=ORIENTED_EDGE('',*,*,#575,.F.);
#281=ORIENTED_EDGE('',*,*,#567,.F.);
#282=ORIENTED_EDGE('',*,*,#543,.T.);
#283=ORIENTED_EDGE('',*,*,#634,.T.);
#284=ORIENTED_EDGE('',*,*,#607,.F.);
#285=ORIENTED_EDGE('',*,*,#570,.F.);
#286=ORIENTED_EDGE('',*,*,#555,.T.);
#287=ORIENTED_EDGE('',*,*,#638,.T.);
#288=ORIENTED_EDGE('',*,*,#664,.T.);
#289=ORIENTED_EDGE('',*,*,#665,.T.);
#290=ORIENTED_EDGE('',*,*,#666,.T.);
#291=ORIENTED_EDGE('',*,*,#588,.F.);
#292=ORIENTED_EDGE('',*,*,#667,.F.);
#293=ORIENTED_EDGE('',*,*,#605,.F.);
#294=ORIENTED_EDGE('',*,*,#617,.F.);
#295=ORIENTED_EDGE('',*,*,#522,.T.);
#296=ORIENTED_EDGE('',*,*,#666,.F.);
#297=ORIENTED_EDGE('',*,*,#668,.F.);
#298=ORIENTED_EDGE('',*,*,#650,.F.);
#299=ORIENTED_EDGE('',*,*,#589,.F.);
#300=ORIENTED_EDGE('',*,*,#643,.F.);
#301=ORIENTED_EDGE('',*,*,#669,.F.);
#302=ORIENTED_EDGE('',*,*,#664,.F.);
#303=ORIENTED_EDGE('',*,*,#595,.F.);
#304=ORIENTED_EDGE('',*,*,#649,.F.);
#305=ORIENTED_EDGE('',*,*,#670,.T.);
#306=ORIENTED_EDGE('',*,*,#644,.F.);
#307=ORIENTED_EDGE('',*,*,#591,.F.);
#308=ORIENTED_EDGE('',*,*,#646,.F.);
#309=ORIENTED_EDGE('',*,*,#671,.T.);
#310=ORIENTED_EDGE('',*,*,#639,.F.);
#311=ORIENTED_EDGE('',*,*,#593,.F.);
#312=ORIENTED_EDGE('',*,*,#672,.T.);
#313=ORIENTED_EDGE('',*,*,#673,.T.);
#314=ORIENTED_EDGE('',*,*,#514,.F.);
#315=ORIENTED_EDGE('',*,*,#674,.T.);
#316=ORIENTED_EDGE('',*,*,#675,.T.);
#317=ORIENTED_EDGE('',*,*,#676,.T.);
#318=ORIENTED_EDGE('',*,*,#510,.F.);
#319=ORIENTED_EDGE('',*,*,#677,.T.);
#320=ORIENTED_EDGE('',*,*,#508,.T.);
#321=ORIENTED_EDGE('',*,*,#678,.T.);
#322=ORIENTED_EDGE('',*,*,#679,.F.);
#323=ORIENTED_EDGE('',*,*,#680,.T.);
#324=ORIENTED_EDGE('',*,*,#506,.T.);
#325=ORIENTED_EDGE('',*,*,#681,.T.);
#326=ORIENTED_EDGE('',*,*,#682,.F.);
#327=ORIENTED_EDGE('',*,*,#683,.T.);
#328=ORIENTED_EDGE('',*,*,#502,.T.);
#329=ORIENTED_EDGE('',*,*,#684,.T.);
#330=ORIENTED_EDGE('',*,*,#685,.F.);
#331=ORIENTED_EDGE('',*,*,#686,.T.);
#332=ORIENTED_EDGE('',*,*,#687,.F.);
#333=ORIENTED_EDGE('',*,*,#688,.T.);
#334=ORIENTED_EDGE('',*,*,#498,.T.);
#335=ORIENTED_EDGE('',*,*,#689,.T.);
#336=ORIENTED_EDGE('',*,*,#690,.T.);
#337=ORIENTED_EDGE('',*,*,#691,.T.);
#338=ORIENTED_EDGE('',*,*,#496,.F.);
#339=ORIENTED_EDGE('',*,*,#692,.T.);
#340=ORIENTED_EDGE('',*,*,#518,.F.);
#341=ORIENTED_EDGE('',*,*,#693,.T.);
#342=ORIENTED_EDGE('',*,*,#694,.T.);
#343=ORIENTED_EDGE('',*,*,#695,.T.);
#344=ORIENTED_EDGE('',*,*,#696,.F.);
#345=ORIENTED_EDGE('',*,*,#697,.T.);
#346=ORIENTED_EDGE('',*,*,#651,.T.);
#347=ORIENTED_EDGE('',*,*,#668,.T.);
#348=ORIENTED_EDGE('',*,*,#665,.F.);
#349=ORIENTED_EDGE('',*,*,#669,.T.);
#350=ORIENTED_EDGE('',*,*,#642,.F.);
#351=ORIENTED_EDGE('',*,*,#698,.T.);
#352=ORIENTED_EDGE('',*,*,#656,.F.);
#353=ORIENTED_EDGE('',*,*,#699,.T.);
#354=ORIENTED_EDGE('',*,*,#687,.T.);
#355=ORIENTED_EDGE('',*,*,#700,.T.);
#356=ORIENTED_EDGE('',*,*,#690,.F.);
#357=ORIENTED_EDGE('',*,*,#701,.T.);
#358=ORIENTED_EDGE('',*,*,#694,.F.);
#359=ORIENTED_EDGE('',*,*,#702,.T.);
#360=ORIENTED_EDGE('',*,*,#658,.T.);
#361=ORIENTED_EDGE('',*,*,#703,.T.);
#362=ORIENTED_EDGE('',*,*,#672,.F.);
#363=ORIENTED_EDGE('',*,*,#704,.T.);
#364=ORIENTED_EDGE('',*,*,#661,.F.);
#365=ORIENTED_EDGE('',*,*,#705,.T.);
#366=ORIENTED_EDGE('',*,*,#675,.F.);
#367=ORIENTED_EDGE('',*,*,#706,.T.);
#368=ORIENTED_EDGE('',*,*,#679,.T.);
#369=ORIENTED_EDGE('',*,*,#707,.T.);
#370=ORIENTED_EDGE('',*,*,#682,.T.);
#371=ORIENTED_EDGE('',*,*,#708,.T.);
#372=ORIENTED_EDGE('',*,*,#653,.T.);
#373=ORIENTED_EDGE('',*,*,#709,.T.);
#374=ORIENTED_EDGE('',*,*,#685,.T.);
#375=ORIENTED_EDGE('',*,*,#710,.T.);
#376=ORIENTED_EDGE('',*,*,#699,.F.);
#377=ORIENTED_EDGE('',*,*,#655,.F.);
#378=ORIENTED_EDGE('',*,*,#499,.F.);
#379=ORIENTED_EDGE('',*,*,#688,.F.);
#380=ORIENTED_EDGE('',*,*,#710,.F.);
#381=ORIENTED_EDGE('',*,*,#684,.F.);
#382=ORIENTED_EDGE('',*,*,#501,.F.);
#383=ORIENTED_EDGE('',*,*,#657,.F.);
#384=ORIENTED_EDGE('',*,*,#709,.F.);
#385=ORIENTED_EDGE('',*,*,#652,.F.);
#386=ORIENTED_EDGE('',*,*,#503,.F.);
#387=ORIENTED_EDGE('',*,*,#686,.F.);
#388=ORIENTED_EDGE('',*,*,#708,.F.);
#389=ORIENTED_EDGE('',*,*,#681,.F.);
#390=ORIENTED_EDGE('',*,*,#505,.F.);
#391=ORIENTED_EDGE('',*,*,#654,.F.);
#392=ORIENTED_EDGE('',*,*,#702,.F.);
#393=ORIENTED_EDGE('',*,*,#693,.F.);
#394=ORIENTED_EDGE('',*,*,#517,.F.);
#395=ORIENTED_EDGE('',*,*,#659,.F.);
#396=ORIENTED_EDGE('',*,*,#703,.F.);
#397=ORIENTED_EDGE('',*,*,#660,.F.);
#398=ORIENTED_EDGE('',*,*,#515,.F.);
#399=ORIENTED_EDGE('',*,*,#673,.F.);
#400=ORIENTED_EDGE('',*,*,#704,.F.);
#401=ORIENTED_EDGE('',*,*,#674,.F.);
#402=ORIENTED_EDGE('',*,*,#513,.F.);
#403=ORIENTED_EDGE('',*,*,#662,.F.);
#404=ORIENTED_EDGE('',*,*,#705,.F.);
#405=ORIENTED_EDGE('',*,*,#663,.F.);
#406=ORIENTED_EDGE('',*,*,#511,.F.);
#407=ORIENTED_EDGE('',*,*,#676,.F.);
#408=ORIENTED_EDGE('',*,*,#700,.F.);
#409=ORIENTED_EDGE('',*,*,#689,.F.);
#410=ORIENTED_EDGE('',*,*,#497,.F.);
#411=ORIENTED_EDGE('',*,*,#691,.F.);
#412=ORIENTED_EDGE('',*,*,#701,.F.);
#413=ORIENTED_EDGE('',*,*,#692,.F.);
#414=ORIENTED_EDGE('',*,*,#519,.F.);
#415=ORIENTED_EDGE('',*,*,#695,.F.);
#416=ORIENTED_EDGE('',*,*,#707,.F.);
#417=ORIENTED_EDGE('',*,*,#678,.F.);
#418=ORIENTED_EDGE('',*,*,#507,.F.);
#419=ORIENTED_EDGE('',*,*,#683,.F.);
#420=ORIENTED_EDGE('',*,*,#706,.F.);
#421=ORIENTED_EDGE('',*,*,#677,.F.);
#422=ORIENTED_EDGE('',*,*,#509,.F.);
#423=ORIENTED_EDGE('',*,*,#680,.F.);
#424=ORIENTED_EDGE('',*,*,#562,.T.);
#425=ORIENTED_EDGE('',*,*,#527,.T.);
#426=ORIENTED_EDGE('',*,*,#572,.F.);
#427=ORIENTED_EDGE('',*,*,#601,.F.);
#428=ORIENTED_EDGE('',*,*,#596,.T.);
#429=ORIENTED_EDGE('',*,*,#667,.T.);
#430=ORIENTED_EDGE('',*,*,#521,.F.);
#431=ORIENTED_EDGE('',*,*,#630,.F.);
#432=ORIENTED_EDGE('',*,*,#631,.T.);
#433=ORIENTED_EDGE('',*,*,#539,.T.);
#434=ORIENTED_EDGE('',*,*,#625,.F.);
#435=ORIENTED_EDGE('',*,*,#579,.F.);
#436=ORIENTED_EDGE('',*,*,#574,.T.);
#437=ORIENTED_EDGE('',*,*,#559,.T.);
#438=ORIENTED_EDGE('',*,*,#533,.F.);
#439=ORIENTED_EDGE('',*,*,#566,.F.);
#440=ORIENTED_EDGE('',*,*,#635,.T.);
#441=ORIENTED_EDGE('',*,*,#551,.T.);
#442=ORIENTED_EDGE('',*,*,#621,.F.);
#443=ORIENTED_EDGE('',*,*,#611,.F.);
#444=ORIENTED_EDGE('',*,*,#606,.T.);
#445=ORIENTED_EDGE('',*,*,#556,.T.);
#446=ORIENTED_EDGE('',*,*,#545,.F.);
#447=ORIENTED_EDGE('',*,*,#569,.F.);
#448=ORIENTED_EDGE('',*,*,#696,.T.);
#449=ORIENTED_EDGE('',*,*,#711,.T.);
#450=ORIENTED_EDGE('',*,*,#712,.T.);
#451=ORIENTED_EDGE('',*,*,#713,.T.);
#452=ORIENTED_EDGE('',*,*,#714,.T.);
#453=ORIENTED_EDGE('',*,*,#715,.T.);
#454=ORIENTED_EDGE('',*,*,#716,.T.);
#455=ORIENTED_EDGE('',*,*,#717,.T.);
#456=ORIENTED_EDGE('',*,*,#718,.T.);
#457=ORIENTED_EDGE('',*,*,#719,.T.);
#458=ORIENTED_EDGE('',*,*,#720,.F.);
#459=ORIENTED_EDGE('',*,*,#640,.F.);
#460=ORIENTED_EDGE('',*,*,#721,.F.);
#461=ORIENTED_EDGE('',*,*,#717,.F.);
#462=ORIENTED_EDGE('',*,*,#698,.F.);
#463=ORIENTED_EDGE('',*,*,#641,.F.);
#464=ORIENTED_EDGE('',*,*,#722,.F.);
#465=ORIENTED_EDGE('',*,*,#711,.F.);
#466=ORIENTED_EDGE('',*,*,#721,.T.);
#467=ORIENTED_EDGE('',*,*,#671,.F.);
#468=ORIENTED_EDGE('',*,*,#723,.F.);
#469=ORIENTED_EDGE('',*,*,#718,.F.);
#470=ORIENTED_EDGE('',*,*,#722,.T.);
#471=ORIENTED_EDGE('',*,*,#720,.T.);
#472=ORIENTED_EDGE('',*,*,#724,.F.);
#473=ORIENTED_EDGE('',*,*,#723,.T.);
#474=ORIENTED_EDGE('',*,*,#645,.F.);
#475=ORIENTED_EDGE('',*,*,#725,.F.);
#476=ORIENTED_EDGE('',*,*,#719,.F.);
#477=ORIENTED_EDGE('',*,*,#724,.T.);
#478=ORIENTED_EDGE('',*,*,#716,.F.);
#479=ORIENTED_EDGE('',*,*,#726,.F.);
#480=ORIENTED_EDGE('',*,*,#712,.F.);
#481=ORIENTED_EDGE('',*,*,#697,.F.);
#482=ORIENTED_EDGE('',*,*,#713,.F.);
#483=ORIENTED_EDGE('',*,*,#727,.F.);
#484=ORIENTED_EDGE('',*,*,#647,.F.);
#485=ORIENTED_EDGE('',*,*,#725,.T.);
#486=ORIENTED_EDGE('',*,*,#670,.F.);
#487=ORIENTED_EDGE('',*,*,#728,.F.);
#488=ORIENTED_EDGE('',*,*,#714,.F.);
#489=ORIENTED_EDGE('',*,*,#727,.T.);
#490=ORIENTED_EDGE('',*,*,#726,.T.);
#491=ORIENTED_EDGE('',*,*,#729,.F.);
#492=ORIENTED_EDGE('',*,*,#728,.T.);
#493=ORIENTED_EDGE('',*,*,#648,.F.);
#494=ORIENTED_EDGE('',*,*,#729,.T.);
#495=ORIENTED_EDGE('',*,*,#715,.F.);
#496=EDGE_CURVE('',#730,#731,#884,.T.);
#497=EDGE_CURVE('',#731,#732,#885,.T.);
#498=EDGE_CURVE('',#733,#732,#886,.T.);
#499=EDGE_CURVE('',#733,#734,#887,.F.);
#500=EDGE_CURVE('',#735,#734,#16,.T.);
#501=EDGE_CURVE('',#735,#736,#888,.F.);
#502=EDGE_CURVE('',#737,#736,#889,.T.);
#503=EDGE_CURVE('',#737,#738,#890,.F.);
#504=EDGE_CURVE('',#738,#739,#17,.T.);
#505=EDGE_CURVE('',#739,#740,#891,.F.);
#506=EDGE_CURVE('',#741,#740,#892,.T.);
#507=EDGE_CURVE('',#741,#742,#893,.F.);
#508=EDGE_CURVE('',#743,#742,#894,.T.);
#509=EDGE_CURVE('',#743,#744,#895,.T.);
#510=EDGE_CURVE('',#744,#745,#896,.T.);
#511=EDGE_CURVE('',#745,#746,#897,.F.);
#512=EDGE_CURVE('',#747,#746,#18,.T.);
#513=EDGE_CURVE('',#747,#748,#898,.F.);
#514=EDGE_CURVE('',#748,#749,#899,.T.);
#515=EDGE_CURVE('',#749,#750,#900,.F.);
#516=EDGE_CURVE('',#750,#751,#19,.T.);
#517=EDGE_CURVE('',#751,#752,#901,.F.);
#518=EDGE_CURVE('',#752,#753,#902,.T.);
#519=EDGE_CURVE('',#753,#730,#903,.F.);
#520=EDGE_CURVE('',#754,#755,#904,.T.);
#521=EDGE_CURVE('',#755,#756,#905,.T.);
#522=EDGE_CURVE('',#757,#756,#906,.T.);
#523=EDGE_CURVE('',#757,#758,#907,.T.);
#524=EDGE_CURVE('',#758,#759,#908,.T.);
#525=EDGE_CURVE('',#760,#759,#909,.T.);
#526=EDGE_CURVE('',#761,#760,#910,.T.);
#527=EDGE_CURVE('',#762,#761,#911,.T.);
#528=EDGE_CURVE('',#762,#763,#912,.T.);
#529=EDGE_CURVE('',#763,#764,#913,.T.);
#530=EDGE_CURVE('',#765,#764,#914,.T.);
#531=EDGE_CURVE('',#754,#765,#915,.T.);
#532=EDGE_CURVE('',#766,#767,#916,.T.);
#533=EDGE_CURVE('',#766,#768,#917,.T.);
#534=EDGE_CURVE('',#768,#769,#918,.T.);
#535=EDGE_CURVE('',#769,#770,#919,.T.);
#536=EDGE_CURVE('',#771,#770,#920,.T.);
#537=EDGE_CURVE('',#772,#771,#921,.T.);
#538=EDGE_CURVE('',#772,#773,#922,.T.);
#539=EDGE_CURVE('',#774,#773,#923,.T.);
#540=EDGE_CURVE('',#775,#774,#924,.T.);
#541=EDGE_CURVE('',#775,#776,#925,.T.);
#542=EDGE_CURVE('',#776,#777,#926,.T.);
#543=EDGE_CURVE('',#767,#777,#927,.T.);
#544=EDGE_CURVE('',#778,#779,#928,.T.);
#545=EDGE_CURVE('',#778,#780,#929,.T.);
#546=EDGE_CURVE('',#780,#781,#930,.T.);
#547=EDGE_CURVE('',#781,#782,#931,.T.);
#548=EDGE_CURVE('',#783,#782,#932,.T.);
#549=EDGE_CURVE('',#784,#783,#933,.T.);
#550=EDGE_CURVE('',#784,#785,#934,.T.);
#551=EDGE_CURVE('',#786,#785,#935,.T.);
#552=EDGE_CURVE('',#787,#786,#936,.T.);
#553=EDGE_CURVE('',#787,#788,#937,.T.);
#554=EDGE_CURVE('',#788,#789,#938,.T.);
#555=EDGE_CURVE('',#779,#789,#939,.T.);
#556=EDGE_CURVE('',#790,#780,#940,.T.);
#557=EDGE_CURVE('',#790,#791,#941,.T.);
#558=EDGE_CURVE('',#781,#791,#942,.T.);
#559=EDGE_CURVE('',#792,#768,#943,.T.);
#560=EDGE_CURVE('',#792,#793,#944,.T.);
#561=EDGE_CURVE('',#769,#793,#945,.T.);
#562=EDGE_CURVE('',#794,#762,#946,.T.);
#563=EDGE_CURVE('',#794,#795,#947,.T.);
#564=EDGE_CURVE('',#763,#795,#948,.T.);
#565=EDGE_CURVE('',#796,#797,#949,.T.);
#566=EDGE_CURVE('',#796,#766,#950,.T.);
#567=EDGE_CURVE('',#767,#797,#951,.T.);
#568=EDGE_CURVE('',#798,#799,#952,.T.);
#569=EDGE_CURVE('',#798,#778,#953,.T.);
#570=EDGE_CURVE('',#779,#799,#954,.T.);
#571=EDGE_CURVE('',#800,#801,#955,.T.);
#572=EDGE_CURVE('',#800,#761,#956,.T.);
#573=EDGE_CURVE('',#760,#801,#957,.T.);
#574=EDGE_CURVE('',#796,#792,#958,.T.);
#575=EDGE_CURVE('',#797,#802,#959,.T.);
#576=EDGE_CURVE('',#803,#802,#960,.T.);
#577=EDGE_CURVE('',#804,#803,#961,.T.);
#578=EDGE_CURVE('',#804,#805,#962,.T.);
#579=EDGE_CURVE('',#805,#806,#963,.T.);
#580=EDGE_CURVE('',#807,#806,#964,.T.);
#581=EDGE_CURVE('',#807,#808,#965,.T.);
#582=EDGE_CURVE('',#808,#809,#966,.T.);
#583=EDGE_CURVE('',#793,#809,#967,.T.);
#584=EDGE_CURVE('',#810,#810,#20,.T.);
#585=EDGE_CURVE('',#811,#811,#21,.T.);
#586=EDGE_CURVE('',#812,#812,#22,.T.);
#587=EDGE_CURVE('',#813,#813,#23,.T.);
#588=EDGE_CURVE('',#814,#815,#968,.T.);
#589=EDGE_CURVE('',#815,#816,#969,.T.);
#590=EDGE_CURVE('',#817,#816,#970,.T.);
#591=EDGE_CURVE('',#817,#818,#971,.F.);
#592=EDGE_CURVE('',#819,#818,#972,.T.);
#593=EDGE_CURVE('',#819,#820,#973,.T.);
#594=EDGE_CURVE('',#820,#821,#974,.T.);
#595=EDGE_CURVE('',#821,#814,#975,.F.);
#596=EDGE_CURVE('',#822,#823,#976,.T.);
#597=EDGE_CURVE('',#824,#822,#977,.T.);
#598=EDGE_CURVE('',#824,#825,#978,.T.);
#599=EDGE_CURVE('',#825,#826,#979,.T.);
#600=EDGE_CURVE('',#795,#826,#980,.T.);
#601=EDGE_CURVE('',#794,#800,#981,.T.);
#602=EDGE_CURVE('',#801,#827,#982,.T.);
#603=EDGE_CURVE('',#828,#827,#983,.T.);
#604=EDGE_CURVE('',#829,#828,#984,.T.);
#605=EDGE_CURVE('',#829,#823,#985,.T.);
#606=EDGE_CURVE('',#798,#790,#986,.T.);
#607=EDGE_CURVE('',#799,#830,#987,.T.);
#608=EDGE_CURVE('',#831,#830,#988,.T.);
#609=EDGE_CURVE('',#832,#831,#989,.T.);
#610=EDGE_CURVE('',#832,#833,#990,.T.);
#611=EDGE_CURVE('',#833,#834,#991,.T.);
#612=EDGE_CURVE('',#835,#834,#992,.T.);
#613=EDGE_CURVE('',#835,#836,#993,.T.);
#614=EDGE_CURVE('',#836,#837,#994,.T.);
#615=EDGE_CURVE('',#791,#837,#995,.T.);
#616=EDGE_CURVE('',#758,#828,#996,.T.);
#617=EDGE_CURVE('',#757,#829,#997,.T.);
#618=EDGE_CURVE('',#759,#827,#998,.T.);
#619=EDGE_CURVE('',#784,#835,#999,.T.);
#620=EDGE_CURVE('',#783,#836,#1000,.T.);
#621=EDGE_CURVE('',#834,#785,#1001,.T.);
#622=EDGE_CURVE('',#782,#837,#1002,.T.);
#623=EDGE_CURVE('',#772,#807,#1003,.T.);
#624=EDGE_CURVE('',#771,#808,#1004,.T.);
#625=EDGE_CURVE('',#806,#773,#1005,.T.);
#626=EDGE_CURVE('',#770,#809,#1006,.T.);
#627=EDGE_CURVE('',#765,#825,#1007,.T.);
#628=EDGE_CURVE('',#764,#826,#1008,.T.);
#629=EDGE_CURVE('',#754,#824,#1009,.T.);
#630=EDGE_CURVE('',#822,#755,#1010,.T.);
#631=EDGE_CURVE('',#805,#774,#1011,.T.);
#632=EDGE_CURVE('',#775,#804,#1012,.T.);
#633=EDGE_CURVE('',#776,#803,#1013,.T.);
#634=EDGE_CURVE('',#777,#802,#1014,.T.);
#635=EDGE_CURVE('',#833,#786,#1015,.T.);
#636=EDGE_CURVE('',#787,#832,#1016,.T.);
#637=EDGE_CURVE('',#788,#831,#1017,.T.);
#638=EDGE_CURVE('',#789,#830,#1018,.T.);
#639=EDGE_CURVE('',#820,#838,#1019,.T.);
#640=EDGE_CURVE('',#838,#839,#1020,.T.);
#641=EDGE_CURVE('',#839,#840,#1021,.T.);
#642=EDGE_CURVE('',#840,#841,#1022,.T.);
#643=EDGE_CURVE('',#841,#821,#1023,.T.);
#644=EDGE_CURVE('',#818,#842,#1024,.T.);
#645=EDGE_CURVE('',#842,#843,#1025,.T.);
#646=EDGE_CURVE('',#843,#819,#1026,.T.);
#647=EDGE_CURVE('',#844,#845,#1027,.T.);
#648=EDGE_CURVE('',#845,#846,#1028,.T.);
#649=EDGE_CURVE('',#846,#817,#1029,.T.);
#650=EDGE_CURVE('',#816,#847,#1030,.T.);
#651=EDGE_CURVE('',#844,#847,#1031,.T.);
#652=EDGE_CURVE('',#738,#848,#1032,.F.);
#653=EDGE_CURVE('',#849,#848,#24,.T.);
#654=EDGE_CURVE('',#849,#739,#1033,.T.);
#655=EDGE_CURVE('',#734,#850,#1034,.F.);
#656=EDGE_CURVE('',#850,#851,#25,.T.);
#657=EDGE_CURVE('',#851,#735,#1035,.T.);
#658=EDGE_CURVE('',#852,#853,#26,.T.);
#659=EDGE_CURVE('',#852,#751,#1036,.T.);
#660=EDGE_CURVE('',#750,#853,#1037,.F.);
#661=EDGE_CURVE('',#854,#855,#27,.T.);
#662=EDGE_CURVE('',#855,#747,#1038,.T.);
#663=EDGE_CURVE('',#746,#854,#1039,.F.);
#664=EDGE_CURVE('',#814,#856,#1040,.T.);
#665=EDGE_CURVE('',#856,#857,#1041,.T.);
#666=EDGE_CURVE('',#857,#815,#1042,.T.);
#667=EDGE_CURVE('',#823,#756,#1043,.T.);
#668=EDGE_CURVE('',#847,#857,#1044,.T.);
#669=EDGE_CURVE('',#856,#841,#1045,.F.);
#670=EDGE_CURVE('',#846,#842,#1046,.F.);
#671=EDGE_CURVE('',#843,#838,#1047,.T.);
#672=EDGE_CURVE('',#858,#859,#1048,.T.);
#673=EDGE_CURVE('',#859,#749,#1049,.T.);
#674=EDGE_CURVE('',#748,#858,#1050,.T.);
#675=EDGE_CURVE('',#860,#861,#1051,.T.);
#676=EDGE_CURVE('',#861,#745,#1052,.T.);
#677=EDGE_CURVE('',#744,#860,#1053,.T.);
#678=EDGE_CURVE('',#742,#862,#1054,.T.);
#679=EDGE_CURVE('',#863,#862,#1055,.T.);
#680=EDGE_CURVE('',#863,#743,#1056,.T.);
#681=EDGE_CURVE('',#740,#864,#1057,.T.);
#682=EDGE_CURVE('',#865,#864,#1058,.T.);
#683=EDGE_CURVE('',#865,#741,#1059,.T.);
#684=EDGE_CURVE('',#736,#866,#1060,.T.);
#685=EDGE_CURVE('',#867,#866,#1061,.T.);
#686=EDGE_CURVE('',#867,#737,#1062,.T.);
#687=EDGE_CURVE('',#868,#869,#1063,.T.);
#688=EDGE_CURVE('',#868,#733,#1064,.T.);
#689=EDGE_CURVE('',#732,#869,#1065,.T.);
#690=EDGE_CURVE('',#870,#871,#1066,.T.);
#691=EDGE_CURVE('',#871,#731,#1067,.T.);
#692=EDGE_CURVE('',#730,#870,#1068,.T.);
#693=EDGE_CURVE('',#752,#872,#1069,.T.);
#694=EDGE_CURVE('',#872,#873,#1070,.T.);
#695=EDGE_CURVE('',#873,#753,#1071,.T.);
#696=EDGE_CURVE('',#874,#875,#1072,.T.);
#697=EDGE_CURVE('',#874,#844,#1073,.F.);
#698=EDGE_CURVE('',#840,#875,#1074,.T.);
#699=EDGE_CURVE('',#850,#868,#1075,.F.);
#700=EDGE_CURVE('',#869,#871,#1076,.T.);
#701=EDGE_CURVE('',#870,#873,#1077,.F.);
#702=EDGE_CURVE('',#872,#852,#1078,.F.);
#703=EDGE_CURVE('',#853,#859,#1079,.F.);
#704=EDGE_CURVE('',#858,#855,#1080,.F.);
#705=EDGE_CURVE('',#854,#861,#1081,.F.);
#706=EDGE_CURVE('',#860,#863,#1082,.T.);
#707=EDGE_CURVE('',#862,#865,#1083,.F.);
#708=EDGE_CURVE('',#864,#849,#1084,.F.);
#709=EDGE_CURVE('',#848,#867,#1085,.F.);
#710=EDGE_CURVE('',#866,#851,#1086,.F.);
#711=EDGE_CURVE('',#875,#876,#1087,.T.);
#712=EDGE_CURVE('',#876,#877,#1088,.T.);
#713=EDGE_CURVE('',#877,#874,#1089,.T.);
#714=EDGE_CURVE('',#878,#879,#1090,.T.);
#715=EDGE_CURVE('',#879,#880,#1091,.T.);
#716=EDGE_CURVE('',#880,#881,#1092,.T.);
#717=EDGE_CURVE('',#881,#882,#1093,.T.);
#718=EDGE_CURVE('',#882,#883,#1094,.T.);
#719=EDGE_CURVE('',#883,#878,#1095,.T.);
#720=EDGE_CURVE('',#839,#881,#1096,.F.);
#721=EDGE_CURVE('',#882,#838,#1097,.F.);
#722=EDGE_CURVE('',#876,#839,#1098,.T.);
#723=EDGE_CURVE('',#883,#843,#1099,.T.);
#724=EDGE_CURVE('',#876,#881,#1100,.F.);
#725=EDGE_CURVE('',#878,#842,#1101,.F.);
#726=EDGE_CURVE('',#877,#880,#1102,.T.);
#727=EDGE_CURVE('',#845,#877,#1103,.F.);
#728=EDGE_CURVE('',#879,#846,#1104,.F.);
#729=EDGE_CURVE('',#845,#880,#1105,.F.);
#730=VERTEX_POINT('',#2211);
#731=VERTEX_POINT('',#2212);
#732=VERTEX_POINT('',#2214);
#733=VERTEX_POINT('',#2216);
#734=VERTEX_POINT('',#2218);
#735=VERTEX_POINT('',#2220);
#736=VERTEX_POINT('',#2222);
#737=VERTEX_POINT('',#2224);
#738=VERTEX_POINT('',#2226);
#739=VERTEX_POINT('',#2228);
#740=VERTEX_POINT('',#2230);
#741=VERTEX_POINT('',#2232);
#742=VERTEX_POINT('',#2234);
#743=VERTEX_POINT('',#2236);
#744=VERTEX_POINT('',#2238);
#745=VERTEX_POINT('',#2240);
#746=VERTEX_POINT('',#2242);
#747=VERTEX_POINT('',#2244);
#748=VERTEX_POINT('',#2246);
#749=VERTEX_POINT('',#2248);
#750=VERTEX_POINT('',#2250);
#751=VERTEX_POINT('',#2252);
#752=VERTEX_POINT('',#2254);
#753=VERTEX_POINT('',#2256);
#754=VERTEX_POINT('',#2259);
#755=VERTEX_POINT('',#2260);
#756=VERTEX_POINT('',#2262);
#757=VERTEX_POINT('',#2264);
#758=VERTEX_POINT('',#2266);
#759=VERTEX_POINT('',#2268);
#760=VERTEX_POINT('',#2270);
#761=VERTEX_POINT('',#2272);
#762=VERTEX_POINT('',#2274);
#763=VERTEX_POINT('',#2276);
#764=VERTEX_POINT('',#2278);
#765=VERTEX_POINT('',#2280);
#766=VERTEX_POINT('',#2283);
#767=VERTEX_POINT('',#2284);
#768=VERTEX_POINT('',#2286);
#769=VERTEX_POINT('',#2288);
#770=VERTEX_POINT('',#2290);
#771=VERTEX_POINT('',#2292);
#772=VERTEX_POINT('',#2294);
#773=VERTEX_POINT('',#2296);
#774=VERTEX_POINT('',#2298);
#775=VERTEX_POINT('',#2300);
#776=VERTEX_POINT('',#2302);
#777=VERTEX_POINT('',#2304);
#778=VERTEX_POINT('',#2307);
#779=VERTEX_POINT('',#2308);
#780=VERTEX_POINT('',#2310);
#781=VERTEX_POINT('',#2312);
#782=VERTEX_POINT('',#2314);
#783=VERTEX_POINT('',#2316);
#784=VERTEX_POINT('',#2318);
#785=VERTEX_POINT('',#2320);
#786=VERTEX_POINT('',#2322);
#787=VERTEX_POINT('',#2324);
#788=VERTEX_POINT('',#2326);
#789=VERTEX_POINT('',#2328);
#790=VERTEX_POINT('',#2332);
#791=VERTEX_POINT('',#2334);
#792=VERTEX_POINT('',#2338);
#793=VERTEX_POINT('',#2340);
#794=VERTEX_POINT('',#2344);
#795=VERTEX_POINT('',#2346);
#796=VERTEX_POINT('',#2350);
#797=VERTEX_POINT('',#2351);
#798=VERTEX_POINT('',#2356);
#799=VERTEX_POINT('',#2357);
#800=VERTEX_POINT('',#2362);
#801=VERTEX_POINT('',#2363);
#802=VERTEX_POINT('',#2369);
#803=VERTEX_POINT('',#2371);
#804=VERTEX_POINT('',#2373);
#805=VERTEX_POINT('',#2375);
#806=VERTEX_POINT('',#2377);
#807=VERTEX_POINT('',#2379);
#808=VERTEX_POINT('',#2381);
#809=VERTEX_POINT('',#2383);
#810=VERTEX_POINT('',#2386);
#811=VERTEX_POINT('',#2388);
#812=VERTEX_POINT('',#2390);
#813=VERTEX_POINT('',#2392);
#814=VERTEX_POINT('',#2394);
#815=VERTEX_POINT('',#2395);
#816=VERTEX_POINT('',#2397);
#817=VERTEX_POINT('',#2399);
#818=VERTEX_POINT('',#2401);
#819=VERTEX_POINT('',#2403);
#820=VERTEX_POINT('',#2405);
#821=VERTEX_POINT('',#2407);
#822=VERTEX_POINT('',#2410);
#823=VERTEX_POINT('',#2411);
#824=VERTEX_POINT('',#2413);
#825=VERTEX_POINT('',#2415);
#826=VERTEX_POINT('',#2417);
#827=VERTEX_POINT('',#2421);
#828=VERTEX_POINT('',#2423);
#829=VERTEX_POINT('',#2425);
#830=VERTEX_POINT('',#2429);
#831=VERTEX_POINT('',#2431);
#832=VERTEX_POINT('',#2433);
#833=VERTEX_POINT('',#2435);
#834=VERTEX_POINT('',#2437);
#835=VERTEX_POINT('',#2439);
#836=VERTEX_POINT('',#2441);
#837=VERTEX_POINT('',#2443);
#838=VERTEX_POINT('',#2488);
#839=VERTEX_POINT('',#2490);
#840=VERTEX_POINT('',#2492);
#841=VERTEX_POINT('',#2494);
#842=VERTEX_POINT('',#2498);
#843=VERTEX_POINT('',#2500);
#844=VERTEX_POINT('',#2504);
#845=VERTEX_POINT('',#2505);
#846=VERTEX_POINT('',#2507);
#847=VERTEX_POINT('',#2510);
#848=VERTEX_POINT('',#2514);
#849=VERTEX_POINT('',#2516);
#850=VERTEX_POINT('',#2520);
#851=VERTEX_POINT('',#2522);
#852=VERTEX_POINT('',#2526);
#853=VERTEX_POINT('',#2527);
#854=VERTEX_POINT('',#2532);
#855=VERTEX_POINT('',#2533);
#856=VERTEX_POINT('',#2543);
#857=VERTEX_POINT('',#2545);
#858=VERTEX_POINT('',#2559);
#859=VERTEX_POINT('',#2560);
#860=VERTEX_POINT('',#2565);
#861=VERTEX_POINT('',#2566);
#862=VERTEX_POINT('',#2571);
#863=VERTEX_POINT('',#2573);
#864=VERTEX_POINT('',#2577);
#865=VERTEX_POINT('',#2579);
#866=VERTEX_POINT('',#2583);
#867=VERTEX_POINT('',#2585);
#868=VERTEX_POINT('',#2589);
#869=VERTEX_POINT('',#2590);
#870=VERTEX_POINT('',#2595);
#871=VERTEX_POINT('',#2596);
#872=VERTEX_POINT('',#2601);
#873=VERTEX_POINT('',#2603);
#874=VERTEX_POINT('',#2607);
#875=VERTEX_POINT('',#2608);
#876=VERTEX_POINT('',#2643);
#877=VERTEX_POINT('',#2645);
#878=VERTEX_POINT('',#2649);
#879=VERTEX_POINT('',#2650);
#880=VERTEX_POINT('',#2652);
#881=VERTEX_POINT('',#2654);
#882=VERTEX_POINT('',#2656);
#883=VERTEX_POINT('',#2658);
#884=LINE('',#2210,#1106);
#885=LINE('',#2213,#1107);
#886=LINE('',#2215,#1108);
#887=LINE('',#2217,#1109);
#888=LINE('',#2221,#1110);
#889=LINE('',#2223,#1111);
#890=LINE('',#2225,#1112);
#891=LINE('',#2229,#1113);
#892=LINE('',#2231,#1114);
#893=LINE('',#2233,#1115);
#894=LINE('',#2235,#1116);
#895=LINE('',#2237,#1117);
#896=LINE('',#2239,#1118);
#897=LINE('',#2241,#1119);
#898=LINE('',#2245,#1120);
#899=LINE('',#2247,#1121);
#900=LINE('',#2249,#1122);
#901=LINE('',#2253,#1123);
#902=LINE('',#2255,#1124);
#903=LINE('',#2257,#1125);
#904=LINE('',#2258,#1126);
#905=LINE('',#2261,#1127);
#906=LINE('',#2263,#1128);
#907=LINE('',#2265,#1129);
#908=LINE('',#2267,#1130);
#909=LINE('',#2269,#1131);
#910=LINE('',#2271,#1132);
#911=LINE('',#2273,#1133);
#912=LINE('',#2275,#1134);
#913=LINE('',#2277,#1135);
#914=LINE('',#2279,#1136);
#915=LINE('',#2281,#1137);
#916=LINE('',#2282,#1138);
#917=LINE('',#2285,#1139);
#918=LINE('',#2287,#1140);
#919=LINE('',#2289,#1141);
#920=LINE('',#2291,#1142);
#921=LINE('',#2293,#1143);
#922=LINE('',#2295,#1144);
#923=LINE('',#2297,#1145);
#924=LINE('',#2299,#1146);
#925=LINE('',#2301,#1147);
#926=LINE('',#2303,#1148);
#927=LINE('',#2305,#1149);
#928=LINE('',#2306,#1150);
#929=LINE('',#2309,#1151);
#930=LINE('',#2311,#1152);
#931=LINE('',#2313,#1153);
#932=LINE('',#2315,#1154);
#933=LINE('',#2317,#1155);
#934=LINE('',#2319,#1156);
#935=LINE('',#2321,#1157);
#936=LINE('',#2323,#1158);
#937=LINE('',#2325,#1159);
#938=LINE('',#2327,#1160);
#939=LINE('',#2329,#1161);
#940=LINE('',#2331,#1162);
#941=LINE('',#2333,#1163);
#942=LINE('',#2335,#1164);
#943=LINE('',#2337,#1165);
#944=LINE('',#2339,#1166);
#945=LINE('',#2341,#1167);
#946=LINE('',#2343,#1168);
#947=LINE('',#2345,#1169);
#948=LINE('',#2347,#1170);
#949=LINE('',#2349,#1171);
#950=LINE('',#2352,#1172);
#951=LINE('',#2353,#1173);
#952=LINE('',#2355,#1174);
#953=LINE('',#2358,#1175);
#954=LINE('',#2359,#1176);
#955=LINE('',#2361,#1177);
#956=LINE('',#2364,#1178);
#957=LINE('',#2365,#1179);
#958=LINE('',#2367,#1180);
#959=LINE('',#2368,#1181);
#960=LINE('',#2370,#1182);
#961=LINE('',#2372,#1183);
#962=LINE('',#2374,#1184);
#963=LINE('',#2376,#1185);
#964=LINE('',#2378,#1186);
#965=LINE('',#2380,#1187);
#966=LINE('',#2382,#1188);
#967=LINE('',#2384,#1189);
#968=LINE('',#2393,#1190);
#969=LINE('',#2396,#1191);
#970=LINE('',#2398,#1192);
#971=LINE('',#2400,#1193);
#972=LINE('',#2402,#1194);
#973=LINE('',#2404,#1195);
#974=LINE('',#2406,#1196);
#975=LINE('',#2408,#1197);
#976=LINE('',#2409,#1198);
#977=LINE('',#2412,#1199);
#978=LINE('',#2414,#1200);
#979=LINE('',#2416,#1201);
#980=LINE('',#2418,#1202);
#981=LINE('',#2419,#1203);
#982=LINE('',#2420,#1204);
#983=LINE('',#2422,#1205);
#984=LINE('',#2424,#1206);
#985=LINE('',#2426,#1207);
#986=LINE('',#2427,#1208);
#987=LINE('',#2428,#1209);
#988=LINE('',#2430,#1210);
#989=LINE('',#2432,#1211);
#990=LINE('',#2434,#1212);
#991=LINE('',#2436,#1213);
#992=LINE('',#2438,#1214);
#993=LINE('',#2440,#1215);
#994=LINE('',#2442,#1216);
#995=LINE('',#2444,#1217);
#996=LINE('',#2446,#1218);
#997=LINE('',#2447,#1219);
#998=LINE('',#2449,#1220);
#999=LINE('',#2452,#1221);
#1000=LINE('',#2453,#1222);
#1001=LINE('',#2455,#1223);
#1002=LINE('',#2457,#1224);
#1003=LINE('',#2459,#1225);
#1004=LINE('',#2460,#1226);
#1005=LINE('',#2462,#1227);
#1006=LINE('',#2464,#1228);
#1007=LINE('',#2466,#1229);
#1008=LINE('',#2467,#1230);
#1009=LINE('',#2469,#1231);
#1010=LINE('',#2471,#1232);
#1011=LINE('',#2473,#1233);
#1012=LINE('',#2474,#1234);
#1013=LINE('',#2476,#1235);
#1014=LINE('',#2478,#1236);
#1015=LINE('',#2480,#1237);
#1016=LINE('',#2481,#1238);
#1017=LINE('',#2483,#1239);
#1018=LINE('',#2485,#1240);
#1019=LINE('',#2487,#1241);
#1020=LINE('',#2489,#1242);
#1021=LINE('',#2491,#1243);
#1022=LINE('',#2493,#1244);
#1023=LINE('',#2495,#1245);
#1024=LINE('',#2497,#1246);
#1025=LINE('',#2499,#1247);
#1026=LINE('',#2501,#1248);
#1027=LINE('',#2503,#1249);
#1028=LINE('',#2506,#1250);
#1029=LINE('',#2508,#1251);
#1030=LINE('',#2509,#1252);
#1031=LINE('',#2511,#1253);
#1032=LINE('',#2513,#1254);
#1033=LINE('',#2517,#1255);
#1034=LINE('',#2519,#1256);
#1035=LINE('',#2523,#1257);
#1036=LINE('',#2528,#1258);
#1037=LINE('',#2529,#1259);
#1038=LINE('',#2534,#1260);
#1039=LINE('',#2535,#1261);
#1040=LINE('',#2542,#1262);
#1041=LINE('',#2544,#1263);
#1042=LINE('',#2546,#1264);
#1043=LINE('',#2548,#1265);
#1044=LINE('',#2550,#1266);
#1045=LINE('',#2552,#1267);
#1046=LINE('',#2554,#1268);
#1047=LINE('',#2556,#1269);
#1048=LINE('',#2558,#1270);
#1049=LINE('',#2561,#1271);
#1050=LINE('',#2562,#1272);
#1051=LINE('',#2564,#1273);
#1052=LINE('',#2567,#1274);
#1053=LINE('',#2568,#1275);
#1054=LINE('',#2570,#1276);
#1055=LINE('',#2572,#1277);
#1056=LINE('',#2574,#1278);
#1057=LINE('',#2576,#1279);
#1058=LINE('',#2578,#1280);
#1059=LINE('',#2580,#1281);
#1060=LINE('',#2582,#1282);
#1061=LINE('',#2584,#1283);
#1062=LINE('',#2586,#1284);
#1063=LINE('',#2588,#1285);
#1064=LINE('',#2591,#1286);
#1065=LINE('',#2592,#1287);
#1066=LINE('',#2594,#1288);
#1067=LINE('',#2597,#1289);
#1068=LINE('',#2598,#1290);
#1069=LINE('',#2600,#1291);
#1070=LINE('',#2602,#1292);
#1071=LINE('',#2604,#1293);
#1072=LINE('',#2606,#1294);
#1073=LINE('',#2609,#1295);
#1074=LINE('',#2610,#1296);
#1075=LINE('',#2611,#1297);
#1076=LINE('',#2612,#1298);
#1077=LINE('',#2613,#1299);
#1078=LINE('',#2614,#1300);
#1079=LINE('',#2615,#1301);
#1080=LINE('',#2616,#1302);
#1081=LINE('',#2617,#1303);
#1082=LINE('',#2618,#1304);
#1083=LINE('',#2619,#1305);
#1084=LINE('',#2620,#1306);
#1085=LINE('',#2621,#1307);
#1086=LINE('',#2622,#1308);
#1087=LINE('',#2642,#1309);
#1088=LINE('',#2644,#1310);
#1089=LINE('',#2646,#1311);
#1090=LINE('',#2648,#1312);
#1091=LINE('',#2651,#1313);
#1092=LINE('',#2653,#1314);
#1093=LINE('',#2655,#1315);
#1094=LINE('',#2657,#1316);
#1095=LINE('',#2659,#1317);
#1096=LINE('',#2661,#1318);
#1097=LINE('',#2662,#1319);
#1098=LINE('',#2664,#1320);
#1099=LINE('',#2666,#1321);
#1100=LINE('',#2668,#1322);
#1101=LINE('',#2670,#1323);
#1102=LINE('',#2672,#1324);
#1103=LINE('',#2674,#1325);
#1104=LINE('',#2676,#1326);
#1105=LINE('',#2678,#1327);
#1106=VECTOR('',#1798,1.);
#1107=VECTOR('',#1799,1.);
#1108=VECTOR('',#1800,1.);
#1109=VECTOR('',#1801,1.);
#1110=VECTOR('',#1804,1.);
#1111=VECTOR('',#1805,1.);
#1112=VECTOR('',#1806,1.);
#1113=VECTOR('',#1809,1.);
#1114=VECTOR('',#1810,1.);
#1115=VECTOR('',#1811,1.);
#1116=VECTOR('',#1812,1.);
#1117=VECTOR('',#1813,1.);
#1118=VECTOR('',#1814,1.);
#1119=VECTOR('',#1815,1.);
#1120=VECTOR('',#1818,1.);
#1121=VECTOR('',#1819,1.);
#1122=VECTOR('',#1820,1.);
#1123=VECTOR('',#1823,1.);
#1124=VECTOR('',#1824,1.);
#1125=VECTOR('',#1825,1.);
#1126=VECTOR('',#1826,1.);
#1127=VECTOR('',#1827,1.);
#1128=VECTOR('',#1828,1.);
#1129=VECTOR('',#1829,1.);
#1130=VECTOR('',#1830,1.);
#1131=VECTOR('',#1831,1.);
#1132=VECTOR('',#1832,1.);
#1133=VECTOR('',#1833,1.);
#1134=VECTOR('',#1834,1.);
#1135=VECTOR('',#1835,1.);
#1136=VECTOR('',#1836,1.);
#1137=VECTOR('',#1837,1.);
#1138=VECTOR('',#1838,1.);
#1139=VECTOR('',#1839,1.);
#1140=VECTOR('',#1840,1.);
#1141=VECTOR('',#1841,1.);
#1142=VECTOR('',#1842,1.);
#1143=VECTOR('',#1843,1.);
#1144=VECTOR('',#1844,1.);
#1145=VECTOR('',#1845,1.);
#1146=VECTOR('',#1846,1.);
#1147=VECTOR('',#1847,1.);
#1148=VECTOR('',#1848,1.);
#1149=VECTOR('',#1849,1.);
#1150=VECTOR('',#1850,1.);
#1151=VECTOR('',#1851,1.);
#1152=VECTOR('',#1852,1.);
#1153=VECTOR('',#1853,1.);
#1154=VECTOR('',#1854,1.);
#1155=VECTOR('',#1855,1.);
#1156=VECTOR('',#1856,1.);
#1157=VECTOR('',#1857,1.);
#1158=VECTOR('',#1858,1.);
#1159=VECTOR('',#1859,1.);
#1160=VECTOR('',#1860,1.);
#1161=VECTOR('',#1861,1.);
#1162=VECTOR('',#1864,1.);
#1163=VECTOR('',#1865,1.);
#1164=VECTOR('',#1866,1.);
#1165=VECTOR('',#1869,1.);
#1166=VECTOR('',#1870,1.);
#1167=VECTOR('',#1871,1.);
#1168=VECTOR('',#1874,1.);
#1169=VECTOR('',#1875,1.);
#1170=VECTOR('',#1876,1.);
#1171=VECTOR('',#1879,1.);
#1172=VECTOR('',#1880,1.);
#1173=VECTOR('',#1881,1.);
#1174=VECTOR('',#1884,1.);
#1175=VECTOR('',#1885,1.);
#1176=VECTOR('',#1886,1.);
#1177=VECTOR('',#1889,1.);
#1178=VECTOR('',#1890,1.);
#1179=VECTOR('',#1891,1.);
#1180=VECTOR('',#1894,1.);
#1181=VECTOR('',#1895,1.);
#1182=VECTOR('',#1896,1.);
#1183=VECTOR('',#1897,1.);
#1184=VECTOR('',#1898,1.);
#1185=VECTOR('',#1899,1.);
#1186=VECTOR('',#1900,1.);
#1187=VECTOR('',#1901,1.);
#1188=VECTOR('',#1902,1.);
#1189=VECTOR('',#1903,1.);
#1190=VECTOR('',#1912,1.);
#1191=VECTOR('',#1913,1.);
#1192=VECTOR('',#1914,1.);
#1193=VECTOR('',#1915,1.);
#1194=VECTOR('',#1916,1.);
#1195=VECTOR('',#1917,1.);
#1196=VECTOR('',#1918,1.);
#1197=VECTOR('',#1919,1.);
#1198=VECTOR('',#1920,1.);
#1199=VECTOR('',#1921,1.);
#1200=VECTOR('',#1922,1.);
#1201=VECTOR('',#1923,1.);
#1202=VECTOR('',#1924,1.);
#1203=VECTOR('',#1925,1.);
#1204=VECTOR('',#1926,1.);
#1205=VECTOR('',#1927,1.);
#1206=VECTOR('',#1928,1.);
#1207=VECTOR('',#1929,1.);
#1208=VECTOR('',#1930,1.);
#1209=VECTOR('',#1931,1.);
#1210=VECTOR('',#1932,1.);
#1211=VECTOR('',#1933,1.);
#1212=VECTOR('',#1934,1.);
#1213=VECTOR('',#1935,1.);
#1214=VECTOR('',#1936,1.);
#1215=VECTOR('',#1937,1.);
#1216=VECTOR('',#1938,1.);
#1217=VECTOR('',#1939,1.);
#1218=VECTOR('',#1942,1.);
#1219=VECTOR('',#1943,1.);
#1220=VECTOR('',#1946,1.);
#1221=VECTOR('',#1951,1.);
#1222=VECTOR('',#1952,1.);
#1223=VECTOR('',#1955,1.);
#1224=VECTOR('',#1958,1.);
#1225=VECTOR('',#1961,1.);
#1226=VECTOR('',#1962,1.);
#1227=VECTOR('',#1965,1.);
#1228=VECTOR('',#1968,1.);
#1229=VECTOR('',#1971,1.);
#1230=VECTOR('',#1972,1.);
#1231=VECTOR('',#1975,1.);
#1232=VECTOR('',#1978,1.);
#1233=VECTOR('',#1981,1.);
#1234=VECTOR('',#1982,1.);
#1235=VECTOR('',#1985,1.);
#1236=VECTOR('',#1988,1.);
#1237=VECTOR('',#1991,1.);
#1238=VECTOR('',#1992,1.);
#1239=VECTOR('',#1995,1.);
#1240=VECTOR('',#1998,1.);
#1241=VECTOR('',#2001,1.);
#1242=VECTOR('',#2002,1.);
#1243=VECTOR('',#2003,1.);
#1244=VECTOR('',#2004,1.);
#1245=VECTOR('',#2005,1.);
#1246=VECTOR('',#2008,1.);
#1247=VECTOR('',#2009,1.);
#1248=VECTOR('',#2010,1.);
#1249=VECTOR('',#2013,1.);
#1250=VECTOR('',#2014,1.);
#1251=VECTOR('',#2015,1.);
#1252=VECTOR('',#2016,1.);
#1253=VECTOR('',#2017,1.);
#1254=VECTOR('',#2020,1.);
#1255=VECTOR('',#2023,1.);
#1256=VECTOR('',#2026,1.);
#1257=VECTOR('',#2029,1.);
#1258=VECTOR('',#2034,1.);
#1259=VECTOR('',#2035,1.);
#1260=VECTOR('',#2040,1.);
#1261=VECTOR('',#2041,1.);
#1262=VECTOR('',#2054,1.);
#1263=VECTOR('',#2055,1.);
#1264=VECTOR('',#2056,1.);
#1265=VECTOR('',#2059,1.);
#1266=VECTOR('',#2062,1.);
#1267=VECTOR('',#2065,1.);
#1268=VECTOR('',#2068,1.);
#1269=VECTOR('',#2071,1.);
#1270=VECTOR('',#2074,1.);
#1271=VECTOR('',#2075,1.);
#1272=VECTOR('',#2076,1.);
#1273=VECTOR('',#2079,1.);
#1274=VECTOR('',#2080,1.);
#1275=VECTOR('',#2081,1.);
#1276=VECTOR('',#2084,1.);
#1277=VECTOR('',#2085,1.);
#1278=VECTOR('',#2086,1.);
#1279=VECTOR('',#2089,1.);
#1280=VECTOR('',#2090,1.);
#1281=VECTOR('',#2091,1.);
#1282=VECTOR('',#2094,1.);
#1283=VECTOR('',#2095,1.);
#1284=VECTOR('',#2096,1.);
#1285=VECTOR('',#2099,1.);
#1286=VECTOR('',#2100,1.);
#1287=VECTOR('',#2101,1.);
#1288=VECTOR('',#2104,1.);
#1289=VECTOR('',#2105,1.);
#1290=VECTOR('',#2106,1.);
#1291=VECTOR('',#2109,1.);
#1292=VECTOR('',#2110,1.);
#1293=VECTOR('',#2111,1.);
#1294=VECTOR('',#2114,1.);
#1295=VECTOR('',#2115,1.);
#1296=VECTOR('',#2116,1.);
#1297=VECTOR('',#2117,1.);
#1298=VECTOR('',#2118,1.);
#1299=VECTOR('',#2119,1.);
#1300=VECTOR('',#2120,1.);
#1301=VECTOR('',#2121,1.);
#1302=VECTOR('',#2122,1.);
#1303=VECTOR('',#2123,1.);
#1304=VECTOR('',#2124,1.);
#1305=VECTOR('',#2125,1.);
#1306=VECTOR('',#2126,1.);
#1307=VECTOR('',#2127,1.);
#1308=VECTOR('',#2128,1.);
#1309=VECTOR('',#2167,1.);
#1310=VECTOR('',#2168,1.);
#1311=VECTOR('',#2169,1.);
#1312=VECTOR('',#2172,1.);
#1313=VECTOR('',#2173,1.);
#1314=VECTOR('',#2174,1.);
#1315=VECTOR('',#2175,1.);
#1316=VECTOR('',#2176,1.);
#1317=VECTOR('',#2177,1.);
#1318=VECTOR('',#2180,1.);
#1319=VECTOR('',#2181,1.);
#1320=VECTOR('',#2184,1.);
#1321=VECTOR('',#2187,1.);
#1322=VECTOR('',#2190,1.);
#1323=VECTOR('',#2193,1.);
#1324=VECTOR('',#2196,1.);
#1325=VECTOR('',#2199,1.);
#1326=VECTOR('',#2202,1.);
#1327=VECTOR('',#2205,1.);
#1328=EDGE_LOOP('',(#28,#29,#30,#31,#32,#33,#34,#35,#36,#37,#38,#39,#40,
#41,#42,#43,#44,#45,#46,#47,#48,#49,#50,#51));
#1329=EDGE_LOOP('',(#52,#53,#54,#55,#56,#57,#58,#59,#60,#61,#62,#63));
#1330=EDGE_LOOP('',(#64,#65,#66,#67,#68,#69,#70,#71,#72,#73,#74,#75));
#1331=EDGE_LOOP('',(#76,#77,#78,#79,#80,#81,#82,#83,#84,#85,#86,#87));
#1332=EDGE_LOOP('',(#88,#89,#90,#91));
#1333=EDGE_LOOP('',(#92,#93,#94,#95));
#1334=EDGE_LOOP('',(#96,#97,#98,#99));
#1335=EDGE_LOOP('',(#100,#101,#102,#103));
#1336=EDGE_LOOP('',(#104,#105,#106,#107));
#1337=EDGE_LOOP('',(#108,#109,#110,#111));
#1338=EDGE_LOOP('',(#112,#113,#114,#115,#116,#117,#118,#119,#120,#121,#122,
#123));
#1339=EDGE_LOOP('',(#124));
#1340=EDGE_LOOP('',(#125));
#1341=EDGE_LOOP('',(#126));
#1342=EDGE_LOOP('',(#127));
#1343=EDGE_LOOP('',(#128,#129,#130,#131,#132,#133,#134,#135));
#1344=EDGE_LOOP('',(#136,#137,#138,#139,#140,#141,#142,#143,#144,#145,#146,
#147));
#1345=EDGE_LOOP('',(#148,#149,#150,#151,#152,#153,#154,#155,#156,#157,#158,
#159));
#1346=EDGE_LOOP('',(#160,#161,#162,#163));
#1347=EDGE_LOOP('',(#164,#165,#166,#167));
#1348=EDGE_LOOP('',(#168,#169,#170,#171));
#1349=EDGE_LOOP('',(#172,#173,#174,#175));
#1350=EDGE_LOOP('',(#176,#177,#178,#179));
#1351=EDGE_LOOP('',(#180,#181,#182,#183));
#1352=EDGE_LOOP('',(#184,#185,#186,#187));
#1353=EDGE_LOOP('',(#188,#189,#190,#191));
#1354=EDGE_LOOP('',(#192,#193,#194,#195));
#1355=EDGE_LOOP('',(#196,#197,#198,#199));
#1356=EDGE_LOOP('',(#200,#201,#202,#203));
#1357=EDGE_LOOP('',(#204,#205,#206,#207));
#1358=EDGE_LOOP('',(#208,#209,#210,#211));
#1359=EDGE_LOOP('',(#212,#213,#214,#215));
#1360=EDGE_LOOP('',(#216,#217,#218,#219));
#1361=EDGE_LOOP('',(#220,#221,#222,#223));
#1362=EDGE_LOOP('',(#224,#225,#226,#227));
#1363=EDGE_LOOP('',(#228,#229,#230,#231));
#1364=EDGE_LOOP('',(#232,#233,#234,#235,#236,#237));
#1365=EDGE_LOOP('',(#238,#239,#240,#241));
#1366=EDGE_LOOP('',(#242,#243,#244,#245,#246,#247));
#1367=EDGE_LOOP('',(#248,#249,#250,#251));
#1368=EDGE_LOOP('',(#252));
#1369=EDGE_LOOP('',(#253,#254,#255,#256));
#1370=EDGE_LOOP('',(#257));
#1371=EDGE_LOOP('',(#258,#259,#260,#261));
#1372=EDGE_LOOP('',(#262));
#1373=EDGE_LOOP('',(#263,#264,#265,#266));
#1374=EDGE_LOOP('',(#267));
#1375=EDGE_LOOP('',(#268,#269,#270,#271));
#1376=EDGE_LOOP('',(#272,#273,#274,#275));
#1377=EDGE_LOOP('',(#276,#277,#278,#279));
#1378=EDGE_LOOP('',(#280,#281,#282,#283));
#1379=EDGE_LOOP('',(#284,#285,#286,#287));
#1380=EDGE_LOOP('',(#288,#289,#290,#291));
#1381=EDGE_LOOP('',(#292,#293,#294,#295));
#1382=EDGE_LOOP('',(#296,#297,#298,#299));
#1383=EDGE_LOOP('',(#300,#301,#302,#303));
#1384=EDGE_LOOP('',(#304,#305,#306,#307));
#1385=EDGE_LOOP('',(#308,#309,#310,#311));
#1386=EDGE_LOOP('',(#312,#313,#314,#315));
#1387=EDGE_LOOP('',(#316,#317,#318,#319));
#1388=EDGE_LOOP('',(#320,#321,#322,#323));
#1389=EDGE_LOOP('',(#324,#325,#326,#327));
#1390=EDGE_LOOP('',(#328,#329,#330,#331));
#1391=EDGE_LOOP('',(#332,#333,#334,#335));
#1392=EDGE_LOOP('',(#336,#337,#338,#339));
#1393=EDGE_LOOP('',(#340,#341,#342,#343));
#1394=EDGE_LOOP('',(#344,#345,#346,#347,#348,#349,#350,#351));
#1395=EDGE_LOOP('',(#352,#353,#354,#355,#356,#357,#358,#359,#360,#361,#362,
#363,#364,#365,#366,#367,#368,#369,#370,#371,#372,#373,#374,#375));
#1396=EDGE_LOOP('',(#376,#377,#378,#379));
#1397=EDGE_LOOP('',(#380,#381,#382,#383));
#1398=EDGE_LOOP('',(#384,#385,#386,#387));
#1399=EDGE_LOOP('',(#388,#389,#390,#391));
#1400=EDGE_LOOP('',(#392,#393,#394,#395));
#1401=EDGE_LOOP('',(#396,#397,#398,#399));
#1402=EDGE_LOOP('',(#400,#401,#402,#403));
#1403=EDGE_LOOP('',(#404,#405,#406,#407));
#1404=EDGE_LOOP('',(#408,#409,#410,#411));
#1405=EDGE_LOOP('',(#412,#413,#414,#415));
#1406=EDGE_LOOP('',(#416,#417,#418,#419));
#1407=EDGE_LOOP('',(#420,#421,#422,#423));
#1408=EDGE_LOOP('',(#424,#425,#426,#427));
#1409=EDGE_LOOP('',(#428,#429,#430,#431));
#1410=EDGE_LOOP('',(#432,#433,#434,#435));
#1411=EDGE_LOOP('',(#436,#437,#438,#439));
#1412=EDGE_LOOP('',(#440,#441,#442,#443));
#1413=EDGE_LOOP('',(#444,#445,#446,#447));
#1414=EDGE_LOOP('',(#448,#449,#450,#451));
#1415=EDGE_LOOP('',(#452,#453,#454,#455,#456,#457));
#1416=EDGE_LOOP('',(#458,#459,#460,#461));
#1417=EDGE_LOOP('',(#462,#463,#464,#465));
#1418=EDGE_LOOP('',(#466,#467,#468,#469));
#1419=EDGE_LOOP('',(#470,#471,#472));
#1420=EDGE_LOOP('',(#473,#474,#475,#476));
#1421=EDGE_LOOP('',(#477,#478,#479,#480));
#1422=EDGE_LOOP('',(#481,#482,#483,#484));
#1423=EDGE_LOOP('',(#485,#486,#487,#488));
#1424=EDGE_LOOP('',(#489,#490,#491));
#1425=EDGE_LOOP('',(#492,#493,#494,#495));
#1426=FACE_BOUND('',#1328,.T.);
#1427=FACE_BOUND('',#1329,.T.);
#1428=FACE_BOUND('',#1330,.T.);
#1429=FACE_BOUND('',#1331,.T.);
#1430=FACE_BOUND('',#1332,.T.);
#1431=FACE_BOUND('',#1333,.T.);
#1432=FACE_BOUND('',#1334,.T.);
#1433=FACE_BOUND('',#1335,.T.);
#1434=FACE_BOUND('',#1336,.T.);
#1435=FACE_BOUND('',#1337,.T.);
#1436=FACE_BOUND('',#1338,.T.);
#1437=FACE_BOUND('',#1339,.T.);
#1438=FACE_BOUND('',#1340,.T.);
#1439=FACE_BOUND('',#1341,.T.);
#1440=FACE_BOUND('',#1342,.T.);
#1441=FACE_BOUND('',#1343,.T.);
#1442=FACE_BOUND('',#1344,.T.);
#1443=FACE_BOUND('',#1345,.T.);
#1444=FACE_BOUND('',#1346,.T.);
#1445=FACE_BOUND('',#1347,.T.);
#1446=FACE_BOUND('',#1348,.T.);
#1447=FACE_BOUND('',#1349,.T.);
#1448=FACE_BOUND('',#1350,.T.);
#1449=FACE_BOUND('',#1351,.T.);
#1450=FACE_BOUND('',#1352,.T.);
#1451=FACE_BOUND('',#1353,.T.);
#1452=FACE_BOUND('',#1354,.T.);
#1453=FACE_BOUND('',#1355,.T.);
#1454=FACE_BOUND('',#1356,.T.);
#1455=FACE_BOUND('',#1357,.T.);
#1456=FACE_BOUND('',#1358,.T.);
#1457=FACE_BOUND('',#1359,.T.);
#1458=FACE_BOUND('',#1360,.T.);
#1459=FACE_BOUND('',#1361,.T.);
#1460=FACE_BOUND('',#1362,.T.);
#1461=FACE_BOUND('',#1363,.T.);
#1462=FACE_BOUND('',#1364,.T.);
#1463=FACE_BOUND('',#1365,.T.);
#1464=FACE_BOUND('',#1366,.T.);
#1465=FACE_BOUND('',#1367,.T.);
#1466=FACE_BOUND('',#1368,.T.);
#1467=FACE_BOUND('',#1369,.T.);
#1468=FACE_BOUND('',#1370,.T.);
#1469=FACE_BOUND('',#1371,.T.);
#1470=FACE_BOUND('',#1372,.T.);
#1471=FACE_BOUND('',#1373,.T.);
#1472=FACE_BOUND('',#1374,.T.);
#1473=FACE_BOUND('',#1375,.T.);
#1474=FACE_BOUND('',#1376,.T.);
#1475=FACE_BOUND('',#1377,.T.);
#1476=FACE_BOUND('',#1378,.T.);
#1477=FACE_BOUND('',#1379,.T.);
#1478=FACE_BOUND('',#1380,.T.);
#1479=FACE_BOUND('',#1381,.T.);
#1480=FACE_BOUND('',#1382,.T.);
#1481=FACE_BOUND('',#1383,.T.);
#1482=FACE_BOUND('',#1384,.T.);
#1483=FACE_BOUND('',#1385,.T.);
#1484=FACE_BOUND('',#1386,.T.);
#1485=FACE_BOUND('',#1387,.T.);
#1486=FACE_BOUND('',#1388,.T.);
#1487=FACE_BOUND('',#1389,.T.);
#1488=FACE_BOUND('',#1390,.T.);
#1489=FACE_BOUND('',#1391,.T.);
#1490=FACE_BOUND('',#1392,.T.);
#1491=FACE_BOUND('',#1393,.T.);
#1492=FACE_BOUND('',#1394,.T.);
#1493=FACE_BOUND('',#1395,.T.);
#1494=FACE_BOUND('',#1396,.T.);
#1495=FACE_BOUND('',#1397,.T.);
#1496=FACE_BOUND('',#1398,.T.);
#1497=FACE_BOUND('',#1399,.T.);
#1498=FACE_BOUND('',#1400,.T.);
#1499=FACE_BOUND('',#1401,.T.);
#1500=FACE_BOUND('',#1402,.T.);
#1501=FACE_BOUND('',#1403,.T.);
#1502=FACE_BOUND('',#1404,.T.);
#1503=FACE_BOUND('',#1405,.T.);
#1504=FACE_BOUND('',#1406,.T.);
#1505=FACE_BOUND('',#1407,.T.);
#1506=FACE_BOUND('',#1408,.T.);
#1507=FACE_BOUND('',#1409,.T.);
#1508=FACE_BOUND('',#1410,.T.);
#1509=FACE_BOUND('',#1411,.T.);
#1510=FACE_BOUND('',#1412,.T.);
#1511=FACE_BOUND('',#1413,.T.);
#1512=FACE_BOUND('',#1414,.T.);
#1513=FACE_BOUND('',#1415,.T.);
#1514=FACE_BOUND('',#1416,.T.);
#1515=FACE_BOUND('',#1417,.T.);
#1516=FACE_BOUND('',#1418,.T.);
#1517=FACE_BOUND('',#1419,.T.);
#1518=FACE_BOUND('',#1420,.T.);
#1519=FACE_BOUND('',#1421,.T.);
#1520=FACE_BOUND('',#1422,.T.);
#1521=FACE_BOUND('',#1423,.T.);
#1522=FACE_BOUND('',#1424,.T.);
#1523=FACE_BOUND('',#1425,.T.);
#1524=PLANE('',#1699);
#1525=PLANE('',#1704);
#1526=PLANE('',#1705);
#1527=PLANE('',#1706);
#1528=PLANE('',#1707);
#1529=PLANE('',#1708);
#1530=PLANE('',#1709);
#1531=PLANE('',#1710);
#1532=PLANE('',#1715);
#1533=PLANE('',#1716);
#1534=PLANE('',#1717);
#1535=PLANE('',#1718);
#1536=PLANE('',#1719);
#1537=PLANE('',#1720);
#1538=PLANE('',#1721);
#1539=PLANE('',#1722);
#1540=PLANE('',#1723);
#1541=PLANE('',#1724);
#1542=PLANE('',#1725);
#1543=PLANE('',#1726);
#1544=PLANE('',#1727);
#1545=PLANE('',#1728);
#1546=PLANE('',#1729);
#1547=PLANE('',#1730);
#1548=PLANE('',#1731);
#1549=PLANE('',#1732);
#1550=PLANE('',#1733);
#1551=PLANE('',#1734);
#1552=PLANE('',#1735);
#1553=PLANE('',#1744);
#1554=PLANE('',#1745);
#1555=PLANE('',#1746);
#1556=PLANE('',#1747);
#1557=PLANE('',#1748);
#1558=PLANE('',#1749);
#1559=PLANE('',#1750);
#1560=PLANE('',#1751);
#1561=PLANE('',#1752);
#1562=PLANE('',#1753);
#1563=PLANE('',#1754);
#1564=PLANE('',#1755);
#1565=PLANE('',#1756);
#1566=PLANE('',#1757);
#1567=PLANE('',#1758);
#1568=PLANE('',#1759);
#1569=PLANE('',#1760);
#1570=PLANE('',#1761);
#1571=PLANE('',#1762);
#1572=PLANE('',#1763);
#1573=PLANE('',#1764);
#1574=PLANE('',#1765);
#1575=PLANE('',#1766);
#1576=PLANE('',#1767);
#1577=PLANE('',#1768);
#1578=PLANE('',#1769);
#1579=PLANE('',#1770);
#1580=PLANE('',#1771);
#1581=PLANE('',#1772);
#1582=PLANE('',#1773);
#1583=PLANE('',#1774);
#1584=PLANE('',#1775);
#1585=PLANE('',#1776);
#1586=PLANE('',#1777);
#1587=PLANE('',#1778);
#1588=PLANE('',#1779);
#1589=PLANE('',#1780);
#1590=PLANE('',#1781);
#1591=PLANE('',#1782);
#1592=PLANE('',#1783);
#1593=PLANE('',#1784);
#1594=PLANE('',#1785);
#1595=PLANE('',#1786);
#1596=PLANE('',#1787);
#1597=PLANE('',#1788);
#1598=PLANE('',#1789);
#1599=PLANE('',#1790);
#1600=PLANE('',#1791);
#1601=PLANE('',#1792);
#1602=PLANE('',#1793);
#1603=ADVANCED_FACE('',(#1426,#1427,#1428,#1429),#1524,.T.);
#1604=ADVANCED_FACE('',(#1430),#1525,.F.);
#1605=ADVANCED_FACE('',(#1431),#1526,.F.);
#1606=ADVANCED_FACE('',(#1432),#1527,.F.);
#1607=ADVANCED_FACE('',(#1433),#1528,.T.);
#1608=ADVANCED_FACE('',(#1434),#1529,.T.);
#1609=ADVANCED_FACE('',(#1435),#1530,.T.);
#1610=ADVANCED_FACE('',(#1436,#1437,#1438,#1439,#1440,#1441,#1442,#1443),
#1531,.F.);
#1611=ADVANCED_FACE('',(#1444),#1532,.F.);
#1612=ADVANCED_FACE('',(#1445),#1533,.F.);
#1613=ADVANCED_FACE('',(#1446),#1534,.T.);
#1614=ADVANCED_FACE('',(#1447),#1535,.T.);
#1615=ADVANCED_FACE('',(#1448),#1536,.F.);
#1616=ADVANCED_FACE('',(#1449),#1537,.F.);
#1617=ADVANCED_FACE('',(#1450),#1538,.T.);
#1618=ADVANCED_FACE('',(#1451),#1539,.F.);
#1619=ADVANCED_FACE('',(#1452),#1540,.F.);
#1620=ADVANCED_FACE('',(#1453),#1541,.T.);
#1621=ADVANCED_FACE('',(#1454),#1542,.T.);
#1622=ADVANCED_FACE('',(#1455),#1543,.F.);
#1623=ADVANCED_FACE('',(#1456),#1544,.T.);
#1624=ADVANCED_FACE('',(#1457),#1545,.F.);
#1625=ADVANCED_FACE('',(#1458),#1546,.F.);
#1626=ADVANCED_FACE('',(#1459),#1547,.T.);
#1627=ADVANCED_FACE('',(#1460),#1548,.F.);
#1628=ADVANCED_FACE('',(#1461),#1549,.F.);
#1629=ADVANCED_FACE('',(#1462),#1550,.T.);
#1630=ADVANCED_FACE('',(#1463),#1551,.F.);
#1631=ADVANCED_FACE('',(#1464),#1552,.F.);
#1632=ADVANCED_FACE('',(#1465,#1466),#12,.F.);
#1633=ADVANCED_FACE('',(#1467,#1468),#13,.F.);
#1634=ADVANCED_FACE('',(#1469,#1470),#14,.F.);
#1635=ADVANCED_FACE('',(#1471,#1472),#15,.F.);
#1636=ADVANCED_FACE('',(#1473),#1553,.T.);
#1637=ADVANCED_FACE('',(#1474),#1554,.T.);
#1638=ADVANCED_FACE('',(#1475),#1555,.F.);
#1639=ADVANCED_FACE('',(#1476),#1556,.T.);
#1640=ADVANCED_FACE('',(#1477),#1557,.T.);
#1641=ADVANCED_FACE('',(#1478),#1558,.T.);
#1642=ADVANCED_FACE('',(#1479),#1559,.T.);
#1643=ADVANCED_FACE('',(#1480),#1560,.T.);
#1644=ADVANCED_FACE('',(#1481),#1561,.F.);
#1645=ADVANCED_FACE('',(#1482),#1562,.F.);
#1646=ADVANCED_FACE('',(#1483),#1563,.T.);
#1647=ADVANCED_FACE('',(#1484),#1564,.T.);
#1648=ADVANCED_FACE('',(#1485),#1565,.T.);
#1649=ADVANCED_FACE('',(#1486),#1566,.F.);
#1650=ADVANCED_FACE('',(#1487),#1567,.F.);
#1651=ADVANCED_FACE('',(#1488),#1568,.F.);
#1652=ADVANCED_FACE('',(#1489),#1569,.F.);
#1653=ADVANCED_FACE('',(#1490),#1570,.T.);
#1654=ADVANCED_FACE('',(#1491),#1571,.T.);
#1655=ADVANCED_FACE('',(#1492,#1493),#1572,.T.);
#1656=ADVANCED_FACE('',(#1494),#1573,.F.);
#1657=ADVANCED_FACE('',(#1495),#1574,.F.);
#1658=ADVANCED_FACE('',(#1496),#1575,.F.);
#1659=ADVANCED_FACE('',(#1497),#1576,.F.);
#1660=ADVANCED_FACE('',(#1498),#1577,.F.);
#1661=ADVANCED_FACE('',(#1499),#1578,.F.);
#1662=ADVANCED_FACE('',(#1500),#1579,.F.);
#1663=ADVANCED_FACE('',(#1501),#1580,.F.);
#1664=ADVANCED_FACE('',(#1502),#1581,.F.);
#1665=ADVANCED_FACE('',(#1503),#1582,.T.);
#1666=ADVANCED_FACE('',(#1504),#1583,.T.);
#1667=ADVANCED_FACE('',(#1505),#1584,.F.);
#1668=ADVANCED_FACE('',(#1506),#1585,.F.);
#1669=ADVANCED_FACE('',(#1507),#1586,.T.);
#1670=ADVANCED_FACE('',(#1508),#1587,.F.);
#1671=ADVANCED_FACE('',(#1509),#1588,.T.);
#1672=ADVANCED_FACE('',(#1510),#1589,.F.);
#1673=ADVANCED_FACE('',(#1511),#1590,.T.);
#1674=ADVANCED_FACE('',(#1512),#1591,.F.);
#1675=ADVANCED_FACE('',(#1513),#1592,.T.);
#1676=ADVANCED_FACE('',(#1514),#1593,.F.);
#1677=ADVANCED_FACE('',(#1515),#1594,.T.);
#1678=ADVANCED_FACE('',(#1516),#1595,.F.);
#1679=ADVANCED_FACE('',(#1517),#1596,.T.);
#1680=ADVANCED_FACE('',(#1518),#1597,.T.);
#1681=ADVANCED_FACE('',(#1519),#1598,.T.);
#1682=ADVANCED_FACE('',(#1520),#1599,.F.);
#1683=ADVANCED_FACE('',(#1521),#1600,.T.);
#1684=ADVANCED_FACE('',(#1522),#1601,.T.);
#1685=ADVANCED_FACE('',(#1523),#1602,.T.);
#1686=CLOSED_SHELL('',(#1603,#1604,#1605,#1606,#1607,#1608,#1609,#1610,
#1611,#1612,#1613,#1614,#1615,#1616,#1617,#1618,#1619,#1620,#1621,#1622,
#1623,#1624,#1625,#1626,#1627,#1628,#1629,#1630,#1631,#1632,#1633,#1634,
#1635,#1636,#1637,#1638,#1639,#1640,#1641,#1642,#1643,#1644,#1645,#1646,
#1647,#1648,#1649,#1650,#1651,#1652,#1653,#1654,#1655,#1656,#1657,#1658,
#1659,#1660,#1661,#1662,#1663,#1664,#1665,#1666,#1667,#1668,#1669,#1670,
#1671,#1672,#1673,#1674,#1675,#1676,#1677,#1678,#1679,#1680,#1681,#1682,
#1683,#1684,#1685));
#1687=STYLED_ITEM('',(#1688),#1695);
#1688=PRESENTATION_STYLE_ASSIGNMENT((#1689));
#1689=SURFACE_STYLE_USAGE(.BOTH.,#1690);
#1690=SURFACE_SIDE_STYLE('',(#1691));
#1691=SURFACE_STYLE_FILL_AREA(#1692);
#1692=FILL_AREA_STYLE('',(#1693));
#1693=FILL_AREA_STYLE_COLOUR('',#1694);
#1694=COLOUR_RGB('',0.615686274509804,0.811764705882353,0.929411764705882);
#1695=MANIFOLD_SOLID_BREP('Keyboard_Part2',#1686);
#1696=SHAPE_DEFINITION_REPRESENTATION(#2686,#1697);
#1697=SHAPE_REPRESENTATION('Keyboard_Part2',(#1698),#2681);
#1698=AXIS2_PLACEMENT_3D('',#2208,#1794,#1795);
#1699=AXIS2_PLACEMENT_3D('',#2209,#1796,#1797);
#1700=AXIS2_PLACEMENT_3D('',#2219,#1802,#1803);
#1701=AXIS2_PLACEMENT_3D('',#2227,#1807,#1808);
#1702=AXIS2_PLACEMENT_3D('',#2243,#1816,#1817);
#1703=AXIS2_PLACEMENT_3D('',#2251,#1821,#1822);
#1704=AXIS2_PLACEMENT_3D('',#2330,#1862,#1863);
#1705=AXIS2_PLACEMENT_3D('',#2336,#1867,#1868);
#1706=AXIS2_PLACEMENT_3D('',#2342,#1872,#1873);
#1707=AXIS2_PLACEMENT_3D('',#2348,#1877,#1878);
#1708=AXIS2_PLACEMENT_3D('',#2354,#1882,#1883);
#1709=AXIS2_PLACEMENT_3D('',#2360,#1887,#1888);
#1710=AXIS2_PLACEMENT_3D('',#2366,#1892,#1893);
#1711=AXIS2_PLACEMENT_3D('',#2385,#1904,#1905);
#1712=AXIS2_PLACEMENT_3D('',#2387,#1906,#1907);
#1713=AXIS2_PLACEMENT_3D('',#2389,#1908,#1909);
#1714=AXIS2_PLACEMENT_3D('',#2391,#1910,#1911);
#1715=AXIS2_PLACEMENT_3D('',#2445,#1940,#1941);
#1716=AXIS2_PLACEMENT_3D('',#2448,#1944,#1945);
#1717=AXIS2_PLACEMENT_3D('',#2450,#1947,#1948);
#1718=AXIS2_PLACEMENT_3D('',#2451,#1949,#1950);
#1719=AXIS2_PLACEMENT_3D('',#2454,#1953,#1954);
#1720=AXIS2_PLACEMENT_3D('',#2456,#1956,#1957);
#1721=AXIS2_PLACEMENT_3D('',#2458,#1959,#1960);
#1722=AXIS2_PLACEMENT_3D('',#2461,#1963,#1964);
#1723=AXIS2_PLACEMENT_3D('',#2463,#1966,#1967);
#1724=AXIS2_PLACEMENT_3D('',#2465,#1969,#1970);
#1725=AXIS2_PLACEMENT_3D('',#2468,#1973,#1974);
#1726=AXIS2_PLACEMENT_3D('',#2470,#1976,#1977);
#1727=AXIS2_PLACEMENT_3D('',#2472,#1979,#1980);
#1728=AXIS2_PLACEMENT_3D('',#2475,#1983,#1984);
#1729=AXIS2_PLACEMENT_3D('',#2477,#1986,#1987);
#1730=AXIS2_PLACEMENT_3D('',#2479,#1989,#1990);
#1731=AXIS2_PLACEMENT_3D('',#2482,#1993,#1994);
#1732=AXIS2_PLACEMENT_3D('',#2484,#1996,#1997);
#1733=AXIS2_PLACEMENT_3D('',#2486,#1999,#2000);
#1734=AXIS2_PLACEMENT_3D('',#2496,#2006,#2007);
#1735=AXIS2_PLACEMENT_3D('',#2502,#2011,#2012);
#1736=AXIS2_PLACEMENT_3D('',#2512,#2018,#2019);
#1737=AXIS2_PLACEMENT_3D('',#2515,#2021,#2022);
#1738=AXIS2_PLACEMENT_3D('',#2518,#2024,#2025);
#1739=AXIS2_PLACEMENT_3D('',#2521,#2027,#2028);
#1740=AXIS2_PLACEMENT_3D('',#2524,#2030,#2031);
#1741=AXIS2_PLACEMENT_3D('',#2525,#2032,#2033);
#1742=AXIS2_PLACEMENT_3D('',#2530,#2036,#2037);
#1743=AXIS2_PLACEMENT_3D('',#2531,#2038,#2039);
#1744=AXIS2_PLACEMENT_3D('',#2536,#2042,#2043);
#1745=AXIS2_PLACEMENT_3D('',#2537,#2044,#2045);
#1746=AXIS2_PLACEMENT_3D('',#2538,#2046,#2047);
#1747=AXIS2_PLACEMENT_3D('',#2539,#2048,#2049);
#1748=AXIS2_PLACEMENT_3D('',#2540,#2050,#2051);
#1749=AXIS2_PLACEMENT_3D('',#2541,#2052,#2053);
#1750=AXIS2_PLACEMENT_3D('',#2547,#2057,#2058);
#1751=AXIS2_PLACEMENT_3D('',#2549,#2060,#2061);
#1752=AXIS2_PLACEMENT_3D('',#2551,#2063,#2064);
#1753=AXIS2_PLACEMENT_3D('',#2553,#2066,#2067);
#1754=AXIS2_PLACEMENT_3D('',#2555,#2069,#2070);
#1755=AXIS2_PLACEMENT_3D('',#2557,#2072,#2073);
#1756=AXIS2_PLACEMENT_3D('',#2563,#2077,#2078);
#1757=AXIS2_PLACEMENT_3D('',#2569,#2082,#2083);
#1758=AXIS2_PLACEMENT_3D('',#2575,#2087,#2088);
#1759=AXIS2_PLACEMENT_3D('',#2581,#2092,#2093);
#1760=AXIS2_PLACEMENT_3D('',#2587,#2097,#2098);
#1761=AXIS2_PLACEMENT_3D('',#2593,#2102,#2103);
#1762=AXIS2_PLACEMENT_3D('',#2599,#2107,#2108);
#1763=AXIS2_PLACEMENT_3D('',#2605,#2112,#2113);
#1764=AXIS2_PLACEMENT_3D('',#2623,#2129,#2130);
#1765=AXIS2_PLACEMENT_3D('',#2624,#2131,#2132);
#1766=AXIS2_PLACEMENT_3D('',#2625,#2133,#2134);
#1767=AXIS2_PLACEMENT_3D('',#2626,#2135,#2136);
#1768=AXIS2_PLACEMENT_3D('',#2627,#2137,#2138);
#1769=AXIS2_PLACEMENT_3D('',#2628,#2139,#2140);
#1770=AXIS2_PLACEMENT_3D('',#2629,#2141,#2142);
#1771=AXIS2_PLACEMENT_3D('',#2630,#2143,#2144);
#1772=AXIS2_PLACEMENT_3D('',#2631,#2145,#2146);
#1773=AXIS2_PLACEMENT_3D('',#2632,#2147,#2148);
#1774=AXIS2_PLACEMENT_3D('',#2633,#2149,#2150);
#1775=AXIS2_PLACEMENT_3D('',#2634,#2151,#2152);
#1776=AXIS2_PLACEMENT_3D('',#2635,#2153,#2154);
#1777=AXIS2_PLACEMENT_3D('',#2636,#2155,#2156);
#1778=AXIS2_PLACEMENT_3D('',#2637,#2157,#2158);
#1779=AXIS2_PLACEMENT_3D('',#2638,#2159,#2160);
#1780=AXIS2_PLACEMENT_3D('',#2639,#2161,#2162);
#1781=AXIS2_PLACEMENT_3D('',#2640,#2163,#2164);
#1782=AXIS2_PLACEMENT_3D('',#2641,#2165,#2166);
#1783=AXIS2_PLACEMENT_3D('',#2647,#2170,#2171);
#1784=AXIS2_PLACEMENT_3D('',#2660,#2178,#2179);
#1785=AXIS2_PLACEMENT_3D('',#2663,#2182,#2183);
#1786=AXIS2_PLACEMENT_3D('',#2665,#2185,#2186);
#1787=AXIS2_PLACEMENT_3D('',#2667,#2188,#2189);
#1788=AXIS2_PLACEMENT_3D('',#2669,#2191,#2192);
#1789=AXIS2_PLACEMENT_3D('',#2671,#2194,#2195);
#1790=AXIS2_PLACEMENT_3D('',#2673,#2197,#2198);
#1791=AXIS2_PLACEMENT_3D('',#2675,#2200,#2201);
#1792=AXIS2_PLACEMENT_3D('',#2677,#2203,#2204);
#1793=AXIS2_PLACEMENT_3D('',#2679,#2206,#2207);
#1794=DIRECTION('',(0.,0.,1.));
#1795=DIRECTION('',(1.,0.,0.));
#1796=DIRECTION('',(0.,0.,1.));
#1797=DIRECTION('',(1.,0.,0.));
#1798=DIRECTION('',(1.,0.,0.));
#1799=DIRECTION('',(0.707106781186551,0.707106781186545,0.));
#1800=DIRECTION('',(0.,-1.,0.));
#1801=DIRECTION('',(-0.66286796527962,-0.748736309127624,0.));
#1802=DIRECTION('',(0.,0.,1.));
#1803=DIRECTION('',(1.,0.,0.));
#1804=DIRECTION('',(0.662867965279617,-0.748736309127626,0.));
#1805=DIRECTION('',(0.,-1.,0.));
#1806=DIRECTION('',(-0.662867965279617,-0.748736309127626,0.));
#1807=DIRECTION('',(0.,0.,-1.));
#1808=DIRECTION('',(1.,0.,0.));
#1809=DIRECTION('',(0.66286796527962,-0.748736309127624,0.));
#1810=DIRECTION('',(0.,-1.,0.));
#1811=DIRECTION('',(0.707106781186551,-0.707106781186545,0.));
#1812=DIRECTION('',(1.,0.,0.));
#1813=DIRECTION('',(-0.707106781186551,-0.707106781186545,0.));
#1814=DIRECTION('',(0.,-1.,0.));
#1815=DIRECTION('',(0.66286796527962,0.748736309127624,0.));
#1816=DIRECTION('',(0.,0.,1.));
#1817=DIRECTION('',(1.,0.,0.));
#1818=DIRECTION('',(-0.662867965279617,0.748736309127626,0.));
#1819=DIRECTION('',(0.,-1.,0.));
#1820=DIRECTION('',(0.662867965279617,0.748736309127626,0.));
#1821=DIRECTION('',(0.,0.,-1.));
#1822=DIRECTION('',(1.,0.,0.));
#1823=DIRECTION('',(-0.66286796527962,0.748736309127624,0.));
#1824=DIRECTION('',(0.,-1.,0.));
#1825=DIRECTION('',(-0.707106781186551,0.707106781186545,0.));
#1826=DIRECTION('',(0.,-1.,0.));
#1827=DIRECTION('',(1.,0.,0.));
#1828=DIRECTION('',(2.46060067514441E-16,-1.,0.));
#1829=DIRECTION('',(1.,2.46060067514441E-16,0.));
#1830=DIRECTION('',(2.46060067514441E-16,-1.,0.));
#1831=DIRECTION('',(1.,2.46060067514441E-16,0.));
#1832=DIRECTION('',(2.46060067514441E-16,-1.,0.));
#1833=DIRECTION('',(1.,0.,0.));
#1834=DIRECTION('',(0.,-1.,0.));
#1835=DIRECTION('',(-1.,0.,0.));
#1836=DIRECTION('',(0.,-1.,0.));
#1837=DIRECTION('',(-1.,0.,0.));
#1838=DIRECTION('',(0.,1.,0.));
#1839=DIRECTION('',(1.,0.,0.));
#1840=DIRECTION('',(-2.46060067514441E-16,1.,0.));
#1841=DIRECTION('',(1.,0.,0.));
#1842=DIRECTION('',(-2.46060067514441E-16,1.,0.));
#1843=DIRECTION('',(1.,1.2303003375722E-16,0.));
#1844=DIRECTION('',(-2.46060067514441E-16,1.,0.));
#1845=DIRECTION('',(1.,0.,0.));
#1846=DIRECTION('',(0.,1.,0.));
#1847=DIRECTION('',(-1.,0.,0.));
#1848=DIRECTION('',(0.,1.,0.));
#1849=DIRECTION('',(-1.,0.,0.));
#1850=DIRECTION('',(0.,1.,0.));
#1851=DIRECTION('',(1.,0.,0.));
#1852=DIRECTION('',(0.,1.,0.));
#1853=DIRECTION('',(1.,2.46060067514441E-16,0.));
#1854=DIRECTION('',(0.,1.,0.));
#1855=DIRECTION('',(1.,0.,0.));
#1856=DIRECTION('',(0.,1.,0.));
#1857=DIRECTION('',(1.,0.,0.));
#1858=DIRECTION('',(0.,1.,0.));
#1859=DIRECTION('',(-1.,0.,0.));
#1860=DIRECTION('',(0.,1.,0.));
#1861=DIRECTION('',(-1.,0.,0.));
#1862=DIRECTION('',(-1.,0.,0.));
#1863=DIRECTION('',(0.,0.,1.));
#1864=DIRECTION('',(0.,0.,1.));
#1865=DIRECTION('',(0.,1.,0.));
#1866=DIRECTION('',(0.,0.,-1.));
#1867=DIRECTION('',(-1.,-2.46060067514441E-16,0.));
#1868=DIRECTION('',(2.46060067514441E-16,-1.,0.));
#1869=DIRECTION('',(0.,0.,1.));
#1870=DIRECTION('',(-2.46060067514441E-16,1.,0.));
#1871=DIRECTION('',(0.,0.,-1.));
#1872=DIRECTION('',(1.,0.,0.));
#1873=DIRECTION('',(0.,0.,-1.));
#1874=DIRECTION('',(0.,0.,1.));
#1875=DIRECTION('',(0.,-1.,0.));
#1876=DIRECTION('',(0.,0.,-1.));
#1877=DIRECTION('',(-1.,0.,0.));
#1878=DIRECTION('',(0.,0.,1.));
#1879=DIRECTION('',(0.,1.,0.));
#1880=DIRECTION('',(0.,0.,1.));
#1881=DIRECTION('',(0.,0.,-1.));
#1882=DIRECTION('',(-1.,0.,0.));
#1883=DIRECTION('',(0.,0.,1.));
#1884=DIRECTION('',(0.,1.,0.));
#1885=DIRECTION('',(0.,0.,1.));
#1886=DIRECTION('',(0.,0.,-1.));
#1887=DIRECTION('',(1.,2.46060067514441E-16,0.));
#1888=DIRECTION('',(-2.46060067514441E-16,1.,0.));
#1889=DIRECTION('',(2.46060067514441E-16,-1.,0.));
#1890=DIRECTION('',(0.,0.,1.));
#1891=DIRECTION('',(0.,0.,-1.));
#1892=DIRECTION('',(0.,0.,1.));
#1893=DIRECTION('',(1.,0.,0.));
#1894=DIRECTION('',(1.,0.,0.));
#1895=DIRECTION('',(-1.,0.,0.));
#1896=DIRECTION('',(0.,1.,0.));
#1897=DIRECTION('',(-1.,0.,0.));
#1898=DIRECTION('',(0.,1.,0.));
#1899=DIRECTION('',(1.,0.,0.));
#1900=DIRECTION('',(-2.46060067514441E-16,1.,0.));
#1901=DIRECTION('',(1.,1.2303003375722E-16,0.));
#1902=DIRECTION('',(-2.46060067514441E-16,1.,0.));
#1903=DIRECTION('',(1.,0.,0.));
#1904=DIRECTION('',(0.,0.,-1.));
#1905=DIRECTION('',(1.,0.,0.));
#1906=DIRECTION('',(0.,0.,1.));
#1907=DIRECTION('',(1.,0.,0.));
#1908=DIRECTION('',(0.,0.,-1.));
#1909=DIRECTION('',(1.,0.,0.));
#1910=DIRECTION('',(0.,0.,1.));
#1911=DIRECTION('',(1.,0.,0.));
#1912=DIRECTION('',(-1.,0.,0.));
#1913=DIRECTION('',(-0.707106781186551,0.707106781186545,0.));
#1914=DIRECTION('',(1.7347234759768E-16,-1.,0.));
#1915=DIRECTION('',(-0.707106781186545,-0.707106781186551,0.));
#1916=DIRECTION('',(-1.,0.,0.));
#1917=DIRECTION('',(0.707106781186551,-0.707106781186545,0.));
#1918=DIRECTION('',(1.7347234759768E-16,-1.,0.));
#1919=DIRECTION('',(0.707106781186551,0.707106781186545,0.));
#1920=DIRECTION('',(1.,0.,0.));
#1921=DIRECTION('',(0.,-1.,0.));
#1922=DIRECTION('',(-1.,0.,0.));
#1923=DIRECTION('',(0.,-1.,0.));
#1924=DIRECTION('',(-1.,0.,0.));
#1925=DIRECTION('',(1.,0.,0.));
#1926=DIRECTION('',(1.,2.46060067514441E-16,0.));
#1927=DIRECTION('',(2.46060067514441E-16,-1.,0.));
#1928=DIRECTION('',(1.,2.46060067514441E-16,0.));
#1929=DIRECTION('',(2.46060067514441E-16,-1.,0.));
#1930=DIRECTION('',(1.,0.,0.));
#1931=DIRECTION('',(-1.,0.,0.));
#1932=DIRECTION('',(0.,1.,0.));
#1933=DIRECTION('',(-1.,0.,0.));
#1934=DIRECTION('',(0.,1.,0.));
#1935=DIRECTION('',(1.,0.,0.));
#1936=DIRECTION('',(0.,1.,0.));
#1937=DIRECTION('',(1.,0.,0.));
#1938=DIRECTION('',(0.,1.,0.));
#1939=DIRECTION('',(1.,2.46060067514441E-16,0.));
#1940=DIRECTION('',(-2.46060067514441E-16,1.,0.));
#1941=DIRECTION('',(-1.,-2.46060067514441E-16,0.));
#1942=DIRECTION('',(0.,0.,-1.));
#1943=DIRECTION('',(0.,0.,-1.));
#1944=DIRECTION('',(1.,2.46060067514441E-16,0.));
#1945=DIRECTION('',(-2.46060067514441E-16,1.,0.));
#1946=DIRECTION('',(0.,0.,-1.));
#1947=DIRECTION('',(-2.46060067514441E-16,1.,0.));
#1948=DIRECTION('',(-1.,-2.46060067514441E-16,0.));
#1949=DIRECTION('',(0.,1.,0.));
#1950=DIRECTION('',(0.,0.,1.));
#1951=DIRECTION('',(0.,0.,-1.));
#1952=DIRECTION('',(0.,0.,-1.));
#1953=DIRECTION('',(-1.,0.,0.));
#1954=DIRECTION('',(0.,0.,1.));
#1955=DIRECTION('',(0.,0.,1.));
#1956=DIRECTION('',(-2.46060067514441E-16,1.,0.));
#1957=DIRECTION('',(-1.,-2.46060067514441E-16,0.));
#1958=DIRECTION('',(0.,0.,-1.));
#1959=DIRECTION('',(-1.2303003375722E-16,1.,0.));
#1960=DIRECTION('',(-1.,-1.2303003375722E-16,0.));
#1961=DIRECTION('',(0.,0.,-1.));
#1962=DIRECTION('',(0.,0.,-1.));
#1963=DIRECTION('',(-1.,-2.46060067514441E-16,0.));
#1964=DIRECTION('',(2.46060067514441E-16,-1.,0.));
#1965=DIRECTION('',(0.,0.,1.));
#1966=DIRECTION('',(0.,1.,0.));
#1967=DIRECTION('',(0.,0.,1.));
#1968=DIRECTION('',(0.,0.,-1.));
#1969=DIRECTION('',(1.,0.,0.));
#1970=DIRECTION('',(0.,0.,-1.));
#1971=DIRECTION('',(0.,0.,-1.));
#1972=DIRECTION('',(0.,0.,-1.));
#1973=DIRECTION('',(0.,-1.,0.));
#1974=DIRECTION('',(0.,0.,-1.));
#1975=DIRECTION('',(0.,0.,-1.));
#1976=DIRECTION('',(1.,0.,0.));
#1977=DIRECTION('',(0.,0.,-1.));
#1978=DIRECTION('',(0.,0.,1.));
#1979=DIRECTION('',(-1.,0.,0.));
#1980=DIRECTION('',(0.,0.,1.));
#1981=DIRECTION('',(0.,0.,1.));
#1982=DIRECTION('',(0.,0.,-1.));
#1983=DIRECTION('',(0.,-1.,0.));
#1984=DIRECTION('',(0.,0.,-1.));
#1985=DIRECTION('',(0.,0.,-1.));
#1986=DIRECTION('',(-1.,0.,0.));
#1987=DIRECTION('',(0.,0.,1.));
#1988=DIRECTION('',(0.,0.,-1.));
#1989=DIRECTION('',(-1.,0.,0.));
#1990=DIRECTION('',(0.,0.,1.));
#1991=DIRECTION('',(0.,0.,1.));
#1992=DIRECTION('',(0.,0.,-1.));
#1993=DIRECTION('',(0.,-1.,0.));
#1994=DIRECTION('',(0.,0.,-1.));
#1995=DIRECTION('',(0.,0.,-1.));
#1996=DIRECTION('',(-1.,0.,0.));
#1997=DIRECTION('',(0.,0.,1.));
#1998=DIRECTION('',(0.,0.,-1.));
#1999=DIRECTION('',(1.,1.7347234759768E-16,0.));
#2000=DIRECTION('',(-1.7347234759768E-16,1.,0.));
#2001=DIRECTION('',(0.,0.,1.));
#2002=DIRECTION('',(1.7347234759768E-16,-1.,0.));
#2003=DIRECTION('',(0.,0.,-1.));
#2004=DIRECTION('',(1.7347234759768E-16,-1.,0.));
#2005=DIRECTION('',(0.,0.,-1.));
#2006=DIRECTION('',(0.,-1.,0.));
#2007=DIRECTION('',(0.,0.,-1.));
#2008=DIRECTION('',(0.,0.,1.));
#2009=DIRECTION('',(1.,0.,0.));
#2010=DIRECTION('',(0.,0.,-1.));
#2011=DIRECTION('',(1.,1.7347234759768E-16,0.));
#2012=DIRECTION('',(-1.7347234759768E-16,1.,0.));
#2013=DIRECTION('',(0.,0.,1.));
#2014=DIRECTION('',(-1.7347234759768E-16,1.,0.));
#2015=DIRECTION('',(0.,0.,-1.));
#2016=DIRECTION('',(0.,0.,1.));
#2017=DIRECTION('',(1.7347234759768E-16,-1.,0.));
#2018=DIRECTION('',(0.,0.,-1.));
#2019=DIRECTION('',(-1.,0.,0.));
#2020=DIRECTION('',(0.,0.,-1.));
#2021=DIRECTION('',(0.,0.,-1.));
#2022=DIRECTION('',(1.,0.,0.));
#2023=DIRECTION('',(0.,0.,-1.));
#2024=DIRECTION('',(0.,0.,-1.));
#2025=DIRECTION('',(-1.,0.,0.));
#2026=DIRECTION('',(0.,0.,-1.));
#2027=DIRECTION('',(0.,0.,1.));
#2028=DIRECTION('',(1.,0.,0.));
#2029=DIRECTION('',(0.,0.,-1.));
#2030=DIRECTION('',(0.,0.,-1.));
#2031=DIRECTION('',(-1.,0.,0.));
#2032=DIRECTION('',(0.,0.,-1.));
#2033=DIRECTION('',(1.,0.,0.));
#2034=DIRECTION('',(0.,0.,-1.));
#2035=DIRECTION('',(0.,0.,-1.));
#2036=DIRECTION('',(0.,0.,-1.));
#2037=DIRECTION('',(-1.,0.,0.));
#2038=DIRECTION('',(0.,0.,1.));
#2039=DIRECTION('',(1.,0.,0.));
#2040=DIRECTION('',(0.,0.,-1.));
#2041=DIRECTION('',(0.,0.,-1.));
#2042=DIRECTION('',(-1.,0.,0.));
#2043=DIRECTION('',(0.,0.,1.));
#2044=DIRECTION('',(-1.,-2.46060067514441E-16,0.));
#2045=DIRECTION('',(2.46060067514441E-16,-1.,0.));
#2046=DIRECTION('',(0.,-1.,0.));
#2047=DIRECTION('',(0.,0.,-1.));
#2048=DIRECTION('',(0.,-1.,0.));
#2049=DIRECTION('',(0.,0.,-1.));
#2050=DIRECTION('',(0.,-1.,0.));
#2051=DIRECTION('',(0.,0.,-1.));
#2052=DIRECTION('',(0.,-1.,0.));
#2053=DIRECTION('',(0.,0.,-1.));
#2054=DIRECTION('',(0.,0.,1.));
#2055=DIRECTION('',(-1.,0.,0.));
#2056=DIRECTION('',(0.,0.,-1.));
#2057=DIRECTION('',(1.,2.46060067514441E-16,0.));
#2058=DIRECTION('',(-2.46060067514441E-16,1.,0.));
#2059=DIRECTION('',(0.,0.,1.));
#2060=DIRECTION('',(-0.707106781186545,-0.707106781186551,0.));
#2061=DIRECTION('',(0.,0.,1.));
#2062=DIRECTION('',(0.707106781186551,-0.707106781186545,0.));
#2063=DIRECTION('',(-0.707106781186545,0.707106781186551,0.));
#2064=DIRECTION('',(0.,0.,-1.));
#2065=DIRECTION('',(-0.707106781186551,-0.707106781186545,0.));
#2066=DIRECTION('',(0.707106781186551,-0.707106781186545,0.));
#2067=DIRECTION('',(0.,0.,-1.));
#2068=DIRECTION('',(-0.707106781186545,-0.707106781186551,0.));
#2069=DIRECTION('',(0.707106781186545,0.707106781186551,0.));
#2070=DIRECTION('',(0.,0.,1.));
#2071=DIRECTION('',(0.707106781186551,-0.707106781186545,0.));
#2072=DIRECTION('',(1.,0.,0.));
#2073=DIRECTION('',(0.,0.,-1.));
#2074=DIRECTION('',(0.,-1.,0.));
#2075=DIRECTION('',(0.,0.,-1.));
#2076=DIRECTION('',(0.,0.,1.));
#2077=DIRECTION('',(1.,0.,0.));
#2078=DIRECTION('',(0.,0.,-1.));
#2079=DIRECTION('',(0.,-1.,0.));
#2080=DIRECTION('',(0.,0.,-1.));
#2081=DIRECTION('',(0.,0.,1.));
#2082=DIRECTION('',(0.,1.,0.));
#2083=DIRECTION('',(0.,0.,1.));
#2084=DIRECTION('',(0.,0.,1.));
#2085=DIRECTION('',(1.,0.,0.));
#2086=DIRECTION('',(0.,0.,-1.));
#2087=DIRECTION('',(1.,0.,0.));
#2088=DIRECTION('',(0.,0.,-1.));
#2089=DIRECTION('',(0.,0.,1.));
#2090=DIRECTION('',(0.,-1.,0.));
#2091=DIRECTION('',(0.,0.,-1.));
#2092=DIRECTION('',(1.,0.,0.));
#2093=DIRECTION('',(0.,0.,-1.));
#2094=DIRECTION('',(0.,0.,1.));
#2095=DIRECTION('',(0.,-1.,0.));
#2096=DIRECTION('',(0.,0.,-1.));
#2097=DIRECTION('',(1.,0.,0.));
#2098=DIRECTION('',(0.,0.,-1.));
#2099=DIRECTION('',(0.,-1.,0.));
#2100=DIRECTION('',(0.,0.,-1.));
#2101=DIRECTION('',(0.,0.,1.));
#2102=DIRECTION('',(0.,1.,0.));
#2103=DIRECTION('',(0.,0.,1.));
#2104=DIRECTION('',(1.,0.,0.));
#2105=DIRECTION('',(0.,0.,-1.));
#2106=DIRECTION('',(0.,0.,1.));
#2107=DIRECTION('',(1.,0.,0.));
#2108=DIRECTION('',(0.,0.,-1.));
#2109=DIRECTION('',(0.,0.,1.));
#2110=DIRECTION('',(0.,-1.,0.));
#2111=DIRECTION('',(0.,0.,-1.));
#2112=DIRECTION('',(0.,0.,1.));
#2113=DIRECTION('',(1.,0.,0.));
#2114=DIRECTION('',(1.,3.46944695195362E-16,0.));
#2115=DIRECTION('',(0.707106781186551,-0.707106781186545,0.));
#2116=DIRECTION('',(-0.707106781186551,-0.707106781186545,0.));
#2117=DIRECTION('',(0.66286796527962,0.748736309127624,0.));
#2118=DIRECTION('',(-0.707106781186551,-0.707106781186545,0.));
#2119=DIRECTION('',(0.707106781186551,-0.707106781186545,0.));
#2120=DIRECTION('',(0.66286796527962,-0.748736309127624,0.));
#2121=DIRECTION('',(-0.662867965279617,-0.748736309127626,0.));
#2122=DIRECTION('',(0.662867965279617,-0.748736309127626,0.));
#2123=DIRECTION('',(-0.66286796527962,-0.748736309127624,0.));
#2124=DIRECTION('',(0.707106781186551,0.707106781186545,0.));
#2125=DIRECTION('',(-0.707106781186551,0.707106781186545,0.));
#2126=DIRECTION('',(-0.66286796527962,0.748736309127624,0.));
#2127=DIRECTION('',(0.662867965279617,0.748736309127626,0.));
#2128=DIRECTION('',(-0.662867965279617,0.748736309127626,0.));
#2129=DIRECTION('',(0.748736309127624,-0.66286796527962,0.));
#2130=DIRECTION('',(0.,0.,-1.));
#2131=DIRECTION('',(0.748736309127626,0.662867965279617,0.));
#2132=DIRECTION('',(0.,0.,-1.));
#2133=DIRECTION('',(0.748736309127626,-0.662867965279617,0.));
#2134=DIRECTION('',(0.,0.,-1.));
#2135=DIRECTION('',(0.748736309127624,0.66286796527962,0.));
#2136=DIRECTION('',(0.,0.,-1.));
#2137=DIRECTION('',(-0.748736309127624,-0.66286796527962,0.));
#2138=DIRECTION('',(0.,0.,-1.));
#2139=DIRECTION('',(-0.748736309127626,0.662867965279617,0.));
#2140=DIRECTION('',(0.,0.,-1.));
#2141=DIRECTION('',(-0.748736309127626,-0.662867965279617,0.));
#2142=DIRECTION('',(0.,0.,-1.));
#2143=DIRECTION('',(-0.748736309127624,0.66286796527962,0.));
#2144=DIRECTION('',(0.,0.,-1.));
#2145=DIRECTION('',(0.707106781186545,-0.707106781186551,0.));
#2146=DIRECTION('',(0.,0.,-1.));
#2147=DIRECTION('',(0.707106781186545,0.707106781186551,0.));
#2148=DIRECTION('',(0.,0.,1.));
#2149=DIRECTION('',(-0.707106781186545,-0.707106781186551,0.));
#2150=DIRECTION('',(0.,0.,1.));
#2151=DIRECTION('',(-0.707106781186545,0.707106781186551,0.));
#2152=DIRECTION('',(0.,0.,-1.));
#2153=DIRECTION('',(0.,-1.,0.));
#2154=DIRECTION('',(0.,0.,-1.));
#2155=DIRECTION('',(0.,-1.,0.));
#2156=DIRECTION('',(0.,0.,-1.));
#2157=DIRECTION('',(0.,-1.,0.));
#2158=DIRECTION('',(0.,0.,-1.));
#2159=DIRECTION('',(0.,-1.,0.));
#2160=DIRECTION('',(0.,0.,-1.));
#2161=DIRECTION('',(0.,-1.,0.));
#2162=DIRECTION('',(0.,0.,-1.));
#2163=DIRECTION('',(0.,-1.,0.));
#2164=DIRECTION('',(0.,0.,-1.));
#2165=DIRECTION('',(-3.46944695195362E-16,1.,0.));
#2166=DIRECTION('',(-1.,-3.46944695195362E-16,0.));
#2167=DIRECTION('',(0.,0.,1.));
#2168=DIRECTION('',(-1.,-3.46944695195362E-16,0.));
#2169=DIRECTION('',(0.,0.,-1.));
#2170=DIRECTION('',(0.,0.,1.));
#2171=DIRECTION('',(1.,0.,0.));
#2172=DIRECTION('',(-0.707106781186545,-0.707106781186551,0.));
#2173=DIRECTION('',(1.7347234759768E-16,-1.,0.));
#2174=DIRECTION('',(1.,3.46944695195362E-16,0.));
#2175=DIRECTION('',(-1.7347234759768E-16,1.,0.));
#2176=DIRECTION('',(-0.707106781186551,0.707106781186545,0.));
#2177=DIRECTION('',(-1.,0.,0.));
#2178=DIRECTION('',(-0.707106781186546,-1.2266347333467E-16,-0.707106781186549));
#2179=DIRECTION('',(1.7347234759768E-16,-1.,0.));
#2180=DIRECTION('',(0.707106781186549,0.,-0.707106781186546));
#2181=DIRECTION('',(-0.678598344545849,-0.281084637714819,0.678598344545846));
#2182=DIRECTION('',(0.707106781186545,-0.707106781186551,0.));
#2183=DIRECTION('',(0.,0.,1.));
#2184=DIRECTION('',(0.707106781186551,0.707106781186545,-2.77555756156289E-17));
#2185=DIRECTION('',(-0.5,-0.5,-0.707106781186548));
#2186=DIRECTION('',(-0.707106781186551,0.707106781186545,0.));
#2187=DIRECTION('',(0.281084637714823,0.678598344545845,-0.678598344545848));
#2188=DIRECTION('',(0.577350269189623,-0.577350269189628,0.577350269189626));
#2189=DIRECTION('',(0.,-0.707106781186546,-0.707106781186549));
#2190=DIRECTION('',(9.61481343191787E-17,-0.707106781186546,-0.707106781186549));
#2191=DIRECTION('',(0.,0.707106781186549,0.707106781186546));
#2192=DIRECTION('',(1.,0.,0.));
#2193=DIRECTION('',(0.281084637714827,-0.678598344545844,0.678598344545847));
#2194=DIRECTION('',(2.45326946669341E-16,-0.707106781186549,0.707106781186546));
#2195=DIRECTION('',(-1.,-3.46944695195362E-16,0.));
#2196=DIRECTION('',(9.61481343191786E-17,0.707106781186546,0.707106781186549));
#2197=DIRECTION('',(0.707106781186545,0.707106781186551,0.));
#2198=DIRECTION('',(0.,0.,-1.));
#2199=DIRECTION('',(-0.707106781186551,0.707106781186545,-2.77555756156289E-17));
#2200=DIRECTION('',(-0.5,0.5,0.707106781186548));
#2201=DIRECTION('',(0.707106781186545,0.707106781186551,0.));
#2202=DIRECTION('',(0.678598344545849,-0.281084637714818,0.678598344545846));
#2203=DIRECTION('',(-0.577350269189623,-0.577350269189628,0.577350269189626));
#2204=DIRECTION('',(0.,-0.707106781186546,-0.707106781186549));
#2205=DIRECTION('',(-0.707106781186549,2.7755575615629E-17,-0.707106781186546));
#2206=DIRECTION('',(-0.707106781186546,-1.2266347333467E-16,0.707106781186549));
#2207=DIRECTION('',(-1.7347234759768E-16,1.,0.));
#2208=CARTESIAN_POINT('',(0.,0.,0.));
#2209=CARTESIAN_POINT('',(-0.00927378950705011,0.00443467634264133,0.003));
#2210=CARTESIAN_POINT('',(0.,-0.035,0.003));
#2211=CARTESIAN_POINT('',(-0.0166,-0.035,0.003));
#2212=CARTESIAN_POINT('',(0.0166,-0.035,0.003));
#2213=CARTESIAN_POINT('',(0.0233804434177955,-0.0282195565822045,0.003));
#2214=CARTESIAN_POINT('',(0.017,-0.0346,0.003));
#2215=CARTESIAN_POINT('',(0.017,0.,0.003));
#2216=CARTESIAN_POINT('',(0.017,-0.03405,0.003));
#2217=CARTESIAN_POINT('',(0.017,-0.03405,0.003));
#2218=CARTESIAN_POINT('',(0.0173970506510099,-0.0336015151515152,0.003));
#2219=CARTESIAN_POINT('',(0.017,-0.032,0.003));
#2220=CARTESIAN_POINT('',(0.0173970506510099,-0.0303984848484849,0.003));
#2221=CARTESIAN_POINT('',(0.0173970506510099,-0.0303984848484849,0.003));
#2222=CARTESIAN_POINT('',(0.017,-0.02995,0.003));
#2223=CARTESIAN_POINT('',(0.017,0.,0.003));
#2224=CARTESIAN_POINT('',(0.017,0.02995,0.003));
#2225=CARTESIAN_POINT('',(0.017,0.02995,0.003));
#2226=CARTESIAN_POINT('',(0.0173970506510099,0.0303984848484849,0.003));
#2227=CARTESIAN_POINT('',(0.017,0.032,0.003));
#2228=CARTESIAN_POINT('',(0.0173970506510099,0.0336015151515152,0.003));
#2229=CARTESIAN_POINT('',(0.0173970506510099,0.0336015151515152,0.003));
#2230=CARTESIAN_POINT('',(0.017,0.03405,0.003));
#2231=CARTESIAN_POINT('',(0.017,0.,0.003));
#2232=CARTESIAN_POINT('',(0.017,0.0346,0.003));
#2233=CARTESIAN_POINT('',(0.0189457670751542,0.0326542329248459,0.003));
#2234=CARTESIAN_POINT('',(0.0166,0.035,0.003));
#2235=CARTESIAN_POINT('',(0.,0.035,0.003));
#2236=CARTESIAN_POINT('',(-0.0166,0.035,0.003));
#2237=CARTESIAN_POINT('',(-0.0282195565822044,0.0233804434177958,0.003));
#2238=CARTESIAN_POINT('',(-0.017,0.0346,0.003));
#2239=CARTESIAN_POINT('',(-0.017,0.,0.003));
#2240=CARTESIAN_POINT('',(-0.017,0.03405,0.003));
#2241=CARTESIAN_POINT('',(-0.017,0.03405,0.003));
#2242=CARTESIAN_POINT('',(-0.0173970506510099,0.0336015151515152,0.003));
#2243=CARTESIAN_POINT('',(-0.017,0.032,0.003));
#2244=CARTESIAN_POINT('',(-0.0173970506510099,0.0303984848484849,0.003));
#2245=CARTESIAN_POINT('',(-0.0173970506510099,0.0303984848484849,0.003));
#2246=CARTESIAN_POINT('',(-0.017,0.02995,0.003));
#2247=CARTESIAN_POINT('',(-0.017,0.,0.003));
#2248=CARTESIAN_POINT('',(-0.017,-0.02995,0.003));
#2249=CARTESIAN_POINT('',(-0.017,-0.02995,0.003));
#2250=CARTESIAN_POINT('',(-0.0173970506510099,-0.0303984848484849,0.003));
#2251=CARTESIAN_POINT('',(-0.017,-0.032,0.003));
#2252=CARTESIAN_POINT('',(-0.0173970506510099,-0.0336015151515152,0.003));
#2253=CARTESIAN_POINT('',(-0.0173970506510099,-0.0336015151515152,0.003));
#2254=CARTESIAN_POINT('',(-0.017,-0.03405,0.003));
#2255=CARTESIAN_POINT('',(-0.017,0.,0.003));
#2256=CARTESIAN_POINT('',(-0.017,-0.0346,0.003));
#2257=CARTESIAN_POINT('',(-0.0326542329248457,-0.0189457670751545,0.003));
#2258=CARTESIAN_POINT('',(-0.0015,-0.0171,0.003));
#2259=CARTESIAN_POINT('',(-0.0015,-0.01005,0.003));
#2260=CARTESIAN_POINT('',(-0.0015,-0.01205,0.003));
#2261=CARTESIAN_POINT('',(5.42101086242752E-18,-0.01205,0.003));
#2262=CARTESIAN_POINT('',(0.0015,-0.01205,0.003));
#2263=CARTESIAN_POINT('',(0.0015,-0.0171,0.003));
#2264=CARTESIAN_POINT('',(0.0015,-0.01005,0.003));
#2265=CARTESIAN_POINT('',(0.00855,-0.01005,0.003));
#2266=CARTESIAN_POINT('',(0.0156,-0.01005,0.003));
#2267=CARTESIAN_POINT('',(0.0156,-0.0171,0.003));
#2268=CARTESIAN_POINT('',(0.0156,-0.02415,0.003));
#2269=CARTESIAN_POINT('',(0.00855,-0.02415,0.003));
#2270=CARTESIAN_POINT('',(0.0015,-0.02415,0.003));
#2271=CARTESIAN_POINT('',(0.0015,-0.0171,0.003));
#2272=CARTESIAN_POINT('',(0.0015,-0.02215,0.003));
#2273=CARTESIAN_POINT('',(7.58941520739853E-18,-0.02215,0.003));
#2274=CARTESIAN_POINT('',(-0.0015,-0.02215,0.003));
#2275=CARTESIAN_POINT('',(-0.0015,-0.0171,0.003));
#2276=CARTESIAN_POINT('',(-0.0015,-0.02415,0.003));
#2277=CARTESIAN_POINT('',(-0.00855,-0.02415,0.003));
#2278=CARTESIAN_POINT('',(-0.0156,-0.02415,0.003));
#2279=CARTESIAN_POINT('',(-0.0156,-0.0171,0.003));
#2280=CARTESIAN_POINT('',(-0.0156,-0.01005,0.003));
#2281=CARTESIAN_POINT('',(-0.00855,-0.01005,0.003));
#2282=CARTESIAN_POINT('',(-0.0015,-8.67361737988404E-19,0.003));
#2283=CARTESIAN_POINT('',(-0.0015,0.00505,0.003));
#2284=CARTESIAN_POINT('',(-0.0015,0.00705,0.003));
#2285=CARTESIAN_POINT('',(3.90312782094781E-18,0.00505,0.003));
#2286=CARTESIAN_POINT('',(0.0015,0.00505,0.003));
#2287=CARTESIAN_POINT('',(0.0015,-1.3010426069826E-18,0.003));
#2288=CARTESIAN_POINT('',(0.0015,0.00705,0.003));
#2289=CARTESIAN_POINT('',(0.00855,0.00705,0.003));
#2290=CARTESIAN_POINT('',(0.0156,0.00705,0.003));
#2291=CARTESIAN_POINT('',(0.0156,8.67361737988404E-19,0.003));
#2292=CARTESIAN_POINT('',(0.0156,-0.00705,0.003));
#2293=CARTESIAN_POINT('',(0.00855,-0.00705,0.003));
#2294=CARTESIAN_POINT('',(0.0015,-0.00705,0.003));
#2295=CARTESIAN_POINT('',(0.0015,-1.3010426069826E-18,0.003));
#2296=CARTESIAN_POINT('',(0.0015,-0.00505,0.003));
#2297=CARTESIAN_POINT('',(4.77048955893622E-18,-0.00505,0.003));
#2298=CARTESIAN_POINT('',(-0.0015,-0.00505,0.003));
#2299=CARTESIAN_POINT('',(-0.0015,-8.67361737988404E-19,0.003));
#2300=CARTESIAN_POINT('',(-0.0015,-0.00705,0.003));
#2301=CARTESIAN_POINT('',(-0.00855,-0.00705,0.003));
#2302=CARTESIAN_POINT('',(-0.0156,-0.00705,0.003));
#2303=CARTESIAN_POINT('',(-0.0156,-8.67361737988404E-19,0.003));
#2304=CARTESIAN_POINT('',(-0.0156,0.00705,0.003));
#2305=CARTESIAN_POINT('',(-0.00855,0.00705,0.003));
#2306=CARTESIAN_POINT('',(-0.0015,0.0171,0.003));
#2307=CARTESIAN_POINT('',(-0.0015,0.02215,0.003));
#2308=CARTESIAN_POINT('',(-0.0015,0.02415,0.003));
#2309=CARTESIAN_POINT('',(0.,0.02215,0.003));
#2310=CARTESIAN_POINT('',(0.0015,0.02215,0.003));
#2311=CARTESIAN_POINT('',(0.0015,0.0171,0.003));
#2312=CARTESIAN_POINT('',(0.0015,0.02415,0.003));
#2313=CARTESIAN_POINT('',(0.00855,0.02415,0.003));
#2314=CARTESIAN_POINT('',(0.0156,0.02415,0.003));
#2315=CARTESIAN_POINT('',(0.0156,0.0171,0.003));
#2316=CARTESIAN_POINT('',(0.0156,0.01005,0.003));
#2317=CARTESIAN_POINT('',(0.00855,0.01005,0.003));
#2318=CARTESIAN_POINT('',(0.0015,0.01005,0.003));
#2319=CARTESIAN_POINT('',(0.0015,0.0171,0.003));
#2320=CARTESIAN_POINT('',(0.0015,0.01205,0.003));
#2321=CARTESIAN_POINT('',(2.16840434497101E-19,0.01205,0.003));
#2322=CARTESIAN_POINT('',(-0.0015,0.01205,0.003));
#2323=CARTESIAN_POINT('',(-0.0015,0.0171,0.003));
#2324=CARTESIAN_POINT('',(-0.0015,0.01005,0.003));
#2325=CARTESIAN_POINT('',(-0.00855,0.01005,0.003));
#2326=CARTESIAN_POINT('',(-0.0156,0.01005,0.003));
#2327=CARTESIAN_POINT('',(-0.0156,0.0171,0.003));
#2328=CARTESIAN_POINT('',(-0.0156,0.02415,0.003));
#2329=CARTESIAN_POINT('',(-0.00855,0.02415,0.003));
#2330=CARTESIAN_POINT('',(0.0015,0.0171,0.003));
#2331=CARTESIAN_POINT('',(0.0015,0.02215,-0.022));
#2332=CARTESIAN_POINT('',(0.0015,0.02215,0.));
#2333=CARTESIAN_POINT('',(0.0015,0.0171,0.));
#2334=CARTESIAN_POINT('',(0.0015,0.02415,0.));
#2335=CARTESIAN_POINT('',(0.0015,0.02415,0.003));
#2336=CARTESIAN_POINT('',(0.0015,-1.3010426069826E-18,0.003));
#2337=CARTESIAN_POINT('',(0.0015,0.00505,-0.022));
#2338=CARTESIAN_POINT('',(0.0015,0.00505,0.));
#2339=CARTESIAN_POINT('',(0.0015,-1.3010426069826E-18,0.));
#2340=CARTESIAN_POINT('',(0.0015,0.00705,0.));
#2341=CARTESIAN_POINT('',(0.0015,0.00705,0.003));
#2342=CARTESIAN_POINT('',(-0.0015,-0.0171,0.003));
#2343=CARTESIAN_POINT('',(-0.0015,-0.02215,-0.022));
#2344=CARTESIAN_POINT('',(-0.0015,-0.02215,0.));
#2345=CARTESIAN_POINT('',(-0.0015,-0.0171,0.));
#2346=CARTESIAN_POINT('',(-0.0015,-0.02415,0.));
#2347=CARTESIAN_POINT('',(-0.0015,-0.02415,0.003));
#2348=CARTESIAN_POINT('',(-0.0015,-8.67361737988404E-19,0.003));
#2349=CARTESIAN_POINT('',(-0.0015,-8.67361737988404E-19,0.));
#2350=CARTESIAN_POINT('',(-0.0015,0.00505,0.));
#2351=CARTESIAN_POINT('',(-0.0015,0.00705,0.));
#2352=CARTESIAN_POINT('',(-0.0015,0.00505,-0.022));
#2353=CARTESIAN_POINT('',(-0.0015,0.00705,0.003));
#2354=CARTESIAN_POINT('',(-0.0015,0.0171,0.003));
#2355=CARTESIAN_POINT('',(-0.0015,0.0171,0.));
#2356=CARTESIAN_POINT('',(-0.0015,0.02215,0.));
#2357=CARTESIAN_POINT('',(-0.0015,0.02415,0.));
#2358=CARTESIAN_POINT('',(-0.0015,0.02215,-0.022));
#2359=CARTESIAN_POINT('',(-0.0015,0.02415,0.003));
#2360=CARTESIAN_POINT('',(0.0015,-0.0171,0.003));
#2361=CARTESIAN_POINT('',(0.0015,-0.0171,0.));
#2362=CARTESIAN_POINT('',(0.0015,-0.02215,0.));
#2363=CARTESIAN_POINT('',(0.0015,-0.02415,0.));
#2364=CARTESIAN_POINT('',(0.0015,-0.02215,-0.022));
#2365=CARTESIAN_POINT('',(0.0015,-0.02415,0.003));
#2366=CARTESIAN_POINT('',(-0.00927378950705011,0.00443467634264133,0.));
#2367=CARTESIAN_POINT('',(-0.00927378950705011,0.00505,0.));
#2368=CARTESIAN_POINT('',(-0.00855,0.00705,0.));
#2369=CARTESIAN_POINT('',(-0.0156,0.00705,0.));
#2370=CARTESIAN_POINT('',(-0.0156,-8.67361737988404E-19,0.));
#2371=CARTESIAN_POINT('',(-0.0156,-0.00705,0.));
#2372=CARTESIAN_POINT('',(-0.00855,-0.00705,0.));
#2373=CARTESIAN_POINT('',(-0.0015,-0.00705,0.));
#2374=CARTESIAN_POINT('',(-0.0015,-8.67361737988404E-19,0.));
#2375=CARTESIAN_POINT('',(-0.0015,-0.00505,0.));
#2376=CARTESIAN_POINT('',(-0.00927378950705011,-0.00505,0.));
#2377=CARTESIAN_POINT('',(0.0015,-0.00505,0.));
#2378=CARTESIAN_POINT('',(0.0015,-1.3010426069826E-18,0.));
#2379=CARTESIAN_POINT('',(0.0015,-0.00705,0.));
#2380=CARTESIAN_POINT('',(0.00855,-0.00705,0.));
#2381=CARTESIAN_POINT('',(0.0156,-0.00705,0.));
#2382=CARTESIAN_POINT('',(0.0156,8.67361737988404E-19,0.));
#2383=CARTESIAN_POINT('',(0.0156,0.00705,0.));
#2384=CARTESIAN_POINT('',(0.00855,0.00705,0.));
#2385=CARTESIAN_POINT('',(0.017,0.032,0.));
#2386=CARTESIAN_POINT('',(0.01865,0.032,0.));
#2387=CARTESIAN_POINT('',(0.017,-0.032,0.));
#2388=CARTESIAN_POINT('',(0.01865,-0.032,0.));
#2389=CARTESIAN_POINT('',(-0.017,-0.032,0.));
#2390=CARTESIAN_POINT('',(-0.01535,-0.032,0.));
#2391=CARTESIAN_POINT('',(-0.017,0.032,0.));
#2392=CARTESIAN_POINT('',(-0.01535,0.032,0.));
#2393=CARTESIAN_POINT('',(6.93889390390723E-18,-0.04,0.));
#2394=CARTESIAN_POINT('',(0.0196,-0.04,0.));
#2395=CARTESIAN_POINT('',(-0.0196,-0.04,0.));
#2396=CARTESIAN_POINT('',(-0.0196,-0.04,0.));
#2397=CARTESIAN_POINT('',(-0.02,-0.0396,0.));
#2398=CARTESIAN_POINT('',(-0.02,0.,0.));
#2399=CARTESIAN_POINT('',(-0.02,0.0396,0.));
#2400=CARTESIAN_POINT('',(-0.02,0.0396,0.));
#2401=CARTESIAN_POINT('',(-0.0196,0.04,0.));
#2402=CARTESIAN_POINT('',(-3.46944695195361E-18,0.04,0.));
#2403=CARTESIAN_POINT('',(0.0196,0.04,0.));
#2404=CARTESIAN_POINT('',(0.0196,0.04,0.));
#2405=CARTESIAN_POINT('',(0.02,0.0396,0.));
#2406=CARTESIAN_POINT('',(0.02,0.,0.));
#2407=CARTESIAN_POINT('',(0.02,-0.0396,0.));
#2408=CARTESIAN_POINT('',(0.02,-0.0396,0.));
#2409=CARTESIAN_POINT('',(-0.00927378950705011,-0.01205,0.));
#2410=CARTESIAN_POINT('',(-0.0015,-0.01205,0.));
#2411=CARTESIAN_POINT('',(0.0015,-0.01205,0.));
#2412=CARTESIAN_POINT('',(-0.0015,-0.0171,0.));
#2413=CARTESIAN_POINT('',(-0.0015,-0.01005,0.));
#2414=CARTESIAN_POINT('',(-0.00855,-0.01005,0.));
#2415=CARTESIAN_POINT('',(-0.0156,-0.01005,0.));
#2416=CARTESIAN_POINT('',(-0.0156,-0.0171,0.));
#2417=CARTESIAN_POINT('',(-0.0156,-0.02415,0.));
#2418=CARTESIAN_POINT('',(-0.00855,-0.02415,0.));
#2419=CARTESIAN_POINT('',(-0.00927378950705011,-0.02215,0.));
#2420=CARTESIAN_POINT('',(0.00855,-0.02415,0.));
#2421=CARTESIAN_POINT('',(0.0156,-0.02415,0.));
#2422=CARTESIAN_POINT('',(0.0156,-0.0171,0.));
#2423=CARTESIAN_POINT('',(0.0156,-0.01005,0.));
#2424=CARTESIAN_POINT('',(0.00855,-0.01005,0.));
#2425=CARTESIAN_POINT('',(0.0015,-0.01005,0.));
#2426=CARTESIAN_POINT('',(0.0015,-0.0171,0.));
#2427=CARTESIAN_POINT('',(-0.00927378950705011,0.02215,0.));
#2428=CARTESIAN_POINT('',(-0.00855,0.02415,0.));
#2429=CARTESIAN_POINT('',(-0.0156,0.02415,0.));
#2430=CARTESIAN_POINT('',(-0.0156,0.0171,0.));
#2431=CARTESIAN_POINT('',(-0.0156,0.01005,0.));
#2432=CARTESIAN_POINT('',(-0.00855,0.01005,0.));
#2433=CARTESIAN_POINT('',(-0.0015,0.01005,0.));
#2434=CARTESIAN_POINT('',(-0.0015,0.0171,0.));
#2435=CARTESIAN_POINT('',(-0.0015,0.01205,0.));
#2436=CARTESIAN_POINT('',(-0.00927378950705011,0.01205,0.));
#2437=CARTESIAN_POINT('',(0.0015,0.01205,0.));
#2438=CARTESIAN_POINT('',(0.0015,0.0171,0.));
#2439=CARTESIAN_POINT('',(0.0015,0.01005,0.));
#2440=CARTESIAN_POINT('',(0.00855,0.01005,0.));
#2441=CARTESIAN_POINT('',(0.0156,0.01005,0.));
#2442=CARTESIAN_POINT('',(0.0156,0.0171,0.));
#2443=CARTESIAN_POINT('',(0.0156,0.02415,0.));
#2444=CARTESIAN_POINT('',(0.00855,0.02415,0.));
#2445=CARTESIAN_POINT('',(0.00855,-0.01005,0.003));
#2446=CARTESIAN_POINT('',(0.0156,-0.01005,0.003));
#2447=CARTESIAN_POINT('',(0.0015,-0.01005,0.003));
#2448=CARTESIAN_POINT('',(0.0156,-0.0171,0.003));
#2449=CARTESIAN_POINT('',(0.0156,-0.02415,0.003));
#2450=CARTESIAN_POINT('',(0.00855,-0.02415,0.003));
#2451=CARTESIAN_POINT('',(0.00855,0.01005,0.003));
#2452=CARTESIAN_POINT('',(0.0015,0.01005,0.003));
#2453=CARTESIAN_POINT('',(0.0156,0.01005,0.003));
#2454=CARTESIAN_POINT('',(0.0015,0.0171,0.003));
#2455=CARTESIAN_POINT('',(0.0015,0.01205,-0.022));
#2456=CARTESIAN_POINT('',(0.00855,0.02415,0.003));
#2457=CARTESIAN_POINT('',(0.0156,0.02415,0.003));
#2458=CARTESIAN_POINT('',(0.00855,-0.00705,0.003));
#2459=CARTESIAN_POINT('',(0.0015,-0.00705,0.003));
#2460=CARTESIAN_POINT('',(0.0156,-0.00705,0.003));
#2461=CARTESIAN_POINT('',(0.0015,-1.3010426069826E-18,0.003));
#2462=CARTESIAN_POINT('',(0.0015,-0.00505,-0.022));
#2463=CARTESIAN_POINT('',(0.00855,0.00705,0.003));
#2464=CARTESIAN_POINT('',(0.0156,0.00705,0.003));
#2465=CARTESIAN_POINT('',(-0.0156,-0.0171,0.003));
#2466=CARTESIAN_POINT('',(-0.0156,-0.01005,0.003));
#2467=CARTESIAN_POINT('',(-0.0156,-0.02415,0.003));
#2468=CARTESIAN_POINT('',(-0.00855,-0.01005,0.003));
#2469=CARTESIAN_POINT('',(-0.0015,-0.01005,0.003));
#2470=CARTESIAN_POINT('',(-0.0015,-0.0171,0.003));
#2471=CARTESIAN_POINT('',(-0.0015,-0.01205,-0.022));
#2472=CARTESIAN_POINT('',(-0.0015,-8.67361737988404E-19,0.003));
#2473=CARTESIAN_POINT('',(-0.0015,-0.00505,-0.022));
#2474=CARTESIAN_POINT('',(-0.0015,-0.00705,0.003));
#2475=CARTESIAN_POINT('',(-0.00855,-0.00705,0.003));
#2476=CARTESIAN_POINT('',(-0.0156,-0.00705,0.003));
#2477=CARTESIAN_POINT('',(-0.0156,-8.67361737988404E-19,0.003));
#2478=CARTESIAN_POINT('',(-0.0156,0.00705,0.003));
#2479=CARTESIAN_POINT('',(-0.0015,0.0171,0.003));
#2480=CARTESIAN_POINT('',(-0.0015,0.01205,-0.022));
#2481=CARTESIAN_POINT('',(-0.0015,0.01005,0.003));
#2482=CARTESIAN_POINT('',(-0.00855,0.01005,0.003));
#2483=CARTESIAN_POINT('',(-0.0156,0.01005,0.003));
#2484=CARTESIAN_POINT('',(-0.0156,0.0171,0.003));
#2485=CARTESIAN_POINT('',(-0.0156,0.02415,0.003));
#2486=CARTESIAN_POINT('',(0.02,0.,0.003));
#2487=CARTESIAN_POINT('',(0.02,0.0396,0.003));
#2488=CARTESIAN_POINT('',(0.02,0.0396,0.0136));
#2489=CARTESIAN_POINT('',(0.02,0.,0.0136));
#2490=CARTESIAN_POINT('',(0.02,0.0355,0.0136));
#2491=CARTESIAN_POINT('',(0.02,0.0355,0.008));
#2492=CARTESIAN_POINT('',(0.02,0.0355,0.008));
#2493=CARTESIAN_POINT('',(0.02,0.,0.008));
#2494=CARTESIAN_POINT('',(0.02,-0.0396,0.008));
#2495=CARTESIAN_POINT('',(0.02,-0.0396,0.003));
#2496=CARTESIAN_POINT('',(-3.46944695195361E-18,0.04,0.003));
#2497=CARTESIAN_POINT('',(-0.0196,0.04,0.003));
#2498=CARTESIAN_POINT('',(-0.0196,0.04,0.0136));
#2499=CARTESIAN_POINT('',(0.0196,0.04,0.0136));
#2500=CARTESIAN_POINT('',(0.0196,0.04,0.0136));
#2501=CARTESIAN_POINT('',(0.0196,0.04,0.));
#2502=CARTESIAN_POINT('',(-0.02,0.,0.003));
#2503=CARTESIAN_POINT('',(-0.02,0.0355,0.003));
#2504=CARTESIAN_POINT('',(-0.02,0.0355,0.008));
#2505=CARTESIAN_POINT('',(-0.02,0.0355,0.0136));
#2506=CARTESIAN_POINT('',(-0.02,0.0396,0.0136));
#2507=CARTESIAN_POINT('',(-0.02,0.0396,0.0136));
#2508=CARTESIAN_POINT('',(-0.02,0.0396,0.003));
#2509=CARTESIAN_POINT('',(-0.02,-0.0396,0.003));
#2510=CARTESIAN_POINT('',(-0.02,-0.0396,0.008));
#2511=CARTESIAN_POINT('',(-0.02,0.,0.008));
#2512=CARTESIAN_POINT('',(0.017,0.032,0.003));
#2513=CARTESIAN_POINT('',(0.0173970506510099,0.0303984848484849,0.003));
#2514=CARTESIAN_POINT('',(0.0173970506510099,0.0303984848484849,0.008));
#2515=CARTESIAN_POINT('',(0.017,0.032,0.008));
#2516=CARTESIAN_POINT('',(0.0173970506510099,0.0336015151515152,0.008));
#2517=CARTESIAN_POINT('',(0.0173970506510099,0.0336015151515152,0.003));
#2518=CARTESIAN_POINT('',(0.017,-0.032,0.003));
#2519=CARTESIAN_POINT('',(0.0173970506510099,-0.0336015151515152,0.003));
#2520=CARTESIAN_POINT('',(0.0173970506510099,-0.0336015151515152,0.008));
#2521=CARTESIAN_POINT('',(0.017,-0.032,0.008));
#2522=CARTESIAN_POINT('',(0.0173970506510099,-0.0303984848484849,0.008));
#2523=CARTESIAN_POINT('',(0.0173970506510099,-0.0303984848484849,0.003));
#2524=CARTESIAN_POINT('',(-0.017,-0.032,0.003));
#2525=CARTESIAN_POINT('',(-0.017,-0.032,0.008));
#2526=CARTESIAN_POINT('',(-0.0173970506510099,-0.0336015151515152,0.008));
#2527=CARTESIAN_POINT('',(-0.0173970506510099,-0.0303984848484849,0.008));
#2528=CARTESIAN_POINT('',(-0.0173970506510099,-0.0336015151515152,0.003));
#2529=CARTESIAN_POINT('',(-0.0173970506510099,-0.0303984848484849,0.003));
#2530=CARTESIAN_POINT('',(-0.017,0.032,0.003));
#2531=CARTESIAN_POINT('',(-0.017,0.032,0.008));
#2532=CARTESIAN_POINT('',(-0.0173970506510099,0.0336015151515152,0.008));
#2533=CARTESIAN_POINT('',(-0.0173970506510099,0.0303984848484849,0.008));
#2534=CARTESIAN_POINT('',(-0.0173970506510099,0.0303984848484849,0.003));
#2535=CARTESIAN_POINT('',(-0.0173970506510099,0.0336015151515152,0.003));
#2536=CARTESIAN_POINT('',(0.0156,0.0171,0.003));
#2537=CARTESIAN_POINT('',(0.0156,8.67361737988404E-19,0.003));
#2538=CARTESIAN_POINT('',(-0.00855,-0.02415,0.003));
#2539=CARTESIAN_POINT('',(-0.00855,0.00705,0.003));
#2540=CARTESIAN_POINT('',(-0.00855,0.02415,0.003));
#2541=CARTESIAN_POINT('',(6.93889390390723E-18,-0.04,0.003));
#2542=CARTESIAN_POINT('',(0.0196,-0.04,0.003));
#2543=CARTESIAN_POINT('',(0.0196,-0.04,0.008));
#2544=CARTESIAN_POINT('',(6.93889390390723E-18,-0.04,0.008));
#2545=CARTESIAN_POINT('',(-0.0196,-0.04,0.008));
#2546=CARTESIAN_POINT('',(-0.0196,-0.04,0.));
#2547=CARTESIAN_POINT('',(0.0015,-0.0171,0.003));
#2548=CARTESIAN_POINT('',(0.0015,-0.01205,-0.022));
#2549=CARTESIAN_POINT('',(-0.0196,-0.04,0.003));
#2550=CARTESIAN_POINT('',(-0.0366542329248457,-0.0229457670751544,0.008));
#2551=CARTESIAN_POINT('',(0.02,-0.0396,0.003));
#2552=CARTESIAN_POINT('',(0.0273804434177955,-0.0322195565822046,0.008));
#2553=CARTESIAN_POINT('',(-0.02,0.0396,0.003));
#2554=CARTESIAN_POINT('',(-0.02,0.0396,0.0136));
#2555=CARTESIAN_POINT('',(0.0196,0.04,0.003));
#2556=CARTESIAN_POINT('',(0.0196,0.04,0.0136));
#2557=CARTESIAN_POINT('',(-0.017,0.,0.008));
#2558=CARTESIAN_POINT('',(-0.017,0.,0.008));
#2559=CARTESIAN_POINT('',(-0.017,0.02995,0.008));
#2560=CARTESIAN_POINT('',(-0.017,-0.02995,0.008));
#2561=CARTESIAN_POINT('',(-0.017,-0.02995,0.003));
#2562=CARTESIAN_POINT('',(-0.017,0.02995,0.008));
#2563=CARTESIAN_POINT('',(-0.017,0.,0.008));
#2564=CARTESIAN_POINT('',(-0.017,0.,0.008));
#2565=CARTESIAN_POINT('',(-0.017,0.0346,0.008));
#2566=CARTESIAN_POINT('',(-0.017,0.03405,0.008));
#2567=CARTESIAN_POINT('',(-0.017,0.03405,0.008));
#2568=CARTESIAN_POINT('',(-0.017,0.0346,0.008));
#2569=CARTESIAN_POINT('',(0.,0.035,0.008));
#2570=CARTESIAN_POINT('',(0.0166,0.035,0.008));
#2571=CARTESIAN_POINT('',(0.0166,0.035,0.008));
#2572=CARTESIAN_POINT('',(0.,0.035,0.008));
#2573=CARTESIAN_POINT('',(-0.0166,0.035,0.008));
#2574=CARTESIAN_POINT('',(-0.0166,0.035,0.008));
#2575=CARTESIAN_POINT('',(0.017,0.,0.008));
#2576=CARTESIAN_POINT('',(0.017,0.03405,0.008));
#2577=CARTESIAN_POINT('',(0.017,0.03405,0.008));
#2578=CARTESIAN_POINT('',(0.017,0.,0.008));
#2579=CARTESIAN_POINT('',(0.017,0.0346,0.008));
#2580=CARTESIAN_POINT('',(0.017,0.0346,0.003));
#2581=CARTESIAN_POINT('',(0.017,0.,0.008));
#2582=CARTESIAN_POINT('',(0.017,-0.02995,0.008));
#2583=CARTESIAN_POINT('',(0.017,-0.02995,0.008));
#2584=CARTESIAN_POINT('',(0.017,0.,0.008));
#2585=CARTESIAN_POINT('',(0.017,0.02995,0.008));
#2586=CARTESIAN_POINT('',(0.017,0.02995,0.008));
#2587=CARTESIAN_POINT('',(0.017,0.,0.008));
#2588=CARTESIAN_POINT('',(0.017,0.,0.008));
#2589=CARTESIAN_POINT('',(0.017,-0.03405,0.008));
#2590=CARTESIAN_POINT('',(0.017,-0.0346,0.008));
#2591=CARTESIAN_POINT('',(0.017,-0.03405,0.003));
#2592=CARTESIAN_POINT('',(0.017,-0.0346,0.008));
#2593=CARTESIAN_POINT('',(0.,-0.035,0.008));
#2594=CARTESIAN_POINT('',(0.,-0.035,0.008));
#2595=CARTESIAN_POINT('',(-0.0166,-0.035,0.008));
#2596=CARTESIAN_POINT('',(0.0166,-0.035,0.008));
#2597=CARTESIAN_POINT('',(0.0166,-0.035,0.008));
#2598=CARTESIAN_POINT('',(-0.0166,-0.035,0.008));
#2599=CARTESIAN_POINT('',(-0.017,0.,0.008));
#2600=CARTESIAN_POINT('',(-0.017,-0.03405,0.008));
#2601=CARTESIAN_POINT('',(-0.017,-0.03405,0.008));
#2602=CARTESIAN_POINT('',(-0.017,0.,0.008));
#2603=CARTESIAN_POINT('',(-0.017,-0.0346,0.008));
#2604=CARTESIAN_POINT('',(-0.017,-0.0346,0.003));
#2605=CARTESIAN_POINT('',(0.,0.,0.008));
#2606=CARTESIAN_POINT('',(-6.93889390390723E-18,0.0351,0.008));
#2607=CARTESIAN_POINT('',(-0.0196,0.0351,0.008));
#2608=CARTESIAN_POINT('',(0.0196,0.0351,0.008));
#2609=CARTESIAN_POINT('',(-0.0196,0.0351,0.008));
#2610=CARTESIAN_POINT('',(0.02,0.0355,0.008));
#2611=CARTESIAN_POINT('',(0.0264297713639127,-0.0233986899703246,0.008));
#2612=CARTESIAN_POINT('',(0.0166,-0.035,0.008));
#2613=CARTESIAN_POINT('',(-0.017,-0.0346,0.008));
#2614=CARTESIAN_POINT('',(-0.0264297713639127,-0.0233986899703246,0.008));
#2615=CARTESIAN_POINT('',(0.00533428071688086,-0.0047225221508877,0.008));
#2616=CARTESIAN_POINT('',(0.00533428071688086,0.00472252215088769,0.008));
#2617=CARTESIAN_POINT('',(-0.0264297713639127,0.0233986899703246,0.008));
#2618=CARTESIAN_POINT('',(-0.0166,0.035,0.008));
#2619=CARTESIAN_POINT('',(0.017,0.0346,0.008));
#2620=CARTESIAN_POINT('',(0.0264297713639127,0.0233986899703246,0.008));
#2621=CARTESIAN_POINT('',(-0.00533428071688086,0.0047225221508877,0.008));
#2622=CARTESIAN_POINT('',(-0.00533428071688086,-0.00472252215088769,0.008));
#2623=CARTESIAN_POINT('',(0.017,-0.03405,0.003));
#2624=CARTESIAN_POINT('',(0.0173970506510099,-0.0303984848484849,0.003));
#2625=CARTESIAN_POINT('',(0.017,0.02995,0.003));
#2626=CARTESIAN_POINT('',(0.0173970506510099,0.0336015151515152,0.003));
#2627=CARTESIAN_POINT('',(-0.0173970506510099,-0.0336015151515152,0.003));
#2628=CARTESIAN_POINT('',(-0.017,-0.02995,0.003));
#2629=CARTESIAN_POINT('',(-0.0173970506510099,0.0303984848484849,0.003));
#2630=CARTESIAN_POINT('',(-0.017,0.03405,0.003));
#2631=CARTESIAN_POINT('',(0.0166,-0.035,0.008));
#2632=CARTESIAN_POINT('',(-0.017,-0.0346,0.008));
#2633=CARTESIAN_POINT('',(0.017,0.0346,0.008));
#2634=CARTESIAN_POINT('',(-0.0166,0.035,0.008));
#2635=CARTESIAN_POINT('',(7.58941520739853E-18,-0.02215,-0.022));
#2636=CARTESIAN_POINT('',(5.42101086242752E-18,-0.01205,-0.022));
#2637=CARTESIAN_POINT('',(4.77048955893622E-18,-0.00505,-0.022));
#2638=CARTESIAN_POINT('',(3.90312782094781E-18,0.00505,-0.022));
#2639=CARTESIAN_POINT('',(2.16840434497101E-19,0.01205,-0.022));
#2640=CARTESIAN_POINT('',(0.,0.02215,-0.022));
#2641=CARTESIAN_POINT('',(-6.93889390390723E-18,0.0351,0.014));
#2642=CARTESIAN_POINT('',(0.0196,0.0351,0.014));
#2643=CARTESIAN_POINT('',(0.0196,0.0351,0.0136));
#2644=CARTESIAN_POINT('',(-0.02,0.0351,0.0136));
#2645=CARTESIAN_POINT('',(-0.0196,0.0351,0.0136));
#2646=CARTESIAN_POINT('',(-0.0196,0.0351,0.014));
#2647=CARTESIAN_POINT('',(0.,0.,0.014));
#2648=CARTESIAN_POINT('',(-0.0295171572875255,0.0295171572875252,0.014));
#2649=CARTESIAN_POINT('',(-0.0194343145750508,0.0396,0.014));
#2650=CARTESIAN_POINT('',(-0.0196,0.0394343145750507,0.014));
#2651=CARTESIAN_POINT('',(-0.0196,0.0351,0.014));
#2652=CARTESIAN_POINT('',(-0.0196,0.0355,0.014));
#2653=CARTESIAN_POINT('',(0.02,0.0355,0.014));
#2654=CARTESIAN_POINT('',(0.0196,0.0355,0.014));
#2655=CARTESIAN_POINT('',(0.0196,3.40005801291454E-18,0.014));
#2656=CARTESIAN_POINT('',(0.0196,0.0394343145750508,0.014));
#2657=CARTESIAN_POINT('',(0.0295171572875253,0.0295171572875256,0.014));
#2658=CARTESIAN_POINT('',(0.0194343145750508,0.0396,0.014));
#2659=CARTESIAN_POINT('',(-0.0196,0.0396,0.014));
#2660=CARTESIAN_POINT('',(0.02,0.,0.0136));
#2661=CARTESIAN_POINT('',(0.02,0.0355,0.0136));
#2662=CARTESIAN_POINT('',(0.0124465546347104,0.0364712604870529,0.0211534453652896));
#2663=CARTESIAN_POINT('',(0.02,0.0355,0.003));
#2664=CARTESIAN_POINT('',(0.02,0.0355,0.0136));
#2665=CARTESIAN_POINT('',(0.0295171572875253,0.0295171572875256,0.014));
#2666=CARTESIAN_POINT('',(0.0183077081821686,0.0368801315668477,0.0167198684331523));
#2667=CARTESIAN_POINT('',(0.02,0.0355,0.0136));
#2668=CARTESIAN_POINT('',(0.0196,0.0353,0.0138));
#2669=CARTESIAN_POINT('',(0.,0.0396,0.014));
#2670=CARTESIAN_POINT('',(-0.0178988371023737,0.0358930294607449,0.0177069705392551));
#2671=CARTESIAN_POINT('',(-1.23165366794353E-17,0.0355,0.014));
#2672=CARTESIAN_POINT('',(-0.0196,0.0355,0.014));
#2673=CARTESIAN_POINT('',(-0.0196,0.0351,0.014));
#2674=CARTESIAN_POINT('',(-0.0198,0.0353,0.0136));
#2675=CARTESIAN_POINT('',(-0.0295171572875255,0.0295171572875252,0.014));
#2676=CARTESIAN_POINT('',(-0.022275174434644,0.0405424081075941,0.011324825565356));
#2677=CARTESIAN_POINT('',(-0.0196,0.0355,0.014));
#2678=CARTESIAN_POINT('',(-0.0196,0.0355,0.014));
#2679=CARTESIAN_POINT('',(-0.0196,-3.40005801291454E-18,0.014));
#2680=MECHANICAL_DESIGN_GEOMETRIC_PRESENTATION_REPRESENTATION('',(#1687),
#2681);
#2681=(
GEOMETRIC_REPRESENTATION_CONTEXT(3)
GLOBAL_UNCERTAINTY_ASSIGNED_CONTEXT((#2682))
GLOBAL_UNIT_ASSIGNED_CONTEXT((#2685,#2684,#2683))
REPRESENTATION_CONTEXT('Keyboard_Part2','TOP_LEVEL_ASSEMBLY_PART')
);
#2682=UNCERTAINTY_MEASURE_WITH_UNIT(LENGTH_MEASURE(1.E-8),#2685,
'DISTANCE_ACCURACY_VALUE','Maximum Tolerance applied to model');
#2683=(
NAMED_UNIT(*)
SI_UNIT($,.STERADIAN.)
SOLID_ANGLE_UNIT()
);
#2684=(
NAMED_UNIT(*)
PLANE_ANGLE_UNIT()
SI_UNIT($,.RADIAN.)
);
#2685=(
LENGTH_UNIT()
NAMED_UNIT(*)
SI_UNIT($,.METRE.)
);
#2686=PRODUCT_DEFINITION_SHAPE('','',#2687);
#2687=PRODUCT_DEFINITION('','',#2689,#2688);
#2688=PRODUCT_DEFINITION_CONTEXT('',#2695,'design');
#2689=PRODUCT_DEFINITION_FORMATION_WITH_SPECIFIED_SOURCE('','',#2691,
 .NOT_KNOWN.);
#2690=PRODUCT_RELATED_PRODUCT_CATEGORY('','',(#2691));
#2691=PRODUCT('Keyboard_Part2','Keyboard_Part2','Keyboard_Part2',(#2693));
#2692=PRODUCT_CATEGORY('','');
#2693=PRODUCT_CONTEXT('',#2695,'mechanical');
#2694=APPLICATION_PROTOCOL_DEFINITION('international standard',
'ap242_managed_model_based_3d_engineering',2020,#2695);
#2695=APPLICATION_CONTEXT('managed model based 3d engineering');
ENDSEC;
END-ISO-10303-21;
