ISO-10303-21;
HEADER;
/* Generated by software containing ST-Developer
 * from STEP Tools, Inc. (www.steptools.com) 
 */
/* OPTION: using custom renumber hook */

FILE_DESCRIPTION(
/* description */ ('STEP AP242 Edition 2',
'CAx-IF Rec.Pracs.---Representation and Presentation of Product Manufa
cturing Information (PMI)---4.0---2014-10-13',
'CAx-IF Rec.Pracs.---3D Tessellated Geometry---0.4---2014-09-14','2;1',
'CAx-IF Rec.Pracs.---User Defined Attributes---1.5---2016-08-15'),
/* implementation_level */ '2;1');

FILE_NAME(
/* name */ 'Part Studio 1',
/* time_stamp */ '2026-08-27T18:29:17Z',
/* author */ (''),
/* organization */ (''),
/* preprocessor_version */ 'ST-DEVELOPER v20',
/* originating_system */ 'ONSHAPE BY PTC INC, 1.219',
/* authorisation */ '  ');

FILE_SCHEMA (('AP242_MANAGED_MODEL_BASED_3D_ENGINEERING_MIM_LF { 1 0 10303 442 3 1 4 }'));
ENDSEC;

DATA;
#10=ELLIPSE('',#3308,0.0331719779173785,0.01665);
#11=ELLIPSE('',#3309,0.03317197791738,0.01665);
#12=ELLIPSE('',#3310,0.0331719779173765,0.01665);
#13=ELLIPSE('',#3311,0.0331719779173753,0.01665);
#14=ELLIPSE('',#3312,0.0331719779173815,0.01665);
#15=ELLIPSE('',#3313,0.0331719779173822,0.01665);
#16=ELLIPSE('',#3314,0.0331719779173773,0.01665);
#17=ELLIPSE('',#3315,0.0331719779173769,0.01665);
#18=ELLIPSE('',#3316,0.0331719779173784,0.01665);
#19=ELLIPSE('',#3317,0.0331719779173793,0.01665);
#20=ELLIPSE('',#3318,0.0331719779173794,0.01665);
#21=ELLIPSE('',#3319,0.0331719779173788,0.01665);
#22=DEGENERATE_TOROIDAL_SURFACE('',#3119,0.03,0.04,.F.);
#23=DEGENERATE_TOROIDAL_SURFACE('',#3120,0.03,0.04,.F.);
#24=DEGENERATE_TOROIDAL_SURFACE('',#3124,0.03,0.04,.F.);
#25=DEGENERATE_TOROIDAL_SURFACE('',#3125,0.03,0.04,.F.);
#26=DEGENERATE_TOROIDAL_SURFACE('',#3129,0.03,0.04,.F.);
#27=DEGENERATE_TOROIDAL_SURFACE('',#3130,0.03,0.04,.F.);
#28=DEGENERATE_TOROIDAL_SURFACE('',#3134,0.03,0.04,.F.);
#29=DEGENERATE_TOROIDAL_SURFACE('',#3135,0.03,0.04,.F.);
#30=DEGENERATE_TOROIDAL_SURFACE('',#3139,0.03,0.04,.F.);
#31=DEGENERATE_TOROIDAL_SURFACE('',#3140,0.03,0.04,.F.);
#32=DEGENERATE_TOROIDAL_SURFACE('',#3144,0.03,0.04,.F.);
#33=DEGENERATE_TOROIDAL_SURFACE('',#3145,0.03,0.04,.F.);
#34=DEGENERATE_TOROIDAL_SURFACE('',#3149,0.03,0.04,.F.);
#35=DEGENERATE_TOROIDAL_SURFACE('',#3150,0.03,0.04,.F.);
#36=DEGENERATE_TOROIDAL_SURFACE('',#3154,0.03,0.04,.F.);
#37=DEGENERATE_TOROIDAL_SURFACE('',#3155,0.03,0.04,.F.);
#38=DEGENERATE_TOROIDAL_SURFACE('',#3159,0.03,0.04,.F.);
#39=DEGENERATE_TOROIDAL_SURFACE('',#3160,0.03,0.04,.F.);
#40=DEGENERATE_TOROIDAL_SURFACE('',#3164,0.03,0.04,.F.);
#41=DEGENERATE_TOROIDAL_SURFACE('',#3165,0.03,0.04,.F.);
#42=DEGENERATE_TOROIDAL_SURFACE('',#3169,0.03,0.04,.F.);
#43=DEGENERATE_TOROIDAL_SURFACE('',#3170,0.03,0.04,.F.);
#44=DEGENERATE_TOROIDAL_SURFACE('',#3174,0.03,0.04,.F.);
#45=DEGENERATE_TOROIDAL_SURFACE('',#3175,0.03,0.04,.F.);
#46=DEGENERATE_TOROIDAL_SURFACE('',#3179,0.03,0.04,.F.);
#47=DEGENERATE_TOROIDAL_SURFACE('',#3180,0.03,0.04,.F.);
#48=DEGENERATE_TOROIDAL_SURFACE('',#3184,0.03,0.04,.F.);
#49=DEGENERATE_TOROIDAL_SURFACE('',#3185,0.03,0.04,.F.);
#50=DEGENERATE_TOROIDAL_SURFACE('',#3189,0.03,0.04,.F.);
#51=DEGENERATE_TOROIDAL_SURFACE('',#3190,0.03,0.04,.F.);
#52=DEGENERATE_TOROIDAL_SURFACE('',#3194,0.03,0.04,.F.);
#53=DEGENERATE_TOROIDAL_SURFACE('',#3195,0.03,0.04,.F.);
#54=DEGENERATE_TOROIDAL_SURFACE('',#3199,0.03,0.04,.F.);
#55=DEGENERATE_TOROIDAL_SURFACE('',#3200,0.03,0.04,.F.);
#56=DEGENERATE_TOROIDAL_SURFACE('',#3204,0.03,0.04,.F.);
#57=DEGENERATE_TOROIDAL_SURFACE('',#3205,0.03,0.04,.F.);
#58=DEGENERATE_TOROIDAL_SURFACE('',#3209,0.03,0.04,.F.);
#59=DEGENERATE_TOROIDAL_SURFACE('',#3210,0.03,0.04,.F.);
#60=DEGENERATE_TOROIDAL_SURFACE('',#3214,0.03,0.04,.F.);
#61=DEGENERATE_TOROIDAL_SURFACE('',#3215,0.03,0.04,.F.);
#62=B_SPLINE_CURVE_WITH_KNOTS('',3,(#4612,#4613,#4614,#4615),
 .UNSPECIFIED.,.F.,.F.,(4,4),(5.42101086242752E-19,0.00137117763177341),
 .UNSPECIFIED.);
#63=B_SPLINE_CURVE_WITH_KNOTS('',3,(#4616,#4617,#4618,#4619),
 .UNSPECIFIED.,.F.,.F.,(4,4),(5.96311194867027E-19,0.0160167649034001),
 .UNSPECIFIED.);
#64=B_SPLINE_CURVE_WITH_KNOTS('',3,(#4818,#4819,#4820,#4821),
 .UNSPECIFIED.,.F.,.F.,(4,4),(0.,0.00141546278745332),.UNSPECIFIED.);
#65=B_SPLINE_CURVE_WITH_KNOTS('',3,(#4822,#4823,#4824,#4825),
 .UNSPECIFIED.,.F.,.F.,(4,4),(0.,0.0160272771524977),.UNSPECIFIED.);
#66=B_SPLINE_CURVE_WITH_KNOTS('',3,(#5069,#5070,#5071,#5072),
 .UNSPECIFIED.,.F.,.F.,(4,4),(5.42101086242752E-19,0.00137117763177341),
 .UNSPECIFIED.);
#67=B_SPLINE_CURVE_WITH_KNOTS('',3,(#5073,#5074,#5075,#5076),
 .UNSPECIFIED.,.F.,.F.,(4,4),(5.6920614055489E-19,0.0160167649034001),
 .UNSPECIFIED.);
#68=B_SPLINE_CURVE_WITH_KNOTS('',3,(#5225,#5226,#5227,#5228),
 .UNSPECIFIED.,.F.,.F.,(4,4),(0.,0.00141546278745332),.UNSPECIFIED.);
#69=B_SPLINE_CURVE_WITH_KNOTS('',3,(#5229,#5230,#5231,#5232),
 .UNSPECIFIED.,.F.,.F.,(4,4),(1.73472347597681E-17,0.0160272771524977),
 .UNSPECIFIED.);
#70=B_SPLINE_CURVE_WITH_KNOTS('',3,(#5476,#5477,#5478,#5479),
 .UNSPECIFIED.,.F.,.F.,(4,4),(5.42101086242752E-19,0.00137117763177341),
 .UNSPECIFIED.);
#71=B_SPLINE_CURVE_WITH_KNOTS('',3,(#5480,#5481,#5482,#5483),
 .UNSPECIFIED.,.F.,.F.,(4,4),(5.14996031930615E-19,0.0160167649034001),
 .UNSPECIFIED.);
#72=B_SPLINE_CURVE_WITH_KNOTS('',3,(#5632,#5633,#5634,#5635),
 .UNSPECIFIED.,.F.,.F.,(4,4),(0.,0.00141546278745332),.UNSPECIFIED.);
#73=B_SPLINE_CURVE_WITH_KNOTS('',3,(#5636,#5637,#5638,#5639),
 .UNSPECIFIED.,.F.,.F.,(4,4),(1.73472347597681E-17,0.0160272771524977),
 .UNSPECIFIED.);
#74=B_SPLINE_CURVE_WITH_KNOTS('',3,(#5643,#5644,#5645,#5646),
 .UNSPECIFIED.,.F.,.F.,(4,4),(0.,0.0160272771524977),.UNSPECIFIED.);
#75=B_SPLINE_CURVE_WITH_KNOTS('',3,(#5650,#5651,#5652,#5653),
 .UNSPECIFIED.,.F.,.F.,(4,4),(5.14996031930615E-19,0.0160167649034001),
 .UNSPECIFIED.);
#76=B_SPLINE_CURVE_WITH_KNOTS('',3,(#5669,#5670,#5671,#5672,#5673,#5674,
#5675,#5676,#5677,#5678,#5679,#5680,#5681,#5682,#5683),.UNSPECIFIED.,.F.,
 .F.,(4,1,1,1,1,1,1,1,1,1,1,1,4),(-0.00961480542542199,-0.00700648448167337,
-0.00439816353792475,-0.00309400306605044,-0.00178984259417613,-0.000485682122301822,
0.000818478349572488,0.0021226388214468,0.00342679929332111,0.00473095976519542,
0.00603512023706973,0.00864344118081835,0.011251762124567),
 .UNSPECIFIED.);
#77=B_SPLINE_CURVE_WITH_KNOTS('',3,(#5687,#5688,#5689,#5690,#5691,#5692,
#5693,#5694,#5695,#5696,#5697,#5698,#5699,#5700,#5701,#5702,#5703),
 .UNSPECIFIED.,.F.,.F.,(4,1,1,1,1,1,1,1,1,1,1,1,1,1,4),(-0.0100543472197141,
-0.00744707922113316,-0.0048398112225522,-0.00353617722326172,-0.00223254322397125,
-0.000928909224680766,-0.000277092225035527,0.000374724774609713,0.00102654177425495,
0.00167835877390019,0.00298199277319067,0.00428562677248115,0.00558926077177163,
0.00819652877035259,0.0108037967689335),.UNSPECIFIED.);
#78=B_SPLINE_CURVE_WITH_KNOTS('',3,(#5707,#5708,#5709,#5710,#5711,#5712,
#5713,#5714,#5715,#5716,#5717,#5718,#5719,#5720,#5721),.UNSPECIFIED.,.F.,
 .F.,(4,1,1,1,1,1,1,1,1,1,1,1,4),(-0.00961480542542194,-0.00700648448167331,
-0.00439816353792467,-0.00309400306605036,-0.00178984259417604,-0.000485682122301722,
0.000818478349572595,0.00212263882144691,0.00342679929332123,0.00473095976519555,
0.00603512023706986,0.0086434411808185,0.0112517621245671),
 .UNSPECIFIED.);
#79=B_SPLINE_CURVE_WITH_KNOTS('',3,(#5725,#5726,#5727,#5728,#5729,#5730,
#5731,#5732,#5733,#5734,#5735,#5736,#5737,#5738,#5739,#5740,#5741),
 .UNSPECIFIED.,.F.,.F.,(4,1,1,1,1,1,1,1,1,1,1,1,1,1,4),(-0.0100543472197144,
-0.00744707922113348,-0.00483981122255255,-0.00353617722326209,-0.00223254322397163,
-0.000928909224681166,-0.000277092225035935,0.000374724774609296,0.00102654177425453,
0.00167835877389976,0.00298199277319022,0.00428562677248068,0.00558926077177114,
0.00819652877035207,0.010803796768933),.UNSPECIFIED.);
#80=B_SPLINE_CURVE_WITH_KNOTS('',3,(#5745,#5746,#5747,#5748,#5749,#5750,
#5751,#5752,#5753,#5754,#5755,#5756,#5757,#5758,#5759),.UNSPECIFIED.,.F.,
 .F.,(4,1,1,1,1,1,1,1,1,1,1,1,4),(-0.00961480542542212,-0.00700648448167343,
-0.00439816353792474,-0.00309400306605039,-0.00178984259417605,-0.000485682122301703,
0.000818478349572643,0.00212263882144699,0.00342679929332133,0.00473095976519568,
0.00603512023707002,0.00864344118081871,0.0112517621245674),
 .UNSPECIFIED.);
#81=B_SPLINE_CURVE_WITH_KNOTS('',3,(#5763,#5764,#5765,#5766,#5767,#5768,
#5769,#5770,#5771,#5772,#5773,#5774,#5775,#5776,#5777,#5778,#5779),
 .UNSPECIFIED.,.F.,.F.,(4,1,1,1,1,1,1,1,1,1,1,1,1,1,4),(-0.0100543472197141,
-0.00744707922113313,-0.00483981122255217,-0.00353617722326169,-0.00223254322397122,
-0.000928909224680739,-0.0002770922250355,0.000374724774609738,0.00102654177425498,
0.00167835877390022,0.00298199277319069,0.00428562677248117,0.00558926077177165,
0.0081965287703526,0.0108037967689336),.UNSPECIFIED.);
#82=B_SPLINE_CURVE_WITH_KNOTS('',3,(#5783,#5784,#5785,#5786,#5787,#5788,
#5789,#5790,#5791,#5792,#5793,#5794,#5795,#5796,#5797),.UNSPECIFIED.,.F.,
 .F.,(4,1,1,1,1,1,1,1,1,1,1,1,4),(-0.009614805425422,-0.00700648448167336,
-0.00439816353792471,-0.00309400306605039,-0.00178984259417606,-0.000485682122301742,
0.000818478349572581,0.0021226388214469,0.00342679929332123,0.00473095976519555,
0.00603512023706987,0.00864344118081852,0.0112517621245672),
 .UNSPECIFIED.);
#83=B_SPLINE_CURVE_WITH_KNOTS('',3,(#5801,#5802,#5803,#5804,#5805,#5806,
#5807,#5808,#5809,#5810,#5811,#5812,#5813,#5814,#5815,#5816,#5817),
 .UNSPECIFIED.,.F.,.F.,(4,1,1,1,1,1,1,1,1,1,1,1,1,1,4),(-0.0100543472197147,
-0.00744707922113368,-0.00483981122255265,-0.00353617722326214,-0.00223254322397163,
-0.000928909224681115,-0.000277092225035859,0.000374724774609397,0.00102654177425465,
0.00167835877389991,0.00298199277319042,0.00428562677248093,0.00558926077177145,
0.00819652877035247,0.0108037967689335),.UNSPECIFIED.);
#84=B_SPLINE_CURVE_WITH_KNOTS('',3,(#5821,#5822,#5823,#5824,#5825,#5826,
#5827,#5828,#5829,#5830,#5831,#5832,#5833,#5834,#5835),.UNSPECIFIED.,.F.,
 .F.,(4,1,1,1,1,1,1,1,1,1,1,1,4),(-0.00961480542542196,-0.00700648448167329,
-0.00439816353792461,-0.00309400306605027,-0.00178984259417594,-0.000485682122301599,
0.000818478349572739,0.00212263882144708,0.00342679929332141,0.00473095976519575,
0.00603512023707009,0.00864344118081876,0.0112517621245674),
 .UNSPECIFIED.);
#85=B_SPLINE_CURVE_WITH_KNOTS('',3,(#5839,#5840,#5841,#5842,#5843,#5844,
#5845,#5846,#5847,#5848,#5849,#5850,#5851,#5852,#5853,#5854,#5855),
 .UNSPECIFIED.,.F.,.F.,(4,1,1,1,1,1,1,1,1,1,1,1,1,1,4),(-0.0100543472197146,
-0.00744707922113359,-0.00483981122255261,-0.00353617722326212,-0.00223254322397164,
-0.00092890922468115,-0.000277092225035906,0.000374724774609338,0.00102654177425458,
0.00167835877389982,0.00298199277319031,0.0042856267724808,0.00558926077177129,
0.00819652877035226,0.0108037967689332),.UNSPECIFIED.);
#86=B_SPLINE_CURVE_WITH_KNOTS('',3,(#5859,#5860,#5861,#5862,#5863,#5864,
#5865,#5866,#5867,#5868,#5869,#5870,#5871,#5872,#5873),.UNSPECIFIED.,.F.,
 .F.,(4,1,1,1,1,1,1,1,1,1,1,1,4),(-0.00961480542542206,-0.00700648448167341,
-0.00439816353792476,-0.00309400306605044,-0.00178984259417611,-0.000485682122301789,
0.000818478349572536,0.00212263882144686,0.00342679929332118,0.00473095976519551,
0.00603512023706983,0.00864344118081848,0.0112517621245671),
 .UNSPECIFIED.);
#87=B_SPLINE_CURVE_WITH_KNOTS('',3,(#5877,#5878,#5879,#5880,#5881,#5882,
#5883,#5884,#5885,#5886,#5887,#5888,#5889,#5890,#5891,#5892,#5893),
 .UNSPECIFIED.,.F.,.F.,(4,1,1,1,1,1,1,1,1,1,1,1,1,1,4),(-0.0100543472197141,
-0.00744707922113311,-0.00483981122255213,-0.00353617722326164,-0.00223254322397115,
-0.000928909224680654,-0.000277092225035408,0.000374724774609838,0.00102654177425508,
0.00167835877390033,0.00298199277319082,0.00428562677248131,0.00558926077177181,
0.00819652877035279,0.0108037967689338),.UNSPECIFIED.);
#88=B_SPLINE_CURVE_WITH_KNOTS('',3,(#5897,#5898,#5899,#5900,#5901,#5902,
#5903,#5904,#5905,#5906,#5907,#5908,#5909,#5910,#5911),.UNSPECIFIED.,.F.,
 .F.,(4,1,1,1,1,1,1,1,1,1,1,1,4),(-0.00961480542542202,-0.00700648448167333,
-0.00439816353792464,-0.00309400306605029,-0.00178984259417595,-0.000485682122301601,
0.000818478349572745,0.00212263882144709,0.00342679929332144,0.00473095976519578,
0.00603512023707013,0.00864344118081882,0.0112517621245675),
 .UNSPECIFIED.);
#89=B_SPLINE_CURVE_WITH_KNOTS('',3,(#5915,#5916,#5917,#5918,#5919,#5920,
#5921,#5922,#5923,#5924,#5925,#5926,#5927,#5928,#5929,#5930,#5931),
 .UNSPECIFIED.,.F.,.F.,(4,1,1,1,1,1,1,1,1,1,1,1,1,1,4),(-0.0100543472197147,
-0.00744707922113364,-0.00483981122255261,-0.0035361772232621,-0.00223254322397159,
-0.000928909224681082,-0.000277092225035826,0.000374724774609429,0.00102654177425468,
0.00167835877389994,0.00298199277319045,0.00428562677248096,0.00558926077177147,
0.0081965287703525,0.0108037967689335),.UNSPECIFIED.);
#90=B_SPLINE_CURVE_WITH_KNOTS('',3,(#5935,#5936,#5937,#5938,#5939,#5940,
#5941,#5942,#5943,#5944,#5945,#5946,#5947,#5948,#5949),.UNSPECIFIED.,.F.,
 .F.,(4,1,1,1,1,1,1,1,1,1,1,1,4),(-0.00961480542542197,-0.00700648448167329,
-0.00439816353792461,-0.00309400306605027,-0.00178984259417592,-0.000485682122301584,
0.000818478349572757,0.0021226388214471,0.00342679929332144,0.00473095976519578,
0.00603512023707012,0.0086434411808188,0.0112517621245675),
 .UNSPECIFIED.);
#91=B_SPLINE_CURVE_WITH_KNOTS('',3,(#5953,#5954,#5955,#5956,#5957,#5958,
#5959,#5960,#5961,#5962,#5963,#5964,#5965,#5966,#5967,#5968,#5969),
 .UNSPECIFIED.,.F.,.F.,(4,1,1,1,1,1,1,1,1,1,1,1,1,1,4),(-0.0100543472197145,
-0.0074470792211335,-0.00483981122255254,-0.00353617722326206,-0.00223254322397158,
-0.000928909224681102,-0.000277092225035862,0.000374724774609378,0.00102654177425462,
0.00167835877389986,0.00298199277319034,0.00428562677248082,0.0055892607717713,
0.00819652877035226,0.0108037967689332),.UNSPECIFIED.);
#92=B_SPLINE_CURVE_WITH_KNOTS('',3,(#5973,#5974,#5975,#5976,#5977,#5978,
#5979,#5980,#5981,#5982,#5983,#5984,#5985,#5986,#5987),.UNSPECIFIED.,.F.,
 .F.,(4,1,1,1,1,1,1,1,1,1,1,1,4),(-0.00961480542542188,-0.00700648448167327,
-0.00439816353792466,-0.00309400306605036,-0.00178984259417605,-0.000485682122301747,
0.000818478349572558,0.00212263882144686,0.00342679929332117,0.00473095976519547,
0.00603512023706978,0.00864344118081839,0.011251762124567),
 .UNSPECIFIED.);
#93=B_SPLINE_CURVE_WITH_KNOTS('',3,(#5991,#5992,#5993,#5994,#5995,#5996,
#5997,#5998,#5999,#6000,#6001,#6002,#6003,#6004,#6005,#6006,#6007),
 .UNSPECIFIED.,.F.,.F.,(4,1,1,1,1,1,1,1,1,1,1,1,1,1,4),(-0.0100543472197147,
-0.00744707922113368,-0.00483981122255264,-0.00353617722326211,-0.00223254322397159,
-0.000928909224681072,-0.000277092225035812,0.000374724774609449,0.00102654177425471,
0.00167835877389997,0.00298199277319049,0.00428562677248101,0.00558926077177153,
0.00819652877035257,0.0108037967689336),.UNSPECIFIED.);
#94=B_SPLINE_CURVE_WITH_KNOTS('',3,(#6011,#6012,#6013,#6014,#6015,#6016,
#6017,#6018,#6019,#6020,#6021,#6022,#6023,#6024,#6025),.UNSPECIFIED.,.F.,
 .F.,(4,1,1,1,1,1,1,1,1,1,1,1,4),(-0.00961480542542206,-0.00700648448167341,
-0.00439816353792476,-0.00309400306605043,-0.0017898425941761,-0.000485682122301779,
0.000818478349572547,0.00212263882144687,0.0034267992933212,0.00473095976519552,
0.00603512023706985,0.0086434411808185,0.0112517621245672),
 .UNSPECIFIED.);
#95=B_SPLINE_CURVE_WITH_KNOTS('',3,(#6029,#6030,#6031,#6032,#6033,#6034,
#6035,#6036,#6037,#6038,#6039,#6040,#6041,#6042,#6043,#6044,#6045),
 .UNSPECIFIED.,.F.,.F.,(4,1,1,1,1,1,1,1,1,1,1,1,1,1,4),(-0.0100543472197145,
-0.00744707922113352,-0.00483981122255252,-0.00353617722326202,-0.00223254322397152,
-0.000928909224681015,-0.000277092225035765,0.000374724774609486,0.00102654177425474,
0.00167835877389999,0.00298199277319049,0.00428562677248099,0.00558926077177149,
0.00819652877035249,0.0108037967689335),.UNSPECIFIED.);
#96=B_SPLINE_CURVE_WITH_KNOTS('',3,(#6049,#6050,#6051,#6052,#6053,#6054,
#6055,#6056,#6057,#6058,#6059,#6060,#6061,#6062,#6063),.UNSPECIFIED.,.F.,
 .F.,(4,1,1,1,1,1,1,1,1,1,1,1,4),(-0.00961480542542203,-0.00700648448167338,
-0.00439816353792472,-0.00309400306605039,-0.00178984259417607,-0.000485682122301738,
0.00081847834957259,0.00212263882144692,0.00342679929332124,0.00473095976519557,
0.0060351202370699,0.00864344118081855,0.0112517621245672),
 .UNSPECIFIED.);
#97=B_SPLINE_CURVE_WITH_KNOTS('',3,(#6067,#6068,#6069,#6070,#6071,#6072,
#6073,#6074,#6075,#6076,#6077,#6078,#6079,#6080,#6081,#6082,#6083),
 .UNSPECIFIED.,.F.,.F.,(4,1,1,1,1,1,1,1,1,1,1,1,1,1,4),(-0.0100543472197142,
-0.00744707922113322,-0.00483981122255222,-0.00353617722326171,-0.00223254322397121,
-0.000928909224680711,-0.00027709222503546,0.00037472477460979,0.00102654177425504,
0.00167835877390029,0.00298199277319079,0.00428562677248129,0.0055892607717718,
0.0081965287703528,0.0108037967689338),.UNSPECIFIED.);
#98=B_SPLINE_CURVE_WITH_KNOTS('',3,(#6087,#6088,#6089,#6090,#6091,#6092,
#6093,#6094,#6095,#6096,#6097,#6098,#6099,#6100,#6101),.UNSPECIFIED.,.F.,
 .F.,(4,1,1,1,1,1,1,1,1,1,1,1,4),(-0.00961480542542199,-0.00700648448167333,
-0.00439816353792467,-0.00309400306605034,-0.00178984259417601,-0.000485682122301683,
0.000818478349572646,0.00212263882144698,0.00342679929332131,0.00473095976519563,
0.00603512023706996,0.00864344118081862,0.0112517621245673),
 .UNSPECIFIED.);
#99=B_SPLINE_CURVE_WITH_KNOTS('',3,(#6105,#6106,#6107,#6108,#6109,#6110,
#6111,#6112,#6113,#6114,#6115,#6116,#6117,#6118,#6119,#6120,#6121),
 .UNSPECIFIED.,.F.,.F.,(4,1,1,1,1,1,1,1,1,1,1,1,1,1,4),(-0.0100543472197143,
-0.00744707922113332,-0.00483981122255235,-0.00353617722326186,-0.00223254322397137,
-0.000928909224680886,-0.000277092225035642,0.000374724774609602,0.00102654177425485,
0.00167835877390009,0.00298199277319058,0.00428562677248107,0.00558926077177155,
0.00819652877035253,0.0108037967689335),.UNSPECIFIED.);
#100=B_SPLINE_CURVE_WITH_KNOTS('',3,(#6125,#6126,#6127,#6128,#6129,#6130,
#6131,#6132,#6133,#6134,#6135,#6136,#6137,#6138,#6139),.UNSPECIFIED.,.F.,
 .F.,(4,1,1,1,1,1,1,1,1,1,1,1,4),(-0.00961480542542192,-0.00700648448167327,
-0.00439816353792463,-0.0030940030660503,-0.00178984259417598,-0.000485682122301657,
0.000818478349572667,0.00212263882144699,0.00342679929332131,0.00473095976519564,
0.00603512023706996,0.00864344118081861,0.0112517621245673),
 .UNSPECIFIED.);
#101=B_SPLINE_CURVE_WITH_KNOTS('',3,(#6143,#6144,#6145,#6146,#6147,#6148,
#6149,#6150,#6151,#6152,#6153,#6154,#6155,#6156,#6157,#6158,#6159),
 .UNSPECIFIED.,.F.,.F.,(4,1,1,1,1,1,1,1,1,1,1,1,1,1,4),(-0.0100543472197146,
-0.00744707922113363,-0.00483981122255267,-0.0035361772232622,-0.00223254322397172,
-0.000928909224681245,-0.000277092225036006,0.000374724774609232,0.00102654177425447,
0.00167835877389971,0.00298199277319018,0.00428562677248066,0.00558926077177114,
0.00819652877035209,0.010803796768933),.UNSPECIFIED.);
#102=B_SPLINE_CURVE_WITH_KNOTS('',3,(#6163,#6164,#6165,#6166,#6167,#6168,
#6169,#6170,#6171,#6172,#6173,#6174,#6175,#6176,#6177),.UNSPECIFIED.,.F.,
 .F.,(4,1,1,1,1,1,1,1,1,1,1,1,4),(-0.00961480542542195,-0.00700648448167336,
-0.00439816353792476,-0.00309400306605046,-0.00178984259417617,-0.00048568212230187,
0.000818478349572428,0.00212263882144672,0.00342679929332102,0.00473095976519532,
0.00603512023706962,0.00864344118081821,0.0112517621245668),
 .UNSPECIFIED.);
#103=B_SPLINE_CURVE_WITH_KNOTS('',3,(#6181,#6182,#6183,#6184,#6185,#6186,
#6187,#6188,#6189,#6190,#6191,#6192,#6193,#6194,#6195,#6196,#6197),
 .UNSPECIFIED.,.F.,.F.,(4,1,1,1,1,1,1,1,1,1,1,1,1,1,4),(-0.0100543472197145,
-0.00744707922113351,-0.00483981122255249,-0.00353617722326197,-0.00223254322397146,
-0.000928909224680946,-0.000277092225035689,0.000374724774609567,0.00102654177425482,
0.00167835877390008,0.00298199277319059,0.00428562677248111,0.00558926077177162,
0.00819652877035265,0.0108037967689337),.UNSPECIFIED.);
#104=B_SPLINE_CURVE_WITH_KNOTS('',3,(#6201,#6202,#6203,#6204,#6205,#6206,
#6207,#6208,#6209,#6210,#6211,#6212,#6213,#6214,#6215),.UNSPECIFIED.,.F.,
 .F.,(4,1,1,1,1,1,1,1,1,1,1,1,4),(-0.009614805425422,-0.00700648448167338,
-0.00439816353792476,-0.00309400306605045,-0.00178984259417614,-0.000485682122301833,
0.000818478349572477,0.00212263882144679,0.0034267992933211,0.00473095976519541,
0.00603512023706972,0.00864344118081833,0.011251762124567),
 .UNSPECIFIED.);
#105=B_SPLINE_CURVE_WITH_KNOTS('',3,(#6219,#6220,#6221,#6222,#6223,#6224,
#6225,#6226,#6227,#6228,#6229,#6230,#6231,#6232,#6233,#6234,#6235),
 .UNSPECIFIED.,.F.,.F.,(4,1,1,1,1,1,1,1,1,1,1,1,1,1,4),(-0.0100543472197146,
-0.00744707922113353,-0.00483981122255251,-0.003536177223262,-0.00223254322397148,
-0.00092890922468097,-0.000277092225035713,0.000374724774609543,0.0010265417742548,
0.00167835877390006,0.00298199277319057,0.00428562677248108,0.00558926077177159,
0.00819652877035262,0.0108037967689336),.UNSPECIFIED.);
#106=B_SPLINE_CURVE_WITH_KNOTS('',3,(#6239,#6240,#6241,#6242,#6243,#6244,
#6245,#6246,#6247,#6248,#6249,#6250,#6251,#6252,#6253),.UNSPECIFIED.,.F.,
 .F.,(4,1,1,1,1,1,1,1,1,1,1,1,4),(-0.00961480542542206,-0.00700648448167343,
-0.00439816353792479,-0.00309400306605047,-0.00178984259417616,-0.000485682122301839,
0.000818478349572479,0.0021226388214468,0.00342679929332111,0.00473095976519543,
0.00603512023706975,0.00864344118081838,0.011251762124567),
 .UNSPECIFIED.);
#107=B_SPLINE_CURVE_WITH_KNOTS('',3,(#6257,#6258,#6259,#6260,#6261,#6262,
#6263,#6264,#6265,#6266,#6267,#6268,#6269,#6270,#6271,#6272,#6273),
 .UNSPECIFIED.,.F.,.F.,(4,1,1,1,1,1,1,1,1,1,1,1,1,1,4),(-0.0100543472197146,
-0.00744707922113354,-0.00483981122255253,-0.00353617722326202,-0.00223254322397151,
-0.000928909224681004,-0.00027709222503575,0.000374724774609504,0.00102654177425476,
0.00167835877390001,0.00298199277319052,0.00428562677248103,0.00558926077177154,
0.00819652877035255,0.0108037967689336),.UNSPECIFIED.);
#108=B_SPLINE_CURVE_WITH_KNOTS('',3,(#6277,#6278,#6279,#6280,#6281,#6282,
#6283,#6284,#6285,#6286,#6287,#6288,#6289,#6290,#6291),.UNSPECIFIED.,.F.,
 .F.,(4,1,1,1,1,1,1,1,1,1,1,1,4),(-0.00961480542542215,-0.00700648448167346,
-0.00439816353792477,-0.00309400306605043,-0.00178984259417609,-0.000485682122301741,
0.000818478349572604,0.00212263882144695,0.00342679929332129,0.00473095976519564,
0.00603512023706998,0.00864344118081867,0.0112517621245674),
 .UNSPECIFIED.);
#109=B_SPLINE_CURVE_WITH_KNOTS('',3,(#6295,#6296,#6297,#6298,#6299,#6300,
#6301,#6302,#6303,#6304,#6305,#6306,#6307,#6308,#6309,#6310,#6311),
 .UNSPECIFIED.,.F.,.F.,(4,1,1,1,1,1,1,1,1,1,1,1,1,1,4),(-0.0100543472197141,
-0.00744707922113303,-0.00483981122255201,-0.0035361772232615,-0.00223254322397098,
-0.00092890922468047,-0.000277092225035214,0.000374724774610043,0.0010265417742553,
0.00167835877390056,0.00298199277319107,0.00428562677248158,0.00558926077177209,
0.00819652877035312,0.0108037967689341),.UNSPECIFIED.);
#110=B_SPLINE_CURVE_WITH_KNOTS('',3,(#6315,#6316,#6317,#6318,#6319,#6320,
#6321,#6322,#6323,#6324,#6325,#6326,#6327,#6328,#6329),.UNSPECIFIED.,.F.,
 .F.,(4,1,1,1,1,1,1,1,1,1,1,1,4),(-0.00961480542542196,-0.00700648448167331,
-0.00439816353792465,-0.00309400306605032,-0.001789842594176,-0.000485682122301669,
0.000818478349572658,0.00212263882144699,0.00342679929332131,0.00473095976519564,
0.00603512023706997,0.00864344118081862,0.0112517621245673),
 .UNSPECIFIED.);
#111=B_SPLINE_CURVE_WITH_KNOTS('',3,(#6333,#6334,#6335,#6336,#6337,#6338,
#6339,#6340,#6341,#6342,#6343,#6344,#6345,#6346,#6347,#6348,#6349),
 .UNSPECIFIED.,.F.,.F.,(4,1,1,1,1,1,1,1,1,1,1,1,1,1,4),(-0.0100543472197147,
-0.00744707922113372,-0.00483981122255274,-0.00353617722326225,-0.00223254322397176,
-0.000928909224681267,-0.000277092225036021,0.000374724774609224,0.00102654177425447,
0.00167835877389971,0.0029819927731902,0.00428562677248069,0.00558926077177119,
0.00819652877035217,0.0108037967689331),.UNSPECIFIED.);
#112=B_SPLINE_CURVE_WITH_KNOTS('',3,(#6353,#6354,#6355,#6356,#6357,#6358,
#6359,#6360,#6361,#6362,#6363,#6364,#6365,#6366,#6367),.UNSPECIFIED.,.F.,
 .F.,(4,1,1,1,1,1,1,1,1,1,1,1,4),(-0.00961480542542196,-0.00700648448167334,
-0.00439816353792472,-0.00309400306605041,-0.0017898425941761,-0.000485682122301791,
0.000818478349572519,0.00212263882144683,0.00342679929332114,0.00473095976519545,
0.00603512023706976,0.00864344118081838,0.011251762124567),
 .UNSPECIFIED.);
#113=B_SPLINE_CURVE_WITH_KNOTS('',3,(#6371,#6372,#6373,#6374,#6375,#6376,
#6377,#6378,#6379,#6380,#6381,#6382,#6383,#6384,#6385,#6386,#6387),
 .UNSPECIFIED.,.F.,.F.,(4,1,1,1,1,1,1,1,1,1,1,1,1,1,4),(-0.0100543472197146,
-0.00744707922113358,-0.0048398112225526,-0.00353617722326211,-0.00223254322397162,
-0.000928909224681135,-0.000277092225035891,0.000374724774609354,0.0010265417742546,
0.00167835877389984,0.00298199277319033,0.00428562677248082,0.00558926077177131,
0.00819652877035229,0.0108037967689333),.UNSPECIFIED.);
#114=B_SPLINE_CURVE_WITH_KNOTS('',3,(#6391,#6392,#6393,#6394,#6395,#6396,
#6397,#6398,#6399,#6400,#6401,#6402,#6403,#6404,#6405),.UNSPECIFIED.,.F.,
 .F.,(4,1,1,1,1,1,1,1,1,1,1,1,4),(-0.00961480542542203,-0.00700648448167336,
-0.00439816353792469,-0.00309400306605035,-0.00178984259417602,-0.00048568212230168,
0.000818478349572656,0.00212263882144699,0.00342679929332133,0.00473095976519566,
0.00603512023707,0.00864344118081867,0.0112517621245673),.UNSPECIFIED.);
#115=B_SPLINE_CURVE_WITH_KNOTS('',3,(#6409,#6410,#6411,#6412,#6413,#6414,
#6415,#6416,#6417,#6418,#6419,#6420,#6421,#6422,#6423,#6424,#6425),
 .UNSPECIFIED.,.F.,.F.,(4,1,1,1,1,1,1,1,1,1,1,1,1,1,4),(-0.0100543472197147,
-0.00744707922113368,-0.00483981122255269,-0.00353617722326219,-0.00223254322397169,
-0.000928909224681197,-0.000277092225035949,0.0003747247746093,0.00102654177425455,
0.0016783587738998,0.0029819927731903,0.00428562677248079,0.00558926077177129,
0.00819652877035229,0.0108037967689333),.UNSPECIFIED.);
#116=B_SPLINE_CURVE_WITH_KNOTS('',3,(#6850,#6851,#6852,#6853),
 .UNSPECIFIED.,.F.,.F.,(4,4),(0.,0.00141546278745332),.UNSPECIFIED.);
#117=B_SPLINE_CURVE_WITH_KNOTS('',3,(#6940,#6941,#6942,#6943),
 .UNSPECIFIED.,.F.,.F.,(4,4),(5.42101086242752E-19,0.00137117763177341),
 .UNSPECIFIED.);
#118=B_SPLINE_CURVE_WITH_KNOTS('',3,(#6969,#6970,#6971,#6972),
 .UNSPECIFIED.,.F.,.F.,(4,4),(0.,0.000518672180139465),.UNSPECIFIED.);
#119=B_SPLINE_CURVE_WITH_KNOTS('',3,(#6973,#6974,#6975,#6976),
 .UNSPECIFIED.,.F.,.F.,(4,4),(0.,0.000518672180139461),.UNSPECIFIED.);
#120=B_SPLINE_CURVE_WITH_KNOTS('',3,(#6978,#6979,#6980,#6981),
 .UNSPECIFIED.,.F.,.F.,(4,4),(0.,0.000518714676971855),.UNSPECIFIED.);
#121=B_SPLINE_CURVE_WITH_KNOTS('',3,(#6983,#6984,#6985,#6986),
 .UNSPECIFIED.,.F.,.F.,(4,4),(0.,0.000518714676971841),.UNSPECIFIED.);
#122=B_SPLINE_CURVE_WITH_KNOTS('',3,(#7090,#7091,#7092,#7093),
 .UNSPECIFIED.,.F.,.F.,(4,4),(2.62182851265926E-10,0.00070718413032349),
 .UNSPECIFIED.);
#123=B_SPLINE_CURVE_WITH_KNOTS('',3,(#7094,#7095,#7096,#7097),
 .UNSPECIFIED.,.F.,.F.,(4,4),(2.97332650536159E-10,0.000707184165473297),
 .UNSPECIFIED.);
#124=B_SPLINE_CURVE_WITH_KNOTS('',3,(#7102,#7103,#7104,#7105),
 .UNSPECIFIED.,.F.,.F.,(4,4),(2.62182860276111E-10,0.0007071841303235),
 .UNSPECIFIED.);
#125=B_SPLINE_CURVE_WITH_KNOTS('',3,(#7106,#7107,#7108,#7109),
 .UNSPECIFIED.,.F.,.F.,(4,4),(2.97332645145147E-10,0.000707184165473289),
 .UNSPECIFIED.);
#126=B_SPLINE_CURVE_WITH_KNOTS('',3,(#7114,#7115,#7116,#7117),
 .UNSPECIFIED.,.F.,.F.,(4,4),(2.62182846992957E-10,0.000707184130323501),
 .UNSPECIFIED.);
#127=B_SPLINE_CURVE_WITH_KNOTS('',3,(#7118,#7119,#7120,#7121),
 .UNSPECIFIED.,.F.,.F.,(4,4),(2.973326543265E-10,0.000707184165473306),
 .UNSPECIFIED.);
#128=B_SPLINE_CURVE_WITH_KNOTS('',3,(#7123,#7124,#7125,#7126),
 .UNSPECIFIED.,.F.,.F.,(4,4),(2.97332597332636E-10,0.000707184165473194),
 .UNSPECIFIED.);
#129=B_SPLINE_CURVE_WITH_KNOTS('',3,(#7127,#7128,#7129,#7130),
 .UNSPECIFIED.,.F.,.F.,(4,4),(2.62182851474691E-10,0.000707184130323009),
 .UNSPECIFIED.);
#130=B_SPLINE_CURVE_WITH_KNOTS('',3,(#7132,#7133,#7134,#7135),
 .UNSPECIFIED.,.F.,.F.,(4,4),(2.97332576608149E-10,0.000707184165473169),
 .UNSPECIFIED.);
#131=B_SPLINE_CURVE_WITH_KNOTS('',3,(#7136,#7137,#7138,#7139),
 .UNSPECIFIED.,.F.,.F.,(4,4),(2.62182854854212E-10,0.000707184130323009),
 .UNSPECIFIED.);
#132=B_SPLINE_CURVE_WITH_KNOTS('',3,(#7141,#7142,#7143,#7144),
 .UNSPECIFIED.,.F.,.F.,(4,4),(2.97332578326536E-10,0.00070718416547317),
 .UNSPECIFIED.);
#133=B_SPLINE_CURVE_WITH_KNOTS('',3,(#7145,#7146,#7147,#7148),
 .UNSPECIFIED.,.F.,.F.,(4,4),(2.62182848372772E-10,0.000707184130323013),
 .UNSPECIFIED.);
#134=(
BOUNDED_SURFACE()
B_SPLINE_SURFACE(1,2,((#4475,#4476,#4477,#4478,#4479,#4480,#4481,#4482,
#4483,#4484,#4485,#4486,#4487,#4488,#4489,#4490,#4491,#4492,#4493,#4494,
#4495,#4496,#4497,#4498,#4499,#4500,#4501,#4502,#4503,#4504,#4505,#4506,
#4507,#4508,#4509,#4510,#4511,#4512,#4513,#4514,#4515,#4516,#4517),(#4518,
#4519,#4520,#4521,#4522,#4523,#4524,#4525,#4526,#4527,#4528,#4529,#4530,
#4531,#4532,#4533,#4534,#4535,#4536,#4537,#4538,#4539,#4540,#4541,#4542,
#4543,#4544,#4545,#4546,#4547,#4548,#4549,#4550,#4551,#4552,#4553,#4554,
#4555,#4556,#4557,#4558,#4559,#4560)),.UNSPECIFIED.,.F.,.F.,.F.)
B_SPLINE_SURFACE_WITH_KNOTS((2,2),(3,2,2,2,2,2,2,2,2,2,2,2,2,2,2,2,2,2,
2,2,2,3),(0.,1.),(0.,0.0416666666666667,0.0833333333333333,0.125,0.166666666666667,
0.208333333333334,0.25,0.291666666666667,0.333333333333334,0.375,0.416666666666667,
0.458333333333333,0.5,0.541666666666667,0.583333333333333,0.625,0.666666666666667,
0.708333333333333,0.75,0.791666666666667,0.833333333333333,0.871972318573352),
 .PIECEWISE_BEZIER_KNOTS.)
GEOMETRIC_REPRESENTATION_ITEM()
RATIONAL_B_SPLINE_SURFACE(((1.,0.923879532511287,1.,0.923879532511287,1.,
0.923879532511287,1.,0.923879532511287,1.,0.923879532511287,1.,0.923879532511287,
1.,0.923879532511287,1.,0.923879532511287,1.,0.923879532511287,1.,0.923879532511287,
1.,0.923879532511287,1.,0.923879532511287,1.,0.923879532511287,1.,0.923879532511287,
1.,0.923879532511287,1.,0.923879532511287,1.,0.923879532511287,1.,0.923879532511287,
1.,0.923879532511287,1.,0.923879532511287,1.,0.929410777125767,0.989741359407144),
(1.,0.923879532511287,1.,0.923879532511287,1.,0.923879532511287,1.,0.923879532511287,
1.,0.923879532511287,1.,0.923879532511287,1.,0.923879532511287,1.,0.923879532511287,
1.,0.923879532511287,1.,0.923879532511287,1.,0.923879532511287,1.,0.923879532511287,
1.,0.923879532511287,1.,0.923879532511287,1.,0.923879532511287,1.,0.923879532511287,
1.,0.923879532511287,1.,0.923879532511287,1.,0.923879532511287,1.,0.923879532511287,
1.,0.929410777125767,0.989741359407144)))
REPRESENTATION_ITEM('')
SURFACE()
);
#135=(
BOUNDED_SURFACE()
B_SPLINE_SURFACE(1,2,((#4674,#4675,#4676,#4677,#4678,#4679,#4680,#4681,
#4682,#4683,#4684,#4685,#4686,#4687,#4688,#4689,#4690,#4691,#4692,#4693,
#4694,#4695,#4696,#4697,#4698,#4699,#4700,#4701,#4702,#4703,#4704,#4705,
#4706,#4707,#4708,#4709,#4710,#4711,#4712,#4713,#4714,#4715,#4716,#4717,
#4718,#4719,#4720),(#4721,#4722,#4723,#4724,#4725,#4726,#4727,#4728,#4729,
#4730,#4731,#4732,#4733,#4734,#4735,#4736,#4737,#4738,#4739,#4740,#4741,
#4742,#4743,#4744,#4745,#4746,#4747,#4748,#4749,#4750,#4751,#4752,#4753,
#4754,#4755,#4756,#4757,#4758,#4759,#4760,#4761,#4762,#4763,#4764,#4765,
#4766,#4767)),.UNSPECIFIED.,.F.,.F.,.F.)
B_SPLINE_SURFACE_WITH_KNOTS((2,2),(3,2,2,2,2,2,2,2,2,2,2,2,2,2,2,2,2,2,
2,2,2,2,2,3),(0.,1.),(0.,0.0416666666666667,0.0833333333333333,0.125,0.166666666666667,
0.208333333333334,0.25,0.291666666666667,0.333333333333334,0.375,0.416666666666667,
0.458333333333333,0.5,0.541666666666667,0.583333333333333,0.625,0.666666666666667,
0.708333333333333,0.75,0.791666666666667,0.833333333333333,0.875,0.916666666666667,
0.922166666666667),.PIECEWISE_BEZIER_KNOTS.)
GEOMETRIC_REPRESENTATION_ITEM()
RATIONAL_B_SPLINE_SURFACE(((1.,0.923879532511287,1.,0.923879532511287,1.,
0.923879532511287,1.,0.923879532511287,1.,0.923879532511287,1.,0.923879532511287,
1.,0.923879532511287,1.,0.923879532511287,1.,0.923879532511287,1.,0.923879532511287,
1.,0.923879532511287,1.,0.923879532511287,1.,0.923879532511287,1.,0.923879532511287,
1.,0.923879532511287,1.,0.923879532511287,1.,0.923879532511287,1.,0.923879532511287,
1.,0.923879532511287,1.,0.923879532511287,1.,0.923879532511287,1.,0.923879532511287,
1.,0.98995209829149,0.982556842634026),(1.,0.923879532511287,1.,0.923879532511287,
1.,0.923879532511287,1.,0.923879532511287,1.,0.923879532511287,1.,0.923879532511287,
1.,0.923879532511287,1.,0.923879532511287,1.,0.923879532511287,1.,0.923879532511287,
1.,0.923879532511287,1.,0.923879532511287,1.,0.923879532511287,1.,0.923879532511287,
1.,0.923879532511287,1.,0.923879532511287,1.,0.923879532511287,1.,0.923879532511287,
1.,0.923879532511287,1.,0.923879532511287,1.,0.923879532511287,1.,0.923879532511287,
1.,0.98995209829149,0.982556842634026)))
REPRESENTATION_ITEM('')
SURFACE()
);
#136=(
BOUNDED_SURFACE()
B_SPLINE_SURFACE(1,2,((#4932,#4933,#4934,#4935,#4936,#4937,#4938,#4939,
#4940,#4941,#4942,#4943,#4944,#4945,#4946,#4947,#4948,#4949,#4950,#4951,
#4952,#4953,#4954,#4955,#4956,#4957,#4958,#4959,#4960,#4961,#4962,#4963,
#4964,#4965,#4966,#4967,#4968,#4969,#4970,#4971,#4972,#4973,#4974),(#4975,
#4976,#4977,#4978,#4979,#4980,#4981,#4982,#4983,#4984,#4985,#4986,#4987,
#4988,#4989,#4990,#4991,#4992,#4993,#4994,#4995,#4996,#4997,#4998,#4999,
#5000,#5001,#5002,#5003,#5004,#5005,#5006,#5007,#5008,#5009,#5010,#5011,
#5012,#5013,#5014,#5015,#5016,#5017)),.UNSPECIFIED.,.F.,.F.,.F.)
B_SPLINE_SURFACE_WITH_KNOTS((2,2),(3,2,2,2,2,2,2,2,2,2,2,2,2,2,2,2,2,2,
2,2,2,3),(0.,1.),(0.,0.0416666666666667,0.0833333333333333,0.125,0.166666666666667,
0.208333333333334,0.25,0.291666666666667,0.333333333333334,0.375,0.416666666666667,
0.458333333333333,0.5,0.541666666666667,0.583333333333333,0.625,0.666666666666667,
0.708333333333333,0.75,0.791666666666667,0.833333333333333,0.871972318573352),
 .PIECEWISE_BEZIER_KNOTS.)
GEOMETRIC_REPRESENTATION_ITEM()
RATIONAL_B_SPLINE_SURFACE(((1.,0.923879532511287,1.,0.923879532511287,1.,
0.923879532511287,1.,0.923879532511287,1.,0.923879532511287,1.,0.923879532511287,
1.,0.923879532511287,1.,0.923879532511287,1.,0.923879532511287,1.,0.923879532511287,
1.,0.923879532511287,1.,0.923879532511287,1.,0.923879532511287,1.,0.923879532511287,
1.,0.923879532511287,1.,0.923879532511287,1.,0.923879532511287,1.,0.923879532511287,
1.,0.923879532511287,1.,0.923879532511287,1.,0.929410777125767,0.989741359407144),
(1.,0.923879532511287,1.,0.923879532511287,1.,0.923879532511287,1.,0.923879532511287,
1.,0.923879532511287,1.,0.923879532511287,1.,0.923879532511287,1.,0.923879532511287,
1.,0.923879532511287,1.,0.923879532511287,1.,0.923879532511287,1.,0.923879532511287,
1.,0.923879532511287,1.,0.923879532511287,1.,0.923879532511287,1.,0.923879532511287,
1.,0.923879532511287,1.,0.923879532511287,1.,0.923879532511287,1.,0.923879532511287,
1.,0.929410777125767,0.989741359407144)))
REPRESENTATION_ITEM('')
SURFACE()
);
#137=(
BOUNDED_SURFACE()
B_SPLINE_SURFACE(1,2,((#5131,#5132,#5133,#5134,#5135,#5136,#5137,#5138,
#5139,#5140,#5141,#5142,#5143,#5144,#5145,#5146,#5147,#5148,#5149,#5150,
#5151,#5152,#5153,#5154,#5155,#5156,#5157,#5158,#5159,#5160,#5161,#5162,
#5163,#5164,#5165,#5166,#5167,#5168,#5169,#5170,#5171,#5172,#5173,#5174,
#5175,#5176,#5177),(#5178,#5179,#5180,#5181,#5182,#5183,#5184,#5185,#5186,
#5187,#5188,#5189,#5190,#5191,#5192,#5193,#5194,#5195,#5196,#5197,#5198,
#5199,#5200,#5201,#5202,#5203,#5204,#5205,#5206,#5207,#5208,#5209,#5210,
#5211,#5212,#5213,#5214,#5215,#5216,#5217,#5218,#5219,#5220,#5221,#5222,
#5223,#5224)),.UNSPECIFIED.,.F.,.F.,.F.)
B_SPLINE_SURFACE_WITH_KNOTS((2,2),(3,2,2,2,2,2,2,2,2,2,2,2,2,2,2,2,2,2,
2,2,2,2,2,3),(0.,1.),(0.,0.0416666666666667,0.0833333333333333,0.125,0.166666666666667,
0.208333333333334,0.25,0.291666666666667,0.333333333333334,0.375,0.416666666666667,
0.458333333333333,0.5,0.541666666666667,0.583333333333333,0.625,0.666666666666667,
0.708333333333333,0.75,0.791666666666667,0.833333333333333,0.875,0.916666666666667,
0.922166666666667),.PIECEWISE_BEZIER_KNOTS.)
GEOMETRIC_REPRESENTATION_ITEM()
RATIONAL_B_SPLINE_SURFACE(((1.,0.923879532511287,1.,0.923879532511287,1.,
0.923879532511287,1.,0.923879532511287,1.,0.923879532511287,1.,0.923879532511287,
1.,0.923879532511287,1.,0.923879532511287,1.,0.923879532511287,1.,0.923879532511287,
1.,0.923879532511287,1.,0.923879532511287,1.,0.923879532511287,1.,0.923879532511287,
1.,0.923879532511287,1.,0.923879532511287,1.,0.923879532511287,1.,0.923879532511287,
1.,0.923879532511287,1.,0.923879532511287,1.,0.923879532511287,1.,0.923879532511287,
1.,0.98995209829149,0.982556842634026),(1.,0.923879532511287,1.,0.923879532511287,
1.,0.923879532511287,1.,0.923879532511287,1.,0.923879532511287,1.,0.923879532511287,
1.,0.923879532511287,1.,0.923879532511287,1.,0.923879532511287,1.,0.923879532511287,
1.,0.923879532511287,1.,0.923879532511287,1.,0.923879532511287,1.,0.923879532511287,
1.,0.923879532511287,1.,0.923879532511287,1.,0.923879532511287,1.,0.923879532511287,
1.,0.923879532511287,1.,0.923879532511287,1.,0.923879532511287,1.,0.923879532511287,
1.,0.98995209829149,0.982556842634026)))
REPRESENTATION_ITEM('')
SURFACE()
);
#138=(
BOUNDED_SURFACE()
B_SPLINE_SURFACE(1,2,((#5339,#5340,#5341,#5342,#5343,#5344,#5345,#5346,
#5347,#5348,#5349,#5350,#5351,#5352,#5353,#5354,#5355,#5356,#5357,#5358,
#5359,#5360,#5361,#5362,#5363,#5364,#5365,#5366,#5367,#5368,#5369,#5370,
#5371,#5372,#5373,#5374,#5375,#5376,#5377,#5378,#5379,#5380,#5381),(#5382,
#5383,#5384,#5385,#5386,#5387,#5388,#5389,#5390,#5391,#5392,#5393,#5394,
#5395,#5396,#5397,#5398,#5399,#5400,#5401,#5402,#5403,#5404,#5405,#5406,
#5407,#5408,#5409,#5410,#5411,#5412,#5413,#5414,#5415,#5416,#5417,#5418,
#5419,#5420,#5421,#5422,#5423,#5424)),.UNSPECIFIED.,.F.,.F.,.F.)
B_SPLINE_SURFACE_WITH_KNOTS((2,2),(3,2,2,2,2,2,2,2,2,2,2,2,2,2,2,2,2,2,
2,2,2,3),(0.,1.),(0.,0.0416666666666667,0.0833333333333333,0.125,0.166666666666667,
0.208333333333334,0.25,0.291666666666667,0.333333333333334,0.375,0.416666666666667,
0.458333333333333,0.5,0.541666666666667,0.583333333333333,0.625,0.666666666666667,
0.708333333333333,0.75,0.791666666666667,0.833333333333333,0.871972318573352),
 .PIECEWISE_BEZIER_KNOTS.)
GEOMETRIC_REPRESENTATION_ITEM()
RATIONAL_B_SPLINE_SURFACE(((1.,0.923879532511287,1.,0.923879532511287,1.,
0.923879532511287,1.,0.923879532511287,1.,0.923879532511287,1.,0.923879532511287,
1.,0.923879532511287,1.,0.923879532511287,1.,0.923879532511287,1.,0.923879532511287,
1.,0.923879532511287,1.,0.923879532511287,1.,0.923879532511287,1.,0.923879532511287,
1.,0.923879532511287,1.,0.923879532511287,1.,0.923879532511287,1.,0.923879532511287,
1.,0.923879532511287,1.,0.923879532511287,1.,0.929410777125767,0.989741359407144),
(1.,0.923879532511287,1.,0.923879532511287,1.,0.923879532511287,1.,0.923879532511287,
1.,0.923879532511287,1.,0.923879532511287,1.,0.923879532511287,1.,0.923879532511287,
1.,0.923879532511287,1.,0.923879532511287,1.,0.923879532511287,1.,0.923879532511287,
1.,0.923879532511287,1.,0.923879532511287,1.,0.923879532511287,1.,0.923879532511287,
1.,0.923879532511287,1.,0.923879532511287,1.,0.923879532511287,1.,0.923879532511287,
1.,0.929410777125767,0.989741359407144)))
REPRESENTATION_ITEM('')
SURFACE()
);
#139=(
BOUNDED_SURFACE()
B_SPLINE_SURFACE(1,2,((#5538,#5539,#5540,#5541,#5542,#5543,#5544,#5545,
#5546,#5547,#5548,#5549,#5550,#5551,#5552,#5553,#5554,#5555,#5556,#5557,
#5558,#5559,#5560,#5561,#5562,#5563,#5564,#5565,#5566,#5567,#5568,#5569,
#5570,#5571,#5572,#5573,#5574,#5575,#5576,#5577,#5578,#5579,#5580,#5581,
#5582,#5583,#5584),(#5585,#5586,#5587,#5588,#5589,#5590,#5591,#5592,#5593,
#5594,#5595,#5596,#5597,#5598,#5599,#5600,#5601,#5602,#5603,#5604,#5605,
#5606,#5607,#5608,#5609,#5610,#5611,#5612,#5613,#5614,#5615,#5616,#5617,
#5618,#5619,#5620,#5621,#5622,#5623,#5624,#5625,#5626,#5627,#5628,#5629,
#5630,#5631)),.UNSPECIFIED.,.F.,.F.,.F.)
B_SPLINE_SURFACE_WITH_KNOTS((2,2),(3,2,2,2,2,2,2,2,2,2,2,2,2,2,2,2,2,2,
2,2,2,2,2,3),(0.,1.),(0.,0.0416666666666667,0.0833333333333333,0.125,0.166666666666667,
0.208333333333334,0.25,0.291666666666667,0.333333333333334,0.375,0.416666666666667,
0.458333333333333,0.5,0.541666666666667,0.583333333333333,0.625,0.666666666666667,
0.708333333333333,0.75,0.791666666666667,0.833333333333333,0.875,0.916666666666667,
0.922166666666667),.PIECEWISE_BEZIER_KNOTS.)
GEOMETRIC_REPRESENTATION_ITEM()
RATIONAL_B_SPLINE_SURFACE(((1.,0.923879532511287,1.,0.923879532511287,1.,
0.923879532511287,1.,0.923879532511287,1.,0.923879532511287,1.,0.923879532511287,
1.,0.923879532511287,1.,0.923879532511287,1.,0.923879532511287,1.,0.923879532511287,
1.,0.923879532511287,1.,0.923879532511287,1.,0.923879532511287,1.,0.923879532511287,
1.,0.923879532511287,1.,0.923879532511287,1.,0.923879532511287,1.,0.923879532511287,
1.,0.923879532511287,1.,0.923879532511287,1.,0.923879532511287,1.,0.923879532511287,
1.,0.98995209829149,0.982556842634026),(1.,0.923879532511287,1.,0.923879532511287,
1.,0.923879532511287,1.,0.923879532511287,1.,0.923879532511287,1.,0.923879532511287,
1.,0.923879532511287,1.,0.923879532511287,1.,0.923879532511287,1.,0.923879532511287,
1.,0.923879532511287,1.,0.923879532511287,1.,0.923879532511287,1.,0.923879532511287,
1.,0.923879532511287,1.,0.923879532511287,1.,0.923879532511287,1.,0.923879532511287,
1.,0.923879532511287,1.,0.923879532511287,1.,0.923879532511287,1.,0.923879532511287,
1.,0.98995209829149,0.982556842634026)))
REPRESENTATION_ITEM('')
SURFACE()
);
#140=(
BOUNDED_SURFACE()
B_SPLINE_SURFACE(1,2,((#6756,#6757,#6758,#6759,#6760,#6761,#6762,#6763,
#6764,#6765,#6766,#6767,#6768,#6769,#6770,#6771,#6772,#6773,#6774,#6775,
#6776,#6777,#6778,#6779,#6780,#6781,#6782,#6783,#6784,#6785,#6786,#6787,
#6788,#6789,#6790,#6791,#6792,#6793,#6794,#6795,#6796,#6797,#6798,#6799,
#6800,#6801,#6802),(#6803,#6804,#6805,#6806,#6807,#6808,#6809,#6810,#6811,
#6812,#6813,#6814,#6815,#6816,#6817,#6818,#6819,#6820,#6821,#6822,#6823,
#6824,#6825,#6826,#6827,#6828,#6829,#6830,#6831,#6832,#6833,#6834,#6835,
#6836,#6837,#6838,#6839,#6840,#6841,#6842,#6843,#6844,#6845,#6846,#6847,
#6848,#6849)),.UNSPECIFIED.,.F.,.F.,.F.)
B_SPLINE_SURFACE_WITH_KNOTS((2,2),(3,2,2,2,2,2,2,2,2,2,2,2,2,2,2,2,2,2,
2,2,2,2,2,3),(0.,1.),(0.,0.0416666666666667,0.0833333333333333,0.125,0.166666666666667,
0.208333333333334,0.25,0.291666666666667,0.333333333333334,0.375,0.416666666666667,
0.458333333333333,0.5,0.541666666666667,0.583333333333333,0.625,0.666666666666667,
0.708333333333333,0.75,0.791666666666667,0.833333333333333,0.875,0.916666666666667,
0.922166666666667),.PIECEWISE_BEZIER_KNOTS.)
GEOMETRIC_REPRESENTATION_ITEM()
RATIONAL_B_SPLINE_SURFACE(((1.,0.923879532511287,1.,0.923879532511287,1.,
0.923879532511287,1.,0.923879532511287,1.,0.923879532511287,1.,0.923879532511287,
1.,0.923879532511287,1.,0.923879532511287,1.,0.923879532511287,1.,0.923879532511287,
1.,0.923879532511287,1.,0.923879532511287,1.,0.923879532511287,1.,0.923879532511287,
1.,0.923879532511287,1.,0.923879532511287,1.,0.923879532511287,1.,0.923879532511287,
1.,0.923879532511287,1.,0.923879532511287,1.,0.923879532511287,1.,0.923879532511287,
1.,0.98995209829149,0.982556842634026),(1.,0.923879532511287,1.,0.923879532511287,
1.,0.923879532511287,1.,0.923879532511287,1.,0.923879532511287,1.,0.923879532511287,
1.,0.923879532511287,1.,0.923879532511287,1.,0.923879532511287,1.,0.923879532511287,
1.,0.923879532511287,1.,0.923879532511287,1.,0.923879532511287,1.,0.923879532511287,
1.,0.923879532511287,1.,0.923879532511287,1.,0.923879532511287,1.,0.923879532511287,
1.,0.923879532511287,1.,0.923879532511287,1.,0.923879532511287,1.,0.923879532511287,
1.,0.98995209829149,0.982556842634026)))
REPRESENTATION_ITEM('')
SURFACE()
);
#141=(
BOUNDED_SURFACE()
B_SPLINE_SURFACE(1,2,((#6854,#6855,#6856,#6857,#6858,#6859,#6860,#6861,
#6862,#6863,#6864,#6865,#6866,#6867,#6868,#6869,#6870,#6871,#6872,#6873,
#6874,#6875,#6876,#6877,#6878,#6879,#6880,#6881,#6882,#6883,#6884,#6885,
#6886,#6887,#6888,#6889,#6890,#6891,#6892,#6893,#6894,#6895,#6896),(#6897,
#6898,#6899,#6900,#6901,#6902,#6903,#6904,#6905,#6906,#6907,#6908,#6909,
#6910,#6911,#6912,#6913,#6914,#6915,#6916,#6917,#6918,#6919,#6920,#6921,
#6922,#6923,#6924,#6925,#6926,#6927,#6928,#6929,#6930,#6931,#6932,#6933,
#6934,#6935,#6936,#6937,#6938,#6939)),.UNSPECIFIED.,.F.,.F.,.F.)
B_SPLINE_SURFACE_WITH_KNOTS((2,2),(3,2,2,2,2,2,2,2,2,2,2,2,2,2,2,2,2,2,
2,2,2,3),(0.,1.),(0.,0.0416666666666667,0.0833333333333333,0.125,0.166666666666667,
0.208333333333334,0.25,0.291666666666667,0.333333333333334,0.375,0.416666666666667,
0.458333333333333,0.5,0.541666666666667,0.583333333333333,0.625,0.666666666666667,
0.708333333333333,0.75,0.791666666666667,0.833333333333333,0.871972318573352),
 .PIECEWISE_BEZIER_KNOTS.)
GEOMETRIC_REPRESENTATION_ITEM()
RATIONAL_B_SPLINE_SURFACE(((1.,0.923879532511287,1.,0.923879532511287,1.,
0.923879532511287,1.,0.923879532511287,1.,0.923879532511287,1.,0.923879532511287,
1.,0.923879532511287,1.,0.923879532511287,1.,0.923879532511287,1.,0.923879532511287,
1.,0.923879532511287,1.,0.923879532511287,1.,0.923879532511287,1.,0.923879532511287,
1.,0.923879532511287,1.,0.923879532511287,1.,0.923879532511287,1.,0.923879532511287,
1.,0.923879532511287,1.,0.923879532511287,1.,0.929410777125767,0.989741359407144),
(1.,0.923879532511287,1.,0.923879532511287,1.,0.923879532511287,1.,0.923879532511287,
1.,0.923879532511287,1.,0.923879532511287,1.,0.923879532511287,1.,0.923879532511287,
1.,0.923879532511287,1.,0.923879532511287,1.,0.923879532511287,1.,0.923879532511287,
1.,0.923879532511287,1.,0.923879532511287,1.,0.923879532511287,1.,0.923879532511287,
1.,0.923879532511287,1.,0.923879532511287,1.,0.923879532511287,1.,0.923879532511287,
1.,0.929410777125767,0.989741359407144)))
REPRESENTATION_ITEM('')
SURFACE()
);
#142=LINE('',#4474,#236);
#143=LINE('',#4672,#237);
#144=LINE('',#4931,#238);
#145=LINE('',#5129,#239);
#146=LINE('',#5338,#240);
#147=LINE('',#5536,#241);
#148=LINE('',#5666,#242);
#149=LINE('',#5685,#243);
#150=LINE('',#5704,#244);
#151=LINE('',#5723,#245);
#152=LINE('',#5742,#246);
#153=LINE('',#5761,#247);
#154=LINE('',#5780,#248);
#155=LINE('',#5799,#249);
#156=LINE('',#5818,#250);
#157=LINE('',#5837,#251);
#158=LINE('',#5856,#252);
#159=LINE('',#5875,#253);
#160=LINE('',#5894,#254);
#161=LINE('',#5913,#255);
#162=LINE('',#5932,#256);
#163=LINE('',#5951,#257);
#164=LINE('',#5970,#258);
#165=LINE('',#5989,#259);
#166=LINE('',#6008,#260);
#167=LINE('',#6027,#261);
#168=LINE('',#6046,#262);
#169=LINE('',#6065,#263);
#170=LINE('',#6084,#264);
#171=LINE('',#6103,#265);
#172=LINE('',#6122,#266);
#173=LINE('',#6141,#267);
#174=LINE('',#6160,#268);
#175=LINE('',#6179,#269);
#176=LINE('',#6198,#270);
#177=LINE('',#6217,#271);
#178=LINE('',#6236,#272);
#179=LINE('',#6255,#273);
#180=LINE('',#6274,#274);
#181=LINE('',#6293,#275);
#182=LINE('',#6312,#276);
#183=LINE('',#6331,#277);
#184=LINE('',#6350,#278);
#185=LINE('',#6369,#279);
#186=LINE('',#6388,#280);
#187=LINE('',#6407,#281);
#188=LINE('',#6450,#282);
#189=LINE('',#6455,#283);
#190=LINE('',#6466,#284);
#191=LINE('',#6470,#285);
#192=LINE('',#6650,#286);
#193=LINE('',#6705,#287);
#194=LINE('',#6954,#288);
#195=LINE('',#6957,#289);
#196=LINE('',#6958,#290);
#197=LINE('',#6960,#291);
#198=LINE('',#6966,#292);
#199=LINE('',#6967,#293);
#200=LINE('',#7036,#294);
#201=LINE('',#7040,#295);
#202=LINE('',#7045,#296);
#203=LINE('',#7049,#297);
#204=LINE('',#7054,#298);
#205=LINE('',#7058,#299);
#206=LINE('',#7063,#300);
#207=LINE('',#7067,#301);
#208=LINE('',#7072,#302);
#209=LINE('',#7076,#303);
#210=LINE('',#7081,#304);
#211=LINE('',#7085,#305);
#212=LINE('',#7156,#306);
#213=LINE('',#7161,#307);
#214=LINE('',#7166,#308);
#215=LINE('',#7171,#309);
#216=LINE('',#7174,#310);
#217=LINE('',#7180,#311);
#218=LINE('',#7195,#312);
#219=LINE('',#7197,#313);
#220=LINE('',#7199,#314);
#221=LINE('',#7201,#315);
#222=LINE('',#7203,#316);
#223=LINE('',#7205,#317);
#224=LINE('',#7207,#318);
#225=LINE('',#7209,#319);
#226=LINE('',#7211,#320);
#227=LINE('',#7213,#321);
#228=LINE('',#7215,#322);
#229=LINE('',#7217,#323);
#230=LINE('',#7219,#324);
#231=LINE('',#7222,#325);
#232=LINE('',#7225,#326);
#233=LINE('',#7228,#327);
#234=LINE('',#7231,#328);
#235=LINE('',#7234,#329);
#236=VECTOR('',#3525,1.);
#237=VECTOR('',#3528,1.);
#238=VECTOR('',#3537,1.);
#239=VECTOR('',#3540,1.);
#240=VECTOR('',#3549,1.);
#241=VECTOR('',#3552,1.);
#242=VECTOR('',#3575,1.);
#243=VECTOR('',#3576,1.);
#244=VECTOR('',#3577,1.);
#245=VECTOR('',#3578,1.);
#246=VECTOR('',#3579,1.);
#247=VECTOR('',#3580,1.);
#248=VECTOR('',#3581,1.);
#249=VECTOR('',#3582,1.);
#250=VECTOR('',#3583,1.);
#251=VECTOR('',#3584,1.);
#252=VECTOR('',#3585,1.);
#253=VECTOR('',#3586,1.);
#254=VECTOR('',#3587,1.);
#255=VECTOR('',#3588,1.);
#256=VECTOR('',#3589,1.);
#257=VECTOR('',#3590,1.);
#258=VECTOR('',#3591,1.);
#259=VECTOR('',#3592,1.);
#260=VECTOR('',#3593,1.);
#261=VECTOR('',#3594,1.);
#262=VECTOR('',#3595,1.);
#263=VECTOR('',#3596,1.);
#264=VECTOR('',#3597,1.);
#265=VECTOR('',#3598,1.);
#266=VECTOR('',#3599,1.);
#267=VECTOR('',#3600,1.);
#268=VECTOR('',#3601,1.);
#269=VECTOR('',#3602,1.);
#270=VECTOR('',#3603,1.);
#271=VECTOR('',#3604,1.);
#272=VECTOR('',#3605,1.);
#273=VECTOR('',#3606,1.);
#274=VECTOR('',#3607,1.);
#275=VECTOR('',#3608,1.);
#276=VECTOR('',#3609,1.);
#277=VECTOR('',#3610,1.);
#278=VECTOR('',#3611,1.);
#279=VECTOR('',#3612,1.);
#280=VECTOR('',#3613,1.);
#281=VECTOR('',#3614,1.);
#282=VECTOR('',#3645,1.);
#283=VECTOR('',#3648,1.);
#284=VECTOR('',#3659,1.);
#285=VECTOR('',#3662,1.);
#286=VECTOR('',#3905,1.);
#287=VECTOR('',#3912,1.);
#288=VECTOR('',#3933,1.);
#289=VECTOR('',#3934,1.);
#290=VECTOR('',#3935,1.);
#291=VECTOR('',#3938,1.);
#292=VECTOR('',#3945,1.);
#293=VECTOR('',#3946,1.);
#294=VECTOR('',#4025,1.);
#295=VECTOR('',#4028,1.);
#296=VECTOR('',#4033,1.);
#297=VECTOR('',#4036,1.);
#298=VECTOR('',#4041,1.);
#299=VECTOR('',#4044,1.);
#300=VECTOR('',#4049,1.);
#301=VECTOR('',#4052,1.);
#302=VECTOR('',#4057,1.);
#303=VECTOR('',#4060,1.);
#304=VECTOR('',#4065,1.);
#305=VECTOR('',#4068,1.);
#306=VECTOR('',#4095,1.);
#307=VECTOR('',#4100,1.);
#308=VECTOR('',#4105,1.);
#309=VECTOR('',#4110,1.);
#310=VECTOR('',#4113,1.);
#311=VECTOR('',#4118,1.);
#312=VECTOR('',#4137,1.);
#313=VECTOR('',#4138,1.);
#314=VECTOR('',#4141,1.);
#315=VECTOR('',#4142,1.);
#316=VECTOR('',#4145,1.);
#317=VECTOR('',#4146,1.);
#318=VECTOR('',#4149,1.);
#319=VECTOR('',#4150,1.);
#320=VECTOR('',#4153,1.);
#321=VECTOR('',#4154,1.);
#322=VECTOR('',#4157,1.);
#323=VECTOR('',#4158,1.);
#324=VECTOR('',#4161,1.);
#325=VECTOR('',#4166,1.);
#326=VECTOR('',#4171,1.);
#327=VECTOR('',#4176,1.);
#328=VECTOR('',#4181,1.);
#329=VECTOR('',#4186,1.);
#330=(
BOUNDED_CURVE()
B_SPLINE_CURVE(2,(#4372,#4373,#4374,#4375,#4376,#4377,#4378,#4379,#4380,
#4381,#4382,#4383,#4384,#4385,#4386,#4387,#4388,#4389,#4390,#4391,#4392,
#4393,#4394,#4395,#4396,#4397,#4398,#4399,#4400,#4401,#4402,#4403,#4404,
#4405,#4406,#4407,#4408,#4409,#4410,#4411,#4412,#4413,#4414,#4415,#4416,
#4417,#4418,#4419,#4420),.UNSPECIFIED.,.F.,.F.)
B_SPLINE_CURVE_WITH_KNOTS((3,2,2,2,2,2,2,2,2,2,2,2,2,2,2,2,2,2,2,2,2,2,
2,2,3),(0.,0.0416666666666667,0.0833333333333333,0.125,0.166666666666667,
0.208333333333334,0.25,0.291666666666667,0.333333333333334,0.375,0.416666666666667,
0.458333333333333,0.5,0.541666666666667,0.583333333333333,0.625,0.666666666666667,
0.708333333333333,0.75,0.791666666666667,0.833333333333333,0.875,0.916666666666667,
0.958333333333333,1.),.UNSPECIFIED.)
CURVE()
GEOMETRIC_REPRESENTATION_ITEM()
RATIONAL_B_SPLINE_CURVE((1.,0.923879532511287,1.,0.923879532511287,1.,0.923879532511287,
1.,0.923879532511287,1.,0.923879532511287,1.,0.923879532511287,1.,0.923879532511287,
1.,0.923879532511287,1.,0.923879532511287,1.,0.923879532511287,1.,0.923879532511287,
1.,0.923879532511287,1.,0.923879532511287,1.,0.923879532511287,1.,0.923879532511287,
1.,0.923879532511287,1.,0.923879532511287,1.,0.923879532511287,1.,0.923879532511287,
1.,0.923879532511287,1.,0.923879532511287,1.,0.923879532511287,1.,0.923879532511287,
1.,0.923879532511287,1.))
REPRESENTATION_ITEM('')
);
#331=(
BOUNDED_CURVE()
B_SPLINE_CURVE(2,(#4424,#4425,#4426,#4427,#4428,#4429,#4430,#4431,#4432,
#4433,#4434,#4435,#4436,#4437,#4438,#4439,#4440,#4441,#4442,#4443,#4444,
#4445,#4446,#4447,#4448,#4449,#4450,#4451,#4452,#4453,#4454,#4455,#4456,
#4457,#4458,#4459,#4460,#4461,#4462,#4463,#4464,#4465,#4466,#4467,#4468,
#4469,#4470,#4471,#4472),.UNSPECIFIED.,.F.,.F.)
B_SPLINE_CURVE_WITH_KNOTS((3,2,2,2,2,2,2,2,2,2,2,2,2,2,2,2,2,2,2,2,2,2,
2,2,3),(0.,0.0416666666666667,0.0833333333333333,0.125,0.166666666666667,
0.208333333333334,0.25,0.291666666666667,0.333333333333334,0.375,0.416666666666667,
0.458333333333333,0.5,0.541666666666667,0.583333333333333,0.625,0.666666666666667,
0.708333333333333,0.75,0.791666666666667,0.833333333333333,0.875,0.916666666666667,
0.958333333333333,1.),.UNSPECIFIED.)
CURVE()
GEOMETRIC_REPRESENTATION_ITEM()
RATIONAL_B_SPLINE_CURVE((1.,0.923879532511287,1.,0.923879532511287,1.,0.923879532511287,
1.,0.923879532511287,1.,0.923879532511287,1.,0.923879532511287,1.,0.923879532511287,
1.,0.923879532511287,1.,0.923879532511287,1.,0.923879532511287,1.,0.923879532511287,
1.,0.923879532511287,1.,0.923879532511287,1.,0.923879532511287,1.,0.923879532511287,
1.,0.923879532511287,1.,0.923879532511287,1.,0.923879532511287,1.,0.923879532511287,
1.,0.923879532511287,1.,0.923879532511287,1.,0.923879532511287,1.,0.923879532511287,
1.,0.923879532511287,1.))
REPRESENTATION_ITEM('')
);
#332=(
BOUNDED_CURVE()
B_SPLINE_CURVE(2,(#4561,#4562,#4563,#4564,#4565,#4566,#4567,#4568,#4569,
#4570,#4571,#4572,#4573,#4574,#4575,#4576,#4577,#4578,#4579,#4580,#4581,
#4582,#4583,#4584,#4585,#4586,#4587,#4588,#4589,#4590,#4591,#4592,#4593,
#4594,#4595,#4596,#4597,#4598,#4599,#4600,#4601,#4602,#4603,#4604,#4605,
#4606,#4607,#4608,#4609),.UNSPECIFIED.,.F.,.F.)
B_SPLINE_CURVE_WITH_KNOTS((3,2,2,2,2,2,2,2,2,2,2,2,2,2,2,2,2,2,2,2,2,2,
2,2,3),(0.,0.0416666666666667,0.0833333333333333,0.125,0.166666666666667,
0.208333333333334,0.25,0.291666666666667,0.333333333333334,0.375,0.416666666666667,
0.458333333333333,0.5,0.541666666666667,0.583333333333333,0.625,0.666666666666667,
0.708333333333333,0.75,0.791666666666667,0.833333333333333,0.875,0.916666666666667,
0.958333333333333,1.),.UNSPECIFIED.)
CURVE()
GEOMETRIC_REPRESENTATION_ITEM()
RATIONAL_B_SPLINE_CURVE((1.,0.923879532511287,1.,0.923879532511287,1.,0.923879532511287,
1.,0.923879532511287,1.,0.923879532511287,1.,0.923879532511287,1.,0.923879532511287,
1.,0.923879532511287,1.,0.923879532511287,1.,0.923879532511287,1.,0.923879532511287,
1.,0.923879532511287,1.,0.923879532511287,1.,0.923879532511287,1.,0.923879532511287,
1.,0.923879532511287,1.,0.923879532511287,1.,0.923879532511287,1.,0.923879532511287,
1.,0.923879532511287,1.,0.923879532511287,1.,0.923879532511287,1.,0.923879532511287,
1.,0.923879532511287,1.))
REPRESENTATION_ITEM('')
);
#333=(
BOUNDED_CURVE()
B_SPLINE_CURVE(2,(#4621,#4622,#4623,#4624,#4625,#4626,#4627,#4628,#4629,
#4630,#4631,#4632,#4633,#4634,#4635,#4636,#4637,#4638,#4639,#4640,#4641,
#4642,#4643,#4644,#4645,#4646,#4647,#4648,#4649,#4650,#4651,#4652,#4653,
#4654,#4655,#4656,#4657,#4658,#4659,#4660,#4661,#4662,#4663,#4664,#4665,
#4666,#4667,#4668,#4669),.UNSPECIFIED.,.F.,.F.)
B_SPLINE_CURVE_WITH_KNOTS((3,2,2,2,2,2,2,2,2,2,2,2,2,2,2,2,2,2,2,2,2,2,
2,2,3),(0.,0.0416666666666667,0.0833333333333333,0.125,0.166666666666667,
0.208333333333334,0.25,0.291666666666667,0.333333333333334,0.375,0.416666666666667,
0.458333333333333,0.5,0.541666666666667,0.583333333333333,0.625,0.666666666666667,
0.708333333333333,0.75,0.791666666666667,0.833333333333333,0.875,0.916666666666667,
0.958333333333333,1.),.UNSPECIFIED.)
CURVE()
GEOMETRIC_REPRESENTATION_ITEM()
RATIONAL_B_SPLINE_CURVE((1.,0.923879532511287,1.,0.923879532511287,1.,0.923879532511287,
1.,0.923879532511287,1.,0.923879532511287,1.,0.923879532511287,1.,0.923879532511287,
1.,0.923879532511287,1.,0.923879532511287,1.,0.923879532511287,1.,0.923879532511287,
1.,0.923879532511287,1.,0.923879532511287,1.,0.923879532511287,1.,0.923879532511287,
1.,0.923879532511287,1.,0.923879532511287,1.,0.923879532511287,1.,0.923879532511287,
1.,0.923879532511287,1.,0.923879532511287,1.,0.923879532511287,1.,0.923879532511287,
1.,0.923879532511287,1.))
REPRESENTATION_ITEM('')
);
#334=(
BOUNDED_CURVE()
B_SPLINE_CURVE(2,(#4768,#4769,#4770,#4771,#4772,#4773,#4774,#4775,#4776,
#4777,#4778,#4779,#4780,#4781,#4782,#4783,#4784,#4785,#4786,#4787,#4788,
#4789,#4790,#4791,#4792,#4793,#4794,#4795,#4796,#4797,#4798,#4799,#4800,
#4801,#4802,#4803,#4804,#4805,#4806,#4807,#4808,#4809,#4810,#4811,#4812,
#4813,#4814,#4815,#4816),.UNSPECIFIED.,.F.,.F.)
B_SPLINE_CURVE_WITH_KNOTS((3,2,2,2,2,2,2,2,2,2,2,2,2,2,2,2,2,2,2,2,2,2,
2,2,3),(0.,0.0416666666666667,0.0833333333333333,0.125,0.166666666666667,
0.208333333333334,0.25,0.291666666666667,0.333333333333334,0.375,0.416666666666667,
0.458333333333333,0.5,0.541666666666667,0.583333333333333,0.625,0.666666666666667,
0.708333333333333,0.75,0.791666666666667,0.833333333333333,0.875,0.916666666666667,
0.958333333333333,1.),.UNSPECIFIED.)
CURVE()
GEOMETRIC_REPRESENTATION_ITEM()
RATIONAL_B_SPLINE_CURVE((1.,0.923879532511287,1.,0.923879532511287,1.,0.923879532511287,
1.,0.923879532511287,1.,0.923879532511287,1.,0.923879532511287,1.,0.923879532511287,
1.,0.923879532511287,1.,0.923879532511287,1.,0.923879532511287,1.,0.923879532511287,
1.,0.923879532511287,1.,0.923879532511287,1.,0.923879532511287,1.,0.923879532511287,
1.,0.923879532511287,1.,0.923879532511287,1.,0.923879532511287,1.,0.923879532511287,
1.,0.923879532511287,1.,0.923879532511287,1.,0.923879532511287,1.,0.923879532511287,
1.,0.923879532511287,1.))
REPRESENTATION_ITEM('')
);
#335=(
BOUNDED_CURVE()
B_SPLINE_CURVE(2,(#4829,#4830,#4831,#4832,#4833,#4834,#4835,#4836,#4837,
#4838,#4839,#4840,#4841,#4842,#4843,#4844,#4845,#4846,#4847,#4848,#4849,
#4850,#4851,#4852,#4853,#4854,#4855,#4856,#4857,#4858,#4859,#4860,#4861,
#4862,#4863,#4864,#4865,#4866,#4867,#4868,#4869,#4870,#4871,#4872,#4873,
#4874,#4875,#4876,#4877),.UNSPECIFIED.,.F.,.F.)
B_SPLINE_CURVE_WITH_KNOTS((3,2,2,2,2,2,2,2,2,2,2,2,2,2,2,2,2,2,2,2,2,2,
2,2,3),(0.,0.0416666666666667,0.0833333333333333,0.125,0.166666666666667,
0.208333333333334,0.25,0.291666666666667,0.333333333333334,0.375,0.416666666666667,
0.458333333333333,0.5,0.541666666666667,0.583333333333333,0.625,0.666666666666667,
0.708333333333333,0.75,0.791666666666667,0.833333333333333,0.875,0.916666666666667,
0.958333333333333,1.),.UNSPECIFIED.)
CURVE()
GEOMETRIC_REPRESENTATION_ITEM()
RATIONAL_B_SPLINE_CURVE((1.,0.923879532511287,1.,0.923879532511287,1.,0.923879532511287,
1.,0.923879532511287,1.,0.923879532511287,1.,0.923879532511287,1.,0.923879532511287,
1.,0.923879532511287,1.,0.923879532511287,1.,0.923879532511287,1.,0.923879532511287,
1.,0.923879532511287,1.,0.923879532511287,1.,0.923879532511287,1.,0.923879532511287,
1.,0.923879532511287,1.,0.923879532511287,1.,0.923879532511287,1.,0.923879532511287,
1.,0.923879532511287,1.,0.923879532511287,1.,0.923879532511287,1.,0.923879532511287,
1.,0.923879532511287,1.))
REPRESENTATION_ITEM('')
);
#336=(
BOUNDED_CURVE()
B_SPLINE_CURVE(2,(#4881,#4882,#4883,#4884,#4885,#4886,#4887,#4888,#4889,
#4890,#4891,#4892,#4893,#4894,#4895,#4896,#4897,#4898,#4899,#4900,#4901,
#4902,#4903,#4904,#4905,#4906,#4907,#4908,#4909,#4910,#4911,#4912,#4913,
#4914,#4915,#4916,#4917,#4918,#4919,#4920,#4921,#4922,#4923,#4924,#4925,
#4926,#4927,#4928,#4929),.UNSPECIFIED.,.F.,.F.)
B_SPLINE_CURVE_WITH_KNOTS((3,2,2,2,2,2,2,2,2,2,2,2,2,2,2,2,2,2,2,2,2,2,
2,2,3),(0.,0.0416666666666667,0.0833333333333333,0.125,0.166666666666667,
0.208333333333334,0.25,0.291666666666667,0.333333333333334,0.375,0.416666666666667,
0.458333333333333,0.5,0.541666666666667,0.583333333333333,0.625,0.666666666666667,
0.708333333333333,0.75,0.791666666666667,0.833333333333333,0.875,0.916666666666667,
0.958333333333333,1.),.UNSPECIFIED.)
CURVE()
GEOMETRIC_REPRESENTATION_ITEM()
RATIONAL_B_SPLINE_CURVE((1.,0.923879532511287,1.,0.923879532511287,1.,0.923879532511287,
1.,0.923879532511287,1.,0.923879532511287,1.,0.923879532511287,1.,0.923879532511287,
1.,0.923879532511287,1.,0.923879532511287,1.,0.923879532511287,1.,0.923879532511287,
1.,0.923879532511287,1.,0.923879532511287,1.,0.923879532511287,1.,0.923879532511287,
1.,0.923879532511287,1.,0.923879532511287,1.,0.923879532511287,1.,0.923879532511287,
1.,0.923879532511287,1.,0.923879532511287,1.,0.923879532511287,1.,0.923879532511287,
1.,0.923879532511287,1.))
REPRESENTATION_ITEM('')
);
#337=(
BOUNDED_CURVE()
B_SPLINE_CURVE(2,(#5018,#5019,#5020,#5021,#5022,#5023,#5024,#5025,#5026,
#5027,#5028,#5029,#5030,#5031,#5032,#5033,#5034,#5035,#5036,#5037,#5038,
#5039,#5040,#5041,#5042,#5043,#5044,#5045,#5046,#5047,#5048,#5049,#5050,
#5051,#5052,#5053,#5054,#5055,#5056,#5057,#5058,#5059,#5060,#5061,#5062,
#5063,#5064,#5065,#5066),.UNSPECIFIED.,.F.,.F.)
B_SPLINE_CURVE_WITH_KNOTS((3,2,2,2,2,2,2,2,2,2,2,2,2,2,2,2,2,2,2,2,2,2,
2,2,3),(0.,0.0416666666666667,0.0833333333333333,0.125,0.166666666666667,
0.208333333333334,0.25,0.291666666666667,0.333333333333334,0.375,0.416666666666667,
0.458333333333333,0.5,0.541666666666667,0.583333333333333,0.625,0.666666666666667,
0.708333333333333,0.75,0.791666666666667,0.833333333333333,0.875,0.916666666666667,
0.958333333333333,1.),.UNSPECIFIED.)
CURVE()
GEOMETRIC_REPRESENTATION_ITEM()
RATIONAL_B_SPLINE_CURVE((1.,0.923879532511287,1.,0.923879532511287,1.,0.923879532511287,
1.,0.923879532511287,1.,0.923879532511287,1.,0.923879532511287,1.,0.923879532511287,
1.,0.923879532511287,1.,0.923879532511287,1.,0.923879532511287,1.,0.923879532511287,
1.,0.923879532511287,1.,0.923879532511287,1.,0.923879532511287,1.,0.923879532511287,
1.,0.923879532511287,1.,0.923879532511287,1.,0.923879532511287,1.,0.923879532511287,
1.,0.923879532511287,1.,0.923879532511287,1.,0.923879532511287,1.,0.923879532511287,
1.,0.923879532511287,1.))
REPRESENTATION_ITEM('')
);
#338=(
BOUNDED_CURVE()
B_SPLINE_CURVE(2,(#5078,#5079,#5080,#5081,#5082,#5083,#5084,#5085,#5086,
#5087,#5088,#5089,#5090,#5091,#5092,#5093,#5094,#5095,#5096,#5097,#5098,
#5099,#5100,#5101,#5102,#5103,#5104,#5105,#5106,#5107,#5108,#5109,#5110,
#5111,#5112,#5113,#5114,#5115,#5116,#5117,#5118,#5119,#5120,#5121,#5122,
#5123,#5124,#5125,#5126),.UNSPECIFIED.,.F.,.F.)
B_SPLINE_CURVE_WITH_KNOTS((3,2,2,2,2,2,2,2,2,2,2,2,2,2,2,2,2,2,2,2,2,2,
2,2,3),(0.,0.0416666666666667,0.0833333333333333,0.125,0.166666666666667,
0.208333333333334,0.25,0.291666666666667,0.333333333333334,0.375,0.416666666666667,
0.458333333333333,0.5,0.541666666666667,0.583333333333333,0.625,0.666666666666667,
0.708333333333333,0.75,0.791666666666667,0.833333333333333,0.875,0.916666666666667,
0.958333333333333,1.),.UNSPECIFIED.)
CURVE()
GEOMETRIC_REPRESENTATION_ITEM()
RATIONAL_B_SPLINE_CURVE((1.,0.923879532511287,1.,0.923879532511287,1.,0.923879532511287,
1.,0.923879532511287,1.,0.923879532511287,1.,0.923879532511287,1.,0.923879532511287,
1.,0.923879532511287,1.,0.923879532511287,1.,0.923879532511287,1.,0.923879532511287,
1.,0.923879532511287,1.,0.923879532511287,1.,0.923879532511287,1.,0.923879532511287,
1.,0.923879532511287,1.,0.923879532511287,1.,0.923879532511287,1.,0.923879532511287,
1.,0.923879532511287,1.,0.923879532511287,1.,0.923879532511287,1.,0.923879532511287,
1.,0.923879532511287,1.))
REPRESENTATION_ITEM('')
);
#339=(
BOUNDED_CURVE()
B_SPLINE_CURVE(2,(#5236,#5237,#5238,#5239,#5240,#5241,#5242,#5243,#5244,
#5245,#5246,#5247,#5248,#5249,#5250,#5251,#5252,#5253,#5254,#5255,#5256,
#5257,#5258,#5259,#5260,#5261,#5262,#5263,#5264,#5265,#5266,#5267,#5268,
#5269,#5270,#5271,#5272,#5273,#5274,#5275,#5276,#5277,#5278,#5279,#5280,
#5281,#5282,#5283,#5284),.UNSPECIFIED.,.F.,.F.)
B_SPLINE_CURVE_WITH_KNOTS((3,2,2,2,2,2,2,2,2,2,2,2,2,2,2,2,2,2,2,2,2,2,
2,2,3),(0.,0.0416666666666667,0.0833333333333333,0.125,0.166666666666667,
0.208333333333334,0.25,0.291666666666667,0.333333333333334,0.375,0.416666666666667,
0.458333333333333,0.5,0.541666666666667,0.583333333333333,0.625,0.666666666666667,
0.708333333333333,0.75,0.791666666666667,0.833333333333333,0.875,0.916666666666667,
0.958333333333333,1.),.UNSPECIFIED.)
CURVE()
GEOMETRIC_REPRESENTATION_ITEM()
RATIONAL_B_SPLINE_CURVE((1.,0.923879532511287,1.,0.923879532511287,1.,0.923879532511287,
1.,0.923879532511287,1.,0.923879532511287,1.,0.923879532511287,1.,0.923879532511287,
1.,0.923879532511287,1.,0.923879532511287,1.,0.923879532511287,1.,0.923879532511287,
1.,0.923879532511287,1.,0.923879532511287,1.,0.923879532511287,1.,0.923879532511287,
1.,0.923879532511287,1.,0.923879532511287,1.,0.923879532511287,1.,0.923879532511287,
1.,0.923879532511287,1.,0.923879532511287,1.,0.923879532511287,1.,0.923879532511287,
1.,0.923879532511287,1.))
REPRESENTATION_ITEM('')
);
#340=(
BOUNDED_CURVE()
B_SPLINE_CURVE(2,(#5288,#5289,#5290,#5291,#5292,#5293,#5294,#5295,#5296,
#5297,#5298,#5299,#5300,#5301,#5302,#5303,#5304,#5305,#5306,#5307,#5308,
#5309,#5310,#5311,#5312,#5313,#5314,#5315,#5316,#5317,#5318,#5319,#5320,
#5321,#5322,#5323,#5324,#5325,#5326,#5327,#5328,#5329,#5330,#5331,#5332,
#5333,#5334,#5335,#5336),.UNSPECIFIED.,.F.,.F.)
B_SPLINE_CURVE_WITH_KNOTS((3,2,2,2,2,2,2,2,2,2,2,2,2,2,2,2,2,2,2,2,2,2,
2,2,3),(0.,0.0416666666666667,0.0833333333333333,0.125,0.166666666666667,
0.208333333333334,0.25,0.291666666666667,0.333333333333334,0.375,0.416666666666667,
0.458333333333333,0.5,0.541666666666667,0.583333333333333,0.625,0.666666666666667,
0.708333333333333,0.75,0.791666666666667,0.833333333333333,0.875,0.916666666666667,
0.958333333333333,1.),.UNSPECIFIED.)
CURVE()
GEOMETRIC_REPRESENTATION_ITEM()
RATIONAL_B_SPLINE_CURVE((1.,0.923879532511287,1.,0.923879532511287,1.,0.923879532511287,
1.,0.923879532511287,1.,0.923879532511287,1.,0.923879532511287,1.,0.923879532511287,
1.,0.923879532511287,1.,0.923879532511287,1.,0.923879532511287,1.,0.923879532511287,
1.,0.923879532511287,1.,0.923879532511287,1.,0.923879532511287,1.,0.923879532511287,
1.,0.923879532511287,1.,0.923879532511287,1.,0.923879532511287,1.,0.923879532511287,
1.,0.923879532511287,1.,0.923879532511287,1.,0.923879532511287,1.,0.923879532511287,
1.,0.923879532511287,1.))
REPRESENTATION_ITEM('')
);
#341=(
BOUNDED_CURVE()
B_SPLINE_CURVE(2,(#5425,#5426,#5427,#5428,#5429,#5430,#5431,#5432,#5433,
#5434,#5435,#5436,#5437,#5438,#5439,#5440,#5441,#5442,#5443,#5444,#5445,
#5446,#5447,#5448,#5449,#5450,#5451,#5452,#5453,#5454,#5455,#5456,#5457,
#5458,#5459,#5460,#5461,#5462,#5463,#5464,#5465,#5466,#5467,#5468,#5469,
#5470,#5471,#5472,#5473),.UNSPECIFIED.,.F.,.F.)
B_SPLINE_CURVE_WITH_KNOTS((3,2,2,2,2,2,2,2,2,2,2,2,2,2,2,2,2,2,2,2,2,2,
2,2,3),(0.,0.0416666666666667,0.0833333333333333,0.125,0.166666666666667,
0.208333333333334,0.25,0.291666666666667,0.333333333333334,0.375,0.416666666666667,
0.458333333333333,0.5,0.541666666666667,0.583333333333333,0.625,0.666666666666667,
0.708333333333333,0.75,0.791666666666667,0.833333333333333,0.875,0.916666666666667,
0.958333333333333,1.),.UNSPECIFIED.)
CURVE()
GEOMETRIC_REPRESENTATION_ITEM()
RATIONAL_B_SPLINE_CURVE((1.,0.923879532511287,1.,0.923879532511287,1.,0.923879532511287,
1.,0.923879532511287,1.,0.923879532511287,1.,0.923879532511287,1.,0.923879532511287,
1.,0.923879532511287,1.,0.923879532511287,1.,0.923879532511287,1.,0.923879532511287,
1.,0.923879532511287,1.,0.923879532511287,1.,0.923879532511287,1.,0.923879532511287,
1.,0.923879532511287,1.,0.923879532511287,1.,0.923879532511287,1.,0.923879532511287,
1.,0.923879532511287,1.,0.923879532511287,1.,0.923879532511287,1.,0.923879532511287,
1.,0.923879532511287,1.))
REPRESENTATION_ITEM('')
);
#342=(
BOUNDED_CURVE()
B_SPLINE_CURVE(2,(#5485,#5486,#5487,#5488,#5489,#5490,#5491,#5492,#5493,
#5494,#5495,#5496,#5497,#5498,#5499,#5500,#5501,#5502,#5503,#5504,#5505,
#5506,#5507,#5508,#5509,#5510,#5511,#5512,#5513,#5514,#5515,#5516,#5517,
#5518,#5519,#5520,#5521,#5522,#5523,#5524,#5525,#5526,#5527,#5528,#5529,
#5530,#5531,#5532,#5533),.UNSPECIFIED.,.F.,.F.)
B_SPLINE_CURVE_WITH_KNOTS((3,2,2,2,2,2,2,2,2,2,2,2,2,2,2,2,2,2,2,2,2,2,
2,2,3),(0.,0.0416666666666667,0.0833333333333333,0.125,0.166666666666667,
0.208333333333334,0.25,0.291666666666667,0.333333333333334,0.375,0.416666666666667,
0.458333333333333,0.5,0.541666666666667,0.583333333333333,0.625,0.666666666666667,
0.708333333333333,0.75,0.791666666666667,0.833333333333333,0.875,0.916666666666667,
0.958333333333333,1.),.UNSPECIFIED.)
CURVE()
GEOMETRIC_REPRESENTATION_ITEM()
RATIONAL_B_SPLINE_CURVE((1.,0.923879532511287,1.,0.923879532511287,1.,0.923879532511287,
1.,0.923879532511287,1.,0.923879532511287,1.,0.923879532511287,1.,0.923879532511287,
1.,0.923879532511287,1.,0.923879532511287,1.,0.923879532511287,1.,0.923879532511287,
1.,0.923879532511287,1.,0.923879532511287,1.,0.923879532511287,1.,0.923879532511287,
1.,0.923879532511287,1.,0.923879532511287,1.,0.923879532511287,1.,0.923879532511287,
1.,0.923879532511287,1.,0.923879532511287,1.,0.923879532511287,1.,0.923879532511287,
1.,0.923879532511287,1.))
REPRESENTATION_ITEM('')
);
#343=(
BOUNDED_CURVE()
B_SPLINE_CURVE(2,(#6600,#6601,#6602,#6603,#6604,#6605,#6606,#6607,#6608,
#6609,#6610,#6611,#6612,#6613,#6614,#6615,#6616,#6617,#6618,#6619,#6620,
#6621,#6622,#6623,#6624,#6625,#6626,#6627,#6628,#6629,#6630,#6631,#6632,
#6633,#6634,#6635,#6636,#6637,#6638,#6639,#6640,#6641,#6642,#6643,#6644,
#6645,#6646,#6647,#6648),.UNSPECIFIED.,.F.,.F.)
B_SPLINE_CURVE_WITH_KNOTS((3,2,2,2,2,2,2,2,2,2,2,2,2,2,2,2,2,2,2,2,2,2,
2,2,3),(0.,0.0416666666666667,0.0833333333333333,0.125,0.166666666666667,
0.208333333333334,0.25,0.291666666666667,0.333333333333334,0.375,0.416666666666667,
0.458333333333333,0.5,0.541666666666667,0.583333333333333,0.625,0.666666666666667,
0.708333333333333,0.75,0.791666666666667,0.833333333333333,0.875,0.916666666666667,
0.958333333333333,1.),.UNSPECIFIED.)
CURVE()
GEOMETRIC_REPRESENTATION_ITEM()
RATIONAL_B_SPLINE_CURVE((1.,0.923879532511287,1.,0.923879532511287,1.,0.923879532511287,
1.,0.923879532511287,1.,0.923879532511287,1.,0.923879532511287,1.,0.923879532511287,
1.,0.923879532511287,1.,0.923879532511287,1.,0.923879532511287,1.,0.923879532511287,
1.,0.923879532511287,1.,0.923879532511287,1.,0.923879532511287,1.,0.923879532511287,
1.,0.923879532511287,1.,0.923879532511287,1.,0.923879532511287,1.,0.923879532511287,
1.,0.923879532511287,1.,0.923879532511287,1.,0.923879532511287,1.,0.923879532511287,
1.,0.923879532511287,1.))
REPRESENTATION_ITEM('')
);
#344=(
BOUNDED_CURVE()
B_SPLINE_CURVE(2,(#6655,#6656,#6657,#6658,#6659,#6660,#6661,#6662,#6663,
#6664,#6665,#6666,#6667,#6668,#6669,#6670,#6671,#6672,#6673,#6674,#6675,
#6676,#6677,#6678,#6679,#6680,#6681,#6682,#6683,#6684,#6685,#6686,#6687,
#6688,#6689,#6690,#6691,#6692,#6693,#6694,#6695,#6696,#6697,#6698,#6699,
#6700,#6701,#6702,#6703),.UNSPECIFIED.,.F.,.F.)
B_SPLINE_CURVE_WITH_KNOTS((3,2,2,2,2,2,2,2,2,2,2,2,2,2,2,2,2,2,2,2,2,2,
2,2,3),(0.,0.0416666666666667,0.0833333333333333,0.125,0.166666666666667,
0.208333333333334,0.25,0.291666666666667,0.333333333333334,0.375,0.416666666666667,
0.458333333333333,0.5,0.541666666666667,0.583333333333333,0.625,0.666666666666667,
0.708333333333333,0.75,0.791666666666667,0.833333333333333,0.875,0.916666666666667,
0.958333333333333,1.),.UNSPECIFIED.)
CURVE()
GEOMETRIC_REPRESENTATION_ITEM()
RATIONAL_B_SPLINE_CURVE((1.,0.923879532511287,1.,0.923879532511287,1.,0.923879532511287,
1.,0.923879532511287,1.,0.923879532511287,1.,0.923879532511287,1.,0.923879532511287,
1.,0.923879532511287,1.,0.923879532511287,1.,0.923879532511287,1.,0.923879532511287,
1.,0.923879532511287,1.,0.923879532511287,1.,0.923879532511287,1.,0.923879532511287,
1.,0.923879532511287,1.,0.923879532511287,1.,0.923879532511287,1.,0.923879532511287,
1.,0.923879532511287,1.,0.923879532511287,1.,0.923879532511287,1.,0.923879532511287,
1.,0.923879532511287,1.))
REPRESENTATION_ITEM('')
);
#345=(
BOUNDED_CURVE()
B_SPLINE_CURVE(2,(#6707,#6708,#6709,#6710,#6711,#6712,#6713,#6714,#6715,
#6716,#6717,#6718,#6719,#6720,#6721,#6722,#6723,#6724,#6725,#6726,#6727,
#6728,#6729,#6730,#6731,#6732,#6733,#6734,#6735,#6736,#6737,#6738,#6739,
#6740,#6741,#6742,#6743,#6744,#6745,#6746,#6747,#6748,#6749,#6750,#6751,
#6752,#6753,#6754,#6755),.UNSPECIFIED.,.F.,.F.)
B_SPLINE_CURVE_WITH_KNOTS((3,2,2,2,2,2,2,2,2,2,2,2,2,2,2,2,2,2,2,2,2,2,
2,2,3),(0.,0.0416666666666667,0.0833333333333333,0.125,0.166666666666667,
0.208333333333334,0.25,0.291666666666667,0.333333333333334,0.375,0.416666666666667,
0.458333333333333,0.5,0.541666666666667,0.583333333333333,0.625,0.666666666666667,
0.708333333333333,0.75,0.791666666666667,0.833333333333333,0.875,0.916666666666667,
0.958333333333333,1.),.UNSPECIFIED.)
CURVE()
GEOMETRIC_REPRESENTATION_ITEM()
RATIONAL_B_SPLINE_CURVE((1.,0.923879532511287,1.,0.923879532511287,1.,0.923879532511287,
1.,0.923879532511287,1.,0.923879532511287,1.,0.923879532511287,1.,0.923879532511287,
1.,0.923879532511287,1.,0.923879532511287,1.,0.923879532511287,1.,0.923879532511287,
1.,0.923879532511287,1.,0.923879532511287,1.,0.923879532511287,1.,0.923879532511287,
1.,0.923879532511287,1.,0.923879532511287,1.,0.923879532511287,1.,0.923879532511287,
1.,0.923879532511287,1.,0.923879532511287,1.,0.923879532511287,1.,0.923879532511287,
1.,0.923879532511287,1.))
REPRESENTATION_ITEM('')
);
#346=SHAPE_REPRESENTATION_RELATIONSHIP('','',#2982,#350);
#347=SHAPE_REPRESENTATION_RELATIONSHIP('','',#2983,#351);
#348=SHAPE_REPRESENTATION_RELATIONSHIP('','',#2984,#352);
#349=SHAPE_REPRESENTATION_RELATIONSHIP('','',#2985,#353);
#350=ADVANCED_BREP_SHAPE_REPRESENTATION('',(#2974),#7290);
#351=ADVANCED_BREP_SHAPE_REPRESENTATION('',(#2975),#7291);
#352=ADVANCED_BREP_SHAPE_REPRESENTATION('',(#2976),#7292);
#353=ADVANCED_BREP_SHAPE_REPRESENTATION('',(#2977),#7293);
#354=CONICAL_SURFACE('',#3001,0.0166,0.785398163397393);
#355=CONICAL_SURFACE('',#3002,0.0151,0.785398163397393);
#356=CONICAL_SURFACE('',#3092,0.0325,0.610865238198015);
#357=CONICAL_SURFACE('',#3108,0.015,0.523598775598299);
#358=CONICAL_SURFACE('',#3114,0.0325,0.305432619099007);
#359=CONICAL_SURFACE('',#3115,0.032,0.785398163397448);
#360=CONICAL_SURFACE('',#3219,0.0172,0.785398163397448);
#361=CONICAL_SURFACE('',#3220,0.0167,0.785398163397448);
#362=CONICAL_SURFACE('',#3221,0.0169,0.785398163397448);
#363=CONICAL_SURFACE('',#3231,0.0281,0.785398163397448);
#364=CONICAL_SURFACE('',#3232,0.0158,0.785398163397448);
#365=CONICAL_SURFACE('',#3233,0.0151,0.785398163397457);
#366=CONICAL_SURFACE('',#3234,0.0198,0.785398163397448);
#367=CONICAL_SURFACE('',#3235,0.02,0.785398163397452);
#368=CONICAL_SURFACE('',#3241,0.0271999999999992,0.785398163397434);
#369=CONICAL_SURFACE('',#3244,0.0285,0.785398163397436);
#370=CONICAL_SURFACE('',#3245,0.0285,1.01914134426635);
#371=CONICAL_SURFACE('',#3248,0.001,0.785398163397448);
#372=CONICAL_SURFACE('',#3253,0.0295,1.0471975511966);
#373=CONICAL_SURFACE('',#3254,0.0295,1.0471975511966);
#374=CONICAL_SURFACE('',#3255,0.0295,1.0471975511966);
#375=CONICAL_SURFACE('',#3256,0.0295,1.0471975511966);
#376=CONICAL_SURFACE('',#3261,0.0200062177826491,1.0471975511966);
#377=CONICAL_SURFACE('',#3262,0.0200062177826491,1.0471975511966);
#378=CONICAL_SURFACE('',#3263,0.0200062177826491,1.0471975511966);
#379=CONICAL_SURFACE('',#3264,0.0200062177826491,1.0471975511966);
#380=CONICAL_SURFACE('',#3272,0.0209,0.785398163397448);
#381=CONICAL_SURFACE('',#3273,0.0236,0.785398163397448);
#382=CONICAL_SURFACE('',#3296,0.0172,0.785398163397446);
#383=CONICAL_SURFACE('',#3298,0.0172,0.785398163397446);
#384=CONICAL_SURFACE('',#3300,0.0172,0.785398163397446);
#385=CONICAL_SURFACE('',#3302,0.0167,0.785398163397446);
#386=CONICAL_SURFACE('',#3303,0.0167,0.785398163397446);
#387=CONICAL_SURFACE('',#3304,0.0167,0.785398163397446);
#388=CONICAL_SURFACE('',#3344,0.01505,0.785398163397452);
#389=CONICAL_SURFACE('',#3346,0.01555,0.785398163397452);
#390=CONICAL_SURFACE('',#3356,0.01555,0.785398163397445);
#391=CONICAL_SURFACE('',#3357,0.01485,0.785398163397463);
#392=CONICAL_SURFACE('',#3358,0.01545,0.78539816339748);
#393=CONICAL_SURFACE('',#3359,0.01515,0.785398163397462);
#394=CONICAL_SURFACE('',#3360,0.01665,0.785398163397462);
#395=CONICAL_SURFACE('',#3361,0.01655,0.785398163397462);
#396=CONICAL_SURFACE('',#3375,0.0165,0.785398163397463);
#397=CONICAL_SURFACE('',#3376,0.0166,0.785398163397463);
#398=CONICAL_SURFACE('',#3377,0.015,0.785398163397429);
#399=CONICAL_SURFACE('',#3378,0.0151,0.785398163397429);
#400=CYLINDRICAL_SURFACE('',#2990,0.015);
#401=CYLINDRICAL_SURFACE('',#2992,0.0166);
#402=CYLINDRICAL_SURFACE('',#2998,0.0157);
#403=CYLINDRICAL_SURFACE('',#3007,0.02);
#404=CYLINDRICAL_SURFACE('',#3010,0.02);
#405=CYLINDRICAL_SURFACE('',#3013,0.02);
#406=CYLINDRICAL_SURFACE('',#3018,0.0194);
#407=CYLINDRICAL_SURFACE('',#3022,0.0194);
#408=CYLINDRICAL_SURFACE('',#3027,0.0194);
#409=CYLINDRICAL_SURFACE('',#3029,0.02);
#410=CYLINDRICAL_SURFACE('',#3032,0.0285);
#411=CYLINDRICAL_SURFACE('',#3035,0.0285);
#412=CYLINDRICAL_SURFACE('',#3038,0.0285);
#413=CYLINDRICAL_SURFACE('',#3044,0.0295);
#414=CYLINDRICAL_SURFACE('',#3048,0.0295);
#415=CYLINDRICAL_SURFACE('',#3052,0.0295);
#416=CYLINDRICAL_SURFACE('',#3054,0.0285);
#417=CYLINDRICAL_SURFACE('',#3056,0.026);
#418=CYLINDRICAL_SURFACE('',#3059,0.0252);
#419=CYLINDRICAL_SURFACE('',#3061,0.026);
#420=CYLINDRICAL_SURFACE('',#3064,0.0252);
#421=CYLINDRICAL_SURFACE('',#3066,0.026);
#422=CYLINDRICAL_SURFACE('',#3069,0.0252);
#423=CYLINDRICAL_SURFACE('',#3075,0.0167);
#424=CYLINDRICAL_SURFACE('',#3078,0.0325);
#425=CYLINDRICAL_SURFACE('',#3081,0.0157);
#426=CYLINDRICAL_SURFACE('',#3086,0.0167);
#427=CYLINDRICAL_SURFACE('',#3099,0.0285);
#428=CYLINDRICAL_SURFACE('',#3103,0.02);
#429=CYLINDRICAL_SURFACE('',#3110,0.015);
#430=CYLINDRICAL_SURFACE('',#3116,0.01);
#431=CYLINDRICAL_SURFACE('',#3121,0.01);
#432=CYLINDRICAL_SURFACE('',#3126,0.01);
#433=CYLINDRICAL_SURFACE('',#3131,0.01);
#434=CYLINDRICAL_SURFACE('',#3136,0.01);
#435=CYLINDRICAL_SURFACE('',#3141,0.01);
#436=CYLINDRICAL_SURFACE('',#3146,0.01);
#437=CYLINDRICAL_SURFACE('',#3151,0.01);
#438=CYLINDRICAL_SURFACE('',#3156,0.01);
#439=CYLINDRICAL_SURFACE('',#3161,0.01);
#440=CYLINDRICAL_SURFACE('',#3166,0.01);
#441=CYLINDRICAL_SURFACE('',#3171,0.01);
#442=CYLINDRICAL_SURFACE('',#3176,0.01);
#443=CYLINDRICAL_SURFACE('',#3181,0.01);
#444=CYLINDRICAL_SURFACE('',#3186,0.01);
#445=CYLINDRICAL_SURFACE('',#3191,0.01);
#446=CYLINDRICAL_SURFACE('',#3196,0.01);
#447=CYLINDRICAL_SURFACE('',#3201,0.01);
#448=CYLINDRICAL_SURFACE('',#3206,0.01);
#449=CYLINDRICAL_SURFACE('',#3211,0.01);
#450=CYLINDRICAL_SURFACE('',#3216,0.0172);
#451=CYLINDRICAL_SURFACE('',#3222,0.026);
#452=CYLINDRICAL_SURFACE('',#3226,0.0252);
#453=CYLINDRICAL_SURFACE('',#3237,0.0271999999999992);
#454=CYLINDRICAL_SURFACE('',#3249,0.0295);
#455=CYLINDRICAL_SURFACE('',#3257,0.0194);
#456=CYLINDRICAL_SURFACE('',#3265,0.0209);
#457=CYLINDRICAL_SURFACE('',#3267,0.0242);
#458=CYLINDRICAL_SURFACE('',#3275,0.01475);
#459=CYLINDRICAL_SURFACE('',#3305,0.01665);
#460=CYLINDRICAL_SURFACE('',#3348,0.01515);
#461=CYLINDRICAL_SURFACE('',#3350,0.01555);
#462=CYLINDRICAL_SURFACE('',#3363,0.015);
#463=CYLINDRICAL_SURFACE('',#3366,0.0166);
#464=ORIENTED_EDGE('',*,*,#1190,.F.);
#465=ORIENTED_EDGE('',*,*,#1191,.T.);
#466=ORIENTED_EDGE('',*,*,#1192,.T.);
#467=ORIENTED_EDGE('',*,*,#1190,.T.);
#468=ORIENTED_EDGE('',*,*,#1193,.T.);
#469=ORIENTED_EDGE('',*,*,#1194,.F.);
#470=ORIENTED_EDGE('',*,*,#1195,.T.);
#471=ORIENTED_EDGE('',*,*,#1196,.T.);
#472=ORIENTED_EDGE('',*,*,#1197,.T.);
#473=ORIENTED_EDGE('',*,*,#1191,.F.);
#474=ORIENTED_EDGE('',*,*,#1197,.F.);
#475=ORIENTED_EDGE('',*,*,#1194,.T.);
#476=ORIENTED_EDGE('',*,*,#1195,.F.);
#477=ORIENTED_EDGE('',*,*,#1193,.F.);
#478=ORIENTED_EDGE('',*,*,#1192,.F.);
#479=ORIENTED_EDGE('',*,*,#1196,.F.);
#480=ORIENTED_EDGE('',*,*,#1198,.T.);
#481=ORIENTED_EDGE('',*,*,#1199,.T.);
#482=ORIENTED_EDGE('',*,*,#1200,.T.);
#483=ORIENTED_EDGE('',*,*,#1201,.T.);
#484=ORIENTED_EDGE('',*,*,#1202,.T.);
#485=ORIENTED_EDGE('',*,*,#1203,.T.);
#486=ORIENTED_EDGE('',*,*,#1204,.T.);
#487=ORIENTED_EDGE('',*,*,#1205,.T.);
#488=ORIENTED_EDGE('',*,*,#1203,.F.);
#489=ORIENTED_EDGE('',*,*,#1206,.F.);
#490=ORIENTED_EDGE('',*,*,#1207,.T.);
#491=ORIENTED_EDGE('',*,*,#1206,.T.);
#492=ORIENTED_EDGE('',*,*,#1201,.F.);
#493=ORIENTED_EDGE('',*,*,#1208,.F.);
#494=ORIENTED_EDGE('',*,*,#1209,.T.);
#495=ORIENTED_EDGE('',*,*,#1208,.T.);
#496=ORIENTED_EDGE('',*,*,#1210,.F.);
#497=ORIENTED_EDGE('',*,*,#1211,.F.);
#498=ORIENTED_EDGE('',*,*,#1212,.T.);
#499=ORIENTED_EDGE('',*,*,#1211,.T.);
#500=ORIENTED_EDGE('',*,*,#1213,.T.);
#501=ORIENTED_EDGE('',*,*,#1214,.T.);
#502=ORIENTED_EDGE('',*,*,#1215,.T.);
#503=ORIENTED_EDGE('',*,*,#1216,.T.);
#504=ORIENTED_EDGE('',*,*,#1217,.T.);
#505=ORIENTED_EDGE('',*,*,#1218,.T.);
#506=ORIENTED_EDGE('',*,*,#1219,.T.);
#507=ORIENTED_EDGE('',*,*,#1220,.T.);
#508=ORIENTED_EDGE('',*,*,#1221,.F.);
#509=ORIENTED_EDGE('',*,*,#1222,.T.);
#510=ORIENTED_EDGE('',*,*,#1223,.T.);
#511=ORIENTED_EDGE('',*,*,#1222,.F.);
#512=ORIENTED_EDGE('',*,*,#1216,.F.);
#513=ORIENTED_EDGE('',*,*,#1224,.T.);
#514=ORIENTED_EDGE('',*,*,#1225,.T.);
#515=ORIENTED_EDGE('',*,*,#1224,.F.);
#516=ORIENTED_EDGE('',*,*,#1218,.F.);
#517=ORIENTED_EDGE('',*,*,#1226,.T.);
#518=ORIENTED_EDGE('',*,*,#1227,.T.);
#519=ORIENTED_EDGE('',*,*,#1226,.F.);
#520=ORIENTED_EDGE('',*,*,#1221,.T.);
#521=ORIENTED_EDGE('',*,*,#1228,.T.);
#522=ORIENTED_EDGE('',*,*,#1229,.T.);
#523=ORIENTED_EDGE('',*,*,#1230,.T.);
#524=ORIENTED_EDGE('',*,*,#1231,.T.);
#525=ORIENTED_EDGE('',*,*,#1232,.F.);
#526=ORIENTED_EDGE('',*,*,#1233,.T.);
#527=ORIENTED_EDGE('',*,*,#1234,.F.);
#528=ORIENTED_EDGE('',*,*,#1235,.T.);
#529=ORIENTED_EDGE('',*,*,#1232,.T.);
#530=ORIENTED_EDGE('',*,*,#1236,.T.);
#531=ORIENTED_EDGE('',*,*,#1237,.F.);
#532=ORIENTED_EDGE('',*,*,#1238,.T.);
#533=ORIENTED_EDGE('',*,*,#1234,.T.);
#534=ORIENTED_EDGE('',*,*,#1239,.T.);
#535=ORIENTED_EDGE('',*,*,#1240,.F.);
#536=ORIENTED_EDGE('',*,*,#1241,.T.);
#537=ORIENTED_EDGE('',*,*,#1237,.T.);
#538=ORIENTED_EDGE('',*,*,#1242,.T.);
#539=ORIENTED_EDGE('',*,*,#1243,.T.);
#540=ORIENTED_EDGE('',*,*,#1244,.T.);
#541=ORIENTED_EDGE('',*,*,#1245,.T.);
#542=ORIENTED_EDGE('',*,*,#1246,.F.);
#543=ORIENTED_EDGE('',*,*,#1247,.T.);
#544=ORIENTED_EDGE('',*,*,#1248,.F.);
#545=ORIENTED_EDGE('',*,*,#1249,.T.);
#546=ORIENTED_EDGE('',*,*,#1246,.T.);
#547=ORIENTED_EDGE('',*,*,#1250,.T.);
#548=ORIENTED_EDGE('',*,*,#1251,.F.);
#549=ORIENTED_EDGE('',*,*,#1252,.T.);
#550=ORIENTED_EDGE('',*,*,#1248,.T.);
#551=ORIENTED_EDGE('',*,*,#1253,.T.);
#552=ORIENTED_EDGE('',*,*,#1230,.F.);
#553=ORIENTED_EDGE('',*,*,#1254,.T.);
#554=ORIENTED_EDGE('',*,*,#1251,.T.);
#555=ORIENTED_EDGE('',*,*,#1255,.T.);
#556=ORIENTED_EDGE('',*,*,#1256,.T.);
#557=ORIENTED_EDGE('',*,*,#1257,.T.);
#558=ORIENTED_EDGE('',*,*,#1258,.T.);
#559=ORIENTED_EDGE('',*,*,#1259,.F.);
#560=ORIENTED_EDGE('',*,*,#1260,.T.);
#561=ORIENTED_EDGE('',*,*,#1261,.F.);
#562=ORIENTED_EDGE('',*,*,#1262,.T.);
#563=ORIENTED_EDGE('',*,*,#1259,.T.);
#564=ORIENTED_EDGE('',*,*,#1263,.T.);
#565=ORIENTED_EDGE('',*,*,#1264,.F.);
#566=ORIENTED_EDGE('',*,*,#1265,.T.);
#567=ORIENTED_EDGE('',*,*,#1261,.T.);
#568=ORIENTED_EDGE('',*,*,#1266,.T.);
#569=ORIENTED_EDGE('',*,*,#1244,.F.);
#570=ORIENTED_EDGE('',*,*,#1267,.T.);
#571=ORIENTED_EDGE('',*,*,#1264,.T.);
#572=ORIENTED_EDGE('',*,*,#1268,.T.);
#573=ORIENTED_EDGE('',*,*,#1269,.F.);
#574=ORIENTED_EDGE('',*,*,#1231,.F.);
#575=ORIENTED_EDGE('',*,*,#1255,.F.);
#576=ORIENTED_EDGE('',*,*,#1253,.F.);
#577=ORIENTED_EDGE('',*,*,#1250,.F.);
#578=ORIENTED_EDGE('',*,*,#1245,.F.);
#579=ORIENTED_EDGE('',*,*,#1268,.F.);
#580=ORIENTED_EDGE('',*,*,#1266,.F.);
#581=ORIENTED_EDGE('',*,*,#1263,.F.);
#582=ORIENTED_EDGE('',*,*,#1258,.F.);
#583=ORIENTED_EDGE('',*,*,#1270,.F.);
#584=ORIENTED_EDGE('',*,*,#1271,.F.);
#585=ORIENTED_EDGE('',*,*,#1272,.F.);
#586=ORIENTED_EDGE('',*,*,#1273,.F.);
#587=ORIENTED_EDGE('',*,*,#1242,.F.);
#588=ORIENTED_EDGE('',*,*,#1239,.F.);
#589=ORIENTED_EDGE('',*,*,#1236,.F.);
#590=ORIENTED_EDGE('',*,*,#1274,.T.);
#591=ORIENTED_EDGE('',*,*,#1275,.T.);
#592=ORIENTED_EDGE('',*,*,#1276,.T.);
#593=ORIENTED_EDGE('',*,*,#1277,.T.);
#594=ORIENTED_EDGE('',*,*,#1278,.F.);
#595=ORIENTED_EDGE('',*,*,#1279,.T.);
#596=ORIENTED_EDGE('',*,*,#1280,.F.);
#597=ORIENTED_EDGE('',*,*,#1281,.T.);
#598=ORIENTED_EDGE('',*,*,#1282,.F.);
#599=ORIENTED_EDGE('',*,*,#1283,.T.);
#600=ORIENTED_EDGE('',*,*,#1284,.F.);
#601=ORIENTED_EDGE('',*,*,#1285,.T.);
#602=ORIENTED_EDGE('',*,*,#1286,.F.);
#603=ORIENTED_EDGE('',*,*,#1287,.T.);
#604=ORIENTED_EDGE('',*,*,#1288,.F.);
#605=ORIENTED_EDGE('',*,*,#1289,.T.);
#606=ORIENTED_EDGE('',*,*,#1290,.F.);
#607=ORIENTED_EDGE('',*,*,#1291,.T.);
#608=ORIENTED_EDGE('',*,*,#1292,.F.);
#609=ORIENTED_EDGE('',*,*,#1293,.T.);
#610=ORIENTED_EDGE('',*,*,#1294,.F.);
#611=ORIENTED_EDGE('',*,*,#1295,.T.);
#612=ORIENTED_EDGE('',*,*,#1296,.F.);
#613=ORIENTED_EDGE('',*,*,#1297,.T.);
#614=ORIENTED_EDGE('',*,*,#1298,.F.);
#615=ORIENTED_EDGE('',*,*,#1299,.T.);
#616=ORIENTED_EDGE('',*,*,#1300,.F.);
#617=ORIENTED_EDGE('',*,*,#1301,.T.);
#618=ORIENTED_EDGE('',*,*,#1302,.F.);
#619=ORIENTED_EDGE('',*,*,#1303,.T.);
#620=ORIENTED_EDGE('',*,*,#1304,.F.);
#621=ORIENTED_EDGE('',*,*,#1305,.T.);
#622=ORIENTED_EDGE('',*,*,#1306,.F.);
#623=ORIENTED_EDGE('',*,*,#1307,.T.);
#624=ORIENTED_EDGE('',*,*,#1308,.F.);
#625=ORIENTED_EDGE('',*,*,#1309,.T.);
#626=ORIENTED_EDGE('',*,*,#1310,.F.);
#627=ORIENTED_EDGE('',*,*,#1311,.T.);
#628=ORIENTED_EDGE('',*,*,#1312,.F.);
#629=ORIENTED_EDGE('',*,*,#1313,.T.);
#630=ORIENTED_EDGE('',*,*,#1314,.F.);
#631=ORIENTED_EDGE('',*,*,#1315,.T.);
#632=ORIENTED_EDGE('',*,*,#1316,.F.);
#633=ORIENTED_EDGE('',*,*,#1317,.T.);
#634=ORIENTED_EDGE('',*,*,#1318,.F.);
#635=ORIENTED_EDGE('',*,*,#1319,.T.);
#636=ORIENTED_EDGE('',*,*,#1320,.F.);
#637=ORIENTED_EDGE('',*,*,#1321,.T.);
#638=ORIENTED_EDGE('',*,*,#1322,.F.);
#639=ORIENTED_EDGE('',*,*,#1323,.T.);
#640=ORIENTED_EDGE('',*,*,#1324,.F.);
#641=ORIENTED_EDGE('',*,*,#1325,.T.);
#642=ORIENTED_EDGE('',*,*,#1326,.F.);
#643=ORIENTED_EDGE('',*,*,#1327,.T.);
#644=ORIENTED_EDGE('',*,*,#1328,.F.);
#645=ORIENTED_EDGE('',*,*,#1329,.T.);
#646=ORIENTED_EDGE('',*,*,#1330,.F.);
#647=ORIENTED_EDGE('',*,*,#1331,.T.);
#648=ORIENTED_EDGE('',*,*,#1332,.F.);
#649=ORIENTED_EDGE('',*,*,#1333,.T.);
#650=ORIENTED_EDGE('',*,*,#1334,.F.);
#651=ORIENTED_EDGE('',*,*,#1335,.T.);
#652=ORIENTED_EDGE('',*,*,#1336,.F.);
#653=ORIENTED_EDGE('',*,*,#1337,.T.);
#654=ORIENTED_EDGE('',*,*,#1338,.F.);
#655=ORIENTED_EDGE('',*,*,#1339,.T.);
#656=ORIENTED_EDGE('',*,*,#1340,.F.);
#657=ORIENTED_EDGE('',*,*,#1341,.T.);
#658=ORIENTED_EDGE('',*,*,#1342,.F.);
#659=ORIENTED_EDGE('',*,*,#1343,.T.);
#660=ORIENTED_EDGE('',*,*,#1344,.F.);
#661=ORIENTED_EDGE('',*,*,#1345,.T.);
#662=ORIENTED_EDGE('',*,*,#1346,.F.);
#663=ORIENTED_EDGE('',*,*,#1347,.T.);
#664=ORIENTED_EDGE('',*,*,#1348,.F.);
#665=ORIENTED_EDGE('',*,*,#1349,.T.);
#666=ORIENTED_EDGE('',*,*,#1350,.F.);
#667=ORIENTED_EDGE('',*,*,#1351,.T.);
#668=ORIENTED_EDGE('',*,*,#1352,.F.);
#669=ORIENTED_EDGE('',*,*,#1353,.T.);
#670=ORIENTED_EDGE('',*,*,#1354,.F.);
#671=ORIENTED_EDGE('',*,*,#1355,.T.);
#672=ORIENTED_EDGE('',*,*,#1356,.F.);
#673=ORIENTED_EDGE('',*,*,#1357,.T.);
#674=ORIENTED_EDGE('',*,*,#1358,.T.);
#675=ORIENTED_EDGE('',*,*,#1359,.T.);
#676=ORIENTED_EDGE('',*,*,#1360,.T.);
#677=ORIENTED_EDGE('',*,*,#1275,.F.);
#678=ORIENTED_EDGE('',*,*,#1361,.T.);
#679=ORIENTED_EDGE('',*,*,#1362,.T.);
#680=ORIENTED_EDGE('',*,*,#1363,.T.);
#681=ORIENTED_EDGE('',*,*,#1364,.F.);
#682=ORIENTED_EDGE('',*,*,#1365,.T.);
#683=ORIENTED_EDGE('',*,*,#1364,.T.);
#684=ORIENTED_EDGE('',*,*,#1366,.F.);
#685=ORIENTED_EDGE('',*,*,#1367,.T.);
#686=ORIENTED_EDGE('',*,*,#1368,.T.);
#687=ORIENTED_EDGE('',*,*,#1369,.T.);
#688=ORIENTED_EDGE('',*,*,#1370,.T.);
#689=ORIENTED_EDGE('',*,*,#1371,.T.);
#690=ORIENTED_EDGE('',*,*,#1372,.T.);
#691=ORIENTED_EDGE('',*,*,#1373,.T.);
#692=ORIENTED_EDGE('',*,*,#1374,.T.);
#693=ORIENTED_EDGE('',*,*,#1375,.T.);
#694=ORIENTED_EDGE('',*,*,#1376,.F.);
#695=ORIENTED_EDGE('',*,*,#1377,.T.);
#696=ORIENTED_EDGE('',*,*,#1210,.T.);
#697=ORIENTED_EDGE('',*,*,#1378,.T.);
#698=ORIENTED_EDGE('',*,*,#1379,.F.);
#699=ORIENTED_EDGE('',*,*,#1379,.T.);
#700=ORIENTED_EDGE('',*,*,#1380,.F.);
#701=ORIENTED_EDGE('',*,*,#1381,.T.);
#702=ORIENTED_EDGE('',*,*,#1380,.T.);
#703=ORIENTED_EDGE('',*,*,#1382,.T.);
#704=ORIENTED_EDGE('',*,*,#1359,.F.);
#705=ORIENTED_EDGE('',*,*,#1365,.F.);
#706=ORIENTED_EDGE('',*,*,#1276,.F.);
#707=ORIENTED_EDGE('',*,*,#1277,.F.);
#708=ORIENTED_EDGE('',*,*,#1371,.F.);
#709=ORIENTED_EDGE('',*,*,#1278,.T.);
#710=ORIENTED_EDGE('',*,*,#1383,.T.);
#711=ORIENTED_EDGE('',*,*,#1280,.T.);
#712=ORIENTED_EDGE('',*,*,#1384,.T.);
#713=ORIENTED_EDGE('',*,*,#1383,.F.);
#714=ORIENTED_EDGE('',*,*,#1281,.F.);
#715=ORIENTED_EDGE('',*,*,#1384,.F.);
#716=ORIENTED_EDGE('',*,*,#1279,.F.);
#717=ORIENTED_EDGE('',*,*,#1282,.T.);
#718=ORIENTED_EDGE('',*,*,#1385,.T.);
#719=ORIENTED_EDGE('',*,*,#1284,.T.);
#720=ORIENTED_EDGE('',*,*,#1386,.T.);
#721=ORIENTED_EDGE('',*,*,#1385,.F.);
#722=ORIENTED_EDGE('',*,*,#1285,.F.);
#723=ORIENTED_EDGE('',*,*,#1386,.F.);
#724=ORIENTED_EDGE('',*,*,#1283,.F.);
#725=ORIENTED_EDGE('',*,*,#1286,.T.);
#726=ORIENTED_EDGE('',*,*,#1387,.T.);
#727=ORIENTED_EDGE('',*,*,#1288,.T.);
#728=ORIENTED_EDGE('',*,*,#1388,.T.);
#729=ORIENTED_EDGE('',*,*,#1387,.F.);
#730=ORIENTED_EDGE('',*,*,#1289,.F.);
#731=ORIENTED_EDGE('',*,*,#1388,.F.);
#732=ORIENTED_EDGE('',*,*,#1287,.F.);
#733=ORIENTED_EDGE('',*,*,#1290,.T.);
#734=ORIENTED_EDGE('',*,*,#1389,.T.);
#735=ORIENTED_EDGE('',*,*,#1292,.T.);
#736=ORIENTED_EDGE('',*,*,#1390,.T.);
#737=ORIENTED_EDGE('',*,*,#1389,.F.);
#738=ORIENTED_EDGE('',*,*,#1293,.F.);
#739=ORIENTED_EDGE('',*,*,#1390,.F.);
#740=ORIENTED_EDGE('',*,*,#1291,.F.);
#741=ORIENTED_EDGE('',*,*,#1294,.T.);
#742=ORIENTED_EDGE('',*,*,#1391,.T.);
#743=ORIENTED_EDGE('',*,*,#1296,.T.);
#744=ORIENTED_EDGE('',*,*,#1392,.T.);
#745=ORIENTED_EDGE('',*,*,#1391,.F.);
#746=ORIENTED_EDGE('',*,*,#1297,.F.);
#747=ORIENTED_EDGE('',*,*,#1392,.F.);
#748=ORIENTED_EDGE('',*,*,#1295,.F.);
#749=ORIENTED_EDGE('',*,*,#1298,.T.);
#750=ORIENTED_EDGE('',*,*,#1393,.T.);
#751=ORIENTED_EDGE('',*,*,#1300,.T.);
#752=ORIENTED_EDGE('',*,*,#1394,.T.);
#753=ORIENTED_EDGE('',*,*,#1393,.F.);
#754=ORIENTED_EDGE('',*,*,#1301,.F.);
#755=ORIENTED_EDGE('',*,*,#1394,.F.);
#756=ORIENTED_EDGE('',*,*,#1299,.F.);
#757=ORIENTED_EDGE('',*,*,#1302,.T.);
#758=ORIENTED_EDGE('',*,*,#1395,.T.);
#759=ORIENTED_EDGE('',*,*,#1304,.T.);
#760=ORIENTED_EDGE('',*,*,#1396,.T.);
#761=ORIENTED_EDGE('',*,*,#1395,.F.);
#762=ORIENTED_EDGE('',*,*,#1305,.F.);
#763=ORIENTED_EDGE('',*,*,#1396,.F.);
#764=ORIENTED_EDGE('',*,*,#1303,.F.);
#765=ORIENTED_EDGE('',*,*,#1306,.T.);
#766=ORIENTED_EDGE('',*,*,#1397,.T.);
#767=ORIENTED_EDGE('',*,*,#1308,.T.);
#768=ORIENTED_EDGE('',*,*,#1398,.T.);
#769=ORIENTED_EDGE('',*,*,#1397,.F.);
#770=ORIENTED_EDGE('',*,*,#1309,.F.);
#771=ORIENTED_EDGE('',*,*,#1398,.F.);
#772=ORIENTED_EDGE('',*,*,#1307,.F.);
#773=ORIENTED_EDGE('',*,*,#1310,.T.);
#774=ORIENTED_EDGE('',*,*,#1399,.T.);
#775=ORIENTED_EDGE('',*,*,#1312,.T.);
#776=ORIENTED_EDGE('',*,*,#1400,.T.);
#777=ORIENTED_EDGE('',*,*,#1399,.F.);
#778=ORIENTED_EDGE('',*,*,#1313,.F.);
#779=ORIENTED_EDGE('',*,*,#1400,.F.);
#780=ORIENTED_EDGE('',*,*,#1311,.F.);
#781=ORIENTED_EDGE('',*,*,#1314,.T.);
#782=ORIENTED_EDGE('',*,*,#1401,.T.);
#783=ORIENTED_EDGE('',*,*,#1316,.T.);
#784=ORIENTED_EDGE('',*,*,#1402,.T.);
#785=ORIENTED_EDGE('',*,*,#1401,.F.);
#786=ORIENTED_EDGE('',*,*,#1317,.F.);
#787=ORIENTED_EDGE('',*,*,#1402,.F.);
#788=ORIENTED_EDGE('',*,*,#1315,.F.);
#789=ORIENTED_EDGE('',*,*,#1318,.T.);
#790=ORIENTED_EDGE('',*,*,#1403,.T.);
#791=ORIENTED_EDGE('',*,*,#1320,.T.);
#792=ORIENTED_EDGE('',*,*,#1404,.T.);
#793=ORIENTED_EDGE('',*,*,#1403,.F.);
#794=ORIENTED_EDGE('',*,*,#1321,.F.);
#795=ORIENTED_EDGE('',*,*,#1404,.F.);
#796=ORIENTED_EDGE('',*,*,#1319,.F.);
#797=ORIENTED_EDGE('',*,*,#1322,.T.);
#798=ORIENTED_EDGE('',*,*,#1405,.T.);
#799=ORIENTED_EDGE('',*,*,#1324,.T.);
#800=ORIENTED_EDGE('',*,*,#1406,.T.);
#801=ORIENTED_EDGE('',*,*,#1405,.F.);
#802=ORIENTED_EDGE('',*,*,#1325,.F.);
#803=ORIENTED_EDGE('',*,*,#1406,.F.);
#804=ORIENTED_EDGE('',*,*,#1323,.F.);
#805=ORIENTED_EDGE('',*,*,#1326,.T.);
#806=ORIENTED_EDGE('',*,*,#1407,.T.);
#807=ORIENTED_EDGE('',*,*,#1328,.T.);
#808=ORIENTED_EDGE('',*,*,#1408,.T.);
#809=ORIENTED_EDGE('',*,*,#1407,.F.);
#810=ORIENTED_EDGE('',*,*,#1329,.F.);
#811=ORIENTED_EDGE('',*,*,#1408,.F.);
#812=ORIENTED_EDGE('',*,*,#1327,.F.);
#813=ORIENTED_EDGE('',*,*,#1330,.T.);
#814=ORIENTED_EDGE('',*,*,#1409,.T.);
#815=ORIENTED_EDGE('',*,*,#1332,.T.);
#816=ORIENTED_EDGE('',*,*,#1410,.T.);
#817=ORIENTED_EDGE('',*,*,#1409,.F.);
#818=ORIENTED_EDGE('',*,*,#1333,.F.);
#819=ORIENTED_EDGE('',*,*,#1410,.F.);
#820=ORIENTED_EDGE('',*,*,#1331,.F.);
#821=ORIENTED_EDGE('',*,*,#1334,.T.);
#822=ORIENTED_EDGE('',*,*,#1411,.T.);
#823=ORIENTED_EDGE('',*,*,#1336,.T.);
#824=ORIENTED_EDGE('',*,*,#1412,.T.);
#825=ORIENTED_EDGE('',*,*,#1411,.F.);
#826=ORIENTED_EDGE('',*,*,#1337,.F.);
#827=ORIENTED_EDGE('',*,*,#1412,.F.);
#828=ORIENTED_EDGE('',*,*,#1335,.F.);
#829=ORIENTED_EDGE('',*,*,#1338,.T.);
#830=ORIENTED_EDGE('',*,*,#1413,.T.);
#831=ORIENTED_EDGE('',*,*,#1340,.T.);
#832=ORIENTED_EDGE('',*,*,#1414,.T.);
#833=ORIENTED_EDGE('',*,*,#1413,.F.);
#834=ORIENTED_EDGE('',*,*,#1341,.F.);
#835=ORIENTED_EDGE('',*,*,#1414,.F.);
#836=ORIENTED_EDGE('',*,*,#1339,.F.);
#837=ORIENTED_EDGE('',*,*,#1342,.T.);
#838=ORIENTED_EDGE('',*,*,#1415,.T.);
#839=ORIENTED_EDGE('',*,*,#1344,.T.);
#840=ORIENTED_EDGE('',*,*,#1416,.T.);
#841=ORIENTED_EDGE('',*,*,#1415,.F.);
#842=ORIENTED_EDGE('',*,*,#1345,.F.);
#843=ORIENTED_EDGE('',*,*,#1416,.F.);
#844=ORIENTED_EDGE('',*,*,#1343,.F.);
#845=ORIENTED_EDGE('',*,*,#1346,.T.);
#846=ORIENTED_EDGE('',*,*,#1417,.T.);
#847=ORIENTED_EDGE('',*,*,#1348,.T.);
#848=ORIENTED_EDGE('',*,*,#1418,.T.);
#849=ORIENTED_EDGE('',*,*,#1417,.F.);
#850=ORIENTED_EDGE('',*,*,#1349,.F.);
#851=ORIENTED_EDGE('',*,*,#1418,.F.);
#852=ORIENTED_EDGE('',*,*,#1347,.F.);
#853=ORIENTED_EDGE('',*,*,#1350,.T.);
#854=ORIENTED_EDGE('',*,*,#1419,.T.);
#855=ORIENTED_EDGE('',*,*,#1352,.T.);
#856=ORIENTED_EDGE('',*,*,#1420,.T.);
#857=ORIENTED_EDGE('',*,*,#1419,.F.);
#858=ORIENTED_EDGE('',*,*,#1353,.F.);
#859=ORIENTED_EDGE('',*,*,#1420,.F.);
#860=ORIENTED_EDGE('',*,*,#1351,.F.);
#861=ORIENTED_EDGE('',*,*,#1354,.T.);
#862=ORIENTED_EDGE('',*,*,#1421,.T.);
#863=ORIENTED_EDGE('',*,*,#1356,.T.);
#864=ORIENTED_EDGE('',*,*,#1422,.T.);
#865=ORIENTED_EDGE('',*,*,#1421,.F.);
#866=ORIENTED_EDGE('',*,*,#1357,.F.);
#867=ORIENTED_EDGE('',*,*,#1422,.F.);
#868=ORIENTED_EDGE('',*,*,#1355,.F.);
#869=ORIENTED_EDGE('',*,*,#1423,.F.);
#870=ORIENTED_EDGE('',*,*,#1424,.T.);
#871=ORIENTED_EDGE('',*,*,#1274,.F.);
#872=ORIENTED_EDGE('',*,*,#1423,.T.);
#873=ORIENTED_EDGE('',*,*,#1424,.F.);
#874=ORIENTED_EDGE('',*,*,#1362,.F.);
#875=ORIENTED_EDGE('',*,*,#1361,.F.);
#876=ORIENTED_EDGE('',*,*,#1363,.F.);
#877=ORIENTED_EDGE('',*,*,#1425,.T.);
#878=ORIENTED_EDGE('',*,*,#1240,.T.);
#879=ORIENTED_EDGE('',*,*,#1273,.T.);
#880=ORIENTED_EDGE('',*,*,#1426,.F.);
#881=ORIENTED_EDGE('',*,*,#1427,.T.);
#882=ORIENTED_EDGE('',*,*,#1428,.T.);
#883=ORIENTED_EDGE('',*,*,#1425,.F.);
#884=ORIENTED_EDGE('',*,*,#1256,.F.);
#885=ORIENTED_EDGE('',*,*,#1243,.F.);
#886=ORIENTED_EDGE('',*,*,#1229,.F.);
#887=ORIENTED_EDGE('',*,*,#1429,.F.);
#888=ORIENTED_EDGE('',*,*,#1430,.T.);
#889=ORIENTED_EDGE('',*,*,#1431,.T.);
#890=ORIENTED_EDGE('',*,*,#1271,.T.);
#891=ORIENTED_EDGE('',*,*,#1257,.F.);
#892=ORIENTED_EDGE('',*,*,#1432,.T.);
#893=ORIENTED_EDGE('',*,*,#1429,.T.);
#894=ORIENTED_EDGE('',*,*,#1270,.T.);
#895=ORIENTED_EDGE('',*,*,#1431,.F.);
#896=ORIENTED_EDGE('',*,*,#1433,.T.);
#897=ORIENTED_EDGE('',*,*,#1426,.T.);
#898=ORIENTED_EDGE('',*,*,#1272,.T.);
#899=ORIENTED_EDGE('',*,*,#1241,.F.);
#900=ORIENTED_EDGE('',*,*,#1233,.F.);
#901=ORIENTED_EDGE('',*,*,#1235,.F.);
#902=ORIENTED_EDGE('',*,*,#1238,.F.);
#903=ORIENTED_EDGE('',*,*,#1254,.F.);
#904=ORIENTED_EDGE('',*,*,#1247,.F.);
#905=ORIENTED_EDGE('',*,*,#1249,.F.);
#906=ORIENTED_EDGE('',*,*,#1252,.F.);
#907=ORIENTED_EDGE('',*,*,#1267,.F.);
#908=ORIENTED_EDGE('',*,*,#1260,.F.);
#909=ORIENTED_EDGE('',*,*,#1262,.F.);
#910=ORIENTED_EDGE('',*,*,#1265,.F.);
#911=ORIENTED_EDGE('',*,*,#1432,.F.);
#912=ORIENTED_EDGE('',*,*,#1427,.F.);
#913=ORIENTED_EDGE('',*,*,#1433,.F.);
#914=ORIENTED_EDGE('',*,*,#1430,.F.);
#915=ORIENTED_EDGE('',*,*,#1228,.F.);
#916=ORIENTED_EDGE('',*,*,#1428,.F.);
#917=ORIENTED_EDGE('',*,*,#1358,.F.);
#918=ORIENTED_EDGE('',*,*,#1360,.F.);
#919=ORIENTED_EDGE('',*,*,#1381,.F.);
#920=ORIENTED_EDGE('',*,*,#1382,.F.);
#921=ORIENTED_EDGE('',*,*,#1205,.F.);
#922=ORIENTED_EDGE('',*,*,#1378,.F.);
#923=ORIENTED_EDGE('',*,*,#1198,.F.);
#924=ORIENTED_EDGE('',*,*,#1213,.F.);
#925=ORIENTED_EDGE('',*,*,#1434,.T.);
#926=ORIENTED_EDGE('',*,*,#1435,.T.);
#927=ORIENTED_EDGE('',*,*,#1374,.F.);
#928=ORIENTED_EDGE('',*,*,#1436,.T.);
#929=ORIENTED_EDGE('',*,*,#1437,.T.);
#930=ORIENTED_EDGE('',*,*,#1438,.T.);
#931=ORIENTED_EDGE('',*,*,#1434,.F.);
#932=ORIENTED_EDGE('',*,*,#1439,.F.);
#933=ORIENTED_EDGE('',*,*,#1376,.T.);
#934=ORIENTED_EDGE('',*,*,#1440,.T.);
#935=ORIENTED_EDGE('',*,*,#1437,.F.);
#936=ORIENTED_EDGE('',*,*,#1441,.T.);
#937=ORIENTED_EDGE('',*,*,#1442,.F.);
#938=ORIENTED_EDGE('',*,*,#1370,.F.);
#939=ORIENTED_EDGE('',*,*,#1443,.F.);
#940=ORIENTED_EDGE('',*,*,#1438,.F.);
#941=ORIENTED_EDGE('',*,*,#1443,.T.);
#942=ORIENTED_EDGE('',*,*,#1369,.F.);
#943=ORIENTED_EDGE('',*,*,#1444,.F.);
#944=ORIENTED_EDGE('',*,*,#1435,.F.);
#945=ORIENTED_EDGE('',*,*,#1442,.T.);
#946=ORIENTED_EDGE('',*,*,#1440,.F.);
#947=ORIENTED_EDGE('',*,*,#1445,.F.);
#948=ORIENTED_EDGE('',*,*,#1367,.F.);
#949=ORIENTED_EDGE('',*,*,#1444,.T.);
#950=ORIENTED_EDGE('',*,*,#1368,.F.);
#951=ORIENTED_EDGE('',*,*,#1445,.T.);
#952=ORIENTED_EDGE('',*,*,#1375,.F.);
#953=ORIENTED_EDGE('',*,*,#1441,.F.);
#954=ORIENTED_EDGE('',*,*,#1439,.T.);
#955=ORIENTED_EDGE('',*,*,#1436,.F.);
#956=ORIENTED_EDGE('',*,*,#1373,.F.);
#957=ORIENTED_EDGE('',*,*,#1446,.T.);
#958=ORIENTED_EDGE('',*,*,#1366,.T.);
#959=ORIENTED_EDGE('',*,*,#1446,.F.);
#960=ORIENTED_EDGE('',*,*,#1447,.T.);
#961=ORIENTED_EDGE('',*,*,#1448,.F.);
#962=ORIENTED_EDGE('',*,*,#1220,.F.);
#963=ORIENTED_EDGE('',*,*,#1448,.T.);
#964=ORIENTED_EDGE('',*,*,#1215,.F.);
#965=ORIENTED_EDGE('',*,*,#1223,.F.);
#966=ORIENTED_EDGE('',*,*,#1217,.F.);
#967=ORIENTED_EDGE('',*,*,#1225,.F.);
#968=ORIENTED_EDGE('',*,*,#1219,.F.);
#969=ORIENTED_EDGE('',*,*,#1227,.F.);
#970=ORIENTED_EDGE('',*,*,#1372,.F.);
#971=ORIENTED_EDGE('',*,*,#1447,.F.);
#972=ORIENTED_EDGE('',*,*,#1449,.T.);
#973=ORIENTED_EDGE('',*,*,#1450,.T.);
#974=ORIENTED_EDGE('',*,*,#1214,.F.);
#975=ORIENTED_EDGE('',*,*,#1450,.F.);
#976=ORIENTED_EDGE('',*,*,#1207,.F.);
#977=ORIENTED_EDGE('',*,*,#1204,.F.);
#978=ORIENTED_EDGE('',*,*,#1209,.F.);
#979=ORIENTED_EDGE('',*,*,#1202,.F.);
#980=ORIENTED_EDGE('',*,*,#1212,.F.);
#981=ORIENTED_EDGE('',*,*,#1200,.F.);
#982=ORIENTED_EDGE('',*,*,#1449,.F.);
#983=ORIENTED_EDGE('',*,*,#1377,.F.);
#984=ORIENTED_EDGE('',*,*,#1451,.T.);
#985=ORIENTED_EDGE('',*,*,#1199,.F.);
#986=ORIENTED_EDGE('',*,*,#1452,.T.);
#987=ORIENTED_EDGE('',*,*,#1269,.T.);
#988=ORIENTED_EDGE('',*,*,#1453,.T.);
#989=ORIENTED_EDGE('',*,*,#1454,.T.);
#990=ORIENTED_EDGE('',*,*,#1453,.F.);
#991=ORIENTED_EDGE('',*,*,#1451,.F.);
#992=ORIENTED_EDGE('',*,*,#1452,.F.);
#993=ORIENTED_EDGE('',*,*,#1454,.F.);
#994=ORIENTED_EDGE('',*,*,#1455,.T.);
#995=ORIENTED_EDGE('',*,*,#1456,.T.);
#996=ORIENTED_EDGE('',*,*,#1457,.F.);
#997=ORIENTED_EDGE('',*,*,#1458,.T.);
#998=ORIENTED_EDGE('',*,*,#1459,.T.);
#999=ORIENTED_EDGE('',*,*,#1460,.T.);
#1000=ORIENTED_EDGE('',*,*,#1461,.F.);
#1001=ORIENTED_EDGE('',*,*,#1462,.T.);
#1002=ORIENTED_EDGE('',*,*,#1463,.T.);
#1003=ORIENTED_EDGE('',*,*,#1464,.T.);
#1004=ORIENTED_EDGE('',*,*,#1465,.F.);
#1005=ORIENTED_EDGE('',*,*,#1466,.T.);
#1006=ORIENTED_EDGE('',*,*,#1467,.T.);
#1007=ORIENTED_EDGE('',*,*,#1468,.T.);
#1008=ORIENTED_EDGE('',*,*,#1469,.T.);
#1009=ORIENTED_EDGE('',*,*,#1470,.T.);
#1010=ORIENTED_EDGE('',*,*,#1471,.T.);
#1011=ORIENTED_EDGE('',*,*,#1472,.T.);
#1012=ORIENTED_EDGE('',*,*,#1473,.T.);
#1013=ORIENTED_EDGE('',*,*,#1474,.T.);
#1014=ORIENTED_EDGE('',*,*,#1475,.T.);
#1015=ORIENTED_EDGE('',*,*,#1476,.T.);
#1016=ORIENTED_EDGE('',*,*,#1477,.T.);
#1017=ORIENTED_EDGE('',*,*,#1478,.T.);
#1018=ORIENTED_EDGE('',*,*,#1479,.T.);
#1019=ORIENTED_EDGE('',*,*,#1480,.T.);
#1020=ORIENTED_EDGE('',*,*,#1481,.F.);
#1021=ORIENTED_EDGE('',*,*,#1482,.T.);
#1022=ORIENTED_EDGE('',*,*,#1469,.F.);
#1023=ORIENTED_EDGE('',*,*,#1483,.T.);
#1024=ORIENTED_EDGE('',*,*,#1484,.F.);
#1025=ORIENTED_EDGE('',*,*,#1485,.T.);
#1026=ORIENTED_EDGE('',*,*,#1473,.F.);
#1027=ORIENTED_EDGE('',*,*,#1486,.T.);
#1028=ORIENTED_EDGE('',*,*,#1487,.F.);
#1029=ORIENTED_EDGE('',*,*,#1488,.T.);
#1030=ORIENTED_EDGE('',*,*,#1477,.F.);
#1031=ORIENTED_EDGE('',*,*,#1489,.T.);
#1032=ORIENTED_EDGE('',*,*,#1459,.F.);
#1033=ORIENTED_EDGE('',*,*,#1490,.T.);
#1034=ORIENTED_EDGE('',*,*,#1481,.T.);
#1035=ORIENTED_EDGE('',*,*,#1491,.T.);
#1036=ORIENTED_EDGE('',*,*,#1463,.F.);
#1037=ORIENTED_EDGE('',*,*,#1492,.T.);
#1038=ORIENTED_EDGE('',*,*,#1484,.T.);
#1039=ORIENTED_EDGE('',*,*,#1493,.T.);
#1040=ORIENTED_EDGE('',*,*,#1467,.F.);
#1041=ORIENTED_EDGE('',*,*,#1494,.T.);
#1042=ORIENTED_EDGE('',*,*,#1487,.T.);
#1043=ORIENTED_EDGE('',*,*,#1495,.T.);
#1044=ORIENTED_EDGE('',*,*,#1496,.T.);
#1045=ORIENTED_EDGE('',*,*,#1497,.T.);
#1046=ORIENTED_EDGE('',*,*,#1475,.F.);
#1047=ORIENTED_EDGE('',*,*,#1498,.T.);
#1048=ORIENTED_EDGE('',*,*,#1499,.F.);
#1049=ORIENTED_EDGE('',*,*,#1500,.T.);
#1050=ORIENTED_EDGE('',*,*,#1461,.T.);
#1051=ORIENTED_EDGE('',*,*,#1501,.T.);
#1052=ORIENTED_EDGE('',*,*,#1502,.T.);
#1053=ORIENTED_EDGE('',*,*,#1503,.T.);
#1054=ORIENTED_EDGE('',*,*,#1479,.F.);
#1055=ORIENTED_EDGE('',*,*,#1504,.T.);
#1056=ORIENTED_EDGE('',*,*,#1505,.F.);
#1057=ORIENTED_EDGE('',*,*,#1506,.T.);
#1058=ORIENTED_EDGE('',*,*,#1465,.T.);
#1059=ORIENTED_EDGE('',*,*,#1507,.T.);
#1060=ORIENTED_EDGE('',*,*,#1508,.T.);
#1061=ORIENTED_EDGE('',*,*,#1509,.T.);
#1062=ORIENTED_EDGE('',*,*,#1510,.F.);
#1063=ORIENTED_EDGE('',*,*,#1511,.T.);
#1064=ORIENTED_EDGE('',*,*,#1457,.T.);
#1065=ORIENTED_EDGE('',*,*,#1512,.T.);
#1066=ORIENTED_EDGE('',*,*,#1513,.T.);
#1067=ORIENTED_EDGE('',*,*,#1514,.T.);
#1068=ORIENTED_EDGE('',*,*,#1471,.F.);
#1069=ORIENTED_EDGE('',*,*,#1515,.T.);
#1070=ORIENTED_EDGE('',*,*,#1516,.T.);
#1071=ORIENTED_EDGE('',*,*,#1517,.T.);
#1072=ORIENTED_EDGE('',*,*,#1518,.T.);
#1073=ORIENTED_EDGE('',*,*,#1519,.T.);
#1074=ORIENTED_EDGE('',*,*,#1508,.F.);
#1075=ORIENTED_EDGE('',*,*,#1520,.T.);
#1076=ORIENTED_EDGE('',*,*,#1521,.T.);
#1077=ORIENTED_EDGE('',*,*,#1522,.T.);
#1078=ORIENTED_EDGE('',*,*,#1523,.T.);
#1079=ORIENTED_EDGE('',*,*,#1510,.T.);
#1080=ORIENTED_EDGE('',*,*,#1524,.T.);
#1081=ORIENTED_EDGE('',*,*,#1525,.T.);
#1082=ORIENTED_EDGE('',*,*,#1505,.T.);
#1083=ORIENTED_EDGE('',*,*,#1502,.F.);
#1084=ORIENTED_EDGE('',*,*,#1526,.T.);
#1085=ORIENTED_EDGE('',*,*,#1527,.T.);
#1086=ORIENTED_EDGE('',*,*,#1513,.F.);
#1087=ORIENTED_EDGE('',*,*,#1528,.T.);
#1088=ORIENTED_EDGE('',*,*,#1529,.T.);
#1089=ORIENTED_EDGE('',*,*,#1530,.T.);
#1090=ORIENTED_EDGE('',*,*,#1531,.T.);
#1091=ORIENTED_EDGE('',*,*,#1499,.T.);
#1092=ORIENTED_EDGE('',*,*,#1474,.F.);
#1093=ORIENTED_EDGE('',*,*,#1485,.F.);
#1094=ORIENTED_EDGE('',*,*,#1532,.F.);
#1095=ORIENTED_EDGE('',*,*,#1530,.F.);
#1096=ORIENTED_EDGE('',*,*,#1498,.F.);
#1097=ORIENTED_EDGE('',*,*,#1532,.T.);
#1098=ORIENTED_EDGE('',*,*,#1492,.F.);
#1099=ORIENTED_EDGE('',*,*,#1462,.F.);
#1100=ORIENTED_EDGE('',*,*,#1500,.F.);
#1101=ORIENTED_EDGE('',*,*,#1531,.F.);
#1102=ORIENTED_EDGE('',*,*,#1503,.F.);
#1103=ORIENTED_EDGE('',*,*,#1527,.F.);
#1104=ORIENTED_EDGE('',*,*,#1533,.F.);
#1105=ORIENTED_EDGE('',*,*,#1486,.F.);
#1106=ORIENTED_EDGE('',*,*,#1476,.F.);
#1107=ORIENTED_EDGE('',*,*,#1533,.T.);
#1108=ORIENTED_EDGE('',*,*,#1526,.F.);
#1109=ORIENTED_EDGE('',*,*,#1501,.F.);
#1110=ORIENTED_EDGE('',*,*,#1464,.F.);
#1111=ORIENTED_EDGE('',*,*,#1493,.F.);
#1112=ORIENTED_EDGE('',*,*,#1470,.F.);
#1113=ORIENTED_EDGE('',*,*,#1482,.F.);
#1114=ORIENTED_EDGE('',*,*,#1534,.F.);
#1115=ORIENTED_EDGE('',*,*,#1522,.F.);
#1116=ORIENTED_EDGE('',*,*,#1515,.F.);
#1117=ORIENTED_EDGE('',*,*,#1534,.T.);
#1118=ORIENTED_EDGE('',*,*,#1490,.F.);
#1119=ORIENTED_EDGE('',*,*,#1458,.F.);
#1120=ORIENTED_EDGE('',*,*,#1511,.F.);
#1121=ORIENTED_EDGE('',*,*,#1523,.F.);
#1122=ORIENTED_EDGE('',*,*,#1514,.F.);
#1123=ORIENTED_EDGE('',*,*,#1529,.F.);
#1124=ORIENTED_EDGE('',*,*,#1535,.F.);
#1125=ORIENTED_EDGE('',*,*,#1483,.F.);
#1126=ORIENTED_EDGE('',*,*,#1472,.F.);
#1127=ORIENTED_EDGE('',*,*,#1535,.T.);
#1128=ORIENTED_EDGE('',*,*,#1528,.F.);
#1129=ORIENTED_EDGE('',*,*,#1512,.F.);
#1130=ORIENTED_EDGE('',*,*,#1460,.F.);
#1131=ORIENTED_EDGE('',*,*,#1491,.F.);
#1132=ORIENTED_EDGE('',*,*,#1478,.F.);
#1133=ORIENTED_EDGE('',*,*,#1488,.F.);
#1134=ORIENTED_EDGE('',*,*,#1536,.F.);
#1135=ORIENTED_EDGE('',*,*,#1524,.F.);
#1136=ORIENTED_EDGE('',*,*,#1504,.F.);
#1137=ORIENTED_EDGE('',*,*,#1536,.T.);
#1138=ORIENTED_EDGE('',*,*,#1494,.F.);
#1139=ORIENTED_EDGE('',*,*,#1466,.F.);
#1140=ORIENTED_EDGE('',*,*,#1506,.F.);
#1141=ORIENTED_EDGE('',*,*,#1525,.F.);
#1142=ORIENTED_EDGE('',*,*,#1509,.F.);
#1143=ORIENTED_EDGE('',*,*,#1521,.F.);
#1144=ORIENTED_EDGE('',*,*,#1537,.F.);
#1145=ORIENTED_EDGE('',*,*,#1489,.F.);
#1146=ORIENTED_EDGE('',*,*,#1480,.F.);
#1147=ORIENTED_EDGE('',*,*,#1537,.T.);
#1148=ORIENTED_EDGE('',*,*,#1520,.F.);
#1149=ORIENTED_EDGE('',*,*,#1507,.F.);
#1150=ORIENTED_EDGE('',*,*,#1468,.F.);
#1151=ORIENTED_EDGE('',*,*,#1495,.F.);
#1152=ORIENTED_EDGE('',*,*,#1538,.F.);
#1153=ORIENTED_EDGE('',*,*,#1456,.F.);
#1154=ORIENTED_EDGE('',*,*,#1539,.T.);
#1155=ORIENTED_EDGE('',*,*,#1538,.T.);
#1156=ORIENTED_EDGE('',*,*,#1540,.T.);
#1157=ORIENTED_EDGE('',*,*,#1539,.F.);
#1158=ORIENTED_EDGE('',*,*,#1541,.T.);
#1159=ORIENTED_EDGE('',*,*,#1542,.T.);
#1160=ORIENTED_EDGE('',*,*,#1543,.T.);
#1161=ORIENTED_EDGE('',*,*,#1544,.T.);
#1162=ORIENTED_EDGE('',*,*,#1518,.F.);
#1163=ORIENTED_EDGE('',*,*,#1541,.F.);
#1164=ORIENTED_EDGE('',*,*,#1455,.F.);
#1165=ORIENTED_EDGE('',*,*,#1543,.F.);
#1166=ORIENTED_EDGE('',*,*,#1542,.F.);
#1167=ORIENTED_EDGE('',*,*,#1544,.F.);
#1168=ORIENTED_EDGE('',*,*,#1516,.F.);
#1169=ORIENTED_EDGE('',*,*,#1540,.F.);
#1170=ORIENTED_EDGE('',*,*,#1519,.F.);
#1171=ORIENTED_EDGE('',*,*,#1496,.F.);
#1172=ORIENTED_EDGE('',*,*,#1497,.F.);
#1173=ORIENTED_EDGE('',*,*,#1517,.F.);
#1174=ORIENTED_EDGE('',*,*,#1545,.T.);
#1175=ORIENTED_EDGE('',*,*,#1546,.T.);
#1176=ORIENTED_EDGE('',*,*,#1547,.T.);
#1177=ORIENTED_EDGE('',*,*,#1548,.T.);
#1178=ORIENTED_EDGE('',*,*,#1549,.T.);
#1179=ORIENTED_EDGE('',*,*,#1550,.T.);
#1180=ORIENTED_EDGE('',*,*,#1551,.T.);
#1181=ORIENTED_EDGE('',*,*,#1552,.T.);
#1182=ORIENTED_EDGE('',*,*,#1547,.F.);
#1183=ORIENTED_EDGE('',*,*,#1549,.F.);
#1184=ORIENTED_EDGE('',*,*,#1551,.F.);
#1185=ORIENTED_EDGE('',*,*,#1548,.F.);
#1186=ORIENTED_EDGE('',*,*,#1550,.F.);
#1187=ORIENTED_EDGE('',*,*,#1545,.F.);
#1188=ORIENTED_EDGE('',*,*,#1546,.F.);
#1189=ORIENTED_EDGE('',*,*,#1552,.F.);
#1190=EDGE_CURVE('',#1553,#1553,#1821,.T.);
#1191=EDGE_CURVE('',#1554,#1554,#1822,.T.);
#1192=EDGE_CURVE('',#1555,#1555,#1823,.F.);
#1193=EDGE_CURVE('',#1556,#1556,#1824,.T.);
#1194=EDGE_CURVE('',#1557,#1557,#1825,.T.);
#1195=EDGE_CURVE('',#1558,#1558,#1826,.F.);
#1196=EDGE_CURVE('',#1559,#1559,#1827,.T.);
#1197=EDGE_CURVE('',#1560,#1560,#1828,.T.);
#1198=EDGE_CURVE('',#1561,#1561,#1829,.F.);
#1199=EDGE_CURVE('',#1562,#1562,#1830,.T.);
#1200=EDGE_CURVE('',#1563,#1563,#1831,.T.);
#1201=EDGE_CURVE('',#1564,#1564,#1832,.F.);
#1202=EDGE_CURVE('',#1565,#1565,#1833,.T.);
#1203=EDGE_CURVE('',#1566,#1566,#1834,.F.);
#1204=EDGE_CURVE('',#1567,#1567,#1835,.T.);
#1205=EDGE_CURVE('',#1568,#1568,#1836,.F.);
#1206=EDGE_CURVE('',#1569,#1569,#1837,.T.);
#1207=EDGE_CURVE('',#1570,#1570,#1838,.F.);
#1208=EDGE_CURVE('',#1571,#1571,#1839,.T.);
#1209=EDGE_CURVE('',#1572,#1572,#1840,.F.);
#1210=EDGE_CURVE('',#1573,#1573,#1841,.F.);
#1211=EDGE_CURVE('',#1574,#1574,#1842,.T.);
#1212=EDGE_CURVE('',#1575,#1575,#1843,.F.);
#1213=EDGE_CURVE('',#1576,#1576,#1844,.T.);
#1214=EDGE_CURVE('',#1577,#1577,#1845,.F.);
#1215=EDGE_CURVE('',#1578,#1578,#1846,.T.);
#1216=EDGE_CURVE('',#1579,#1579,#1847,.T.);
#1217=EDGE_CURVE('',#1580,#1580,#1848,.T.);
#1218=EDGE_CURVE('',#1581,#1581,#1849,.T.);
#1219=EDGE_CURVE('',#1582,#1582,#1850,.T.);
#1220=EDGE_CURVE('',#1583,#1583,#1851,.T.);
#1221=EDGE_CURVE('',#1584,#1584,#1852,.T.);
#1222=EDGE_CURVE('',#1585,#1585,#1853,.T.);
#1223=EDGE_CURVE('',#1586,#1586,#1854,.T.);
#1224=EDGE_CURVE('',#1587,#1587,#1855,.T.);
#1225=EDGE_CURVE('',#1588,#1588,#1856,.T.);
#1226=EDGE_CURVE('',#1589,#1589,#1857,.T.);
#1227=EDGE_CURVE('',#1590,#1590,#1858,.T.);
#1228=EDGE_CURVE('',#1591,#1591,#1859,.F.);
#1229=EDGE_CURVE('',#1592,#1593,#1860,.T.);
#1230=EDGE_CURVE('',#1593,#1594,#330,.T.);
#1231=EDGE_CURVE('',#1594,#1595,#1861,.F.);
#1232=EDGE_CURVE('',#1596,#1595,#331,.T.);
#1233=EDGE_CURVE('',#1596,#1592,#142,.T.);
#1234=EDGE_CURVE('',#1597,#1598,#332,.T.);
#1235=EDGE_CURVE('',#1597,#1596,#62,.T.);
#1236=EDGE_CURVE('',#1595,#1598,#63,.T.);
#1237=EDGE_CURVE('',#1599,#1600,#333,.T.);
#1238=EDGE_CURVE('',#1599,#1597,#143,.T.);
#1239=EDGE_CURVE('',#1598,#1600,#1862,.F.);
#1240=EDGE_CURVE('',#1592,#1601,#334,.T.);
#1241=EDGE_CURVE('',#1592,#1599,#64,.T.);
#1242=EDGE_CURVE('',#1600,#1601,#65,.T.);
#1243=EDGE_CURVE('',#1593,#1602,#1863,.T.);
#1244=EDGE_CURVE('',#1602,#1603,#335,.T.);
#1245=EDGE_CURVE('',#1603,#1604,#1864,.F.);
#1246=EDGE_CURVE('',#1605,#1604,#336,.T.);
#1247=EDGE_CURVE('',#1605,#1593,#144,.T.);
#1248=EDGE_CURVE('',#1606,#1607,#337,.T.);
#1249=EDGE_CURVE('',#1606,#1605,#66,.T.);
#1250=EDGE_CURVE('',#1604,#1607,#67,.T.);
#1251=EDGE_CURVE('',#1608,#1609,#338,.T.);
#1252=EDGE_CURVE('',#1608,#1606,#145,.T.);
#1253=EDGE_CURVE('',#1607,#1609,#1865,.F.);
#1254=EDGE_CURVE('',#1593,#1608,#68,.T.);
#1255=EDGE_CURVE('',#1609,#1594,#69,.T.);
#1256=EDGE_CURVE('',#1602,#1610,#1866,.T.);
#1257=EDGE_CURVE('',#1610,#1611,#339,.T.);
#1258=EDGE_CURVE('',#1611,#1612,#1867,.F.);
#1259=EDGE_CURVE('',#1613,#1612,#340,.T.);
#1260=EDGE_CURVE('',#1613,#1602,#146,.T.);
#1261=EDGE_CURVE('',#1614,#1615,#341,.T.);
#1262=EDGE_CURVE('',#1614,#1613,#70,.T.);
#1263=EDGE_CURVE('',#1612,#1615,#71,.T.);
#1264=EDGE_CURVE('',#1616,#1617,#342,.T.);
#1265=EDGE_CURVE('',#1616,#1614,#147,.T.);
#1266=EDGE_CURVE('',#1615,#1617,#1868,.F.);
#1267=EDGE_CURVE('',#1602,#1616,#72,.T.);
#1268=EDGE_CURVE('',#1617,#1603,#73,.T.);
#1269=EDGE_CURVE('',#1618,#1618,#1869,.T.);
#1270=EDGE_CURVE('',#1619,#1611,#74,.T.);
#1271=EDGE_CURVE('',#1620,#1619,#1870,.F.);
#1272=EDGE_CURVE('',#1621,#1620,#75,.T.);
#1273=EDGE_CURVE('',#1601,#1621,#1871,.F.);
#1274=EDGE_CURVE('',#1622,#1622,#1872,.T.);
#1275=EDGE_CURVE('',#1623,#1623,#1873,.T.);
#1276=EDGE_CURVE('',#1624,#1624,#1874,.F.);
#1277=EDGE_CURVE('',#1625,#1625,#1875,.F.);
#1278=EDGE_CURVE('',#1626,#1627,#148,.T.);
#1279=EDGE_CURVE('',#1626,#1628,#76,.T.);
#1280=EDGE_CURVE('',#1629,#1628,#149,.F.);
#1281=EDGE_CURVE('',#1629,#1627,#77,.T.);
#1282=EDGE_CURVE('',#1630,#1631,#150,.T.);
#1283=EDGE_CURVE('',#1630,#1632,#78,.T.);
#1284=EDGE_CURVE('',#1633,#1632,#151,.F.);
#1285=EDGE_CURVE('',#1633,#1631,#79,.T.);
#1286=EDGE_CURVE('',#1634,#1635,#152,.T.);
#1287=EDGE_CURVE('',#1634,#1636,#80,.T.);
#1288=EDGE_CURVE('',#1637,#1636,#153,.F.);
#1289=EDGE_CURVE('',#1637,#1635,#81,.T.);
#1290=EDGE_CURVE('',#1638,#1639,#154,.T.);
#1291=EDGE_CURVE('',#1638,#1640,#82,.T.);
#1292=EDGE_CURVE('',#1641,#1640,#155,.F.);
#1293=EDGE_CURVE('',#1641,#1639,#83,.T.);
#1294=EDGE_CURVE('',#1642,#1643,#156,.T.);
#1295=EDGE_CURVE('',#1642,#1644,#84,.T.);
#1296=EDGE_CURVE('',#1645,#1644,#157,.F.);
#1297=EDGE_CURVE('',#1645,#1643,#85,.T.);
#1298=EDGE_CURVE('',#1646,#1647,#158,.T.);
#1299=EDGE_CURVE('',#1646,#1648,#86,.T.);
#1300=EDGE_CURVE('',#1649,#1648,#159,.F.);
#1301=EDGE_CURVE('',#1649,#1647,#87,.T.);
#1302=EDGE_CURVE('',#1650,#1651,#160,.T.);
#1303=EDGE_CURVE('',#1650,#1652,#88,.T.);
#1304=EDGE_CURVE('',#1653,#1652,#161,.F.);
#1305=EDGE_CURVE('',#1653,#1651,#89,.T.);
#1306=EDGE_CURVE('',#1654,#1655,#162,.T.);
#1307=EDGE_CURVE('',#1654,#1656,#90,.T.);
#1308=EDGE_CURVE('',#1657,#1656,#163,.F.);
#1309=EDGE_CURVE('',#1657,#1655,#91,.T.);
#1310=EDGE_CURVE('',#1658,#1659,#164,.T.);
#1311=EDGE_CURVE('',#1658,#1660,#92,.T.);
#1312=EDGE_CURVE('',#1661,#1660,#165,.F.);
#1313=EDGE_CURVE('',#1661,#1659,#93,.T.);
#1314=EDGE_CURVE('',#1662,#1663,#166,.T.);
#1315=EDGE_CURVE('',#1662,#1664,#94,.T.);
#1316=EDGE_CURVE('',#1665,#1664,#167,.F.);
#1317=EDGE_CURVE('',#1665,#1663,#95,.T.);
#1318=EDGE_CURVE('',#1666,#1667,#168,.T.);
#1319=EDGE_CURVE('',#1666,#1668,#96,.T.);
#1320=EDGE_CURVE('',#1669,#1668,#169,.F.);
#1321=EDGE_CURVE('',#1669,#1667,#97,.T.);
#1322=EDGE_CURVE('',#1670,#1671,#170,.T.);
#1323=EDGE_CURVE('',#1670,#1672,#98,.T.);
#1324=EDGE_CURVE('',#1673,#1672,#171,.F.);
#1325=EDGE_CURVE('',#1673,#1671,#99,.T.);
#1326=EDGE_CURVE('',#1674,#1675,#172,.T.);
#1327=EDGE_CURVE('',#1674,#1676,#100,.T.);
#1328=EDGE_CURVE('',#1677,#1676,#173,.F.);
#1329=EDGE_CURVE('',#1677,#1675,#101,.T.);
#1330=EDGE_CURVE('',#1678,#1679,#174,.T.);
#1331=EDGE_CURVE('',#1678,#1680,#102,.T.);
#1332=EDGE_CURVE('',#1681,#1680,#175,.F.);
#1333=EDGE_CURVE('',#1681,#1679,#103,.T.);
#1334=EDGE_CURVE('',#1682,#1683,#176,.T.);
#1335=EDGE_CURVE('',#1682,#1684,#104,.T.);
#1336=EDGE_CURVE('',#1685,#1684,#177,.F.);
#1337=EDGE_CURVE('',#1685,#1683,#105,.T.);
#1338=EDGE_CURVE('',#1686,#1687,#178,.T.);
#1339=EDGE_CURVE('',#1686,#1688,#106,.T.);
#1340=EDGE_CURVE('',#1689,#1688,#179,.F.);
#1341=EDGE_CURVE('',#1689,#1687,#107,.T.);
#1342=EDGE_CURVE('',#1690,#1691,#180,.T.);
#1343=EDGE_CURVE('',#1690,#1692,#108,.T.);
#1344=EDGE_CURVE('',#1693,#1692,#181,.F.);
#1345=EDGE_CURVE('',#1693,#1691,#109,.T.);
#1346=EDGE_CURVE('',#1694,#1695,#182,.T.);
#1347=EDGE_CURVE('',#1694,#1696,#110,.T.);
#1348=EDGE_CURVE('',#1697,#1696,#183,.F.);
#1349=EDGE_CURVE('',#1697,#1695,#111,.T.);
#1350=EDGE_CURVE('',#1698,#1699,#184,.T.);
#1351=EDGE_CURVE('',#1698,#1700,#112,.T.);
#1352=EDGE_CURVE('',#1701,#1700,#185,.F.);
#1353=EDGE_CURVE('',#1701,#1699,#113,.T.);
#1354=EDGE_CURVE('',#1702,#1703,#186,.T.);
#1355=EDGE_CURVE('',#1702,#1704,#114,.T.);
#1356=EDGE_CURVE('',#1705,#1704,#187,.F.);
#1357=EDGE_CURVE('',#1705,#1703,#115,.T.);
#1358=EDGE_CURVE('',#1706,#1706,#1876,.F.);
#1359=EDGE_CURVE('',#1707,#1707,#1877,.T.);
#1360=EDGE_CURVE('',#1708,#1708,#1878,.T.);
#1361=EDGE_CURVE('',#1709,#1709,#1879,.T.);
#1362=EDGE_CURVE('',#1710,#1710,#1880,.F.);
#1363=EDGE_CURVE('',#1711,#1711,#1881,.F.);
#1364=EDGE_CURVE('',#1712,#1712,#1882,.T.);
#1365=EDGE_CURVE('',#1713,#1713,#1883,.T.);
#1366=EDGE_CURVE('',#1714,#1714,#1884,.T.);
#1367=EDGE_CURVE('',#1715,#1716,#188,.T.);
#1368=EDGE_CURVE('',#1716,#1717,#1885,.F.);
#1369=EDGE_CURVE('',#1717,#1718,#189,.T.);
#1370=EDGE_CURVE('',#1718,#1715,#1886,.F.);
#1371=EDGE_CURVE('',#1719,#1719,#1887,.T.);
#1372=EDGE_CURVE('',#1720,#1720,#1888,.T.);
#1373=EDGE_CURVE('',#1721,#1722,#1889,.T.);
#1374=EDGE_CURVE('',#1722,#1723,#190,.T.);
#1375=EDGE_CURVE('',#1723,#1724,#1890,.T.);
#1376=EDGE_CURVE('',#1721,#1724,#191,.T.);
#1377=EDGE_CURVE('',#1725,#1725,#1891,.T.);
#1378=EDGE_CURVE('',#1726,#1726,#1892,.T.);
#1379=EDGE_CURVE('',#1727,#1727,#1893,.T.);
#1380=EDGE_CURVE('',#1728,#1728,#1894,.T.);
#1381=EDGE_CURVE('',#1729,#1729,#1895,.T.);
#1382=EDGE_CURVE('',#1730,#1730,#1896,.F.);
#1383=EDGE_CURVE('',#1627,#1629,#1897,.T.);
#1384=EDGE_CURVE('',#1628,#1626,#1898,.T.);
#1385=EDGE_CURVE('',#1631,#1633,#1899,.T.);
#1386=EDGE_CURVE('',#1632,#1630,#1900,.T.);
#1387=EDGE_CURVE('',#1635,#1637,#1901,.T.);
#1388=EDGE_CURVE('',#1636,#1634,#1902,.T.);
#1389=EDGE_CURVE('',#1639,#1641,#1903,.T.);
#1390=EDGE_CURVE('',#1640,#1638,#1904,.T.);
#1391=EDGE_CURVE('',#1643,#1645,#1905,.T.);
#1392=EDGE_CURVE('',#1644,#1642,#1906,.T.);
#1393=EDGE_CURVE('',#1647,#1649,#1907,.T.);
#1394=EDGE_CURVE('',#1648,#1646,#1908,.T.);
#1395=EDGE_CURVE('',#1651,#1653,#1909,.T.);
#1396=EDGE_CURVE('',#1652,#1650,#1910,.T.);
#1397=EDGE_CURVE('',#1655,#1657,#1911,.T.);
#1398=EDGE_CURVE('',#1656,#1654,#1912,.T.);
#1399=EDGE_CURVE('',#1659,#1661,#1913,.T.);
#1400=EDGE_CURVE('',#1660,#1658,#1914,.T.);
#1401=EDGE_CURVE('',#1663,#1665,#1915,.T.);
#1402=EDGE_CURVE('',#1664,#1662,#1916,.T.);
#1403=EDGE_CURVE('',#1667,#1669,#1917,.T.);
#1404=EDGE_CURVE('',#1668,#1666,#1918,.T.);
#1405=EDGE_CURVE('',#1671,#1673,#1919,.T.);
#1406=EDGE_CURVE('',#1672,#1670,#1920,.T.);
#1407=EDGE_CURVE('',#1675,#1677,#1921,.T.);
#1408=EDGE_CURVE('',#1676,#1674,#1922,.T.);
#1409=EDGE_CURVE('',#1679,#1681,#1923,.T.);
#1410=EDGE_CURVE('',#1680,#1678,#1924,.T.);
#1411=EDGE_CURVE('',#1683,#1685,#1925,.T.);
#1412=EDGE_CURVE('',#1684,#1682,#1926,.T.);
#1413=EDGE_CURVE('',#1687,#1689,#1927,.T.);
#1414=EDGE_CURVE('',#1688,#1686,#1928,.T.);
#1415=EDGE_CURVE('',#1691,#1693,#1929,.T.);
#1416=EDGE_CURVE('',#1692,#1690,#1930,.T.);
#1417=EDGE_CURVE('',#1695,#1697,#1931,.T.);
#1418=EDGE_CURVE('',#1696,#1694,#1932,.T.);
#1419=EDGE_CURVE('',#1699,#1701,#1933,.T.);
#1420=EDGE_CURVE('',#1700,#1698,#1934,.T.);
#1421=EDGE_CURVE('',#1703,#1705,#1935,.T.);
#1422=EDGE_CURVE('',#1704,#1702,#1936,.T.);
#1423=EDGE_CURVE('',#1731,#1731,#1937,.T.);
#1424=EDGE_CURVE('',#1732,#1732,#1938,.T.);
#1425=EDGE_CURVE('',#1610,#1592,#1939,.T.);
#1426=EDGE_CURVE('',#1733,#1621,#343,.T.);
#1427=EDGE_CURVE('',#1733,#1610,#192,.T.);
#1428=EDGE_CURVE('',#1734,#1734,#1940,.T.);
#1429=EDGE_CURVE('',#1735,#1619,#344,.T.);
#1430=EDGE_CURVE('',#1735,#1736,#193,.T.);
#1431=EDGE_CURVE('',#1736,#1620,#345,.T.);
#1432=EDGE_CURVE('',#1610,#1735,#116,.T.);
#1433=EDGE_CURVE('',#1736,#1733,#117,.T.);
#1434=EDGE_CURVE('',#1737,#1738,#194,.T.);
#1435=EDGE_CURVE('',#1738,#1723,#195,.T.);
#1436=EDGE_CURVE('',#1722,#1737,#196,.T.);
#1437=EDGE_CURVE('',#1739,#1740,#197,.T.);
#1438=EDGE_CURVE('',#1740,#1738,#1941,.T.);
#1439=EDGE_CURVE('',#1739,#1737,#1942,.T.);
#1440=EDGE_CURVE('',#1724,#1740,#198,.T.);
#1441=EDGE_CURVE('',#1739,#1721,#199,.F.);
#1442=EDGE_CURVE('',#1715,#1740,#118,.F.);
#1443=EDGE_CURVE('',#1738,#1718,#119,.T.);
#1444=EDGE_CURVE('',#1723,#1717,#120,.F.);
#1445=EDGE_CURVE('',#1716,#1724,#121,.F.);
#1446=EDGE_CURVE('',#1741,#1741,#1943,.T.);
#1447=EDGE_CURVE('',#1742,#1742,#1944,.T.);
#1448=EDGE_CURVE('',#1743,#1743,#1945,.T.);
#1449=EDGE_CURVE('',#1744,#1744,#1946,.F.);
#1450=EDGE_CURVE('',#1745,#1745,#1947,.T.);
#1451=EDGE_CURVE('',#1746,#1746,#1948,.T.);
#1452=EDGE_CURVE('',#1747,#1747,#1949,.F.);
#1453=EDGE_CURVE('',#1748,#1748,#1950,.F.);
#1454=EDGE_CURVE('',#1749,#1749,#1951,.T.);
#1455=EDGE_CURVE('',#1750,#1750,#1952,.T.);
#1456=EDGE_CURVE('',#1751,#1751,#1953,.T.);
#1457=EDGE_CURVE('',#1752,#1753,#1954,.T.);
#1458=EDGE_CURVE('',#1752,#1754,#200,.T.);
#1459=EDGE_CURVE('',#1754,#1755,#1955,.T.);
#1460=EDGE_CURVE('',#1755,#1753,#201,.T.);
#1461=EDGE_CURVE('',#1756,#1757,#1956,.T.);
#1462=EDGE_CURVE('',#1756,#1758,#202,.T.);
#1463=EDGE_CURVE('',#1758,#1759,#1957,.T.);
#1464=EDGE_CURVE('',#1759,#1757,#203,.T.);
#1465=EDGE_CURVE('',#1760,#1761,#1958,.T.);
#1466=EDGE_CURVE('',#1760,#1762,#204,.T.);
#1467=EDGE_CURVE('',#1762,#1763,#1959,.T.);
#1468=EDGE_CURVE('',#1763,#1761,#205,.T.);
#1469=EDGE_CURVE('',#1764,#1765,#1960,.F.);
#1470=EDGE_CURVE('',#1765,#1766,#206,.T.);
#1471=EDGE_CURVE('',#1766,#1767,#1961,.T.);
#1472=EDGE_CURVE('',#1767,#1764,#207,.T.);
#1473=EDGE_CURVE('',#1768,#1769,#1962,.F.);
#1474=EDGE_CURVE('',#1769,#1770,#208,.T.);
#1475=EDGE_CURVE('',#1770,#1771,#1963,.T.);
#1476=EDGE_CURVE('',#1771,#1768,#209,.T.);
#1477=EDGE_CURVE('',#1772,#1773,#1964,.F.);
#1478=EDGE_CURVE('',#1773,#1774,#210,.T.);
#1479=EDGE_CURVE('',#1774,#1775,#1965,.T.);
#1480=EDGE_CURVE('',#1775,#1772,#211,.T.);
#1481=EDGE_CURVE('',#1776,#1777,#1966,.T.);
#1482=EDGE_CURVE('',#1776,#1765,#122,.T.);
#1483=EDGE_CURVE('',#1764,#1777,#123,.T.);
#1484=EDGE_CURVE('',#1778,#1779,#1967,.T.);
#1485=EDGE_CURVE('',#1778,#1769,#124,.T.);
#1486=EDGE_CURVE('',#1768,#1779,#125,.T.);
#1487=EDGE_CURVE('',#1780,#1781,#1968,.T.);
#1488=EDGE_CURVE('',#1780,#1773,#126,.T.);
#1489=EDGE_CURVE('',#1772,#1781,#127,.T.);
#1490=EDGE_CURVE('',#1754,#1776,#128,.T.);
#1491=EDGE_CURVE('',#1777,#1755,#129,.T.);
#1492=EDGE_CURVE('',#1758,#1778,#130,.T.);
#1493=EDGE_CURVE('',#1779,#1759,#131,.T.);
#1494=EDGE_CURVE('',#1762,#1780,#132,.T.);
#1495=EDGE_CURVE('',#1781,#1763,#133,.T.);
#1496=EDGE_CURVE('',#1782,#1782,#1969,.T.);
#1497=EDGE_CURVE('',#1783,#1783,#1970,.F.);
#1498=EDGE_CURVE('',#1770,#1784,#10,.T.);
#1499=EDGE_CURVE('',#1785,#1784,#212,.T.);
#1500=EDGE_CURVE('',#1785,#1756,#11,.T.);
#1501=EDGE_CURVE('',#1757,#1786,#12,.T.);
#1502=EDGE_CURVE('',#1786,#1787,#213,.T.);
#1503=EDGE_CURVE('',#1787,#1771,#13,.T.);
#1504=EDGE_CURVE('',#1774,#1788,#14,.T.);
#1505=EDGE_CURVE('',#1789,#1788,#214,.T.);
#1506=EDGE_CURVE('',#1789,#1760,#15,.T.);
#1507=EDGE_CURVE('',#1761,#1790,#16,.T.);
#1508=EDGE_CURVE('',#1790,#1791,#215,.T.);
#1509=EDGE_CURVE('',#1791,#1775,#17,.T.);
#1510=EDGE_CURVE('',#1792,#1793,#216,.T.);
#1511=EDGE_CURVE('',#1792,#1752,#18,.T.);
#1512=EDGE_CURVE('',#1753,#1794,#19,.T.);
#1513=EDGE_CURVE('',#1794,#1795,#217,.T.);
#1514=EDGE_CURVE('',#1795,#1767,#20,.T.);
#1515=EDGE_CURVE('',#1766,#1793,#21,.T.);
#1516=EDGE_CURVE('',#1796,#1796,#1971,.F.);
#1517=EDGE_CURVE('',#1797,#1797,#1972,.T.);
#1518=EDGE_CURVE('',#1798,#1798,#1973,.T.);
#1519=EDGE_CURVE('',#1799,#1799,#1974,.F.);
#1520=EDGE_CURVE('',#1790,#1800,#218,.T.);
#1521=EDGE_CURVE('',#1800,#1791,#219,.T.);
#1522=EDGE_CURVE('',#1793,#1801,#220,.T.);
#1523=EDGE_CURVE('',#1801,#1792,#221,.T.);
#1524=EDGE_CURVE('',#1788,#1802,#222,.T.);
#1525=EDGE_CURVE('',#1802,#1789,#223,.T.);
#1526=EDGE_CURVE('',#1786,#1803,#224,.T.);
#1527=EDGE_CURVE('',#1803,#1787,#225,.T.);
#1528=EDGE_CURVE('',#1794,#1804,#226,.T.);
#1529=EDGE_CURVE('',#1804,#1795,#227,.T.);
#1530=EDGE_CURVE('',#1784,#1805,#228,.T.);
#1531=EDGE_CURVE('',#1805,#1785,#229,.T.);
#1532=EDGE_CURVE('',#1805,#1778,#230,.T.);
#1533=EDGE_CURVE('',#1779,#1803,#231,.T.);
#1534=EDGE_CURVE('',#1801,#1776,#232,.T.);
#1535=EDGE_CURVE('',#1777,#1804,#233,.T.);
#1536=EDGE_CURVE('',#1802,#1780,#234,.T.);
#1537=EDGE_CURVE('',#1781,#1800,#235,.T.);
#1538=EDGE_CURVE('',#1806,#1806,#1975,.F.);
#1539=EDGE_CURVE('',#1807,#1807,#1976,.F.);
#1540=EDGE_CURVE('',#1808,#1808,#1977,.T.);
#1541=EDGE_CURVE('',#1809,#1809,#1978,.F.);
#1542=EDGE_CURVE('',#1810,#1810,#1979,.F.);
#1543=EDGE_CURVE('',#1811,#1811,#1980,.F.);
#1544=EDGE_CURVE('',#1812,#1812,#1981,.T.);
#1545=EDGE_CURVE('',#1813,#1813,#1982,.T.);
#1546=EDGE_CURVE('',#1814,#1814,#1983,.F.);
#1547=EDGE_CURVE('',#1815,#1815,#1984,.F.);
#1548=EDGE_CURVE('',#1816,#1816,#1985,.T.);
#1549=EDGE_CURVE('',#1817,#1817,#1986,.T.);
#1550=EDGE_CURVE('',#1818,#1818,#1987,.F.);
#1551=EDGE_CURVE('',#1819,#1819,#1988,.F.);
#1552=EDGE_CURVE('',#1820,#1820,#1989,.T.);
#1553=VERTEX_POINT('',#4262);
#1554=VERTEX_POINT('',#4264);
#1555=VERTEX_POINT('',#4267);
#1556=VERTEX_POINT('',#4270);
#1557=VERTEX_POINT('',#4272);
#1558=VERTEX_POINT('',#4275);
#1559=VERTEX_POINT('',#4277);
#1560=VERTEX_POINT('',#4280);
#1561=VERTEX_POINT('',#4287);
#1562=VERTEX_POINT('',#4289);
#1563=VERTEX_POINT('',#4292);
#1564=VERTEX_POINT('',#4294);
#1565=VERTEX_POINT('',#4297);
#1566=VERTEX_POINT('',#4299);
#1567=VERTEX_POINT('',#4302);
#1568=VERTEX_POINT('',#4304);
#1569=VERTEX_POINT('',#4307);
#1570=VERTEX_POINT('',#4310);
#1571=VERTEX_POINT('',#4313);
#1572=VERTEX_POINT('',#4316);
#1573=VERTEX_POINT('',#4319);
#1574=VERTEX_POINT('',#4321);
#1575=VERTEX_POINT('',#4324);
#1576=VERTEX_POINT('',#4327);
#1577=VERTEX_POINT('',#4329);
#1578=VERTEX_POINT('',#4332);
#1579=VERTEX_POINT('',#4334);
#1580=VERTEX_POINT('',#4337);
#1581=VERTEX_POINT('',#4339);
#1582=VERTEX_POINT('',#4342);
#1583=VERTEX_POINT('',#4344);
#1584=VERTEX_POINT('',#4347);
#1585=VERTEX_POINT('',#4349);
#1586=VERTEX_POINT('',#4352);
#1587=VERTEX_POINT('',#4355);
#1588=VERTEX_POINT('',#4358);
#1589=VERTEX_POINT('',#4361);
#1590=VERTEX_POINT('',#4364);
#1591=VERTEX_POINT('',#4367);
#1592=VERTEX_POINT('',#4370);
#1593=VERTEX_POINT('',#4371);
#1594=VERTEX_POINT('',#4421);
#1595=VERTEX_POINT('',#4423);
#1596=VERTEX_POINT('',#4473);
#1597=VERTEX_POINT('',#4610);
#1598=VERTEX_POINT('',#4611);
#1599=VERTEX_POINT('',#4670);
#1600=VERTEX_POINT('',#4671);
#1601=VERTEX_POINT('',#4817);
#1602=VERTEX_POINT('',#4828);
#1603=VERTEX_POINT('',#4878);
#1604=VERTEX_POINT('',#4880);
#1605=VERTEX_POINT('',#4930);
#1606=VERTEX_POINT('',#5067);
#1607=VERTEX_POINT('',#5068);
#1608=VERTEX_POINT('',#5127);
#1609=VERTEX_POINT('',#5128);
#1610=VERTEX_POINT('',#5235);
#1611=VERTEX_POINT('',#5285);
#1612=VERTEX_POINT('',#5287);
#1613=VERTEX_POINT('',#5337);
#1614=VERTEX_POINT('',#5474);
#1615=VERTEX_POINT('',#5475);
#1616=VERTEX_POINT('',#5534);
#1617=VERTEX_POINT('',#5535);
#1618=VERTEX_POINT('',#5642);
#1619=VERTEX_POINT('',#5647);
#1620=VERTEX_POINT('',#5649);
#1621=VERTEX_POINT('',#5654);
#1622=VERTEX_POINT('',#5658);
#1623=VERTEX_POINT('',#5660);
#1624=VERTEX_POINT('',#5663);
#1625=VERTEX_POINT('',#5665);
#1626=VERTEX_POINT('',#5667);
#1627=VERTEX_POINT('',#5668);
#1628=VERTEX_POINT('',#5684);
#1629=VERTEX_POINT('',#5686);
#1630=VERTEX_POINT('',#5705);
#1631=VERTEX_POINT('',#5706);
#1632=VERTEX_POINT('',#5722);
#1633=VERTEX_POINT('',#5724);
#1634=VERTEX_POINT('',#5743);
#1635=VERTEX_POINT('',#5744);
#1636=VERTEX_POINT('',#5760);
#1637=VERTEX_POINT('',#5762);
#1638=VERTEX_POINT('',#5781);
#1639=VERTEX_POINT('',#5782);
#1640=VERTEX_POINT('',#5798);
#1641=VERTEX_POINT('',#5800);
#1642=VERTEX_POINT('',#5819);
#1643=VERTEX_POINT('',#5820);
#1644=VERTEX_POINT('',#5836);
#1645=VERTEX_POINT('',#5838);
#1646=VERTEX_POINT('',#5857);
#1647=VERTEX_POINT('',#5858);
#1648=VERTEX_POINT('',#5874);
#1649=VERTEX_POINT('',#5876);
#1650=VERTEX_POINT('',#5895);
#1651=VERTEX_POINT('',#5896);
#1652=VERTEX_POINT('',#5912);
#1653=VERTEX_POINT('',#5914);
#1654=VERTEX_POINT('',#5933);
#1655=VERTEX_POINT('',#5934);
#1656=VERTEX_POINT('',#5950);
#1657=VERTEX_POINT('',#5952);
#1658=VERTEX_POINT('',#5971);
#1659=VERTEX_POINT('',#5972);
#1660=VERTEX_POINT('',#5988);
#1661=VERTEX_POINT('',#5990);
#1662=VERTEX_POINT('',#6009);
#1663=VERTEX_POINT('',#6010);
#1664=VERTEX_POINT('',#6026);
#1665=VERTEX_POINT('',#6028);
#1666=VERTEX_POINT('',#6047);
#1667=VERTEX_POINT('',#6048);
#1668=VERTEX_POINT('',#6064);
#1669=VERTEX_POINT('',#6066);
#1670=VERTEX_POINT('',#6085);
#1671=VERTEX_POINT('',#6086);
#1672=VERTEX_POINT('',#6102);
#1673=VERTEX_POINT('',#6104);
#1674=VERTEX_POINT('',#6123);
#1675=VERTEX_POINT('',#6124);
#1676=VERTEX_POINT('',#6140);
#1677=VERTEX_POINT('',#6142);
#1678=VERTEX_POINT('',#6161);
#1679=VERTEX_POINT('',#6162);
#1680=VERTEX_POINT('',#6178);
#1681=VERTEX_POINT('',#6180);
#1682=VERTEX_POINT('',#6199);
#1683=VERTEX_POINT('',#6200);
#1684=VERTEX_POINT('',#6216);
#1685=VERTEX_POINT('',#6218);
#1686=VERTEX_POINT('',#6237);
#1687=VERTEX_POINT('',#6238);
#1688=VERTEX_POINT('',#6254);
#1689=VERTEX_POINT('',#6256);
#1690=VERTEX_POINT('',#6275);
#1691=VERTEX_POINT('',#6276);
#1692=VERTEX_POINT('',#6292);
#1693=VERTEX_POINT('',#6294);
#1694=VERTEX_POINT('',#6313);
#1695=VERTEX_POINT('',#6314);
#1696=VERTEX_POINT('',#6330);
#1697=VERTEX_POINT('',#6332);
#1698=VERTEX_POINT('',#6351);
#1699=VERTEX_POINT('',#6352);
#1700=VERTEX_POINT('',#6368);
#1701=VERTEX_POINT('',#6370);
#1702=VERTEX_POINT('',#6389);
#1703=VERTEX_POINT('',#6390);
#1704=VERTEX_POINT('',#6406);
#1705=VERTEX_POINT('',#6408);
#1706=VERTEX_POINT('',#6428);
#1707=VERTEX_POINT('',#6430);
#1708=VERTEX_POINT('',#6433);
#1709=VERTEX_POINT('',#6436);
#1710=VERTEX_POINT('',#6438);
#1711=VERTEX_POINT('',#6441);
#1712=VERTEX_POINT('',#6443);
#1713=VERTEX_POINT('',#6446);
#1714=VERTEX_POINT('',#6449);
#1715=VERTEX_POINT('',#6451);
#1716=VERTEX_POINT('',#6452);
#1717=VERTEX_POINT('',#6454);
#1718=VERTEX_POINT('',#6456);
#1719=VERTEX_POINT('',#6459);
#1720=VERTEX_POINT('',#6462);
#1721=VERTEX_POINT('',#6464);
#1722=VERTEX_POINT('',#6465);
#1723=VERTEX_POINT('',#6467);
#1724=VERTEX_POINT('',#6469);
#1725=VERTEX_POINT('',#6473);
#1726=VERTEX_POINT('',#6476);
#1727=VERTEX_POINT('',#6478);
#1728=VERTEX_POINT('',#6481);
#1729=VERTEX_POINT('',#6484);
#1730=VERTEX_POINT('',#6487);
#1731=VERTEX_POINT('',#6592);
#1732=VERTEX_POINT('',#6594);
#1733=VERTEX_POINT('',#6649);
#1734=VERTEX_POINT('',#6653);
#1735=VERTEX_POINT('',#6704);
#1736=VERTEX_POINT('',#6706);
#1737=VERTEX_POINT('',#6955);
#1738=VERTEX_POINT('',#6956);
#1739=VERTEX_POINT('',#6961);
#1740=VERTEX_POINT('',#6962);
#1741=VERTEX_POINT('',#6991);
#1742=VERTEX_POINT('',#6995);
#1743=VERTEX_POINT('',#6997);
#1744=VERTEX_POINT('',#7005);
#1745=VERTEX_POINT('',#7007);
#1746=VERTEX_POINT('',#7015);
#1747=VERTEX_POINT('',#7018);
#1748=VERTEX_POINT('',#7021);
#1749=VERTEX_POINT('',#7023);
#1750=VERTEX_POINT('',#7029);
#1751=VERTEX_POINT('',#7031);
#1752=VERTEX_POINT('',#7034);
#1753=VERTEX_POINT('',#7035);
#1754=VERTEX_POINT('',#7037);
#1755=VERTEX_POINT('',#7039);
#1756=VERTEX_POINT('',#7043);
#1757=VERTEX_POINT('',#7044);
#1758=VERTEX_POINT('',#7046);
#1759=VERTEX_POINT('',#7048);
#1760=VERTEX_POINT('',#7052);
#1761=VERTEX_POINT('',#7053);
#1762=VERTEX_POINT('',#7055);
#1763=VERTEX_POINT('',#7057);
#1764=VERTEX_POINT('',#7061);
#1765=VERTEX_POINT('',#7062);
#1766=VERTEX_POINT('',#7064);
#1767=VERTEX_POINT('',#7066);
#1768=VERTEX_POINT('',#7070);
#1769=VERTEX_POINT('',#7071);
#1770=VERTEX_POINT('',#7073);
#1771=VERTEX_POINT('',#7075);
#1772=VERTEX_POINT('',#7079);
#1773=VERTEX_POINT('',#7080);
#1774=VERTEX_POINT('',#7082);
#1775=VERTEX_POINT('',#7084);
#1776=VERTEX_POINT('',#7088);
#1777=VERTEX_POINT('',#7089);
#1778=VERTEX_POINT('',#7100);
#1779=VERTEX_POINT('',#7101);
#1780=VERTEX_POINT('',#7112);
#1781=VERTEX_POINT('',#7113);
#1782=VERTEX_POINT('',#7151);
#1783=VERTEX_POINT('',#7153);
#1784=VERTEX_POINT('',#7155);
#1785=VERTEX_POINT('',#7157);
#1786=VERTEX_POINT('',#7160);
#1787=VERTEX_POINT('',#7162);
#1788=VERTEX_POINT('',#7165);
#1789=VERTEX_POINT('',#7167);
#1790=VERTEX_POINT('',#7170);
#1791=VERTEX_POINT('',#7172);
#1792=VERTEX_POINT('',#7175);
#1793=VERTEX_POINT('',#7176);
#1794=VERTEX_POINT('',#7179);
#1795=VERTEX_POINT('',#7181);
#1796=VERTEX_POINT('',#7186);
#1797=VERTEX_POINT('',#7188);
#1798=VERTEX_POINT('',#7191);
#1799=VERTEX_POINT('',#7193);
#1800=VERTEX_POINT('',#7196);
#1801=VERTEX_POINT('',#7200);
#1802=VERTEX_POINT('',#7204);
#1803=VERTEX_POINT('',#7208);
#1804=VERTEX_POINT('',#7212);
#1805=VERTEX_POINT('',#7216);
#1806=VERTEX_POINT('',#7238);
#1807=VERTEX_POINT('',#7241);
#1808=VERTEX_POINT('',#7244);
#1809=VERTEX_POINT('',#7247);
#1810=VERTEX_POINT('',#7249);
#1811=VERTEX_POINT('',#7252);
#1812=VERTEX_POINT('',#7254);
#1813=VERTEX_POINT('',#7264);
#1814=VERTEX_POINT('',#7266);
#1815=VERTEX_POINT('',#7269);
#1816=VERTEX_POINT('',#7271);
#1817=VERTEX_POINT('',#7274);
#1818=VERTEX_POINT('',#7276);
#1819=VERTEX_POINT('',#7279);
#1820=VERTEX_POINT('',#7281);
#1821=CIRCLE('',#2988,0.015);
#1822=CIRCLE('',#2989,0.0157);
#1823=CIRCLE('',#2991,0.015);
#1824=CIRCLE('',#2993,0.0166);
#1825=CIRCLE('',#2994,0.0166);
#1826=CIRCLE('',#2996,0.0165);
#1827=CIRCLE('',#2997,0.0151);
#1828=CIRCLE('',#2999,0.0157);
#1829=CIRCLE('',#3005,0.0204);
#1830=CIRCLE('',#3006,0.0209);
#1831=CIRCLE('',#3008,0.02);
#1832=CIRCLE('',#3009,0.02);
#1833=CIRCLE('',#3011,0.02);
#1834=CIRCLE('',#3012,0.02);
#1835=CIRCLE('',#3014,0.02);
#1836=CIRCLE('',#3015,0.02);
#1837=CIRCLE('',#3017,0.0194);
#1838=CIRCLE('',#3019,0.0194);
#1839=CIRCLE('',#3021,0.0194);
#1840=CIRCLE('',#3023,0.0194);
#1841=CIRCLE('',#3025,0.02);
#1842=CIRCLE('',#3026,0.0194);
#1843=CIRCLE('',#3028,0.0194);
#1844=CIRCLE('',#3030,0.02);
#1845=CIRCLE('',#3031,0.02);
#1846=CIRCLE('',#3033,0.0285);
#1847=CIRCLE('',#3034,0.0285);
#1848=CIRCLE('',#3036,0.0285);
#1849=CIRCLE('',#3037,0.0285);
#1850=CIRCLE('',#3039,0.0285);
#1851=CIRCLE('',#3040,0.0285);
#1852=CIRCLE('',#3042,0.0285);
#1853=CIRCLE('',#3043,0.0295);
#1854=CIRCLE('',#3045,0.0295);
#1855=CIRCLE('',#3047,0.0295);
#1856=CIRCLE('',#3049,0.0295);
#1857=CIRCLE('',#3051,0.0295);
#1858=CIRCLE('',#3053,0.0295);
#1859=CIRCLE('',#3055,0.0285);
#1860=CIRCLE('',#3057,0.026);
#1861=CIRCLE('',#3058,0.026);
#1862=CIRCLE('',#3060,0.0252);
#1863=CIRCLE('',#3062,0.026);
#1864=CIRCLE('',#3063,0.026);
#1865=CIRCLE('',#3065,0.0252);
#1866=CIRCLE('',#3067,0.026);
#1867=CIRCLE('',#3068,0.026);
#1868=CIRCLE('',#3070,0.0252);
#1869=CIRCLE('',#3072,0.0242);
#1870=CIRCLE('',#3073,0.0252);
#1871=CIRCLE('',#3074,0.026);
#1872=CIRCLE('',#3076,0.0167);
#1873=CIRCLE('',#3077,0.0167);
#1874=CIRCLE('',#3079,0.0325);
#1875=CIRCLE('',#3080,0.0325);
#1876=CIRCLE('',#3082,0.0157);
#1877=CIRCLE('',#3083,0.0157);
#1878=CIRCLE('',#3085,0.0158);
#1879=CIRCLE('',#3087,0.0167);
#1880=CIRCLE('',#3088,0.0167);
#1881=CIRCLE('',#3090,0.0169);
#1882=CIRCLE('',#3091,0.025);
#1883=CIRCLE('',#3093,0.0322132117818245);
#1884=CIRCLE('',#3095,0.0015);
#1885=CIRCLE('',#3096,0.0288);
#1886=CIRCLE('',#3097,0.0274999999999992);
#1887=CIRCLE('',#3098,0.032);
#1888=CIRCLE('',#3100,0.0285);
#1889=CIRCLE('',#3101,0.0285);
#1890=CIRCLE('',#3102,0.0285);
#1891=CIRCLE('',#3104,0.02);
#1892=CIRCLE('',#3106,0.0198);
#1893=CIRCLE('',#3107,0.0190414518843274);
#1894=CIRCLE('',#3109,0.015);
#1895=CIRCLE('',#3111,0.015);
#1896=CIRCLE('',#3113,0.0151);
#1897=CIRCLE('',#3117,0.01);
#1898=CIRCLE('',#3118,0.01);
#1899=CIRCLE('',#3122,0.01);
#1900=CIRCLE('',#3123,0.01);
#1901=CIRCLE('',#3127,0.01);
#1902=CIRCLE('',#3128,0.01);
#1903=CIRCLE('',#3132,0.01);
#1904=CIRCLE('',#3133,0.01);
#1905=CIRCLE('',#3137,0.01);
#1906=CIRCLE('',#3138,0.01);
#1907=CIRCLE('',#3142,0.01);
#1908=CIRCLE('',#3143,0.01);
#1909=CIRCLE('',#3147,0.01);
#1910=CIRCLE('',#3148,0.01);
#1911=CIRCLE('',#3152,0.01);
#1912=CIRCLE('',#3153,0.01);
#1913=CIRCLE('',#3157,0.01);
#1914=CIRCLE('',#3158,0.01);
#1915=CIRCLE('',#3162,0.01);
#1916=CIRCLE('',#3163,0.01);
#1917=CIRCLE('',#3167,0.01);
#1918=CIRCLE('',#3168,0.01);
#1919=CIRCLE('',#3172,0.01);
#1920=CIRCLE('',#3173,0.01);
#1921=CIRCLE('',#3177,0.01);
#1922=CIRCLE('',#3178,0.01);
#1923=CIRCLE('',#3182,0.01);
#1924=CIRCLE('',#3183,0.01);
#1925=CIRCLE('',#3187,0.01);
#1926=CIRCLE('',#3188,0.01);
#1927=CIRCLE('',#3192,0.01);
#1928=CIRCLE('',#3193,0.01);
#1929=CIRCLE('',#3197,0.01);
#1930=CIRCLE('',#3198,0.01);
#1931=CIRCLE('',#3202,0.01);
#1932=CIRCLE('',#3203,0.01);
#1933=CIRCLE('',#3207,0.01);
#1934=CIRCLE('',#3208,0.01);
#1935=CIRCLE('',#3212,0.01);
#1936=CIRCLE('',#3213,0.01);
#1937=CIRCLE('',#3217,0.0172);
#1938=CIRCLE('',#3218,0.0172);
#1939=CIRCLE('',#3223,0.026);
#1940=CIRCLE('',#3225,0.0281);
#1941=CIRCLE('',#3238,0.0271999999999992);
#1942=CIRCLE('',#3239,0.0271999999999992);
#1943=CIRCLE('',#3247,0.001);
#1944=CIRCLE('',#3250,0.0295);
#1945=CIRCLE('',#3251,0.0295);
#1946=CIRCLE('',#3258,0.0194);
#1947=CIRCLE('',#3259,0.0194);
#1948=CIRCLE('',#3266,0.0209);
#1949=CIRCLE('',#3268,0.0242);
#1950=CIRCLE('',#3270,0.0215);
#1951=CIRCLE('',#3271,0.0236);
#1952=CIRCLE('',#3276,0.01475);
#1953=CIRCLE('',#3277,0.01475);
#1954=CIRCLE('',#3279,0.01665);
#1955=CIRCLE('',#3280,0.0167);
#1956=CIRCLE('',#3282,0.01665);
#1957=CIRCLE('',#3283,0.0167);
#1958=CIRCLE('',#3285,0.01665);
#1959=CIRCLE('',#3286,0.0167);
#1960=CIRCLE('',#3288,0.0167);
#1961=CIRCLE('',#3289,0.01665);
#1962=CIRCLE('',#3291,0.0167);
#1963=CIRCLE('',#3292,0.01665);
#1964=CIRCLE('',#3294,0.0167);
#1965=CIRCLE('',#3295,0.01665);
#1966=CIRCLE('',#3297,0.0172);
#1967=CIRCLE('',#3299,0.0172);
#1968=CIRCLE('',#3301,0.0172);
#1969=CIRCLE('',#3306,0.01665);
#1970=CIRCLE('',#3307,0.01665);
#1971=CIRCLE('',#3321,0.01525);
#1972=CIRCLE('',#3322,0.01655);
#1973=CIRCLE('',#3324,0.01565);
#1974=CIRCLE('',#3325,0.01655);
#1975=CIRCLE('',#3345,0.01555);
#1976=CIRCLE('',#3347,0.01515);
#1977=CIRCLE('',#3349,0.01515);
#1978=CIRCLE('',#3351,0.01555);
#1979=CIRCLE('',#3352,0.01555);
#1980=CIRCLE('',#3354,0.01485);
#1981=CIRCLE('',#3355,0.01545);
#1982=CIRCLE('',#3364,0.015);
#1983=CIRCLE('',#3365,0.015);
#1984=CIRCLE('',#3367,0.0166);
#1985=CIRCLE('',#3368,0.0166);
#1986=CIRCLE('',#3370,0.0165);
#1987=CIRCLE('',#3371,0.0151);
#1988=CIRCLE('',#3373,0.0165);
#1989=CIRCLE('',#3374,0.0151);
#1990=EDGE_LOOP('',(#464));
#1991=EDGE_LOOP('',(#465));
#1992=EDGE_LOOP('',(#466));
#1993=EDGE_LOOP('',(#467));
#1994=EDGE_LOOP('',(#468));
#1995=EDGE_LOOP('',(#469));
#1996=EDGE_LOOP('',(#470));
#1997=EDGE_LOOP('',(#471));
#1998=EDGE_LOOP('',(#472));
#1999=EDGE_LOOP('',(#473));
#2000=EDGE_LOOP('',(#474));
#2001=EDGE_LOOP('',(#475));
#2002=EDGE_LOOP('',(#476));
#2003=EDGE_LOOP('',(#477));
#2004=EDGE_LOOP('',(#478));
#2005=EDGE_LOOP('',(#479));
#2006=EDGE_LOOP('',(#480));
#2007=EDGE_LOOP('',(#481));
#2008=EDGE_LOOP('',(#482));
#2009=EDGE_LOOP('',(#483));
#2010=EDGE_LOOP('',(#484));
#2011=EDGE_LOOP('',(#485));
#2012=EDGE_LOOP('',(#486));
#2013=EDGE_LOOP('',(#487));
#2014=EDGE_LOOP('',(#488));
#2015=EDGE_LOOP('',(#489));
#2016=EDGE_LOOP('',(#490));
#2017=EDGE_LOOP('',(#491));
#2018=EDGE_LOOP('',(#492));
#2019=EDGE_LOOP('',(#493));
#2020=EDGE_LOOP('',(#494));
#2021=EDGE_LOOP('',(#495));
#2022=EDGE_LOOP('',(#496));
#2023=EDGE_LOOP('',(#497));
#2024=EDGE_LOOP('',(#498));
#2025=EDGE_LOOP('',(#499));
#2026=EDGE_LOOP('',(#500));
#2027=EDGE_LOOP('',(#501));
#2028=EDGE_LOOP('',(#502));
#2029=EDGE_LOOP('',(#503));
#2030=EDGE_LOOP('',(#504));
#2031=EDGE_LOOP('',(#505));
#2032=EDGE_LOOP('',(#506));
#2033=EDGE_LOOP('',(#507));
#2034=EDGE_LOOP('',(#508));
#2035=EDGE_LOOP('',(#509));
#2036=EDGE_LOOP('',(#510));
#2037=EDGE_LOOP('',(#511));
#2038=EDGE_LOOP('',(#512));
#2039=EDGE_LOOP('',(#513));
#2040=EDGE_LOOP('',(#514));
#2041=EDGE_LOOP('',(#515));
#2042=EDGE_LOOP('',(#516));
#2043=EDGE_LOOP('',(#517));
#2044=EDGE_LOOP('',(#518));
#2045=EDGE_LOOP('',(#519));
#2046=EDGE_LOOP('',(#520));
#2047=EDGE_LOOP('',(#521));
#2048=EDGE_LOOP('',(#522,#523,#524,#525,#526));
#2049=EDGE_LOOP('',(#527,#528,#529,#530));
#2050=EDGE_LOOP('',(#531,#532,#533,#534));
#2051=EDGE_LOOP('',(#535,#536,#537,#538));
#2052=EDGE_LOOP('',(#539,#540,#541,#542,#543));
#2053=EDGE_LOOP('',(#544,#545,#546,#547));
#2054=EDGE_LOOP('',(#548,#549,#550,#551));
#2055=EDGE_LOOP('',(#552,#553,#554,#555));
#2056=EDGE_LOOP('',(#556,#557,#558,#559,#560));
#2057=EDGE_LOOP('',(#561,#562,#563,#564));
#2058=EDGE_LOOP('',(#565,#566,#567,#568));
#2059=EDGE_LOOP('',(#569,#570,#571,#572));
#2060=EDGE_LOOP('',(#573));
#2061=EDGE_LOOP('',(#574,#575,#576,#577,#578,#579,#580,#581,#582,#583,#584,
#585,#586,#587,#588,#589));
#2062=EDGE_LOOP('',(#590));
#2063=EDGE_LOOP('',(#591));
#2064=EDGE_LOOP('',(#592));
#2065=EDGE_LOOP('',(#593));
#2066=EDGE_LOOP('',(#594,#595,#596,#597));
#2067=EDGE_LOOP('',(#598,#599,#600,#601));
#2068=EDGE_LOOP('',(#602,#603,#604,#605));
#2069=EDGE_LOOP('',(#606,#607,#608,#609));
#2070=EDGE_LOOP('',(#610,#611,#612,#613));
#2071=EDGE_LOOP('',(#614,#615,#616,#617));
#2072=EDGE_LOOP('',(#618,#619,#620,#621));
#2073=EDGE_LOOP('',(#622,#623,#624,#625));
#2074=EDGE_LOOP('',(#626,#627,#628,#629));
#2075=EDGE_LOOP('',(#630,#631,#632,#633));
#2076=EDGE_LOOP('',(#634,#635,#636,#637));
#2077=EDGE_LOOP('',(#638,#639,#640,#641));
#2078=EDGE_LOOP('',(#642,#643,#644,#645));
#2079=EDGE_LOOP('',(#646,#647,#648,#649));
#2080=EDGE_LOOP('',(#650,#651,#652,#653));
#2081=EDGE_LOOP('',(#654,#655,#656,#657));
#2082=EDGE_LOOP('',(#658,#659,#660,#661));
#2083=EDGE_LOOP('',(#662,#663,#664,#665));
#2084=EDGE_LOOP('',(#666,#667,#668,#669));
#2085=EDGE_LOOP('',(#670,#671,#672,#673));
#2086=EDGE_LOOP('',(#674));
#2087=EDGE_LOOP('',(#675));
#2088=EDGE_LOOP('',(#676));
#2089=EDGE_LOOP('',(#677));
#2090=EDGE_LOOP('',(#678));
#2091=EDGE_LOOP('',(#679));
#2092=EDGE_LOOP('',(#680));
#2093=EDGE_LOOP('',(#681));
#2094=EDGE_LOOP('',(#682));
#2095=EDGE_LOOP('',(#683));
#2096=EDGE_LOOP('',(#684));
#2097=EDGE_LOOP('',(#685,#686,#687,#688));
#2098=EDGE_LOOP('',(#689));
#2099=EDGE_LOOP('',(#690));
#2100=EDGE_LOOP('',(#691,#692,#693,#694));
#2101=EDGE_LOOP('',(#695));
#2102=EDGE_LOOP('',(#696));
#2103=EDGE_LOOP('',(#697));
#2104=EDGE_LOOP('',(#698));
#2105=EDGE_LOOP('',(#699));
#2106=EDGE_LOOP('',(#700));
#2107=EDGE_LOOP('',(#701));
#2108=EDGE_LOOP('',(#702));
#2109=EDGE_LOOP('',(#703));
#2110=EDGE_LOOP('',(#704));
#2111=EDGE_LOOP('',(#705));
#2112=EDGE_LOOP('',(#706));
#2113=EDGE_LOOP('',(#707));
#2114=EDGE_LOOP('',(#708));
#2115=EDGE_LOOP('',(#709,#710,#711,#712));
#2116=EDGE_LOOP('',(#713,#714));
#2117=EDGE_LOOP('',(#715,#716));
#2118=EDGE_LOOP('',(#717,#718,#719,#720));
#2119=EDGE_LOOP('',(#721,#722));
#2120=EDGE_LOOP('',(#723,#724));
#2121=EDGE_LOOP('',(#725,#726,#727,#728));
#2122=EDGE_LOOP('',(#729,#730));
#2123=EDGE_LOOP('',(#731,#732));
#2124=EDGE_LOOP('',(#733,#734,#735,#736));
#2125=EDGE_LOOP('',(#737,#738));
#2126=EDGE_LOOP('',(#739,#740));
#2127=EDGE_LOOP('',(#741,#742,#743,#744));
#2128=EDGE_LOOP('',(#745,#746));
#2129=EDGE_LOOP('',(#747,#748));
#2130=EDGE_LOOP('',(#749,#750,#751,#752));
#2131=EDGE_LOOP('',(#753,#754));
#2132=EDGE_LOOP('',(#755,#756));
#2133=EDGE_LOOP('',(#757,#758,#759,#760));
#2134=EDGE_LOOP('',(#761,#762));
#2135=EDGE_LOOP('',(#763,#764));
#2136=EDGE_LOOP('',(#765,#766,#767,#768));
#2137=EDGE_LOOP('',(#769,#770));
#2138=EDGE_LOOP('',(#771,#772));
#2139=EDGE_LOOP('',(#773,#774,#775,#776));
#2140=EDGE_LOOP('',(#777,#778));
#2141=EDGE_LOOP('',(#779,#780));
#2142=EDGE_LOOP('',(#781,#782,#783,#784));
#2143=EDGE_LOOP('',(#785,#786));
#2144=EDGE_LOOP('',(#787,#788));
#2145=EDGE_LOOP('',(#789,#790,#791,#792));
#2146=EDGE_LOOP('',(#793,#794));
#2147=EDGE_LOOP('',(#795,#796));
#2148=EDGE_LOOP('',(#797,#798,#799,#800));
#2149=EDGE_LOOP('',(#801,#802));
#2150=EDGE_LOOP('',(#803,#804));
#2151=EDGE_LOOP('',(#805,#806,#807,#808));
#2152=EDGE_LOOP('',(#809,#810));
#2153=EDGE_LOOP('',(#811,#812));
#2154=EDGE_LOOP('',(#813,#814,#815,#816));
#2155=EDGE_LOOP('',(#817,#818));
#2156=EDGE_LOOP('',(#819,#820));
#2157=EDGE_LOOP('',(#821,#822,#823,#824));
#2158=EDGE_LOOP('',(#825,#826));
#2159=EDGE_LOOP('',(#827,#828));
#2160=EDGE_LOOP('',(#829,#830,#831,#832));
#2161=EDGE_LOOP('',(#833,#834));
#2162=EDGE_LOOP('',(#835,#836));
#2163=EDGE_LOOP('',(#837,#838,#839,#840));
#2164=EDGE_LOOP('',(#841,#842));
#2165=EDGE_LOOP('',(#843,#844));
#2166=EDGE_LOOP('',(#845,#846,#847,#848));
#2167=EDGE_LOOP('',(#849,#850));
#2168=EDGE_LOOP('',(#851,#852));
#2169=EDGE_LOOP('',(#853,#854,#855,#856));
#2170=EDGE_LOOP('',(#857,#858));
#2171=EDGE_LOOP('',(#859,#860));
#2172=EDGE_LOOP('',(#861,#862,#863,#864));
#2173=EDGE_LOOP('',(#865,#866));
#2174=EDGE_LOOP('',(#867,#868));
#2175=EDGE_LOOP('',(#869));
#2176=EDGE_LOOP('',(#870));
#2177=EDGE_LOOP('',(#871));
#2178=EDGE_LOOP('',(#872));
#2179=EDGE_LOOP('',(#873));
#2180=EDGE_LOOP('',(#874));
#2181=EDGE_LOOP('',(#875));
#2182=EDGE_LOOP('',(#876));
#2183=EDGE_LOOP('',(#877,#878,#879,#880,#881));
#2184=EDGE_LOOP('',(#882));
#2185=EDGE_LOOP('',(#883,#884,#885,#886));
#2186=EDGE_LOOP('',(#887,#888,#889,#890));
#2187=EDGE_LOOP('',(#891,#892,#893,#894));
#2188=EDGE_LOOP('',(#895,#896,#897,#898));
#2189=EDGE_LOOP('',(#899,#900,#901,#902));
#2190=EDGE_LOOP('',(#903,#904,#905,#906));
#2191=EDGE_LOOP('',(#907,#908,#909,#910));
#2192=EDGE_LOOP('',(#911,#912,#913,#914));
#2193=EDGE_LOOP('',(#915));
#2194=EDGE_LOOP('',(#916));
#2195=EDGE_LOOP('',(#917));
#2196=EDGE_LOOP('',(#918));
#2197=EDGE_LOOP('',(#919));
#2198=EDGE_LOOP('',(#920));
#2199=EDGE_LOOP('',(#921));
#2200=EDGE_LOOP('',(#922));
#2201=EDGE_LOOP('',(#923));
#2202=EDGE_LOOP('',(#924));
#2203=EDGE_LOOP('',(#925,#926,#927,#928));
#2204=EDGE_LOOP('',(#929,#930,#931,#932));
#2205=EDGE_LOOP('',(#933,#934,#935,#936));
#2206=EDGE_LOOP('',(#937,#938,#939,#940));
#2207=EDGE_LOOP('',(#941,#942,#943,#944));
#2208=EDGE_LOOP('',(#945,#946,#947,#948));
#2209=EDGE_LOOP('',(#949,#950,#951,#952));
#2210=EDGE_LOOP('',(#953,#954,#955,#956));
#2211=EDGE_LOOP('',(#957));
#2212=EDGE_LOOP('',(#958));
#2213=EDGE_LOOP('',(#959));
#2214=EDGE_LOOP('',(#960));
#2215=EDGE_LOOP('',(#961));
#2216=EDGE_LOOP('',(#962));
#2217=EDGE_LOOP('',(#963));
#2218=EDGE_LOOP('',(#964));
#2219=EDGE_LOOP('',(#965));
#2220=EDGE_LOOP('',(#966));
#2221=EDGE_LOOP('',(#967));
#2222=EDGE_LOOP('',(#968));
#2223=EDGE_LOOP('',(#969));
#2224=EDGE_LOOP('',(#970));
#2225=EDGE_LOOP('',(#971));
#2226=EDGE_LOOP('',(#972));
#2227=EDGE_LOOP('',(#973));
#2228=EDGE_LOOP('',(#974));
#2229=EDGE_LOOP('',(#975));
#2230=EDGE_LOOP('',(#976));
#2231=EDGE_LOOP('',(#977));
#2232=EDGE_LOOP('',(#978));
#2233=EDGE_LOOP('',(#979));
#2234=EDGE_LOOP('',(#980));
#2235=EDGE_LOOP('',(#981));
#2236=EDGE_LOOP('',(#982));
#2237=EDGE_LOOP('',(#983));
#2238=EDGE_LOOP('',(#984));
#2239=EDGE_LOOP('',(#985));
#2240=EDGE_LOOP('',(#986));
#2241=EDGE_LOOP('',(#987));
#2242=EDGE_LOOP('',(#988));
#2243=EDGE_LOOP('',(#989));
#2244=EDGE_LOOP('',(#990));
#2245=EDGE_LOOP('',(#991));
#2246=EDGE_LOOP('',(#992));
#2247=EDGE_LOOP('',(#993));
#2248=EDGE_LOOP('',(#994));
#2249=EDGE_LOOP('',(#995));
#2250=EDGE_LOOP('',(#996,#997,#998,#999));
#2251=EDGE_LOOP('',(#1000,#1001,#1002,#1003));
#2252=EDGE_LOOP('',(#1004,#1005,#1006,#1007));
#2253=EDGE_LOOP('',(#1008,#1009,#1010,#1011));
#2254=EDGE_LOOP('',(#1012,#1013,#1014,#1015));
#2255=EDGE_LOOP('',(#1016,#1017,#1018,#1019));
#2256=EDGE_LOOP('',(#1020,#1021,#1022,#1023));
#2257=EDGE_LOOP('',(#1024,#1025,#1026,#1027));
#2258=EDGE_LOOP('',(#1028,#1029,#1030,#1031));
#2259=EDGE_LOOP('',(#1032,#1033,#1034,#1035));
#2260=EDGE_LOOP('',(#1036,#1037,#1038,#1039));
#2261=EDGE_LOOP('',(#1040,#1041,#1042,#1043));
#2262=EDGE_LOOP('',(#1044));
#2263=EDGE_LOOP('',(#1045));
#2264=EDGE_LOOP('',(#1046,#1047,#1048,#1049,#1050,#1051,#1052,#1053));
#2265=EDGE_LOOP('',(#1054,#1055,#1056,#1057,#1058,#1059,#1060,#1061));
#2266=EDGE_LOOP('',(#1062,#1063,#1064,#1065,#1066,#1067,#1068,#1069));
#2267=EDGE_LOOP('',(#1070));
#2268=EDGE_LOOP('',(#1071));
#2269=EDGE_LOOP('',(#1072));
#2270=EDGE_LOOP('',(#1073));
#2271=EDGE_LOOP('',(#1074,#1075,#1076));
#2272=EDGE_LOOP('',(#1077,#1078,#1079));
#2273=EDGE_LOOP('',(#1080,#1081,#1082));
#2274=EDGE_LOOP('',(#1083,#1084,#1085));
#2275=EDGE_LOOP('',(#1086,#1087,#1088));
#2276=EDGE_LOOP('',(#1089,#1090,#1091));
#2277=EDGE_LOOP('',(#1092,#1093,#1094,#1095,#1096));
#2278=EDGE_LOOP('',(#1097,#1098,#1099,#1100,#1101));
#2279=EDGE_LOOP('',(#1102,#1103,#1104,#1105,#1106));
#2280=EDGE_LOOP('',(#1107,#1108,#1109,#1110,#1111));
#2281=EDGE_LOOP('',(#1112,#1113,#1114,#1115,#1116));
#2282=EDGE_LOOP('',(#1117,#1118,#1119,#1120,#1121));
#2283=EDGE_LOOP('',(#1122,#1123,#1124,#1125,#1126));
#2284=EDGE_LOOP('',(#1127,#1128,#1129,#1130,#1131));
#2285=EDGE_LOOP('',(#1132,#1133,#1134,#1135,#1136));
#2286=EDGE_LOOP('',(#1137,#1138,#1139,#1140,#1141));
#2287=EDGE_LOOP('',(#1142,#1143,#1144,#1145,#1146));
#2288=EDGE_LOOP('',(#1147,#1148,#1149,#1150,#1151));
#2289=EDGE_LOOP('',(#1152));
#2290=EDGE_LOOP('',(#1153));
#2291=EDGE_LOOP('',(#1154));
#2292=EDGE_LOOP('',(#1155));
#2293=EDGE_LOOP('',(#1156));
#2294=EDGE_LOOP('',(#1157));
#2295=EDGE_LOOP('',(#1158));
#2296=EDGE_LOOP('',(#1159));
#2297=EDGE_LOOP('',(#1160));
#2298=EDGE_LOOP('',(#1161));
#2299=EDGE_LOOP('',(#1162));
#2300=EDGE_LOOP('',(#1163));
#2301=EDGE_LOOP('',(#1164));
#2302=EDGE_LOOP('',(#1165));
#2303=EDGE_LOOP('',(#1166));
#2304=EDGE_LOOP('',(#1167));
#2305=EDGE_LOOP('',(#1168));
#2306=EDGE_LOOP('',(#1169));
#2307=EDGE_LOOP('',(#1170));
#2308=EDGE_LOOP('',(#1171));
#2309=EDGE_LOOP('',(#1172));
#2310=EDGE_LOOP('',(#1173));
#2311=EDGE_LOOP('',(#1174));
#2312=EDGE_LOOP('',(#1175));
#2313=EDGE_LOOP('',(#1176));
#2314=EDGE_LOOP('',(#1177));
#2315=EDGE_LOOP('',(#1178));
#2316=EDGE_LOOP('',(#1179));
#2317=EDGE_LOOP('',(#1180));
#2318=EDGE_LOOP('',(#1181));
#2319=EDGE_LOOP('',(#1182));
#2320=EDGE_LOOP('',(#1183));
#2321=EDGE_LOOP('',(#1184));
#2322=EDGE_LOOP('',(#1185));
#2323=EDGE_LOOP('',(#1186));
#2324=EDGE_LOOP('',(#1187));
#2325=EDGE_LOOP('',(#1188));
#2326=EDGE_LOOP('',(#1189));
#2327=FACE_BOUND('',#1990,.T.);
#2328=FACE_BOUND('',#1991,.T.);
#2329=FACE_BOUND('',#1992,.T.);
#2330=FACE_BOUND('',#1993,.T.);
#2331=FACE_BOUND('',#1994,.T.);
#2332=FACE_BOUND('',#1995,.T.);
#2333=FACE_BOUND('',#1996,.T.);
#2334=FACE_BOUND('',#1997,.T.);
#2335=FACE_BOUND('',#1998,.T.);
#2336=FACE_BOUND('',#1999,.T.);
#2337=FACE_BOUND('',#2000,.T.);
#2338=FACE_BOUND('',#2001,.T.);
#2339=FACE_BOUND('',#2002,.T.);
#2340=FACE_BOUND('',#2003,.T.);
#2341=FACE_BOUND('',#2004,.T.);
#2342=FACE_BOUND('',#2005,.T.);
#2343=FACE_BOUND('',#2006,.T.);
#2344=FACE_BOUND('',#2007,.T.);
#2345=FACE_BOUND('',#2008,.T.);
#2346=FACE_BOUND('',#2009,.T.);
#2347=FACE_BOUND('',#2010,.T.);
#2348=FACE_BOUND('',#2011,.T.);
#2349=FACE_BOUND('',#2012,.T.);
#2350=FACE_BOUND('',#2013,.T.);
#2351=FACE_BOUND('',#2014,.T.);
#2352=FACE_BOUND('',#2015,.T.);
#2353=FACE_BOUND('',#2016,.T.);
#2354=FACE_BOUND('',#2017,.T.);
#2355=FACE_BOUND('',#2018,.T.);
#2356=FACE_BOUND('',#2019,.T.);
#2357=FACE_BOUND('',#2020,.T.);
#2358=FACE_BOUND('',#2021,.T.);
#2359=FACE_BOUND('',#2022,.T.);
#2360=FACE_BOUND('',#2023,.T.);
#2361=FACE_BOUND('',#2024,.T.);
#2362=FACE_BOUND('',#2025,.T.);
#2363=FACE_BOUND('',#2026,.T.);
#2364=FACE_BOUND('',#2027,.T.);
#2365=FACE_BOUND('',#2028,.T.);
#2366=FACE_BOUND('',#2029,.T.);
#2367=FACE_BOUND('',#2030,.T.);
#2368=FACE_BOUND('',#2031,.T.);
#2369=FACE_BOUND('',#2032,.T.);
#2370=FACE_BOUND('',#2033,.T.);
#2371=FACE_BOUND('',#2034,.T.);
#2372=FACE_BOUND('',#2035,.T.);
#2373=FACE_BOUND('',#2036,.T.);
#2374=FACE_BOUND('',#2037,.T.);
#2375=FACE_BOUND('',#2038,.T.);
#2376=FACE_BOUND('',#2039,.T.);
#2377=FACE_BOUND('',#2040,.T.);
#2378=FACE_BOUND('',#2041,.T.);
#2379=FACE_BOUND('',#2042,.T.);
#2380=FACE_BOUND('',#2043,.T.);
#2381=FACE_BOUND('',#2044,.T.);
#2382=FACE_BOUND('',#2045,.T.);
#2383=FACE_BOUND('',#2046,.T.);
#2384=FACE_BOUND('',#2047,.T.);
#2385=FACE_BOUND('',#2048,.T.);
#2386=FACE_BOUND('',#2049,.T.);
#2387=FACE_BOUND('',#2050,.T.);
#2388=FACE_BOUND('',#2051,.T.);
#2389=FACE_BOUND('',#2052,.T.);
#2390=FACE_BOUND('',#2053,.T.);
#2391=FACE_BOUND('',#2054,.T.);
#2392=FACE_BOUND('',#2055,.T.);
#2393=FACE_BOUND('',#2056,.T.);
#2394=FACE_BOUND('',#2057,.T.);
#2395=FACE_BOUND('',#2058,.T.);
#2396=FACE_BOUND('',#2059,.T.);
#2397=FACE_BOUND('',#2060,.T.);
#2398=FACE_BOUND('',#2061,.T.);
#2399=FACE_BOUND('',#2062,.T.);
#2400=FACE_BOUND('',#2063,.T.);
#2401=FACE_BOUND('',#2064,.T.);
#2402=FACE_BOUND('',#2065,.T.);
#2403=FACE_BOUND('',#2066,.T.);
#2404=FACE_BOUND('',#2067,.T.);
#2405=FACE_BOUND('',#2068,.T.);
#2406=FACE_BOUND('',#2069,.T.);
#2407=FACE_BOUND('',#2070,.T.);
#2408=FACE_BOUND('',#2071,.T.);
#2409=FACE_BOUND('',#2072,.T.);
#2410=FACE_BOUND('',#2073,.T.);
#2411=FACE_BOUND('',#2074,.T.);
#2412=FACE_BOUND('',#2075,.T.);
#2413=FACE_BOUND('',#2076,.T.);
#2414=FACE_BOUND('',#2077,.T.);
#2415=FACE_BOUND('',#2078,.T.);
#2416=FACE_BOUND('',#2079,.T.);
#2417=FACE_BOUND('',#2080,.T.);
#2418=FACE_BOUND('',#2081,.T.);
#2419=FACE_BOUND('',#2082,.T.);
#2420=FACE_BOUND('',#2083,.T.);
#2421=FACE_BOUND('',#2084,.T.);
#2422=FACE_BOUND('',#2085,.T.);
#2423=FACE_BOUND('',#2086,.T.);
#2424=FACE_BOUND('',#2087,.T.);
#2425=FACE_BOUND('',#2088,.T.);
#2426=FACE_BOUND('',#2089,.T.);
#2427=FACE_BOUND('',#2090,.T.);
#2428=FACE_BOUND('',#2091,.T.);
#2429=FACE_BOUND('',#2092,.T.);
#2430=FACE_BOUND('',#2093,.T.);
#2431=FACE_BOUND('',#2094,.T.);
#2432=FACE_BOUND('',#2095,.T.);
#2433=FACE_BOUND('',#2096,.T.);
#2434=FACE_BOUND('',#2097,.T.);
#2435=FACE_BOUND('',#2098,.T.);
#2436=FACE_BOUND('',#2099,.T.);
#2437=FACE_BOUND('',#2100,.T.);
#2438=FACE_BOUND('',#2101,.T.);
#2439=FACE_BOUND('',#2102,.T.);
#2440=FACE_BOUND('',#2103,.T.);
#2441=FACE_BOUND('',#2104,.T.);
#2442=FACE_BOUND('',#2105,.T.);
#2443=FACE_BOUND('',#2106,.T.);
#2444=FACE_BOUND('',#2107,.T.);
#2445=FACE_BOUND('',#2108,.T.);
#2446=FACE_BOUND('',#2109,.T.);
#2447=FACE_BOUND('',#2110,.T.);
#2448=FACE_BOUND('',#2111,.T.);
#2449=FACE_BOUND('',#2112,.T.);
#2450=FACE_BOUND('',#2113,.T.);
#2451=FACE_BOUND('',#2114,.T.);
#2452=FACE_BOUND('',#2115,.T.);
#2453=FACE_BOUND('',#2116,.T.);
#2454=FACE_BOUND('',#2117,.T.);
#2455=FACE_BOUND('',#2118,.T.);
#2456=FACE_BOUND('',#2119,.T.);
#2457=FACE_BOUND('',#2120,.T.);
#2458=FACE_BOUND('',#2121,.T.);
#2459=FACE_BOUND('',#2122,.T.);
#2460=FACE_BOUND('',#2123,.T.);
#2461=FACE_BOUND('',#2124,.T.);
#2462=FACE_BOUND('',#2125,.T.);
#2463=FACE_BOUND('',#2126,.T.);
#2464=FACE_BOUND('',#2127,.T.);
#2465=FACE_BOUND('',#2128,.T.);
#2466=FACE_BOUND('',#2129,.T.);
#2467=FACE_BOUND('',#2130,.T.);
#2468=FACE_BOUND('',#2131,.T.);
#2469=FACE_BOUND('',#2132,.T.);
#2470=FACE_BOUND('',#2133,.T.);
#2471=FACE_BOUND('',#2134,.T.);
#2472=FACE_BOUND('',#2135,.T.);
#2473=FACE_BOUND('',#2136,.T.);
#2474=FACE_BOUND('',#2137,.T.);
#2475=FACE_BOUND('',#2138,.T.);
#2476=FACE_BOUND('',#2139,.T.);
#2477=FACE_BOUND('',#2140,.T.);
#2478=FACE_BOUND('',#2141,.T.);
#2479=FACE_BOUND('',#2142,.T.);
#2480=FACE_BOUND('',#2143,.T.);
#2481=FACE_BOUND('',#2144,.T.);
#2482=FACE_BOUND('',#2145,.T.);
#2483=FACE_BOUND('',#2146,.T.);
#2484=FACE_BOUND('',#2147,.T.);
#2485=FACE_BOUND('',#2148,.T.);
#2486=FACE_BOUND('',#2149,.T.);
#2487=FACE_BOUND('',#2150,.T.);
#2488=FACE_BOUND('',#2151,.T.);
#2489=FACE_BOUND('',#2152,.T.);
#2490=FACE_BOUND('',#2153,.T.);
#2491=FACE_BOUND('',#2154,.T.);
#2492=FACE_BOUND('',#2155,.T.);
#2493=FACE_BOUND('',#2156,.T.);
#2494=FACE_BOUND('',#2157,.T.);
#2495=FACE_BOUND('',#2158,.T.);
#2496=FACE_BOUND('',#2159,.T.);
#2497=FACE_BOUND('',#2160,.T.);
#2498=FACE_BOUND('',#2161,.T.);
#2499=FACE_BOUND('',#2162,.T.);
#2500=FACE_BOUND('',#2163,.T.);
#2501=FACE_BOUND('',#2164,.T.);
#2502=FACE_BOUND('',#2165,.T.);
#2503=FACE_BOUND('',#2166,.T.);
#2504=FACE_BOUND('',#2167,.T.);
#2505=FACE_BOUND('',#2168,.T.);
#2506=FACE_BOUND('',#2169,.T.);
#2507=FACE_BOUND('',#2170,.T.);
#2508=FACE_BOUND('',#2171,.T.);
#2509=FACE_BOUND('',#2172,.T.);
#2510=FACE_BOUND('',#2173,.T.);
#2511=FACE_BOUND('',#2174,.T.);
#2512=FACE_BOUND('',#2175,.T.);
#2513=FACE_BOUND('',#2176,.T.);
#2514=FACE_BOUND('',#2177,.T.);
#2515=FACE_BOUND('',#2178,.T.);
#2516=FACE_BOUND('',#2179,.T.);
#2517=FACE_BOUND('',#2180,.T.);
#2518=FACE_BOUND('',#2181,.T.);
#2519=FACE_BOUND('',#2182,.T.);
#2520=FACE_BOUND('',#2183,.T.);
#2521=FACE_BOUND('',#2184,.T.);
#2522=FACE_BOUND('',#2185,.T.);
#2523=FACE_BOUND('',#2186,.T.);
#2524=FACE_BOUND('',#2187,.T.);
#2525=FACE_BOUND('',#2188,.T.);
#2526=FACE_BOUND('',#2189,.T.);
#2527=FACE_BOUND('',#2190,.T.);
#2528=FACE_BOUND('',#2191,.T.);
#2529=FACE_BOUND('',#2192,.T.);
#2530=FACE_BOUND('',#2193,.T.);
#2531=FACE_BOUND('',#2194,.T.);
#2532=FACE_BOUND('',#2195,.T.);
#2533=FACE_BOUND('',#2196,.T.);
#2534=FACE_BOUND('',#2197,.T.);
#2535=FACE_BOUND('',#2198,.T.);
#2536=FACE_BOUND('',#2199,.T.);
#2537=FACE_BOUND('',#2200,.T.);
#2538=FACE_BOUND('',#2201,.T.);
#2539=FACE_BOUND('',#2202,.T.);
#2540=FACE_BOUND('',#2203,.T.);
#2541=FACE_BOUND('',#2204,.T.);
#2542=FACE_BOUND('',#2205,.T.);
#2543=FACE_BOUND('',#2206,.T.);
#2544=FACE_BOUND('',#2207,.T.);
#2545=FACE_BOUND('',#2208,.T.);
#2546=FACE_BOUND('',#2209,.T.);
#2547=FACE_BOUND('',#2210,.T.);
#2548=FACE_BOUND('',#2211,.T.);
#2549=FACE_BOUND('',#2212,.T.);
#2550=FACE_BOUND('',#2213,.T.);
#2551=FACE_BOUND('',#2214,.T.);
#2552=FACE_BOUND('',#2215,.T.);
#2553=FACE_BOUND('',#2216,.T.);
#2554=FACE_BOUND('',#2217,.T.);
#2555=FACE_BOUND('',#2218,.T.);
#2556=FACE_BOUND('',#2219,.T.);
#2557=FACE_BOUND('',#2220,.T.);
#2558=FACE_BOUND('',#2221,.T.);
#2559=FACE_BOUND('',#2222,.T.);
#2560=FACE_BOUND('',#2223,.T.);
#2561=FACE_BOUND('',#2224,.T.);
#2562=FACE_BOUND('',#2225,.T.);
#2563=FACE_BOUND('',#2226,.T.);
#2564=FACE_BOUND('',#2227,.T.);
#2565=FACE_BOUND('',#2228,.T.);
#2566=FACE_BOUND('',#2229,.T.);
#2567=FACE_BOUND('',#2230,.T.);
#2568=FACE_BOUND('',#2231,.T.);
#2569=FACE_BOUND('',#2232,.T.);
#2570=FACE_BOUND('',#2233,.T.);
#2571=FACE_BOUND('',#2234,.T.);
#2572=FACE_BOUND('',#2235,.T.);
#2573=FACE_BOUND('',#2236,.T.);
#2574=FACE_BOUND('',#2237,.T.);
#2575=FACE_BOUND('',#2238,.T.);
#2576=FACE_BOUND('',#2239,.T.);
#2577=FACE_BOUND('',#2240,.T.);
#2578=FACE_BOUND('',#2241,.T.);
#2579=FACE_BOUND('',#2242,.T.);
#2580=FACE_BOUND('',#2243,.T.);
#2581=FACE_BOUND('',#2244,.T.);
#2582=FACE_BOUND('',#2245,.T.);
#2583=FACE_BOUND('',#2246,.T.);
#2584=FACE_BOUND('',#2247,.T.);
#2585=FACE_BOUND('',#2248,.T.);
#2586=FACE_BOUND('',#2249,.T.);
#2587=FACE_BOUND('',#2250,.T.);
#2588=FACE_BOUND('',#2251,.T.);
#2589=FACE_BOUND('',#2252,.T.);
#2590=FACE_BOUND('',#2253,.T.);
#2591=FACE_BOUND('',#2254,.T.);
#2592=FACE_BOUND('',#2255,.T.);
#2593=FACE_BOUND('',#2256,.T.);
#2594=FACE_BOUND('',#2257,.T.);
#2595=FACE_BOUND('',#2258,.T.);
#2596=FACE_BOUND('',#2259,.T.);
#2597=FACE_BOUND('',#2260,.T.);
#2598=FACE_BOUND('',#2261,.T.);
#2599=FACE_BOUND('',#2262,.T.);
#2600=FACE_BOUND('',#2263,.T.);
#2601=FACE_BOUND('',#2264,.T.);
#2602=FACE_BOUND('',#2265,.T.);
#2603=FACE_BOUND('',#2266,.T.);
#2604=FACE_BOUND('',#2267,.T.);
#2605=FACE_BOUND('',#2268,.T.);
#2606=FACE_BOUND('',#2269,.T.);
#2607=FACE_BOUND('',#2270,.T.);
#2608=FACE_BOUND('',#2271,.T.);
#2609=FACE_BOUND('',#2272,.T.);
#2610=FACE_BOUND('',#2273,.T.);
#2611=FACE_BOUND('',#2274,.T.);
#2612=FACE_BOUND('',#2275,.T.);
#2613=FACE_BOUND('',#2276,.T.);
#2614=FACE_BOUND('',#2277,.T.);
#2615=FACE_BOUND('',#2278,.T.);
#2616=FACE_BOUND('',#2279,.T.);
#2617=FACE_BOUND('',#2280,.T.);
#2618=FACE_BOUND('',#2281,.T.);
#2619=FACE_BOUND('',#2282,.T.);
#2620=FACE_BOUND('',#2283,.T.);
#2621=FACE_BOUND('',#2284,.T.);
#2622=FACE_BOUND('',#2285,.T.);
#2623=FACE_BOUND('',#2286,.T.);
#2624=FACE_BOUND('',#2287,.T.);
#2625=FACE_BOUND('',#2288,.T.);
#2626=FACE_BOUND('',#2289,.T.);
#2627=FACE_BOUND('',#2290,.T.);
#2628=FACE_BOUND('',#2291,.T.);
#2629=FACE_BOUND('',#2292,.T.);
#2630=FACE_BOUND('',#2293,.T.);
#2631=FACE_BOUND('',#2294,.T.);
#2632=FACE_BOUND('',#2295,.T.);
#2633=FACE_BOUND('',#2296,.T.);
#2634=FACE_BOUND('',#2297,.T.);
#2635=FACE_BOUND('',#2298,.T.);
#2636=FACE_BOUND('',#2299,.T.);
#2637=FACE_BOUND('',#2300,.T.);
#2638=FACE_BOUND('',#2301,.T.);
#2639=FACE_BOUND('',#2302,.T.);
#2640=FACE_BOUND('',#2303,.T.);
#2641=FACE_BOUND('',#2304,.T.);
#2642=FACE_BOUND('',#2305,.T.);
#2643=FACE_BOUND('',#2306,.T.);
#2644=FACE_BOUND('',#2307,.T.);
#2645=FACE_BOUND('',#2308,.T.);
#2646=FACE_BOUND('',#2309,.T.);
#2647=FACE_BOUND('',#2310,.T.);
#2648=FACE_BOUND('',#2311,.T.);
#2649=FACE_BOUND('',#2312,.T.);
#2650=FACE_BOUND('',#2313,.T.);
#2651=FACE_BOUND('',#2314,.T.);
#2652=FACE_BOUND('',#2315,.T.);
#2653=FACE_BOUND('',#2316,.T.);
#2654=FACE_BOUND('',#2317,.T.);
#2655=FACE_BOUND('',#2318,.T.);
#2656=FACE_BOUND('',#2319,.T.);
#2657=FACE_BOUND('',#2320,.T.);
#2658=FACE_BOUND('',#2321,.T.);
#2659=FACE_BOUND('',#2322,.T.);
#2660=FACE_BOUND('',#2323,.T.);
#2661=FACE_BOUND('',#2324,.T.);
#2662=FACE_BOUND('',#2325,.T.);
#2663=FACE_BOUND('',#2326,.T.);
#2664=PLANE('',#2987);
#2665=PLANE('',#2995);
#2666=PLANE('',#3000);
#2667=PLANE('',#3004);
#2668=PLANE('',#3016);
#2669=PLANE('',#3020);
#2670=PLANE('',#3024);
#2671=PLANE('',#3041);
#2672=PLANE('',#3046);
#2673=PLANE('',#3050);
#2674=PLANE('',#3071);
#2675=PLANE('',#3084);
#2676=PLANE('',#3089);
#2677=PLANE('',#3094);
#2678=PLANE('',#3105);
#2679=PLANE('',#3112);
#2680=PLANE('',#3224);
#2681=PLANE('',#3227);
#2682=PLANE('',#3228);
#2683=PLANE('',#3229);
#2684=PLANE('',#3230);
#2685=PLANE('',#3236);
#2686=PLANE('',#3240);
#2687=PLANE('',#3242);
#2688=PLANE('',#3243);
#2689=PLANE('',#3246);
#2690=PLANE('',#3252);
#2691=PLANE('',#3260);
#2692=PLANE('',#3269);
#2693=PLANE('',#3278);
#2694=PLANE('',#3281);
#2695=PLANE('',#3284);
#2696=PLANE('',#3287);
#2697=PLANE('',#3290);
#2698=PLANE('',#3293);
#2699=PLANE('',#3320);
#2700=PLANE('',#3323);
#2701=PLANE('',#3326);
#2702=PLANE('',#3327);
#2703=PLANE('',#3328);
#2704=PLANE('',#3329);
#2705=PLANE('',#3330);
#2706=PLANE('',#3331);
#2707=PLANE('',#3332);
#2708=PLANE('',#3333);
#2709=PLANE('',#3334);
#2710=PLANE('',#3335);
#2711=PLANE('',#3336);
#2712=PLANE('',#3337);
#2713=PLANE('',#3338);
#2714=PLANE('',#3339);
#2715=PLANE('',#3340);
#2716=PLANE('',#3341);
#2717=PLANE('',#3342);
#2718=PLANE('',#3343);
#2719=PLANE('',#3353);
#2720=PLANE('',#3369);
#2721=PLANE('',#3372);
#2722=ADVANCED_FACE('',(#2327,#2328),#2664,.T.);
#2723=ADVANCED_FACE('',(#2329,#2330),#400,.F.);
#2724=ADVANCED_FACE('',(#2331,#2332),#401,.T.);
#2725=ADVANCED_FACE('',(#2333,#2334),#2665,.F.);
#2726=ADVANCED_FACE('',(#2335,#2336),#402,.F.);
#2727=ADVANCED_FACE('',(#2337,#2338),#2666,.T.);
#2728=ADVANCED_FACE('',(#2339,#2340),#354,.T.);
#2729=ADVANCED_FACE('',(#2341,#2342),#355,.F.);
#2730=ADVANCED_FACE('',(#2343,#2344),#2667,.T.);
#2731=ADVANCED_FACE('',(#2345,#2346),#403,.T.);
#2732=ADVANCED_FACE('',(#2347,#2348),#404,.T.);
#2733=ADVANCED_FACE('',(#2349,#2350),#405,.T.);
#2734=ADVANCED_FACE('',(#2351,#2352),#2668,.T.);
#2735=ADVANCED_FACE('',(#2353,#2354),#406,.T.);
#2736=ADVANCED_FACE('',(#2355,#2356),#2669,.T.);
#2737=ADVANCED_FACE('',(#2357,#2358),#407,.T.);
#2738=ADVANCED_FACE('',(#2359,#2360),#2670,.T.);
#2739=ADVANCED_FACE('',(#2361,#2362),#408,.T.);
#2740=ADVANCED_FACE('',(#2363,#2364),#409,.T.);
#2741=ADVANCED_FACE('',(#2365,#2366),#410,.F.);
#2742=ADVANCED_FACE('',(#2367,#2368),#411,.F.);
#2743=ADVANCED_FACE('',(#2369,#2370),#412,.F.);
#2744=ADVANCED_FACE('',(#2371,#2372),#2671,.T.);
#2745=ADVANCED_FACE('',(#2373,#2374),#413,.F.);
#2746=ADVANCED_FACE('',(#2375,#2376),#2672,.T.);
#2747=ADVANCED_FACE('',(#2377,#2378),#414,.F.);
#2748=ADVANCED_FACE('',(#2379,#2380),#2673,.T.);
#2749=ADVANCED_FACE('',(#2381,#2382),#415,.F.);
#2750=ADVANCED_FACE('',(#2383,#2384),#416,.F.);
#2751=ADVANCED_FACE('',(#2385),#417,.F.);
#2752=ADVANCED_FACE('',(#2386),#134,.T.);
#2753=ADVANCED_FACE('',(#2387),#418,.F.);
#2754=ADVANCED_FACE('',(#2388),#135,.T.);
#2755=ADVANCED_FACE('',(#2389),#419,.F.);
#2756=ADVANCED_FACE('',(#2390),#136,.T.);
#2757=ADVANCED_FACE('',(#2391),#420,.F.);
#2758=ADVANCED_FACE('',(#2392),#137,.T.);
#2759=ADVANCED_FACE('',(#2393),#421,.F.);
#2760=ADVANCED_FACE('',(#2394),#138,.T.);
#2761=ADVANCED_FACE('',(#2395),#422,.F.);
#2762=ADVANCED_FACE('',(#2396),#139,.T.);
#2763=ADVANCED_FACE('',(#2397,#2398),#2674,.T.);
#2764=ADVANCED_FACE('',(#2399,#2400),#423,.F.);
#2765=ADVANCED_FACE('',(#2401,#2402,#2403,#2404,#2405,#2406,#2407,#2408,
#2409,#2410,#2411,#2412,#2413,#2414,#2415,#2416,#2417,#2418,#2419,#2420,
#2421,#2422),#424,.T.);
#2766=ADVANCED_FACE('',(#2423,#2424),#425,.F.);
#2767=ADVANCED_FACE('',(#2425,#2426),#2675,.F.);
#2768=ADVANCED_FACE('',(#2427,#2428),#426,.F.);
#2769=ADVANCED_FACE('',(#2429,#2430),#2676,.T.);
#2770=ADVANCED_FACE('',(#2431,#2432),#356,.T.);
#2771=ADVANCED_FACE('',(#2433,#2434,#2435),#2677,.T.);
#2772=ADVANCED_FACE('',(#2436,#2437),#427,.F.);
#2773=ADVANCED_FACE('',(#2438,#2439),#428,.T.);
#2774=ADVANCED_FACE('',(#2440,#2441),#2678,.T.);
#2775=ADVANCED_FACE('',(#2442,#2443),#357,.F.);
#2776=ADVANCED_FACE('',(#2444,#2445),#429,.F.);
#2777=ADVANCED_FACE('',(#2446,#2447),#2679,.T.);
#2778=ADVANCED_FACE('',(#2448,#2449),#358,.T.);
#2779=ADVANCED_FACE('',(#2450,#2451),#359,.T.);
#2780=ADVANCED_FACE('',(#2452),#430,.F.);
#2781=ADVANCED_FACE('',(#2453),#22,.T.);
#2782=ADVANCED_FACE('',(#2454),#23,.T.);
#2783=ADVANCED_FACE('',(#2455),#431,.F.);
#2784=ADVANCED_FACE('',(#2456),#24,.T.);
#2785=ADVANCED_FACE('',(#2457),#25,.T.);
#2786=ADVANCED_FACE('',(#2458),#432,.F.);
#2787=ADVANCED_FACE('',(#2459),#26,.T.);
#2788=ADVANCED_FACE('',(#2460),#27,.T.);
#2789=ADVANCED_FACE('',(#2461),#433,.F.);
#2790=ADVANCED_FACE('',(#2462),#28,.T.);
#2791=ADVANCED_FACE('',(#2463),#29,.T.);
#2792=ADVANCED_FACE('',(#2464),#434,.F.);
#2793=ADVANCED_FACE('',(#2465),#30,.T.);
#2794=ADVANCED_FACE('',(#2466),#31,.T.);
#2795=ADVANCED_FACE('',(#2467),#435,.F.);
#2796=ADVANCED_FACE('',(#2468),#32,.T.);
#2797=ADVANCED_FACE('',(#2469),#33,.T.);
#2798=ADVANCED_FACE('',(#2470),#436,.F.);
#2799=ADVANCED_FACE('',(#2471),#34,.T.);
#2800=ADVANCED_FACE('',(#2472),#35,.T.);
#2801=ADVANCED_FACE('',(#2473),#437,.F.);
#2802=ADVANCED_FACE('',(#2474),#36,.T.);
#2803=ADVANCED_FACE('',(#2475),#37,.T.);
#2804=ADVANCED_FACE('',(#2476),#438,.F.);
#2805=ADVANCED_FACE('',(#2477),#38,.T.);
#2806=ADVANCED_FACE('',(#2478),#39,.T.);
#2807=ADVANCED_FACE('',(#2479),#439,.F.);
#2808=ADVANCED_FACE('',(#2480),#40,.T.);
#2809=ADVANCED_FACE('',(#2481),#41,.T.);
#2810=ADVANCED_FACE('',(#2482),#440,.F.);
#2811=ADVANCED_FACE('',(#2483),#42,.T.);
#2812=ADVANCED_FACE('',(#2484),#43,.T.);
#2813=ADVANCED_FACE('',(#2485),#441,.F.);
#2814=ADVANCED_FACE('',(#2486),#44,.T.);
#2815=ADVANCED_FACE('',(#2487),#45,.T.);
#2816=ADVANCED_FACE('',(#2488),#442,.F.);
#2817=ADVANCED_FACE('',(#2489),#46,.T.);
#2818=ADVANCED_FACE('',(#2490),#47,.T.);
#2819=ADVANCED_FACE('',(#2491),#443,.F.);
#2820=ADVANCED_FACE('',(#2492),#48,.T.);
#2821=ADVANCED_FACE('',(#2493),#49,.T.);
#2822=ADVANCED_FACE('',(#2494),#444,.F.);
#2823=ADVANCED_FACE('',(#2495),#50,.T.);
#2824=ADVANCED_FACE('',(#2496),#51,.T.);
#2825=ADVANCED_FACE('',(#2497),#445,.F.);
#2826=ADVANCED_FACE('',(#2498),#52,.T.);
#2827=ADVANCED_FACE('',(#2499),#53,.T.);
#2828=ADVANCED_FACE('',(#2500),#446,.F.);
#2829=ADVANCED_FACE('',(#2501),#54,.T.);
#2830=ADVANCED_FACE('',(#2502),#55,.T.);
#2831=ADVANCED_FACE('',(#2503),#447,.F.);
#2832=ADVANCED_FACE('',(#2504),#56,.T.);
#2833=ADVANCED_FACE('',(#2505),#57,.T.);
#2834=ADVANCED_FACE('',(#2506),#448,.F.);
#2835=ADVANCED_FACE('',(#2507),#58,.T.);
#2836=ADVANCED_FACE('',(#2508),#59,.T.);
#2837=ADVANCED_FACE('',(#2509),#449,.F.);
#2838=ADVANCED_FACE('',(#2510),#60,.T.);
#2839=ADVANCED_FACE('',(#2511),#61,.T.);
#2840=ADVANCED_FACE('',(#2512,#2513),#450,.F.);
#2841=ADVANCED_FACE('',(#2514,#2515),#360,.F.);
#2842=ADVANCED_FACE('',(#2516,#2517),#361,.F.);
#2843=ADVANCED_FACE('',(#2518,#2519),#362,.F.);
#2844=ADVANCED_FACE('',(#2520),#451,.F.);
#2845=ADVANCED_FACE('',(#2521,#2522),#2680,.T.);
#2846=ADVANCED_FACE('',(#2523),#452,.F.);
#2847=ADVANCED_FACE('',(#2524),#140,.T.);
#2848=ADVANCED_FACE('',(#2525),#141,.T.);
#2849=ADVANCED_FACE('',(#2526),#2681,.F.);
#2850=ADVANCED_FACE('',(#2527),#2682,.F.);
#2851=ADVANCED_FACE('',(#2528),#2683,.F.);
#2852=ADVANCED_FACE('',(#2529),#2684,.F.);
#2853=ADVANCED_FACE('',(#2530,#2531),#363,.F.);
#2854=ADVANCED_FACE('',(#2532,#2533),#364,.F.);
#2855=ADVANCED_FACE('',(#2534,#2535),#365,.F.);
#2856=ADVANCED_FACE('',(#2536,#2537),#366,.T.);
#2857=ADVANCED_FACE('',(#2538,#2539),#367,.T.);
#2858=ADVANCED_FACE('',(#2540),#2685,.F.);
#2859=ADVANCED_FACE('',(#2541),#453,.F.);
#2860=ADVANCED_FACE('',(#2542),#2686,.T.);
#2861=ADVANCED_FACE('',(#2543),#368,.F.);
#2862=ADVANCED_FACE('',(#2544),#2687,.T.);
#2863=ADVANCED_FACE('',(#2545),#2688,.F.);
#2864=ADVANCED_FACE('',(#2546),#369,.F.);
#2865=ADVANCED_FACE('',(#2547),#370,.F.);
#2866=ADVANCED_FACE('',(#2548),#2689,.T.);
#2867=ADVANCED_FACE('',(#2549,#2550),#371,.F.);
#2868=ADVANCED_FACE('',(#2551,#2552),#454,.F.);
#2869=ADVANCED_FACE('',(#2553,#2554),#2690,.T.);
#2870=ADVANCED_FACE('',(#2555,#2556),#372,.F.);
#2871=ADVANCED_FACE('',(#2557,#2558),#373,.F.);
#2872=ADVANCED_FACE('',(#2559,#2560),#374,.F.);
#2873=ADVANCED_FACE('',(#2561,#2562),#375,.F.);
#2874=ADVANCED_FACE('',(#2563,#2564),#455,.T.);
#2875=ADVANCED_FACE('',(#2565,#2566),#2691,.T.);
#2876=ADVANCED_FACE('',(#2567,#2568),#376,.T.);
#2877=ADVANCED_FACE('',(#2569,#2570),#377,.T.);
#2878=ADVANCED_FACE('',(#2571,#2572),#378,.T.);
#2879=ADVANCED_FACE('',(#2573,#2574),#379,.T.);
#2880=ADVANCED_FACE('',(#2575,#2576),#456,.T.);
#2881=ADVANCED_FACE('',(#2577,#2578),#457,.F.);
#2882=ADVANCED_FACE('',(#2579,#2580),#2692,.T.);
#2883=ADVANCED_FACE('',(#2581,#2582),#380,.T.);
#2884=ADVANCED_FACE('',(#2583,#2584),#381,.F.);
#2885=ADVANCED_FACE('',(#2585,#2586),#458,.F.);
#2886=ADVANCED_FACE('',(#2587),#2693,.T.);
#2887=ADVANCED_FACE('',(#2588),#2694,.T.);
#2888=ADVANCED_FACE('',(#2589),#2695,.T.);
#2889=ADVANCED_FACE('',(#2590),#2696,.F.);
#2890=ADVANCED_FACE('',(#2591),#2697,.F.);
#2891=ADVANCED_FACE('',(#2592),#2698,.F.);
#2892=ADVANCED_FACE('',(#2593),#382,.T.);
#2893=ADVANCED_FACE('',(#2594),#383,.T.);
#2894=ADVANCED_FACE('',(#2595),#384,.T.);
#2895=ADVANCED_FACE('',(#2596),#385,.T.);
#2896=ADVANCED_FACE('',(#2597),#386,.T.);
#2897=ADVANCED_FACE('',(#2598),#387,.T.);
#2898=ADVANCED_FACE('',(#2599,#2600,#2601,#2602,#2603),#459,.T.);
#2899=ADVANCED_FACE('',(#2604,#2605),#2699,.T.);
#2900=ADVANCED_FACE('',(#2606,#2607),#2700,.F.);
#2901=ADVANCED_FACE('',(#2608),#2701,.T.);
#2902=ADVANCED_FACE('',(#2609),#2702,.F.);
#2903=ADVANCED_FACE('',(#2610),#2703,.F.);
#2904=ADVANCED_FACE('',(#2611),#2704,.T.);
#2905=ADVANCED_FACE('',(#2612),#2705,.T.);
#2906=ADVANCED_FACE('',(#2613),#2706,.F.);
#2907=ADVANCED_FACE('',(#2614),#2707,.T.);
#2908=ADVANCED_FACE('',(#2615),#2708,.T.);
#2909=ADVANCED_FACE('',(#2616),#2709,.T.);
#2910=ADVANCED_FACE('',(#2617),#2710,.T.);
#2911=ADVANCED_FACE('',(#2618),#2711,.T.);
#2912=ADVANCED_FACE('',(#2619),#2712,.T.);
#2913=ADVANCED_FACE('',(#2620),#2713,.T.);
#2914=ADVANCED_FACE('',(#2621),#2714,.T.);
#2915=ADVANCED_FACE('',(#2622),#2715,.T.);
#2916=ADVANCED_FACE('',(#2623),#2716,.T.);
#2917=ADVANCED_FACE('',(#2624),#2717,.T.);
#2918=ADVANCED_FACE('',(#2625),#2718,.T.);
#2919=ADVANCED_FACE('',(#2626,#2627),#388,.F.);
#2920=ADVANCED_FACE('',(#2628,#2629),#389,.F.);
#2921=ADVANCED_FACE('',(#2630,#2631),#460,.F.);
#2922=ADVANCED_FACE('',(#2632,#2633),#461,.T.);
#2923=ADVANCED_FACE('',(#2634,#2635),#2719,.T.);
#2924=ADVANCED_FACE('',(#2636,#2637),#390,.T.);
#2925=ADVANCED_FACE('',(#2638,#2639),#391,.F.);
#2926=ADVANCED_FACE('',(#2640,#2641),#392,.T.);
#2927=ADVANCED_FACE('',(#2642,#2643),#393,.F.);
#2928=ADVANCED_FACE('',(#2644,#2645),#394,.T.);
#2929=ADVANCED_FACE('',(#2646,#2647),#395,.T.);
#2930=ADVANCED_FACE('',(#2648,#2649),#462,.F.);
#2931=ADVANCED_FACE('',(#2650,#2651),#463,.T.);
#2932=ADVANCED_FACE('',(#2652,#2653),#2720,.T.);
#2933=ADVANCED_FACE('',(#2654,#2655),#2721,.F.);
#2934=ADVANCED_FACE('',(#2656,#2657),#396,.T.);
#2935=ADVANCED_FACE('',(#2658,#2659),#397,.T.);
#2936=ADVANCED_FACE('',(#2660,#2661),#398,.F.);
#2937=ADVANCED_FACE('',(#2662,#2663),#399,.F.);
#2938=CLOSED_SHELL('',(#2722,#2723,#2724,#2725,#2726,#2727,#2728,#2729));
#2939=CLOSED_SHELL('',(#2730,#2731,#2732,#2733,#2734,#2735,#2736,#2737,
#2738,#2739,#2740,#2741,#2742,#2743,#2744,#2745,#2746,#2747,#2748,#2749,
#2750,#2751,#2752,#2753,#2754,#2755,#2756,#2757,#2758,#2759,#2760,#2761,
#2762,#2763,#2764,#2765,#2766,#2767,#2768,#2769,#2770,#2771,#2772,#2773,
#2774,#2775,#2776,#2777,#2778,#2779,#2780,#2781,#2782,#2783,#2784,#2785,
#2786,#2787,#2788,#2789,#2790,#2791,#2792,#2793,#2794,#2795,#2796,#2797,
#2798,#2799,#2800,#2801,#2802,#2803,#2804,#2805,#2806,#2807,#2808,#2809,
#2810,#2811,#2812,#2813,#2814,#2815,#2816,#2817,#2818,#2819,#2820,#2821,
#2822,#2823,#2824,#2825,#2826,#2827,#2828,#2829,#2830,#2831,#2832,#2833,
#2834,#2835,#2836,#2837,#2838,#2839,#2840,#2841,#2842,#2843,#2844,#2845,
#2846,#2847,#2848,#2849,#2850,#2851,#2852,#2853,#2854,#2855,#2856,#2857,
#2858,#2859,#2860,#2861,#2862,#2863,#2864,#2865,#2866,#2867,#2868,#2869,
#2870,#2871,#2872,#2873,#2874,#2875,#2876,#2877,#2878,#2879,#2880,#2881,
#2882,#2883,#2884));
#2940=CLOSED_SHELL('',(#2885,#2886,#2887,#2888,#2889,#2890,#2891,#2892,
#2893,#2894,#2895,#2896,#2897,#2898,#2899,#2900,#2901,#2902,#2903,#2904,
#2905,#2906,#2907,#2908,#2909,#2910,#2911,#2912,#2913,#2914,#2915,#2916,
#2917,#2918,#2919,#2920,#2921,#2922,#2923,#2924,#2925,#2926,#2927,#2928,
#2929));
#2941=CLOSED_SHELL('',(#2930,#2931,#2932,#2933,#2934,#2935,#2936,#2937));
#2942=STYLED_ITEM('',(#2946),#2974);
#2943=STYLED_ITEM('',(#2947),#2975);
#2944=STYLED_ITEM('',(#2948),#2976);
#2945=STYLED_ITEM('',(#2949),#2977);
#2946=PRESENTATION_STYLE_ASSIGNMENT((#2950));
#2947=PRESENTATION_STYLE_ASSIGNMENT((#2951));
#2948=PRESENTATION_STYLE_ASSIGNMENT((#2952));
#2949=PRESENTATION_STYLE_ASSIGNMENT((#2953));
#2950=SURFACE_STYLE_USAGE(.BOTH.,#2954);
#2951=SURFACE_STYLE_USAGE(.BOTH.,#2955);
#2952=SURFACE_STYLE_USAGE(.BOTH.,#2956);
#2953=SURFACE_STYLE_USAGE(.BOTH.,#2957);
#2954=SURFACE_SIDE_STYLE('',(#2958));
#2955=SURFACE_SIDE_STYLE('',(#2959));
#2956=SURFACE_SIDE_STYLE('',(#2960));
#2957=SURFACE_SIDE_STYLE('',(#2961));
#2958=SURFACE_STYLE_FILL_AREA(#2962);
#2959=SURFACE_STYLE_FILL_AREA(#2963);
#2960=SURFACE_STYLE_FILL_AREA(#2964);
#2961=SURFACE_STYLE_FILL_AREA(#2965);
#2962=FILL_AREA_STYLE('',(#2966));
#2963=FILL_AREA_STYLE('',(#2967));
#2964=FILL_AREA_STYLE('',(#2968));
#2965=FILL_AREA_STYLE('',(#2969));
#2966=FILL_AREA_STYLE_COLOUR('',#2970);
#2967=FILL_AREA_STYLE_COLOUR('',#2971);
#2968=FILL_AREA_STYLE_COLOUR('',#2972);
#2969=FILL_AREA_STYLE_COLOUR('',#2973);
#2970=COLOUR_RGB('',0.917647058823529,0.917647058823529,0.917647058823529);
#2971=COLOUR_RGB('',0.615686274509804,0.811764705882353,0.929411764705882);
#2972=COLOUR_RGB('',0.647058823529412,0.647058823529412,0.647058823529412);
#2973=COLOUR_RGB('',0.231372549019608,0.380392156862745,0.705882352941177);
#2974=MANIFOLD_SOLID_BREP('Ring3',#2938);
#2975=MANIFOLD_SOLID_BREP('Lens_Holder',#2939);
#2976=MANIFOLD_SOLID_BREP('Ring1',#2940);
#2977=MANIFOLD_SOLID_BREP('Ring2',#2941);
#2978=SHAPE_DEFINITION_REPRESENTATION(#7310,#2982);
#2979=SHAPE_DEFINITION_REPRESENTATION(#7311,#2983);
#2980=SHAPE_DEFINITION_REPRESENTATION(#7312,#2984);
#2981=SHAPE_DEFINITION_REPRESENTATION(#7313,#2985);
#2982=SHAPE_REPRESENTATION('Ring3',(#2986),#7290);
#2983=SHAPE_REPRESENTATION('Lens_Holder',(#3003),#7291);
#2984=SHAPE_REPRESENTATION('Ring1',(#3274),#7292);
#2985=SHAPE_REPRESENTATION('Ring2',(#3362),#7293);
#2986=AXIS2_PLACEMENT_3D('',#4259,#3379,#3380);
#2987=AXIS2_PLACEMENT_3D('',#4260,#3381,#3382);
#2988=AXIS2_PLACEMENT_3D('',#4261,#3383,#3384);
#2989=AXIS2_PLACEMENT_3D('',#4263,#3385,#3386);
#2990=AXIS2_PLACEMENT_3D('',#4265,#3387,#3388);
#2991=AXIS2_PLACEMENT_3D('',#4266,#3389,#3390);
#2992=AXIS2_PLACEMENT_3D('',#4268,#3391,#3392);
#2993=AXIS2_PLACEMENT_3D('',#4269,#3393,#3394);
#2994=AXIS2_PLACEMENT_3D('',#4271,#3395,#3396);
#2995=AXIS2_PLACEMENT_3D('',#4273,#3397,#3398);
#2996=AXIS2_PLACEMENT_3D('',#4274,#3399,#3400);
#2997=AXIS2_PLACEMENT_3D('',#4276,#3401,#3402);
#2998=AXIS2_PLACEMENT_3D('',#4278,#3403,#3404);
#2999=AXIS2_PLACEMENT_3D('',#4279,#3405,#3406);
#3000=AXIS2_PLACEMENT_3D('',#4281,#3407,#3408);
#3001=AXIS2_PLACEMENT_3D('',#4282,#3409,#3410);
#3002=AXIS2_PLACEMENT_3D('',#4283,#3411,#3412);
#3003=AXIS2_PLACEMENT_3D('',#4284,#3413,#3414);
#3004=AXIS2_PLACEMENT_3D('',#4285,#3415,#3416);
#3005=AXIS2_PLACEMENT_3D('',#4286,#3417,#3418);
#3006=AXIS2_PLACEMENT_3D('',#4288,#3419,#3420);
#3007=AXIS2_PLACEMENT_3D('',#4290,#3421,#3422);
#3008=AXIS2_PLACEMENT_3D('',#4291,#3423,#3424);
#3009=AXIS2_PLACEMENT_3D('',#4293,#3425,#3426);
#3010=AXIS2_PLACEMENT_3D('',#4295,#3427,#3428);
#3011=AXIS2_PLACEMENT_3D('',#4296,#3429,#3430);
#3012=AXIS2_PLACEMENT_3D('',#4298,#3431,#3432);
#3013=AXIS2_PLACEMENT_3D('',#4300,#3433,#3434);
#3014=AXIS2_PLACEMENT_3D('',#4301,#3435,#3436);
#3015=AXIS2_PLACEMENT_3D('',#4303,#3437,#3438);
#3016=AXIS2_PLACEMENT_3D('',#4305,#3439,#3440);
#3017=AXIS2_PLACEMENT_3D('',#4306,#3441,#3442);
#3018=AXIS2_PLACEMENT_3D('',#4308,#3443,#3444);
#3019=AXIS2_PLACEMENT_3D('',#4309,#3445,#3446);
#3020=AXIS2_PLACEMENT_3D('',#4311,#3447,#3448);
#3021=AXIS2_PLACEMENT_3D('',#4312,#3449,#3450);
#3022=AXIS2_PLACEMENT_3D('',#4314,#3451,#3452);
#3023=AXIS2_PLACEMENT_3D('',#4315,#3453,#3454);
#3024=AXIS2_PLACEMENT_3D('',#4317,#3455,#3456);
#3025=AXIS2_PLACEMENT_3D('',#4318,#3457,#3458);
#3026=AXIS2_PLACEMENT_3D('',#4320,#3459,#3460);
#3027=AXIS2_PLACEMENT_3D('',#4322,#3461,#3462);
#3028=AXIS2_PLACEMENT_3D('',#4323,#3463,#3464);
#3029=AXIS2_PLACEMENT_3D('',#4325,#3465,#3466);
#3030=AXIS2_PLACEMENT_3D('',#4326,#3467,#3468);
#3031=AXIS2_PLACEMENT_3D('',#4328,#3469,#3470);
#3032=AXIS2_PLACEMENT_3D('',#4330,#3471,#3472);
#3033=AXIS2_PLACEMENT_3D('',#4331,#3473,#3474);
#3034=AXIS2_PLACEMENT_3D('',#4333,#3475,#3476);
#3035=AXIS2_PLACEMENT_3D('',#4335,#3477,#3478);
#3036=AXIS2_PLACEMENT_3D('',#4336,#3479,#3480);
#3037=AXIS2_PLACEMENT_3D('',#4338,#3481,#3482);
#3038=AXIS2_PLACEMENT_3D('',#4340,#3483,#3484);
#3039=AXIS2_PLACEMENT_3D('',#4341,#3485,#3486);
#3040=AXIS2_PLACEMENT_3D('',#4343,#3487,#3488);
#3041=AXIS2_PLACEMENT_3D('',#4345,#3489,#3490);
#3042=AXIS2_PLACEMENT_3D('',#4346,#3491,#3492);
#3043=AXIS2_PLACEMENT_3D('',#4348,#3493,#3494);
#3044=AXIS2_PLACEMENT_3D('',#4350,#3495,#3496);
#3045=AXIS2_PLACEMENT_3D('',#4351,#3497,#3498);
#3046=AXIS2_PLACEMENT_3D('',#4353,#3499,#3500);
#3047=AXIS2_PLACEMENT_3D('',#4354,#3501,#3502);
#3048=AXIS2_PLACEMENT_3D('',#4356,#3503,#3504);
#3049=AXIS2_PLACEMENT_3D('',#4357,#3505,#3506);
#3050=AXIS2_PLACEMENT_3D('',#4359,#3507,#3508);
#3051=AXIS2_PLACEMENT_3D('',#4360,#3509,#3510);
#3052=AXIS2_PLACEMENT_3D('',#4362,#3511,#3512);
#3053=AXIS2_PLACEMENT_3D('',#4363,#3513,#3514);
#3054=AXIS2_PLACEMENT_3D('',#4365,#3515,#3516);
#3055=AXIS2_PLACEMENT_3D('',#4366,#3517,#3518);
#3056=AXIS2_PLACEMENT_3D('',#4368,#3519,#3520);
#3057=AXIS2_PLACEMENT_3D('',#4369,#3521,#3522);
#3058=AXIS2_PLACEMENT_3D('',#4422,#3523,#3524);
#3059=AXIS2_PLACEMENT_3D('',#4620,#3526,#3527);
#3060=AXIS2_PLACEMENT_3D('',#4673,#3529,#3530);
#3061=AXIS2_PLACEMENT_3D('',#4826,#3531,#3532);
#3062=AXIS2_PLACEMENT_3D('',#4827,#3533,#3534);
#3063=AXIS2_PLACEMENT_3D('',#4879,#3535,#3536);
#3064=AXIS2_PLACEMENT_3D('',#5077,#3538,#3539);
#3065=AXIS2_PLACEMENT_3D('',#5130,#3541,#3542);
#3066=AXIS2_PLACEMENT_3D('',#5233,#3543,#3544);
#3067=AXIS2_PLACEMENT_3D('',#5234,#3545,#3546);
#3068=AXIS2_PLACEMENT_3D('',#5286,#3547,#3548);
#3069=AXIS2_PLACEMENT_3D('',#5484,#3550,#3551);
#3070=AXIS2_PLACEMENT_3D('',#5537,#3553,#3554);
#3071=AXIS2_PLACEMENT_3D('',#5640,#3555,#3556);
#3072=AXIS2_PLACEMENT_3D('',#5641,#3557,#3558);
#3073=AXIS2_PLACEMENT_3D('',#5648,#3559,#3560);
#3074=AXIS2_PLACEMENT_3D('',#5655,#3561,#3562);
#3075=AXIS2_PLACEMENT_3D('',#5656,#3563,#3564);
#3076=AXIS2_PLACEMENT_3D('',#5657,#3565,#3566);
#3077=AXIS2_PLACEMENT_3D('',#5659,#3567,#3568);
#3078=AXIS2_PLACEMENT_3D('',#5661,#3569,#3570);
#3079=AXIS2_PLACEMENT_3D('',#5662,#3571,#3572);
#3080=AXIS2_PLACEMENT_3D('',#5664,#3573,#3574);
#3081=AXIS2_PLACEMENT_3D('',#6426,#3615,#3616);
#3082=AXIS2_PLACEMENT_3D('',#6427,#3617,#3618);
#3083=AXIS2_PLACEMENT_3D('',#6429,#3619,#3620);
#3084=AXIS2_PLACEMENT_3D('',#6431,#3621,#3622);
#3085=AXIS2_PLACEMENT_3D('',#6432,#3623,#3624);
#3086=AXIS2_PLACEMENT_3D('',#6434,#3625,#3626);
#3087=AXIS2_PLACEMENT_3D('',#6435,#3627,#3628);
#3088=AXIS2_PLACEMENT_3D('',#6437,#3629,#3630);
#3089=AXIS2_PLACEMENT_3D('',#6439,#3631,#3632);
#3090=AXIS2_PLACEMENT_3D('',#6440,#3633,#3634);
#3091=AXIS2_PLACEMENT_3D('',#6442,#3635,#3636);
#3092=AXIS2_PLACEMENT_3D('',#6444,#3637,#3638);
#3093=AXIS2_PLACEMENT_3D('',#6445,#3639,#3640);
#3094=AXIS2_PLACEMENT_3D('',#6447,#3641,#3642);
#3095=AXIS2_PLACEMENT_3D('',#6448,#3643,#3644);
#3096=AXIS2_PLACEMENT_3D('',#6453,#3646,#3647);
#3097=AXIS2_PLACEMENT_3D('',#6457,#3649,#3650);
#3098=AXIS2_PLACEMENT_3D('',#6458,#3651,#3652);
#3099=AXIS2_PLACEMENT_3D('',#6460,#3653,#3654);
#3100=AXIS2_PLACEMENT_3D('',#6461,#3655,#3656);
#3101=AXIS2_PLACEMENT_3D('',#6463,#3657,#3658);
#3102=AXIS2_PLACEMENT_3D('',#6468,#3660,#3661);
#3103=AXIS2_PLACEMENT_3D('',#6471,#3663,#3664);
#3104=AXIS2_PLACEMENT_3D('',#6472,#3665,#3666);
#3105=AXIS2_PLACEMENT_3D('',#6474,#3667,#3668);
#3106=AXIS2_PLACEMENT_3D('',#6475,#3669,#3670);
#3107=AXIS2_PLACEMENT_3D('',#6477,#3671,#3672);
#3108=AXIS2_PLACEMENT_3D('',#6479,#3673,#3674);
#3109=AXIS2_PLACEMENT_3D('',#6480,#3675,#3676);
#3110=AXIS2_PLACEMENT_3D('',#6482,#3677,#3678);
#3111=AXIS2_PLACEMENT_3D('',#6483,#3679,#3680);
#3112=AXIS2_PLACEMENT_3D('',#6485,#3681,#3682);
#3113=AXIS2_PLACEMENT_3D('',#6486,#3683,#3684);
#3114=AXIS2_PLACEMENT_3D('',#6488,#3685,#3686);
#3115=AXIS2_PLACEMENT_3D('',#6489,#3687,#3688);
#3116=AXIS2_PLACEMENT_3D('',#6490,#3689,#3690);
#3117=AXIS2_PLACEMENT_3D('',#6491,#3691,#3692);
#3118=AXIS2_PLACEMENT_3D('',#6492,#3693,#3694);
#3119=AXIS2_PLACEMENT_3D('',#6493,#3695,#3696);
#3120=AXIS2_PLACEMENT_3D('',#6494,#3697,#3698);
#3121=AXIS2_PLACEMENT_3D('',#6495,#3699,#3700);
#3122=AXIS2_PLACEMENT_3D('',#6496,#3701,#3702);
#3123=AXIS2_PLACEMENT_3D('',#6497,#3703,#3704);
#3124=AXIS2_PLACEMENT_3D('',#6498,#3705,#3706);
#3125=AXIS2_PLACEMENT_3D('',#6499,#3707,#3708);
#3126=AXIS2_PLACEMENT_3D('',#6500,#3709,#3710);
#3127=AXIS2_PLACEMENT_3D('',#6501,#3711,#3712);
#3128=AXIS2_PLACEMENT_3D('',#6502,#3713,#3714);
#3129=AXIS2_PLACEMENT_3D('',#6503,#3715,#3716);
#3130=AXIS2_PLACEMENT_3D('',#6504,#3717,#3718);
#3131=AXIS2_PLACEMENT_3D('',#6505,#3719,#3720);
#3132=AXIS2_PLACEMENT_3D('',#6506,#3721,#3722);
#3133=AXIS2_PLACEMENT_3D('',#6507,#3723,#3724);
#3134=AXIS2_PLACEMENT_3D('',#6508,#3725,#3726);
#3135=AXIS2_PLACEMENT_3D('',#6509,#3727,#3728);
#3136=AXIS2_PLACEMENT_3D('',#6510,#3729,#3730);
#3137=AXIS2_PLACEMENT_3D('',#6511,#3731,#3732);
#3138=AXIS2_PLACEMENT_3D('',#6512,#3733,#3734);
#3139=AXIS2_PLACEMENT_3D('',#6513,#3735,#3736);
#3140=AXIS2_PLACEMENT_3D('',#6514,#3737,#3738);
#3141=AXIS2_PLACEMENT_3D('',#6515,#3739,#3740);
#3142=AXIS2_PLACEMENT_3D('',#6516,#3741,#3742);
#3143=AXIS2_PLACEMENT_3D('',#6517,#3743,#3744);
#3144=AXIS2_PLACEMENT_3D('',#6518,#3745,#3746);
#3145=AXIS2_PLACEMENT_3D('',#6519,#3747,#3748);
#3146=AXIS2_PLACEMENT_3D('',#6520,#3749,#3750);
#3147=AXIS2_PLACEMENT_3D('',#6521,#3751,#3752);
#3148=AXIS2_PLACEMENT_3D('',#6522,#3753,#3754);
#3149=AXIS2_PLACEMENT_3D('',#6523,#3755,#3756);
#3150=AXIS2_PLACEMENT_3D('',#6524,#3757,#3758);
#3151=AXIS2_PLACEMENT_3D('',#6525,#3759,#3760);
#3152=AXIS2_PLACEMENT_3D('',#6526,#3761,#3762);
#3153=AXIS2_PLACEMENT_3D('',#6527,#3763,#3764);
#3154=AXIS2_PLACEMENT_3D('',#6528,#3765,#3766);
#3155=AXIS2_PLACEMENT_3D('',#6529,#3767,#3768);
#3156=AXIS2_PLACEMENT_3D('',#6530,#3769,#3770);
#3157=AXIS2_PLACEMENT_3D('',#6531,#3771,#3772);
#3158=AXIS2_PLACEMENT_3D('',#6532,#3773,#3774);
#3159=AXIS2_PLACEMENT_3D('',#6533,#3775,#3776);
#3160=AXIS2_PLACEMENT_3D('',#6534,#3777,#3778);
#3161=AXIS2_PLACEMENT_3D('',#6535,#3779,#3780);
#3162=AXIS2_PLACEMENT_3D('',#6536,#3781,#3782);
#3163=AXIS2_PLACEMENT_3D('',#6537,#3783,#3784);
#3164=AXIS2_PLACEMENT_3D('',#6538,#3785,#3786);
#3165=AXIS2_PLACEMENT_3D('',#6539,#3787,#3788);
#3166=AXIS2_PLACEMENT_3D('',#6540,#3789,#3790);
#3167=AXIS2_PLACEMENT_3D('',#6541,#3791,#3792);
#3168=AXIS2_PLACEMENT_3D('',#6542,#3793,#3794);
#3169=AXIS2_PLACEMENT_3D('',#6543,#3795,#3796);
#3170=AXIS2_PLACEMENT_3D('',#6544,#3797,#3798);
#3171=AXIS2_PLACEMENT_3D('',#6545,#3799,#3800);
#3172=AXIS2_PLACEMENT_3D('',#6546,#3801,#3802);
#3173=AXIS2_PLACEMENT_3D('',#6547,#3803,#3804);
#3174=AXIS2_PLACEMENT_3D('',#6548,#3805,#3806);
#3175=AXIS2_PLACEMENT_3D('',#6549,#3807,#3808);
#3176=AXIS2_PLACEMENT_3D('',#6550,#3809,#3810);
#3177=AXIS2_PLACEMENT_3D('',#6551,#3811,#3812);
#3178=AXIS2_PLACEMENT_3D('',#6552,#3813,#3814);
#3179=AXIS2_PLACEMENT_3D('',#6553,#3815,#3816);
#3180=AXIS2_PLACEMENT_3D('',#6554,#3817,#3818);
#3181=AXIS2_PLACEMENT_3D('',#6555,#3819,#3820);
#3182=AXIS2_PLACEMENT_3D('',#6556,#3821,#3822);
#3183=AXIS2_PLACEMENT_3D('',#6557,#3823,#3824);
#3184=AXIS2_PLACEMENT_3D('',#6558,#3825,#3826);
#3185=AXIS2_PLACEMENT_3D('',#6559,#3827,#3828);
#3186=AXIS2_PLACEMENT_3D('',#6560,#3829,#3830);
#3187=AXIS2_PLACEMENT_3D('',#6561,#3831,#3832);
#3188=AXIS2_PLACEMENT_3D('',#6562,#3833,#3834);
#3189=AXIS2_PLACEMENT_3D('',#6563,#3835,#3836);
#3190=AXIS2_PLACEMENT_3D('',#6564,#3837,#3838);
#3191=AXIS2_PLACEMENT_3D('',#6565,#3839,#3840);
#3192=AXIS2_PLACEMENT_3D('',#6566,#3841,#3842);
#3193=AXIS2_PLACEMENT_3D('',#6567,#3843,#3844);
#3194=AXIS2_PLACEMENT_3D('',#6568,#3845,#3846);
#3195=AXIS2_PLACEMENT_3D('',#6569,#3847,#3848);
#3196=AXIS2_PLACEMENT_3D('',#6570,#3849,#3850);
#3197=AXIS2_PLACEMENT_3D('',#6571,#3851,#3852);
#3198=AXIS2_PLACEMENT_3D('',#6572,#3853,#3854);
#3199=AXIS2_PLACEMENT_3D('',#6573,#3855,#3856);
#3200=AXIS2_PLACEMENT_3D('',#6574,#3857,#3858);
#3201=AXIS2_PLACEMENT_3D('',#6575,#3859,#3860);
#3202=AXIS2_PLACEMENT_3D('',#6576,#3861,#3862);
#3203=AXIS2_PLACEMENT_3D('',#6577,#3863,#3864);
#3204=AXIS2_PLACEMENT_3D('',#6578,#3865,#3866);
#3205=AXIS2_PLACEMENT_3D('',#6579,#3867,#3868);
#3206=AXIS2_PLACEMENT_3D('',#6580,#3869,#3870);
#3207=AXIS2_PLACEMENT_3D('',#6581,#3871,#3872);
#3208=AXIS2_PLACEMENT_3D('',#6582,#3873,#3874);
#3209=AXIS2_PLACEMENT_3D('',#6583,#3875,#3876);
#3210=AXIS2_PLACEMENT_3D('',#6584,#3877,#3878);
#3211=AXIS2_PLACEMENT_3D('',#6585,#3879,#3880);
#3212=AXIS2_PLACEMENT_3D('',#6586,#3881,#3882);
#3213=AXIS2_PLACEMENT_3D('',#6587,#3883,#3884);
#3214=AXIS2_PLACEMENT_3D('',#6588,#3885,#3886);
#3215=AXIS2_PLACEMENT_3D('',#6589,#3887,#3888);
#3216=AXIS2_PLACEMENT_3D('',#6590,#3889,#3890);
#3217=AXIS2_PLACEMENT_3D('',#6591,#3891,#3892);
#3218=AXIS2_PLACEMENT_3D('',#6593,#3893,#3894);
#3219=AXIS2_PLACEMENT_3D('',#6595,#3895,#3896);
#3220=AXIS2_PLACEMENT_3D('',#6596,#3897,#3898);
#3221=AXIS2_PLACEMENT_3D('',#6597,#3899,#3900);
#3222=AXIS2_PLACEMENT_3D('',#6598,#3901,#3902);
#3223=AXIS2_PLACEMENT_3D('',#6599,#3903,#3904);
#3224=AXIS2_PLACEMENT_3D('',#6651,#3906,#3907);
#3225=AXIS2_PLACEMENT_3D('',#6652,#3908,#3909);
#3226=AXIS2_PLACEMENT_3D('',#6654,#3910,#3911);
#3227=AXIS2_PLACEMENT_3D('',#6944,#3913,#3914);
#3228=AXIS2_PLACEMENT_3D('',#6945,#3915,#3916);
#3229=AXIS2_PLACEMENT_3D('',#6946,#3917,#3918);
#3230=AXIS2_PLACEMENT_3D('',#6947,#3919,#3920);
#3231=AXIS2_PLACEMENT_3D('',#6948,#3921,#3922);
#3232=AXIS2_PLACEMENT_3D('',#6949,#3923,#3924);
#3233=AXIS2_PLACEMENT_3D('',#6950,#3925,#3926);
#3234=AXIS2_PLACEMENT_3D('',#6951,#3927,#3928);
#3235=AXIS2_PLACEMENT_3D('',#6952,#3929,#3930);
#3236=AXIS2_PLACEMENT_3D('',#6953,#3931,#3932);
#3237=AXIS2_PLACEMENT_3D('',#6959,#3936,#3937);
#3238=AXIS2_PLACEMENT_3D('',#6963,#3939,#3940);
#3239=AXIS2_PLACEMENT_3D('',#6964,#3941,#3942);
#3240=AXIS2_PLACEMENT_3D('',#6965,#3943,#3944);
#3241=AXIS2_PLACEMENT_3D('',#6968,#3947,#3948);
#3242=AXIS2_PLACEMENT_3D('',#6977,#3949,#3950);
#3243=AXIS2_PLACEMENT_3D('',#6982,#3951,#3952);
#3244=AXIS2_PLACEMENT_3D('',#6987,#3953,#3954);
#3245=AXIS2_PLACEMENT_3D('',#6988,#3955,#3956);
#3246=AXIS2_PLACEMENT_3D('',#6989,#3957,#3958);
#3247=AXIS2_PLACEMENT_3D('',#6990,#3959,#3960);
#3248=AXIS2_PLACEMENT_3D('',#6992,#3961,#3962);
#3249=AXIS2_PLACEMENT_3D('',#6993,#3963,#3964);
#3250=AXIS2_PLACEMENT_3D('',#6994,#3965,#3966);
#3251=AXIS2_PLACEMENT_3D('',#6996,#3967,#3968);
#3252=AXIS2_PLACEMENT_3D('',#6998,#3969,#3970);
#3253=AXIS2_PLACEMENT_3D('',#6999,#3971,#3972);
#3254=AXIS2_PLACEMENT_3D('',#7000,#3973,#3974);
#3255=AXIS2_PLACEMENT_3D('',#7001,#3975,#3976);
#3256=AXIS2_PLACEMENT_3D('',#7002,#3977,#3978);
#3257=AXIS2_PLACEMENT_3D('',#7003,#3979,#3980);
#3258=AXIS2_PLACEMENT_3D('',#7004,#3981,#3982);
#3259=AXIS2_PLACEMENT_3D('',#7006,#3983,#3984);
#3260=AXIS2_PLACEMENT_3D('',#7008,#3985,#3986);
#3261=AXIS2_PLACEMENT_3D('',#7009,#3987,#3988);
#3262=AXIS2_PLACEMENT_3D('',#7010,#3989,#3990);
#3263=AXIS2_PLACEMENT_3D('',#7011,#3991,#3992);
#3264=AXIS2_PLACEMENT_3D('',#7012,#3993,#3994);
#3265=AXIS2_PLACEMENT_3D('',#7013,#3995,#3996);
#3266=AXIS2_PLACEMENT_3D('',#7014,#3997,#3998);
#3267=AXIS2_PLACEMENT_3D('',#7016,#3999,#4000);
#3268=AXIS2_PLACEMENT_3D('',#7017,#4001,#4002);
#3269=AXIS2_PLACEMENT_3D('',#7019,#4003,#4004);
#3270=AXIS2_PLACEMENT_3D('',#7020,#4005,#4006);
#3271=AXIS2_PLACEMENT_3D('',#7022,#4007,#4008);
#3272=AXIS2_PLACEMENT_3D('',#7024,#4009,#4010);
#3273=AXIS2_PLACEMENT_3D('',#7025,#4011,#4012);
#3274=AXIS2_PLACEMENT_3D('',#7026,#4013,#4014);
#3275=AXIS2_PLACEMENT_3D('',#7027,#4015,#4016);
#3276=AXIS2_PLACEMENT_3D('',#7028,#4017,#4018);
#3277=AXIS2_PLACEMENT_3D('',#7030,#4019,#4020);
#3278=AXIS2_PLACEMENT_3D('',#7032,#4021,#4022);
#3279=AXIS2_PLACEMENT_3D('',#7033,#4023,#4024);
#3280=AXIS2_PLACEMENT_3D('',#7038,#4026,#4027);
#3281=AXIS2_PLACEMENT_3D('',#7041,#4029,#4030);
#3282=AXIS2_PLACEMENT_3D('',#7042,#4031,#4032);
#3283=AXIS2_PLACEMENT_3D('',#7047,#4034,#4035);
#3284=AXIS2_PLACEMENT_3D('',#7050,#4037,#4038);
#3285=AXIS2_PLACEMENT_3D('',#7051,#4039,#4040);
#3286=AXIS2_PLACEMENT_3D('',#7056,#4042,#4043);
#3287=AXIS2_PLACEMENT_3D('',#7059,#4045,#4046);
#3288=AXIS2_PLACEMENT_3D('',#7060,#4047,#4048);
#3289=AXIS2_PLACEMENT_3D('',#7065,#4050,#4051);
#3290=AXIS2_PLACEMENT_3D('',#7068,#4053,#4054);
#3291=AXIS2_PLACEMENT_3D('',#7069,#4055,#4056);
#3292=AXIS2_PLACEMENT_3D('',#7074,#4058,#4059);
#3293=AXIS2_PLACEMENT_3D('',#7077,#4061,#4062);
#3294=AXIS2_PLACEMENT_3D('',#7078,#4063,#4064);
#3295=AXIS2_PLACEMENT_3D('',#7083,#4066,#4067);
#3296=AXIS2_PLACEMENT_3D('',#7086,#4069,#4070);
#3297=AXIS2_PLACEMENT_3D('',#7087,#4071,#4072);
#3298=AXIS2_PLACEMENT_3D('',#7098,#4073,#4074);
#3299=AXIS2_PLACEMENT_3D('',#7099,#4075,#4076);
#3300=AXIS2_PLACEMENT_3D('',#7110,#4077,#4078);
#3301=AXIS2_PLACEMENT_3D('',#7111,#4079,#4080);
#3302=AXIS2_PLACEMENT_3D('',#7122,#4081,#4082);
#3303=AXIS2_PLACEMENT_3D('',#7131,#4083,#4084);
#3304=AXIS2_PLACEMENT_3D('',#7140,#4085,#4086);
#3305=AXIS2_PLACEMENT_3D('',#7149,#4087,#4088);
#3306=AXIS2_PLACEMENT_3D('',#7150,#4089,#4090);
#3307=AXIS2_PLACEMENT_3D('',#7152,#4091,#4092);
#3308=AXIS2_PLACEMENT_3D('',#7154,#4093,#4094);
#3309=AXIS2_PLACEMENT_3D('',#7158,#4096,#4097);
#3310=AXIS2_PLACEMENT_3D('',#7159,#4098,#4099);
#3311=AXIS2_PLACEMENT_3D('',#7163,#4101,#4102);
#3312=AXIS2_PLACEMENT_3D('',#7164,#4103,#4104);
#3313=AXIS2_PLACEMENT_3D('',#7168,#4106,#4107);
#3314=AXIS2_PLACEMENT_3D('',#7169,#4108,#4109);
#3315=AXIS2_PLACEMENT_3D('',#7173,#4111,#4112);
#3316=AXIS2_PLACEMENT_3D('',#7177,#4114,#4115);
#3317=AXIS2_PLACEMENT_3D('',#7178,#4116,#4117);
#3318=AXIS2_PLACEMENT_3D('',#7182,#4119,#4120);
#3319=AXIS2_PLACEMENT_3D('',#7183,#4121,#4122);
#3320=AXIS2_PLACEMENT_3D('',#7184,#4123,#4124);
#3321=AXIS2_PLACEMENT_3D('',#7185,#4125,#4126);
#3322=AXIS2_PLACEMENT_3D('',#7187,#4127,#4128);
#3323=AXIS2_PLACEMENT_3D('',#7189,#4129,#4130);
#3324=AXIS2_PLACEMENT_3D('',#7190,#4131,#4132);
#3325=AXIS2_PLACEMENT_3D('',#7192,#4133,#4134);
#3326=AXIS2_PLACEMENT_3D('',#7194,#4135,#4136);
#3327=AXIS2_PLACEMENT_3D('',#7198,#4139,#4140);
#3328=AXIS2_PLACEMENT_3D('',#7202,#4143,#4144);
#3329=AXIS2_PLACEMENT_3D('',#7206,#4147,#4148);
#3330=AXIS2_PLACEMENT_3D('',#7210,#4151,#4152);
#3331=AXIS2_PLACEMENT_3D('',#7214,#4155,#4156);
#3332=AXIS2_PLACEMENT_3D('',#7218,#4159,#4160);
#3333=AXIS2_PLACEMENT_3D('',#7220,#4162,#4163);
#3334=AXIS2_PLACEMENT_3D('',#7221,#4164,#4165);
#3335=AXIS2_PLACEMENT_3D('',#7223,#4167,#4168);
#3336=AXIS2_PLACEMENT_3D('',#7224,#4169,#4170);
#3337=AXIS2_PLACEMENT_3D('',#7226,#4172,#4173);
#3338=AXIS2_PLACEMENT_3D('',#7227,#4174,#4175);
#3339=AXIS2_PLACEMENT_3D('',#7229,#4177,#4178);
#3340=AXIS2_PLACEMENT_3D('',#7230,#4179,#4180);
#3341=AXIS2_PLACEMENT_3D('',#7232,#4182,#4183);
#3342=AXIS2_PLACEMENT_3D('',#7233,#4184,#4185);
#3343=AXIS2_PLACEMENT_3D('',#7235,#4187,#4188);
#3344=AXIS2_PLACEMENT_3D('',#7236,#4189,#4190);
#3345=AXIS2_PLACEMENT_3D('',#7237,#4191,#4192);
#3346=AXIS2_PLACEMENT_3D('',#7239,#4193,#4194);
#3347=AXIS2_PLACEMENT_3D('',#7240,#4195,#4196);
#3348=AXIS2_PLACEMENT_3D('',#7242,#4197,#4198);
#3349=AXIS2_PLACEMENT_3D('',#7243,#4199,#4200);
#3350=AXIS2_PLACEMENT_3D('',#7245,#4201,#4202);
#3351=AXIS2_PLACEMENT_3D('',#7246,#4203,#4204);
#3352=AXIS2_PLACEMENT_3D('',#7248,#4205,#4206);
#3353=AXIS2_PLACEMENT_3D('',#7250,#4207,#4208);
#3354=AXIS2_PLACEMENT_3D('',#7251,#4209,#4210);
#3355=AXIS2_PLACEMENT_3D('',#7253,#4211,#4212);
#3356=AXIS2_PLACEMENT_3D('',#7255,#4213,#4214);
#3357=AXIS2_PLACEMENT_3D('',#7256,#4215,#4216);
#3358=AXIS2_PLACEMENT_3D('',#7257,#4217,#4218);
#3359=AXIS2_PLACEMENT_3D('',#7258,#4219,#4220);
#3360=AXIS2_PLACEMENT_3D('',#7259,#4221,#4222);
#3361=AXIS2_PLACEMENT_3D('',#7260,#4223,#4224);
#3362=AXIS2_PLACEMENT_3D('',#7261,#4225,#4226);
#3363=AXIS2_PLACEMENT_3D('',#7262,#4227,#4228);
#3364=AXIS2_PLACEMENT_3D('',#7263,#4229,#4230);
#3365=AXIS2_PLACEMENT_3D('',#7265,#4231,#4232);
#3366=AXIS2_PLACEMENT_3D('',#7267,#4233,#4234);
#3367=AXIS2_PLACEMENT_3D('',#7268,#4235,#4236);
#3368=AXIS2_PLACEMENT_3D('',#7270,#4237,#4238);
#3369=AXIS2_PLACEMENT_3D('',#7272,#4239,#4240);
#3370=AXIS2_PLACEMENT_3D('',#7273,#4241,#4242);
#3371=AXIS2_PLACEMENT_3D('',#7275,#4243,#4244);
#3372=AXIS2_PLACEMENT_3D('',#7277,#4245,#4246);
#3373=AXIS2_PLACEMENT_3D('',#7278,#4247,#4248);
#3374=AXIS2_PLACEMENT_3D('',#7280,#4249,#4250);
#3375=AXIS2_PLACEMENT_3D('',#7282,#4251,#4252);
#3376=AXIS2_PLACEMENT_3D('',#7283,#4253,#4254);
#3377=AXIS2_PLACEMENT_3D('',#7284,#4255,#4256);
#3378=AXIS2_PLACEMENT_3D('',#7285,#4257,#4258);
#3379=DIRECTION('',(0.,0.,1.));
#3380=DIRECTION('',(1.,0.,0.));
#3381=DIRECTION('',(0.,0.,1.));
#3382=DIRECTION('',(1.,0.,0.));
#3383=DIRECTION('',(0.,0.,1.));
#3384=DIRECTION('',(1.,0.,0.));
#3385=DIRECTION('',(0.,0.,1.));
#3386=DIRECTION('',(1.,0.,0.));
#3387=DIRECTION('',(0.,0.,-1.));
#3388=DIRECTION('',(-1.,0.,0.));
#3389=DIRECTION('',(0.,0.,1.));
#3390=DIRECTION('',(1.,0.,0.));
#3391=DIRECTION('',(0.,0.,-1.));
#3392=DIRECTION('',(-1.,0.,0.));
#3393=DIRECTION('',(0.,0.,1.));
#3394=DIRECTION('',(1.,0.,0.));
#3395=DIRECTION('',(0.,0.,1.));
#3396=DIRECTION('',(1.,0.,0.));
#3397=DIRECTION('',(0.,0.,1.));
#3398=DIRECTION('',(1.,0.,0.));
#3399=DIRECTION('',(0.,0.,1.));
#3400=DIRECTION('',(1.,0.,0.));
#3401=DIRECTION('',(0.,0.,1.));
#3402=DIRECTION('',(1.,0.,0.));
#3403=DIRECTION('',(0.,0.,-1.));
#3404=DIRECTION('',(-1.,0.,0.));
#3405=DIRECTION('',(0.,0.,1.));
#3406=DIRECTION('',(1.,0.,0.));
#3407=DIRECTION('',(0.,0.,1.));
#3408=DIRECTION('',(1.,0.,0.));
#3409=DIRECTION('',(0.,0.,1.));
#3410=DIRECTION('',(1.,0.,0.));
#3411=DIRECTION('',(0.,0.,-1.));
#3412=DIRECTION('',(-1.,0.,0.));
#3413=DIRECTION('',(0.,0.,1.));
#3414=DIRECTION('',(1.,0.,0.));
#3415=DIRECTION('',(0.,0.,-1.));
#3416=DIRECTION('',(-1.,0.,0.));
#3417=DIRECTION('',(0.,0.,-1.));
#3418=DIRECTION('',(-1.,0.,0.));
#3419=DIRECTION('',(0.,0.,-1.));
#3420=DIRECTION('',(-1.,0.,0.));
#3421=DIRECTION('',(0.,0.,-1.));
#3422=DIRECTION('',(-1.,0.,0.));
#3423=DIRECTION('',(0.,0.,-1.));
#3424=DIRECTION('',(-1.,0.,0.));
#3425=DIRECTION('',(0.,0.,-1.));
#3426=DIRECTION('',(-1.,0.,0.));
#3427=DIRECTION('',(0.,0.,-1.));
#3428=DIRECTION('',(-1.,0.,0.));
#3429=DIRECTION('',(0.,0.,-1.));
#3430=DIRECTION('',(-1.,0.,0.));
#3431=DIRECTION('',(0.,0.,-1.));
#3432=DIRECTION('',(-1.,0.,0.));
#3433=DIRECTION('',(0.,0.,-1.));
#3434=DIRECTION('',(-1.,0.,0.));
#3435=DIRECTION('',(0.,0.,-1.));
#3436=DIRECTION('',(-1.,0.,0.));
#3437=DIRECTION('',(0.,0.,-1.));
#3438=DIRECTION('',(-1.,0.,0.));
#3439=DIRECTION('',(0.,0.,-1.));
#3440=DIRECTION('',(1.,0.,0.));
#3441=DIRECTION('',(0.,0.,-1.));
#3442=DIRECTION('',(-1.,0.,0.));
#3443=DIRECTION('',(0.,0.,1.));
#3444=DIRECTION('',(1.,0.,0.));
#3445=DIRECTION('',(0.,0.,-1.));
#3446=DIRECTION('',(-1.,0.,0.));
#3447=DIRECTION('',(0.,0.,-1.));
#3448=DIRECTION('',(1.,0.,0.));
#3449=DIRECTION('',(0.,0.,-1.));
#3450=DIRECTION('',(-1.,0.,0.));
#3451=DIRECTION('',(0.,0.,1.));
#3452=DIRECTION('',(1.,0.,0.));
#3453=DIRECTION('',(0.,0.,-1.));
#3454=DIRECTION('',(-1.,0.,0.));
#3455=DIRECTION('',(0.,0.,-1.));
#3456=DIRECTION('',(1.,0.,0.));
#3457=DIRECTION('',(0.,0.,-1.));
#3458=DIRECTION('',(-1.,0.,0.));
#3459=DIRECTION('',(0.,0.,-1.));
#3460=DIRECTION('',(-1.,0.,0.));
#3461=DIRECTION('',(0.,0.,1.));
#3462=DIRECTION('',(1.,0.,0.));
#3463=DIRECTION('',(0.,0.,-1.));
#3464=DIRECTION('',(-1.,0.,0.));
#3465=DIRECTION('',(0.,0.,-1.));
#3466=DIRECTION('',(-1.,0.,0.));
#3467=DIRECTION('',(0.,0.,-1.));
#3468=DIRECTION('',(-1.,0.,0.));
#3469=DIRECTION('',(0.,0.,-1.));
#3470=DIRECTION('',(-1.,0.,0.));
#3471=DIRECTION('',(0.,0.,-1.));
#3472=DIRECTION('',(-1.,0.,0.));
#3473=DIRECTION('',(0.,0.,1.));
#3474=DIRECTION('',(1.,0.,0.));
#3475=DIRECTION('',(0.,0.,-1.));
#3476=DIRECTION('',(-1.,0.,0.));
#3477=DIRECTION('',(0.,0.,-1.));
#3478=DIRECTION('',(-1.,0.,0.));
#3479=DIRECTION('',(0.,0.,1.));
#3480=DIRECTION('',(1.,0.,0.));
#3481=DIRECTION('',(0.,0.,-1.));
#3482=DIRECTION('',(-1.,0.,0.));
#3483=DIRECTION('',(0.,0.,-1.));
#3484=DIRECTION('',(-1.,0.,0.));
#3485=DIRECTION('',(0.,0.,1.));
#3486=DIRECTION('',(1.,0.,0.));
#3487=DIRECTION('',(0.,0.,-1.));
#3488=DIRECTION('',(-1.,0.,0.));
#3489=DIRECTION('',(0.,0.,-1.));
#3490=DIRECTION('',(1.,0.,0.));
#3491=DIRECTION('',(0.,0.,-1.));
#3492=DIRECTION('',(-1.,0.,0.));
#3493=DIRECTION('',(0.,0.,-1.));
#3494=DIRECTION('',(-1.,0.,0.));
#3495=DIRECTION('',(0.,0.,-1.));
#3496=DIRECTION('',(-1.,0.,0.));
#3497=DIRECTION('',(0.,0.,-1.));
#3498=DIRECTION('',(-1.,0.,0.));
#3499=DIRECTION('',(0.,0.,-1.));
#3500=DIRECTION('',(1.,0.,0.));
#3501=DIRECTION('',(0.,0.,-1.));
#3502=DIRECTION('',(-1.,0.,0.));
#3503=DIRECTION('',(0.,0.,-1.));
#3504=DIRECTION('',(-1.,0.,0.));
#3505=DIRECTION('',(0.,0.,-1.));
#3506=DIRECTION('',(-1.,0.,0.));
#3507=DIRECTION('',(0.,0.,-1.));
#3508=DIRECTION('',(1.,0.,0.));
#3509=DIRECTION('',(0.,0.,-1.));
#3510=DIRECTION('',(-1.,0.,0.));
#3511=DIRECTION('',(0.,0.,-1.));
#3512=DIRECTION('',(-1.,0.,0.));
#3513=DIRECTION('',(0.,0.,-1.));
#3514=DIRECTION('',(-1.,0.,0.));
#3515=DIRECTION('',(0.,0.,-1.));
#3516=DIRECTION('',(-1.,0.,0.));
#3517=DIRECTION('',(0.,0.,-1.));
#3518=DIRECTION('',(-1.,0.,0.));
#3519=DIRECTION('',(0.,0.,1.));
#3520=DIRECTION('',(1.,0.,0.));
#3521=DIRECTION('',(0.,0.,-1.));
#3522=DIRECTION('',(-1.,0.,0.));
#3523=DIRECTION('',(0.,0.,-1.));
#3524=DIRECTION('',(-1.,0.,0.));
#3525=DIRECTION('',(0.,0.,-1.));
#3526=DIRECTION('',(0.,0.,1.));
#3527=DIRECTION('',(-1.83697019872103E-16,-1.,0.));
#3528=DIRECTION('',(0.,0.,1.));
#3529=DIRECTION('',(0.,0.,-1.));
#3530=DIRECTION('',(1.83697019872103E-16,1.,0.));
#3531=DIRECTION('',(0.,0.,1.));
#3532=DIRECTION('',(1.,0.,0.));
#3533=DIRECTION('',(0.,0.,-1.));
#3534=DIRECTION('',(-1.,0.,0.));
#3535=DIRECTION('',(0.,0.,-1.));
#3536=DIRECTION('',(-1.,0.,0.));
#3537=DIRECTION('',(0.,0.,-1.));
#3538=DIRECTION('',(0.,0.,1.));
#3539=DIRECTION('',(-1.,1.22464679914735E-16,0.));
#3540=DIRECTION('',(0.,0.,1.));
#3541=DIRECTION('',(0.,0.,-1.));
#3542=DIRECTION('',(1.,-1.22464679914735E-16,0.));
#3543=DIRECTION('',(0.,0.,1.));
#3544=DIRECTION('',(1.,0.,0.));
#3545=DIRECTION('',(0.,0.,-1.));
#3546=DIRECTION('',(-1.,0.,0.));
#3547=DIRECTION('',(0.,0.,-1.));
#3548=DIRECTION('',(-1.,0.,0.));
#3549=DIRECTION('',(0.,0.,-1.));
#3550=DIRECTION('',(0.,0.,1.));
#3551=DIRECTION('',(6.12323399573677E-17,1.,0.));
#3552=DIRECTION('',(0.,0.,1.));
#3553=DIRECTION('',(0.,0.,-1.));
#3554=DIRECTION('',(-6.12323399573677E-17,-1.,0.));
#3555=DIRECTION('',(0.,0.,-1.));
#3556=DIRECTION('',(-1.,0.,0.));
#3557=DIRECTION('',(0.,0.,-1.));
#3558=DIRECTION('',(-1.,0.,0.));
#3559=DIRECTION('',(0.,0.,-1.));
#3560=DIRECTION('',(-1.,0.,0.));
#3561=DIRECTION('',(0.,0.,-1.));
#3562=DIRECTION('',(-1.,0.,0.));
#3563=DIRECTION('',(0.,0.,-1.));
#3564=DIRECTION('',(-1.,0.,0.));
#3565=DIRECTION('',(0.,0.,1.));
#3566=DIRECTION('',(1.,0.,0.));
#3567=DIRECTION('',(0.,0.,-1.));
#3568=DIRECTION('',(-1.,0.,0.));
#3569=DIRECTION('',(0.,0.,-1.));
#3570=DIRECTION('',(-1.,0.,0.));
#3571=DIRECTION('',(0.,0.,1.));
#3572=DIRECTION('',(1.,0.,0.));
#3573=DIRECTION('',(0.,0.,-1.));
#3574=DIRECTION('',(-1.,0.,0.));
#3575=DIRECTION('',(0.,0.,-1.));
#3576=DIRECTION('',(0.,0.,-1.));
#3577=DIRECTION('',(0.,0.,-1.));
#3578=DIRECTION('',(0.,0.,-1.));
#3579=DIRECTION('',(0.,0.,-1.));
#3580=DIRECTION('',(0.,0.,-1.));
#3581=DIRECTION('',(0.,0.,-1.));
#3582=DIRECTION('',(0.,0.,-1.));
#3583=DIRECTION('',(0.,0.,-1.));
#3584=DIRECTION('',(0.,0.,-1.));
#3585=DIRECTION('',(0.,0.,-1.));
#3586=DIRECTION('',(0.,0.,-1.));
#3587=DIRECTION('',(0.,0.,-1.));
#3588=DIRECTION('',(0.,0.,-1.));
#3589=DIRECTION('',(0.,0.,-1.));
#3590=DIRECTION('',(0.,0.,-1.));
#3591=DIRECTION('',(0.,0.,-1.));
#3592=DIRECTION('',(0.,0.,-1.));
#3593=DIRECTION('',(0.,0.,-1.));
#3594=DIRECTION('',(0.,0.,-1.));
#3595=DIRECTION('',(0.,0.,-1.));
#3596=DIRECTION('',(0.,0.,-1.));
#3597=DIRECTION('',(0.,0.,-1.));
#3598=DIRECTION('',(0.,0.,-1.));
#3599=DIRECTION('',(0.,0.,-1.));
#3600=DIRECTION('',(0.,0.,-1.));
#3601=DIRECTION('',(0.,0.,-1.));
#3602=DIRECTION('',(0.,0.,-1.));
#3603=DIRECTION('',(0.,0.,-1.));
#3604=DIRECTION('',(0.,0.,-1.));
#3605=DIRECTION('',(0.,0.,-1.));
#3606=DIRECTION('',(0.,0.,-1.));
#3607=DIRECTION('',(0.,0.,-1.));
#3608=DIRECTION('',(0.,0.,-1.));
#3609=DIRECTION('',(0.,0.,-1.));
#3610=DIRECTION('',(0.,0.,-1.));
#3611=DIRECTION('',(0.,0.,-1.));
#3612=DIRECTION('',(0.,0.,-1.));
#3613=DIRECTION('',(0.,0.,-1.));
#3614=DIRECTION('',(0.,0.,-1.));
#3615=DIRECTION('',(0.,0.,-1.));
#3616=DIRECTION('',(-1.,0.,0.));
#3617=DIRECTION('',(0.,0.,-1.));
#3618=DIRECTION('',(-1.,0.,0.));
#3619=DIRECTION('',(0.,0.,-1.));
#3620=DIRECTION('',(-1.,0.,0.));
#3621=DIRECTION('',(0.,0.,-1.));
#3622=DIRECTION('',(-1.,0.,0.));
#3623=DIRECTION('',(0.,0.,-1.));
#3624=DIRECTION('',(-1.,0.,0.));
#3625=DIRECTION('',(0.,0.,-1.));
#3626=DIRECTION('',(-1.,0.,0.));
#3627=DIRECTION('',(0.,0.,1.));
#3628=DIRECTION('',(1.,0.,0.));
#3629=DIRECTION('',(0.,0.,1.));
#3630=DIRECTION('',(1.,0.,0.));
#3631=DIRECTION('',(0.,0.,1.));
#3632=DIRECTION('',(1.,0.,0.));
#3633=DIRECTION('',(0.,0.,1.));
#3634=DIRECTION('',(1.,0.,0.));
#3635=DIRECTION('',(0.,0.,-1.));
#3636=DIRECTION('',(-1.,0.,0.));
#3637=DIRECTION('',(0.,0.,-1.));
#3638=DIRECTION('',(-1.,0.,0.));
#3639=DIRECTION('',(0.,0.,1.));
#3640=DIRECTION('',(1.,0.,0.));
#3641=DIRECTION('',(0.,0.,-1.));
#3642=DIRECTION('',(-1.,0.,0.));
#3643=DIRECTION('',(0.,0.,-1.));
#3644=DIRECTION('',(-1.,0.,0.));
#3645=DIRECTION('',(0.,-1.,0.));
#3646=DIRECTION('',(0.,0.,-1.));
#3647=DIRECTION('',(-1.,0.,0.));
#3648=DIRECTION('',(0.17364817766693,0.984807753012208,0.));
#3649=DIRECTION('',(0.,0.,-1.));
#3650=DIRECTION('',(-1.,0.,0.));
#3651=DIRECTION('',(0.,0.,-1.));
#3652=DIRECTION('',(-1.,0.,0.));
#3653=DIRECTION('',(0.,0.,-1.));
#3654=DIRECTION('',(-1.,0.,0.));
#3655=DIRECTION('',(0.,0.,1.));
#3656=DIRECTION('',(1.,0.,0.));
#3657=DIRECTION('',(0.,0.,-1.));
#3658=DIRECTION('',(-1.,0.,0.));
#3659=DIRECTION('',(0.,0.,-1.));
#3660=DIRECTION('',(0.,0.,-1.));
#3661=DIRECTION('',(-1.,0.,0.));
#3662=DIRECTION('',(0.,0.,-1.));
#3663=DIRECTION('',(0.,0.,-1.));
#3664=DIRECTION('',(-1.,0.,0.));
#3665=DIRECTION('',(0.,0.,-1.));
#3666=DIRECTION('',(-1.,0.,0.));
#3667=DIRECTION('',(0.,0.,-1.));
#3668=DIRECTION('',(-1.,0.,0.));
#3669=DIRECTION('',(0.,0.,-1.));
#3670=DIRECTION('',(-1.,0.,0.));
#3671=DIRECTION('',(0.,0.,-1.));
#3672=DIRECTION('',(-1.,0.,0.));
#3673=DIRECTION('',(0.,0.,-1.));
#3674=DIRECTION('',(-1.,0.,0.));
#3675=DIRECTION('',(0.,0.,-1.));
#3676=DIRECTION('',(-1.,0.,0.));
#3677=DIRECTION('',(0.,0.,-1.));
#3678=DIRECTION('',(-1.,0.,0.));
#3679=DIRECTION('',(0.,0.,1.));
#3680=DIRECTION('',(1.,0.,0.));
#3681=DIRECTION('',(0.,0.,1.));
#3682=DIRECTION('',(1.,0.,0.));
#3683=DIRECTION('',(0.,0.,1.));
#3684=DIRECTION('',(1.,0.,0.));
#3685=DIRECTION('',(0.,0.,-1.));
#3686=DIRECTION('',(-1.,0.,0.));
#3687=DIRECTION('',(0.,0.,1.));
#3688=DIRECTION('',(1.,0.,0.));
#3689=DIRECTION('',(0.,0.,-1.));
#3690=DIRECTION('',(-1.,0.,0.));
#3691=DIRECTION('',(0.,0.,-1.));
#3692=DIRECTION('',(-1.,0.,0.));
#3693=DIRECTION('',(0.,0.,1.));
#3694=DIRECTION('',(1.,0.,0.));
#3695=DIRECTION('',(0.,0.,-1.));
#3696=DIRECTION('',(-1.,0.,0.));
#3697=DIRECTION('',(0.,0.,1.));
#3698=DIRECTION('',(1.,0.,0.));
#3699=DIRECTION('',(0.,0.,-1.));
#3700=DIRECTION('',(-1.,0.,0.));
#3701=DIRECTION('',(0.,0.,-1.));
#3702=DIRECTION('',(-1.,0.,0.));
#3703=DIRECTION('',(0.,0.,1.));
#3704=DIRECTION('',(1.,0.,0.));
#3705=DIRECTION('',(0.,0.,-1.));
#3706=DIRECTION('',(-1.,0.,0.));
#3707=DIRECTION('',(0.,0.,1.));
#3708=DIRECTION('',(1.,0.,0.));
#3709=DIRECTION('',(0.,0.,-1.));
#3710=DIRECTION('',(-1.,0.,0.));
#3711=DIRECTION('',(0.,0.,-1.));
#3712=DIRECTION('',(-1.,0.,0.));
#3713=DIRECTION('',(0.,0.,1.));
#3714=DIRECTION('',(1.,0.,0.));
#3715=DIRECTION('',(0.,0.,-1.));
#3716=DIRECTION('',(-1.,0.,0.));
#3717=DIRECTION('',(0.,0.,1.));
#3718=DIRECTION('',(1.,0.,0.));
#3719=DIRECTION('',(0.,0.,-1.));
#3720=DIRECTION('',(-1.,0.,0.));
#3721=DIRECTION('',(0.,0.,-1.));
#3722=DIRECTION('',(-1.,0.,0.));
#3723=DIRECTION('',(0.,0.,1.));
#3724=DIRECTION('',(1.,0.,0.));
#3725=DIRECTION('',(0.,0.,-1.));
#3726=DIRECTION('',(-1.,0.,0.));
#3727=DIRECTION('',(0.,0.,1.));
#3728=DIRECTION('',(1.,0.,0.));
#3729=DIRECTION('',(0.,0.,-1.));
#3730=DIRECTION('',(-1.,0.,0.));
#3731=DIRECTION('',(0.,0.,-1.));
#3732=DIRECTION('',(-1.,0.,0.));
#3733=DIRECTION('',(0.,0.,1.));
#3734=DIRECTION('',(1.,0.,0.));
#3735=DIRECTION('',(0.,0.,-1.));
#3736=DIRECTION('',(-1.,0.,0.));
#3737=DIRECTION('',(0.,0.,1.));
#3738=DIRECTION('',(1.,0.,0.));
#3739=DIRECTION('',(0.,0.,-1.));
#3740=DIRECTION('',(-1.,0.,0.));
#3741=DIRECTION('',(0.,0.,-1.));
#3742=DIRECTION('',(-1.,0.,0.));
#3743=DIRECTION('',(0.,0.,1.));
#3744=DIRECTION('',(1.,0.,0.));
#3745=DIRECTION('',(0.,0.,-1.));
#3746=DIRECTION('',(-1.,0.,0.));
#3747=DIRECTION('',(0.,0.,1.));
#3748=DIRECTION('',(1.,0.,0.));
#3749=DIRECTION('',(0.,0.,-1.));
#3750=DIRECTION('',(-1.,0.,0.));
#3751=DIRECTION('',(0.,0.,-1.));
#3752=DIRECTION('',(-1.,0.,0.));
#3753=DIRECTION('',(0.,0.,1.));
#3754=DIRECTION('',(1.,0.,0.));
#3755=DIRECTION('',(0.,0.,-1.));
#3756=DIRECTION('',(-1.,0.,0.));
#3757=DIRECTION('',(0.,0.,1.));
#3758=DIRECTION('',(1.,0.,0.));
#3759=DIRECTION('',(0.,0.,-1.));
#3760=DIRECTION('',(-1.,0.,0.));
#3761=DIRECTION('',(0.,0.,-1.));
#3762=DIRECTION('',(-1.,0.,0.));
#3763=DIRECTION('',(0.,0.,1.));
#3764=DIRECTION('',(1.,0.,0.));
#3765=DIRECTION('',(0.,0.,-1.));
#3766=DIRECTION('',(-1.,0.,0.));
#3767=DIRECTION('',(0.,0.,1.));
#3768=DIRECTION('',(1.,0.,0.));
#3769=DIRECTION('',(0.,0.,-1.));
#3770=DIRECTION('',(-1.,0.,0.));
#3771=DIRECTION('',(0.,0.,-1.));
#3772=DIRECTION('',(-1.,0.,0.));
#3773=DIRECTION('',(0.,0.,1.));
#3774=DIRECTION('',(1.,0.,0.));
#3775=DIRECTION('',(0.,0.,-1.));
#3776=DIRECTION('',(-1.,0.,0.));
#3777=DIRECTION('',(0.,0.,1.));
#3778=DIRECTION('',(1.,0.,0.));
#3779=DIRECTION('',(0.,0.,-1.));
#3780=DIRECTION('',(-1.,0.,0.));
#3781=DIRECTION('',(0.,0.,-1.));
#3782=DIRECTION('',(-1.,0.,0.));
#3783=DIRECTION('',(0.,0.,1.));
#3784=DIRECTION('',(1.,0.,0.));
#3785=DIRECTION('',(0.,0.,-1.));
#3786=DIRECTION('',(-1.,0.,0.));
#3787=DIRECTION('',(0.,0.,1.));
#3788=DIRECTION('',(1.,0.,0.));
#3789=DIRECTION('',(0.,0.,-1.));
#3790=DIRECTION('',(-1.,0.,0.));
#3791=DIRECTION('',(0.,0.,-1.));
#3792=DIRECTION('',(-1.,0.,0.));
#3793=DIRECTION('',(0.,0.,1.));
#3794=DIRECTION('',(1.,0.,0.));
#3795=DIRECTION('',(0.,0.,-1.));
#3796=DIRECTION('',(-1.,0.,0.));
#3797=DIRECTION('',(0.,0.,1.));
#3798=DIRECTION('',(1.,0.,0.));
#3799=DIRECTION('',(0.,0.,-1.));
#3800=DIRECTION('',(-1.,0.,0.));
#3801=DIRECTION('',(0.,0.,-1.));
#3802=DIRECTION('',(-1.,0.,0.));
#3803=DIRECTION('',(0.,0.,1.));
#3804=DIRECTION('',(1.,0.,0.));
#3805=DIRECTION('',(0.,0.,-1.));
#3806=DIRECTION('',(-1.,0.,0.));
#3807=DIRECTION('',(0.,0.,1.));
#3808=DIRECTION('',(1.,0.,0.));
#3809=DIRECTION('',(0.,0.,-1.));
#3810=DIRECTION('',(-1.,0.,0.));
#3811=DIRECTION('',(0.,0.,-1.));
#3812=DIRECTION('',(-1.,0.,0.));
#3813=DIRECTION('',(0.,0.,1.));
#3814=DIRECTION('',(1.,0.,0.));
#3815=DIRECTION('',(0.,0.,-1.));
#3816=DIRECTION('',(-1.,0.,0.));
#3817=DIRECTION('',(0.,0.,1.));
#3818=DIRECTION('',(1.,0.,0.));
#3819=DIRECTION('',(0.,0.,-1.));
#3820=DIRECTION('',(-1.,0.,0.));
#3821=DIRECTION('',(0.,0.,-1.));
#3822=DIRECTION('',(-1.,0.,0.));
#3823=DIRECTION('',(0.,0.,1.));
#3824=DIRECTION('',(1.,0.,0.));
#3825=DIRECTION('',(0.,0.,-1.));
#3826=DIRECTION('',(-1.,0.,0.));
#3827=DIRECTION('',(0.,0.,1.));
#3828=DIRECTION('',(1.,0.,0.));
#3829=DIRECTION('',(0.,0.,-1.));
#3830=DIRECTION('',(-1.,0.,0.));
#3831=DIRECTION('',(0.,0.,-1.));
#3832=DIRECTION('',(-1.,0.,0.));
#3833=DIRECTION('',(0.,0.,1.));
#3834=DIRECTION('',(1.,0.,0.));
#3835=DIRECTION('',(0.,0.,-1.));
#3836=DIRECTION('',(-1.,0.,0.));
#3837=DIRECTION('',(0.,0.,1.));
#3838=DIRECTION('',(1.,0.,0.));
#3839=DIRECTION('',(0.,0.,-1.));
#3840=DIRECTION('',(-1.,0.,0.));
#3841=DIRECTION('',(0.,0.,-1.));
#3842=DIRECTION('',(-1.,0.,0.));
#3843=DIRECTION('',(0.,0.,1.));
#3844=DIRECTION('',(1.,0.,0.));
#3845=DIRECTION('',(0.,0.,-1.));
#3846=DIRECTION('',(-1.,0.,0.));
#3847=DIRECTION('',(0.,0.,1.));
#3848=DIRECTION('',(1.,0.,0.));
#3849=DIRECTION('',(0.,0.,-1.));
#3850=DIRECTION('',(-1.,0.,0.));
#3851=DIRECTION('',(0.,0.,-1.));
#3852=DIRECTION('',(-1.,0.,0.));
#3853=DIRECTION('',(0.,0.,1.));
#3854=DIRECTION('',(1.,0.,0.));
#3855=DIRECTION('',(0.,0.,-1.));
#3856=DIRECTION('',(-1.,0.,0.));
#3857=DIRECTION('',(0.,0.,1.));
#3858=DIRECTION('',(1.,0.,0.));
#3859=DIRECTION('',(0.,0.,-1.));
#3860=DIRECTION('',(-1.,0.,0.));
#3861=DIRECTION('',(0.,0.,-1.));
#3862=DIRECTION('',(-1.,0.,0.));
#3863=DIRECTION('',(0.,0.,1.));
#3864=DIRECTION('',(1.,0.,0.));
#3865=DIRECTION('',(0.,0.,-1.));
#3866=DIRECTION('',(-1.,0.,0.));
#3867=DIRECTION('',(0.,0.,1.));
#3868=DIRECTION('',(1.,0.,0.));
#3869=DIRECTION('',(0.,0.,-1.));
#3870=DIRECTION('',(-1.,0.,0.));
#3871=DIRECTION('',(0.,0.,-1.));
#3872=DIRECTION('',(-1.,0.,0.));
#3873=DIRECTION('',(0.,0.,1.));
#3874=DIRECTION('',(1.,0.,0.));
#3875=DIRECTION('',(0.,0.,-1.));
#3876=DIRECTION('',(-1.,0.,0.));
#3877=DIRECTION('',(0.,0.,1.));
#3878=DIRECTION('',(1.,0.,0.));
#3879=DIRECTION('',(0.,0.,-1.));
#3880=DIRECTION('',(-1.,0.,0.));
#3881=DIRECTION('',(0.,0.,-1.));
#3882=DIRECTION('',(-1.,0.,0.));
#3883=DIRECTION('',(0.,0.,1.));
#3884=DIRECTION('',(1.,0.,0.));
#3885=DIRECTION('',(0.,0.,-1.));
#3886=DIRECTION('',(-1.,0.,0.));
#3887=DIRECTION('',(0.,0.,1.));
#3888=DIRECTION('',(1.,0.,0.));
#3889=DIRECTION('',(0.,0.,1.));
#3890=DIRECTION('',(1.,0.,0.));
#3891=DIRECTION('',(0.,0.,1.));
#3892=DIRECTION('',(1.,0.,0.));
#3893=DIRECTION('',(0.,0.,1.));
#3894=DIRECTION('',(1.,0.,0.));
#3895=DIRECTION('',(0.,0.,1.));
#3896=DIRECTION('',(1.,0.,0.));
#3897=DIRECTION('',(0.,0.,-1.));
#3898=DIRECTION('',(-1.,0.,0.));
#3899=DIRECTION('',(0.,0.,1.));
#3900=DIRECTION('',(1.,0.,0.));
#3901=DIRECTION('',(0.,0.,1.));
#3902=DIRECTION('',(1.,0.,0.));
#3903=DIRECTION('',(0.,0.,-1.));
#3904=DIRECTION('',(-1.,0.,0.));
#3905=DIRECTION('',(0.,0.,-1.));
#3906=DIRECTION('',(0.,0.,-1.));
#3907=DIRECTION('',(1.,0.,0.));
#3908=DIRECTION('',(0.,0.,-1.));
#3909=DIRECTION('',(-1.,0.,0.));
#3910=DIRECTION('',(0.,0.,1.));
#3911=DIRECTION('',(1.,0.,0.));
#3912=DIRECTION('',(0.,0.,1.));
#3913=DIRECTION('',(0.712696645099796,-0.701472374412204,0.));
#3914=DIRECTION('',(0.,0.,1.));
#3915=DIRECTION('',(-0.701472374412204,-0.712696645099796,0.));
#3916=DIRECTION('',(0.,0.,1.));
#3917=DIRECTION('',(-0.712696645099796,0.701472374412204,0.));
#3918=DIRECTION('',(0.,0.,1.));
#3919=DIRECTION('',(0.701472374412204,0.712696645099796,0.));
#3920=DIRECTION('',(0.,0.,1.));
#3921=DIRECTION('',(0.,0.,-1.));
#3922=DIRECTION('',(-1.,0.,0.));
#3923=DIRECTION('',(0.,0.,1.));
#3924=DIRECTION('',(1.,0.,0.));
#3925=DIRECTION('',(0.,0.,1.));
#3926=DIRECTION('',(1.,0.,0.));
#3927=DIRECTION('',(0.,0.,1.));
#3928=DIRECTION('',(1.,0.,0.));
#3929=DIRECTION('',(0.,0.,1.));
#3930=DIRECTION('',(1.,0.,0.));
#3931=DIRECTION('',(0.984807753012208,-0.17364817766693,0.));
#3932=DIRECTION('',(0.17364817766693,0.984807753012208,0.));
#3933=DIRECTION('',(0.,0.,-1.));
#3934=DIRECTION('',(-0.17364817766693,-0.984807753012208,0.));
#3935=DIRECTION('',(0.14788891469063,0.838719713207963,-0.524097425664332));
#3936=DIRECTION('',(0.,0.,-1.));
#3937=DIRECTION('',(-1.,0.,0.));
#3938=DIRECTION('',(0.,0.,-1.));
#3939=DIRECTION('',(0.,0.,-1.));
#3940=DIRECTION('',(-1.,0.,0.));
#3941=DIRECTION('',(0.,0.,-1.));
#3942=DIRECTION('',(-1.,0.,0.));
#3943=DIRECTION('',(1.,0.,0.));
#3944=DIRECTION('',(0.,0.,-1.));
#3945=DIRECTION('',(0.,1.,0.));
#3946=DIRECTION('',(0.,0.851658316704546,-0.524097425664332));
#3947=DIRECTION('',(0.,0.,-1.));
#3948=DIRECTION('',(-1.,0.,0.));
#3949=DIRECTION('',(-0.696364240320023,0.122787803968974,-0.707106781186544));
#3950=DIRECTION('',(0.17364817766693,0.984807753012208,0.));
#3951=DIRECTION('',(-0.707106781186554,0.,0.707106781186541));
#3952=DIRECTION('',(0.,-1.,0.));
#3953=DIRECTION('',(0.,0.,-1.));
#3954=DIRECTION('',(-1.,0.,0.));
#3955=DIRECTION('',(0.,0.,1.));
#3956=DIRECTION('',(1.,0.,0.));
#3957=DIRECTION('',(0.,0.,-1.));
#3958=DIRECTION('',(1.,0.,0.));
#3959=DIRECTION('',(0.,0.,-1.));
#3960=DIRECTION('',(-1.,0.,0.));
#3961=DIRECTION('',(0.,0.,-1.));
#3962=DIRECTION('',(-1.,0.,0.));
#3963=DIRECTION('',(0.,0.,-1.));
#3964=DIRECTION('',(-1.,0.,0.));
#3965=DIRECTION('',(0.,0.,-1.));
#3966=DIRECTION('',(-1.,0.,0.));
#3967=DIRECTION('',(0.,0.,-1.));
#3968=DIRECTION('',(-1.,0.,0.));
#3969=DIRECTION('',(0.,0.,-1.));
#3970=DIRECTION('',(1.,0.,0.));
#3971=DIRECTION('',(0.,0.,1.));
#3972=DIRECTION('',(1.,0.,0.));
#3973=DIRECTION('',(0.,0.,1.));
#3974=DIRECTION('',(1.,0.,0.));
#3975=DIRECTION('',(0.,0.,1.));
#3976=DIRECTION('',(1.,0.,0.));
#3977=DIRECTION('',(0.,0.,1.));
#3978=DIRECTION('',(1.,0.,0.));
#3979=DIRECTION('',(0.,0.,1.));
#3980=DIRECTION('',(1.,0.,0.));
#3981=DIRECTION('',(0.,0.,-1.));
#3982=DIRECTION('',(-1.,0.,0.));
#3983=DIRECTION('',(0.,0.,-1.));
#3984=DIRECTION('',(-1.,0.,0.));
#3985=DIRECTION('',(0.,0.,-1.));
#3986=DIRECTION('',(1.,0.,0.));
#3987=DIRECTION('',(0.,0.,-1.));
#3988=DIRECTION('',(-1.,0.,0.));
#3989=DIRECTION('',(0.,0.,-1.));
#3990=DIRECTION('',(-1.,0.,0.));
#3991=DIRECTION('',(0.,0.,-1.));
#3992=DIRECTION('',(-1.,0.,0.));
#3993=DIRECTION('',(0.,0.,-1.));
#3994=DIRECTION('',(-1.,0.,0.));
#3995=DIRECTION('',(0.,0.,-1.));
#3996=DIRECTION('',(-1.,0.,0.));
#3997=DIRECTION('',(0.,0.,-1.));
#3998=DIRECTION('',(-1.,0.,0.));
#3999=DIRECTION('',(0.,0.,-1.));
#4000=DIRECTION('',(-1.,0.,0.));
#4001=DIRECTION('',(0.,0.,-1.));
#4002=DIRECTION('',(-1.,0.,0.));
#4003=DIRECTION('',(0.,0.,-1.));
#4004=DIRECTION('',(1.,0.,0.));
#4005=DIRECTION('',(0.,0.,-1.));
#4006=DIRECTION('',(-1.,0.,0.));
#4007=DIRECTION('',(0.,0.,-1.));
#4008=DIRECTION('',(-1.,0.,0.));
#4009=DIRECTION('',(0.,0.,1.));
#4010=DIRECTION('',(1.,0.,0.));
#4011=DIRECTION('',(0.,0.,-1.));
#4012=DIRECTION('',(-1.,0.,0.));
#4013=DIRECTION('',(0.,0.,1.));
#4014=DIRECTION('',(1.,0.,0.));
#4015=DIRECTION('',(0.,0.,-1.));
#4016=DIRECTION('',(-1.,0.,0.));
#4017=DIRECTION('',(0.,0.,-1.));
#4018=DIRECTION('',(-1.,0.,0.));
#4019=DIRECTION('',(0.,0.,1.));
#4020=DIRECTION('',(1.,0.,0.));
#4021=DIRECTION('',(0.,0.,1.));
#4022=DIRECTION('',(1.,0.,0.));
#4023=DIRECTION('',(0.,0.,1.));
#4024=DIRECTION('',(1.,0.,0.));
#4025=DIRECTION('',(-0.602427992600242,-0.798173235414244,0.));
#4026=DIRECTION('',(0.,0.,1.));
#4027=DIRECTION('',(1.,0.,0.));
#4028=DIRECTION('',(0.992452294789666,0.122631327835614,0.));
#4029=DIRECTION('',(0.,0.,1.));
#4030=DIRECTION('',(1.,0.,0.));
#4031=DIRECTION('',(0.,0.,1.));
#4032=DIRECTION('',(1.,0.,0.));
#4033=DIRECTION('',(0.992452294789664,-0.122631327835634,0.));
#4034=DIRECTION('',(0.,0.,1.));
#4035=DIRECTION('',(1.,0.,0.));
#4036=DIRECTION('',(-0.602427992600324,0.798173235414182,0.));
#4037=DIRECTION('',(0.,0.,1.));
#4038=DIRECTION('',(1.,0.,0.));
#4039=DIRECTION('',(0.,0.,1.));
#4040=DIRECTION('',(1.,0.,0.));
#4041=DIRECTION('',(-0.390024302189318,0.920804563249844,0.));
#4042=DIRECTION('',(0.,0.,1.));
#4043=DIRECTION('',(1.,0.,0.));
#4044=DIRECTION('',(-0.390024302189416,-0.920804563249802,0.));
#4045=DIRECTION('',(0.,0.,1.));
#4046=DIRECTION('',(1.,0.,0.));
#4047=DIRECTION('',(0.,0.,1.));
#4048=DIRECTION('',(1.,0.,0.));
#4049=DIRECTION('',(0.602427992600245,0.798173235414242,0.));
#4050=DIRECTION('',(0.,0.,1.));
#4051=DIRECTION('',(1.,0.,0.));
#4052=DIRECTION('',(-0.992452294789668,-0.122631327835601,0.));
#4053=DIRECTION('',(0.,0.,1.));
#4054=DIRECTION('',(1.,0.,0.));
#4055=DIRECTION('',(0.,0.,1.));
#4056=DIRECTION('',(1.,0.,0.));
#4057=DIRECTION('',(-0.992452294789666,0.122631327835617,0.));
#4058=DIRECTION('',(0.,0.,1.));
#4059=DIRECTION('',(1.,0.,0.));
#4060=DIRECTION('',(0.602427992600237,-0.798173235414248,0.));
#4061=DIRECTION('',(0.,0.,1.));
#4062=DIRECTION('',(1.,0.,0.));
#4063=DIRECTION('',(0.,0.,1.));
#4064=DIRECTION('',(1.,0.,0.));
#4065=DIRECTION('',(0.390024302189361,-0.920804563249826,0.));
#4066=DIRECTION('',(0.,0.,1.));
#4067=DIRECTION('',(1.,0.,0.));
#4068=DIRECTION('',(0.390024302189412,0.920804563249804,0.));
#4069=DIRECTION('',(0.,0.,1.));
#4070=DIRECTION('',(1.,0.,0.));
#4071=DIRECTION('',(0.,0.,1.));
#4072=DIRECTION('',(1.,0.,0.));
#4073=DIRECTION('',(0.,0.,1.));
#4074=DIRECTION('',(1.,0.,0.));
#4075=DIRECTION('',(0.,0.,1.));
#4076=DIRECTION('',(1.,0.,0.));
#4077=DIRECTION('',(0.,0.,1.));
#4078=DIRECTION('',(1.,0.,0.));
#4079=DIRECTION('',(0.,0.,1.));
#4080=DIRECTION('',(1.,0.,0.));
#4081=DIRECTION('',(0.,0.,-1.));
#4082=DIRECTION('',(-1.,0.,0.));
#4083=DIRECTION('',(0.,0.,-1.));
#4084=DIRECTION('',(-1.,0.,0.));
#4085=DIRECTION('',(0.,0.,-1.));
#4086=DIRECTION('',(-1.,0.,0.));
#4087=DIRECTION('',(0.,0.,-1.));
#4088=DIRECTION('',(-1.,0.,0.));
#4089=DIRECTION('',(0.,0.,1.));
#4090=DIRECTION('',(1.,0.,0.));
#4091=DIRECTION('',(0.,0.,1.));
#4092=DIRECTION('',(1.,0.,0.));
#4093=DIRECTION('',(-0.106064870074258,-0.858380362992302,-0.501929672130802));
#4094=DIRECTION('',(0.0615523021734962,0.498141254929239,-0.864908436908015));
#4095=DIRECTION('',(0.,0.,-1.));
#4096=DIRECTION('',(-0.106064870074274,-0.858380362992313,0.501929672130779));
#4097=DIRECTION('',(-0.0615523021735018,-0.498141254929215,-0.864908436908028));
#4098=DIRECTION('',(0.69034676542388,0.521045053429569,0.501929672130832));
#4099=DIRECTION('',(0.400626830355046,0.302376484808316,-0.864908436907998));
#4100=DIRECTION('',(0.,0.,-1.));
#4101=DIRECTION('',(0.690346765423928,0.521045053429487,-0.501929672130851));
#4102=DIRECTION('',(-0.400626830355094,-0.302376484808284,-0.864908436907987));
#4103=DIRECTION('',(0.796411635498198,0.33733530956275,-0.501929672130756));
#4104=DIRECTION('',(-0.462179132528489,-0.195764770120933,-0.864908436908041));
#4105=DIRECTION('',(0.,0.,-1.));
#4106=DIRECTION('',(0.79641163549822,0.337335309562715,0.501929672130746));
#4107=DIRECTION('',(0.462179132528489,0.195764770120908,-0.864908436908048));
#4108=DIRECTION('',(-0.796411635498144,0.337335309562783,0.50192967213082));
#4109=DIRECTION('',(-0.462179132528536,0.195764770120985,-0.864908436908005));
#4110=DIRECTION('',(0.,0.,-1.));
#4111=DIRECTION('',(-0.796411635498143,0.337335309562778,-0.501929672130826));
#4112=DIRECTION('',(0.462179132528543,-0.195764770120986,-0.864908436908001));
#4113=DIRECTION('',(0.,0.,-1.));
#4114=DIRECTION('',(-0.690346765423946,0.521045053429508,0.501929672130804));
#4115=DIRECTION('',(-0.400626830355054,0.302376484808258,-0.864908436908014));
#4116=DIRECTION('',(0.106064870074256,-0.85838036299231,0.50192967213079));
#4117=DIRECTION('',(0.0615523021734929,-0.498141254929227,-0.864908436908022));
#4118=DIRECTION('',(0.,0.,-1.));
#4119=DIRECTION('',(0.106064870074245,-0.858380362992312,-0.501929672130788));
#4120=DIRECTION('',(-0.0615523021734864,0.498141254929226,-0.864908436908023));
#4121=DIRECTION('',(-0.690346765423947,0.521045053429513,-0.501929672130798));
#4122=DIRECTION('',(0.400626830355049,-0.302376484808256,-0.864908436908017));
#4123=DIRECTION('',(0.,0.,1.));
#4124=DIRECTION('',(1.,0.,0.));
#4125=DIRECTION('',(0.,0.,1.));
#4126=DIRECTION('',(1.,0.,0.));
#4127=DIRECTION('',(0.,0.,1.));
#4128=DIRECTION('',(1.,0.,0.));
#4129=DIRECTION('',(0.,0.,1.));
#4130=DIRECTION('',(1.,0.,0.));
#4131=DIRECTION('',(0.,0.,1.));
#4132=DIRECTION('',(1.,0.,0.));
#4133=DIRECTION('',(0.,0.,1.));
#4134=DIRECTION('',(1.,0.,0.));
#4135=DIRECTION('',(-0.976296007119933,-0.216439613938103,0.));
#4136=DIRECTION('',(0.216439613938103,-0.976296007119933,0.));
#4137=DIRECTION('',(-0.153078781343455,0.690493760736149,-0.706954915879967));
#4138=DIRECTION('',(0.153078781343457,-0.690493760736158,-0.706954915879959));
#4139=DIRECTION('',(0.300705799504272,-0.953716950748227,0.));
#4140=DIRECTION('',(0.953716950748227,0.300705799504272,0.));
#4141=DIRECTION('',(-0.674524528623861,-0.21267676694427,0.706954915879995));
#4142=DIRECTION('',(0.674524528623864,0.212676766944271,0.706954915879992));
#4143=DIRECTION('',(-0.976296007119933,0.216439613938104,0.));
#4144=DIRECTION('',(-0.216439613938104,-0.976296007119933,0.));
#4145=DIRECTION('',(0.153078781343449,0.69049376073612,0.706954915879998));
#4146=DIRECTION('',(-0.153078781343452,-0.690493760736132,0.706954915879985));
#4147=DIRECTION('',(0.300705799504272,0.953716950748227,0.));
#4148=DIRECTION('',(-0.953716950748227,0.300705799504272,0.));
#4149=DIRECTION('',(0.674524528623939,-0.212676766944294,-0.706954915879914));
#4150=DIRECTION('',(-0.674524528623904,0.212676766944283,-0.70695491587995));
#4151=DIRECTION('',(0.675590207615661,-0.737277336810124,0.));
#4152=DIRECTION('',(0.737277336810124,0.675590207615661,0.));
#4153=DIRECTION('',(-0.521445747280427,-0.477816993791867,-0.706954915879974));
#4154=DIRECTION('',(0.521445747280421,0.477816993791862,-0.706954915879981));
#4155=DIRECTION('',(0.675590207615661,0.737277336810124,0.));
#4156=DIRECTION('',(-0.737277336810124,0.675590207615661,0.));
#4157=DIRECTION('',(0.521445747280436,-0.477816993791876,0.70695491587996));
#4158=DIRECTION('',(-0.521445747280427,0.477816993791867,0.706954915879973));
#4159=DIRECTION('',(-0.106064870074258,-0.858380362992302,-0.501929672130802));
#4160=DIRECTION('',(0.,0.504777012027972,-0.863249771577214));
#4161=DIRECTION('',(0.992452294789665,-0.122631327835626,1.45166730576727E-14));
#4162=DIRECTION('',(-0.106064870074274,-0.858380362992313,0.501929672130779));
#4163=DIRECTION('',(0.,-0.504777012027951,-0.863249771577227));
#4164=DIRECTION('',(0.690346765423928,0.521045053429487,-0.501929672130851));
#4165=DIRECTION('',(-0.602427992600237,0.798173235414248,0.));
#4166=DIRECTION('',(-0.602427992600281,0.798173235414215,-9.37379985418205E-14));
#4167=DIRECTION('',(0.69034676542388,0.521045053429569,0.501929672130832));
#4168=DIRECTION('',(-0.602427992600324,0.798173235414182,0.));
#4169=DIRECTION('',(-0.690346765423947,0.521045053429513,-0.501929672130798));
#4170=DIRECTION('',(-0.602427992600245,-0.798173235414242,0.));
#4171=DIRECTION('',(-0.602427992600244,-0.798173235414243,-3.22341778477596E-15));
#4172=DIRECTION('',(-0.690346765423946,0.521045053429508,0.501929672130804));
#4173=DIRECTION('',(-0.602427992600242,-0.798173235414244,0.));
#4174=DIRECTION('',(0.106064870074245,-0.858380362992312,-0.501929672130788));
#4175=DIRECTION('',(0.,0.504777012027958,-0.863249771577223));
#4176=DIRECTION('',(0.992452294789667,0.122631327835607,-1.10011336741709E-14));
#4177=DIRECTION('',(0.106064870074256,-0.85838036299231,0.50192967213079));
#4178=DIRECTION('',(0.,-0.50477701202796,-0.863249771577221));
#4179=DIRECTION('',(0.796411635498198,0.33733530956275,-0.501929672130756));
#4180=DIRECTION('',(-0.533182392943804,0.,-0.846000316698947));
#4181=DIRECTION('',(-0.39002430218934,0.920804563249835,3.98159890654922E-14));
#4182=DIRECTION('',(0.79641163549822,0.337335309562715,0.501929672130746));
#4183=DIRECTION('',(0.533182392943786,0.,-0.846000316698958));
#4184=DIRECTION('',(-0.796411635498143,0.337335309562778,-0.501929672130826));
#4185=DIRECTION('',(-0.533182392943884,0.,0.846000316698896));
#4186=DIRECTION('',(-0.390024302189414,-0.920804563249803,4.10890461354835E-15));
#4187=DIRECTION('',(-0.796411635498144,0.337335309562783,0.50192967213082));
#4188=DIRECTION('',(0.533182392943879,0.,0.8460003166989));
#4189=DIRECTION('',(0.,0.,1.));
#4190=DIRECTION('',(1.,0.,0.));
#4191=DIRECTION('',(0.,0.,1.));
#4192=DIRECTION('',(1.,0.,0.));
#4193=DIRECTION('',(0.,0.,-1.));
#4194=DIRECTION('',(-1.,0.,0.));
#4195=DIRECTION('',(0.,0.,-1.));
#4196=DIRECTION('',(-1.,0.,0.));
#4197=DIRECTION('',(0.,0.,1.));
#4198=DIRECTION('',(1.,0.,0.));
#4199=DIRECTION('',(0.,0.,1.));
#4200=DIRECTION('',(1.,0.,0.));
#4201=DIRECTION('',(0.,0.,1.));
#4202=DIRECTION('',(1.,0.,0.));
#4203=DIRECTION('',(0.,0.,1.));
#4204=DIRECTION('',(1.,0.,0.));
#4205=DIRECTION('',(0.,0.,-1.));
#4206=DIRECTION('',(-1.,0.,0.));
#4207=DIRECTION('',(0.,0.,-1.));
#4208=DIRECTION('',(1.,0.,0.));
#4209=DIRECTION('',(0.,0.,-1.));
#4210=DIRECTION('',(-1.,0.,0.));
#4211=DIRECTION('',(0.,0.,-1.));
#4212=DIRECTION('',(-1.,0.,0.));
#4213=DIRECTION('',(0.,0.,1.));
#4214=DIRECTION('',(1.,0.,0.));
#4215=DIRECTION('',(0.,0.,-1.));
#4216=DIRECTION('',(-1.,0.,0.));
#4217=DIRECTION('',(0.,0.,1.));
#4218=DIRECTION('',(1.,0.,0.));
#4219=DIRECTION('',(0.,0.,1.));
#4220=DIRECTION('',(1.,0.,0.));
#4221=DIRECTION('',(0.,0.,1.));
#4222=DIRECTION('',(1.,0.,0.));
#4223=DIRECTION('',(0.,0.,-1.));
#4224=DIRECTION('',(-1.,0.,0.));
#4225=DIRECTION('',(0.,0.,1.));
#4226=DIRECTION('',(1.,0.,0.));
#4227=DIRECTION('',(0.,0.,-1.));
#4228=DIRECTION('',(-1.,0.,0.));
#4229=DIRECTION('',(0.,0.,1.));
#4230=DIRECTION('',(1.,0.,0.));
#4231=DIRECTION('',(0.,0.,1.));
#4232=DIRECTION('',(1.,0.,0.));
#4233=DIRECTION('',(0.,0.,-1.));
#4234=DIRECTION('',(-1.,0.,0.));
#4235=DIRECTION('',(0.,0.,1.));
#4236=DIRECTION('',(1.,0.,0.));
#4237=DIRECTION('',(0.,0.,1.));
#4238=DIRECTION('',(1.,0.,0.));
#4239=DIRECTION('',(0.,0.,1.));
#4240=DIRECTION('',(1.,0.,0.));
#4241=DIRECTION('',(0.,0.,1.));
#4242=DIRECTION('',(1.,0.,0.));
#4243=DIRECTION('',(0.,0.,1.));
#4244=DIRECTION('',(1.,0.,0.));
#4245=DIRECTION('',(0.,0.,1.));
#4246=DIRECTION('',(1.,0.,0.));
#4247=DIRECTION('',(0.,0.,1.));
#4248=DIRECTION('',(1.,0.,0.));
#4249=DIRECTION('',(0.,0.,1.));
#4250=DIRECTION('',(1.,0.,0.));
#4251=DIRECTION('',(0.,0.,-1.));
#4252=DIRECTION('',(-1.,0.,0.));
#4253=DIRECTION('',(0.,0.,1.));
#4254=DIRECTION('',(1.,0.,0.));
#4255=DIRECTION('',(0.,0.,1.));
#4256=DIRECTION('',(1.,0.,0.));
#4257=DIRECTION('',(0.,0.,-1.));
#4258=DIRECTION('',(-1.,0.,0.));
#4259=CARTESIAN_POINT('',(0.,0.,0.));
#4260=CARTESIAN_POINT('',(0.166099607944488,0.,0.002));
#4261=CARTESIAN_POINT('',(0.166099607944488,9.18485099360515E-19,0.002));
#4262=CARTESIAN_POINT('',(0.181099607944488,9.18485099360515E-19,0.002));
#4263=CARTESIAN_POINT('',(0.166099607944488,1.97780458062298E-18,0.002));
#4264=CARTESIAN_POINT('',(0.181799607944488,1.97780458062298E-18,0.002));
#4265=CARTESIAN_POINT('',(0.166099607944488,9.18485099360515E-19,0.002));
#4266=CARTESIAN_POINT('',(0.166099607944488,9.18485099360515E-19,0.0001));
#4267=CARTESIAN_POINT('',(0.181099607944488,9.18485099360515E-19,0.0001));
#4268=CARTESIAN_POINT('',(0.166099607944488,1.0164568432923E-18,0.002));
#4269=CARTESIAN_POINT('',(0.166099607944488,1.0164568432923E-18,0.0001));
#4270=CARTESIAN_POINT('',(0.182699607944489,1.0164568432923E-18,0.0001));
#4271=CARTESIAN_POINT('',(0.166099607944488,1.0164568432923E-18,0.009));
#4272=CARTESIAN_POINT('',(0.182699607944489,1.0164568432923E-18,0.009));
#4273=CARTESIAN_POINT('',(0.166099607944488,0.,0.));
#4274=CARTESIAN_POINT('',(0.166099607944488,1.0164568432923E-18,0.));
#4275=CARTESIAN_POINT('',(0.182599607944488,1.0164568432923E-18,0.));
#4276=CARTESIAN_POINT('',(0.166099607944488,9.18485099360515E-19,0.));
#4277=CARTESIAN_POINT('',(0.181199607944488,9.18485099360515E-19,0.));
#4278=CARTESIAN_POINT('',(0.166099607944488,1.97780458062298E-18,0.009));
#4279=CARTESIAN_POINT('',(0.166099607944488,1.97780458062298E-18,0.009));
#4280=CARTESIAN_POINT('',(0.181799607944488,1.97780458062298E-18,0.009));
#4281=CARTESIAN_POINT('',(0.166099607944488,0.,0.009));
#4282=CARTESIAN_POINT('',(0.166099607944488,1.0164568432923E-18,0.0001));
#4283=CARTESIAN_POINT('',(0.166099607944488,9.18485099360515E-19,0.));
#4284=CARTESIAN_POINT('',(0.,0.,0.));
#4285=CARTESIAN_POINT('',(-0.02425,0.,0.041));
#4286=CARTESIAN_POINT('',(0.,0.,0.041));
#4287=CARTESIAN_POINT('',(-0.0204,0.,0.041));
#4288=CARTESIAN_POINT('',(0.,-1.27975590510898E-18,0.041));
#4289=CARTESIAN_POINT('',(-0.0209,-1.27975590510898E-18,0.041));
#4290=CARTESIAN_POINT('',(0.,0.,0.0407174142566379));
#4291=CARTESIAN_POINT('',(0.,-1.18790739517293E-18,0.0370035898384862));
#4292=CARTESIAN_POINT('',(-0.02,-1.18790739517293E-18,0.0370035898384862));
#4293=CARTESIAN_POINT('',(0.,0.,0.036));
#4294=CARTESIAN_POINT('',(-0.02,0.,0.036));
#4295=CARTESIAN_POINT('',(0.,0.,0.0407174142566379));
#4296=CARTESIAN_POINT('',(0.,-1.18790739517293E-18,0.0350035898384862));
#4297=CARTESIAN_POINT('',(-0.02,-1.18790739517293E-18,0.0350035898384862));
#4298=CARTESIAN_POINT('',(0.,0.,0.034));
#4299=CARTESIAN_POINT('',(-0.02,0.,0.034));
#4300=CARTESIAN_POINT('',(0.,0.,0.0407174142566379));
#4301=CARTESIAN_POINT('',(0.,-1.18790739517293E-18,0.0330035898384862));
#4302=CARTESIAN_POINT('',(-0.02,-1.18790739517293E-18,0.0330035898384862));
#4303=CARTESIAN_POINT('',(0.,0.,0.0192));
#4304=CARTESIAN_POINT('',(-0.02,0.,0.0192));
#4305=CARTESIAN_POINT('',(0.,0.,0.034));
#4306=CARTESIAN_POINT('',(0.,-1.18790739517293E-18,0.034));
#4307=CARTESIAN_POINT('',(-0.0194,-1.18790739517293E-18,0.034));
#4308=CARTESIAN_POINT('',(0.,-1.18790739517293E-18,0.033));
#4309=CARTESIAN_POINT('',(0.,-1.18790739517293E-18,0.03335));
#4310=CARTESIAN_POINT('',(-0.0194,-1.18790739517293E-18,0.03335));
#4311=CARTESIAN_POINT('',(0.,0.,0.036));
#4312=CARTESIAN_POINT('',(0.,-1.18790739517293E-18,0.036));
#4313=CARTESIAN_POINT('',(-0.0194,-1.18790739517293E-18,0.036));
#4314=CARTESIAN_POINT('',(0.,-1.18790739517293E-18,0.035));
#4315=CARTESIAN_POINT('',(0.,-1.18790739517293E-18,0.03535));
#4316=CARTESIAN_POINT('',(-0.0194,-1.18790739517293E-18,0.03535));
#4317=CARTESIAN_POINT('',(0.,0.,0.038));
#4318=CARTESIAN_POINT('',(0.,0.,0.038));
#4319=CARTESIAN_POINT('',(-0.02,0.,0.038));
#4320=CARTESIAN_POINT('',(0.,-1.18790739517293E-18,0.038));
#4321=CARTESIAN_POINT('',(-0.0194,-1.18790739517293E-18,0.038));
#4322=CARTESIAN_POINT('',(0.,-1.18790739517293E-18,0.037));
#4323=CARTESIAN_POINT('',(0.,-1.18790739517293E-18,0.03735));
#4324=CARTESIAN_POINT('',(-0.0194,-1.18790739517293E-18,0.03735));
#4325=CARTESIAN_POINT('',(0.,0.,0.0407174142566379));
#4326=CARTESIAN_POINT('',(0.,0.,0.0406));
#4327=CARTESIAN_POINT('',(-0.02,0.,0.0406));
#4328=CARTESIAN_POINT('',(0.,0.,0.04));
#4329=CARTESIAN_POINT('',(-0.02,0.,0.04));
#4330=CARTESIAN_POINT('',(0.,0.,0.0407174142566379));
#4331=CARTESIAN_POINT('',(0.,-1.80635402874235E-18,0.0120226497308104));
#4332=CARTESIAN_POINT('',(0.0285,-1.80635402874235E-18,0.0120226497308104));
#4333=CARTESIAN_POINT('',(0.,0.,0.0105));
#4334=CARTESIAN_POINT('',(-0.0285,0.,0.0105));
#4335=CARTESIAN_POINT('',(0.,0.,0.0407174142566379));
#4336=CARTESIAN_POINT('',(0.,-1.80635402874235E-18,0.00902264973081037));
#4337=CARTESIAN_POINT('',(0.0285,-1.80635402874235E-18,0.00902264973081037));
#4338=CARTESIAN_POINT('',(0.,0.,0.0075));
#4339=CARTESIAN_POINT('',(-0.0285,0.,0.0075));
#4340=CARTESIAN_POINT('',(0.,0.,0.0407174142566379));
#4341=CARTESIAN_POINT('',(0.,-1.80635402874235E-18,0.00602264973081037));
#4342=CARTESIAN_POINT('',(0.0285,-1.80635402874235E-18,0.00602264973081037));
#4343=CARTESIAN_POINT('',(0.,0.,0.0045));
#4344=CARTESIAN_POINT('',(-0.0285,0.,0.0045));
#4345=CARTESIAN_POINT('',(0.,0.,0.0135));
#4346=CARTESIAN_POINT('',(0.,0.,0.0135));
#4347=CARTESIAN_POINT('',(-0.0285,0.,0.0135));
#4348=CARTESIAN_POINT('',(0.,-1.80635402874235E-18,0.0135));
#4349=CARTESIAN_POINT('',(-0.0295,-1.80635402874235E-18,0.0135));
#4350=CARTESIAN_POINT('',(0.,-1.80635402874235E-18,0.0135));
#4351=CARTESIAN_POINT('',(0.,-1.80635402874235E-18,0.0126));
#4352=CARTESIAN_POINT('',(-0.0295,-1.80635402874235E-18,0.0126));
#4353=CARTESIAN_POINT('',(0.,0.,0.0105));
#4354=CARTESIAN_POINT('',(0.,-1.80635402874235E-18,0.0105));
#4355=CARTESIAN_POINT('',(-0.0295,-1.80635402874235E-18,0.0105));
#4356=CARTESIAN_POINT('',(0.,-1.80635402874235E-18,0.0105));
#4357=CARTESIAN_POINT('',(0.,-1.80635402874235E-18,0.0096));
#4358=CARTESIAN_POINT('',(-0.0295,-1.80635402874235E-18,0.0096));
#4359=CARTESIAN_POINT('',(0.,0.,0.0075));
#4360=CARTESIAN_POINT('',(0.,-1.80635402874235E-18,0.0075));
#4361=CARTESIAN_POINT('',(-0.0295,-1.80635402874235E-18,0.0075));
#4362=CARTESIAN_POINT('',(0.,-1.80635402874235E-18,0.0075));
#4363=CARTESIAN_POINT('',(0.,-1.80635402874235E-18,0.0066));
#4364=CARTESIAN_POINT('',(-0.0295,-1.80635402874235E-18,0.0066));
#4365=CARTESIAN_POINT('',(0.,0.,0.0407174142566379));
#4366=CARTESIAN_POINT('',(0.,0.,0.0186));
#4367=CARTESIAN_POINT('',(-0.0285,0.,0.0186));
#4368=CARTESIAN_POINT('',(0.,-1.59204083889156E-18,0.019));
#4369=CARTESIAN_POINT('',(0.,-1.59204083889156E-18,0.019));
#4370=CARTESIAN_POINT('',(-4.77612251667468E-18,-0.026,0.019));
#4371=CARTESIAN_POINT('',(-0.026,3.18408167778312E-18,0.019));
#4372=CARTESIAN_POINT('',(-0.026,3.18408167778312E-18,0.019));
#4373=CARTESIAN_POINT('',(-0.026,-0.0107695526217005,0.0195));
#4374=CARTESIAN_POINT('',(-0.0183847763108503,-0.0183847763108503,0.02));
#4375=CARTESIAN_POINT('',(-0.0107695526217005,-0.026,0.0205));
#4376=CARTESIAN_POINT('',(-3.18408167778312E-18,-0.026,0.021));
#4377=CARTESIAN_POINT('',(0.0107695526217005,-0.026,0.0215));
#4378=CARTESIAN_POINT('',(0.0183847763108503,-0.0183847763108503,0.022));
#4379=CARTESIAN_POINT('',(0.026,-0.0107695526217005,0.0225));
#4380=CARTESIAN_POINT('',(0.026,-3.18408167778312E-18,0.023));
#4381=CARTESIAN_POINT('',(0.026,0.0107695526217005,0.0235));
#4382=CARTESIAN_POINT('',(0.0183847763108503,0.0183847763108503,0.024));
#4383=CARTESIAN_POINT('',(0.0107695526217005,0.026,0.0245));
#4384=CARTESIAN_POINT('',(6.36816335556624E-18,0.026,0.025));
#4385=CARTESIAN_POINT('',(-0.0107695526217005,0.026,0.0255));
#4386=CARTESIAN_POINT('',(-0.0183847763108503,0.0183847763108503,0.026));
#4387=CARTESIAN_POINT('',(-0.026,0.0107695526217005,0.0265));
#4388=CARTESIAN_POINT('',(-0.026,9.55224503334935E-18,0.027));
#4389=CARTESIAN_POINT('',(-0.026,-0.0107695526217005,0.0275));
#4390=CARTESIAN_POINT('',(-0.0183847763108503,-0.0183847763108503,0.028));
#4391=CARTESIAN_POINT('',(-0.0107695526217005,-0.026,0.0285));
#4392=CARTESIAN_POINT('',(-9.55224503334935E-18,-0.026,0.029));
#4393=CARTESIAN_POINT('',(0.0107695526217005,-0.026,0.0295));
#4394=CARTESIAN_POINT('',(0.0183847763108502,-0.0183847763108503,0.03));
#4395=CARTESIAN_POINT('',(0.026,-0.0107695526217005,0.0305));
#4396=CARTESIAN_POINT('',(0.026,-9.55224503334935E-18,0.031));
#4397=CARTESIAN_POINT('',(0.026,0.0107695526217005,0.0315));
#4398=CARTESIAN_POINT('',(0.0183847763108503,0.0183847763108503,0.032));
#4399=CARTESIAN_POINT('',(0.0107695526217005,0.026,0.0325));
#4400=CARTESIAN_POINT('',(1.27363267111325E-17,0.026,0.033));
#4401=CARTESIAN_POINT('',(-0.0107695526217005,0.026,0.0335));
#4402=CARTESIAN_POINT('',(-0.0183847763108502,0.0183847763108503,0.034));
#4403=CARTESIAN_POINT('',(-0.026,0.0107695526217005,0.0345));
#4404=CARTESIAN_POINT('',(-0.026,1.59204083889156E-17,0.035));
#4405=CARTESIAN_POINT('',(-0.026,-0.0107695526217005,0.0355));
#4406=CARTESIAN_POINT('',(-0.0183847763108503,-0.0183847763108503,0.036));
#4407=CARTESIAN_POINT('',(-0.0107695526217005,-0.026,0.0365));
#4408=CARTESIAN_POINT('',(-1.59204083889156E-17,-0.026,0.037));
#4409=CARTESIAN_POINT('',(0.0107695526217005,-0.026,0.0375));
#4410=CARTESIAN_POINT('',(0.0183847763108502,-0.0183847763108503,0.038));
#4411=CARTESIAN_POINT('',(0.026,-0.0107695526217005,0.0385));
#4412=CARTESIAN_POINT('',(0.026,-1.59204083889156E-17,0.039));
#4413=CARTESIAN_POINT('',(0.026,0.0107695526217004,0.0395));
#4414=CARTESIAN_POINT('',(0.0183847763108503,0.0183847763108503,0.04));
#4415=CARTESIAN_POINT('',(0.0107695526217005,0.026,0.0405));
#4416=CARTESIAN_POINT('',(6.52897678911052E-17,0.026,0.041));
#4417=CARTESIAN_POINT('',(-0.0107695526217005,0.026,0.0415));
#4418=CARTESIAN_POINT('',(-0.0183847763108502,0.0183847763108503,0.042));
#4419=CARTESIAN_POINT('',(-0.026,0.0107695526217005,0.0425));
#4420=CARTESIAN_POINT('',(-0.026,2.22885717444818E-17,0.043));
#4421=CARTESIAN_POINT('',(6.36816335556624E-18,0.026,0.041));
#4422=CARTESIAN_POINT('',(0.,-1.59204083889156E-18,0.041));
#4423=CARTESIAN_POINT('',(-0.000215022756226955,0.0259991108543024,0.041));
#4424=CARTESIAN_POINT('',(-4.77612251667468E-18,-0.026,0.02099));
#4425=CARTESIAN_POINT('',(0.0107695526217005,-0.026,0.02149));
#4426=CARTESIAN_POINT('',(0.0183847763108503,-0.0183847763108503,0.02199));
#4427=CARTESIAN_POINT('',(0.026,-0.0107695526217005,0.02249));
#4428=CARTESIAN_POINT('',(0.026,-4.77612251667468E-18,0.02299));
#4429=CARTESIAN_POINT('',(0.026,0.0107695526217005,0.02349));
#4430=CARTESIAN_POINT('',(0.0183847763108503,0.0183847763108503,0.02399));
#4431=CARTESIAN_POINT('',(0.0107695526217005,0.026,0.02449));
#4432=CARTESIAN_POINT('',(4.77612251667468E-18,0.026,0.02499));
#4433=CARTESIAN_POINT('',(-0.0107695526217005,0.026,0.02549));
#4434=CARTESIAN_POINT('',(-0.0183847763108503,0.0183847763108503,0.02599));
#4435=CARTESIAN_POINT('',(-0.026,0.0107695526217005,0.02649));
#4436=CARTESIAN_POINT('',(-0.026,7.9602041944578E-18,0.02699));
#4437=CARTESIAN_POINT('',(-0.026,-0.0107695526217005,0.02749));
#4438=CARTESIAN_POINT('',(-0.0183847763108503,-0.0183847763108503,0.02799));
#4439=CARTESIAN_POINT('',(-0.0107695526217005,-0.026,0.02849));
#4440=CARTESIAN_POINT('',(-1.11442858722409E-17,-0.026,0.02899));
#4441=CARTESIAN_POINT('',(0.0107695526217005,-0.026,0.02949));
#4442=CARTESIAN_POINT('',(0.0183847763108503,-0.0183847763108503,0.02999));
#4443=CARTESIAN_POINT('',(0.026,-0.0107695526217005,0.03049));
#4444=CARTESIAN_POINT('',(0.026,-1.11442858722409E-17,0.03099));
#4445=CARTESIAN_POINT('',(0.026,0.0107695526217005,0.03149));
#4446=CARTESIAN_POINT('',(0.0183847763108503,0.0183847763108502,0.03199));
#4447=CARTESIAN_POINT('',(0.0107695526217005,0.026,0.03249));
#4448=CARTESIAN_POINT('',(1.11442858722409E-17,0.026,0.03299));
#4449=CARTESIAN_POINT('',(-0.0107695526217005,0.026,0.03349));
#4450=CARTESIAN_POINT('',(-0.0183847763108503,0.0183847763108503,0.03399));
#4451=CARTESIAN_POINT('',(-0.026,0.0107695526217005,0.03449));
#4452=CARTESIAN_POINT('',(-0.026,1.4328367550024E-17,0.03499));
#4453=CARTESIAN_POINT('',(-0.026,-0.0107695526217005,0.03549));
#4454=CARTESIAN_POINT('',(-0.0183847763108503,-0.0183847763108502,0.03599));
#4455=CARTESIAN_POINT('',(-0.0107695526217005,-0.026,0.03649));
#4456=CARTESIAN_POINT('',(-1.75124492278071E-17,-0.026,0.03699));
#4457=CARTESIAN_POINT('',(0.0107695526217005,-0.026,0.03749));
#4458=CARTESIAN_POINT('',(0.0183847763108503,-0.0183847763108503,0.03799));
#4459=CARTESIAN_POINT('',(0.026,-0.0107695526217005,0.03849));
#4460=CARTESIAN_POINT('',(0.026,-1.75124492278071E-17,0.03899));
#4461=CARTESIAN_POINT('',(0.026,0.0107695526217005,0.03949));
#4462=CARTESIAN_POINT('',(0.0183847763108503,0.0183847763108502,0.03999));
#4463=CARTESIAN_POINT('',(0.0107695526217005,0.026,0.04049));
#4464=CARTESIAN_POINT('',(1.75124492278071E-17,0.026,0.04099));
#4465=CARTESIAN_POINT('',(-0.0107695526217004,0.026,0.04149));
#4466=CARTESIAN_POINT('',(-0.0183847763108503,0.0183847763108503,0.04199));
#4467=CARTESIAN_POINT('',(-0.026,0.0107695526217005,0.04249));
#4468=CARTESIAN_POINT('',(-0.026,6.68818087299968E-17,0.04299));
#4469=CARTESIAN_POINT('',(-0.026,-0.0107695526217005,0.04349));
#4470=CARTESIAN_POINT('',(-0.0183847763108503,-0.0183847763108502,0.04399));
#4471=CARTESIAN_POINT('',(-0.0107695526217005,-0.026,0.04449));
#4472=CARTESIAN_POINT('',(-2.38806125833734E-17,-0.026,0.04499));
#4473=CARTESIAN_POINT('',(-4.77612251667468E-18,-0.026,0.02099));
#4474=CARTESIAN_POINT('',(-4.77612251667468E-18,-0.026,0.019995));
#4475=CARTESIAN_POINT('',(-4.62916490077699E-18,-0.0252,0.02019));
#4476=CARTESIAN_POINT('',(0.010438181771802,-0.0252,0.02069));
#4477=CARTESIAN_POINT('',(0.017819090885901,-0.017819090885901,0.02119));
#4478=CARTESIAN_POINT('',(0.0252,-0.010438181771802,0.02169));
#4479=CARTESIAN_POINT('',(0.0252,-4.5801790288111E-18,0.02219));
#4480=CARTESIAN_POINT('',(0.0252,0.010438181771802,0.02269));
#4481=CARTESIAN_POINT('',(0.017819090885901,0.017819090885901,0.02319));
#4482=CARTESIAN_POINT('',(0.010438181771802,0.0252,0.02369));
#4483=CARTESIAN_POINT('',(4.53119315684521E-18,0.0252,0.02419));
#4484=CARTESIAN_POINT('',(-0.010438181771802,0.0252,0.02469));
#4485=CARTESIAN_POINT('',(-0.017819090885901,0.017819090885901,0.02519));
#4486=CARTESIAN_POINT('',(-0.0252,0.010438181771802,0.02569));
#4487=CARTESIAN_POINT('',(-0.0252,7.66628896266243E-18,0.02619));
#4488=CARTESIAN_POINT('',(-0.0252,-0.010438181771802,0.02669));
#4489=CARTESIAN_POINT('',(-0.017819090885901,-0.017819090885901,0.02719));
#4490=CARTESIAN_POINT('',(-0.010438181771802,-0.0252,0.02769));
#4491=CARTESIAN_POINT('',(-4.62916490077699E-18,-0.0252,0.02819));
#4492=CARTESIAN_POINT('',(0.010438181771802,-0.0252,0.02869));
#4493=CARTESIAN_POINT('',(0.017819090885901,-0.017819090885901,0.02919));
#4494=CARTESIAN_POINT('',(0.0252,-0.010438181771802,0.02969));
#4495=CARTESIAN_POINT('',(0.0252,-4.5801790288111E-18,0.03019));
#4496=CARTESIAN_POINT('',(0.0252,0.010438181771802,0.03069));
#4497=CARTESIAN_POINT('',(0.017819090885901,0.017819090885901,0.03119));
#4498=CARTESIAN_POINT('',(0.010438181771802,0.0252,0.03169));
#4499=CARTESIAN_POINT('',(4.53119315684521E-18,0.0252,0.03219));
#4500=CARTESIAN_POINT('',(-0.010438181771802,0.0252,0.03269));
#4501=CARTESIAN_POINT('',(-0.017819090885901,0.017819090885901,0.03319));
#4502=CARTESIAN_POINT('',(-0.0252,0.010438181771802,0.03369));
#4503=CARTESIAN_POINT('',(-0.0252,7.66628896266243E-18,0.03419));
#4504=CARTESIAN_POINT('',(-0.0252,-0.010438181771802,0.03469));
#4505=CARTESIAN_POINT('',(-0.017819090885901,-0.017819090885901,0.03519));
#4506=CARTESIAN_POINT('',(-0.010438181771802,-0.0252,0.03569));
#4507=CARTESIAN_POINT('',(-4.62916490077699E-18,-0.0252,0.03619));
#4508=CARTESIAN_POINT('',(0.010438181771802,-0.0252,0.03669));
#4509=CARTESIAN_POINT('',(0.017819090885901,-0.017819090885901,0.03719));
#4510=CARTESIAN_POINT('',(0.0252,-0.010438181771802,0.03769));
#4511=CARTESIAN_POINT('',(0.0252,-4.5801790288111E-18,0.03819));
#4512=CARTESIAN_POINT('',(0.0252,0.010438181771802,0.03869));
#4513=CARTESIAN_POINT('',(0.017819090885901,0.017819090885901,0.03919));
#4514=CARTESIAN_POINT('',(0.010438181771802,0.0252,0.03969));
#4515=CARTESIAN_POINT('',(4.53119315684521E-18,0.0252,0.04019));
#4516=CARTESIAN_POINT('',(-0.00962209080691266,0.0252,0.0406509083754848));
#4517=CARTESIAN_POINT('',(-0.016795507687679,0.018786988090514,0.0411217649673814));
#4518=CARTESIAN_POINT('',(-4.77612251667468E-18,-0.026,0.02099));
#4519=CARTESIAN_POINT('',(0.0107695526217005,-0.026,0.02149));
#4520=CARTESIAN_POINT('',(0.0183847763108503,-0.0183847763108503,0.02199));
#4521=CARTESIAN_POINT('',(0.026,-0.0107695526217005,0.02249));
#4522=CARTESIAN_POINT('',(0.026,-4.77612251667467E-18,0.02299));
#4523=CARTESIAN_POINT('',(0.026,0.0107695526217005,0.02349));
#4524=CARTESIAN_POINT('',(0.0183847763108503,0.0183847763108503,0.02399));
#4525=CARTESIAN_POINT('',(0.0107695526217005,0.026,0.02449));
#4526=CARTESIAN_POINT('',(4.77612251667467E-18,0.026,0.02499));
#4527=CARTESIAN_POINT('',(-0.0107695526217005,0.026,0.02549));
#4528=CARTESIAN_POINT('',(-0.0183847763108503,0.0183847763108503,0.02599));
#4529=CARTESIAN_POINT('',(-0.026,0.0107695526217005,0.02649));
#4530=CARTESIAN_POINT('',(-0.026,7.96020419445779E-18,0.02699));
#4531=CARTESIAN_POINT('',(-0.026,-0.0107695526217005,0.02749));
#4532=CARTESIAN_POINT('',(-0.0183847763108503,-0.0183847763108502,0.02799));
#4533=CARTESIAN_POINT('',(-0.0107695526217005,-0.026,0.02849));
#4534=CARTESIAN_POINT('',(-4.77612251667468E-18,-0.026,0.02899));
#4535=CARTESIAN_POINT('',(0.0107695526217005,-0.026,0.02949));
#4536=CARTESIAN_POINT('',(0.0183847763108503,-0.0183847763108503,0.02999));
#4537=CARTESIAN_POINT('',(0.026,-0.0107695526217005,0.03049));
#4538=CARTESIAN_POINT('',(0.026,-4.77612251667467E-18,0.03099));
#4539=CARTESIAN_POINT('',(0.026,0.0107695526217005,0.03149));
#4540=CARTESIAN_POINT('',(0.0183847763108503,0.0183847763108503,0.03199));
#4541=CARTESIAN_POINT('',(0.0107695526217005,0.026,0.03249));
#4542=CARTESIAN_POINT('',(4.77612251667467E-18,0.026,0.03299));
#4543=CARTESIAN_POINT('',(-0.0107695526217005,0.026,0.03349));
#4544=CARTESIAN_POINT('',(-0.0183847763108503,0.0183847763108503,0.03399));
#4545=CARTESIAN_POINT('',(-0.026,0.0107695526217005,0.03449));
#4546=CARTESIAN_POINT('',(-0.026,7.96020419445779E-18,0.03499));
#4547=CARTESIAN_POINT('',(-0.026,-0.0107695526217005,0.03549));
#4548=CARTESIAN_POINT('',(-0.0183847763108503,-0.0183847763108502,0.03599));
#4549=CARTESIAN_POINT('',(-0.0107695526217005,-0.026,0.03649));
#4550=CARTESIAN_POINT('',(-4.77612251667468E-18,-0.026,0.03699));
#4551=CARTESIAN_POINT('',(0.0107695526217005,-0.026,0.03749));
#4552=CARTESIAN_POINT('',(0.0183847763108503,-0.0183847763108503,0.03799));
#4553=CARTESIAN_POINT('',(0.026,-0.0107695526217005,0.03849));
#4554=CARTESIAN_POINT('',(0.026,-4.77612251667467E-18,0.03899));
#4555=CARTESIAN_POINT('',(0.026,0.0107695526217005,0.03949));
#4556=CARTESIAN_POINT('',(0.0183847763108503,0.0183847763108503,0.03999));
#4557=CARTESIAN_POINT('',(0.0107695526217005,0.026,0.04049));
#4558=CARTESIAN_POINT('',(4.77612251667467E-18,0.026,0.04099));
#4559=CARTESIAN_POINT('',(-0.00992755400713212,0.026,0.0414509083754848));
#4560=CARTESIAN_POINT('',(-0.0173286984079228,0.0193834004108478,0.0419217649673814));
#4561=CARTESIAN_POINT('',(-4.62916490077699E-18,-0.0252,0.02019));
#4562=CARTESIAN_POINT('',(0.010438181771802,-0.0252,0.02069));
#4563=CARTESIAN_POINT('',(0.017819090885901,-0.017819090885901,0.02119));
#4564=CARTESIAN_POINT('',(0.0252,-0.010438181771802,0.02169));
#4565=CARTESIAN_POINT('',(0.0252,-4.5801790288111E-18,0.02219));
#4566=CARTESIAN_POINT('',(0.0252,0.010438181771802,0.02269));
#4567=CARTESIAN_POINT('',(0.017819090885901,0.017819090885901,0.02319));
#4568=CARTESIAN_POINT('',(0.010438181771802,0.0252,0.02369));
#4569=CARTESIAN_POINT('',(4.53119315684521E-18,0.0252,0.02419));
#4570=CARTESIAN_POINT('',(-0.010438181771802,0.0252,0.02469));
#4571=CARTESIAN_POINT('',(-0.017819090885901,0.017819090885901,0.02519));
#4572=CARTESIAN_POINT('',(-0.0252,0.010438181771802,0.02569));
#4573=CARTESIAN_POINT('',(-0.0252,7.66628896266243E-18,0.02619));
#4574=CARTESIAN_POINT('',(-0.0252,-0.010438181771802,0.02669));
#4575=CARTESIAN_POINT('',(-0.017819090885901,-0.017819090885901,0.02719));
#4576=CARTESIAN_POINT('',(-0.010438181771802,-0.0252,0.02769));
#4577=CARTESIAN_POINT('',(-1.08013847684797E-17,-0.0252,0.02819));
#4578=CARTESIAN_POINT('',(0.010438181771802,-0.0252,0.02869));
#4579=CARTESIAN_POINT('',(0.017819090885901,-0.017819090885901,0.02919));
#4580=CARTESIAN_POINT('',(0.0252,-0.010438181771802,0.02969));
#4581=CARTESIAN_POINT('',(0.0252,-1.07523988965138E-17,0.03019));
#4582=CARTESIAN_POINT('',(0.0252,0.010438181771802,0.03069));
#4583=CARTESIAN_POINT('',(0.017819090885901,0.0178190908859009,0.03119));
#4584=CARTESIAN_POINT('',(0.010438181771802,0.0252,0.03169));
#4585=CARTESIAN_POINT('',(1.07034130245479E-17,0.0252,0.03219));
#4586=CARTESIAN_POINT('',(-0.010438181771802,0.0252,0.03269));
#4587=CARTESIAN_POINT('',(-0.017819090885901,0.017819090885901,0.03319));
#4588=CARTESIAN_POINT('',(-0.0252,0.010438181771802,0.03369));
#4589=CARTESIAN_POINT('',(-0.0252,1.38385088303651E-17,0.03419));
#4590=CARTESIAN_POINT('',(-0.0252,-0.010438181771802,0.03469));
#4591=CARTESIAN_POINT('',(-0.017819090885901,-0.0178190908859009,0.03519));
#4592=CARTESIAN_POINT('',(-0.010438181771802,-0.0252,0.03569));
#4593=CARTESIAN_POINT('',(-1.69736046361823E-17,-0.0252,0.03619));
#4594=CARTESIAN_POINT('',(0.010438181771802,-0.0252,0.03669));
#4595=CARTESIAN_POINT('',(0.017819090885901,-0.017819090885901,0.03719));
#4596=CARTESIAN_POINT('',(0.0252,-0.010438181771802,0.03769));
#4597=CARTESIAN_POINT('',(0.0252,-1.69246187642164E-17,0.03819));
#4598=CARTESIAN_POINT('',(0.0252,0.010438181771802,0.03869));
#4599=CARTESIAN_POINT('',(0.017819090885901,0.0178190908859009,0.03919));
#4600=CARTESIAN_POINT('',(0.010438181771802,0.0252,0.03969));
#4601=CARTESIAN_POINT('',(1.68756328922505E-17,0.0252,0.04019));
#4602=CARTESIAN_POINT('',(-0.0104381817718019,0.0252,0.04069));
#4603=CARTESIAN_POINT('',(-0.017819090885901,0.017819090885901,0.04119));
#4604=CARTESIAN_POINT('',(-0.0252,0.010438181771802,0.04169));
#4605=CARTESIAN_POINT('',(-0.0252,6.47749210509541E-17,0.04219));
#4606=CARTESIAN_POINT('',(-0.0252,-0.010438181771802,0.04269));
#4607=CARTESIAN_POINT('',(-0.017819090885901,-0.0178190908859009,0.04319));
#4608=CARTESIAN_POINT('',(-0.010438181771802,-0.0252,0.04369));
#4609=CARTESIAN_POINT('',(-2.3145824503885E-17,-0.0252,0.04419));
#4610=CARTESIAN_POINT('',(0.000799899212609282,-0.0251873015873012,0.0202285679750062));
#4611=CARTESIAN_POINT('',(-0.0148921696869474,0.0203288780313908,0.041));
#4612=CARTESIAN_POINT('',(0.00079989921260651,-0.0251873015872985,0.0202285679750062));
#4613=CARTESIAN_POINT('',(0.000531690174868324,-0.0254598022421413,0.0204789948586833));
#4614=CARTESIAN_POINT('',(0.000265110536406518,-0.0257306474256583,0.0207329557612837));
#4615=CARTESIAN_POINT('',(-4.77612251667468E-18,-0.026,0.02099));
#4616=CARTESIAN_POINT('',(-0.000215022756226954,0.0259991108543024,0.041));
#4617=CARTESIAN_POINT('',(-0.00555164593384305,0.0257062574251778,0.041));
#4618=CARTESIAN_POINT('',(-0.0107449676664479,0.0237002385682364,0.0409999999999999));
#4619=CARTESIAN_POINT('',(-0.0148921696869474,0.0203288780313908,0.0409999999999999));
#4620=CARTESIAN_POINT('',(-1.59204083889156E-18,2.92453157619062E-34,0.019));
#4621=CARTESIAN_POINT('',(-4.62916490077699E-18,-0.0252,0.0198));
#4622=CARTESIAN_POINT('',(0.010438181771802,-0.0252,0.0203));
#4623=CARTESIAN_POINT('',(0.017819090885901,-0.017819090885901,0.0208));
#4624=CARTESIAN_POINT('',(0.0252,-0.010438181771802,0.0213));
#4625=CARTESIAN_POINT('',(0.0252,-4.5801790288111E-18,0.0218));
#4626=CARTESIAN_POINT('',(0.0252,0.010438181771802,0.0223));
#4627=CARTESIAN_POINT('',(0.017819090885901,0.017819090885901,0.0228));
#4628=CARTESIAN_POINT('',(0.010438181771802,0.0252,0.0233));
#4629=CARTESIAN_POINT('',(4.53119315684521E-18,0.0252,0.0238));
#4630=CARTESIAN_POINT('',(-0.010438181771802,0.0252,0.0243));
#4631=CARTESIAN_POINT('',(-0.017819090885901,0.017819090885901,0.0248));
#4632=CARTESIAN_POINT('',(-0.0252,0.010438181771802,0.0253));
#4633=CARTESIAN_POINT('',(-0.0252,7.66628896266243E-18,0.0258));
#4634=CARTESIAN_POINT('',(-0.0252,-0.010438181771802,0.0263));
#4635=CARTESIAN_POINT('',(-0.017819090885901,-0.017819090885901,0.0268));
#4636=CARTESIAN_POINT('',(-0.010438181771802,-0.0252,0.0273));
#4637=CARTESIAN_POINT('',(-1.08013847684797E-17,-0.0252,0.0278));
#4638=CARTESIAN_POINT('',(0.010438181771802,-0.0252,0.0283));
#4639=CARTESIAN_POINT('',(0.017819090885901,-0.017819090885901,0.0288));
#4640=CARTESIAN_POINT('',(0.0252,-0.010438181771802,0.0293));
#4641=CARTESIAN_POINT('',(0.0252,-1.07523988965138E-17,0.0298));
#4642=CARTESIAN_POINT('',(0.0252,0.010438181771802,0.0303));
#4643=CARTESIAN_POINT('',(0.017819090885901,0.0178190908859009,0.0308));
#4644=CARTESIAN_POINT('',(0.010438181771802,0.0252,0.0313));
#4645=CARTESIAN_POINT('',(1.07034130245479E-17,0.0252,0.0318));
#4646=CARTESIAN_POINT('',(-0.010438181771802,0.0252,0.0323));
#4647=CARTESIAN_POINT('',(-0.017819090885901,0.017819090885901,0.0328));
#4648=CARTESIAN_POINT('',(-0.0252,0.010438181771802,0.0333));
#4649=CARTESIAN_POINT('',(-0.0252,1.38385088303651E-17,0.0338));
#4650=CARTESIAN_POINT('',(-0.0252,-0.010438181771802,0.0343));
#4651=CARTESIAN_POINT('',(-0.017819090885901,-0.0178190908859009,0.0348));
#4652=CARTESIAN_POINT('',(-0.010438181771802,-0.0252,0.0353));
#4653=CARTESIAN_POINT('',(-1.69736046361823E-17,-0.0252,0.0358));
#4654=CARTESIAN_POINT('',(0.010438181771802,-0.0252,0.0363));
#4655=CARTESIAN_POINT('',(0.017819090885901,-0.017819090885901,0.0368));
#4656=CARTESIAN_POINT('',(0.0252,-0.010438181771802,0.0373));
#4657=CARTESIAN_POINT('',(0.0252,-1.69246187642164E-17,0.0378));
#4658=CARTESIAN_POINT('',(0.0252,0.010438181771802,0.0383));
#4659=CARTESIAN_POINT('',(0.017819090885901,0.0178190908859009,0.0388));
#4660=CARTESIAN_POINT('',(0.010438181771802,0.0252,0.0393));
#4661=CARTESIAN_POINT('',(1.68756328922505E-17,0.0252,0.0398));
#4662=CARTESIAN_POINT('',(-0.0104381817718019,0.0252,0.0403));
#4663=CARTESIAN_POINT('',(-0.017819090885901,0.017819090885901,0.0408));
#4664=CARTESIAN_POINT('',(-0.0252,0.010438181771802,0.0413));
#4665=CARTESIAN_POINT('',(-0.0252,6.47749210509541E-17,0.0418));
#4666=CARTESIAN_POINT('',(-0.0252,-0.010438181771802,0.0423));
#4667=CARTESIAN_POINT('',(-0.017819090885901,-0.0178190908859009,0.0428));
#4668=CARTESIAN_POINT('',(-0.010438181771802,-0.0252,0.0433));
#4669=CARTESIAN_POINT('',(-2.3145824503885E-17,-0.0252,0.0438));
#4670=CARTESIAN_POINT('',(0.000799899212609283,-0.0251873015873012,0.0198385679750062));
#4671=CARTESIAN_POINT('',(-0.0204454656835531,0.014731698238243,0.041));
#4672=CARTESIAN_POINT('',(0.000799899212598021,-0.0251873015873016,0.019));
#4673=CARTESIAN_POINT('',(-1.59204083889156E-18,2.92453157619062E-34,0.041));
#4674=CARTESIAN_POINT('',(-4.77612251667468E-18,-0.026,0.019));
#4675=CARTESIAN_POINT('',(0.0107695526217005,-0.026,0.0195));
#4676=CARTESIAN_POINT('',(0.0183847763108503,-0.0183847763108503,0.02));
#4677=CARTESIAN_POINT('',(0.026,-0.0107695526217005,0.0205));
#4678=CARTESIAN_POINT('',(0.026,-4.77612251667468E-18,0.021));
#4679=CARTESIAN_POINT('',(0.026,0.0107695526217005,0.0215));
#4680=CARTESIAN_POINT('',(0.0183847763108503,0.0183847763108503,0.022));
#4681=CARTESIAN_POINT('',(0.0107695526217005,0.026,0.0225));
#4682=CARTESIAN_POINT('',(4.77612251667468E-18,0.026,0.023));
#4683=CARTESIAN_POINT('',(-0.0107695526217005,0.026,0.0235));
#4684=CARTESIAN_POINT('',(-0.0183847763108503,0.0183847763108503,0.024));
#4685=CARTESIAN_POINT('',(-0.026,0.0107695526217005,0.0245));
#4686=CARTESIAN_POINT('',(-0.026,7.9602041944578E-18,0.025));
#4687=CARTESIAN_POINT('',(-0.026,-0.0107695526217005,0.0255));
#4688=CARTESIAN_POINT('',(-0.0183847763108503,-0.0183847763108503,0.026));
#4689=CARTESIAN_POINT('',(-0.0107695526217005,-0.026,0.0265));
#4690=CARTESIAN_POINT('',(-4.77612251667468E-18,-0.026,0.027));
#4691=CARTESIAN_POINT('',(0.0107695526217005,-0.026,0.0275));
#4692=CARTESIAN_POINT('',(0.0183847763108503,-0.0183847763108503,0.028));
#4693=CARTESIAN_POINT('',(0.026,-0.0107695526217005,0.0285));
#4694=CARTESIAN_POINT('',(0.026,-4.77612251667468E-18,0.029));
#4695=CARTESIAN_POINT('',(0.026,0.0107695526217005,0.0295));
#4696=CARTESIAN_POINT('',(0.0183847763108503,0.0183847763108503,0.03));
#4697=CARTESIAN_POINT('',(0.0107695526217005,0.026,0.0305));
#4698=CARTESIAN_POINT('',(4.77612251667468E-18,0.026,0.031));
#4699=CARTESIAN_POINT('',(-0.0107695526217005,0.026,0.0315));
#4700=CARTESIAN_POINT('',(-0.0183847763108503,0.0183847763108503,0.032));
#4701=CARTESIAN_POINT('',(-0.026,0.0107695526217005,0.0325));
#4702=CARTESIAN_POINT('',(-0.026,7.9602041944578E-18,0.033));
#4703=CARTESIAN_POINT('',(-0.026,-0.0107695526217005,0.0335));
#4704=CARTESIAN_POINT('',(-0.0183847763108503,-0.0183847763108503,0.034));
#4705=CARTESIAN_POINT('',(-0.0107695526217005,-0.026,0.0345));
#4706=CARTESIAN_POINT('',(-4.77612251667468E-18,-0.026,0.035));
#4707=CARTESIAN_POINT('',(0.0107695526217005,-0.026,0.0355));
#4708=CARTESIAN_POINT('',(0.0183847763108503,-0.0183847763108503,0.036));
#4709=CARTESIAN_POINT('',(0.026,-0.0107695526217005,0.0365));
#4710=CARTESIAN_POINT('',(0.026,-4.77612251667468E-18,0.037));
#4711=CARTESIAN_POINT('',(0.026,0.0107695526217005,0.0375));
#4712=CARTESIAN_POINT('',(0.0183847763108503,0.0183847763108503,0.038));
#4713=CARTESIAN_POINT('',(0.0107695526217005,0.026,0.0385));
#4714=CARTESIAN_POINT('',(4.77612251667468E-18,0.026,0.039));
#4715=CARTESIAN_POINT('',(-0.0107695526217005,0.026,0.0395));
#4716=CARTESIAN_POINT('',(-0.0183847763108503,0.0183847763108503,0.04));
#4717=CARTESIAN_POINT('',(-0.026,0.0107695526217005,0.0405));
#4718=CARTESIAN_POINT('',(-0.026,7.9602041944578E-18,0.041));
#4719=CARTESIAN_POINT('',(-0.026,-0.00132670009199806,0.0410615949491404));
#4720=CARTESIAN_POINT('',(-0.0258649567619884,-0.00264650934260022,0.0411254669612666));
#4721=CARTESIAN_POINT('',(-4.62916490077699E-18,-0.0252,0.0198));
#4722=CARTESIAN_POINT('',(0.010438181771802,-0.0252,0.0203));
#4723=CARTESIAN_POINT('',(0.017819090885901,-0.017819090885901,0.0208));
#4724=CARTESIAN_POINT('',(0.0252,-0.010438181771802,0.0213));
#4725=CARTESIAN_POINT('',(0.0252,-4.5801790288111E-18,0.0218));
#4726=CARTESIAN_POINT('',(0.0252,0.010438181771802,0.0223));
#4727=CARTESIAN_POINT('',(0.017819090885901,0.017819090885901,0.0228));
#4728=CARTESIAN_POINT('',(0.010438181771802,0.0252,0.0233));
#4729=CARTESIAN_POINT('',(4.5311931568452E-18,0.0252,0.0238));
#4730=CARTESIAN_POINT('',(-0.010438181771802,0.0252,0.0243));
#4731=CARTESIAN_POINT('',(-0.017819090885901,0.017819090885901,0.0248));
#4732=CARTESIAN_POINT('',(-0.0252,0.010438181771802,0.0253));
#4733=CARTESIAN_POINT('',(-0.0252,7.66628896266243E-18,0.0258));
#4734=CARTESIAN_POINT('',(-0.0252,-0.010438181771802,0.0263));
#4735=CARTESIAN_POINT('',(-0.017819090885901,-0.017819090885901,0.0268));
#4736=CARTESIAN_POINT('',(-0.010438181771802,-0.0252,0.0273));
#4737=CARTESIAN_POINT('',(-4.62916490077699E-18,-0.0252,0.0278));
#4738=CARTESIAN_POINT('',(0.010438181771802,-0.0252,0.0283));
#4739=CARTESIAN_POINT('',(0.017819090885901,-0.017819090885901,0.0288));
#4740=CARTESIAN_POINT('',(0.0252,-0.010438181771802,0.0293));
#4741=CARTESIAN_POINT('',(0.0252,-4.5801790288111E-18,0.0298));
#4742=CARTESIAN_POINT('',(0.0252,0.010438181771802,0.0303));
#4743=CARTESIAN_POINT('',(0.017819090885901,0.017819090885901,0.0308));
#4744=CARTESIAN_POINT('',(0.010438181771802,0.0252,0.0313));
#4745=CARTESIAN_POINT('',(4.5311931568452E-18,0.0252,0.0318));
#4746=CARTESIAN_POINT('',(-0.010438181771802,0.0252,0.0323));
#4747=CARTESIAN_POINT('',(-0.017819090885901,0.017819090885901,0.0328));
#4748=CARTESIAN_POINT('',(-0.0252,0.010438181771802,0.0333));
#4749=CARTESIAN_POINT('',(-0.0252,7.66628896266243E-18,0.0338));
#4750=CARTESIAN_POINT('',(-0.0252,-0.010438181771802,0.0343));
#4751=CARTESIAN_POINT('',(-0.017819090885901,-0.017819090885901,0.0348));
#4752=CARTESIAN_POINT('',(-0.010438181771802,-0.0252,0.0353));
#4753=CARTESIAN_POINT('',(-4.62916490077699E-18,-0.0252,0.0358));
#4754=CARTESIAN_POINT('',(0.010438181771802,-0.0252,0.0363));
#4755=CARTESIAN_POINT('',(0.017819090885901,-0.017819090885901,0.0368));
#4756=CARTESIAN_POINT('',(0.0252,-0.010438181771802,0.0373));
#4757=CARTESIAN_POINT('',(0.0252,-4.5801790288111E-18,0.0378));
#4758=CARTESIAN_POINT('',(0.0252,0.010438181771802,0.0383));
#4759=CARTESIAN_POINT('',(0.017819090885901,0.017819090885901,0.0388));
#4760=CARTESIAN_POINT('',(0.010438181771802,0.0252,0.0393));
#4761=CARTESIAN_POINT('',(4.5311931568452E-18,0.0252,0.0398));
#4762=CARTESIAN_POINT('',(-0.010438181771802,0.0252,0.0403));
#4763=CARTESIAN_POINT('',(-0.017819090885901,0.017819090885901,0.0408));
#4764=CARTESIAN_POINT('',(-0.0252,0.010438181771802,0.0413));
#4765=CARTESIAN_POINT('',(-0.0252,7.66628896266243E-18,0.0418));
#4766=CARTESIAN_POINT('',(-0.0252,-0.00128587855070581,0.0418615949491405));
#4767=CARTESIAN_POINT('',(-0.0250691119385426,-0.00256507828590482,0.0419254669612666));
#4768=CARTESIAN_POINT('',(-4.77612251667468E-18,-0.026,0.019));
#4769=CARTESIAN_POINT('',(0.0107695526217005,-0.026,0.0195));
#4770=CARTESIAN_POINT('',(0.0183847763108503,-0.0183847763108503,0.02));
#4771=CARTESIAN_POINT('',(0.026,-0.0107695526217005,0.0205));
#4772=CARTESIAN_POINT('',(0.026,-4.77612251667468E-18,0.021));
#4773=CARTESIAN_POINT('',(0.026,0.0107695526217005,0.0215));
#4774=CARTESIAN_POINT('',(0.0183847763108503,0.0183847763108503,0.022));
#4775=CARTESIAN_POINT('',(0.0107695526217005,0.026,0.0225));
#4776=CARTESIAN_POINT('',(4.77612251667468E-18,0.026,0.023));
#4777=CARTESIAN_POINT('',(-0.0107695526217005,0.026,0.0235));
#4778=CARTESIAN_POINT('',(-0.0183847763108503,0.0183847763108503,0.024));
#4779=CARTESIAN_POINT('',(-0.026,0.0107695526217005,0.0245));
#4780=CARTESIAN_POINT('',(-0.026,7.9602041944578E-18,0.025));
#4781=CARTESIAN_POINT('',(-0.026,-0.0107695526217005,0.0255));
#4782=CARTESIAN_POINT('',(-0.0183847763108503,-0.0183847763108503,0.026));
#4783=CARTESIAN_POINT('',(-0.0107695526217005,-0.026,0.0265));
#4784=CARTESIAN_POINT('',(-1.11442858722409E-17,-0.026,0.027));
#4785=CARTESIAN_POINT('',(0.0107695526217005,-0.026,0.0275));
#4786=CARTESIAN_POINT('',(0.0183847763108503,-0.0183847763108503,0.028));
#4787=CARTESIAN_POINT('',(0.026,-0.0107695526217005,0.0285));
#4788=CARTESIAN_POINT('',(0.026,-1.11442858722409E-17,0.029));
#4789=CARTESIAN_POINT('',(0.026,0.0107695526217005,0.0295));
#4790=CARTESIAN_POINT('',(0.0183847763108503,0.0183847763108502,0.03));
#4791=CARTESIAN_POINT('',(0.0107695526217005,0.026,0.0305));
#4792=CARTESIAN_POINT('',(1.11442858722409E-17,0.026,0.031));
#4793=CARTESIAN_POINT('',(-0.0107695526217005,0.026,0.0315));
#4794=CARTESIAN_POINT('',(-0.0183847763108503,0.0183847763108503,0.032));
#4795=CARTESIAN_POINT('',(-0.026,0.0107695526217005,0.0325));
#4796=CARTESIAN_POINT('',(-0.026,1.4328367550024E-17,0.033));
#4797=CARTESIAN_POINT('',(-0.026,-0.0107695526217005,0.0335));
#4798=CARTESIAN_POINT('',(-0.0183847763108503,-0.0183847763108502,0.034));
#4799=CARTESIAN_POINT('',(-0.0107695526217005,-0.026,0.0345));
#4800=CARTESIAN_POINT('',(-1.75124492278071E-17,-0.026,0.035));
#4801=CARTESIAN_POINT('',(0.0107695526217005,-0.026,0.0355));
#4802=CARTESIAN_POINT('',(0.0183847763108503,-0.0183847763108503,0.036));
#4803=CARTESIAN_POINT('',(0.026,-0.0107695526217005,0.0365));
#4804=CARTESIAN_POINT('',(0.026,-1.75124492278071E-17,0.037));
#4805=CARTESIAN_POINT('',(0.026,0.0107695526217005,0.0375));
#4806=CARTESIAN_POINT('',(0.0183847763108503,0.0183847763108502,0.038));
#4807=CARTESIAN_POINT('',(0.0107695526217005,0.026,0.0385));
#4808=CARTESIAN_POINT('',(1.75124492278071E-17,0.026,0.039));
#4809=CARTESIAN_POINT('',(-0.0107695526217004,0.026,0.0395));
#4810=CARTESIAN_POINT('',(-0.0183847763108503,0.0183847763108503,0.04));
#4811=CARTESIAN_POINT('',(-0.026,0.0107695526217005,0.0405));
#4812=CARTESIAN_POINT('',(-0.026,6.68818087299968E-17,0.041));
#4813=CARTESIAN_POINT('',(-0.026,-0.0107695526217005,0.0415));
#4814=CARTESIAN_POINT('',(-0.0183847763108503,-0.0183847763108502,0.042));
#4815=CARTESIAN_POINT('',(-0.0107695526217005,-0.026,0.0425));
#4816=CARTESIAN_POINT('',(-2.38806125833734E-17,-0.026,0.043));
#4817=CARTESIAN_POINT('',(-0.026,7.9602041944578E-18,0.041));
#4818=CARTESIAN_POINT('',(-4.77612251667468E-18,-0.026,0.019));
#4819=CARTESIAN_POINT('',(0.000265378421853347,-0.0257303752537721,0.0192819455190202));
#4820=CARTESIAN_POINT('',(0.000531964639680491,-0.0254595233856077,0.0195615789178619));
#4821=CARTESIAN_POINT('',(0.000799899212598024,-0.0251873015873016,0.0198385679750057));
#4822=CARTESIAN_POINT('',(-0.0204454656835531,0.014731698238243,0.041));
#4823=CARTESIAN_POINT('',(-0.023786670603497,0.0105556620638971,0.041));
#4824=CARTESIAN_POINT('',(-0.0257519671326494,0.00534240603368652,0.041));
#4825=CARTESIAN_POINT('',(-0.026,7.9602041944578E-18,0.041));
#4826=CARTESIAN_POINT('',(0.,-1.59204083889156E-18,0.019));
#4827=CARTESIAN_POINT('',(0.,-1.59204083889156E-18,0.019));
#4828=CARTESIAN_POINT('',(1.59204083889156E-18,0.026,0.019));
#4829=CARTESIAN_POINT('',(1.59204083889156E-18,0.026,0.019));
#4830=CARTESIAN_POINT('',(-0.0107695526217005,0.026,0.0195));
#4831=CARTESIAN_POINT('',(-0.0183847763108503,0.0183847763108503,0.02));
#4832=CARTESIAN_POINT('',(-0.026,0.0107695526217005,0.0205));
#4833=CARTESIAN_POINT('',(-0.026,1.59204083889156E-18,0.021));
#4834=CARTESIAN_POINT('',(-0.026,-0.0107695526217005,0.0215));
#4835=CARTESIAN_POINT('',(-0.0183847763108503,-0.0183847763108503,0.022));
#4836=CARTESIAN_POINT('',(-0.0107695526217005,-0.026,0.0225));
#4837=CARTESIAN_POINT('',(-1.59204083889156E-18,-0.026,0.023));
#4838=CARTESIAN_POINT('',(0.0107695526217005,-0.026,0.0235));
#4839=CARTESIAN_POINT('',(0.0183847763108503,-0.0183847763108503,0.024));
#4840=CARTESIAN_POINT('',(0.026,-0.0107695526217005,0.0245));
#4841=CARTESIAN_POINT('',(0.026,-4.77612251667468E-18,0.025));
#4842=CARTESIAN_POINT('',(0.026,0.0107695526217005,0.0255));
#4843=CARTESIAN_POINT('',(0.0183847763108503,0.0183847763108503,0.026));
#4844=CARTESIAN_POINT('',(0.0107695526217005,0.026,0.0265));
#4845=CARTESIAN_POINT('',(7.9602041944578E-18,0.026,0.027));
#4846=CARTESIAN_POINT('',(-0.0107695526217005,0.026,0.0275));
#4847=CARTESIAN_POINT('',(-0.0183847763108503,0.0183847763108503,0.028));
#4848=CARTESIAN_POINT('',(-0.026,0.0107695526217005,0.0285));
#4849=CARTESIAN_POINT('',(-0.026,7.9602041944578E-18,0.029));
#4850=CARTESIAN_POINT('',(-0.026,-0.0107695526217005,0.0295));
#4851=CARTESIAN_POINT('',(-0.0183847763108503,-0.0183847763108502,0.03));
#4852=CARTESIAN_POINT('',(-0.0107695526217005,-0.026,0.0305));
#4853=CARTESIAN_POINT('',(-7.9602041944578E-18,-0.026,0.031));
#4854=CARTESIAN_POINT('',(0.0107695526217005,-0.026,0.0315));
#4855=CARTESIAN_POINT('',(0.0183847763108503,-0.0183847763108503,0.032));
#4856=CARTESIAN_POINT('',(0.026,-0.0107695526217005,0.0325));
#4857=CARTESIAN_POINT('',(0.026,-1.11442858722409E-17,0.033));
#4858=CARTESIAN_POINT('',(0.026,0.0107695526217005,0.0335));
#4859=CARTESIAN_POINT('',(0.0183847763108503,0.0183847763108502,0.034));
#4860=CARTESIAN_POINT('',(0.0107695526217005,0.026,0.0345));
#4861=CARTESIAN_POINT('',(1.4328367550024E-17,0.026,0.035));
#4862=CARTESIAN_POINT('',(-0.0107695526217005,0.026,0.0355));
#4863=CARTESIAN_POINT('',(-0.0183847763108503,0.0183847763108503,0.036));
#4864=CARTESIAN_POINT('',(-0.026,0.0107695526217005,0.0365));
#4865=CARTESIAN_POINT('',(-0.026,1.4328367550024E-17,0.037));
#4866=CARTESIAN_POINT('',(-0.026,-0.0107695526217005,0.0375));
#4867=CARTESIAN_POINT('',(-0.0183847763108503,-0.0183847763108502,0.038));
#4868=CARTESIAN_POINT('',(-0.0107695526217005,-0.026,0.0385));
#4869=CARTESIAN_POINT('',(-1.4328367550024E-17,-0.026,0.039));
#4870=CARTESIAN_POINT('',(0.0107695526217004,-0.026,0.0395));
#4871=CARTESIAN_POINT('',(0.0183847763108503,-0.0183847763108503,0.04));
#4872=CARTESIAN_POINT('',(0.026,-0.0107695526217005,0.0405));
#4873=CARTESIAN_POINT('',(0.026,-6.36977270522137E-17,0.041));
#4874=CARTESIAN_POINT('',(0.026,0.0107695526217005,0.0415));
#4875=CARTESIAN_POINT('',(0.0183847763108503,0.0183847763108502,0.042));
#4876=CARTESIAN_POINT('',(0.0107695526217005,0.026,0.0425));
#4877=CARTESIAN_POINT('',(2.06965309055902E-17,0.026,0.043));
#4878=CARTESIAN_POINT('',(0.026,-4.77612251667468E-18,0.041));
#4879=CARTESIAN_POINT('',(0.,-1.59204083889156E-18,0.041));
#4880=CARTESIAN_POINT('',(0.0259991108543024,0.000215022756226957,0.041));
#4881=CARTESIAN_POINT('',(-0.026,3.18408167778312E-18,0.02099));
#4882=CARTESIAN_POINT('',(-0.026,-0.0107695526217005,0.02149));
#4883=CARTESIAN_POINT('',(-0.0183847763108503,-0.0183847763108503,0.02199));
#4884=CARTESIAN_POINT('',(-0.0107695526217005,-0.026,0.02249));
#4885=CARTESIAN_POINT('',(-3.18408167778312E-18,-0.026,0.02299));
#4886=CARTESIAN_POINT('',(0.0107695526217005,-0.026,0.02349));
#4887=CARTESIAN_POINT('',(0.0183847763108503,-0.0183847763108503,0.02399));
#4888=CARTESIAN_POINT('',(0.026,-0.0107695526217005,0.02449));
#4889=CARTESIAN_POINT('',(0.026,-3.18408167778312E-18,0.02499));
#4890=CARTESIAN_POINT('',(0.026,0.0107695526217005,0.02549));
#4891=CARTESIAN_POINT('',(0.0183847763108503,0.0183847763108503,0.02599));
#4892=CARTESIAN_POINT('',(0.0107695526217005,0.026,0.02649));
#4893=CARTESIAN_POINT('',(6.36816335556624E-18,0.026,0.02699));
#4894=CARTESIAN_POINT('',(-0.0107695526217005,0.026,0.02749));
#4895=CARTESIAN_POINT('',(-0.0183847763108503,0.0183847763108503,0.02799));
#4896=CARTESIAN_POINT('',(-0.026,0.0107695526217005,0.02849));
#4897=CARTESIAN_POINT('',(-0.026,9.55224503334935E-18,0.02899));
#4898=CARTESIAN_POINT('',(-0.026,-0.0107695526217005,0.02949));
#4899=CARTESIAN_POINT('',(-0.0183847763108503,-0.0183847763108503,0.02999));
#4900=CARTESIAN_POINT('',(-0.0107695526217005,-0.026,0.03049));
#4901=CARTESIAN_POINT('',(-9.55224503334935E-18,-0.026,0.03099));
#4902=CARTESIAN_POINT('',(0.0107695526217005,-0.026,0.03149));
#4903=CARTESIAN_POINT('',(0.0183847763108502,-0.0183847763108503,0.03199));
#4904=CARTESIAN_POINT('',(0.026,-0.0107695526217005,0.03249));
#4905=CARTESIAN_POINT('',(0.026,-9.55224503334935E-18,0.03299));
#4906=CARTESIAN_POINT('',(0.026,0.0107695526217005,0.03349));
#4907=CARTESIAN_POINT('',(0.0183847763108503,0.0183847763108503,0.03399));
#4908=CARTESIAN_POINT('',(0.0107695526217005,0.026,0.03449));
#4909=CARTESIAN_POINT('',(1.27363267111325E-17,0.026,0.03499));
#4910=CARTESIAN_POINT('',(-0.0107695526217005,0.026,0.03549));
#4911=CARTESIAN_POINT('',(-0.0183847763108502,0.0183847763108503,0.03599));
#4912=CARTESIAN_POINT('',(-0.026,0.0107695526217005,0.03649));
#4913=CARTESIAN_POINT('',(-0.026,1.59204083889156E-17,0.03699));
#4914=CARTESIAN_POINT('',(-0.026,-0.0107695526217005,0.03749));
#4915=CARTESIAN_POINT('',(-0.0183847763108503,-0.0183847763108503,0.03799));
#4916=CARTESIAN_POINT('',(-0.0107695526217005,-0.026,0.03849));
#4917=CARTESIAN_POINT('',(-1.59204083889156E-17,-0.026,0.03899));
#4918=CARTESIAN_POINT('',(0.0107695526217005,-0.026,0.03949));
#4919=CARTESIAN_POINT('',(0.0183847763108502,-0.0183847763108503,0.03999));
#4920=CARTESIAN_POINT('',(0.026,-0.0107695526217005,0.04049));
#4921=CARTESIAN_POINT('',(0.026,-1.59204083889156E-17,0.04099));
#4922=CARTESIAN_POINT('',(0.026,0.0107695526217004,0.04149));
#4923=CARTESIAN_POINT('',(0.0183847763108503,0.0183847763108503,0.04199));
#4924=CARTESIAN_POINT('',(0.0107695526217005,0.026,0.04249));
#4925=CARTESIAN_POINT('',(6.52897678911052E-17,0.026,0.04299));
#4926=CARTESIAN_POINT('',(-0.0107695526217005,0.026,0.04349));
#4927=CARTESIAN_POINT('',(-0.0183847763108502,0.0183847763108503,0.04399));
#4928=CARTESIAN_POINT('',(-0.026,0.0107695526217005,0.04449));
#4929=CARTESIAN_POINT('',(-0.026,2.22885717444818E-17,0.04499));
#4930=CARTESIAN_POINT('',(-0.026,3.18408167778312E-18,0.02099));
#4931=CARTESIAN_POINT('',(-0.026,3.18408167778312E-18,0.019995));
#4932=CARTESIAN_POINT('',(-0.0252,3.08610993385133E-18,0.02019));
#4933=CARTESIAN_POINT('',(-0.0252,-0.010438181771802,0.02069));
#4934=CARTESIAN_POINT('',(-0.017819090885901,-0.017819090885901,0.02119));
#4935=CARTESIAN_POINT('',(-0.010438181771802,-0.0252,0.02169));
#4936=CARTESIAN_POINT('',(-3.03712406188543E-18,-0.0252,0.02219));
#4937=CARTESIAN_POINT('',(0.010438181771802,-0.0252,0.02269));
#4938=CARTESIAN_POINT('',(0.017819090885901,-0.017819090885901,0.02319));
#4939=CARTESIAN_POINT('',(0.0252,-0.010438181771802,0.02369));
#4940=CARTESIAN_POINT('',(0.0252,-2.98813818991954E-18,0.02419));
#4941=CARTESIAN_POINT('',(0.0252,0.010438181771802,0.02469));
#4942=CARTESIAN_POINT('',(0.017819090885901,0.017819090885901,0.02519));
#4943=CARTESIAN_POINT('',(0.010438181771802,0.0252,0.02569));
#4944=CARTESIAN_POINT('',(6.12323399573677E-18,0.0252,0.02619));
#4945=CARTESIAN_POINT('',(-0.010438181771802,0.0252,0.02669));
#4946=CARTESIAN_POINT('',(-0.017819090885901,0.017819090885901,0.02719));
#4947=CARTESIAN_POINT('',(-0.0252,0.010438181771802,0.02769));
#4948=CARTESIAN_POINT('',(-0.0252,3.08610993385133E-18,0.02819));
#4949=CARTESIAN_POINT('',(-0.0252,-0.010438181771802,0.02869));
#4950=CARTESIAN_POINT('',(-0.017819090885901,-0.017819090885901,0.02919));
#4951=CARTESIAN_POINT('',(-0.010438181771802,-0.0252,0.02969));
#4952=CARTESIAN_POINT('',(-3.03712406188543E-18,-0.0252,0.03019));
#4953=CARTESIAN_POINT('',(0.010438181771802,-0.0252,0.03069));
#4954=CARTESIAN_POINT('',(0.017819090885901,-0.017819090885901,0.03119));
#4955=CARTESIAN_POINT('',(0.0252,-0.010438181771802,0.03169));
#4956=CARTESIAN_POINT('',(0.0252,-2.98813818991954E-18,0.03219));
#4957=CARTESIAN_POINT('',(0.0252,0.010438181771802,0.03269));
#4958=CARTESIAN_POINT('',(0.017819090885901,0.017819090885901,0.03319));
#4959=CARTESIAN_POINT('',(0.010438181771802,0.0252,0.03369));
#4960=CARTESIAN_POINT('',(6.12323399573677E-18,0.0252,0.03419));
#4961=CARTESIAN_POINT('',(-0.010438181771802,0.0252,0.03469));
#4962=CARTESIAN_POINT('',(-0.017819090885901,0.017819090885901,0.03519));
#4963=CARTESIAN_POINT('',(-0.0252,0.010438181771802,0.03569));
#4964=CARTESIAN_POINT('',(-0.0252,3.08610993385133E-18,0.03619));
#4965=CARTESIAN_POINT('',(-0.0252,-0.010438181771802,0.03669));
#4966=CARTESIAN_POINT('',(-0.017819090885901,-0.017819090885901,0.03719));
#4967=CARTESIAN_POINT('',(-0.010438181771802,-0.0252,0.03769));
#4968=CARTESIAN_POINT('',(-3.03712406188543E-18,-0.0252,0.03819));
#4969=CARTESIAN_POINT('',(0.010438181771802,-0.0252,0.03869));
#4970=CARTESIAN_POINT('',(0.017819090885901,-0.017819090885901,0.03919));
#4971=CARTESIAN_POINT('',(0.0252,-0.010438181771802,0.03969));
#4972=CARTESIAN_POINT('',(0.0252,-2.98813818991954E-18,0.04019));
#4973=CARTESIAN_POINT('',(0.0252,0.00962209080691266,0.0406509083754848));
#4974=CARTESIAN_POINT('',(0.018786988090514,0.016795507687679,0.0411217649673814));
#4975=CARTESIAN_POINT('',(-0.026,3.18408167778312E-18,0.02099));
#4976=CARTESIAN_POINT('',(-0.026,-0.0107695526217005,0.02149));
#4977=CARTESIAN_POINT('',(-0.0183847763108503,-0.0183847763108503,0.02199));
#4978=CARTESIAN_POINT('',(-0.0107695526217005,-0.026,0.02249));
#4979=CARTESIAN_POINT('',(-3.18408167778311E-18,-0.026,0.02299));
#4980=CARTESIAN_POINT('',(0.0107695526217005,-0.026,0.02349));
#4981=CARTESIAN_POINT('',(0.0183847763108503,-0.0183847763108503,0.02399));
#4982=CARTESIAN_POINT('',(0.026,-0.0107695526217005,0.02449));
#4983=CARTESIAN_POINT('',(0.026,-3.18408167778311E-18,0.02499));
#4984=CARTESIAN_POINT('',(0.026,0.0107695526217005,0.02549));
#4985=CARTESIAN_POINT('',(0.0183847763108503,0.0183847763108503,0.02599));
#4986=CARTESIAN_POINT('',(0.0107695526217005,0.026,0.02649));
#4987=CARTESIAN_POINT('',(6.36816335556623E-18,0.026,0.02699));
#4988=CARTESIAN_POINT('',(-0.0107695526217005,0.026,0.02749));
#4989=CARTESIAN_POINT('',(-0.0183847763108502,0.0183847763108503,0.02799));
#4990=CARTESIAN_POINT('',(-0.026,0.0107695526217005,0.02849));
#4991=CARTESIAN_POINT('',(-0.026,3.18408167778312E-18,0.02899));
#4992=CARTESIAN_POINT('',(-0.026,-0.0107695526217005,0.02949));
#4993=CARTESIAN_POINT('',(-0.0183847763108503,-0.0183847763108503,0.02999));
#4994=CARTESIAN_POINT('',(-0.0107695526217005,-0.026,0.03049));
#4995=CARTESIAN_POINT('',(-3.18408167778311E-18,-0.026,0.03099));
#4996=CARTESIAN_POINT('',(0.0107695526217005,-0.026,0.03149));
#4997=CARTESIAN_POINT('',(0.0183847763108503,-0.0183847763108503,0.03199));
#4998=CARTESIAN_POINT('',(0.026,-0.0107695526217005,0.03249));
#4999=CARTESIAN_POINT('',(0.026,-3.18408167778311E-18,0.03299));
#5000=CARTESIAN_POINT('',(0.026,0.0107695526217005,0.03349));
#5001=CARTESIAN_POINT('',(0.0183847763108503,0.0183847763108503,0.03399));
#5002=CARTESIAN_POINT('',(0.0107695526217005,0.026,0.03449));
#5003=CARTESIAN_POINT('',(6.36816335556623E-18,0.026,0.03499));
#5004=CARTESIAN_POINT('',(-0.0107695526217005,0.026,0.03549));
#5005=CARTESIAN_POINT('',(-0.0183847763108502,0.0183847763108503,0.03599));
#5006=CARTESIAN_POINT('',(-0.026,0.0107695526217005,0.03649));
#5007=CARTESIAN_POINT('',(-0.026,3.18408167778312E-18,0.03699));
#5008=CARTESIAN_POINT('',(-0.026,-0.0107695526217005,0.03749));
#5009=CARTESIAN_POINT('',(-0.0183847763108503,-0.0183847763108503,0.03799));
#5010=CARTESIAN_POINT('',(-0.0107695526217005,-0.026,0.03849));
#5011=CARTESIAN_POINT('',(-3.18408167778311E-18,-0.026,0.03899));
#5012=CARTESIAN_POINT('',(0.0107695526217005,-0.026,0.03949));
#5013=CARTESIAN_POINT('',(0.0183847763108503,-0.0183847763108503,0.03999));
#5014=CARTESIAN_POINT('',(0.026,-0.0107695526217005,0.04049));
#5015=CARTESIAN_POINT('',(0.026,-3.18408167778311E-18,0.04099));
#5016=CARTESIAN_POINT('',(0.026,0.00992755400713212,0.0414509083754848));
#5017=CARTESIAN_POINT('',(0.0193834004108478,0.0173286984079228,0.0419217649673814));
#5018=CARTESIAN_POINT('',(-0.0252,3.08610993385133E-18,0.02019));
#5019=CARTESIAN_POINT('',(-0.0252,-0.010438181771802,0.02069));
#5020=CARTESIAN_POINT('',(-0.017819090885901,-0.017819090885901,0.02119));
#5021=CARTESIAN_POINT('',(-0.010438181771802,-0.0252,0.02169));
#5022=CARTESIAN_POINT('',(-3.03712406188543E-18,-0.0252,0.02219));
#5023=CARTESIAN_POINT('',(0.010438181771802,-0.0252,0.02269));
#5024=CARTESIAN_POINT('',(0.017819090885901,-0.017819090885901,0.02319));
#5025=CARTESIAN_POINT('',(0.0252,-0.010438181771802,0.02369));
#5026=CARTESIAN_POINT('',(0.0252,-2.98813818991954E-18,0.02419));
#5027=CARTESIAN_POINT('',(0.0252,0.010438181771802,0.02469));
#5028=CARTESIAN_POINT('',(0.017819090885901,0.017819090885901,0.02519));
#5029=CARTESIAN_POINT('',(0.010438181771802,0.0252,0.02569));
#5030=CARTESIAN_POINT('',(6.12323399573677E-18,0.0252,0.02619));
#5031=CARTESIAN_POINT('',(-0.010438181771802,0.0252,0.02669));
#5032=CARTESIAN_POINT('',(-0.017819090885901,0.017819090885901,0.02719));
#5033=CARTESIAN_POINT('',(-0.0252,0.010438181771802,0.02769));
#5034=CARTESIAN_POINT('',(-0.0252,9.25832980155399E-18,0.02819));
#5035=CARTESIAN_POINT('',(-0.0252,-0.010438181771802,0.02869));
#5036=CARTESIAN_POINT('',(-0.017819090885901,-0.017819090885901,0.02919));
#5037=CARTESIAN_POINT('',(-0.010438181771802,-0.0252,0.02969));
#5038=CARTESIAN_POINT('',(-9.2093439295881E-18,-0.0252,0.03019));
#5039=CARTESIAN_POINT('',(0.010438181771802,-0.0252,0.03069));
#5040=CARTESIAN_POINT('',(0.0178190908859009,-0.017819090885901,0.03119));
#5041=CARTESIAN_POINT('',(0.0252,-0.010438181771802,0.03169));
#5042=CARTESIAN_POINT('',(0.0252,-9.1603580576222E-18,0.03219));
#5043=CARTESIAN_POINT('',(0.0252,0.010438181771802,0.03269));
#5044=CARTESIAN_POINT('',(0.017819090885901,0.017819090885901,0.03319));
#5045=CARTESIAN_POINT('',(0.010438181771802,0.0252,0.03369));
#5046=CARTESIAN_POINT('',(1.22954538634394E-17,0.0252,0.03419));
#5047=CARTESIAN_POINT('',(-0.010438181771802,0.0252,0.03469));
#5048=CARTESIAN_POINT('',(-0.0178190908859009,0.017819090885901,0.03519));
#5049=CARTESIAN_POINT('',(-0.0252,0.010438181771802,0.03569));
#5050=CARTESIAN_POINT('',(-0.0252,1.54305496692567E-17,0.03619));
#5051=CARTESIAN_POINT('',(-0.0252,-0.010438181771802,0.03669));
#5052=CARTESIAN_POINT('',(-0.017819090885901,-0.017819090885901,0.03719));
#5053=CARTESIAN_POINT('',(-0.010438181771802,-0.0252,0.03769));
#5054=CARTESIAN_POINT('',(-1.53815637972907E-17,-0.0252,0.03819));
#5055=CARTESIAN_POINT('',(0.010438181771802,-0.0252,0.03869));
#5056=CARTESIAN_POINT('',(0.0178190908859009,-0.017819090885901,0.03919));
#5057=CARTESIAN_POINT('',(0.0252,-0.010438181771802,0.03969));
#5058=CARTESIAN_POINT('',(0.0252,-1.53325779253249E-17,0.04019));
#5059=CARTESIAN_POINT('',(0.0252,0.0104381817718019,0.04069));
#5060=CARTESIAN_POINT('',(0.017819090885901,0.017819090885901,0.04119));
#5061=CARTESIAN_POINT('',(0.010438181771802,0.0252,0.04169));
#5062=CARTESIAN_POINT('',(6.32318660840284E-17,0.0252,0.04219));
#5063=CARTESIAN_POINT('',(-0.010438181771802,0.0252,0.04269));
#5064=CARTESIAN_POINT('',(-0.0178190908859009,0.017819090885901,0.04319));
#5065=CARTESIAN_POINT('',(-0.0252,0.010438181771802,0.04369));
#5066=CARTESIAN_POINT('',(-0.0252,2.16027695369593E-17,0.04419));
#5067=CARTESIAN_POINT('',(-0.0251873015873012,-0.000799899212609284,0.0202285679750062));
#5068=CARTESIAN_POINT('',(0.0203288780313908,0.0148921696869474,0.041));
#5069=CARTESIAN_POINT('',(-0.0251873015872985,-0.000799899212606511,0.0202285679750062));
#5070=CARTESIAN_POINT('',(-0.0254598022421413,-0.000531690174868326,0.0204789948586832));
#5071=CARTESIAN_POINT('',(-0.0257306474256583,-0.00026511053640652,0.0207329557612837));
#5072=CARTESIAN_POINT('',(-0.026,3.18408167778312E-18,0.02099));
#5073=CARTESIAN_POINT('',(0.0259991108543024,0.000215022756226956,0.041));
#5074=CARTESIAN_POINT('',(0.0257062574251778,0.00555164593384305,0.041));
#5075=CARTESIAN_POINT('',(0.0237002385682364,0.0107449676664479,0.0409999999999999));
#5076=CARTESIAN_POINT('',(0.0203288780313908,0.0148921696869474,0.0409999999999999));
#5077=CARTESIAN_POINT('',(1.94968771746042E-34,1.59204083889156E-18,0.019));
#5078=CARTESIAN_POINT('',(-0.0252,3.08610993385133E-18,0.0198));
#5079=CARTESIAN_POINT('',(-0.0252,-0.010438181771802,0.0203));
#5080=CARTESIAN_POINT('',(-0.017819090885901,-0.017819090885901,0.0208));
#5081=CARTESIAN_POINT('',(-0.010438181771802,-0.0252,0.0213));
#5082=CARTESIAN_POINT('',(-3.03712406188543E-18,-0.0252,0.0218));
#5083=CARTESIAN_POINT('',(0.010438181771802,-0.0252,0.0223));
#5084=CARTESIAN_POINT('',(0.017819090885901,-0.017819090885901,0.0228));
#5085=CARTESIAN_POINT('',(0.0252,-0.010438181771802,0.0233));
#5086=CARTESIAN_POINT('',(0.0252,-2.98813818991954E-18,0.0238));
#5087=CARTESIAN_POINT('',(0.0252,0.010438181771802,0.0243));
#5088=CARTESIAN_POINT('',(0.017819090885901,0.017819090885901,0.0248));
#5089=CARTESIAN_POINT('',(0.010438181771802,0.0252,0.0253));
#5090=CARTESIAN_POINT('',(6.12323399573676E-18,0.0252,0.0258));
#5091=CARTESIAN_POINT('',(-0.010438181771802,0.0252,0.0263));
#5092=CARTESIAN_POINT('',(-0.017819090885901,0.017819090885901,0.0268));
#5093=CARTESIAN_POINT('',(-0.0252,0.010438181771802,0.0273));
#5094=CARTESIAN_POINT('',(-0.0252,9.25832980155399E-18,0.0278));
#5095=CARTESIAN_POINT('',(-0.0252,-0.010438181771802,0.0283));
#5096=CARTESIAN_POINT('',(-0.017819090885901,-0.017819090885901,0.0288));
#5097=CARTESIAN_POINT('',(-0.010438181771802,-0.0252,0.0293));
#5098=CARTESIAN_POINT('',(-9.2093439295881E-18,-0.0252,0.0298));
#5099=CARTESIAN_POINT('',(0.010438181771802,-0.0252,0.0303));
#5100=CARTESIAN_POINT('',(0.0178190908859009,-0.017819090885901,0.0308));
#5101=CARTESIAN_POINT('',(0.0252,-0.010438181771802,0.0313));
#5102=CARTESIAN_POINT('',(0.0252,-9.1603580576222E-18,0.0318));
#5103=CARTESIAN_POINT('',(0.0252,0.010438181771802,0.0323));
#5104=CARTESIAN_POINT('',(0.017819090885901,0.017819090885901,0.0328));
#5105=CARTESIAN_POINT('',(0.010438181771802,0.0252,0.0333));
#5106=CARTESIAN_POINT('',(1.22954538634394E-17,0.0252,0.0338));
#5107=CARTESIAN_POINT('',(-0.010438181771802,0.0252,0.0343));
#5108=CARTESIAN_POINT('',(-0.0178190908859009,0.017819090885901,0.0348));
#5109=CARTESIAN_POINT('',(-0.0252,0.010438181771802,0.0353));
#5110=CARTESIAN_POINT('',(-0.0252,1.54305496692567E-17,0.0358));
#5111=CARTESIAN_POINT('',(-0.0252,-0.010438181771802,0.0363));
#5112=CARTESIAN_POINT('',(-0.017819090885901,-0.017819090885901,0.0368));
#5113=CARTESIAN_POINT('',(-0.010438181771802,-0.0252,0.0373));
#5114=CARTESIAN_POINT('',(-1.53815637972907E-17,-0.0252,0.0378));
#5115=CARTESIAN_POINT('',(0.010438181771802,-0.0252,0.0383));
#5116=CARTESIAN_POINT('',(0.0178190908859009,-0.017819090885901,0.0388));
#5117=CARTESIAN_POINT('',(0.0252,-0.010438181771802,0.0393));
#5118=CARTESIAN_POINT('',(0.0252,-1.53325779253249E-17,0.0398));
#5119=CARTESIAN_POINT('',(0.0252,0.0104381817718019,0.0403));
#5120=CARTESIAN_POINT('',(0.017819090885901,0.017819090885901,0.0408));
#5121=CARTESIAN_POINT('',(0.010438181771802,0.0252,0.0413));
#5122=CARTESIAN_POINT('',(6.32318660840284E-17,0.0252,0.0418));
#5123=CARTESIAN_POINT('',(-0.010438181771802,0.0252,0.0423));
#5124=CARTESIAN_POINT('',(-0.0178190908859009,0.017819090885901,0.0428));
#5125=CARTESIAN_POINT('',(-0.0252,0.010438181771802,0.0433));
#5126=CARTESIAN_POINT('',(-0.0252,2.16027695369593E-17,0.0438));
#5127=CARTESIAN_POINT('',(-0.0251873015873012,-0.000799899212609284,0.0198385679750062));
#5128=CARTESIAN_POINT('',(0.014731698238243,0.0204454656835531,0.041));
#5129=CARTESIAN_POINT('',(-0.0251873015873016,-0.000799899212598022,0.019));
#5130=CARTESIAN_POINT('',(1.94968771746042E-34,1.59204083889156E-18,0.041));
#5131=CARTESIAN_POINT('',(-0.026,3.18408167778312E-18,0.019));
#5132=CARTESIAN_POINT('',(-0.026,-0.0107695526217005,0.0195));
#5133=CARTESIAN_POINT('',(-0.0183847763108503,-0.0183847763108503,0.02));
#5134=CARTESIAN_POINT('',(-0.0107695526217005,-0.026,0.0205));
#5135=CARTESIAN_POINT('',(-3.18408167778312E-18,-0.026,0.021));
#5136=CARTESIAN_POINT('',(0.0107695526217005,-0.026,0.0215));
#5137=CARTESIAN_POINT('',(0.0183847763108503,-0.0183847763108503,0.022));
#5138=CARTESIAN_POINT('',(0.026,-0.0107695526217005,0.0225));
#5139=CARTESIAN_POINT('',(0.026,-3.18408167778312E-18,0.023));
#5140=CARTESIAN_POINT('',(0.026,0.0107695526217005,0.0235));
#5141=CARTESIAN_POINT('',(0.0183847763108503,0.0183847763108503,0.024));
#5142=CARTESIAN_POINT('',(0.0107695526217005,0.026,0.0245));
#5143=CARTESIAN_POINT('',(6.36816335556624E-18,0.026,0.025));
#5144=CARTESIAN_POINT('',(-0.0107695526217005,0.026,0.0255));
#5145=CARTESIAN_POINT('',(-0.0183847763108503,0.0183847763108503,0.026));
#5146=CARTESIAN_POINT('',(-0.026,0.0107695526217005,0.0265));
#5147=CARTESIAN_POINT('',(-0.026,3.18408167778312E-18,0.027));
#5148=CARTESIAN_POINT('',(-0.026,-0.0107695526217005,0.0275));
#5149=CARTESIAN_POINT('',(-0.0183847763108503,-0.0183847763108503,0.028));
#5150=CARTESIAN_POINT('',(-0.0107695526217005,-0.026,0.0285));
#5151=CARTESIAN_POINT('',(-3.18408167778312E-18,-0.026,0.029));
#5152=CARTESIAN_POINT('',(0.0107695526217005,-0.026,0.0295));
#5153=CARTESIAN_POINT('',(0.0183847763108503,-0.0183847763108503,0.03));
#5154=CARTESIAN_POINT('',(0.026,-0.0107695526217005,0.0305));
#5155=CARTESIAN_POINT('',(0.026,-3.18408167778312E-18,0.031));
#5156=CARTESIAN_POINT('',(0.026,0.0107695526217005,0.0315));
#5157=CARTESIAN_POINT('',(0.0183847763108503,0.0183847763108503,0.032));
#5158=CARTESIAN_POINT('',(0.0107695526217005,0.026,0.0325));
#5159=CARTESIAN_POINT('',(6.36816335556624E-18,0.026,0.033));
#5160=CARTESIAN_POINT('',(-0.0107695526217005,0.026,0.0335));
#5161=CARTESIAN_POINT('',(-0.0183847763108503,0.0183847763108503,0.034));
#5162=CARTESIAN_POINT('',(-0.026,0.0107695526217005,0.0345));
#5163=CARTESIAN_POINT('',(-0.026,3.18408167778312E-18,0.035));
#5164=CARTESIAN_POINT('',(-0.026,-0.0107695526217005,0.0355));
#5165=CARTESIAN_POINT('',(-0.0183847763108503,-0.0183847763108503,0.036));
#5166=CARTESIAN_POINT('',(-0.0107695526217005,-0.026,0.0365));
#5167=CARTESIAN_POINT('',(-3.18408167778312E-18,-0.026,0.037));
#5168=CARTESIAN_POINT('',(0.0107695526217005,-0.026,0.0375));
#5169=CARTESIAN_POINT('',(0.0183847763108503,-0.0183847763108503,0.038));
#5170=CARTESIAN_POINT('',(0.026,-0.0107695526217005,0.0385));
#5171=CARTESIAN_POINT('',(0.026,-3.18408167778312E-18,0.039));
#5172=CARTESIAN_POINT('',(0.026,0.0107695526217005,0.0395));
#5173=CARTESIAN_POINT('',(0.0183847763108503,0.0183847763108503,0.04));
#5174=CARTESIAN_POINT('',(0.0107695526217005,0.026,0.0405));
#5175=CARTESIAN_POINT('',(6.36816335556624E-18,0.026,0.041));
#5176=CARTESIAN_POINT('',(-0.00132670009199806,0.026,0.0410615949491404));
#5177=CARTESIAN_POINT('',(-0.00264650934260022,0.0258649567619884,0.0411254669612666));
#5178=CARTESIAN_POINT('',(-0.0252,3.08610993385133E-18,0.0198));
#5179=CARTESIAN_POINT('',(-0.0252,-0.010438181771802,0.0203));
#5180=CARTESIAN_POINT('',(-0.017819090885901,-0.017819090885901,0.0208));
#5181=CARTESIAN_POINT('',(-0.010438181771802,-0.0252,0.0213));
#5182=CARTESIAN_POINT('',(-3.03712406188543E-18,-0.0252,0.0218));
#5183=CARTESIAN_POINT('',(0.010438181771802,-0.0252,0.0223));
#5184=CARTESIAN_POINT('',(0.017819090885901,-0.017819090885901,0.0228));
#5185=CARTESIAN_POINT('',(0.0252,-0.010438181771802,0.0233));
#5186=CARTESIAN_POINT('',(0.0252,-2.98813818991954E-18,0.0238));
#5187=CARTESIAN_POINT('',(0.0252,0.010438181771802,0.0243));
#5188=CARTESIAN_POINT('',(0.017819090885901,0.017819090885901,0.0248));
#5189=CARTESIAN_POINT('',(0.010438181771802,0.0252,0.0253));
#5190=CARTESIAN_POINT('',(6.12323399573676E-18,0.0252,0.0258));
#5191=CARTESIAN_POINT('',(-0.010438181771802,0.0252,0.0263));
#5192=CARTESIAN_POINT('',(-0.017819090885901,0.017819090885901,0.0268));
#5193=CARTESIAN_POINT('',(-0.0252,0.010438181771802,0.0273));
#5194=CARTESIAN_POINT('',(-0.0252,3.08610993385133E-18,0.0278));
#5195=CARTESIAN_POINT('',(-0.0252,-0.010438181771802,0.0283));
#5196=CARTESIAN_POINT('',(-0.017819090885901,-0.017819090885901,0.0288));
#5197=CARTESIAN_POINT('',(-0.010438181771802,-0.0252,0.0293));
#5198=CARTESIAN_POINT('',(-3.03712406188543E-18,-0.0252,0.0298));
#5199=CARTESIAN_POINT('',(0.010438181771802,-0.0252,0.0303));
#5200=CARTESIAN_POINT('',(0.017819090885901,-0.017819090885901,0.0308));
#5201=CARTESIAN_POINT('',(0.0252,-0.010438181771802,0.0313));
#5202=CARTESIAN_POINT('',(0.0252,-2.98813818991954E-18,0.0318));
#5203=CARTESIAN_POINT('',(0.0252,0.010438181771802,0.0323));
#5204=CARTESIAN_POINT('',(0.017819090885901,0.017819090885901,0.0328));
#5205=CARTESIAN_POINT('',(0.010438181771802,0.0252,0.0333));
#5206=CARTESIAN_POINT('',(6.12323399573676E-18,0.0252,0.0338));
#5207=CARTESIAN_POINT('',(-0.010438181771802,0.0252,0.0343));
#5208=CARTESIAN_POINT('',(-0.017819090885901,0.017819090885901,0.0348));
#5209=CARTESIAN_POINT('',(-0.0252,0.010438181771802,0.0353));
#5210=CARTESIAN_POINT('',(-0.0252,3.08610993385133E-18,0.0358));
#5211=CARTESIAN_POINT('',(-0.0252,-0.010438181771802,0.0363));
#5212=CARTESIAN_POINT('',(-0.017819090885901,-0.017819090885901,0.0368));
#5213=CARTESIAN_POINT('',(-0.010438181771802,-0.0252,0.0373));
#5214=CARTESIAN_POINT('',(-3.03712406188543E-18,-0.0252,0.0378));
#5215=CARTESIAN_POINT('',(0.010438181771802,-0.0252,0.0383));
#5216=CARTESIAN_POINT('',(0.017819090885901,-0.017819090885901,0.0388));
#5217=CARTESIAN_POINT('',(0.0252,-0.010438181771802,0.0393));
#5218=CARTESIAN_POINT('',(0.0252,-2.98813818991954E-18,0.0398));
#5219=CARTESIAN_POINT('',(0.0252,0.010438181771802,0.0403));
#5220=CARTESIAN_POINT('',(0.017819090885901,0.017819090885901,0.0408));
#5221=CARTESIAN_POINT('',(0.010438181771802,0.0252,0.0413));
#5222=CARTESIAN_POINT('',(6.12323399573676E-18,0.0252,0.0418));
#5223=CARTESIAN_POINT('',(-0.00128587855070581,0.0252,0.0418615949491405));
#5224=CARTESIAN_POINT('',(-0.00256507828590482,0.0250691119385426,0.0419254669612666));
#5225=CARTESIAN_POINT('',(-0.026,3.18408167778312E-18,0.019));
#5226=CARTESIAN_POINT('',(-0.0257303752537721,-0.000265378421853348,0.0192819455190202));
#5227=CARTESIAN_POINT('',(-0.0254595233856077,-0.000531964639680495,0.0195615789178619));
#5228=CARTESIAN_POINT('',(-0.0251873015873016,-0.000799899212598028,0.0198385679750056));
#5229=CARTESIAN_POINT('',(0.014731698238243,0.0204454656835531,0.041));
#5230=CARTESIAN_POINT('',(0.0105556620638971,0.023786670603497,0.041));
#5231=CARTESIAN_POINT('',(0.00534240603368651,0.0257519671326494,0.041));
#5232=CARTESIAN_POINT('',(6.36816335556624E-18,0.026,0.041));
#5233=CARTESIAN_POINT('',(0.,-1.59204083889156E-18,0.019));
#5234=CARTESIAN_POINT('',(0.,-1.59204083889156E-18,0.019));
#5235=CARTESIAN_POINT('',(0.026,0.,0.019));
#5236=CARTESIAN_POINT('',(0.026,0.,0.019));
#5237=CARTESIAN_POINT('',(0.026,0.0107695526217005,0.0195));
#5238=CARTESIAN_POINT('',(0.0183847763108503,0.0183847763108503,0.02));
#5239=CARTESIAN_POINT('',(0.0107695526217005,0.026,0.0205));
#5240=CARTESIAN_POINT('',(0.,0.026,0.021));
#5241=CARTESIAN_POINT('',(-0.0107695526217005,0.026,0.0215));
#5242=CARTESIAN_POINT('',(-0.0183847763108503,0.0183847763108503,0.022));
#5243=CARTESIAN_POINT('',(-0.026,0.0107695526217005,0.0225));
#5244=CARTESIAN_POINT('',(-0.026,0.,0.023));
#5245=CARTESIAN_POINT('',(-0.026,-0.0107695526217005,0.0235));
#5246=CARTESIAN_POINT('',(-0.0183847763108503,-0.0183847763108503,0.024));
#5247=CARTESIAN_POINT('',(-0.0107695526217005,-0.026,0.0245));
#5248=CARTESIAN_POINT('',(-3.18408167778312E-18,-0.026,0.025));
#5249=CARTESIAN_POINT('',(0.0107695526217005,-0.026,0.0255));
#5250=CARTESIAN_POINT('',(0.0183847763108503,-0.0183847763108503,0.026));
#5251=CARTESIAN_POINT('',(0.026,-0.0107695526217005,0.0265));
#5252=CARTESIAN_POINT('',(0.026,-6.36816335556624E-18,0.027));
#5253=CARTESIAN_POINT('',(0.026,0.0107695526217005,0.0275));
#5254=CARTESIAN_POINT('',(0.0183847763108503,0.0183847763108503,0.028));
#5255=CARTESIAN_POINT('',(0.0107695526217005,0.026,0.0285));
#5256=CARTESIAN_POINT('',(6.36816335556624E-18,0.026,0.029));
#5257=CARTESIAN_POINT('',(-0.0107695526217005,0.026,0.0295));
#5258=CARTESIAN_POINT('',(-0.0183847763108502,0.0183847763108503,0.03));
#5259=CARTESIAN_POINT('',(-0.026,0.0107695526217005,0.0305));
#5260=CARTESIAN_POINT('',(-0.026,6.36816335556624E-18,0.031));
#5261=CARTESIAN_POINT('',(-0.026,-0.0107695526217005,0.0315));
#5262=CARTESIAN_POINT('',(-0.0183847763108503,-0.0183847763108503,0.032));
#5263=CARTESIAN_POINT('',(-0.0107695526217005,-0.026,0.0325));
#5264=CARTESIAN_POINT('',(-9.55224503334935E-18,-0.026,0.033));
#5265=CARTESIAN_POINT('',(0.0107695526217005,-0.026,0.0335));
#5266=CARTESIAN_POINT('',(0.0183847763108502,-0.0183847763108503,0.034));
#5267=CARTESIAN_POINT('',(0.026,-0.0107695526217005,0.0345));
#5268=CARTESIAN_POINT('',(0.026,-1.27363267111325E-17,0.035));
#5269=CARTESIAN_POINT('',(0.026,0.0107695526217005,0.0355));
#5270=CARTESIAN_POINT('',(0.0183847763108503,0.0183847763108503,0.036));
#5271=CARTESIAN_POINT('',(0.0107695526217005,0.026,0.0365));
#5272=CARTESIAN_POINT('',(1.27363267111325E-17,0.026,0.037));
#5273=CARTESIAN_POINT('',(-0.0107695526217005,0.026,0.0375));
#5274=CARTESIAN_POINT('',(-0.0183847763108502,0.0183847763108503,0.038));
#5275=CARTESIAN_POINT('',(-0.026,0.0107695526217005,0.0385));
#5276=CARTESIAN_POINT('',(-0.026,1.27363267111325E-17,0.039));
#5277=CARTESIAN_POINT('',(-0.026,-0.0107695526217004,0.0395));
#5278=CARTESIAN_POINT('',(-0.0183847763108503,-0.0183847763108503,0.04));
#5279=CARTESIAN_POINT('',(-0.0107695526217005,-0.026,0.0405));
#5280=CARTESIAN_POINT('',(-6.21056862133221E-17,-0.026,0.041));
#5281=CARTESIAN_POINT('',(0.0107695526217005,-0.026,0.0415));
#5282=CARTESIAN_POINT('',(0.0183847763108502,-0.0183847763108503,0.042));
#5283=CARTESIAN_POINT('',(0.026,-0.0107695526217005,0.0425));
#5284=CARTESIAN_POINT('',(0.026,-1.91044900666987E-17,0.043));
#5285=CARTESIAN_POINT('',(-3.18408167778312E-18,-0.026,0.041));
#5286=CARTESIAN_POINT('',(0.,-1.59204083889156E-18,0.041));
#5287=CARTESIAN_POINT('',(0.000215022756226958,-0.0259991108543024,0.041));
#5288=CARTESIAN_POINT('',(1.59204083889156E-18,0.026,0.02099));
#5289=CARTESIAN_POINT('',(-0.0107695526217005,0.026,0.02149));
#5290=CARTESIAN_POINT('',(-0.0183847763108503,0.0183847763108503,0.02199));
#5291=CARTESIAN_POINT('',(-0.026,0.0107695526217005,0.02249));
#5292=CARTESIAN_POINT('',(-0.026,1.59204083889156E-18,0.02299));
#5293=CARTESIAN_POINT('',(-0.026,-0.0107695526217005,0.02349));
#5294=CARTESIAN_POINT('',(-0.0183847763108503,-0.0183847763108503,0.02399));
#5295=CARTESIAN_POINT('',(-0.0107695526217005,-0.026,0.02449));
#5296=CARTESIAN_POINT('',(-1.59204083889156E-18,-0.026,0.02499));
#5297=CARTESIAN_POINT('',(0.0107695526217005,-0.026,0.02549));
#5298=CARTESIAN_POINT('',(0.0183847763108503,-0.0183847763108503,0.02599));
#5299=CARTESIAN_POINT('',(0.026,-0.0107695526217005,0.02649));
#5300=CARTESIAN_POINT('',(0.026,-4.77612251667468E-18,0.02699));
#5301=CARTESIAN_POINT('',(0.026,0.0107695526217005,0.02749));
#5302=CARTESIAN_POINT('',(0.0183847763108503,0.0183847763108503,0.02799));
#5303=CARTESIAN_POINT('',(0.0107695526217005,0.026,0.02849));
#5304=CARTESIAN_POINT('',(7.9602041944578E-18,0.026,0.02899));
#5305=CARTESIAN_POINT('',(-0.0107695526217005,0.026,0.02949));
#5306=CARTESIAN_POINT('',(-0.0183847763108503,0.0183847763108503,0.02999));
#5307=CARTESIAN_POINT('',(-0.026,0.0107695526217005,0.03049));
#5308=CARTESIAN_POINT('',(-0.026,7.9602041944578E-18,0.03099));
#5309=CARTESIAN_POINT('',(-0.026,-0.0107695526217005,0.03149));
#5310=CARTESIAN_POINT('',(-0.0183847763108503,-0.0183847763108502,0.03199));
#5311=CARTESIAN_POINT('',(-0.0107695526217005,-0.026,0.03249));
#5312=CARTESIAN_POINT('',(-7.9602041944578E-18,-0.026,0.03299));
#5313=CARTESIAN_POINT('',(0.0107695526217005,-0.026,0.03349));
#5314=CARTESIAN_POINT('',(0.0183847763108503,-0.0183847763108503,0.03399));
#5315=CARTESIAN_POINT('',(0.026,-0.0107695526217005,0.03449));
#5316=CARTESIAN_POINT('',(0.026,-1.11442858722409E-17,0.03499));
#5317=CARTESIAN_POINT('',(0.026,0.0107695526217005,0.03549));
#5318=CARTESIAN_POINT('',(0.0183847763108503,0.0183847763108502,0.03599));
#5319=CARTESIAN_POINT('',(0.0107695526217005,0.026,0.03649));
#5320=CARTESIAN_POINT('',(1.4328367550024E-17,0.026,0.03699));
#5321=CARTESIAN_POINT('',(-0.0107695526217005,0.026,0.03749));
#5322=CARTESIAN_POINT('',(-0.0183847763108503,0.0183847763108503,0.03799));
#5323=CARTESIAN_POINT('',(-0.026,0.0107695526217005,0.03849));
#5324=CARTESIAN_POINT('',(-0.026,1.4328367550024E-17,0.03899));
#5325=CARTESIAN_POINT('',(-0.026,-0.0107695526217005,0.03949));
#5326=CARTESIAN_POINT('',(-0.0183847763108503,-0.0183847763108502,0.03999));
#5327=CARTESIAN_POINT('',(-0.0107695526217005,-0.026,0.04049));
#5328=CARTESIAN_POINT('',(-1.4328367550024E-17,-0.026,0.04099));
#5329=CARTESIAN_POINT('',(0.0107695526217004,-0.026,0.04149));
#5330=CARTESIAN_POINT('',(0.0183847763108503,-0.0183847763108503,0.04199));
#5331=CARTESIAN_POINT('',(0.026,-0.0107695526217005,0.04249));
#5332=CARTESIAN_POINT('',(0.026,-6.36977270522137E-17,0.04299));
#5333=CARTESIAN_POINT('',(0.026,0.0107695526217005,0.04349));
#5334=CARTESIAN_POINT('',(0.0183847763108503,0.0183847763108502,0.04399));
#5335=CARTESIAN_POINT('',(0.0107695526217005,0.026,0.04449));
#5336=CARTESIAN_POINT('',(2.06965309055902E-17,0.026,0.04499));
#5337=CARTESIAN_POINT('',(1.59204083889156E-18,0.026,0.02099));
#5338=CARTESIAN_POINT('',(1.59204083889156E-18,0.026,0.019995));
#5339=CARTESIAN_POINT('',(1.54305496692566E-18,0.0252,0.02019));
#5340=CARTESIAN_POINT('',(-0.010438181771802,0.0252,0.02069));
#5341=CARTESIAN_POINT('',(-0.017819090885901,0.017819090885901,0.02119));
#5342=CARTESIAN_POINT('',(-0.0252,0.010438181771802,0.02169));
#5343=CARTESIAN_POINT('',(-0.0252,1.49406909495977E-18,0.02219));
#5344=CARTESIAN_POINT('',(-0.0252,-0.010438181771802,0.02269));
#5345=CARTESIAN_POINT('',(-0.017819090885901,-0.017819090885901,0.02319));
#5346=CARTESIAN_POINT('',(-0.010438181771802,-0.0252,0.02369));
#5347=CARTESIAN_POINT('',(-1.44508322299388E-18,-0.0252,0.02419));
#5348=CARTESIAN_POINT('',(0.010438181771802,-0.0252,0.02469));
#5349=CARTESIAN_POINT('',(0.017819090885901,-0.017819090885901,0.02519));
#5350=CARTESIAN_POINT('',(0.0252,-0.010438181771802,0.02569));
#5351=CARTESIAN_POINT('',(0.0252,-4.5801790288111E-18,0.02619));
#5352=CARTESIAN_POINT('',(0.0252,0.010438181771802,0.02669));
#5353=CARTESIAN_POINT('',(0.017819090885901,0.017819090885901,0.02719));
#5354=CARTESIAN_POINT('',(0.010438181771802,0.0252,0.02769));
#5355=CARTESIAN_POINT('',(1.54305496692566E-18,0.0252,0.02819));
#5356=CARTESIAN_POINT('',(-0.010438181771802,0.0252,0.02869));
#5357=CARTESIAN_POINT('',(-0.017819090885901,0.017819090885901,0.02919));
#5358=CARTESIAN_POINT('',(-0.0252,0.010438181771802,0.02969));
#5359=CARTESIAN_POINT('',(-0.0252,1.49406909495977E-18,0.03019));
#5360=CARTESIAN_POINT('',(-0.0252,-0.010438181771802,0.03069));
#5361=CARTESIAN_POINT('',(-0.017819090885901,-0.017819090885901,0.03119));
#5362=CARTESIAN_POINT('',(-0.010438181771802,-0.0252,0.03169));
#5363=CARTESIAN_POINT('',(-1.44508322299388E-18,-0.0252,0.03219));
#5364=CARTESIAN_POINT('',(0.010438181771802,-0.0252,0.03269));
#5365=CARTESIAN_POINT('',(0.017819090885901,-0.017819090885901,0.03319));
#5366=CARTESIAN_POINT('',(0.0252,-0.010438181771802,0.03369));
#5367=CARTESIAN_POINT('',(0.0252,-4.5801790288111E-18,0.03419));
#5368=CARTESIAN_POINT('',(0.0252,0.010438181771802,0.03469));
#5369=CARTESIAN_POINT('',(0.017819090885901,0.017819090885901,0.03519));
#5370=CARTESIAN_POINT('',(0.010438181771802,0.0252,0.03569));
#5371=CARTESIAN_POINT('',(1.54305496692566E-18,0.0252,0.03619));
#5372=CARTESIAN_POINT('',(-0.010438181771802,0.0252,0.03669));
#5373=CARTESIAN_POINT('',(-0.017819090885901,0.017819090885901,0.03719));
#5374=CARTESIAN_POINT('',(-0.0252,0.010438181771802,0.03769));
#5375=CARTESIAN_POINT('',(-0.0252,1.49406909495977E-18,0.03819));
#5376=CARTESIAN_POINT('',(-0.0252,-0.010438181771802,0.03869));
#5377=CARTESIAN_POINT('',(-0.017819090885901,-0.017819090885901,0.03919));
#5378=CARTESIAN_POINT('',(-0.010438181771802,-0.0252,0.03969));
#5379=CARTESIAN_POINT('',(-1.44508322299388E-18,-0.0252,0.04019));
#5380=CARTESIAN_POINT('',(0.00962209080691266,-0.0252,0.0406509083754848));
#5381=CARTESIAN_POINT('',(0.016795507687679,-0.018786988090514,0.0411217649673814));
#5382=CARTESIAN_POINT('',(1.59204083889156E-18,0.026,0.02099));
#5383=CARTESIAN_POINT('',(-0.0107695526217005,0.026,0.02149));
#5384=CARTESIAN_POINT('',(-0.0183847763108503,0.0183847763108503,0.02199));
#5385=CARTESIAN_POINT('',(-0.026,0.0107695526217005,0.02249));
#5386=CARTESIAN_POINT('',(-0.026,1.59204083889156E-18,0.02299));
#5387=CARTESIAN_POINT('',(-0.026,-0.0107695526217005,0.02349));
#5388=CARTESIAN_POINT('',(-0.0183847763108503,-0.0183847763108503,0.02399));
#5389=CARTESIAN_POINT('',(-0.0107695526217005,-0.026,0.02449));
#5390=CARTESIAN_POINT('',(-1.59204083889156E-18,-0.026,0.02499));
#5391=CARTESIAN_POINT('',(0.0107695526217005,-0.026,0.02549));
#5392=CARTESIAN_POINT('',(0.0183847763108503,-0.0183847763108503,0.02599));
#5393=CARTESIAN_POINT('',(0.026,-0.0107695526217005,0.02649));
#5394=CARTESIAN_POINT('',(0.026,-4.77612251667467E-18,0.02699));
#5395=CARTESIAN_POINT('',(0.026,0.0107695526217005,0.02749));
#5396=CARTESIAN_POINT('',(0.0183847763108503,0.0183847763108503,0.02799));
#5397=CARTESIAN_POINT('',(0.0107695526217005,0.026,0.02849));
#5398=CARTESIAN_POINT('',(1.59204083889156E-18,0.026,0.02899));
#5399=CARTESIAN_POINT('',(-0.0107695526217005,0.026,0.02949));
#5400=CARTESIAN_POINT('',(-0.0183847763108503,0.0183847763108503,0.02999));
#5401=CARTESIAN_POINT('',(-0.026,0.0107695526217005,0.03049));
#5402=CARTESIAN_POINT('',(-0.026,1.59204083889156E-18,0.03099));
#5403=CARTESIAN_POINT('',(-0.026,-0.0107695526217005,0.03149));
#5404=CARTESIAN_POINT('',(-0.0183847763108503,-0.0183847763108503,0.03199));
#5405=CARTESIAN_POINT('',(-0.0107695526217005,-0.026,0.03249));
#5406=CARTESIAN_POINT('',(-1.59204083889156E-18,-0.026,0.03299));
#5407=CARTESIAN_POINT('',(0.0107695526217005,-0.026,0.03349));
#5408=CARTESIAN_POINT('',(0.0183847763108503,-0.0183847763108503,0.03399));
#5409=CARTESIAN_POINT('',(0.026,-0.0107695526217005,0.03449));
#5410=CARTESIAN_POINT('',(0.026,-4.77612251667467E-18,0.03499));
#5411=CARTESIAN_POINT('',(0.026,0.0107695526217005,0.03549));
#5412=CARTESIAN_POINT('',(0.0183847763108503,0.0183847763108503,0.03599));
#5413=CARTESIAN_POINT('',(0.0107695526217005,0.026,0.03649));
#5414=CARTESIAN_POINT('',(1.59204083889156E-18,0.026,0.03699));
#5415=CARTESIAN_POINT('',(-0.0107695526217005,0.026,0.03749));
#5416=CARTESIAN_POINT('',(-0.0183847763108503,0.0183847763108503,0.03799));
#5417=CARTESIAN_POINT('',(-0.026,0.0107695526217005,0.03849));
#5418=CARTESIAN_POINT('',(-0.026,1.59204083889156E-18,0.03899));
#5419=CARTESIAN_POINT('',(-0.026,-0.0107695526217005,0.03949));
#5420=CARTESIAN_POINT('',(-0.0183847763108503,-0.0183847763108503,0.03999));
#5421=CARTESIAN_POINT('',(-0.0107695526217005,-0.026,0.04049));
#5422=CARTESIAN_POINT('',(-1.59204083889156E-18,-0.026,0.04099));
#5423=CARTESIAN_POINT('',(0.00992755400713212,-0.026,0.0414509083754848));
#5424=CARTESIAN_POINT('',(0.0173286984079228,-0.0193834004108478,0.0419217649673814));
#5425=CARTESIAN_POINT('',(1.54305496692566E-18,0.0252,0.02019));
#5426=CARTESIAN_POINT('',(-0.010438181771802,0.0252,0.02069));
#5427=CARTESIAN_POINT('',(-0.017819090885901,0.017819090885901,0.02119));
#5428=CARTESIAN_POINT('',(-0.0252,0.010438181771802,0.02169));
#5429=CARTESIAN_POINT('',(-0.0252,1.49406909495977E-18,0.02219));
#5430=CARTESIAN_POINT('',(-0.0252,-0.010438181771802,0.02269));
#5431=CARTESIAN_POINT('',(-0.017819090885901,-0.017819090885901,0.02319));
#5432=CARTESIAN_POINT('',(-0.010438181771802,-0.0252,0.02369));
#5433=CARTESIAN_POINT('',(-1.44508322299388E-18,-0.0252,0.02419));
#5434=CARTESIAN_POINT('',(0.010438181771802,-0.0252,0.02469));
#5435=CARTESIAN_POINT('',(0.017819090885901,-0.017819090885901,0.02519));
#5436=CARTESIAN_POINT('',(0.0252,-0.010438181771802,0.02569));
#5437=CARTESIAN_POINT('',(0.0252,-4.5801790288111E-18,0.02619));
#5438=CARTESIAN_POINT('',(0.0252,0.010438181771802,0.02669));
#5439=CARTESIAN_POINT('',(0.017819090885901,0.017819090885901,0.02719));
#5440=CARTESIAN_POINT('',(0.010438181771802,0.0252,0.02769));
#5441=CARTESIAN_POINT('',(7.71527483462833E-18,0.0252,0.02819));
#5442=CARTESIAN_POINT('',(-0.010438181771802,0.0252,0.02869));
#5443=CARTESIAN_POINT('',(-0.017819090885901,0.017819090885901,0.02919));
#5444=CARTESIAN_POINT('',(-0.0252,0.010438181771802,0.02969));
#5445=CARTESIAN_POINT('',(-0.0252,7.66628896266243E-18,0.03019));
#5446=CARTESIAN_POINT('',(-0.0252,-0.010438181771802,0.03069));
#5447=CARTESIAN_POINT('',(-0.017819090885901,-0.017819090885901,0.03119));
#5448=CARTESIAN_POINT('',(-0.010438181771802,-0.0252,0.03169));
#5449=CARTESIAN_POINT('',(-7.61730309069654E-18,-0.0252,0.03219));
#5450=CARTESIAN_POINT('',(0.010438181771802,-0.0252,0.03269));
#5451=CARTESIAN_POINT('',(0.017819090885901,-0.017819090885901,0.03319));
#5452=CARTESIAN_POINT('',(0.0252,-0.010438181771802,0.03369));
#5453=CARTESIAN_POINT('',(0.0252,-1.07523988965138E-17,0.03419));
#5454=CARTESIAN_POINT('',(0.0252,0.010438181771802,0.03469));
#5455=CARTESIAN_POINT('',(0.017819090885901,0.0178190908859009,0.03519));
#5456=CARTESIAN_POINT('',(0.010438181771802,0.0252,0.03569));
#5457=CARTESIAN_POINT('',(1.3887494702331E-17,0.0252,0.03619));
#5458=CARTESIAN_POINT('',(-0.010438181771802,0.0252,0.03669));
#5459=CARTESIAN_POINT('',(-0.017819090885901,0.017819090885901,0.03719));
#5460=CARTESIAN_POINT('',(-0.0252,0.010438181771802,0.03769));
#5461=CARTESIAN_POINT('',(-0.0252,1.38385088303651E-17,0.03819));
#5462=CARTESIAN_POINT('',(-0.0252,-0.010438181771802,0.03869));
#5463=CARTESIAN_POINT('',(-0.017819090885901,-0.0178190908859009,0.03919));
#5464=CARTESIAN_POINT('',(-0.010438181771802,-0.0252,0.03969));
#5465=CARTESIAN_POINT('',(-1.37895229583992E-17,-0.0252,0.04019));
#5466=CARTESIAN_POINT('',(0.0104381817718019,-0.0252,0.04069));
#5467=CARTESIAN_POINT('',(0.017819090885901,-0.017819090885901,0.04119));
#5468=CARTESIAN_POINT('',(0.0252,-0.010438181771802,0.04169));
#5469=CARTESIAN_POINT('',(0.0252,-6.16888111171027E-17,0.04219));
#5470=CARTESIAN_POINT('',(0.0252,0.010438181771802,0.04269));
#5471=CARTESIAN_POINT('',(0.017819090885901,0.0178190908859009,0.04319));
#5472=CARTESIAN_POINT('',(0.010438181771802,0.0252,0.04369));
#5473=CARTESIAN_POINT('',(2.00597145700336E-17,0.0252,0.04419));
#5474=CARTESIAN_POINT('',(-0.000799899212609286,0.0251873015873012,0.0202285679750062));
#5475=CARTESIAN_POINT('',(0.0148921696869474,-0.0203288780313908,0.041));
#5476=CARTESIAN_POINT('',(-0.000799899212606513,0.0251873015872985,0.0202285679750062));
#5477=CARTESIAN_POINT('',(-0.000531690174868328,0.0254598022421413,0.0204789948586833));
#5478=CARTESIAN_POINT('',(-0.000265110536406521,0.0257306474256583,0.0207329557612837));
#5479=CARTESIAN_POINT('',(1.59204083889156E-18,0.026,0.02099));
#5480=CARTESIAN_POINT('',(0.000215022756226957,-0.0259991108543024,0.041));
#5481=CARTESIAN_POINT('',(0.00555164593384305,-0.0257062574251778,0.041));
#5482=CARTESIAN_POINT('',(0.0107449676664479,-0.0237002385682364,0.0409999999999999));
#5483=CARTESIAN_POINT('',(0.0148921696869474,-0.0203288780313908,0.0409999999999999));
#5484=CARTESIAN_POINT('',(1.59204083889156E-18,-9.74843858730208E-35,0.019));
#5485=CARTESIAN_POINT('',(1.54305496692566E-18,0.0252,0.0198));
#5486=CARTESIAN_POINT('',(-0.010438181771802,0.0252,0.0203));
#5487=CARTESIAN_POINT('',(-0.017819090885901,0.017819090885901,0.0208));
#5488=CARTESIAN_POINT('',(-0.0252,0.010438181771802,0.0213));
#5489=CARTESIAN_POINT('',(-0.0252,1.49406909495977E-18,0.0218));
#5490=CARTESIAN_POINT('',(-0.0252,-0.010438181771802,0.0223));
#5491=CARTESIAN_POINT('',(-0.017819090885901,-0.017819090885901,0.0228));
#5492=CARTESIAN_POINT('',(-0.010438181771802,-0.0252,0.0233));
#5493=CARTESIAN_POINT('',(-1.44508322299388E-18,-0.0252,0.0238));
#5494=CARTESIAN_POINT('',(0.010438181771802,-0.0252,0.0243));
#5495=CARTESIAN_POINT('',(0.017819090885901,-0.017819090885901,0.0248));
#5496=CARTESIAN_POINT('',(0.0252,-0.010438181771802,0.0253));
#5497=CARTESIAN_POINT('',(0.0252,-4.5801790288111E-18,0.0258));
#5498=CARTESIAN_POINT('',(0.0252,0.010438181771802,0.0263));
#5499=CARTESIAN_POINT('',(0.017819090885901,0.017819090885901,0.0268));
#5500=CARTESIAN_POINT('',(0.010438181771802,0.0252,0.0273));
#5501=CARTESIAN_POINT('',(7.71527483462832E-18,0.0252,0.0278));
#5502=CARTESIAN_POINT('',(-0.010438181771802,0.0252,0.0283));
#5503=CARTESIAN_POINT('',(-0.017819090885901,0.017819090885901,0.0288));
#5504=CARTESIAN_POINT('',(-0.0252,0.010438181771802,0.0293));
#5505=CARTESIAN_POINT('',(-0.0252,7.66628896266243E-18,0.0298));
#5506=CARTESIAN_POINT('',(-0.0252,-0.010438181771802,0.0303));
#5507=CARTESIAN_POINT('',(-0.017819090885901,-0.0178190908859009,0.0308));
#5508=CARTESIAN_POINT('',(-0.010438181771802,-0.0252,0.0313));
#5509=CARTESIAN_POINT('',(-7.61730309069654E-18,-0.0252,0.0318));
#5510=CARTESIAN_POINT('',(0.010438181771802,-0.0252,0.0323));
#5511=CARTESIAN_POINT('',(0.017819090885901,-0.017819090885901,0.0328));
#5512=CARTESIAN_POINT('',(0.0252,-0.010438181771802,0.0333));
#5513=CARTESIAN_POINT('',(0.0252,-1.07523988965138E-17,0.0338));
#5514=CARTESIAN_POINT('',(0.0252,0.010438181771802,0.0343));
#5515=CARTESIAN_POINT('',(0.017819090885901,0.0178190908859009,0.0348));
#5516=CARTESIAN_POINT('',(0.010438181771802,0.0252,0.0353));
#5517=CARTESIAN_POINT('',(1.3887494702331E-17,0.0252,0.0358));
#5518=CARTESIAN_POINT('',(-0.010438181771802,0.0252,0.0363));
#5519=CARTESIAN_POINT('',(-0.017819090885901,0.017819090885901,0.0368));
#5520=CARTESIAN_POINT('',(-0.0252,0.010438181771802,0.0373));
#5521=CARTESIAN_POINT('',(-0.0252,1.38385088303651E-17,0.0378));
#5522=CARTESIAN_POINT('',(-0.0252,-0.010438181771802,0.0383));
#5523=CARTESIAN_POINT('',(-0.017819090885901,-0.0178190908859009,0.0388));
#5524=CARTESIAN_POINT('',(-0.010438181771802,-0.0252,0.0393));
#5525=CARTESIAN_POINT('',(-1.37895229583992E-17,-0.0252,0.0398));
#5526=CARTESIAN_POINT('',(0.0104381817718019,-0.0252,0.0403));
#5527=CARTESIAN_POINT('',(0.017819090885901,-0.017819090885901,0.0408));
#5528=CARTESIAN_POINT('',(0.0252,-0.010438181771802,0.0413));
#5529=CARTESIAN_POINT('',(0.0252,-6.16888111171027E-17,0.0418));
#5530=CARTESIAN_POINT('',(0.0252,0.010438181771802,0.0423));
#5531=CARTESIAN_POINT('',(0.017819090885901,0.0178190908859009,0.0428));
#5532=CARTESIAN_POINT('',(0.010438181771802,0.0252,0.0433));
#5533=CARTESIAN_POINT('',(2.00597145700336E-17,0.0252,0.0438));
#5534=CARTESIAN_POINT('',(-0.000799899212609286,0.0251873015873012,0.0198385679750062));
#5535=CARTESIAN_POINT('',(0.0204454656835531,-0.014731698238243,0.041));
#5536=CARTESIAN_POINT('',(-0.000799899212598024,0.0251873015873016,0.019));
#5537=CARTESIAN_POINT('',(1.59204083889156E-18,-9.74843858730208E-35,0.041));
#5538=CARTESIAN_POINT('',(1.59204083889156E-18,0.026,0.019));
#5539=CARTESIAN_POINT('',(-0.0107695526217005,0.026,0.0195));
#5540=CARTESIAN_POINT('',(-0.0183847763108503,0.0183847763108503,0.02));
#5541=CARTESIAN_POINT('',(-0.026,0.0107695526217005,0.0205));
#5542=CARTESIAN_POINT('',(-0.026,1.59204083889156E-18,0.021));
#5543=CARTESIAN_POINT('',(-0.026,-0.0107695526217005,0.0215));
#5544=CARTESIAN_POINT('',(-0.0183847763108503,-0.0183847763108503,0.022));
#5545=CARTESIAN_POINT('',(-0.0107695526217005,-0.026,0.0225));
#5546=CARTESIAN_POINT('',(-1.59204083889156E-18,-0.026,0.023));
#5547=CARTESIAN_POINT('',(0.0107695526217005,-0.026,0.0235));
#5548=CARTESIAN_POINT('',(0.0183847763108503,-0.0183847763108503,0.024));
#5549=CARTESIAN_POINT('',(0.026,-0.0107695526217005,0.0245));
#5550=CARTESIAN_POINT('',(0.026,-4.77612251667468E-18,0.025));
#5551=CARTESIAN_POINT('',(0.026,0.0107695526217005,0.0255));
#5552=CARTESIAN_POINT('',(0.0183847763108503,0.0183847763108503,0.026));
#5553=CARTESIAN_POINT('',(0.0107695526217005,0.026,0.0265));
#5554=CARTESIAN_POINT('',(1.59204083889156E-18,0.026,0.027));
#5555=CARTESIAN_POINT('',(-0.0107695526217005,0.026,0.0275));
#5556=CARTESIAN_POINT('',(-0.0183847763108503,0.0183847763108503,0.028));
#5557=CARTESIAN_POINT('',(-0.026,0.0107695526217005,0.0285));
#5558=CARTESIAN_POINT('',(-0.026,1.59204083889156E-18,0.029));
#5559=CARTESIAN_POINT('',(-0.026,-0.0107695526217005,0.0295));
#5560=CARTESIAN_POINT('',(-0.0183847763108503,-0.0183847763108503,0.03));
#5561=CARTESIAN_POINT('',(-0.0107695526217005,-0.026,0.0305));
#5562=CARTESIAN_POINT('',(-1.59204083889156E-18,-0.026,0.031));
#5563=CARTESIAN_POINT('',(0.0107695526217005,-0.026,0.0315));
#5564=CARTESIAN_POINT('',(0.0183847763108503,-0.0183847763108503,0.032));
#5565=CARTESIAN_POINT('',(0.026,-0.0107695526217005,0.0325));
#5566=CARTESIAN_POINT('',(0.026,-4.77612251667468E-18,0.033));
#5567=CARTESIAN_POINT('',(0.026,0.0107695526217005,0.0335));
#5568=CARTESIAN_POINT('',(0.0183847763108503,0.0183847763108503,0.034));
#5569=CARTESIAN_POINT('',(0.0107695526217005,0.026,0.0345));
#5570=CARTESIAN_POINT('',(1.59204083889156E-18,0.026,0.035));
#5571=CARTESIAN_POINT('',(-0.0107695526217005,0.026,0.0355));
#5572=CARTESIAN_POINT('',(-0.0183847763108503,0.0183847763108503,0.036));
#5573=CARTESIAN_POINT('',(-0.026,0.0107695526217005,0.0365));
#5574=CARTESIAN_POINT('',(-0.026,1.59204083889156E-18,0.037));
#5575=CARTESIAN_POINT('',(-0.026,-0.0107695526217005,0.0375));
#5576=CARTESIAN_POINT('',(-0.0183847763108503,-0.0183847763108503,0.038));
#5577=CARTESIAN_POINT('',(-0.0107695526217005,-0.026,0.0385));
#5578=CARTESIAN_POINT('',(-1.59204083889156E-18,-0.026,0.039));
#5579=CARTESIAN_POINT('',(0.0107695526217005,-0.026,0.0395));
#5580=CARTESIAN_POINT('',(0.0183847763108503,-0.0183847763108503,0.04));
#5581=CARTESIAN_POINT('',(0.026,-0.0107695526217005,0.0405));
#5582=CARTESIAN_POINT('',(0.026,-4.77612251667468E-18,0.041));
#5583=CARTESIAN_POINT('',(0.026,0.00132670009199806,0.0410615949491404));
#5584=CARTESIAN_POINT('',(0.0258649567619884,0.00264650934260022,0.0411254669612666));
#5585=CARTESIAN_POINT('',(1.54305496692566E-18,0.0252,0.0198));
#5586=CARTESIAN_POINT('',(-0.010438181771802,0.0252,0.0203));
#5587=CARTESIAN_POINT('',(-0.017819090885901,0.017819090885901,0.0208));
#5588=CARTESIAN_POINT('',(-0.0252,0.010438181771802,0.0213));
#5589=CARTESIAN_POINT('',(-0.0252,1.49406909495977E-18,0.0218));
#5590=CARTESIAN_POINT('',(-0.0252,-0.010438181771802,0.0223));
#5591=CARTESIAN_POINT('',(-0.017819090885901,-0.017819090885901,0.0228));
#5592=CARTESIAN_POINT('',(-0.010438181771802,-0.0252,0.0233));
#5593=CARTESIAN_POINT('',(-1.44508322299388E-18,-0.0252,0.0238));
#5594=CARTESIAN_POINT('',(0.010438181771802,-0.0252,0.0243));
#5595=CARTESIAN_POINT('',(0.017819090885901,-0.017819090885901,0.0248));
#5596=CARTESIAN_POINT('',(0.0252,-0.010438181771802,0.0253));
#5597=CARTESIAN_POINT('',(0.0252,-4.5801790288111E-18,0.0258));
#5598=CARTESIAN_POINT('',(0.0252,0.010438181771802,0.0263));
#5599=CARTESIAN_POINT('',(0.017819090885901,0.017819090885901,0.0268));
#5600=CARTESIAN_POINT('',(0.010438181771802,0.0252,0.0273));
#5601=CARTESIAN_POINT('',(1.54305496692566E-18,0.0252,0.0278));
#5602=CARTESIAN_POINT('',(-0.010438181771802,0.0252,0.0283));
#5603=CARTESIAN_POINT('',(-0.017819090885901,0.017819090885901,0.0288));
#5604=CARTESIAN_POINT('',(-0.0252,0.010438181771802,0.0293));
#5605=CARTESIAN_POINT('',(-0.0252,1.49406909495977E-18,0.0298));
#5606=CARTESIAN_POINT('',(-0.0252,-0.010438181771802,0.0303));
#5607=CARTESIAN_POINT('',(-0.017819090885901,-0.017819090885901,0.0308));
#5608=CARTESIAN_POINT('',(-0.010438181771802,-0.0252,0.0313));
#5609=CARTESIAN_POINT('',(-1.44508322299388E-18,-0.0252,0.0318));
#5610=CARTESIAN_POINT('',(0.010438181771802,-0.0252,0.0323));
#5611=CARTESIAN_POINT('',(0.017819090885901,-0.017819090885901,0.0328));
#5612=CARTESIAN_POINT('',(0.0252,-0.010438181771802,0.0333));
#5613=CARTESIAN_POINT('',(0.0252,-4.5801790288111E-18,0.0338));
#5614=CARTESIAN_POINT('',(0.0252,0.010438181771802,0.0343));
#5615=CARTESIAN_POINT('',(0.017819090885901,0.017819090885901,0.0348));
#5616=CARTESIAN_POINT('',(0.010438181771802,0.0252,0.0353));
#5617=CARTESIAN_POINT('',(1.54305496692566E-18,0.0252,0.0358));
#5618=CARTESIAN_POINT('',(-0.010438181771802,0.0252,0.0363));
#5619=CARTESIAN_POINT('',(-0.017819090885901,0.017819090885901,0.0368));
#5620=CARTESIAN_POINT('',(-0.0252,0.010438181771802,0.0373));
#5621=CARTESIAN_POINT('',(-0.0252,1.49406909495977E-18,0.0378));
#5622=CARTESIAN_POINT('',(-0.0252,-0.010438181771802,0.0383));
#5623=CARTESIAN_POINT('',(-0.017819090885901,-0.017819090885901,0.0388));
#5624=CARTESIAN_POINT('',(-0.010438181771802,-0.0252,0.0393));
#5625=CARTESIAN_POINT('',(-1.44508322299388E-18,-0.0252,0.0398));
#5626=CARTESIAN_POINT('',(0.010438181771802,-0.0252,0.0403));
#5627=CARTESIAN_POINT('',(0.017819090885901,-0.017819090885901,0.0408));
#5628=CARTESIAN_POINT('',(0.0252,-0.010438181771802,0.0413));
#5629=CARTESIAN_POINT('',(0.0252,-4.5801790288111E-18,0.0418));
#5630=CARTESIAN_POINT('',(0.0252,0.00128587855070581,0.0418615949491405));
#5631=CARTESIAN_POINT('',(0.0250691119385426,0.00256507828590483,0.0419254669612666));
#5632=CARTESIAN_POINT('',(1.59204083889156E-18,0.026,0.019));
#5633=CARTESIAN_POINT('',(-0.00026537842185335,0.0257303752537721,0.0192819455190202));
#5634=CARTESIAN_POINT('',(-0.000531964639680493,0.0254595233856077,0.0195615789178619));
#5635=CARTESIAN_POINT('',(-0.000799899212598027,0.0251873015873016,0.0198385679750056));
#5636=CARTESIAN_POINT('',(0.0204454656835531,-0.014731698238243,0.041));
#5637=CARTESIAN_POINT('',(0.023786670603497,-0.0105556620638971,0.041));
#5638=CARTESIAN_POINT('',(0.0257519671326494,-0.00534240603368651,0.041));
#5639=CARTESIAN_POINT('',(0.026,-4.77612251667468E-18,0.041));
#5640=CARTESIAN_POINT('',(-0.02425,0.,0.041));
#5641=CARTESIAN_POINT('',(0.,-1.4818226269683E-18,0.041));
#5642=CARTESIAN_POINT('',(-0.0242,-1.4818226269683E-18,0.041));
#5643=CARTESIAN_POINT('',(-0.014731698238243,-0.0204454656835531,0.041));
#5644=CARTESIAN_POINT('',(-0.0105556620638971,-0.023786670603497,0.041));
#5645=CARTESIAN_POINT('',(-0.00534240603368651,-0.0257519671326494,0.041));
#5646=CARTESIAN_POINT('',(-3.18408167778312E-18,-0.026,0.041));
#5647=CARTESIAN_POINT('',(-0.014731698238243,-0.0204454656835531,0.041));
#5648=CARTESIAN_POINT('',(0.,-1.59204083889156E-18,0.041));
#5649=CARTESIAN_POINT('',(-0.0203288780313908,-0.0148921696869474,0.041));
#5650=CARTESIAN_POINT('',(-0.0259991108543024,-0.000215022756226959,0.041));
#5651=CARTESIAN_POINT('',(-0.0257062574251778,-0.00555164593384305,0.041));
#5652=CARTESIAN_POINT('',(-0.0237002385682364,-0.0107449676664479,0.0409999999999999));
#5653=CARTESIAN_POINT('',(-0.0203288780313908,-0.0148921696869474,0.0409999999999999));
#5654=CARTESIAN_POINT('',(-0.0259991108543024,-0.00021502275622696,0.041));
#5655=CARTESIAN_POINT('',(0.,-1.59204083889156E-18,0.041));
#5656=CARTESIAN_POINT('',(0.,0.,0.0407174142566379));
#5657=CARTESIAN_POINT('',(0.,0.,0.04949));
#5658=CARTESIAN_POINT('',(0.0167,0.,0.04949));
#5659=CARTESIAN_POINT('',(0.,0.,0.0334));
#5660=CARTESIAN_POINT('',(-0.0167,0.,0.0334));
#5661=CARTESIAN_POINT('',(0.,0.,0.0407174142566379));
#5662=CARTESIAN_POINT('',(0.,0.,0.0397888899494342));
#5663=CARTESIAN_POINT('',(0.0325,0.,0.0397888899494342));
#5664=CARTESIAN_POINT('',(0.,0.,0.0005));
#5665=CARTESIAN_POINT('',(-0.0325,0.,0.0005));
#5666=CARTESIAN_POINT('',(-0.00385059939381943,-0.0322710843373494,0.02));
#5667=CARTESIAN_POINT('',(-0.00385059939381943,-0.0322710843373494,0.0260757749752935));
#5668=CARTESIAN_POINT('',(-0.00385059939381943,-0.0322710843373494,0.0139242250247065));
#5669=CARTESIAN_POINT('',(-0.00385059939381943,-0.0322710843373494,0.0260757749752935));
#5670=CARTESIAN_POINT('',(-0.00385059939381943,-0.0322710843373494,0.0269417257981226));
#5671=CARTESIAN_POINT('',(-0.00373930176801952,-0.0322846024834109,0.0286558110663228));
#5672=CARTESIAN_POINT('',(-0.00330376206392027,-0.0323333936669641,0.0307691132140309));
#5673=CARTESIAN_POINT('',(-0.00271295232978636,-0.0323880498907769,0.0324012402955146));
#5674=CARTESIAN_POINT('',(-0.00210425027583541,-0.0324339607032512,0.033552872031253));
#5675=CARTESIAN_POINT('',(-0.00129204769977074,-0.0324800483864601,0.0345639698821778));
#5676=CARTESIAN_POINT('',(-1.38772884944711E-5,-0.0325096688805673,0.0351575757106598));
#5677=CARTESIAN_POINT('',(0.00126424791878218,-0.0324812582954273,0.0345891835695428));
#5678=CARTESIAN_POINT('',(0.00209662444688547,-0.0324345467416052,0.0335667878706852));
#5679=CARTESIAN_POINT('',(0.00270429843636595,-0.0323887582760095,0.0324205564087533));
#5680=CARTESIAN_POINT('',(0.00330098089657878,-0.0323337300163015,0.0307811992343936));
#5681=CARTESIAN_POINT('',(0.00373613887189276,-0.0322849557373037,0.02868129419223));
#5682=CARTESIAN_POINT('',(0.00385059939381944,-0.0322710843373494,0.0269436660286118));
#5683=CARTESIAN_POINT('',(0.00385059939381944,-0.0322710843373494,0.0260757749752935));
#5684=CARTESIAN_POINT('',(0.00385059939381943,-0.0322710843373494,0.0260757749752935));
#5685=CARTESIAN_POINT('',(0.00385059939381943,-0.0322710843373494,0.02));
#5686=CARTESIAN_POINT('',(0.00385059939381943,-0.0322710843373494,0.0139242250247065));
#5687=CARTESIAN_POINT('',(0.00385059939381943,-0.0322710843373494,0.0139242250247065));
#5688=CARTESIAN_POINT('',(0.00385059939381943,-0.0322710843373494,0.013056350039402));
#5689=CARTESIAN_POINT('',(0.00373844455256264,-0.0322846720462918,0.0113382418956963));
#5690=CARTESIAN_POINT('',(0.0033022839774149,-0.0323336394247776,0.00922131612391126));
#5691=CARTESIAN_POINT('',(0.00270552443697036,-0.032388587664227,0.00758401448022246));
#5692=CARTESIAN_POINT('',(0.00209962082179684,-0.0324345803202398,0.00643261113718499));
#5693=CARTESIAN_POINT('',(0.00139721037891567,-0.0324732076788766,0.00558638343273961));
#5694=CARTESIAN_POINT('',(0.000645631467180145,-0.0324955431844368,0.00512570979052449));
#5695=CARTESIAN_POINT('',(-7.35125027726645E-6,-0.0325023082313277,0.00498957469132981));
#5696=CARTESIAN_POINT('',(-0.000661470081703245,-0.0324952186415735,0.00513228128422175));
#5697=CARTESIAN_POINT('',(-0.00140803792005397,-0.0324726860537548,0.00559748515256966));
#5698=CARTESIAN_POINT('',(-0.0021068288423576,-0.03243410680125,0.00644345771109208));
#5699=CARTESIAN_POINT('',(-0.0027114946361025,-0.0323880632345793,0.00759880284515758));
#5700=CARTESIAN_POINT('',(-0.0032996904773216,-0.0323338604806935,0.00921538818463218));
#5701=CARTESIAN_POINT('',(-0.00373989597048281,-0.0322845337412105,0.0113433483459343));
#5702=CARTESIAN_POINT('',(-0.00385059939381943,-0.0322710843373494,0.0130581123636814));
#5703=CARTESIAN_POINT('',(-0.00385059939381943,-0.0322710843373494,0.0139242250247065));
#5704=CARTESIAN_POINT('',(0.00631017584201402,-0.0318815256981667,0.02));
#5705=CARTESIAN_POINT('',(0.00631017584201402,-0.0318815256981667,0.0260757749752936));
#5706=CARTESIAN_POINT('',(0.00631017584201402,-0.0318815256981667,0.0139242250247064));
#5707=CARTESIAN_POINT('',(0.00631017584201402,-0.0318815256981667,0.0260757749752936));
#5708=CARTESIAN_POINT('',(0.00631017584201402,-0.0318815256981667,0.0269417257981227));
#5709=CARTESIAN_POINT('',(0.0064202035111446,-0.031859989361261,0.0286558110663229));
#5710=CARTESIAN_POINT('',(0.0068495036897271,-0.0317718033640253,0.0307691132140311));
#5711=CARTESIAN_POINT('',(0.00742828683927224,-0.031641214273549,0.0324012402955147));
#5712=CARTESIAN_POINT('',(0.00802138411544465,-0.0314967787717393,0.0335528720312532));
#5713=CARTESIAN_POINT('',(0.00880807654530567,-0.031289626364297,0.0345639698821779));
#5714=CARTESIAN_POINT('',(0.0100328420799466,-0.0309228207494419,0.0351575757106601));
#5715=CARTESIAN_POINT('',(0.0112396320333398,-0.0305008382673253,0.0345891835695429));
#5716=CARTESIAN_POINT('',(0.0120168344904388,-0.0301991944467737,0.0335667878706852));
#5717=CARTESIAN_POINT('',(0.0125806173839019,-0.0299678654384087,0.0324205564087533));
#5718=CARTESIAN_POINT('',(0.0131310914584256,-0.0297311454329818,0.0307811992343936));
#5719=CARTESIAN_POINT('',(0.0135298792053672,-0.0295502871275036,0.0286812941922301));
#5720=CARTESIAN_POINT('',(0.0136344511322823,-0.0295017243957265,0.0269436660286119));
#5721=CARTESIAN_POINT('',(0.0136344511322823,-0.0295017243957266,0.0260757749752936));
#5722=CARTESIAN_POINT('',(0.0136344511322823,-0.0295017243957266,0.0260757749752936));
#5723=CARTESIAN_POINT('',(0.0136344511322823,-0.0295017243957266,0.02));
#5724=CARTESIAN_POINT('',(0.0136344511322823,-0.0295017243957266,0.0139242250247064));
#5725=CARTESIAN_POINT('',(0.0136344511322823,-0.0295017243957266,0.0139242250247064));
#5726=CARTESIAN_POINT('',(0.0136344511322823,-0.0295017243957266,0.0130563500394019));
#5727=CARTESIAN_POINT('',(0.0135319843726488,-0.0295493048268074,0.0113382418956963));
#5728=CARTESIAN_POINT('',(0.0131323027676257,-0.0297306566011993,0.00922131612391114));
#5729=CARTESIAN_POINT('',(0.0125817306578254,-0.0299673243219393,0.00758401448022238));
#5730=CARTESIAN_POINT('',(0.0120196945886922,-0.0301983004511838,0.0064326111371849));
#5731=CARTESIAN_POINT('',(0.011363599070143,-0.0304520940161993,0.00558638343273949));
#5732=CARTESIAN_POINT('',(0.0106557070994229,-0.0307055870006472,0.00512570979052427));
#5733=CARTESIAN_POINT('',(0.010036774145414,-0.0309138036993034,0.00498957469132956));
#5734=CARTESIAN_POINT('',(0.00941247936463764,-0.0311091949340211,0.00513228128422154));
#5735=CARTESIAN_POINT('',(0.00869548820455451,-0.0313184673190513,0.00559748515256943));
#5736=CARTESIAN_POINT('',(0.00801897689971554,-0.0314977145400696,0.00644345771109193));
#5737=CARTESIAN_POINT('',(0.00742967731181071,-0.0316407765121383,0.00759880284515743));
#5738=CARTESIAN_POINT('',(0.00685352025206903,-0.0317709891408115,0.00921538818463203));
#5739=CARTESIAN_POINT('',(0.00641961714851171,-0.0318601076022026,0.0113433483459341));
#5740=CARTESIAN_POINT('',(0.00631017584201403,-0.0318815256981667,0.0130581123636813));
#5741=CARTESIAN_POINT('',(0.00631017584201403,-0.0318815256981667,0.0139242250247064));
#5742=CARTESIAN_POINT('',(0.0158532671008508,-0.0283711811919962,0.02));
#5743=CARTESIAN_POINT('',(0.0158532671008508,-0.0283711811919962,0.0260757749752936));
#5744=CARTESIAN_POINT('',(0.0158532671008508,-0.0283711811919962,0.0139242250247064));
#5745=CARTESIAN_POINT('',(0.0158532671008508,-0.0283711811919962,0.0260757749752936));
#5746=CARTESIAN_POINT('',(0.0158532671008508,-0.0283711811919962,0.0269417257981227));
#5747=CARTESIAN_POINT('',(0.0159512545384498,-0.0283166984988321,0.0286558110663229));
#5748=CARTESIAN_POINT('',(0.0163322922989256,-0.028100167580645,0.0307691132140311));
#5749=CARTESIAN_POINT('',(0.0168423935365852,-0.0277971161459231,0.0324012402955147));
#5750=CARTESIAN_POINT('',(0.0173618295412356,-0.0274764726830878,0.0335528720312531));
#5751=CARTESIAN_POINT('',(0.0180460048886497,-0.0270363577059505,0.0345639698821779));
#5752=CARTESIAN_POINT('',(0.0190974769626813,-0.0263090314714001,0.0351575757106601));
#5753=CARTESIAN_POINT('',(0.0201148026533528,-0.0255347836777812,0.0345891835695427));
#5754=CARTESIAN_POINT('',(0.0207607530478588,-0.025007734589332,0.0335667878706851));
#5755=CARTESIAN_POINT('',(0.0212254578475859,-0.0246135091333003,0.0324205564087533));
#5756=CARTESIAN_POINT('',(0.0216758392986278,-0.024218269185611,0.0307811992343936));
#5757=CARTESIAN_POINT('',(0.0219992206940085,-0.0239230305247064,0.02868129419223));
#5758=CARTESIAN_POINT('',(0.0220836677971104,-0.0238445301196494,0.0269436660286119));
#5759=CARTESIAN_POINT('',(0.0220836677971104,-0.0238445301196494,0.0260757749752936));
#5760=CARTESIAN_POINT('',(0.0220836677971104,-0.0238445301196494,0.0260757749752936));
#5761=CARTESIAN_POINT('',(0.0220836677971104,-0.0238445301196494,0.02));
#5762=CARTESIAN_POINT('',(0.0220836677971104,-0.0238445301196494,0.0139242250247064));
#5763=CARTESIAN_POINT('',(0.0220836677971104,-0.0238445301196494,0.0139242250247064));
#5764=CARTESIAN_POINT('',(0.0220836677971104,-0.0238445301196494,0.013056350039402));
#5765=CARTESIAN_POINT('',(0.022000919279461,-0.0239214457687624,0.0113382418956963));
#5766=CARTESIAN_POINT('',(0.0216768402648076,-0.0242174299638306,0.00922131612391123));
#5767=CARTESIAN_POINT('',(0.0212263494198203,-0.0246126504803943,0.00758401448022252));
#5768=CARTESIAN_POINT('',(0.0207631969031099,-0.0250060005300347,0.00643261113718501));
#5769=CARTESIAN_POINT('',(0.0202176395095343,-0.0254501172190015,0.00558638343273963));
#5770=CARTESIAN_POINT('',(0.0196227278780972,-0.0259099540228298,0.00512570979052442));
#5771=CARTESIAN_POINT('',(0.0190984301574346,-0.0262992406720557,0.00498957469132967));
#5772=CARTESIAN_POINT('',(0.0185650697501679,-0.0266779864758203,0.00513228128422153));
#5773=CARTESIAN_POINT('',(0.0179478393586725,-0.0270985787945663,0.00559748515256946));
#5774=CARTESIAN_POINT('',(0.0173598293113472,-0.0274781065222255,0.00644345771109193));
#5775=CARTESIAN_POINT('',(0.0168435806788383,-0.0277962701304363,0.00759880284515744));
#5776=CARTESIAN_POINT('',(0.0163358606679037,-0.0280981520223291,0.00921538818463207));
#5777=CARTESIAN_POINT('',(0.0159507334129073,-0.0283169921486685,0.0113433483459342));
#5778=CARTESIAN_POINT('',(0.0158532671008508,-0.0283711811919963,0.0130581123636813));
#5779=CARTESIAN_POINT('',(0.0158532671008508,-0.0283711811919963,0.0139242250247064));
#5780=CARTESIAN_POINT('',(0.0238445301196494,-0.0220836677971104,0.02));
#5781=CARTESIAN_POINT('',(0.0238445301196494,-0.0220836677971104,0.0260757749752935));
#5782=CARTESIAN_POINT('',(0.0238445301196494,-0.0220836677971104,0.0139242250247065));
#5783=CARTESIAN_POINT('',(0.0238445301196495,-0.0220836677971104,0.0260757749752935));
#5784=CARTESIAN_POINT('',(0.0238445301196495,-0.0220836677971104,0.0269417257981226));
#5785=CARTESIAN_POINT('',(0.023920885632606,-0.022001571893298,0.0286558110663228));
#5786=CARTESIAN_POINT('',(0.0242163623441336,-0.0216778916090911,0.030769113214031));
#5787=CARTESIAN_POINT('',(0.0246078494066812,-0.0212320426160378,0.0324012402955146));
#5788=CARTESIAN_POINT('',(0.025002778124551,-0.0207665780083737,0.033552872031253));
#5789=CARTESIAN_POINT('',(0.0255174645395832,-0.0201365819819648,0.0345639698821778));
#5790=CARTESIAN_POINT('',(0.0262927177403625,-0.0191199308871368,0.03515757571066));
#5791=CARTESIAN_POINT('',(0.0270209962415846,-0.0180692065505567,0.0345891835695427));
#5792=CARTESIAN_POINT('',(0.0274724644482823,-0.0173683434311541,0.0335667878706851));
#5793=CARTESIAN_POINT('',(0.0277926026106874,-0.0168498110618225,0.0324205564087532));
#5794=CARTESIAN_POINT('',(0.0280988049638274,-0.0163347400117492,0.0307811992343935));
#5795=CARTESIAN_POINT('',(0.0283151251835369,-0.0159540210125963,0.02868129419223));
#5796=CARTESIAN_POINT('',(0.0283711811919963,-0.0158532671008508,0.0269436660286118));
#5797=CARTESIAN_POINT('',(0.0283711811919963,-0.0158532671008508,0.0260757749752935));
#5798=CARTESIAN_POINT('',(0.0283711811919963,-0.0158532671008508,0.0260757749752935));
#5799=CARTESIAN_POINT('',(0.0283711811919963,-0.0158532671008508,0.02));
#5800=CARTESIAN_POINT('',(0.0283711811919963,-0.0158532671008508,0.0139242250247065));
#5801=CARTESIAN_POINT('',(0.0283711811919963,-0.0158532671008508,0.0139242250247065));
#5802=CARTESIAN_POINT('',(0.0283711811919963,-0.0158532671008508,0.013056350039402));
#5803=CARTESIAN_POINT('',(0.0283162509177813,-0.0159519889283577,0.0113382418956963));
#5804=CARTESIAN_POINT('',(0.0280994976054431,-0.016333632548846,0.00922131612391123));
#5805=CARTESIAN_POINT('',(0.0277931852079304,-0.0168487189234088,0.00758401448022246));
#5806=CARTESIAN_POINT('',(0.0274742528389516,-0.0173659390499554,0.00643261113718495));
#5807=CARTESIAN_POINT('',(0.0270926365291548,-0.0179569056270145,0.00558638343273958));
#5808=CARTESIAN_POINT('',(0.0266689393324788,-0.0185780742199931,0.00512570979052441));
#5809=CARTESIAN_POINT('',(0.026290598759058,-0.0191103247302429,0.00498957469132969));
#5810=CARTESIAN_POINT('',(0.0259003817581046,-0.0196353508249049,0.00513228128422164));
#5811=CARTESIAN_POINT('',(0.0254433309464136,-0.0202260925707686,0.0055974851525696));
#5812=CARTESIAN_POINT('',(0.0250013806769411,-0.0207687499867604,0.00644345771109204));
#5813=CARTESIAN_POINT('',(0.0246087170128938,-0.0212308711603652,0.00759880284515756));
#5814=CARTESIAN_POINT('',(0.02421913322293,-0.0216748720125644,0.00921538818463214));
#5815=CARTESIAN_POINT('',(0.0239204807555528,-0.0220020122075373,0.0113433483459343));
#5816=CARTESIAN_POINT('',(0.0238445301196494,-0.0220836677971104,0.0130581123636814));
#5817=CARTESIAN_POINT('',(0.0238445301196494,-0.0220836677971104,0.0139242250247065));
#5818=CARTESIAN_POINT('',(0.0295017243957266,-0.0136344511322823,0.02));
#5819=CARTESIAN_POINT('',(0.0295017243957266,-0.0136344511322823,0.0260757749752937));
#5820=CARTESIAN_POINT('',(0.0295017243957266,-0.0136344511322823,0.0139242250247064));
#5821=CARTESIAN_POINT('',(0.0295017243957266,-0.0136344511322823,0.0260757749752937));
#5822=CARTESIAN_POINT('',(0.0295017243957266,-0.0136344511322823,0.0269417257981228));
#5823=CARTESIAN_POINT('',(0.0295489737744323,-0.0135327781368826,0.028655811066323));
#5824=CARTESIAN_POINT('',(0.0297299661177801,-0.0131336325680873,0.0307691132140312));
#5825=CARTESIAN_POINT('',(0.0299645175238828,-0.0125886288225552,0.0324012402955148));
#5826=CARTESIAN_POINT('',(0.0301962805804366,-0.012023905988943,0.0335528720312533));
#5827=CARTESIAN_POINT('',(0.0304910969707526,-0.0112656973137678,0.0345639698821781));
#5828=CARTESIAN_POINT('',(0.0309142441134807,-0.0100592382512486,0.0351575757106602));
#5829=CARTESIAN_POINT('',(0.0312821864513391,-0.00883488959059857,0.0345891835695428));
#5830=CARTESIAN_POINT('',(0.031494979616593,-0.00802881780557023,0.0335667878706851));
#5831=CARTESIAN_POINT('',(0.0316392137878061,-0.00743673608407635,0.0324205564087533));
#5832=CARTESIAN_POINT('',(0.0317712638232817,-0.00685225267471134,0.0307811992343935));
#5833=CARTESIAN_POINT('',(0.0318593479370231,-0.0064233207655725,0.0286812941922301));
#5834=CARTESIAN_POINT('',(0.0318815256981667,-0.00631017584201406,0.0269436660286118));
#5835=CARTESIAN_POINT('',(0.0318815256981667,-0.00631017584201406,0.0260757749752936));
#5836=CARTESIAN_POINT('',(0.0318815256981667,-0.00631017584201401,0.0260757749752937));
#5837=CARTESIAN_POINT('',(0.0318815256981667,-0.00631017584201401,0.02));
#5838=CARTESIAN_POINT('',(0.0318815256981667,-0.00631017584201401,0.0139242250247064));
#5839=CARTESIAN_POINT('',(0.0318815256981667,-0.00631017584201401,0.0139242250247064));
#5840=CARTESIAN_POINT('',(0.0318815256981667,-0.00631017584201401,0.0130563500394019));
#5841=CARTESIAN_POINT('',(0.0318597906253481,-0.00642104026760303,0.0113382418956963));
#5842=CARTESIAN_POINT('',(0.031771580339746,-0.00685098537687047,0.0092213161239112));
#5843=CARTESIAN_POINT('',(0.0316394303813804,-0.00743551736627238,0.00758401448022246));
#5844=CARTESIAN_POINT('',(0.0314959374825413,-0.00802597846005432,0.00643261113718498));
#5845=CARTESIAN_POINT('',(0.0313156175198034,-0.00870594699913672,0.00558638343273955));
#5846=CARTESIAN_POINT('',(0.0311046091915711,-0.00942764307144891,0.0051257097905243));
#5847=CARTESIAN_POINT('',(0.0309092603767723,-0.010050757054372,0.00498957469132953));
#5848=CARTESIAN_POINT('',(0.0307003839409873,-0.0106706702277139,0.00513228128422146));
#5849=CARTESIAN_POINT('',(0.0304482520270092,-0.0113737354826706,0.00559748515256947));
#5850=CARTESIAN_POINT('',(0.030195622707014,-0.0120264034982011,0.0064434577110919));
#5851=CARTESIAN_POINT('',(0.0299649806667139,-0.0125872465969402,0.00759880284515744));
#5852=CARTESIAN_POINT('',(0.0297316682734723,-0.0131299045124966,0.00921538818463202));
#5853=CARTESIAN_POINT('',(0.0295487247780553,-0.0135333220144992,0.0113433483459341));
#5854=CARTESIAN_POINT('',(0.0295017243957266,-0.0136344511322822,0.0130581123636813));
#5855=CARTESIAN_POINT('',(0.0295017243957266,-0.0136344511322822,0.0139242250247064));
#5856=CARTESIAN_POINT('',(0.0322710843373494,-0.00385059939381943,0.02));
#5857=CARTESIAN_POINT('',(0.0322710843373494,-0.00385059939381943,0.0260757749752935));
#5858=CARTESIAN_POINT('',(0.0322710843373494,-0.00385059939381943,0.0139242250247065));
#5859=CARTESIAN_POINT('',(0.0322710843373494,-0.00385059939381943,0.0260757749752935));
#5860=CARTESIAN_POINT('',(0.0322710843373494,-0.00385059939381943,0.0269417257981226));
#5861=CARTESIAN_POINT('',(0.0322846024834109,-0.00373930176801949,0.0286558110663228));
#5862=CARTESIAN_POINT('',(0.0323333936669641,-0.00330376206392028,0.030769113214031));
#5863=CARTESIAN_POINT('',(0.0323880498907769,-0.00271295232978636,0.0324012402955146));
#5864=CARTESIAN_POINT('',(0.0324339607032512,-0.00210425027583537,0.033552872031253));
#5865=CARTESIAN_POINT('',(0.0324800483864601,-0.00129204769977068,0.0345639698821778));
#5866=CARTESIAN_POINT('',(0.0325096688805673,-1.38772884944133E-5,0.0351575757106599));
#5867=CARTESIAN_POINT('',(0.0324812582954273,0.0012642479187822,0.0345891835695427));
#5868=CARTESIAN_POINT('',(0.0324345467416052,0.00209662444688545,0.0335667878706851));
#5869=CARTESIAN_POINT('',(0.0323887582760095,0.00270429843636601,0.0324205564087533));
#5870=CARTESIAN_POINT('',(0.0323337300163015,0.00330098089657877,0.0307811992343935));
#5871=CARTESIAN_POINT('',(0.0322849557373037,0.00373613887189279,0.02868129419223));
#5872=CARTESIAN_POINT('',(0.0322710843373494,0.00385059939381942,0.0269436660286118));
#5873=CARTESIAN_POINT('',(0.0322710843373494,0.00385059939381942,0.0260757749752935));
#5874=CARTESIAN_POINT('',(0.0322710843373494,0.00385059939381943,0.0260757749752935));
#5875=CARTESIAN_POINT('',(0.0322710843373494,0.00385059939381943,0.02));
#5876=CARTESIAN_POINT('',(0.0322710843373494,0.00385059939381943,0.0139242250247065));
#5877=CARTESIAN_POINT('',(0.0322710843373494,0.00385059939381943,0.0139242250247065));
#5878=CARTESIAN_POINT('',(0.0322710843373494,0.00385059939381943,0.013056350039402));
#5879=CARTESIAN_POINT('',(0.0322846720462918,0.00373844455256266,0.0113382418956964));
#5880=CARTESIAN_POINT('',(0.0323336394247776,0.0033022839774149,0.0092213161239113));
#5881=CARTESIAN_POINT('',(0.032388587664227,0.00270552443697035,0.00758401448022254));
#5882=CARTESIAN_POINT('',(0.0324345803202398,0.00209962082179687,0.00643261113718504));
#5883=CARTESIAN_POINT('',(0.0324732076788765,0.00139721037891573,0.00558638343273971));
#5884=CARTESIAN_POINT('',(0.0324955431844368,0.000645631467180223,0.00512570979052449));
#5885=CARTESIAN_POINT('',(0.0325023082313277,-7.3512502772008E-6,0.00498957469132983));
#5886=CARTESIAN_POINT('',(0.0324952186415735,-0.000661470081703189,0.00513228128422171));
#5887=CARTESIAN_POINT('',(0.0324726860537548,-0.00140803792005395,0.0055974851525696));
#5888=CARTESIAN_POINT('',(0.03243410680125,-0.00210682884235754,0.00644345771109207));
#5889=CARTESIAN_POINT('',(0.0323880632345793,-0.00271149463610251,0.00759880284515753));
#5890=CARTESIAN_POINT('',(0.0323338604806935,-0.00329969047732159,0.00921538818463217));
#5891=CARTESIAN_POINT('',(0.0322845337412105,-0.00373989597048282,0.0113433483459342));
#5892=CARTESIAN_POINT('',(0.0322710843373494,-0.00385059939381942,0.0130581123636814));
#5893=CARTESIAN_POINT('',(0.0322710843373494,-0.00385059939381942,0.0139242250247065));
#5894=CARTESIAN_POINT('',(0.0318815256981667,0.00631017584201402,0.02));
#5895=CARTESIAN_POINT('',(0.0318815256981667,0.00631017584201402,0.0260757749752936));
#5896=CARTESIAN_POINT('',(0.0318815256981667,0.00631017584201402,0.0139242250247064));
#5897=CARTESIAN_POINT('',(0.0318815256981667,0.00631017584201402,0.0260757749752936));
#5898=CARTESIAN_POINT('',(0.0318815256981667,0.00631017584201402,0.0269417257981227));
#5899=CARTESIAN_POINT('',(0.031859989361261,0.0064202035111446,0.0286558110663229));
#5900=CARTESIAN_POINT('',(0.0317718033640253,0.00684950368972713,0.0307691132140311));
#5901=CARTESIAN_POINT('',(0.031641214273549,0.00742828683927227,0.0324012402955148));
#5902=CARTESIAN_POINT('',(0.0314967787717393,0.00802138411544471,0.0335528720312532));
#5903=CARTESIAN_POINT('',(0.031289626364297,0.00880807654530574,0.034563969882178));
#5904=CARTESIAN_POINT('',(0.0309228207494418,0.0100328420799467,0.03515757571066));
#5905=CARTESIAN_POINT('',(0.0305008382673252,0.0112396320333398,0.0345891835695427));
#5906=CARTESIAN_POINT('',(0.0301991944467737,0.0120168344904389,0.0335667878706851));
#5907=CARTESIAN_POINT('',(0.0299678654384087,0.0125806173839019,0.0324205564087532));
#5908=CARTESIAN_POINT('',(0.0297311454329818,0.0131310914584257,0.0307811992343935));
#5909=CARTESIAN_POINT('',(0.0295502871275036,0.0135298792053671,0.02868129419223));
#5910=CARTESIAN_POINT('',(0.0295017243957266,0.0136344511322822,0.0269436660286118));
#5911=CARTESIAN_POINT('',(0.0295017243957266,0.0136344511322822,0.0260757749752936));
#5912=CARTESIAN_POINT('',(0.0295017243957266,0.0136344511322823,0.0260757749752936));
#5913=CARTESIAN_POINT('',(0.0295017243957266,0.0136344511322823,0.02));
#5914=CARTESIAN_POINT('',(0.0295017243957266,0.0136344511322823,0.0139242250247064));
#5915=CARTESIAN_POINT('',(0.0295017243957266,0.0136344511322823,0.0139242250247064));
#5916=CARTESIAN_POINT('',(0.0295017243957266,0.0136344511322823,0.013056350039402));
#5917=CARTESIAN_POINT('',(0.0295493048268074,0.0135319843726488,0.0113382418956963));
#5918=CARTESIAN_POINT('',(0.0297306566011993,0.0131323027676257,0.00922131612391123));
#5919=CARTESIAN_POINT('',(0.0299673243219393,0.0125817306578254,0.00758401448022251));
#5920=CARTESIAN_POINT('',(0.0301983004511838,0.0120196945886923,0.00643261113718498));
#5921=CARTESIAN_POINT('',(0.0304520940161994,0.011363599070143,0.00558638343273968));
#5922=CARTESIAN_POINT('',(0.0307055870006472,0.010655707099423,0.00512570979052432));
#5923=CARTESIAN_POINT('',(0.0309138036993034,0.010036774145414,0.00498957469132969));
#5924=CARTESIAN_POINT('',(0.0311091949340211,0.00941247936463768,0.00513228128422151));
#5925=CARTESIAN_POINT('',(0.0313184673190513,0.00869548820455455,0.00559748515256951));
#5926=CARTESIAN_POINT('',(0.0314977145400696,0.00801897689971554,0.00644345771109194));
#5927=CARTESIAN_POINT('',(0.0316407765121383,0.00742967731181072,0.00759880284515746));
#5928=CARTESIAN_POINT('',(0.0317709891408115,0.00685352025206901,0.00921538818463207));
#5929=CARTESIAN_POINT('',(0.0318601076022026,0.00641961714851172,0.0113433483459342));
#5930=CARTESIAN_POINT('',(0.0318815256981667,0.00631017584201404,0.0130581123636813));
#5931=CARTESIAN_POINT('',(0.0318815256981667,0.00631017584201404,0.0139242250247064));
#5932=CARTESIAN_POINT('',(0.0283711811919962,0.0158532671008508,0.02));
#5933=CARTESIAN_POINT('',(0.0283711811919962,0.0158532671008508,0.0260757749752936));
#5934=CARTESIAN_POINT('',(0.0283711811919962,0.0158532671008508,0.0139242250247064));
#5935=CARTESIAN_POINT('',(0.0283711811919962,0.0158532671008508,0.0260757749752936));
#5936=CARTESIAN_POINT('',(0.0283711811919962,0.0158532671008508,0.0269417257981227));
#5937=CARTESIAN_POINT('',(0.0283166984988321,0.0159512545384498,0.028655811066323));
#5938=CARTESIAN_POINT('',(0.028100167580645,0.0163322922989257,0.0307691132140311));
#5939=CARTESIAN_POINT('',(0.0277971161459231,0.0168423935365852,0.0324012402955148));
#5940=CARTESIAN_POINT('',(0.0274764726830878,0.0173618295412357,0.0335528720312532));
#5941=CARTESIAN_POINT('',(0.0270363577059504,0.0180460048886498,0.034563969882178));
#5942=CARTESIAN_POINT('',(0.0263090314714,0.0190974769626814,0.0351575757106601));
#5943=CARTESIAN_POINT('',(0.0255347836777811,0.0201148026533529,0.0345891835695427));
#5944=CARTESIAN_POINT('',(0.0250077345893319,0.0207607530478589,0.033566787870685));
#5945=CARTESIAN_POINT('',(0.0246135091333003,0.0212254578475859,0.0324205564087532));
#5946=CARTESIAN_POINT('',(0.024218269185611,0.0216758392986278,0.0307811992343935));
#5947=CARTESIAN_POINT('',(0.0239230305247064,0.0219992206940085,0.02868129419223));
#5948=CARTESIAN_POINT('',(0.0238445301196494,0.0220836677971104,0.0269436660286119));
#5949=CARTESIAN_POINT('',(0.0238445301196494,0.0220836677971104,0.0260757749752936));
#5950=CARTESIAN_POINT('',(0.0238445301196494,0.0220836677971104,0.0260757749752936));
#5951=CARTESIAN_POINT('',(0.0238445301196494,0.0220836677971104,0.02));
#5952=CARTESIAN_POINT('',(0.0238445301196494,0.0220836677971104,0.0139242250247064));
#5953=CARTESIAN_POINT('',(0.0238445301196494,0.0220836677971104,0.0139242250247064));
#5954=CARTESIAN_POINT('',(0.0238445301196494,0.0220836677971104,0.013056350039402));
#5955=CARTESIAN_POINT('',(0.0239214457687624,0.022000919279461,0.0113382418956963));
#5956=CARTESIAN_POINT('',(0.0242174299638306,0.0216768402648076,0.00922131612391125));
#5957=CARTESIAN_POINT('',(0.0246126504803943,0.0212263494198203,0.00758401448022252));
#5958=CARTESIAN_POINT('',(0.0250060005300347,0.0207631969031098,0.00643261113718504));
#5959=CARTESIAN_POINT('',(0.0254501172190015,0.0202176395095343,0.00558638343273965));
#5960=CARTESIAN_POINT('',(0.0259099540228298,0.0196227278780972,0.00512570979052442));
#5961=CARTESIAN_POINT('',(0.0262992406720557,0.0190984301574346,0.00498957469132965));
#5962=CARTESIAN_POINT('',(0.0266779864758203,0.0185650697501679,0.00513228128422157));
#5963=CARTESIAN_POINT('',(0.0270985787945663,0.0179478393586725,0.00559748515256953));
#5964=CARTESIAN_POINT('',(0.0274781065222255,0.0173598293113472,0.00644345771109193));
#5965=CARTESIAN_POINT('',(0.0277962701304363,0.0168435806788383,0.00759880284515748));
#5966=CARTESIAN_POINT('',(0.0280981520223291,0.0163358606679037,0.00921538818463206));
#5967=CARTESIAN_POINT('',(0.0283169921486685,0.0159507334129072,0.0113433483459342));
#5968=CARTESIAN_POINT('',(0.0283711811919962,0.0158532671008508,0.0130581123636813));
#5969=CARTESIAN_POINT('',(0.0283711811919962,0.0158532671008508,0.0139242250247064));
#5970=CARTESIAN_POINT('',(0.0220836677971104,0.0238445301196494,0.02));
#5971=CARTESIAN_POINT('',(0.0220836677971104,0.0238445301196494,0.0260757749752936));
#5972=CARTESIAN_POINT('',(0.0220836677971104,0.0238445301196494,0.0139242250247064));
#5973=CARTESIAN_POINT('',(0.0220836677971104,0.0238445301196494,0.0260757749752936));
#5974=CARTESIAN_POINT('',(0.0220836677971104,0.0238445301196494,0.0269417257981227));
#5975=CARTESIAN_POINT('',(0.022001571893298,0.023920885632606,0.0286558110663229));
#5976=CARTESIAN_POINT('',(0.0216778916090911,0.0242163623441336,0.030769113214031));
#5977=CARTESIAN_POINT('',(0.0212320426160378,0.0246078494066812,0.0324012402955147));
#5978=CARTESIAN_POINT('',(0.0207665780083737,0.025002778124551,0.0335528720312531));
#5979=CARTESIAN_POINT('',(0.0201365819819648,0.0255174645395832,0.0345639698821778));
#5980=CARTESIAN_POINT('',(0.0191199308871368,0.0262927177403625,0.03515757571066));
#5981=CARTESIAN_POINT('',(0.0180692065505567,0.0270209962415846,0.0345891835695427));
#5982=CARTESIAN_POINT('',(0.0173683434311541,0.0274724644482823,0.0335667878706851));
#5983=CARTESIAN_POINT('',(0.0168498110618225,0.0277926026106874,0.0324205564087533));
#5984=CARTESIAN_POINT('',(0.0163347400117492,0.0280988049638275,0.0307811992343936));
#5985=CARTESIAN_POINT('',(0.0159540210125963,0.0283151251835369,0.02868129419223));
#5986=CARTESIAN_POINT('',(0.0158532671008508,0.0283711811919962,0.0269436660286118));
#5987=CARTESIAN_POINT('',(0.0158532671008508,0.0283711811919962,0.0260757749752936));
#5988=CARTESIAN_POINT('',(0.0158532671008508,0.0283711811919963,0.0260757749752936));
#5989=CARTESIAN_POINT('',(0.0158532671008508,0.0283711811919963,0.02));
#5990=CARTESIAN_POINT('',(0.0158532671008508,0.0283711811919963,0.0139242250247064));
#5991=CARTESIAN_POINT('',(0.0158532671008508,0.0283711811919963,0.0139242250247064));
#5992=CARTESIAN_POINT('',(0.0158532671008508,0.0283711811919963,0.013056350039402));
#5993=CARTESIAN_POINT('',(0.0159519889283577,0.0283162509177813,0.0113382418956963));
#5994=CARTESIAN_POINT('',(0.016333632548846,0.0280994976054432,0.0092213161239112));
#5995=CARTESIAN_POINT('',(0.0168487189234088,0.0277931852079305,0.00758401448022242));
#5996=CARTESIAN_POINT('',(0.0173659390499554,0.0274742528389516,0.00643261113718491));
#5997=CARTESIAN_POINT('',(0.0179569056270145,0.0270926365291548,0.00558638343273961));
#5998=CARTESIAN_POINT('',(0.0185780742199931,0.0266689393324788,0.00512570979052435));
#5999=CARTESIAN_POINT('',(0.0191103247302429,0.026290598759058,0.00498957469132967));
#6000=CARTESIAN_POINT('',(0.0196353508249049,0.0259003817581046,0.00513228128422159));
#6001=CARTESIAN_POINT('',(0.0202260925707686,0.0254433309464136,0.00559748515256959));
#6002=CARTESIAN_POINT('',(0.0207687499867604,0.0250013806769411,0.00644345771109201));
#6003=CARTESIAN_POINT('',(0.0212308711603653,0.0246087170128938,0.00759880284515754));
#6004=CARTESIAN_POINT('',(0.0216748720125645,0.02421913322293,0.00921538818463211));
#6005=CARTESIAN_POINT('',(0.0220020122075373,0.0239204807555528,0.0113433483459342));
#6006=CARTESIAN_POINT('',(0.0220836677971104,0.0238445301196494,0.0130581123636814));
#6007=CARTESIAN_POINT('',(0.0220836677971104,0.0238445301196494,0.0139242250247064));
#6008=CARTESIAN_POINT('',(0.0136344511322823,0.0295017243957266,0.02));
#6009=CARTESIAN_POINT('',(0.0136344511322823,0.0295017243957266,0.0260757749752936));
#6010=CARTESIAN_POINT('',(0.0136344511322823,0.0295017243957266,0.0139242250247064));
#6011=CARTESIAN_POINT('',(0.0136344511322823,0.0295017243957266,0.0260757749752936));
#6012=CARTESIAN_POINT('',(0.0136344511322823,0.0295017243957266,0.0269417257981227));
#6013=CARTESIAN_POINT('',(0.0135327781368826,0.0295489737744323,0.0286558110663229));
#6014=CARTESIAN_POINT('',(0.0131336325680873,0.0297299661177801,0.030769113214031));
#6015=CARTESIAN_POINT('',(0.0125886288225553,0.0299645175238828,0.0324012402955147));
#6016=CARTESIAN_POINT('',(0.012023905988943,0.0301962805804366,0.0335528720312531));
#6017=CARTESIAN_POINT('',(0.0112656973137679,0.0304910969707526,0.0345639698821778));
#6018=CARTESIAN_POINT('',(0.0100592382512488,0.0309142441134807,0.03515757571066));
#6019=CARTESIAN_POINT('',(0.0088348895905988,0.031282186451339,0.0345891835695428));
#6020=CARTESIAN_POINT('',(0.00802881780557038,0.0314949796165929,0.0335667878706851));
#6021=CARTESIAN_POINT('',(0.00743673608407646,0.0316392137878061,0.0324205564087533));
#6022=CARTESIAN_POINT('',(0.00685225267471137,0.0317712638232817,0.0307811992343936));
#6023=CARTESIAN_POINT('',(0.00642332076557251,0.0318593479370231,0.02868129419223));
#6024=CARTESIAN_POINT('',(0.00631017584201404,0.0318815256981667,0.0269436660286118));
#6025=CARTESIAN_POINT('',(0.00631017584201404,0.0318815256981667,0.0260757749752936));
#6026=CARTESIAN_POINT('',(0.00631017584201402,0.0318815256981667,0.0260757749752936));
#6027=CARTESIAN_POINT('',(0.00631017584201402,0.0318815256981667,0.02));
#6028=CARTESIAN_POINT('',(0.00631017584201402,0.0318815256981667,0.0139242250247064));
#6029=CARTESIAN_POINT('',(0.00631017584201402,0.0318815256981667,0.0139242250247064));
#6030=CARTESIAN_POINT('',(0.00631017584201402,0.0318815256981667,0.013056350039402));
#6031=CARTESIAN_POINT('',(0.00642104026760311,0.0318597906253481,0.0113382418956963));
#6032=CARTESIAN_POINT('',(0.00685098537687048,0.031771580339746,0.00922131612391121));
#6033=CARTESIAN_POINT('',(0.00743551736627246,0.0316394303813804,0.00758401448022247));
#6034=CARTESIAN_POINT('',(0.00802597846005434,0.0314959374825413,0.00643261113718496));
#6035=CARTESIAN_POINT('',(0.00870594699913681,0.0313156175198034,0.00558638343273955));
#6036=CARTESIAN_POINT('',(0.009427643071449,0.0311046091915711,0.00512570979052437));
#6037=CARTESIAN_POINT('',(0.010050757054372,0.0309092603767723,0.00498957469132962));
#6038=CARTESIAN_POINT('',(0.010670670227714,0.0307003839409873,0.00513228128422149));
#6039=CARTESIAN_POINT('',(0.0113737354826706,0.0304482520270092,0.00559748515256952));
#6040=CARTESIAN_POINT('',(0.0120264034982011,0.030195622707014,0.00644345771109195));
#6041=CARTESIAN_POINT('',(0.0125872465969401,0.0299649806667139,0.00759880284515749));
#6042=CARTESIAN_POINT('',(0.0131299045124966,0.0297316682734723,0.00921538818463207));
#6043=CARTESIAN_POINT('',(0.0135333220144992,0.0295487247780553,0.0113433483459342));
#6044=CARTESIAN_POINT('',(0.0136344511322823,0.0295017243957266,0.0130581123636813));
#6045=CARTESIAN_POINT('',(0.0136344511322823,0.0295017243957266,0.0139242250247064));
#6046=CARTESIAN_POINT('',(0.00385059939381943,0.0322710843373494,0.02));
#6047=CARTESIAN_POINT('',(0.00385059939381943,0.0322710843373494,0.0260757749752935));
#6048=CARTESIAN_POINT('',(0.00385059939381943,0.0322710843373494,0.0139242250247065));
#6049=CARTESIAN_POINT('',(0.00385059939381943,0.0322710843373494,0.0260757749752935));
#6050=CARTESIAN_POINT('',(0.00385059939381943,0.0322710843373494,0.0269417257981226));
#6051=CARTESIAN_POINT('',(0.00373930176801949,0.0322846024834109,0.0286558110663228));
#6052=CARTESIAN_POINT('',(0.00330376206392029,0.0323333936669642,0.030769113214031));
#6053=CARTESIAN_POINT('',(0.00271295232978634,0.0323880498907769,0.0324012402955147));
#6054=CARTESIAN_POINT('',(0.00210425027583538,0.0324339607032512,0.0335528720312531));
#6055=CARTESIAN_POINT('',(0.00129204769977065,0.0324800483864601,0.0345639698821778));
#6056=CARTESIAN_POINT('',(1.3877288494372E-5,0.0325096688805673,0.0351575757106599));
#6057=CARTESIAN_POINT('',(-0.00126424791878226,0.0324812582954273,0.0345891835695427));
#6058=CARTESIAN_POINT('',(-0.00209662444688551,0.0324345467416052,0.0335667878706851));
#6059=CARTESIAN_POINT('',(-0.002704298436366,0.0323887582760095,0.0324205564087532));
#6060=CARTESIAN_POINT('',(-0.00330098089657879,0.0323337300163015,0.0307811992343935));
#6061=CARTESIAN_POINT('',(-0.00373613887189274,0.0322849557373037,0.0286812941922299));
#6062=CARTESIAN_POINT('',(-0.00385059939381942,0.0322710843373494,0.0269436660286118));
#6063=CARTESIAN_POINT('',(-0.00385059939381942,0.0322710843373494,0.0260757749752935));
#6064=CARTESIAN_POINT('',(-0.00385059939381943,0.0322710843373494,0.0260757749752935));
#6065=CARTESIAN_POINT('',(-0.00385059939381943,0.0322710843373494,0.02));
#6066=CARTESIAN_POINT('',(-0.00385059939381943,0.0322710843373494,0.0139242250247065));
#6067=CARTESIAN_POINT('',(-0.00385059939381943,0.0322710843373494,0.0139242250247065));
#6068=CARTESIAN_POINT('',(-0.00385059939381943,0.0322710843373494,0.013056350039402));
#6069=CARTESIAN_POINT('',(-0.00373844455256262,0.0322846720462918,0.0113382418956964));
#6070=CARTESIAN_POINT('',(-0.00330228397741492,0.0323336394247776,0.00922131612391127));
#6071=CARTESIAN_POINT('',(-0.00270552443697034,0.0323885876642269,0.00758401448022251));
#6072=CARTESIAN_POINT('',(-0.00209962082179685,0.0324345803202398,0.00643261113718503));
#6073=CARTESIAN_POINT('',(-0.00139721037891569,0.0324732076788766,0.00558638343273972));
#6074=CARTESIAN_POINT('',(-0.000645631467180222,0.0324955431844368,0.00512570979052444));
#6075=CARTESIAN_POINT('',(7.35125027723145E-6,0.0325023082313277,0.00498957469132986));
#6076=CARTESIAN_POINT('',(0.000661470081703205,0.0324952186415735,0.00513228128422168));
#6077=CARTESIAN_POINT('',(0.00140803792005396,0.0324726860537548,0.00559748515256963));
#6078=CARTESIAN_POINT('',(0.00210682884235753,0.03243410680125,0.00644345771109209));
#6079=CARTESIAN_POINT('',(0.00271149463610253,0.0323880632345793,0.00759880284515753));
#6080=CARTESIAN_POINT('',(0.00329969047732159,0.0323338604806935,0.00921538818463217));
#6081=CARTESIAN_POINT('',(0.0037398959704828,0.0322845337412105,0.0113433483459343));
#6082=CARTESIAN_POINT('',(0.00385059939381942,0.0322710843373494,0.0130581123636814));
#6083=CARTESIAN_POINT('',(0.00385059939381942,0.0322710843373494,0.0139242250247065));
#6084=CARTESIAN_POINT('',(-0.00631017584201401,0.0318815256981667,0.02));
#6085=CARTESIAN_POINT('',(-0.00631017584201401,0.0318815256981667,0.0260757749752936));
#6086=CARTESIAN_POINT('',(-0.00631017584201401,0.0318815256981667,0.0139242250247064));
#6087=CARTESIAN_POINT('',(-0.00631017584201401,0.0318815256981667,0.0260757749752936));
#6088=CARTESIAN_POINT('',(-0.00631017584201401,0.0318815256981667,0.0269417257981227));
#6089=CARTESIAN_POINT('',(-0.00642020351114458,0.031859989361261,0.0286558110663229));
#6090=CARTESIAN_POINT('',(-0.00684950368972706,0.0317718033640253,0.0307691132140311));
#6091=CARTESIAN_POINT('',(-0.00742828683927221,0.031641214273549,0.0324012402955148));
#6092=CARTESIAN_POINT('',(-0.00802138411544464,0.0314967787717393,0.0335528720312532));
#6093=CARTESIAN_POINT('',(-0.00880807654530564,0.031289626364297,0.034563969882178));
#6094=CARTESIAN_POINT('',(-0.0100328420799466,0.0309228207494419,0.0351575757106601));
#6095=CARTESIAN_POINT('',(-0.0112396320333398,0.0305008382673252,0.0345891835695429));
#6096=CARTESIAN_POINT('',(-0.0120168344904388,0.0301991944467737,0.0335667878706852));
#6097=CARTESIAN_POINT('',(-0.0125806173839019,0.0299678654384087,0.0324205564087533));
#6098=CARTESIAN_POINT('',(-0.0131310914584256,0.0297311454329818,0.0307811992343936));
#6099=CARTESIAN_POINT('',(-0.0135298792053671,0.0295502871275036,0.0286812941922301));
#6100=CARTESIAN_POINT('',(-0.0136344511322823,0.0295017243957266,0.0269436660286119));
#6101=CARTESIAN_POINT('',(-0.0136344511322823,0.0295017243957266,0.0260757749752936));
#6102=CARTESIAN_POINT('',(-0.0136344511322823,0.0295017243957266,0.0260757749752936));
#6103=CARTESIAN_POINT('',(-0.0136344511322823,0.0295017243957266,0.02));
#6104=CARTESIAN_POINT('',(-0.0136344511322823,0.0295017243957266,0.0139242250247064));
#6105=CARTESIAN_POINT('',(-0.0136344511322823,0.0295017243957266,0.0139242250247064));
#6106=CARTESIAN_POINT('',(-0.0136344511322823,0.0295017243957266,0.0130563500394019));
#6107=CARTESIAN_POINT('',(-0.0135319843726488,0.0295493048268074,0.0113382418956963));
#6108=CARTESIAN_POINT('',(-0.0131323027676257,0.0297306566011993,0.00922131612391117));
#6109=CARTESIAN_POINT('',(-0.0125817306578254,0.0299673243219393,0.00758401448022242));
#6110=CARTESIAN_POINT('',(-0.0120196945886923,0.0301983004511838,0.0064326111371849));
#6111=CARTESIAN_POINT('',(-0.011363599070143,0.0304520940161993,0.00558638343273956));
#6112=CARTESIAN_POINT('',(-0.010655707099423,0.0307055870006472,0.00512570979052429));
#6113=CARTESIAN_POINT('',(-0.010036774145414,0.0309138036993034,0.00498957469132952));
#6114=CARTESIAN_POINT('',(-0.00941247936463764,0.0311091949340211,0.00513228128422145));
#6115=CARTESIAN_POINT('',(-0.00869548820455453,0.0313184673190513,0.0055974851525694));
#6116=CARTESIAN_POINT('',(-0.00801897689971553,0.0314977145400696,0.0064434577110919));
#6117=CARTESIAN_POINT('',(-0.00742967731181074,0.0316407765121383,0.00759880284515742));
#6118=CARTESIAN_POINT('',(-0.00685352025206895,0.0317709891408115,0.009215388184632));
#6119=CARTESIAN_POINT('',(-0.00641961714851171,0.0318601076022026,0.0113433483459342));
#6120=CARTESIAN_POINT('',(-0.00631017584201402,0.0318815256981667,0.0130581123636813));
#6121=CARTESIAN_POINT('',(-0.00631017584201402,0.0318815256981667,0.0139242250247064));
#6122=CARTESIAN_POINT('',(-0.0158532671008508,0.0283711811919963,0.02));
#6123=CARTESIAN_POINT('',(-0.0158532671008508,0.0283711811919963,0.0260757749752936));
#6124=CARTESIAN_POINT('',(-0.0158532671008508,0.0283711811919963,0.0139242250247064));
#6125=CARTESIAN_POINT('',(-0.0158532671008508,0.0283711811919963,0.0260757749752936));
#6126=CARTESIAN_POINT('',(-0.0158532671008508,0.0283711811919963,0.0269417257981227));
#6127=CARTESIAN_POINT('',(-0.0159512545384498,0.0283166984988321,0.0286558110663229));
#6128=CARTESIAN_POINT('',(-0.0163322922989256,0.028100167580645,0.0307691132140311));
#6129=CARTESIAN_POINT('',(-0.0168423935365852,0.0277971161459231,0.0324012402955148));
#6130=CARTESIAN_POINT('',(-0.0173618295412357,0.0274764726830878,0.0335528720312532));
#6131=CARTESIAN_POINT('',(-0.0180460048886497,0.0270363577059504,0.0345639698821779));
#6132=CARTESIAN_POINT('',(-0.0190974769626813,0.0263090314714001,0.03515757571066));
#6133=CARTESIAN_POINT('',(-0.0201148026533528,0.0255347836777812,0.0345891835695428));
#6134=CARTESIAN_POINT('',(-0.0207607530478588,0.025007734589332,0.0335667878706851));
#6135=CARTESIAN_POINT('',(-0.0212254578475859,0.0246135091333003,0.0324205564087533));
#6136=CARTESIAN_POINT('',(-0.0216758392986278,0.024218269185611,0.0307811992343936));
#6137=CARTESIAN_POINT('',(-0.0219992206940085,0.0239230305247064,0.0286812941922301));
#6138=CARTESIAN_POINT('',(-0.0220836677971104,0.0238445301196494,0.0269436660286118));
#6139=CARTESIAN_POINT('',(-0.0220836677971104,0.0238445301196494,0.0260757749752936));
#6140=CARTESIAN_POINT('',(-0.0220836677971104,0.0238445301196494,0.0260757749752936));
#6141=CARTESIAN_POINT('',(-0.0220836677971104,0.0238445301196494,0.02));
#6142=CARTESIAN_POINT('',(-0.0220836677971104,0.0238445301196494,0.0139242250247064));
#6143=CARTESIAN_POINT('',(-0.0220836677971104,0.0238445301196494,0.0139242250247064));
#6144=CARTESIAN_POINT('',(-0.0220836677971104,0.0238445301196494,0.013056350039402));
#6145=CARTESIAN_POINT('',(-0.022000919279461,0.0239214457687624,0.0113382418956964));
#6146=CARTESIAN_POINT('',(-0.0216768402648076,0.0242174299638306,0.00922131612391128));
#6147=CARTESIAN_POINT('',(-0.0212263494198203,0.0246126504803943,0.00758401448022258));
#6148=CARTESIAN_POINT('',(-0.0207631969031099,0.0250060005300347,0.00643261113718509));
#6149=CARTESIAN_POINT('',(-0.0202176395095344,0.0254501172190014,0.00558638343273973));
#6150=CARTESIAN_POINT('',(-0.0196227278780973,0.0259099540228297,0.00512570979052437));
#6151=CARTESIAN_POINT('',(-0.0190984301574347,0.0262992406720556,0.0049895746913297));
#6152=CARTESIAN_POINT('',(-0.018565069750168,0.0266779864758203,0.00513228128422151));
#6153=CARTESIAN_POINT('',(-0.0179478393586726,0.0270985787945662,0.00559748515256944));
#6154=CARTESIAN_POINT('',(-0.0173598293113472,0.0274781065222255,0.00644345771109183));
#6155=CARTESIAN_POINT('',(-0.0168435806788384,0.0277962701304362,0.00759880284515737));
#6156=CARTESIAN_POINT('',(-0.0163358606679037,0.0280981520223291,0.00921538818463198));
#6157=CARTESIAN_POINT('',(-0.0159507334129073,0.0283169921486685,0.0113433483459341));
#6158=CARTESIAN_POINT('',(-0.0158532671008508,0.0283711811919963,0.0130581123636813));
#6159=CARTESIAN_POINT('',(-0.0158532671008508,0.0283711811919963,0.0139242250247064));
#6160=CARTESIAN_POINT('',(-0.0238445301196494,0.0220836677971104,0.02));
#6161=CARTESIAN_POINT('',(-0.0238445301196494,0.0220836677971104,0.0260757749752936));
#6162=CARTESIAN_POINT('',(-0.0238445301196494,0.0220836677971104,0.0139242250247065));
#6163=CARTESIAN_POINT('',(-0.0238445301196494,0.0220836677971104,0.0260757749752936));
#6164=CARTESIAN_POINT('',(-0.0238445301196494,0.0220836677971104,0.0269417257981227));
#6165=CARTESIAN_POINT('',(-0.023920885632606,0.022001571893298,0.0286558110663229));
#6166=CARTESIAN_POINT('',(-0.0242163623441336,0.0216778916090912,0.030769113214031));
#6167=CARTESIAN_POINT('',(-0.0246078494066812,0.0212320426160379,0.0324012402955146));
#6168=CARTESIAN_POINT('',(-0.0250027781245509,0.0207665780083738,0.0335528720312531));
#6169=CARTESIAN_POINT('',(-0.0255174645395831,0.0201365819819649,0.0345639698821778));
#6170=CARTESIAN_POINT('',(-0.0262927177403624,0.0191199308871369,0.0351575757106601));
#6171=CARTESIAN_POINT('',(-0.0270209962415846,0.0180692065505568,0.0345891835695429));
#6172=CARTESIAN_POINT('',(-0.0274724644482823,0.0173683434311541,0.0335667878706853));
#6173=CARTESIAN_POINT('',(-0.0277926026106874,0.0168498110618225,0.0324205564087534));
#6174=CARTESIAN_POINT('',(-0.0280988049638274,0.0163347400117492,0.0307811992343937));
#6175=CARTESIAN_POINT('',(-0.0283151251835369,0.0159540210125963,0.0286812941922301));
#6176=CARTESIAN_POINT('',(-0.0283711811919963,0.0158532671008508,0.0269436660286119));
#6177=CARTESIAN_POINT('',(-0.0283711811919963,0.0158532671008508,0.0260757749752936));
#6178=CARTESIAN_POINT('',(-0.0283711811919963,0.0158532671008508,0.0260757749752936));
#6179=CARTESIAN_POINT('',(-0.0283711811919963,0.0158532671008508,0.02));
#6180=CARTESIAN_POINT('',(-0.0283711811919963,0.0158532671008508,0.0139242250247065));
#6181=CARTESIAN_POINT('',(-0.0283711811919963,0.0158532671008508,0.0139242250247065));
#6182=CARTESIAN_POINT('',(-0.0283711811919963,0.0158532671008508,0.013056350039402));
#6183=CARTESIAN_POINT('',(-0.0283162509177813,0.0159519889283578,0.0113382418956963));
#6184=CARTESIAN_POINT('',(-0.0280994976054431,0.016333632548846,0.00922131612391121));
#6185=CARTESIAN_POINT('',(-0.0277931852079305,0.0168487189234088,0.00758401448022248));
#6186=CARTESIAN_POINT('',(-0.0274742528389516,0.0173659390499554,0.00643261113718496));
#6187=CARTESIAN_POINT('',(-0.0270926365291548,0.0179569056270145,0.00558638343273964));
#6188=CARTESIAN_POINT('',(-0.0266689393324788,0.0185780742199931,0.00512570979052438));
#6189=CARTESIAN_POINT('',(-0.026290598759058,0.0191103247302429,0.00498957469132974));
#6190=CARTESIAN_POINT('',(-0.0259003817581046,0.0196353508249048,0.00513228128422161));
#6191=CARTESIAN_POINT('',(-0.0254433309464136,0.0202260925707686,0.00559748515256955));
#6192=CARTESIAN_POINT('',(-0.0250013806769411,0.0207687499867604,0.00644345771109203));
#6193=CARTESIAN_POINT('',(-0.0246087170128938,0.0212308711603653,0.00759880284515751));
#6194=CARTESIAN_POINT('',(-0.02421913322293,0.0216748720125644,0.00921538818463214));
#6195=CARTESIAN_POINT('',(-0.0239204807555528,0.0220020122075373,0.0113433483459342));
#6196=CARTESIAN_POINT('',(-0.0238445301196494,0.0220836677971104,0.0130581123636814));
#6197=CARTESIAN_POINT('',(-0.0238445301196494,0.0220836677971104,0.0139242250247065));
#6198=CARTESIAN_POINT('',(-0.0295017243957266,0.0136344511322823,0.02));
#6199=CARTESIAN_POINT('',(-0.0295017243957266,0.0136344511322823,0.0260757749752936));
#6200=CARTESIAN_POINT('',(-0.0295017243957266,0.0136344511322823,0.0139242250247064));
#6201=CARTESIAN_POINT('',(-0.0295017243957266,0.0136344511322823,0.0260757749752936));
#6202=CARTESIAN_POINT('',(-0.0295017243957266,0.0136344511322823,0.0269417257981227));
#6203=CARTESIAN_POINT('',(-0.0295489737744323,0.0135327781368826,0.0286558110663229));
#6204=CARTESIAN_POINT('',(-0.0297299661177801,0.0131336325680873,0.030769113214031));
#6205=CARTESIAN_POINT('',(-0.0299645175238828,0.0125886288225553,0.0324012402955147));
#6206=CARTESIAN_POINT('',(-0.0301962805804366,0.0120239059889431,0.0335528720312531));
#6207=CARTESIAN_POINT('',(-0.0304910969707525,0.011265697313768,0.0345639698821778));
#6208=CARTESIAN_POINT('',(-0.0309142441134806,0.0100592382512489,0.0351575757106601));
#6209=CARTESIAN_POINT('',(-0.031282186451339,0.00883488959059886,0.034589183569543));
#6210=CARTESIAN_POINT('',(-0.0314949796165929,0.00802881780557039,0.0335667878706853));
#6211=CARTESIAN_POINT('',(-0.0316392137878061,0.00743673608407648,0.0324205564087534));
#6212=CARTESIAN_POINT('',(-0.0317712638232816,0.00685225267471141,0.0307811992343937));
#6213=CARTESIAN_POINT('',(-0.0318593479370231,0.00642332076557252,0.0286812941922301));
#6214=CARTESIAN_POINT('',(-0.0318815256981667,0.00631017584201404,0.0269436660286119));
#6215=CARTESIAN_POINT('',(-0.0318815256981667,0.00631017584201404,0.0260757749752936));
#6216=CARTESIAN_POINT('',(-0.0318815256981667,0.00631017584201402,0.0260757749752936));
#6217=CARTESIAN_POINT('',(-0.0318815256981667,0.00631017584201402,0.02));
#6218=CARTESIAN_POINT('',(-0.0318815256981667,0.00631017584201402,0.0139242250247064));
#6219=CARTESIAN_POINT('',(-0.0318815256981667,0.00631017584201402,0.0139242250247064));
#6220=CARTESIAN_POINT('',(-0.0318815256981667,0.00631017584201402,0.0130563500394019));
#6221=CARTESIAN_POINT('',(-0.0318597906253481,0.00642104026760314,0.0113382418956963));
#6222=CARTESIAN_POINT('',(-0.031771580339746,0.00685098537687048,0.00922131612391112));
#6223=CARTESIAN_POINT('',(-0.0316394303813804,0.00743551736627246,0.00758401448022239));
#6224=CARTESIAN_POINT('',(-0.0314959374825413,0.0080259784600544,0.00643261113718489));
#6225=CARTESIAN_POINT('',(-0.0313156175198034,0.00870594699913686,0.00558638343273948));
#6226=CARTESIAN_POINT('',(-0.0311046091915711,0.00942764307144904,0.00512570979052429));
#6227=CARTESIAN_POINT('',(-0.0309092603767722,0.0100507570543721,0.00498957469132957));
#6228=CARTESIAN_POINT('',(-0.0307003839409873,0.010670670227714,0.00513228128422152));
#6229=CARTESIAN_POINT('',(-0.0304482520270092,0.0113737354826707,0.0055974851525695));
#6230=CARTESIAN_POINT('',(-0.030195622707014,0.0120264034982011,0.00644345771109198));
#6231=CARTESIAN_POINT('',(-0.0299649806667139,0.0125872465969402,0.00759880284515749));
#6232=CARTESIAN_POINT('',(-0.0297316682734723,0.0131299045124966,0.00921538818463208));
#6233=CARTESIAN_POINT('',(-0.0295487247780554,0.0135333220144992,0.0113433483459342));
#6234=CARTESIAN_POINT('',(-0.0295017243957265,0.0136344511322823,0.0130581123636813));
#6235=CARTESIAN_POINT('',(-0.0295017243957266,0.0136344511322823,0.0139242250247064));
#6236=CARTESIAN_POINT('',(-0.0322710843373494,0.00385059939381943,0.02));
#6237=CARTESIAN_POINT('',(-0.0322710843373494,0.00385059939381943,0.0260757749752935));
#6238=CARTESIAN_POINT('',(-0.0322710843373494,0.00385059939381943,0.0139242250247065));
#6239=CARTESIAN_POINT('',(-0.0322710843373494,0.00385059939381943,0.0260757749752935));
#6240=CARTESIAN_POINT('',(-0.0322710843373494,0.00385059939381944,0.0269417257981226));
#6241=CARTESIAN_POINT('',(-0.0322846024834109,0.00373930176801954,0.0286558110663228));
#6242=CARTESIAN_POINT('',(-0.0323333936669642,0.00330376206392025,0.0307691132140309));
#6243=CARTESIAN_POINT('',(-0.0323880498907769,0.00271295232978642,0.0324012402955146));
#6244=CARTESIAN_POINT('',(-0.0324339607032511,0.00210425027583542,0.0335528720312529));
#6245=CARTESIAN_POINT('',(-0.0324800483864601,0.00129204769977075,0.0345639698821777));
#6246=CARTESIAN_POINT('',(-0.0325096688805673,1.38772884944934E-5,0.0351575757106598));
#6247=CARTESIAN_POINT('',(-0.0324812582954273,-0.00126424791878214,0.0345891835695428));
#6248=CARTESIAN_POINT('',(-0.0324345467416052,-0.00209662444688543,0.0335667878706852));
#6249=CARTESIAN_POINT('',(-0.0323887582760095,-0.00270429843636596,0.0324205564087533));
#6250=CARTESIAN_POINT('',(-0.0323337300163015,-0.00330098089657875,0.0307811992343936));
#6251=CARTESIAN_POINT('',(-0.0322849557373037,-0.00373613887189275,0.02868129419223));
#6252=CARTESIAN_POINT('',(-0.0322710843373494,-0.00385059939381943,0.0269436660286118));
#6253=CARTESIAN_POINT('',(-0.0322710843373494,-0.00385059939381943,0.0260757749752935));
#6254=CARTESIAN_POINT('',(-0.0322710843373494,-0.00385059939381942,0.0260757749752935));
#6255=CARTESIAN_POINT('',(-0.0322710843373494,-0.00385059939381942,0.02));
#6256=CARTESIAN_POINT('',(-0.0322710843373494,-0.00385059939381942,0.0139242250247065));
#6257=CARTESIAN_POINT('',(-0.0322710843373494,-0.00385059939381942,0.0139242250247065));
#6258=CARTESIAN_POINT('',(-0.0322710843373494,-0.00385059939381942,0.013056350039402));
#6259=CARTESIAN_POINT('',(-0.0322846720462918,-0.00373844455256263,0.0113382418956964));
#6260=CARTESIAN_POINT('',(-0.0323336394247776,-0.00330228397741495,0.00922131612391131));
#6261=CARTESIAN_POINT('',(-0.032388587664227,-0.00270552443697036,0.00758401448022256));
#6262=CARTESIAN_POINT('',(-0.0324345803202398,-0.00209962082179686,0.00643261113718511));
#6263=CARTESIAN_POINT('',(-0.0324732076788766,-0.00139721037891577,0.00558638343273972));
#6264=CARTESIAN_POINT('',(-0.0324955431844368,-0.000645631467180281,0.00512570979052448));
#6265=CARTESIAN_POINT('',(-0.0325023082313277,7.35125027714811E-6,0.00498957469132987));
#6266=CARTESIAN_POINT('',(-0.0324952186415734,0.000661470081703139,0.00513228128422162));
#6267=CARTESIAN_POINT('',(-0.0324726860537548,0.00140803792005389,0.0055974851525696));
#6268=CARTESIAN_POINT('',(-0.03243410680125,0.00210682884235754,0.00644345771109197));
#6269=CARTESIAN_POINT('',(-0.0323880632345793,0.00271149463610251,0.00759880284515748));
#6270=CARTESIAN_POINT('',(-0.0323338604806935,0.00329969047732157,0.00921538818463212));
#6271=CARTESIAN_POINT('',(-0.0322845337412105,0.00373989597048282,0.0113433483459342));
#6272=CARTESIAN_POINT('',(-0.0322710843373494,0.00385059939381943,0.0130581123636814));
#6273=CARTESIAN_POINT('',(-0.0322710843373494,0.00385059939381943,0.0139242250247065));
#6274=CARTESIAN_POINT('',(-0.0318815256981667,-0.00631017584201401,0.02));
#6275=CARTESIAN_POINT('',(-0.0318815256981667,-0.00631017584201401,0.0260757749752936));
#6276=CARTESIAN_POINT('',(-0.0318815256981667,-0.00631017584201401,0.0139242250247065));
#6277=CARTESIAN_POINT('',(-0.0318815256981667,-0.00631017584201401,0.0260757749752936));
#6278=CARTESIAN_POINT('',(-0.0318815256981667,-0.00631017584201401,0.0269417257981227));
#6279=CARTESIAN_POINT('',(-0.031859989361261,-0.00642020351114455,0.0286558110663229));
#6280=CARTESIAN_POINT('',(-0.0317718033640253,-0.00684950368972707,0.030769113214031));
#6281=CARTESIAN_POINT('',(-0.031641214273549,-0.00742828683927222,0.0324012402955148));
#6282=CARTESIAN_POINT('',(-0.0314967787717393,-0.00802138411544466,0.0335528720312531));
#6283=CARTESIAN_POINT('',(-0.031289626364297,-0.00880807654530564,0.0345639698821779));
#6284=CARTESIAN_POINT('',(-0.0309228207494419,-0.0100328420799466,0.0351575757106601));
#6285=CARTESIAN_POINT('',(-0.0305008382673252,-0.0112396320333398,0.0345891835695429));
#6286=CARTESIAN_POINT('',(-0.0301991944467737,-0.0120168344904388,0.0335667878706852));
#6287=CARTESIAN_POINT('',(-0.0299678654384087,-0.0125806173839019,0.0324205564087533));
#6288=CARTESIAN_POINT('',(-0.0297311454329818,-0.0131310914584256,0.0307811992343936));
#6289=CARTESIAN_POINT('',(-0.0295502871275036,-0.0135298792053671,0.02868129419223));
#6290=CARTESIAN_POINT('',(-0.0295017243957265,-0.0136344511322823,0.0269436660286118));
#6291=CARTESIAN_POINT('',(-0.0295017243957265,-0.0136344511322823,0.0260757749752936));
#6292=CARTESIAN_POINT('',(-0.0295017243957266,-0.0136344511322823,0.0260757749752936));
#6293=CARTESIAN_POINT('',(-0.0295017243957266,-0.0136344511322823,0.02));
#6294=CARTESIAN_POINT('',(-0.0295017243957266,-0.0136344511322823,0.0139242250247065));
#6295=CARTESIAN_POINT('',(-0.0295017243957266,-0.0136344511322823,0.0139242250247065));
#6296=CARTESIAN_POINT('',(-0.0295017243957266,-0.0136344511322823,0.013056350039402));
#6297=CARTESIAN_POINT('',(-0.0295493048268074,-0.0135319843726488,0.0113382418956963));
#6298=CARTESIAN_POINT('',(-0.0297306566011993,-0.0131323027676257,0.00922131612391116));
#6299=CARTESIAN_POINT('',(-0.0299673243219393,-0.0125817306578254,0.00758401448022239));
#6300=CARTESIAN_POINT('',(-0.0301983004511839,-0.0120196945886922,0.00643261113718489));
#6301=CARTESIAN_POINT('',(-0.0304520940161994,-0.0113635990701429,0.00558638343273953));
#6302=CARTESIAN_POINT('',(-0.0307055870006473,-0.0106557070994229,0.00512570979052428));
#6303=CARTESIAN_POINT('',(-0.0309138036993034,-0.0100367741454139,0.00498957469132964));
#6304=CARTESIAN_POINT('',(-0.0311091949340211,-0.0094124793646376,0.00513228128422156));
#6305=CARTESIAN_POINT('',(-0.0313184673190513,-0.00869548820455452,0.00559748515256953));
#6306=CARTESIAN_POINT('',(-0.0314977145400696,-0.0080189768997155,0.00644345771109197));
#6307=CARTESIAN_POINT('',(-0.0316407765121383,-0.00742967731181072,0.00759880284515748));
#6308=CARTESIAN_POINT('',(-0.0317709891408115,-0.00685352025206896,0.00921538818463212));
#6309=CARTESIAN_POINT('',(-0.0318601076022025,-0.0064196171485117,0.0113433483459342));
#6310=CARTESIAN_POINT('',(-0.0318815256981667,-0.00631017584201398,0.0130581123636814));
#6311=CARTESIAN_POINT('',(-0.0318815256981667,-0.00631017584201398,0.0139242250247065));
#6312=CARTESIAN_POINT('',(-0.0283711811919963,-0.0158532671008508,0.02));
#6313=CARTESIAN_POINT('',(-0.0283711811919963,-0.0158532671008508,0.0260757749752936));
#6314=CARTESIAN_POINT('',(-0.0283711811919963,-0.0158532671008508,0.0139242250247064));
#6315=CARTESIAN_POINT('',(-0.0283711811919963,-0.0158532671008508,0.0260757749752936));
#6316=CARTESIAN_POINT('',(-0.0283711811919963,-0.0158532671008508,0.0269417257981227));
#6317=CARTESIAN_POINT('',(-0.0283166984988321,-0.0159512545384498,0.0286558110663229));
#6318=CARTESIAN_POINT('',(-0.028100167580645,-0.0163322922989256,0.0307691132140311));
#6319=CARTESIAN_POINT('',(-0.0277971161459231,-0.0168423935365852,0.0324012402955148));
#6320=CARTESIAN_POINT('',(-0.0274764726830878,-0.0173618295412356,0.0335528720312532));
#6321=CARTESIAN_POINT('',(-0.0270363577059504,-0.0180460048886497,0.0345639698821778));
#6322=CARTESIAN_POINT('',(-0.0263090314714001,-0.0190974769626812,0.03515757571066));
#6323=CARTESIAN_POINT('',(-0.0255347836777812,-0.0201148026533528,0.0345891835695428));
#6324=CARTESIAN_POINT('',(-0.025007734589332,-0.0207607530478588,0.0335667878706851));
#6325=CARTESIAN_POINT('',(-0.0246135091333003,-0.0212254578475859,0.0324205564087533));
#6326=CARTESIAN_POINT('',(-0.024218269185611,-0.0216758392986278,0.0307811992343936));
#6327=CARTESIAN_POINT('',(-0.0239230305247065,-0.0219992206940085,0.0286812941922301));
#6328=CARTESIAN_POINT('',(-0.0238445301196494,-0.0220836677971104,0.0269436660286119));
#6329=CARTESIAN_POINT('',(-0.0238445301196494,-0.0220836677971104,0.0260757749752936));
#6330=CARTESIAN_POINT('',(-0.0238445301196494,-0.0220836677971104,0.0260757749752936));
#6331=CARTESIAN_POINT('',(-0.0238445301196494,-0.0220836677971104,0.02));
#6332=CARTESIAN_POINT('',(-0.0238445301196494,-0.0220836677971104,0.0139242250247064));
#6333=CARTESIAN_POINT('',(-0.0238445301196494,-0.0220836677971104,0.0139242250247064));
#6334=CARTESIAN_POINT('',(-0.0238445301196494,-0.0220836677971104,0.013056350039402));
#6335=CARTESIAN_POINT('',(-0.0239214457687624,-0.022000919279461,0.0113382418956963));
#6336=CARTESIAN_POINT('',(-0.0242174299638306,-0.0216768402648076,0.00922131612391125));
#6337=CARTESIAN_POINT('',(-0.0246126504803943,-0.0212263494198203,0.00758401448022256));
#6338=CARTESIAN_POINT('',(-0.0250060005300347,-0.0207631969031099,0.00643261113718503));
#6339=CARTESIAN_POINT('',(-0.0254501172190014,-0.0202176395095343,0.00558638343273967));
#6340=CARTESIAN_POINT('',(-0.0259099540228298,-0.0196227278780973,0.00512570979052443));
#6341=CARTESIAN_POINT('',(-0.0262992406720556,-0.0190984301574347,0.00498957469132968));
#6342=CARTESIAN_POINT('',(-0.0266779864758203,-0.018565069750168,0.0051322812842215));
#6343=CARTESIAN_POINT('',(-0.0270985787945662,-0.0179478393586726,0.00559748515256939));
#6344=CARTESIAN_POINT('',(-0.0274781065222255,-0.0173598293113473,0.00644345771109185));
#6345=CARTESIAN_POINT('',(-0.0277962701304363,-0.0168435806788383,0.00759880284515733));
#6346=CARTESIAN_POINT('',(-0.0280981520223291,-0.0163358606679037,0.00921538818463198));
#6347=CARTESIAN_POINT('',(-0.0283169921486685,-0.0159507334129073,0.0113433483459341));
#6348=CARTESIAN_POINT('',(-0.0283711811919963,-0.0158532671008508,0.0130581123636813));
#6349=CARTESIAN_POINT('',(-0.0283711811919963,-0.0158532671008508,0.0139242250247064));
#6350=CARTESIAN_POINT('',(-0.0220836677971104,-0.0238445301196494,0.02));
#6351=CARTESIAN_POINT('',(-0.0220836677971104,-0.0238445301196494,0.0260757749752936));
#6352=CARTESIAN_POINT('',(-0.0220836677971104,-0.0238445301196494,0.0139242250247064));
#6353=CARTESIAN_POINT('',(-0.0220836677971104,-0.0238445301196495,0.0260757749752936));
#6354=CARTESIAN_POINT('',(-0.0220836677971104,-0.0238445301196495,0.0269417257981227));
#6355=CARTESIAN_POINT('',(-0.022001571893298,-0.023920885632606,0.0286558110663228));
#6356=CARTESIAN_POINT('',(-0.0216778916090912,-0.0242163623441336,0.030769113214031));
#6357=CARTESIAN_POINT('',(-0.0212320426160378,-0.0246078494066812,0.0324012402955146));
#6358=CARTESIAN_POINT('',(-0.0207665780083737,-0.0250027781245509,0.033552872031253));
#6359=CARTESIAN_POINT('',(-0.0201365819819648,-0.0255174645395832,0.0345639698821777));
#6360=CARTESIAN_POINT('',(-0.0191199308871369,-0.0262927177403624,0.03515757571066));
#6361=CARTESIAN_POINT('',(-0.0180692065505568,-0.0270209962415846,0.0345891835695428));
#6362=CARTESIAN_POINT('',(-0.0173683434311541,-0.0274724644482823,0.0335667878706852));
#6363=CARTESIAN_POINT('',(-0.0168498110618225,-0.0277926026106875,0.0324205564087533));
#6364=CARTESIAN_POINT('',(-0.0163347400117492,-0.0280988049638274,0.0307811992343936));
#6365=CARTESIAN_POINT('',(-0.0159540210125963,-0.0283151251835369,0.02868129419223));
#6366=CARTESIAN_POINT('',(-0.0158532671008509,-0.0283711811919962,0.0269436660286118));
#6367=CARTESIAN_POINT('',(-0.0158532671008509,-0.0283711811919962,0.0260757749752936));
#6368=CARTESIAN_POINT('',(-0.0158532671008508,-0.0283711811919963,0.0260757749752936));
#6369=CARTESIAN_POINT('',(-0.0158532671008508,-0.0283711811919963,0.02));
#6370=CARTESIAN_POINT('',(-0.0158532671008508,-0.0283711811919963,0.0139242250247064));
#6371=CARTESIAN_POINT('',(-0.0158532671008508,-0.0283711811919963,0.0139242250247064));
#6372=CARTESIAN_POINT('',(-0.0158532671008508,-0.0283711811919962,0.013056350039402));
#6373=CARTESIAN_POINT('',(-0.0159519889283577,-0.0283162509177813,0.0113382418956963));
#6374=CARTESIAN_POINT('',(-0.016333632548846,-0.0280994976054431,0.00922131612391122));
#6375=CARTESIAN_POINT('',(-0.0168487189234088,-0.0277931852079305,0.00758401448022246));
#6376=CARTESIAN_POINT('',(-0.0173659390499554,-0.0274742528389516,0.00643261113718495));
#6377=CARTESIAN_POINT('',(-0.0179569056270144,-0.0270926365291548,0.00558638343273961));
#6378=CARTESIAN_POINT('',(-0.0185780742199931,-0.0266689393324788,0.00512570979052436));
#6379=CARTESIAN_POINT('',(-0.0191103247302429,-0.026290598759058,0.00498957469132968));
#6380=CARTESIAN_POINT('',(-0.0196353508249048,-0.0259003817581047,0.00513228128422156));
#6381=CARTESIAN_POINT('',(-0.0202260925707686,-0.0254433309464137,0.00559748515256953));
#6382=CARTESIAN_POINT('',(-0.0207687499867604,-0.0250013806769411,0.00644345771109195));
#6383=CARTESIAN_POINT('',(-0.0212308711603653,-0.0246087170128938,0.00759880284515748));
#6384=CARTESIAN_POINT('',(-0.0216748720125644,-0.02421913322293,0.00921538818463206));
#6385=CARTESIAN_POINT('',(-0.0220020122075373,-0.0239204807555528,0.0113433483459342));
#6386=CARTESIAN_POINT('',(-0.0220836677971104,-0.0238445301196494,0.0130581123636814));
#6387=CARTESIAN_POINT('',(-0.0220836677971104,-0.0238445301196494,0.0139242250247064));
#6388=CARTESIAN_POINT('',(-0.0136344511322823,-0.0295017243957266,0.02));
#6389=CARTESIAN_POINT('',(-0.0136344511322823,-0.0295017243957266,0.0260757749752936));
#6390=CARTESIAN_POINT('',(-0.0136344511322823,-0.0295017243957266,0.0139242250247064));
#6391=CARTESIAN_POINT('',(-0.0136344511322823,-0.0295017243957266,0.0260757749752936));
#6392=CARTESIAN_POINT('',(-0.0136344511322823,-0.0295017243957265,0.0269417257981227));
#6393=CARTESIAN_POINT('',(-0.0135327781368826,-0.0295489737744323,0.0286558110663229));
#6394=CARTESIAN_POINT('',(-0.0131336325680874,-0.0297299661177801,0.030769113214031));
#6395=CARTESIAN_POINT('',(-0.0125886288225552,-0.0299645175238828,0.0324012402955147));
#6396=CARTESIAN_POINT('',(-0.012023905988943,-0.0301962805804366,0.0335528720312531));
#6397=CARTESIAN_POINT('',(-0.0112656973137679,-0.0304910969707526,0.0345639698821779));
#6398=CARTESIAN_POINT('',(-0.0100592382512487,-0.0309142441134807,0.0351575757106601));
#6399=CARTESIAN_POINT('',(-0.00883488959059878,-0.031282186451339,0.0345891835695427));
#6400=CARTESIAN_POINT('',(-0.00802881780557033,-0.031494979616593,0.0335667878706851));
#6401=CARTESIAN_POINT('',(-0.00743673608407644,-0.0316392137878061,0.0324205564087533));
#6402=CARTESIAN_POINT('',(-0.00685225267471137,-0.0317712638232817,0.0307811992343936));
#6403=CARTESIAN_POINT('',(-0.00642332076557253,-0.031859347937023,0.02868129419223));
#6404=CARTESIAN_POINT('',(-0.00631017584201404,-0.0318815256981667,0.0269436660286118));
#6405=CARTESIAN_POINT('',(-0.00631017584201404,-0.0318815256981667,0.0260757749752936));
#6406=CARTESIAN_POINT('',(-0.00631017584201402,-0.0318815256981667,0.0260757749752936));
#6407=CARTESIAN_POINT('',(-0.00631017584201402,-0.0318815256981667,0.02));
#6408=CARTESIAN_POINT('',(-0.00631017584201402,-0.0318815256981667,0.0139242250247064));
#6409=CARTESIAN_POINT('',(-0.00631017584201402,-0.0318815256981667,0.0139242250247064));
#6410=CARTESIAN_POINT('',(-0.00631017584201402,-0.0318815256981667,0.013056350039402));
#6411=CARTESIAN_POINT('',(-0.0064210402676031,-0.0318597906253481,0.0113382418956963));
#6412=CARTESIAN_POINT('',(-0.0068509853768705,-0.031771580339746,0.0092213161239112));
#6413=CARTESIAN_POINT('',(-0.00743551736627245,-0.0316394303813804,0.00758401448022246));
#6414=CARTESIAN_POINT('',(-0.00802597846005436,-0.0314959374825413,0.00643261113718493));
#6415=CARTESIAN_POINT('',(-0.00870594699913688,-0.0313156175198034,0.0055863834327396));
#6416=CARTESIAN_POINT('',(-0.00942764307144899,-0.0311046091915711,0.00512570979052431));
#6417=CARTESIAN_POINT('',(-0.0100507570543721,-0.0309092603767723,0.00498957469132965));
#6418=CARTESIAN_POINT('',(-0.010670670227714,-0.0307003839409873,0.00513228128422157));
#6419=CARTESIAN_POINT('',(-0.0113737354826707,-0.0304482520270092,0.00559748515256955));
#6420=CARTESIAN_POINT('',(-0.0120264034982011,-0.030195622707014,0.00644345771109202));
#6421=CARTESIAN_POINT('',(-0.0125872465969402,-0.0299649806667139,0.0075988028451575));
#6422=CARTESIAN_POINT('',(-0.0131299045124966,-0.0297316682734724,0.0092153881846321));
#6423=CARTESIAN_POINT('',(-0.0135333220144992,-0.0295487247780553,0.0113433483459342));
#6424=CARTESIAN_POINT('',(-0.0136344511322823,-0.0295017243957266,0.0130581123636814));
#6425=CARTESIAN_POINT('',(-0.0136344511322823,-0.0295017243957266,0.0139242250247064));
#6426=CARTESIAN_POINT('',(0.,0.,0.0407174142566379));
#6427=CARTESIAN_POINT('',(0.,0.,0.0333));
#6428=CARTESIAN_POINT('',(-0.0157,0.,0.0333));
#6429=CARTESIAN_POINT('',(0.,0.,0.0264));
#6430=CARTESIAN_POINT('',(-0.0157,0.,0.0264));
#6431=CARTESIAN_POINT('',(-0.0162,0.,0.0334));
#6432=CARTESIAN_POINT('',(0.,0.,0.0334));
#6433=CARTESIAN_POINT('',(-0.0158,0.,0.0334));
#6434=CARTESIAN_POINT('',(0.,0.,0.0407174142566379));
#6435=CARTESIAN_POINT('',(0.,0.,0.0508));
#6436=CARTESIAN_POINT('',(0.0167,0.,0.0508));
#6437=CARTESIAN_POINT('',(0.,0.,0.0505));
#6438=CARTESIAN_POINT('',(0.0167,0.,0.0505));
#6439=CARTESIAN_POINT('',(-0.02085,0.,0.051));
#6440=CARTESIAN_POINT('',(0.,0.,0.051));
#6441=CARTESIAN_POINT('',(0.0169,0.,0.051));
#6442=CARTESIAN_POINT('',(0.,0.,0.051));
#6443=CARTESIAN_POINT('',(-0.025,0.,0.051));
#6444=CARTESIAN_POINT('',(0.,0.,0.0402888899494342));
#6445=CARTESIAN_POINT('',(0.,0.,0.0406984659715787));
#6446=CARTESIAN_POINT('',(0.0322132117818245,0.,0.0406984659715787));
#6447=CARTESIAN_POINT('',(-0.0305,0.,0.));
#6448=CARTESIAN_POINT('',(-0.00259724113388022,-0.029686602003134,0.));
#6449=CARTESIAN_POINT('',(-0.00409724113388022,-0.029686602003134,0.));
#6450=CARTESIAN_POINT('',(-0.000299999999999994,0.,0.));
#6451=CARTESIAN_POINT('',(-0.000299999999999994,-0.0274983635876756,0.));
#6452=CARTESIAN_POINT('',(-0.000299999999999994,-0.0287984374576122,0.));
#6453=CARTESIAN_POINT('',(0.,0.,0.));
#6454=CARTESIAN_POINT('',(-0.00470535385826576,-0.0284130189361937,0.));
#6455=CARTESIAN_POINT('',(-0.00442778810663684,-0.0268388653352322,0.));
#6456=CARTESIAN_POINT('',(-0.00447959839991887,-0.0271326961095915,0.));
#6457=CARTESIAN_POINT('',(-6.4059271032318E-17,-7.8236028766554E-16,0.));
#6458=CARTESIAN_POINT('',(0.,0.,0.));
#6459=CARTESIAN_POINT('',(-0.032,0.,0.));
#6460=CARTESIAN_POINT('',(0.,0.,0.0407174142566379));
#6461=CARTESIAN_POINT('',(0.,-1.80635402874235E-18,0.00302264973081038));
#6462=CARTESIAN_POINT('',(0.0285,-1.80635402874235E-18,0.00302264973081038));
#6463=CARTESIAN_POINT('',(0.,0.,0.0028));
#6464=CARTESIAN_POINT('',(0.,-0.0285,0.0028));
#6465=CARTESIAN_POINT('',(-0.00494897306350751,-0.0280670209608479,0.0028));
#6466=CARTESIAN_POINT('',(-0.00494897306350751,-0.0280670209608479,0.002));
#6467=CARTESIAN_POINT('',(-0.00494897306350751,-0.0280670209608479,0.0003));
#6468=CARTESIAN_POINT('',(0.,0.,0.0003));
#6469=CARTESIAN_POINT('',(0.,-0.0285,0.0003));
#6470=CARTESIAN_POINT('',(0.,-0.0285,0.002));
#6471=CARTESIAN_POINT('',(0.,0.,0.0407174142566379));
#6472=CARTESIAN_POINT('',(0.,-1.18790739517293E-18,0.0390035898384863));
#6473=CARTESIAN_POINT('',(-0.02,-1.18790739517293E-18,0.0390035898384863));
#6474=CARTESIAN_POINT('',(-0.0195207259421637,0.,0.019));
#6475=CARTESIAN_POINT('',(0.,0.,0.019));
#6476=CARTESIAN_POINT('',(-0.0198,0.,0.019));
#6477=CARTESIAN_POINT('',(0.,0.,0.019));
#6478=CARTESIAN_POINT('',(-0.0190414518843274,0.,0.019));
#6479=CARTESIAN_POINT('',(0.,0.,0.026));
#6480=CARTESIAN_POINT('',(0.,0.,0.026));
#6481=CARTESIAN_POINT('',(-0.015,0.,0.026));
#6482=CARTESIAN_POINT('',(0.,0.,0.0407174142566379));
#6483=CARTESIAN_POINT('',(0.,0.,0.0263));
#6484=CARTESIAN_POINT('',(0.015,0.,0.0263));
#6485=CARTESIAN_POINT('',(-0.01535,0.,0.0264));
#6486=CARTESIAN_POINT('',(0.,0.,0.0264));
#6487=CARTESIAN_POINT('',(0.0151,0.,0.0264));
#6488=CARTESIAN_POINT('',(0.,0.,0.0397888899494342));
#6489=CARTESIAN_POINT('',(0.,0.,0.));
#6490=CARTESIAN_POINT('',(3.03576608295941E-18,-0.0415,0.035));
#6491=CARTESIAN_POINT('',(3.03576608295941E-18,-0.0415,0.0139242250247065));
#6492=CARTESIAN_POINT('',(3.03576608295941E-18,-0.0415,0.0260757749752935));
#6493=CARTESIAN_POINT('',(3.03576608295941E-18,-0.0415,0.0139242250247065));
#6494=CARTESIAN_POINT('',(3.03576608295941E-18,-0.0415,0.0260757749752935));
#6495=CARTESIAN_POINT('',(0.0128242052665603,-0.0394688454262489,0.035));
#6496=CARTESIAN_POINT('',(0.0128242052665603,-0.0394688454262489,0.0139242250247064));
#6497=CARTESIAN_POINT('',(0.0128242052665603,-0.0394688454262489,0.0260757749752936));
#6498=CARTESIAN_POINT('',(0.0128242052665603,-0.0394688454262489,0.0139242250247064));
#6499=CARTESIAN_POINT('',(0.0128242052665603,-0.0394688454262489,0.0260757749752936));
#6500=CARTESIAN_POINT('',(0.0243930879701376,-0.0335742052665603,0.035));
#6501=CARTESIAN_POINT('',(0.0243930879701376,-0.0335742052665603,0.0139242250247064));
#6502=CARTESIAN_POINT('',(0.0243930879701376,-0.0335742052665603,0.0260757749752936));
#6503=CARTESIAN_POINT('',(0.0243930879701376,-0.0335742052665603,0.0139242250247064));
#6504=CARTESIAN_POINT('',(0.0243930879701376,-0.0335742052665603,0.0260757749752936));
#6505=CARTESIAN_POINT('',(0.0335742052665603,-0.0243930879701376,0.035));
#6506=CARTESIAN_POINT('',(0.0335742052665603,-0.0243930879701376,0.0139242250247065));
#6507=CARTESIAN_POINT('',(0.0335742052665603,-0.0243930879701376,0.0260757749752935));
#6508=CARTESIAN_POINT('',(0.0335742052665603,-0.0243930879701376,0.0139242250247065));
#6509=CARTESIAN_POINT('',(0.0335742052665603,-0.0243930879701376,0.0260757749752935));
#6510=CARTESIAN_POINT('',(0.0394688454262489,-0.0128242052665603,0.035));
#6511=CARTESIAN_POINT('',(0.0394688454262489,-0.0128242052665603,0.0139242250247064));
#6512=CARTESIAN_POINT('',(0.0394688454262489,-0.0128242052665603,0.0260757749752937));
#6513=CARTESIAN_POINT('',(0.0394688454262489,-0.0128242052665603,0.0139242250247064));
#6514=CARTESIAN_POINT('',(0.0394688454262489,-0.0128242052665603,0.0260757749752937));
#6515=CARTESIAN_POINT('',(0.0415,4.94623974728655E-19,0.035));
#6516=CARTESIAN_POINT('',(0.0415,4.94623974728655E-19,0.0139242250247065));
#6517=CARTESIAN_POINT('',(0.0415,4.94623974728655E-19,0.0260757749752935));
#6518=CARTESIAN_POINT('',(0.0415,4.94623974728655E-19,0.0139242250247065));
#6519=CARTESIAN_POINT('',(0.0415,4.94623974728655E-19,0.0260757749752935));
#6520=CARTESIAN_POINT('',(0.0394688454262489,0.0128242052665603,0.035));
#6521=CARTESIAN_POINT('',(0.0394688454262489,0.0128242052665603,0.0139242250247064));
#6522=CARTESIAN_POINT('',(0.0394688454262489,0.0128242052665603,0.0260757749752936));
#6523=CARTESIAN_POINT('',(0.0394688454262489,0.0128242052665603,0.0139242250247064));
#6524=CARTESIAN_POINT('',(0.0394688454262489,0.0128242052665603,0.0260757749752936));
#6525=CARTESIAN_POINT('',(0.0335742052665603,0.0243930879701376,0.035));
#6526=CARTESIAN_POINT('',(0.0335742052665603,0.0243930879701376,0.0139242250247064));
#6527=CARTESIAN_POINT('',(0.0335742052665603,0.0243930879701376,0.0260757749752936));
#6528=CARTESIAN_POINT('',(0.0335742052665603,0.0243930879701376,0.0139242250247064));
#6529=CARTESIAN_POINT('',(0.0335742052665603,0.0243930879701376,0.0260757749752936));
#6530=CARTESIAN_POINT('',(0.0243930879701376,0.0335742052665603,0.035));
#6531=CARTESIAN_POINT('',(0.0243930879701376,0.0335742052665603,0.0139242250247064));
#6532=CARTESIAN_POINT('',(0.0243930879701376,0.0335742052665603,0.0260757749752936));
#6533=CARTESIAN_POINT('',(0.0243930879701376,0.0335742052665603,0.0139242250247064));
#6534=CARTESIAN_POINT('',(0.0243930879701376,0.0335742052665603,0.0260757749752936));
#6535=CARTESIAN_POINT('',(0.0128242052665603,0.0394688454262489,0.035));
#6536=CARTESIAN_POINT('',(0.0128242052665603,0.0394688454262489,0.0139242250247064));
#6537=CARTESIAN_POINT('',(0.0128242052665603,0.0394688454262489,0.0260757749752936));
#6538=CARTESIAN_POINT('',(0.0128242052665603,0.0394688454262489,0.0139242250247064));
#6539=CARTESIAN_POINT('',(0.0128242052665603,0.0394688454262489,0.0260757749752936));
#6540=CARTESIAN_POINT('',(2.0465181335021E-18,0.0415,0.035));
#6541=CARTESIAN_POINT('',(2.0465181335021E-18,0.0415,0.0139242250247065));
#6542=CARTESIAN_POINT('',(2.0465181335021E-18,0.0415,0.0260757749752935));
#6543=CARTESIAN_POINT('',(2.0465181335021E-18,0.0415,0.0139242250247065));
#6544=CARTESIAN_POINT('',(2.0465181335021E-18,0.0415,0.0260757749752935));
#6545=CARTESIAN_POINT('',(-0.0128242052665603,0.0394688454262489,0.035));
#6546=CARTESIAN_POINT('',(-0.0128242052665603,0.0394688454262489,0.0139242250247064));
#6547=CARTESIAN_POINT('',(-0.0128242052665603,0.0394688454262489,0.0260757749752936));
#6548=CARTESIAN_POINT('',(-0.0128242052665603,0.0394688454262489,0.0139242250247064));
#6549=CARTESIAN_POINT('',(-0.0128242052665603,0.0394688454262489,0.0260757749752936));
#6550=CARTESIAN_POINT('',(-0.0243930879701376,0.0335742052665603,0.035));
#6551=CARTESIAN_POINT('',(-0.0243930879701376,0.0335742052665603,0.0139242250247064));
#6552=CARTESIAN_POINT('',(-0.0243930879701376,0.0335742052665603,0.0260757749752936));
#6553=CARTESIAN_POINT('',(-0.0243930879701376,0.0335742052665603,0.0139242250247064));
#6554=CARTESIAN_POINT('',(-0.0243930879701376,0.0335742052665603,0.0260757749752936));
#6555=CARTESIAN_POINT('',(-0.0335742052665603,0.0243930879701376,0.035));
#6556=CARTESIAN_POINT('',(-0.0335742052665603,0.0243930879701376,0.0139242250247065));
#6557=CARTESIAN_POINT('',(-0.0335742052665603,0.0243930879701376,0.0260757749752936));
#6558=CARTESIAN_POINT('',(-0.0335742052665603,0.0243930879701376,0.0139242250247065));
#6559=CARTESIAN_POINT('',(-0.0335742052665603,0.0243930879701376,0.0260757749752936));
#6560=CARTESIAN_POINT('',(-0.0394688454262489,0.0128242052665603,0.035));
#6561=CARTESIAN_POINT('',(-0.0394688454262489,0.0128242052665603,0.0139242250247064));
#6562=CARTESIAN_POINT('',(-0.0394688454262489,0.0128242052665603,0.0260757749752936));
#6563=CARTESIAN_POINT('',(-0.0394688454262489,0.0128242052665603,0.0139242250247064));
#6564=CARTESIAN_POINT('',(-0.0394688454262489,0.0128242052665603,0.0260757749752936));
#6565=CARTESIAN_POINT('',(-0.0415,4.58766024173286E-18,0.035));
#6566=CARTESIAN_POINT('',(-0.0415,4.58766024173286E-18,0.0139242250247065));
#6567=CARTESIAN_POINT('',(-0.0415,4.58766024173286E-18,0.0260757749752935));
#6568=CARTESIAN_POINT('',(-0.0415,4.58766024173286E-18,0.0139242250247065));
#6569=CARTESIAN_POINT('',(-0.0415,4.58766024173286E-18,0.0260757749752935));
#6570=CARTESIAN_POINT('',(-0.0394688454262489,-0.0128242052665603,0.035));
#6571=CARTESIAN_POINT('',(-0.0394688454262489,-0.0128242052665603,0.0139242250247065));
#6572=CARTESIAN_POINT('',(-0.0394688454262489,-0.0128242052665603,0.0260757749752936));
#6573=CARTESIAN_POINT('',(-0.0394688454262489,-0.0128242052665603,0.0139242250247065));
#6574=CARTESIAN_POINT('',(-0.0394688454262489,-0.0128242052665603,0.0260757749752936));
#6575=CARTESIAN_POINT('',(-0.0335742052665603,-0.0243930879701376,0.035));
#6576=CARTESIAN_POINT('',(-0.0335742052665603,-0.0243930879701376,0.0139242250247064));
#6577=CARTESIAN_POINT('',(-0.0335742052665603,-0.0243930879701376,0.0260757749752936));
#6578=CARTESIAN_POINT('',(-0.0335742052665603,-0.0243930879701376,0.0139242250247064));
#6579=CARTESIAN_POINT('',(-0.0335742052665603,-0.0243930879701376,0.0260757749752936));
#6580=CARTESIAN_POINT('',(-0.0243930879701376,-0.0335742052665603,0.035));
#6581=CARTESIAN_POINT('',(-0.0243930879701376,-0.0335742052665603,0.0139242250247064));
#6582=CARTESIAN_POINT('',(-0.0243930879701376,-0.0335742052665603,0.0260757749752936));
#6583=CARTESIAN_POINT('',(-0.0243930879701376,-0.0335742052665603,0.0139242250247064));
#6584=CARTESIAN_POINT('',(-0.0243930879701376,-0.0335742052665603,0.0260757749752936));
#6585=CARTESIAN_POINT('',(-0.0128242052665603,-0.0394688454262489,0.035));
#6586=CARTESIAN_POINT('',(-0.0128242052665603,-0.0394688454262489,0.0139242250247064));
#6587=CARTESIAN_POINT('',(-0.0128242052665603,-0.0394688454262489,0.0260757749752936));
#6588=CARTESIAN_POINT('',(-0.0128242052665603,-0.0394688454262489,0.0139242250247064));
#6589=CARTESIAN_POINT('',(-0.0128242052665603,-0.0394688454262489,0.0260757749752936));
#6590=CARTESIAN_POINT('',(0.,1.05319624726672E-18,0.04999));
#6591=CARTESIAN_POINT('',(0.,1.05319624726672E-18,0.04999));
#6592=CARTESIAN_POINT('',(0.0172,1.05319624726672E-18,0.04999));
#6593=CARTESIAN_POINT('',(0.,1.05319624726672E-18,0.05));
#6594=CARTESIAN_POINT('',(0.0172,1.05319624726672E-18,0.05));
#6595=CARTESIAN_POINT('',(0.,0.,0.04999));
#6596=CARTESIAN_POINT('',(0.,0.,0.0505));
#6597=CARTESIAN_POINT('',(0.,0.,0.051));
#6598=CARTESIAN_POINT('',(0.,-1.59204083889156E-18,0.019));
#6599=CARTESIAN_POINT('',(0.,-1.59204083889156E-18,0.019));
#6600=CARTESIAN_POINT('',(0.026,0.,0.02099));
#6601=CARTESIAN_POINT('',(0.026,0.0107695526217005,0.02149));
#6602=CARTESIAN_POINT('',(0.0183847763108503,0.0183847763108503,0.02199));
#6603=CARTESIAN_POINT('',(0.0107695526217005,0.026,0.02249));
#6604=CARTESIAN_POINT('',(0.,0.026,0.02299));
#6605=CARTESIAN_POINT('',(-0.0107695526217005,0.026,0.02349));
#6606=CARTESIAN_POINT('',(-0.0183847763108503,0.0183847763108503,0.02399));
#6607=CARTESIAN_POINT('',(-0.026,0.0107695526217005,0.02449));
#6608=CARTESIAN_POINT('',(-0.026,0.,0.02499));
#6609=CARTESIAN_POINT('',(-0.026,-0.0107695526217005,0.02549));
#6610=CARTESIAN_POINT('',(-0.0183847763108503,-0.0183847763108503,0.02599));
#6611=CARTESIAN_POINT('',(-0.0107695526217005,-0.026,0.02649));
#6612=CARTESIAN_POINT('',(-3.18408167778312E-18,-0.026,0.02699));
#6613=CARTESIAN_POINT('',(0.0107695526217005,-0.026,0.02749));
#6614=CARTESIAN_POINT('',(0.0183847763108503,-0.0183847763108503,0.02799));
#6615=CARTESIAN_POINT('',(0.026,-0.0107695526217005,0.02849));
#6616=CARTESIAN_POINT('',(0.026,-6.36816335556624E-18,0.02899));
#6617=CARTESIAN_POINT('',(0.026,0.0107695526217005,0.02949));
#6618=CARTESIAN_POINT('',(0.0183847763108503,0.0183847763108503,0.02999));
#6619=CARTESIAN_POINT('',(0.0107695526217005,0.026,0.03049));
#6620=CARTESIAN_POINT('',(6.36816335556624E-18,0.026,0.03099));
#6621=CARTESIAN_POINT('',(-0.0107695526217005,0.026,0.03149));
#6622=CARTESIAN_POINT('',(-0.0183847763108502,0.0183847763108503,0.03199));
#6623=CARTESIAN_POINT('',(-0.026,0.0107695526217005,0.03249));
#6624=CARTESIAN_POINT('',(-0.026,6.36816335556624E-18,0.03299));
#6625=CARTESIAN_POINT('',(-0.026,-0.0107695526217005,0.03349));
#6626=CARTESIAN_POINT('',(-0.0183847763108503,-0.0183847763108503,0.03399));
#6627=CARTESIAN_POINT('',(-0.0107695526217005,-0.026,0.03449));
#6628=CARTESIAN_POINT('',(-9.55224503334935E-18,-0.026,0.03499));
#6629=CARTESIAN_POINT('',(0.0107695526217005,-0.026,0.03549));
#6630=CARTESIAN_POINT('',(0.0183847763108502,-0.0183847763108503,0.03599));
#6631=CARTESIAN_POINT('',(0.026,-0.0107695526217005,0.03649));
#6632=CARTESIAN_POINT('',(0.026,-1.27363267111325E-17,0.03699));
#6633=CARTESIAN_POINT('',(0.026,0.0107695526217005,0.03749));
#6634=CARTESIAN_POINT('',(0.0183847763108503,0.0183847763108503,0.03799));
#6635=CARTESIAN_POINT('',(0.0107695526217005,0.026,0.03849));
#6636=CARTESIAN_POINT('',(1.27363267111325E-17,0.026,0.03899));
#6637=CARTESIAN_POINT('',(-0.0107695526217005,0.026,0.03949));
#6638=CARTESIAN_POINT('',(-0.0183847763108502,0.0183847763108503,0.03999));
#6639=CARTESIAN_POINT('',(-0.026,0.0107695526217005,0.04049));
#6640=CARTESIAN_POINT('',(-0.026,1.27363267111325E-17,0.04099));
#6641=CARTESIAN_POINT('',(-0.026,-0.0107695526217004,0.04149));
#6642=CARTESIAN_POINT('',(-0.0183847763108503,-0.0183847763108503,0.04199));
#6643=CARTESIAN_POINT('',(-0.0107695526217005,-0.026,0.04249));
#6644=CARTESIAN_POINT('',(-6.21056862133221E-17,-0.026,0.04299));
#6645=CARTESIAN_POINT('',(0.0107695526217005,-0.026,0.04349));
#6646=CARTESIAN_POINT('',(0.0183847763108502,-0.0183847763108503,0.04399));
#6647=CARTESIAN_POINT('',(0.026,-0.0107695526217005,0.04449));
#6648=CARTESIAN_POINT('',(0.026,-1.91044900666987E-17,0.04499));
#6649=CARTESIAN_POINT('',(0.026,0.,0.02099));
#6650=CARTESIAN_POINT('',(0.026,0.,0.019995));
#6651=CARTESIAN_POINT('',(0.,0.,0.019));
#6652=CARTESIAN_POINT('',(0.,0.,0.019));
#6653=CARTESIAN_POINT('',(-0.0281,0.,0.019));
#6654=CARTESIAN_POINT('',(0.,-1.59204083889156E-18,0.019));
#6655=CARTESIAN_POINT('',(0.0252,0.,0.0198));
#6656=CARTESIAN_POINT('',(0.0252,0.010438181771802,0.0203));
#6657=CARTESIAN_POINT('',(0.017819090885901,0.017819090885901,0.0208));
#6658=CARTESIAN_POINT('',(0.010438181771802,0.0252,0.0213));
#6659=CARTESIAN_POINT('',(-4.89858719658943E-20,0.0252,0.0218));
#6660=CARTESIAN_POINT('',(-0.010438181771802,0.0252,0.0223));
#6661=CARTESIAN_POINT('',(-0.017819090885901,0.017819090885901,0.0228));
#6662=CARTESIAN_POINT('',(-0.0252,0.010438181771802,0.0233));
#6663=CARTESIAN_POINT('',(-0.0252,-9.79717439317885E-20,0.0238));
#6664=CARTESIAN_POINT('',(-0.0252,-0.010438181771802,0.0243));
#6665=CARTESIAN_POINT('',(-0.017819090885901,-0.017819090885901,0.0248));
#6666=CARTESIAN_POINT('',(-0.010438181771802,-0.0252,0.0253));
#6667=CARTESIAN_POINT('',(-3.03712406188543E-18,-0.0252,0.0258));
#6668=CARTESIAN_POINT('',(0.010438181771802,-0.0252,0.0263));
#6669=CARTESIAN_POINT('',(0.017819090885901,-0.017819090885901,0.0268));
#6670=CARTESIAN_POINT('',(0.0252,-0.010438181771802,0.0273));
#6671=CARTESIAN_POINT('',(0.0252,-6.17221986770266E-18,0.0278));
#6672=CARTESIAN_POINT('',(0.0252,0.010438181771802,0.0283));
#6673=CARTESIAN_POINT('',(0.017819090885901,0.017819090885901,0.0288));
#6674=CARTESIAN_POINT('',(0.010438181771802,0.0252,0.0293));
#6675=CARTESIAN_POINT('',(6.12323399573677E-18,0.0252,0.0298));
#6676=CARTESIAN_POINT('',(-0.010438181771802,0.0252,0.0303));
#6677=CARTESIAN_POINT('',(-0.0178190908859009,0.017819090885901,0.0308));
#6678=CARTESIAN_POINT('',(-0.0252,0.010438181771802,0.0313));
#6679=CARTESIAN_POINT('',(-0.0252,6.07424812377087E-18,0.0318));
#6680=CARTESIAN_POINT('',(-0.0252,-0.010438181771802,0.0323));
#6681=CARTESIAN_POINT('',(-0.017819090885901,-0.017819090885901,0.0328));
#6682=CARTESIAN_POINT('',(-0.010438181771802,-0.0252,0.0333));
#6683=CARTESIAN_POINT('',(-9.20934392958809E-18,-0.0252,0.0338));
#6684=CARTESIAN_POINT('',(0.010438181771802,-0.0252,0.0343));
#6685=CARTESIAN_POINT('',(0.0178190908859009,-0.017819090885901,0.0348));
#6686=CARTESIAN_POINT('',(0.0252,-0.010438181771802,0.0353));
#6687=CARTESIAN_POINT('',(0.0252,-1.23444397354053E-17,0.0358));
#6688=CARTESIAN_POINT('',(0.0252,0.010438181771802,0.0363));
#6689=CARTESIAN_POINT('',(0.017819090885901,0.017819090885901,0.0368));
#6690=CARTESIAN_POINT('',(0.010438181771802,0.0252,0.0373));
#6691=CARTESIAN_POINT('',(1.22954538634394E-17,0.0252,0.0378));
#6692=CARTESIAN_POINT('',(-0.010438181771802,0.0252,0.0383));
#6693=CARTESIAN_POINT('',(-0.0178190908859009,0.017819090885901,0.0388));
#6694=CARTESIAN_POINT('',(-0.0252,0.010438181771802,0.0393));
#6695=CARTESIAN_POINT('',(-0.0252,1.22464679914735E-17,0.0398));
#6696=CARTESIAN_POINT('',(-0.0252,-0.0104381817718019,0.0403));
#6697=CARTESIAN_POINT('',(-0.017819090885901,-0.017819090885901,0.0408));
#6698=CARTESIAN_POINT('',(-0.010438181771802,-0.0252,0.0413));
#6699=CARTESIAN_POINT('',(-6.01457561501771E-17,-0.0252,0.0418));
#6700=CARTESIAN_POINT('',(0.010438181771802,-0.0252,0.0423));
#6701=CARTESIAN_POINT('',(0.0178190908859009,-0.017819090885901,0.0428));
#6702=CARTESIAN_POINT('',(0.0252,-0.010438181771802,0.0433));
#6703=CARTESIAN_POINT('',(0.0252,-1.8516659603108E-17,0.0438));
#6704=CARTESIAN_POINT('',(0.0251873015873012,0.000799899212609287,0.0198385679750062));
#6705=CARTESIAN_POINT('',(0.0251873015873016,0.000799899212598025,0.019));
#6706=CARTESIAN_POINT('',(0.0251873015873012,0.000799899212609287,0.0202285679750062));
#6707=CARTESIAN_POINT('',(0.0252,0.,0.02019));
#6708=CARTESIAN_POINT('',(0.0252,0.010438181771802,0.02069));
#6709=CARTESIAN_POINT('',(0.017819090885901,0.017819090885901,0.02119));
#6710=CARTESIAN_POINT('',(0.010438181771802,0.0252,0.02169));
#6711=CARTESIAN_POINT('',(-4.89858719658941E-20,0.0252,0.02219));
#6712=CARTESIAN_POINT('',(-0.010438181771802,0.0252,0.02269));
#6713=CARTESIAN_POINT('',(-0.017819090885901,0.017819090885901,0.02319));
#6714=CARTESIAN_POINT('',(-0.0252,0.010438181771802,0.02369));
#6715=CARTESIAN_POINT('',(-0.0252,-9.79717439317881E-20,0.02419));
#6716=CARTESIAN_POINT('',(-0.0252,-0.010438181771802,0.02469));
#6717=CARTESIAN_POINT('',(-0.017819090885901,-0.017819090885901,0.02519));
#6718=CARTESIAN_POINT('',(-0.010438181771802,-0.0252,0.02569));
#6719=CARTESIAN_POINT('',(-3.03712406188543E-18,-0.0252,0.02619));
#6720=CARTESIAN_POINT('',(0.010438181771802,-0.0252,0.02669));
#6721=CARTESIAN_POINT('',(0.017819090885901,-0.017819090885901,0.02719));
#6722=CARTESIAN_POINT('',(0.0252,-0.010438181771802,0.02769));
#6723=CARTESIAN_POINT('',(0.0252,-6.17221986770266E-18,0.02819));
#6724=CARTESIAN_POINT('',(0.0252,0.010438181771802,0.02869));
#6725=CARTESIAN_POINT('',(0.017819090885901,0.017819090885901,0.02919));
#6726=CARTESIAN_POINT('',(0.010438181771802,0.0252,0.02969));
#6727=CARTESIAN_POINT('',(6.12323399573677E-18,0.0252,0.03019));
#6728=CARTESIAN_POINT('',(-0.010438181771802,0.0252,0.03069));
#6729=CARTESIAN_POINT('',(-0.017819090885901,0.017819090885901,0.03119));
#6730=CARTESIAN_POINT('',(-0.0252,0.010438181771802,0.03169));
#6731=CARTESIAN_POINT('',(-0.0252,6.07424812377087E-18,0.03219));
#6732=CARTESIAN_POINT('',(-0.0252,-0.010438181771802,0.03269));
#6733=CARTESIAN_POINT('',(-0.017819090885901,-0.017819090885901,0.03319));
#6734=CARTESIAN_POINT('',(-0.010438181771802,-0.0252,0.03369));
#6735=CARTESIAN_POINT('',(-9.2093439295881E-18,-0.0252,0.03419));
#6736=CARTESIAN_POINT('',(0.010438181771802,-0.0252,0.03469));
#6737=CARTESIAN_POINT('',(0.0178190908859009,-0.017819090885901,0.03519));
#6738=CARTESIAN_POINT('',(0.0252,-0.010438181771802,0.03569));
#6739=CARTESIAN_POINT('',(0.0252,-1.23444397354053E-17,0.03619));
#6740=CARTESIAN_POINT('',(0.0252,0.010438181771802,0.03669));
#6741=CARTESIAN_POINT('',(0.017819090885901,0.017819090885901,0.03719));
#6742=CARTESIAN_POINT('',(0.010438181771802,0.0252,0.03769));
#6743=CARTESIAN_POINT('',(1.22954538634394E-17,0.0252,0.03819));
#6744=CARTESIAN_POINT('',(-0.010438181771802,0.0252,0.03869));
#6745=CARTESIAN_POINT('',(-0.0178190908859009,0.017819090885901,0.03919));
#6746=CARTESIAN_POINT('',(-0.0252,0.010438181771802,0.03969));
#6747=CARTESIAN_POINT('',(-0.0252,1.22464679914735E-17,0.04019));
#6748=CARTESIAN_POINT('',(-0.0252,-0.0104381817718019,0.04069));
#6749=CARTESIAN_POINT('',(-0.017819090885901,-0.017819090885901,0.04119));
#6750=CARTESIAN_POINT('',(-0.010438181771802,-0.0252,0.04169));
#6751=CARTESIAN_POINT('',(-6.01457561501771E-17,-0.0252,0.04219));
#6752=CARTESIAN_POINT('',(0.010438181771802,-0.0252,0.04269));
#6753=CARTESIAN_POINT('',(0.0178190908859009,-0.017819090885901,0.04319));
#6754=CARTESIAN_POINT('',(0.0252,-0.010438181771802,0.04369));
#6755=CARTESIAN_POINT('',(0.0252,-1.8516659603108E-17,0.04419));
#6756=CARTESIAN_POINT('',(0.026,0.,0.019));
#6757=CARTESIAN_POINT('',(0.026,0.0107695526217005,0.0195));
#6758=CARTESIAN_POINT('',(0.0183847763108503,0.0183847763108503,0.02));
#6759=CARTESIAN_POINT('',(0.0107695526217005,0.026,0.0205));
#6760=CARTESIAN_POINT('',(1.92592994438723E-34,0.026,0.021));
#6761=CARTESIAN_POINT('',(-0.0107695526217005,0.026,0.0215));
#6762=CARTESIAN_POINT('',(-0.0183847763108503,0.0183847763108503,0.022));
#6763=CARTESIAN_POINT('',(-0.026,0.0107695526217005,0.0225));
#6764=CARTESIAN_POINT('',(-0.026,3.85185988877447E-34,0.023));
#6765=CARTESIAN_POINT('',(-0.026,-0.0107695526217005,0.0235));
#6766=CARTESIAN_POINT('',(-0.0183847763108503,-0.0183847763108503,0.024));
#6767=CARTESIAN_POINT('',(-0.0107695526217005,-0.026,0.0245));
#6768=CARTESIAN_POINT('',(-3.18408167778312E-18,-0.026,0.025));
#6769=CARTESIAN_POINT('',(0.0107695526217005,-0.026,0.0255));
#6770=CARTESIAN_POINT('',(0.0183847763108503,-0.0183847763108503,0.026));
#6771=CARTESIAN_POINT('',(0.026,-0.0107695526217005,0.0265));
#6772=CARTESIAN_POINT('',(0.026,0.,0.027));
#6773=CARTESIAN_POINT('',(0.026,0.0107695526217005,0.0275));
#6774=CARTESIAN_POINT('',(0.0183847763108503,0.0183847763108503,0.028));
#6775=CARTESIAN_POINT('',(0.0107695526217005,0.026,0.0285));
#6776=CARTESIAN_POINT('',(1.92592994438723E-34,0.026,0.029));
#6777=CARTESIAN_POINT('',(-0.0107695526217005,0.026,0.0295));
#6778=CARTESIAN_POINT('',(-0.0183847763108503,0.0183847763108503,0.03));
#6779=CARTESIAN_POINT('',(-0.026,0.0107695526217005,0.0305));
#6780=CARTESIAN_POINT('',(-0.026,3.85185988877447E-34,0.031));
#6781=CARTESIAN_POINT('',(-0.026,-0.0107695526217005,0.0315));
#6782=CARTESIAN_POINT('',(-0.0183847763108503,-0.0183847763108503,0.032));
#6783=CARTESIAN_POINT('',(-0.0107695526217005,-0.026,0.0325));
#6784=CARTESIAN_POINT('',(-3.18408167778312E-18,-0.026,0.033));
#6785=CARTESIAN_POINT('',(0.0107695526217005,-0.026,0.0335));
#6786=CARTESIAN_POINT('',(0.0183847763108503,-0.0183847763108503,0.034));
#6787=CARTESIAN_POINT('',(0.026,-0.0107695526217005,0.0345));
#6788=CARTESIAN_POINT('',(0.026,0.,0.035));
#6789=CARTESIAN_POINT('',(0.026,0.0107695526217005,0.0355));
#6790=CARTESIAN_POINT('',(0.0183847763108503,0.0183847763108503,0.036));
#6791=CARTESIAN_POINT('',(0.0107695526217005,0.026,0.0365));
#6792=CARTESIAN_POINT('',(1.92592994438723E-34,0.026,0.037));
#6793=CARTESIAN_POINT('',(-0.0107695526217005,0.026,0.0375));
#6794=CARTESIAN_POINT('',(-0.0183847763108503,0.0183847763108503,0.038));
#6795=CARTESIAN_POINT('',(-0.026,0.0107695526217005,0.0385));
#6796=CARTESIAN_POINT('',(-0.026,3.85185988877447E-34,0.039));
#6797=CARTESIAN_POINT('',(-0.026,-0.0107695526217005,0.0395));
#6798=CARTESIAN_POINT('',(-0.0183847763108503,-0.0183847763108503,0.04));
#6799=CARTESIAN_POINT('',(-0.0107695526217005,-0.026,0.0405));
#6800=CARTESIAN_POINT('',(-3.18408167778312E-18,-0.026,0.041));
#6801=CARTESIAN_POINT('',(0.00132670009199806,-0.026,0.0410615949491404));
#6802=CARTESIAN_POINT('',(0.00264650934260022,-0.0258649567619884,0.0411254669612666));
#6803=CARTESIAN_POINT('',(0.0252,0.,0.0198));
#6804=CARTESIAN_POINT('',(0.0252,0.010438181771802,0.0203));
#6805=CARTESIAN_POINT('',(0.017819090885901,0.017819090885901,0.0208));
#6806=CARTESIAN_POINT('',(0.010438181771802,0.0252,0.0213));
#6807=CARTESIAN_POINT('',(-4.89858719658944E-20,0.0252,0.0218));
#6808=CARTESIAN_POINT('',(-0.010438181771802,0.0252,0.0223));
#6809=CARTESIAN_POINT('',(-0.017819090885901,0.017819090885901,0.0228));
#6810=CARTESIAN_POINT('',(-0.0252,0.010438181771802,0.0233));
#6811=CARTESIAN_POINT('',(-0.0252,-9.79717439317889E-20,0.0238));
#6812=CARTESIAN_POINT('',(-0.0252,-0.010438181771802,0.0243));
#6813=CARTESIAN_POINT('',(-0.017819090885901,-0.017819090885901,0.0248));
#6814=CARTESIAN_POINT('',(-0.010438181771802,-0.0252,0.0253));
#6815=CARTESIAN_POINT('',(-3.03712406188543E-18,-0.0252,0.0258));
#6816=CARTESIAN_POINT('',(0.010438181771802,-0.0252,0.0263));
#6817=CARTESIAN_POINT('',(0.017819090885901,-0.017819090885901,0.0268));
#6818=CARTESIAN_POINT('',(0.0252,-0.010438181771802,0.0273));
#6819=CARTESIAN_POINT('',(0.0252,0.,0.0278));
#6820=CARTESIAN_POINT('',(0.0252,0.010438181771802,0.0283));
#6821=CARTESIAN_POINT('',(0.017819090885901,0.017819090885901,0.0288));
#6822=CARTESIAN_POINT('',(0.010438181771802,0.0252,0.0293));
#6823=CARTESIAN_POINT('',(-4.89858719658944E-20,0.0252,0.0298));
#6824=CARTESIAN_POINT('',(-0.010438181771802,0.0252,0.0303));
#6825=CARTESIAN_POINT('',(-0.017819090885901,0.017819090885901,0.0308));
#6826=CARTESIAN_POINT('',(-0.0252,0.010438181771802,0.0313));
#6827=CARTESIAN_POINT('',(-0.0252,-9.79717439317889E-20,0.0318));
#6828=CARTESIAN_POINT('',(-0.0252,-0.010438181771802,0.0323));
#6829=CARTESIAN_POINT('',(-0.017819090885901,-0.017819090885901,0.0328));
#6830=CARTESIAN_POINT('',(-0.010438181771802,-0.0252,0.0333));
#6831=CARTESIAN_POINT('',(-3.03712406188543E-18,-0.0252,0.0338));
#6832=CARTESIAN_POINT('',(0.010438181771802,-0.0252,0.0343));
#6833=CARTESIAN_POINT('',(0.017819090885901,-0.017819090885901,0.0348));
#6834=CARTESIAN_POINT('',(0.0252,-0.010438181771802,0.0353));
#6835=CARTESIAN_POINT('',(0.0252,0.,0.0358));
#6836=CARTESIAN_POINT('',(0.0252,0.010438181771802,0.0363));
#6837=CARTESIAN_POINT('',(0.017819090885901,0.017819090885901,0.0368));
#6838=CARTESIAN_POINT('',(0.010438181771802,0.0252,0.0373));
#6839=CARTESIAN_POINT('',(-4.89858719658944E-20,0.0252,0.0378));
#6840=CARTESIAN_POINT('',(-0.010438181771802,0.0252,0.0383));
#6841=CARTESIAN_POINT('',(-0.017819090885901,0.017819090885901,0.0388));
#6842=CARTESIAN_POINT('',(-0.0252,0.010438181771802,0.0393));
#6843=CARTESIAN_POINT('',(-0.0252,-9.79717439317889E-20,0.0398));
#6844=CARTESIAN_POINT('',(-0.0252,-0.010438181771802,0.0403));
#6845=CARTESIAN_POINT('',(-0.017819090885901,-0.017819090885901,0.0408));
#6846=CARTESIAN_POINT('',(-0.010438181771802,-0.0252,0.0413));
#6847=CARTESIAN_POINT('',(-3.03712406188543E-18,-0.0252,0.0418));
#6848=CARTESIAN_POINT('',(0.00128587855070582,-0.0252,0.0418615949491405));
#6849=CARTESIAN_POINT('',(0.00256507828590483,-0.0250691119385426,0.0419254669612666));
#6850=CARTESIAN_POINT('',(0.026,0.,0.019));
#6851=CARTESIAN_POINT('',(0.0257303752537721,0.000265378421853351,0.0192819455190202));
#6852=CARTESIAN_POINT('',(0.0254595233856077,0.000531964639680497,0.0195615789178619));
#6853=CARTESIAN_POINT('',(0.0251873015873016,0.000799899212598031,0.0198385679750056));
#6854=CARTESIAN_POINT('',(0.0252,0.,0.02019));
#6855=CARTESIAN_POINT('',(0.0252,0.010438181771802,0.02069));
#6856=CARTESIAN_POINT('',(0.017819090885901,0.017819090885901,0.02119));
#6857=CARTESIAN_POINT('',(0.010438181771802,0.0252,0.02169));
#6858=CARTESIAN_POINT('',(-4.89858719658941E-20,0.0252,0.02219));
#6859=CARTESIAN_POINT('',(-0.010438181771802,0.0252,0.02269));
#6860=CARTESIAN_POINT('',(-0.017819090885901,0.017819090885901,0.02319));
#6861=CARTESIAN_POINT('',(-0.0252,0.010438181771802,0.02369));
#6862=CARTESIAN_POINT('',(-0.0252,-9.79717439317881E-20,0.02419));
#6863=CARTESIAN_POINT('',(-0.0252,-0.010438181771802,0.02469));
#6864=CARTESIAN_POINT('',(-0.017819090885901,-0.017819090885901,0.02519));
#6865=CARTESIAN_POINT('',(-0.010438181771802,-0.0252,0.02569));
#6866=CARTESIAN_POINT('',(-3.03712406188543E-18,-0.0252,0.02619));
#6867=CARTESIAN_POINT('',(0.010438181771802,-0.0252,0.02669));
#6868=CARTESIAN_POINT('',(0.017819090885901,-0.017819090885901,0.02719));
#6869=CARTESIAN_POINT('',(0.0252,-0.010438181771802,0.02769));
#6870=CARTESIAN_POINT('',(0.0252,0.,0.02819));
#6871=CARTESIAN_POINT('',(0.0252,0.010438181771802,0.02869));
#6872=CARTESIAN_POINT('',(0.017819090885901,0.017819090885901,0.02919));
#6873=CARTESIAN_POINT('',(0.010438181771802,0.0252,0.02969));
#6874=CARTESIAN_POINT('',(-4.89858719658941E-20,0.0252,0.03019));
#6875=CARTESIAN_POINT('',(-0.010438181771802,0.0252,0.03069));
#6876=CARTESIAN_POINT('',(-0.017819090885901,0.017819090885901,0.03119));
#6877=CARTESIAN_POINT('',(-0.0252,0.010438181771802,0.03169));
#6878=CARTESIAN_POINT('',(-0.0252,-9.79717439317881E-20,0.03219));
#6879=CARTESIAN_POINT('',(-0.0252,-0.010438181771802,0.03269));
#6880=CARTESIAN_POINT('',(-0.017819090885901,-0.017819090885901,0.03319));
#6881=CARTESIAN_POINT('',(-0.010438181771802,-0.0252,0.03369));
#6882=CARTESIAN_POINT('',(-3.03712406188543E-18,-0.0252,0.03419));
#6883=CARTESIAN_POINT('',(0.010438181771802,-0.0252,0.03469));
#6884=CARTESIAN_POINT('',(0.017819090885901,-0.017819090885901,0.03519));
#6885=CARTESIAN_POINT('',(0.0252,-0.010438181771802,0.03569));
#6886=CARTESIAN_POINT('',(0.0252,0.,0.03619));
#6887=CARTESIAN_POINT('',(0.0252,0.010438181771802,0.03669));
#6888=CARTESIAN_POINT('',(0.017819090885901,0.017819090885901,0.03719));
#6889=CARTESIAN_POINT('',(0.010438181771802,0.0252,0.03769));
#6890=CARTESIAN_POINT('',(-4.89858719658941E-20,0.0252,0.03819));
#6891=CARTESIAN_POINT('',(-0.010438181771802,0.0252,0.03869));
#6892=CARTESIAN_POINT('',(-0.017819090885901,0.017819090885901,0.03919));
#6893=CARTESIAN_POINT('',(-0.0252,0.010438181771802,0.03969));
#6894=CARTESIAN_POINT('',(-0.0252,-9.79717439317881E-20,0.04019));
#6895=CARTESIAN_POINT('',(-0.0252,-0.00962209080691266,0.0406509083754848));
#6896=CARTESIAN_POINT('',(-0.018786988090514,-0.016795507687679,0.0411217649673814));
#6897=CARTESIAN_POINT('',(0.026,0.,0.02099));
#6898=CARTESIAN_POINT('',(0.026,0.0107695526217005,0.02149));
#6899=CARTESIAN_POINT('',(0.0183847763108503,0.0183847763108503,0.02199));
#6900=CARTESIAN_POINT('',(0.0107695526217005,0.026,0.02249));
#6901=CARTESIAN_POINT('',(-3.85185988877447E-34,0.026,0.02299));
#6902=CARTESIAN_POINT('',(-0.0107695526217005,0.026,0.02349));
#6903=CARTESIAN_POINT('',(-0.0183847763108503,0.0183847763108503,0.02399));
#6904=CARTESIAN_POINT('',(-0.026,0.0107695526217005,0.02449));
#6905=CARTESIAN_POINT('',(-0.026,-7.70371977754894E-34,0.02499));
#6906=CARTESIAN_POINT('',(-0.026,-0.0107695526217005,0.02549));
#6907=CARTESIAN_POINT('',(-0.0183847763108503,-0.0183847763108503,0.02599));
#6908=CARTESIAN_POINT('',(-0.0107695526217005,-0.026,0.02649));
#6909=CARTESIAN_POINT('',(-3.18408167778311E-18,-0.026,0.02699));
#6910=CARTESIAN_POINT('',(0.0107695526217005,-0.026,0.02749));
#6911=CARTESIAN_POINT('',(0.0183847763108503,-0.0183847763108503,0.02799));
#6912=CARTESIAN_POINT('',(0.026,-0.0107695526217005,0.02849));
#6913=CARTESIAN_POINT('',(0.026,0.,0.02899));
#6914=CARTESIAN_POINT('',(0.026,0.0107695526217005,0.02949));
#6915=CARTESIAN_POINT('',(0.0183847763108503,0.0183847763108503,0.02999));
#6916=CARTESIAN_POINT('',(0.0107695526217005,0.026,0.03049));
#6917=CARTESIAN_POINT('',(-3.85185988877447E-34,0.026,0.03099));
#6918=CARTESIAN_POINT('',(-0.0107695526217005,0.026,0.03149));
#6919=CARTESIAN_POINT('',(-0.0183847763108503,0.0183847763108503,0.03199));
#6920=CARTESIAN_POINT('',(-0.026,0.0107695526217005,0.03249));
#6921=CARTESIAN_POINT('',(-0.026,-7.70371977754894E-34,0.03299));
#6922=CARTESIAN_POINT('',(-0.026,-0.0107695526217005,0.03349));
#6923=CARTESIAN_POINT('',(-0.0183847763108503,-0.0183847763108503,0.03399));
#6924=CARTESIAN_POINT('',(-0.0107695526217005,-0.026,0.03449));
#6925=CARTESIAN_POINT('',(-3.18408167778311E-18,-0.026,0.03499));
#6926=CARTESIAN_POINT('',(0.0107695526217005,-0.026,0.03549));
#6927=CARTESIAN_POINT('',(0.0183847763108503,-0.0183847763108503,0.03599));
#6928=CARTESIAN_POINT('',(0.026,-0.0107695526217005,0.03649));
#6929=CARTESIAN_POINT('',(0.026,0.,0.03699));
#6930=CARTESIAN_POINT('',(0.026,0.0107695526217005,0.03749));
#6931=CARTESIAN_POINT('',(0.0183847763108503,0.0183847763108503,0.03799));
#6932=CARTESIAN_POINT('',(0.0107695526217005,0.026,0.03849));
#6933=CARTESIAN_POINT('',(-3.85185988877447E-34,0.026,0.03899));
#6934=CARTESIAN_POINT('',(-0.0107695526217005,0.026,0.03949));
#6935=CARTESIAN_POINT('',(-0.0183847763108503,0.0183847763108503,0.03999));
#6936=CARTESIAN_POINT('',(-0.026,0.0107695526217005,0.04049));
#6937=CARTESIAN_POINT('',(-0.026,-7.70371977754894E-34,0.04099));
#6938=CARTESIAN_POINT('',(-0.026,-0.00992755400713212,0.0414509083754848));
#6939=CARTESIAN_POINT('',(-0.0193834004108478,-0.0173286984079228,0.0419217649673814));
#6940=CARTESIAN_POINT('',(0.0251873015872985,0.000799899212606514,0.0202285679750062));
#6941=CARTESIAN_POINT('',(0.0254598022421413,0.000531690174868329,0.0204789948586832));
#6942=CARTESIAN_POINT('',(0.0257306474256583,0.000265110536406523,0.0207329557612837));
#6943=CARTESIAN_POINT('',(0.026,0.,0.02099));
#6944=CARTESIAN_POINT('',(0.000799899212598021,-0.0251873015873016,0.019));
#6945=CARTESIAN_POINT('',(-0.0251873015873016,-0.000799899212598022,0.019));
#6946=CARTESIAN_POINT('',(-0.000799899212598024,0.0251873015873016,0.019));
#6947=CARTESIAN_POINT('',(0.0251873015873016,0.000799899212598025,0.019));
#6948=CARTESIAN_POINT('',(0.,0.,0.019));
#6949=CARTESIAN_POINT('',(0.,0.,0.0334));
#6950=CARTESIAN_POINT('',(0.,0.,0.0264));
#6951=CARTESIAN_POINT('',(0.,0.,0.019));
#6952=CARTESIAN_POINT('',(0.,0.,0.0406));
#6953=CARTESIAN_POINT('',(-0.00487253346938888,-0.0276335104804239,0.002));
#6954=CARTESIAN_POINT('',(-0.0047232304325405,-0.0267867708819321,0.002));
#6955=CARTESIAN_POINT('',(-0.0047232304325405,-0.0267867708819321,0.002));
#6956=CARTESIAN_POINT('',(-0.0047232304325405,-0.0267867708819321,0.0003));
#6957=CARTESIAN_POINT('',(-0.00494897306350751,-0.0280670209608479,0.0003));
#6958=CARTESIAN_POINT('',(1.70836912847425E-18,-3.01231570359416E-19,-0.0147384615384614));
#6959=CARTESIAN_POINT('',(-6.4059271032318E-17,-7.8236028766554E-16,0.002));
#6960=CARTESIAN_POINT('',(1.6655196468404E-18,-0.0272,0.002));
#6961=CARTESIAN_POINT('',(1.6655196468404E-18,-0.0272,0.002));
#6962=CARTESIAN_POINT('',(1.6655196468404E-18,-0.0272,0.0003));
#6963=CARTESIAN_POINT('',(-6.4059271032318E-17,-7.8236028766554E-16,0.0003));
#6964=CARTESIAN_POINT('',(-6.4059271032318E-17,-7.8236028766554E-16,0.002));
#6965=CARTESIAN_POINT('',(0.,-0.02785,0.002));
#6966=CARTESIAN_POINT('',(0.,-0.02785,0.0003));
#6967=CARTESIAN_POINT('',(0.,0.,-0.0147384615384614));
#6968=CARTESIAN_POINT('',(-6.4059271032318E-17,-7.8236028766554E-16,0.0003));
#6969=CARTESIAN_POINT('',(1.6655196468404E-18,-0.0272,0.0003));
#6970=CARTESIAN_POINT('',(-9.98188388091625E-5,-0.0272998188388092,0.000200181161190834));
#6971=CARTESIAN_POINT('',(-0.000199820156371225,-0.0273992707184576,0.000100179843628772));
#6972=CARTESIAN_POINT('',(-0.000299999999999994,-0.0274983635876756,2.29627227069977E-19));
#6973=CARTESIAN_POINT('',(-0.0047232304325405,-0.0267867708819321,0.0003));
#6974=CARTESIAN_POINT('',(-0.0046422614256406,-0.026902406607744,0.000200181161190835));
#6975=CARTESIAN_POINT('',(-0.00456104899046054,-0.0270177126364323,0.00010017984362877));
#6976=CARTESIAN_POINT('',(-0.00447959839991887,-0.0271326961095915,-5.15529064209287E-20));
#6977=CARTESIAN_POINT('',(-0.00487253346938888,-0.0276335104804239,0.0003));
#6978=CARTESIAN_POINT('',(-0.00470535385826576,-0.0284130189361937,0.));
#6979=CARTESIAN_POINT('',(-0.00478678944180494,-0.0282979966154425,0.000100171810429924));
#6980=CARTESIAN_POINT('',(-0.00486799744625126,-0.0281826661272271,0.000200173011923342));
#6981=CARTESIAN_POINT('',(-0.00494897306350752,-0.0280670209608479,0.0003));
#6982=CARTESIAN_POINT('',(-0.000299999999999994,0.,0.));
#6983=CARTESIAN_POINT('',(0.,-0.0285,0.0003));
#6984=CARTESIAN_POINT('',(-9.98269880766537E-5,-0.0285998269880767,0.000200173011923344));
#6985=CARTESIAN_POINT('',(-0.000199828189570074,-0.0286993037250458,0.000100171810429922));
#6986=CARTESIAN_POINT('',(-0.000299999999999994,-0.0287984374576122,6.27078263377055E-20));
#6987=CARTESIAN_POINT('',(0.,0.,0.0003));
#6988=CARTESIAN_POINT('',(0.,0.,0.0028));
#6989=CARTESIAN_POINT('',(0.,-0.0105343753565377,0.0005));
#6990=CARTESIAN_POINT('',(-0.00259724113388022,-0.029686602003134,0.0005));
#6991=CARTESIAN_POINT('',(-0.00359724113388022,-0.029686602003134,0.0005));
#6992=CARTESIAN_POINT('',(-0.00259724113388022,-0.029686602003134,0.0005));
#6993=CARTESIAN_POINT('',(0.,-1.80635402874235E-18,0.0045));
#6994=CARTESIAN_POINT('',(0.,-1.80635402874235E-18,0.0036));
#6995=CARTESIAN_POINT('',(-0.0295,-1.80635402874235E-18,0.0036));
#6996=CARTESIAN_POINT('',(0.,-1.80635402874235E-18,0.0045));
#6997=CARTESIAN_POINT('',(-0.0295,-1.80635402874235E-18,0.0045));
#6998=CARTESIAN_POINT('',(0.,0.,0.0045));
#6999=CARTESIAN_POINT('',(0.,-1.80635402874235E-18,0.0126));
#7000=CARTESIAN_POINT('',(0.,-1.80635402874235E-18,0.0096));
#7001=CARTESIAN_POINT('',(0.,-1.80635402874235E-18,0.0066));
#7002=CARTESIAN_POINT('',(0.,-1.80635402874235E-18,0.0036));
#7003=CARTESIAN_POINT('',(0.,-1.18790739517293E-18,0.039));
#7004=CARTESIAN_POINT('',(0.,-1.18790739517293E-18,0.03935));
#7005=CARTESIAN_POINT('',(-0.0194,-1.18790739517293E-18,0.03935));
#7006=CARTESIAN_POINT('',(0.,-1.18790739517293E-18,0.04));
#7007=CARTESIAN_POINT('',(-0.0194,-1.18790739517293E-18,0.04));
#7008=CARTESIAN_POINT('',(0.,0.,0.04));
#7009=CARTESIAN_POINT('',(0.,-1.18790739517293E-18,0.033));
#7010=CARTESIAN_POINT('',(0.,-1.18790739517293E-18,0.035));
#7011=CARTESIAN_POINT('',(0.,-1.18790739517293E-18,0.037));
#7012=CARTESIAN_POINT('',(0.,-1.18790739517293E-18,0.039));
#7013=CARTESIAN_POINT('',(0.,-1.27975590510898E-18,0.043));
#7014=CARTESIAN_POINT('',(0.,-1.27975590510898E-18,0.0424));
#7015=CARTESIAN_POINT('',(-0.0209,-1.27975590510898E-18,0.0424));
#7016=CARTESIAN_POINT('',(0.,-1.4818226269683E-18,0.043));
#7017=CARTESIAN_POINT('',(0.,-1.4818226269683E-18,0.0424));
#7018=CARTESIAN_POINT('',(-0.0242,-1.4818226269683E-18,0.0424));
#7019=CARTESIAN_POINT('',(0.,0.,0.043));
#7020=CARTESIAN_POINT('',(0.,-1.27975590510898E-18,0.043));
#7021=CARTESIAN_POINT('',(-0.0215,-1.27975590510898E-18,0.043));
#7022=CARTESIAN_POINT('',(0.,-1.4818226269683E-18,0.043));
#7023=CARTESIAN_POINT('',(-0.0236,-1.4818226269683E-18,0.043));
#7024=CARTESIAN_POINT('',(0.,-1.27975590510898E-18,0.0424));
#7025=CARTESIAN_POINT('',(0.,-1.4818226269683E-18,0.043));
#7026=CARTESIAN_POINT('',(0.,0.,0.));
#7027=CARTESIAN_POINT('',(0.075,1.01331558170223E-18,0.002));
#7028=CARTESIAN_POINT('',(0.075,1.01331558170223E-18,-0.0007));
#7029=CARTESIAN_POINT('',(0.06025,1.01331558170223E-18,-0.0007));
#7030=CARTESIAN_POINT('',(0.075,1.01331558170223E-18,0.0002));
#7031=CARTESIAN_POINT('',(0.08975,1.01331558170223E-18,0.0002));
#7032=CARTESIAN_POINT('',(0.075,0.,0.0015));
#7033=CARTESIAN_POINT('',(0.075,2.1491754879114E-18,0.0015));
#7034=CARTESIAN_POINT('',(0.059218160834854,-0.00530622771519127,0.0015));
#7035=CARTESIAN_POINT('',(0.0625137524178063,-0.011014359777861,0.0015));
#7036=CARTESIAN_POINT('',(0.0674971310554415,0.00566285372205859,0.0015));
#7037=CARTESIAN_POINT('',(0.0591816815839657,-0.00535451169272204,0.00150000021022316));
#7038=CARTESIAN_POINT('',(0.075,2.12162093493058E-18,0.0015));
#7039=CARTESIAN_POINT('',(0.0624536976412245,-0.0110218097470761,0.00150000021022289));
#7040=CARTESIAN_POINT('',(0.0761527407089392,-0.00932910196828138,0.0015));
#7041=CARTESIAN_POINT('',(0.075,0.,0.0015));
#7042=CARTESIAN_POINT('',(0.075,2.1491754879114E-18,0.0015));
#7043=CARTESIAN_POINT('',(0.0874862475821937,-0.011014359777861,0.0015));
#7044=CARTESIAN_POINT('',(0.090781839165146,-0.00530622771519126,0.0015));
#7045=CARTESIAN_POINT('',(0.0738472592910606,-0.00932910196828111,0.0015));
#7046=CARTESIAN_POINT('',(0.0875463023587752,-0.0110218097470759,0.00150000021022315));
#7047=CARTESIAN_POINT('',(0.075,2.12162093493058E-18,0.0015));
#7048=CARTESIAN_POINT('',(0.0908183184160346,-0.0053545116927222,0.00150000021022289));
#7049=CARTESIAN_POINT('',(0.0825028689445568,0.0056628537220585,0.0015));
#7050=CARTESIAN_POINT('',(0.075,0.,0.0015));
#7051=CARTESIAN_POINT('',(0.075,2.1491754879114E-18,0.0015));
#7052=CARTESIAN_POINT('',(0.0782955915829523,0.0163205874930522,0.0015));
#7053=CARTESIAN_POINT('',(0.0717044084170477,0.0163205874930522,0.0015));
#7054=CARTESIAN_POINT('',(0.0836556096534962,0.00366624824622202,0.0015));
#7055=CARTESIAN_POINT('',(0.0782720160572591,0.0163763214397979,0.00150000021022315));
#7056=CARTESIAN_POINT('',(0.075,2.12162093493058E-18,0.0015));
#7057=CARTESIAN_POINT('',(0.0717279839427409,0.0163763214397983,0.00150000021022289));
#7058=CARTESIAN_POINT('',(0.0663443903465029,0.0036662482462235,0.0015));
#7059=CARTESIAN_POINT('',(0.075,0.,0.0005));
#7060=CARTESIAN_POINT('',(0.075,2.12162093493058E-18,0.0005));
#7061=CARTESIAN_POINT('',(0.0624536976412248,-0.0110218097470759,0.000499999789776797));
#7062=CARTESIAN_POINT('',(0.0591816815839657,-0.00535451169272202,0.000499999789776799));
#7063=CARTESIAN_POINT('',(0.0591799847988414,-0.00535675960698057,0.0005));
#7064=CARTESIAN_POINT('',(0.059218160834854,-0.00530622771519127,0.0005));
#7065=CARTESIAN_POINT('',(0.075,1.12965702762123E-18,0.0005));
#7066=CARTESIAN_POINT('',(0.0625137524178063,-0.011014359777861,0.0005));
#7067=CARTESIAN_POINT('',(0.0624509024978091,-0.011022155248969,0.0005));
#7068=CARTESIAN_POINT('',(0.075,0.,0.0005));
#7069=CARTESIAN_POINT('',(0.075,2.12162093493058E-18,0.0005));
#7070=CARTESIAN_POINT('',(0.0908183184160342,-0.00535451169272205,0.000499999789776801));
#7071=CARTESIAN_POINT('',(0.0875463023587752,-0.0110218097470759,0.000499999789776803));
#7072=CARTESIAN_POINT('',(0.0875490975021908,-0.011022155248969,0.0005));
#7073=CARTESIAN_POINT('',(0.0874862475821937,-0.011014359777861,0.0005));
#7074=CARTESIAN_POINT('',(0.075,1.12965702762123E-18,0.0005));
#7075=CARTESIAN_POINT('',(0.090781839165146,-0.00530622771519126,0.0005));
#7076=CARTESIAN_POINT('',(0.0908200152011586,-0.0053567596069806,0.0005));
#7077=CARTESIAN_POINT('',(0.075,0.,0.0005));
#7078=CARTESIAN_POINT('',(0.075,2.12162093493058E-18,0.0005));
#7079=CARTESIAN_POINT('',(0.0717279839427409,0.0163763214397979,0.000499999789776796));
#7080=CARTESIAN_POINT('',(0.0782720160572591,0.0163763214397979,0.000499999789776797));
#7081=CARTESIAN_POINT('',(0.0782709176989674,0.0163789148559506,0.0005));
#7082=CARTESIAN_POINT('',(0.0782955915829523,0.0163205874930522,0.0005));
#7083=CARTESIAN_POINT('',(0.075,1.12965702762123E-18,0.0005));
#7084=CARTESIAN_POINT('',(0.0717044084170477,0.0163205874930522,0.0005));
#7085=CARTESIAN_POINT('',(0.0717290823010326,0.0163789148559505,0.0005));
#7086=CARTESIAN_POINT('',(0.075,2.12162093493058E-18,0.001));
#7087=CARTESIAN_POINT('',(0.075,2.12162093493058E-18,0.001));
#7088=CARTESIAN_POINT('',(0.0587046965253134,-0.00550482492220509,0.000999999999999999));
#7089=CARTESIAN_POINT('',(0.0620850300366414,-0.0113597343103529,0.001));
#7090=CARTESIAN_POINT('',(0.0587046965253129,-0.00550482492220525,0.00100000037082212));
#7091=CARTESIAN_POINT('',(0.0588636912143483,-0.00545472138874017,0.000833333055322122));
#7092=CARTESIAN_POINT('',(0.0590226865443259,-0.00540461690386924,0.00066666584591853));
#7093=CARTESIAN_POINT('',(0.0591816817845125,-0.00535451162952245,0.000499999579554221));
#7094=CARTESIAN_POINT('',(0.0624536977962307,-0.0110218096049971,0.000499999579554287));
#7095=CARTESIAN_POINT('',(0.0623308077356895,-0.0111344508849061,0.000666665845918598));
#7096=CARTESIAN_POINT('',(0.0622079183139587,-0.0112470926373143,0.000833333055322052));
#7097=CARTESIAN_POINT('',(0.0620850300366409,-0.0113597343103532,0.00100000037082205));
#7098=CARTESIAN_POINT('',(0.075,2.12162093493058E-18,0.001));
#7099=CARTESIAN_POINT('',(0.075,2.12162093493058E-18,0.001));
#7100=CARTESIAN_POINT('',(0.0879149699633586,-0.0113597343103529,0.000999999999999999));
#7101=CARTESIAN_POINT('',(0.0912953034746866,-0.00550482492220505,0.001));
#7102=CARTESIAN_POINT('',(0.087914969963359,-0.0113597343103533,0.00100000037082213));
#7103=CARTESIAN_POINT('',(0.0877920816860412,-0.0112470926373144,0.000833333055322133));
#7104=CARTESIAN_POINT('',(0.0876691922643106,-0.0111344508849061,0.000666665845918535));
#7105=CARTESIAN_POINT('',(0.0875463022037694,-0.0110218096049971,0.000499999579554226));
#7106=CARTESIAN_POINT('',(0.0908183182154875,-0.00535451162952235,0.000499999579554296));
#7107=CARTESIAN_POINT('',(0.0909773134556741,-0.00540461690386913,0.000666665845918606));
#7108=CARTESIAN_POINT('',(0.0911363087856518,-0.00545472138874029,0.000833333055322057));
#7109=CARTESIAN_POINT('',(0.0912953034746871,-0.00550482492220535,0.00100000037082206));
#7110=CARTESIAN_POINT('',(0.075,2.12162093493058E-18,0.001));
#7111=CARTESIAN_POINT('',(0.075,2.12162093493058E-18,0.001));
#7112=CARTESIAN_POINT('',(0.078380333511328,0.016864559232558,0.000999999999999999));
#7113=CARTESIAN_POINT('',(0.071619666488672,0.016864559232558,0.001));
#7114=CARTESIAN_POINT('',(0.0783803335113281,0.0168645592325585,0.00100000037082213));
#7115=CARTESIAN_POINT('',(0.0783442270996106,0.0167018140260545,0.000833333055322123));
#7116=CARTESIAN_POINT('',(0.0783081211913635,0.0165390677887754,0.000666665845918527));
#7117=CARTESIAN_POINT('',(0.0782720160117181,0.0163763212345196,0.000499999579554215));
#7118=CARTESIAN_POINT('',(0.0717279839882818,0.0163763212345195,0.000499999579554284));
#7119=CARTESIAN_POINT('',(0.0716918788086364,0.0165390677887753,0.000666665845918596));
#7120=CARTESIAN_POINT('',(0.0716557729003895,0.0167018140260546,0.000833333055322051));
#7121=CARTESIAN_POINT('',(0.0716196664886719,0.0168645592325586,0.00100000037082205));
#7122=CARTESIAN_POINT('',(0.075,2.12162093493058E-18,0.0015));
#7123=CARTESIAN_POINT('',(0.0591816817845124,-0.00535451162952235,0.00150000042044564));
#7124=CARTESIAN_POINT('',(0.0590226865443258,-0.00540461690386914,0.00133333415408134));
#7125=CARTESIAN_POINT('',(0.0588636912143482,-0.00545472138874029,0.00116666694467794));
#7126=CARTESIAN_POINT('',(0.0587046965253129,-0.00550482492220537,0.000999999629177945));
#7127=CARTESIAN_POINT('',(0.062085030036641,-0.0113597343103532,0.000999999629177874));
#7128=CARTESIAN_POINT('',(0.0622079183139587,-0.0112470926373144,0.00116666694467776));
#7129=CARTESIAN_POINT('',(0.0623308077356895,-0.011134450884906,0.00133333415408159));
#7130=CARTESIAN_POINT('',(0.0624536977962306,-0.0110218096049971,0.00150000042044578));
#7131=CARTESIAN_POINT('',(0.075,2.12162093493058E-18,0.0015));
#7132=CARTESIAN_POINT('',(0.0875463022037694,-0.0110218096049972,0.00150000042044561));
#7133=CARTESIAN_POINT('',(0.0876691922643106,-0.0111344508849062,0.00133333415408131));
#7134=CARTESIAN_POINT('',(0.0877920816860413,-0.0112470926373143,0.00116666694467793));
#7135=CARTESIAN_POINT('',(0.0879149699633591,-0.0113597343103532,0.000999999629177939));
#7136=CARTESIAN_POINT('',(0.0912953034746871,-0.00550482492220519,0.000999999629177869));
#7137=CARTESIAN_POINT('',(0.0911363087856518,-0.00545472138874018,0.00116666694467776));
#7138=CARTESIAN_POINT('',(0.090977313455674,-0.0054046169038692,0.00133333415408158));
#7139=CARTESIAN_POINT('',(0.0908183182154875,-0.00535451162952247,0.00150000042044577));
#7140=CARTESIAN_POINT('',(0.075,2.12162093493058E-18,0.0015));
#7141=CARTESIAN_POINT('',(0.0782720160117182,0.0163763212345196,0.00150000042044562));
#7142=CARTESIAN_POINT('',(0.0783081211913636,0.0165390677887753,0.00133333415408132));
#7143=CARTESIAN_POINT('',(0.0783442270996105,0.0167018140260546,0.00116666694467793));
#7144=CARTESIAN_POINT('',(0.078380333511328,0.0168645592325586,0.000999999629177944));
#7145=CARTESIAN_POINT('',(0.0716196664886719,0.0168645592325585,0.00099999962917787));
#7146=CARTESIAN_POINT('',(0.0716557729003894,0.0167018140260546,0.00116666694467776));
#7147=CARTESIAN_POINT('',(0.0716918788086365,0.0165390677887753,0.00133333415408158));
#7148=CARTESIAN_POINT('',(0.0717279839882819,0.0163763212345196,0.00150000042044578));
#7149=CARTESIAN_POINT('',(0.075,1.12965702762123E-18,0.002));
#7150=CARTESIAN_POINT('',(0.075,1.12965702762123E-18,0.0001));
#7151=CARTESIAN_POINT('',(0.09165,1.12965702762123E-18,0.0001));
#7152=CARTESIAN_POINT('',(0.075,1.12965702762123E-18,0.0019));
#7153=CARTESIAN_POINT('',(0.09165,1.12965702762123E-18,0.0019));
#7154=CARTESIAN_POINT('',(0.075,1.12965702762123E-18,-0.0156978533624723));
#7155=CARTESIAN_POINT('',(0.0872756694337814,-0.0112485750187531,0.000944993410686819));
#7156=CARTESIAN_POINT('',(0.0872756676578885,-0.0112485769568008,0.025));
#7157=CARTESIAN_POINT('',(0.0872756694337814,-0.0112485750187531,0.00105500658931316));
#7158=CARTESIAN_POINT('',(0.075,1.12965702762123E-18,0.0176978533624728));
#7159=CARTESIAN_POINT('',(0.075,1.12965702762123E-18,0.01769785336247));
#7160=CARTESIAN_POINT('',(0.090879386439506,-0.0050067540687383,0.00105500658931319));
#7161=CARTESIAN_POINT('',(0.090879387229958,-0.00500675156174612,0.025));
#7162=CARTESIAN_POINT('',(0.09087938696471,-0.00500675147811375,0.00094499181616502));
#7163=CARTESIAN_POINT('',(0.075,1.12965702762123E-18,-0.0156978533624718));
#7164=CARTESIAN_POINT('',(0.075,1.12965702762123E-18,-0.015697853362474));
#7165=CARTESIAN_POINT('',(0.0786037170057244,0.0162553290874915,0.000944993410686697));
#7166=CARTESIAN_POINT('',(0.0786037195720694,0.0162553285185469,0.025));
#7167=CARTESIAN_POINT('',(0.0786037170057244,0.0162553290874915,0.00105500658931327));
#7168=CARTESIAN_POINT('',(0.075,1.12965702762123E-18,0.0176978533624733));
#7169=CARTESIAN_POINT('',(0.075,1.12965702762123E-18,0.0176978533624726));
#7170=CARTESIAN_POINT('',(0.0713962829942756,0.0162553290874915,0.00105500658931334));
#7171=CARTESIAN_POINT('',(0.0713962804279306,0.0162553285185469,0.025));
#7172=CARTESIAN_POINT('',(0.0713962804881268,0.0162553282470192,0.000944991816164883));
#7173=CARTESIAN_POINT('',(0.075,1.12965702762123E-18,-0.0156978533624723));
#7174=CARTESIAN_POINT('',(0.059120612770042,-0.00500675156174611,0.025));
#7175=CARTESIAN_POINT('',(0.059120613560494,-0.00500675406873829,0.0010550065893132));
#7176=CARTESIAN_POINT('',(0.059120613560494,-0.00500675406873829,0.000944993410686801));
#7177=CARTESIAN_POINT('',(0.075,1.12965702762123E-18,0.0176978533624737));
#7178=CARTESIAN_POINT('',(0.075,1.12965702762123E-18,0.0176978533624728));
#7179=CARTESIAN_POINT('',(0.0627243305662185,-0.0112485750187531,0.00105500658931316));
#7180=CARTESIAN_POINT('',(0.0627243323421114,-0.0112485769568007,0.025));
#7181=CARTESIAN_POINT('',(0.0627243325471632,-0.0112485767689054,0.000944991816165099));
#7182=CARTESIAN_POINT('',(0.075,1.12965702762123E-18,-0.0156978533624732));
#7183=CARTESIAN_POINT('',(0.075,1.12965702762123E-18,-0.0156978533624739));
#7184=CARTESIAN_POINT('',(0.075,0.,0.002));
#7185=CARTESIAN_POINT('',(0.075,1.94098553205635E-18,0.002));
#7186=CARTESIAN_POINT('',(0.09025,1.94098553205635E-18,0.002));
#7187=CARTESIAN_POINT('',(0.075,1.12965702762123E-18,0.002));
#7188=CARTESIAN_POINT('',(0.09155,1.12965702762123E-18,0.002));
#7189=CARTESIAN_POINT('',(0.075,0.,0.));
#7190=CARTESIAN_POINT('',(0.075,6.11526953651618E-20,0.));
#7191=CARTESIAN_POINT('',(0.09065,6.11526953651618E-20,0.));
#7192=CARTESIAN_POINT('',(0.075,1.12965702762123E-18,0.));
#7193=CARTESIAN_POINT('',(0.09155,1.12965702762123E-18,0.));
#7194=CARTESIAN_POINT('',(0.0703614558695674,0.0209231204537539,0.025));
#7195=CARTESIAN_POINT('',(0.0734699686484376,0.00690152542836199,0.0106317977279518));
#7196=CARTESIAN_POINT('',(0.0713843705074214,0.0163090506982656,0.000999999999999992));
#7197=CARTESIAN_POINT('',(0.0682754183930294,0.0303326274381317,0.0153578944202168));
#7198=CARTESIAN_POINT('',(0.054560774095391,-0.00644446317334713,0.025));
#7199=CARTESIAN_POINT('',(0.0590713800506839,-0.00502227457853296,0.000996596873942405));
#7200=CARTESIAN_POINT('',(0.0590681330374044,-0.00502329835788745,0.001));
#7201=CARTESIAN_POINT('',(0.0590713800506839,-0.00502227457853296,0.0010034031260576));
#7202=CARTESIAN_POINT('',(0.0796385441304326,0.0209231204537539,0.025));
#7203=CARTESIAN_POINT('',(0.078614892604868,0.016305726812603,0.000996596873943627));
#7204=CARTESIAN_POINT('',(0.0786156294925786,0.0163090506982655,0.00099999999999998));
#7205=CARTESIAN_POINT('',(0.078614892604868,0.016305726812603,0.00100340312605635));
#7206=CARTESIAN_POINT('',(0.095439225904609,-0.00644446317334714,0.025));
#7207=CARTESIAN_POINT('',(0.0817419120216073,-0.00212571669514143,0.01063179772795));
#7208=CARTESIAN_POINT('',(0.0909318669625956,-0.00502329835788747,0.00099999999999997));
#7209=CARTESIAN_POINT('',(0.104631116728436,-0.00934265521760771,0.0153578944202165));
#7210=CARTESIAN_POINT('',(0.0591993182258236,-0.0144786572804068,0.025));
#7211=CARTESIAN_POINT('',(0.0697881193299555,-0.00477580873322061,0.010631797727952));
#7212=CARTESIAN_POINT('',(0.0626837625299831,-0.011285752340378,0.000999999999999997));
#7213=CARTESIAN_POINT('',(0.0520934648785345,-0.0209899722205238,0.0153578944202176));
#7214=CARTESIAN_POINT('',(0.0908006817741764,-0.0144786572804068,0.025));
#7215=CARTESIAN_POINT('',(0.0873137273444484,-0.0112834522340689,0.000996596873942402));
#7216=CARTESIAN_POINT('',(0.0873162374700169,-0.0112857523403781,0.000999999999999986));
#7217=CARTESIAN_POINT('',(0.0873137273444484,-0.0112834522340689,0.00100340312605759));
#7218=CARTESIAN_POINT('',(0.0875225005231271,-0.0112374039408988,0.000873730157543146));
#7219=CARTESIAN_POINT('',(0.0875135143701812,-0.0113101286538245,0.000999999999999989));
#7220=CARTESIAN_POINT('',(0.0875225005231271,-0.0112374039408988,0.00112626984245684));
#7221=CARTESIAN_POINT('',(0.0909931275469693,-0.00522610160148265,0.000873730157543172));
#7222=CARTESIAN_POINT('',(0.0910516159193729,-0.0051819570082863,0.000999999999999988));
#7223=CARTESIAN_POINT('',(0.0909931275469693,-0.00522610160148264,0.00112626984245682));
#7224=CARTESIAN_POINT('',(0.0590068724530307,-0.00522610160148263,0.000873730157543171));
#7225=CARTESIAN_POINT('',(0.0589483840806271,-0.00518195700828629,0.001));
#7226=CARTESIAN_POINT('',(0.0590068724530307,-0.00522610160148264,0.00112626984245683));
#7227=CARTESIAN_POINT('',(0.0624774994768728,-0.0112374039408988,0.000873730157543147));
#7228=CARTESIAN_POINT('',(0.0624864856298188,-0.0113101286538245,0.001));
#7229=CARTESIAN_POINT('',(0.0624774994768728,-0.0112374039408988,0.00112626984245685));
#7230=CARTESIAN_POINT('',(0.0784706270238424,0.0164635055423826,0.00087373015754437));
#7231=CARTESIAN_POINT('',(0.0785381015491913,0.0164920856621117,0.000999999999999987));
#7232=CARTESIAN_POINT('',(0.0784706270238424,0.0164635055423826,0.00112626984245561));
#7233=CARTESIAN_POINT('',(0.0715293729761576,0.0164635055423826,0.00087373015754438));
#7234=CARTESIAN_POINT('',(0.0714618984508086,0.0164920856621117,0.000999999999999988));
#7235=CARTESIAN_POINT('',(0.0715293729761576,0.0164635055423826,0.00112626984245562));
#7236=CARTESIAN_POINT('',(0.075,1.06842468766386E-18,0.0005));
#7237=CARTESIAN_POINT('',(0.075,1.06842468766386E-18,0.001));
#7238=CARTESIAN_POINT('',(0.09055,1.06842468766386E-18,0.001));
#7239=CARTESIAN_POINT('',(0.075,1.06842468766386E-18,0.001));
#7240=CARTESIAN_POINT('',(0.075,1.06842468766386E-18,0.0014));
#7241=CARTESIAN_POINT('',(0.05985,1.06842468766386E-18,0.0014));
#7242=CARTESIAN_POINT('',(0.075,1.94098553205635E-18,0.001));
#7243=CARTESIAN_POINT('',(0.075,1.94098553205635E-18,0.0019));
#7244=CARTESIAN_POINT('',(0.09015,1.94098553205635E-18,0.0019));
#7245=CARTESIAN_POINT('',(0.075,6.11526953651618E-20,-0.0008));
#7246=CARTESIAN_POINT('',(0.075,6.11526953651618E-20,-0.0001));
#7247=CARTESIAN_POINT('',(0.09055,6.11526953651618E-20,-0.0001));
#7248=CARTESIAN_POINT('',(0.075,6.11526953651618E-20,-0.0007));
#7249=CARTESIAN_POINT('',(0.05945,6.11526953651618E-20,-0.0007));
#7250=CARTESIAN_POINT('',(0.075,0.,-0.0008));
#7251=CARTESIAN_POINT('',(0.075,1.01331558170223E-18,-0.0008));
#7252=CARTESIAN_POINT('',(0.06015,1.01331558170223E-18,-0.0008));
#7253=CARTESIAN_POINT('',(0.075,6.11526953651618E-20,-0.0008));
#7254=CARTESIAN_POINT('',(0.05955,6.11526953651618E-20,-0.0008));
#7255=CARTESIAN_POINT('',(0.075,6.11526953651618E-20,-0.0001));
#7256=CARTESIAN_POINT('',(0.075,1.01331558170223E-18,-0.0008));
#7257=CARTESIAN_POINT('',(0.075,6.11526953651618E-20,-0.0008));
#7258=CARTESIAN_POINT('',(0.075,1.94098553205635E-18,0.0019));
#7259=CARTESIAN_POINT('',(0.075,1.12965702762123E-18,0.0001));
#7260=CARTESIAN_POINT('',(0.075,1.12965702762123E-18,0.002));
#7261=CARTESIAN_POINT('',(0.,0.,0.));
#7262=CARTESIAN_POINT('',(0.12,8.68152888023637E-19,0.003));
#7263=CARTESIAN_POINT('',(0.12,8.68152888023637E-19,0.0029));
#7264=CARTESIAN_POINT('',(0.135,8.68152888023637E-19,0.0029));
#7265=CARTESIAN_POINT('',(0.12,8.68152888023637E-19,0.0001));
#7266=CARTESIAN_POINT('',(0.135,8.68152888023637E-19,0.0001));
#7267=CARTESIAN_POINT('',(0.12,9.66124631955425E-19,0.003));
#7268=CARTESIAN_POINT('',(0.12,9.66124631955425E-19,0.0029));
#7269=CARTESIAN_POINT('',(0.1366,9.66124631955425E-19,0.0029));
#7270=CARTESIAN_POINT('',(0.12,9.66124631955425E-19,0.0001));
#7271=CARTESIAN_POINT('',(0.1366,9.66124631955425E-19,0.0001));
#7272=CARTESIAN_POINT('',(0.12,0.,0.003));
#7273=CARTESIAN_POINT('',(0.12,9.66124631955425E-19,0.003));
#7274=CARTESIAN_POINT('',(0.1365,9.66124631955425E-19,0.003));
#7275=CARTESIAN_POINT('',(0.12,8.68152888023637E-19,0.003));
#7276=CARTESIAN_POINT('',(0.1351,8.68152888023637E-19,0.003));
#7277=CARTESIAN_POINT('',(0.12,0.,0.));
#7278=CARTESIAN_POINT('',(0.12,9.66124631955425E-19,0.));
#7279=CARTESIAN_POINT('',(0.1365,9.66124631955425E-19,0.));
#7280=CARTESIAN_POINT('',(0.12,8.68152888023637E-19,0.));
#7281=CARTESIAN_POINT('',(0.1351,8.68152888023637E-19,0.));
#7282=CARTESIAN_POINT('',(0.12,9.66124631955425E-19,0.003));
#7283=CARTESIAN_POINT('',(0.12,9.66124631955425E-19,0.0001));
#7284=CARTESIAN_POINT('',(0.12,8.68152888023637E-19,0.0029));
#7285=CARTESIAN_POINT('',(0.12,8.68152888023637E-19,0.));
#7286=MECHANICAL_DESIGN_GEOMETRIC_PRESENTATION_REPRESENTATION('',(#2942),
#7290);
#7287=MECHANICAL_DESIGN_GEOMETRIC_PRESENTATION_REPRESENTATION('',(#2943),
#7291);
#7288=MECHANICAL_DESIGN_GEOMETRIC_PRESENTATION_REPRESENTATION('',(#2944),
#7292);
#7289=MECHANICAL_DESIGN_GEOMETRIC_PRESENTATION_REPRESENTATION('',(#2945),
#7293);
#7290=(
GEOMETRIC_REPRESENTATION_CONTEXT(3)
GLOBAL_UNCERTAINTY_ASSIGNED_CONTEXT((#7294))
GLOBAL_UNIT_ASSIGNED_CONTEXT((#7306,#7302,#7298))
REPRESENTATION_CONTEXT('Ring3','TOP_LEVEL_ASSEMBLY_PART')
);
#7291=(
GEOMETRIC_REPRESENTATION_CONTEXT(3)
GLOBAL_UNCERTAINTY_ASSIGNED_CONTEXT((#7295))
GLOBAL_UNIT_ASSIGNED_CONTEXT((#7307,#7303,#7299))
REPRESENTATION_CONTEXT('Lens_Holder','TOP_LEVEL_ASSEMBLY_PART')
);
#7292=(
GEOMETRIC_REPRESENTATION_CONTEXT(3)
GLOBAL_UNCERTAINTY_ASSIGNED_CONTEXT((#7296))
GLOBAL_UNIT_ASSIGNED_CONTEXT((#7308,#7304,#7300))
REPRESENTATION_CONTEXT('Ring1','TOP_LEVEL_ASSEMBLY_PART')
);
#7293=(
GEOMETRIC_REPRESENTATION_CONTEXT(3)
GLOBAL_UNCERTAINTY_ASSIGNED_CONTEXT((#7297))
GLOBAL_UNIT_ASSIGNED_CONTEXT((#7309,#7305,#7301))
REPRESENTATION_CONTEXT('Ring2','TOP_LEVEL_ASSEMBLY_PART')
);
#7294=UNCERTAINTY_MEASURE_WITH_UNIT(LENGTH_MEASURE(1.E-8),#7306,
'DISTANCE_ACCURACY_VALUE','Maximum Tolerance applied to model');
#7295=UNCERTAINTY_MEASURE_WITH_UNIT(LENGTH_MEASURE(2.E-5),#7307,
'DISTANCE_ACCURACY_VALUE','Maximum Tolerance applied to model');
#7296=UNCERTAINTY_MEASURE_WITH_UNIT(LENGTH_MEASURE(2.E-5),#7308,
'DISTANCE_ACCURACY_VALUE','Maximum Tolerance applied to model');
#7297=UNCERTAINTY_MEASURE_WITH_UNIT(LENGTH_MEASURE(1.E-8),#7309,
'DISTANCE_ACCURACY_VALUE','Maximum Tolerance applied to model');
#7298=(
NAMED_UNIT(*)
SI_UNIT($,.STERADIAN.)
SOLID_ANGLE_UNIT()
);
#7299=(
NAMED_UNIT(*)
SI_UNIT($,.STERADIAN.)
SOLID_ANGLE_UNIT()
);
#7300=(
NAMED_UNIT(*)
SI_UNIT($,.STERADIAN.)
SOLID_ANGLE_UNIT()
);
#7301=(
NAMED_UNIT(*)
SI_UNIT($,.STERADIAN.)
SOLID_ANGLE_UNIT()
);
#7302=(
NAMED_UNIT(*)
PLANE_ANGLE_UNIT()
SI_UNIT($,.RADIAN.)
);
#7303=(
NAMED_UNIT(*)
PLANE_ANGLE_UNIT()
SI_UNIT($,.RADIAN.)
);
#7304=(
NAMED_UNIT(*)
PLANE_ANGLE_UNIT()
SI_UNIT($,.RADIAN.)
);
#7305=(
NAMED_UNIT(*)
PLANE_ANGLE_UNIT()
SI_UNIT($,.RADIAN.)
);
#7306=(
LENGTH_UNIT()
NAMED_UNIT(*)
SI_UNIT($,.METRE.)
);
#7307=(
LENGTH_UNIT()
NAMED_UNIT(*)
SI_UNIT($,.METRE.)
);
#7308=(
LENGTH_UNIT()
NAMED_UNIT(*)
SI_UNIT($,.METRE.)
);
#7309=(
LENGTH_UNIT()
NAMED_UNIT(*)
SI_UNIT($,.METRE.)
);
#7310=PRODUCT_DEFINITION_SHAPE('','',#7314);
#7311=PRODUCT_DEFINITION_SHAPE('','',#7315);
#7312=PRODUCT_DEFINITION_SHAPE('','',#7316);
#7313=PRODUCT_DEFINITION_SHAPE('','',#7317);
#7314=PRODUCT_DEFINITION('','',#7322,#7318);
#7315=PRODUCT_DEFINITION('','',#7323,#7319);
#7316=PRODUCT_DEFINITION('','',#7324,#7320);
#7317=PRODUCT_DEFINITION('','',#7325,#7321);
#7318=PRODUCT_DEFINITION_CONTEXT('',#7346,'design');
#7319=PRODUCT_DEFINITION_CONTEXT('',#7347,'design');
#7320=PRODUCT_DEFINITION_CONTEXT('',#7348,'design');
#7321=PRODUCT_DEFINITION_CONTEXT('',#7349,'design');
#7322=PRODUCT_DEFINITION_FORMATION_WITH_SPECIFIED_SOURCE('','',#7330,
 .NOT_KNOWN.);
#7323=PRODUCT_DEFINITION_FORMATION_WITH_SPECIFIED_SOURCE('','',#7331,
 .NOT_KNOWN.);
#7324=PRODUCT_DEFINITION_FORMATION_WITH_SPECIFIED_SOURCE('','',#7332,
 .NOT_KNOWN.);
#7325=PRODUCT_DEFINITION_FORMATION_WITH_SPECIFIED_SOURCE('','',#7333,
 .NOT_KNOWN.);
#7326=PRODUCT_RELATED_PRODUCT_CATEGORY('','',(#7330));
#7327=PRODUCT_RELATED_PRODUCT_CATEGORY('','',(#7331));
#7328=PRODUCT_RELATED_PRODUCT_CATEGORY('','',(#7332));
#7329=PRODUCT_RELATED_PRODUCT_CATEGORY('','',(#7333));
#7330=PRODUCT('Ring3','Ring3','Ring3',(#7338));
#7331=PRODUCT('Lens_Holder','Lens_Holder','Lens_Holder',(#7339));
#7332=PRODUCT('Ring1','Ring1','Ring1',(#7340));
#7333=PRODUCT('Ring2','Ring2','Ring2',(#7341));
#7334=PRODUCT_CATEGORY('','');
#7335=PRODUCT_CATEGORY('','');
#7336=PRODUCT_CATEGORY('','');
#7337=PRODUCT_CATEGORY('','');
#7338=PRODUCT_CONTEXT('',#7346,'mechanical');
#7339=PRODUCT_CONTEXT('',#7347,'mechanical');
#7340=PRODUCT_CONTEXT('',#7348,'mechanical');
#7341=PRODUCT_CONTEXT('',#7349,'mechanical');
#7342=APPLICATION_PROTOCOL_DEFINITION('international standard',
'ap242_managed_model_based_3d_engineering',2020,#7346);
#7343=APPLICATION_PROTOCOL_DEFINITION('international standard',
'ap242_managed_model_based_3d_engineering',2020,#7347);
#7344=APPLICATION_PROTOCOL_DEFINITION('international standard',
'ap242_managed_model_based_3d_engineering',2020,#7348);
#7345=APPLICATION_PROTOCOL_DEFINITION('international standard',
'ap242_managed_model_based_3d_engineering',2020,#7349);
#7346=APPLICATION_CONTEXT('managed model based 3d engineering');
#7347=APPLICATION_CONTEXT('managed model based 3d engineering');
#7348=APPLICATION_CONTEXT('managed model based 3d engineering');
#7349=APPLICATION_CONTEXT('managed model based 3d engineering');
ENDSEC;
END-ISO-10303-21;
