ISO-10303-21;
HEADER;
/* Generated by software containing ST-Developer
 * from STEP Tools, Inc. (www.steptools.com) 
 */
/* OPTION: using custom renumber hook */

FILE_DESCRIPTION(
/* description */ ('STEP AP242 Edition 2',
'CAx-IF Rec.Pracs.---Representation and Presentation of Product Manufa
cturing Information (PMI)---4.0---2014-10-13',
'CAx-IF Rec.Pracs.---3D Tessellated Geometry---0.4---2014-09-14','2;1',
'CAx-IF Rec.Pracs.---User Defined Attributes---1.5---2016-08-15'),
/* implementation_level */ '2;1');

FILE_NAME(
/* name */ 'Part Studio 1 - USB_Cover',
/* time_stamp */ '2026-09-22T19:28:43Z',
/* author */ (''),
/* organization */ (''),
/* preprocessor_version */ 'ST-DEVELOPER v20',
/* originating_system */ 'ONSHAPE BY PTC INC, 1.221',
/* authorisation */ '  ');

FILE_SCHEMA (('AP242_MANAGED_MODEL_BASED_3D_ENGINEERING_MIM_LF { 1 0 10303 442 3 1 4 }'));
ENDSEC;

DATA;
#10=SHAPE_REPRESENTATION_RELATIONSHIP('','',#1609,#11);
#11=ADVANCED_BREP_SHAPE_REPRESENTATION('',(#1607),#2619);
#12=CONICAL_SURFACE('',#1685,0.003,0.785398163397441);
#13=CONICAL_SURFACE('',#1688,0.0034,0.785398163397428);
#14=CONICAL_SURFACE('',#1723,0.0034,0.785398163397438);
#15=CONICAL_SURFACE('',#1726,0.003,0.785398163397452);
#16=CONICAL_SURFACE('',#1734,0.00165,0.785398163397438);
#17=CONICAL_SURFACE('',#1735,0.00165,0.785398163397436);
#18=CONICAL_SURFACE('',#1736,0.00165,0.785398163397448);
#19=CONICAL_SURFACE('',#1737,0.00165,0.785398163397452);
#20=CONICAL_SURFACE('',#1738,0.00205,0.785398163397448);
#21=CONICAL_SURFACE('',#1739,0.00205,0.785398163397448);
#22=CONICAL_SURFACE('',#1740,0.00205,0.785398163397456);
#23=CONICAL_SURFACE('',#1741,0.00205,0.78539816339746);
#24=LINE('',#2203,#204);
#25=LINE('',#2206,#205);
#26=LINE('',#2208,#206);
#27=LINE('',#2210,#207);
#28=LINE('',#2212,#208);
#29=LINE('',#2214,#209);
#30=LINE('',#2216,#210);
#31=LINE('',#2218,#211);
#32=LINE('',#2220,#212);
#33=LINE('',#2222,#213);
#34=LINE('',#2224,#214);
#35=LINE('',#2226,#215);
#36=LINE('',#2233,#216);
#37=LINE('',#2236,#217);
#38=LINE('',#2240,#218);
#39=LINE('',#2242,#219);
#40=LINE('',#2244,#220);
#41=LINE('',#2246,#221);
#42=LINE('',#2248,#222);
#43=LINE('',#2252,#223);
#44=LINE('',#2254,#224);
#45=LINE('',#2256,#225);
#46=LINE('',#2260,#226);
#47=LINE('',#2262,#227);
#48=LINE('',#2264,#228);
#49=LINE('',#2266,#229);
#50=LINE('',#2268,#230);
#51=LINE('',#2272,#231);
#52=LINE('',#2274,#232);
#53=LINE('',#2277,#233);
#54=LINE('',#2279,#234);
#55=LINE('',#2281,#235);
#56=LINE('',#2283,#236);
#57=LINE('',#2286,#237);
#58=LINE('',#2288,#238);
#59=LINE('',#2290,#239);
#60=LINE('',#2292,#240);
#61=LINE('',#2294,#241);
#62=LINE('',#2296,#242);
#63=LINE('',#2298,#243);
#64=LINE('',#2300,#244);
#65=LINE('',#2302,#245);
#66=LINE('',#2304,#246);
#67=LINE('',#2306,#247);
#68=LINE('',#2308,#248);
#69=LINE('',#2311,#249);
#70=LINE('',#2313,#250);
#71=LINE('',#2315,#251);
#72=LINE('',#2317,#252);
#73=LINE('',#2320,#253);
#74=LINE('',#2322,#254);
#75=LINE('',#2324,#255);
#76=LINE('',#2333,#256);
#77=LINE('',#2336,#257);
#78=LINE('',#2338,#258);
#79=LINE('',#2340,#259);
#80=LINE('',#2342,#260);
#81=LINE('',#2345,#261);
#82=LINE('',#2347,#262);
#83=LINE('',#2349,#263);
#84=LINE('',#2353,#264);
#85=LINE('',#2357,#265);
#86=LINE('',#2359,#266);
#87=LINE('',#2361,#267);
#88=LINE('',#2365,#268);
#89=LINE('',#2367,#269);
#90=LINE('',#2372,#270);
#91=LINE('',#2376,#271);
#92=LINE('',#2378,#272);
#93=LINE('',#2380,#273);
#94=LINE('',#2382,#274);
#95=LINE('',#2384,#275);
#96=LINE('',#2386,#276);
#97=LINE('',#2390,#277);
#98=LINE('',#2392,#278);
#99=LINE('',#2397,#279);
#100=LINE('',#2401,#280);
#101=LINE('',#2403,#281);
#102=LINE('',#2405,#282);
#103=LINE('',#2407,#283);
#104=LINE('',#2409,#284);
#105=LINE('',#2411,#285);
#106=LINE('',#2415,#286);
#107=LINE('',#2417,#287);
#108=LINE('',#2422,#288);
#109=LINE('',#2426,#289);
#110=LINE('',#2428,#290);
#111=LINE('',#2430,#291);
#112=LINE('',#2432,#292);
#113=LINE('',#2434,#293);
#114=LINE('',#2436,#294);
#115=LINE('',#2440,#295);
#116=LINE('',#2442,#296);
#117=LINE('',#2445,#297);
#118=LINE('',#2447,#298);
#119=LINE('',#2449,#299);
#120=LINE('',#2451,#300);
#121=LINE('',#2453,#301);
#122=LINE('',#2455,#302);
#123=LINE('',#2457,#303);
#124=LINE('',#2459,#304);
#125=LINE('',#2461,#305);
#126=LINE('',#2463,#306);
#127=LINE('',#2464,#307);
#128=LINE('',#2466,#308);
#129=LINE('',#2469,#309);
#130=LINE('',#2471,#310);
#131=LINE('',#2473,#311);
#132=LINE('',#2475,#312);
#133=LINE('',#2476,#313);
#134=LINE('',#2478,#314);
#135=LINE('',#2480,#315);
#136=LINE('',#2483,#316);
#137=LINE('',#2484,#317);
#138=LINE('',#2486,#318);
#139=LINE('',#2488,#319);
#140=LINE('',#2491,#320);
#141=LINE('',#2492,#321);
#142=LINE('',#2494,#322);
#143=LINE('',#2495,#323);
#144=LINE('',#2497,#324);
#145=LINE('',#2498,#325);
#146=LINE('',#2500,#326);
#147=LINE('',#2502,#327);
#148=LINE('',#2504,#328);
#149=LINE('',#2506,#329);
#150=LINE('',#2508,#330);
#151=LINE('',#2510,#331);
#152=LINE('',#2512,#332);
#153=LINE('',#2514,#333);
#154=LINE('',#2516,#334);
#155=LINE('',#2518,#335);
#156=LINE('',#2520,#336);
#157=LINE('',#2521,#337);
#158=LINE('',#2523,#338);
#159=LINE('',#2525,#339);
#160=LINE('',#2527,#340);
#161=LINE('',#2529,#341);
#162=LINE('',#2530,#342);
#163=LINE('',#2532,#343);
#164=LINE('',#2533,#344);
#165=LINE('',#2535,#345);
#166=LINE('',#2537,#346);
#167=LINE('',#2539,#347);
#168=LINE('',#2541,#348);
#169=LINE('',#2543,#349);
#170=LINE('',#2544,#350);
#171=LINE('',#2546,#351);
#172=LINE('',#2548,#352);
#173=LINE('',#2550,#353);
#174=LINE('',#2552,#354);
#175=LINE('',#2554,#355);
#176=LINE('',#2556,#356);
#177=LINE('',#2558,#357);
#178=LINE('',#2560,#358);
#179=LINE('',#2562,#359);
#180=LINE('',#2564,#360);
#181=LINE('',#2566,#361);
#182=LINE('',#2568,#362);
#183=LINE('',#2570,#363);
#184=LINE('',#2572,#364);
#185=LINE('',#2574,#365);
#186=LINE('',#2576,#366);
#187=LINE('',#2577,#367);
#188=LINE('',#2579,#368);
#189=LINE('',#2580,#369);
#190=LINE('',#2582,#370);
#191=LINE('',#2584,#371);
#192=LINE('',#2586,#372);
#193=LINE('',#2588,#373);
#194=LINE('',#2590,#374);
#195=LINE('',#2592,#375);
#196=LINE('',#2594,#376);
#197=LINE('',#2596,#377);
#198=LINE('',#2598,#378);
#199=LINE('',#2600,#379);
#200=LINE('',#2602,#380);
#201=LINE('',#2604,#381);
#202=LINE('',#2606,#382);
#203=LINE('',#2608,#383);
#204=VECTOR('',#1764,1.);
#205=VECTOR('',#1765,1.);
#206=VECTOR('',#1766,1.);
#207=VECTOR('',#1767,1.);
#208=VECTOR('',#1768,1.);
#209=VECTOR('',#1769,1.);
#210=VECTOR('',#1770,1.);
#211=VECTOR('',#1771,1.);
#212=VECTOR('',#1772,1.);
#213=VECTOR('',#1773,1.);
#214=VECTOR('',#1774,1.);
#215=VECTOR('',#1775,1.);
#216=VECTOR('',#1784,1.);
#217=VECTOR('',#1785,1.);
#218=VECTOR('',#1788,1.);
#219=VECTOR('',#1789,1.);
#220=VECTOR('',#1790,1.);
#221=VECTOR('',#1791,1.);
#222=VECTOR('',#1792,1.);
#223=VECTOR('',#1795,1.);
#224=VECTOR('',#1796,1.);
#225=VECTOR('',#1797,1.);
#226=VECTOR('',#1800,1.);
#227=VECTOR('',#1801,1.);
#228=VECTOR('',#1802,1.);
#229=VECTOR('',#1803,1.);
#230=VECTOR('',#1804,1.);
#231=VECTOR('',#1807,1.);
#232=VECTOR('',#1810,1.);
#233=VECTOR('',#1811,1.);
#234=VECTOR('',#1812,1.);
#235=VECTOR('',#1813,1.);
#236=VECTOR('',#1816,1.);
#237=VECTOR('',#1817,1.);
#238=VECTOR('',#1818,1.);
#239=VECTOR('',#1819,1.);
#240=VECTOR('',#1820,1.);
#241=VECTOR('',#1821,1.);
#242=VECTOR('',#1822,1.);
#243=VECTOR('',#1823,1.);
#244=VECTOR('',#1824,1.);
#245=VECTOR('',#1825,1.);
#246=VECTOR('',#1826,1.);
#247=VECTOR('',#1827,1.);
#248=VECTOR('',#1830,1.);
#249=VECTOR('',#1831,1.);
#250=VECTOR('',#1832,1.);
#251=VECTOR('',#1833,1.);
#252=VECTOR('',#1836,1.);
#253=VECTOR('',#1837,1.);
#254=VECTOR('',#1838,1.);
#255=VECTOR('',#1839,1.);
#256=VECTOR('',#1848,1.);
#257=VECTOR('',#1849,1.);
#258=VECTOR('',#1850,1.);
#259=VECTOR('',#1851,1.);
#260=VECTOR('',#1854,1.);
#261=VECTOR('',#1855,1.);
#262=VECTOR('',#1856,1.);
#263=VECTOR('',#1857,1.);
#264=VECTOR('',#1862,1.);
#265=VECTOR('',#1867,1.);
#266=VECTOR('',#1868,1.);
#267=VECTOR('',#1869,1.);
#268=VECTOR('',#1874,1.);
#269=VECTOR('',#1877,1.);
#270=VECTOR('',#1880,1.);
#271=VECTOR('',#1885,1.);
#272=VECTOR('',#1886,1.);
#273=VECTOR('',#1887,1.);
#274=VECTOR('',#1890,1.);
#275=VECTOR('',#1891,1.);
#276=VECTOR('',#1892,1.);
#277=VECTOR('',#1897,1.);
#278=VECTOR('',#1900,1.);
#279=VECTOR('',#1903,1.);
#280=VECTOR('',#1908,1.);
#281=VECTOR('',#1909,1.);
#282=VECTOR('',#1910,1.);
#283=VECTOR('',#1913,1.);
#284=VECTOR('',#1914,1.);
#285=VECTOR('',#1915,1.);
#286=VECTOR('',#1920,1.);
#287=VECTOR('',#1923,1.);
#288=VECTOR('',#1926,1.);
#289=VECTOR('',#1931,1.);
#290=VECTOR('',#1932,1.);
#291=VECTOR('',#1933,1.);
#292=VECTOR('',#1936,1.);
#293=VECTOR('',#1937,1.);
#294=VECTOR('',#1938,1.);
#295=VECTOR('',#1943,1.);
#296=VECTOR('',#1946,1.);
#297=VECTOR('',#1947,1.);
#298=VECTOR('',#1948,1.);
#299=VECTOR('',#1949,1.);
#300=VECTOR('',#1952,1.);
#301=VECTOR('',#1953,1.);
#302=VECTOR('',#1954,1.);
#303=VECTOR('',#1957,1.);
#304=VECTOR('',#1958,1.);
#305=VECTOR('',#1959,1.);
#306=VECTOR('',#1962,1.);
#307=VECTOR('',#1963,1.);
#308=VECTOR('',#1966,1.);
#309=VECTOR('',#1967,1.);
#310=VECTOR('',#1968,1.);
#311=VECTOR('',#1969,1.);
#312=VECTOR('',#1972,1.);
#313=VECTOR('',#1973,1.);
#314=VECTOR('',#1976,1.);
#315=VECTOR('',#1979,1.);
#316=VECTOR('',#1984,1.);
#317=VECTOR('',#1985,1.);
#318=VECTOR('',#1988,1.);
#319=VECTOR('',#1991,1.);
#320=VECTOR('',#1996,1.);
#321=VECTOR('',#1997,1.);
#322=VECTOR('',#2000,1.);
#323=VECTOR('',#2001,1.);
#324=VECTOR('',#2004,1.);
#325=VECTOR('',#2005,1.);
#326=VECTOR('',#2008,1.);
#327=VECTOR('',#2011,1.);
#328=VECTOR('',#2014,1.);
#329=VECTOR('',#2017,1.);
#330=VECTOR('',#2020,1.);
#331=VECTOR('',#2023,1.);
#332=VECTOR('',#2026,1.);
#333=VECTOR('',#2029,1.);
#334=VECTOR('',#2032,1.);
#335=VECTOR('',#2035,1.);
#336=VECTOR('',#2038,1.);
#337=VECTOR('',#2039,1.);
#338=VECTOR('',#2042,1.);
#339=VECTOR('',#2045,1.);
#340=VECTOR('',#2048,1.);
#341=VECTOR('',#2051,1.);
#342=VECTOR('',#2052,1.);
#343=VECTOR('',#2055,1.);
#344=VECTOR('',#2056,1.);
#345=VECTOR('',#2059,1.);
#346=VECTOR('',#2062,1.);
#347=VECTOR('',#2065,1.);
#348=VECTOR('',#2068,1.);
#349=VECTOR('',#2071,1.);
#350=VECTOR('',#2072,1.);
#351=VECTOR('',#2075,1.);
#352=VECTOR('',#2078,1.);
#353=VECTOR('',#2081,1.);
#354=VECTOR('',#2084,1.);
#355=VECTOR('',#2087,1.);
#356=VECTOR('',#2090,1.);
#357=VECTOR('',#2093,1.);
#358=VECTOR('',#2096,1.);
#359=VECTOR('',#2099,1.);
#360=VECTOR('',#2102,1.);
#361=VECTOR('',#2105,1.);
#362=VECTOR('',#2108,1.);
#363=VECTOR('',#2111,1.);
#364=VECTOR('',#2114,1.);
#365=VECTOR('',#2117,1.);
#366=VECTOR('',#2120,1.);
#367=VECTOR('',#2121,1.);
#368=VECTOR('',#2124,1.);
#369=VECTOR('',#2125,1.);
#370=VECTOR('',#2128,1.);
#371=VECTOR('',#2131,1.);
#372=VECTOR('',#2134,1.);
#373=VECTOR('',#2137,1.);
#374=VECTOR('',#2140,1.);
#375=VECTOR('',#2143,1.);
#376=VECTOR('',#2146,1.);
#377=VECTOR('',#2149,1.);
#378=VECTOR('',#2152,1.);
#379=VECTOR('',#2155,1.);
#380=VECTOR('',#2158,1.);
#381=VECTOR('',#2161,1.);
#382=VECTOR('',#2164,1.);
#383=VECTOR('',#2167,1.);
#384=PLANE('',#1620);
#385=PLANE('',#1624);
#386=PLANE('',#1629);
#387=PLANE('',#1630);
#388=PLANE('',#1631);
#389=PLANE('',#1632);
#390=PLANE('',#1637);
#391=PLANE('',#1641);
#392=PLANE('',#1642);
#393=PLANE('',#1647);
#394=PLANE('',#1648);
#395=PLANE('',#1649);
#396=PLANE('',#1654);
#397=PLANE('',#1655);
#398=PLANE('',#1656);
#399=PLANE('',#1661);
#400=PLANE('',#1662);
#401=PLANE('',#1663);
#402=PLANE('',#1665);
#403=PLANE('',#1666);
#404=PLANE('',#1667);
#405=PLANE('',#1668);
#406=PLANE('',#1669);
#407=PLANE('',#1670);
#408=PLANE('',#1671);
#409=PLANE('',#1672);
#410=PLANE('',#1673);
#411=PLANE('',#1674);
#412=PLANE('',#1675);
#413=PLANE('',#1676);
#414=PLANE('',#1677);
#415=PLANE('',#1678);
#416=PLANE('',#1679);
#417=PLANE('',#1680);
#418=PLANE('',#1681);
#419=PLANE('',#1682);
#420=PLANE('',#1683);
#421=PLANE('',#1684);
#422=PLANE('',#1686);
#423=PLANE('',#1687);
#424=PLANE('',#1689);
#425=PLANE('',#1690);
#426=PLANE('',#1691);
#427=PLANE('',#1692);
#428=PLANE('',#1693);
#429=PLANE('',#1694);
#430=PLANE('',#1695);
#431=PLANE('',#1696);
#432=PLANE('',#1697);
#433=PLANE('',#1698);
#434=PLANE('',#1699);
#435=PLANE('',#1700);
#436=PLANE('',#1701);
#437=PLANE('',#1702);
#438=PLANE('',#1703);
#439=PLANE('',#1704);
#440=PLANE('',#1705);
#441=PLANE('',#1706);
#442=PLANE('',#1707);
#443=PLANE('',#1708);
#444=PLANE('',#1709);
#445=PLANE('',#1710);
#446=PLANE('',#1711);
#447=PLANE('',#1712);
#448=PLANE('',#1713);
#449=PLANE('',#1714);
#450=PLANE('',#1715);
#451=PLANE('',#1716);
#452=PLANE('',#1717);
#453=PLANE('',#1718);
#454=PLANE('',#1719);
#455=PLANE('',#1720);
#456=PLANE('',#1721);
#457=PLANE('',#1722);
#458=PLANE('',#1724);
#459=PLANE('',#1725);
#460=PLANE('',#1727);
#461=PLANE('',#1728);
#462=PLANE('',#1729);
#463=PLANE('',#1730);
#464=PLANE('',#1731);
#465=PLANE('',#1732);
#466=PLANE('',#1733);
#467=ORIENTED_EDGE('',*,*,#883,.T.);
#468=ORIENTED_EDGE('',*,*,#884,.T.);
#469=ORIENTED_EDGE('',*,*,#885,.T.);
#470=ORIENTED_EDGE('',*,*,#886,.T.);
#471=ORIENTED_EDGE('',*,*,#887,.T.);
#472=ORIENTED_EDGE('',*,*,#888,.T.);
#473=ORIENTED_EDGE('',*,*,#889,.T.);
#474=ORIENTED_EDGE('',*,*,#890,.T.);
#475=ORIENTED_EDGE('',*,*,#891,.T.);
#476=ORIENTED_EDGE('',*,*,#892,.T.);
#477=ORIENTED_EDGE('',*,*,#893,.T.);
#478=ORIENTED_EDGE('',*,*,#894,.T.);
#479=ORIENTED_EDGE('',*,*,#895,.T.);
#480=ORIENTED_EDGE('',*,*,#896,.T.);
#481=ORIENTED_EDGE('',*,*,#897,.T.);
#482=ORIENTED_EDGE('',*,*,#898,.T.);
#483=ORIENTED_EDGE('',*,*,#899,.T.);
#484=ORIENTED_EDGE('',*,*,#900,.T.);
#485=ORIENTED_EDGE('',*,*,#901,.T.);
#486=ORIENTED_EDGE('',*,*,#902,.T.);
#487=ORIENTED_EDGE('',*,*,#903,.T.);
#488=ORIENTED_EDGE('',*,*,#904,.T.);
#489=ORIENTED_EDGE('',*,*,#905,.T.);
#490=ORIENTED_EDGE('',*,*,#906,.T.);
#491=ORIENTED_EDGE('',*,*,#907,.T.);
#492=ORIENTED_EDGE('',*,*,#908,.T.);
#493=ORIENTED_EDGE('',*,*,#909,.T.);
#494=ORIENTED_EDGE('',*,*,#910,.T.);
#495=ORIENTED_EDGE('',*,*,#911,.T.);
#496=ORIENTED_EDGE('',*,*,#912,.T.);
#497=ORIENTED_EDGE('',*,*,#913,.T.);
#498=ORIENTED_EDGE('',*,*,#914,.T.);
#499=ORIENTED_EDGE('',*,*,#915,.T.);
#500=ORIENTED_EDGE('',*,*,#916,.T.);
#501=ORIENTED_EDGE('',*,*,#917,.T.);
#502=ORIENTED_EDGE('',*,*,#918,.T.);
#503=ORIENTED_EDGE('',*,*,#919,.T.);
#504=ORIENTED_EDGE('',*,*,#920,.T.);
#505=ORIENTED_EDGE('',*,*,#921,.T.);
#506=ORIENTED_EDGE('',*,*,#922,.T.);
#507=ORIENTED_EDGE('',*,*,#923,.T.);
#508=ORIENTED_EDGE('',*,*,#924,.T.);
#509=ORIENTED_EDGE('',*,*,#925,.T.);
#510=ORIENTED_EDGE('',*,*,#926,.T.);
#511=ORIENTED_EDGE('',*,*,#927,.T.);
#512=ORIENTED_EDGE('',*,*,#928,.T.);
#513=ORIENTED_EDGE('',*,*,#929,.T.);
#514=ORIENTED_EDGE('',*,*,#930,.T.);
#515=ORIENTED_EDGE('',*,*,#931,.T.);
#516=ORIENTED_EDGE('',*,*,#932,.T.);
#517=ORIENTED_EDGE('',*,*,#933,.T.);
#518=ORIENTED_EDGE('',*,*,#934,.T.);
#519=ORIENTED_EDGE('',*,*,#935,.T.);
#520=ORIENTED_EDGE('',*,*,#936,.T.);
#521=ORIENTED_EDGE('',*,*,#937,.T.);
#522=ORIENTED_EDGE('',*,*,#938,.T.);
#523=ORIENTED_EDGE('',*,*,#939,.T.);
#524=ORIENTED_EDGE('',*,*,#940,.T.);
#525=ORIENTED_EDGE('',*,*,#941,.T.);
#526=ORIENTED_EDGE('',*,*,#942,.T.);
#527=ORIENTED_EDGE('',*,*,#943,.T.);
#528=ORIENTED_EDGE('',*,*,#944,.T.);
#529=ORIENTED_EDGE('',*,*,#945,.T.);
#530=ORIENTED_EDGE('',*,*,#946,.T.);
#531=ORIENTED_EDGE('',*,*,#947,.T.);
#532=ORIENTED_EDGE('',*,*,#948,.T.);
#533=ORIENTED_EDGE('',*,*,#949,.T.);
#534=ORIENTED_EDGE('',*,*,#950,.T.);
#535=ORIENTED_EDGE('',*,*,#951,.T.);
#536=ORIENTED_EDGE('',*,*,#952,.T.);
#537=ORIENTED_EDGE('',*,*,#953,.T.);
#538=ORIENTED_EDGE('',*,*,#954,.T.);
#539=ORIENTED_EDGE('',*,*,#955,.T.);
#540=ORIENTED_EDGE('',*,*,#956,.T.);
#541=ORIENTED_EDGE('',*,*,#957,.T.);
#542=ORIENTED_EDGE('',*,*,#958,.F.);
#543=ORIENTED_EDGE('',*,*,#958,.T.);
#544=ORIENTED_EDGE('',*,*,#959,.T.);
#545=ORIENTED_EDGE('',*,*,#960,.F.);
#546=ORIENTED_EDGE('',*,*,#961,.F.);
#547=ORIENTED_EDGE('',*,*,#962,.T.);
#548=ORIENTED_EDGE('',*,*,#963,.T.);
#549=ORIENTED_EDGE('',*,*,#964,.F.);
#550=ORIENTED_EDGE('',*,*,#960,.T.);
#551=ORIENTED_EDGE('',*,*,#965,.T.);
#552=ORIENTED_EDGE('',*,*,#964,.T.);
#553=ORIENTED_EDGE('',*,*,#966,.T.);
#554=ORIENTED_EDGE('',*,*,#955,.F.);
#555=ORIENTED_EDGE('',*,*,#961,.T.);
#556=ORIENTED_EDGE('',*,*,#967,.T.);
#557=ORIENTED_EDGE('',*,*,#968,.T.);
#558=ORIENTED_EDGE('',*,*,#969,.F.);
#559=ORIENTED_EDGE('',*,*,#970,.F.);
#560=ORIENTED_EDGE('',*,*,#971,.T.);
#561=ORIENTED_EDGE('',*,*,#972,.T.);
#562=ORIENTED_EDGE('',*,*,#973,.F.);
#563=ORIENTED_EDGE('',*,*,#969,.T.);
#564=ORIENTED_EDGE('',*,*,#974,.T.);
#565=ORIENTED_EDGE('',*,*,#975,.T.);
#566=ORIENTED_EDGE('',*,*,#976,.T.);
#567=ORIENTED_EDGE('',*,*,#967,.F.);
#568=ORIENTED_EDGE('',*,*,#977,.T.);
#569=ORIENTED_EDGE('',*,*,#973,.T.);
#570=ORIENTED_EDGE('',*,*,#978,.T.);
#571=ORIENTED_EDGE('',*,*,#974,.F.);
#572=ORIENTED_EDGE('',*,*,#970,.T.);
#573=ORIENTED_EDGE('',*,*,#979,.T.);
#574=ORIENTED_EDGE('',*,*,#980,.T.);
#575=ORIENTED_EDGE('',*,*,#981,.F.);
#576=ORIENTED_EDGE('',*,*,#982,.T.);
#577=ORIENTED_EDGE('',*,*,#983,.T.);
#578=ORIENTED_EDGE('',*,*,#984,.T.);
#579=ORIENTED_EDGE('',*,*,#985,.F.);
#580=ORIENTED_EDGE('',*,*,#981,.T.);
#581=ORIENTED_EDGE('',*,*,#986,.T.);
#582=ORIENTED_EDGE('',*,*,#987,.T.);
#583=ORIENTED_EDGE('',*,*,#988,.T.);
#584=ORIENTED_EDGE('',*,*,#979,.F.);
#585=ORIENTED_EDGE('',*,*,#989,.T.);
#586=ORIENTED_EDGE('',*,*,#985,.T.);
#587=ORIENTED_EDGE('',*,*,#990,.T.);
#588=ORIENTED_EDGE('',*,*,#986,.F.);
#589=ORIENTED_EDGE('',*,*,#982,.F.);
#590=ORIENTED_EDGE('',*,*,#991,.T.);
#591=ORIENTED_EDGE('',*,*,#992,.T.);
#592=ORIENTED_EDGE('',*,*,#993,.F.);
#593=ORIENTED_EDGE('',*,*,#994,.T.);
#594=ORIENTED_EDGE('',*,*,#995,.T.);
#595=ORIENTED_EDGE('',*,*,#996,.T.);
#596=ORIENTED_EDGE('',*,*,#997,.F.);
#597=ORIENTED_EDGE('',*,*,#993,.T.);
#598=ORIENTED_EDGE('',*,*,#998,.T.);
#599=ORIENTED_EDGE('',*,*,#999,.T.);
#600=ORIENTED_EDGE('',*,*,#1000,.T.);
#601=ORIENTED_EDGE('',*,*,#991,.F.);
#602=ORIENTED_EDGE('',*,*,#1001,.T.);
#603=ORIENTED_EDGE('',*,*,#997,.T.);
#604=ORIENTED_EDGE('',*,*,#1002,.T.);
#605=ORIENTED_EDGE('',*,*,#998,.F.);
#606=ORIENTED_EDGE('',*,*,#994,.F.);
#607=ORIENTED_EDGE('',*,*,#1003,.T.);
#608=ORIENTED_EDGE('',*,*,#1004,.T.);
#609=ORIENTED_EDGE('',*,*,#1005,.F.);
#610=ORIENTED_EDGE('',*,*,#1006,.T.);
#611=ORIENTED_EDGE('',*,*,#1005,.T.);
#612=ORIENTED_EDGE('',*,*,#1007,.T.);
#613=ORIENTED_EDGE('',*,*,#1008,.F.);
#614=ORIENTED_EDGE('',*,*,#1009,.T.);
#615=ORIENTED_EDGE('',*,*,#1008,.T.);
#616=ORIENTED_EDGE('',*,*,#1010,.T.);
#617=ORIENTED_EDGE('',*,*,#1011,.F.);
#618=ORIENTED_EDGE('',*,*,#1012,.T.);
#619=ORIENTED_EDGE('',*,*,#1011,.T.);
#620=ORIENTED_EDGE('',*,*,#1013,.T.);
#621=ORIENTED_EDGE('',*,*,#1003,.F.);
#622=ORIENTED_EDGE('',*,*,#1014,.T.);
#623=ORIENTED_EDGE('',*,*,#1015,.T.);
#624=ORIENTED_EDGE('',*,*,#1016,.T.);
#625=ORIENTED_EDGE('',*,*,#1017,.T.);
#626=ORIENTED_EDGE('',*,*,#1018,.T.);
#627=ORIENTED_EDGE('',*,*,#1019,.F.);
#628=ORIENTED_EDGE('',*,*,#1007,.F.);
#629=ORIENTED_EDGE('',*,*,#1020,.F.);
#630=ORIENTED_EDGE('',*,*,#946,.F.);
#631=ORIENTED_EDGE('',*,*,#1020,.T.);
#632=ORIENTED_EDGE('',*,*,#1004,.F.);
#633=ORIENTED_EDGE('',*,*,#1021,.F.);
#634=ORIENTED_EDGE('',*,*,#943,.F.);
#635=ORIENTED_EDGE('',*,*,#1019,.T.);
#636=ORIENTED_EDGE('',*,*,#945,.F.);
#637=ORIENTED_EDGE('',*,*,#1022,.F.);
#638=ORIENTED_EDGE('',*,*,#1010,.F.);
#639=ORIENTED_EDGE('',*,*,#1021,.T.);
#640=ORIENTED_EDGE('',*,*,#1013,.F.);
#641=ORIENTED_EDGE('',*,*,#1022,.T.);
#642=ORIENTED_EDGE('',*,*,#944,.F.);
#643=ORIENTED_EDGE('',*,*,#1023,.F.);
#644=ORIENTED_EDGE('',*,*,#1018,.F.);
#645=ORIENTED_EDGE('',*,*,#1024,.F.);
#646=ORIENTED_EDGE('',*,*,#1009,.F.);
#647=ORIENTED_EDGE('',*,*,#1024,.T.);
#648=ORIENTED_EDGE('',*,*,#1017,.F.);
#649=ORIENTED_EDGE('',*,*,#1025,.F.);
#650=ORIENTED_EDGE('',*,*,#1006,.F.);
#651=ORIENTED_EDGE('',*,*,#1023,.T.);
#652=ORIENTED_EDGE('',*,*,#1012,.F.);
#653=ORIENTED_EDGE('',*,*,#1026,.F.);
#654=ORIENTED_EDGE('',*,*,#1015,.F.);
#655=ORIENTED_EDGE('',*,*,#1025,.T.);
#656=ORIENTED_EDGE('',*,*,#1016,.F.);
#657=ORIENTED_EDGE('',*,*,#1026,.T.);
#658=ORIENTED_EDGE('',*,*,#1014,.F.);
#659=ORIENTED_EDGE('',*,*,#1027,.F.);
#660=ORIENTED_EDGE('',*,*,#927,.F.);
#661=ORIENTED_EDGE('',*,*,#1028,.F.);
#662=ORIENTED_EDGE('',*,*,#903,.F.);
#663=ORIENTED_EDGE('',*,*,#1029,.F.);
#664=ORIENTED_EDGE('',*,*,#1027,.T.);
#665=ORIENTED_EDGE('',*,*,#1030,.F.);
#666=ORIENTED_EDGE('',*,*,#1031,.F.);
#667=ORIENTED_EDGE('',*,*,#1028,.T.);
#668=ORIENTED_EDGE('',*,*,#1032,.F.);
#669=ORIENTED_EDGE('',*,*,#1030,.T.);
#670=ORIENTED_EDGE('',*,*,#922,.F.);
#671=ORIENTED_EDGE('',*,*,#1033,.F.);
#672=ORIENTED_EDGE('',*,*,#957,.F.);
#673=ORIENTED_EDGE('',*,*,#1029,.T.);
#674=ORIENTED_EDGE('',*,*,#956,.F.);
#675=ORIENTED_EDGE('',*,*,#1034,.F.);
#676=ORIENTED_EDGE('',*,*,#928,.F.);
#677=ORIENTED_EDGE('',*,*,#1032,.T.);
#678=ORIENTED_EDGE('',*,*,#938,.F.);
#679=ORIENTED_EDGE('',*,*,#1035,.F.);
#680=ORIENTED_EDGE('',*,*,#984,.F.);
#681=ORIENTED_EDGE('',*,*,#1031,.T.);
#682=ORIENTED_EDGE('',*,*,#983,.F.);
#683=ORIENTED_EDGE('',*,*,#1036,.F.);
#684=ORIENTED_EDGE('',*,*,#904,.F.);
#685=ORIENTED_EDGE('',*,*,#1033,.T.);
#686=ORIENTED_EDGE('',*,*,#921,.F.);
#687=ORIENTED_EDGE('',*,*,#1037,.F.);
#688=ORIENTED_EDGE('',*,*,#959,.F.);
#689=ORIENTED_EDGE('',*,*,#1034,.T.);
#690=ORIENTED_EDGE('',*,*,#966,.F.);
#691=ORIENTED_EDGE('',*,*,#1038,.F.);
#692=ORIENTED_EDGE('',*,*,#929,.F.);
#693=ORIENTED_EDGE('',*,*,#1035,.T.);
#694=ORIENTED_EDGE('',*,*,#937,.F.);
#695=ORIENTED_EDGE('',*,*,#1039,.F.);
#696=ORIENTED_EDGE('',*,*,#990,.F.);
#697=ORIENTED_EDGE('',*,*,#1036,.T.);
#698=ORIENTED_EDGE('',*,*,#980,.F.);
#699=ORIENTED_EDGE('',*,*,#1040,.F.);
#700=ORIENTED_EDGE('',*,*,#905,.F.);
#701=ORIENTED_EDGE('',*,*,#1037,.T.);
#702=ORIENTED_EDGE('',*,*,#920,.F.);
#703=ORIENTED_EDGE('',*,*,#1041,.F.);
#704=ORIENTED_EDGE('',*,*,#962,.F.);
#705=ORIENTED_EDGE('',*,*,#1038,.T.);
#706=ORIENTED_EDGE('',*,*,#963,.F.);
#707=ORIENTED_EDGE('',*,*,#1042,.F.);
#708=ORIENTED_EDGE('',*,*,#930,.F.);
#709=ORIENTED_EDGE('',*,*,#1043,.F.);
#710=ORIENTED_EDGE('',*,*,#933,.F.);
#711=ORIENTED_EDGE('',*,*,#1044,.F.);
#712=ORIENTED_EDGE('',*,*,#953,.F.);
#713=ORIENTED_EDGE('',*,*,#1039,.T.);
#714=ORIENTED_EDGE('',*,*,#936,.F.);
#715=ORIENTED_EDGE('',*,*,#1045,.F.);
#716=ORIENTED_EDGE('',*,*,#987,.F.);
#717=ORIENTED_EDGE('',*,*,#1040,.T.);
#718=ORIENTED_EDGE('',*,*,#988,.F.);
#719=ORIENTED_EDGE('',*,*,#1046,.F.);
#720=ORIENTED_EDGE('',*,*,#906,.F.);
#721=ORIENTED_EDGE('',*,*,#1042,.T.);
#722=ORIENTED_EDGE('',*,*,#1041,.T.);
#723=ORIENTED_EDGE('',*,*,#1047,.F.);
#724=ORIENTED_EDGE('',*,*,#1048,.F.);
#725=ORIENTED_EDGE('',*,*,#1044,.T.);
#726=ORIENTED_EDGE('',*,*,#1049,.F.);
#727=ORIENTED_EDGE('',*,*,#1050,.F.);
#728=ORIENTED_EDGE('',*,*,#1043,.T.);
#729=ORIENTED_EDGE('',*,*,#1051,.F.);
#730=ORIENTED_EDGE('',*,*,#1046,.T.);
#731=ORIENTED_EDGE('',*,*,#1045,.T.);
#732=ORIENTED_EDGE('',*,*,#1052,.F.);
#733=ORIENTED_EDGE('',*,*,#1047,.T.);
#734=ORIENTED_EDGE('',*,*,#919,.F.);
#735=ORIENTED_EDGE('',*,*,#1053,.F.);
#736=ORIENTED_EDGE('',*,*,#931,.F.);
#737=ORIENTED_EDGE('',*,*,#1049,.T.);
#738=ORIENTED_EDGE('',*,*,#932,.F.);
#739=ORIENTED_EDGE('',*,*,#1054,.F.);
#740=ORIENTED_EDGE('',*,*,#926,.F.);
#741=ORIENTED_EDGE('',*,*,#1048,.T.);
#742=ORIENTED_EDGE('',*,*,#925,.F.);
#743=ORIENTED_EDGE('',*,*,#1055,.F.);
#744=ORIENTED_EDGE('',*,*,#954,.F.);
#745=ORIENTED_EDGE('',*,*,#1056,.F.);
#746=ORIENTED_EDGE('',*,*,#951,.F.);
#747=ORIENTED_EDGE('',*,*,#1057,.F.);
#748=ORIENTED_EDGE('',*,*,#893,.F.);
#749=ORIENTED_EDGE('',*,*,#1051,.T.);
#750=ORIENTED_EDGE('',*,*,#952,.F.);
#751=ORIENTED_EDGE('',*,*,#1058,.F.);
#752=ORIENTED_EDGE('',*,*,#939,.F.);
#753=ORIENTED_EDGE('',*,*,#1050,.T.);
#754=ORIENTED_EDGE('',*,*,#942,.F.);
#755=ORIENTED_EDGE('',*,*,#1059,.F.);
#756=ORIENTED_EDGE('',*,*,#934,.F.);
#757=ORIENTED_EDGE('',*,*,#1052,.T.);
#758=ORIENTED_EDGE('',*,*,#935,.F.);
#759=ORIENTED_EDGE('',*,*,#1060,.F.);
#760=ORIENTED_EDGE('',*,*,#907,.F.);
#761=ORIENTED_EDGE('',*,*,#1054,.T.);
#762=ORIENTED_EDGE('',*,*,#1053,.T.);
#763=ORIENTED_EDGE('',*,*,#1061,.F.);
#764=ORIENTED_EDGE('',*,*,#1057,.T.);
#765=ORIENTED_EDGE('',*,*,#1055,.T.);
#766=ORIENTED_EDGE('',*,*,#1062,.F.);
#767=ORIENTED_EDGE('',*,*,#1058,.T.);
#768=ORIENTED_EDGE('',*,*,#1056,.T.);
#769=ORIENTED_EDGE('',*,*,#1063,.F.);
#770=ORIENTED_EDGE('',*,*,#1060,.T.);
#771=ORIENTED_EDGE('',*,*,#1059,.T.);
#772=ORIENTED_EDGE('',*,*,#1064,.F.);
#773=ORIENTED_EDGE('',*,*,#1061,.T.);
#774=ORIENTED_EDGE('',*,*,#918,.F.);
#775=ORIENTED_EDGE('',*,*,#1065,.F.);
#776=ORIENTED_EDGE('',*,*,#923,.F.);
#777=ORIENTED_EDGE('',*,*,#1062,.T.);
#778=ORIENTED_EDGE('',*,*,#924,.F.);
#779=ORIENTED_EDGE('',*,*,#1066,.F.);
#780=ORIENTED_EDGE('',*,*,#894,.F.);
#781=ORIENTED_EDGE('',*,*,#1063,.T.);
#782=ORIENTED_EDGE('',*,*,#892,.F.);
#783=ORIENTED_EDGE('',*,*,#1067,.F.);
#784=ORIENTED_EDGE('',*,*,#940,.F.);
#785=ORIENTED_EDGE('',*,*,#1064,.T.);
#786=ORIENTED_EDGE('',*,*,#941,.F.);
#787=ORIENTED_EDGE('',*,*,#1068,.F.);
#788=ORIENTED_EDGE('',*,*,#908,.F.);
#789=ORIENTED_EDGE('',*,*,#1066,.T.);
#790=ORIENTED_EDGE('',*,*,#1065,.T.);
#791=ORIENTED_EDGE('',*,*,#1069,.F.);
#792=ORIENTED_EDGE('',*,*,#1068,.T.);
#793=ORIENTED_EDGE('',*,*,#1067,.T.);
#794=ORIENTED_EDGE('',*,*,#1070,.F.);
#795=ORIENTED_EDGE('',*,*,#1069,.T.);
#796=ORIENTED_EDGE('',*,*,#917,.F.);
#797=ORIENTED_EDGE('',*,*,#1071,.F.);
#798=ORIENTED_EDGE('',*,*,#895,.F.);
#799=ORIENTED_EDGE('',*,*,#1070,.T.);
#800=ORIENTED_EDGE('',*,*,#891,.F.);
#801=ORIENTED_EDGE('',*,*,#1072,.F.);
#802=ORIENTED_EDGE('',*,*,#909,.F.);
#803=ORIENTED_EDGE('',*,*,#1073,.F.);
#804=ORIENTED_EDGE('',*,*,#1071,.T.);
#805=ORIENTED_EDGE('',*,*,#1074,.F.);
#806=ORIENTED_EDGE('',*,*,#1075,.F.);
#807=ORIENTED_EDGE('',*,*,#1072,.T.);
#808=ORIENTED_EDGE('',*,*,#1076,.F.);
#809=ORIENTED_EDGE('',*,*,#1074,.T.);
#810=ORIENTED_EDGE('',*,*,#916,.F.);
#811=ORIENTED_EDGE('',*,*,#1077,.F.);
#812=ORIENTED_EDGE('',*,*,#1000,.F.);
#813=ORIENTED_EDGE('',*,*,#1073,.T.);
#814=ORIENTED_EDGE('',*,*,#999,.F.);
#815=ORIENTED_EDGE('',*,*,#1078,.F.);
#816=ORIENTED_EDGE('',*,*,#896,.F.);
#817=ORIENTED_EDGE('',*,*,#1076,.T.);
#818=ORIENTED_EDGE('',*,*,#890,.F.);
#819=ORIENTED_EDGE('',*,*,#1079,.F.);
#820=ORIENTED_EDGE('',*,*,#972,.F.);
#821=ORIENTED_EDGE('',*,*,#1075,.T.);
#822=ORIENTED_EDGE('',*,*,#971,.F.);
#823=ORIENTED_EDGE('',*,*,#1080,.F.);
#824=ORIENTED_EDGE('',*,*,#910,.F.);
#825=ORIENTED_EDGE('',*,*,#1077,.T.);
#826=ORIENTED_EDGE('',*,*,#915,.F.);
#827=ORIENTED_EDGE('',*,*,#1081,.F.);
#828=ORIENTED_EDGE('',*,*,#992,.F.);
#829=ORIENTED_EDGE('',*,*,#1078,.T.);
#830=ORIENTED_EDGE('',*,*,#1002,.F.);
#831=ORIENTED_EDGE('',*,*,#1082,.F.);
#832=ORIENTED_EDGE('',*,*,#897,.F.);
#833=ORIENTED_EDGE('',*,*,#1079,.T.);
#834=ORIENTED_EDGE('',*,*,#889,.F.);
#835=ORIENTED_EDGE('',*,*,#1083,.F.);
#836=ORIENTED_EDGE('',*,*,#978,.F.);
#837=ORIENTED_EDGE('',*,*,#1080,.T.);
#838=ORIENTED_EDGE('',*,*,#968,.F.);
#839=ORIENTED_EDGE('',*,*,#1084,.F.);
#840=ORIENTED_EDGE('',*,*,#911,.F.);
#841=ORIENTED_EDGE('',*,*,#1081,.T.);
#842=ORIENTED_EDGE('',*,*,#914,.F.);
#843=ORIENTED_EDGE('',*,*,#1085,.F.);
#844=ORIENTED_EDGE('',*,*,#995,.F.);
#845=ORIENTED_EDGE('',*,*,#1082,.T.);
#846=ORIENTED_EDGE('',*,*,#996,.F.);
#847=ORIENTED_EDGE('',*,*,#1086,.F.);
#848=ORIENTED_EDGE('',*,*,#898,.F.);
#849=ORIENTED_EDGE('',*,*,#1083,.T.);
#850=ORIENTED_EDGE('',*,*,#900,.F.);
#851=ORIENTED_EDGE('',*,*,#1087,.F.);
#852=ORIENTED_EDGE('',*,*,#975,.F.);
#853=ORIENTED_EDGE('',*,*,#1084,.T.);
#854=ORIENTED_EDGE('',*,*,#976,.F.);
#855=ORIENTED_EDGE('',*,*,#1088,.F.);
#856=ORIENTED_EDGE('',*,*,#912,.F.);
#857=ORIENTED_EDGE('',*,*,#1086,.T.);
#858=ORIENTED_EDGE('',*,*,#1085,.T.);
#859=ORIENTED_EDGE('',*,*,#1089,.F.);
#860=ORIENTED_EDGE('',*,*,#1088,.T.);
#861=ORIENTED_EDGE('',*,*,#1087,.T.);
#862=ORIENTED_EDGE('',*,*,#1090,.F.);
#863=ORIENTED_EDGE('',*,*,#1089,.T.);
#864=ORIENTED_EDGE('',*,*,#913,.F.);
#865=ORIENTED_EDGE('',*,*,#1090,.T.);
#866=ORIENTED_EDGE('',*,*,#899,.F.);
#867=ORIENTED_EDGE('',*,*,#977,.F.);
#868=ORIENTED_EDGE('',*,*,#901,.F.);
#869=ORIENTED_EDGE('',*,*,#989,.F.);
#870=ORIENTED_EDGE('',*,*,#883,.F.);
#871=ORIENTED_EDGE('',*,*,#1001,.F.);
#872=ORIENTED_EDGE('',*,*,#885,.F.);
#873=ORIENTED_EDGE('',*,*,#965,.F.);
#874=ORIENTED_EDGE('',*,*,#887,.F.);
#875=ORIENTED_EDGE('',*,*,#902,.F.);
#876=ORIENTED_EDGE('',*,*,#947,.F.);
#877=ORIENTED_EDGE('',*,*,#884,.F.);
#878=ORIENTED_EDGE('',*,*,#948,.F.);
#879=ORIENTED_EDGE('',*,*,#886,.F.);
#880=ORIENTED_EDGE('',*,*,#949,.F.);
#881=ORIENTED_EDGE('',*,*,#888,.F.);
#882=ORIENTED_EDGE('',*,*,#950,.F.);
#883=EDGE_CURVE('',#1091,#1091,#1211,.T.);
#884=EDGE_CURVE('',#1092,#1092,#1212,.F.);
#885=EDGE_CURVE('',#1093,#1093,#1213,.T.);
#886=EDGE_CURVE('',#1094,#1094,#1214,.F.);
#887=EDGE_CURVE('',#1095,#1095,#1215,.T.);
#888=EDGE_CURVE('',#1096,#1096,#1216,.F.);
#889=EDGE_CURVE('',#1097,#1098,#24,.T.);
#890=EDGE_CURVE('',#1098,#1099,#25,.T.);
#891=EDGE_CURVE('',#1099,#1100,#26,.T.);
#892=EDGE_CURVE('',#1100,#1101,#27,.T.);
#893=EDGE_CURVE('',#1101,#1102,#28,.T.);
#894=EDGE_CURVE('',#1102,#1103,#29,.T.);
#895=EDGE_CURVE('',#1103,#1104,#30,.T.);
#896=EDGE_CURVE('',#1104,#1105,#31,.T.);
#897=EDGE_CURVE('',#1105,#1106,#32,.T.);
#898=EDGE_CURVE('',#1106,#1107,#33,.T.);
#899=EDGE_CURVE('',#1107,#1108,#34,.T.);
#900=EDGE_CURVE('',#1108,#1097,#35,.T.);
#901=EDGE_CURVE('',#1109,#1109,#1217,.T.);
#902=EDGE_CURVE('',#1110,#1110,#1218,.F.);
#903=EDGE_CURVE('',#1111,#1112,#36,.T.);
#904=EDGE_CURVE('',#1112,#1113,#37,.T.);
#905=EDGE_CURVE('',#1113,#1114,#1219,.F.);
#906=EDGE_CURVE('',#1114,#1115,#38,.T.);
#907=EDGE_CURVE('',#1115,#1116,#39,.T.);
#908=EDGE_CURVE('',#1116,#1117,#40,.T.);
#909=EDGE_CURVE('',#1117,#1118,#41,.T.);
#910=EDGE_CURVE('',#1118,#1119,#42,.T.);
#911=EDGE_CURVE('',#1119,#1120,#1220,.F.);
#912=EDGE_CURVE('',#1120,#1121,#43,.T.);
#913=EDGE_CURVE('',#1121,#1122,#44,.T.);
#914=EDGE_CURVE('',#1122,#1123,#45,.T.);
#915=EDGE_CURVE('',#1123,#1124,#1221,.F.);
#916=EDGE_CURVE('',#1124,#1125,#46,.T.);
#917=EDGE_CURVE('',#1125,#1126,#47,.T.);
#918=EDGE_CURVE('',#1126,#1127,#48,.T.);
#919=EDGE_CURVE('',#1127,#1128,#49,.T.);
#920=EDGE_CURVE('',#1128,#1129,#50,.T.);
#921=EDGE_CURVE('',#1129,#1130,#1222,.F.);
#922=EDGE_CURVE('',#1130,#1111,#51,.T.);
#923=EDGE_CURVE('',#1131,#1132,#52,.T.);
#924=EDGE_CURVE('',#1132,#1133,#53,.T.);
#925=EDGE_CURVE('',#1133,#1134,#54,.T.);
#926=EDGE_CURVE('',#1134,#1131,#55,.T.);
#927=EDGE_CURVE('',#1135,#1136,#56,.T.);
#928=EDGE_CURVE('',#1136,#1137,#57,.T.);
#929=EDGE_CURVE('',#1137,#1138,#58,.T.);
#930=EDGE_CURVE('',#1138,#1139,#59,.T.);
#931=EDGE_CURVE('',#1139,#1140,#60,.T.);
#932=EDGE_CURVE('',#1140,#1141,#61,.T.);
#933=EDGE_CURVE('',#1141,#1142,#62,.T.);
#934=EDGE_CURVE('',#1142,#1143,#63,.T.);
#935=EDGE_CURVE('',#1143,#1144,#64,.T.);
#936=EDGE_CURVE('',#1144,#1145,#65,.T.);
#937=EDGE_CURVE('',#1145,#1146,#66,.T.);
#938=EDGE_CURVE('',#1146,#1135,#67,.T.);
#939=EDGE_CURVE('',#1147,#1148,#68,.T.);
#940=EDGE_CURVE('',#1148,#1149,#69,.T.);
#941=EDGE_CURVE('',#1149,#1150,#70,.T.);
#942=EDGE_CURVE('',#1150,#1147,#71,.T.);
#943=EDGE_CURVE('',#1151,#1152,#72,.T.);
#944=EDGE_CURVE('',#1152,#1153,#73,.T.);
#945=EDGE_CURVE('',#1153,#1154,#74,.T.);
#946=EDGE_CURVE('',#1154,#1151,#75,.T.);
#947=EDGE_CURVE('',#1155,#1155,#1223,.T.);
#948=EDGE_CURVE('',#1156,#1156,#1224,.T.);
#949=EDGE_CURVE('',#1157,#1157,#1225,.T.);
#950=EDGE_CURVE('',#1158,#1158,#1226,.T.);
#951=EDGE_CURVE('',#1159,#1160,#76,.T.);
#952=EDGE_CURVE('',#1160,#1161,#77,.T.);
#953=EDGE_CURVE('',#1161,#1162,#78,.T.);
#954=EDGE_CURVE('',#1162,#1159,#79,.T.);
#955=EDGE_CURVE('',#1163,#1164,#80,.T.);
#956=EDGE_CURVE('',#1164,#1165,#81,.T.);
#957=EDGE_CURVE('',#1165,#1166,#82,.T.);
#958=EDGE_CURVE('',#1163,#1166,#83,.T.);
#959=EDGE_CURVE('',#1166,#1167,#1227,.T.);
#960=EDGE_CURVE('',#1168,#1167,#84,.T.);
#961=EDGE_CURVE('',#1163,#1168,#1228,.T.);
#962=EDGE_CURVE('',#1167,#1169,#85,.T.);
#963=EDGE_CURVE('',#1169,#1170,#86,.T.);
#964=EDGE_CURVE('',#1168,#1170,#87,.T.);
#965=EDGE_CURVE('',#1171,#1171,#1229,.F.);
#966=EDGE_CURVE('',#1170,#1164,#88,.T.);
#967=EDGE_CURVE('',#1172,#1173,#89,.T.);
#968=EDGE_CURVE('',#1173,#1174,#1230,.T.);
#969=EDGE_CURVE('',#1175,#1174,#90,.T.);
#970=EDGE_CURVE('',#1172,#1175,#1231,.T.);
#971=EDGE_CURVE('',#1174,#1176,#91,.T.);
#972=EDGE_CURVE('',#1176,#1177,#92,.T.);
#973=EDGE_CURVE('',#1175,#1177,#93,.T.);
#974=EDGE_CURVE('',#1172,#1178,#94,.T.);
#975=EDGE_CURVE('',#1178,#1179,#95,.T.);
#976=EDGE_CURVE('',#1179,#1173,#96,.T.);
#977=EDGE_CURVE('',#1180,#1180,#1232,.F.);
#978=EDGE_CURVE('',#1177,#1178,#97,.T.);
#979=EDGE_CURVE('',#1181,#1182,#98,.T.);
#980=EDGE_CURVE('',#1182,#1183,#1233,.T.);
#981=EDGE_CURVE('',#1184,#1183,#99,.T.);
#982=EDGE_CURVE('',#1184,#1181,#1234,.T.);
#983=EDGE_CURVE('',#1183,#1185,#100,.T.);
#984=EDGE_CURVE('',#1185,#1186,#101,.T.);
#985=EDGE_CURVE('',#1184,#1186,#102,.T.);
#986=EDGE_CURVE('',#1181,#1187,#103,.T.);
#987=EDGE_CURVE('',#1187,#1188,#104,.T.);
#988=EDGE_CURVE('',#1188,#1182,#105,.T.);
#989=EDGE_CURVE('',#1189,#1189,#1235,.F.);
#990=EDGE_CURVE('',#1186,#1187,#106,.T.);
#991=EDGE_CURVE('',#1190,#1191,#107,.T.);
#992=EDGE_CURVE('',#1191,#1192,#1236,.T.);
#993=EDGE_CURVE('',#1193,#1192,#108,.T.);
#994=EDGE_CURVE('',#1193,#1190,#1237,.T.);
#995=EDGE_CURVE('',#1192,#1194,#109,.T.);
#996=EDGE_CURVE('',#1194,#1195,#110,.T.);
#997=EDGE_CURVE('',#1193,#1195,#111,.T.);
#998=EDGE_CURVE('',#1190,#1196,#112,.T.);
#999=EDGE_CURVE('',#1196,#1197,#113,.T.);
#1000=EDGE_CURVE('',#1197,#1191,#114,.T.);
#1001=EDGE_CURVE('',#1198,#1198,#1238,.F.);
#1002=EDGE_CURVE('',#1195,#1196,#115,.T.);
#1003=EDGE_CURVE('',#1199,#1200,#116,.T.);
#1004=EDGE_CURVE('',#1200,#1201,#117,.T.);
#1005=EDGE_CURVE('',#1202,#1201,#118,.T.);
#1006=EDGE_CURVE('',#1202,#1199,#119,.T.);
#1007=EDGE_CURVE('',#1201,#1203,#120,.T.);
#1008=EDGE_CURVE('',#1204,#1203,#121,.T.);
#1009=EDGE_CURVE('',#1204,#1202,#122,.T.);
#1010=EDGE_CURVE('',#1203,#1205,#123,.T.);
#1011=EDGE_CURVE('',#1206,#1205,#124,.T.);
#1012=EDGE_CURVE('',#1206,#1204,#125,.T.);
#1013=EDGE_CURVE('',#1205,#1200,#126,.T.);
#1014=EDGE_CURVE('',#1199,#1206,#127,.T.);
#1015=EDGE_CURVE('',#1207,#1208,#128,.T.);
#1016=EDGE_CURVE('',#1208,#1209,#129,.T.);
#1017=EDGE_CURVE('',#1209,#1210,#130,.T.);
#1018=EDGE_CURVE('',#1210,#1207,#131,.T.);
#1019=EDGE_CURVE('',#1203,#1154,#132,.T.);
#1020=EDGE_CURVE('',#1151,#1201,#133,.T.);
#1021=EDGE_CURVE('',#1152,#1200,#134,.F.);
#1022=EDGE_CURVE('',#1205,#1153,#135,.T.);
#1023=EDGE_CURVE('',#1207,#1204,#136,.T.);
#1024=EDGE_CURVE('',#1202,#1210,#137,.T.);
#1025=EDGE_CURVE('',#1199,#1209,#138,.F.);
#1026=EDGE_CURVE('',#1208,#1206,#139,.T.);
#1027=EDGE_CURVE('',#1136,#1111,#140,.T.);
#1028=EDGE_CURVE('',#1112,#1135,#141,.T.);
#1029=EDGE_CURVE('',#1136,#1165,#142,.F.);
#1030=EDGE_CURVE('',#1165,#1111,#143,.T.);
#1031=EDGE_CURVE('',#1112,#1185,#144,.F.);
#1032=EDGE_CURVE('',#1185,#1135,#145,.T.);
#1033=EDGE_CURVE('',#1166,#1130,#146,.T.);
#1034=EDGE_CURVE('',#1137,#1164,#147,.T.);
#1035=EDGE_CURVE('',#1186,#1146,#148,.F.);
#1036=EDGE_CURVE('',#1113,#1183,#149,.T.);
#1037=EDGE_CURVE('',#1167,#1129,#150,.T.);
#1038=EDGE_CURVE('',#1138,#1170,#151,.F.);
#1039=EDGE_CURVE('',#1187,#1145,#152,.T.);
#1040=EDGE_CURVE('',#1114,#1182,#153,.T.);
#1041=EDGE_CURVE('',#1169,#1128,#154,.T.);
#1042=EDGE_CURVE('',#1139,#1169,#155,.F.);
#1043=EDGE_CURVE('',#1142,#1161,#156,.F.);
#1044=EDGE_CURVE('',#1162,#1141,#157,.F.);
#1045=EDGE_CURVE('',#1188,#1144,#158,.T.);
#1046=EDGE_CURVE('',#1115,#1188,#159,.F.);
#1047=EDGE_CURVE('',#1139,#1128,#160,.F.);
#1048=EDGE_CURVE('',#1162,#1134,#161,.F.);
#1049=EDGE_CURVE('',#1134,#1141,#162,.F.);
#1050=EDGE_CURVE('',#1142,#1147,#163,.T.);
#1051=EDGE_CURVE('',#1147,#1161,#164,.T.);
#1052=EDGE_CURVE('',#1115,#1144,#165,.F.);
#1053=EDGE_CURVE('',#1140,#1127,#166,.T.);
#1054=EDGE_CURVE('',#1131,#1140,#167,.T.);
#1055=EDGE_CURVE('',#1159,#1133,#168,.T.);
#1056=EDGE_CURVE('',#1160,#1101,#169,.T.);
#1057=EDGE_CURVE('',#1102,#1159,#170,.T.);
#1058=EDGE_CURVE('',#1148,#1160,#171,.F.);
#1059=EDGE_CURVE('',#1143,#1150,#172,.F.);
#1060=EDGE_CURVE('',#1116,#1143,#173,.T.);
#1061=EDGE_CURVE('',#1131,#1127,#174,.T.);
#1062=EDGE_CURVE('',#1102,#1133,#175,.T.);
#1063=EDGE_CURVE('',#1148,#1101,#176,.F.);
#1064=EDGE_CURVE('',#1116,#1150,#177,.F.);
#1065=EDGE_CURVE('',#1132,#1126,#178,.F.);
#1066=EDGE_CURVE('',#1103,#1132,#179,.F.);
#1067=EDGE_CURVE('',#1149,#1100,#180,.T.);
#1068=EDGE_CURVE('',#1117,#1149,#181,.T.);
#1069=EDGE_CURVE('',#1103,#1126,#182,.T.);
#1070=EDGE_CURVE('',#1117,#1100,#183,.T.);
#1071=EDGE_CURVE('',#1104,#1125,#184,.F.);
#1072=EDGE_CURVE('',#1118,#1099,#185,.F.);
#1073=EDGE_CURVE('',#1104,#1197,#186,.T.);
#1074=EDGE_CURVE('',#1197,#1125,#187,.T.);
#1075=EDGE_CURVE('',#1118,#1176,#188,.F.);
#1076=EDGE_CURVE('',#1176,#1099,#189,.F.);
#1077=EDGE_CURVE('',#1191,#1124,#190,.T.);
#1078=EDGE_CURVE('',#1105,#1196,#191,.F.);
#1079=EDGE_CURVE('',#1177,#1098,#192,.F.);
#1080=EDGE_CURVE('',#1119,#1174,#193,.T.);
#1081=EDGE_CURVE('',#1192,#1123,#194,.T.);
#1082=EDGE_CURVE('',#1106,#1195,#195,.T.);
#1083=EDGE_CURVE('',#1178,#1097,#196,.T.);
#1084=EDGE_CURVE('',#1120,#1173,#197,.T.);
#1085=EDGE_CURVE('',#1194,#1122,#198,.T.);
#1086=EDGE_CURVE('',#1107,#1194,#199,.T.);
#1087=EDGE_CURVE('',#1179,#1108,#200,.F.);
#1088=EDGE_CURVE('',#1121,#1179,#201,.F.);
#1089=EDGE_CURVE('',#1107,#1122,#202,.T.);
#1090=EDGE_CURVE('',#1121,#1108,#203,.T.);
#1091=VERTEX_POINT('',#2189);
#1092=VERTEX_POINT('',#2191);
#1093=VERTEX_POINT('',#2194);
#1094=VERTEX_POINT('',#2196);
#1095=VERTEX_POINT('',#2199);
#1096=VERTEX_POINT('',#2201);
#1097=VERTEX_POINT('',#2204);
#1098=VERTEX_POINT('',#2205);
#1099=VERTEX_POINT('',#2207);
#1100=VERTEX_POINT('',#2209);
#1101=VERTEX_POINT('',#2211);
#1102=VERTEX_POINT('',#2213);
#1103=VERTEX_POINT('',#2215);
#1104=VERTEX_POINT('',#2217);
#1105=VERTEX_POINT('',#2219);
#1106=VERTEX_POINT('',#2221);
#1107=VERTEX_POINT('',#2223);
#1108=VERTEX_POINT('',#2225);
#1109=VERTEX_POINT('',#2229);
#1110=VERTEX_POINT('',#2231);
#1111=VERTEX_POINT('',#2234);
#1112=VERTEX_POINT('',#2235);
#1113=VERTEX_POINT('',#2237);
#1114=VERTEX_POINT('',#2239);
#1115=VERTEX_POINT('',#2241);
#1116=VERTEX_POINT('',#2243);
#1117=VERTEX_POINT('',#2245);
#1118=VERTEX_POINT('',#2247);
#1119=VERTEX_POINT('',#2249);
#1120=VERTEX_POINT('',#2251);
#1121=VERTEX_POINT('',#2253);
#1122=VERTEX_POINT('',#2255);
#1123=VERTEX_POINT('',#2257);
#1124=VERTEX_POINT('',#2259);
#1125=VERTEX_POINT('',#2261);
#1126=VERTEX_POINT('',#2263);
#1127=VERTEX_POINT('',#2265);
#1128=VERTEX_POINT('',#2267);
#1129=VERTEX_POINT('',#2269);
#1130=VERTEX_POINT('',#2271);
#1131=VERTEX_POINT('',#2275);
#1132=VERTEX_POINT('',#2276);
#1133=VERTEX_POINT('',#2278);
#1134=VERTEX_POINT('',#2280);
#1135=VERTEX_POINT('',#2284);
#1136=VERTEX_POINT('',#2285);
#1137=VERTEX_POINT('',#2287);
#1138=VERTEX_POINT('',#2289);
#1139=VERTEX_POINT('',#2291);
#1140=VERTEX_POINT('',#2293);
#1141=VERTEX_POINT('',#2295);
#1142=VERTEX_POINT('',#2297);
#1143=VERTEX_POINT('',#2299);
#1144=VERTEX_POINT('',#2301);
#1145=VERTEX_POINT('',#2303);
#1146=VERTEX_POINT('',#2305);
#1147=VERTEX_POINT('',#2309);
#1148=VERTEX_POINT('',#2310);
#1149=VERTEX_POINT('',#2312);
#1150=VERTEX_POINT('',#2314);
#1151=VERTEX_POINT('',#2318);
#1152=VERTEX_POINT('',#2319);
#1153=VERTEX_POINT('',#2321);
#1154=VERTEX_POINT('',#2323);
#1155=VERTEX_POINT('',#2326);
#1156=VERTEX_POINT('',#2328);
#1157=VERTEX_POINT('',#2330);
#1158=VERTEX_POINT('',#2332);
#1159=VERTEX_POINT('',#2334);
#1160=VERTEX_POINT('',#2335);
#1161=VERTEX_POINT('',#2337);
#1162=VERTEX_POINT('',#2339);
#1163=VERTEX_POINT('',#2343);
#1164=VERTEX_POINT('',#2344);
#1165=VERTEX_POINT('',#2346);
#1166=VERTEX_POINT('',#2348);
#1167=VERTEX_POINT('',#2352);
#1168=VERTEX_POINT('',#2354);
#1169=VERTEX_POINT('',#2358);
#1170=VERTEX_POINT('',#2360);
#1171=VERTEX_POINT('',#2364);
#1172=VERTEX_POINT('',#2368);
#1173=VERTEX_POINT('',#2369);
#1174=VERTEX_POINT('',#2371);
#1175=VERTEX_POINT('',#2373);
#1176=VERTEX_POINT('',#2377);
#1177=VERTEX_POINT('',#2379);
#1178=VERTEX_POINT('',#2383);
#1179=VERTEX_POINT('',#2385);
#1180=VERTEX_POINT('',#2389);
#1181=VERTEX_POINT('',#2393);
#1182=VERTEX_POINT('',#2394);
#1183=VERTEX_POINT('',#2396);
#1184=VERTEX_POINT('',#2398);
#1185=VERTEX_POINT('',#2402);
#1186=VERTEX_POINT('',#2404);
#1187=VERTEX_POINT('',#2408);
#1188=VERTEX_POINT('',#2410);
#1189=VERTEX_POINT('',#2414);
#1190=VERTEX_POINT('',#2418);
#1191=VERTEX_POINT('',#2419);
#1192=VERTEX_POINT('',#2421);
#1193=VERTEX_POINT('',#2423);
#1194=VERTEX_POINT('',#2427);
#1195=VERTEX_POINT('',#2429);
#1196=VERTEX_POINT('',#2433);
#1197=VERTEX_POINT('',#2435);
#1198=VERTEX_POINT('',#2439);
#1199=VERTEX_POINT('',#2443);
#1200=VERTEX_POINT('',#2444);
#1201=VERTEX_POINT('',#2446);
#1202=VERTEX_POINT('',#2448);
#1203=VERTEX_POINT('',#2452);
#1204=VERTEX_POINT('',#2454);
#1205=VERTEX_POINT('',#2458);
#1206=VERTEX_POINT('',#2460);
#1207=VERTEX_POINT('',#2467);
#1208=VERTEX_POINT('',#2468);
#1209=VERTEX_POINT('',#2470);
#1210=VERTEX_POINT('',#2472);
#1211=CIRCLE('',#1612,0.00165);
#1212=CIRCLE('',#1613,0.00165);
#1213=CIRCLE('',#1615,0.00165);
#1214=CIRCLE('',#1616,0.00165);
#1215=CIRCLE('',#1618,0.00165);
#1216=CIRCLE('',#1619,0.00165);
#1217=CIRCLE('',#1622,0.00165);
#1218=CIRCLE('',#1623,0.00165);
#1219=CIRCLE('',#1625,0.0034);
#1220=CIRCLE('',#1626,0.0034);
#1221=CIRCLE('',#1627,0.0034);
#1222=CIRCLE('',#1628,0.00339999999999994);
#1223=CIRCLE('',#1633,0.00205);
#1224=CIRCLE('',#1634,0.00205);
#1225=CIRCLE('',#1635,0.00204999999999997);
#1226=CIRCLE('',#1636,0.00205);
#1227=CIRCLE('',#1639,0.003);
#1228=CIRCLE('',#1640,0.003);
#1229=CIRCLE('',#1643,0.00205);
#1230=CIRCLE('',#1645,0.003);
#1231=CIRCLE('',#1646,0.003);
#1232=CIRCLE('',#1650,0.00205000000000003);
#1233=CIRCLE('',#1652,0.003);
#1234=CIRCLE('',#1653,0.003);
#1235=CIRCLE('',#1657,0.00205000000000003);
#1236=CIRCLE('',#1659,0.003);
#1237=CIRCLE('',#1660,0.003);
#1238=CIRCLE('',#1664,0.00205);
#1239=EDGE_LOOP('',(#467));
#1240=EDGE_LOOP('',(#468));
#1241=EDGE_LOOP('',(#469));
#1242=EDGE_LOOP('',(#470));
#1243=EDGE_LOOP('',(#471));
#1244=EDGE_LOOP('',(#472));
#1245=EDGE_LOOP('',(#473,#474,#475,#476,#477,#478,#479,#480,#481,#482,#483,
#484));
#1246=EDGE_LOOP('',(#485));
#1247=EDGE_LOOP('',(#486));
#1248=EDGE_LOOP('',(#487,#488,#489,#490,#491,#492,#493,#494,#495,#496,#497,
#498,#499,#500,#501,#502,#503,#504,#505,#506));
#1249=EDGE_LOOP('',(#507,#508,#509,#510));
#1250=EDGE_LOOP('',(#511,#512,#513,#514,#515,#516,#517,#518,#519,#520,#521,
#522));
#1251=EDGE_LOOP('',(#523,#524,#525,#526));
#1252=EDGE_LOOP('',(#527,#528,#529,#530));
#1253=EDGE_LOOP('',(#531));
#1254=EDGE_LOOP('',(#532));
#1255=EDGE_LOOP('',(#533));
#1256=EDGE_LOOP('',(#534));
#1257=EDGE_LOOP('',(#535,#536,#537,#538));
#1258=EDGE_LOOP('',(#539,#540,#541,#542));
#1259=EDGE_LOOP('',(#543,#544,#545,#546));
#1260=EDGE_LOOP('',(#547,#548,#549,#550));
#1261=EDGE_LOOP('',(#551));
#1262=EDGE_LOOP('',(#552,#553,#554,#555));
#1263=EDGE_LOOP('',(#556,#557,#558,#559));
#1264=EDGE_LOOP('',(#560,#561,#562,#563));
#1265=EDGE_LOOP('',(#564,#565,#566,#567));
#1266=EDGE_LOOP('',(#568));
#1267=EDGE_LOOP('',(#569,#570,#571,#572));
#1268=EDGE_LOOP('',(#573,#574,#575,#576));
#1269=EDGE_LOOP('',(#577,#578,#579,#580));
#1270=EDGE_LOOP('',(#581,#582,#583,#584));
#1271=EDGE_LOOP('',(#585));
#1272=EDGE_LOOP('',(#586,#587,#588,#589));
#1273=EDGE_LOOP('',(#590,#591,#592,#593));
#1274=EDGE_LOOP('',(#594,#595,#596,#597));
#1275=EDGE_LOOP('',(#598,#599,#600,#601));
#1276=EDGE_LOOP('',(#602));
#1277=EDGE_LOOP('',(#603,#604,#605,#606));
#1278=EDGE_LOOP('',(#607,#608,#609,#610));
#1279=EDGE_LOOP('',(#611,#612,#613,#614));
#1280=EDGE_LOOP('',(#615,#616,#617,#618));
#1281=EDGE_LOOP('',(#619,#620,#621,#622));
#1282=EDGE_LOOP('',(#623,#624,#625,#626));
#1283=EDGE_LOOP('',(#627,#628,#629,#630));
#1284=EDGE_LOOP('',(#631,#632,#633,#634));
#1285=EDGE_LOOP('',(#635,#636,#637,#638));
#1286=EDGE_LOOP('',(#639,#640,#641,#642));
#1287=EDGE_LOOP('',(#643,#644,#645,#646));
#1288=EDGE_LOOP('',(#647,#648,#649,#650));
#1289=EDGE_LOOP('',(#651,#652,#653,#654));
#1290=EDGE_LOOP('',(#655,#656,#657,#658));
#1291=EDGE_LOOP('',(#659,#660,#661,#662));
#1292=EDGE_LOOP('',(#663,#664,#665));
#1293=EDGE_LOOP('',(#666,#667,#668));
#1294=EDGE_LOOP('',(#669,#670,#671,#672));
#1295=EDGE_LOOP('',(#673,#674,#675,#676));
#1296=EDGE_LOOP('',(#677,#678,#679,#680));
#1297=EDGE_LOOP('',(#681,#682,#683,#684));
#1298=EDGE_LOOP('',(#685,#686,#687,#688));
#1299=EDGE_LOOP('',(#689,#690,#691,#692));
#1300=EDGE_LOOP('',(#693,#694,#695,#696));
#1301=EDGE_LOOP('',(#697,#698,#699,#700));
#1302=EDGE_LOOP('',(#701,#702,#703,#704));
#1303=EDGE_LOOP('',(#705,#706,#707,#708));
#1304=EDGE_LOOP('',(#709,#710,#711,#712));
#1305=EDGE_LOOP('',(#713,#714,#715,#716));
#1306=EDGE_LOOP('',(#717,#718,#719,#720));
#1307=EDGE_LOOP('',(#721,#722,#723));
#1308=EDGE_LOOP('',(#724,#725,#726));
#1309=EDGE_LOOP('',(#727,#728,#729));
#1310=EDGE_LOOP('',(#730,#731,#732));
#1311=EDGE_LOOP('',(#733,#734,#735,#736));
#1312=EDGE_LOOP('',(#737,#738,#739,#740));
#1313=EDGE_LOOP('',(#741,#742,#743,#744));
#1314=EDGE_LOOP('',(#745,#746,#747,#748));
#1315=EDGE_LOOP('',(#749,#750,#751,#752));
#1316=EDGE_LOOP('',(#753,#754,#755,#756));
#1317=EDGE_LOOP('',(#757,#758,#759,#760));
#1318=EDGE_LOOP('',(#761,#762,#763));
#1319=EDGE_LOOP('',(#764,#765,#766));
#1320=EDGE_LOOP('',(#767,#768,#769));
#1321=EDGE_LOOP('',(#770,#771,#772));
#1322=EDGE_LOOP('',(#773,#774,#775,#776));
#1323=EDGE_LOOP('',(#777,#778,#779,#780));
#1324=EDGE_LOOP('',(#781,#782,#783,#784));
#1325=EDGE_LOOP('',(#785,#786,#787,#788));
#1326=EDGE_LOOP('',(#789,#790,#791));
#1327=EDGE_LOOP('',(#792,#793,#794));
#1328=EDGE_LOOP('',(#795,#796,#797,#798));
#1329=EDGE_LOOP('',(#799,#800,#801,#802));
#1330=EDGE_LOOP('',(#803,#804,#805));
#1331=EDGE_LOOP('',(#806,#807,#808));
#1332=EDGE_LOOP('',(#809,#810,#811,#812));
#1333=EDGE_LOOP('',(#813,#814,#815,#816));
#1334=EDGE_LOOP('',(#817,#818,#819,#820));
#1335=EDGE_LOOP('',(#821,#822,#823,#824));
#1336=EDGE_LOOP('',(#825,#826,#827,#828));
#1337=EDGE_LOOP('',(#829,#830,#831,#832));
#1338=EDGE_LOOP('',(#833,#834,#835,#836));
#1339=EDGE_LOOP('',(#837,#838,#839,#840));
#1340=EDGE_LOOP('',(#841,#842,#843,#844));
#1341=EDGE_LOOP('',(#845,#846,#847,#848));
#1342=EDGE_LOOP('',(#849,#850,#851,#852));
#1343=EDGE_LOOP('',(#853,#854,#855,#856));
#1344=EDGE_LOOP('',(#857,#858,#859));
#1345=EDGE_LOOP('',(#860,#861,#862));
#1346=EDGE_LOOP('',(#863,#864,#865,#866));
#1347=EDGE_LOOP('',(#867));
#1348=EDGE_LOOP('',(#868));
#1349=EDGE_LOOP('',(#869));
#1350=EDGE_LOOP('',(#870));
#1351=EDGE_LOOP('',(#871));
#1352=EDGE_LOOP('',(#872));
#1353=EDGE_LOOP('',(#873));
#1354=EDGE_LOOP('',(#874));
#1355=EDGE_LOOP('',(#875));
#1356=EDGE_LOOP('',(#876));
#1357=EDGE_LOOP('',(#877));
#1358=EDGE_LOOP('',(#878));
#1359=EDGE_LOOP('',(#879));
#1360=EDGE_LOOP('',(#880));
#1361=EDGE_LOOP('',(#881));
#1362=EDGE_LOOP('',(#882));
#1363=FACE_BOUND('',#1239,.T.);
#1364=FACE_BOUND('',#1240,.T.);
#1365=FACE_BOUND('',#1241,.T.);
#1366=FACE_BOUND('',#1242,.T.);
#1367=FACE_BOUND('',#1243,.T.);
#1368=FACE_BOUND('',#1244,.T.);
#1369=FACE_BOUND('',#1245,.T.);
#1370=FACE_BOUND('',#1246,.T.);
#1371=FACE_BOUND('',#1247,.T.);
#1372=FACE_BOUND('',#1248,.T.);
#1373=FACE_BOUND('',#1249,.T.);
#1374=FACE_BOUND('',#1250,.T.);
#1375=FACE_BOUND('',#1251,.T.);
#1376=FACE_BOUND('',#1252,.T.);
#1377=FACE_BOUND('',#1253,.T.);
#1378=FACE_BOUND('',#1254,.T.);
#1379=FACE_BOUND('',#1255,.T.);
#1380=FACE_BOUND('',#1256,.T.);
#1381=FACE_BOUND('',#1257,.T.);
#1382=FACE_BOUND('',#1258,.T.);
#1383=FACE_BOUND('',#1259,.T.);
#1384=FACE_BOUND('',#1260,.T.);
#1385=FACE_BOUND('',#1261,.T.);
#1386=FACE_BOUND('',#1262,.T.);
#1387=FACE_BOUND('',#1263,.T.);
#1388=FACE_BOUND('',#1264,.T.);
#1389=FACE_BOUND('',#1265,.T.);
#1390=FACE_BOUND('',#1266,.T.);
#1391=FACE_BOUND('',#1267,.T.);
#1392=FACE_BOUND('',#1268,.T.);
#1393=FACE_BOUND('',#1269,.T.);
#1394=FACE_BOUND('',#1270,.T.);
#1395=FACE_BOUND('',#1271,.T.);
#1396=FACE_BOUND('',#1272,.T.);
#1397=FACE_BOUND('',#1273,.T.);
#1398=FACE_BOUND('',#1274,.T.);
#1399=FACE_BOUND('',#1275,.T.);
#1400=FACE_BOUND('',#1276,.T.);
#1401=FACE_BOUND('',#1277,.T.);
#1402=FACE_BOUND('',#1278,.T.);
#1403=FACE_BOUND('',#1279,.T.);
#1404=FACE_BOUND('',#1280,.T.);
#1405=FACE_BOUND('',#1281,.T.);
#1406=FACE_BOUND('',#1282,.T.);
#1407=FACE_BOUND('',#1283,.T.);
#1408=FACE_BOUND('',#1284,.T.);
#1409=FACE_BOUND('',#1285,.T.);
#1410=FACE_BOUND('',#1286,.T.);
#1411=FACE_BOUND('',#1287,.T.);
#1412=FACE_BOUND('',#1288,.T.);
#1413=FACE_BOUND('',#1289,.T.);
#1414=FACE_BOUND('',#1290,.T.);
#1415=FACE_BOUND('',#1291,.T.);
#1416=FACE_BOUND('',#1292,.T.);
#1417=FACE_BOUND('',#1293,.T.);
#1418=FACE_BOUND('',#1294,.T.);
#1419=FACE_BOUND('',#1295,.T.);
#1420=FACE_BOUND('',#1296,.T.);
#1421=FACE_BOUND('',#1297,.T.);
#1422=FACE_BOUND('',#1298,.T.);
#1423=FACE_BOUND('',#1299,.T.);
#1424=FACE_BOUND('',#1300,.T.);
#1425=FACE_BOUND('',#1301,.T.);
#1426=FACE_BOUND('',#1302,.T.);
#1427=FACE_BOUND('',#1303,.T.);
#1428=FACE_BOUND('',#1304,.T.);
#1429=FACE_BOUND('',#1305,.T.);
#1430=FACE_BOUND('',#1306,.T.);
#1431=FACE_BOUND('',#1307,.T.);
#1432=FACE_BOUND('',#1308,.T.);
#1433=FACE_BOUND('',#1309,.T.);
#1434=FACE_BOUND('',#1310,.T.);
#1435=FACE_BOUND('',#1311,.T.);
#1436=FACE_BOUND('',#1312,.T.);
#1437=FACE_BOUND('',#1313,.T.);
#1438=FACE_BOUND('',#1314,.T.);
#1439=FACE_BOUND('',#1315,.T.);
#1440=FACE_BOUND('',#1316,.T.);
#1441=FACE_BOUND('',#1317,.T.);
#1442=FACE_BOUND('',#1318,.T.);
#1443=FACE_BOUND('',#1319,.T.);
#1444=FACE_BOUND('',#1320,.T.);
#1445=FACE_BOUND('',#1321,.T.);
#1446=FACE_BOUND('',#1322,.T.);
#1447=FACE_BOUND('',#1323,.T.);
#1448=FACE_BOUND('',#1324,.T.);
#1449=FACE_BOUND('',#1325,.T.);
#1450=FACE_BOUND('',#1326,.T.);
#1451=FACE_BOUND('',#1327,.T.);
#1452=FACE_BOUND('',#1328,.T.);
#1453=FACE_BOUND('',#1329,.T.);
#1454=FACE_BOUND('',#1330,.T.);
#1455=FACE_BOUND('',#1331,.T.);
#1456=FACE_BOUND('',#1332,.T.);
#1457=FACE_BOUND('',#1333,.T.);
#1458=FACE_BOUND('',#1334,.T.);
#1459=FACE_BOUND('',#1335,.T.);
#1460=FACE_BOUND('',#1336,.T.);
#1461=FACE_BOUND('',#1337,.T.);
#1462=FACE_BOUND('',#1338,.T.);
#1463=FACE_BOUND('',#1339,.T.);
#1464=FACE_BOUND('',#1340,.T.);
#1465=FACE_BOUND('',#1341,.T.);
#1466=FACE_BOUND('',#1342,.T.);
#1467=FACE_BOUND('',#1343,.T.);
#1468=FACE_BOUND('',#1344,.T.);
#1469=FACE_BOUND('',#1345,.T.);
#1470=FACE_BOUND('',#1346,.T.);
#1471=FACE_BOUND('',#1347,.T.);
#1472=FACE_BOUND('',#1348,.T.);
#1473=FACE_BOUND('',#1349,.T.);
#1474=FACE_BOUND('',#1350,.T.);
#1475=FACE_BOUND('',#1351,.T.);
#1476=FACE_BOUND('',#1352,.T.);
#1477=FACE_BOUND('',#1353,.T.);
#1478=FACE_BOUND('',#1354,.T.);
#1479=FACE_BOUND('',#1355,.T.);
#1480=FACE_BOUND('',#1356,.T.);
#1481=FACE_BOUND('',#1357,.T.);
#1482=FACE_BOUND('',#1358,.T.);
#1483=FACE_BOUND('',#1359,.T.);
#1484=FACE_BOUND('',#1360,.T.);
#1485=FACE_BOUND('',#1361,.T.);
#1486=FACE_BOUND('',#1362,.T.);
#1487=CYLINDRICAL_SURFACE('',#1611,0.00165);
#1488=CYLINDRICAL_SURFACE('',#1614,0.00165);
#1489=CYLINDRICAL_SURFACE('',#1617,0.00165);
#1490=CYLINDRICAL_SURFACE('',#1621,0.00165);
#1491=CYLINDRICAL_SURFACE('',#1638,0.003);
#1492=CYLINDRICAL_SURFACE('',#1644,0.003);
#1493=CYLINDRICAL_SURFACE('',#1651,0.003);
#1494=CYLINDRICAL_SURFACE('',#1658,0.003);
#1495=ADVANCED_FACE('',(#1363,#1364),#1487,.F.);
#1496=ADVANCED_FACE('',(#1365,#1366),#1488,.F.);
#1497=ADVANCED_FACE('',(#1367,#1368),#1489,.F.);
#1498=ADVANCED_FACE('',(#1369),#384,.T.);
#1499=ADVANCED_FACE('',(#1370,#1371),#1490,.F.);
#1500=ADVANCED_FACE('',(#1372),#385,.T.);
#1501=ADVANCED_FACE('',(#1373),#386,.T.);
#1502=ADVANCED_FACE('',(#1374),#387,.F.);
#1503=ADVANCED_FACE('',(#1375),#388,.F.);
#1504=ADVANCED_FACE('',(#1376,#1377,#1378,#1379,#1380,#1381),#389,.F.);
#1505=ADVANCED_FACE('',(#1382),#390,.T.);
#1506=ADVANCED_FACE('',(#1383),#1491,.F.);
#1507=ADVANCED_FACE('',(#1384),#391,.F.);
#1508=ADVANCED_FACE('',(#1385,#1386),#392,.T.);
#1509=ADVANCED_FACE('',(#1387),#1492,.F.);
#1510=ADVANCED_FACE('',(#1388),#393,.F.);
#1511=ADVANCED_FACE('',(#1389),#394,.T.);
#1512=ADVANCED_FACE('',(#1390,#1391),#395,.T.);
#1513=ADVANCED_FACE('',(#1392),#1493,.F.);
#1514=ADVANCED_FACE('',(#1393),#396,.F.);
#1515=ADVANCED_FACE('',(#1394),#397,.T.);
#1516=ADVANCED_FACE('',(#1395,#1396),#398,.T.);
#1517=ADVANCED_FACE('',(#1397),#1494,.F.);
#1518=ADVANCED_FACE('',(#1398),#399,.F.);
#1519=ADVANCED_FACE('',(#1399),#400,.T.);
#1520=ADVANCED_FACE('',(#1400,#1401),#401,.T.);
#1521=ADVANCED_FACE('',(#1402),#402,.T.);
#1522=ADVANCED_FACE('',(#1403),#403,.F.);
#1523=ADVANCED_FACE('',(#1404),#404,.F.);
#1524=ADVANCED_FACE('',(#1405),#405,.T.);
#1525=ADVANCED_FACE('',(#1406),#406,.T.);
#1526=ADVANCED_FACE('',(#1407),#407,.T.);
#1527=ADVANCED_FACE('',(#1408),#408,.F.);
#1528=ADVANCED_FACE('',(#1409),#409,.T.);
#1529=ADVANCED_FACE('',(#1410),#410,.F.);
#1530=ADVANCED_FACE('',(#1411),#411,.T.);
#1531=ADVANCED_FACE('',(#1412),#412,.F.);
#1532=ADVANCED_FACE('',(#1413),#413,.T.);
#1533=ADVANCED_FACE('',(#1414),#414,.F.);
#1534=ADVANCED_FACE('',(#1415),#415,.T.);
#1535=ADVANCED_FACE('',(#1416),#416,.T.);
#1536=ADVANCED_FACE('',(#1417),#417,.T.);
#1537=ADVANCED_FACE('',(#1418),#418,.F.);
#1538=ADVANCED_FACE('',(#1419),#419,.T.);
#1539=ADVANCED_FACE('',(#1420),#420,.F.);
#1540=ADVANCED_FACE('',(#1421),#421,.T.);
#1541=ADVANCED_FACE('',(#1422),#12,.F.);
#1542=ADVANCED_FACE('',(#1423),#422,.T.);
#1543=ADVANCED_FACE('',(#1424),#423,.T.);
#1544=ADVANCED_FACE('',(#1425),#13,.F.);
#1545=ADVANCED_FACE('',(#1426),#424,.T.);
#1546=ADVANCED_FACE('',(#1427),#425,.F.);
#1547=ADVANCED_FACE('',(#1428),#426,.F.);
#1548=ADVANCED_FACE('',(#1429),#427,.T.);
#1549=ADVANCED_FACE('',(#1430),#428,.F.);
#1550=ADVANCED_FACE('',(#1431),#429,.T.);
#1551=ADVANCED_FACE('',(#1432),#430,.T.);
#1552=ADVANCED_FACE('',(#1433),#431,.T.);
#1553=ADVANCED_FACE('',(#1434),#432,.T.);
#1554=ADVANCED_FACE('',(#1435),#433,.T.);
#1555=ADVANCED_FACE('',(#1436),#434,.T.);
#1556=ADVANCED_FACE('',(#1437),#435,.T.);
#1557=ADVANCED_FACE('',(#1438),#436,.T.);
#1558=ADVANCED_FACE('',(#1439),#437,.F.);
#1559=ADVANCED_FACE('',(#1440),#438,.F.);
#1560=ADVANCED_FACE('',(#1441),#439,.T.);
#1561=ADVANCED_FACE('',(#1442),#440,.T.);
#1562=ADVANCED_FACE('',(#1443),#441,.T.);
#1563=ADVANCED_FACE('',(#1444),#442,.T.);
#1564=ADVANCED_FACE('',(#1445),#443,.T.);
#1565=ADVANCED_FACE('',(#1446),#444,.F.);
#1566=ADVANCED_FACE('',(#1447),#445,.F.);
#1567=ADVANCED_FACE('',(#1448),#446,.T.);
#1568=ADVANCED_FACE('',(#1449),#447,.T.);
#1569=ADVANCED_FACE('',(#1450),#448,.T.);
#1570=ADVANCED_FACE('',(#1451),#449,.T.);
#1571=ADVANCED_FACE('',(#1452),#450,.F.);
#1572=ADVANCED_FACE('',(#1453),#451,.F.);
#1573=ADVANCED_FACE('',(#1454),#452,.T.);
#1574=ADVANCED_FACE('',(#1455),#453,.T.);
#1575=ADVANCED_FACE('',(#1456),#454,.F.);
#1576=ADVANCED_FACE('',(#1457),#455,.F.);
#1577=ADVANCED_FACE('',(#1458),#456,.T.);
#1578=ADVANCED_FACE('',(#1459),#457,.T.);
#1579=ADVANCED_FACE('',(#1460),#14,.F.);
#1580=ADVANCED_FACE('',(#1461),#458,.F.);
#1581=ADVANCED_FACE('',(#1462),#459,.F.);
#1582=ADVANCED_FACE('',(#1463),#15,.F.);
#1583=ADVANCED_FACE('',(#1464),#460,.T.);
#1584=ADVANCED_FACE('',(#1465),#461,.T.);
#1585=ADVANCED_FACE('',(#1466),#462,.F.);
#1586=ADVANCED_FACE('',(#1467),#463,.F.);
#1587=ADVANCED_FACE('',(#1468),#464,.T.);
#1588=ADVANCED_FACE('',(#1469),#465,.T.);
#1589=ADVANCED_FACE('',(#1470),#466,.F.);
#1590=ADVANCED_FACE('',(#1471,#1472),#16,.F.);
#1591=ADVANCED_FACE('',(#1473,#1474),#17,.F.);
#1592=ADVANCED_FACE('',(#1475,#1476),#18,.F.);
#1593=ADVANCED_FACE('',(#1477,#1478),#19,.F.);
#1594=ADVANCED_FACE('',(#1479,#1480),#20,.F.);
#1595=ADVANCED_FACE('',(#1481,#1482),#21,.F.);
#1596=ADVANCED_FACE('',(#1483,#1484),#22,.F.);
#1597=ADVANCED_FACE('',(#1485,#1486),#23,.F.);
#1598=CLOSED_SHELL('',(#1495,#1496,#1497,#1498,#1499,#1500,#1501,#1502,
#1503,#1504,#1505,#1506,#1507,#1508,#1509,#1510,#1511,#1512,#1513,#1514,
#1515,#1516,#1517,#1518,#1519,#1520,#1521,#1522,#1523,#1524,#1525,#1526,
#1527,#1528,#1529,#1530,#1531,#1532,#1533,#1534,#1535,#1536,#1537,#1538,
#1539,#1540,#1541,#1542,#1543,#1544,#1545,#1546,#1547,#1548,#1549,#1550,
#1551,#1552,#1553,#1554,#1555,#1556,#1557,#1558,#1559,#1560,#1561,#1562,
#1563,#1564,#1565,#1566,#1567,#1568,#1569,#1570,#1571,#1572,#1573,#1574,
#1575,#1576,#1577,#1578,#1579,#1580,#1581,#1582,#1583,#1584,#1585,#1586,
#1587,#1588,#1589,#1590,#1591,#1592,#1593,#1594,#1595,#1596,#1597));
#1599=STYLED_ITEM('',(#1600),#1607);
#1600=PRESENTATION_STYLE_ASSIGNMENT((#1601));
#1601=SURFACE_STYLE_USAGE(.BOTH.,#1602);
#1602=SURFACE_SIDE_STYLE('',(#1603));
#1603=SURFACE_STYLE_FILL_AREA(#1604);
#1604=FILL_AREA_STYLE('',(#1605));
#1605=FILL_AREA_STYLE_COLOUR('',#1606);
#1606=COLOUR_RGB('',0.6,0.6,0.6);
#1607=MANIFOLD_SOLID_BREP('USB_Cover',#1598);
#1608=SHAPE_DEFINITION_REPRESENTATION(#2624,#1609);
#1609=SHAPE_REPRESENTATION('USB_Cover',(#1610),#2619);
#1610=AXIS2_PLACEMENT_3D('',#2186,#1742,#1743);
#1611=AXIS2_PLACEMENT_3D('',#2187,#1744,#1745);
#1612=AXIS2_PLACEMENT_3D('',#2188,#1746,#1747);
#1613=AXIS2_PLACEMENT_3D('',#2190,#1748,#1749);
#1614=AXIS2_PLACEMENT_3D('',#2192,#1750,#1751);
#1615=AXIS2_PLACEMENT_3D('',#2193,#1752,#1753);
#1616=AXIS2_PLACEMENT_3D('',#2195,#1754,#1755);
#1617=AXIS2_PLACEMENT_3D('',#2197,#1756,#1757);
#1618=AXIS2_PLACEMENT_3D('',#2198,#1758,#1759);
#1619=AXIS2_PLACEMENT_3D('',#2200,#1760,#1761);
#1620=AXIS2_PLACEMENT_3D('',#2202,#1762,#1763);
#1621=AXIS2_PLACEMENT_3D('',#2227,#1776,#1777);
#1622=AXIS2_PLACEMENT_3D('',#2228,#1778,#1779);
#1623=AXIS2_PLACEMENT_3D('',#2230,#1780,#1781);
#1624=AXIS2_PLACEMENT_3D('',#2232,#1782,#1783);
#1625=AXIS2_PLACEMENT_3D('',#2238,#1786,#1787);
#1626=AXIS2_PLACEMENT_3D('',#2250,#1793,#1794);
#1627=AXIS2_PLACEMENT_3D('',#2258,#1798,#1799);
#1628=AXIS2_PLACEMENT_3D('',#2270,#1805,#1806);
#1629=AXIS2_PLACEMENT_3D('',#2273,#1808,#1809);
#1630=AXIS2_PLACEMENT_3D('',#2282,#1814,#1815);
#1631=AXIS2_PLACEMENT_3D('',#2307,#1828,#1829);
#1632=AXIS2_PLACEMENT_3D('',#2316,#1834,#1835);
#1633=AXIS2_PLACEMENT_3D('',#2325,#1840,#1841);
#1634=AXIS2_PLACEMENT_3D('',#2327,#1842,#1843);
#1635=AXIS2_PLACEMENT_3D('',#2329,#1844,#1845);
#1636=AXIS2_PLACEMENT_3D('',#2331,#1846,#1847);
#1637=AXIS2_PLACEMENT_3D('',#2341,#1852,#1853);
#1638=AXIS2_PLACEMENT_3D('',#2350,#1858,#1859);
#1639=AXIS2_PLACEMENT_3D('',#2351,#1860,#1861);
#1640=AXIS2_PLACEMENT_3D('',#2355,#1863,#1864);
#1641=AXIS2_PLACEMENT_3D('',#2356,#1865,#1866);
#1642=AXIS2_PLACEMENT_3D('',#2362,#1870,#1871);
#1643=AXIS2_PLACEMENT_3D('',#2363,#1872,#1873);
#1644=AXIS2_PLACEMENT_3D('',#2366,#1875,#1876);
#1645=AXIS2_PLACEMENT_3D('',#2370,#1878,#1879);
#1646=AXIS2_PLACEMENT_3D('',#2374,#1881,#1882);
#1647=AXIS2_PLACEMENT_3D('',#2375,#1883,#1884);
#1648=AXIS2_PLACEMENT_3D('',#2381,#1888,#1889);
#1649=AXIS2_PLACEMENT_3D('',#2387,#1893,#1894);
#1650=AXIS2_PLACEMENT_3D('',#2388,#1895,#1896);
#1651=AXIS2_PLACEMENT_3D('',#2391,#1898,#1899);
#1652=AXIS2_PLACEMENT_3D('',#2395,#1901,#1902);
#1653=AXIS2_PLACEMENT_3D('',#2399,#1904,#1905);
#1654=AXIS2_PLACEMENT_3D('',#2400,#1906,#1907);
#1655=AXIS2_PLACEMENT_3D('',#2406,#1911,#1912);
#1656=AXIS2_PLACEMENT_3D('',#2412,#1916,#1917);
#1657=AXIS2_PLACEMENT_3D('',#2413,#1918,#1919);
#1658=AXIS2_PLACEMENT_3D('',#2416,#1921,#1922);
#1659=AXIS2_PLACEMENT_3D('',#2420,#1924,#1925);
#1660=AXIS2_PLACEMENT_3D('',#2424,#1927,#1928);
#1661=AXIS2_PLACEMENT_3D('',#2425,#1929,#1930);
#1662=AXIS2_PLACEMENT_3D('',#2431,#1934,#1935);
#1663=AXIS2_PLACEMENT_3D('',#2437,#1939,#1940);
#1664=AXIS2_PLACEMENT_3D('',#2438,#1941,#1942);
#1665=AXIS2_PLACEMENT_3D('',#2441,#1944,#1945);
#1666=AXIS2_PLACEMENT_3D('',#2450,#1950,#1951);
#1667=AXIS2_PLACEMENT_3D('',#2456,#1955,#1956);
#1668=AXIS2_PLACEMENT_3D('',#2462,#1960,#1961);
#1669=AXIS2_PLACEMENT_3D('',#2465,#1964,#1965);
#1670=AXIS2_PLACEMENT_3D('',#2474,#1970,#1971);
#1671=AXIS2_PLACEMENT_3D('',#2477,#1974,#1975);
#1672=AXIS2_PLACEMENT_3D('',#2479,#1977,#1978);
#1673=AXIS2_PLACEMENT_3D('',#2481,#1980,#1981);
#1674=AXIS2_PLACEMENT_3D('',#2482,#1982,#1983);
#1675=AXIS2_PLACEMENT_3D('',#2485,#1986,#1987);
#1676=AXIS2_PLACEMENT_3D('',#2487,#1989,#1990);
#1677=AXIS2_PLACEMENT_3D('',#2489,#1992,#1993);
#1678=AXIS2_PLACEMENT_3D('',#2490,#1994,#1995);
#1679=AXIS2_PLACEMENT_3D('',#2493,#1998,#1999);
#1680=AXIS2_PLACEMENT_3D('',#2496,#2002,#2003);
#1681=AXIS2_PLACEMENT_3D('',#2499,#2006,#2007);
#1682=AXIS2_PLACEMENT_3D('',#2501,#2009,#2010);
#1683=AXIS2_PLACEMENT_3D('',#2503,#2012,#2013);
#1684=AXIS2_PLACEMENT_3D('',#2505,#2015,#2016);
#1685=AXIS2_PLACEMENT_3D('',#2507,#2018,#2019);
#1686=AXIS2_PLACEMENT_3D('',#2509,#2021,#2022);
#1687=AXIS2_PLACEMENT_3D('',#2511,#2024,#2025);
#1688=AXIS2_PLACEMENT_3D('',#2513,#2027,#2028);
#1689=AXIS2_PLACEMENT_3D('',#2515,#2030,#2031);
#1690=AXIS2_PLACEMENT_3D('',#2517,#2033,#2034);
#1691=AXIS2_PLACEMENT_3D('',#2519,#2036,#2037);
#1692=AXIS2_PLACEMENT_3D('',#2522,#2040,#2041);
#1693=AXIS2_PLACEMENT_3D('',#2524,#2043,#2044);
#1694=AXIS2_PLACEMENT_3D('',#2526,#2046,#2047);
#1695=AXIS2_PLACEMENT_3D('',#2528,#2049,#2050);
#1696=AXIS2_PLACEMENT_3D('',#2531,#2053,#2054);
#1697=AXIS2_PLACEMENT_3D('',#2534,#2057,#2058);
#1698=AXIS2_PLACEMENT_3D('',#2536,#2060,#2061);
#1699=AXIS2_PLACEMENT_3D('',#2538,#2063,#2064);
#1700=AXIS2_PLACEMENT_3D('',#2540,#2066,#2067);
#1701=AXIS2_PLACEMENT_3D('',#2542,#2069,#2070);
#1702=AXIS2_PLACEMENT_3D('',#2545,#2073,#2074);
#1703=AXIS2_PLACEMENT_3D('',#2547,#2076,#2077);
#1704=AXIS2_PLACEMENT_3D('',#2549,#2079,#2080);
#1705=AXIS2_PLACEMENT_3D('',#2551,#2082,#2083);
#1706=AXIS2_PLACEMENT_3D('',#2553,#2085,#2086);
#1707=AXIS2_PLACEMENT_3D('',#2555,#2088,#2089);
#1708=AXIS2_PLACEMENT_3D('',#2557,#2091,#2092);
#1709=AXIS2_PLACEMENT_3D('',#2559,#2094,#2095);
#1710=AXIS2_PLACEMENT_3D('',#2561,#2097,#2098);
#1711=AXIS2_PLACEMENT_3D('',#2563,#2100,#2101);
#1712=AXIS2_PLACEMENT_3D('',#2565,#2103,#2104);
#1713=AXIS2_PLACEMENT_3D('',#2567,#2106,#2107);
#1714=AXIS2_PLACEMENT_3D('',#2569,#2109,#2110);
#1715=AXIS2_PLACEMENT_3D('',#2571,#2112,#2113);
#1716=AXIS2_PLACEMENT_3D('',#2573,#2115,#2116);
#1717=AXIS2_PLACEMENT_3D('',#2575,#2118,#2119);
#1718=AXIS2_PLACEMENT_3D('',#2578,#2122,#2123);
#1719=AXIS2_PLACEMENT_3D('',#2581,#2126,#2127);
#1720=AXIS2_PLACEMENT_3D('',#2583,#2129,#2130);
#1721=AXIS2_PLACEMENT_3D('',#2585,#2132,#2133);
#1722=AXIS2_PLACEMENT_3D('',#2587,#2135,#2136);
#1723=AXIS2_PLACEMENT_3D('',#2589,#2138,#2139);
#1724=AXIS2_PLACEMENT_3D('',#2591,#2141,#2142);
#1725=AXIS2_PLACEMENT_3D('',#2593,#2144,#2145);
#1726=AXIS2_PLACEMENT_3D('',#2595,#2147,#2148);
#1727=AXIS2_PLACEMENT_3D('',#2597,#2150,#2151);
#1728=AXIS2_PLACEMENT_3D('',#2599,#2153,#2154);
#1729=AXIS2_PLACEMENT_3D('',#2601,#2156,#2157);
#1730=AXIS2_PLACEMENT_3D('',#2603,#2159,#2160);
#1731=AXIS2_PLACEMENT_3D('',#2605,#2162,#2163);
#1732=AXIS2_PLACEMENT_3D('',#2607,#2165,#2166);
#1733=AXIS2_PLACEMENT_3D('',#2609,#2168,#2169);
#1734=AXIS2_PLACEMENT_3D('',#2610,#2170,#2171);
#1735=AXIS2_PLACEMENT_3D('',#2611,#2172,#2173);
#1736=AXIS2_PLACEMENT_3D('',#2612,#2174,#2175);
#1737=AXIS2_PLACEMENT_3D('',#2613,#2176,#2177);
#1738=AXIS2_PLACEMENT_3D('',#2614,#2178,#2179);
#1739=AXIS2_PLACEMENT_3D('',#2615,#2180,#2181);
#1740=AXIS2_PLACEMENT_3D('',#2616,#2182,#2183);
#1741=AXIS2_PLACEMENT_3D('',#2617,#2184,#2185);
#1742=DIRECTION('',(0.,0.,1.));
#1743=DIRECTION('',(1.,0.,0.));
#1744=DIRECTION('',(0.,0.707106781186547,-0.707106781186548));
#1745=DIRECTION('',(0.,0.707106781186548,0.707106781186547));
#1746=DIRECTION('',(0.,-0.707106781186556,0.707106781186539));
#1747=DIRECTION('',(0.,-0.707106781186539,-0.707106781186556));
#1748=DIRECTION('',(0.,-0.707106781186552,0.707106781186543));
#1749=DIRECTION('',(0.,-0.707106781186543,-0.707106781186552));
#1750=DIRECTION('',(0.,0.707106781186547,-0.707106781186548));
#1751=DIRECTION('',(0.,0.707106781186548,0.707106781186547));
#1752=DIRECTION('',(0.,-0.707106781186548,0.707106781186548));
#1753=DIRECTION('',(0.,-0.707106781186548,-0.707106781186548));
#1754=DIRECTION('',(0.,-0.707106781186561,0.707106781186535));
#1755=DIRECTION('',(0.,-0.707106781186535,-0.707106781186561));
#1756=DIRECTION('',(0.,0.707106781186547,-0.707106781186548));
#1757=DIRECTION('',(0.,0.707106781186548,0.707106781186547));
#1758=DIRECTION('',(0.,-0.707106781186548,0.707106781186548));
#1759=DIRECTION('',(0.,-0.707106781186548,-0.707106781186548));
#1760=DIRECTION('',(0.,-0.707106781186556,0.707106781186539));
#1761=DIRECTION('',(0.,-0.707106781186539,-0.707106781186556));
#1762=DIRECTION('',(1.,0.,0.));
#1763=DIRECTION('',(0.,0.,-1.));
#1764=DIRECTION('',(0.,-0.707106781186548,-0.707106781186547));
#1765=DIRECTION('',(0.,-0.707106781186547,0.707106781186548));
#1766=DIRECTION('',(0.,-0.707106781186548,-0.707106781186547));
#1767=DIRECTION('',(0.,0.707106781186547,-0.707106781186548));
#1768=DIRECTION('',(0.,0.707106781186548,0.707106781186547));
#1769=DIRECTION('',(0.,-0.707106781186547,0.707106781186548));
#1770=DIRECTION('',(0.,-0.707106781186548,-0.707106781186547));
#1771=DIRECTION('',(0.,0.707106781186547,-0.707106781186548));
#1772=DIRECTION('',(0.,-0.707106781186548,-0.707106781186547));
#1773=DIRECTION('',(0.,-0.707106781186547,0.707106781186548));
#1774=DIRECTION('',(0.,-0.707106781186548,-0.707106781186547));
#1775=DIRECTION('',(0.,0.707106781186547,-0.707106781186548));
#1776=DIRECTION('',(0.,0.707106781186547,-0.707106781186548));
#1777=DIRECTION('',(0.,0.707106781186548,0.707106781186547));
#1778=DIRECTION('',(0.,-0.707106781186556,0.707106781186539));
#1779=DIRECTION('',(0.,-0.707106781186539,-0.707106781186556));
#1780=DIRECTION('',(0.,-0.707106781186552,0.707106781186543));
#1781=DIRECTION('',(0.,-0.707106781186543,-0.707106781186552));
#1782=DIRECTION('',(0.,-0.707106781186547,0.707106781186548));
#1783=DIRECTION('',(1.,0.,0.));
#1784=DIRECTION('',(0.,-0.707106781186548,-0.707106781186547));
#1785=DIRECTION('',(1.,0.,0.));
#1786=DIRECTION('',(0.,-0.707106781186547,0.707106781186548));
#1787=DIRECTION('',(0.,-0.707106781186548,-0.707106781186547));
#1788=DIRECTION('',(-1.,0.,0.));
#1789=DIRECTION('',(0.,-0.707106781186548,-0.707106781186547));
#1790=DIRECTION('',(1.,0.,0.));
#1791=DIRECTION('',(0.,0.707106781186548,0.707106781186547));
#1792=DIRECTION('',(-1.,0.,0.));
#1793=DIRECTION('',(0.,-0.707106781186547,0.707106781186548));
#1794=DIRECTION('',(0.,-0.707106781186548,-0.707106781186547));
#1795=DIRECTION('',(1.,0.,0.));
#1796=DIRECTION('',(0.,0.707106781186548,0.707106781186547));
#1797=DIRECTION('',(-1.,0.,0.));
#1798=DIRECTION('',(0.,-0.707106781186547,0.707106781186548));
#1799=DIRECTION('',(0.,-0.707106781186548,-0.707106781186547));
#1800=DIRECTION('',(1.,0.,0.));
#1801=DIRECTION('',(0.,0.707106781186548,0.707106781186547));
#1802=DIRECTION('',(-1.,0.,0.));
#1803=DIRECTION('',(0.,-0.707106781186548,-0.707106781186547));
#1804=DIRECTION('',(1.,0.,0.));
#1805=DIRECTION('',(0.,-0.707106781186547,0.707106781186548));
#1806=DIRECTION('',(0.,-0.707106781186548,-0.707106781186547));
#1807=DIRECTION('',(-1.,0.,0.));
#1808=DIRECTION('',(0.,0.707106781186548,0.707106781186547));
#1809=DIRECTION('',(0.,-0.707106781186547,0.707106781186548));
#1810=DIRECTION('',(1.,0.,0.));
#1811=DIRECTION('',(0.,0.707106781186547,-0.707106781186548));
#1812=DIRECTION('',(-1.,0.,0.));
#1813=DIRECTION('',(0.,-0.707106781186547,0.707106781186548));
#1814=DIRECTION('',(1.,0.,0.));
#1815=DIRECTION('',(0.,0.,-1.));
#1816=DIRECTION('',(0.,0.707106781186548,0.707106781186547));
#1817=DIRECTION('',(0.,0.707106781186547,-0.707106781186548));
#1818=DIRECTION('',(0.,0.707106781186548,0.707106781186547));
#1819=DIRECTION('',(0.,-0.707106781186547,0.707106781186548));
#1820=DIRECTION('',(0.,0.707106781186548,0.707106781186547));
#1821=DIRECTION('',(0.,0.707106781186547,-0.707106781186548));
#1822=DIRECTION('',(0.,-0.707106781186548,-0.707106781186547));
#1823=DIRECTION('',(0.,-0.707106781186547,0.707106781186548));
#1824=DIRECTION('',(0.,0.707106781186548,0.707106781186547));
#1825=DIRECTION('',(0.,0.707106781186547,-0.707106781186548));
#1826=DIRECTION('',(0.,0.707106781186548,0.707106781186547));
#1827=DIRECTION('',(0.,-0.707106781186547,0.707106781186548));
#1828=DIRECTION('',(0.,0.707106781186548,0.707106781186547));
#1829=DIRECTION('',(0.,-0.707106781186547,0.707106781186548));
#1830=DIRECTION('',(1.,0.,0.));
#1831=DIRECTION('',(0.,-0.707106781186547,0.707106781186548));
#1832=DIRECTION('',(-1.,0.,0.));
#1833=DIRECTION('',(0.,0.707106781186547,-0.707106781186548));
#1834=DIRECTION('',(0.,-0.707106781186547,0.707106781186548));
#1835=DIRECTION('',(1.,0.,0.));
#1836=DIRECTION('',(1.,0.,0.));
#1837=DIRECTION('',(0.,0.707106781186548,0.707106781186547));
#1838=DIRECTION('',(-1.,0.,0.));
#1839=DIRECTION('',(0.,-0.707106781186548,-0.707106781186547));
#1840=DIRECTION('',(0.,-0.707106781186547,0.707106781186548));
#1841=DIRECTION('',(0.,-0.707106781186548,-0.707106781186547));
#1842=DIRECTION('',(0.,-0.707106781186547,0.707106781186548));
#1843=DIRECTION('',(0.,-0.707106781186548,-0.707106781186547));
#1844=DIRECTION('',(0.,-0.707106781186547,0.707106781186548));
#1845=DIRECTION('',(0.,-0.707106781186548,-0.707106781186547));
#1846=DIRECTION('',(0.,-0.707106781186547,0.707106781186548));
#1847=DIRECTION('',(0.,-0.707106781186548,-0.707106781186547));
#1848=DIRECTION('',(0.,-0.707106781186548,-0.707106781186547));
#1849=DIRECTION('',(-1.,0.,0.));
#1850=DIRECTION('',(0.,0.707106781186548,0.707106781186547));
#1851=DIRECTION('',(1.,0.,0.));
#1852=DIRECTION('',(0.,0.707106781186548,0.707106781186547));
#1853=DIRECTION('',(0.,-0.707106781186547,0.707106781186548));
#1854=DIRECTION('',(-1.,0.,0.));
#1855=DIRECTION('',(0.,-0.707106781186547,0.707106781186548));
#1856=DIRECTION('',(1.,0.,0.));
#1857=DIRECTION('',(0.,-0.707106781186547,0.707106781186548));
#1858=DIRECTION('',(0.,-0.707106781186547,0.707106781186548));
#1859=DIRECTION('',(0.,-0.707106781186548,-0.707106781186547));
#1860=DIRECTION('',(0.,-0.707106781186539,0.707106781186556));
#1861=DIRECTION('',(0.,-0.707106781186556,-0.707106781186539));
#1862=DIRECTION('',(0.,-0.707106781186547,0.707106781186548));
#1863=DIRECTION('',(0.,-0.707106781186547,0.707106781186548));
#1864=DIRECTION('',(0.,-0.707106781186548,-0.707106781186547));
#1865=DIRECTION('',(0.,0.707106781186548,0.707106781186547));
#1866=DIRECTION('',(0.,-0.707106781186547,0.707106781186548));
#1867=DIRECTION('',(-1.,0.,0.));
#1868=DIRECTION('',(0.,0.707106781186547,-0.707106781186548));
#1869=DIRECTION('',(-1.,0.,0.));
#1870=DIRECTION('',(0.,-0.707106781186547,0.707106781186548));
#1871=DIRECTION('',(1.,0.,0.));
#1872=DIRECTION('',(0.,-0.707106781186547,0.707106781186548));
#1873=DIRECTION('',(0.,-0.707106781186548,-0.707106781186547));
#1874=DIRECTION('',(0.,-0.707106781186548,-0.707106781186547));
#1875=DIRECTION('',(0.,-0.707106781186547,0.707106781186548));
#1876=DIRECTION('',(0.,-0.707106781186548,-0.707106781186547));
#1877=DIRECTION('',(0.,-0.707106781186547,0.707106781186548));
#1878=DIRECTION('',(0.,-0.707106781186548,0.707106781186548));
#1879=DIRECTION('',(0.,-0.707106781186548,-0.707106781186548));
#1880=DIRECTION('',(0.,-0.707106781186547,0.707106781186548));
#1881=DIRECTION('',(0.,-0.707106781186547,0.707106781186548));
#1882=DIRECTION('',(0.,-0.707106781186548,-0.707106781186547));
#1883=DIRECTION('',(0.,-0.707106781186548,-0.707106781186547));
#1884=DIRECTION('',(0.,0.707106781186547,-0.707106781186548));
#1885=DIRECTION('',(1.,0.,0.));
#1886=DIRECTION('',(0.,0.707106781186547,-0.707106781186548));
#1887=DIRECTION('',(1.,0.,0.));
#1888=DIRECTION('',(0.,-0.707106781186548,-0.707106781186547));
#1889=DIRECTION('',(0.,0.707106781186547,-0.707106781186548));
#1890=DIRECTION('',(1.,0.,0.));
#1891=DIRECTION('',(0.,-0.707106781186547,0.707106781186548));
#1892=DIRECTION('',(-1.,0.,0.));
#1893=DIRECTION('',(0.,-0.707106781186547,0.707106781186548));
#1894=DIRECTION('',(1.,0.,0.));
#1895=DIRECTION('',(0.,-0.707106781186547,0.707106781186548));
#1896=DIRECTION('',(0.,-0.707106781186548,-0.707106781186547));
#1897=DIRECTION('',(0.,0.707106781186548,0.707106781186547));
#1898=DIRECTION('',(0.,-0.707106781186547,0.707106781186548));
#1899=DIRECTION('',(0.,-0.707106781186548,-0.707106781186547));
#1900=DIRECTION('',(0.,-0.707106781186547,0.707106781186548));
#1901=DIRECTION('',(0.,-0.707106781186548,0.707106781186548));
#1902=DIRECTION('',(0.,-0.707106781186548,-0.707106781186548));
#1903=DIRECTION('',(0.,-0.707106781186547,0.707106781186548));
#1904=DIRECTION('',(0.,0.707106781186547,-0.707106781186548));
#1905=DIRECTION('',(0.,-0.707106781186548,-0.707106781186547));
#1906=DIRECTION('',(0.,0.707106781186548,0.707106781186547));
#1907=DIRECTION('',(0.,-0.707106781186547,0.707106781186548));
#1908=DIRECTION('',(-1.,0.,0.));
#1909=DIRECTION('',(0.,0.707106781186547,-0.707106781186548));
#1910=DIRECTION('',(-1.,0.,0.));
#1911=DIRECTION('',(0.,0.707106781186548,0.707106781186547));
#1912=DIRECTION('',(0.,-0.707106781186547,0.707106781186548));
#1913=DIRECTION('',(-1.,0.,0.));
#1914=DIRECTION('',(0.,-0.707106781186547,0.707106781186548));
#1915=DIRECTION('',(1.,0.,0.));
#1916=DIRECTION('',(0.,-0.707106781186547,0.707106781186548));
#1917=DIRECTION('',(1.,0.,0.));
#1918=DIRECTION('',(0.,-0.707106781186547,0.707106781186548));
#1919=DIRECTION('',(0.,-0.707106781186548,-0.707106781186547));
#1920=DIRECTION('',(0.,-0.707106781186548,-0.707106781186547));
#1921=DIRECTION('',(0.,-0.707106781186547,0.707106781186548));
#1922=DIRECTION('',(0.,-0.707106781186548,-0.707106781186547));
#1923=DIRECTION('',(0.,-0.707106781186547,0.707106781186548));
#1924=DIRECTION('',(0.,-0.707106781186539,0.707106781186556));
#1925=DIRECTION('',(0.,-0.707106781186556,-0.707106781186539));
#1926=DIRECTION('',(0.,-0.707106781186547,0.707106781186548));
#1927=DIRECTION('',(0.,0.707106781186547,-0.707106781186548));
#1928=DIRECTION('',(0.,-0.707106781186548,-0.707106781186547));
#1929=DIRECTION('',(0.,-0.707106781186548,-0.707106781186547));
#1930=DIRECTION('',(0.,0.707106781186547,-0.707106781186548));
#1931=DIRECTION('',(1.,0.,0.));
#1932=DIRECTION('',(0.,0.707106781186547,-0.707106781186548));
#1933=DIRECTION('',(1.,0.,0.));
#1934=DIRECTION('',(0.,-0.707106781186548,-0.707106781186547));
#1935=DIRECTION('',(0.,0.707106781186547,-0.707106781186548));
#1936=DIRECTION('',(1.,0.,0.));
#1937=DIRECTION('',(0.,-0.707106781186547,0.707106781186548));
#1938=DIRECTION('',(-1.,0.,0.));
#1939=DIRECTION('',(0.,-0.707106781186547,0.707106781186548));
#1940=DIRECTION('',(1.,0.,0.));
#1941=DIRECTION('',(0.,-0.707106781186547,0.707106781186548));
#1942=DIRECTION('',(0.,-0.707106781186548,-0.707106781186547));
#1943=DIRECTION('',(0.,0.707106781186548,0.707106781186547));
#1944=DIRECTION('',(0.,-0.707106781186548,-0.707106781186547));
#1945=DIRECTION('',(0.,0.707106781186547,-0.707106781186548));
#1946=DIRECTION('',(0.,-0.707106781186547,0.707106781186548));
#1947=DIRECTION('',(-1.,0.,0.));
#1948=DIRECTION('',(0.,-0.707106781186547,0.707106781186548));
#1949=DIRECTION('',(1.,0.,0.));
#1950=DIRECTION('',(1.,0.,0.));
#1951=DIRECTION('',(0.,0.,-1.));
#1952=DIRECTION('',(0.,0.707106781186548,0.707106781186547));
#1953=DIRECTION('',(0.,-0.707106781186547,0.707106781186548));
#1954=DIRECTION('',(0.,-0.707106781186548,-0.707106781186547));
#1955=DIRECTION('',(0.,-0.707106781186548,-0.707106781186547));
#1956=DIRECTION('',(0.,0.707106781186547,-0.707106781186548));
#1957=DIRECTION('',(1.,0.,0.));
#1958=DIRECTION('',(0.,-0.707106781186547,0.707106781186548));
#1959=DIRECTION('',(-1.,0.,0.));
#1960=DIRECTION('',(1.,0.,0.));
#1961=DIRECTION('',(0.,0.,-1.));
#1962=DIRECTION('',(0.,-0.707106781186548,-0.707106781186547));
#1963=DIRECTION('',(0.,0.707106781186548,0.707106781186547));
#1964=DIRECTION('',(0.,0.707106781186547,-0.707106781186548));
#1965=DIRECTION('',(-1.,0.,0.));
#1966=DIRECTION('',(1.,0.,0.));
#1967=DIRECTION('',(0.,-0.707106781186548,-0.707106781186547));
#1968=DIRECTION('',(-1.,0.,0.));
#1969=DIRECTION('',(0.,0.707106781186548,0.707106781186547));
#1970=DIRECTION('',(-0.707106781186543,0.5,-0.5));
#1971=DIRECTION('',(0.,-0.707106781186548,-0.707106781186547));
#1972=DIRECTION('',(-0.577350269189631,0.,0.816496580927722));
#1973=DIRECTION('',(0.577350269189628,0.816496580927724,5.00771532912397E-15));
#1974=DIRECTION('',(0.,-6.13317366673364E-15,1.));
#1975=DIRECTION('',(1.,0.,0.));
#1976=DIRECTION('',(0.577350269189624,-0.816496580927727,-5.00571224299231E-15));
#1977=DIRECTION('',(0.,1.,0.));
#1978=DIRECTION('',(-1.,0.,0.));
#1979=DIRECTION('',(0.577350269189627,0.,0.816496580927725));
#1980=DIRECTION('',(-0.707106781186547,-0.5,0.5));
#1981=DIRECTION('',(0.,0.707106781186548,0.707106781186547));
#1982=DIRECTION('',(-0.707106781186551,0.5,-0.5));
#1983=DIRECTION('',(0.,-0.707106781186548,-0.707106781186547));
#1984=DIRECTION('',(-0.577350269189623,0.,0.816496580927728));
#1985=DIRECTION('',(0.577350269189627,0.816496580927725,-1.00154306582479E-14));
#1986=DIRECTION('',(0.,1.22663473334673E-14,1.));
#1987=DIRECTION('',(1.,0.,0.));
#1988=DIRECTION('',(0.577350269189627,-0.816496580927725,1.0043473864091E-14));
#1989=DIRECTION('',(0.,1.,0.));
#1990=DIRECTION('',(-1.,0.,0.));
#1991=DIRECTION('',(0.577350269189623,0.,0.816496580927728));
#1992=DIRECTION('',(-0.707106781186551,-0.5,0.5));
#1993=DIRECTION('',(0.,0.707106781186548,0.707106781186547));
#1994=DIRECTION('',(-0.707106781186556,-0.499999999999994,0.499999999999994));
#1995=DIRECTION('',(0.,0.707106781186548,0.707106781186547));
#1996=DIRECTION('',(0.707106781186539,-0.500000000000006,0.500000000000006));
#1997=DIRECTION('',(-0.707106781186539,0.500000000000006,-0.500000000000006));
#1998=DIRECTION('',(-0.577350269189644,-2.00103065767566E-14,0.816496580927713));
#1999=DIRECTION('',(0.816496580927713,0.,0.577350269189644));
#2000=DIRECTION('',(-0.707106781186555,-0.499999999999948,-0.500000000000042));
#2001=DIRECTION('',(-3.56018535643712E-17,-1.,-2.45326946669346E-14));
#2002=DIRECTION('',(-0.577350269189625,-0.816496580927726,-2.00308613164955E-14));
#2003=DIRECTION('',(0.816496580927726,-0.577350269189625,0.));
#2004=DIRECTION('',(-4.26300316399642E-28,-2.45326946669337E-14,1.));
#2005=DIRECTION('',(-0.707106781186558,0.5,0.49999999999999));
#2006=DIRECTION('',(0.,2.45326946669346E-14,-1.));
#2007=DIRECTION('',(-1.,0.,0.));
#2008=DIRECTION('',(0.,-1.,-2.45326946669346E-14));
#2009=DIRECTION('',(-0.70710678118654,0.500000000000006,0.5));
#2010=DIRECTION('',(0.,0.707106781186547,-0.707106781186548));
#2011=DIRECTION('',(0.577350269189632,-4.326666044363E-15,0.816496580927722));
#2012=DIRECTION('',(0.707106781186537,0.500000000000008,0.500000000000007));
#2013=DIRECTION('',(0.,-0.707106781186547,0.707106781186548));
#2014=DIRECTION('',(0.577350269189634,-0.816496580927721,8.59724567703976E-15));
#2015=DIRECTION('',(0.,-1.,-2.45326946669337E-14));
#2016=DIRECTION('',(1.,0.,0.));
#2017=DIRECTION('',(0.,2.45326946669339E-14,-1.));
#2018=DIRECTION('',(0.,-0.707106781186539,0.707106781186556));
#2019=DIRECTION('',(0.,-0.707106781186556,-0.707106781186539));
#2020=DIRECTION('',(0.,-1.04263952334474E-13,1.));
#2021=DIRECTION('',(-0.707106781186544,-0.5,0.5));
#2022=DIRECTION('',(0.,0.707106781186548,0.707106781186547));
#2023=DIRECTION('',(-0.577350269189634,0.816496580927721,-8.58122098798656E-15));
#2024=DIRECTION('',(-0.707106781186544,-0.5,0.5));
#2025=DIRECTION('',(0.,0.707106781186548,0.707106781186547));
#2026=DIRECTION('',(-0.577350269189632,4.39076480057578E-15,-0.816496580927722));
#2027=DIRECTION('',(0.,-0.707106781186548,0.707106781186548));
#2028=DIRECTION('',(0.,-0.707106781186548,-0.707106781186548));
#2029=DIRECTION('',(0.,1.,-1.83995210002004E-14));
#2030=DIRECTION('',(0.,-1.,1.2266347333467E-14));
#2031=DIRECTION('',(1.,0.,0.));
#2032=DIRECTION('',(-1.48067910466179E-14,1.2266347333467E-14,1.));
#2033=DIRECTION('',(0.707106781186537,0.500000000000008,0.500000000000007));
#2034=DIRECTION('',(0.,-0.707106781186547,0.707106781186548));
#2035=DIRECTION('',(-0.707106781186558,0.499999999999988,0.5));
#2036=DIRECTION('',(0.707106781186539,-0.500000000000006,0.500000000000007));
#2037=DIRECTION('',(0.,-0.707106781186548,-0.707106781186547));
#2038=DIRECTION('',(-0.707106781186557,-0.5,0.499999999999988));
#2039=DIRECTION('',(0.707106781186557,0.499999999999993,-0.499999999999994));
#2040=DIRECTION('',(-0.70710678118654,0.500000000000006,0.5));
#2041=DIRECTION('',(0.,0.707106781186547,-0.707106781186548));
#2042=DIRECTION('',(-0.707106781186555,-0.499999999999978,-0.500000000000011));
#2043=DIRECTION('',(0.,6.13317366673364E-15,-1.));
#2044=DIRECTION('',(-1.,0.,0.));
#2045=DIRECTION('',(-2.55248084699172E-15,-1.,-6.13317366673364E-15));
#2046=DIRECTION('',(-0.57735026918961,-0.816496580927737,1.46672586164871E-15));
#2047=DIRECTION('',(0.816496580927737,-0.57735026918961,0.));
#2048=DIRECTION('',(-0.707106781186548,0.499999999999979,-0.50000000000002));
#2049=DIRECTION('',(-0.577350269189614,0.816496580927735,5.00771532912403E-15));
#2050=DIRECTION('',(-0.816496580927735,-0.577350269189614,0.));
#2051=DIRECTION('',(3.94430452610506E-31,6.13317366673364E-15,-1.));
#2052=DIRECTION('',(0.707106781186559,0.499999999999989,0.5));
#2053=DIRECTION('',(-0.577350269189615,8.54855579293444E-15,-0.816496580927734));
#2054=DIRECTION('',(-0.816496580927734,0.,0.577350269189615));
#2055=DIRECTION('',(0.707106781186556,-0.499999999999991,-0.5));
#2056=DIRECTION('',(6.1329155848155E-15,1.,6.13317366673364E-15));
#2057=DIRECTION('',(-0.577350269189628,-3.53403982501193E-15,0.816496580927724));
#2058=DIRECTION('',(0.816496580927724,0.,0.577350269189628));
#2059=DIRECTION('',(0.707106781186548,-0.5,0.5));
#2060=DIRECTION('',(-0.707106781186547,-0.5,0.5));
#2061=DIRECTION('',(0.,0.707106781186548,0.707106781186547));
#2062=DIRECTION('',(0.707106781186548,-0.500000000000032,0.499999999999967));
#2063=DIRECTION('',(-0.707106781186536,0.500000000000008,0.500000000000008));
#2064=DIRECTION('',(0.,-0.707106781186547,0.707106781186548));
#2065=DIRECTION('',(-0.707106781186559,-0.500000000000013,-0.499999999999971));
#2066=DIRECTION('',(0.,1.,6.13317366673364E-15));
#2067=DIRECTION('',(-1.,0.,0.));
#2068=DIRECTION('',(-1.17790519227704E-17,-6.13317366673364E-15,1.));
#2069=DIRECTION('',(0.707106781186549,0.5,-0.5));
#2070=DIRECTION('',(0.,0.707106781186548,0.707106781186547));
#2071=DIRECTION('',(0.707106781186547,-0.500000000000025,0.499999999999976));
#2072=DIRECTION('',(-0.707106781186547,0.500000000000013,-0.499999999999989));
#2073=DIRECTION('',(0.,-6.13317366673364E-15,1.));
#2074=DIRECTION('',(1.,0.,0.));
#2075=DIRECTION('',(1.83995210002009E-14,-1.,-6.13317366673364E-15));
#2076=DIRECTION('',(0.707106781186539,0.500000000000006,0.500000000000006));
#2077=DIRECTION('',(0.,0.707106781186547,-0.707106781186548));
#2078=DIRECTION('',(-0.707106781186556,0.5,0.499999999999991));
#2079=DIRECTION('',(-0.707106781186547,-0.5,0.5));
#2080=DIRECTION('',(0.,0.707106781186548,0.707106781186547));
#2081=DIRECTION('',(-0.707106781186548,0.499999999999983,-0.500000000000016));
#2082=DIRECTION('',(-0.577350269189599,3.53403982501188E-15,0.816496580927745));
#2083=DIRECTION('',(0.816496580927745,0.,0.577350269189599));
#2084=DIRECTION('',(-6.12113653289269E-15,-1.,0.));
#2085=DIRECTION('',(0.577350269189634,0.81649658092772,5.01451596792236E-15));
#2086=DIRECTION('',(-0.81649658092772,0.577350269189634,0.));
#2087=DIRECTION('',(-0.707106781186551,0.50000000000001,0.499999999999985));
#2088=DIRECTION('',(0.577350269189615,1.563068373155E-14,-0.816496580927733));
#2089=DIRECTION('',(-0.816496580927733,0.,-0.577350269189615));
#2090=DIRECTION('',(-0.707106781186555,-0.499999999999989,-0.5));
#2091=DIRECTION('',(-0.577350269189616,-0.816496580927733,7.08197893495031E-15));
#2092=DIRECTION('',(0.816496580927733,-0.577350269189616,0.));
#2093=DIRECTION('',(1.22663473334667E-14,0.,1.));
#2094=DIRECTION('',(0.,0.,-1.));
#2095=DIRECTION('',(1.,0.,0.));
#2096=DIRECTION('',(0.,1.,0.));
#2097=DIRECTION('',(-0.707106781186544,-0.5,-0.5));
#2098=DIRECTION('',(0.,0.707106781186547,-0.707106781186548));
#2099=DIRECTION('',(0.707106781186551,-0.500000000000028,-0.499999999999967));
#2100=DIRECTION('',(0.707106781186541,-0.5,-0.5));
#2101=DIRECTION('',(0.,-0.707106781186547,0.707106781186548));
#2102=DIRECTION('',(0.707106781186555,0.499999999999958,0.500000000000032));
#2103=DIRECTION('',(0.,-1.,0.));
#2104=DIRECTION('',(-1.,0.,0.));
#2105=DIRECTION('',(1.84461276599342E-14,0.,-1.));
#2106=DIRECTION('',(0.577350269189599,0.,0.816496580927745));
#2107=DIRECTION('',(0.816496580927745,0.,-0.577350269189599));
#2108=DIRECTION('',(-0.707106781186564,-0.5,0.499999999999976));
#2109=DIRECTION('',(0.577350269189585,-0.816496580927755,1.06498767699685E-14));
#2110=DIRECTION('',(0.816496580927755,0.577350269189585,0.));
#2111=DIRECTION('',(0.707106781186564,0.499999999999952,-0.500000000000025));
#2112=DIRECTION('',(-0.707106781186531,0.500000000000011,-0.500000000000012));
#2113=DIRECTION('',(0.,-0.707106781186548,-0.707106781186547));
#2114=DIRECTION('',(0.707106781186564,0.499999999999982,-0.5));
#2115=DIRECTION('',(-0.707106781186531,0.500000000000011,-0.500000000000012));
#2116=DIRECTION('',(0.,-0.707106781186548,-0.707106781186547));
#2117=DIRECTION('',(-0.707106781186564,-0.5,0.499999999999982));
#2118=DIRECTION('',(0.577350269189613,-0.816496580927735,2.00103065767572E-14));
#2119=DIRECTION('',(0.816496580927735,0.577350269189613,0.));
#2120=DIRECTION('',(-0.707106781186552,-0.5,-0.499999999999994));
#2121=DIRECTION('',(-8.63801552632031E-15,1.83995210002009E-14,1.));
#2122=DIRECTION('',(0.577350269189603,0.,0.816496580927742));
#2123=DIRECTION('',(0.816496580927742,0.,-0.577350269189603));
#2124=DIRECTION('',(0.,-1.,0.));
#2125=DIRECTION('',(-0.707106781186556,0.500000000000012,0.499999999999977));
#2126=DIRECTION('',(0.,1.,-1.83995210002009E-14));
#2127=DIRECTION('',(1.,0.,0.));
#2128=DIRECTION('',(0.,2.45326946669346E-14,1.));
#2129=DIRECTION('',(-0.707106781186543,0.5,0.5));
#2130=DIRECTION('',(0.,-0.707106781186547,0.707106781186548));
#2131=DIRECTION('',(0.577350269189632,0.816496580927722,8.29277658502905E-16));
#2132=DIRECTION('',(0.707106781186539,0.500000000000006,0.500000000000006));
#2133=DIRECTION('',(0.,0.707106781186547,-0.707106781186548));
#2134=DIRECTION('',(-0.577350269189631,-7.08291256151276E-15,0.816496580927722));
#2135=DIRECTION('',(0.,0.,1.));
#2136=DIRECTION('',(-1.,0.,0.));
#2137=DIRECTION('',(0.,1.,0.));
#2138=DIRECTION('',(0.,-0.707106781186539,0.707106781186556));
#2139=DIRECTION('',(0.,-0.707106781186556,-0.707106781186539));
#2140=DIRECTION('',(0.,-1.,-7.35980840008019E-14));
#2141=DIRECTION('',(-0.707106781186542,0.5,-0.5));
#2142=DIRECTION('',(0.,-0.707106781186548,-0.707106781186547));
#2143=DIRECTION('',(-0.577350269189635,-4.87150547217166E-15,0.81649658092772));
#2144=DIRECTION('',(-0.707106781186546,0.5,-0.5));
#2145=DIRECTION('',(0.,-0.707106781186548,-0.707106781186547));
#2146=DIRECTION('',(0.577350269189632,0.816496580927722,-8.9137332858404E-15));
#2147=DIRECTION('',(0.,-0.707106781186548,0.707106781186548));
#2148=DIRECTION('',(0.,-0.707106781186548,-0.707106781186548));
#2149=DIRECTION('',(0.,0.,-1.));
#2150=DIRECTION('',(0.,0.,1.));
#2151=DIRECTION('',(-1.,0.,0.));
#2152=DIRECTION('',(0.,-1.,0.));
#2153=DIRECTION('',(0.707106781186537,0.500000000000008,0.500000000000007));
#2154=DIRECTION('',(0.,0.707106781186547,-0.707106781186548));
#2155=DIRECTION('',(-0.707106781186558,0.499999999999988,0.5));
#2156=DIRECTION('',(-0.707106781186539,0.500000000000007,0.500000000000006));
#2157=DIRECTION('',(0.,-0.707106781186547,0.707106781186548));
#2158=DIRECTION('',(-0.707106781186556,-0.50000000000002,-0.499999999999967));
#2159=DIRECTION('',(0.,1.,0.));
#2160=DIRECTION('',(1.,0.,0.));
#2161=DIRECTION('',(0.,0.,1.));
#2162=DIRECTION('',(0.577350269189618,0.,0.816496580927732));
#2163=DIRECTION('',(0.816496580927732,0.,-0.577350269189618));
#2164=DIRECTION('',(-0.707106781186546,-0.500000000000013,0.499999999999989));
#2165=DIRECTION('',(0.577350269189636,-0.816496580927719,0.));
#2166=DIRECTION('',(0.816496580927719,0.577350269189637,0.));
#2167=DIRECTION('',(0.707106781186546,0.500000000000013,-0.499999999999989));
#2168=DIRECTION('',(-0.707106781186549,0.5,-0.5));
#2169=DIRECTION('',(0.,-0.707106781186548,-0.707106781186547));
#2170=DIRECTION('',(0.,-0.707106781186556,0.707106781186539));
#2171=DIRECTION('',(0.,-0.707106781186539,-0.707106781186556));
#2172=DIRECTION('',(0.,-0.707106781186556,0.707106781186539));
#2173=DIRECTION('',(0.,-0.707106781186539,-0.707106781186556));
#2174=DIRECTION('',(0.,-0.707106781186548,0.707106781186548));
#2175=DIRECTION('',(0.,-0.707106781186548,-0.707106781186548));
#2176=DIRECTION('',(0.,-0.707106781186548,0.707106781186548));
#2177=DIRECTION('',(0.,-0.707106781186548,-0.707106781186548));
#2178=DIRECTION('',(0.,0.707106781186552,-0.707106781186543));
#2179=DIRECTION('',(0.,0.707106781186543,0.707106781186552));
#2180=DIRECTION('',(0.,0.707106781186552,-0.707106781186543));
#2181=DIRECTION('',(0.,0.707106781186543,0.707106781186552));
#2182=DIRECTION('',(0.,0.707106781186561,-0.707106781186535));
#2183=DIRECTION('',(0.,0.707106781186535,0.707106781186561));
#2184=DIRECTION('',(0.,0.707106781186556,-0.707106781186539));
#2185=DIRECTION('',(0.,0.707106781186539,0.707106781186556));
#2186=CARTESIAN_POINT('',(0.,0.,0.));
#2187=CARTESIAN_POINT('',(-0.0225,-0.0675286976033153,0.032173358543988));
#2188=CARTESIAN_POINT('',(-0.0225,-0.065124534547281,0.0297691954879537));
#2189=CARTESIAN_POINT('',(-0.0225,-0.0662912607362388,0.0286024692989959));
#2190=CARTESIAN_POINT('',(-0.0225,-0.0635688996286706,0.0282135605693433));
#2191=CARTESIAN_POINT('',(-0.0225,-0.0647356258176284,0.0270468343803855));
#2192=CARTESIAN_POINT('',(0.0115,-0.0321733585439879,0.0675286976033153));
#2193=CARTESIAN_POINT('',(0.0115,-0.0297691954879537,0.0651245345472811));
#2194=CARTESIAN_POINT('',(0.0115,-0.0309359216769115,0.0639578083583233));
#2195=CARTESIAN_POINT('',(0.0115,-0.0282135605693432,0.0635688996286706));
#2196=CARTESIAN_POINT('',(0.0115,-0.029380286758301,0.0624021734397128));
#2197=CARTESIAN_POINT('',(-0.0225,-0.032173358543988,0.0675286976033153));
#2198=CARTESIAN_POINT('',(-0.0225,-0.0297691954879537,0.0651245345472811));
#2199=CARTESIAN_POINT('',(-0.0225,-0.0309359216769115,0.0639578083583233));
#2200=CARTESIAN_POINT('',(-0.0225,-0.0282135605693432,0.0635688996286706));
#2201=CARTESIAN_POINT('',(-0.0225,-0.029380286758301,0.0624021734397128));
#2202=CARTESIAN_POINT('',(0.0145,-0.0498510280736516,0.0498510280736517));
#2203=CARTESIAN_POINT('',(0.0145,-0.0474468650176174,0.0474468650176174));
#2204=CARTESIAN_POINT('',(0.0145,-0.0627203714912468,0.032173358543988));
#2205=CARTESIAN_POINT('',(0.0145,-0.0675286976033153,0.0273650324319194));
#2206=CARTESIAN_POINT('',(0.0145,-0.0699328606593496,0.0297691954879537));
#2207=CARTESIAN_POINT('',(0.0145,-0.069650017946875,0.0294863527754791));
#2208=CARTESIAN_POINT('',(0.0145,-0.049568185361177,0.049568185361177));
#2209=CARTESIAN_POINT('',(0.0145,-0.0740340799902316,0.0251022907321225));
#2210=CARTESIAN_POINT('',(0.0145,-0.0700742820155869,0.0211424927574778));
#2211=CARTESIAN_POINT('',(0.0145,-0.0703571247280615,0.0214253354699524));
#2212=CARTESIAN_POINT('',(0.0145,-0.0211424927574778,0.0706399674405361));
#2213=CARTESIAN_POINT('',(0.0145,-0.0214253354699524,0.0703571247280615));
#2214=CARTESIAN_POINT('',(0.0145,-0.025385133444597,0.0743169227027062));
#2215=CARTESIAN_POINT('',(0.0145,-0.0251022907321225,0.0740340799902316));
#2216=CARTESIAN_POINT('',(0.0145,-0.049568185361177,0.049568185361177));
#2217=CARTESIAN_POINT('',(0.0145,-0.029486352775479,0.069650017946875));
#2218=CARTESIAN_POINT('',(0.0145,-0.0297691954879537,0.0699328606593496));
#2219=CARTESIAN_POINT('',(0.0145,-0.0273650324319194,0.0675286976033153));
#2220=CARTESIAN_POINT('',(0.0145,-0.0474468650176174,0.0474468650176174));
#2221=CARTESIAN_POINT('',(0.0145,-0.032173358543988,0.0627203714912468));
#2222=CARTESIAN_POINT('',(0.0145,-0.0345775216000222,0.0651245345472811));
#2223=CARTESIAN_POINT('',(0.0145,-0.0342946788875476,0.0648416918348064));
#2224=CARTESIAN_POINT('',(0.0145,-0.049568185361177,0.049568185361177));
#2225=CARTESIAN_POINT('',(0.0145,-0.0648416918348064,0.0342946788875476));
#2226=CARTESIAN_POINT('',(0.0145,-0.0651245345472811,0.0345775216000222));
#2227=CARTESIAN_POINT('',(0.0115,-0.0675286976033153,0.032173358543988));
#2228=CARTESIAN_POINT('',(0.0115,-0.065124534547281,0.0297691954879537));
#2229=CARTESIAN_POINT('',(0.0115,-0.0662912607362388,0.0286024692989959));
#2230=CARTESIAN_POINT('',(0.0115,-0.0635688996286706,0.0282135605693433));
#2231=CARTESIAN_POINT('',(0.0115,-0.0647356258176284,0.0270468343803855));
#2232=CARTESIAN_POINT('',(0.0295,-0.0498510280736516,0.0498510280736517));
#2233=CARTESIAN_POINT('',(-0.0251,-0.0654073772597557,0.0342946788875476));
#2234=CARTESIAN_POINT('',(-0.0251,-0.0345775216000222,0.065124534547281));
#2235=CARTESIAN_POINT('',(-0.0251,-0.065124534547281,0.0345775216000222));
#2236=CARTESIAN_POINT('',(-0.0225,-0.065124534547281,0.0345775216000222));
#2237=CARTESIAN_POINT('',(-0.0225,-0.065124534547281,0.0345775216000223));
#2238=CARTESIAN_POINT('',(-0.0225,-0.0675286976033153,0.032173358543988));
#2239=CARTESIAN_POINT('',(-0.0225,-0.0699328606593496,0.0297691954879537));
#2240=CARTESIAN_POINT('',(0.0295,-0.0699328606593496,0.0297691954879537));
#2241=CARTESIAN_POINT('',(-0.0251,-0.0699328606593496,0.0297691954879537));
#2242=CARTESIAN_POINT('',(-0.0251,-0.0745997654151808,0.0251022907321225));
#2243=CARTESIAN_POINT('',(-0.0251,-0.0743169227027062,0.0253851334445971));
#2244=CARTESIAN_POINT('',(0.0145,-0.0743169227027062,0.0253851334445971));
#2245=CARTESIAN_POINT('',(0.0141,-0.0743169227027062,0.0253851334445971));
#2246=CARTESIAN_POINT('',(0.0141,-0.0498510280736516,0.0498510280736517));
#2247=CARTESIAN_POINT('',(0.0141,-0.0699328606593496,0.0297691954879537));
#2248=CARTESIAN_POINT('',(0.0115,-0.0699328606593496,0.0297691954879537));
#2249=CARTESIAN_POINT('',(0.0115,-0.0699328606593496,0.0297691954879537));
#2250=CARTESIAN_POINT('',(0.0115,-0.0675286976033153,0.032173358543988));
#2251=CARTESIAN_POINT('',(0.0115,-0.0651245345472811,0.0345775216000222));
#2252=CARTESIAN_POINT('',(0.0295,-0.0651245345472811,0.0345775216000222));
#2253=CARTESIAN_POINT('',(0.0141,-0.0651245345472811,0.0345775216000222));
#2254=CARTESIAN_POINT('',(0.0141,-0.0498510280736516,0.0498510280736517));
#2255=CARTESIAN_POINT('',(0.0141,-0.0345775216000222,0.065124534547281));
#2256=CARTESIAN_POINT('',(0.0115,-0.0345775216000222,0.065124534547281));
#2257=CARTESIAN_POINT('',(0.0115,-0.0345775216000222,0.065124534547281));
#2258=CARTESIAN_POINT('',(0.0115,-0.0321733585439879,0.0675286976033153));
#2259=CARTESIAN_POINT('',(0.0115,-0.0297691954879537,0.0699328606593496));
#2260=CARTESIAN_POINT('',(0.0295,-0.0297691954879537,0.0699328606593496));
#2261=CARTESIAN_POINT('',(0.0141,-0.0297691954879537,0.0699328606593496));
#2262=CARTESIAN_POINT('',(0.0141,-0.0498510280736516,0.0498510280736517));
#2263=CARTESIAN_POINT('',(0.0141,-0.025385133444597,0.0743169227027062));
#2264=CARTESIAN_POINT('',(0.0295,-0.025385133444597,0.0743169227027062));
#2265=CARTESIAN_POINT('',(-0.0251,-0.025385133444597,0.0743169227027062));
#2266=CARTESIAN_POINT('',(-0.0251,-0.0300520382004283,0.069650017946875));
#2267=CARTESIAN_POINT('',(-0.0251,-0.0297691954879537,0.0699328606593496));
#2268=CARTESIAN_POINT('',(-0.0225,-0.0297691954879537,0.0699328606593496));
#2269=CARTESIAN_POINT('',(-0.0225,-0.0297691954879537,0.0699328606593496));
#2270=CARTESIAN_POINT('',(-0.0225,-0.032173358543988,0.0675286976033153));
#2271=CARTESIAN_POINT('',(-0.0225,-0.0345775216000221,0.0651245345472811));
#2272=CARTESIAN_POINT('',(0.0295,-0.0345775216000222,0.065124534547281));
#2273=CARTESIAN_POINT('',(-0.0055,-0.0251022907321225,0.0745997654151808));
#2274=CARTESIAN_POINT('',(-0.0055,-0.0248194480196478,0.0743169227027062));
#2275=CARTESIAN_POINT('',(-0.0251,-0.0248194480196478,0.0743169227027062));
#2276=CARTESIAN_POINT('',(0.0141,-0.0248194480196478,0.0743169227027062));
#2277=CARTESIAN_POINT('',(0.0141,-0.0251022907321225,0.0745997654151808));
#2278=CARTESIAN_POINT('',(0.0141,-0.0211424927574777,0.0706399674405361));
#2279=CARTESIAN_POINT('',(-0.0255,-0.0211424927574777,0.0706399674405361));
#2280=CARTESIAN_POINT('',(-0.0251,-0.0211424927574777,0.0706399674405361));
#2281=CARTESIAN_POINT('',(-0.0251,-0.0251022907321225,0.0745997654151808));
#2282=CARTESIAN_POINT('',(-0.0255,-0.0498510280736516,0.0498510280736516));
#2283=CARTESIAN_POINT('',(-0.0255,-0.0340118361750729,0.065124534547281));
#2284=CARTESIAN_POINT('',(-0.0255,-0.0648416918348064,0.0342946788875476));
#2285=CARTESIAN_POINT('',(-0.0255,-0.0342946788875476,0.0648416918348064));
#2286=CARTESIAN_POINT('',(-0.0255,-0.0324562012564625,0.0630032142037214));
#2287=CARTESIAN_POINT('',(-0.0255,-0.032173358543988,0.0627203714912468));
#2288=CARTESIAN_POINT('',(-0.0255,-0.0276478751443941,0.0672458548908407));
#2289=CARTESIAN_POINT('',(-0.0255,-0.0273650324319194,0.0675286976033153));
#2290=CARTESIAN_POINT('',(-0.0255,-0.0297691954879537,0.0699328606593496));
#2291=CARTESIAN_POINT('',(-0.0255,-0.029486352775479,0.0696500179468749));
#2292=CARTESIAN_POINT('',(-0.0255,-0.0248194480196478,0.0743169227027062));
#2293=CARTESIAN_POINT('',(-0.0255,-0.0251022907321225,0.0740340799902316));
#2294=CARTESIAN_POINT('',(-0.0255,-0.0211424927574777,0.0700742820155869));
#2295=CARTESIAN_POINT('',(-0.0255,-0.0214253354699524,0.0703571247280615));
#2296=CARTESIAN_POINT('',(-0.0255,-0.0458912300990069,0.045891230099007));
#2297=CARTESIAN_POINT('',(-0.0255,-0.0703571247280615,0.0214253354699524));
#2298=CARTESIAN_POINT('',(-0.0255,-0.0743169227027062,0.0253851334445971));
#2299=CARTESIAN_POINT('',(-0.0255,-0.0740340799902315,0.0251022907321225));
#2300=CARTESIAN_POINT('',(-0.0255,-0.0693671752344003,0.0297691954879537));
#2301=CARTESIAN_POINT('',(-0.0255,-0.069650017946875,0.0294863527754791));
#2302=CARTESIAN_POINT('',(-0.0255,-0.0678115403157899,0.0276478751443941));
#2303=CARTESIAN_POINT('',(-0.0255,-0.0675286976033153,0.0273650324319194));
#2304=CARTESIAN_POINT('',(-0.0255,-0.0630032142037214,0.0318905158315133));
#2305=CARTESIAN_POINT('',(-0.0255,-0.0627203714912468,0.032173358543988));
#2306=CARTESIAN_POINT('',(-0.0255,-0.065124534547281,0.0345775216000222));
#2307=CARTESIAN_POINT('',(0.0785,-0.0745997654151808,0.0251022907321225));
#2308=CARTESIAN_POINT('',(0.0785,-0.0706399674405361,0.0211424927574778));
#2309=CARTESIAN_POINT('',(-0.0251,-0.0706399674405361,0.0211424927574778));
#2310=CARTESIAN_POINT('',(0.0141,-0.0706399674405361,0.0211424927574778));
#2311=CARTESIAN_POINT('',(0.0141,-0.0745997654151808,0.0251022907321225));
#2312=CARTESIAN_POINT('',(0.0141,-0.0743169227027062,0.0248194480196479));
#2313=CARTESIAN_POINT('',(-0.0255,-0.0743169227027062,0.0248194480196479));
#2314=CARTESIAN_POINT('',(-0.0251,-0.0743169227027062,0.0248194480196479));
#2315=CARTESIAN_POINT('',(-0.0251,-0.0745997654151808,0.0251022907321225));
#2316=CARTESIAN_POINT('',(0.0295,-0.0456083873865323,0.0456083873865324));
#2317=CARTESIAN_POINT('',(0.0295,-0.0685186470969765,0.0226981276760882));
#2318=CARTESIAN_POINT('',(-0.0111,-0.0685186470969765,0.0226981276760882));
#2319=CARTESIAN_POINT('',(-2.05116188249876E-17,-0.0685186470969765,0.0226981276760882));
#2320=CARTESIAN_POINT('',(-2.08166817117217E-17,-0.0456083873865323,0.0456083873865324));
#2321=CARTESIAN_POINT('',(-2.05116188249876E-17,-0.0582655987697716,0.0329511760032931));
#2322=CARTESIAN_POINT('',(-0.0107,-0.0582655987697716,0.0329511760032931));
#2323=CARTESIAN_POINT('',(-0.0111,-0.0582655987697716,0.0329511760032931));
#2324=CARTESIAN_POINT('',(-0.0111,-0.0682358043845019,0.0229809703885628));
#2325=CARTESIAN_POINT('',(0.0115,-0.063286056916196,0.0279307178568687));
#2326=CARTESIAN_POINT('',(0.0115,-0.0647356258176284,0.0264811489554363));
#2327=CARTESIAN_POINT('',(-0.0225,-0.063286056916196,0.0279307178568687));
#2328=CARTESIAN_POINT('',(-0.0225,-0.0647356258176284,0.0264811489554363));
#2329=CARTESIAN_POINT('',(0.0115,-0.0279307178568686,0.063286056916196));
#2330=CARTESIAN_POINT('',(0.0115,-0.0293802867583011,0.0618364880147636));
#2331=CARTESIAN_POINT('',(-0.0225,-0.0279307178568686,0.063286056916196));
#2332=CARTESIAN_POINT('',(-0.0225,-0.0293802867583011,0.0618364880147636));
#2333=CARTESIAN_POINT('',(0.0141,-0.0703571247280615,0.0208596500450032));
#2334=CARTESIAN_POINT('',(0.0141,-0.0211424927574777,0.0700742820155869));
#2335=CARTESIAN_POINT('',(0.0141,-0.0700742820155869,0.0211424927574778));
#2336=CARTESIAN_POINT('',(0.0295,-0.0700742820155869,0.0211424927574778));
#2337=CARTESIAN_POINT('',(-0.0251,-0.0700742820155869,0.0211424927574778));
#2338=CARTESIAN_POINT('',(-0.0251,-0.0456083873865323,0.0456083873865324));
#2339=CARTESIAN_POINT('',(-0.0251,-0.0211424927574777,0.0700742820155869));
#2340=CARTESIAN_POINT('',(0.0145,-0.0211424927574777,0.0700742820155869));
#2341=CARTESIAN_POINT('',(-0.024,-0.032173358543988,0.063286056916196));
#2342=CARTESIAN_POINT('',(-0.024,-0.032173358543988,0.063286056916196));
#2343=CARTESIAN_POINT('',(-0.0225,-0.032173358543988,0.063286056916196));
#2344=CARTESIAN_POINT('',(-0.0251,-0.032173358543988,0.063286056916196));
#2345=CARTESIAN_POINT('',(-0.0251,-0.0342946788875476,0.0654073772597557));
#2346=CARTESIAN_POINT('',(-0.0251,-0.0340118361750729,0.0651245345472811));
#2347=CARTESIAN_POINT('',(-0.024,-0.0340118361750729,0.0651245345472811));
#2348=CARTESIAN_POINT('',(-0.0225,-0.0340118361750729,0.0651245345472811));
#2349=CARTESIAN_POINT('',(-0.0225,-0.032173358543988,0.063286056916196));
#2350=CARTESIAN_POINT('',(-0.0225,-0.0300520382004283,0.0654073772597557));
#2351=CARTESIAN_POINT('',(-0.0225,-0.0318905158315133,0.0672458548908407));
#2352=CARTESIAN_POINT('',(-0.0225,-0.0297691954879537,0.0693671752344003));
#2353=CARTESIAN_POINT('',(-0.0225,-0.0279307178568686,0.0675286976033153));
#2354=CARTESIAN_POINT('',(-0.0225,-0.0279307178568686,0.0675286976033153));
#2355=CARTESIAN_POINT('',(-0.0225,-0.0300520382004283,0.0654073772597557));
#2356=CARTESIAN_POINT('',(-0.024,-0.0279307178568686,0.0675286976033153));
#2357=CARTESIAN_POINT('',(-0.0255,-0.0297691954879537,0.0693671752344003));
#2358=CARTESIAN_POINT('',(-0.0251,-0.0297691954879537,0.0693671752344003));
#2359=CARTESIAN_POINT('',(-0.0251,-0.0279307178568686,0.0675286976033153));
#2360=CARTESIAN_POINT('',(-0.0251,-0.0279307178568686,0.0675286976033153));
#2361=CARTESIAN_POINT('',(-0.024,-0.0279307178568686,0.0675286976033153));
#2362=CARTESIAN_POINT('',(-0.0055,-0.047729707730092,0.047729707730092));
#2363=CARTESIAN_POINT('',(-0.0225,-0.0300520382004283,0.0654073772597557));
#2364=CARTESIAN_POINT('',(-0.0225,-0.0315016071018607,0.0639578083583233));
#2365=CARTESIAN_POINT('',(-0.0251,-0.032173358543988,0.063286056916196));
#2366=CARTESIAN_POINT('',(0.0115,-0.0654073772597557,0.0300520382004283));
#2367=CARTESIAN_POINT('',(0.0115,-0.063286056916196,0.032173358543988));
#2368=CARTESIAN_POINT('',(0.0115,-0.063286056916196,0.032173358543988));
#2369=CARTESIAN_POINT('',(0.0115,-0.065124534547281,0.034011836175073));
#2370=CARTESIAN_POINT('',(0.0115,-0.0672458548908407,0.0318905158315133));
#2371=CARTESIAN_POINT('',(0.0115,-0.0693671752344003,0.0297691954879537));
#2372=CARTESIAN_POINT('',(0.0115,-0.0675286976033153,0.0279307178568687));
#2373=CARTESIAN_POINT('',(0.0115,-0.0675286976033153,0.0279307178568687));
#2374=CARTESIAN_POINT('',(0.0115,-0.0654073772597557,0.0300520382004283));
#2375=CARTESIAN_POINT('',(0.013,-0.0675286976033153,0.0279307178568687));
#2376=CARTESIAN_POINT('',(0.0145,-0.0693671752344003,0.0297691954879537));
#2377=CARTESIAN_POINT('',(0.0141,-0.0693671752344003,0.0297691954879537));
#2378=CARTESIAN_POINT('',(0.0141,-0.0675286976033153,0.0279307178568687));
#2379=CARTESIAN_POINT('',(0.0141,-0.0675286976033153,0.0279307178568687));
#2380=CARTESIAN_POINT('',(0.013,-0.0675286976033153,0.0279307178568687));
#2381=CARTESIAN_POINT('',(0.013,-0.063286056916196,0.032173358543988));
#2382=CARTESIAN_POINT('',(0.013,-0.063286056916196,0.032173358543988));
#2383=CARTESIAN_POINT('',(0.0141,-0.063286056916196,0.032173358543988));
#2384=CARTESIAN_POINT('',(0.0141,-0.063286056916196,0.032173358543988));
#2385=CARTESIAN_POINT('',(0.0141,-0.0651245345472811,0.034011836175073));
#2386=CARTESIAN_POINT('',(0.013,-0.0651245345472811,0.034011836175073));
#2387=CARTESIAN_POINT('',(-0.0055,-0.047729707730092,0.047729707730092));
#2388=CARTESIAN_POINT('',(0.0115,-0.0654073772597557,0.0300520382004283));
#2389=CARTESIAN_POINT('',(0.0115,-0.0668569461611881,0.0286024692989959));
#2390=CARTESIAN_POINT('',(0.0141,-0.047729707730092,0.047729707730092));
#2391=CARTESIAN_POINT('',(-0.0225,-0.0654073772597557,0.0300520382004283));
#2392=CARTESIAN_POINT('',(-0.0225,-0.0675286976033153,0.0279307178568687));
#2393=CARTESIAN_POINT('',(-0.0225,-0.0675286976033153,0.0279307178568687));
#2394=CARTESIAN_POINT('',(-0.0225,-0.0693671752344003,0.0297691954879537));
#2395=CARTESIAN_POINT('',(-0.0225,-0.0672458548908407,0.0318905158315133));
#2396=CARTESIAN_POINT('',(-0.0225,-0.065124534547281,0.034011836175073));
#2397=CARTESIAN_POINT('',(-0.0225,-0.063286056916196,0.032173358543988));
#2398=CARTESIAN_POINT('',(-0.0225,-0.063286056916196,0.032173358543988));
#2399=CARTESIAN_POINT('',(-0.0225,-0.0654073772597557,0.0300520382004283));
#2400=CARTESIAN_POINT('',(-0.024,-0.063286056916196,0.032173358543988));
#2401=CARTESIAN_POINT('',(-0.0255,-0.065124534547281,0.034011836175073));
#2402=CARTESIAN_POINT('',(-0.0251,-0.065124534547281,0.034011836175073));
#2403=CARTESIAN_POINT('',(-0.0251,-0.063286056916196,0.032173358543988));
#2404=CARTESIAN_POINT('',(-0.0251,-0.063286056916196,0.032173358543988));
#2405=CARTESIAN_POINT('',(-0.024,-0.063286056916196,0.032173358543988));
#2406=CARTESIAN_POINT('',(-0.024,-0.0675286976033153,0.0279307178568687));
#2407=CARTESIAN_POINT('',(-0.024,-0.0675286976033153,0.0279307178568687));
#2408=CARTESIAN_POINT('',(-0.0251,-0.0675286976033153,0.0279307178568687));
#2409=CARTESIAN_POINT('',(-0.0251,-0.069650017946875,0.0300520382004283));
#2410=CARTESIAN_POINT('',(-0.0251,-0.0693671752344003,0.0297691954879537));
#2411=CARTESIAN_POINT('',(-0.024,-0.0693671752344003,0.0297691954879537));
#2412=CARTESIAN_POINT('',(-0.0055,-0.047729707730092,0.047729707730092));
#2413=CARTESIAN_POINT('',(-0.0225,-0.0654073772597557,0.0300520382004283));
#2414=CARTESIAN_POINT('',(-0.0225,-0.0668569461611881,0.0286024692989959));
#2415=CARTESIAN_POINT('',(-0.0251,-0.0675286976033153,0.0279307178568687));
#2416=CARTESIAN_POINT('',(0.0115,-0.0300520382004283,0.0654073772597557));
#2417=CARTESIAN_POINT('',(0.0115,-0.0279307178568686,0.0675286976033153));
#2418=CARTESIAN_POINT('',(0.0115,-0.0279307178568686,0.0675286976033153));
#2419=CARTESIAN_POINT('',(0.0115,-0.0297691954879537,0.0693671752344003));
#2420=CARTESIAN_POINT('',(0.0115,-0.0318905158315133,0.0672458548908407));
#2421=CARTESIAN_POINT('',(0.0115,-0.0340118361750729,0.0651245345472811));
#2422=CARTESIAN_POINT('',(0.0115,-0.0321733585439879,0.063286056916196));
#2423=CARTESIAN_POINT('',(0.0115,-0.0321733585439879,0.063286056916196));
#2424=CARTESIAN_POINT('',(0.0115,-0.0300520382004283,0.0654073772597557));
#2425=CARTESIAN_POINT('',(0.013,-0.032173358543988,0.063286056916196));
#2426=CARTESIAN_POINT('',(0.0145,-0.0340118361750729,0.065124534547281));
#2427=CARTESIAN_POINT('',(0.0141,-0.0340118361750729,0.065124534547281));
#2428=CARTESIAN_POINT('',(0.0141,-0.032173358543988,0.063286056916196));
#2429=CARTESIAN_POINT('',(0.0141,-0.032173358543988,0.063286056916196));
#2430=CARTESIAN_POINT('',(0.013,-0.032173358543988,0.063286056916196));
#2431=CARTESIAN_POINT('',(0.013,-0.0279307178568686,0.0675286976033153));
#2432=CARTESIAN_POINT('',(0.013,-0.0279307178568686,0.0675286976033153));
#2433=CARTESIAN_POINT('',(0.0141,-0.0279307178568686,0.0675286976033153));
#2434=CARTESIAN_POINT('',(0.0141,-0.0279307178568686,0.0675286976033153));
#2435=CARTESIAN_POINT('',(0.0141,-0.0297691954879537,0.0693671752344003));
#2436=CARTESIAN_POINT('',(0.013,-0.0297691954879537,0.0693671752344003));
#2437=CARTESIAN_POINT('',(-0.0055,-0.047729707730092,0.047729707730092));
#2438=CARTESIAN_POINT('',(0.0115,-0.0300520382004283,0.0654073772597557));
#2439=CARTESIAN_POINT('',(0.0115,-0.0315016071018607,0.0639578083583233));
#2440=CARTESIAN_POINT('',(0.0141,-0.047729707730092,0.047729707730092));
#2441=CARTESIAN_POINT('',(-0.00555,-0.0668215908221288,0.0215667568261897));
#2442=CARTESIAN_POINT('',(-0.000400000000000011,-0.0668215908221288,0.0215667568261897));
#2443=CARTESIAN_POINT('',(-0.000400000000000011,-0.0671044335346034,0.0218495995386644));
#2444=CARTESIAN_POINT('',(-0.000400000000000011,-0.0679529616720273,0.0226981276760882));
#2445=CARTESIAN_POINT('',(-0.00555,-0.0679529616720273,0.0226981276760882));
#2446=CARTESIAN_POINT('',(-0.0107,-0.0679529616720273,0.0226981276760882));
#2447=CARTESIAN_POINT('',(-0.0107,-0.0668215908221288,0.0215667568261897));
#2448=CARTESIAN_POINT('',(-0.0107,-0.0671044335346034,0.0218495995386644));
#2449=CARTESIAN_POINT('',(-0.00555,-0.0671044335346034,0.0218495995386644));
#2450=CARTESIAN_POINT('',(-0.0107,-0.0619779093710009,0.0264104382773176));
#2451=CARTESIAN_POINT('',(-0.0107,-0.0582655987697716,0.0323854905783439));
#2452=CARTESIAN_POINT('',(-0.0107,-0.0582655987697716,0.0323854905783439));
#2453=CARTESIAN_POINT('',(-0.0107,-0.0571342279198731,0.0312541197284454));
#2454=CARTESIAN_POINT('',(-0.0107,-0.0574170706323477,0.0315369624409201));
#2455=CARTESIAN_POINT('',(-0.0107,-0.0671044335346034,0.0218495995386644));
#2456=CARTESIAN_POINT('',(-0.00555,-0.0571342279198731,0.0312541197284454));
#2457=CARTESIAN_POINT('',(-0.000400000000000012,-0.0582655987697716,0.0323854905783439));
#2458=CARTESIAN_POINT('',(-0.000400000000000011,-0.0582655987697716,0.0323854905783439));
#2459=CARTESIAN_POINT('',(-0.000400000000000011,-0.0571342279198731,0.0312541197284454));
#2460=CARTESIAN_POINT('',(-0.000400000000000011,-0.0574170706323477,0.0315369624409201));
#2461=CARTESIAN_POINT('',(-0.0107,-0.0574170706323477,0.0315369624409201));
#2462=CARTESIAN_POINT('',(-0.000400000000000011,-0.0619779093710009,0.0264104382773176));
#2463=CARTESIAN_POINT('',(-0.000400000000000011,-0.0631092802208994,0.027541809127216));
#2464=CARTESIAN_POINT('',(-0.000400000000000011,-0.0622607520834755,0.0266932809897922));
#2465=CARTESIAN_POINT('',(-0.0055,-0.0441941738241593,0.0441941738241593));
#2466=CARTESIAN_POINT('',(-0.000400000000000011,-0.0574170706323477,0.0309712770159708));
#2467=CARTESIAN_POINT('',(-0.0103,-0.0574170706323477,0.0309712770159708));
#2468=CARTESIAN_POINT('',(-0.0008,-0.0574170706323477,0.0309712770159708));
#2469=CARTESIAN_POINT('',(-0.0008,-0.0441941738241593,0.0441941738241593));
#2470=CARTESIAN_POINT('',(-0.0008,-0.0665387481096542,0.0218495995386643));
#2471=CARTESIAN_POINT('',(-0.0055,-0.0665387481096542,0.0218495995386643));
#2472=CARTESIAN_POINT('',(-0.0103,-0.0665387481096542,0.0218495995386643));
#2473=CARTESIAN_POINT('',(-0.0103,-0.0571342279198731,0.0312541197284454));
#2474=CARTESIAN_POINT('',(-0.0107,-0.0631092802208994,0.027541809127216));
#2475=CARTESIAN_POINT('',(-0.00898333333333332,-0.0582655987697716,0.0299577572962701));
#2476=CARTESIAN_POINT('',(-0.00841666666666666,-0.0647238407046087,0.0226981276760882));
#2477=CARTESIAN_POINT('',(0.0295,-0.0685186470969765,0.0226981276760882));
#2478=CARTESIAN_POINT('',(0.00983333333333326,-0.0824250804603119,0.0226981276760881));
#2479=CARTESIAN_POINT('',(-0.00555,-0.0582655987697716,0.0323854905783439));
#2480=CARTESIAN_POINT('',(-0.00211666666666669,-0.0582655987697716,0.0299577572962701));
#2481=CARTESIAN_POINT('',(-2.08166817117217E-17,-0.0456083873865323,0.0456083873865324));
#2482=CARTESIAN_POINT('',(-0.0103,-0.0441941738241593,0.0441941738241593));
#2483=CARTESIAN_POINT('',(-0.0087,-0.0574170706323477,0.0287085353161739));
#2484=CARTESIAN_POINT('',(0.000233333333333216,-0.0516423652526578,0.0218495995386641));
#2485=CARTESIAN_POINT('',(-0.00555,-0.0671044335346034,0.0218495995386644));
#2486=CARTESIAN_POINT('',(-0.00211666666666669,-0.0646767002525296,0.0218495995386643));
#2487=CARTESIAN_POINT('',(-0.0055,-0.0574170706323477,0.0309712770159708));
#2488=CARTESIAN_POINT('',(-0.00236666666666665,-0.0574170706323477,0.028755675768253));
#2489=CARTESIAN_POINT('',(-0.000400000000000011,-0.0622607520834755,0.0266932809897922));
#2490=CARTESIAN_POINT('',(-0.0251,-0.0498510280736516,0.0498510280736517));
#2491=CARTESIAN_POINT('',(-0.0255,-0.0342946788875476,0.0648416918348064));
#2492=CARTESIAN_POINT('',(-0.0251,-0.065124534547281,0.0345775216000222));
#2493=CARTESIAN_POINT('',(-0.0255,-0.0342946788875476,0.0648416918348064));
#2494=CARTESIAN_POINT('',(-0.0255,-0.0342946788875476,0.0648416918348064));
#2495=CARTESIAN_POINT('',(-0.0251,-0.0342946788875476,0.065124534547281));
#2496=CARTESIAN_POINT('',(-0.0251,-0.065124534547281,0.0345775216000222));
#2497=CARTESIAN_POINT('',(-0.0251,-0.065124534547281,0.0345775216000222));
#2498=CARTESIAN_POINT('',(-0.0253,-0.0649831131910437,0.0341532575313103));
#2499=CARTESIAN_POINT('',(0.0295,-0.0345775216000222,0.065124534547281));
#2500=CARTESIAN_POINT('',(-0.0225,-0.0340118361750729,0.0651245345472811));
#2501=CARTESIAN_POINT('',(-0.0251,-0.032173358543988,0.063286056916196));
#2502=CARTESIAN_POINT('',(-0.0251,-0.032173358543988,0.063286056916196));
#2503=CARTESIAN_POINT('',(-0.0255,-0.065124534547281,0.0345775216000222));
#2504=CARTESIAN_POINT('',(-0.0243666666666667,-0.0643231468619363,0.032173358543988));
#2505=CARTESIAN_POINT('',(-0.024,-0.065124534547281,0.034011836175073));
#2506=CARTESIAN_POINT('',(-0.0225,-0.065124534547281,0.0345775216000222));
#2507=CARTESIAN_POINT('',(-0.0225,-0.0318905158315133,0.0672458548908407));
#2508=CARTESIAN_POINT('',(-0.0225,-0.0297691954879537,0.0693671752344003));
#2509=CARTESIAN_POINT('',(-0.0251,-0.047729707730092,0.047729707730092));
#2510=CARTESIAN_POINT('',(-0.0157666666666667,-0.0411300444390172,0.0675286976033154));
#2511=CARTESIAN_POINT('',(-0.0251,-0.047729707730092,0.047729707730092));
#2512=CARTESIAN_POINT('',(-0.0157666666666667,-0.0675286976033154,0.0411300444390174));
#2513=CARTESIAN_POINT('',(-0.0225,-0.0675286976033153,0.032173358543988));
#2514=CARTESIAN_POINT('',(-0.0225,-0.0699328606593496,0.0297691954879537));
#2515=CARTESIAN_POINT('',(-0.024,-0.0297691954879537,0.0693671752344003));
#2516=CARTESIAN_POINT('',(-0.0251,-0.0297691954879537,0.0699328606593496));
#2517=CARTESIAN_POINT('',(-0.0255,-0.0297691954879537,0.0699328606593496));
#2518=CARTESIAN_POINT('',(-0.0253,-0.0296277741317163,0.0695085965906376));
#2519=CARTESIAN_POINT('',(-0.0255,-0.0458912300990069,0.045891230099007));
#2520=CARTESIAN_POINT('',(-0.0255,-0.0703571247280615,0.0214253354699524));
#2521=CARTESIAN_POINT('',(-0.0251,-0.0211424927574777,0.0700742820155869));
#2522=CARTESIAN_POINT('',(-0.0251,-0.0675286976033153,0.0279307178568687));
#2523=CARTESIAN_POINT('',(-0.0255,-0.0696500179468749,0.0294863527754791));
#2524=CARTESIAN_POINT('',(0.0295,-0.0699328606593496,0.0297691954879537));
#2525=CARTESIAN_POINT('',(-0.0251,-0.069650017946875,0.0297691954879537));
#2526=CARTESIAN_POINT('',(-0.0251,-0.0297691954879537,0.0699328606593496));
#2527=CARTESIAN_POINT('',(-0.0251,-0.0297691954879537,0.0699328606593496));
#2528=CARTESIAN_POINT('',(-0.0251,-0.0211424927574777,0.0700742820155869));
#2529=CARTESIAN_POINT('',(-0.0251,-0.0211424927574777,0.0700742820155869));
#2530=CARTESIAN_POINT('',(-0.0253,-0.021283914113715,0.0704985460842988));
#2531=CARTESIAN_POINT('',(-0.0255,-0.0703571247280615,0.0214253354699524));
#2532=CARTESIAN_POINT('',(-0.0255,-0.0703571247280615,0.0214253354699524));
#2533=CARTESIAN_POINT('',(-0.0251,-0.0703571247280615,0.0211424927574778));
#2534=CARTESIAN_POINT('',(-0.0255,-0.069650017946875,0.0294863527754791));
#2535=CARTESIAN_POINT('',(-0.0255,-0.069650017946875,0.0294863527754791));
#2536=CARTESIAN_POINT('',(-0.0251,-0.0498510280736516,0.0498510280736517));
#2537=CARTESIAN_POINT('',(-0.0255,-0.0251022907321225,0.0740340799902316));
#2538=CARTESIAN_POINT('',(-0.0255,-0.025385133444597,0.0743169227027062));
#2539=CARTESIAN_POINT('',(-0.0255,-0.0251022907321225,0.0740340799902316));
#2540=CARTESIAN_POINT('',(0.0295,-0.0211424927574777,0.0700742820155869));
#2541=CARTESIAN_POINT('',(0.0141,-0.0211424927574777,0.0703571247280615));
#2542=CARTESIAN_POINT('',(0.0141,-0.0456083873865323,0.0456083873865324));
#2543=CARTESIAN_POINT('',(0.0141,-0.0700742820155869,0.0211424927574778));
#2544=CARTESIAN_POINT('',(0.0145,-0.0214253354699524,0.0703571247280615));
#2545=CARTESIAN_POINT('',(0.0785,-0.0706399674405361,0.0211424927574778));
#2546=CARTESIAN_POINT('',(0.0141,-0.0700742820155869,0.0211424927574778));
#2547=CARTESIAN_POINT('',(-0.0251,-0.0745997654151808,0.0251022907321225));
#2548=CARTESIAN_POINT('',(-0.0253,-0.0741755013464688,0.0249608693758852));
#2549=CARTESIAN_POINT('',(-0.0251,-0.0498510280736516,0.0498510280736517));
#2550=CARTESIAN_POINT('',(-0.0251,-0.0743169227027062,0.0253851334445971));
#2551=CARTESIAN_POINT('',(-0.0255,-0.0251022907321225,0.0740340799902316));
#2552=CARTESIAN_POINT('',(-0.0251,-0.0251022907321225,0.0743169227027062));
#2553=CARTESIAN_POINT('',(0.0145,-0.0214253354699524,0.0703571247280615));
#2554=CARTESIAN_POINT('',(0.0145,-0.0214253354699524,0.0703571247280615));
#2555=CARTESIAN_POINT('',(0.0141,-0.0700742820155869,0.0211424927574778));
#2556=CARTESIAN_POINT('',(0.0143,-0.0704985460842988,0.0212839141137151));
#2557=CARTESIAN_POINT('',(-0.0251,-0.0743169227027062,0.0253851334445971));
#2558=CARTESIAN_POINT('',(-0.0251,-0.0743169227027062,0.0253851334445971));
#2559=CARTESIAN_POINT('',(-0.0055,-0.0248194480196478,0.0743169227027062));
#2560=CARTESIAN_POINT('',(0.0141,-0.025385133444597,0.0743169227027062));
#2561=CARTESIAN_POINT('',(0.0141,-0.0251022907321225,0.0745997654151808));
#2562=CARTESIAN_POINT('',(0.0143,-0.0249608693758851,0.0741755013464688));
#2563=CARTESIAN_POINT('',(0.0145,-0.0743169227027062,0.0253851334445971));
#2564=CARTESIAN_POINT('',(0.0145,-0.0740340799902316,0.0251022907321225));
#2565=CARTESIAN_POINT('',(0.0295,-0.0743169227027062,0.0253851334445971));
#2566=CARTESIAN_POINT('',(0.0141,-0.0743169227027062,0.0251022907321225));
#2567=CARTESIAN_POINT('',(0.0141,-0.025385133444597,0.0743169227027062));
#2568=CARTESIAN_POINT('',(0.0141,-0.025385133444597,0.0743169227027062));
#2569=CARTESIAN_POINT('',(0.0145,-0.0740340799902316,0.0251022907321225));
#2570=CARTESIAN_POINT('',(0.0145,-0.0740340799902316,0.0251022907321225));
#2571=CARTESIAN_POINT('',(0.0145,-0.049568185361177,0.049568185361177));
#2572=CARTESIAN_POINT('',(0.0145,-0.029486352775479,0.069650017946875));
#2573=CARTESIAN_POINT('',(0.0145,-0.049568185361177,0.049568185361177));
#2574=CARTESIAN_POINT('',(0.0141,-0.0699328606593496,0.0297691954879537));
#2575=CARTESIAN_POINT('',(0.0145,-0.029486352775479,0.069650017946875));
#2576=CARTESIAN_POINT('',(0.0145,-0.029486352775479,0.069650017946875));
#2577=CARTESIAN_POINT('',(0.0141,-0.0297691954879537,0.069650017946875));
#2578=CARTESIAN_POINT('',(0.0141,-0.0699328606593496,0.0297691954879537));
#2579=CARTESIAN_POINT('',(0.0141,-0.0699328606593496,0.0297691954879537));
#2580=CARTESIAN_POINT('',(0.0143,-0.0695085965906376,0.0296277741317164));
#2581=CARTESIAN_POINT('',(0.0295,-0.0297691954879537,0.0699328606593496));
#2582=CARTESIAN_POINT('',(0.0115,-0.0297691954879537,0.0693671752344003));
#2583=CARTESIAN_POINT('',(0.0141,-0.0279307178568686,0.0675286976033153));
#2584=CARTESIAN_POINT('',(0.00503333333333327,-0.0407529208223846,0.0675286976033153));
#2585=CARTESIAN_POINT('',(0.0145,-0.0699328606593496,0.0297691954879537));
#2586=CARTESIAN_POINT('',(0.0133666666666666,-0.0675286976033153,0.0289678078026089));
#2587=CARTESIAN_POINT('',(0.013,-0.0693671752344003,0.0297691954879537));
#2588=CARTESIAN_POINT('',(0.0115,-0.0699328606593496,0.0297691954879537));
#2589=CARTESIAN_POINT('',(0.0115,-0.0321733585439879,0.0675286976033153));
#2590=CARTESIAN_POINT('',(0.0115,-0.0340118361750729,0.0651245345472811));
#2591=CARTESIAN_POINT('',(0.0145,-0.0474468650176174,0.0474468650176174));
#2592=CARTESIAN_POINT('',(0.0133666666666666,-0.032173358543988,0.0643231468619363));
#2593=CARTESIAN_POINT('',(0.0145,-0.0474468650176174,0.0474468650176174));
#2594=CARTESIAN_POINT('',(0.0217,-0.0525380338421607,0.0321733585439878));
#2595=CARTESIAN_POINT('',(0.0115,-0.0672458548908407,0.0318905158315133));
#2596=CARTESIAN_POINT('',(0.0115,-0.065124534547281,0.0345775216000222));
#2597=CARTESIAN_POINT('',(0.013,-0.0340118361750729,0.065124534547281));
#2598=CARTESIAN_POINT('',(0.0141,-0.0345775216000222,0.065124534547281));
#2599=CARTESIAN_POINT('',(0.0145,-0.0345775216000222,0.0651245345472811));
#2600=CARTESIAN_POINT('',(0.0143,-0.0341532575313103,0.0649831131910437));
#2601=CARTESIAN_POINT('',(0.0141,-0.063286056916196,0.032173358543988));
#2602=CARTESIAN_POINT('',(0.0145,-0.0648416918348064,0.0342946788875476));
#2603=CARTESIAN_POINT('',(0.0295,-0.0651245345472811,0.0345775216000222));
#2604=CARTESIAN_POINT('',(0.0141,-0.0651245345472811,0.0342946788875476));
#2605=CARTESIAN_POINT('',(0.0141,-0.0345775216000222,0.065124534547281));
#2606=CARTESIAN_POINT('',(0.0141,-0.0345775216000222,0.065124534547281));
#2607=CARTESIAN_POINT('',(0.0145,-0.0648416918348064,0.0342946788875476));
#2608=CARTESIAN_POINT('',(0.0145,-0.0648416918348064,0.0342946788875476));
#2609=CARTESIAN_POINT('',(0.0145,-0.049568185361177,0.049568185361177));
#2610=CARTESIAN_POINT('',(0.0115,-0.065124534547281,0.0297691954879537));
#2611=CARTESIAN_POINT('',(-0.0225,-0.065124534547281,0.0297691954879537));
#2612=CARTESIAN_POINT('',(0.0115,-0.0297691954879537,0.0651245345472811));
#2613=CARTESIAN_POINT('',(-0.0225,-0.0297691954879537,0.0651245345472811));
#2614=CARTESIAN_POINT('',(0.0115,-0.063286056916196,0.0279307178568687));
#2615=CARTESIAN_POINT('',(-0.0225,-0.063286056916196,0.0279307178568687));
#2616=CARTESIAN_POINT('',(0.0115,-0.0279307178568686,0.063286056916196));
#2617=CARTESIAN_POINT('',(-0.0225,-0.0279307178568686,0.063286056916196));
#2618=MECHANICAL_DESIGN_GEOMETRIC_PRESENTATION_REPRESENTATION('',(#1599),
#2619);
#2619=(
GEOMETRIC_REPRESENTATION_CONTEXT(3)
GLOBAL_UNCERTAINTY_ASSIGNED_CONTEXT((#2620))
GLOBAL_UNIT_ASSIGNED_CONTEXT((#2623,#2622,#2621))
REPRESENTATION_CONTEXT('USB_Cover','TOP_LEVEL_ASSEMBLY_PART')
);
#2620=UNCERTAINTY_MEASURE_WITH_UNIT(LENGTH_MEASURE(1.E-8),#2623,
'DISTANCE_ACCURACY_VALUE','Maximum Tolerance applied to model');
#2621=(
NAMED_UNIT(*)
SI_UNIT($,.STERADIAN.)
SOLID_ANGLE_UNIT()
);
#2622=(
NAMED_UNIT(*)
PLANE_ANGLE_UNIT()
SI_UNIT($,.RADIAN.)
);
#2623=(
LENGTH_UNIT()
NAMED_UNIT(*)
SI_UNIT($,.METRE.)
);
#2624=PRODUCT_DEFINITION_SHAPE('','',#2625);
#2625=PRODUCT_DEFINITION('','',#2627,#2626);
#2626=PRODUCT_DEFINITION_CONTEXT('',#2633,'design');
#2627=PRODUCT_DEFINITION_FORMATION_WITH_SPECIFIED_SOURCE('','',#2629,
 .NOT_KNOWN.);
#2628=PRODUCT_RELATED_PRODUCT_CATEGORY('','',(#2629));
#2629=PRODUCT('USB_Cover','USB_Cover','USB_Cover',(#2631));
#2630=PRODUCT_CATEGORY('','');
#2631=PRODUCT_CONTEXT('',#2633,'mechanical');
#2632=APPLICATION_PROTOCOL_DEFINITION('international standard',
'ap242_managed_model_based_3d_engineering',2020,#2633);
#2633=APPLICATION_CONTEXT('managed model based 3d engineering');
ENDSEC;
END-ISO-10303-21;
